branch_key,action_sha256,action_type,child_sequence_sha256,baseline_role,parent_sequence_sha256,metric_name,metric_kind,comparable,reason,direction,unit,parent_value,child_value,raw_delta_child_minus_parent,improvement_delta,changed,delta_sha256
vegfa,cc82bcd04e3fa505022539a47f673cfbccfd79f4adf41561e2ed469b1d9cd8f3,masked_substitution,231dffef06c9d7158abda88f3fb11ae036505103c251f815f908ed89806dbc43,primary_parent,02e6e8a9041d1f5e02ded66ace7f1bf8353933cb460554f7d6d4f7827ee851e3,amp_read_log10_mic_um,numeric,true,same_frozen_numeric_contract,minimize,log10(uM),0.8502392420270765,0.7855429844927447,-0.06469625753433172,0.06469625753433172,true,419ca58a5d54b14b8414f158f9c394095e67fe0b05bc6336b6069ff76c4e79b4
vegfa,cc82bcd04e3fa505022539a47f673cfbccfd79f4adf41561e2ed469b1d9cd8f3,masked_substitution,231dffef06c9d7158abda88f3fb11ae036505103c251f815f908ed89806dbc43,primary_parent,02e6e8a9041d1f5e02ded66ace7f1bf8353933cb460554f7d6d4f7827ee851e3,guruprasad_instability_index,numeric,true,same_frozen_numeric_contract,minimize,index,-9.308695652173913,-10.982609,-1.6739133478260868,1.6739133478260868,true,1328be51d54c5b5e34aa295ea5c14e2b6aefbc3842d572996ae68885786ec027
vegfa,cc82bcd04e3fa505022539a47f673cfbccfd79f4adf41561e2ed469b1d9cd8f3,masked_substitution,231dffef06c9d7158abda88f3fb11ae036505103c251f815f908ed89806dbc43,primary_parent,02e6e8a9041d1f5e02ded66ace7f1bf8353933cb460554f7d6d4f7827ee851e3,hydrophobic_moment_eisenberg,numeric,false,audit_metric_has_no_monotonic_improvement_direction,audit,dimensionless,0.14056582796750103,0.12847480205041958,-0.012091025917081444,,true,fe5d16cc5468645fc0e7885988ec2c291ae21ff5d296d2591c8fe37d38639b5b
vegfa,cc82bcd04e3fa505022539a47f673cfbccfd79f4adf41561e2ed469b1d9cd8f3,masked_substitution,231dffef06c9d7158abda88f3fb11ae036505103c251f815f908ed89806dbc43,primary_parent,02e6e8a9041d1f5e02ded66ace7f1bf8353933cb460554f7d6d4f7827ee851e3,hydrophobic_ratio_modlamp,numeric,false,audit_metric_has_no_monotonic_improvement_direction,audit,fraction,0.2608695652173913,0.2608695652173913,0.0,,false,cd9b8326549b899e55c2da5b7363422acd7be3b7c188f604d4a82d739aea2e6a
vegfa,cc82bcd04e3fa505022539a47f673cfbccfd79f4adf41561e2ed469b1d9cd8f3,masked_substitution,231dffef06c9d7158abda88f3fb11ae036505103c251f815f908ed89806dbc43,primary_parent,02e6e8a9041d1f5e02ded66ace7f1bf8353933cb460554f7d6d4f7827ee851e3,llamp_log10_mic_um,numeric,true,same_frozen_numeric_contract,minimize,log10(uM),1.3610467910766602,1.6000460386276245,0.23899924755096436,-0.23899924755096436,true,2004a1653d6e91df2dd651e25e793fd7e4e031cbcf54760c5f20024d5a0023bb
vegfa,cc82bcd04e3fa505022539a47f673cfbccfd79f4adf41561e2ed469b1d9cd8f3,masked_substitution,231dffef06c9d7158abda88f3fb11ae036505103c251f815f908ed89806dbc43,primary_parent,02e6e8a9041d1f5e02ded66ace7f1bf8353933cb460554f7d6d4f7827ee851e3,macrel_amp_probability,numeric,true,same_frozen_numeric_contract,maximize,probability,0.584,0.491,-0.09299999999999997,-0.09299999999999997,true,42637464a4b68edaafa7c2a0253a3e1bf2c18300edcf5df367e7480972545501
vegfa,cc82bcd04e3fa505022539a47f673cfbccfd79f4adf41561e2ed469b1d9cd8f3,masked_substitution,231dffef06c9d7158abda88f3fb11ae036505103c251f815f908ed89806dbc43,primary_parent,02e6e8a9041d1f5e02ded66ace7f1bf8353933cb460554f7d6d4f7827ee851e3,macrel_hemolysis_label,categorical,true,same_frozen_label_contract,audit,label,low,low,,,false,619644bb8a75cb1f5532f6fa40bba8e3874dfdf0c6c2986f78cfb41a74b2560e
vegfa,cc82bcd04e3fa505022539a47f673cfbccfd79f4adf41561e2ed469b1d9cd8f3,masked_substitution,231dffef06c9d7158abda88f3fb11ae036505103c251f815f908ed89806dbc43,primary_parent,02e6e8a9041d1f5e02ded66ace7f1bf8353933cb460554f7d6d4f7827ee851e3,macrel_hemolysis_probability,numeric,true,same_frozen_numeric_contract,minimize,probability,0.465,0.446,-0.019000000000000017,0.019000000000000017,true,51c4c49c14c1b652cac7781c70f9a07230d74c0e64562a21fcb133adf4042efd
vegfa,cc82bcd04e3fa505022539a47f673cfbccfd79f4adf41561e2ed469b1d9cd8f3,masked_substitution,231dffef06c9d7158abda88f3fb11ae036505103c251f815f908ed89806dbc43,primary_parent,02e6e8a9041d1f5e02ded66ace7f1bf8353933cb460554f7d6d4f7827ee851e3,maximum_hydrophobic_run,numeric,true,same_frozen_numeric_contract,minimize,residues,2.0,2.0,0.0,-0.0,false,44d93c476d4247288b29d0c6359546f2e0f50903161a74c28bf992f597e54971
vegfa,cc82bcd04e3fa505022539a47f673cfbccfd79f4adf41561e2ed469b1d9cd8f3,masked_substitution,231dffef06c9d7158abda88f3fb11ae036505103c251f815f908ed89806dbc43,primary_parent,02e6e8a9041d1f5e02ded66ace7f1bf8353933cb460554f7d6d4f7827ee851e3,net_charge_ph7_4,numeric,false,audit_metric_has_no_monotonic_improvement_direction,audit,elementary_charge,6.112,7.112,1.0,,true,942ef2bdb5824d6d374dbc676819fd4a98cbed11265f2f701f6fed106b40ed3e
vegfa,cc82bcd04e3fa505022539a47f673cfbccfd79f4adf41561e2ed469b1d9cd8f3,masked_substitution,231dffef06c9d7158abda88f3fb11ae036505103c251f815f908ed89806dbc43,primary_parent,02e6e8a9041d1f5e02ded66ace7f1bf8353933cb460554f7d6d4f7827ee851e3,toxinpred3_hybrid_score,numeric,true,same_frozen_numeric_contract,minimize,dimensionless,0.0,0.0,0.0,-0.0,false,2497232fd18affeba00903a8898485af38dc2d7855f52443e3674e0f09d30a0c
vegfa,cc82bcd04e3fa505022539a47f673cfbccfd79f4adf41561e2ed469b1d9cd8f3,masked_substitution,231dffef06c9d7158abda88f3fb11ae036505103c251f815f908ed89806dbc43,primary_parent,02e6e8a9041d1f5e02ded66ace7f1bf8353933cb460554f7d6d4f7827ee851e3,toxinpred3_label,categorical,true,same_frozen_label_contract,audit,label,Non-Toxin,Non-Toxin,,,false,55e6a28049e6a8325fc86814ba52e6a4a5848d343c31e0d85e49dad8a3f61737
vegfa,77b728ceac87cc7e17318dc57d31aed9e0a084a6f0ed12c73050e65dae7fbf3c,controlled_crossover,d93d4da1e1b35b307e932c5e7f8a2ec550c47be05cf7a975c49daf34057500cc,primary_parent,dd641bf4505cafd6d07b207294bb7fca3279c06b4dc2c807dd8a0399ce77128d,amp_read_log10_mic_um,numeric,true,same_frozen_numeric_contract,minimize,log10(uM),1.3815580984922229,1.4502693309771608,0.06871123248493793,-0.06871123248493793,true,ba9e4ec45cfd8965f3672dfe09c9a92b2803fa8b90091115e41d06df1fd5db9b
vegfa,77b728ceac87cc7e17318dc57d31aed9e0a084a6f0ed12c73050e65dae7fbf3c,controlled_crossover,d93d4da1e1b35b307e932c5e7f8a2ec550c47be05cf7a975c49daf34057500cc,primary_parent,dd641bf4505cafd6d07b207294bb7fca3279c06b4dc2c807dd8a0399ce77128d,guruprasad_instability_index,numeric,true,same_frozen_numeric_contract,minimize,index,8.988461538461536,20.611538,11.623076461538464,-11.623076461538464,true,611abf423a71f017ecebce26dcf56be48768039988ac161b97953d5a53460b65
vegfa,77b728ceac87cc7e17318dc57d31aed9e0a084a6f0ed12c73050e65dae7fbf3c,controlled_crossover,d93d4da1e1b35b307e932c5e7f8a2ec550c47be05cf7a975c49daf34057500cc,primary_parent,dd641bf4505cafd6d07b207294bb7fca3279c06b4dc2c807dd8a0399ce77128d,hydrophobic_moment_eisenberg,numeric,false,audit_metric_has_no_monotonic_improvement_direction,audit,dimensionless,0.11206580949290935,0.12431895343056042,0.012253143937651062,,true,c4f603d320fd9055c9290e858b4c362265ccb78582c5e9d115534cea002a3092
vegfa,77b728ceac87cc7e17318dc57d31aed9e0a084a6f0ed12c73050e65dae7fbf3c,controlled_crossover,d93d4da1e1b35b307e932c5e7f8a2ec550c47be05cf7a975c49daf34057500cc,primary_parent,dd641bf4505cafd6d07b207294bb7fca3279c06b4dc2c807dd8a0399ce77128d,hydrophobic_ratio_modlamp,numeric,false,audit_metric_has_no_monotonic_improvement_direction,audit,fraction,0.07692307692307693,0.038461538461538464,-0.038461538461538464,,true,e50e46b77742de2deb7502a88efcf3c9254524310fff0bae052888b586e65304
vegfa,77b728ceac87cc7e17318dc57d31aed9e0a084a6f0ed12c73050e65dae7fbf3c,controlled_crossover,d93d4da1e1b35b307e932c5e7f8a2ec550c47be05cf7a975c49daf34057500cc,primary_parent,dd641bf4505cafd6d07b207294bb7fca3279c06b4dc2c807dd8a0399ce77128d,llamp_log10_mic_um,numeric,true,same_frozen_numeric_contract,minimize,log10(uM),0.6327211856842041,0.9197607040405273,0.28703951835632324,-0.28703951835632324,true,5656576968a21aac5410e566fb100e455558bc95635037daa1b4c2939d0a168d
vegfa,77b728ceac87cc7e17318dc57d31aed9e0a084a6f0ed12c73050e65dae7fbf3c,controlled_crossover,d93d4da1e1b35b307e932c5e7f8a2ec550c47be05cf7a975c49daf34057500cc,primary_parent,dd641bf4505cafd6d07b207294bb7fca3279c06b4dc2c807dd8a0399ce77128d,macrel_amp_probability,numeric,true,same_frozen_numeric_contract,maximize,probability,0.564,0.485,-0.07899999999999996,-0.07899999999999996,true,37033964979fcad4bdab29181b6aecab02ab04593a461e21c624fab910eb50cf
vegfa,77b728ceac87cc7e17318dc57d31aed9e0a084a6f0ed12c73050e65dae7fbf3c,controlled_crossover,d93d4da1e1b35b307e932c5e7f8a2ec550c47be05cf7a975c49daf34057500cc,primary_parent,dd641bf4505cafd6d07b207294bb7fca3279c06b4dc2c807dd8a0399ce77128d,macrel_hemolysis_label,categorical,true,same_frozen_label_contract,audit,label,low,high,,,true,10fd3ec26052e6d05fb6e83de4a644ce5ad57a55500896e0adc61c7ab76a99ff
vegfa,77b728ceac87cc7e17318dc57d31aed9e0a084a6f0ed12c73050e65dae7fbf3c,controlled_crossover,d93d4da1e1b35b307e932c5e7f8a2ec550c47be05cf7a975c49daf34057500cc,primary_parent,dd641bf4505cafd6d07b207294bb7fca3279c06b4dc2c807dd8a0399ce77128d,macrel_hemolysis_probability,numeric,true,same_frozen_numeric_contract,minimize,probability,0.386,0.653,0.267,-0.267,true,4b9babc8be5c4b3e9231d6c9a91b10c4fbfed26afc8398a7cd13f992ed030dc9
vegfa,77b728ceac87cc7e17318dc57d31aed9e0a084a6f0ed12c73050e65dae7fbf3c,controlled_crossover,d93d4da1e1b35b307e932c5e7f8a2ec550c47be05cf7a975c49daf34057500cc,primary_parent,dd641bf4505cafd6d07b207294bb7fca3279c06b4dc2c807dd8a0399ce77128d,maximum_hydrophobic_run,numeric,true,same_frozen_numeric_contract,minimize,residues,2.0,1.0,-1.0,1.0,true,2b3c3fae643f93077affd367565bb1bf7f513050081f2c01f0f8840d9f21d740
vegfa,77b728ceac87cc7e17318dc57d31aed9e0a084a6f0ed12c73050e65dae7fbf3c,controlled_crossover,d93d4da1e1b35b307e932c5e7f8a2ec550c47be05cf7a975c49daf34057500cc,primary_parent,dd641bf4505cafd6d07b207294bb7fca3279c06b4dc2c807dd8a0399ce77128d,net_charge_ph7_4,numeric,false,audit_metric_has_no_monotonic_improvement_direction,audit,elementary_charge,9.152,12.193,3.0410000000000004,,true,97ccb5274f74e12ba384f88070c6bab3ffecea5c47665a234719d1351f7dd1b8
vegfa,77b728ceac87cc7e17318dc57d31aed9e0a084a6f0ed12c73050e65dae7fbf3c,controlled_crossover,d93d4da1e1b35b307e932c5e7f8a2ec550c47be05cf7a975c49daf34057500cc,primary_parent,dd641bf4505cafd6d07b207294bb7fca3279c06b4dc2c807dd8a0399ce77128d,toxinpred3_hybrid_score,numeric,true,same_frozen_numeric_contract,minimize,dimensionless,0.015,0.0,-0.015,0.015,true,2fd3c812eb2691c4074ba258d70b0ff294a69a0f0410007952d98e754acefa24
vegfa,77b728ceac87cc7e17318dc57d31aed9e0a084a6f0ed12c73050e65dae7fbf3c,controlled_crossover,d93d4da1e1b35b307e932c5e7f8a2ec550c47be05cf7a975c49daf34057500cc,primary_parent,dd641bf4505cafd6d07b207294bb7fca3279c06b4dc2c807dd8a0399ce77128d,toxinpred3_label,categorical,true,same_frozen_label_contract,audit,label,Non-Toxin,Non-Toxin,,,false,93ba5ba81eb72ab20a34feb31097c3303146c945c3e330b751cb7be9a8377c22
vegfa,77b728ceac87cc7e17318dc57d31aed9e0a084a6f0ed12c73050e65dae7fbf3c,controlled_crossover,d93d4da1e1b35b307e932c5e7f8a2ec550c47be05cf7a975c49daf34057500cc,donor_parent,90426170c795adc7a19a8bcb473094cde2f6bb7dd59d350e474bf5e80ccd8d11,amp_read_log10_mic_um,numeric,true,same_frozen_numeric_contract,minimize,log10(uM),1.4839041353795337,1.4502693309771608,-0.033634804402372875,0.033634804402372875,true,4105caeeb10c2eac6d926752ada13c192e1b768dd1d3bc5922ae840c2bce9e4f
vegfa,77b728ceac87cc7e17318dc57d31aed9e0a084a6f0ed12c73050e65dae7fbf3c,controlled_crossover,d93d4da1e1b35b307e932c5e7f8a2ec550c47be05cf7a975c49daf34057500cc,donor_parent,90426170c795adc7a19a8bcb473094cde2f6bb7dd59d350e474bf5e80ccd8d11,guruprasad_instability_index,numeric,true,same_frozen_numeric_contract,minimize,index,15.978260869565213,20.611538,4.633277130434786,-4.633277130434786,true,c58b2e83a90dfe87be071b43db6d3aff254631b863e303dc7187595c567ae607
vegfa,77b728ceac87cc7e17318dc57d31aed9e0a084a6f0ed12c73050e65dae7fbf3c,controlled_crossover,d93d4da1e1b35b307e932c5e7f8a2ec550c47be05cf7a975c49daf34057500cc,donor_parent,90426170c795adc7a19a8bcb473094cde2f6bb7dd59d350e474bf5e80ccd8d11,hydrophobic_moment_eisenberg,numeric,false,audit_metric_has_no_monotonic_improvement_direction,audit,dimensionless,0.20680764669634763,0.12431895343056042,-0.08248869326578721,,true,b5f5f2815ca9745c92bb8bcfa3c61689afe35af78abe65aeb435dbbec2e961cf
vegfa,77b728ceac87cc7e17318dc57d31aed9e0a084a6f0ed12c73050e65dae7fbf3c,controlled_crossover,d93d4da1e1b35b307e932c5e7f8a2ec550c47be05cf7a975c49daf34057500cc,donor_parent,90426170c795adc7a19a8bcb473094cde2f6bb7dd59d350e474bf5e80ccd8d11,hydrophobic_ratio_modlamp,numeric,false,audit_metric_has_no_monotonic_improvement_direction,audit,fraction,0.043478260869565216,0.038461538461538464,-0.0050167224080267525,,true,103ec1de93e56554ff39aa84f24e75050d0ca726eb7bc3339e8374db397bd7d1
vegfa,77b728ceac87cc7e17318dc57d31aed9e0a084a6f0ed12c73050e65dae7fbf3c,controlled_crossover,d93d4da1e1b35b307e932c5e7f8a2ec550c47be05cf7a975c49daf34057500cc,donor_parent,90426170c795adc7a19a8bcb473094cde2f6bb7dd59d350e474bf5e80ccd8d11,llamp_log10_mic_um,numeric,true,same_frozen_numeric_contract,minimize,log10(uM),0.7840491533279419,0.9197607040405273,0.13571155071258545,-0.13571155071258545,true,d621ca289426f636118d8e76cfd6ad4272c533ea16811a1139e44ea55f31cd70
vegfa,77b728ceac87cc7e17318dc57d31aed9e0a084a6f0ed12c73050e65dae7fbf3c,controlled_crossover,d93d4da1e1b35b307e932c5e7f8a2ec550c47be05cf7a975c49daf34057500cc,donor_parent,90426170c795adc7a19a8bcb473094cde2f6bb7dd59d350e474bf5e80ccd8d11,macrel_amp_probability,numeric,true,same_frozen_numeric_contract,maximize,probability,0.554,0.485,-0.06900000000000006,-0.06900000000000006,true,ea63f9f04297a8d39c004685904649f52f4e46b9587fc60134366494046b9dbd
vegfa,77b728ceac87cc7e17318dc57d31aed9e0a084a6f0ed12c73050e65dae7fbf3c,controlled_crossover,d93d4da1e1b35b307e932c5e7f8a2ec550c47be05cf7a975c49daf34057500cc,donor_parent,90426170c795adc7a19a8bcb473094cde2f6bb7dd59d350e474bf5e80ccd8d11,macrel_hemolysis_label,categorical,true,same_frozen_label_contract,audit,label,low,high,,,true,4581c69ff7819129efd44d213e52f534652121eb9c9b7d86736d355c2c9d4656
vegfa,77b728ceac87cc7e17318dc57d31aed9e0a084a6f0ed12c73050e65dae7fbf3c,controlled_crossover,d93d4da1e1b35b307e932c5e7f8a2ec550c47be05cf7a975c49daf34057500cc,donor_parent,90426170c795adc7a19a8bcb473094cde2f6bb7dd59d350e474bf5e80ccd8d11,macrel_hemolysis_probability,numeric,true,same_frozen_numeric_contract,minimize,probability,0.366,0.653,0.28700000000000003,-0.28700000000000003,true,9c1b483e79b4a5a30553f86ed50013955f3c70a52890d9af2a9f4a82cfb247be
vegfa,77b728ceac87cc7e17318dc57d31aed9e0a084a6f0ed12c73050e65dae7fbf3c,controlled_crossover,d93d4da1e1b35b307e932c5e7f8a2ec550c47be05cf7a975c49daf34057500cc,donor_parent,90426170c795adc7a19a8bcb473094cde2f6bb7dd59d350e474bf5e80ccd8d11,maximum_hydrophobic_run,numeric,true,same_frozen_numeric_contract,minimize,residues,1.0,1.0,0.0,-0.0,false,2f4608ac60dc1ed78220ed90dd765dc487c3355ff4ece5744a640f33252b7ac9
vegfa,77b728ceac87cc7e17318dc57d31aed9e0a084a6f0ed12c73050e65dae7fbf3c,controlled_crossover,d93d4da1e1b35b307e932c5e7f8a2ec550c47be05cf7a975c49daf34057500cc,donor_parent,90426170c795adc7a19a8bcb473094cde2f6bb7dd59d350e474bf5e80ccd8d11,net_charge_ph7_4,numeric,false,audit_metric_has_no_monotonic_improvement_direction,audit,elementary_charge,6.236,12.193,5.957,,true,16a3bcad8ff467dbb7d66c9c5c6ea32f60acedbc9f1347b5e75f96c5da9844b9
vegfa,77b728ceac87cc7e17318dc57d31aed9e0a084a6f0ed12c73050e65dae7fbf3c,controlled_crossover,d93d4da1e1b35b307e932c5e7f8a2ec550c47be05cf7a975c49daf34057500cc,donor_parent,90426170c795adc7a19a8bcb473094cde2f6bb7dd59d350e474bf5e80ccd8d11,toxinpred3_hybrid_score,numeric,true,same_frozen_numeric_contract,minimize,dimensionless,0.345,0.0,-0.345,0.345,true,52caa04654a5bf7e6e008ceeb55d447ed90d1b2a6ed9337b5e0556d3a98f7ea4
vegfa,77b728ceac87cc7e17318dc57d31aed9e0a084a6f0ed12c73050e65dae7fbf3c,controlled_crossover,d93d4da1e1b35b307e932c5e7f8a2ec550c47be05cf7a975c49daf34057500cc,donor_parent,90426170c795adc7a19a8bcb473094cde2f6bb7dd59d350e474bf5e80ccd8d11,toxinpred3_label,categorical,true,same_frozen_label_contract,audit,label,Non-Toxin,Non-Toxin,,,false,4b83708524910f3bb4a71cdb2968aff37669bf99ccebe8f77bc1a5d292551460
vegfa,3c11c3b884f73ef14bcb94b824c58ff3ddc27e016814b28f05ba9a703fc318fb,de_novo,8f58b9ed6e9ecf7715cf9c5e98e56d18399ebcf9b3fc468d1fad9a4bc9bc07cf,none,,amp_read_log10_mic_um,numeric,false,de_novo_has_no_biological_parent,,,,1.9643379290195813,,,,bf1a9b47e438442c2fadbad48388e796e7c0d794fc1143185f736c6681e4c912
vegfa,3c11c3b884f73ef14bcb94b824c58ff3ddc27e016814b28f05ba9a703fc318fb,de_novo,8f58b9ed6e9ecf7715cf9c5e98e56d18399ebcf9b3fc468d1fad9a4bc9bc07cf,none,,guruprasad_instability_index,numeric,false,de_novo_has_no_biological_parent,,,,16.190476,,,,21768a16e8cdece187049da3bd28842145d946a6867ec80af5cce880c0207903
vegfa,3c11c3b884f73ef14bcb94b824c58ff3ddc27e016814b28f05ba9a703fc318fb,de_novo,8f58b9ed6e9ecf7715cf9c5e98e56d18399ebcf9b3fc468d1fad9a4bc9bc07cf,none,,hydrophobic_moment_eisenberg,numeric,false,de_novo_has_no_biological_parent,,,,0.46005716873454927,,,,2d9c1b64e0077ecb3302f723732801324624299c6b243a9ebe7b22f2afb37daf
vegfa,3c11c3b884f73ef14bcb94b824c58ff3ddc27e016814b28f05ba9a703fc318fb,de_novo,8f58b9ed6e9ecf7715cf9c5e98e56d18399ebcf9b3fc468d1fad9a4bc9bc07cf,none,,hydrophobic_ratio_modlamp,numeric,false,de_novo_has_no_biological_parent,,,,0.09523809523809523,,,,330d8ec713030741cc78191dd2472cc35532ac10934635fecf61f8f46a8136a7
vegfa,3c11c3b884f73ef14bcb94b824c58ff3ddc27e016814b28f05ba9a703fc318fb,de_novo,8f58b9ed6e9ecf7715cf9c5e98e56d18399ebcf9b3fc468d1fad9a4bc9bc07cf,none,,llamp_log10_mic_um,numeric,false,de_novo_has_no_biological_parent,,,,1.7558908462524414,,,,bd7b4f1983821b45afce0551f8961faf433c5d0fd11cc1721561050b04ac4f44
vegfa,3c11c3b884f73ef14bcb94b824c58ff3ddc27e016814b28f05ba9a703fc318fb,de_novo,8f58b9ed6e9ecf7715cf9c5e98e56d18399ebcf9b3fc468d1fad9a4bc9bc07cf,none,,macrel_amp_probability,numeric,false,de_novo_has_no_biological_parent,,,,0.431,,,,572ceda7fb7ddbae20f1f9c8abc2eba8f518c9364a837aacf86f057a124554b4
vegfa,3c11c3b884f73ef14bcb94b824c58ff3ddc27e016814b28f05ba9a703fc318fb,de_novo,8f58b9ed6e9ecf7715cf9c5e98e56d18399ebcf9b3fc468d1fad9a4bc9bc07cf,none,,macrel_hemolysis_label,categorical,false,de_novo_has_no_biological_parent,,,,low,,,,bb40ba1d04e093d714ab63355e52a19bed30b7e15449a92951c3025c5c395260
vegfa,3c11c3b884f73ef14bcb94b824c58ff3ddc27e016814b28f05ba9a703fc318fb,de_novo,8f58b9ed6e9ecf7715cf9c5e98e56d18399ebcf9b3fc468d1fad9a4bc9bc07cf,none,,macrel_hemolysis_probability,numeric,false,de_novo_has_no_biological_parent,,,,0.446,,,,a78868c79dcc1f7673a9d46760e1547585affab7b90047e58c80c20e9da8e40e
vegfa,3c11c3b884f73ef14bcb94b824c58ff3ddc27e016814b28f05ba9a703fc318fb,de_novo,8f58b9ed6e9ecf7715cf9c5e98e56d18399ebcf9b3fc468d1fad9a4bc9bc07cf,none,,maximum_hydrophobic_run,numeric,false,de_novo_has_no_biological_parent,,,,1,,,,f0e69989c1fbbe2640851ca6b5ba275c31430c546cf26e2a810e75b04d63e2c1
vegfa,3c11c3b884f73ef14bcb94b824c58ff3ddc27e016814b28f05ba9a703fc318fb,de_novo,8f58b9ed6e9ecf7715cf9c5e98e56d18399ebcf9b3fc468d1fad9a4bc9bc07cf,none,,net_charge_ph7_4,numeric,false,de_novo_has_no_biological_parent,,,,8.071,,,,a31e160d2bdc2906746256f743eea0024057a9bc07d528bd8e24ee3941087516
vegfa,3c11c3b884f73ef14bcb94b824c58ff3ddc27e016814b28f05ba9a703fc318fb,de_novo,8f58b9ed6e9ecf7715cf9c5e98e56d18399ebcf9b3fc468d1fad9a4bc9bc07cf,none,,toxinpred3_hybrid_score,numeric,false,de_novo_has_no_biological_parent,,,,0.285,,,,dd3c2339fd700c4c1f5f5c0904cb8396d2baf72a88dce58b5c83a9a7f5e568ff
vegfa,3c11c3b884f73ef14bcb94b824c58ff3ddc27e016814b28f05ba9a703fc318fb,de_novo,8f58b9ed6e9ecf7715cf9c5e98e56d18399ebcf9b3fc468d1fad9a4bc9bc07cf,none,,toxinpred3_label,categorical,false,de_novo_has_no_biological_parent,,,,Non-Toxin,,,,1bc87bf6aed25da44604dca9631bf80fb8fbaec738373e7009f89d285e74f216
vegfa,3c6fb575b4e0826fed3a7dbc834081f29837ddf2429f48069674b17c51c81600,de_novo,bb81065212d2f4e5b5ca56b87a6214b5c913f807e345529d41b61d5bff47160b,none,,amp_read_log10_mic_um,numeric,false,de_novo_has_no_biological_parent,,,,1.9098426330555844,,,,05562d2276e06bac57f81fbbcee046acb27d0b7737ba5ddae51ad944bdf0569e
vegfa,3c6fb575b4e0826fed3a7dbc834081f29837ddf2429f48069674b17c51c81600,de_novo,bb81065212d2f4e5b5ca56b87a6214b5c913f807e345529d41b61d5bff47160b,none,,guruprasad_instability_index,numeric,false,de_novo_has_no_biological_parent,,,,-4.700000,,,,35f87e66f040517bc6f2178a5e360f8178c05ffdbf1da263206da027e3ecf4b3
vegfa,3c6fb575b4e0826fed3a7dbc834081f29837ddf2429f48069674b17c51c81600,de_novo,bb81065212d2f4e5b5ca56b87a6214b5c913f807e345529d41b61d5bff47160b,none,,hydrophobic_moment_eisenberg,numeric,false,de_novo_has_no_biological_parent,,,,0.2377987291131413,,,,d19623831d0010f4794109f87ab254a44325034f5b788f611841de5265577496
vegfa,3c6fb575b4e0826fed3a7dbc834081f29837ddf2429f48069674b17c51c81600,de_novo,bb81065212d2f4e5b5ca56b87a6214b5c913f807e345529d41b61d5bff47160b,none,,hydrophobic_ratio_modlamp,numeric,false,de_novo_has_no_biological_parent,,,,0.04,,,,ee07730637c9d4e33e3bee1a27e64f1a9b2f3ed248ed74f293435574e7029aa2
vegfa,3c6fb575b4e0826fed3a7dbc834081f29837ddf2429f48069674b17c51c81600,de_novo,bb81065212d2f4e5b5ca56b87a6214b5c913f807e345529d41b61d5bff47160b,none,,llamp_log10_mic_um,numeric,false,de_novo_has_no_biological_parent,,,,1.4803727865219116,,,,0038d6339782f56ba83fa4a90d19334c75acd0432b44a888f5c1add2008ef0ea
vegfa,3c6fb575b4e0826fed3a7dbc834081f29837ddf2429f48069674b17c51c81600,de_novo,bb81065212d2f4e5b5ca56b87a6214b5c913f807e345529d41b61d5bff47160b,none,,macrel_amp_probability,numeric,false,de_novo_has_no_biological_parent,,,,0.406,,,,ebd9e3456ef5d6ae547f091ac72453e38d0c13441d295fbbc2977b015ddad94d
vegfa,3c6fb575b4e0826fed3a7dbc834081f29837ddf2429f48069674b17c51c81600,de_novo,bb81065212d2f4e5b5ca56b87a6214b5c913f807e345529d41b61d5bff47160b,none,,macrel_hemolysis_label,categorical,false,de_novo_has_no_biological_parent,,,,low,,,,dd3ecd285ee5b3c0f089cf51b7343e0750420fc8dfc998f65f79676a9aa2c350
vegfa,3c6fb575b4e0826fed3a7dbc834081f29837ddf2429f48069674b17c51c81600,de_novo,bb81065212d2f4e5b5ca56b87a6214b5c913f807e345529d41b61d5bff47160b,none,,macrel_hemolysis_probability,numeric,false,de_novo_has_no_biological_parent,,,,0.257,,,,05102148d0dfbd4ee9119d6c96bcb1d0dbacd001ad2a8c9be03b191f2452d478
vegfa,3c6fb575b4e0826fed3a7dbc834081f29837ddf2429f48069674b17c51c81600,de_novo,bb81065212d2f4e5b5ca56b87a6214b5c913f807e345529d41b61d5bff47160b,none,,maximum_hydrophobic_run,numeric,false,de_novo_has_no_biological_parent,,,,1,,,,5b410c46fb2db5f6cb93902fa101e24cfe94b4cbb1942354e7966fc35706edb9
vegfa,3c6fb575b4e0826fed3a7dbc834081f29837ddf2429f48069674b17c51c81600,de_novo,bb81065212d2f4e5b5ca56b87a6214b5c913f807e345529d41b61d5bff47160b,none,,net_charge_ph7_4,numeric,false,de_novo_has_no_biological_parent,,,,8.026,,,,8c8f1e633bf6543c4ecd5a7e3066a108fdf38f125c8ea9028452c9d49938e71b
vegfa,3c6fb575b4e0826fed3a7dbc834081f29837ddf2429f48069674b17c51c81600,de_novo,bb81065212d2f4e5b5ca56b87a6214b5c913f807e345529d41b61d5bff47160b,none,,toxinpred3_hybrid_score,numeric,false,de_novo_has_no_biological_parent,,,,0.33,,,,30a9a5afab1a35258db937321304ad44df737c5f90451a363274b8e710b50740
vegfa,3c6fb575b4e0826fed3a7dbc834081f29837ddf2429f48069674b17c51c81600,de_novo,bb81065212d2f4e5b5ca56b87a6214b5c913f807e345529d41b61d5bff47160b,none,,toxinpred3_label,categorical,false,de_novo_has_no_biological_parent,,,,Non-Toxin,,,,25ddb57038c92a300909bb6e1cb96657d41aa6da17afaddb6d4b3b3a6e20d695
vegfa,54bf0e6a19f1e05f5cdef1bd1490a732b1339660024b9ef8a121992a53d2e085,masked_substitution,175e828a1ddd7c8629b8aeb9be52f070361264575a68eb5253ed09f41cfa5e88,primary_parent,02e6e8a9041d1f5e02ded66ace7f1bf8353933cb460554f7d6d4f7827ee851e3,amp_read_log10_mic_um,numeric,true,same_frozen_numeric_contract,minimize,log10(uM),0.8502392420270765,0.8954942090226883,0.04525496699561182,-0.04525496699561182,true,bdc7358232db6b807f5400a7d6f63df8bbec4f238de34fced005f68e12e6ce14
vegfa,54bf0e6a19f1e05f5cdef1bd1490a732b1339660024b9ef8a121992a53d2e085,masked_substitution,175e828a1ddd7c8629b8aeb9be52f070361264575a68eb5253ed09f41cfa5e88,primary_parent,02e6e8a9041d1f5e02ded66ace7f1bf8353933cb460554f7d6d4f7827ee851e3,guruprasad_instability_index,numeric,true,same_frozen_numeric_contract,minimize,index,-9.308695652173913,-10.982609,-1.6739133478260868,1.6739133478260868,true,7efadeae6beca25465664e574bf1ae194d245d97479d1587aa3e8eff144fc6ca
vegfa,54bf0e6a19f1e05f5cdef1bd1490a732b1339660024b9ef8a121992a53d2e085,masked_substitution,175e828a1ddd7c8629b8aeb9be52f070361264575a68eb5253ed09f41cfa5e88,primary_parent,02e6e8a9041d1f5e02ded66ace7f1bf8353933cb460554f7d6d4f7827ee851e3,hydrophobic_moment_eisenberg,numeric,false,audit_metric_has_no_monotonic_improvement_direction,audit,dimensionless,0.14056582796750103,0.12705815986973668,-0.013507668097764353,,true,c856a7fa3c09433b13ccdfce7209d4316c41a08fa8edc7b831867327af815af4
vegfa,54bf0e6a19f1e05f5cdef1bd1490a732b1339660024b9ef8a121992a53d2e085,masked_substitution,175e828a1ddd7c8629b8aeb9be52f070361264575a68eb5253ed09f41cfa5e88,primary_parent,02e6e8a9041d1f5e02ded66ace7f1bf8353933cb460554f7d6d4f7827ee851e3,hydrophobic_ratio_modlamp,numeric,false,audit_metric_has_no_monotonic_improvement_direction,audit,fraction,0.2608695652173913,0.2608695652173913,0.0,,false,88c7aaba735b605ce1cf93cf98ccd8572d651731f637a337b60a55907f2fdc89
vegfa,54bf0e6a19f1e05f5cdef1bd1490a732b1339660024b9ef8a121992a53d2e085,masked_substitution,175e828a1ddd7c8629b8aeb9be52f070361264575a68eb5253ed09f41cfa5e88,primary_parent,02e6e8a9041d1f5e02ded66ace7f1bf8353933cb460554f7d6d4f7827ee851e3,llamp_log10_mic_um,numeric,true,same_frozen_numeric_contract,minimize,log10(uM),1.3610467910766602,1.4310029745101929,0.06995618343353271,-0.06995618343353271,true,25d4c89cb6f6c56f3e82e4b168a191ccabd60497f86f399a97210da64ec97862
vegfa,54bf0e6a19f1e05f5cdef1bd1490a732b1339660024b9ef8a121992a53d2e085,masked_substitution,175e828a1ddd7c8629b8aeb9be52f070361264575a68eb5253ed09f41cfa5e88,primary_parent,02e6e8a9041d1f5e02ded66ace7f1bf8353933cb460554f7d6d4f7827ee851e3,macrel_amp_probability,numeric,true,same_frozen_numeric_contract,maximize,probability,0.584,0.485,-0.09899999999999998,-0.09899999999999998,true,ed58f3579da318189f762f4963179726d149d67632f6f8418c4277af67df262c
vegfa,54bf0e6a19f1e05f5cdef1bd1490a732b1339660024b9ef8a121992a53d2e085,masked_substitution,175e828a1ddd7c8629b8aeb9be52f070361264575a68eb5253ed09f41cfa5e88,primary_parent,02e6e8a9041d1f5e02ded66ace7f1bf8353933cb460554f7d6d4f7827ee851e3,macrel_hemolysis_label,categorical,true,same_frozen_label_contract,audit,label,low,low,,,false,8bc8511f7750fc119b089ea0ccdbc424129a8d87c37f9027e7b4bcd4d0aa4f0e
vegfa,54bf0e6a19f1e05f5cdef1bd1490a732b1339660024b9ef8a121992a53d2e085,masked_substitution,175e828a1ddd7c8629b8aeb9be52f070361264575a68eb5253ed09f41cfa5e88,primary_parent,02e6e8a9041d1f5e02ded66ace7f1bf8353933cb460554f7d6d4f7827ee851e3,macrel_hemolysis_probability,numeric,true,same_frozen_numeric_contract,minimize,probability,0.465,0.436,-0.029000000000000026,0.029000000000000026,true,76a4e2c69875577ccee88910442affea8e48e9a26d5a14adab7a5a8994f69f95
vegfa,54bf0e6a19f1e05f5cdef1bd1490a732b1339660024b9ef8a121992a53d2e085,masked_substitution,175e828a1ddd7c8629b8aeb9be52f070361264575a68eb5253ed09f41cfa5e88,primary_parent,02e6e8a9041d1f5e02ded66ace7f1bf8353933cb460554f7d6d4f7827ee851e3,maximum_hydrophobic_run,numeric,true,same_frozen_numeric_contract,minimize,residues,2.0,2.0,0.0,-0.0,false,44dc925cfafac9d75b68d23eb422b9fd57f527966b1194459f6889b951fdad15
vegfa,54bf0e6a19f1e05f5cdef1bd1490a732b1339660024b9ef8a121992a53d2e085,masked_substitution,175e828a1ddd7c8629b8aeb9be52f070361264575a68eb5253ed09f41cfa5e88,primary_parent,02e6e8a9041d1f5e02ded66ace7f1bf8353933cb460554f7d6d4f7827ee851e3,net_charge_ph7_4,numeric,false,audit_metric_has_no_monotonic_improvement_direction,audit,elementary_charge,6.112,6.112,0.0,,false,83a9555b241abc9b325c399063a7b25177cc7742867c952fa8844718a3c4d7e3
vegfa,54bf0e6a19f1e05f5cdef1bd1490a732b1339660024b9ef8a121992a53d2e085,masked_substitution,175e828a1ddd7c8629b8aeb9be52f070361264575a68eb5253ed09f41cfa5e88,primary_parent,02e6e8a9041d1f5e02ded66ace7f1bf8353933cb460554f7d6d4f7827ee851e3,toxinpred3_hybrid_score,numeric,true,same_frozen_numeric_contract,minimize,dimensionless,0.0,0.0,0.0,-0.0,false,ff680bab837cc6744b91492c6b532cc7e7c41acaf7043dc42088913cea162f51
vegfa,54bf0e6a19f1e05f5cdef1bd1490a732b1339660024b9ef8a121992a53d2e085,masked_substitution,175e828a1ddd7c8629b8aeb9be52f070361264575a68eb5253ed09f41cfa5e88,primary_parent,02e6e8a9041d1f5e02ded66ace7f1bf8353933cb460554f7d6d4f7827ee851e3,toxinpred3_label,categorical,true,same_frozen_label_contract,audit,label,Non-Toxin,Non-Toxin,,,false,ec5cc0e6247c03ea21a2f30d44bfb4e54e5756329eaf388e4b32606f67fa027d
vegfa,656a9729b2bf2cce4e652c58c9fe27d96bc94543ce8319217739ff59ca5b6a71,controlled_crossover,99d6828a88d16815642ee369579ebdf604c43264d76b8ab1ec20c0ffe3d6722e,primary_parent,dc6b9e097fdbb1cebc638561775ba07debfd2bcbae4b1e7dbb9a3812c90d1dda,amp_read_log10_mic_um,numeric,true,same_frozen_numeric_contract,minimize,log10(uM),1.4326805721868476,1.7237147796042924,0.2910342074174448,-0.2910342074174448,true,6432a61aab968ed954e747053a809690ef4c2ed8295dba1ac8a83024eda5cb68
vegfa,656a9729b2bf2cce4e652c58c9fe27d96bc94543ce8319217739ff59ca5b6a71,controlled_crossover,99d6828a88d16815642ee369579ebdf604c43264d76b8ab1ec20c0ffe3d6722e,primary_parent,dc6b9e097fdbb1cebc638561775ba07debfd2bcbae4b1e7dbb9a3812c90d1dda,guruprasad_instability_index,numeric,true,same_frozen_numeric_contract,minimize,index,8.988461538461536,29.161538,20.173076461538464,-20.173076461538464,true,2c2999df53d0f534d265e2345764c18986448892fd98cf56ac23cdfa1a4a802f
vegfa,656a9729b2bf2cce4e652c58c9fe27d96bc94543ce8319217739ff59ca5b6a71,controlled_crossover,99d6828a88d16815642ee369579ebdf604c43264d76b8ab1ec20c0ffe3d6722e,primary_parent,dc6b9e097fdbb1cebc638561775ba07debfd2bcbae4b1e7dbb9a3812c90d1dda,hydrophobic_moment_eisenberg,numeric,false,audit_metric_has_no_monotonic_improvement_direction,audit,dimensionless,0.05669057760399849,0.0973672154403516,0.040676637836353106,,true,d61d9b4fe9c8fc71dc2c5c1f16799fa2b22b7a2ea6123a18062f7484d31e2a94
vegfa,656a9729b2bf2cce4e652c58c9fe27d96bc94543ce8319217739ff59ca5b6a71,controlled_crossover,99d6828a88d16815642ee369579ebdf604c43264d76b8ab1ec20c0ffe3d6722e,primary_parent,dc6b9e097fdbb1cebc638561775ba07debfd2bcbae4b1e7dbb9a3812c90d1dda,hydrophobic_ratio_modlamp,numeric,false,audit_metric_has_no_monotonic_improvement_direction,audit,fraction,0.07692307692307693,0.038461538461538464,-0.038461538461538464,,true,b6b1567c63e92ed95ba4becacae4ee1804384edd17facb341ce7d7511d94629f
vegfa,656a9729b2bf2cce4e652c58c9fe27d96bc94543ce8319217739ff59ca5b6a71,controlled_crossover,99d6828a88d16815642ee369579ebdf604c43264d76b8ab1ec20c0ffe3d6722e,primary_parent,dc6b9e097fdbb1cebc638561775ba07debfd2bcbae4b1e7dbb9a3812c90d1dda,llamp_log10_mic_um,numeric,true,same_frozen_numeric_contract,minimize,log10(uM),0.7191438674926758,1.17792809009552,0.45878422260284424,-0.45878422260284424,true,ee6e78bb924b4f565a667bece45271b4408b55b5cdd9f908fb9b14eba06b8d0a
vegfa,656a9729b2bf2cce4e652c58c9fe27d96bc94543ce8319217739ff59ca5b6a71,controlled_crossover,99d6828a88d16815642ee369579ebdf604c43264d76b8ab1ec20c0ffe3d6722e,primary_parent,dc6b9e097fdbb1cebc638561775ba07debfd2bcbae4b1e7dbb9a3812c90d1dda,macrel_amp_probability,numeric,true,same_frozen_numeric_contract,maximize,probability,0.535,0.297,-0.23800000000000004,-0.23800000000000004,true,6badad5f23307c2e032b86af171a2c4caa010a2b0858d4075d4cf70b2ccf46e3
vegfa,656a9729b2bf2cce4e652c58c9fe27d96bc94543ce8319217739ff59ca5b6a71,controlled_crossover,99d6828a88d16815642ee369579ebdf604c43264d76b8ab1ec20c0ffe3d6722e,primary_parent,dc6b9e097fdbb1cebc638561775ba07debfd2bcbae4b1e7dbb9a3812c90d1dda,macrel_hemolysis_label,categorical,true,same_frozen_label_contract,audit,label,low,low,,,false,b53cd80b9832fa578f8f079a8a59df4cd4f44a9cb7213246d5796748a79ee2fd
vegfa,656a9729b2bf2cce4e652c58c9fe27d96bc94543ce8319217739ff59ca5b6a71,controlled_crossover,99d6828a88d16815642ee369579ebdf604c43264d76b8ab1ec20c0ffe3d6722e,primary_parent,dc6b9e097fdbb1cebc638561775ba07debfd2bcbae4b1e7dbb9a3812c90d1dda,macrel_hemolysis_probability,numeric,true,same_frozen_numeric_contract,minimize,probability,0.386,0.257,-0.129,0.129,true,67ca4be07574909b5e1eb65ba9a27f2bd70ae317ed10782c3a0c492e1cd05afd
vegfa,656a9729b2bf2cce4e652c58c9fe27d96bc94543ce8319217739ff59ca5b6a71,controlled_crossover,99d6828a88d16815642ee369579ebdf604c43264d76b8ab1ec20c0ffe3d6722e,primary_parent,dc6b9e097fdbb1cebc638561775ba07debfd2bcbae4b1e7dbb9a3812c90d1dda,maximum_hydrophobic_run,numeric,true,same_frozen_numeric_contract,minimize,residues,2.0,1.0,-1.0,1.0,true,4919d29256e967099db779b9bd9e00743057e815e6c67c6c1c59dd0095c85bab
vegfa,656a9729b2bf2cce4e652c58c9fe27d96bc94543ce8319217739ff59ca5b6a71,controlled_crossover,99d6828a88d16815642ee369579ebdf604c43264d76b8ab1ec20c0ffe3d6722e,primary_parent,dc6b9e097fdbb1cebc638561775ba07debfd2bcbae4b1e7dbb9a3812c90d1dda,net_charge_ph7_4,numeric,false,audit_metric_has_no_monotonic_improvement_direction,audit,elementary_charge,9.152,11.11,1.9580000000000002,,true,5dfed81afd751dd6a2ede55264452f6049903180fa10e54f38f30ebbe05867e3
vegfa,656a9729b2bf2cce4e652c58c9fe27d96bc94543ce8319217739ff59ca5b6a71,controlled_crossover,99d6828a88d16815642ee369579ebdf604c43264d76b8ab1ec20c0ffe3d6722e,primary_parent,dc6b9e097fdbb1cebc638561775ba07debfd2bcbae4b1e7dbb9a3812c90d1dda,toxinpred3_hybrid_score,numeric,true,same_frozen_numeric_contract,minimize,dimensionless,0.015,0.0,-0.015,0.015,true,7c66312a3f1c770c868d5c269bf24022031fb3720a2173d7418fff424c02189c
vegfa,656a9729b2bf2cce4e652c58c9fe27d96bc94543ce8319217739ff59ca5b6a71,controlled_crossover,99d6828a88d16815642ee369579ebdf604c43264d76b8ab1ec20c0ffe3d6722e,primary_parent,dc6b9e097fdbb1cebc638561775ba07debfd2bcbae4b1e7dbb9a3812c90d1dda,toxinpred3_label,categorical,true,same_frozen_label_contract,audit,label,Non-Toxin,Non-Toxin,,,false,6ba66639e587b72b509bf186be793ae13fc9baa2c15f8447f804607cf0ae5f3c
vegfa,656a9729b2bf2cce4e652c58c9fe27d96bc94543ce8319217739ff59ca5b6a71,controlled_crossover,99d6828a88d16815642ee369579ebdf604c43264d76b8ab1ec20c0ffe3d6722e,donor_parent,1d4045ee102780188e827660368729f44269e8780200c1bedb280e380f1d5243,amp_read_log10_mic_um,numeric,true,same_frozen_numeric_contract,minimize,log10(uM),1.2629065663007313,1.7237147796042924,0.46080821330356114,-0.46080821330356114,true,349965026292e2ea7f1f4339852ca9846ff3dc82c972c5c6fe538f5d892c51db
vegfa,656a9729b2bf2cce4e652c58c9fe27d96bc94543ce8319217739ff59ca5b6a71,controlled_crossover,99d6828a88d16815642ee369579ebdf604c43264d76b8ab1ec20c0ffe3d6722e,donor_parent,1d4045ee102780188e827660368729f44269e8780200c1bedb280e380f1d5243,guruprasad_instability_index,numeric,true,same_frozen_numeric_contract,minimize,index,35.079166666666666,29.161538,-5.9176286666666655,5.9176286666666655,true,13dd515481ef7962db54bb2b65a89d3c2b7220a9da0f7ab717fb36b21df59ead
vegfa,656a9729b2bf2cce4e652c58c9fe27d96bc94543ce8319217739ff59ca5b6a71,controlled_crossover,99d6828a88d16815642ee369579ebdf604c43264d76b8ab1ec20c0ffe3d6722e,donor_parent,1d4045ee102780188e827660368729f44269e8780200c1bedb280e380f1d5243,hydrophobic_moment_eisenberg,numeric,false,audit_metric_has_no_monotonic_improvement_direction,audit,dimensionless,0.2750561915542174,0.0973672154403516,-0.1776889761138658,,true,9aa3a02a589e94ab34b6d08c3fe83093be8ac4bbfabc49125f24de8348af52ec
vegfa,656a9729b2bf2cce4e652c58c9fe27d96bc94543ce8319217739ff59ca5b6a71,controlled_crossover,99d6828a88d16815642ee369579ebdf604c43264d76b8ab1ec20c0ffe3d6722e,donor_parent,1d4045ee102780188e827660368729f44269e8780200c1bedb280e380f1d5243,hydrophobic_ratio_modlamp,numeric,false,audit_metric_has_no_monotonic_improvement_direction,audit,fraction,0.08333333333333333,0.038461538461538464,-0.044871794871794865,,true,84f99d1c18fef2d7a926aa2c9306695682729378ff5f15e5c65255e2f3b97852
vegfa,656a9729b2bf2cce4e652c58c9fe27d96bc94543ce8319217739ff59ca5b6a71,controlled_crossover,99d6828a88d16815642ee369579ebdf604c43264d76b8ab1ec20c0ffe3d6722e,donor_parent,1d4045ee102780188e827660368729f44269e8780200c1bedb280e380f1d5243,llamp_log10_mic_um,numeric,true,same_frozen_numeric_contract,minimize,log10(uM),1.0507502555847168,1.17792809009552,0.12717783451080322,-0.12717783451080322,true,61cedf6950a44badcaee561caa505f8fc408a43c27efa137c1d3c53056addaf4
vegfa,656a9729b2bf2cce4e652c58c9fe27d96bc94543ce8319217739ff59ca5b6a71,controlled_crossover,99d6828a88d16815642ee369579ebdf604c43264d76b8ab1ec20c0ffe3d6722e,donor_parent,1d4045ee102780188e827660368729f44269e8780200c1bedb280e380f1d5243,macrel_amp_probability,numeric,true,same_frozen_numeric_contract,maximize,probability,0.505,0.297,-0.20800000000000002,-0.20800000000000002,true,1e4b03e4dedd42e78c768e3381c6dd789441586ce2c08cc7d8f05c055f515f72
vegfa,656a9729b2bf2cce4e652c58c9fe27d96bc94543ce8319217739ff59ca5b6a71,controlled_crossover,99d6828a88d16815642ee369579ebdf604c43264d76b8ab1ec20c0ffe3d6722e,donor_parent,1d4045ee102780188e827660368729f44269e8780200c1bedb280e380f1d5243,macrel_hemolysis_label,categorical,true,same_frozen_label_contract,audit,label,low,low,,,false,7ab838fd80a8d6b9bf19288513233a87c8d2b79e83daf429c810c8c23b1502d0
vegfa,656a9729b2bf2cce4e652c58c9fe27d96bc94543ce8319217739ff59ca5b6a71,controlled_crossover,99d6828a88d16815642ee369579ebdf604c43264d76b8ab1ec20c0ffe3d6722e,donor_parent,1d4045ee102780188e827660368729f44269e8780200c1bedb280e380f1d5243,macrel_hemolysis_probability,numeric,true,same_frozen_numeric_contract,minimize,probability,0.495,0.257,-0.238,0.238,true,3df12bc2ff84b44c5895ac4aadd2d70fcce55eca659fcf46480ab64eab2f97de
vegfa,656a9729b2bf2cce4e652c58c9fe27d96bc94543ce8319217739ff59ca5b6a71,controlled_crossover,99d6828a88d16815642ee369579ebdf604c43264d76b8ab1ec20c0ffe3d6722e,donor_parent,1d4045ee102780188e827660368729f44269e8780200c1bedb280e380f1d5243,maximum_hydrophobic_run,numeric,true,same_frozen_numeric_contract,minimize,residues,1.0,1.0,0.0,-0.0,false,543109824be1af5b15a13a2d4dfa9e495da8e012511d8a9573bae4c0223480b8
vegfa,656a9729b2bf2cce4e652c58c9fe27d96bc94543ce8319217739ff59ca5b6a71,controlled_crossover,99d6828a88d16815642ee369579ebdf604c43264d76b8ab1ec20c0ffe3d6722e,donor_parent,1d4045ee102780188e827660368729f44269e8780200c1bedb280e380f1d5243,net_charge_ph7_4,numeric,false,audit_metric_has_no_monotonic_improvement_direction,audit,elementary_charge,8.028,11.11,3.081999999999999,,true,fd4d678654e0fb565e092c9385074ab25675b0542a1f3d510cd8eab2823e355d
vegfa,656a9729b2bf2cce4e652c58c9fe27d96bc94543ce8319217739ff59ca5b6a71,controlled_crossover,99d6828a88d16815642ee369579ebdf604c43264d76b8ab1ec20c0ffe3d6722e,donor_parent,1d4045ee102780188e827660368729f44269e8780200c1bedb280e380f1d5243,toxinpred3_hybrid_score,numeric,true,same_frozen_numeric_contract,minimize,dimensionless,0.0,0.0,0.0,-0.0,false,74dcdea60292713c711eb7c5a0edb83eb371e81b3bd39ac7c1ed78fe6042ca1f
vegfa,656a9729b2bf2cce4e652c58c9fe27d96bc94543ce8319217739ff59ca5b6a71,controlled_crossover,99d6828a88d16815642ee369579ebdf604c43264d76b8ab1ec20c0ffe3d6722e,donor_parent,1d4045ee102780188e827660368729f44269e8780200c1bedb280e380f1d5243,toxinpred3_label,categorical,true,same_frozen_label_contract,audit,label,Non-Toxin,Non-Toxin,,,false,1e1686a434693bceb7749dee8e990ef3af8ad43888550c8cf5ad071d37fbdad6
vegfa,1f02cd50adde685cbe3ed5e7662a98aa803270021dcfdf36d8631568953c5722,de_novo,66720d6f100758433a38886ee2fa5f7a2541c7a1b0ae6a35c56aadefa3ed5a24,none,,amp_read_log10_mic_um,numeric,false,de_novo_has_no_biological_parent,,,,1.630541577624198,,,,04c3df86cce3ebe3c374c89ffaba398952ee0831505125d996b46ad52e071baf
vegfa,1f02cd50adde685cbe3ed5e7662a98aa803270021dcfdf36d8631568953c5722,de_novo,66720d6f100758433a38886ee2fa5f7a2541c7a1b0ae6a35c56aadefa3ed5a24,none,,guruprasad_instability_index,numeric,false,de_novo_has_no_biological_parent,,,,39.019048,,,,bf5cb70ee12a0e77379fa1dfd619d73caeb2764f1d4ea13ffab0517792ee0e1a
vegfa,1f02cd50adde685cbe3ed5e7662a98aa803270021dcfdf36d8631568953c5722,de_novo,66720d6f100758433a38886ee2fa5f7a2541c7a1b0ae6a35c56aadefa3ed5a24,none,,hydrophobic_moment_eisenberg,numeric,false,de_novo_has_no_biological_parent,,,,0.1511411766066584,,,,34c2d7264625fe4ebd6d577d46124917c52a5496fd6324b23ee0f3c6e3339eaa
vegfa,1f02cd50adde685cbe3ed5e7662a98aa803270021dcfdf36d8631568953c5722,de_novo,66720d6f100758433a38886ee2fa5f7a2541c7a1b0ae6a35c56aadefa3ed5a24,none,,hydrophobic_ratio_modlamp,numeric,false,de_novo_has_no_biological_parent,,,,0.09523809523809523,,,,ac8f3459e99c984f86c3d7bd1a011904eb8cf70ea2c59978edcfc666fe02f20c
vegfa,1f02cd50adde685cbe3ed5e7662a98aa803270021dcfdf36d8631568953c5722,de_novo,66720d6f100758433a38886ee2fa5f7a2541c7a1b0ae6a35c56aadefa3ed5a24,none,,llamp_log10_mic_um,numeric,false,de_novo_has_no_biological_parent,,,,1.9329555034637451,,,,2ae51ed4093af92f89fba2ec780eb37ff9cf7cec9cb447287201e1c1d952660d
vegfa,1f02cd50adde685cbe3ed5e7662a98aa803270021dcfdf36d8631568953c5722,de_novo,66720d6f100758433a38886ee2fa5f7a2541c7a1b0ae6a35c56aadefa3ed5a24,none,,macrel_amp_probability,numeric,false,de_novo_has_no_biological_parent,,,,0.238,,,,289dba9231b5bc28f761c63b5f499bebfe0dce037a309bc44881e09504e2bf3a
vegfa,1f02cd50adde685cbe3ed5e7662a98aa803270021dcfdf36d8631568953c5722,de_novo,66720d6f100758433a38886ee2fa5f7a2541c7a1b0ae6a35c56aadefa3ed5a24,none,,macrel_hemolysis_label,categorical,false,de_novo_has_no_biological_parent,,,,high,,,,408ea38f0369d349a24d2a008aef841135e123296eb06ef90e7484745977996d
vegfa,1f02cd50adde685cbe3ed5e7662a98aa803270021dcfdf36d8631568953c5722,de_novo,66720d6f100758433a38886ee2fa5f7a2541c7a1b0ae6a35c56aadefa3ed5a24,none,,macrel_hemolysis_probability,numeric,false,de_novo_has_no_biological_parent,,,,0.554,,,,f8656463ed0403798c88bbdde066d87145c5dcdd43950e35605495e99dcffeb4
vegfa,1f02cd50adde685cbe3ed5e7662a98aa803270021dcfdf36d8631568953c5722,de_novo,66720d6f100758433a38886ee2fa5f7a2541c7a1b0ae6a35c56aadefa3ed5a24,none,,maximum_hydrophobic_run,numeric,false,de_novo_has_no_biological_parent,,,,2,,,,0d2572f921158d3a61c9d5ad6cd43535097bb181b81082edc1b71da6b163d131
vegfa,1f02cd50adde685cbe3ed5e7662a98aa803270021dcfdf36d8631568953c5722,de_novo,66720d6f100758433a38886ee2fa5f7a2541c7a1b0ae6a35c56aadefa3ed5a24,none,,net_charge_ph7_4,numeric,false,de_novo_has_no_biological_parent,,,,8.024,,,,db3b2e1944ceba2623b9657c386d32eb3f110aa9a8ea9c260cf0a69b33af5632
vegfa,1f02cd50adde685cbe3ed5e7662a98aa803270021dcfdf36d8631568953c5722,de_novo,66720d6f100758433a38886ee2fa5f7a2541c7a1b0ae6a35c56aadefa3ed5a24,none,,toxinpred3_hybrid_score,numeric,false,de_novo_has_no_biological_parent,,,,0.0,,,,379204d3b1d68231d0c82f80135c759843dda1869feba62b34c149c96236fef2
vegfa,1f02cd50adde685cbe3ed5e7662a98aa803270021dcfdf36d8631568953c5722,de_novo,66720d6f100758433a38886ee2fa5f7a2541c7a1b0ae6a35c56aadefa3ed5a24,none,,toxinpred3_label,categorical,false,de_novo_has_no_biological_parent,,,,Non-Toxin,,,,ae876bc5b74ed3ce015a5ad894084ad2923a50acb5d263c494900d23eced61c3
vegfa,7a6abbe15cb44656cdd79c1c52d2b8da6f6f4c523c5d5d3795181e1db2c1d4a1,de_novo,7b80b5659e439b1842542178da8b0eec19307cea2f7049deffc639b3ec232786,none,,amp_read_log10_mic_um,numeric,false,de_novo_has_no_biological_parent,,,,1.6648122470062194,,,,69edf7bf64aff422304eb383f1723c0ff5ab258f54d3c58dbc989e79cdbf3f5b
vegfa,7a6abbe15cb44656cdd79c1c52d2b8da6f6f4c523c5d5d3795181e1db2c1d4a1,de_novo,7b80b5659e439b1842542178da8b0eec19307cea2f7049deffc639b3ec232786,none,,guruprasad_instability_index,numeric,false,de_novo_has_no_biological_parent,,,,13.083333,,,,69b6924ccd1a216833447b0f8abc623400a054c969b18c357f135c4f4cf1386f
vegfa,7a6abbe15cb44656cdd79c1c52d2b8da6f6f4c523c5d5d3795181e1db2c1d4a1,de_novo,7b80b5659e439b1842542178da8b0eec19307cea2f7049deffc639b3ec232786,none,,hydrophobic_moment_eisenberg,numeric,false,de_novo_has_no_biological_parent,,,,0.2926826413871527,,,,9bf94d9c5437f8c75d3341869e18eea2f4f0fbeb87d32d760ead09685ff83403
vegfa,7a6abbe15cb44656cdd79c1c52d2b8da6f6f4c523c5d5d3795181e1db2c1d4a1,de_novo,7b80b5659e439b1842542178da8b0eec19307cea2f7049deffc639b3ec232786,none,,hydrophobic_ratio_modlamp,numeric,false,de_novo_has_no_biological_parent,,,,0.041666666666666664,,,,71a440982a5d0229f73ec6425925567f4702289083a48354d6621ce627a7e8d1
vegfa,7a6abbe15cb44656cdd79c1c52d2b8da6f6f4c523c5d5d3795181e1db2c1d4a1,de_novo,7b80b5659e439b1842542178da8b0eec19307cea2f7049deffc639b3ec232786,none,,llamp_log10_mic_um,numeric,false,de_novo_has_no_biological_parent,,,,1.1011407375335693,,,,9fb9e4b381bfd7c23bd9f0780b26fa5f84993cd6e0ede9263d40465e9f89934f
vegfa,7a6abbe15cb44656cdd79c1c52d2b8da6f6f4c523c5d5d3795181e1db2c1d4a1,de_novo,7b80b5659e439b1842542178da8b0eec19307cea2f7049deffc639b3ec232786,none,,macrel_amp_probability,numeric,false,de_novo_has_no_biological_parent,,,,0.475,,,,145af2194ad800150995188bdc1502a4d46fc925624abbd3d6370e7e53e7ecb6
vegfa,7a6abbe15cb44656cdd79c1c52d2b8da6f6f4c523c5d5d3795181e1db2c1d4a1,de_novo,7b80b5659e439b1842542178da8b0eec19307cea2f7049deffc639b3ec232786,none,,macrel_hemolysis_label,categorical,false,de_novo_has_no_biological_parent,,,,high,,,,65a238a565a8f33ffc5f2a9e2a75b9072bc625b81406e755cad420329321e500
vegfa,7a6abbe15cb44656cdd79c1c52d2b8da6f6f4c523c5d5d3795181e1db2c1d4a1,de_novo,7b80b5659e439b1842542178da8b0eec19307cea2f7049deffc639b3ec232786,none,,macrel_hemolysis_probability,numeric,false,de_novo_has_no_biological_parent,,,,0.644,,,,c493d15e1712fd32f148e8c4921ac4e459761cf328132153cacd5f6663642b37
vegfa,7a6abbe15cb44656cdd79c1c52d2b8da6f6f4c523c5d5d3795181e1db2c1d4a1,de_novo,7b80b5659e439b1842542178da8b0eec19307cea2f7049deffc639b3ec232786,none,,maximum_hydrophobic_run,numeric,false,de_novo_has_no_biological_parent,,,,2,,,,8677b5f138d2c2040c55a5c0e9b9b850989ad8d66975cf2c3ed9bf31992641bc
vegfa,7a6abbe15cb44656cdd79c1c52d2b8da6f6f4c523c5d5d3795181e1db2c1d4a1,de_novo,7b80b5659e439b1842542178da8b0eec19307cea2f7049deffc639b3ec232786,none,,net_charge_ph7_4,numeric,false,de_novo_has_no_biological_parent,,,,8.064,,,,18a1d79d8fa622e6e77f6f1cba733b1551f4d99eeefa74ad4ab20b38c7f805bf
vegfa,7a6abbe15cb44656cdd79c1c52d2b8da6f6f4c523c5d5d3795181e1db2c1d4a1,de_novo,7b80b5659e439b1842542178da8b0eec19307cea2f7049deffc639b3ec232786,none,,toxinpred3_hybrid_score,numeric,false,de_novo_has_no_biological_parent,,,,0.3,,,,ba9898ff68afd70fbf21de4dbb1a36b8f125b2046f71f5a9b8d905cdf38f481b
vegfa,7a6abbe15cb44656cdd79c1c52d2b8da6f6f4c523c5d5d3795181e1db2c1d4a1,de_novo,7b80b5659e439b1842542178da8b0eec19307cea2f7049deffc639b3ec232786,none,,toxinpred3_label,categorical,false,de_novo_has_no_biological_parent,,,,Non-Toxin,,,,adb694d9b003511324c8641e07b331f984fbceeb9fd592d4511ab379e343dc53
vegfa,8b0645255d6ee1563368ccb064173ec0f061e25cfc414ef27248e4e9e4f98138,masked_substitution,86b97c4bdc4231a8e9448643ccc33ec12839cad16933d3f1aedd5c2901345eb0,primary_parent,02e6e8a9041d1f5e02ded66ace7f1bf8353933cb460554f7d6d4f7827ee851e3,amp_read_log10_mic_um,numeric,true,same_frozen_numeric_contract,minimize,log10(uM),0.8502392420270765,0.9371682627641642,0.08692902073708775,-0.08692902073708775,true,ec44413ba9c235c6c7782a2c99e464983035a4d64585d10ef909712cfb0af344
vegfa,8b0645255d6ee1563368ccb064173ec0f061e25cfc414ef27248e4e9e4f98138,masked_substitution,86b97c4bdc4231a8e9448643ccc33ec12839cad16933d3f1aedd5c2901345eb0,primary_parent,02e6e8a9041d1f5e02ded66ace7f1bf8353933cb460554f7d6d4f7827ee851e3,guruprasad_instability_index,numeric,true,same_frozen_numeric_contract,minimize,index,-9.308695652173913,-9.308696,-3.478260861555782e-07,3.478260861555782e-07,true,085ffbbebf977ffbb1f20072efe88b9fcdbeab3f86155eb40257fc492089e16b
vegfa,8b0645255d6ee1563368ccb064173ec0f061e25cfc414ef27248e4e9e4f98138,masked_substitution,86b97c4bdc4231a8e9448643ccc33ec12839cad16933d3f1aedd5c2901345eb0,primary_parent,02e6e8a9041d1f5e02ded66ace7f1bf8353933cb460554f7d6d4f7827ee851e3,hydrophobic_moment_eisenberg,numeric,false,audit_metric_has_no_monotonic_improvement_direction,audit,dimensionless,0.14056582796750103,0.2295458728694512,0.08898004490195016,,true,6e1024c05d7d6f6bab56d28f410687de0d507fc99caa5ac948a0d707a459061c
vegfa,8b0645255d6ee1563368ccb064173ec0f061e25cfc414ef27248e4e9e4f98138,masked_substitution,86b97c4bdc4231a8e9448643ccc33ec12839cad16933d3f1aedd5c2901345eb0,primary_parent,02e6e8a9041d1f5e02ded66ace7f1bf8353933cb460554f7d6d4f7827ee851e3,hydrophobic_ratio_modlamp,numeric,false,audit_metric_has_no_monotonic_improvement_direction,audit,fraction,0.2608695652173913,0.2608695652173913,0.0,,false,8db1c413c0b88fe64dff557b1928e79d175361d312ce3f092072e9ba24826d9d
vegfa,8b0645255d6ee1563368ccb064173ec0f061e25cfc414ef27248e4e9e4f98138,masked_substitution,86b97c4bdc4231a8e9448643ccc33ec12839cad16933d3f1aedd5c2901345eb0,primary_parent,02e6e8a9041d1f5e02ded66ace7f1bf8353933cb460554f7d6d4f7827ee851e3,llamp_log10_mic_um,numeric,true,same_frozen_numeric_contract,minimize,log10(uM),1.3610467910766602,1.6109402179718018,0.2498934268951416,-0.2498934268951416,true,8d155f92b3b0b34c26935bd09bd81a4ca1e8457df854a830e56b540343762545
vegfa,8b0645255d6ee1563368ccb064173ec0f061e25cfc414ef27248e4e9e4f98138,masked_substitution,86b97c4bdc4231a8e9448643ccc33ec12839cad16933d3f1aedd5c2901345eb0,primary_parent,02e6e8a9041d1f5e02ded66ace7f1bf8353933cb460554f7d6d4f7827ee851e3,macrel_amp_probability,numeric,true,same_frozen_numeric_contract,maximize,probability,0.584,0.545,-0.038999999999999924,-0.038999999999999924,true,2fe2b6fd3dc8edfad8edee0f81d53b072030df26ca40d1142f4ea169616335a6
vegfa,8b0645255d6ee1563368ccb064173ec0f061e25cfc414ef27248e4e9e4f98138,masked_substitution,86b97c4bdc4231a8e9448643ccc33ec12839cad16933d3f1aedd5c2901345eb0,primary_parent,02e6e8a9041d1f5e02ded66ace7f1bf8353933cb460554f7d6d4f7827ee851e3,macrel_hemolysis_label,categorical,true,same_frozen_label_contract,audit,label,low,low,,,false,c2dce10391ae7dcc4f1ab362a28f3f5a5b79980d56275b5eff05450fd0b6723e
vegfa,8b0645255d6ee1563368ccb064173ec0f061e25cfc414ef27248e4e9e4f98138,masked_substitution,86b97c4bdc4231a8e9448643ccc33ec12839cad16933d3f1aedd5c2901345eb0,primary_parent,02e6e8a9041d1f5e02ded66ace7f1bf8353933cb460554f7d6d4f7827ee851e3,macrel_hemolysis_probability,numeric,true,same_frozen_numeric_contract,minimize,probability,0.465,0.465,0.0,-0.0,false,503b5e22f6a52e667c4d6c45f7415d0e5eea8601dd738d94eb9b391dd55e1035
vegfa,8b0645255d6ee1563368ccb064173ec0f061e25cfc414ef27248e4e9e4f98138,masked_substitution,86b97c4bdc4231a8e9448643ccc33ec12839cad16933d3f1aedd5c2901345eb0,primary_parent,02e6e8a9041d1f5e02ded66ace7f1bf8353933cb460554f7d6d4f7827ee851e3,maximum_hydrophobic_run,numeric,true,same_frozen_numeric_contract,minimize,residues,2.0,2.0,0.0,-0.0,false,ff8ac6c27e9ce9770b9f76ecae97b73e6d2c1cc6aa92f4230ba64e43f83f3a56
vegfa,8b0645255d6ee1563368ccb064173ec0f061e25cfc414ef27248e4e9e4f98138,masked_substitution,86b97c4bdc4231a8e9448643ccc33ec12839cad16933d3f1aedd5c2901345eb0,primary_parent,02e6e8a9041d1f5e02ded66ace7f1bf8353933cb460554f7d6d4f7827ee851e3,net_charge_ph7_4,numeric,false,audit_metric_has_no_monotonic_improvement_direction,audit,elementary_charge,6.112,7.07,0.9580000000000002,,true,03fdd933149d4c73fc0159b636ddc803b5400bb207a482c73af7c3d7bb1a9e03
vegfa,8b0645255d6ee1563368ccb064173ec0f061e25cfc414ef27248e4e9e4f98138,masked_substitution,86b97c4bdc4231a8e9448643ccc33ec12839cad16933d3f1aedd5c2901345eb0,primary_parent,02e6e8a9041d1f5e02ded66ace7f1bf8353933cb460554f7d6d4f7827ee851e3,toxinpred3_hybrid_score,numeric,true,same_frozen_numeric_contract,minimize,dimensionless,0.0,0.0,0.0,-0.0,false,344852e4a7752f964158fc646c2d9c8e096b5b9c62380509abfed0e2072a582e
vegfa,8b0645255d6ee1563368ccb064173ec0f061e25cfc414ef27248e4e9e4f98138,masked_substitution,86b97c4bdc4231a8e9448643ccc33ec12839cad16933d3f1aedd5c2901345eb0,primary_parent,02e6e8a9041d1f5e02ded66ace7f1bf8353933cb460554f7d6d4f7827ee851e3,toxinpred3_label,categorical,true,same_frozen_label_contract,audit,label,Non-Toxin,Non-Toxin,,,false,db04b8375533f661b22dddc8475b6c59eaf3f861a57536f30757694462144897
vegfa,ce677e970d4b6d31ee8f30ef957be2f72d36f55208d392b0b1fe9bb767e0a733,controlled_crossover,28023cd1ee45ef7187d49ddee3c38f250dba473ed40cec6574f6ef40a23cbab0,primary_parent,dd641bf4505cafd6d07b207294bb7fca3279c06b4dc2c807dd8a0399ce77128d,amp_read_log10_mic_um,numeric,true,same_frozen_numeric_contract,minimize,log10(uM),1.3815580984922229,1.7328651796944432,0.3513070812022203,-0.3513070812022203,true,13672ebaebce318f4d827a3c1a556c0a95ac0357398c209a8401cba2db0aa5fc
vegfa,ce677e970d4b6d31ee8f30ef957be2f72d36f55208d392b0b1fe9bb767e0a733,controlled_crossover,28023cd1ee45ef7187d49ddee3c38f250dba473ed40cec6574f6ef40a23cbab0,primary_parent,dd641bf4505cafd6d07b207294bb7fca3279c06b4dc2c807dd8a0399ce77128d,guruprasad_instability_index,numeric,true,same_frozen_numeric_contract,minimize,index,8.988461538461536,29.161538,20.173076461538464,-20.173076461538464,true,87c11a7d7bc0d20736792d5d0d2e2dadab941c70a6937b6a2dea281a34dd51c1
vegfa,ce677e970d4b6d31ee8f30ef957be2f72d36f55208d392b0b1fe9bb767e0a733,controlled_crossover,28023cd1ee45ef7187d49ddee3c38f250dba473ed40cec6574f6ef40a23cbab0,primary_parent,dd641bf4505cafd6d07b207294bb7fca3279c06b4dc2c807dd8a0399ce77128d,hydrophobic_moment_eisenberg,numeric,false,audit_metric_has_no_monotonic_improvement_direction,audit,dimensionless,0.11206580949290935,0.07418976545647887,-0.03787604403643048,,true,0e0298e92839aa1096d400124a7b9784e4aa31b3011c8d1a440c14b581c183c5
vegfa,ce677e970d4b6d31ee8f30ef957be2f72d36f55208d392b0b1fe9bb767e0a733,controlled_crossover,28023cd1ee45ef7187d49ddee3c38f250dba473ed40cec6574f6ef40a23cbab0,primary_parent,dd641bf4505cafd6d07b207294bb7fca3279c06b4dc2c807dd8a0399ce77128d,hydrophobic_ratio_modlamp,numeric,false,audit_metric_has_no_monotonic_improvement_direction,audit,fraction,0.07692307692307693,0.038461538461538464,-0.038461538461538464,,true,e57e53e9219413894b18b0ce690e95380cda14cf331f0c9226b5e2d1e61492d7
vegfa,ce677e970d4b6d31ee8f30ef957be2f72d36f55208d392b0b1fe9bb767e0a733,controlled_crossover,28023cd1ee45ef7187d49ddee3c38f250dba473ed40cec6574f6ef40a23cbab0,primary_parent,dd641bf4505cafd6d07b207294bb7fca3279c06b4dc2c807dd8a0399ce77128d,llamp_log10_mic_um,numeric,true,same_frozen_numeric_contract,minimize,log10(uM),0.6327211856842041,1.0768488645553589,0.4441276788711548,-0.4441276788711548,true,11a5f589587f8aabb8aee3cdbe31b0a936a48b79be7f879344eab7cd1ee027eb
vegfa,ce677e970d4b6d31ee8f30ef957be2f72d36f55208d392b0b1fe9bb767e0a733,controlled_crossover,28023cd1ee45ef7187d49ddee3c38f250dba473ed40cec6574f6ef40a23cbab0,primary_parent,dd641bf4505cafd6d07b207294bb7fca3279c06b4dc2c807dd8a0399ce77128d,macrel_amp_probability,numeric,true,same_frozen_numeric_contract,maximize,probability,0.564,0.307,-0.25699999999999995,-0.25699999999999995,true,328e21de6a3a3250b1b4fb0cc8081a7b9c6e2280838add5d8818b0c71dca40cb
vegfa,ce677e970d4b6d31ee8f30ef957be2f72d36f55208d392b0b1fe9bb767e0a733,controlled_crossover,28023cd1ee45ef7187d49ddee3c38f250dba473ed40cec6574f6ef40a23cbab0,primary_parent,dd641bf4505cafd6d07b207294bb7fca3279c06b4dc2c807dd8a0399ce77128d,macrel_hemolysis_label,categorical,true,same_frozen_label_contract,audit,label,low,low,,,false,3f9fd768dc9b13c7231bf19581ba401803f24e40c5da13d98133a3225e06a3ff
vegfa,ce677e970d4b6d31ee8f30ef957be2f72d36f55208d392b0b1fe9bb767e0a733,controlled_crossover,28023cd1ee45ef7187d49ddee3c38f250dba473ed40cec6574f6ef40a23cbab0,primary_parent,dd641bf4505cafd6d07b207294bb7fca3279c06b4dc2c807dd8a0399ce77128d,macrel_hemolysis_probability,numeric,true,same_frozen_numeric_contract,minimize,probability,0.386,0.267,-0.119,0.119,true,0797ca5768bfba3584780d814582f305806c6bf5a381c8117dd4b5634d966a83
vegfa,ce677e970d4b6d31ee8f30ef957be2f72d36f55208d392b0b1fe9bb767e0a733,controlled_crossover,28023cd1ee45ef7187d49ddee3c38f250dba473ed40cec6574f6ef40a23cbab0,primary_parent,dd641bf4505cafd6d07b207294bb7fca3279c06b4dc2c807dd8a0399ce77128d,maximum_hydrophobic_run,numeric,true,same_frozen_numeric_contract,minimize,residues,2.0,1.0,-1.0,1.0,true,fb777f044d2fdb6e037dbbcd9c2c789a7592768302c9adf61dc23787f18b7960
vegfa,ce677e970d4b6d31ee8f30ef957be2f72d36f55208d392b0b1fe9bb767e0a733,controlled_crossover,28023cd1ee45ef7187d49ddee3c38f250dba473ed40cec6574f6ef40a23cbab0,primary_parent,dd641bf4505cafd6d07b207294bb7fca3279c06b4dc2c807dd8a0399ce77128d,net_charge_ph7_4,numeric,false,audit_metric_has_no_monotonic_improvement_direction,audit,elementary_charge,9.152,11.11,1.9580000000000002,,true,bce8918cf2713971d35347f581d447ac695d36a528f42cc5c49b64a996c77c43
vegfa,ce677e970d4b6d31ee8f30ef957be2f72d36f55208d392b0b1fe9bb767e0a733,controlled_crossover,28023cd1ee45ef7187d49ddee3c38f250dba473ed40cec6574f6ef40a23cbab0,primary_parent,dd641bf4505cafd6d07b207294bb7fca3279c06b4dc2c807dd8a0399ce77128d,toxinpred3_hybrid_score,numeric,true,same_frozen_numeric_contract,minimize,dimensionless,0.015,0.0,-0.015,0.015,true,6586bd4452217e08600d2b84d69a50d86d0a74d14202fd5b6511ccdfd14fa779
vegfa,ce677e970d4b6d31ee8f30ef957be2f72d36f55208d392b0b1fe9bb767e0a733,controlled_crossover,28023cd1ee45ef7187d49ddee3c38f250dba473ed40cec6574f6ef40a23cbab0,primary_parent,dd641bf4505cafd6d07b207294bb7fca3279c06b4dc2c807dd8a0399ce77128d,toxinpred3_label,categorical,true,same_frozen_label_contract,audit,label,Non-Toxin,Non-Toxin,,,false,9efaa9a8267752f6e9c0e3f3f8a23d0e37a0c4106d0d65bbc0570ec7a9df3852
vegfa,ce677e970d4b6d31ee8f30ef957be2f72d36f55208d392b0b1fe9bb767e0a733,controlled_crossover,28023cd1ee45ef7187d49ddee3c38f250dba473ed40cec6574f6ef40a23cbab0,donor_parent,1d4045ee102780188e827660368729f44269e8780200c1bedb280e380f1d5243,amp_read_log10_mic_um,numeric,true,same_frozen_numeric_contract,minimize,log10(uM),1.2629065663007313,1.7328651796944432,0.4699586133937119,-0.4699586133937119,true,a5bd1386919e74dae7b113a6df7540d4e6f89abe4c8f1a0eb7926c31d21db706
vegfa,ce677e970d4b6d31ee8f30ef957be2f72d36f55208d392b0b1fe9bb767e0a733,controlled_crossover,28023cd1ee45ef7187d49ddee3c38f250dba473ed40cec6574f6ef40a23cbab0,donor_parent,1d4045ee102780188e827660368729f44269e8780200c1bedb280e380f1d5243,guruprasad_instability_index,numeric,true,same_frozen_numeric_contract,minimize,index,35.079166666666666,29.161538,-5.9176286666666655,5.9176286666666655,true,053998491fff089d97715c3516ba5d49a456967d6b3967325e2adeb40d180fa0
vegfa,ce677e970d4b6d31ee8f30ef957be2f72d36f55208d392b0b1fe9bb767e0a733,controlled_crossover,28023cd1ee45ef7187d49ddee3c38f250dba473ed40cec6574f6ef40a23cbab0,donor_parent,1d4045ee102780188e827660368729f44269e8780200c1bedb280e380f1d5243,hydrophobic_moment_eisenberg,numeric,false,audit_metric_has_no_monotonic_improvement_direction,audit,dimensionless,0.2750561915542174,0.07418976545647887,-0.20086642609773853,,true,764cfe63fc10d5d88c074b81867bf9c9ac33ae37f8f9493ff10db7377efe141e
vegfa,ce677e970d4b6d31ee8f30ef957be2f72d36f55208d392b0b1fe9bb767e0a733,controlled_crossover,28023cd1ee45ef7187d49ddee3c38f250dba473ed40cec6574f6ef40a23cbab0,donor_parent,1d4045ee102780188e827660368729f44269e8780200c1bedb280e380f1d5243,hydrophobic_ratio_modlamp,numeric,false,audit_metric_has_no_monotonic_improvement_direction,audit,fraction,0.08333333333333333,0.038461538461538464,-0.044871794871794865,,true,e730936bb34cc47e6a34e96ddbafc935ffe0bafadbca99bc1788aa39e4ededc4
vegfa,ce677e970d4b6d31ee8f30ef957be2f72d36f55208d392b0b1fe9bb767e0a733,controlled_crossover,28023cd1ee45ef7187d49ddee3c38f250dba473ed40cec6574f6ef40a23cbab0,donor_parent,1d4045ee102780188e827660368729f44269e8780200c1bedb280e380f1d5243,llamp_log10_mic_um,numeric,true,same_frozen_numeric_contract,minimize,log10(uM),1.0507502555847168,1.0768488645553589,0.02609860897064209,-0.02609860897064209,true,c0d9a6e947d67c79b2822dee421df646aac03c862fb1628cde2ecf6b267ae32e
vegfa,ce677e970d4b6d31ee8f30ef957be2f72d36f55208d392b0b1fe9bb767e0a733,controlled_crossover,28023cd1ee45ef7187d49ddee3c38f250dba473ed40cec6574f6ef40a23cbab0,donor_parent,1d4045ee102780188e827660368729f44269e8780200c1bedb280e380f1d5243,macrel_amp_probability,numeric,true,same_frozen_numeric_contract,maximize,probability,0.505,0.307,-0.198,-0.198,true,9206d7871aaf023f6ee49c8dff3e23a3e62b9e837a24c56189eb3d1d4a3a1bcc
vegfa,ce677e970d4b6d31ee8f30ef957be2f72d36f55208d392b0b1fe9bb767e0a733,controlled_crossover,28023cd1ee45ef7187d49ddee3c38f250dba473ed40cec6574f6ef40a23cbab0,donor_parent,1d4045ee102780188e827660368729f44269e8780200c1bedb280e380f1d5243,macrel_hemolysis_label,categorical,true,same_frozen_label_contract,audit,label,low,low,,,false,09ef0e0e020fe408cd4750520925d488625db1019ce46b41318f64b7a226473e
vegfa,ce677e970d4b6d31ee8f30ef957be2f72d36f55208d392b0b1fe9bb767e0a733,controlled_crossover,28023cd1ee45ef7187d49ddee3c38f250dba473ed40cec6574f6ef40a23cbab0,donor_parent,1d4045ee102780188e827660368729f44269e8780200c1bedb280e380f1d5243,macrel_hemolysis_probability,numeric,true,same_frozen_numeric_contract,minimize,probability,0.495,0.267,-0.22799999999999998,0.22799999999999998,true,ea463e4cb8e0751fcd2d1550fdc515261fe56cf68c410e08075556321f032c9e
vegfa,ce677e970d4b6d31ee8f30ef957be2f72d36f55208d392b0b1fe9bb767e0a733,controlled_crossover,28023cd1ee45ef7187d49ddee3c38f250dba473ed40cec6574f6ef40a23cbab0,donor_parent,1d4045ee102780188e827660368729f44269e8780200c1bedb280e380f1d5243,maximum_hydrophobic_run,numeric,true,same_frozen_numeric_contract,minimize,residues,1.0,1.0,0.0,-0.0,false,329deaa5a7e664fec313204af3f2370e09acbb794c3fc1f8c2be39732af53c11
vegfa,ce677e970d4b6d31ee8f30ef957be2f72d36f55208d392b0b1fe9bb767e0a733,controlled_crossover,28023cd1ee45ef7187d49ddee3c38f250dba473ed40cec6574f6ef40a23cbab0,donor_parent,1d4045ee102780188e827660368729f44269e8780200c1bedb280e380f1d5243,net_charge_ph7_4,numeric,false,audit_metric_has_no_monotonic_improvement_direction,audit,elementary_charge,8.028,11.11,3.081999999999999,,true,ac8224c77511153119558f1a61ffaf2814c41851520519a9ccd04f96d2680f23
vegfa,ce677e970d4b6d31ee8f30ef957be2f72d36f55208d392b0b1fe9bb767e0a733,controlled_crossover,28023cd1ee45ef7187d49ddee3c38f250dba473ed40cec6574f6ef40a23cbab0,donor_parent,1d4045ee102780188e827660368729f44269e8780200c1bedb280e380f1d5243,toxinpred3_hybrid_score,numeric,true,same_frozen_numeric_contract,minimize,dimensionless,0.0,0.0,0.0,-0.0,false,b149e7d172029af5f82360ee1a271ca4b996807b1fd123922cdfffdda440008a
vegfa,ce677e970d4b6d31ee8f30ef957be2f72d36f55208d392b0b1fe9bb767e0a733,controlled_crossover,28023cd1ee45ef7187d49ddee3c38f250dba473ed40cec6574f6ef40a23cbab0,donor_parent,1d4045ee102780188e827660368729f44269e8780200c1bedb280e380f1d5243,toxinpred3_label,categorical,true,same_frozen_label_contract,audit,label,Non-Toxin,Non-Toxin,,,false,a40c49dbf00d70f6e48c4914a2ef8c989f9df6e9327e344a42f7dc9d2508a73a
vegfa,09d0043bcaf15f07f0e02f0c2baf0155ee0e0765671d954f1fb1ee1bedd6a277,de_novo,610b79589fd2949a1e834a680746ca13892a64dc92ae77ae749fba151df87c28,none,,amp_read_log10_mic_um,numeric,false,de_novo_has_no_biological_parent,,,,1.9156583624172678,,,,616a64fbcf041c8a142998b220d069585b9b37213a653997e3517e0bde24c67b
vegfa,09d0043bcaf15f07f0e02f0c2baf0155ee0e0765671d954f1fb1ee1bedd6a277,de_novo,610b79589fd2949a1e834a680746ca13892a64dc92ae77ae749fba151df87c28,none,,guruprasad_instability_index,numeric,false,de_novo_has_no_biological_parent,,,,3.584000,,,,02784f723ab2094d7d3525625690c233571d33bd0cbf9ee9d2ca01b9b620ce45
vegfa,09d0043bcaf15f07f0e02f0c2baf0155ee0e0765671d954f1fb1ee1bedd6a277,de_novo,610b79589fd2949a1e834a680746ca13892a64dc92ae77ae749fba151df87c28,none,,hydrophobic_moment_eisenberg,numeric,false,de_novo_has_no_biological_parent,,,,0.24056589627242547,,,,d82b1f6afa5a7a51c365a788daad69b351f88476b927eb79e17259e67437ffab
vegfa,09d0043bcaf15f07f0e02f0c2baf0155ee0e0765671d954f1fb1ee1bedd6a277,de_novo,610b79589fd2949a1e834a680746ca13892a64dc92ae77ae749fba151df87c28,none,,hydrophobic_ratio_modlamp,numeric,false,de_novo_has_no_biological_parent,,,,0.16,,,,846e159c562786536acc08b695a52e04cbba8920f813485b1553f0a197196a59
vegfa,09d0043bcaf15f07f0e02f0c2baf0155ee0e0765671d954f1fb1ee1bedd6a277,de_novo,610b79589fd2949a1e834a680746ca13892a64dc92ae77ae749fba151df87c28,none,,llamp_log10_mic_um,numeric,false,de_novo_has_no_biological_parent,,,,1.6406289339065552,,,,8cd1cd28997536296619a53e376fa87c4c2abe8f7ba5460ec5ede1b38ee8ca9e
vegfa,09d0043bcaf15f07f0e02f0c2baf0155ee0e0765671d954f1fb1ee1bedd6a277,de_novo,610b79589fd2949a1e834a680746ca13892a64dc92ae77ae749fba151df87c28,none,,macrel_amp_probability,numeric,false,de_novo_has_no_biological_parent,,,,0.431,,,,3e67741414ed247120a4718f329003a8151d27baa6689cb3aacd75b5b72eb968
vegfa,09d0043bcaf15f07f0e02f0c2baf0155ee0e0765671d954f1fb1ee1bedd6a277,de_novo,610b79589fd2949a1e834a680746ca13892a64dc92ae77ae749fba151df87c28,none,,macrel_hemolysis_label,categorical,false,de_novo_has_no_biological_parent,,,,high,,,,68e079049797d6e391582b0797776879f0d92259a3e6b2944c5def4a219cc9ef
vegfa,09d0043bcaf15f07f0e02f0c2baf0155ee0e0765671d954f1fb1ee1bedd6a277,de_novo,610b79589fd2949a1e834a680746ca13892a64dc92ae77ae749fba151df87c28,none,,macrel_hemolysis_probability,numeric,false,de_novo_has_no_biological_parent,,,,0.584,,,,244b1dd1b097db295e10d557d40c643d8bedbfc4152d2781a35964c19c18853c
vegfa,09d0043bcaf15f07f0e02f0c2baf0155ee0e0765671d954f1fb1ee1bedd6a277,de_novo,610b79589fd2949a1e834a680746ca13892a64dc92ae77ae749fba151df87c28,none,,maximum_hydrophobic_run,numeric,false,de_novo_has_no_biological_parent,,,,2,,,,7ca3c3c61e047da41057b1c179897837999280fffcb01b90344177ee5b193438
vegfa,09d0043bcaf15f07f0e02f0c2baf0155ee0e0765671d954f1fb1ee1bedd6a277,de_novo,610b79589fd2949a1e834a680746ca13892a64dc92ae77ae749fba151df87c28,none,,net_charge_ph7_4,numeric,false,de_novo_has_no_biological_parent,,,,6.071,,,,60d173bbb3cd7bf77ddbc817bcddcb1672abf279307f243a7b9b9d239152778e
vegfa,09d0043bcaf15f07f0e02f0c2baf0155ee0e0765671d954f1fb1ee1bedd6a277,de_novo,610b79589fd2949a1e834a680746ca13892a64dc92ae77ae749fba151df87c28,none,,toxinpred3_hybrid_score,numeric,false,de_novo_has_no_biological_parent,,,,0.0,,,,5f96b1a55bf8a0abf4ac8af6b9b8e27d42268f7d2bbb224afd5f60a3d1ed260a
vegfa,09d0043bcaf15f07f0e02f0c2baf0155ee0e0765671d954f1fb1ee1bedd6a277,de_novo,610b79589fd2949a1e834a680746ca13892a64dc92ae77ae749fba151df87c28,none,,toxinpred3_label,categorical,false,de_novo_has_no_biological_parent,,,,Non-Toxin,,,,ddf5810e5f5e8db4acb9f8358b2021ed0f979ea575bb189fc3d3dc111f8053c8
vegfa,ea595f91d75a839bb8eeb3571dd56f5ddfb8f25547a2d4837912067587351b6f,de_novo,f47aaacc0bc8512e36c5022b090c119fa1beb6cb42896c78473b4b8ae614793a,none,,amp_read_log10_mic_um,numeric,false,de_novo_has_no_biological_parent,,,,2.6739510573030425,,,,a61f84f52f9f926f809bd5be5a38f29df4640e136954d9f6b2ed8bda5766bbab
vegfa,ea595f91d75a839bb8eeb3571dd56f5ddfb8f25547a2d4837912067587351b6f,de_novo,f47aaacc0bc8512e36c5022b090c119fa1beb6cb42896c78473b4b8ae614793a,none,,guruprasad_instability_index,numeric,false,de_novo_has_no_biological_parent,,,,24.860870,,,,9ad9552859c3878df471a9247d95c81670da3f6681686b3dbdfc1ced51e8c0e3
vegfa,ea595f91d75a839bb8eeb3571dd56f5ddfb8f25547a2d4837912067587351b6f,de_novo,f47aaacc0bc8512e36c5022b090c119fa1beb6cb42896c78473b4b8ae614793a,none,,hydrophobic_moment_eisenberg,numeric,false,de_novo_has_no_biological_parent,,,,0.08247564808841898,,,,2d579549b119f3bede03824d62e8269ceaab24b4581dbe2b970310942ef7ce9d
vegfa,ea595f91d75a839bb8eeb3571dd56f5ddfb8f25547a2d4837912067587351b6f,de_novo,f47aaacc0bc8512e36c5022b090c119fa1beb6cb42896c78473b4b8ae614793a,none,,hydrophobic_ratio_modlamp,numeric,false,de_novo_has_no_biological_parent,,,,0.043478260869565216,,,,442274b03b7f687367d0dd6736233dabd7c35834aca2d69dbfd88eb4f4948cd7
vegfa,ea595f91d75a839bb8eeb3571dd56f5ddfb8f25547a2d4837912067587351b6f,de_novo,f47aaacc0bc8512e36c5022b090c119fa1beb6cb42896c78473b4b8ae614793a,none,,llamp_log10_mic_um,numeric,false,de_novo_has_no_biological_parent,,,,0.870765209197998,,,,ef260c8f73fe1ec4019933fe417efcaa432d280049763b489cd11f40ed893de8
vegfa,ea595f91d75a839bb8eeb3571dd56f5ddfb8f25547a2d4837912067587351b6f,de_novo,f47aaacc0bc8512e36c5022b090c119fa1beb6cb42896c78473b4b8ae614793a,none,,macrel_amp_probability,numeric,false,de_novo_has_no_biological_parent,,,,0.366,,,,651379b19642f3610af837abacadd8ac3f594696f56bcf35bf59d2b6ef91e55b
vegfa,ea595f91d75a839bb8eeb3571dd56f5ddfb8f25547a2d4837912067587351b6f,de_novo,f47aaacc0bc8512e36c5022b090c119fa1beb6cb42896c78473b4b8ae614793a,none,,macrel_hemolysis_label,categorical,false,de_novo_has_no_biological_parent,,,,low,,,,6d2252f632b85b3ee868b76f89a4797ecd4fe6761ddf7bf1464565c8b76ce60a
vegfa,ea595f91d75a839bb8eeb3571dd56f5ddfb8f25547a2d4837912067587351b6f,de_novo,f47aaacc0bc8512e36c5022b090c119fa1beb6cb42896c78473b4b8ae614793a,none,,macrel_hemolysis_probability,numeric,false,de_novo_has_no_biological_parent,,,,0.267,,,,ea88f89f67201a29bcfcb823e9f2b4c3355d902a02ad323ef9185bf195a47fe2
vegfa,ea595f91d75a839bb8eeb3571dd56f5ddfb8f25547a2d4837912067587351b6f,de_novo,f47aaacc0bc8512e36c5022b090c119fa1beb6cb42896c78473b4b8ae614793a,none,,maximum_hydrophobic_run,numeric,false,de_novo_has_no_biological_parent,,,,1,,,,970a90afa90b9bcf98996bb019228a90594a5812f0f67045bae64b4e4db6990d
vegfa,ea595f91d75a839bb8eeb3571dd56f5ddfb8f25547a2d4837912067587351b6f,de_novo,f47aaacc0bc8512e36c5022b090c119fa1beb6cb42896c78473b4b8ae614793a,none,,net_charge_ph7_4,numeric,false,de_novo_has_no_biological_parent,,,,6.07,,,,25e563f63b233b27a9019c682bc6e54fda2dbedfad3926fe6770f2b1e7c05936
vegfa,ea595f91d75a839bb8eeb3571dd56f5ddfb8f25547a2d4837912067587351b6f,de_novo,f47aaacc0bc8512e36c5022b090c119fa1beb6cb42896c78473b4b8ae614793a,none,,toxinpred3_hybrid_score,numeric,false,de_novo_has_no_biological_parent,,,,0.35,,,,7eeaf0c6e1d49f4c1aa68067f74155f9dbd24e639d89832cac2a28e6eb50afb5
vegfa,ea595f91d75a839bb8eeb3571dd56f5ddfb8f25547a2d4837912067587351b6f,de_novo,f47aaacc0bc8512e36c5022b090c119fa1beb6cb42896c78473b4b8ae614793a,none,,toxinpred3_label,categorical,false,de_novo_has_no_biological_parent,,,,Non-Toxin,,,,f98b867bc207777d3296471b5b9ee5d819c5610163f6e49d62f8197743849fdd
vegfa,bba720bbc1054935ebfe7c190ded0f6d924047efe84e37386bb048b2cfb3175e,masked_substitution,94f1d724831ffb5175f96169034dee580b3afedae460e31227b189428dfc7304,primary_parent,02e6e8a9041d1f5e02ded66ace7f1bf8353933cb460554f7d6d4f7827ee851e3,amp_read_log10_mic_um,numeric,true,same_frozen_numeric_contract,minimize,log10(uM),0.8502392420270765,0.7881270995046646,-0.06211214252241182,0.06211214252241182,true,c71efdf8be9ae439cbd5b589a2d1c4b59fcf437e90dbc62e8e4835a70ecdfe8f
vegfa,bba720bbc1054935ebfe7c190ded0f6d924047efe84e37386bb048b2cfb3175e,masked_substitution,94f1d724831ffb5175f96169034dee580b3afedae460e31227b189428dfc7304,primary_parent,02e6e8a9041d1f5e02ded66ace7f1bf8353933cb460554f7d6d4f7827ee851e3,guruprasad_instability_index,numeric,true,same_frozen_numeric_contract,minimize,index,-9.308695652173913,-9.308696,-3.478260861555782e-07,3.478260861555782e-07,true,13f8bd0eaee89daf23f7e833350767d41c1c5ccb58a72dde0ac0ebaed9acff78
vegfa,bba720bbc1054935ebfe7c190ded0f6d924047efe84e37386bb048b2cfb3175e,masked_substitution,94f1d724831ffb5175f96169034dee580b3afedae460e31227b189428dfc7304,primary_parent,02e6e8a9041d1f5e02ded66ace7f1bf8353933cb460554f7d6d4f7827ee851e3,hydrophobic_moment_eisenberg,numeric,false,audit_metric_has_no_monotonic_improvement_direction,audit,dimensionless,0.14056582796750103,0.11214198764078968,-0.028423840326711344,,true,3b0a04f94f23bc35b8d1b4ec5f62b55b6dbce44207f86ef14aead55ee6b0411e
vegfa,bba720bbc1054935ebfe7c190ded0f6d924047efe84e37386bb048b2cfb3175e,masked_substitution,94f1d724831ffb5175f96169034dee580b3afedae460e31227b189428dfc7304,primary_parent,02e6e8a9041d1f5e02ded66ace7f1bf8353933cb460554f7d6d4f7827ee851e3,hydrophobic_ratio_modlamp,numeric,false,audit_metric_has_no_monotonic_improvement_direction,audit,fraction,0.2608695652173913,0.2608695652173913,0.0,,false,f949015972b39b4b7dd240d3ae99f6e033fa7d08c72e823fe6b5d5e1721783c1
vegfa,bba720bbc1054935ebfe7c190ded0f6d924047efe84e37386bb048b2cfb3175e,masked_substitution,94f1d724831ffb5175f96169034dee580b3afedae460e31227b189428dfc7304,primary_parent,02e6e8a9041d1f5e02ded66ace7f1bf8353933cb460554f7d6d4f7827ee851e3,llamp_log10_mic_um,numeric,true,same_frozen_numeric_contract,minimize,log10(uM),1.3610467910766602,1.5398879051208496,0.17884111404418945,-0.17884111404418945,true,d0c4f083e4033d3bc6b245caa7079886398e060552d8dfc60b9a63cbf39a82d6
vegfa,bba720bbc1054935ebfe7c190ded0f6d924047efe84e37386bb048b2cfb3175e,masked_substitution,94f1d724831ffb5175f96169034dee580b3afedae460e31227b189428dfc7304,primary_parent,02e6e8a9041d1f5e02ded66ace7f1bf8353933cb460554f7d6d4f7827ee851e3,macrel_amp_probability,numeric,true,same_frozen_numeric_contract,maximize,probability,0.584,0.554,-0.029999999999999916,-0.029999999999999916,true,072463b9f3a8df7ee1cad82d7a0df4024bfb75ce7c825355e559cae61adea903
vegfa,bba720bbc1054935ebfe7c190ded0f6d924047efe84e37386bb048b2cfb3175e,masked_substitution,94f1d724831ffb5175f96169034dee580b3afedae460e31227b189428dfc7304,primary_parent,02e6e8a9041d1f5e02ded66ace7f1bf8353933cb460554f7d6d4f7827ee851e3,macrel_hemolysis_label,categorical,true,same_frozen_label_contract,audit,label,low,low,,,false,5dfd8dc6594bfb9cb721c401c12144d794052a2d5b65a0bd0e8ab274e86c95af
vegfa,bba720bbc1054935ebfe7c190ded0f6d924047efe84e37386bb048b2cfb3175e,masked_substitution,94f1d724831ffb5175f96169034dee580b3afedae460e31227b189428dfc7304,primary_parent,02e6e8a9041d1f5e02ded66ace7f1bf8353933cb460554f7d6d4f7827ee851e3,macrel_hemolysis_probability,numeric,true,same_frozen_numeric_contract,minimize,probability,0.465,0.436,-0.029000000000000026,0.029000000000000026,true,377ceedfe33165cf12d63bc1808d12f8652448c10350182649ac7fb1597bd803
vegfa,bba720bbc1054935ebfe7c190ded0f6d924047efe84e37386bb048b2cfb3175e,masked_substitution,94f1d724831ffb5175f96169034dee580b3afedae460e31227b189428dfc7304,primary_parent,02e6e8a9041d1f5e02ded66ace7f1bf8353933cb460554f7d6d4f7827ee851e3,maximum_hydrophobic_run,numeric,true,same_frozen_numeric_contract,minimize,residues,2.0,2.0,0.0,-0.0,false,a028de0703586add7789b0305863ee6c8c7bd4cf2b082f56e6b0343c3da7413d
vegfa,bba720bbc1054935ebfe7c190ded0f6d924047efe84e37386bb048b2cfb3175e,masked_substitution,94f1d724831ffb5175f96169034dee580b3afedae460e31227b189428dfc7304,primary_parent,02e6e8a9041d1f5e02ded66ace7f1bf8353933cb460554f7d6d4f7827ee851e3,net_charge_ph7_4,numeric,false,audit_metric_has_no_monotonic_improvement_direction,audit,elementary_charge,6.112,6.112,0.0,,false,6ba896c6d7adaa25e4f492d57062f5a097e7b0ed888b584da456ba9e233689ee
vegfa,bba720bbc1054935ebfe7c190ded0f6d924047efe84e37386bb048b2cfb3175e,masked_substitution,94f1d724831ffb5175f96169034dee580b3afedae460e31227b189428dfc7304,primary_parent,02e6e8a9041d1f5e02ded66ace7f1bf8353933cb460554f7d6d4f7827ee851e3,toxinpred3_hybrid_score,numeric,true,same_frozen_numeric_contract,minimize,dimensionless,0.0,0.41,0.41,-0.41,true,d834eedcf22868fc54aa00f2c895e9abd24cbe92e8d5b389ae290e10f768950a
vegfa,bba720bbc1054935ebfe7c190ded0f6d924047efe84e37386bb048b2cfb3175e,masked_substitution,94f1d724831ffb5175f96169034dee580b3afedae460e31227b189428dfc7304,primary_parent,02e6e8a9041d1f5e02ded66ace7f1bf8353933cb460554f7d6d4f7827ee851e3,toxinpred3_label,categorical,true,same_frozen_label_contract,audit,label,Non-Toxin,Toxin,,,true,3fa8e2c36aeba8c9532084aa465f2c6e9d9049c1adffb722e47f27dc591b4756
vegfa,dbf21617f5077045c9c513934416996f555122a6a79a65c7c6024e64ca980a88,controlled_crossover,0b0f0901c766954c5ae63fd670d55fcaf04a037fc3b8e34a061851b75421cbef,primary_parent,dc6b9e097fdbb1cebc638561775ba07debfd2bcbae4b1e7dbb9a3812c90d1dda,amp_read_log10_mic_um,numeric,true,same_frozen_numeric_contract,minimize,log10(uM),1.4326805721868476,1.7899502761212194,0.35726970393437174,-0.35726970393437174,true,b3be6200ecee00159e071473a8025baf5e75291293126370db0af88bb064917d
vegfa,dbf21617f5077045c9c513934416996f555122a6a79a65c7c6024e64ca980a88,controlled_crossover,0b0f0901c766954c5ae63fd670d55fcaf04a037fc3b8e34a061851b75421cbef,primary_parent,dc6b9e097fdbb1cebc638561775ba07debfd2bcbae4b1e7dbb9a3812c90d1dda,guruprasad_instability_index,numeric,true,same_frozen_numeric_contract,minimize,index,8.988461538461536,33.15,24.161538461538463,-24.161538461538463,true,0605d2bcdc1e97d89e272aa8df67c2e1edd64826301ccb7a35d973c8b9262013
vegfa,dbf21617f5077045c9c513934416996f555122a6a79a65c7c6024e64ca980a88,controlled_crossover,0b0f0901c766954c5ae63fd670d55fcaf04a037fc3b8e34a061851b75421cbef,primary_parent,dc6b9e097fdbb1cebc638561775ba07debfd2bcbae4b1e7dbb9a3812c90d1dda,hydrophobic_moment_eisenberg,numeric,false,audit_metric_has_no_monotonic_improvement_direction,audit,dimensionless,0.05669057760399849,0.07934302418884709,0.0226524465848486,,true,9758fb682a7c5faeef13b621d0b18eb2f7b38cbd663cfc8732dc7a4599516c32
vegfa,dbf21617f5077045c9c513934416996f555122a6a79a65c7c6024e64ca980a88,controlled_crossover,0b0f0901c766954c5ae63fd670d55fcaf04a037fc3b8e34a061851b75421cbef,primary_parent,dc6b9e097fdbb1cebc638561775ba07debfd2bcbae4b1e7dbb9a3812c90d1dda,hydrophobic_ratio_modlamp,numeric,false,audit_metric_has_no_monotonic_improvement_direction,audit,fraction,0.07692307692307693,0.038461538461538464,-0.038461538461538464,,true,91a48abce58a92081c18cf612ab6ddb5c78800c49b78a5f942e62c97900af12c
vegfa,dbf21617f5077045c9c513934416996f555122a6a79a65c7c6024e64ca980a88,controlled_crossover,0b0f0901c766954c5ae63fd670d55fcaf04a037fc3b8e34a061851b75421cbef,primary_parent,dc6b9e097fdbb1cebc638561775ba07debfd2bcbae4b1e7dbb9a3812c90d1dda,llamp_log10_mic_um,numeric,true,same_frozen_numeric_contract,minimize,log10(uM),0.7191438674926758,1.2521389722824097,0.5329951047897339,-0.5329951047897339,true,84e285b0b435574ae84810fa1555910a6e8f4158a240dd2f0008f143004eda37
vegfa,dbf21617f5077045c9c513934416996f555122a6a79a65c7c6024e64ca980a88,controlled_crossover,0b0f0901c766954c5ae63fd670d55fcaf04a037fc3b8e34a061851b75421cbef,primary_parent,dc6b9e097fdbb1cebc638561775ba07debfd2bcbae4b1e7dbb9a3812c90d1dda,macrel_amp_probability,numeric,true,same_frozen_numeric_contract,maximize,probability,0.535,0.297,-0.23800000000000004,-0.23800000000000004,true,12572796101a7820d5707e5c22d59a61940e0eb64f74076b7ffc9ba0ad6a38be
vegfa,dbf21617f5077045c9c513934416996f555122a6a79a65c7c6024e64ca980a88,controlled_crossover,0b0f0901c766954c5ae63fd670d55fcaf04a037fc3b8e34a061851b75421cbef,primary_parent,dc6b9e097fdbb1cebc638561775ba07debfd2bcbae4b1e7dbb9a3812c90d1dda,macrel_hemolysis_label,categorical,true,same_frozen_label_contract,audit,label,low,low,,,false,6c8f6e3a1fedc731426472e43f2430aa4347b790917dd78764e1bdba3ec90d69
vegfa,dbf21617f5077045c9c513934416996f555122a6a79a65c7c6024e64ca980a88,controlled_crossover,0b0f0901c766954c5ae63fd670d55fcaf04a037fc3b8e34a061851b75421cbef,primary_parent,dc6b9e097fdbb1cebc638561775ba07debfd2bcbae4b1e7dbb9a3812c90d1dda,macrel_hemolysis_probability,numeric,true,same_frozen_numeric_contract,minimize,probability,0.386,0.436,0.04999999999999999,-0.04999999999999999,true,9c2b29d8ef9acc9689982c55bc4f203e36e7859f541106a7fa4ad08deca92d03
vegfa,dbf21617f5077045c9c513934416996f555122a6a79a65c7c6024e64ca980a88,controlled_crossover,0b0f0901c766954c5ae63fd670d55fcaf04a037fc3b8e34a061851b75421cbef,primary_parent,dc6b9e097fdbb1cebc638561775ba07debfd2bcbae4b1e7dbb9a3812c90d1dda,maximum_hydrophobic_run,numeric,true,same_frozen_numeric_contract,minimize,residues,2.0,1.0,-1.0,1.0,true,e5a60849a293345f31a57cd9965fc7daa20c0c27eac58b4727229d692dc9f412
vegfa,dbf21617f5077045c9c513934416996f555122a6a79a65c7c6024e64ca980a88,controlled_crossover,0b0f0901c766954c5ae63fd670d55fcaf04a037fc3b8e34a061851b75421cbef,primary_parent,dc6b9e097fdbb1cebc638561775ba07debfd2bcbae4b1e7dbb9a3812c90d1dda,net_charge_ph7_4,numeric,false,audit_metric_has_no_monotonic_improvement_direction,audit,elementary_charge,9.152,14.109,4.957000000000001,,true,4c81d08a07c2f76a110b2bd9491d406cd409f8966d1fd8673f1b38fc32858933
vegfa,dbf21617f5077045c9c513934416996f555122a6a79a65c7c6024e64ca980a88,controlled_crossover,0b0f0901c766954c5ae63fd670d55fcaf04a037fc3b8e34a061851b75421cbef,primary_parent,dc6b9e097fdbb1cebc638561775ba07debfd2bcbae4b1e7dbb9a3812c90d1dda,toxinpred3_hybrid_score,numeric,true,same_frozen_numeric_contract,minimize,dimensionless,0.015,0.0,-0.015,0.015,true,9b7f61b15ea720aa7e8440637f441867a67c966e9a3138db36e848e44d9136d9
vegfa,dbf21617f5077045c9c513934416996f555122a6a79a65c7c6024e64ca980a88,controlled_crossover,0b0f0901c766954c5ae63fd670d55fcaf04a037fc3b8e34a061851b75421cbef,primary_parent,dc6b9e097fdbb1cebc638561775ba07debfd2bcbae4b1e7dbb9a3812c90d1dda,toxinpred3_label,categorical,true,same_frozen_label_contract,audit,label,Non-Toxin,Non-Toxin,,,false,950562802e5834c3749900c58e6f20f4aa1a8010823c65564e05e5f80f69c0f5
vegfa,dbf21617f5077045c9c513934416996f555122a6a79a65c7c6024e64ca980a88,controlled_crossover,0b0f0901c766954c5ae63fd670d55fcaf04a037fc3b8e34a061851b75421cbef,donor_parent,c7b2e0f14e0204857d48b319fee33aad507b9d62c60d04cf8e9d26986bef68c7,amp_read_log10_mic_um,numeric,true,same_frozen_numeric_contract,minimize,log10(uM),1.3571686454931715,1.7899502761212194,0.43278163062804786,-0.43278163062804786,true,f083d6a4b0ff91c8e42320666c9971e59907528f7db3e04054ce4a86531b738d
vegfa,dbf21617f5077045c9c513934416996f555122a6a79a65c7c6024e64ca980a88,controlled_crossover,0b0f0901c766954c5ae63fd670d55fcaf04a037fc3b8e34a061851b75421cbef,donor_parent,c7b2e0f14e0204857d48b319fee33aad507b9d62c60d04cf8e9d26986bef68c7,guruprasad_instability_index,numeric,true,same_frozen_numeric_contract,minimize,index,25.2125,33.15,7.9375,-7.9375,true,53337c9339f51dc2957cb2c048353fe4d83cc1a2491597593271c563da659d3f
vegfa,dbf21617f5077045c9c513934416996f555122a6a79a65c7c6024e64ca980a88,controlled_crossover,0b0f0901c766954c5ae63fd670d55fcaf04a037fc3b8e34a061851b75421cbef,donor_parent,c7b2e0f14e0204857d48b319fee33aad507b9d62c60d04cf8e9d26986bef68c7,hydrophobic_moment_eisenberg,numeric,false,audit_metric_has_no_monotonic_improvement_direction,audit,dimensionless,0.10904851018239625,0.07934302418884709,-0.029705485993549163,,true,46105152238c9ae4edb64d13f3262d2daec70d6cd0314cbbb0738273d1133536
vegfa,dbf21617f5077045c9c513934416996f555122a6a79a65c7c6024e64ca980a88,controlled_crossover,0b0f0901c766954c5ae63fd670d55fcaf04a037fc3b8e34a061851b75421cbef,donor_parent,c7b2e0f14e0204857d48b319fee33aad507b9d62c60d04cf8e9d26986bef68c7,hydrophobic_ratio_modlamp,numeric,false,audit_metric_has_no_monotonic_improvement_direction,audit,fraction,0.08333333333333333,0.038461538461538464,-0.044871794871794865,,true,429d4fd1d25e38a307e12372618ae0731fbe71f81023e0f6f1b55014f1aaf4b0
vegfa,dbf21617f5077045c9c513934416996f555122a6a79a65c7c6024e64ca980a88,controlled_crossover,0b0f0901c766954c5ae63fd670d55fcaf04a037fc3b8e34a061851b75421cbef,donor_parent,c7b2e0f14e0204857d48b319fee33aad507b9d62c60d04cf8e9d26986bef68c7,llamp_log10_mic_um,numeric,true,same_frozen_numeric_contract,minimize,log10(uM),1.0691921710968018,1.2521389722824097,0.1829468011856079,-0.1829468011856079,true,daa3b35a4d73ff58d3493cd40be667a654bd5ed246719240634b5f8147e83819
vegfa,dbf21617f5077045c9c513934416996f555122a6a79a65c7c6024e64ca980a88,controlled_crossover,0b0f0901c766954c5ae63fd670d55fcaf04a037fc3b8e34a061851b75421cbef,donor_parent,c7b2e0f14e0204857d48b319fee33aad507b9d62c60d04cf8e9d26986bef68c7,macrel_amp_probability,numeric,true,same_frozen_numeric_contract,maximize,probability,0.515,0.297,-0.21800000000000003,-0.21800000000000003,true,1f8f9e3d29f288092035bf18d3eb3d8824aab56aee7287bf642f2147282444d2
vegfa,dbf21617f5077045c9c513934416996f555122a6a79a65c7c6024e64ca980a88,controlled_crossover,0b0f0901c766954c5ae63fd670d55fcaf04a037fc3b8e34a061851b75421cbef,donor_parent,c7b2e0f14e0204857d48b319fee33aad507b9d62c60d04cf8e9d26986bef68c7,macrel_hemolysis_label,categorical,true,same_frozen_label_contract,audit,label,low,low,,,false,08d6b3e793c7a6ee9dc03d68670316634ebee404035d56918e071823380bc096
vegfa,dbf21617f5077045c9c513934416996f555122a6a79a65c7c6024e64ca980a88,controlled_crossover,0b0f0901c766954c5ae63fd670d55fcaf04a037fc3b8e34a061851b75421cbef,donor_parent,c7b2e0f14e0204857d48b319fee33aad507b9d62c60d04cf8e9d26986bef68c7,macrel_hemolysis_probability,numeric,true,same_frozen_numeric_contract,minimize,probability,0.446,0.436,-0.010000000000000009,0.010000000000000009,true,7819c3b339191c08df7b5dfe9f0c045e97933bcf68f867c6cc61bc0acc9fbd9f
vegfa,dbf21617f5077045c9c513934416996f555122a6a79a65c7c6024e64ca980a88,controlled_crossover,0b0f0901c766954c5ae63fd670d55fcaf04a037fc3b8e34a061851b75421cbef,donor_parent,c7b2e0f14e0204857d48b319fee33aad507b9d62c60d04cf8e9d26986bef68c7,maximum_hydrophobic_run,numeric,true,same_frozen_numeric_contract,minimize,residues,1.0,1.0,0.0,-0.0,false,9fb0f51085d90c9e5fcecf169758a68e9133e2e380ca787ebaca1b3232f6367e
vegfa,dbf21617f5077045c9c513934416996f555122a6a79a65c7c6024e64ca980a88,controlled_crossover,0b0f0901c766954c5ae63fd670d55fcaf04a037fc3b8e34a061851b75421cbef,donor_parent,c7b2e0f14e0204857d48b319fee33aad507b9d62c60d04cf8e9d26986bef68c7,net_charge_ph7_4,numeric,false,audit_metric_has_no_monotonic_improvement_direction,audit,elementary_charge,10.027,14.109,4.082000000000001,,true,7e81729db1239169dfc6b7c7824f9d821a0bbc678ab45a7d33b623d23a69f1f0
vegfa,dbf21617f5077045c9c513934416996f555122a6a79a65c7c6024e64ca980a88,controlled_crossover,0b0f0901c766954c5ae63fd670d55fcaf04a037fc3b8e34a061851b75421cbef,donor_parent,c7b2e0f14e0204857d48b319fee33aad507b9d62c60d04cf8e9d26986bef68c7,toxinpred3_hybrid_score,numeric,true,same_frozen_numeric_contract,minimize,dimensionless,0.0,0.0,0.0,-0.0,false,159bb4dc5622ecdb8641dc8717d0f9183b62b90051efa7090554911a1c7f4cb5
vegfa,dbf21617f5077045c9c513934416996f555122a6a79a65c7c6024e64ca980a88,controlled_crossover,0b0f0901c766954c5ae63fd670d55fcaf04a037fc3b8e34a061851b75421cbef,donor_parent,c7b2e0f14e0204857d48b319fee33aad507b9d62c60d04cf8e9d26986bef68c7,toxinpred3_label,categorical,true,same_frozen_label_contract,audit,label,Non-Toxin,Non-Toxin,,,false,6b45d4f55a37e3ba602336596df0cd8c5c38a130282f317cd5533d9151568383
vegfa,d011d9015383ff368c869e740969f5c6a51fb1ed13313b961c9efc8cadbe5cda,de_novo,ec5229ea68e554bcb8a7356b25fb55fb0a991a26c429d6cdb47bb365db1b1ffb,none,,amp_read_log10_mic_um,numeric,false,de_novo_has_no_biological_parent,,,,1.6600804561694467,,,,5cecba1fbb47e6b5bde3bea0a735a58580d710a56f4de6103100a418b09ac970
vegfa,d011d9015383ff368c869e740969f5c6a51fb1ed13313b961c9efc8cadbe5cda,de_novo,ec5229ea68e554bcb8a7356b25fb55fb0a991a26c429d6cdb47bb365db1b1ffb,none,,guruprasad_instability_index,numeric,false,de_novo_has_no_biological_parent,,,,-11.965385,,,,9d29e8cd1cb0e7bc20fecd2f462d3cff92ae1e76cf926a9803bf0356bd2b5905
vegfa,d011d9015383ff368c869e740969f5c6a51fb1ed13313b961c9efc8cadbe5cda,de_novo,ec5229ea68e554bcb8a7356b25fb55fb0a991a26c429d6cdb47bb365db1b1ffb,none,,hydrophobic_moment_eisenberg,numeric,false,de_novo_has_no_biological_parent,,,,0.18467463981866744,,,,753ba155b464a0ca5dc495cae57ac47ad33dc45064f870940fb01bc255d7da61
vegfa,d011d9015383ff368c869e740969f5c6a51fb1ed13313b961c9efc8cadbe5cda,de_novo,ec5229ea68e554bcb8a7356b25fb55fb0a991a26c429d6cdb47bb365db1b1ffb,none,,hydrophobic_ratio_modlamp,numeric,false,de_novo_has_no_biological_parent,,,,0.11538461538461539,,,,7c14e1dea2c3905ea505dd1429b0350cf5b473c3efc5b0cb2ca546edeb241e21
vegfa,d011d9015383ff368c869e740969f5c6a51fb1ed13313b961c9efc8cadbe5cda,de_novo,ec5229ea68e554bcb8a7356b25fb55fb0a991a26c429d6cdb47bb365db1b1ffb,none,,llamp_log10_mic_um,numeric,false,de_novo_has_no_biological_parent,,,,1.1775747537612915,,,,a64195493ddf489e4721e5f31f9c36a517dc91e060f25b21ea448a3a15efcd0a
vegfa,d011d9015383ff368c869e740969f5c6a51fb1ed13313b961c9efc8cadbe5cda,de_novo,ec5229ea68e554bcb8a7356b25fb55fb0a991a26c429d6cdb47bb365db1b1ffb,none,,macrel_amp_probability,numeric,false,de_novo_has_no_biological_parent,,,,0.386,,,,008641d874c60320b9fd539bde9605adde0ad0da1e280c3759b5966b53a78018
vegfa,d011d9015383ff368c869e740969f5c6a51fb1ed13313b961c9efc8cadbe5cda,de_novo,ec5229ea68e554bcb8a7356b25fb55fb0a991a26c429d6cdb47bb365db1b1ffb,none,,macrel_hemolysis_label,categorical,false,de_novo_has_no_biological_parent,,,,low,,,,b364312fed17be323977c31e5435c8dd3afac7ec6f94fcddbdc75742fc82664c
vegfa,d011d9015383ff368c869e740969f5c6a51fb1ed13313b961c9efc8cadbe5cda,de_novo,ec5229ea68e554bcb8a7356b25fb55fb0a991a26c429d6cdb47bb365db1b1ffb,none,,macrel_hemolysis_probability,numeric,false,de_novo_has_no_biological_parent,,,,0.485,,,,48d58efc23c44c619b5c77d8f3b1abd2d24ab1385b692ebf96084bd82fc0a154
vegfa,d011d9015383ff368c869e740969f5c6a51fb1ed13313b961c9efc8cadbe5cda,de_novo,ec5229ea68e554bcb8a7356b25fb55fb0a991a26c429d6cdb47bb365db1b1ffb,none,,maximum_hydrophobic_run,numeric,false,de_novo_has_no_biological_parent,,,,1,,,,f2465de74a4e976cf7b7c314f6922559f13ea4b5814eac2a954c2d0ac21a1090
vegfa,d011d9015383ff368c869e740969f5c6a51fb1ed13313b961c9efc8cadbe5cda,de_novo,ec5229ea68e554bcb8a7356b25fb55fb0a991a26c429d6cdb47bb365db1b1ffb,none,,net_charge_ph7_4,numeric,false,de_novo_has_no_biological_parent,,,,9.069,,,,209452185d725ff036e7690d9fc91a8f13da506d0a113e8c2f8c46f97bb39596
vegfa,d011d9015383ff368c869e740969f5c6a51fb1ed13313b961c9efc8cadbe5cda,de_novo,ec5229ea68e554bcb8a7356b25fb55fb0a991a26c429d6cdb47bb365db1b1ffb,none,,toxinpred3_hybrid_score,numeric,false,de_novo_has_no_biological_parent,,,,0.38,,,,0c5f2ce92a74b8688422e27ea94696bacc282385b3d20e5131d3dd62f2870112
vegfa,d011d9015383ff368c869e740969f5c6a51fb1ed13313b961c9efc8cadbe5cda,de_novo,ec5229ea68e554bcb8a7356b25fb55fb0a991a26c429d6cdb47bb365db1b1ffb,none,,toxinpred3_label,categorical,false,de_novo_has_no_biological_parent,,,,Non-Toxin,,,,8fdf6bb59a14bb889622576071a6c254e195ac5712ce7780b3224b343d9383b4
vegfa,e4f1845d8acf6af2019c97b08fb82ffacc5acde600658fa9a66c5d3d4d4e818e,de_novo,297e7b73ef4f958ffac832b0b44f873f72205d47db15571268ff05022f7e7654,none,,amp_read_log10_mic_um,numeric,false,de_novo_has_no_biological_parent,,,,2.1084089740655827,,,,608943317e6ade93ed501743091df3dbcc906be4c7097d593e57f6093d82257d
vegfa,e4f1845d8acf6af2019c97b08fb82ffacc5acde600658fa9a66c5d3d4d4e818e,de_novo,297e7b73ef4f958ffac832b0b44f873f72205d47db15571268ff05022f7e7654,none,,guruprasad_instability_index,numeric,false,de_novo_has_no_biological_parent,,,,27.504167,,,,43d802d6ef8f906af2dd05e243dc35a15769dbc7ee832c19f87e4eb9d6202d1b
vegfa,e4f1845d8acf6af2019c97b08fb82ffacc5acde600658fa9a66c5d3d4d4e818e,de_novo,297e7b73ef4f958ffac832b0b44f873f72205d47db15571268ff05022f7e7654,none,,hydrophobic_moment_eisenberg,numeric,false,de_novo_has_no_biological_parent,,,,0.08419612498014113,,,,a8fc722c6daaaf66b29c6e5d356a33d39247eed32a923b57cde37f36767f5391
vegfa,e4f1845d8acf6af2019c97b08fb82ffacc5acde600658fa9a66c5d3d4d4e818e,de_novo,297e7b73ef4f958ffac832b0b44f873f72205d47db15571268ff05022f7e7654,none,,hydrophobic_ratio_modlamp,numeric,false,de_novo_has_no_biological_parent,,,,0.041666666666666664,,,,2125f3322341e6c878ba8d17cfab481b400ddf6043d0a9c0a470def65b65b654
vegfa,e4f1845d8acf6af2019c97b08fb82ffacc5acde600658fa9a66c5d3d4d4e818e,de_novo,297e7b73ef4f958ffac832b0b44f873f72205d47db15571268ff05022f7e7654,none,,llamp_log10_mic_um,numeric,false,de_novo_has_no_biological_parent,,,,1.576246976852417,,,,1f47a29eacce70f9c906b24d89e7eea7c2e4d1c4145b6f7f87d614027311275a
vegfa,e4f1845d8acf6af2019c97b08fb82ffacc5acde600658fa9a66c5d3d4d4e818e,de_novo,297e7b73ef4f958ffac832b0b44f873f72205d47db15571268ff05022f7e7654,none,,macrel_amp_probability,numeric,false,de_novo_has_no_biological_parent,,,,0.347,,,,ddd8d049971d1e075f7317954af16a159f929a215d43f9d07e4e32405ab2c382
vegfa,e4f1845d8acf6af2019c97b08fb82ffacc5acde600658fa9a66c5d3d4d4e818e,de_novo,297e7b73ef4f958ffac832b0b44f873f72205d47db15571268ff05022f7e7654,none,,macrel_hemolysis_label,categorical,false,de_novo_has_no_biological_parent,,,,low,,,,e017c60a928ba04f435841b3d925535de4acfa733fdcc8abc74c30f18f32f11e
vegfa,e4f1845d8acf6af2019c97b08fb82ffacc5acde600658fa9a66c5d3d4d4e818e,de_novo,297e7b73ef4f958ffac832b0b44f873f72205d47db15571268ff05022f7e7654,none,,macrel_hemolysis_probability,numeric,false,de_novo_has_no_biological_parent,,,,0.426,,,,de4258c0777de28db1f2cfe1aa7829af4f3787be338e38c2b757bce87ee3697b
vegfa,e4f1845d8acf6af2019c97b08fb82ffacc5acde600658fa9a66c5d3d4d4e818e,de_novo,297e7b73ef4f958ffac832b0b44f873f72205d47db15571268ff05022f7e7654,none,,maximum_hydrophobic_run,numeric,false,de_novo_has_no_biological_parent,,,,1,,,,f9138ae8e8d5213f7fbaf15d1c24b7892e56aaad6206c25591eee02f88f6121d
vegfa,e4f1845d8acf6af2019c97b08fb82ffacc5acde600658fa9a66c5d3d4d4e818e,de_novo,297e7b73ef4f958ffac832b0b44f873f72205d47db15571268ff05022f7e7654,none,,net_charge_ph7_4,numeric,false,de_novo_has_no_biological_parent,,,,10.068,,,,ca50bb3a2712696c8f74cb99d0b1b85833b71963b95c26358007d99ebf78d50e
vegfa,e4f1845d8acf6af2019c97b08fb82ffacc5acde600658fa9a66c5d3d4d4e818e,de_novo,297e7b73ef4f958ffac832b0b44f873f72205d47db15571268ff05022f7e7654,none,,toxinpred3_hybrid_score,numeric,false,de_novo_has_no_biological_parent,,,,0.21,,,,ddc18d87027dbc1e8ed407db2e5e7b59d12972fa84bacdb90dc72a4191371bba
vegfa,e4f1845d8acf6af2019c97b08fb82ffacc5acde600658fa9a66c5d3d4d4e818e,de_novo,297e7b73ef4f958ffac832b0b44f873f72205d47db15571268ff05022f7e7654,none,,toxinpred3_label,categorical,false,de_novo_has_no_biological_parent,,,,Non-Toxin,,,,b9c94d54c4d26b78fcc261f6a92e503216b0e65f619a7c005a5b93c5fd305740
vegfa,6fc8e5b23e37fadb631163b29d1da90330c3038323c17d8c0b2ccdf1c7ec2911,masked_substitution,0beb32c0d37f61bbcf9e40824e36663af9ebf24778e2741d277b814e0689d69c,primary_parent,02e6e8a9041d1f5e02ded66ace7f1bf8353933cb460554f7d6d4f7827ee851e3,amp_read_log10_mic_um,numeric,true,same_frozen_numeric_contract,minimize,log10(uM),0.8502392420270765,1.024872872807858,0.17463363078078153,-0.17463363078078153,true,11b890aa690094f645b8186baf4998a6305013b9f1333021574642fc4f427e2e
vegfa,6fc8e5b23e37fadb631163b29d1da90330c3038323c17d8c0b2ccdf1c7ec2911,masked_substitution,0beb32c0d37f61bbcf9e40824e36663af9ebf24778e2741d277b814e0689d69c,primary_parent,02e6e8a9041d1f5e02ded66ace7f1bf8353933cb460554f7d6d4f7827ee851e3,guruprasad_instability_index,numeric,true,same_frozen_numeric_contract,minimize,index,-9.308695652173913,-9.308696,-3.478260861555782e-07,3.478260861555782e-07,true,b37c5294dd47bf6bfbd54a81de30a59f3675a1cdd8196672c837de1b3453436a
vegfa,6fc8e5b23e37fadb631163b29d1da90330c3038323c17d8c0b2ccdf1c7ec2911,masked_substitution,0beb32c0d37f61bbcf9e40824e36663af9ebf24778e2741d277b814e0689d69c,primary_parent,02e6e8a9041d1f5e02ded66ace7f1bf8353933cb460554f7d6d4f7827ee851e3,hydrophobic_moment_eisenberg,numeric,false,audit_metric_has_no_monotonic_improvement_direction,audit,dimensionless,0.14056582796750103,0.117704998645723,-0.022860829321778034,,true,bf638f89235f5c45782646f4b2ab998cd18221fea0277657d6d3e69e93934d56
vegfa,6fc8e5b23e37fadb631163b29d1da90330c3038323c17d8c0b2ccdf1c7ec2911,masked_substitution,0beb32c0d37f61bbcf9e40824e36663af9ebf24778e2741d277b814e0689d69c,primary_parent,02e6e8a9041d1f5e02ded66ace7f1bf8353933cb460554f7d6d4f7827ee851e3,hydrophobic_ratio_modlamp,numeric,false,audit_metric_has_no_monotonic_improvement_direction,audit,fraction,0.2608695652173913,0.2608695652173913,0.0,,false,11dc217f70a1c99082227f15a6a4a608d3b57b1fb05ea1a10724a46738caeb28
vegfa,6fc8e5b23e37fadb631163b29d1da90330c3038323c17d8c0b2ccdf1c7ec2911,masked_substitution,0beb32c0d37f61bbcf9e40824e36663af9ebf24778e2741d277b814e0689d69c,primary_parent,02e6e8a9041d1f5e02ded66ace7f1bf8353933cb460554f7d6d4f7827ee851e3,llamp_log10_mic_um,numeric,true,same_frozen_numeric_contract,minimize,log10(uM),1.3610467910766602,1.100788950920105,-0.2602578401565552,0.2602578401565552,true,dd3819c2a2ee822da7d678961c9e530bf3b7f402756384d24148a83baaf23622
vegfa,6fc8e5b23e37fadb631163b29d1da90330c3038323c17d8c0b2ccdf1c7ec2911,masked_substitution,0beb32c0d37f61bbcf9e40824e36663af9ebf24778e2741d277b814e0689d69c,primary_parent,02e6e8a9041d1f5e02ded66ace7f1bf8353933cb460554f7d6d4f7827ee851e3,macrel_amp_probability,numeric,true,same_frozen_numeric_contract,maximize,probability,0.584,0.501,-0.08299999999999996,-0.08299999999999996,true,a16a2ead9e4a4f8ad66b2ab0bc415d4d580c999a43a8dff812d3ade76ab543bd
vegfa,6fc8e5b23e37fadb631163b29d1da90330c3038323c17d8c0b2ccdf1c7ec2911,masked_substitution,0beb32c0d37f61bbcf9e40824e36663af9ebf24778e2741d277b814e0689d69c,primary_parent,02e6e8a9041d1f5e02ded66ace7f1bf8353933cb460554f7d6d4f7827ee851e3,macrel_hemolysis_label,categorical,true,same_frozen_label_contract,audit,label,low,low,,,false,1bb98530696c3729eff58520c65b4f882e9b9162ba7071a0688813fe54da9d0c
vegfa,6fc8e5b23e37fadb631163b29d1da90330c3038323c17d8c0b2ccdf1c7ec2911,masked_substitution,0beb32c0d37f61bbcf9e40824e36663af9ebf24778e2741d277b814e0689d69c,primary_parent,02e6e8a9041d1f5e02ded66ace7f1bf8353933cb460554f7d6d4f7827ee851e3,macrel_hemolysis_probability,numeric,true,same_frozen_numeric_contract,minimize,probability,0.465,0.436,-0.029000000000000026,0.029000000000000026,true,35e92bcfdbf19b0529eef1cd723e130099c4cc092fab53c45b3ef9476f4b2c55
vegfa,6fc8e5b23e37fadb631163b29d1da90330c3038323c17d8c0b2ccdf1c7ec2911,masked_substitution,0beb32c0d37f61bbcf9e40824e36663af9ebf24778e2741d277b814e0689d69c,primary_parent,02e6e8a9041d1f5e02ded66ace7f1bf8353933cb460554f7d6d4f7827ee851e3,maximum_hydrophobic_run,numeric,true,same_frozen_numeric_contract,minimize,residues,2.0,2.0,0.0,-0.0,false,b6bbec31b406e5b1a8a14c4db0bb79cb5164622201591051f53f0e0af3980d78
vegfa,6fc8e5b23e37fadb631163b29d1da90330c3038323c17d8c0b2ccdf1c7ec2911,masked_substitution,0beb32c0d37f61bbcf9e40824e36663af9ebf24778e2741d277b814e0689d69c,primary_parent,02e6e8a9041d1f5e02ded66ace7f1bf8353933cb460554f7d6d4f7827ee851e3,net_charge_ph7_4,numeric,false,audit_metric_has_no_monotonic_improvement_direction,audit,elementary_charge,6.112,7.111,0.9989999999999997,,true,3f932129f715853f9359ad3651b3122cb24642354300796b158a8e978e0d2e9b
vegfa,6fc8e5b23e37fadb631163b29d1da90330c3038323c17d8c0b2ccdf1c7ec2911,masked_substitution,0beb32c0d37f61bbcf9e40824e36663af9ebf24778e2741d277b814e0689d69c,primary_parent,02e6e8a9041d1f5e02ded66ace7f1bf8353933cb460554f7d6d4f7827ee851e3,toxinpred3_hybrid_score,numeric,true,same_frozen_numeric_contract,minimize,dimensionless,0.0,0.0,0.0,-0.0,false,6700af2fa9f3572149efd4dd5be027fa49933ad877e2e009bf1983ecce57cceb
vegfa,6fc8e5b23e37fadb631163b29d1da90330c3038323c17d8c0b2ccdf1c7ec2911,masked_substitution,0beb32c0d37f61bbcf9e40824e36663af9ebf24778e2741d277b814e0689d69c,primary_parent,02e6e8a9041d1f5e02ded66ace7f1bf8353933cb460554f7d6d4f7827ee851e3,toxinpred3_label,categorical,true,same_frozen_label_contract,audit,label,Non-Toxin,Non-Toxin,,,false,ef85b59386dfcb12521ca412e52e98aba27f0144adc75c4a18446725de7baae4
vegfa,54782336ccbc94c522b8a4d55c5661788773c6d817348caa64fdee3c7a75da03,controlled_crossover,ac895bc0379bc195c0af2b45c8bd4c2b0683367cd325e949f698998c93d72d08,primary_parent,dd641bf4505cafd6d07b207294bb7fca3279c06b4dc2c807dd8a0399ce77128d,amp_read_log10_mic_um,numeric,true,same_frozen_numeric_contract,minimize,log10(uM),1.3815580984922229,1.787460150536351,0.4059020520441281,-0.4059020520441281,true,45b89d62e1ba94a24469185367783a68ec68197f83650edbe379bc8a3511f67c
vegfa,54782336ccbc94c522b8a4d55c5661788773c6d817348caa64fdee3c7a75da03,controlled_crossover,ac895bc0379bc195c0af2b45c8bd4c2b0683367cd325e949f698998c93d72d08,primary_parent,dd641bf4505cafd6d07b207294bb7fca3279c06b4dc2c807dd8a0399ce77128d,guruprasad_instability_index,numeric,true,same_frozen_numeric_contract,minimize,index,8.988461538461536,33.15,24.161538461538463,-24.161538461538463,true,8fa812cc7b7945f534725ed94f9a641d63198e77ba38cd7a2fbf79908bca9d17
vegfa,54782336ccbc94c522b8a4d55c5661788773c6d817348caa64fdee3c7a75da03,controlled_crossover,ac895bc0379bc195c0af2b45c8bd4c2b0683367cd325e949f698998c93d72d08,primary_parent,dd641bf4505cafd6d07b207294bb7fca3279c06b4dc2c807dd8a0399ce77128d,hydrophobic_moment_eisenberg,numeric,false,audit_metric_has_no_monotonic_improvement_direction,audit,dimensionless,0.11206580949290935,0.08505532536366187,-0.02701048412924749,,true,acdca9be1bb01eaaf95d0705aad16d7c32b588484f14eba80bdbca4862c5acfe
vegfa,54782336ccbc94c522b8a4d55c5661788773c6d817348caa64fdee3c7a75da03,controlled_crossover,ac895bc0379bc195c0af2b45c8bd4c2b0683367cd325e949f698998c93d72d08,primary_parent,dd641bf4505cafd6d07b207294bb7fca3279c06b4dc2c807dd8a0399ce77128d,hydrophobic_ratio_modlamp,numeric,false,audit_metric_has_no_monotonic_improvement_direction,audit,fraction,0.07692307692307693,0.038461538461538464,-0.038461538461538464,,true,f5fbba1eb76d1e841fa66b3c464bc5d4ee7b839b6b264193af6d2407f2437d28
vegfa,54782336ccbc94c522b8a4d55c5661788773c6d817348caa64fdee3c7a75da03,controlled_crossover,ac895bc0379bc195c0af2b45c8bd4c2b0683367cd325e949f698998c93d72d08,primary_parent,dd641bf4505cafd6d07b207294bb7fca3279c06b4dc2c807dd8a0399ce77128d,llamp_log10_mic_um,numeric,true,same_frozen_numeric_contract,minimize,log10(uM),0.6327211856842041,1.3068302869796753,0.6741091012954712,-0.6741091012954712,true,49d12b89913d706d50b264229f22c6bcde320327cb7cc46a8e77115cb66715d6
vegfa,54782336ccbc94c522b8a4d55c5661788773c6d817348caa64fdee3c7a75da03,controlled_crossover,ac895bc0379bc195c0af2b45c8bd4c2b0683367cd325e949f698998c93d72d08,primary_parent,dd641bf4505cafd6d07b207294bb7fca3279c06b4dc2c807dd8a0399ce77128d,macrel_amp_probability,numeric,true,same_frozen_numeric_contract,maximize,probability,0.564,0.317,-0.24699999999999994,-0.24699999999999994,true,f6e296ac84b7d03b06d241c7eaf86c2621b5a293e37b98b50c21da354b0ee146
vegfa,54782336ccbc94c522b8a4d55c5661788773c6d817348caa64fdee3c7a75da03,controlled_crossover,ac895bc0379bc195c0af2b45c8bd4c2b0683367cd325e949f698998c93d72d08,primary_parent,dd641bf4505cafd6d07b207294bb7fca3279c06b4dc2c807dd8a0399ce77128d,macrel_hemolysis_label,categorical,true,same_frozen_label_contract,audit,label,low,low,,,false,c46a20038481325c834b6ad4ba19a9881b88887465df540197138ba43c370f83
vegfa,54782336ccbc94c522b8a4d55c5661788773c6d817348caa64fdee3c7a75da03,controlled_crossover,ac895bc0379bc195c0af2b45c8bd4c2b0683367cd325e949f698998c93d72d08,primary_parent,dd641bf4505cafd6d07b207294bb7fca3279c06b4dc2c807dd8a0399ce77128d,macrel_hemolysis_probability,numeric,true,same_frozen_numeric_contract,minimize,probability,0.386,0.436,0.04999999999999999,-0.04999999999999999,true,4f2473c31ca8f7adce7cc710b302535c3afe58abfedb2a3eda1283cb62fea097
vegfa,54782336ccbc94c522b8a4d55c5661788773c6d817348caa64fdee3c7a75da03,controlled_crossover,ac895bc0379bc195c0af2b45c8bd4c2b0683367cd325e949f698998c93d72d08,primary_parent,dd641bf4505cafd6d07b207294bb7fca3279c06b4dc2c807dd8a0399ce77128d,maximum_hydrophobic_run,numeric,true,same_frozen_numeric_contract,minimize,residues,2.0,1.0,-1.0,1.0,true,bd9839d1e47acb89191bf3042231906a5ea5ec09b81f573e3e676a3e8a861070
vegfa,54782336ccbc94c522b8a4d55c5661788773c6d817348caa64fdee3c7a75da03,controlled_crossover,ac895bc0379bc195c0af2b45c8bd4c2b0683367cd325e949f698998c93d72d08,primary_parent,dd641bf4505cafd6d07b207294bb7fca3279c06b4dc2c807dd8a0399ce77128d,net_charge_ph7_4,numeric,false,audit_metric_has_no_monotonic_improvement_direction,audit,elementary_charge,9.152,14.109,4.957000000000001,,true,44e14209a245c9e574ddb6f415a797a6dfd26995ddd3cfa463e1d90f5153480b
vegfa,54782336ccbc94c522b8a4d55c5661788773c6d817348caa64fdee3c7a75da03,controlled_crossover,ac895bc0379bc195c0af2b45c8bd4c2b0683367cd325e949f698998c93d72d08,primary_parent,dd641bf4505cafd6d07b207294bb7fca3279c06b4dc2c807dd8a0399ce77128d,toxinpred3_hybrid_score,numeric,true,same_frozen_numeric_contract,minimize,dimensionless,0.015,0.0,-0.015,0.015,true,fa13772d88f0128577f61773592cf45c3f2f5516b0d7a7626525ad8cc45e6220
vegfa,54782336ccbc94c522b8a4d55c5661788773c6d817348caa64fdee3c7a75da03,controlled_crossover,ac895bc0379bc195c0af2b45c8bd4c2b0683367cd325e949f698998c93d72d08,primary_parent,dd641bf4505cafd6d07b207294bb7fca3279c06b4dc2c807dd8a0399ce77128d,toxinpred3_label,categorical,true,same_frozen_label_contract,audit,label,Non-Toxin,Non-Toxin,,,false,1ef14676de4f21cebc80b6f60cf6660a479effb4cc9bf326ddae23b9348de5f1
vegfa,54782336ccbc94c522b8a4d55c5661788773c6d817348caa64fdee3c7a75da03,controlled_crossover,ac895bc0379bc195c0af2b45c8bd4c2b0683367cd325e949f698998c93d72d08,donor_parent,c7b2e0f14e0204857d48b319fee33aad507b9d62c60d04cf8e9d26986bef68c7,amp_read_log10_mic_um,numeric,true,same_frozen_numeric_contract,minimize,log10(uM),1.3571686454931715,1.787460150536351,0.4302915050431795,-0.4302915050431795,true,feeef8c43d94e97c3841364120e34d9f20dd3af647128d4e24e9b12881c12886
vegfa,54782336ccbc94c522b8a4d55c5661788773c6d817348caa64fdee3c7a75da03,controlled_crossover,ac895bc0379bc195c0af2b45c8bd4c2b0683367cd325e949f698998c93d72d08,donor_parent,c7b2e0f14e0204857d48b319fee33aad507b9d62c60d04cf8e9d26986bef68c7,guruprasad_instability_index,numeric,true,same_frozen_numeric_contract,minimize,index,25.2125,33.15,7.9375,-7.9375,true,5417ef9218111cbb2248ce469985c20a170db6f15ff8e10bf7717fe453002aee
vegfa,54782336ccbc94c522b8a4d55c5661788773c6d817348caa64fdee3c7a75da03,controlled_crossover,ac895bc0379bc195c0af2b45c8bd4c2b0683367cd325e949f698998c93d72d08,donor_parent,c7b2e0f14e0204857d48b319fee33aad507b9d62c60d04cf8e9d26986bef68c7,hydrophobic_moment_eisenberg,numeric,false,audit_metric_has_no_monotonic_improvement_direction,audit,dimensionless,0.10904851018239625,0.08505532536366187,-0.023993184818734387,,true,8882ec77b05b9d7b46003ef1a7caf683a676b3d82951bd9ed3eacf24c30c924b
vegfa,54782336ccbc94c522b8a4d55c5661788773c6d817348caa64fdee3c7a75da03,controlled_crossover,ac895bc0379bc195c0af2b45c8bd4c2b0683367cd325e949f698998c93d72d08,donor_parent,c7b2e0f14e0204857d48b319fee33aad507b9d62c60d04cf8e9d26986bef68c7,hydrophobic_ratio_modlamp,numeric,false,audit_metric_has_no_monotonic_improvement_direction,audit,fraction,0.08333333333333333,0.038461538461538464,-0.044871794871794865,,true,c22f46bf0d4192de3e22f86a33beead1be4043847e52f9fca80f3b27262e7f35
vegfa,54782336ccbc94c522b8a4d55c5661788773c6d817348caa64fdee3c7a75da03,controlled_crossover,ac895bc0379bc195c0af2b45c8bd4c2b0683367cd325e949f698998c93d72d08,donor_parent,c7b2e0f14e0204857d48b319fee33aad507b9d62c60d04cf8e9d26986bef68c7,llamp_log10_mic_um,numeric,true,same_frozen_numeric_contract,minimize,log10(uM),1.0691921710968018,1.3068302869796753,0.23763811588287354,-0.23763811588287354,true,b993dedef08fa1d7368805a2c05d669fd6cbd853e0af77f971c5ed4c5d77bd92
vegfa,54782336ccbc94c522b8a4d55c5661788773c6d817348caa64fdee3c7a75da03,controlled_crossover,ac895bc0379bc195c0af2b45c8bd4c2b0683367cd325e949f698998c93d72d08,donor_parent,c7b2e0f14e0204857d48b319fee33aad507b9d62c60d04cf8e9d26986bef68c7,macrel_amp_probability,numeric,true,same_frozen_numeric_contract,maximize,probability,0.515,0.317,-0.198,-0.198,true,e94dfde98e3eb5e0fac4319cd9719941cc1e61ec14bcc14eefa67fb9296fef24
vegfa,54782336ccbc94c522b8a4d55c5661788773c6d817348caa64fdee3c7a75da03,controlled_crossover,ac895bc0379bc195c0af2b45c8bd4c2b0683367cd325e949f698998c93d72d08,donor_parent,c7b2e0f14e0204857d48b319fee33aad507b9d62c60d04cf8e9d26986bef68c7,macrel_hemolysis_label,categorical,true,same_frozen_label_contract,audit,label,low,low,,,false,0817aa6119bf9877c285de5c931861c7f7229e565c3316a027bbd4db80100611
vegfa,54782336ccbc94c522b8a4d55c5661788773c6d817348caa64fdee3c7a75da03,controlled_crossover,ac895bc0379bc195c0af2b45c8bd4c2b0683367cd325e949f698998c93d72d08,donor_parent,c7b2e0f14e0204857d48b319fee33aad507b9d62c60d04cf8e9d26986bef68c7,macrel_hemolysis_probability,numeric,true,same_frozen_numeric_contract,minimize,probability,0.446,0.436,-0.010000000000000009,0.010000000000000009,true,b213126427b4458142b25edd4afdc8d1dc021fdeab7abacd3e517056d04ec485
vegfa,54782336ccbc94c522b8a4d55c5661788773c6d817348caa64fdee3c7a75da03,controlled_crossover,ac895bc0379bc195c0af2b45c8bd4c2b0683367cd325e949f698998c93d72d08,donor_parent,c7b2e0f14e0204857d48b319fee33aad507b9d62c60d04cf8e9d26986bef68c7,maximum_hydrophobic_run,numeric,true,same_frozen_numeric_contract,minimize,residues,1.0,1.0,0.0,-0.0,false,99918f15e65d07cf44974705fa74995a116c150881218a159bfbf5b283c7681f
vegfa,54782336ccbc94c522b8a4d55c5661788773c6d817348caa64fdee3c7a75da03,controlled_crossover,ac895bc0379bc195c0af2b45c8bd4c2b0683367cd325e949f698998c93d72d08,donor_parent,c7b2e0f14e0204857d48b319fee33aad507b9d62c60d04cf8e9d26986bef68c7,net_charge_ph7_4,numeric,false,audit_metric_has_no_monotonic_improvement_direction,audit,elementary_charge,10.027,14.109,4.082000000000001,,true,1e630b5aae257453d4d455122870c5efb3b33599be098b542e3a461262633fa0
vegfa,54782336ccbc94c522b8a4d55c5661788773c6d817348caa64fdee3c7a75da03,controlled_crossover,ac895bc0379bc195c0af2b45c8bd4c2b0683367cd325e949f698998c93d72d08,donor_parent,c7b2e0f14e0204857d48b319fee33aad507b9d62c60d04cf8e9d26986bef68c7,toxinpred3_hybrid_score,numeric,true,same_frozen_numeric_contract,minimize,dimensionless,0.0,0.0,0.0,-0.0,false,4185ce31476e8b38c1fce304a68f113bbd5f9160f337051cc85b6afdb72d0de1
vegfa,54782336ccbc94c522b8a4d55c5661788773c6d817348caa64fdee3c7a75da03,controlled_crossover,ac895bc0379bc195c0af2b45c8bd4c2b0683367cd325e949f698998c93d72d08,donor_parent,c7b2e0f14e0204857d48b319fee33aad507b9d62c60d04cf8e9d26986bef68c7,toxinpred3_label,categorical,true,same_frozen_label_contract,audit,label,Non-Toxin,Non-Toxin,,,false,32faf8742ea886ad07904df5eff864e9761bf796b4dd223e51011bd750c0bf95
vegfa,bf5c545f5df998ae9f5f28793ff9772feceb2b0e6a0a5c69d4459a22b2eedb23,de_novo,27091100503a6f72abcd823a3e07380cece5dd4637644a787a91995090e6bb42,none,,amp_read_log10_mic_um,numeric,false,de_novo_has_no_biological_parent,,,,1.953414115507417,,,,aae5fe1a3609ffd769179a1c7365dc96c8652f53dfb99ec5dfe580b4010a037c
vegfa,bf5c545f5df998ae9f5f28793ff9772feceb2b0e6a0a5c69d4459a22b2eedb23,de_novo,27091100503a6f72abcd823a3e07380cece5dd4637644a787a91995090e6bb42,none,,guruprasad_instability_index,numeric,false,de_novo_has_no_biological_parent,,,,45.884000,,,,82dab8cc1785a8343aaeeea432dfcd5954def2146a1de9546b3d072b2df5ed3a
vegfa,bf5c545f5df998ae9f5f28793ff9772feceb2b0e6a0a5c69d4459a22b2eedb23,de_novo,27091100503a6f72abcd823a3e07380cece5dd4637644a787a91995090e6bb42,none,,hydrophobic_moment_eisenberg,numeric,false,de_novo_has_no_biological_parent,,,,0.3128924587719805,,,,86960d5d3a29e00f101efe88dd965847153b648062690b22ecd6c166985ee8e7
vegfa,bf5c545f5df998ae9f5f28793ff9772feceb2b0e6a0a5c69d4459a22b2eedb23,de_novo,27091100503a6f72abcd823a3e07380cece5dd4637644a787a91995090e6bb42,none,,hydrophobic_ratio_modlamp,numeric,false,de_novo_has_no_biological_parent,,,,0.12,,,,95c217c539347e67743e762e5b4fa4ed7f33327f858ab18627094097beea74b4
vegfa,bf5c545f5df998ae9f5f28793ff9772feceb2b0e6a0a5c69d4459a22b2eedb23,de_novo,27091100503a6f72abcd823a3e07380cece5dd4637644a787a91995090e6bb42,none,,llamp_log10_mic_um,numeric,false,de_novo_has_no_biological_parent,,,,1.7960044145584106,,,,22ae70d2355d6c1aded687bf89cbe8dceaf536c3c5953e3ee3c1e9b239aaaa92
vegfa,bf5c545f5df998ae9f5f28793ff9772feceb2b0e6a0a5c69d4459a22b2eedb23,de_novo,27091100503a6f72abcd823a3e07380cece5dd4637644a787a91995090e6bb42,none,,macrel_amp_probability,numeric,false,de_novo_has_no_biological_parent,,,,0.188,,,,5c7fdf229008dc1428ef2c18511eee5fa583c09d5d0ae29b4049460e9286cfc6
vegfa,bf5c545f5df998ae9f5f28793ff9772feceb2b0e6a0a5c69d4459a22b2eedb23,de_novo,27091100503a6f72abcd823a3e07380cece5dd4637644a787a91995090e6bb42,none,,macrel_hemolysis_label,categorical,false,de_novo_has_no_biological_parent,,,,low,,,,725083d88d4e649a7304806ef08912d1beb697e4b597ab8df65a76862fd9dd4c
vegfa,bf5c545f5df998ae9f5f28793ff9772feceb2b0e6a0a5c69d4459a22b2eedb23,de_novo,27091100503a6f72abcd823a3e07380cece5dd4637644a787a91995090e6bb42,none,,macrel_hemolysis_probability,numeric,false,de_novo_has_no_biological_parent,,,,0.178,,,,4ec87fb626c28a0dbdf6dbaaaaf39e4bb192cbc34703b624cdf5e52fa4138d2c
vegfa,bf5c545f5df998ae9f5f28793ff9772feceb2b0e6a0a5c69d4459a22b2eedb23,de_novo,27091100503a6f72abcd823a3e07380cece5dd4637644a787a91995090e6bb42,none,,maximum_hydrophobic_run,numeric,false,de_novo_has_no_biological_parent,,,,1,,,,ab639d113e6fa88c2873cdb78a4c578d84cbcfd26e706cf859f354f901fcb9d2
vegfa,bf5c545f5df998ae9f5f28793ff9772feceb2b0e6a0a5c69d4459a22b2eedb23,de_novo,27091100503a6f72abcd823a3e07380cece5dd4637644a787a91995090e6bb42,none,,net_charge_ph7_4,numeric,false,de_novo_has_no_biological_parent,,,,8.028,,,,e9b81abf077f8f5b8de076c1f6480b998d044a183f2b7520dd73e7004172d681
vegfa,bf5c545f5df998ae9f5f28793ff9772feceb2b0e6a0a5c69d4459a22b2eedb23,de_novo,27091100503a6f72abcd823a3e07380cece5dd4637644a787a91995090e6bb42,none,,toxinpred3_hybrid_score,numeric,false,de_novo_has_no_biological_parent,,,,0.34,,,,8314dcb3397ea2351d8a81b9883174c263d49f08640a3de2c1519b2bb13160f3
vegfa,bf5c545f5df998ae9f5f28793ff9772feceb2b0e6a0a5c69d4459a22b2eedb23,de_novo,27091100503a6f72abcd823a3e07380cece5dd4637644a787a91995090e6bb42,none,,toxinpred3_label,categorical,false,de_novo_has_no_biological_parent,,,,Non-Toxin,,,,7d5c5544b3909136aa7247657487e83325a8473d623086e164fd447f0fa6b833
vegfa,0699a646658b53a3d3f75883015c6980c69c6c582a439968cc00a890fe03ca5d,de_novo,17789f187aac7bc6330c9b0b69630ae54c881b0d08378d6d41b695522abb90cd,none,,amp_read_log10_mic_um,numeric,false,de_novo_has_no_biological_parent,,,,1.4990174499700817,,,,2be4715cc897385704f59c366a392be7dbac56193b5211fb37e20ed5a43b7420
vegfa,0699a646658b53a3d3f75883015c6980c69c6c582a439968cc00a890fe03ca5d,de_novo,17789f187aac7bc6330c9b0b69630ae54c881b0d08378d6d41b695522abb90cd,none,,guruprasad_instability_index,numeric,false,de_novo_has_no_biological_parent,,,,20.671429,,,,081d83b86ac5fa52c77c571413233b7f99c27a2f4df2dcf1ac25b42c9cb40456
vegfa,0699a646658b53a3d3f75883015c6980c69c6c582a439968cc00a890fe03ca5d,de_novo,17789f187aac7bc6330c9b0b69630ae54c881b0d08378d6d41b695522abb90cd,none,,hydrophobic_moment_eisenberg,numeric,false,de_novo_has_no_biological_parent,,,,0.1707198752541953,,,,559221699ddbd6704e38741ac11a286917f9f96196df8eebf9d3daf832b0f339
vegfa,0699a646658b53a3d3f75883015c6980c69c6c582a439968cc00a890fe03ca5d,de_novo,17789f187aac7bc6330c9b0b69630ae54c881b0d08378d6d41b695522abb90cd,none,,hydrophobic_ratio_modlamp,numeric,false,de_novo_has_no_biological_parent,,,,0.047619047619047616,,,,44b6659a565b7a5add979036abc0b68c841425602df3f778c198d8520c6b851e
vegfa,0699a646658b53a3d3f75883015c6980c69c6c582a439968cc00a890fe03ca5d,de_novo,17789f187aac7bc6330c9b0b69630ae54c881b0d08378d6d41b695522abb90cd,none,,llamp_log10_mic_um,numeric,false,de_novo_has_no_biological_parent,,,,1.8429536819458008,,,,8ed90c508bd23307c0caaa76323caa1e6572addabb9f3fed59b6d52c65f7db89
vegfa,0699a646658b53a3d3f75883015c6980c69c6c582a439968cc00a890fe03ca5d,de_novo,17789f187aac7bc6330c9b0b69630ae54c881b0d08378d6d41b695522abb90cd,none,,macrel_amp_probability,numeric,false,de_novo_has_no_biological_parent,,,,0.396,,,,f58873a4c3544169b85f8b3a97faaf768bbba4fe9912a1ca4c3157e52c7edc0c
vegfa,0699a646658b53a3d3f75883015c6980c69c6c582a439968cc00a890fe03ca5d,de_novo,17789f187aac7bc6330c9b0b69630ae54c881b0d08378d6d41b695522abb90cd,none,,macrel_hemolysis_label,categorical,false,de_novo_has_no_biological_parent,,,,low,,,,a511e67a4f47a0207f0e5bda32e044036189a74f26d99e9cfe51ae2a9521a8be
vegfa,0699a646658b53a3d3f75883015c6980c69c6c582a439968cc00a890fe03ca5d,de_novo,17789f187aac7bc6330c9b0b69630ae54c881b0d08378d6d41b695522abb90cd,none,,macrel_hemolysis_probability,numeric,false,de_novo_has_no_biological_parent,,,,0.337,,,,49b79ea6eb13c154454e353731d06679efaf3c78b049fdf1ef5edbf972258aca
vegfa,0699a646658b53a3d3f75883015c6980c69c6c582a439968cc00a890fe03ca5d,de_novo,17789f187aac7bc6330c9b0b69630ae54c881b0d08378d6d41b695522abb90cd,none,,maximum_hydrophobic_run,numeric,false,de_novo_has_no_biological_parent,,,,1,,,,c9cb71dbdb38009a2aae748c16a732a03d71b393923c8ca97eb9d6e6254db808
vegfa,0699a646658b53a3d3f75883015c6980c69c6c582a439968cc00a890fe03ca5d,de_novo,17789f187aac7bc6330c9b0b69630ae54c881b0d08378d6d41b695522abb90cd,none,,net_charge_ph7_4,numeric,false,de_novo_has_no_biological_parent,,,,5.069,,,,693863fe0f23bac704660d32270ead48075914be1bb17dcf87ec66ce47a4ea35
vegfa,0699a646658b53a3d3f75883015c6980c69c6c582a439968cc00a890fe03ca5d,de_novo,17789f187aac7bc6330c9b0b69630ae54c881b0d08378d6d41b695522abb90cd,none,,toxinpred3_hybrid_score,numeric,false,de_novo_has_no_biological_parent,,,,0.38,,,,db94d94fb9bce47bfc047c57b5b2265da42c000f04c99d748306bdc052f0a27a
vegfa,0699a646658b53a3d3f75883015c6980c69c6c582a439968cc00a890fe03ca5d,de_novo,17789f187aac7bc6330c9b0b69630ae54c881b0d08378d6d41b695522abb90cd,none,,toxinpred3_label,categorical,false,de_novo_has_no_biological_parent,,,,Non-Toxin,,,,fd5a995152ef60916161bb131058faade920359e3734ed38d4f85af9dec76f32
vegfa,260a2fffb8df96d4fb2341e4d44b150010b0d1ad5f49e53b3ede72fbdf2b57c3,masked_substitution,b1311f058c2477b0822bafcda8187959b2b8f5f6604b7c9818f56d3881f320d5,primary_parent,02e6e8a9041d1f5e02ded66ace7f1bf8353933cb460554f7d6d4f7827ee851e3,amp_read_log10_mic_um,numeric,true,same_frozen_numeric_contract,minimize,log10(uM),0.8502392420270765,1.2043369500434387,0.3540977080163622,-0.3540977080163622,true,975a8b543db5162237f80ab7c0a1c08baacbb00561e8b66b6f04247536cca086
vegfa,260a2fffb8df96d4fb2341e4d44b150010b0d1ad5f49e53b3ede72fbdf2b57c3,masked_substitution,b1311f058c2477b0822bafcda8187959b2b8f5f6604b7c9818f56d3881f320d5,primary_parent,02e6e8a9041d1f5e02ded66ace7f1bf8353933cb460554f7d6d4f7827ee851e3,guruprasad_instability_index,numeric,true,same_frozen_numeric_contract,minimize,index,-9.308695652173913,-9.308696,-3.478260861555782e-07,3.478260861555782e-07,true,b537cbfec357ed721d5fa64e9ad24747b38771ed9678e82224bd512718dabfb1
vegfa,260a2fffb8df96d4fb2341e4d44b150010b0d1ad5f49e53b3ede72fbdf2b57c3,masked_substitution,b1311f058c2477b0822bafcda8187959b2b8f5f6604b7c9818f56d3881f320d5,primary_parent,02e6e8a9041d1f5e02ded66ace7f1bf8353933cb460554f7d6d4f7827ee851e3,hydrophobic_moment_eisenberg,numeric,false,audit_metric_has_no_monotonic_improvement_direction,audit,dimensionless,0.14056582796750103,0.11952633893846605,-0.021039489029034977,,true,c68f51dba0470933b6fce4796ed452fb8afbc148ef958bf67ce50644125fa74e
vegfa,260a2fffb8df96d4fb2341e4d44b150010b0d1ad5f49e53b3ede72fbdf2b57c3,masked_substitution,b1311f058c2477b0822bafcda8187959b2b8f5f6604b7c9818f56d3881f320d5,primary_parent,02e6e8a9041d1f5e02ded66ace7f1bf8353933cb460554f7d6d4f7827ee851e3,hydrophobic_ratio_modlamp,numeric,false,audit_metric_has_no_monotonic_improvement_direction,audit,fraction,0.2608695652173913,0.2608695652173913,0.0,,false,1070b2c7e9d4e6f7e597da7a9b8ac3a42e4d210c902f63f3f78359c0d5bfaf3d
vegfa,260a2fffb8df96d4fb2341e4d44b150010b0d1ad5f49e53b3ede72fbdf2b57c3,masked_substitution,b1311f058c2477b0822bafcda8187959b2b8f5f6604b7c9818f56d3881f320d5,primary_parent,02e6e8a9041d1f5e02ded66ace7f1bf8353933cb460554f7d6d4f7827ee851e3,llamp_log10_mic_um,numeric,true,same_frozen_numeric_contract,minimize,log10(uM),1.3610467910766602,1.290420413017273,-0.07062637805938721,0.07062637805938721,true,3cc6114e71e47d4b9839c5888d569f6143b74fb79086cac60b34e40b72e77b75
vegfa,260a2fffb8df96d4fb2341e4d44b150010b0d1ad5f49e53b3ede72fbdf2b57c3,masked_substitution,b1311f058c2477b0822bafcda8187959b2b8f5f6604b7c9818f56d3881f320d5,primary_parent,02e6e8a9041d1f5e02ded66ace7f1bf8353933cb460554f7d6d4f7827ee851e3,macrel_amp_probability,numeric,true,same_frozen_numeric_contract,maximize,probability,0.584,0.531,-0.052999999999999936,-0.052999999999999936,true,e832aa3ed188e80d8be8c2be072575af06b772e04b3bd83d558e40acca38ea4c
vegfa,260a2fffb8df96d4fb2341e4d44b150010b0d1ad5f49e53b3ede72fbdf2b57c3,masked_substitution,b1311f058c2477b0822bafcda8187959b2b8f5f6604b7c9818f56d3881f320d5,primary_parent,02e6e8a9041d1f5e02ded66ace7f1bf8353933cb460554f7d6d4f7827ee851e3,macrel_hemolysis_label,categorical,true,same_frozen_label_contract,audit,label,low,low,,,false,70764d3cb5a64a7b39842a4d4647f532204d4dae5ac39df73cf78a8429414ee0
vegfa,260a2fffb8df96d4fb2341e4d44b150010b0d1ad5f49e53b3ede72fbdf2b57c3,masked_substitution,b1311f058c2477b0822bafcda8187959b2b8f5f6604b7c9818f56d3881f320d5,primary_parent,02e6e8a9041d1f5e02ded66ace7f1bf8353933cb460554f7d6d4f7827ee851e3,macrel_hemolysis_probability,numeric,true,same_frozen_numeric_contract,minimize,probability,0.465,0.416,-0.049000000000000044,0.049000000000000044,true,15b801986bf07609d6eea2d20759605ab974a126588c08a1465c0771c4ebc0d2
vegfa,260a2fffb8df96d4fb2341e4d44b150010b0d1ad5f49e53b3ede72fbdf2b57c3,masked_substitution,b1311f058c2477b0822bafcda8187959b2b8f5f6604b7c9818f56d3881f320d5,primary_parent,02e6e8a9041d1f5e02ded66ace7f1bf8353933cb460554f7d6d4f7827ee851e3,maximum_hydrophobic_run,numeric,true,same_frozen_numeric_contract,minimize,residues,2.0,2.0,0.0,-0.0,false,24729f9d8433e949eca55e3e358550677fd5acd44809e139639e5b0d2cb1e8f4
vegfa,260a2fffb8df96d4fb2341e4d44b150010b0d1ad5f49e53b3ede72fbdf2b57c3,masked_substitution,b1311f058c2477b0822bafcda8187959b2b8f5f6604b7c9818f56d3881f320d5,primary_parent,02e6e8a9041d1f5e02ded66ace7f1bf8353933cb460554f7d6d4f7827ee851e3,net_charge_ph7_4,numeric,false,audit_metric_has_no_monotonic_improvement_direction,audit,elementary_charge,6.112,6.112,0.0,,false,12d1631051513b107bff85abd1952bdca53913bf8ea821a16862872b609d8ee1
vegfa,260a2fffb8df96d4fb2341e4d44b150010b0d1ad5f49e53b3ede72fbdf2b57c3,masked_substitution,b1311f058c2477b0822bafcda8187959b2b8f5f6604b7c9818f56d3881f320d5,primary_parent,02e6e8a9041d1f5e02ded66ace7f1bf8353933cb460554f7d6d4f7827ee851e3,toxinpred3_hybrid_score,numeric,true,same_frozen_numeric_contract,minimize,dimensionless,0.0,0.0,0.0,-0.0,false,0d0c380e76e8f3739bda8ac29e06c7a04de0a0f5345e6227da36e33a844b23b4
vegfa,260a2fffb8df96d4fb2341e4d44b150010b0d1ad5f49e53b3ede72fbdf2b57c3,masked_substitution,b1311f058c2477b0822bafcda8187959b2b8f5f6604b7c9818f56d3881f320d5,primary_parent,02e6e8a9041d1f5e02ded66ace7f1bf8353933cb460554f7d6d4f7827ee851e3,toxinpred3_label,categorical,true,same_frozen_label_contract,audit,label,Non-Toxin,Non-Toxin,,,false,2196d2b0f342b92370582c952bdd29b1f8438d70647b0acfa974c6c67e31b7a5
vegfa,65b8d15c9195f614ac2574007da58f04ccc159897a583f32fba6dffa31be7899,controlled_crossover,1299bff6e2b2d98bb38ae8bf1529ffbd5c3d053e974a0c0d9073c85d645deb53,primary_parent,dc6b9e097fdbb1cebc638561775ba07debfd2bcbae4b1e7dbb9a3812c90d1dda,amp_read_log10_mic_um,numeric,true,same_frozen_numeric_contract,minimize,log10(uM),1.4326805721868476,1.984611285618347,0.5519307134314995,-0.5519307134314995,true,bf093b5fa845f9054f4a9fcabe9db463ac60d0edbccd62ede8104290055ea0fb
vegfa,65b8d15c9195f614ac2574007da58f04ccc159897a583f32fba6dffa31be7899,controlled_crossover,1299bff6e2b2d98bb38ae8bf1529ffbd5c3d053e974a0c0d9073c85d645deb53,primary_parent,dc6b9e097fdbb1cebc638561775ba07debfd2bcbae4b1e7dbb9a3812c90d1dda,guruprasad_instability_index,numeric,true,same_frozen_numeric_contract,minimize,index,8.988461538461536,36.415385,27.426923461538465,-27.426923461538465,true,bbbc1e1934a3b5e4aa25019b20e864b30e399eff1c23cb560fd936794c4c8b86
vegfa,65b8d15c9195f614ac2574007da58f04ccc159897a583f32fba6dffa31be7899,controlled_crossover,1299bff6e2b2d98bb38ae8bf1529ffbd5c3d053e974a0c0d9073c85d645deb53,primary_parent,dc6b9e097fdbb1cebc638561775ba07debfd2bcbae4b1e7dbb9a3812c90d1dda,hydrophobic_moment_eisenberg,numeric,false,audit_metric_has_no_monotonic_improvement_direction,audit,dimensionless,0.05669057760399849,0.10201458022096305,0.04532400261696456,,true,d1072a598841697cdbf3c8cd1296de739e9bb8bd2715a7a2616dc37448db194c
vegfa,65b8d15c9195f614ac2574007da58f04ccc159897a583f32fba6dffa31be7899,controlled_crossover,1299bff6e2b2d98bb38ae8bf1529ffbd5c3d053e974a0c0d9073c85d645deb53,primary_parent,dc6b9e097fdbb1cebc638561775ba07debfd2bcbae4b1e7dbb9a3812c90d1dda,hydrophobic_ratio_modlamp,numeric,false,audit_metric_has_no_monotonic_improvement_direction,audit,fraction,0.07692307692307693,0.038461538461538464,-0.038461538461538464,,true,b101d432a557d4cc4039bd035e683d0d2a8993a420b53f61e5fce03657a7c2b3
vegfa,65b8d15c9195f614ac2574007da58f04ccc159897a583f32fba6dffa31be7899,controlled_crossover,1299bff6e2b2d98bb38ae8bf1529ffbd5c3d053e974a0c0d9073c85d645deb53,primary_parent,dc6b9e097fdbb1cebc638561775ba07debfd2bcbae4b1e7dbb9a3812c90d1dda,llamp_log10_mic_um,numeric,true,same_frozen_numeric_contract,minimize,log10(uM),0.7191438674926758,1.2701317071914673,0.5509878396987915,-0.5509878396987915,true,88e4aeba963d0da28418a8c9fe5de99689317c1a6051276b6ee45c264e25127c
vegfa,65b8d15c9195f614ac2574007da58f04ccc159897a583f32fba6dffa31be7899,controlled_crossover,1299bff6e2b2d98bb38ae8bf1529ffbd5c3d053e974a0c0d9073c85d645deb53,primary_parent,dc6b9e097fdbb1cebc638561775ba07debfd2bcbae4b1e7dbb9a3812c90d1dda,macrel_amp_probability,numeric,true,same_frozen_numeric_contract,maximize,probability,0.535,0.317,-0.21800000000000003,-0.21800000000000003,true,d351c3e885e49afd793b0afa4a37a6ad4ec60e73c72c7d648d5de583830015fa
vegfa,65b8d15c9195f614ac2574007da58f04ccc159897a583f32fba6dffa31be7899,controlled_crossover,1299bff6e2b2d98bb38ae8bf1529ffbd5c3d053e974a0c0d9073c85d645deb53,primary_parent,dc6b9e097fdbb1cebc638561775ba07debfd2bcbae4b1e7dbb9a3812c90d1dda,macrel_hemolysis_label,categorical,true,same_frozen_label_contract,audit,label,low,low,,,false,ca163c8f05cc2e35194af87023b275fb868e7400a211fcb14ef6548fca85fad6
vegfa,65b8d15c9195f614ac2574007da58f04ccc159897a583f32fba6dffa31be7899,controlled_crossover,1299bff6e2b2d98bb38ae8bf1529ffbd5c3d053e974a0c0d9073c85d645deb53,primary_parent,dc6b9e097fdbb1cebc638561775ba07debfd2bcbae4b1e7dbb9a3812c90d1dda,macrel_hemolysis_probability,numeric,true,same_frozen_numeric_contract,minimize,probability,0.386,0.416,0.02999999999999997,-0.02999999999999997,true,e8e4f72e6eccb64fa63971b787ba931f7140ce286725369d9e0c4b65d52c8da0
vegfa,65b8d15c9195f614ac2574007da58f04ccc159897a583f32fba6dffa31be7899,controlled_crossover,1299bff6e2b2d98bb38ae8bf1529ffbd5c3d053e974a0c0d9073c85d645deb53,primary_parent,dc6b9e097fdbb1cebc638561775ba07debfd2bcbae4b1e7dbb9a3812c90d1dda,maximum_hydrophobic_run,numeric,true,same_frozen_numeric_contract,minimize,residues,2.0,1.0,-1.0,1.0,true,eddf6ad99caf4b7ab883d8db473eb45b530b5272bf8a4cabec9e7afc04e6a63e
vegfa,65b8d15c9195f614ac2574007da58f04ccc159897a583f32fba6dffa31be7899,controlled_crossover,1299bff6e2b2d98bb38ae8bf1529ffbd5c3d053e974a0c0d9073c85d645deb53,primary_parent,dc6b9e097fdbb1cebc638561775ba07debfd2bcbae4b1e7dbb9a3812c90d1dda,net_charge_ph7_4,numeric,false,audit_metric_has_no_monotonic_improvement_direction,audit,elementary_charge,9.152,13.109,3.9570000000000007,,true,bddf5310bfabdcc1d0c2f5c49f8761862f622473c94745468e3ff68794718dc2
vegfa,65b8d15c9195f614ac2574007da58f04ccc159897a583f32fba6dffa31be7899,controlled_crossover,1299bff6e2b2d98bb38ae8bf1529ffbd5c3d053e974a0c0d9073c85d645deb53,primary_parent,dc6b9e097fdbb1cebc638561775ba07debfd2bcbae4b1e7dbb9a3812c90d1dda,toxinpred3_hybrid_score,numeric,true,same_frozen_numeric_contract,minimize,dimensionless,0.015,0.0,-0.015,0.015,true,264dfa9d35a7090e9b3c7ee633382b2e89ab2bba8db294af0a57f47fe98577c5
vegfa,65b8d15c9195f614ac2574007da58f04ccc159897a583f32fba6dffa31be7899,controlled_crossover,1299bff6e2b2d98bb38ae8bf1529ffbd5c3d053e974a0c0d9073c85d645deb53,primary_parent,dc6b9e097fdbb1cebc638561775ba07debfd2bcbae4b1e7dbb9a3812c90d1dda,toxinpred3_label,categorical,true,same_frozen_label_contract,audit,label,Non-Toxin,Non-Toxin,,,false,bdbc37cad445e9d9c7c645e0cdb9b8b26f56b26cddeaae736e2bd116dd6ea499
vegfa,65b8d15c9195f614ac2574007da58f04ccc159897a583f32fba6dffa31be7899,controlled_crossover,1299bff6e2b2d98bb38ae8bf1529ffbd5c3d053e974a0c0d9073c85d645deb53,donor_parent,c7b2e0f14e0204857d48b319fee33aad507b9d62c60d04cf8e9d26986bef68c7,amp_read_log10_mic_um,numeric,true,same_frozen_numeric_contract,minimize,log10(uM),1.3571686454931715,1.984611285618347,0.6274426401251756,-0.6274426401251756,true,e6a43fefb85755416186b51bf462c170ca19a34c1350737318025fa8a97d8fa5
vegfa,65b8d15c9195f614ac2574007da58f04ccc159897a583f32fba6dffa31be7899,controlled_crossover,1299bff6e2b2d98bb38ae8bf1529ffbd5c3d053e974a0c0d9073c85d645deb53,donor_parent,c7b2e0f14e0204857d48b319fee33aad507b9d62c60d04cf8e9d26986bef68c7,guruprasad_instability_index,numeric,true,same_frozen_numeric_contract,minimize,index,25.2125,36.415385,11.202885000000002,-11.202885000000002,true,75963506e7421c1c44181dc6c9dc2f2a253156753492aaee2b310f7f95a7321c
vegfa,65b8d15c9195f614ac2574007da58f04ccc159897a583f32fba6dffa31be7899,controlled_crossover,1299bff6e2b2d98bb38ae8bf1529ffbd5c3d053e974a0c0d9073c85d645deb53,donor_parent,c7b2e0f14e0204857d48b319fee33aad507b9d62c60d04cf8e9d26986bef68c7,hydrophobic_moment_eisenberg,numeric,false,audit_metric_has_no_monotonic_improvement_direction,audit,dimensionless,0.10904851018239625,0.10201458022096305,-0.007033929961433205,,true,36ccae36271242c49521717b513c741161d1f39f066a38f0f30213261d56898f
vegfa,65b8d15c9195f614ac2574007da58f04ccc159897a583f32fba6dffa31be7899,controlled_crossover,1299bff6e2b2d98bb38ae8bf1529ffbd5c3d053e974a0c0d9073c85d645deb53,donor_parent,c7b2e0f14e0204857d48b319fee33aad507b9d62c60d04cf8e9d26986bef68c7,hydrophobic_ratio_modlamp,numeric,false,audit_metric_has_no_monotonic_improvement_direction,audit,fraction,0.08333333333333333,0.038461538461538464,-0.044871794871794865,,true,74352cb37b94e4292018ba1e3075a1c4b3f8b3119f8b1af4f463400a8b644400
vegfa,65b8d15c9195f614ac2574007da58f04ccc159897a583f32fba6dffa31be7899,controlled_crossover,1299bff6e2b2d98bb38ae8bf1529ffbd5c3d053e974a0c0d9073c85d645deb53,donor_parent,c7b2e0f14e0204857d48b319fee33aad507b9d62c60d04cf8e9d26986bef68c7,llamp_log10_mic_um,numeric,true,same_frozen_numeric_contract,minimize,log10(uM),1.0691921710968018,1.2701317071914673,0.20093953609466553,-0.20093953609466553,true,394df056e78246c9b58301d8cc813c1f8a6efc6085bc090bd74f2818edfa5817
vegfa,65b8d15c9195f614ac2574007da58f04ccc159897a583f32fba6dffa31be7899,controlled_crossover,1299bff6e2b2d98bb38ae8bf1529ffbd5c3d053e974a0c0d9073c85d645deb53,donor_parent,c7b2e0f14e0204857d48b319fee33aad507b9d62c60d04cf8e9d26986bef68c7,macrel_amp_probability,numeric,true,same_frozen_numeric_contract,maximize,probability,0.515,0.317,-0.198,-0.198,true,8a49e5eb2b663f103d24ad606f69312e54cbfdaeb358c502017408ae1ec1756f
vegfa,65b8d15c9195f614ac2574007da58f04ccc159897a583f32fba6dffa31be7899,controlled_crossover,1299bff6e2b2d98bb38ae8bf1529ffbd5c3d053e974a0c0d9073c85d645deb53,donor_parent,c7b2e0f14e0204857d48b319fee33aad507b9d62c60d04cf8e9d26986bef68c7,macrel_hemolysis_label,categorical,true,same_frozen_label_contract,audit,label,low,low,,,false,fe85f8d9a1a61efa0737fbcfb33b72c336075dfec388a08ca2d6a900099894cd
vegfa,65b8d15c9195f614ac2574007da58f04ccc159897a583f32fba6dffa31be7899,controlled_crossover,1299bff6e2b2d98bb38ae8bf1529ffbd5c3d053e974a0c0d9073c85d645deb53,donor_parent,c7b2e0f14e0204857d48b319fee33aad507b9d62c60d04cf8e9d26986bef68c7,macrel_hemolysis_probability,numeric,true,same_frozen_numeric_contract,minimize,probability,0.446,0.416,-0.030000000000000027,0.030000000000000027,true,65b0cd320268fb941671f8327a67e3bf85bcaee633863d1e87b5bb48489fd80b
vegfa,65b8d15c9195f614ac2574007da58f04ccc159897a583f32fba6dffa31be7899,controlled_crossover,1299bff6e2b2d98bb38ae8bf1529ffbd5c3d053e974a0c0d9073c85d645deb53,donor_parent,c7b2e0f14e0204857d48b319fee33aad507b9d62c60d04cf8e9d26986bef68c7,maximum_hydrophobic_run,numeric,true,same_frozen_numeric_contract,minimize,residues,1.0,1.0,0.0,-0.0,false,3e61a0dbd0da4bc7699cd9c723d357ad834ba4cd6eaee40f0b0928018fc54753
vegfa,65b8d15c9195f614ac2574007da58f04ccc159897a583f32fba6dffa31be7899,controlled_crossover,1299bff6e2b2d98bb38ae8bf1529ffbd5c3d053e974a0c0d9073c85d645deb53,donor_parent,c7b2e0f14e0204857d48b319fee33aad507b9d62c60d04cf8e9d26986bef68c7,net_charge_ph7_4,numeric,false,audit_metric_has_no_monotonic_improvement_direction,audit,elementary_charge,10.027,13.109,3.0820000000000007,,true,fd2cc414fdfaf30e8c3267e166fdd0bb2e179a427ef68c967e674227f5f2df64
vegfa,65b8d15c9195f614ac2574007da58f04ccc159897a583f32fba6dffa31be7899,controlled_crossover,1299bff6e2b2d98bb38ae8bf1529ffbd5c3d053e974a0c0d9073c85d645deb53,donor_parent,c7b2e0f14e0204857d48b319fee33aad507b9d62c60d04cf8e9d26986bef68c7,toxinpred3_hybrid_score,numeric,true,same_frozen_numeric_contract,minimize,dimensionless,0.0,0.0,0.0,-0.0,false,a472a6de6a645618cf8cdd0dbec49e96f52d29b6d8a1741970a0024a871d1711
vegfa,65b8d15c9195f614ac2574007da58f04ccc159897a583f32fba6dffa31be7899,controlled_crossover,1299bff6e2b2d98bb38ae8bf1529ffbd5c3d053e974a0c0d9073c85d645deb53,donor_parent,c7b2e0f14e0204857d48b319fee33aad507b9d62c60d04cf8e9d26986bef68c7,toxinpred3_label,categorical,true,same_frozen_label_contract,audit,label,Non-Toxin,Non-Toxin,,,false,dd0802c1668ba959e0dc4d05dcefbba8f4e0ffb37e381b555df86bd5ff674a78
vegfa,b9df78099fb67edf9a47f0847c21ad125b5c50f662ca1bc3055572d9a56671d8,de_novo,7ff53cda8b429dc240ef074dd2ab575cbeb72d748212a20943e1d354a236232d,none,,amp_read_log10_mic_um,numeric,false,de_novo_has_no_biological_parent,,,,2.2202959509199927,,,,8ad87b841ce5bc61574f9251ce8709f9fb34daa608aa0ab33cfc44f8abe2148b
vegfa,b9df78099fb67edf9a47f0847c21ad125b5c50f662ca1bc3055572d9a56671d8,de_novo,7ff53cda8b429dc240ef074dd2ab575cbeb72d748212a20943e1d354a236232d,none,,guruprasad_instability_index,numeric,false,de_novo_has_no_biological_parent,,,,12.328000,,,,e04b0bccbb612bf2475ef8809d75d667fafac40291c1dc32d1d14b0cd97df9ad
vegfa,b9df78099fb67edf9a47f0847c21ad125b5c50f662ca1bc3055572d9a56671d8,de_novo,7ff53cda8b429dc240ef074dd2ab575cbeb72d748212a20943e1d354a236232d,none,,hydrophobic_moment_eisenberg,numeric,false,de_novo_has_no_biological_parent,,,,0.03755202465835592,,,,6783dbbc111ac8e12dfae0be5813ceb66940a20c566e1e07afc998f95fdfa23e
vegfa,b9df78099fb67edf9a47f0847c21ad125b5c50f662ca1bc3055572d9a56671d8,de_novo,7ff53cda8b429dc240ef074dd2ab575cbeb72d748212a20943e1d354a236232d,none,,hydrophobic_ratio_modlamp,numeric,false,de_novo_has_no_biological_parent,,,,0.08,,,,7b26fa50cdb046d672082eb6edd44627dfdba6ea88d4541f277444b4d29d90c5
vegfa,b9df78099fb67edf9a47f0847c21ad125b5c50f662ca1bc3055572d9a56671d8,de_novo,7ff53cda8b429dc240ef074dd2ab575cbeb72d748212a20943e1d354a236232d,none,,llamp_log10_mic_um,numeric,false,de_novo_has_no_biological_parent,,,,1.6426676511764526,,,,5cb5a1ad827e8c642fa391c266a88f3ac4c38dd825ae1fd00e4486e23ef896ed
vegfa,b9df78099fb67edf9a47f0847c21ad125b5c50f662ca1bc3055572d9a56671d8,de_novo,7ff53cda8b429dc240ef074dd2ab575cbeb72d748212a20943e1d354a236232d,none,,macrel_amp_probability,numeric,false,de_novo_has_no_biological_parent,,,,0.149,,,,43249cb4761c5fbd9fd8ff22c310d1dd253869fa380e558c2bbbac7a9c805559
vegfa,b9df78099fb67edf9a47f0847c21ad125b5c50f662ca1bc3055572d9a56671d8,de_novo,7ff53cda8b429dc240ef074dd2ab575cbeb72d748212a20943e1d354a236232d,none,,macrel_hemolysis_label,categorical,false,de_novo_has_no_biological_parent,,,,low,,,,43c4119ede1c320ab6ecdee2379fd300b715bd0cda03948debbc582eba4066df
vegfa,b9df78099fb67edf9a47f0847c21ad125b5c50f662ca1bc3055572d9a56671d8,de_novo,7ff53cda8b429dc240ef074dd2ab575cbeb72d748212a20943e1d354a236232d,none,,macrel_hemolysis_probability,numeric,false,de_novo_has_no_biological_parent,,,,0.307,,,,3791f838947f2cd02229664aceac2e28756993a773d3349527ccc7ec0bddd4fe
vegfa,b9df78099fb67edf9a47f0847c21ad125b5c50f662ca1bc3055572d9a56671d8,de_novo,7ff53cda8b429dc240ef074dd2ab575cbeb72d748212a20943e1d354a236232d,none,,maximum_hydrophobic_run,numeric,false,de_novo_has_no_biological_parent,,,,1,,,,a0b546055112f64e4b27d58bea28700a1b7c77839a26ed6b054735942f695ac5
vegfa,b9df78099fb67edf9a47f0847c21ad125b5c50f662ca1bc3055572d9a56671d8,de_novo,7ff53cda8b429dc240ef074dd2ab575cbeb72d748212a20943e1d354a236232d,none,,net_charge_ph7_4,numeric,false,de_novo_has_no_biological_parent,,,,7.985,,,,1718a5f84132c02b8362426ff7bed1f5f41363240e17ff4f4ee18f9e43d661ae
vegfa,b9df78099fb67edf9a47f0847c21ad125b5c50f662ca1bc3055572d9a56671d8,de_novo,7ff53cda8b429dc240ef074dd2ab575cbeb72d748212a20943e1d354a236232d,none,,toxinpred3_hybrid_score,numeric,false,de_novo_has_no_biological_parent,,,,0.0,,,,3fdfb6caa59f6dec46f08e4a78fce6c3ef0646e90d6b003d4d68732e2b719b33
vegfa,b9df78099fb67edf9a47f0847c21ad125b5c50f662ca1bc3055572d9a56671d8,de_novo,7ff53cda8b429dc240ef074dd2ab575cbeb72d748212a20943e1d354a236232d,none,,toxinpred3_label,categorical,false,de_novo_has_no_biological_parent,,,,Non-Toxin,,,,9023cde85a64d53807f8e858e352dcfc1adc400e79f6c76492bf654a73cba463
vegfa,1e68f3f4d6cf9dea6ba26c85453b3f4e8c3ac76341578b90e9090ea2026f87f0,de_novo,ff648e1ff47510da8402ba48e9a07fe091c8b9e359b78e90768602a33f607254,none,,amp_read_log10_mic_um,numeric,false,de_novo_has_no_biological_parent,,,,2.3184722607399415,,,,601b65fc06b0f1385e8d905fad13409654487d9fd33f7149b02f63228a36cbda
vegfa,1e68f3f4d6cf9dea6ba26c85453b3f4e8c3ac76341578b90e9090ea2026f87f0,de_novo,ff648e1ff47510da8402ba48e9a07fe091c8b9e359b78e90768602a33f607254,none,,guruprasad_instability_index,numeric,false,de_novo_has_no_biological_parent,,,,-17.468182,,,,b3a1fb4ab24aed4ac2cb27168e2afff3f64fade5701a8bc59e343e5078025969
vegfa,1e68f3f4d6cf9dea6ba26c85453b3f4e8c3ac76341578b90e9090ea2026f87f0,de_novo,ff648e1ff47510da8402ba48e9a07fe091c8b9e359b78e90768602a33f607254,none,,hydrophobic_moment_eisenberg,numeric,false,de_novo_has_no_biological_parent,,,,0.1734903406843965,,,,bb203caf926fa76982eb685be5c568d4afcff282db8e639386a71e91a0ea92f5
vegfa,1e68f3f4d6cf9dea6ba26c85453b3f4e8c3ac76341578b90e9090ea2026f87f0,de_novo,ff648e1ff47510da8402ba48e9a07fe091c8b9e359b78e90768602a33f607254,none,,hydrophobic_ratio_modlamp,numeric,false,de_novo_has_no_biological_parent,,,,0.09090909090909091,,,,663e8cacdb714cc36edc403638edb3bd797dffcc66773592c17b7c52ae40138c
vegfa,1e68f3f4d6cf9dea6ba26c85453b3f4e8c3ac76341578b90e9090ea2026f87f0,de_novo,ff648e1ff47510da8402ba48e9a07fe091c8b9e359b78e90768602a33f607254,none,,llamp_log10_mic_um,numeric,false,de_novo_has_no_biological_parent,,,,1.9154788255691528,,,,b8ea7db163178f75fdd8bc7d9138496533034f7634bad0048190205dddd0cb9d
vegfa,1e68f3f4d6cf9dea6ba26c85453b3f4e8c3ac76341578b90e9090ea2026f87f0,de_novo,ff648e1ff47510da8402ba48e9a07fe091c8b9e359b78e90768602a33f607254,none,,macrel_amp_probability,numeric,false,de_novo_has_no_biological_parent,,,,0.257,,,,8fd2542d1dca8ff8e4bf23d050cf1207cc437573aa7cb37b8d9c463152c6b890
vegfa,1e68f3f4d6cf9dea6ba26c85453b3f4e8c3ac76341578b90e9090ea2026f87f0,de_novo,ff648e1ff47510da8402ba48e9a07fe091c8b9e359b78e90768602a33f607254,none,,macrel_hemolysis_label,categorical,false,de_novo_has_no_biological_parent,,,,low,,,,304c33a23a73135344176af9eefa2bdbc99a9aeff531ab084f45f219f8272455
vegfa,1e68f3f4d6cf9dea6ba26c85453b3f4e8c3ac76341578b90e9090ea2026f87f0,de_novo,ff648e1ff47510da8402ba48e9a07fe091c8b9e359b78e90768602a33f607254,none,,macrel_hemolysis_probability,numeric,false,de_novo_has_no_biological_parent,,,,0.337,,,,3140e566178e34222eb878c3fe46029b1c7fd557f1d4883e766d7261be6bff4d
vegfa,1e68f3f4d6cf9dea6ba26c85453b3f4e8c3ac76341578b90e9090ea2026f87f0,de_novo,ff648e1ff47510da8402ba48e9a07fe091c8b9e359b78e90768602a33f607254,none,,maximum_hydrophobic_run,numeric,false,de_novo_has_no_biological_parent,,,,1,,,,1646c2ff7e4a78c873c6305040f2caf3587bc0bc3c252f8409448159d579777b
vegfa,1e68f3f4d6cf9dea6ba26c85453b3f4e8c3ac76341578b90e9090ea2026f87f0,de_novo,ff648e1ff47510da8402ba48e9a07fe091c8b9e359b78e90768602a33f607254,none,,net_charge_ph7_4,numeric,false,de_novo_has_no_biological_parent,,,,6.065,,,,1eef87dd18e7b5ca478a88f8666f3907d4794d47ded08d96a650994d9aeffe39
vegfa,1e68f3f4d6cf9dea6ba26c85453b3f4e8c3ac76341578b90e9090ea2026f87f0,de_novo,ff648e1ff47510da8402ba48e9a07fe091c8b9e359b78e90768602a33f607254,none,,toxinpred3_hybrid_score,numeric,false,de_novo_has_no_biological_parent,,,,0.285,,,,3b5370ba424f2da45e4681465b388927cf554ee5da6d5b94b7c93286ef214342
vegfa,1e68f3f4d6cf9dea6ba26c85453b3f4e8c3ac76341578b90e9090ea2026f87f0,de_novo,ff648e1ff47510da8402ba48e9a07fe091c8b9e359b78e90768602a33f607254,none,,toxinpred3_label,categorical,false,de_novo_has_no_biological_parent,,,,Non-Toxin,,,,b349751a55af635328a3a820f813fe47b32b9c21f469e94962ff2edfa1eac865
vegfa,a005d99b0dbdd94c3d5ec27d3d02ce7553c6e3d11cf6e280bfba5b936c38b8eb,masked_substitution,f7fbe3c9166a27b90eed4ff044b8b6fc0ea6fd055a17d004e7f1fea67e7e0758,primary_parent,02e6e8a9041d1f5e02ded66ace7f1bf8353933cb460554f7d6d4f7827ee851e3,amp_read_log10_mic_um,numeric,true,same_frozen_numeric_contract,minimize,log10(uM),0.8502392420270765,0.9880439339921128,0.1378046919650363,-0.1378046919650363,true,cf69ef6ab2c82c4a234c998f8a13d7567c7b24f844953cdaab2cbd3255aa7883
vegfa,a005d99b0dbdd94c3d5ec27d3d02ce7553c6e3d11cf6e280bfba5b936c38b8eb,masked_substitution,f7fbe3c9166a27b90eed4ff044b8b6fc0ea6fd055a17d004e7f1fea67e7e0758,primary_parent,02e6e8a9041d1f5e02ded66ace7f1bf8353933cb460554f7d6d4f7827ee851e3,guruprasad_instability_index,numeric,true,same_frozen_numeric_contract,minimize,index,-9.308695652173913,-9.308696,-3.478260861555782e-07,3.478260861555782e-07,true,6d26767dafdac0e3e0662a2c7cd846448ce5555c38db65e3d036292c94d64ea5
vegfa,a005d99b0dbdd94c3d5ec27d3d02ce7553c6e3d11cf6e280bfba5b936c38b8eb,masked_substitution,f7fbe3c9166a27b90eed4ff044b8b6fc0ea6fd055a17d004e7f1fea67e7e0758,primary_parent,02e6e8a9041d1f5e02ded66ace7f1bf8353933cb460554f7d6d4f7827ee851e3,hydrophobic_moment_eisenberg,numeric,false,audit_metric_has_no_monotonic_improvement_direction,audit,dimensionless,0.14056582796750103,0.13142874130739976,-0.009137086660101268,,true,4ad02167c40fc8c803b61964f5e780205ba783225020c6386eba980df077dfdd
vegfa,a005d99b0dbdd94c3d5ec27d3d02ce7553c6e3d11cf6e280bfba5b936c38b8eb,masked_substitution,f7fbe3c9166a27b90eed4ff044b8b6fc0ea6fd055a17d004e7f1fea67e7e0758,primary_parent,02e6e8a9041d1f5e02ded66ace7f1bf8353933cb460554f7d6d4f7827ee851e3,hydrophobic_ratio_modlamp,numeric,false,audit_metric_has_no_monotonic_improvement_direction,audit,fraction,0.2608695652173913,0.2608695652173913,0.0,,false,07f8f6ff3c5c204aac4e70546bf8e93878413d675222efe6513a1f5799e8bf34
vegfa,a005d99b0dbdd94c3d5ec27d3d02ce7553c6e3d11cf6e280bfba5b936c38b8eb,masked_substitution,f7fbe3c9166a27b90eed4ff044b8b6fc0ea6fd055a17d004e7f1fea67e7e0758,primary_parent,02e6e8a9041d1f5e02ded66ace7f1bf8353933cb460554f7d6d4f7827ee851e3,llamp_log10_mic_um,numeric,true,same_frozen_numeric_contract,minimize,log10(uM),1.3610467910766602,1.5732074975967407,0.21216070652008057,-0.21216070652008057,true,e2a27d0e8f303798f3f0f0b6ca8c51e49a63544c55892daf169d2b5247f084f0
vegfa,a005d99b0dbdd94c3d5ec27d3d02ce7553c6e3d11cf6e280bfba5b936c38b8eb,masked_substitution,f7fbe3c9166a27b90eed4ff044b8b6fc0ea6fd055a17d004e7f1fea67e7e0758,primary_parent,02e6e8a9041d1f5e02ded66ace7f1bf8353933cb460554f7d6d4f7827ee851e3,macrel_amp_probability,numeric,true,same_frozen_numeric_contract,maximize,probability,0.584,0.515,-0.06899999999999995,-0.06899999999999995,true,c59bad32dffbbd7786263d6f7d689dd910b77e14578a53b2098cfeedebd7246d
vegfa,a005d99b0dbdd94c3d5ec27d3d02ce7553c6e3d11cf6e280bfba5b936c38b8eb,masked_substitution,f7fbe3c9166a27b90eed4ff044b8b6fc0ea6fd055a17d004e7f1fea67e7e0758,primary_parent,02e6e8a9041d1f5e02ded66ace7f1bf8353933cb460554f7d6d4f7827ee851e3,macrel_hemolysis_label,categorical,true,same_frozen_label_contract,audit,label,low,low,,,false,69e6905b63d087dbd6ac5ab0d2eb636609918cf29f938a3e0c23f9c525c926d0
vegfa,a005d99b0dbdd94c3d5ec27d3d02ce7553c6e3d11cf6e280bfba5b936c38b8eb,masked_substitution,f7fbe3c9166a27b90eed4ff044b8b6fc0ea6fd055a17d004e7f1fea67e7e0758,primary_parent,02e6e8a9041d1f5e02ded66ace7f1bf8353933cb460554f7d6d4f7827ee851e3,macrel_hemolysis_probability,numeric,true,same_frozen_numeric_contract,minimize,probability,0.465,0.485,0.019999999999999962,-0.019999999999999962,true,4cc2ebe5725afdb08ea7f4663cda3aa65bdff38d9757265f85b6cde45c3c9029
vegfa,a005d99b0dbdd94c3d5ec27d3d02ce7553c6e3d11cf6e280bfba5b936c38b8eb,masked_substitution,f7fbe3c9166a27b90eed4ff044b8b6fc0ea6fd055a17d004e7f1fea67e7e0758,primary_parent,02e6e8a9041d1f5e02ded66ace7f1bf8353933cb460554f7d6d4f7827ee851e3,maximum_hydrophobic_run,numeric,true,same_frozen_numeric_contract,minimize,residues,2.0,2.0,0.0,-0.0,false,90e90d2ee6ffb931b1f0ac1a75c959cd3b89dcebb5077cc897c564aa976e6fab
vegfa,a005d99b0dbdd94c3d5ec27d3d02ce7553c6e3d11cf6e280bfba5b936c38b8eb,masked_substitution,f7fbe3c9166a27b90eed4ff044b8b6fc0ea6fd055a17d004e7f1fea67e7e0758,primary_parent,02e6e8a9041d1f5e02ded66ace7f1bf8353933cb460554f7d6d4f7827ee851e3,net_charge_ph7_4,numeric,false,audit_metric_has_no_monotonic_improvement_direction,audit,elementary_charge,6.112,6.07,-0.041999999999999815,,true,07691e0fc5a08aee4079f5a7e88993348d529a8245ac38b2b179e91f8efac8a2
vegfa,a005d99b0dbdd94c3d5ec27d3d02ce7553c6e3d11cf6e280bfba5b936c38b8eb,masked_substitution,f7fbe3c9166a27b90eed4ff044b8b6fc0ea6fd055a17d004e7f1fea67e7e0758,primary_parent,02e6e8a9041d1f5e02ded66ace7f1bf8353933cb460554f7d6d4f7827ee851e3,toxinpred3_hybrid_score,numeric,true,same_frozen_numeric_contract,minimize,dimensionless,0.0,0.0,0.0,-0.0,false,97379a84ac034f407beae8044e275b942b867b956fc5ba74278ba203d2014103
vegfa,a005d99b0dbdd94c3d5ec27d3d02ce7553c6e3d11cf6e280bfba5b936c38b8eb,masked_substitution,f7fbe3c9166a27b90eed4ff044b8b6fc0ea6fd055a17d004e7f1fea67e7e0758,primary_parent,02e6e8a9041d1f5e02ded66ace7f1bf8353933cb460554f7d6d4f7827ee851e3,toxinpred3_label,categorical,true,same_frozen_label_contract,audit,label,Non-Toxin,Non-Toxin,,,false,08dfd85b1ff470c0dc6b68e7ca946de2ce34d312229b535640d44b8aa49d0d88
vegfa,6b2a21b5e60cabc5e17697913b0ee701e9f6febf8a86bdd4d534235166363d59,controlled_crossover,5e3597758481d67db93654c9ed0f778141f971caeb7396d70bab13dc2043a9f5,primary_parent,dd641bf4505cafd6d07b207294bb7fca3279c06b4dc2c807dd8a0399ce77128d,amp_read_log10_mic_um,numeric,true,same_frozen_numeric_contract,minimize,log10(uM),1.3815580984922229,2.1497334399412558,0.7681753414490329,-0.7681753414490329,true,aa90f11271a83474318c946e417fa9a20aa936d9cbfaf0b811535322c493fc45
vegfa,6b2a21b5e60cabc5e17697913b0ee701e9f6febf8a86bdd4d534235166363d59,controlled_crossover,5e3597758481d67db93654c9ed0f778141f971caeb7396d70bab13dc2043a9f5,primary_parent,dd641bf4505cafd6d07b207294bb7fca3279c06b4dc2c807dd8a0399ce77128d,guruprasad_instability_index,numeric,true,same_frozen_numeric_contract,minimize,index,8.988461538461536,36.415385,27.426923461538465,-27.426923461538465,true,bb7286dffb67820d1a74c6d9e4b27329f969a326da6603c7a87c5309996dfd62
vegfa,6b2a21b5e60cabc5e17697913b0ee701e9f6febf8a86bdd4d534235166363d59,controlled_crossover,5e3597758481d67db93654c9ed0f778141f971caeb7396d70bab13dc2043a9f5,primary_parent,dd641bf4505cafd6d07b207294bb7fca3279c06b4dc2c807dd8a0399ce77128d,hydrophobic_moment_eisenberg,numeric,false,audit_metric_has_no_monotonic_improvement_direction,audit,dimensionless,0.11206580949290935,0.10912769485757574,-0.0029381146353336107,,true,1865a384ab732c40c5748a9fa2070c19d360aceac2e30bce351b01bdbe7f8379
vegfa,6b2a21b5e60cabc5e17697913b0ee701e9f6febf8a86bdd4d534235166363d59,controlled_crossover,5e3597758481d67db93654c9ed0f778141f971caeb7396d70bab13dc2043a9f5,primary_parent,dd641bf4505cafd6d07b207294bb7fca3279c06b4dc2c807dd8a0399ce77128d,hydrophobic_ratio_modlamp,numeric,false,audit_metric_has_no_monotonic_improvement_direction,audit,fraction,0.07692307692307693,0.038461538461538464,-0.038461538461538464,,true,4bfc8f9e8faea973932b5695d89fd04dc5561b9f641ae14dc88d1a3f7712824d
vegfa,6b2a21b5e60cabc5e17697913b0ee701e9f6febf8a86bdd4d534235166363d59,controlled_crossover,5e3597758481d67db93654c9ed0f778141f971caeb7396d70bab13dc2043a9f5,primary_parent,dd641bf4505cafd6d07b207294bb7fca3279c06b4dc2c807dd8a0399ce77128d,llamp_log10_mic_um,numeric,true,same_frozen_numeric_contract,minimize,log10(uM),0.6327211856842041,1.2442430257797241,0.61152184009552,-0.61152184009552,true,8556b5699e0d38fb14194429e6efa40a35bf81ce2c8cb989dfcf2d2ee78711c6
vegfa,6b2a21b5e60cabc5e17697913b0ee701e9f6febf8a86bdd4d534235166363d59,controlled_crossover,5e3597758481d67db93654c9ed0f778141f971caeb7396d70bab13dc2043a9f5,primary_parent,dd641bf4505cafd6d07b207294bb7fca3279c06b4dc2c807dd8a0399ce77128d,macrel_amp_probability,numeric,true,same_frozen_numeric_contract,maximize,probability,0.564,0.337,-0.22699999999999992,-0.22699999999999992,true,cd6071bc0da10859381dfdc64446c5fb49aeafa5892d969f57c376180fbba18d
vegfa,6b2a21b5e60cabc5e17697913b0ee701e9f6febf8a86bdd4d534235166363d59,controlled_crossover,5e3597758481d67db93654c9ed0f778141f971caeb7396d70bab13dc2043a9f5,primary_parent,dd641bf4505cafd6d07b207294bb7fca3279c06b4dc2c807dd8a0399ce77128d,macrel_hemolysis_label,categorical,true,same_frozen_label_contract,audit,label,low,low,,,false,abe2e06c4cb733791309ad470151f3a04e81ab359313651cbd6068696e749f4f
vegfa,6b2a21b5e60cabc5e17697913b0ee701e9f6febf8a86bdd4d534235166363d59,controlled_crossover,5e3597758481d67db93654c9ed0f778141f971caeb7396d70bab13dc2043a9f5,primary_parent,dd641bf4505cafd6d07b207294bb7fca3279c06b4dc2c807dd8a0399ce77128d,macrel_hemolysis_probability,numeric,true,same_frozen_numeric_contract,minimize,probability,0.386,0.416,0.02999999999999997,-0.02999999999999997,true,95dd208cc4b9d2c6a64204fa35a8d38fec359c22070aafb01ff3747bdeede376
vegfa,6b2a21b5e60cabc5e17697913b0ee701e9f6febf8a86bdd4d534235166363d59,controlled_crossover,5e3597758481d67db93654c9ed0f778141f971caeb7396d70bab13dc2043a9f5,primary_parent,dd641bf4505cafd6d07b207294bb7fca3279c06b4dc2c807dd8a0399ce77128d,maximum_hydrophobic_run,numeric,true,same_frozen_numeric_contract,minimize,residues,2.0,1.0,-1.0,1.0,true,2ebdd8032f2810d576cd06be1b92800c4a27209057231ed0f8a18f206c422710
vegfa,6b2a21b5e60cabc5e17697913b0ee701e9f6febf8a86bdd4d534235166363d59,controlled_crossover,5e3597758481d67db93654c9ed0f778141f971caeb7396d70bab13dc2043a9f5,primary_parent,dd641bf4505cafd6d07b207294bb7fca3279c06b4dc2c807dd8a0399ce77128d,net_charge_ph7_4,numeric,false,audit_metric_has_no_monotonic_improvement_direction,audit,elementary_charge,9.152,13.109,3.9570000000000007,,true,d3254a5498e1938150fb09c78373d301bbe48ba57cf68e5953099872efa5ce9a
vegfa,6b2a21b5e60cabc5e17697913b0ee701e9f6febf8a86bdd4d534235166363d59,controlled_crossover,5e3597758481d67db93654c9ed0f778141f971caeb7396d70bab13dc2043a9f5,primary_parent,dd641bf4505cafd6d07b207294bb7fca3279c06b4dc2c807dd8a0399ce77128d,toxinpred3_hybrid_score,numeric,true,same_frozen_numeric_contract,minimize,dimensionless,0.015,0.0,-0.015,0.015,true,6c973e03fe86a185763c27b390b9daa6b0e0fb6cd91246226acf671f93a4ee4d
vegfa,6b2a21b5e60cabc5e17697913b0ee701e9f6febf8a86bdd4d534235166363d59,controlled_crossover,5e3597758481d67db93654c9ed0f778141f971caeb7396d70bab13dc2043a9f5,primary_parent,dd641bf4505cafd6d07b207294bb7fca3279c06b4dc2c807dd8a0399ce77128d,toxinpred3_label,categorical,true,same_frozen_label_contract,audit,label,Non-Toxin,Non-Toxin,,,false,9da3db62dbd5b098acb43520e15ca11abf07871dbd4f2e427c199fd2ce59ee23
vegfa,6b2a21b5e60cabc5e17697913b0ee701e9f6febf8a86bdd4d534235166363d59,controlled_crossover,5e3597758481d67db93654c9ed0f778141f971caeb7396d70bab13dc2043a9f5,donor_parent,c7b2e0f14e0204857d48b319fee33aad507b9d62c60d04cf8e9d26986bef68c7,amp_read_log10_mic_um,numeric,true,same_frozen_numeric_contract,minimize,log10(uM),1.3571686454931715,2.1497334399412558,0.7925647944480843,-0.7925647944480843,true,408c23cbf4ec7acb9e5ca7875f0315a7e50b1175b5c7ca9fe70ff67cbe53158c
vegfa,6b2a21b5e60cabc5e17697913b0ee701e9f6febf8a86bdd4d534235166363d59,controlled_crossover,5e3597758481d67db93654c9ed0f778141f971caeb7396d70bab13dc2043a9f5,donor_parent,c7b2e0f14e0204857d48b319fee33aad507b9d62c60d04cf8e9d26986bef68c7,guruprasad_instability_index,numeric,true,same_frozen_numeric_contract,minimize,index,25.2125,36.415385,11.202885000000002,-11.202885000000002,true,ae6755604089e88927beb5fb2ef30d0aa643d3221b0d781abbdf381fc1c27d98
vegfa,6b2a21b5e60cabc5e17697913b0ee701e9f6febf8a86bdd4d534235166363d59,controlled_crossover,5e3597758481d67db93654c9ed0f778141f971caeb7396d70bab13dc2043a9f5,donor_parent,c7b2e0f14e0204857d48b319fee33aad507b9d62c60d04cf8e9d26986bef68c7,hydrophobic_moment_eisenberg,numeric,false,audit_metric_has_no_monotonic_improvement_direction,audit,dimensionless,0.10904851018239625,0.10912769485757574,7.918467517949168e-05,,true,041d3276d721608549154d712f5ffd19618dbe4e50ecaa903204e9c7bfc71dd7
vegfa,6b2a21b5e60cabc5e17697913b0ee701e9f6febf8a86bdd4d534235166363d59,controlled_crossover,5e3597758481d67db93654c9ed0f778141f971caeb7396d70bab13dc2043a9f5,donor_parent,c7b2e0f14e0204857d48b319fee33aad507b9d62c60d04cf8e9d26986bef68c7,hydrophobic_ratio_modlamp,numeric,false,audit_metric_has_no_monotonic_improvement_direction,audit,fraction,0.08333333333333333,0.038461538461538464,-0.044871794871794865,,true,772f4a6f68830caef183e78553d0ac52e2b10ed9555e44b39d5e366c7f803756
vegfa,6b2a21b5e60cabc5e17697913b0ee701e9f6febf8a86bdd4d534235166363d59,controlled_crossover,5e3597758481d67db93654c9ed0f778141f971caeb7396d70bab13dc2043a9f5,donor_parent,c7b2e0f14e0204857d48b319fee33aad507b9d62c60d04cf8e9d26986bef68c7,llamp_log10_mic_um,numeric,true,same_frozen_numeric_contract,minimize,log10(uM),1.0691921710968018,1.2442430257797241,0.17505085468292236,-0.17505085468292236,true,7eb8463c30e9cd90eb5817695b5906058356674311b377535a3bcff296dd8e47
vegfa,6b2a21b5e60cabc5e17697913b0ee701e9f6febf8a86bdd4d534235166363d59,controlled_crossover,5e3597758481d67db93654c9ed0f778141f971caeb7396d70bab13dc2043a9f5,donor_parent,c7b2e0f14e0204857d48b319fee33aad507b9d62c60d04cf8e9d26986bef68c7,macrel_amp_probability,numeric,true,same_frozen_numeric_contract,maximize,probability,0.515,0.337,-0.178,-0.178,true,42a1788fbe36a2cfec9ca2bf9de2397ab2054174914160acc9a1e544cc439815
vegfa,6b2a21b5e60cabc5e17697913b0ee701e9f6febf8a86bdd4d534235166363d59,controlled_crossover,5e3597758481d67db93654c9ed0f778141f971caeb7396d70bab13dc2043a9f5,donor_parent,c7b2e0f14e0204857d48b319fee33aad507b9d62c60d04cf8e9d26986bef68c7,macrel_hemolysis_label,categorical,true,same_frozen_label_contract,audit,label,low,low,,,false,0886bd2b33459aa5515cc3d6bfffd8e5db37c385e647aa91d3a0b9880299e610
vegfa,6b2a21b5e60cabc5e17697913b0ee701e9f6febf8a86bdd4d534235166363d59,controlled_crossover,5e3597758481d67db93654c9ed0f778141f971caeb7396d70bab13dc2043a9f5,donor_parent,c7b2e0f14e0204857d48b319fee33aad507b9d62c60d04cf8e9d26986bef68c7,macrel_hemolysis_probability,numeric,true,same_frozen_numeric_contract,minimize,probability,0.446,0.416,-0.030000000000000027,0.030000000000000027,true,b6ed910b47ca92ca9c09395808b1021512864b21717280c0cf4d9c00c3879aac
vegfa,6b2a21b5e60cabc5e17697913b0ee701e9f6febf8a86bdd4d534235166363d59,controlled_crossover,5e3597758481d67db93654c9ed0f778141f971caeb7396d70bab13dc2043a9f5,donor_parent,c7b2e0f14e0204857d48b319fee33aad507b9d62c60d04cf8e9d26986bef68c7,maximum_hydrophobic_run,numeric,true,same_frozen_numeric_contract,minimize,residues,1.0,1.0,0.0,-0.0,false,d49fd8d787134f09ea5344cbe2a2b0ee23096840f7c61761eb9a6e734eed23ce
vegfa,6b2a21b5e60cabc5e17697913b0ee701e9f6febf8a86bdd4d534235166363d59,controlled_crossover,5e3597758481d67db93654c9ed0f778141f971caeb7396d70bab13dc2043a9f5,donor_parent,c7b2e0f14e0204857d48b319fee33aad507b9d62c60d04cf8e9d26986bef68c7,net_charge_ph7_4,numeric,false,audit_metric_has_no_monotonic_improvement_direction,audit,elementary_charge,10.027,13.109,3.0820000000000007,,true,25ada51a7f7b8106e6be21f4312c0e55278ebe6023b31b1d2858021cdd4d1f14
vegfa,6b2a21b5e60cabc5e17697913b0ee701e9f6febf8a86bdd4d534235166363d59,controlled_crossover,5e3597758481d67db93654c9ed0f778141f971caeb7396d70bab13dc2043a9f5,donor_parent,c7b2e0f14e0204857d48b319fee33aad507b9d62c60d04cf8e9d26986bef68c7,toxinpred3_hybrid_score,numeric,true,same_frozen_numeric_contract,minimize,dimensionless,0.0,0.0,0.0,-0.0,false,5f61922100f7d914142310a20f457ff9523f742ee87b83e09c72f593f50b769c
vegfa,6b2a21b5e60cabc5e17697913b0ee701e9f6febf8a86bdd4d534235166363d59,controlled_crossover,5e3597758481d67db93654c9ed0f778141f971caeb7396d70bab13dc2043a9f5,donor_parent,c7b2e0f14e0204857d48b319fee33aad507b9d62c60d04cf8e9d26986bef68c7,toxinpred3_label,categorical,true,same_frozen_label_contract,audit,label,Non-Toxin,Non-Toxin,,,false,5f64c66ac2c9f582319abd0c0339b039fb7008f7d15b863dec1d9a2bedb31b7c
vegfa,fbfb84404f6698e1ac58d26278a644036ebfbafc90b41ad92504230091a55e14,de_novo,6238a36c3e474e92f13fb8798056f00da9de343a36ff634039e418f31cd5a7ef,none,,amp_read_log10_mic_um,numeric,false,de_novo_has_no_biological_parent,,,,1.7263417723666883,,,,d638c5f772f4b4af081c4a048527f1f111f7de5b1a2a76b3f7b97a7365d1ca10
vegfa,fbfb84404f6698e1ac58d26278a644036ebfbafc90b41ad92504230091a55e14,de_novo,6238a36c3e474e92f13fb8798056f00da9de343a36ff634039e418f31cd5a7ef,none,,guruprasad_instability_index,numeric,false,de_novo_has_no_biological_parent,,,,-0.660870,,,,7ef64a53c85f43f3622e78814052cfa2b0517b5a8a40c5838ee1852d1ea78917
vegfa,fbfb84404f6698e1ac58d26278a644036ebfbafc90b41ad92504230091a55e14,de_novo,6238a36c3e474e92f13fb8798056f00da9de343a36ff634039e418f31cd5a7ef,none,,hydrophobic_moment_eisenberg,numeric,false,de_novo_has_no_biological_parent,,,,0.08263605720286595,,,,e8a4ddf20ead0331a9bb4743a6480f38a4e21bbcd08c9f8c10fb075a55bce50d
vegfa,fbfb84404f6698e1ac58d26278a644036ebfbafc90b41ad92504230091a55e14,de_novo,6238a36c3e474e92f13fb8798056f00da9de343a36ff634039e418f31cd5a7ef,none,,hydrophobic_ratio_modlamp,numeric,false,de_novo_has_no_biological_parent,,,,0.2608695652173913,,,,46d462290f2ae267c31cc9871770668dd3d195092f4d87d6b20950e6d9e65f18
vegfa,fbfb84404f6698e1ac58d26278a644036ebfbafc90b41ad92504230091a55e14,de_novo,6238a36c3e474e92f13fb8798056f00da9de343a36ff634039e418f31cd5a7ef,none,,llamp_log10_mic_um,numeric,false,de_novo_has_no_biological_parent,,,,1.3189231157302856,,,,4c5f52f3cbbc6d5ae2ccbaf3e032453d1b848b17af2f5136f97ea5dd667183c7
vegfa,fbfb84404f6698e1ac58d26278a644036ebfbafc90b41ad92504230091a55e14,de_novo,6238a36c3e474e92f13fb8798056f00da9de343a36ff634039e418f31cd5a7ef,none,,macrel_amp_probability,numeric,false,de_novo_has_no_biological_parent,,,,0.297,,,,8173f4e3be074a4920a38e5457d03287fe8a974edfa3b536417d97efbd9470b9
vegfa,fbfb84404f6698e1ac58d26278a644036ebfbafc90b41ad92504230091a55e14,de_novo,6238a36c3e474e92f13fb8798056f00da9de343a36ff634039e418f31cd5a7ef,none,,macrel_hemolysis_label,categorical,false,de_novo_has_no_biological_parent,,,,low,,,,57b027189e8f29d5191184c3f26528c0d6e00f934c831168b5b8d51833a02598
vegfa,fbfb84404f6698e1ac58d26278a644036ebfbafc90b41ad92504230091a55e14,de_novo,6238a36c3e474e92f13fb8798056f00da9de343a36ff634039e418f31cd5a7ef,none,,macrel_hemolysis_probability,numeric,false,de_novo_has_no_biological_parent,,,,0.406,,,,f8e600c0311239e89cf42ed51dc6d118ac99774984851b07e735010dd0bae5af
vegfa,fbfb84404f6698e1ac58d26278a644036ebfbafc90b41ad92504230091a55e14,de_novo,6238a36c3e474e92f13fb8798056f00da9de343a36ff634039e418f31cd5a7ef,none,,maximum_hydrophobic_run,numeric,false,de_novo_has_no_biological_parent,,,,1,,,,342d1bc9fdd64af47a63eb72c9f84dcfbf1033ad4f5e5af5d31a183a702e16dd
vegfa,fbfb84404f6698e1ac58d26278a644036ebfbafc90b41ad92504230091a55e14,de_novo,6238a36c3e474e92f13fb8798056f00da9de343a36ff634039e418f31cd5a7ef,none,,net_charge_ph7_4,numeric,false,de_novo_has_no_biological_parent,,,,6.029,,,,9f9c86286e684e0350967872a95fb656a5c48b7a60ede2b68fde25dc7336e2f5
vegfa,fbfb84404f6698e1ac58d26278a644036ebfbafc90b41ad92504230091a55e14,de_novo,6238a36c3e474e92f13fb8798056f00da9de343a36ff634039e418f31cd5a7ef,none,,toxinpred3_hybrid_score,numeric,false,de_novo_has_no_biological_parent,,,,0.5,,,,3a00fa0a3cfd8556cf15c7578a942806780c8c0e2a939b0a126e2320f3c7d261
vegfa,fbfb84404f6698e1ac58d26278a644036ebfbafc90b41ad92504230091a55e14,de_novo,6238a36c3e474e92f13fb8798056f00da9de343a36ff634039e418f31cd5a7ef,none,,toxinpred3_label,categorical,false,de_novo_has_no_biological_parent,,,,Toxin,,,,54513fbbf7305c2867727b48680e81c7c8e68718b5c9dfcbb7ee3cbd1d74e69a
vegfa,6c391512f9f299776febbdb0f0dc93b473ce3fb47c8774fc17072a1322c2cac2,de_novo,10116f09dedf9d817539c04415cf0c36769d7220a90ee29d88ee89981c47bea9,none,,amp_read_log10_mic_um,numeric,false,de_novo_has_no_biological_parent,,,,2.037722208427526,,,,f108d02266e32867dc687750e5a1e2d5d6886f3d3f22172a641b83d8224eacb6
vegfa,6c391512f9f299776febbdb0f0dc93b473ce3fb47c8774fc17072a1322c2cac2,de_novo,10116f09dedf9d817539c04415cf0c36769d7220a90ee29d88ee89981c47bea9,none,,guruprasad_instability_index,numeric,false,de_novo_has_no_biological_parent,,,,22.152381,,,,b8da9e1c3af419f7e97f3e0d91a0745e5b01ee9e8d60cf87c2fb1aa7c4e12c5c
vegfa,6c391512f9f299776febbdb0f0dc93b473ce3fb47c8774fc17072a1322c2cac2,de_novo,10116f09dedf9d817539c04415cf0c36769d7220a90ee29d88ee89981c47bea9,none,,hydrophobic_moment_eisenberg,numeric,false,de_novo_has_no_biological_parent,,,,0.04751424812232047,,,,d972fb27d00ac15f90ea38c8beb58ebb8eef05e337365e750a5eb86b946cd618
vegfa,6c391512f9f299776febbdb0f0dc93b473ce3fb47c8774fc17072a1322c2cac2,de_novo,10116f09dedf9d817539c04415cf0c36769d7220a90ee29d88ee89981c47bea9,none,,hydrophobic_ratio_modlamp,numeric,false,de_novo_has_no_biological_parent,,,,0.14285714285714285,,,,5f86d9c4abf422f2a39c2964187a9a0480b8795f52db10ca811f676cf3da1b50
vegfa,6c391512f9f299776febbdb0f0dc93b473ce3fb47c8774fc17072a1322c2cac2,de_novo,10116f09dedf9d817539c04415cf0c36769d7220a90ee29d88ee89981c47bea9,none,,llamp_log10_mic_um,numeric,false,de_novo_has_no_biological_parent,,,,1.6198102235794067,,,,e9ef76ee624e78f8b761a8c8e60bdd6e1fba9d70cadaad62e587519a1e5038de
vegfa,6c391512f9f299776febbdb0f0dc93b473ce3fb47c8774fc17072a1322c2cac2,de_novo,10116f09dedf9d817539c04415cf0c36769d7220a90ee29d88ee89981c47bea9,none,,macrel_amp_probability,numeric,false,de_novo_has_no_biological_parent,,,,0.277,,,,f1e941cb68ce1b6b1af42a268e12a6f93081ea5ff34aaaaa7df4c6361cc7f766
vegfa,6c391512f9f299776febbdb0f0dc93b473ce3fb47c8774fc17072a1322c2cac2,de_novo,10116f09dedf9d817539c04415cf0c36769d7220a90ee29d88ee89981c47bea9,none,,macrel_hemolysis_label,categorical,false,de_novo_has_no_biological_parent,,,,low,,,,82f760b661f0126b81aee93e440974c80c2d1c94f5d84748769d29a7b8a2706a
vegfa,6c391512f9f299776febbdb0f0dc93b473ce3fb47c8774fc17072a1322c2cac2,de_novo,10116f09dedf9d817539c04415cf0c36769d7220a90ee29d88ee89981c47bea9,none,,macrel_hemolysis_probability,numeric,false,de_novo_has_no_biological_parent,,,,0.495,,,,5cdb81c1cad317ff9885d4a5413ee551c25ac2c861005328e0c51b7b6cd13133
vegfa,6c391512f9f299776febbdb0f0dc93b473ce3fb47c8774fc17072a1322c2cac2,de_novo,10116f09dedf9d817539c04415cf0c36769d7220a90ee29d88ee89981c47bea9,none,,maximum_hydrophobic_run,numeric,false,de_novo_has_no_biological_parent,,,,1,,,,f0fad3bdac0ba0977e2d95b64a5e6ef08023c9b7dc490650d3657aea8e3525e2
vegfa,6c391512f9f299776febbdb0f0dc93b473ce3fb47c8774fc17072a1322c2cac2,de_novo,10116f09dedf9d817539c04415cf0c36769d7220a90ee29d88ee89981c47bea9,none,,net_charge_ph7_4,numeric,false,de_novo_has_no_biological_parent,,,,7.068,,,,e4b914da448be7a472bb36093775a2de5afd2c4448a44cd1f82261973582d31c
vegfa,6c391512f9f299776febbdb0f0dc93b473ce3fb47c8774fc17072a1322c2cac2,de_novo,10116f09dedf9d817539c04415cf0c36769d7220a90ee29d88ee89981c47bea9,none,,toxinpred3_hybrid_score,numeric,false,de_novo_has_no_biological_parent,,,,0.0,,,,05262ce8cb973ae8219d68ca929ba92b25ef8050756eabe373bd03195f44cdff
vegfa,6c391512f9f299776febbdb0f0dc93b473ce3fb47c8774fc17072a1322c2cac2,de_novo,10116f09dedf9d817539c04415cf0c36769d7220a90ee29d88ee89981c47bea9,none,,toxinpred3_label,categorical,false,de_novo_has_no_biological_parent,,,,Non-Toxin,,,,3244d6f33189d4695596694b8fbfb964df7f93affc21283623b3051f48229c05
vegfa,e477a0608d98f6fc5d077aad50c7f963f5ca244abf237dd3ca886e606cc8994d,masked_substitution,7c1fd91e52444a1889a4a21c6d0f16e5d825bf9772df69a7f20715d9a08d18f7,primary_parent,02e6e8a9041d1f5e02ded66ace7f1bf8353933cb460554f7d6d4f7827ee851e3,amp_read_log10_mic_um,numeric,true,same_frozen_numeric_contract,minimize,log10(uM),0.8502392420270765,0.8629194234631008,0.01268018143602434,-0.01268018143602434,true,5bb05c255289e827596876b8ed8583bd79f8fb0a76d24a245d804a764d74bdc4
vegfa,e477a0608d98f6fc5d077aad50c7f963f5ca244abf237dd3ca886e606cc8994d,masked_substitution,7c1fd91e52444a1889a4a21c6d0f16e5d825bf9772df69a7f20715d9a08d18f7,primary_parent,02e6e8a9041d1f5e02ded66ace7f1bf8353933cb460554f7d6d4f7827ee851e3,guruprasad_instability_index,numeric,true,same_frozen_numeric_contract,minimize,index,-9.308695652173913,-9.308696,-3.478260861555782e-07,3.478260861555782e-07,true,1327f1f8eb31cb9f0de64f70c7442c0fe9afefbfe2e1b8aa8e09e74826fb0d67
vegfa,e477a0608d98f6fc5d077aad50c7f963f5ca244abf237dd3ca886e606cc8994d,masked_substitution,7c1fd91e52444a1889a4a21c6d0f16e5d825bf9772df69a7f20715d9a08d18f7,primary_parent,02e6e8a9041d1f5e02ded66ace7f1bf8353933cb460554f7d6d4f7827ee851e3,hydrophobic_moment_eisenberg,numeric,false,audit_metric_has_no_monotonic_improvement_direction,audit,dimensionless,0.14056582796750103,0.15646864738759036,0.015902819420089337,,true,c93743cb607d6171569ffe1a4c351ad843a85053fc455260cc4fc501d49b61d7
vegfa,e477a0608d98f6fc5d077aad50c7f963f5ca244abf237dd3ca886e606cc8994d,masked_substitution,7c1fd91e52444a1889a4a21c6d0f16e5d825bf9772df69a7f20715d9a08d18f7,primary_parent,02e6e8a9041d1f5e02ded66ace7f1bf8353933cb460554f7d6d4f7827ee851e3,hydrophobic_ratio_modlamp,numeric,false,audit_metric_has_no_monotonic_improvement_direction,audit,fraction,0.2608695652173913,0.2608695652173913,0.0,,false,119b79b806a5d38a6d1f9ec4e39628873b1b661be6b3fd355f28e78ab2e7126b
vegfa,e477a0608d98f6fc5d077aad50c7f963f5ca244abf237dd3ca886e606cc8994d,masked_substitution,7c1fd91e52444a1889a4a21c6d0f16e5d825bf9772df69a7f20715d9a08d18f7,primary_parent,02e6e8a9041d1f5e02ded66ace7f1bf8353933cb460554f7d6d4f7827ee851e3,llamp_log10_mic_um,numeric,true,same_frozen_numeric_contract,minimize,log10(uM),1.3610467910766602,1.4543392658233643,0.0932924747467041,-0.0932924747467041,true,b4d7e5200ea3560680a35e9b8d0c3f7f70f21d8ed574b2b8820f6d000149f985
vegfa,e477a0608d98f6fc5d077aad50c7f963f5ca244abf237dd3ca886e606cc8994d,masked_substitution,7c1fd91e52444a1889a4a21c6d0f16e5d825bf9772df69a7f20715d9a08d18f7,primary_parent,02e6e8a9041d1f5e02ded66ace7f1bf8353933cb460554f7d6d4f7827ee851e3,macrel_amp_probability,numeric,true,same_frozen_numeric_contract,maximize,probability,0.584,0.535,-0.04899999999999993,-0.04899999999999993,true,ce558ac07451965a8e48a9bdd760bea229a197c9881056d1aea76f563e410a00
vegfa,e477a0608d98f6fc5d077aad50c7f963f5ca244abf237dd3ca886e606cc8994d,masked_substitution,7c1fd91e52444a1889a4a21c6d0f16e5d825bf9772df69a7f20715d9a08d18f7,primary_parent,02e6e8a9041d1f5e02ded66ace7f1bf8353933cb460554f7d6d4f7827ee851e3,macrel_hemolysis_label,categorical,true,same_frozen_label_contract,audit,label,low,low,,,false,2b0ef62c025df05a3edb0bcd57d6a600f59d7c311bfac2b3dfa6dce57f18cfc2
vegfa,e477a0608d98f6fc5d077aad50c7f963f5ca244abf237dd3ca886e606cc8994d,masked_substitution,7c1fd91e52444a1889a4a21c6d0f16e5d825bf9772df69a7f20715d9a08d18f7,primary_parent,02e6e8a9041d1f5e02ded66ace7f1bf8353933cb460554f7d6d4f7827ee851e3,macrel_hemolysis_probability,numeric,true,same_frozen_numeric_contract,minimize,probability,0.465,0.436,-0.029000000000000026,0.029000000000000026,true,9874ce4e6489e592c0a26aa24610fb2416d55813757d2833852a8f8f3e18d129
vegfa,e477a0608d98f6fc5d077aad50c7f963f5ca244abf237dd3ca886e606cc8994d,masked_substitution,7c1fd91e52444a1889a4a21c6d0f16e5d825bf9772df69a7f20715d9a08d18f7,primary_parent,02e6e8a9041d1f5e02ded66ace7f1bf8353933cb460554f7d6d4f7827ee851e3,maximum_hydrophobic_run,numeric,true,same_frozen_numeric_contract,minimize,residues,2.0,2.0,0.0,-0.0,false,066e00d46f55f68e3f9ee14c2abc67adf24c253bd3385561cafa2b7d42353a33
vegfa,e477a0608d98f6fc5d077aad50c7f963f5ca244abf237dd3ca886e606cc8994d,masked_substitution,7c1fd91e52444a1889a4a21c6d0f16e5d825bf9772df69a7f20715d9a08d18f7,primary_parent,02e6e8a9041d1f5e02ded66ace7f1bf8353933cb460554f7d6d4f7827ee851e3,net_charge_ph7_4,numeric,false,audit_metric_has_no_monotonic_improvement_direction,audit,elementary_charge,6.112,6.07,-0.041999999999999815,,true,44144762c8dc7c64f40b21ce8ef49103dfafb2542b4fe3f6927f38fa02d2878e
vegfa,e477a0608d98f6fc5d077aad50c7f963f5ca244abf237dd3ca886e606cc8994d,masked_substitution,7c1fd91e52444a1889a4a21c6d0f16e5d825bf9772df69a7f20715d9a08d18f7,primary_parent,02e6e8a9041d1f5e02ded66ace7f1bf8353933cb460554f7d6d4f7827ee851e3,toxinpred3_hybrid_score,numeric,true,same_frozen_numeric_contract,minimize,dimensionless,0.0,0.0,0.0,-0.0,false,901a40fb2b4fdc51903440a6d40e6f5d7eb1a8b74a3e45e42ef17d25b8243fc6
vegfa,e477a0608d98f6fc5d077aad50c7f963f5ca244abf237dd3ca886e606cc8994d,masked_substitution,7c1fd91e52444a1889a4a21c6d0f16e5d825bf9772df69a7f20715d9a08d18f7,primary_parent,02e6e8a9041d1f5e02ded66ace7f1bf8353933cb460554f7d6d4f7827ee851e3,toxinpred3_label,categorical,true,same_frozen_label_contract,audit,label,Non-Toxin,Non-Toxin,,,false,a7743c816845ce58c9ce51729a73af3e2548081b5ea951250479a38bd11babca
vegfa,296e237bb4c8650c0286f2d18147bc2acaa2141e94eceb4430a31fdd3b24c235,controlled_crossover,28b292e6ed406c5b9681fa83fb66e14e7f6451140f9d03ff8bffc4aab0a74fde,primary_parent,dc6b9e097fdbb1cebc638561775ba07debfd2bcbae4b1e7dbb9a3812c90d1dda,amp_read_log10_mic_um,numeric,true,same_frozen_numeric_contract,minimize,log10(uM),1.4326805721868476,1.5261722306962933,0.09349165850944563,-0.09349165850944563,true,3995323a4d9177f1987a869fdefb7d68272ac31263fbb22df73bca07065b5d13
vegfa,296e237bb4c8650c0286f2d18147bc2acaa2141e94eceb4430a31fdd3b24c235,controlled_crossover,28b292e6ed406c5b9681fa83fb66e14e7f6451140f9d03ff8bffc4aab0a74fde,primary_parent,dc6b9e097fdbb1cebc638561775ba07debfd2bcbae4b1e7dbb9a3812c90d1dda,guruprasad_instability_index,numeric,true,same_frozen_numeric_contract,minimize,index,8.988461538461536,38.992308,30.003846461538465,-30.003846461538465,true,e7ebac106e8e5bb8dc67d878b6e2f2bad0fedab171ab7f97b6e9319504beb9c8
vegfa,296e237bb4c8650c0286f2d18147bc2acaa2141e94eceb4430a31fdd3b24c235,controlled_crossover,28b292e6ed406c5b9681fa83fb66e14e7f6451140f9d03ff8bffc4aab0a74fde,primary_parent,dc6b9e097fdbb1cebc638561775ba07debfd2bcbae4b1e7dbb9a3812c90d1dda,hydrophobic_moment_eisenberg,numeric,false,audit_metric_has_no_monotonic_improvement_direction,audit,dimensionless,0.05669057760399849,0.16630822469081338,0.1096176470868149,,true,b6bb39bf499227dbb471aaad0a8d8f2a31d23bc0cea0e16e6f4c6d5430561e73
vegfa,296e237bb4c8650c0286f2d18147bc2acaa2141e94eceb4430a31fdd3b24c235,controlled_crossover,28b292e6ed406c5b9681fa83fb66e14e7f6451140f9d03ff8bffc4aab0a74fde,primary_parent,dc6b9e097fdbb1cebc638561775ba07debfd2bcbae4b1e7dbb9a3812c90d1dda,hydrophobic_ratio_modlamp,numeric,false,audit_metric_has_no_monotonic_improvement_direction,audit,fraction,0.07692307692307693,0.038461538461538464,-0.038461538461538464,,true,b777ab584b876563e02d68b671536fef2729f38f84c01729865ee45b529929ab
vegfa,296e237bb4c8650c0286f2d18147bc2acaa2141e94eceb4430a31fdd3b24c235,controlled_crossover,28b292e6ed406c5b9681fa83fb66e14e7f6451140f9d03ff8bffc4aab0a74fde,primary_parent,dc6b9e097fdbb1cebc638561775ba07debfd2bcbae4b1e7dbb9a3812c90d1dda,llamp_log10_mic_um,numeric,true,same_frozen_numeric_contract,minimize,log10(uM),0.7191438674926758,0.9078251123428345,0.1886812448501587,-0.1886812448501587,true,270e16530ef4b0b1fdc99a70c7acb6ed49982326f6ad9f69f9d6eaa9a3eea724
vegfa,296e237bb4c8650c0286f2d18147bc2acaa2141e94eceb4430a31fdd3b24c235,controlled_crossover,28b292e6ed406c5b9681fa83fb66e14e7f6451140f9d03ff8bffc4aab0a74fde,primary_parent,dc6b9e097fdbb1cebc638561775ba07debfd2bcbae4b1e7dbb9a3812c90d1dda,macrel_amp_probability,numeric,true,same_frozen_numeric_contract,maximize,probability,0.535,0.257,-0.278,-0.278,true,f600c9ba58be8a17c0ad33ac1fcd23e19c4cdf569bf5ef69675c7cbc5539a91f
vegfa,296e237bb4c8650c0286f2d18147bc2acaa2141e94eceb4430a31fdd3b24c235,controlled_crossover,28b292e6ed406c5b9681fa83fb66e14e7f6451140f9d03ff8bffc4aab0a74fde,primary_parent,dc6b9e097fdbb1cebc638561775ba07debfd2bcbae4b1e7dbb9a3812c90d1dda,macrel_hemolysis_label,categorical,true,same_frozen_label_contract,audit,label,low,low,,,false,62c38ccb5b312cf0be5a4a6066c7b74ec861c7f79c59d22c0ada516d56731a39
vegfa,296e237bb4c8650c0286f2d18147bc2acaa2141e94eceb4430a31fdd3b24c235,controlled_crossover,28b292e6ed406c5b9681fa83fb66e14e7f6451140f9d03ff8bffc4aab0a74fde,primary_parent,dc6b9e097fdbb1cebc638561775ba07debfd2bcbae4b1e7dbb9a3812c90d1dda,macrel_hemolysis_probability,numeric,true,same_frozen_numeric_contract,minimize,probability,0.386,0.426,0.03999999999999998,-0.03999999999999998,true,da2b2b1669d2e6455286bf1201eaa1a15b056195a1704e3918faa8fd63a4a942
vegfa,296e237bb4c8650c0286f2d18147bc2acaa2141e94eceb4430a31fdd3b24c235,controlled_crossover,28b292e6ed406c5b9681fa83fb66e14e7f6451140f9d03ff8bffc4aab0a74fde,primary_parent,dc6b9e097fdbb1cebc638561775ba07debfd2bcbae4b1e7dbb9a3812c90d1dda,maximum_hydrophobic_run,numeric,true,same_frozen_numeric_contract,minimize,residues,2.0,1.0,-1.0,1.0,true,87eae89d42c962bc120606db04c3a2e862e90b8924544b6290e2d9d8dc05720f
vegfa,296e237bb4c8650c0286f2d18147bc2acaa2141e94eceb4430a31fdd3b24c235,controlled_crossover,28b292e6ed406c5b9681fa83fb66e14e7f6451140f9d03ff8bffc4aab0a74fde,primary_parent,dc6b9e097fdbb1cebc638561775ba07debfd2bcbae4b1e7dbb9a3812c90d1dda,net_charge_ph7_4,numeric,false,audit_metric_has_no_monotonic_improvement_direction,audit,elementary_charge,9.152,13.109,3.9570000000000007,,true,37490f82f5bf8bba5132ba6cc9302b30b6e2d920a5e019252a0f16d851afcf0a
vegfa,296e237bb4c8650c0286f2d18147bc2acaa2141e94eceb4430a31fdd3b24c235,controlled_crossover,28b292e6ed406c5b9681fa83fb66e14e7f6451140f9d03ff8bffc4aab0a74fde,primary_parent,dc6b9e097fdbb1cebc638561775ba07debfd2bcbae4b1e7dbb9a3812c90d1dda,toxinpred3_hybrid_score,numeric,true,same_frozen_numeric_contract,minimize,dimensionless,0.015,0.0,-0.015,0.015,true,1608a6e999b1934bea62fbdb160f9ba8218afdcdda2a43b3b9e8ca28303dbae1
vegfa,296e237bb4c8650c0286f2d18147bc2acaa2141e94eceb4430a31fdd3b24c235,controlled_crossover,28b292e6ed406c5b9681fa83fb66e14e7f6451140f9d03ff8bffc4aab0a74fde,primary_parent,dc6b9e097fdbb1cebc638561775ba07debfd2bcbae4b1e7dbb9a3812c90d1dda,toxinpred3_label,categorical,true,same_frozen_label_contract,audit,label,Non-Toxin,Non-Toxin,,,false,09e521bb759d2863b7d9cda71141f8988fdcf43475930987989344a844f973d5
vegfa,296e237bb4c8650c0286f2d18147bc2acaa2141e94eceb4430a31fdd3b24c235,controlled_crossover,28b292e6ed406c5b9681fa83fb66e14e7f6451140f9d03ff8bffc4aab0a74fde,donor_parent,1d4045ee102780188e827660368729f44269e8780200c1bedb280e380f1d5243,amp_read_log10_mic_um,numeric,true,same_frozen_numeric_contract,minimize,log10(uM),1.2629065663007313,1.5261722306962933,0.263265664395562,-0.263265664395562,true,bb682333933bda58b317c63de8d1bba956b9fe867bb9aa7e24dab582ae9abc62
vegfa,296e237bb4c8650c0286f2d18147bc2acaa2141e94eceb4430a31fdd3b24c235,controlled_crossover,28b292e6ed406c5b9681fa83fb66e14e7f6451140f9d03ff8bffc4aab0a74fde,donor_parent,1d4045ee102780188e827660368729f44269e8780200c1bedb280e380f1d5243,guruprasad_instability_index,numeric,true,same_frozen_numeric_contract,minimize,index,35.079166666666666,38.992308,3.9131413333333356,-3.9131413333333356,true,d4ff72824e6270bed5e668602da7e9aa6dd714d91387d42f0fffd79489b37574
vegfa,296e237bb4c8650c0286f2d18147bc2acaa2141e94eceb4430a31fdd3b24c235,controlled_crossover,28b292e6ed406c5b9681fa83fb66e14e7f6451140f9d03ff8bffc4aab0a74fde,donor_parent,1d4045ee102780188e827660368729f44269e8780200c1bedb280e380f1d5243,hydrophobic_moment_eisenberg,numeric,false,audit_metric_has_no_monotonic_improvement_direction,audit,dimensionless,0.2750561915542174,0.16630822469081338,-0.10874796686340402,,true,0fc3f20d19b01f8d81b450b8e12a2792a87619d44f337bf118ddf2101dea4aa7
vegfa,296e237bb4c8650c0286f2d18147bc2acaa2141e94eceb4430a31fdd3b24c235,controlled_crossover,28b292e6ed406c5b9681fa83fb66e14e7f6451140f9d03ff8bffc4aab0a74fde,donor_parent,1d4045ee102780188e827660368729f44269e8780200c1bedb280e380f1d5243,hydrophobic_ratio_modlamp,numeric,false,audit_metric_has_no_monotonic_improvement_direction,audit,fraction,0.08333333333333333,0.038461538461538464,-0.044871794871794865,,true,685960e2a5aa03e3bf90c070666ef8f4e83710211870f4aa051b93daf22c65fa
vegfa,296e237bb4c8650c0286f2d18147bc2acaa2141e94eceb4430a31fdd3b24c235,controlled_crossover,28b292e6ed406c5b9681fa83fb66e14e7f6451140f9d03ff8bffc4aab0a74fde,donor_parent,1d4045ee102780188e827660368729f44269e8780200c1bedb280e380f1d5243,llamp_log10_mic_um,numeric,true,same_frozen_numeric_contract,minimize,log10(uM),1.0507502555847168,0.9078251123428345,-0.14292514324188232,0.14292514324188232,true,3d8458f8d660b74da9a020b88d0548a6b014809a2fb65d86fbc9bb052ab90fd0
vegfa,296e237bb4c8650c0286f2d18147bc2acaa2141e94eceb4430a31fdd3b24c235,controlled_crossover,28b292e6ed406c5b9681fa83fb66e14e7f6451140f9d03ff8bffc4aab0a74fde,donor_parent,1d4045ee102780188e827660368729f44269e8780200c1bedb280e380f1d5243,macrel_amp_probability,numeric,true,same_frozen_numeric_contract,maximize,probability,0.505,0.257,-0.248,-0.248,true,af575c612f5b0d3ebea10f9d7b48889b6d339d3f5598b876866832c7c77df3b4
vegfa,296e237bb4c8650c0286f2d18147bc2acaa2141e94eceb4430a31fdd3b24c235,controlled_crossover,28b292e6ed406c5b9681fa83fb66e14e7f6451140f9d03ff8bffc4aab0a74fde,donor_parent,1d4045ee102780188e827660368729f44269e8780200c1bedb280e380f1d5243,macrel_hemolysis_label,categorical,true,same_frozen_label_contract,audit,label,low,low,,,false,835a49ac6b0489dfa33d232178af24c911e13f6623d6c7d417eb0cc8ea37cf72
vegfa,296e237bb4c8650c0286f2d18147bc2acaa2141e94eceb4430a31fdd3b24c235,controlled_crossover,28b292e6ed406c5b9681fa83fb66e14e7f6451140f9d03ff8bffc4aab0a74fde,donor_parent,1d4045ee102780188e827660368729f44269e8780200c1bedb280e380f1d5243,macrel_hemolysis_probability,numeric,true,same_frozen_numeric_contract,minimize,probability,0.495,0.426,-0.069,0.069,true,cfc6f9a797877c95e8c03addfb9ccaa9fa06a9daebfad567f9c8378e037e9ac9
vegfa,296e237bb4c8650c0286f2d18147bc2acaa2141e94eceb4430a31fdd3b24c235,controlled_crossover,28b292e6ed406c5b9681fa83fb66e14e7f6451140f9d03ff8bffc4aab0a74fde,donor_parent,1d4045ee102780188e827660368729f44269e8780200c1bedb280e380f1d5243,maximum_hydrophobic_run,numeric,true,same_frozen_numeric_contract,minimize,residues,1.0,1.0,0.0,-0.0,false,fb9da1437e9e5ea50a42da318f0ece2f1742638ee87e28c2fd1d1e28db66f673
vegfa,296e237bb4c8650c0286f2d18147bc2acaa2141e94eceb4430a31fdd3b24c235,controlled_crossover,28b292e6ed406c5b9681fa83fb66e14e7f6451140f9d03ff8bffc4aab0a74fde,donor_parent,1d4045ee102780188e827660368729f44269e8780200c1bedb280e380f1d5243,net_charge_ph7_4,numeric,false,audit_metric_has_no_monotonic_improvement_direction,audit,elementary_charge,8.028,13.109,5.0809999999999995,,true,16c0e6fd1c7153947bc04ab52ed3295df57f74ae20e08fee0414b09e75be7f34
vegfa,296e237bb4c8650c0286f2d18147bc2acaa2141e94eceb4430a31fdd3b24c235,controlled_crossover,28b292e6ed406c5b9681fa83fb66e14e7f6451140f9d03ff8bffc4aab0a74fde,donor_parent,1d4045ee102780188e827660368729f44269e8780200c1bedb280e380f1d5243,toxinpred3_hybrid_score,numeric,true,same_frozen_numeric_contract,minimize,dimensionless,0.0,0.0,0.0,-0.0,false,fd2f242a00a045fe76bb0e88f21134ac7333543c8d4f87df56f51d25bbff9eb8
vegfa,296e237bb4c8650c0286f2d18147bc2acaa2141e94eceb4430a31fdd3b24c235,controlled_crossover,28b292e6ed406c5b9681fa83fb66e14e7f6451140f9d03ff8bffc4aab0a74fde,donor_parent,1d4045ee102780188e827660368729f44269e8780200c1bedb280e380f1d5243,toxinpred3_label,categorical,true,same_frozen_label_contract,audit,label,Non-Toxin,Non-Toxin,,,false,05778fced2f0393281ea349f525139225a3d83a039d8ccdd7747a90a90feb181
vegfa,bc1e03ee73e1e5af7b3a6602f7ee08667f2168de2a96dbfbe71327f7856ed3c6,de_novo,ab594e1e979cef4510c84be0fff14b10168a84242a683accad6ec4a1ee721938,none,,amp_read_log10_mic_um,numeric,false,de_novo_has_no_biological_parent,,,,3.229251567879698,,,,9207ba5b2796877929fe1b70db08fc4d4693df81f87286d603d9858613d776d7
vegfa,bc1e03ee73e1e5af7b3a6602f7ee08667f2168de2a96dbfbe71327f7856ed3c6,de_novo,ab594e1e979cef4510c84be0fff14b10168a84242a683accad6ec4a1ee721938,none,,guruprasad_instability_index,numeric,false,de_novo_has_no_biological_parent,,,,32.784000,,,,59ee3e8a2d8b66d5f1927dd7a342c6d51df99f9e232aac89d0f270d4ccacab4b
vegfa,bc1e03ee73e1e5af7b3a6602f7ee08667f2168de2a96dbfbe71327f7856ed3c6,de_novo,ab594e1e979cef4510c84be0fff14b10168a84242a683accad6ec4a1ee721938,none,,hydrophobic_moment_eisenberg,numeric,false,de_novo_has_no_biological_parent,,,,0.12141562139414887,,,,34f8a468fc5b7e719674ad5e94a12909e0518a19dd12acc1a1fe9fc4e8155f23
vegfa,bc1e03ee73e1e5af7b3a6602f7ee08667f2168de2a96dbfbe71327f7856ed3c6,de_novo,ab594e1e979cef4510c84be0fff14b10168a84242a683accad6ec4a1ee721938,none,,hydrophobic_ratio_modlamp,numeric,false,de_novo_has_no_biological_parent,,,,0.08,,,,53a92f6758d9b3dc4f8fcf6ae7ab786ea8f3215672e9bb616a9007ea4c30cf19
vegfa,bc1e03ee73e1e5af7b3a6602f7ee08667f2168de2a96dbfbe71327f7856ed3c6,de_novo,ab594e1e979cef4510c84be0fff14b10168a84242a683accad6ec4a1ee721938,none,,llamp_log10_mic_um,numeric,false,de_novo_has_no_biological_parent,,,,1.7788114547729492,,,,11ae74c2954602315738d1af0567613e0fb9042d877e4bf0d02241f2d82e2a31
vegfa,bc1e03ee73e1e5af7b3a6602f7ee08667f2168de2a96dbfbe71327f7856ed3c6,de_novo,ab594e1e979cef4510c84be0fff14b10168a84242a683accad6ec4a1ee721938,none,,macrel_amp_probability,numeric,false,de_novo_has_no_biological_parent,,,,0.327,,,,8e8b017ec4ef6d2d3da7ae2932238d20a9db13851e8a463c4258931edd762f9f
vegfa,bc1e03ee73e1e5af7b3a6602f7ee08667f2168de2a96dbfbe71327f7856ed3c6,de_novo,ab594e1e979cef4510c84be0fff14b10168a84242a683accad6ec4a1ee721938,none,,macrel_hemolysis_label,categorical,false,de_novo_has_no_biological_parent,,,,low,,,,da9d6050c90a14fc8a82aec1f3aa4472d77470dac42ac615a32adc38dea526a3
vegfa,bc1e03ee73e1e5af7b3a6602f7ee08667f2168de2a96dbfbe71327f7856ed3c6,de_novo,ab594e1e979cef4510c84be0fff14b10168a84242a683accad6ec4a1ee721938,none,,macrel_hemolysis_probability,numeric,false,de_novo_has_no_biological_parent,,,,0.248,,,,8e66e898d8756fc01f69bbc525c672759fcce3ded28e697ecca2b12b4f5c4acf
vegfa,bc1e03ee73e1e5af7b3a6602f7ee08667f2168de2a96dbfbe71327f7856ed3c6,de_novo,ab594e1e979cef4510c84be0fff14b10168a84242a683accad6ec4a1ee721938,none,,maximum_hydrophobic_run,numeric,false,de_novo_has_no_biological_parent,,,,1,,,,68422b9e7c14d2c420374fc7c3ea0561e467c6bf597f0c5bef11902da8ffb60c
vegfa,bc1e03ee73e1e5af7b3a6602f7ee08667f2168de2a96dbfbe71327f7856ed3c6,de_novo,ab594e1e979cef4510c84be0fff14b10168a84242a683accad6ec4a1ee721938,none,,net_charge_ph7_4,numeric,false,de_novo_has_no_biological_parent,,,,7.07,,,,dd8cceeea47c2879f320feb6babc4ae958345849013d29957576af0e626d5ae0
vegfa,bc1e03ee73e1e5af7b3a6602f7ee08667f2168de2a96dbfbe71327f7856ed3c6,de_novo,ab594e1e979cef4510c84be0fff14b10168a84242a683accad6ec4a1ee721938,none,,toxinpred3_hybrid_score,numeric,false,de_novo_has_no_biological_parent,,,,0.0,,,,963d62f797fedecb9c645197257af0759a721a555477cf917e9b47adaf5816e1
vegfa,bc1e03ee73e1e5af7b3a6602f7ee08667f2168de2a96dbfbe71327f7856ed3c6,de_novo,ab594e1e979cef4510c84be0fff14b10168a84242a683accad6ec4a1ee721938,none,,toxinpred3_label,categorical,false,de_novo_has_no_biological_parent,,,,Non-Toxin,,,,8b70b3b1cd70d307522f10b92655d04dfacde4b44ada7ec23be9ade90366d107
vegfa,88ac4e99df88f2d2834a32f48e795d2a86fd7c19c7f10d501639bfdaa0beefbe,de_novo,030a5a680db5b369f3957e06063a6f800432c609c42504fbce7b0d003eb6a120,none,,amp_read_log10_mic_um,numeric,false,de_novo_has_no_biological_parent,,,,1.3732606229046214,,,,b1b486188f7836a63d8e3719628a4bfaa97e497f66b2c276b9bcd23666066b64
vegfa,88ac4e99df88f2d2834a32f48e795d2a86fd7c19c7f10d501639bfdaa0beefbe,de_novo,030a5a680db5b369f3957e06063a6f800432c609c42504fbce7b0d003eb6a120,none,,guruprasad_instability_index,numeric,false,de_novo_has_no_biological_parent,,,,45.390476,,,,13bf323ef9e28164d2eabc8dc48f065deba30a459c322fb0efe7fa4ac0c3fdcd
vegfa,88ac4e99df88f2d2834a32f48e795d2a86fd7c19c7f10d501639bfdaa0beefbe,de_novo,030a5a680db5b369f3957e06063a6f800432c609c42504fbce7b0d003eb6a120,none,,hydrophobic_moment_eisenberg,numeric,false,de_novo_has_no_biological_parent,,,,0.1976086222766421,,,,773ed5ebafc67e9bb7f8cf6daffe87383651a3344e1a4677acc7b3d9c52e48fc
vegfa,88ac4e99df88f2d2834a32f48e795d2a86fd7c19c7f10d501639bfdaa0beefbe,de_novo,030a5a680db5b369f3957e06063a6f800432c609c42504fbce7b0d003eb6a120,none,,hydrophobic_ratio_modlamp,numeric,false,de_novo_has_no_biological_parent,,,,0.047619047619047616,,,,370a600ddef764ae5912816ef8df743b256d748bf50dd91ed0e2969b44fa37c0
vegfa,88ac4e99df88f2d2834a32f48e795d2a86fd7c19c7f10d501639bfdaa0beefbe,de_novo,030a5a680db5b369f3957e06063a6f800432c609c42504fbce7b0d003eb6a120,none,,llamp_log10_mic_um,numeric,false,de_novo_has_no_biological_parent,,,,1.0525097846984863,,,,230c23bbc1b7a58e653ecbbed3210a91221a253acc9affb1ea3b0ad9ad3e553c
vegfa,88ac4e99df88f2d2834a32f48e795d2a86fd7c19c7f10d501639bfdaa0beefbe,de_novo,030a5a680db5b369f3957e06063a6f800432c609c42504fbce7b0d003eb6a120,none,,macrel_amp_probability,numeric,false,de_novo_has_no_biological_parent,,,,0.465,,,,2b76a3703aa53a381a10ff10e1fa54df564d83ff799e59acad41c23967578ae0
vegfa,88ac4e99df88f2d2834a32f48e795d2a86fd7c19c7f10d501639bfdaa0beefbe,de_novo,030a5a680db5b369f3957e06063a6f800432c609c42504fbce7b0d003eb6a120,none,,macrel_hemolysis_label,categorical,false,de_novo_has_no_biological_parent,,,,high,,,,0b27defeb11189ccb52d84b0dc540729c47cfde7c3157849ff2ec77960c9fe19
vegfa,88ac4e99df88f2d2834a32f48e795d2a86fd7c19c7f10d501639bfdaa0beefbe,de_novo,030a5a680db5b369f3957e06063a6f800432c609c42504fbce7b0d003eb6a120,none,,macrel_hemolysis_probability,numeric,false,de_novo_has_no_biological_parent,,,,0.564,,,,0cea077a713603dd9a6bc77cf0b47008719e42c8e94bc588b59f1e2009bcff82
vegfa,88ac4e99df88f2d2834a32f48e795d2a86fd7c19c7f10d501639bfdaa0beefbe,de_novo,030a5a680db5b369f3957e06063a6f800432c609c42504fbce7b0d003eb6a120,none,,maximum_hydrophobic_run,numeric,false,de_novo_has_no_biological_parent,,,,1,,,,b98aa007f263fb5f602db4789a0b8c5e40c2e838517ae4aeda603dc31d4d6867
vegfa,88ac4e99df88f2d2834a32f48e795d2a86fd7c19c7f10d501639bfdaa0beefbe,de_novo,030a5a680db5b369f3957e06063a6f800432c609c42504fbce7b0d003eb6a120,none,,net_charge_ph7_4,numeric,false,de_novo_has_no_biological_parent,,,,9.067,,,,5d819333df029fb8bcbb2c971af02348a4969d192fc86be78315dca65d8bed53
vegfa,88ac4e99df88f2d2834a32f48e795d2a86fd7c19c7f10d501639bfdaa0beefbe,de_novo,030a5a680db5b369f3957e06063a6f800432c609c42504fbce7b0d003eb6a120,none,,toxinpred3_hybrid_score,numeric,false,de_novo_has_no_biological_parent,,,,0.0,,,,bc862cb9a8d81e50fa87503057070af386398c235e8fd0b703e54273016134b2
vegfa,88ac4e99df88f2d2834a32f48e795d2a86fd7c19c7f10d501639bfdaa0beefbe,de_novo,030a5a680db5b369f3957e06063a6f800432c609c42504fbce7b0d003eb6a120,none,,toxinpred3_label,categorical,false,de_novo_has_no_biological_parent,,,,Non-Toxin,,,,17e80d6969ee10df9a54afc05b5ab731d905c4fdfef5bce308c5888607506fe0
vegfa,d8ad2b01ef8f7fe04472774308488dae62959483a6a13819c70bb42e6547f5d8,masked_substitution,aef995956ccf1538cbe2c8b6edd613448878434235158485c7784342f8832207,primary_parent,02e6e8a9041d1f5e02ded66ace7f1bf8353933cb460554f7d6d4f7827ee851e3,amp_read_log10_mic_um,numeric,true,same_frozen_numeric_contract,minimize,log10(uM),0.8502392420270765,1.21906278841263,0.3688235463855535,-0.3688235463855535,true,358bd84a633f31190646351c517779dcdc55fb517e6299e48e443380836a103a
vegfa,d8ad2b01ef8f7fe04472774308488dae62959483a6a13819c70bb42e6547f5d8,masked_substitution,aef995956ccf1538cbe2c8b6edd613448878434235158485c7784342f8832207,primary_parent,02e6e8a9041d1f5e02ded66ace7f1bf8353933cb460554f7d6d4f7827ee851e3,guruprasad_instability_index,numeric,true,same_frozen_numeric_contract,minimize,index,-9.308695652173913,-9.308696,-3.478260861555782e-07,3.478260861555782e-07,true,d66678ee9c63e669d75fbfa6b423bc48cb8e0416dec3c3c8e8ea1bfdd146a39b
vegfa,d8ad2b01ef8f7fe04472774308488dae62959483a6a13819c70bb42e6547f5d8,masked_substitution,aef995956ccf1538cbe2c8b6edd613448878434235158485c7784342f8832207,primary_parent,02e6e8a9041d1f5e02ded66ace7f1bf8353933cb460554f7d6d4f7827ee851e3,hydrophobic_moment_eisenberg,numeric,false,audit_metric_has_no_monotonic_improvement_direction,audit,dimensionless,0.14056582796750103,0.16784069408837277,0.027274866120871738,,true,1a5176647ca90f9d617140ea4e6cfdd9a900b3248ffbb0d3189166b310bd3a76
vegfa,d8ad2b01ef8f7fe04472774308488dae62959483a6a13819c70bb42e6547f5d8,masked_substitution,aef995956ccf1538cbe2c8b6edd613448878434235158485c7784342f8832207,primary_parent,02e6e8a9041d1f5e02ded66ace7f1bf8353933cb460554f7d6d4f7827ee851e3,hydrophobic_ratio_modlamp,numeric,false,audit_metric_has_no_monotonic_improvement_direction,audit,fraction,0.2608695652173913,0.2608695652173913,0.0,,false,2dfdb2c55c77cffc40fda57f87a5bdd5fb550dcc9d8c9e4c8eca2d67e2a47e99
vegfa,d8ad2b01ef8f7fe04472774308488dae62959483a6a13819c70bb42e6547f5d8,masked_substitution,aef995956ccf1538cbe2c8b6edd613448878434235158485c7784342f8832207,primary_parent,02e6e8a9041d1f5e02ded66ace7f1bf8353933cb460554f7d6d4f7827ee851e3,llamp_log10_mic_um,numeric,true,same_frozen_numeric_contract,minimize,log10(uM),1.3610467910766602,1.779605507850647,0.4185587167739868,-0.4185587167739868,true,1062a6c1cd7ab6fc94189596d706afbe6207284cc2a4a733102e966e5af2e346
vegfa,d8ad2b01ef8f7fe04472774308488dae62959483a6a13819c70bb42e6547f5d8,masked_substitution,aef995956ccf1538cbe2c8b6edd613448878434235158485c7784342f8832207,primary_parent,02e6e8a9041d1f5e02ded66ace7f1bf8353933cb460554f7d6d4f7827ee851e3,macrel_amp_probability,numeric,true,same_frozen_numeric_contract,maximize,probability,0.584,0.396,-0.18799999999999994,-0.18799999999999994,true,bd311f249130a51cd3cba67a9ffb37e95f527d2dad9b32fc7d839c13c9b33dc6
vegfa,d8ad2b01ef8f7fe04472774308488dae62959483a6a13819c70bb42e6547f5d8,masked_substitution,aef995956ccf1538cbe2c8b6edd613448878434235158485c7784342f8832207,primary_parent,02e6e8a9041d1f5e02ded66ace7f1bf8353933cb460554f7d6d4f7827ee851e3,macrel_hemolysis_label,categorical,true,same_frozen_label_contract,audit,label,low,low,,,false,3cd76daab00da0dc90e050b518252adabd5c2b1460848372e524d093a344d07c
vegfa,d8ad2b01ef8f7fe04472774308488dae62959483a6a13819c70bb42e6547f5d8,masked_substitution,aef995956ccf1538cbe2c8b6edd613448878434235158485c7784342f8832207,primary_parent,02e6e8a9041d1f5e02ded66ace7f1bf8353933cb460554f7d6d4f7827ee851e3,macrel_hemolysis_probability,numeric,true,same_frozen_numeric_contract,minimize,probability,0.465,0.465,0.0,-0.0,false,ac6f74d60c18497d23131f22799d3a9ca37263e0fe8d9ff653d4fcf7701a1b64
vegfa,d8ad2b01ef8f7fe04472774308488dae62959483a6a13819c70bb42e6547f5d8,masked_substitution,aef995956ccf1538cbe2c8b6edd613448878434235158485c7784342f8832207,primary_parent,02e6e8a9041d1f5e02ded66ace7f1bf8353933cb460554f7d6d4f7827ee851e3,maximum_hydrophobic_run,numeric,true,same_frozen_numeric_contract,minimize,residues,2.0,2.0,0.0,-0.0,false,ba7f330e9b2f2cda711a7a10a8e830a2572a7bacd6ac0cdb1b7da68e831e4ae0
vegfa,d8ad2b01ef8f7fe04472774308488dae62959483a6a13819c70bb42e6547f5d8,masked_substitution,aef995956ccf1538cbe2c8b6edd613448878434235158485c7784342f8832207,primary_parent,02e6e8a9041d1f5e02ded66ace7f1bf8353933cb460554f7d6d4f7827ee851e3,net_charge_ph7_4,numeric,false,audit_metric_has_no_monotonic_improvement_direction,audit,elementary_charge,6.112,5.112,-1.0,,true,dae16503b2c07b9632ce21e6933806f4db5292d978746a7ce04b9640be7c0041
vegfa,d8ad2b01ef8f7fe04472774308488dae62959483a6a13819c70bb42e6547f5d8,masked_substitution,aef995956ccf1538cbe2c8b6edd613448878434235158485c7784342f8832207,primary_parent,02e6e8a9041d1f5e02ded66ace7f1bf8353933cb460554f7d6d4f7827ee851e3,toxinpred3_hybrid_score,numeric,true,same_frozen_numeric_contract,minimize,dimensionless,0.0,0.0,0.0,-0.0,false,dfa43c128309886cb6d1011e42eca95bcf30bada1319d602d98b7ec711f4ebee
vegfa,d8ad2b01ef8f7fe04472774308488dae62959483a6a13819c70bb42e6547f5d8,masked_substitution,aef995956ccf1538cbe2c8b6edd613448878434235158485c7784342f8832207,primary_parent,02e6e8a9041d1f5e02ded66ace7f1bf8353933cb460554f7d6d4f7827ee851e3,toxinpred3_label,categorical,true,same_frozen_label_contract,audit,label,Non-Toxin,Non-Toxin,,,false,a32301ab1e6bb3d6aa6b2a0330560ae8a73ce8e68aef37f5b0254dcaae37c752
vegfa,85d6c40faa1c5e03a8c1c0f935ae7cf744f8d47cf62eec432492d42cace7e1bd,controlled_crossover,28c9d45914e2ef068c033aa26e85cfbec92d853ccef46b70f13a2b8dafd2a9ea,primary_parent,dd641bf4505cafd6d07b207294bb7fca3279c06b4dc2c807dd8a0399ce77128d,amp_read_log10_mic_um,numeric,true,same_frozen_numeric_contract,minimize,log10(uM),1.3815580984922229,1.5866255281524657,0.20506742966024283,-0.20506742966024283,true,d1dd112081623f88e4c75229f1ef4c598241a3ceb24c30aaee717b7bf0c96440
vegfa,85d6c40faa1c5e03a8c1c0f935ae7cf744f8d47cf62eec432492d42cace7e1bd,controlled_crossover,28c9d45914e2ef068c033aa26e85cfbec92d853ccef46b70f13a2b8dafd2a9ea,primary_parent,dd641bf4505cafd6d07b207294bb7fca3279c06b4dc2c807dd8a0399ce77128d,guruprasad_instability_index,numeric,true,same_frozen_numeric_contract,minimize,index,8.988461538461536,38.992308,30.003846461538465,-30.003846461538465,true,18acba35c4d12e453c973c9c7aff68e3b2bdea6932e37b3de92313049880a9d6
vegfa,85d6c40faa1c5e03a8c1c0f935ae7cf744f8d47cf62eec432492d42cace7e1bd,controlled_crossover,28c9d45914e2ef068c033aa26e85cfbec92d853ccef46b70f13a2b8dafd2a9ea,primary_parent,dd641bf4505cafd6d07b207294bb7fca3279c06b4dc2c807dd8a0399ce77128d,hydrophobic_moment_eisenberg,numeric,false,audit_metric_has_no_monotonic_improvement_direction,audit,dimensionless,0.11206580949290935,0.15789445870834737,0.045828649215438014,,true,d4a70477c5e35a41707143e5db3b91f5e92985a4fab26be7a6761d21e3ca76ed
vegfa,85d6c40faa1c5e03a8c1c0f935ae7cf744f8d47cf62eec432492d42cace7e1bd,controlled_crossover,28c9d45914e2ef068c033aa26e85cfbec92d853ccef46b70f13a2b8dafd2a9ea,primary_parent,dd641bf4505cafd6d07b207294bb7fca3279c06b4dc2c807dd8a0399ce77128d,hydrophobic_ratio_modlamp,numeric,false,audit_metric_has_no_monotonic_improvement_direction,audit,fraction,0.07692307692307693,0.038461538461538464,-0.038461538461538464,,true,9b7e8d96e605aa908edcdc36850409b8d590aec4aeb2e1586ae02e40895eeb34
vegfa,85d6c40faa1c5e03a8c1c0f935ae7cf744f8d47cf62eec432492d42cace7e1bd,controlled_crossover,28c9d45914e2ef068c033aa26e85cfbec92d853ccef46b70f13a2b8dafd2a9ea,primary_parent,dd641bf4505cafd6d07b207294bb7fca3279c06b4dc2c807dd8a0399ce77128d,llamp_log10_mic_um,numeric,true,same_frozen_numeric_contract,minimize,log10(uM),0.6327211856842041,0.9586710929870605,0.32594990730285645,-0.32594990730285645,true,47ad41a93b556301f8449e48bfd96638d974d4f5a1f2dd1e40d6294541eaacc4
vegfa,85d6c40faa1c5e03a8c1c0f935ae7cf744f8d47cf62eec432492d42cace7e1bd,controlled_crossover,28c9d45914e2ef068c033aa26e85cfbec92d853ccef46b70f13a2b8dafd2a9ea,primary_parent,dd641bf4505cafd6d07b207294bb7fca3279c06b4dc2c807dd8a0399ce77128d,macrel_amp_probability,numeric,true,same_frozen_numeric_contract,maximize,probability,0.564,0.287,-0.27699999999999997,-0.27699999999999997,true,469616814e267863072fa5438e60ec9aa2af429db5607c48303f1b62b235d4c5
vegfa,85d6c40faa1c5e03a8c1c0f935ae7cf744f8d47cf62eec432492d42cace7e1bd,controlled_crossover,28c9d45914e2ef068c033aa26e85cfbec92d853ccef46b70f13a2b8dafd2a9ea,primary_parent,dd641bf4505cafd6d07b207294bb7fca3279c06b4dc2c807dd8a0399ce77128d,macrel_hemolysis_label,categorical,true,same_frozen_label_contract,audit,label,low,low,,,false,7fadcea26dce5c9923b38e4d5fca524c088d638581b1bae5f97c71c40096a618
vegfa,85d6c40faa1c5e03a8c1c0f935ae7cf744f8d47cf62eec432492d42cace7e1bd,controlled_crossover,28c9d45914e2ef068c033aa26e85cfbec92d853ccef46b70f13a2b8dafd2a9ea,primary_parent,dd641bf4505cafd6d07b207294bb7fca3279c06b4dc2c807dd8a0399ce77128d,macrel_hemolysis_probability,numeric,true,same_frozen_numeric_contract,minimize,probability,0.386,0.436,0.04999999999999999,-0.04999999999999999,true,6257139c48eed3eaacfc7df8b4e075de5dc5a2f896c0443d1d13c2fe4b400f0c
vegfa,85d6c40faa1c5e03a8c1c0f935ae7cf744f8d47cf62eec432492d42cace7e1bd,controlled_crossover,28c9d45914e2ef068c033aa26e85cfbec92d853ccef46b70f13a2b8dafd2a9ea,primary_parent,dd641bf4505cafd6d07b207294bb7fca3279c06b4dc2c807dd8a0399ce77128d,maximum_hydrophobic_run,numeric,true,same_frozen_numeric_contract,minimize,residues,2.0,1.0,-1.0,1.0,true,735dcbfb795b0e546868c4de347bbdd753059beea38bc3724a453b73c26945c2
vegfa,85d6c40faa1c5e03a8c1c0f935ae7cf744f8d47cf62eec432492d42cace7e1bd,controlled_crossover,28c9d45914e2ef068c033aa26e85cfbec92d853ccef46b70f13a2b8dafd2a9ea,primary_parent,dd641bf4505cafd6d07b207294bb7fca3279c06b4dc2c807dd8a0399ce77128d,net_charge_ph7_4,numeric,false,audit_metric_has_no_monotonic_improvement_direction,audit,elementary_charge,9.152,13.109,3.9570000000000007,,true,6bf07690eb61c4a412f6f3e8f02ef33db41ce754778f5f3018b9faf6c4c107d3
vegfa,85d6c40faa1c5e03a8c1c0f935ae7cf744f8d47cf62eec432492d42cace7e1bd,controlled_crossover,28c9d45914e2ef068c033aa26e85cfbec92d853ccef46b70f13a2b8dafd2a9ea,primary_parent,dd641bf4505cafd6d07b207294bb7fca3279c06b4dc2c807dd8a0399ce77128d,toxinpred3_hybrid_score,numeric,true,same_frozen_numeric_contract,minimize,dimensionless,0.015,0.0,-0.015,0.015,true,c52d9c1a24989c370cb657640c10ed2518e49c054414661048a542d5167728c1
vegfa,85d6c40faa1c5e03a8c1c0f935ae7cf744f8d47cf62eec432492d42cace7e1bd,controlled_crossover,28c9d45914e2ef068c033aa26e85cfbec92d853ccef46b70f13a2b8dafd2a9ea,primary_parent,dd641bf4505cafd6d07b207294bb7fca3279c06b4dc2c807dd8a0399ce77128d,toxinpred3_label,categorical,true,same_frozen_label_contract,audit,label,Non-Toxin,Non-Toxin,,,false,bc35d990ff243a2d1bad17e7671933786c795f1ad70e85d14d477346bc32e575
vegfa,85d6c40faa1c5e03a8c1c0f935ae7cf744f8d47cf62eec432492d42cace7e1bd,controlled_crossover,28c9d45914e2ef068c033aa26e85cfbec92d853ccef46b70f13a2b8dafd2a9ea,donor_parent,1d4045ee102780188e827660368729f44269e8780200c1bedb280e380f1d5243,amp_read_log10_mic_um,numeric,true,same_frozen_numeric_contract,minimize,log10(uM),1.2629065663007313,1.5866255281524657,0.32371896185173443,-0.32371896185173443,true,6a2492fd621a756b0a4636ed4205b9ee906df48c127bab3cecdeb013a162d3b9
vegfa,85d6c40faa1c5e03a8c1c0f935ae7cf744f8d47cf62eec432492d42cace7e1bd,controlled_crossover,28c9d45914e2ef068c033aa26e85cfbec92d853ccef46b70f13a2b8dafd2a9ea,donor_parent,1d4045ee102780188e827660368729f44269e8780200c1bedb280e380f1d5243,guruprasad_instability_index,numeric,true,same_frozen_numeric_contract,minimize,index,35.079166666666666,38.992308,3.9131413333333356,-3.9131413333333356,true,4d08d339f9c38685f3a749eaa2cf6b3c7e75b98540508987e5fe0590ff1fea59
vegfa,85d6c40faa1c5e03a8c1c0f935ae7cf744f8d47cf62eec432492d42cace7e1bd,controlled_crossover,28c9d45914e2ef068c033aa26e85cfbec92d853ccef46b70f13a2b8dafd2a9ea,donor_parent,1d4045ee102780188e827660368729f44269e8780200c1bedb280e380f1d5243,hydrophobic_moment_eisenberg,numeric,false,audit_metric_has_no_monotonic_improvement_direction,audit,dimensionless,0.2750561915542174,0.15789445870834737,-0.11716173284587003,,true,6e81168eda9f4bb7033b0cc77261fd9f4970ad99fd4b642dfaaf7aa82a13daa0
vegfa,85d6c40faa1c5e03a8c1c0f935ae7cf744f8d47cf62eec432492d42cace7e1bd,controlled_crossover,28c9d45914e2ef068c033aa26e85cfbec92d853ccef46b70f13a2b8dafd2a9ea,donor_parent,1d4045ee102780188e827660368729f44269e8780200c1bedb280e380f1d5243,hydrophobic_ratio_modlamp,numeric,false,audit_metric_has_no_monotonic_improvement_direction,audit,fraction,0.08333333333333333,0.038461538461538464,-0.044871794871794865,,true,220de47ec83b7b715fa5f0312e9d9ec06255f9c69a057e6d9115f236532ac08c
vegfa,85d6c40faa1c5e03a8c1c0f935ae7cf744f8d47cf62eec432492d42cace7e1bd,controlled_crossover,28c9d45914e2ef068c033aa26e85cfbec92d853ccef46b70f13a2b8dafd2a9ea,donor_parent,1d4045ee102780188e827660368729f44269e8780200c1bedb280e380f1d5243,llamp_log10_mic_um,numeric,true,same_frozen_numeric_contract,minimize,log10(uM),1.0507502555847168,0.9586710929870605,-0.09207916259765625,0.09207916259765625,true,10eea3ac3f6b7f5d91c9ea1e40fad3bfe815753b911a1d6c8927dfbf555e6986
vegfa,85d6c40faa1c5e03a8c1c0f935ae7cf744f8d47cf62eec432492d42cace7e1bd,controlled_crossover,28c9d45914e2ef068c033aa26e85cfbec92d853ccef46b70f13a2b8dafd2a9ea,donor_parent,1d4045ee102780188e827660368729f44269e8780200c1bedb280e380f1d5243,macrel_amp_probability,numeric,true,same_frozen_numeric_contract,maximize,probability,0.505,0.287,-0.21800000000000003,-0.21800000000000003,true,dc2f26422653e4fdcea095d9abffb9b1c655847ce4efbb60865bfb32e07a6baa
vegfa,85d6c40faa1c5e03a8c1c0f935ae7cf744f8d47cf62eec432492d42cace7e1bd,controlled_crossover,28c9d45914e2ef068c033aa26e85cfbec92d853ccef46b70f13a2b8dafd2a9ea,donor_parent,1d4045ee102780188e827660368729f44269e8780200c1bedb280e380f1d5243,macrel_hemolysis_label,categorical,true,same_frozen_label_contract,audit,label,low,low,,,false,ab8bf36b9764d767f36562072d2188bee046cbcbbd0f1f00c61e85e540046d65
vegfa,85d6c40faa1c5e03a8c1c0f935ae7cf744f8d47cf62eec432492d42cace7e1bd,controlled_crossover,28c9d45914e2ef068c033aa26e85cfbec92d853ccef46b70f13a2b8dafd2a9ea,donor_parent,1d4045ee102780188e827660368729f44269e8780200c1bedb280e380f1d5243,macrel_hemolysis_probability,numeric,true,same_frozen_numeric_contract,minimize,probability,0.495,0.436,-0.059,0.059,true,8777acfee7526a0c47c4a46998283d6203c19f098a6acb471df4cecea9497f5b
vegfa,85d6c40faa1c5e03a8c1c0f935ae7cf744f8d47cf62eec432492d42cace7e1bd,controlled_crossover,28c9d45914e2ef068c033aa26e85cfbec92d853ccef46b70f13a2b8dafd2a9ea,donor_parent,1d4045ee102780188e827660368729f44269e8780200c1bedb280e380f1d5243,maximum_hydrophobic_run,numeric,true,same_frozen_numeric_contract,minimize,residues,1.0,1.0,0.0,-0.0,false,b5722d0c7c3f872f30cd8b7aeb334305a9e1c43b908cdd8c1d4f0f4170bdeebb
vegfa,85d6c40faa1c5e03a8c1c0f935ae7cf744f8d47cf62eec432492d42cace7e1bd,controlled_crossover,28c9d45914e2ef068c033aa26e85cfbec92d853ccef46b70f13a2b8dafd2a9ea,donor_parent,1d4045ee102780188e827660368729f44269e8780200c1bedb280e380f1d5243,net_charge_ph7_4,numeric,false,audit_metric_has_no_monotonic_improvement_direction,audit,elementary_charge,8.028,13.109,5.0809999999999995,,true,5d543a7fd3ad632af1fd7140a589a1a25a2e3861cf6c139658b2a4bbf3ecce5d
vegfa,85d6c40faa1c5e03a8c1c0f935ae7cf744f8d47cf62eec432492d42cace7e1bd,controlled_crossover,28c9d45914e2ef068c033aa26e85cfbec92d853ccef46b70f13a2b8dafd2a9ea,donor_parent,1d4045ee102780188e827660368729f44269e8780200c1bedb280e380f1d5243,toxinpred3_hybrid_score,numeric,true,same_frozen_numeric_contract,minimize,dimensionless,0.0,0.0,0.0,-0.0,false,653a76121170aeb402dff7f21406082088fe069c90c27893b30f27d57f0cd750
vegfa,85d6c40faa1c5e03a8c1c0f935ae7cf744f8d47cf62eec432492d42cace7e1bd,controlled_crossover,28c9d45914e2ef068c033aa26e85cfbec92d853ccef46b70f13a2b8dafd2a9ea,donor_parent,1d4045ee102780188e827660368729f44269e8780200c1bedb280e380f1d5243,toxinpred3_label,categorical,true,same_frozen_label_contract,audit,label,Non-Toxin,Non-Toxin,,,false,c80fa8dbc384c103984cafd253c2f01d096ceed8583e3e34aed08973e69ff7fe
vegfa,44d8e388517570c706fd32dbd52f26eb6594f16cd6bb51f95bf0869780fb3e64,de_novo,385c91913ef5d25bb2c090805ee4ba7410d07a38092830f03cf79081a672342a,none,,amp_read_log10_mic_um,numeric,false,de_novo_has_no_biological_parent,,,,1.7993039605357553,,,,4f4435c42315dac91fa5522d07d43610e1067b51559fd2c2df5e7649310d7d0c
vegfa,44d8e388517570c706fd32dbd52f26eb6594f16cd6bb51f95bf0869780fb3e64,de_novo,385c91913ef5d25bb2c090805ee4ba7410d07a38092830f03cf79081a672342a,none,,guruprasad_instability_index,numeric,false,de_novo_has_no_biological_parent,,,,40.645000,,,,2e84a265ca2455f00a2fe6ed34f3768c7f449e2bb6a2f0175cea4030c725869d
vegfa,44d8e388517570c706fd32dbd52f26eb6594f16cd6bb51f95bf0869780fb3e64,de_novo,385c91913ef5d25bb2c090805ee4ba7410d07a38092830f03cf79081a672342a,none,,hydrophobic_moment_eisenberg,numeric,false,de_novo_has_no_biological_parent,,,,0.19112345206826908,,,,4e15b533ce3a25ffb351842e098959280f62ab17724aa783c9d5ac789df5eae7
vegfa,44d8e388517570c706fd32dbd52f26eb6594f16cd6bb51f95bf0869780fb3e64,de_novo,385c91913ef5d25bb2c090805ee4ba7410d07a38092830f03cf79081a672342a,none,,hydrophobic_ratio_modlamp,numeric,false,de_novo_has_no_biological_parent,,,,0.1,,,,22c14d723917a44187834b7ecf3e6a9ce894162bfae9e1af433f8ded3e338d6f
vegfa,44d8e388517570c706fd32dbd52f26eb6594f16cd6bb51f95bf0869780fb3e64,de_novo,385c91913ef5d25bb2c090805ee4ba7410d07a38092830f03cf79081a672342a,none,,llamp_log10_mic_um,numeric,false,de_novo_has_no_biological_parent,,,,1.741568922996521,,,,c7d54297fb5f5ca77999af77229a82d46546bf4b6daeb6093b5b46e98e5a2afd
vegfa,44d8e388517570c706fd32dbd52f26eb6594f16cd6bb51f95bf0869780fb3e64,de_novo,385c91913ef5d25bb2c090805ee4ba7410d07a38092830f03cf79081a672342a,none,,macrel_amp_probability,numeric,false,de_novo_has_no_biological_parent,,,,0.277,,,,513fc13d4f11092d255d1edf34bcf0370ea9a780666183264ce8c34e8dda83f3
vegfa,44d8e388517570c706fd32dbd52f26eb6594f16cd6bb51f95bf0869780fb3e64,de_novo,385c91913ef5d25bb2c090805ee4ba7410d07a38092830f03cf79081a672342a,none,,macrel_hemolysis_label,categorical,false,de_novo_has_no_biological_parent,,,,low,,,,1b69309e28b4f0c7b6f591a0e8cdea777fcc1defb415b4579690921b8867c54c
vegfa,44d8e388517570c706fd32dbd52f26eb6594f16cd6bb51f95bf0869780fb3e64,de_novo,385c91913ef5d25bb2c090805ee4ba7410d07a38092830f03cf79081a672342a,none,,macrel_hemolysis_probability,numeric,false,de_novo_has_no_biological_parent,,,,0.188,,,,ab175977c301c68710b867350ad8cae2b9a0600ffc9bb3c4f58897c1e58fe8ff
vegfa,44d8e388517570c706fd32dbd52f26eb6594f16cd6bb51f95bf0869780fb3e64,de_novo,385c91913ef5d25bb2c090805ee4ba7410d07a38092830f03cf79081a672342a,none,,maximum_hydrophobic_run,numeric,false,de_novo_has_no_biological_parent,,,,1,,,,2269b6397d40ba48bc398eaa52bb9dfeb55b42cd9ca4ecc7773845df541489ee
vegfa,44d8e388517570c706fd32dbd52f26eb6594f16cd6bb51f95bf0869780fb3e64,de_novo,385c91913ef5d25bb2c090805ee4ba7410d07a38092830f03cf79081a672342a,none,,net_charge_ph7_4,numeric,false,de_novo_has_no_biological_parent,,,,7.071,,,,21f04c9fadbc1ad62110065be6387c5e1a46cb6bc340c95d8e1c33b83bd35cb1
vegfa,44d8e388517570c706fd32dbd52f26eb6594f16cd6bb51f95bf0869780fb3e64,de_novo,385c91913ef5d25bb2c090805ee4ba7410d07a38092830f03cf79081a672342a,none,,toxinpred3_hybrid_score,numeric,false,de_novo_has_no_biological_parent,,,,0.0,,,,c6dd1e82097795e7075c9b1c501d72eeb486b761bb23fb3eea1a89c3035790db
vegfa,44d8e388517570c706fd32dbd52f26eb6594f16cd6bb51f95bf0869780fb3e64,de_novo,385c91913ef5d25bb2c090805ee4ba7410d07a38092830f03cf79081a672342a,none,,toxinpred3_label,categorical,false,de_novo_has_no_biological_parent,,,,Non-Toxin,,,,55130e42725906365df9b81864ee1a248b5c0ae5b0d17f5318c7fb7120322bef
vegfa,c4216ef151c3a0ba6d81133ce18ec247812602edaf170c27c4dcfe23c052f3c2,de_novo,e0d97198ee60002a2513108bae2737b0abe92825a9455a3bd18834c4b0f715f9,none,,amp_read_log10_mic_um,numeric,false,de_novo_has_no_biological_parent,,,,1.7216278179512847,,,,1bda7a327043c6948bbe35bae871f667ccfe2d1e6366260570a896a13d37b200
vegfa,c4216ef151c3a0ba6d81133ce18ec247812602edaf170c27c4dcfe23c052f3c2,de_novo,e0d97198ee60002a2513108bae2737b0abe92825a9455a3bd18834c4b0f715f9,none,,guruprasad_instability_index,numeric,false,de_novo_has_no_biological_parent,,,,29.150000,,,,d001093d6a954e846d85a553fa9eafb5b9169250925317eb2960d18f22e06217
vegfa,c4216ef151c3a0ba6d81133ce18ec247812602edaf170c27c4dcfe23c052f3c2,de_novo,e0d97198ee60002a2513108bae2737b0abe92825a9455a3bd18834c4b0f715f9,none,,hydrophobic_moment_eisenberg,numeric,false,de_novo_has_no_biological_parent,,,,0.15896090116893263,,,,869a9db9ef5b9f9895eed6879b490064274bd6f5a65fa9293bd16e1a5bef2cbb
vegfa,c4216ef151c3a0ba6d81133ce18ec247812602edaf170c27c4dcfe23c052f3c2,de_novo,e0d97198ee60002a2513108bae2737b0abe92825a9455a3bd18834c4b0f715f9,none,,hydrophobic_ratio_modlamp,numeric,false,de_novo_has_no_biological_parent,,,,0.15,,,,29a4265c82b86ff74efe46c1258065deb16652e5687d318b42774e377bcaa629
vegfa,c4216ef151c3a0ba6d81133ce18ec247812602edaf170c27c4dcfe23c052f3c2,de_novo,e0d97198ee60002a2513108bae2737b0abe92825a9455a3bd18834c4b0f715f9,none,,llamp_log10_mic_um,numeric,false,de_novo_has_no_biological_parent,,,,1.680679202079773,,,,0c58d11e4665e74eec381c736119f88543d48efb591e82f46a6cdf520afcc4bf
vegfa,c4216ef151c3a0ba6d81133ce18ec247812602edaf170c27c4dcfe23c052f3c2,de_novo,e0d97198ee60002a2513108bae2737b0abe92825a9455a3bd18834c4b0f715f9,none,,macrel_amp_probability,numeric,false,de_novo_has_no_biological_parent,,,,0.436,,,,381c6e5ee7850a7886569d2deaad4a56eba04d7fa78e46acc2ae352a95cb0b99
vegfa,c4216ef151c3a0ba6d81133ce18ec247812602edaf170c27c4dcfe23c052f3c2,de_novo,e0d97198ee60002a2513108bae2737b0abe92825a9455a3bd18834c4b0f715f9,none,,macrel_hemolysis_label,categorical,false,de_novo_has_no_biological_parent,,,,low,,,,9f71c59c87742485655de9bafd8dfca293392db932f8f40543788292c2cd502b
vegfa,c4216ef151c3a0ba6d81133ce18ec247812602edaf170c27c4dcfe23c052f3c2,de_novo,e0d97198ee60002a2513108bae2737b0abe92825a9455a3bd18834c4b0f715f9,none,,macrel_hemolysis_probability,numeric,false,de_novo_has_no_biological_parent,,,,0.327,,,,ea55ec34f340411e29b30e40a2888ed550e435e142f0ab1e43a438d9026887a9
vegfa,c4216ef151c3a0ba6d81133ce18ec247812602edaf170c27c4dcfe23c052f3c2,de_novo,e0d97198ee60002a2513108bae2737b0abe92825a9455a3bd18834c4b0f715f9,none,,maximum_hydrophobic_run,numeric,false,de_novo_has_no_biological_parent,,,,2,,,,a42cb29cec69be41f32a7275d3ec8ab4bfd20b5a1441322ef399f3ef0547a223
vegfa,c4216ef151c3a0ba6d81133ce18ec247812602edaf170c27c4dcfe23c052f3c2,de_novo,e0d97198ee60002a2513108bae2737b0abe92825a9455a3bd18834c4b0f715f9,none,,net_charge_ph7_4,numeric,false,de_novo_has_no_biological_parent,,,,6.07,,,,ee3d3af5cc72115848ba6d37b54646c63fc417111d8e8879009ea385b0ef3667
vegfa,c4216ef151c3a0ba6d81133ce18ec247812602edaf170c27c4dcfe23c052f3c2,de_novo,e0d97198ee60002a2513108bae2737b0abe92825a9455a3bd18834c4b0f715f9,none,,toxinpred3_hybrid_score,numeric,false,de_novo_has_no_biological_parent,,,,0.0,,,,d1f822abdd040856028beeefecaec08e0f59752042f1ae72c08452b7d576c478
vegfa,c4216ef151c3a0ba6d81133ce18ec247812602edaf170c27c4dcfe23c052f3c2,de_novo,e0d97198ee60002a2513108bae2737b0abe92825a9455a3bd18834c4b0f715f9,none,,toxinpred3_label,categorical,false,de_novo_has_no_biological_parent,,,,Non-Toxin,,,,4f2d85954a31841271786beaea61a4ec1bfdd4d3a32251089ec7b93254c888cc
vegfa,ce5f913ed08da11c1a692cc462c394266671d0389df2c05c5b9421ed3dc9ffd4,masked_substitution,f72a839b11925cf869a1cce59881e096199c4f7b59ec698cc2383f0085c49eb8,primary_parent,02e6e8a9041d1f5e02ded66ace7f1bf8353933cb460554f7d6d4f7827ee851e3,amp_read_log10_mic_um,numeric,true,same_frozen_numeric_contract,minimize,log10(uM),0.8502392420270765,1.0459200982578498,0.19568085623077336,-0.19568085623077336,true,84ed525f243cd55ff959b95dd290ff6c821063c897b16f5feb54e275cce32d68
vegfa,ce5f913ed08da11c1a692cc462c394266671d0389df2c05c5b9421ed3dc9ffd4,masked_substitution,f72a839b11925cf869a1cce59881e096199c4f7b59ec698cc2383f0085c49eb8,primary_parent,02e6e8a9041d1f5e02ded66ace7f1bf8353933cb460554f7d6d4f7827ee851e3,guruprasad_instability_index,numeric,true,same_frozen_numeric_contract,minimize,index,-9.308695652173913,-9.308696,-3.478260861555782e-07,3.478260861555782e-07,true,3b37c1b87ad1a2e434752a5569be31e1fa550998b11dfcab24748453fa84eb16
vegfa,ce5f913ed08da11c1a692cc462c394266671d0389df2c05c5b9421ed3dc9ffd4,masked_substitution,f72a839b11925cf869a1cce59881e096199c4f7b59ec698cc2383f0085c49eb8,primary_parent,02e6e8a9041d1f5e02ded66ace7f1bf8353933cb460554f7d6d4f7827ee851e3,hydrophobic_moment_eisenberg,numeric,false,audit_metric_has_no_monotonic_improvement_direction,audit,dimensionless,0.14056582796750103,0.12578905534848245,-0.01477677261901858,,true,66dd07b11d43258d2be572be7cf184a784d9e44f55caac54e8f1417af61c1c7c
vegfa,ce5f913ed08da11c1a692cc462c394266671d0389df2c05c5b9421ed3dc9ffd4,masked_substitution,f72a839b11925cf869a1cce59881e096199c4f7b59ec698cc2383f0085c49eb8,primary_parent,02e6e8a9041d1f5e02ded66ace7f1bf8353933cb460554f7d6d4f7827ee851e3,hydrophobic_ratio_modlamp,numeric,false,audit_metric_has_no_monotonic_improvement_direction,audit,fraction,0.2608695652173913,0.2608695652173913,0.0,,false,e9d986a7d5092d307fe0c008e46017297aacf6a570ad9c087d3a910638c433c6
vegfa,ce5f913ed08da11c1a692cc462c394266671d0389df2c05c5b9421ed3dc9ffd4,masked_substitution,f72a839b11925cf869a1cce59881e096199c4f7b59ec698cc2383f0085c49eb8,primary_parent,02e6e8a9041d1f5e02ded66ace7f1bf8353933cb460554f7d6d4f7827ee851e3,llamp_log10_mic_um,numeric,true,same_frozen_numeric_contract,minimize,log10(uM),1.3610467910766602,1.5545214414596558,0.1934746503829956,-0.1934746503829956,true,346e5e51ad15a211e0a8341eaeb4f6dd3bc9985acdea18be076a6b0732c8e5da
vegfa,ce5f913ed08da11c1a692cc462c394266671d0389df2c05c5b9421ed3dc9ffd4,masked_substitution,f72a839b11925cf869a1cce59881e096199c4f7b59ec698cc2383f0085c49eb8,primary_parent,02e6e8a9041d1f5e02ded66ace7f1bf8353933cb460554f7d6d4f7827ee851e3,macrel_amp_probability,numeric,true,same_frozen_numeric_contract,maximize,probability,0.584,0.455,-0.12899999999999995,-0.12899999999999995,true,c4ee00b4c9994ad9efebc2ef20cb3ec44d2439a08cef480fd655e9c11e98e1c9
vegfa,ce5f913ed08da11c1a692cc462c394266671d0389df2c05c5b9421ed3dc9ffd4,masked_substitution,f72a839b11925cf869a1cce59881e096199c4f7b59ec698cc2383f0085c49eb8,primary_parent,02e6e8a9041d1f5e02ded66ace7f1bf8353933cb460554f7d6d4f7827ee851e3,macrel_hemolysis_label,categorical,true,same_frozen_label_contract,audit,label,low,low,,,false,c39fa3ca34de511870d22088e93bcebd4a5adc927a19226bc8ebfb9e5a1cce3f
vegfa,ce5f913ed08da11c1a692cc462c394266671d0389df2c05c5b9421ed3dc9ffd4,masked_substitution,f72a839b11925cf869a1cce59881e096199c4f7b59ec698cc2383f0085c49eb8,primary_parent,02e6e8a9041d1f5e02ded66ace7f1bf8353933cb460554f7d6d4f7827ee851e3,macrel_hemolysis_probability,numeric,true,same_frozen_numeric_contract,minimize,probability,0.465,0.485,0.019999999999999962,-0.019999999999999962,true,49b6443dc307d753ac66a0965036f64a9a51f067346dbfcf4b39508e5a8aa4c9
vegfa,ce5f913ed08da11c1a692cc462c394266671d0389df2c05c5b9421ed3dc9ffd4,masked_substitution,f72a839b11925cf869a1cce59881e096199c4f7b59ec698cc2383f0085c49eb8,primary_parent,02e6e8a9041d1f5e02ded66ace7f1bf8353933cb460554f7d6d4f7827ee851e3,maximum_hydrophobic_run,numeric,true,same_frozen_numeric_contract,minimize,residues,2.0,2.0,0.0,-0.0,false,c208a62495eb6677504ccbbea92c803499de4f1d14cf8b2a703730512ede6c7c
vegfa,ce5f913ed08da11c1a692cc462c394266671d0389df2c05c5b9421ed3dc9ffd4,masked_substitution,f72a839b11925cf869a1cce59881e096199c4f7b59ec698cc2383f0085c49eb8,primary_parent,02e6e8a9041d1f5e02ded66ace7f1bf8353933cb460554f7d6d4f7827ee851e3,net_charge_ph7_4,numeric,false,audit_metric_has_no_monotonic_improvement_direction,audit,elementary_charge,6.112,5.112,-1.0,,true,68d0a0b87cc1d431cb0169de6aa0287f3414068d5065a1e47ef8048abec7c667
vegfa,ce5f913ed08da11c1a692cc462c394266671d0389df2c05c5b9421ed3dc9ffd4,masked_substitution,f72a839b11925cf869a1cce59881e096199c4f7b59ec698cc2383f0085c49eb8,primary_parent,02e6e8a9041d1f5e02ded66ace7f1bf8353933cb460554f7d6d4f7827ee851e3,toxinpred3_hybrid_score,numeric,true,same_frozen_numeric_contract,minimize,dimensionless,0.0,0.0,0.0,-0.0,false,de37289572c3dfcf0be635a6dcb22064add1842f709a6b782fe208df1da99922
vegfa,ce5f913ed08da11c1a692cc462c394266671d0389df2c05c5b9421ed3dc9ffd4,masked_substitution,f72a839b11925cf869a1cce59881e096199c4f7b59ec698cc2383f0085c49eb8,primary_parent,02e6e8a9041d1f5e02ded66ace7f1bf8353933cb460554f7d6d4f7827ee851e3,toxinpred3_label,categorical,true,same_frozen_label_contract,audit,label,Non-Toxin,Non-Toxin,,,false,8905aedd97d1604fe6e02c829f7c4d6dcbef203a709036030bb496a9fa8fba0d
vegfa,f695e44660df51f718708013d43d2c5c0246cae4473c3b3630f30d5be0d6f1b7,controlled_crossover,4675ca61a6019a3259bfe4780295c8dc3c47ee84f30a70293ed7c90ae6daa02d,primary_parent,dc6b9e097fdbb1cebc638561775ba07debfd2bcbae4b1e7dbb9a3812c90d1dda,amp_read_log10_mic_um,numeric,true,same_frozen_numeric_contract,minimize,log10(uM),1.4326805721868476,1.6178464361480724,0.1851658639612248,-0.1851658639612248,true,df995f4dc2d3cfac380db86ea3609b9aeacb78421cc59f522b1a24eba054d2be
vegfa,f695e44660df51f718708013d43d2c5c0246cae4473c3b3630f30d5be0d6f1b7,controlled_crossover,4675ca61a6019a3259bfe4780295c8dc3c47ee84f30a70293ed7c90ae6daa02d,primary_parent,dc6b9e097fdbb1cebc638561775ba07debfd2bcbae4b1e7dbb9a3812c90d1dda,guruprasad_instability_index,numeric,true,same_frozen_numeric_contract,minimize,index,8.988461538461536,39.157692,30.16923046153846,-30.16923046153846,true,629a2c2b016e0d3bd68645c858441fb4fb2becdc4b9b682c084536709e1fb712
vegfa,f695e44660df51f718708013d43d2c5c0246cae4473c3b3630f30d5be0d6f1b7,controlled_crossover,4675ca61a6019a3259bfe4780295c8dc3c47ee84f30a70293ed7c90ae6daa02d,primary_parent,dc6b9e097fdbb1cebc638561775ba07debfd2bcbae4b1e7dbb9a3812c90d1dda,hydrophobic_moment_eisenberg,numeric,false,audit_metric_has_no_monotonic_improvement_direction,audit,dimensionless,0.05669057760399849,0.02318050422130854,-0.03351007338268995,,true,a5ae833d822a03113391094a9dbb1506702a20f7ad458a50f451f9e511c30ed8
vegfa,f695e44660df51f718708013d43d2c5c0246cae4473c3b3630f30d5be0d6f1b7,controlled_crossover,4675ca61a6019a3259bfe4780295c8dc3c47ee84f30a70293ed7c90ae6daa02d,primary_parent,dc6b9e097fdbb1cebc638561775ba07debfd2bcbae4b1e7dbb9a3812c90d1dda,hydrophobic_ratio_modlamp,numeric,false,audit_metric_has_no_monotonic_improvement_direction,audit,fraction,0.07692307692307693,0.038461538461538464,-0.038461538461538464,,true,06500f55685869c0cc21166bf883becb2387a4f129adac7bafe8ccdb633895cc
vegfa,f695e44660df51f718708013d43d2c5c0246cae4473c3b3630f30d5be0d6f1b7,controlled_crossover,4675ca61a6019a3259bfe4780295c8dc3c47ee84f30a70293ed7c90ae6daa02d,primary_parent,dc6b9e097fdbb1cebc638561775ba07debfd2bcbae4b1e7dbb9a3812c90d1dda,llamp_log10_mic_um,numeric,true,same_frozen_numeric_contract,minimize,log10(uM),0.7191438674926758,1.157842993736267,0.4386991262435913,-0.4386991262435913,true,883f5c67b8b332b31f00a297fbdd751bf188d4dc7b7fcd50a7e58db30633c205
vegfa,f695e44660df51f718708013d43d2c5c0246cae4473c3b3630f30d5be0d6f1b7,controlled_crossover,4675ca61a6019a3259bfe4780295c8dc3c47ee84f30a70293ed7c90ae6daa02d,primary_parent,dc6b9e097fdbb1cebc638561775ba07debfd2bcbae4b1e7dbb9a3812c90d1dda,macrel_amp_probability,numeric,true,same_frozen_numeric_contract,maximize,probability,0.535,0.277,-0.258,-0.258,true,7139aec6079ee1ed42b558958054b5f2a25aaa065fa22263ee45021e6995967b
vegfa,f695e44660df51f718708013d43d2c5c0246cae4473c3b3630f30d5be0d6f1b7,controlled_crossover,4675ca61a6019a3259bfe4780295c8dc3c47ee84f30a70293ed7c90ae6daa02d,primary_parent,dc6b9e097fdbb1cebc638561775ba07debfd2bcbae4b1e7dbb9a3812c90d1dda,macrel_hemolysis_label,categorical,true,same_frozen_label_contract,audit,label,low,low,,,false,137891ac1ae16b2fb38e273582967be724841d026df4a5e059bdd20334e7dcb2
vegfa,f695e44660df51f718708013d43d2c5c0246cae4473c3b3630f30d5be0d6f1b7,controlled_crossover,4675ca61a6019a3259bfe4780295c8dc3c47ee84f30a70293ed7c90ae6daa02d,primary_parent,dc6b9e097fdbb1cebc638561775ba07debfd2bcbae4b1e7dbb9a3812c90d1dda,macrel_hemolysis_probability,numeric,true,same_frozen_numeric_contract,minimize,probability,0.386,0.396,0.010000000000000009,-0.010000000000000009,true,8fe98060259e71e98a0aeeba326184e5724042c3852faa4cf6bd0c34886b3232
vegfa,f695e44660df51f718708013d43d2c5c0246cae4473c3b3630f30d5be0d6f1b7,controlled_crossover,4675ca61a6019a3259bfe4780295c8dc3c47ee84f30a70293ed7c90ae6daa02d,primary_parent,dc6b9e097fdbb1cebc638561775ba07debfd2bcbae4b1e7dbb9a3812c90d1dda,maximum_hydrophobic_run,numeric,true,same_frozen_numeric_contract,minimize,residues,2.0,1.0,-1.0,1.0,true,ed4355d2749c1429d1c9cba12260c4f6831d2bacec3f0adeedfe59a449a2fcb9
vegfa,f695e44660df51f718708013d43d2c5c0246cae4473c3b3630f30d5be0d6f1b7,controlled_crossover,4675ca61a6019a3259bfe4780295c8dc3c47ee84f30a70293ed7c90ae6daa02d,primary_parent,dc6b9e097fdbb1cebc638561775ba07debfd2bcbae4b1e7dbb9a3812c90d1dda,net_charge_ph7_4,numeric,false,audit_metric_has_no_monotonic_improvement_direction,audit,elementary_charge,9.152,12.11,2.958,,true,17b91230f8a43f35d9cf34edfbe5b5b41007432a5de9acb5854f9a5daf329601
vegfa,f695e44660df51f718708013d43d2c5c0246cae4473c3b3630f30d5be0d6f1b7,controlled_crossover,4675ca61a6019a3259bfe4780295c8dc3c47ee84f30a70293ed7c90ae6daa02d,primary_parent,dc6b9e097fdbb1cebc638561775ba07debfd2bcbae4b1e7dbb9a3812c90d1dda,toxinpred3_hybrid_score,numeric,true,same_frozen_numeric_contract,minimize,dimensionless,0.015,0.33,0.315,-0.315,true,f9685b95e4f629b033b6690c66aa1bd94922463ad48ceb00dd3ce58729b34f02
vegfa,f695e44660df51f718708013d43d2c5c0246cae4473c3b3630f30d5be0d6f1b7,controlled_crossover,4675ca61a6019a3259bfe4780295c8dc3c47ee84f30a70293ed7c90ae6daa02d,primary_parent,dc6b9e097fdbb1cebc638561775ba07debfd2bcbae4b1e7dbb9a3812c90d1dda,toxinpred3_label,categorical,true,same_frozen_label_contract,audit,label,Non-Toxin,Non-Toxin,,,false,627cd8ead7073ade447b3ac560039e5eba5a758ec815e28399c2158b4c663a81
vegfa,f695e44660df51f718708013d43d2c5c0246cae4473c3b3630f30d5be0d6f1b7,controlled_crossover,4675ca61a6019a3259bfe4780295c8dc3c47ee84f30a70293ed7c90ae6daa02d,donor_parent,2f6aa679a20a460700c3374195b856a3c2b16fa3a2a9738a39dd42db9ad3797c,amp_read_log10_mic_um,numeric,true,same_frozen_numeric_contract,minimize,log10(uM),1.050068351773606,1.6178464361480724,0.5677780843744664,-0.5677780843744664,true,5a62426941fc013ff27e589096e238f0f8470c67892f2d45fb286826002cda65
vegfa,f695e44660df51f718708013d43d2c5c0246cae4473c3b3630f30d5be0d6f1b7,controlled_crossover,4675ca61a6019a3259bfe4780295c8dc3c47ee84f30a70293ed7c90ae6daa02d,donor_parent,2f6aa679a20a460700c3374195b856a3c2b16fa3a2a9738a39dd42db9ad3797c,guruprasad_instability_index,numeric,true,same_frozen_numeric_contract,minimize,index,31.72083333333333,39.157692,7.436858666666666,-7.436858666666666,true,c3e213d54a3099b85a0ddaefec6852e2811230d2efc210cdca1243ab0965cf32
vegfa,f695e44660df51f718708013d43d2c5c0246cae4473c3b3630f30d5be0d6f1b7,controlled_crossover,4675ca61a6019a3259bfe4780295c8dc3c47ee84f30a70293ed7c90ae6daa02d,donor_parent,2f6aa679a20a460700c3374195b856a3c2b16fa3a2a9738a39dd42db9ad3797c,hydrophobic_moment_eisenberg,numeric,false,audit_metric_has_no_monotonic_improvement_direction,audit,dimensionless,0.027870511358252036,0.02318050422130854,-0.004690007136943498,,true,766b291cc4dfc53a2e7ee22471b833a4df3a9d56ead18194d2f8e8c33c10fa1e
vegfa,f695e44660df51f718708013d43d2c5c0246cae4473c3b3630f30d5be0d6f1b7,controlled_crossover,4675ca61a6019a3259bfe4780295c8dc3c47ee84f30a70293ed7c90ae6daa02d,donor_parent,2f6aa679a20a460700c3374195b856a3c2b16fa3a2a9738a39dd42db9ad3797c,hydrophobic_ratio_modlamp,numeric,false,audit_metric_has_no_monotonic_improvement_direction,audit,fraction,0.08333333333333333,0.038461538461538464,-0.044871794871794865,,true,005e3914849c3bf350ba7e6f93e590d0eeb8a746302078e67e6b1dca68de1b95
vegfa,f695e44660df51f718708013d43d2c5c0246cae4473c3b3630f30d5be0d6f1b7,controlled_crossover,4675ca61a6019a3259bfe4780295c8dc3c47ee84f30a70293ed7c90ae6daa02d,donor_parent,2f6aa679a20a460700c3374195b856a3c2b16fa3a2a9738a39dd42db9ad3797c,llamp_log10_mic_um,numeric,true,same_frozen_numeric_contract,minimize,log10(uM),1.2649226188659668,1.157842993736267,-0.10707962512969971,0.10707962512969971,true,6dc41d2edb6c870e1e5a5746dffbc0a7d7b90f436f71472c2926b4ffb5588536
vegfa,f695e44660df51f718708013d43d2c5c0246cae4473c3b3630f30d5be0d6f1b7,controlled_crossover,4675ca61a6019a3259bfe4780295c8dc3c47ee84f30a70293ed7c90ae6daa02d,donor_parent,2f6aa679a20a460700c3374195b856a3c2b16fa3a2a9738a39dd42db9ad3797c,macrel_amp_probability,numeric,true,same_frozen_numeric_contract,maximize,probability,0.505,0.277,-0.22799999999999998,-0.22799999999999998,true,57d8e2fa65afb95d20afc48b2e2952c1cda9843ba059edf4ec720c8937efdb08
vegfa,f695e44660df51f718708013d43d2c5c0246cae4473c3b3630f30d5be0d6f1b7,controlled_crossover,4675ca61a6019a3259bfe4780295c8dc3c47ee84f30a70293ed7c90ae6daa02d,donor_parent,2f6aa679a20a460700c3374195b856a3c2b16fa3a2a9738a39dd42db9ad3797c,macrel_hemolysis_label,categorical,true,same_frozen_label_contract,audit,label,low,low,,,false,e585386439b6dceaf41249685d76f901569176518c81336f44a05a8ca2e84e47
vegfa,f695e44660df51f718708013d43d2c5c0246cae4473c3b3630f30d5be0d6f1b7,controlled_crossover,4675ca61a6019a3259bfe4780295c8dc3c47ee84f30a70293ed7c90ae6daa02d,donor_parent,2f6aa679a20a460700c3374195b856a3c2b16fa3a2a9738a39dd42db9ad3797c,macrel_hemolysis_probability,numeric,true,same_frozen_numeric_contract,minimize,probability,0.495,0.396,-0.09899999999999998,0.09899999999999998,true,bb578f8c769bd4a5e0fb265543d6adc88610c471ca31582ba96323d6406db3ef
vegfa,f695e44660df51f718708013d43d2c5c0246cae4473c3b3630f30d5be0d6f1b7,controlled_crossover,4675ca61a6019a3259bfe4780295c8dc3c47ee84f30a70293ed7c90ae6daa02d,donor_parent,2f6aa679a20a460700c3374195b856a3c2b16fa3a2a9738a39dd42db9ad3797c,maximum_hydrophobic_run,numeric,true,same_frozen_numeric_contract,minimize,residues,1.0,1.0,0.0,-0.0,false,a7ddf7c87efb8a3c9c40b6ff372bf7071fb27ba18728d775cc270df150938ee0
vegfa,f695e44660df51f718708013d43d2c5c0246cae4473c3b3630f30d5be0d6f1b7,controlled_crossover,4675ca61a6019a3259bfe4780295c8dc3c47ee84f30a70293ed7c90ae6daa02d,donor_parent,2f6aa679a20a460700c3374195b856a3c2b16fa3a2a9738a39dd42db9ad3797c,net_charge_ph7_4,numeric,false,audit_metric_has_no_monotonic_improvement_direction,audit,elementary_charge,8.028,12.11,4.081999999999999,,true,a4571c844badaacb72d38735a5a78cbbc0a7cd21f899c443517a672d9dc54bee
vegfa,f695e44660df51f718708013d43d2c5c0246cae4473c3b3630f30d5be0d6f1b7,controlled_crossover,4675ca61a6019a3259bfe4780295c8dc3c47ee84f30a70293ed7c90ae6daa02d,donor_parent,2f6aa679a20a460700c3374195b856a3c2b16fa3a2a9738a39dd42db9ad3797c,toxinpred3_hybrid_score,numeric,true,same_frozen_numeric_contract,minimize,dimensionless,0.34,0.33,-0.010000000000000009,0.010000000000000009,true,6bad9d59aa19c709f22dfb6f42fa45145daf12c76c37c2868108fb8b91a96a99
vegfa,f695e44660df51f718708013d43d2c5c0246cae4473c3b3630f30d5be0d6f1b7,controlled_crossover,4675ca61a6019a3259bfe4780295c8dc3c47ee84f30a70293ed7c90ae6daa02d,donor_parent,2f6aa679a20a460700c3374195b856a3c2b16fa3a2a9738a39dd42db9ad3797c,toxinpred3_label,categorical,true,same_frozen_label_contract,audit,label,Non-Toxin,Non-Toxin,,,false,6488bee4393fa569ec847577d5a910594e93d844c13809dc9f9ce4b1a1c7af93
vegfa,99a7d3a90644dcb65055944722ee3f25f505f7eef740a20fb2d135bfbc761cb3,de_novo,0adb0f1b4a9a7fe995230d86fdb4499756b3aebcb97e6e15422be126abe429cf,none,,amp_read_log10_mic_um,numeric,false,de_novo_has_no_biological_parent,,,,2.983202299807768,,,,b615ecca640e1485c6bbe4c7930c9d0e750dab90c8ed120c73d7236698c20eaa
vegfa,99a7d3a90644dcb65055944722ee3f25f505f7eef740a20fb2d135bfbc761cb3,de_novo,0adb0f1b4a9a7fe995230d86fdb4499756b3aebcb97e6e15422be126abe429cf,none,,guruprasad_instability_index,numeric,false,de_novo_has_no_biological_parent,,,,21.418182,,,,42a35cedcfd48bdf97997d012132fd2ec6cd5301fc5ef2911ddfe1c378133f19
vegfa,99a7d3a90644dcb65055944722ee3f25f505f7eef740a20fb2d135bfbc761cb3,de_novo,0adb0f1b4a9a7fe995230d86fdb4499756b3aebcb97e6e15422be126abe429cf,none,,hydrophobic_moment_eisenberg,numeric,false,de_novo_has_no_biological_parent,,,,0.3731057159886864,,,,96c5823bbfcf626de6486ae7366ac5a1297bd7f546a8f86141aec7310c5e7815
vegfa,99a7d3a90644dcb65055944722ee3f25f505f7eef740a20fb2d135bfbc761cb3,de_novo,0adb0f1b4a9a7fe995230d86fdb4499756b3aebcb97e6e15422be126abe429cf,none,,hydrophobic_ratio_modlamp,numeric,false,de_novo_has_no_biological_parent,,,,0.22727272727272727,,,,b17aacd8e8fe2654b9e444fad75fa9a8e5a25e79a05a3ec84a6aebde46cc2fbc
vegfa,99a7d3a90644dcb65055944722ee3f25f505f7eef740a20fb2d135bfbc761cb3,de_novo,0adb0f1b4a9a7fe995230d86fdb4499756b3aebcb97e6e15422be126abe429cf,none,,llamp_log10_mic_um,numeric,false,de_novo_has_no_biological_parent,,,,1.9221798181533813,,,,12b1e951605b9af6b05fc46dc61693745375b238c45f08ac1a9d86ffd39c2822
vegfa,99a7d3a90644dcb65055944722ee3f25f505f7eef740a20fb2d135bfbc761cb3,de_novo,0adb0f1b4a9a7fe995230d86fdb4499756b3aebcb97e6e15422be126abe429cf,none,,macrel_amp_probability,numeric,false,de_novo_has_no_biological_parent,,,,0.198,,,,72db2da1be62015a5ee1cb6048ef53380083cd6e021ad7169bc884e6a71919fa
vegfa,99a7d3a90644dcb65055944722ee3f25f505f7eef740a20fb2d135bfbc761cb3,de_novo,0adb0f1b4a9a7fe995230d86fdb4499756b3aebcb97e6e15422be126abe429cf,none,,macrel_hemolysis_label,categorical,false,de_novo_has_no_biological_parent,,,,low,,,,376cad728d3b82b808090e37d8cdf91fadf310e7efb5878ee396444be9b16b0f
vegfa,99a7d3a90644dcb65055944722ee3f25f505f7eef740a20fb2d135bfbc761cb3,de_novo,0adb0f1b4a9a7fe995230d86fdb4499756b3aebcb97e6e15422be126abe429cf,none,,macrel_hemolysis_probability,numeric,false,de_novo_has_no_biological_parent,,,,0.188,,,,59baa8030612fd004aa4b32199e6237c55309bd3090af12717e5e5b81a2c8802
vegfa,99a7d3a90644dcb65055944722ee3f25f505f7eef740a20fb2d135bfbc761cb3,de_novo,0adb0f1b4a9a7fe995230d86fdb4499756b3aebcb97e6e15422be126abe429cf,none,,maximum_hydrophobic_run,numeric,false,de_novo_has_no_biological_parent,,,,2,,,,9b8069fd1db37993e981ea114c357b262aab2f3560029475402391310ae899ec
vegfa,99a7d3a90644dcb65055944722ee3f25f505f7eef740a20fb2d135bfbc761cb3,de_novo,0adb0f1b4a9a7fe995230d86fdb4499756b3aebcb97e6e15422be126abe429cf,none,,net_charge_ph7_4,numeric,false,de_novo_has_no_biological_parent,,,,5.071,,,,67b616776a7cdb82a67aa8eeaaff43050120efd94cb386a6065ce8cc86856bf8
vegfa,99a7d3a90644dcb65055944722ee3f25f505f7eef740a20fb2d135bfbc761cb3,de_novo,0adb0f1b4a9a7fe995230d86fdb4499756b3aebcb97e6e15422be126abe429cf,none,,toxinpred3_hybrid_score,numeric,false,de_novo_has_no_biological_parent,,,,0.0,,,,8e6acf056f6d75525d479ecb20480d1990609b15cedf66344757128a6ede8a43
vegfa,99a7d3a90644dcb65055944722ee3f25f505f7eef740a20fb2d135bfbc761cb3,de_novo,0adb0f1b4a9a7fe995230d86fdb4499756b3aebcb97e6e15422be126abe429cf,none,,toxinpred3_label,categorical,false,de_novo_has_no_biological_parent,,,,Non-Toxin,,,,c0f1ee7fc5d5e157365ecbaa199216156abb5b02e7001032acec66d0ee2ad420
vegfa,a9bc0a94dcfc28132f38194966020feee70bb0872e61852ead4bc7f6a64ac02a,de_novo,896a64610cfe0edc5361f1bca20d34f650f7c6c3fe07c1cf476692e85539be04,none,,amp_read_log10_mic_um,numeric,false,de_novo_has_no_biological_parent,,,,2.976058559883579,,,,33243be2446edf82eb23d4f99b238216ce9c875a7df5970e6282e962e3b11f23
vegfa,a9bc0a94dcfc28132f38194966020feee70bb0872e61852ead4bc7f6a64ac02a,de_novo,896a64610cfe0edc5361f1bca20d34f650f7c6c3fe07c1cf476692e85539be04,none,,guruprasad_instability_index,numeric,false,de_novo_has_no_biological_parent,,,,35.392000,,,,e6541ecae5de76f9c6f495286454eb4cd304a11a99efb190dc52a4f4d65e92f0
vegfa,a9bc0a94dcfc28132f38194966020feee70bb0872e61852ead4bc7f6a64ac02a,de_novo,896a64610cfe0edc5361f1bca20d34f650f7c6c3fe07c1cf476692e85539be04,none,,hydrophobic_moment_eisenberg,numeric,false,de_novo_has_no_biological_parent,,,,0.15064799188419087,,,,6fbe0569a68f21e80d413eb9cf0d3a53286735cb966d69ea291f2e74e5f7af83
vegfa,a9bc0a94dcfc28132f38194966020feee70bb0872e61852ead4bc7f6a64ac02a,de_novo,896a64610cfe0edc5361f1bca20d34f650f7c6c3fe07c1cf476692e85539be04,none,,hydrophobic_ratio_modlamp,numeric,false,de_novo_has_no_biological_parent,,,,0.04,,,,91f720aeac24bcb8025d142320f561170ca9c6b32e0de9952f65d315850bfdbb
vegfa,a9bc0a94dcfc28132f38194966020feee70bb0872e61852ead4bc7f6a64ac02a,de_novo,896a64610cfe0edc5361f1bca20d34f650f7c6c3fe07c1cf476692e85539be04,none,,llamp_log10_mic_um,numeric,false,de_novo_has_no_biological_parent,,,,1.3121546506881714,,,,500304e4e5dea30eed3d52dde7a26ada02dcbb6a808f0127eecd4d6f18c30d14
vegfa,a9bc0a94dcfc28132f38194966020feee70bb0872e61852ead4bc7f6a64ac02a,de_novo,896a64610cfe0edc5361f1bca20d34f650f7c6c3fe07c1cf476692e85539be04,none,,macrel_amp_probability,numeric,false,de_novo_has_no_biological_parent,,,,0.376,,,,e98fb50a39ed83c2b232a646961aa2ab5f0f24dc38e162f781bbad8d57826df8
vegfa,a9bc0a94dcfc28132f38194966020feee70bb0872e61852ead4bc7f6a64ac02a,de_novo,896a64610cfe0edc5361f1bca20d34f650f7c6c3fe07c1cf476692e85539be04,none,,macrel_hemolysis_label,categorical,false,de_novo_has_no_biological_parent,,,,low,,,,92d7fcfe4ad8e6370d6e5851d2ec73ab6e29795d58c931840c2c9bcd0ff247fd
vegfa,a9bc0a94dcfc28132f38194966020feee70bb0872e61852ead4bc7f6a64ac02a,de_novo,896a64610cfe0edc5361f1bca20d34f650f7c6c3fe07c1cf476692e85539be04,none,,macrel_hemolysis_probability,numeric,false,de_novo_has_no_biological_parent,,,,0.386,,,,cd8c6ea2f77b6e540dbcdebc4ff21303696a20fc0abe6d8660d0335a6ad9e615
vegfa,a9bc0a94dcfc28132f38194966020feee70bb0872e61852ead4bc7f6a64ac02a,de_novo,896a64610cfe0edc5361f1bca20d34f650f7c6c3fe07c1cf476692e85539be04,none,,maximum_hydrophobic_run,numeric,false,de_novo_has_no_biological_parent,,,,1,,,,214edd6ab04f463d7725d874f3c1fbb660b83326a7910af085840eda22f097d3
vegfa,a9bc0a94dcfc28132f38194966020feee70bb0872e61852ead4bc7f6a64ac02a,de_novo,896a64610cfe0edc5361f1bca20d34f650f7c6c3fe07c1cf476692e85539be04,none,,net_charge_ph7_4,numeric,false,de_novo_has_no_biological_parent,,,,6.028,,,,3f461e5c8b94ab558bed1835c05a50eb2c6e0ed5fc245c83ee8cf9bab46493cb
vegfa,a9bc0a94dcfc28132f38194966020feee70bb0872e61852ead4bc7f6a64ac02a,de_novo,896a64610cfe0edc5361f1bca20d34f650f7c6c3fe07c1cf476692e85539be04,none,,toxinpred3_hybrid_score,numeric,false,de_novo_has_no_biological_parent,,,,0.21,,,,a480a540a65b99ab694ce4f384c31ee8c4797a748d735a65a9d94fbcdbe62632
vegfa,a9bc0a94dcfc28132f38194966020feee70bb0872e61852ead4bc7f6a64ac02a,de_novo,896a64610cfe0edc5361f1bca20d34f650f7c6c3fe07c1cf476692e85539be04,none,,toxinpred3_label,categorical,false,de_novo_has_no_biological_parent,,,,Non-Toxin,,,,939517d53277a5ce89a3018f1eee98f99c77ff189992848b628fdb4f3cea9764
vegfa,42cabd42c33ebb969813d270807f6bc7ad4d4677e08278d0bfcc8b3b7754db18,masked_substitution,23f990805b0203a351b558095314d5f092a470b90f6c880b832d9225bcd849b3,primary_parent,02e6e8a9041d1f5e02ded66ace7f1bf8353933cb460554f7d6d4f7827ee851e3,amp_read_log10_mic_um,numeric,true,same_frozen_numeric_contract,minimize,log10(uM),0.8502392420270765,1.010868276808468,0.16062903478139157,-0.16062903478139157,true,f264c5d2466799d561008153b54cf0b02a61122e737ba46bfc6d82b635275f8a
vegfa,42cabd42c33ebb969813d270807f6bc7ad4d4677e08278d0bfcc8b3b7754db18,masked_substitution,23f990805b0203a351b558095314d5f092a470b90f6c880b832d9225bcd849b3,primary_parent,02e6e8a9041d1f5e02ded66ace7f1bf8353933cb460554f7d6d4f7827ee851e3,guruprasad_instability_index,numeric,true,same_frozen_numeric_contract,minimize,index,-9.308695652173913,-9.308696,-3.478260861555782e-07,3.478260861555782e-07,true,87929680638b998cf977dcf64cb2068cf20f061e16ed1182444bf6133707e454
vegfa,42cabd42c33ebb969813d270807f6bc7ad4d4677e08278d0bfcc8b3b7754db18,masked_substitution,23f990805b0203a351b558095314d5f092a470b90f6c880b832d9225bcd849b3,primary_parent,02e6e8a9041d1f5e02ded66ace7f1bf8353933cb460554f7d6d4f7827ee851e3,hydrophobic_moment_eisenberg,numeric,false,audit_metric_has_no_monotonic_improvement_direction,audit,dimensionless,0.14056582796750103,0.1169415034028013,-0.023624324564699734,,true,b1f8af965a3b654b58ff3bbb0ae35a40cf135c8637a123dd64e1204c5691e982
vegfa,42cabd42c33ebb969813d270807f6bc7ad4d4677e08278d0bfcc8b3b7754db18,masked_substitution,23f990805b0203a351b558095314d5f092a470b90f6c880b832d9225bcd849b3,primary_parent,02e6e8a9041d1f5e02ded66ace7f1bf8353933cb460554f7d6d4f7827ee851e3,hydrophobic_ratio_modlamp,numeric,false,audit_metric_has_no_monotonic_improvement_direction,audit,fraction,0.2608695652173913,0.2608695652173913,0.0,,false,0c721e96ba2733619bade634602491d8496dbc0680cf0a2887380b413e195242
vegfa,42cabd42c33ebb969813d270807f6bc7ad4d4677e08278d0bfcc8b3b7754db18,masked_substitution,23f990805b0203a351b558095314d5f092a470b90f6c880b832d9225bcd849b3,primary_parent,02e6e8a9041d1f5e02ded66ace7f1bf8353933cb460554f7d6d4f7827ee851e3,llamp_log10_mic_um,numeric,true,same_frozen_numeric_contract,minimize,log10(uM),1.3610467910766602,1.4968379735946655,0.13579118251800537,-0.13579118251800537,true,d1e27ed88d77ca8ade17f8a9127a71746b925bea0b31cad2fece928bbe6cf2d3
vegfa,42cabd42c33ebb969813d270807f6bc7ad4d4677e08278d0bfcc8b3b7754db18,masked_substitution,23f990805b0203a351b558095314d5f092a470b90f6c880b832d9225bcd849b3,primary_parent,02e6e8a9041d1f5e02ded66ace7f1bf8353933cb460554f7d6d4f7827ee851e3,macrel_amp_probability,numeric,true,same_frozen_numeric_contract,maximize,probability,0.584,0.554,-0.029999999999999916,-0.029999999999999916,true,0fb723951d6fb87c7bedf8a61bbd99070391c941209f2be6948f26566b6a3645
vegfa,42cabd42c33ebb969813d270807f6bc7ad4d4677e08278d0bfcc8b3b7754db18,masked_substitution,23f990805b0203a351b558095314d5f092a470b90f6c880b832d9225bcd849b3,primary_parent,02e6e8a9041d1f5e02ded66ace7f1bf8353933cb460554f7d6d4f7827ee851e3,macrel_hemolysis_label,categorical,true,same_frozen_label_contract,audit,label,low,low,,,false,0cd0d438b4bb6e088ae1787dea7cad8600c9baeb4669c5824afa816410cc2ee8
vegfa,42cabd42c33ebb969813d270807f6bc7ad4d4677e08278d0bfcc8b3b7754db18,masked_substitution,23f990805b0203a351b558095314d5f092a470b90f6c880b832d9225bcd849b3,primary_parent,02e6e8a9041d1f5e02ded66ace7f1bf8353933cb460554f7d6d4f7827ee851e3,macrel_hemolysis_probability,numeric,true,same_frozen_numeric_contract,minimize,probability,0.465,0.436,-0.029000000000000026,0.029000000000000026,true,afcd3cb9205afe95a2976bc080d617dc5a6c342ce3004457b6261cbcb07c13ac
vegfa,42cabd42c33ebb969813d270807f6bc7ad4d4677e08278d0bfcc8b3b7754db18,masked_substitution,23f990805b0203a351b558095314d5f092a470b90f6c880b832d9225bcd849b3,primary_parent,02e6e8a9041d1f5e02ded66ace7f1bf8353933cb460554f7d6d4f7827ee851e3,maximum_hydrophobic_run,numeric,true,same_frozen_numeric_contract,minimize,residues,2.0,2.0,0.0,-0.0,false,1207475989a0a2bd4dee6815e01cffc7de13b9eddc3884ddb2bd7a78dd064ea9
vegfa,42cabd42c33ebb969813d270807f6bc7ad4d4677e08278d0bfcc8b3b7754db18,masked_substitution,23f990805b0203a351b558095314d5f092a470b90f6c880b832d9225bcd849b3,primary_parent,02e6e8a9041d1f5e02ded66ace7f1bf8353933cb460554f7d6d4f7827ee851e3,net_charge_ph7_4,numeric,false,audit_metric_has_no_monotonic_improvement_direction,audit,elementary_charge,6.112,5.112,-1.0,,true,97bd189903171fcad0f53037133a41c405c2a250716e547de9f095fb780cecc1
vegfa,42cabd42c33ebb969813d270807f6bc7ad4d4677e08278d0bfcc8b3b7754db18,masked_substitution,23f990805b0203a351b558095314d5f092a470b90f6c880b832d9225bcd849b3,primary_parent,02e6e8a9041d1f5e02ded66ace7f1bf8353933cb460554f7d6d4f7827ee851e3,toxinpred3_hybrid_score,numeric,true,same_frozen_numeric_contract,minimize,dimensionless,0.0,0.0,0.0,-0.0,false,482e9aa081de4577b74804d224f92df67eb616c4dff5ec746b701a06081af275
vegfa,42cabd42c33ebb969813d270807f6bc7ad4d4677e08278d0bfcc8b3b7754db18,masked_substitution,23f990805b0203a351b558095314d5f092a470b90f6c880b832d9225bcd849b3,primary_parent,02e6e8a9041d1f5e02ded66ace7f1bf8353933cb460554f7d6d4f7827ee851e3,toxinpred3_label,categorical,true,same_frozen_label_contract,audit,label,Non-Toxin,Non-Toxin,,,false,e7cc3ab9f5c7ff29fe15ec34460caf92063a421f0aa5ca84eca8a4ff3f956184
vegfa,4e5dd42ce922339118a8666bbe7cf0b2f6c218181307b56be48b87d959b10877,controlled_crossover,73635ebd44c1a8f516155e6c9c405d01372bff524413beeb404c8d470e1b6888,primary_parent,dd641bf4505cafd6d07b207294bb7fca3279c06b4dc2c807dd8a0399ce77128d,amp_read_log10_mic_um,numeric,true,same_frozen_numeric_contract,minimize,log10(uM),1.3815580984922229,1.6397394770594924,0.2581813785672695,-0.2581813785672695,true,1d45438e34032dc78f96cbd5ed8f59c1ae916559692a647d1a758905ec76aaf7
vegfa,4e5dd42ce922339118a8666bbe7cf0b2f6c218181307b56be48b87d959b10877,controlled_crossover,73635ebd44c1a8f516155e6c9c405d01372bff524413beeb404c8d470e1b6888,primary_parent,dd641bf4505cafd6d07b207294bb7fca3279c06b4dc2c807dd8a0399ce77128d,guruprasad_instability_index,numeric,true,same_frozen_numeric_contract,minimize,index,8.988461538461536,39.157692,30.16923046153846,-30.16923046153846,true,83991f34cfcf466a0a49b4bcd2c6bb45d4173cd7d2e52621938b09da04a02d09
vegfa,4e5dd42ce922339118a8666bbe7cf0b2f6c218181307b56be48b87d959b10877,controlled_crossover,73635ebd44c1a8f516155e6c9c405d01372bff524413beeb404c8d470e1b6888,primary_parent,dd641bf4505cafd6d07b207294bb7fca3279c06b4dc2c807dd8a0399ce77128d,hydrophobic_moment_eisenberg,numeric,false,audit_metric_has_no_monotonic_improvement_direction,audit,dimensionless,0.11206580949290935,0.04164002542583174,-0.07042578406707761,,true,c95a4cac129d530a5f7d0f9d29ddba22e7e4606d31503e86fe4a93d78eef1261
vegfa,4e5dd42ce922339118a8666bbe7cf0b2f6c218181307b56be48b87d959b10877,controlled_crossover,73635ebd44c1a8f516155e6c9c405d01372bff524413beeb404c8d470e1b6888,primary_parent,dd641bf4505cafd6d07b207294bb7fca3279c06b4dc2c807dd8a0399ce77128d,hydrophobic_ratio_modlamp,numeric,false,audit_metric_has_no_monotonic_improvement_direction,audit,fraction,0.07692307692307693,0.038461538461538464,-0.038461538461538464,,true,0a2148ae7052d524f053406b2e76afc0f20be0c53610244e84babba641f267e1
vegfa,4e5dd42ce922339118a8666bbe7cf0b2f6c218181307b56be48b87d959b10877,controlled_crossover,73635ebd44c1a8f516155e6c9c405d01372bff524413beeb404c8d470e1b6888,primary_parent,dd641bf4505cafd6d07b207294bb7fca3279c06b4dc2c807dd8a0399ce77128d,llamp_log10_mic_um,numeric,true,same_frozen_numeric_contract,minimize,log10(uM),0.6327211856842041,1.1831775903701782,0.5504564046859741,-0.5504564046859741,true,e2039ae6f4eb8f2ced5da1b21ef8f24d8c6b1eda1010b3c0582898a9a097e007
vegfa,4e5dd42ce922339118a8666bbe7cf0b2f6c218181307b56be48b87d959b10877,controlled_crossover,73635ebd44c1a8f516155e6c9c405d01372bff524413beeb404c8d470e1b6888,primary_parent,dd641bf4505cafd6d07b207294bb7fca3279c06b4dc2c807dd8a0399ce77128d,macrel_amp_probability,numeric,true,same_frozen_numeric_contract,maximize,probability,0.564,0.287,-0.27699999999999997,-0.27699999999999997,true,41234d384e5803a014bcec9aecbd292f4d687959c19347dbe9a1551dfb0ac4da
vegfa,4e5dd42ce922339118a8666bbe7cf0b2f6c218181307b56be48b87d959b10877,controlled_crossover,73635ebd44c1a8f516155e6c9c405d01372bff524413beeb404c8d470e1b6888,primary_parent,dd641bf4505cafd6d07b207294bb7fca3279c06b4dc2c807dd8a0399ce77128d,macrel_hemolysis_label,categorical,true,same_frozen_label_contract,audit,label,low,low,,,false,e78021cc488feca50cc410a4296d0ea1e8c30a3d34cf2ca066d08073dfb3f508
vegfa,4e5dd42ce922339118a8666bbe7cf0b2f6c218181307b56be48b87d959b10877,controlled_crossover,73635ebd44c1a8f516155e6c9c405d01372bff524413beeb404c8d470e1b6888,primary_parent,dd641bf4505cafd6d07b207294bb7fca3279c06b4dc2c807dd8a0399ce77128d,macrel_hemolysis_probability,numeric,true,same_frozen_numeric_contract,minimize,probability,0.386,0.396,0.010000000000000009,-0.010000000000000009,true,fa4ca5c1adf7828dda295461ad959f26b377f844d182edc51d0896fdbb0fea96
vegfa,4e5dd42ce922339118a8666bbe7cf0b2f6c218181307b56be48b87d959b10877,controlled_crossover,73635ebd44c1a8f516155e6c9c405d01372bff524413beeb404c8d470e1b6888,primary_parent,dd641bf4505cafd6d07b207294bb7fca3279c06b4dc2c807dd8a0399ce77128d,maximum_hydrophobic_run,numeric,true,same_frozen_numeric_contract,minimize,residues,2.0,1.0,-1.0,1.0,true,8638299fb4d59c0dd5ac7ba227c71bbaf86627da59ffe853c764215277258ea0
vegfa,4e5dd42ce922339118a8666bbe7cf0b2f6c218181307b56be48b87d959b10877,controlled_crossover,73635ebd44c1a8f516155e6c9c405d01372bff524413beeb404c8d470e1b6888,primary_parent,dd641bf4505cafd6d07b207294bb7fca3279c06b4dc2c807dd8a0399ce77128d,net_charge_ph7_4,numeric,false,audit_metric_has_no_monotonic_improvement_direction,audit,elementary_charge,9.152,12.11,2.958,,true,09c55ecf28dddca8c96068251b21acceb06e709f45989604889aae06a08c54f8
vegfa,4e5dd42ce922339118a8666bbe7cf0b2f6c218181307b56be48b87d959b10877,controlled_crossover,73635ebd44c1a8f516155e6c9c405d01372bff524413beeb404c8d470e1b6888,primary_parent,dd641bf4505cafd6d07b207294bb7fca3279c06b4dc2c807dd8a0399ce77128d,toxinpred3_hybrid_score,numeric,true,same_frozen_numeric_contract,minimize,dimensionless,0.015,0.33,0.315,-0.315,true,cecc91aa23154786bc616b34d7ad753c9b38c4299765a1df25aa39e04a51b159
vegfa,4e5dd42ce922339118a8666bbe7cf0b2f6c218181307b56be48b87d959b10877,controlled_crossover,73635ebd44c1a8f516155e6c9c405d01372bff524413beeb404c8d470e1b6888,primary_parent,dd641bf4505cafd6d07b207294bb7fca3279c06b4dc2c807dd8a0399ce77128d,toxinpred3_label,categorical,true,same_frozen_label_contract,audit,label,Non-Toxin,Non-Toxin,,,false,2f0bab58fc6a34fc061ca9684ea25982532f49eab76016a6ca981832348b31ae
vegfa,4e5dd42ce922339118a8666bbe7cf0b2f6c218181307b56be48b87d959b10877,controlled_crossover,73635ebd44c1a8f516155e6c9c405d01372bff524413beeb404c8d470e1b6888,donor_parent,2f6aa679a20a460700c3374195b856a3c2b16fa3a2a9738a39dd42db9ad3797c,amp_read_log10_mic_um,numeric,true,same_frozen_numeric_contract,minimize,log10(uM),1.050068351773606,1.6397394770594924,0.5896711252858864,-0.5896711252858864,true,b4a76a9c634de09b3f8102c2ae0c7f697098917eafedda7c0fb2ed4caf09b7d1
vegfa,4e5dd42ce922339118a8666bbe7cf0b2f6c218181307b56be48b87d959b10877,controlled_crossover,73635ebd44c1a8f516155e6c9c405d01372bff524413beeb404c8d470e1b6888,donor_parent,2f6aa679a20a460700c3374195b856a3c2b16fa3a2a9738a39dd42db9ad3797c,guruprasad_instability_index,numeric,true,same_frozen_numeric_contract,minimize,index,31.72083333333333,39.157692,7.436858666666666,-7.436858666666666,true,fef1d5c6907a64e5b6e99d609ac3603d592832f7d41bce1e92645849219cef69
vegfa,4e5dd42ce922339118a8666bbe7cf0b2f6c218181307b56be48b87d959b10877,controlled_crossover,73635ebd44c1a8f516155e6c9c405d01372bff524413beeb404c8d470e1b6888,donor_parent,2f6aa679a20a460700c3374195b856a3c2b16fa3a2a9738a39dd42db9ad3797c,hydrophobic_moment_eisenberg,numeric,false,audit_metric_has_no_monotonic_improvement_direction,audit,dimensionless,0.027870511358252036,0.04164002542583174,0.013769514067579706,,true,98dde554335b23530944a82cef70833ee358d43ec68a2335a7768aeec04823b9
vegfa,4e5dd42ce922339118a8666bbe7cf0b2f6c218181307b56be48b87d959b10877,controlled_crossover,73635ebd44c1a8f516155e6c9c405d01372bff524413beeb404c8d470e1b6888,donor_parent,2f6aa679a20a460700c3374195b856a3c2b16fa3a2a9738a39dd42db9ad3797c,hydrophobic_ratio_modlamp,numeric,false,audit_metric_has_no_monotonic_improvement_direction,audit,fraction,0.08333333333333333,0.038461538461538464,-0.044871794871794865,,true,b466f9de742b0674a94159130bf308f93bbbefc53873ae5066b485879a929e08
vegfa,4e5dd42ce922339118a8666bbe7cf0b2f6c218181307b56be48b87d959b10877,controlled_crossover,73635ebd44c1a8f516155e6c9c405d01372bff524413beeb404c8d470e1b6888,donor_parent,2f6aa679a20a460700c3374195b856a3c2b16fa3a2a9738a39dd42db9ad3797c,llamp_log10_mic_um,numeric,true,same_frozen_numeric_contract,minimize,log10(uM),1.2649226188659668,1.1831775903701782,-0.08174502849578857,0.08174502849578857,true,f76007fb5cb89f1badb7403b4086e3ef75f98473ab063146ad055a80d54aa1c6
vegfa,4e5dd42ce922339118a8666bbe7cf0b2f6c218181307b56be48b87d959b10877,controlled_crossover,73635ebd44c1a8f516155e6c9c405d01372bff524413beeb404c8d470e1b6888,donor_parent,2f6aa679a20a460700c3374195b856a3c2b16fa3a2a9738a39dd42db9ad3797c,macrel_amp_probability,numeric,true,same_frozen_numeric_contract,maximize,probability,0.505,0.287,-0.21800000000000003,-0.21800000000000003,true,dc43abf4657ea8ac175d069b5077752182d97f1200b39b7a1c31b4786431fc90
vegfa,4e5dd42ce922339118a8666bbe7cf0b2f6c218181307b56be48b87d959b10877,controlled_crossover,73635ebd44c1a8f516155e6c9c405d01372bff524413beeb404c8d470e1b6888,donor_parent,2f6aa679a20a460700c3374195b856a3c2b16fa3a2a9738a39dd42db9ad3797c,macrel_hemolysis_label,categorical,true,same_frozen_label_contract,audit,label,low,low,,,false,f91886802608e24b309a177bf66cdabfaa6de3a78a2d793a5e1137913a0880f1
vegfa,4e5dd42ce922339118a8666bbe7cf0b2f6c218181307b56be48b87d959b10877,controlled_crossover,73635ebd44c1a8f516155e6c9c405d01372bff524413beeb404c8d470e1b6888,donor_parent,2f6aa679a20a460700c3374195b856a3c2b16fa3a2a9738a39dd42db9ad3797c,macrel_hemolysis_probability,numeric,true,same_frozen_numeric_contract,minimize,probability,0.495,0.396,-0.09899999999999998,0.09899999999999998,true,981c780557c13aa9ba9cfa44ae167c6d823f33ef09c03acc1b95fc81a1df5c42
vegfa,4e5dd42ce922339118a8666bbe7cf0b2f6c218181307b56be48b87d959b10877,controlled_crossover,73635ebd44c1a8f516155e6c9c405d01372bff524413beeb404c8d470e1b6888,donor_parent,2f6aa679a20a460700c3374195b856a3c2b16fa3a2a9738a39dd42db9ad3797c,maximum_hydrophobic_run,numeric,true,same_frozen_numeric_contract,minimize,residues,1.0,1.0,0.0,-0.0,false,5d24bcdcb1ba2d51286d62f5d5a92f9e72e52d879581944d2fb3217e929dc37b
vegfa,4e5dd42ce922339118a8666bbe7cf0b2f6c218181307b56be48b87d959b10877,controlled_crossover,73635ebd44c1a8f516155e6c9c405d01372bff524413beeb404c8d470e1b6888,donor_parent,2f6aa679a20a460700c3374195b856a3c2b16fa3a2a9738a39dd42db9ad3797c,net_charge_ph7_4,numeric,false,audit_metric_has_no_monotonic_improvement_direction,audit,elementary_charge,8.028,12.11,4.081999999999999,,true,3d02b1e2503037b3c1fbedc03ff116b20868f32d783cfe6b8027f34c2b9a66ca
vegfa,4e5dd42ce922339118a8666bbe7cf0b2f6c218181307b56be48b87d959b10877,controlled_crossover,73635ebd44c1a8f516155e6c9c405d01372bff524413beeb404c8d470e1b6888,donor_parent,2f6aa679a20a460700c3374195b856a3c2b16fa3a2a9738a39dd42db9ad3797c,toxinpred3_hybrid_score,numeric,true,same_frozen_numeric_contract,minimize,dimensionless,0.34,0.33,-0.010000000000000009,0.010000000000000009,true,bb2c9765203841279455a0a1b01f9c16f02305f7a02a061512aa82a6db2c20e0
vegfa,4e5dd42ce922339118a8666bbe7cf0b2f6c218181307b56be48b87d959b10877,controlled_crossover,73635ebd44c1a8f516155e6c9c405d01372bff524413beeb404c8d470e1b6888,donor_parent,2f6aa679a20a460700c3374195b856a3c2b16fa3a2a9738a39dd42db9ad3797c,toxinpred3_label,categorical,true,same_frozen_label_contract,audit,label,Non-Toxin,Non-Toxin,,,false,a495674db76dcc077abb3e3baced5ea2cb128d6a8b19ddb44f757ed4d716b5d7
vegfa,e1ee33f1cb442e9b77644f49bc703020f0dac31e1dab1b13eebc1cfdefa8af7f,de_novo,b1d5c63bb2d9d907638d31f71305718e37087fceb986893fcb2aa0c987d0f0e9,none,,amp_read_log10_mic_um,numeric,false,de_novo_has_no_biological_parent,,,,2.6118635657063844,,,,ede3c0d17b4b108d011629dfc2db8a855965d530d6d30b9b160599d0b90283fd
vegfa,e1ee33f1cb442e9b77644f49bc703020f0dac31e1dab1b13eebc1cfdefa8af7f,de_novo,b1d5c63bb2d9d907638d31f71305718e37087fceb986893fcb2aa0c987d0f0e9,none,,guruprasad_instability_index,numeric,false,de_novo_has_no_biological_parent,,,,28.119231,,,,052a50fbd6ef29c6a3ffc8e621f38f8920c61dfff501fba3b2cfe0e2e0322b05
vegfa,e1ee33f1cb442e9b77644f49bc703020f0dac31e1dab1b13eebc1cfdefa8af7f,de_novo,b1d5c63bb2d9d907638d31f71305718e37087fceb986893fcb2aa0c987d0f0e9,none,,hydrophobic_moment_eisenberg,numeric,false,de_novo_has_no_biological_parent,,,,0.1579800661500001,,,,ce23f2993850790f09e3ceb5a013c6e66bc757b3b548b0ca22733feec0ef49dd
vegfa,e1ee33f1cb442e9b77644f49bc703020f0dac31e1dab1b13eebc1cfdefa8af7f,de_novo,b1d5c63bb2d9d907638d31f71305718e37087fceb986893fcb2aa0c987d0f0e9,none,,hydrophobic_ratio_modlamp,numeric,false,de_novo_has_no_biological_parent,,,,0.11538461538461539,,,,15f4bcc811cda4ebfb93bc45f017d02a8a9543f91b2e1af99a7914da6efe1561
vegfa,e1ee33f1cb442e9b77644f49bc703020f0dac31e1dab1b13eebc1cfdefa8af7f,de_novo,b1d5c63bb2d9d907638d31f71305718e37087fceb986893fcb2aa0c987d0f0e9,none,,llamp_log10_mic_um,numeric,false,de_novo_has_no_biological_parent,,,,1.3572918176651,,,,baa06fb6235b78129c3f6ff86a78f81d51c2a8516df7184d94c2cefc7f73472b
vegfa,e1ee33f1cb442e9b77644f49bc703020f0dac31e1dab1b13eebc1cfdefa8af7f,de_novo,b1d5c63bb2d9d907638d31f71305718e37087fceb986893fcb2aa0c987d0f0e9,none,,macrel_amp_probability,numeric,false,de_novo_has_no_biological_parent,,,,0.198,,,,509e41d4b33956e37a11736e1d671e9b690a473ccb15ff2ebd5b7858236a543d
vegfa,e1ee33f1cb442e9b77644f49bc703020f0dac31e1dab1b13eebc1cfdefa8af7f,de_novo,b1d5c63bb2d9d907638d31f71305718e37087fceb986893fcb2aa0c987d0f0e9,none,,macrel_hemolysis_label,categorical,false,de_novo_has_no_biological_parent,,,,low,,,,2d75a40e79508accf34f1e9ed2d0fb7ae7ef8aa53e71343017bab34b7203c969
vegfa,e1ee33f1cb442e9b77644f49bc703020f0dac31e1dab1b13eebc1cfdefa8af7f,de_novo,b1d5c63bb2d9d907638d31f71305718e37087fceb986893fcb2aa0c987d0f0e9,none,,macrel_hemolysis_probability,numeric,false,de_novo_has_no_biological_parent,,,,0.426,,,,d6e9692811711687f3156adceb3f2ca8b13b7daa51578887127e3c630abcc058
vegfa,e1ee33f1cb442e9b77644f49bc703020f0dac31e1dab1b13eebc1cfdefa8af7f,de_novo,b1d5c63bb2d9d907638d31f71305718e37087fceb986893fcb2aa0c987d0f0e9,none,,maximum_hydrophobic_run,numeric,false,de_novo_has_no_biological_parent,,,,1,,,,8e5f9a405a54872b64c22cd937cbabbf196c7dfb846d56c6f49845f8f373601c
vegfa,e1ee33f1cb442e9b77644f49bc703020f0dac31e1dab1b13eebc1cfdefa8af7f,de_novo,b1d5c63bb2d9d907638d31f71305718e37087fceb986893fcb2aa0c987d0f0e9,none,,net_charge_ph7_4,numeric,false,de_novo_has_no_biological_parent,,,,10.108,,,,64bdf23fdd759649f437fd3d3c7924539e4c8f723d6b8e570d6c60a2b1664adb
vegfa,e1ee33f1cb442e9b77644f49bc703020f0dac31e1dab1b13eebc1cfdefa8af7f,de_novo,b1d5c63bb2d9d907638d31f71305718e37087fceb986893fcb2aa0c987d0f0e9,none,,toxinpred3_hybrid_score,numeric,false,de_novo_has_no_biological_parent,,,,0.445,,,,51c5601db7af8ee18164f9c37cb60baaf33e0c1620e0a09e9089f0a928435346
vegfa,e1ee33f1cb442e9b77644f49bc703020f0dac31e1dab1b13eebc1cfdefa8af7f,de_novo,b1d5c63bb2d9d907638d31f71305718e37087fceb986893fcb2aa0c987d0f0e9,none,,toxinpred3_label,categorical,false,de_novo_has_no_biological_parent,,,,Toxin,,,,d51580019c369da9eba81dc3ac3dcb25b014a7778b7c7bc7c16acb60af4b3e36
vegfa,2c936f8e3ea9ffa944f704b660e0d170190a0d5616d7ea3a8912196dd4b02dcf,de_novo,c9efca3019d8ce960a0753dfa81055a97ddda0f93313cb4ec3c42990001a10ab,none,,amp_read_log10_mic_um,numeric,false,de_novo_has_no_biological_parent,,,,1.7643393827836023,,,,3690547c37d5326479905582a809e38c693933dc6d5188a1195bcb7fb43a867e
vegfa,2c936f8e3ea9ffa944f704b660e0d170190a0d5616d7ea3a8912196dd4b02dcf,de_novo,c9efca3019d8ce960a0753dfa81055a97ddda0f93313cb4ec3c42990001a10ab,none,,guruprasad_instability_index,numeric,false,de_novo_has_no_biological_parent,,,,39.670000,,,,13501038666122e548345d7d22f1615b7a77384f2256fa830c63c84ac63223b9
vegfa,2c936f8e3ea9ffa944f704b660e0d170190a0d5616d7ea3a8912196dd4b02dcf,de_novo,c9efca3019d8ce960a0753dfa81055a97ddda0f93313cb4ec3c42990001a10ab,none,,hydrophobic_moment_eisenberg,numeric,false,de_novo_has_no_biological_parent,,,,0.1670900673587697,,,,48560306af89897148640633ed0d7dbf813fc6c883fd8ccdcb4cb3eb8756d6bd
vegfa,2c936f8e3ea9ffa944f704b660e0d170190a0d5616d7ea3a8912196dd4b02dcf,de_novo,c9efca3019d8ce960a0753dfa81055a97ddda0f93313cb4ec3c42990001a10ab,none,,hydrophobic_ratio_modlamp,numeric,false,de_novo_has_no_biological_parent,,,,0.15,,,,f0e559cb1064c18a2642335f57a83aed91ee00b0f27fb99d49f73d01516ab73e
vegfa,2c936f8e3ea9ffa944f704b660e0d170190a0d5616d7ea3a8912196dd4b02dcf,de_novo,c9efca3019d8ce960a0753dfa81055a97ddda0f93313cb4ec3c42990001a10ab,none,,llamp_log10_mic_um,numeric,false,de_novo_has_no_biological_parent,,,,1.9747906923294067,,,,fa765133e06838f6c6418a8af8731f3e7945c157988cb1ee7338611b2bc76b5f
vegfa,2c936f8e3ea9ffa944f704b660e0d170190a0d5616d7ea3a8912196dd4b02dcf,de_novo,c9efca3019d8ce960a0753dfa81055a97ddda0f93313cb4ec3c42990001a10ab,none,,macrel_amp_probability,numeric,false,de_novo_has_no_biological_parent,,,,0.238,,,,5b79720a7f18be332c54c0d37b75312b38d18f913a836c4d1117916349addc56
vegfa,2c936f8e3ea9ffa944f704b660e0d170190a0d5616d7ea3a8912196dd4b02dcf,de_novo,c9efca3019d8ce960a0753dfa81055a97ddda0f93313cb4ec3c42990001a10ab,none,,macrel_hemolysis_label,categorical,false,de_novo_has_no_biological_parent,,,,low,,,,27d4ef0023314121acf59710375967a174a4c361baa4445761ed821bfc66cbae
vegfa,2c936f8e3ea9ffa944f704b660e0d170190a0d5616d7ea3a8912196dd4b02dcf,de_novo,c9efca3019d8ce960a0753dfa81055a97ddda0f93313cb4ec3c42990001a10ab,none,,macrel_hemolysis_probability,numeric,false,de_novo_has_no_biological_parent,,,,0.257,,,,02b968964d94af3b2021bf3522aa46271fa8999c7b3da185d77bf88a2e6c4c69
vegfa,2c936f8e3ea9ffa944f704b660e0d170190a0d5616d7ea3a8912196dd4b02dcf,de_novo,c9efca3019d8ce960a0753dfa81055a97ddda0f93313cb4ec3c42990001a10ab,none,,maximum_hydrophobic_run,numeric,false,de_novo_has_no_biological_parent,,,,1,,,,5726df8d98f3a012a1f43416c40a2d265c997cb94ac08d910bd1b4948ae039da
vegfa,2c936f8e3ea9ffa944f704b660e0d170190a0d5616d7ea3a8912196dd4b02dcf,de_novo,c9efca3019d8ce960a0753dfa81055a97ddda0f93313cb4ec3c42990001a10ab,none,,net_charge_ph7_4,numeric,false,de_novo_has_no_biological_parent,,,,7.028,,,,fda4e626d007f81bdfc1468e8990981b8045e620f2faf0b9a224c2c6b27953d3
vegfa,2c936f8e3ea9ffa944f704b660e0d170190a0d5616d7ea3a8912196dd4b02dcf,de_novo,c9efca3019d8ce960a0753dfa81055a97ddda0f93313cb4ec3c42990001a10ab,none,,toxinpred3_hybrid_score,numeric,false,de_novo_has_no_biological_parent,,,,0.29,,,,e0153538bc2b240a1a35121a61934a3cf877fac190ab8d0c609b61da182a28f0
vegfa,2c936f8e3ea9ffa944f704b660e0d170190a0d5616d7ea3a8912196dd4b02dcf,de_novo,c9efca3019d8ce960a0753dfa81055a97ddda0f93313cb4ec3c42990001a10ab,none,,toxinpred3_label,categorical,false,de_novo_has_no_biological_parent,,,,Non-Toxin,,,,03b45b74ccdcb0914ee34886620d76b78d03f402ef5f4e4e504444f712ad0c6b
vegfa,cf981fb0d7f076b1abcac43a8f82df55f6a66c7feef243123287916e8f904de5,masked_substitution,aa1ff7964a8a0c9275820d69e1114c57ceea7db0440cb3bdf3629bd2be14f898,primary_parent,02e6e8a9041d1f5e02ded66ace7f1bf8353933cb460554f7d6d4f7827ee851e3,amp_read_log10_mic_um,numeric,true,same_frozen_numeric_contract,minimize,log10(uM),0.8502392420270765,1.1627450706596172,0.3125058286325407,-0.3125058286325407,true,887d71ebc36d6cddf4b762babb1ff7a724dfdb1bec54d89e1da863b6f0094bc9
vegfa,cf981fb0d7f076b1abcac43a8f82df55f6a66c7feef243123287916e8f904de5,masked_substitution,aa1ff7964a8a0c9275820d69e1114c57ceea7db0440cb3bdf3629bd2be14f898,primary_parent,02e6e8a9041d1f5e02ded66ace7f1bf8353933cb460554f7d6d4f7827ee851e3,guruprasad_instability_index,numeric,true,same_frozen_numeric_contract,minimize,index,-9.308695652173913,-9.308696,-3.478260861555782e-07,3.478260861555782e-07,true,8f690f48173463d7ba2f884220faad01beca4a00b11c9913fcf52073f860498b
vegfa,cf981fb0d7f076b1abcac43a8f82df55f6a66c7feef243123287916e8f904de5,masked_substitution,aa1ff7964a8a0c9275820d69e1114c57ceea7db0440cb3bdf3629bd2be14f898,primary_parent,02e6e8a9041d1f5e02ded66ace7f1bf8353933cb460554f7d6d4f7827ee851e3,hydrophobic_moment_eisenberg,numeric,false,audit_metric_has_no_monotonic_improvement_direction,audit,dimensionless,0.14056582796750103,0.19624704281247524,0.05568121484497421,,true,80e95dc348227c21d3b35001e6fb1f2535bffbde027068458900160dab80465b
vegfa,cf981fb0d7f076b1abcac43a8f82df55f6a66c7feef243123287916e8f904de5,masked_substitution,aa1ff7964a8a0c9275820d69e1114c57ceea7db0440cb3bdf3629bd2be14f898,primary_parent,02e6e8a9041d1f5e02ded66ace7f1bf8353933cb460554f7d6d4f7827ee851e3,hydrophobic_ratio_modlamp,numeric,false,audit_metric_has_no_monotonic_improvement_direction,audit,fraction,0.2608695652173913,0.2608695652173913,0.0,,false,1c4df4f905688501969e9a65d5583d17b4232d0c8d1778a5031221d8aede7ca4
vegfa,cf981fb0d7f076b1abcac43a8f82df55f6a66c7feef243123287916e8f904de5,masked_substitution,aa1ff7964a8a0c9275820d69e1114c57ceea7db0440cb3bdf3629bd2be14f898,primary_parent,02e6e8a9041d1f5e02ded66ace7f1bf8353933cb460554f7d6d4f7827ee851e3,llamp_log10_mic_um,numeric,true,same_frozen_numeric_contract,minimize,log10(uM),1.3610467910766602,1.6171013116836548,0.25605452060699463,-0.25605452060699463,true,d539b043c4439afeb0780d6a2a5b1def4d95fedf92073af9da5a6ada7147bed2
vegfa,cf981fb0d7f076b1abcac43a8f82df55f6a66c7feef243123287916e8f904de5,masked_substitution,aa1ff7964a8a0c9275820d69e1114c57ceea7db0440cb3bdf3629bd2be14f898,primary_parent,02e6e8a9041d1f5e02ded66ace7f1bf8353933cb460554f7d6d4f7827ee851e3,macrel_amp_probability,numeric,true,same_frozen_numeric_contract,maximize,probability,0.584,0.356,-0.22799999999999998,-0.22799999999999998,true,cd06b221042ca2738ea2f68c86493b6f766fa2ed8938b41a72e9f385e4e718b6
vegfa,cf981fb0d7f076b1abcac43a8f82df55f6a66c7feef243123287916e8f904de5,masked_substitution,aa1ff7964a8a0c9275820d69e1114c57ceea7db0440cb3bdf3629bd2be14f898,primary_parent,02e6e8a9041d1f5e02ded66ace7f1bf8353933cb460554f7d6d4f7827ee851e3,macrel_hemolysis_label,categorical,true,same_frozen_label_contract,audit,label,low,low,,,false,e9625c178766d41ffe5ceddf48897ab942c9a717ecaa7d57a8ca9ace1b2034a1
vegfa,cf981fb0d7f076b1abcac43a8f82df55f6a66c7feef243123287916e8f904de5,masked_substitution,aa1ff7964a8a0c9275820d69e1114c57ceea7db0440cb3bdf3629bd2be14f898,primary_parent,02e6e8a9041d1f5e02ded66ace7f1bf8353933cb460554f7d6d4f7827ee851e3,macrel_hemolysis_probability,numeric,true,same_frozen_numeric_contract,minimize,probability,0.465,0.455,-0.010000000000000009,0.010000000000000009,true,949d7f2fd18cec042c1999fcf65c626cfdabb1bf1d92a8b82adf5238347b0765
vegfa,cf981fb0d7f076b1abcac43a8f82df55f6a66c7feef243123287916e8f904de5,masked_substitution,aa1ff7964a8a0c9275820d69e1114c57ceea7db0440cb3bdf3629bd2be14f898,primary_parent,02e6e8a9041d1f5e02ded66ace7f1bf8353933cb460554f7d6d4f7827ee851e3,maximum_hydrophobic_run,numeric,true,same_frozen_numeric_contract,minimize,residues,2.0,2.0,0.0,-0.0,false,03a2bc4e2e662f60caab02c8c140c99858268c1f1f5f494a61fc2efa20b08315
vegfa,cf981fb0d7f076b1abcac43a8f82df55f6a66c7feef243123287916e8f904de5,masked_substitution,aa1ff7964a8a0c9275820d69e1114c57ceea7db0440cb3bdf3629bd2be14f898,primary_parent,02e6e8a9041d1f5e02ded66ace7f1bf8353933cb460554f7d6d4f7827ee851e3,net_charge_ph7_4,numeric,false,audit_metric_has_no_monotonic_improvement_direction,audit,elementary_charge,6.112,5.112,-1.0,,true,56e4476425589aed4dedfddc7c94c885e062459109e2617c6c7fce64a1f52a83
vegfa,cf981fb0d7f076b1abcac43a8f82df55f6a66c7feef243123287916e8f904de5,masked_substitution,aa1ff7964a8a0c9275820d69e1114c57ceea7db0440cb3bdf3629bd2be14f898,primary_parent,02e6e8a9041d1f5e02ded66ace7f1bf8353933cb460554f7d6d4f7827ee851e3,toxinpred3_hybrid_score,numeric,true,same_frozen_numeric_contract,minimize,dimensionless,0.0,0.0,0.0,-0.0,false,86dfc754884dddb9ea0c60fdbd4a96043dc2c09204a95fb02e09abafdb62405a
vegfa,cf981fb0d7f076b1abcac43a8f82df55f6a66c7feef243123287916e8f904de5,masked_substitution,aa1ff7964a8a0c9275820d69e1114c57ceea7db0440cb3bdf3629bd2be14f898,primary_parent,02e6e8a9041d1f5e02ded66ace7f1bf8353933cb460554f7d6d4f7827ee851e3,toxinpred3_label,categorical,true,same_frozen_label_contract,audit,label,Non-Toxin,Non-Toxin,,,false,8686bf591736651f60440a9cb9253a2fdbd1b7526702435ba15dcf49f3793b57
vegfa,455c89d9ff91dca9ca716368120fb2b1a496d2d00a4ca13d077c3db17f56786b,controlled_crossover,411f6f76729897cba17073e7ab0d7142b4f67a4fbab749cd6aa1764f9c32d9a8,primary_parent,dc6b9e097fdbb1cebc638561775ba07debfd2bcbae4b1e7dbb9a3812c90d1dda,amp_read_log10_mic_um,numeric,true,same_frozen_numeric_contract,minimize,log10(uM),1.4326805721868476,2.0170254166279453,0.5843448444410977,-0.5843448444410977,true,b4cdffdafa562b72d38fb03d63f6d5dfdad962705b88404e6d0e9b4ca41bc4ca
vegfa,455c89d9ff91dca9ca716368120fb2b1a496d2d00a4ca13d077c3db17f56786b,controlled_crossover,411f6f76729897cba17073e7ab0d7142b4f67a4fbab749cd6aa1764f9c32d9a8,primary_parent,dc6b9e097fdbb1cebc638561775ba07debfd2bcbae4b1e7dbb9a3812c90d1dda,guruprasad_instability_index,numeric,true,same_frozen_numeric_contract,minimize,index,8.988461538461536,42.257692,33.26923046153846,-33.26923046153846,true,544a22008e66c9d2e9b28888752c381c7ba2fc1a7ff8868181c1cb0c9f312284
vegfa,455c89d9ff91dca9ca716368120fb2b1a496d2d00a4ca13d077c3db17f56786b,controlled_crossover,411f6f76729897cba17073e7ab0d7142b4f67a4fbab749cd6aa1764f9c32d9a8,primary_parent,dc6b9e097fdbb1cebc638561775ba07debfd2bcbae4b1e7dbb9a3812c90d1dda,hydrophobic_moment_eisenberg,numeric,false,audit_metric_has_no_monotonic_improvement_direction,audit,dimensionless,0.05669057760399849,0.2395065619513241,0.18281598434732563,,true,d0d51f910a1ce860b8e9743b312aab809366f423a4d5c32e465d5afba8e095dc
vegfa,455c89d9ff91dca9ca716368120fb2b1a496d2d00a4ca13d077c3db17f56786b,controlled_crossover,411f6f76729897cba17073e7ab0d7142b4f67a4fbab749cd6aa1764f9c32d9a8,primary_parent,dc6b9e097fdbb1cebc638561775ba07debfd2bcbae4b1e7dbb9a3812c90d1dda,hydrophobic_ratio_modlamp,numeric,false,audit_metric_has_no_monotonic_improvement_direction,audit,fraction,0.07692307692307693,0.038461538461538464,-0.038461538461538464,,true,3f3ee0dd3582ee85aa63ddef7aae4b77af091b70ac0c211ba58e652dee92f3f4
vegfa,455c89d9ff91dca9ca716368120fb2b1a496d2d00a4ca13d077c3db17f56786b,controlled_crossover,411f6f76729897cba17073e7ab0d7142b4f67a4fbab749cd6aa1764f9c32d9a8,primary_parent,dc6b9e097fdbb1cebc638561775ba07debfd2bcbae4b1e7dbb9a3812c90d1dda,llamp_log10_mic_um,numeric,true,same_frozen_numeric_contract,minimize,log10(uM),0.7191438674926758,1.1437095403671265,0.4245656728744507,-0.4245656728744507,true,f6b94094de1ec3d82824c3eef4a254b39d74674a1561f1c82557276473a668c2
vegfa,455c89d9ff91dca9ca716368120fb2b1a496d2d00a4ca13d077c3db17f56786b,controlled_crossover,411f6f76729897cba17073e7ab0d7142b4f67a4fbab749cd6aa1764f9c32d9a8,primary_parent,dc6b9e097fdbb1cebc638561775ba07debfd2bcbae4b1e7dbb9a3812c90d1dda,macrel_amp_probability,numeric,true,same_frozen_numeric_contract,maximize,probability,0.535,0.347,-0.18800000000000006,-0.18800000000000006,true,1b7926029c086087aa30d4170ac90d9ef4e1e539eca686a839e0347f95a67b5c
vegfa,455c89d9ff91dca9ca716368120fb2b1a496d2d00a4ca13d077c3db17f56786b,controlled_crossover,411f6f76729897cba17073e7ab0d7142b4f67a4fbab749cd6aa1764f9c32d9a8,primary_parent,dc6b9e097fdbb1cebc638561775ba07debfd2bcbae4b1e7dbb9a3812c90d1dda,macrel_hemolysis_label,categorical,true,same_frozen_label_contract,audit,label,low,low,,,false,419f3732c9bd596985507b7978d963ba46e69ef6a1799878761646f00c52b10b
vegfa,455c89d9ff91dca9ca716368120fb2b1a496d2d00a4ca13d077c3db17f56786b,controlled_crossover,411f6f76729897cba17073e7ab0d7142b4f67a4fbab749cd6aa1764f9c32d9a8,primary_parent,dc6b9e097fdbb1cebc638561775ba07debfd2bcbae4b1e7dbb9a3812c90d1dda,macrel_hemolysis_probability,numeric,true,same_frozen_numeric_contract,minimize,probability,0.386,0.356,-0.030000000000000027,0.030000000000000027,true,56fd93c325561139bd0903e8b80e64d59f41e6839348a770000bc65e3fbeabc4
vegfa,455c89d9ff91dca9ca716368120fb2b1a496d2d00a4ca13d077c3db17f56786b,controlled_crossover,411f6f76729897cba17073e7ab0d7142b4f67a4fbab749cd6aa1764f9c32d9a8,primary_parent,dc6b9e097fdbb1cebc638561775ba07debfd2bcbae4b1e7dbb9a3812c90d1dda,maximum_hydrophobic_run,numeric,true,same_frozen_numeric_contract,minimize,residues,2.0,1.0,-1.0,1.0,true,12569091fda02faf2e4da1a36ce4d5bfa94d7b1d39d01bf88508852c176f61b5
vegfa,455c89d9ff91dca9ca716368120fb2b1a496d2d00a4ca13d077c3db17f56786b,controlled_crossover,411f6f76729897cba17073e7ab0d7142b4f67a4fbab749cd6aa1764f9c32d9a8,primary_parent,dc6b9e097fdbb1cebc638561775ba07debfd2bcbae4b1e7dbb9a3812c90d1dda,net_charge_ph7_4,numeric,false,audit_metric_has_no_monotonic_improvement_direction,audit,elementary_charge,9.152,12.11,2.958,,true,120699f57d51a615e040f546f1b8f8e7d9bc49bf52ce42bb7ec0a27f70d470fc
vegfa,455c89d9ff91dca9ca716368120fb2b1a496d2d00a4ca13d077c3db17f56786b,controlled_crossover,411f6f76729897cba17073e7ab0d7142b4f67a4fbab749cd6aa1764f9c32d9a8,primary_parent,dc6b9e097fdbb1cebc638561775ba07debfd2bcbae4b1e7dbb9a3812c90d1dda,toxinpred3_hybrid_score,numeric,true,same_frozen_numeric_contract,minimize,dimensionless,0.015,0.0,-0.015,0.015,true,a358bd017fa4f41f67672ba306bdd3c7b397915f746e536794c4abfee8dd6e90
vegfa,455c89d9ff91dca9ca716368120fb2b1a496d2d00a4ca13d077c3db17f56786b,controlled_crossover,411f6f76729897cba17073e7ab0d7142b4f67a4fbab749cd6aa1764f9c32d9a8,primary_parent,dc6b9e097fdbb1cebc638561775ba07debfd2bcbae4b1e7dbb9a3812c90d1dda,toxinpred3_label,categorical,true,same_frozen_label_contract,audit,label,Non-Toxin,Non-Toxin,,,false,a86c6d4eeab7a2e3fafc9493796b00fe2b04892c25575b9eb8ae908ac93ef441
vegfa,455c89d9ff91dca9ca716368120fb2b1a496d2d00a4ca13d077c3db17f56786b,controlled_crossover,411f6f76729897cba17073e7ab0d7142b4f67a4fbab749cd6aa1764f9c32d9a8,donor_parent,1d4045ee102780188e827660368729f44269e8780200c1bedb280e380f1d5243,amp_read_log10_mic_um,numeric,true,same_frozen_numeric_contract,minimize,log10(uM),1.2629065663007313,2.0170254166279453,0.754118850327214,-0.754118850327214,true,4c010bc743f29ef087c3ac9a3215d60a8ac1bad2f0a1b721a88853cdf562fd47
vegfa,455c89d9ff91dca9ca716368120fb2b1a496d2d00a4ca13d077c3db17f56786b,controlled_crossover,411f6f76729897cba17073e7ab0d7142b4f67a4fbab749cd6aa1764f9c32d9a8,donor_parent,1d4045ee102780188e827660368729f44269e8780200c1bedb280e380f1d5243,guruprasad_instability_index,numeric,true,same_frozen_numeric_contract,minimize,index,35.079166666666666,42.257692,7.178525333333333,-7.178525333333333,true,febae60bb030aed24886525cd27d0af0e4a82ff15cda7e3e9d633599d334765c
vegfa,455c89d9ff91dca9ca716368120fb2b1a496d2d00a4ca13d077c3db17f56786b,controlled_crossover,411f6f76729897cba17073e7ab0d7142b4f67a4fbab749cd6aa1764f9c32d9a8,donor_parent,1d4045ee102780188e827660368729f44269e8780200c1bedb280e380f1d5243,hydrophobic_moment_eisenberg,numeric,false,audit_metric_has_no_monotonic_improvement_direction,audit,dimensionless,0.2750561915542174,0.2395065619513241,-0.03554962960289329,,true,67699e83fa30347ba2cb73dfbf686e4052c29d3d3717f03a42531dac745473ae
vegfa,455c89d9ff91dca9ca716368120fb2b1a496d2d00a4ca13d077c3db17f56786b,controlled_crossover,411f6f76729897cba17073e7ab0d7142b4f67a4fbab749cd6aa1764f9c32d9a8,donor_parent,1d4045ee102780188e827660368729f44269e8780200c1bedb280e380f1d5243,hydrophobic_ratio_modlamp,numeric,false,audit_metric_has_no_monotonic_improvement_direction,audit,fraction,0.08333333333333333,0.038461538461538464,-0.044871794871794865,,true,79fc0d1b8f10c505c93e826c1caa4caa61323ef315703ee0ffe8db22137adb3a
vegfa,455c89d9ff91dca9ca716368120fb2b1a496d2d00a4ca13d077c3db17f56786b,controlled_crossover,411f6f76729897cba17073e7ab0d7142b4f67a4fbab749cd6aa1764f9c32d9a8,donor_parent,1d4045ee102780188e827660368729f44269e8780200c1bedb280e380f1d5243,llamp_log10_mic_um,numeric,true,same_frozen_numeric_contract,minimize,log10(uM),1.0507502555847168,1.1437095403671265,0.09295928478240967,-0.09295928478240967,true,3057fae69ff85513055f51ef8de43b4a1803464c4e89a5202213f12d9e629faf
vegfa,455c89d9ff91dca9ca716368120fb2b1a496d2d00a4ca13d077c3db17f56786b,controlled_crossover,411f6f76729897cba17073e7ab0d7142b4f67a4fbab749cd6aa1764f9c32d9a8,donor_parent,1d4045ee102780188e827660368729f44269e8780200c1bedb280e380f1d5243,macrel_amp_probability,numeric,true,same_frozen_numeric_contract,maximize,probability,0.505,0.347,-0.15800000000000003,-0.15800000000000003,true,f57348ff58e11290b89a0ceb1f7b9620e09a3175f08cc76db253a4a15db86d98
vegfa,455c89d9ff91dca9ca716368120fb2b1a496d2d00a4ca13d077c3db17f56786b,controlled_crossover,411f6f76729897cba17073e7ab0d7142b4f67a4fbab749cd6aa1764f9c32d9a8,donor_parent,1d4045ee102780188e827660368729f44269e8780200c1bedb280e380f1d5243,macrel_hemolysis_label,categorical,true,same_frozen_label_contract,audit,label,low,low,,,false,7fb5b8810a856d2b3bc32fe34bfff292a9a916b4b569ab0b321547aee8805c6c
vegfa,455c89d9ff91dca9ca716368120fb2b1a496d2d00a4ca13d077c3db17f56786b,controlled_crossover,411f6f76729897cba17073e7ab0d7142b4f67a4fbab749cd6aa1764f9c32d9a8,donor_parent,1d4045ee102780188e827660368729f44269e8780200c1bedb280e380f1d5243,macrel_hemolysis_probability,numeric,true,same_frozen_numeric_contract,minimize,probability,0.495,0.356,-0.139,0.139,true,4c8040b8f3f5d803f56be3932f7ba3fbbc03aa4aa5d74fc623a8ad4a59386dec
vegfa,455c89d9ff91dca9ca716368120fb2b1a496d2d00a4ca13d077c3db17f56786b,controlled_crossover,411f6f76729897cba17073e7ab0d7142b4f67a4fbab749cd6aa1764f9c32d9a8,donor_parent,1d4045ee102780188e827660368729f44269e8780200c1bedb280e380f1d5243,maximum_hydrophobic_run,numeric,true,same_frozen_numeric_contract,minimize,residues,1.0,1.0,0.0,-0.0,false,5ceb89c7462188062aecfcfc0b2c29a9d63dcf770342e926f6b96bda1453f3bd
vegfa,455c89d9ff91dca9ca716368120fb2b1a496d2d00a4ca13d077c3db17f56786b,controlled_crossover,411f6f76729897cba17073e7ab0d7142b4f67a4fbab749cd6aa1764f9c32d9a8,donor_parent,1d4045ee102780188e827660368729f44269e8780200c1bedb280e380f1d5243,net_charge_ph7_4,numeric,false,audit_metric_has_no_monotonic_improvement_direction,audit,elementary_charge,8.028,12.11,4.081999999999999,,true,20bf03ac30e4a505da65306a99799a9f5794d4e551a3cf3a690a9b06bc8ab022
vegfa,455c89d9ff91dca9ca716368120fb2b1a496d2d00a4ca13d077c3db17f56786b,controlled_crossover,411f6f76729897cba17073e7ab0d7142b4f67a4fbab749cd6aa1764f9c32d9a8,donor_parent,1d4045ee102780188e827660368729f44269e8780200c1bedb280e380f1d5243,toxinpred3_hybrid_score,numeric,true,same_frozen_numeric_contract,minimize,dimensionless,0.0,0.0,0.0,-0.0,false,1c6b5cc81ca7b9802cd909c1df69e5c1702449565ea72f3e22f3cdc968ae6972
vegfa,455c89d9ff91dca9ca716368120fb2b1a496d2d00a4ca13d077c3db17f56786b,controlled_crossover,411f6f76729897cba17073e7ab0d7142b4f67a4fbab749cd6aa1764f9c32d9a8,donor_parent,1d4045ee102780188e827660368729f44269e8780200c1bedb280e380f1d5243,toxinpred3_label,categorical,true,same_frozen_label_contract,audit,label,Non-Toxin,Non-Toxin,,,false,0becf4c43a9ace6bbd77bfb23becaea8e313016ec5353d671a91f84ca8365141
vegfa,cbfdfe3edd35a2f5b9482938592cda683f98c32ba9a37f8c004f1c611854044a,de_novo,2148d663c0783400766ca3f2cee5ff7ea8ae82b3b69f899aa59b616462b8f546,none,,amp_read_log10_mic_um,numeric,false,de_novo_has_no_biological_parent,,,,2.040543641789514,,,,c8bc0a73542afa13412eca5bad2865e04325b95a5035786131434981b609a079
vegfa,cbfdfe3edd35a2f5b9482938592cda683f98c32ba9a37f8c004f1c611854044a,de_novo,2148d663c0783400766ca3f2cee5ff7ea8ae82b3b69f899aa59b616462b8f546,none,,guruprasad_instability_index,numeric,false,de_novo_has_no_biological_parent,,,,4.490909,,,,fb577d46bf3b6c6ae14efab332cc7420ac1b0a937ed3d0be9de13784151bd64f
vegfa,cbfdfe3edd35a2f5b9482938592cda683f98c32ba9a37f8c004f1c611854044a,de_novo,2148d663c0783400766ca3f2cee5ff7ea8ae82b3b69f899aa59b616462b8f546,none,,hydrophobic_moment_eisenberg,numeric,false,de_novo_has_no_biological_parent,,,,0.21167056518378935,,,,958a65df73b9ab31305d03152346a2780632e9deecfd0e0c6f3e4d5dbafada7a
vegfa,cbfdfe3edd35a2f5b9482938592cda683f98c32ba9a37f8c004f1c611854044a,de_novo,2148d663c0783400766ca3f2cee5ff7ea8ae82b3b69f899aa59b616462b8f546,none,,hydrophobic_ratio_modlamp,numeric,false,de_novo_has_no_biological_parent,,,,0.0,,,,2fedbbbe1a11ebd88d588654f9f76df1acbef5941fcfaecc8dc2ed0f071a9ca7
vegfa,cbfdfe3edd35a2f5b9482938592cda683f98c32ba9a37f8c004f1c611854044a,de_novo,2148d663c0783400766ca3f2cee5ff7ea8ae82b3b69f899aa59b616462b8f546,none,,llamp_log10_mic_um,numeric,false,de_novo_has_no_biological_parent,,,,1.8195465803146362,,,,9b7253b0c63263c88c12ed5a68ba0284e487a1df0678562640ab632f683d2770
vegfa,cbfdfe3edd35a2f5b9482938592cda683f98c32ba9a37f8c004f1c611854044a,de_novo,2148d663c0783400766ca3f2cee5ff7ea8ae82b3b69f899aa59b616462b8f546,none,,macrel_amp_probability,numeric,false,de_novo_has_no_biological_parent,,,,0.307,,,,801b2dd980fe850020717f6905943caf8f0f9a17d3d27ba5cbe4b769028823c8
vegfa,cbfdfe3edd35a2f5b9482938592cda683f98c32ba9a37f8c004f1c611854044a,de_novo,2148d663c0783400766ca3f2cee5ff7ea8ae82b3b69f899aa59b616462b8f546,none,,macrel_hemolysis_label,categorical,false,de_novo_has_no_biological_parent,,,,low,,,,f8ba607125280498de3b0891878b730195f46f6aeceb0c65eae943123e978273
vegfa,cbfdfe3edd35a2f5b9482938592cda683f98c32ba9a37f8c004f1c611854044a,de_novo,2148d663c0783400766ca3f2cee5ff7ea8ae82b3b69f899aa59b616462b8f546,none,,macrel_hemolysis_probability,numeric,false,de_novo_has_no_biological_parent,,,,0.455,,,,900619f10118b538d45b6c20d908d3756183de7f96637b13e56c50a801e9159a
vegfa,cbfdfe3edd35a2f5b9482938592cda683f98c32ba9a37f8c004f1c611854044a,de_novo,2148d663c0783400766ca3f2cee5ff7ea8ae82b3b69f899aa59b616462b8f546,none,,maximum_hydrophobic_run,numeric,false,de_novo_has_no_biological_parent,,,,0,,,,f232f06a3332cfdc7ed13c234466b8a422c7c275d0e42a0572ce50a94edb37f3
vegfa,cbfdfe3edd35a2f5b9482938592cda683f98c32ba9a37f8c004f1c611854044a,de_novo,2148d663c0783400766ca3f2cee5ff7ea8ae82b3b69f899aa59b616462b8f546,none,,net_charge_ph7_4,numeric,false,de_novo_has_no_biological_parent,,,,9.069,,,,8d7c2bccd3646e0f304da5c1ef74e8273f6f08f0fb5911d925f94f96f9dff8f8
vegfa,cbfdfe3edd35a2f5b9482938592cda683f98c32ba9a37f8c004f1c611854044a,de_novo,2148d663c0783400766ca3f2cee5ff7ea8ae82b3b69f899aa59b616462b8f546,none,,toxinpred3_hybrid_score,numeric,false,de_novo_has_no_biological_parent,,,,0.36,,,,f9b14e090756c1bb4aaa190217b2138eb4e5e5e857e97348fe7f9d8c2d7cb1b8
vegfa,cbfdfe3edd35a2f5b9482938592cda683f98c32ba9a37f8c004f1c611854044a,de_novo,2148d663c0783400766ca3f2cee5ff7ea8ae82b3b69f899aa59b616462b8f546,none,,toxinpred3_label,categorical,false,de_novo_has_no_biological_parent,,,,Non-Toxin,,,,99c95a90d62867e6b6518b86c5c9601863c3ae37a13c4a245117744ff9b12d11
vegfa,d08e23bcc964b16c30b705dd8dcff3df817cc4e1452665853a42b054c43e2aa5,de_novo,e88d5a9a3ee0fb69cfa491b5b2cbb93a4e825aa87f725a44abbe0d9a8d62047a,none,,amp_read_log10_mic_um,numeric,false,de_novo_has_no_biological_parent,,,,2.2917303235673305,,,,8180b5be0a432d50b9666066224c3ad731d4829546d1ac0ba15ced24e0410f65
vegfa,d08e23bcc964b16c30b705dd8dcff3df817cc4e1452665853a42b054c43e2aa5,de_novo,e88d5a9a3ee0fb69cfa491b5b2cbb93a4e825aa87f725a44abbe0d9a8d62047a,none,,guruprasad_instability_index,numeric,false,de_novo_has_no_biological_parent,,,,6.268000,,,,82d2ee06f04f3e005928e2560725ebb435d5bb19a6f004ccc4c80559ea425b33
vegfa,d08e23bcc964b16c30b705dd8dcff3df817cc4e1452665853a42b054c43e2aa5,de_novo,e88d5a9a3ee0fb69cfa491b5b2cbb93a4e825aa87f725a44abbe0d9a8d62047a,none,,hydrophobic_moment_eisenberg,numeric,false,de_novo_has_no_biological_parent,,,,0.20335389526535252,,,,c9daeab9d808dd15b8ecbc25da76d70e91c904c74631770624744ae327e8426b
vegfa,d08e23bcc964b16c30b705dd8dcff3df817cc4e1452665853a42b054c43e2aa5,de_novo,e88d5a9a3ee0fb69cfa491b5b2cbb93a4e825aa87f725a44abbe0d9a8d62047a,none,,hydrophobic_ratio_modlamp,numeric,false,de_novo_has_no_biological_parent,,,,0.04,,,,16fb5f395daf7cf5fbf1fee769b44fad1a0b1a39c84621df80cd3a5b83ed373c
vegfa,d08e23bcc964b16c30b705dd8dcff3df817cc4e1452665853a42b054c43e2aa5,de_novo,e88d5a9a3ee0fb69cfa491b5b2cbb93a4e825aa87f725a44abbe0d9a8d62047a,none,,llamp_log10_mic_um,numeric,false,de_novo_has_no_biological_parent,,,,1.5506535768508911,,,,7fe9fb0c66bf81014bb2be97ef5b6b6cb6746b950e468f95d8608a3353f83b8f
vegfa,d08e23bcc964b16c30b705dd8dcff3df817cc4e1452665853a42b054c43e2aa5,de_novo,e88d5a9a3ee0fb69cfa491b5b2cbb93a4e825aa87f725a44abbe0d9a8d62047a,none,,macrel_amp_probability,numeric,false,de_novo_has_no_biological_parent,,,,0.317,,,,66cfb4c87cf5f9277ce6d9ac68c0f256b6ccdbae9e3d1abf3569ea3009d2a497
vegfa,d08e23bcc964b16c30b705dd8dcff3df817cc4e1452665853a42b054c43e2aa5,de_novo,e88d5a9a3ee0fb69cfa491b5b2cbb93a4e825aa87f725a44abbe0d9a8d62047a,none,,macrel_hemolysis_label,categorical,false,de_novo_has_no_biological_parent,,,,low,,,,43c40986e18585afbe20f71430811ff9eaf5b7980625acdf43e44fe765755c5d
vegfa,d08e23bcc964b16c30b705dd8dcff3df817cc4e1452665853a42b054c43e2aa5,de_novo,e88d5a9a3ee0fb69cfa491b5b2cbb93a4e825aa87f725a44abbe0d9a8d62047a,none,,macrel_hemolysis_probability,numeric,false,de_novo_has_no_biological_parent,,,,0.406,,,,2f6824b947bc43e8662604220e7b9b293afaed408de44adf5ee0041991486cef
vegfa,d08e23bcc964b16c30b705dd8dcff3df817cc4e1452665853a42b054c43e2aa5,de_novo,e88d5a9a3ee0fb69cfa491b5b2cbb93a4e825aa87f725a44abbe0d9a8d62047a,none,,maximum_hydrophobic_run,numeric,false,de_novo_has_no_biological_parent,,,,1,,,,ac47b2acf68e4091fc1914146781120310e217d686d5bb71f587532aecc0dbc0
vegfa,d08e23bcc964b16c30b705dd8dcff3df817cc4e1452665853a42b054c43e2aa5,de_novo,e88d5a9a3ee0fb69cfa491b5b2cbb93a4e825aa87f725a44abbe0d9a8d62047a,none,,net_charge_ph7_4,numeric,false,de_novo_has_no_biological_parent,,,,10.068,,,,3300414df2621d3aae43d32d7f44f7a69e69a4d8aefbfdad99025c8530100087
vegfa,d08e23bcc964b16c30b705dd8dcff3df817cc4e1452665853a42b054c43e2aa5,de_novo,e88d5a9a3ee0fb69cfa491b5b2cbb93a4e825aa87f725a44abbe0d9a8d62047a,none,,toxinpred3_hybrid_score,numeric,false,de_novo_has_no_biological_parent,,,,0.0,,,,a5625a6862e8583e991509a80d0dce51d462893ada937dfc129921d9e1e6abd0
vegfa,d08e23bcc964b16c30b705dd8dcff3df817cc4e1452665853a42b054c43e2aa5,de_novo,e88d5a9a3ee0fb69cfa491b5b2cbb93a4e825aa87f725a44abbe0d9a8d62047a,none,,toxinpred3_label,categorical,false,de_novo_has_no_biological_parent,,,,Non-Toxin,,,,c276a6cf9d8baaab93b22b06169e0db6c41c7ddb384839193ae6ae0813c1454e
