branch_key,action_sha256,action_type,child_sequence_sha256,baseline_role,parent_sequence_sha256,metric_name,metric_kind,comparable,reason,direction,unit,parent_value,child_value,raw_delta_child_minus_parent,improvement_delta,changed,delta_sha256
angpt1,39645bcaaf84d8b4bdf6ee8933380319f4e0e80867162b10f7682a35cd59ff44,masked_substitution,c1ad3d87602105b58ee7a956594d6b9556f212188a0ed27fc2bfee39e754155e,primary_parent,04bbb8f66cf48119e001c6647f0a82758d21a5275e74dac6fa1819b6bb7dc86d,amp_read_log10_mic_um,numeric,true,same_frozen_numeric_contract,minimize,log10(uM),1.0684135954698575,1.0589334360026514,-0.00948015946720604,0.00948015946720604,true,96ec84ff14f3889ebea3f9af0663ccd01d49f5a0441965c6515f9646ce36fb96
angpt1,39645bcaaf84d8b4bdf6ee8933380319f4e0e80867162b10f7682a35cd59ff44,masked_substitution,c1ad3d87602105b58ee7a956594d6b9556f212188a0ed27fc2bfee39e754155e,primary_parent,04bbb8f66cf48119e001c6647f0a82758d21a5275e74dac6fa1819b6bb7dc86d,guruprasad_instability_index,numeric,true,same_frozen_numeric_contract,minimize,index,-5.666667,-1.62381,4.042857000000001,-4.042857000000001,true,508dfb6fa8e23e7d98212dfd4d9de05713dad141f473f2230c7416b255e6c5f5
angpt1,39645bcaaf84d8b4bdf6ee8933380319f4e0e80867162b10f7682a35cd59ff44,masked_substitution,c1ad3d87602105b58ee7a956594d6b9556f212188a0ed27fc2bfee39e754155e,primary_parent,04bbb8f66cf48119e001c6647f0a82758d21a5275e74dac6fa1819b6bb7dc86d,hydrophobic_moment_eisenberg,numeric,false,audit_metric_has_no_monotonic_improvement_direction,audit,dimensionless,0.32070620328403215,0.19939733926774458,-0.12130886401628757,,true,15e024a28609e034dde7cc893aaf5e469ad82b371cdb089a39c642cfa83e72a5
angpt1,39645bcaaf84d8b4bdf6ee8933380319f4e0e80867162b10f7682a35cd59ff44,masked_substitution,c1ad3d87602105b58ee7a956594d6b9556f212188a0ed27fc2bfee39e754155e,primary_parent,04bbb8f66cf48119e001c6647f0a82758d21a5275e74dac6fa1819b6bb7dc86d,hydrophobic_ratio_modlamp,numeric,false,audit_metric_has_no_monotonic_improvement_direction,audit,fraction,0.14285714285714285,0.14285714285714285,0.0,,false,b049d0ef1ab8f1c496b9580dd6a9a1c66a98034e212a938f8eed645def168f0d
angpt1,39645bcaaf84d8b4bdf6ee8933380319f4e0e80867162b10f7682a35cd59ff44,masked_substitution,c1ad3d87602105b58ee7a956594d6b9556f212188a0ed27fc2bfee39e754155e,primary_parent,04bbb8f66cf48119e001c6647f0a82758d21a5275e74dac6fa1819b6bb7dc86d,llamp_log10_mic_um,numeric,true,same_frozen_numeric_contract,minimize,log10(uM),1.2577025890350342,1.5403844118118286,0.28268182277679443,-0.28268182277679443,true,96b7c2a615c392341172d03c80204d5361f15ba75a787e1b138a8f846595cbf2
angpt1,39645bcaaf84d8b4bdf6ee8933380319f4e0e80867162b10f7682a35cd59ff44,masked_substitution,c1ad3d87602105b58ee7a956594d6b9556f212188a0ed27fc2bfee39e754155e,primary_parent,04bbb8f66cf48119e001c6647f0a82758d21a5275e74dac6fa1819b6bb7dc86d,macrel_amp_probability,numeric,true,same_frozen_numeric_contract,maximize,probability,0.317,0.277,-0.03999999999999998,-0.03999999999999998,true,af4b9024d8a861f86f07b47ad584ec6b97c361696e6be994e4422c5cd014a4d4
angpt1,39645bcaaf84d8b4bdf6ee8933380319f4e0e80867162b10f7682a35cd59ff44,masked_substitution,c1ad3d87602105b58ee7a956594d6b9556f212188a0ed27fc2bfee39e754155e,primary_parent,04bbb8f66cf48119e001c6647f0a82758d21a5275e74dac6fa1819b6bb7dc86d,macrel_hemolysis_label,categorical,true,same_frozen_label_contract,audit,label,low,high,,,true,9473499fc443c5d6852ee15edbdee827af96f87c510e3d316f57b95b77885e39
angpt1,39645bcaaf84d8b4bdf6ee8933380319f4e0e80867162b10f7682a35cd59ff44,masked_substitution,c1ad3d87602105b58ee7a956594d6b9556f212188a0ed27fc2bfee39e754155e,primary_parent,04bbb8f66cf48119e001c6647f0a82758d21a5275e74dac6fa1819b6bb7dc86d,macrel_hemolysis_probability,numeric,true,same_frozen_numeric_contract,minimize,probability,0.406,0.505,0.09899999999999998,-0.09899999999999998,true,74105a765ae7c2f5fee901f280583e089b87ed2370ed8bbd5fc9dbba71c431e4
angpt1,39645bcaaf84d8b4bdf6ee8933380319f4e0e80867162b10f7682a35cd59ff44,masked_substitution,c1ad3d87602105b58ee7a956594d6b9556f212188a0ed27fc2bfee39e754155e,primary_parent,04bbb8f66cf48119e001c6647f0a82758d21a5275e74dac6fa1819b6bb7dc86d,maximum_hydrophobic_run,numeric,true,same_frozen_numeric_contract,minimize,residues,2.0,2.0,0.0,-0.0,false,9f3ff06a47053e4b106f96befc498036a129b032b3373ce987e2387e62629cda
angpt1,39645bcaaf84d8b4bdf6ee8933380319f4e0e80867162b10f7682a35cd59ff44,masked_substitution,c1ad3d87602105b58ee7a956594d6b9556f212188a0ed27fc2bfee39e754155e,primary_parent,04bbb8f66cf48119e001c6647f0a82758d21a5275e74dac6fa1819b6bb7dc86d,net_charge_ph7_4,numeric,false,audit_metric_has_no_monotonic_improvement_direction,audit,elementary_charge,8.984,9.984,1.0,,true,4e27bb252246d5a2533517c4fefb43e8275de9f4a76542580a039aa12a6276c3
angpt1,39645bcaaf84d8b4bdf6ee8933380319f4e0e80867162b10f7682a35cd59ff44,masked_substitution,c1ad3d87602105b58ee7a956594d6b9556f212188a0ed27fc2bfee39e754155e,primary_parent,04bbb8f66cf48119e001c6647f0a82758d21a5275e74dac6fa1819b6bb7dc86d,toxinpred3_hybrid_score,numeric,true,same_frozen_numeric_contract,minimize,dimensionless,0.0,0.0,0.0,-0.0,false,78c6116d415a8dd2ffe41b0ec1d4f151a3a5899fd90aab91a14d6a5bf44fc9fc
angpt1,39645bcaaf84d8b4bdf6ee8933380319f4e0e80867162b10f7682a35cd59ff44,masked_substitution,c1ad3d87602105b58ee7a956594d6b9556f212188a0ed27fc2bfee39e754155e,primary_parent,04bbb8f66cf48119e001c6647f0a82758d21a5275e74dac6fa1819b6bb7dc86d,toxinpred3_label,categorical,true,same_frozen_label_contract,audit,label,Non-Toxin,Non-Toxin,,,false,08448fd869a606376d3bb1b3072c08ae37e36688ab04417e15c27f7fe7921722
angpt1,0f1747b706065fd748aecbd043b81e02d43e23d3293555bf5c405fd6d86bb970,controlled_crossover,b05b51d5480729ab306eaad851ea5f4ed6a03b1b468a17f9ca2f2e37f9d1cc57,primary_parent,11b1835ae8fa671bed409a01dba1f66d3160cec080e155e51d94f5ee1533b527,amp_read_log10_mic_um,numeric,true,same_frozen_numeric_contract,minimize,log10(uM),1.6786354578903795,1.6925669066267848,0.013931448736405283,-0.013931448736405283,true,889626614c81326661c550b3ead1d6c318a2f8bcb662acc711a26ba62ee33012
angpt1,0f1747b706065fd748aecbd043b81e02d43e23d3293555bf5c405fd6d86bb970,controlled_crossover,b05b51d5480729ab306eaad851ea5f4ed6a03b1b468a17f9ca2f2e37f9d1cc57,primary_parent,11b1835ae8fa671bed409a01dba1f66d3160cec080e155e51d94f5ee1533b527,guruprasad_instability_index,numeric,true,same_frozen_numeric_contract,minimize,index,-18.126087,-38.391304,-20.265217,20.265217,true,c82f711f3f0b5e9572f88b7c11b312c61f66c121e53294f259a2c0765adfd998
angpt1,0f1747b706065fd748aecbd043b81e02d43e23d3293555bf5c405fd6d86bb970,controlled_crossover,b05b51d5480729ab306eaad851ea5f4ed6a03b1b468a17f9ca2f2e37f9d1cc57,primary_parent,11b1835ae8fa671bed409a01dba1f66d3160cec080e155e51d94f5ee1533b527,hydrophobic_moment_eisenberg,numeric,false,audit_metric_has_no_monotonic_improvement_direction,audit,dimensionless,0.09624985596101412,0.08794207777911989,-0.008307778181894238,,true,feae7ab84aae3b9257f9ca91dc4e30942777c304ed16baf9efa45eeecf968825
angpt1,0f1747b706065fd748aecbd043b81e02d43e23d3293555bf5c405fd6d86bb970,controlled_crossover,b05b51d5480729ab306eaad851ea5f4ed6a03b1b468a17f9ca2f2e37f9d1cc57,primary_parent,11b1835ae8fa671bed409a01dba1f66d3160cec080e155e51d94f5ee1533b527,hydrophobic_ratio_modlamp,numeric,false,audit_metric_has_no_monotonic_improvement_direction,audit,fraction,0.0,0.0,0.0,,false,28a90c2e5212569fb436db150ce25e9a35d5abff241a9547cba28649c789b788
angpt1,0f1747b706065fd748aecbd043b81e02d43e23d3293555bf5c405fd6d86bb970,controlled_crossover,b05b51d5480729ab306eaad851ea5f4ed6a03b1b468a17f9ca2f2e37f9d1cc57,primary_parent,11b1835ae8fa671bed409a01dba1f66d3160cec080e155e51d94f5ee1533b527,llamp_log10_mic_um,numeric,true,same_frozen_numeric_contract,minimize,log10(uM),1.3527401685714722,1.4671097993850708,0.11436963081359863,-0.11436963081359863,true,7093c1d2ae19151ddb7bfcebc255ff7c757f6f8b9964f4201a9142ebfac8641b
angpt1,0f1747b706065fd748aecbd043b81e02d43e23d3293555bf5c405fd6d86bb970,controlled_crossover,b05b51d5480729ab306eaad851ea5f4ed6a03b1b468a17f9ca2f2e37f9d1cc57,primary_parent,11b1835ae8fa671bed409a01dba1f66d3160cec080e155e51d94f5ee1533b527,macrel_amp_probability,numeric,true,same_frozen_numeric_contract,maximize,probability,0.495,0.465,-0.02999999999999997,-0.02999999999999997,true,3636f42d7c0022b209013597939ed0a34ef9c1776a28a74b261ce750dfdb9c86
angpt1,0f1747b706065fd748aecbd043b81e02d43e23d3293555bf5c405fd6d86bb970,controlled_crossover,b05b51d5480729ab306eaad851ea5f4ed6a03b1b468a17f9ca2f2e37f9d1cc57,primary_parent,11b1835ae8fa671bed409a01dba1f66d3160cec080e155e51d94f5ee1533b527,macrel_hemolysis_label,categorical,true,same_frozen_label_contract,audit,label,low,low,,,false,555ac928f17ff9e7a019b424c7146e0e872eb7b16dc52de655e671859b748ae0
angpt1,0f1747b706065fd748aecbd043b81e02d43e23d3293555bf5c405fd6d86bb970,controlled_crossover,b05b51d5480729ab306eaad851ea5f4ed6a03b1b468a17f9ca2f2e37f9d1cc57,primary_parent,11b1835ae8fa671bed409a01dba1f66d3160cec080e155e51d94f5ee1533b527,macrel_hemolysis_probability,numeric,true,same_frozen_numeric_contract,minimize,probability,0.446,0.436,-0.010000000000000009,0.010000000000000009,true,05d4bcdfff9271c80e2046f6c0af554524b53fbd203f83769c7a4b706ced6af1
angpt1,0f1747b706065fd748aecbd043b81e02d43e23d3293555bf5c405fd6d86bb970,controlled_crossover,b05b51d5480729ab306eaad851ea5f4ed6a03b1b468a17f9ca2f2e37f9d1cc57,primary_parent,11b1835ae8fa671bed409a01dba1f66d3160cec080e155e51d94f5ee1533b527,maximum_hydrophobic_run,numeric,true,same_frozen_numeric_contract,minimize,residues,0.0,0.0,0.0,-0.0,false,5b43d507e267003cc8efeeb5df6ddc19b3a8f4cd381e2b3e1a0f93508c28e76f
angpt1,0f1747b706065fd748aecbd043b81e02d43e23d3293555bf5c405fd6d86bb970,controlled_crossover,b05b51d5480729ab306eaad851ea5f4ed6a03b1b468a17f9ca2f2e37f9d1cc57,primary_parent,11b1835ae8fa671bed409a01dba1f66d3160cec080e155e51d94f5ee1533b527,net_charge_ph7_4,numeric,false,audit_metric_has_no_monotonic_improvement_direction,audit,elementary_charge,10.985,9.028,-1.956999999999999,,true,d704b2135d10e2ed6a3390b4ed4cbd12706adf61cc3e82ffe637475fa08bb996
angpt1,0f1747b706065fd748aecbd043b81e02d43e23d3293555bf5c405fd6d86bb970,controlled_crossover,b05b51d5480729ab306eaad851ea5f4ed6a03b1b468a17f9ca2f2e37f9d1cc57,primary_parent,11b1835ae8fa671bed409a01dba1f66d3160cec080e155e51d94f5ee1533b527,toxinpred3_hybrid_score,numeric,true,same_frozen_numeric_contract,minimize,dimensionless,0.355,0.305,-0.04999999999999999,0.04999999999999999,true,f93837206cd1e2cfe63444c6213db65efc027bc6ff46ca9750bbd181ca9b7ec0
angpt1,0f1747b706065fd748aecbd043b81e02d43e23d3293555bf5c405fd6d86bb970,controlled_crossover,b05b51d5480729ab306eaad851ea5f4ed6a03b1b468a17f9ca2f2e37f9d1cc57,primary_parent,11b1835ae8fa671bed409a01dba1f66d3160cec080e155e51d94f5ee1533b527,toxinpred3_label,categorical,true,same_frozen_label_contract,audit,label,Non-Toxin,Non-Toxin,,,false,1cb9eb623c1de550ae919bf019524cfd4889d2e5a9a74154feaa33cfafdbaddb
angpt1,0f1747b706065fd748aecbd043b81e02d43e23d3293555bf5c405fd6d86bb970,controlled_crossover,b05b51d5480729ab306eaad851ea5f4ed6a03b1b468a17f9ca2f2e37f9d1cc57,donor_parent,8da3610c67fb4959db649075a16ef91e8f64d4ad39b74ae6e6f59b76acfea433,amp_read_log10_mic_um,numeric,true,same_frozen_numeric_contract,minimize,log10(uM),1.9749410051300977,1.6925669066267848,-0.28237409850331296,0.28237409850331296,true,64e4e416d4cbc32f0b3d0a8499943856cdc68859d335ab00e5d00e2040342ff2
angpt1,0f1747b706065fd748aecbd043b81e02d43e23d3293555bf5c405fd6d86bb970,controlled_crossover,b05b51d5480729ab306eaad851ea5f4ed6a03b1b468a17f9ca2f2e37f9d1cc57,donor_parent,8da3610c67fb4959db649075a16ef91e8f64d4ad39b74ae6e6f59b76acfea433,guruprasad_instability_index,numeric,true,same_frozen_numeric_contract,minimize,index,-23.433333,-38.391304,-14.957970999999997,14.957970999999997,true,ebfa285547b702f57b9ae497dc5746264f2d7fc2be7f5914ec9a90f3de396cbd
angpt1,0f1747b706065fd748aecbd043b81e02d43e23d3293555bf5c405fd6d86bb970,controlled_crossover,b05b51d5480729ab306eaad851ea5f4ed6a03b1b468a17f9ca2f2e37f9d1cc57,donor_parent,8da3610c67fb4959db649075a16ef91e8f64d4ad39b74ae6e6f59b76acfea433,hydrophobic_moment_eisenberg,numeric,false,audit_metric_has_no_monotonic_improvement_direction,audit,dimensionless,0.17671021265349732,0.08794207777911989,-0.08876813487437743,,true,7b78add86d87a100d08ed1f561bd1fc00c85b1887d1f3ca301566b08ac6a8e4f
angpt1,0f1747b706065fd748aecbd043b81e02d43e23d3293555bf5c405fd6d86bb970,controlled_crossover,b05b51d5480729ab306eaad851ea5f4ed6a03b1b468a17f9ca2f2e37f9d1cc57,donor_parent,8da3610c67fb4959db649075a16ef91e8f64d4ad39b74ae6e6f59b76acfea433,hydrophobic_ratio_modlamp,numeric,false,audit_metric_has_no_monotonic_improvement_direction,audit,fraction,0.0,0.0,0.0,,false,e2e673aa5adeb9882bf5ba584ec9673e23ea8fdc7e6db0ae06986892e21dd0fb
angpt1,0f1747b706065fd748aecbd043b81e02d43e23d3293555bf5c405fd6d86bb970,controlled_crossover,b05b51d5480729ab306eaad851ea5f4ed6a03b1b468a17f9ca2f2e37f9d1cc57,donor_parent,8da3610c67fb4959db649075a16ef91e8f64d4ad39b74ae6e6f59b76acfea433,llamp_log10_mic_um,numeric,true,same_frozen_numeric_contract,minimize,log10(uM),1.7923035621643066,1.4671097993850708,-0.32519376277923584,0.32519376277923584,true,9242c95ba03a05d1534e9a8feca8c017056508b4f2abca9215534d1054fe008c
angpt1,0f1747b706065fd748aecbd043b81e02d43e23d3293555bf5c405fd6d86bb970,controlled_crossover,b05b51d5480729ab306eaad851ea5f4ed6a03b1b468a17f9ca2f2e37f9d1cc57,donor_parent,8da3610c67fb4959db649075a16ef91e8f64d4ad39b74ae6e6f59b76acfea433,macrel_amp_probability,numeric,true,same_frozen_numeric_contract,maximize,probability,0.426,0.465,0.039000000000000035,0.039000000000000035,true,a6c4f2e9063695312d83670e1db02e3591c77fa82e77cf875e8747e1516917ba
angpt1,0f1747b706065fd748aecbd043b81e02d43e23d3293555bf5c405fd6d86bb970,controlled_crossover,b05b51d5480729ab306eaad851ea5f4ed6a03b1b468a17f9ca2f2e37f9d1cc57,donor_parent,8da3610c67fb4959db649075a16ef91e8f64d4ad39b74ae6e6f59b76acfea433,macrel_hemolysis_label,categorical,true,same_frozen_label_contract,audit,label,low,low,,,false,6d4ae890c0a4f300a098451e08d288fce451183239f631bdb2e32727387bb9c4
angpt1,0f1747b706065fd748aecbd043b81e02d43e23d3293555bf5c405fd6d86bb970,controlled_crossover,b05b51d5480729ab306eaad851ea5f4ed6a03b1b468a17f9ca2f2e37f9d1cc57,donor_parent,8da3610c67fb4959db649075a16ef91e8f64d4ad39b74ae6e6f59b76acfea433,macrel_hemolysis_probability,numeric,true,same_frozen_numeric_contract,minimize,probability,0.327,0.436,0.10899999999999999,-0.10899999999999999,true,6622fc516a1eb2c59fc0c6736b1ad83a0d78ba6f3f890442beb62e8f1bca1cbb
angpt1,0f1747b706065fd748aecbd043b81e02d43e23d3293555bf5c405fd6d86bb970,controlled_crossover,b05b51d5480729ab306eaad851ea5f4ed6a03b1b468a17f9ca2f2e37f9d1cc57,donor_parent,8da3610c67fb4959db649075a16ef91e8f64d4ad39b74ae6e6f59b76acfea433,maximum_hydrophobic_run,numeric,true,same_frozen_numeric_contract,minimize,residues,0.0,0.0,0.0,-0.0,false,dc19e74a788d1c39784a786961727e80195b00eeea4d00a5a02ca88aa0404735
angpt1,0f1747b706065fd748aecbd043b81e02d43e23d3293555bf5c405fd6d86bb970,controlled_crossover,b05b51d5480729ab306eaad851ea5f4ed6a03b1b468a17f9ca2f2e37f9d1cc57,donor_parent,8da3610c67fb4959db649075a16ef91e8f64d4ad39b74ae6e6f59b76acfea433,net_charge_ph7_4,numeric,false,audit_metric_has_no_monotonic_improvement_direction,audit,elementary_charge,7.028,9.028,2.000000000000001,,true,3b5b4601cc7db9ffe83de594a3a330b0521b0060539234fa1bcb9250591935e2
angpt1,0f1747b706065fd748aecbd043b81e02d43e23d3293555bf5c405fd6d86bb970,controlled_crossover,b05b51d5480729ab306eaad851ea5f4ed6a03b1b468a17f9ca2f2e37f9d1cc57,donor_parent,8da3610c67fb4959db649075a16ef91e8f64d4ad39b74ae6e6f59b76acfea433,toxinpred3_hybrid_score,numeric,true,same_frozen_numeric_contract,minimize,dimensionless,0.31,0.305,-0.0050000000000000044,0.0050000000000000044,true,7edd2f42ab9c3035a12b2a1cc751cf89587fdf1e2cf1cd2c3631ec2dc0db220f
angpt1,0f1747b706065fd748aecbd043b81e02d43e23d3293555bf5c405fd6d86bb970,controlled_crossover,b05b51d5480729ab306eaad851ea5f4ed6a03b1b468a17f9ca2f2e37f9d1cc57,donor_parent,8da3610c67fb4959db649075a16ef91e8f64d4ad39b74ae6e6f59b76acfea433,toxinpred3_label,categorical,true,same_frozen_label_contract,audit,label,Non-Toxin,Non-Toxin,,,false,48f7f5fb161cc1d394c6aa3e5ed5cf3dc522a4614c611b105f939c1cef6b5f77
angpt1,16704b610a2eb2f50dfa04b913bae52e59490b8edf6edba363d79ce534e079dc,de_novo,eeece3384378cfd91a9b66ac293f59b8627d99edffd0336cdb6d2d3c1e96573a,none,,amp_read_log10_mic_um,numeric,false,de_novo_has_no_biological_parent,,,,2.5339778568515086,,,,5a18d7fe211e493764be85ba00cba67776900b3486a369cc03865f0720d77057
angpt1,16704b610a2eb2f50dfa04b913bae52e59490b8edf6edba363d79ce534e079dc,de_novo,eeece3384378cfd91a9b66ac293f59b8627d99edffd0336cdb6d2d3c1e96573a,none,,guruprasad_instability_index,numeric,false,de_novo_has_no_biological_parent,,,,-1.679167,,,,b64e118b8c090fdf08d1be76fc58496dc8e20b4cf328f85f61634b4e149c7c50
angpt1,16704b610a2eb2f50dfa04b913bae52e59490b8edf6edba363d79ce534e079dc,de_novo,eeece3384378cfd91a9b66ac293f59b8627d99edffd0336cdb6d2d3c1e96573a,none,,hydrophobic_moment_eisenberg,numeric,false,de_novo_has_no_biological_parent,,,,0.1873411919154309,,,,fe7b061c27c0d0d8fec926e3b1e78d363af385ddc6397c293049bd026eb76164
angpt1,16704b610a2eb2f50dfa04b913bae52e59490b8edf6edba363d79ce534e079dc,de_novo,eeece3384378cfd91a9b66ac293f59b8627d99edffd0336cdb6d2d3c1e96573a,none,,hydrophobic_ratio_modlamp,numeric,false,de_novo_has_no_biological_parent,,,,0.125,,,,19d7dce03ae73c2df0bf288406dc281b9db0c4435496c8535a5fcfe58bf90a21
angpt1,16704b610a2eb2f50dfa04b913bae52e59490b8edf6edba363d79ce534e079dc,de_novo,eeece3384378cfd91a9b66ac293f59b8627d99edffd0336cdb6d2d3c1e96573a,none,,llamp_log10_mic_um,numeric,false,de_novo_has_no_biological_parent,,,,1.5026651620864868,,,,e47a030c7e1c6cd341aa841d995412af6f66fe3cd5605b2386a460098b14d055
angpt1,16704b610a2eb2f50dfa04b913bae52e59490b8edf6edba363d79ce534e079dc,de_novo,eeece3384378cfd91a9b66ac293f59b8627d99edffd0336cdb6d2d3c1e96573a,none,,macrel_amp_probability,numeric,false,de_novo_has_no_biological_parent,,,,0.287,,,,610c8db8cd7ca8e3cf76bbf2b49980e6eadccf1786121bc557f0e5e6389b2e99
angpt1,16704b610a2eb2f50dfa04b913bae52e59490b8edf6edba363d79ce534e079dc,de_novo,eeece3384378cfd91a9b66ac293f59b8627d99edffd0336cdb6d2d3c1e96573a,none,,macrel_hemolysis_label,categorical,false,de_novo_has_no_biological_parent,,,,low,,,,433aadc099a0c94a2c447b74b12ef817c408d805bc2de9323a76e38b8c786a53
angpt1,16704b610a2eb2f50dfa04b913bae52e59490b8edf6edba363d79ce534e079dc,de_novo,eeece3384378cfd91a9b66ac293f59b8627d99edffd0336cdb6d2d3c1e96573a,none,,macrel_hemolysis_probability,numeric,false,de_novo_has_no_biological_parent,,,,0.406,,,,23d49559eeeea50bda5e0e766f6d93496c89e9187a83b4f29f50bb219c69f772
angpt1,16704b610a2eb2f50dfa04b913bae52e59490b8edf6edba363d79ce534e079dc,de_novo,eeece3384378cfd91a9b66ac293f59b8627d99edffd0336cdb6d2d3c1e96573a,none,,maximum_hydrophobic_run,numeric,false,de_novo_has_no_biological_parent,,,,1,,,,05dbfab6622fda1b7dfa0beaf091c5dc79e7b4a25870050e2d7264e4f13cdba5
angpt1,16704b610a2eb2f50dfa04b913bae52e59490b8edf6edba363d79ce534e079dc,de_novo,eeece3384378cfd91a9b66ac293f59b8627d99edffd0336cdb6d2d3c1e96573a,none,,net_charge_ph7_4,numeric,false,de_novo_has_no_biological_parent,,,,8.028,,,,dd33b460b0a39cc3d5dbafca22d2c265a718b2c46dfea51bfc3ccbea00143826
angpt1,16704b610a2eb2f50dfa04b913bae52e59490b8edf6edba363d79ce534e079dc,de_novo,eeece3384378cfd91a9b66ac293f59b8627d99edffd0336cdb6d2d3c1e96573a,none,,toxinpred3_hybrid_score,numeric,false,de_novo_has_no_biological_parent,,,,0.0,,,,b1ad42efcf9738de04825bb7c03a1b5b54e25dc07f259e710657ef849d714c1a
angpt1,16704b610a2eb2f50dfa04b913bae52e59490b8edf6edba363d79ce534e079dc,de_novo,eeece3384378cfd91a9b66ac293f59b8627d99edffd0336cdb6d2d3c1e96573a,none,,toxinpred3_label,categorical,false,de_novo_has_no_biological_parent,,,,Non-Toxin,,,,380a01ed4f78eb4a0d0b5349965ae2ab00bbe9ef9ea74e67f19efa930b6d12b1
angpt1,5bc81ed0cd4ef32661e442745feb608f75f8bacbf87cc40054cea4dcfe0a875a,de_novo,169bbd4fa37e435156c9e323cd45f11c5b27a0f216887f833d06c169248dbc86,none,,amp_read_log10_mic_um,numeric,false,de_novo_has_no_biological_parent,,,,2.163871988858795,,,,b40e609f93c5bb3f5354dfaa372b834043cf41b893a41e9a1d2df5251fe451cf
angpt1,5bc81ed0cd4ef32661e442745feb608f75f8bacbf87cc40054cea4dcfe0a875a,de_novo,169bbd4fa37e435156c9e323cd45f11c5b27a0f216887f833d06c169248dbc86,none,,guruprasad_instability_index,numeric,false,de_novo_has_no_biological_parent,,,,5.500000,,,,8e27f079cfd4f5dcd44af4d1fdbaa35db5ae1cebaa66041f9a05aa4f5368d845
angpt1,5bc81ed0cd4ef32661e442745feb608f75f8bacbf87cc40054cea4dcfe0a875a,de_novo,169bbd4fa37e435156c9e323cd45f11c5b27a0f216887f833d06c169248dbc86,none,,hydrophobic_moment_eisenberg,numeric,false,de_novo_has_no_biological_parent,,,,0.14852739471386073,,,,4d2f25c0570de95abe0475d2cecf1a4842d20bdba556a325246256ea020828c8
angpt1,5bc81ed0cd4ef32661e442745feb608f75f8bacbf87cc40054cea4dcfe0a875a,de_novo,169bbd4fa37e435156c9e323cd45f11c5b27a0f216887f833d06c169248dbc86,none,,hydrophobic_ratio_modlamp,numeric,false,de_novo_has_no_biological_parent,,,,0.05,,,,d4707c852e9a7a73b090356583987a1b51dbca0e169d354c9f30911564b8905a
angpt1,5bc81ed0cd4ef32661e442745feb608f75f8bacbf87cc40054cea4dcfe0a875a,de_novo,169bbd4fa37e435156c9e323cd45f11c5b27a0f216887f833d06c169248dbc86,none,,llamp_log10_mic_um,numeric,false,de_novo_has_no_biological_parent,,,,2.2759482860565186,,,,daddcfd543f331c73e10006e148512bcb6337321fe2ce4c901d93093d371a53f
angpt1,5bc81ed0cd4ef32661e442745feb608f75f8bacbf87cc40054cea4dcfe0a875a,de_novo,169bbd4fa37e435156c9e323cd45f11c5b27a0f216887f833d06c169248dbc86,none,,macrel_amp_probability,numeric,false,de_novo_has_no_biological_parent,,,,0.307,,,,d8c9ef481ae91e88a60314e2aba9159994a68a819a53a7bc5ca08e4609e7effd
angpt1,5bc81ed0cd4ef32661e442745feb608f75f8bacbf87cc40054cea4dcfe0a875a,de_novo,169bbd4fa37e435156c9e323cd45f11c5b27a0f216887f833d06c169248dbc86,none,,macrel_hemolysis_label,categorical,false,de_novo_has_no_biological_parent,,,,low,,,,f71397a299955383ddf84c4393ae21dbbb519942eb5dbb693682d8224ef3ce14
angpt1,5bc81ed0cd4ef32661e442745feb608f75f8bacbf87cc40054cea4dcfe0a875a,de_novo,169bbd4fa37e435156c9e323cd45f11c5b27a0f216887f833d06c169248dbc86,none,,macrel_hemolysis_probability,numeric,false,de_novo_has_no_biological_parent,,,,0.287,,,,74058514e38d2c839be330ff3c21f0d81632050277ced224aee246568c2f7978
angpt1,5bc81ed0cd4ef32661e442745feb608f75f8bacbf87cc40054cea4dcfe0a875a,de_novo,169bbd4fa37e435156c9e323cd45f11c5b27a0f216887f833d06c169248dbc86,none,,maximum_hydrophobic_run,numeric,false,de_novo_has_no_biological_parent,,,,1,,,,3e9287f95761e7485703f5eb1de04eccb9da3ff4d010b00e09c34e358a83ad5b
angpt1,5bc81ed0cd4ef32661e442745feb608f75f8bacbf87cc40054cea4dcfe0a875a,de_novo,169bbd4fa37e435156c9e323cd45f11c5b27a0f216887f833d06c169248dbc86,none,,net_charge_ph7_4,numeric,false,de_novo_has_no_biological_parent,,,,5.028,,,,be52d9f91c0d3ad3c7ff814f84387bd6549673612a41f75226230807fd1b22a7
angpt1,5bc81ed0cd4ef32661e442745feb608f75f8bacbf87cc40054cea4dcfe0a875a,de_novo,169bbd4fa37e435156c9e323cd45f11c5b27a0f216887f833d06c169248dbc86,none,,toxinpred3_hybrid_score,numeric,false,de_novo_has_no_biological_parent,,,,0.28,,,,49fde13eb5c3b36a7ec4289ce947c089b40259afbbcc3352b85f79a4e90b09be
angpt1,5bc81ed0cd4ef32661e442745feb608f75f8bacbf87cc40054cea4dcfe0a875a,de_novo,169bbd4fa37e435156c9e323cd45f11c5b27a0f216887f833d06c169248dbc86,none,,toxinpred3_label,categorical,false,de_novo_has_no_biological_parent,,,,Non-Toxin,,,,e71c0390c6c84c00b2175eb2421a59ab339ae098e5a8d485becdd560355edd05
angpt1,603be20f557cc898997742562c76d9282bfa7b55f59b4a5da983c31d4b322ca8,masked_substitution,4eb162e002a2dcc8b37c0854023f14db4e6406f57f58dedbf8b965cc18bc8ca3,primary_parent,04bbb8f66cf48119e001c6647f0a82758d21a5275e74dac6fa1819b6bb7dc86d,amp_read_log10_mic_um,numeric,true,same_frozen_numeric_contract,minimize,log10(uM),1.0684135954698575,1.1712112951633387,0.10279769969348118,-0.10279769969348118,true,2b924cc6aff3e8b67f0ea6b1c15bcc4f83a989bd8d7219e689bd28a19d6a264d
angpt1,603be20f557cc898997742562c76d9282bfa7b55f59b4a5da983c31d4b322ca8,masked_substitution,4eb162e002a2dcc8b37c0854023f14db4e6406f57f58dedbf8b965cc18bc8ca3,primary_parent,04bbb8f66cf48119e001c6647f0a82758d21a5275e74dac6fa1819b6bb7dc86d,guruprasad_instability_index,numeric,true,same_frozen_numeric_contract,minimize,index,-5.666667,-1.62381,4.042857000000001,-4.042857000000001,true,96e89ca6015cab8df0e40c4042e091fc703d30e05df14e2042b2484713a9f990
angpt1,603be20f557cc898997742562c76d9282bfa7b55f59b4a5da983c31d4b322ca8,masked_substitution,4eb162e002a2dcc8b37c0854023f14db4e6406f57f58dedbf8b965cc18bc8ca3,primary_parent,04bbb8f66cf48119e001c6647f0a82758d21a5275e74dac6fa1819b6bb7dc86d,hydrophobic_moment_eisenberg,numeric,false,audit_metric_has_no_monotonic_improvement_direction,audit,dimensionless,0.32070620328403215,0.29224425554466443,-0.02846194773936772,,true,b40587fcfa0ba66d5b84e8d31b2540fd8b089ca2007cde904df17c6d94ae051f
angpt1,603be20f557cc898997742562c76d9282bfa7b55f59b4a5da983c31d4b322ca8,masked_substitution,4eb162e002a2dcc8b37c0854023f14db4e6406f57f58dedbf8b965cc18bc8ca3,primary_parent,04bbb8f66cf48119e001c6647f0a82758d21a5275e74dac6fa1819b6bb7dc86d,hydrophobic_ratio_modlamp,numeric,false,audit_metric_has_no_monotonic_improvement_direction,audit,fraction,0.14285714285714285,0.14285714285714285,0.0,,false,78bb2a08bb28c9d33dea3b3727eb7ab1f5006cdeec38b859fea03bab124274f2
angpt1,603be20f557cc898997742562c76d9282bfa7b55f59b4a5da983c31d4b322ca8,masked_substitution,4eb162e002a2dcc8b37c0854023f14db4e6406f57f58dedbf8b965cc18bc8ca3,primary_parent,04bbb8f66cf48119e001c6647f0a82758d21a5275e74dac6fa1819b6bb7dc86d,llamp_log10_mic_um,numeric,true,same_frozen_numeric_contract,minimize,log10(uM),1.2577025890350342,1.361405372619629,0.10370278358459473,-0.10370278358459473,true,050f27a9eca32f4b8683fc24999e57508fddf350c9ff59bbd6350039d832b896
angpt1,603be20f557cc898997742562c76d9282bfa7b55f59b4a5da983c31d4b322ca8,masked_substitution,4eb162e002a2dcc8b37c0854023f14db4e6406f57f58dedbf8b965cc18bc8ca3,primary_parent,04bbb8f66cf48119e001c6647f0a82758d21a5275e74dac6fa1819b6bb7dc86d,macrel_amp_probability,numeric,true,same_frozen_numeric_contract,maximize,probability,0.317,0.317,0.0,0.0,false,9eae2eb359f97b773fa6ec2575979cf00b4f280be59377527261b4e93982155c
angpt1,603be20f557cc898997742562c76d9282bfa7b55f59b4a5da983c31d4b322ca8,masked_substitution,4eb162e002a2dcc8b37c0854023f14db4e6406f57f58dedbf8b965cc18bc8ca3,primary_parent,04bbb8f66cf48119e001c6647f0a82758d21a5275e74dac6fa1819b6bb7dc86d,macrel_hemolysis_label,categorical,true,same_frozen_label_contract,audit,label,low,low,,,false,77da4d1880b6662b3cfb82bd783aec4862c9697221f6167b7c895cb03382be08
angpt1,603be20f557cc898997742562c76d9282bfa7b55f59b4a5da983c31d4b322ca8,masked_substitution,4eb162e002a2dcc8b37c0854023f14db4e6406f57f58dedbf8b965cc18bc8ca3,primary_parent,04bbb8f66cf48119e001c6647f0a82758d21a5275e74dac6fa1819b6bb7dc86d,macrel_hemolysis_probability,numeric,true,same_frozen_numeric_contract,minimize,probability,0.406,0.426,0.019999999999999962,-0.019999999999999962,true,fd2939b036eec60d70e4aa689ab2726f40ed0796c38c2e83c03cfc34d9d0fea4
angpt1,603be20f557cc898997742562c76d9282bfa7b55f59b4a5da983c31d4b322ca8,masked_substitution,4eb162e002a2dcc8b37c0854023f14db4e6406f57f58dedbf8b965cc18bc8ca3,primary_parent,04bbb8f66cf48119e001c6647f0a82758d21a5275e74dac6fa1819b6bb7dc86d,maximum_hydrophobic_run,numeric,true,same_frozen_numeric_contract,minimize,residues,2.0,2.0,0.0,-0.0,false,108860a1e6b0285654d9abf9cc370667362b1ab1842b72aaeba6e49d9b159858
angpt1,603be20f557cc898997742562c76d9282bfa7b55f59b4a5da983c31d4b322ca8,masked_substitution,4eb162e002a2dcc8b37c0854023f14db4e6406f57f58dedbf8b965cc18bc8ca3,primary_parent,04bbb8f66cf48119e001c6647f0a82758d21a5275e74dac6fa1819b6bb7dc86d,net_charge_ph7_4,numeric,false,audit_metric_has_no_monotonic_improvement_direction,audit,elementary_charge,8.984,8.984,0.0,,false,fc707ad196b6040004d6531d6b92c90897f5951440a584b848f15344aecdd3db
angpt1,603be20f557cc898997742562c76d9282bfa7b55f59b4a5da983c31d4b322ca8,masked_substitution,4eb162e002a2dcc8b37c0854023f14db4e6406f57f58dedbf8b965cc18bc8ca3,primary_parent,04bbb8f66cf48119e001c6647f0a82758d21a5275e74dac6fa1819b6bb7dc86d,toxinpred3_hybrid_score,numeric,true,same_frozen_numeric_contract,minimize,dimensionless,0.0,0.0,0.0,-0.0,false,9aa130882e19000cab93a1bbbc2ffb10d12d15300108f6fd0d1d57aac959c874
angpt1,603be20f557cc898997742562c76d9282bfa7b55f59b4a5da983c31d4b322ca8,masked_substitution,4eb162e002a2dcc8b37c0854023f14db4e6406f57f58dedbf8b965cc18bc8ca3,primary_parent,04bbb8f66cf48119e001c6647f0a82758d21a5275e74dac6fa1819b6bb7dc86d,toxinpred3_label,categorical,true,same_frozen_label_contract,audit,label,Non-Toxin,Non-Toxin,,,false,1f1f556510e9e3f4ddcde620e2791592d6f6e6476c0e0616a121b7f525bd4591
angpt1,a14cbe0fb6be7239c5edc4a407aed3006ca3cec4a47bc34ac2b9e5a55ebbdf34,controlled_crossover,2f8f2b384524d676e2063ed0b7c0a78595c06bf7297979ac56ed529ac7d96037,primary_parent,11b1835ae8fa671bed409a01dba1f66d3160cec080e155e51d94f5ee1533b527,amp_read_log10_mic_um,numeric,true,same_frozen_numeric_contract,minimize,log10(uM),1.6786354578903795,1.7649331129778765,0.08629765508749698,-0.08629765508749698,true,08d4c96657a16b70c087147eeba835fa54f31ea679b1f4bcb558d23047806ae8
angpt1,a14cbe0fb6be7239c5edc4a407aed3006ca3cec4a47bc34ac2b9e5a55ebbdf34,controlled_crossover,2f8f2b384524d676e2063ed0b7c0a78595c06bf7297979ac56ed529ac7d96037,primary_parent,11b1835ae8fa671bed409a01dba1f66d3160cec080e155e51d94f5ee1533b527,guruprasad_instability_index,numeric,true,same_frozen_numeric_contract,minimize,index,-18.126087,-37.978261,-19.852174000000005,19.852174000000005,true,208d9af6bc6e2f2ca29b9c9c09e042ea7f70dafbe67d6fab04a06870b06d1998
angpt1,a14cbe0fb6be7239c5edc4a407aed3006ca3cec4a47bc34ac2b9e5a55ebbdf34,controlled_crossover,2f8f2b384524d676e2063ed0b7c0a78595c06bf7297979ac56ed529ac7d96037,primary_parent,11b1835ae8fa671bed409a01dba1f66d3160cec080e155e51d94f5ee1533b527,hydrophobic_moment_eisenberg,numeric,false,audit_metric_has_no_monotonic_improvement_direction,audit,dimensionless,0.09624985596101412,0.05789977552942816,-0.03835008043158596,,true,a265260f8203b48c3504dc445d968dbd809a82c0d132f24ff276609ea8a560b1
angpt1,a14cbe0fb6be7239c5edc4a407aed3006ca3cec4a47bc34ac2b9e5a55ebbdf34,controlled_crossover,2f8f2b384524d676e2063ed0b7c0a78595c06bf7297979ac56ed529ac7d96037,primary_parent,11b1835ae8fa671bed409a01dba1f66d3160cec080e155e51d94f5ee1533b527,hydrophobic_ratio_modlamp,numeric,false,audit_metric_has_no_monotonic_improvement_direction,audit,fraction,0.0,0.0,0.0,,false,d90600ea15c3d6d5ea55aa5cb056d10083ec3511aabae6c5bae4261d58d00362
angpt1,a14cbe0fb6be7239c5edc4a407aed3006ca3cec4a47bc34ac2b9e5a55ebbdf34,controlled_crossover,2f8f2b384524d676e2063ed0b7c0a78595c06bf7297979ac56ed529ac7d96037,primary_parent,11b1835ae8fa671bed409a01dba1f66d3160cec080e155e51d94f5ee1533b527,llamp_log10_mic_um,numeric,true,same_frozen_numeric_contract,minimize,log10(uM),1.3527401685714722,1.5021201372146606,0.14937996864318848,-0.14937996864318848,true,eaf21fbc74274d8c3a2532dfc19abfc4441c5bc4cde73d333343d02d1affffb7
angpt1,a14cbe0fb6be7239c5edc4a407aed3006ca3cec4a47bc34ac2b9e5a55ebbdf34,controlled_crossover,2f8f2b384524d676e2063ed0b7c0a78595c06bf7297979ac56ed529ac7d96037,primary_parent,11b1835ae8fa671bed409a01dba1f66d3160cec080e155e51d94f5ee1533b527,macrel_amp_probability,numeric,true,same_frozen_numeric_contract,maximize,probability,0.495,0.465,-0.02999999999999997,-0.02999999999999997,true,ef13ba3e502823e7aeeaf09b23f7988c2064aebbe4ee729a008d1e22eb98ca09
angpt1,a14cbe0fb6be7239c5edc4a407aed3006ca3cec4a47bc34ac2b9e5a55ebbdf34,controlled_crossover,2f8f2b384524d676e2063ed0b7c0a78595c06bf7297979ac56ed529ac7d96037,primary_parent,11b1835ae8fa671bed409a01dba1f66d3160cec080e155e51d94f5ee1533b527,macrel_hemolysis_label,categorical,true,same_frozen_label_contract,audit,label,low,low,,,false,bf133fe098ee6f63fbd5bf99f70a048ed6caae7090e7899c424d4db95a57fa42
angpt1,a14cbe0fb6be7239c5edc4a407aed3006ca3cec4a47bc34ac2b9e5a55ebbdf34,controlled_crossover,2f8f2b384524d676e2063ed0b7c0a78595c06bf7297979ac56ed529ac7d96037,primary_parent,11b1835ae8fa671bed409a01dba1f66d3160cec080e155e51d94f5ee1533b527,macrel_hemolysis_probability,numeric,true,same_frozen_numeric_contract,minimize,probability,0.446,0.436,-0.010000000000000009,0.010000000000000009,true,da6b6557d7fbf9afb8bd965b18733bad7e5b73b3983f65f4e3462245c02322a2
angpt1,a14cbe0fb6be7239c5edc4a407aed3006ca3cec4a47bc34ac2b9e5a55ebbdf34,controlled_crossover,2f8f2b384524d676e2063ed0b7c0a78595c06bf7297979ac56ed529ac7d96037,primary_parent,11b1835ae8fa671bed409a01dba1f66d3160cec080e155e51d94f5ee1533b527,maximum_hydrophobic_run,numeric,true,same_frozen_numeric_contract,minimize,residues,0.0,0.0,0.0,-0.0,false,654ffa3ff9f9788064bb41ee419adfacce32698feb06c0524856307d77a439b1
angpt1,a14cbe0fb6be7239c5edc4a407aed3006ca3cec4a47bc34ac2b9e5a55ebbdf34,controlled_crossover,2f8f2b384524d676e2063ed0b7c0a78595c06bf7297979ac56ed529ac7d96037,primary_parent,11b1835ae8fa671bed409a01dba1f66d3160cec080e155e51d94f5ee1533b527,net_charge_ph7_4,numeric,false,audit_metric_has_no_monotonic_improvement_direction,audit,elementary_charge,10.985,9.028,-1.956999999999999,,true,2f451a9869734671997cf10eb76b548b770c6f20622cb741f0556f7779f3a83e
angpt1,a14cbe0fb6be7239c5edc4a407aed3006ca3cec4a47bc34ac2b9e5a55ebbdf34,controlled_crossover,2f8f2b384524d676e2063ed0b7c0a78595c06bf7297979ac56ed529ac7d96037,primary_parent,11b1835ae8fa671bed409a01dba1f66d3160cec080e155e51d94f5ee1533b527,toxinpred3_hybrid_score,numeric,true,same_frozen_numeric_contract,minimize,dimensionless,0.355,0.31,-0.044999999999999984,0.044999999999999984,true,87a296568c7ac309bce5cde68c89f9742429d1def79e255e19b56263b80b3a15
angpt1,a14cbe0fb6be7239c5edc4a407aed3006ca3cec4a47bc34ac2b9e5a55ebbdf34,controlled_crossover,2f8f2b384524d676e2063ed0b7c0a78595c06bf7297979ac56ed529ac7d96037,primary_parent,11b1835ae8fa671bed409a01dba1f66d3160cec080e155e51d94f5ee1533b527,toxinpred3_label,categorical,true,same_frozen_label_contract,audit,label,Non-Toxin,Non-Toxin,,,false,18b3232fe62775e7aaa743de24fb76032311a49e0e43aaa395cb12c4fb210b59
angpt1,a14cbe0fb6be7239c5edc4a407aed3006ca3cec4a47bc34ac2b9e5a55ebbdf34,controlled_crossover,2f8f2b384524d676e2063ed0b7c0a78595c06bf7297979ac56ed529ac7d96037,donor_parent,149fc6f772dfacd20b9d374f1666e499aa27972c4f4ccfd96b601bfee0ad4fb7,amp_read_log10_mic_um,numeric,true,same_frozen_numeric_contract,minimize,log10(uM),2.0688299876972245,1.7649331129778765,-0.303896874719348,0.303896874719348,true,9dc5ca24d7d8411c17b09feb1923ac376fb1f89bd140d01e78e6f0e8321fec23
angpt1,a14cbe0fb6be7239c5edc4a407aed3006ca3cec4a47bc34ac2b9e5a55ebbdf34,controlled_crossover,2f8f2b384524d676e2063ed0b7c0a78595c06bf7297979ac56ed529ac7d96037,donor_parent,149fc6f772dfacd20b9d374f1666e499aa27972c4f4ccfd96b601bfee0ad4fb7,guruprasad_instability_index,numeric,true,same_frozen_numeric_contract,minimize,index,-22.980952,-37.978261,-14.997309000000005,14.997309000000005,true,4a1fdc64cf3e94d475134eba8326b2873d5ea74bff53789976f93ef1d872f0cd
angpt1,a14cbe0fb6be7239c5edc4a407aed3006ca3cec4a47bc34ac2b9e5a55ebbdf34,controlled_crossover,2f8f2b384524d676e2063ed0b7c0a78595c06bf7297979ac56ed529ac7d96037,donor_parent,149fc6f772dfacd20b9d374f1666e499aa27972c4f4ccfd96b601bfee0ad4fb7,hydrophobic_moment_eisenberg,numeric,false,audit_metric_has_no_monotonic_improvement_direction,audit,dimensionless,0.15637800256226125,0.05789977552942816,-0.0984782270328331,,true,ef16eb35276dd7a51c16caa518be0bcd03a0d8f478141360e255ebec897ab928
angpt1,a14cbe0fb6be7239c5edc4a407aed3006ca3cec4a47bc34ac2b9e5a55ebbdf34,controlled_crossover,2f8f2b384524d676e2063ed0b7c0a78595c06bf7297979ac56ed529ac7d96037,donor_parent,149fc6f772dfacd20b9d374f1666e499aa27972c4f4ccfd96b601bfee0ad4fb7,hydrophobic_ratio_modlamp,numeric,false,audit_metric_has_no_monotonic_improvement_direction,audit,fraction,0.0,0.0,0.0,,false,9474081fa3a701cee541d26e80dabea10baf4b6b01846f64a40faa450c3d59fb
angpt1,a14cbe0fb6be7239c5edc4a407aed3006ca3cec4a47bc34ac2b9e5a55ebbdf34,controlled_crossover,2f8f2b384524d676e2063ed0b7c0a78595c06bf7297979ac56ed529ac7d96037,donor_parent,149fc6f772dfacd20b9d374f1666e499aa27972c4f4ccfd96b601bfee0ad4fb7,llamp_log10_mic_um,numeric,true,same_frozen_numeric_contract,minimize,log10(uM),1.7133651971817017,1.5021201372146606,-0.21124505996704102,0.21124505996704102,true,bd5f8bbb16a02ba11aec094a81a8dba3695abd98389aa05e2e1c50e837fe4acd
angpt1,a14cbe0fb6be7239c5edc4a407aed3006ca3cec4a47bc34ac2b9e5a55ebbdf34,controlled_crossover,2f8f2b384524d676e2063ed0b7c0a78595c06bf7297979ac56ed529ac7d96037,donor_parent,149fc6f772dfacd20b9d374f1666e499aa27972c4f4ccfd96b601bfee0ad4fb7,macrel_amp_probability,numeric,true,same_frozen_numeric_contract,maximize,probability,0.426,0.465,0.039000000000000035,0.039000000000000035,true,e4673bcc011e64ab1401bb8c52aedf8c0841c61cda800d59f8d23ac4ae104c01
angpt1,a14cbe0fb6be7239c5edc4a407aed3006ca3cec4a47bc34ac2b9e5a55ebbdf34,controlled_crossover,2f8f2b384524d676e2063ed0b7c0a78595c06bf7297979ac56ed529ac7d96037,donor_parent,149fc6f772dfacd20b9d374f1666e499aa27972c4f4ccfd96b601bfee0ad4fb7,macrel_hemolysis_label,categorical,true,same_frozen_label_contract,audit,label,low,low,,,false,321461129bca9ea282ca3a01aed8fd1cd08ae4f6fdefffaf6dc1133cf4482a3e
angpt1,a14cbe0fb6be7239c5edc4a407aed3006ca3cec4a47bc34ac2b9e5a55ebbdf34,controlled_crossover,2f8f2b384524d676e2063ed0b7c0a78595c06bf7297979ac56ed529ac7d96037,donor_parent,149fc6f772dfacd20b9d374f1666e499aa27972c4f4ccfd96b601bfee0ad4fb7,macrel_hemolysis_probability,numeric,true,same_frozen_numeric_contract,minimize,probability,0.307,0.436,0.129,-0.129,true,9cec2c14420af7c5d6f0261181d1117119d78bedb585f88ee956af78a0fece63
angpt1,a14cbe0fb6be7239c5edc4a407aed3006ca3cec4a47bc34ac2b9e5a55ebbdf34,controlled_crossover,2f8f2b384524d676e2063ed0b7c0a78595c06bf7297979ac56ed529ac7d96037,donor_parent,149fc6f772dfacd20b9d374f1666e499aa27972c4f4ccfd96b601bfee0ad4fb7,maximum_hydrophobic_run,numeric,true,same_frozen_numeric_contract,minimize,residues,0.0,0.0,0.0,-0.0,false,ee4959ac86caaef78c22fc966bb363ee8fd2552c88fdd9ff864a4cd3217405c4
angpt1,a14cbe0fb6be7239c5edc4a407aed3006ca3cec4a47bc34ac2b9e5a55ebbdf34,controlled_crossover,2f8f2b384524d676e2063ed0b7c0a78595c06bf7297979ac56ed529ac7d96037,donor_parent,149fc6f772dfacd20b9d374f1666e499aa27972c4f4ccfd96b601bfee0ad4fb7,net_charge_ph7_4,numeric,false,audit_metric_has_no_monotonic_improvement_direction,audit,elementary_charge,7.029,9.028,1.9990000000000006,,true,aa43f4cd72e02ef1b612c2d2165057ff092e6a0a2b51afbac5ee8411fc47251d
angpt1,a14cbe0fb6be7239c5edc4a407aed3006ca3cec4a47bc34ac2b9e5a55ebbdf34,controlled_crossover,2f8f2b384524d676e2063ed0b7c0a78595c06bf7297979ac56ed529ac7d96037,donor_parent,149fc6f772dfacd20b9d374f1666e499aa27972c4f4ccfd96b601bfee0ad4fb7,toxinpred3_hybrid_score,numeric,true,same_frozen_numeric_contract,minimize,dimensionless,0.28,0.31,0.02999999999999997,-0.02999999999999997,true,4b37cd49b0e03c43577ec82e133e1976ba497ba01fdd20e574eb00a7c6e25956
angpt1,a14cbe0fb6be7239c5edc4a407aed3006ca3cec4a47bc34ac2b9e5a55ebbdf34,controlled_crossover,2f8f2b384524d676e2063ed0b7c0a78595c06bf7297979ac56ed529ac7d96037,donor_parent,149fc6f772dfacd20b9d374f1666e499aa27972c4f4ccfd96b601bfee0ad4fb7,toxinpred3_label,categorical,true,same_frozen_label_contract,audit,label,Non-Toxin,Non-Toxin,,,false,8505b9f1d8e09504919128a4e8223392a1af4e89d82774013d82a09f572b8c1e
angpt1,d03388e6e80b83201fd8ee139cc9dbee8874fe27fd4ff36fd78d377e4d3b8f2c,de_novo,9b011f2313034c9c0bf4fdd88c957b065bea186d62a30edb77ea7bb38d903744,none,,amp_read_log10_mic_um,numeric,false,de_novo_has_no_biological_parent,,,,3.0221966890416385,,,,e821e8a7e6dc774105b048790f8ba6c464214d3c8b37b11cf4ec9507370548f4
angpt1,d03388e6e80b83201fd8ee139cc9dbee8874fe27fd4ff36fd78d377e4d3b8f2c,de_novo,9b011f2313034c9c0bf4fdd88c957b065bea186d62a30edb77ea7bb38d903744,none,,guruprasad_instability_index,numeric,false,de_novo_has_no_biological_parent,,,,-4.845455,,,,e768214d43ce03214566a9c665b7ebdf94165cb03b532b1d82974d26f3b777e6
angpt1,d03388e6e80b83201fd8ee139cc9dbee8874fe27fd4ff36fd78d377e4d3b8f2c,de_novo,9b011f2313034c9c0bf4fdd88c957b065bea186d62a30edb77ea7bb38d903744,none,,hydrophobic_moment_eisenberg,numeric,false,de_novo_has_no_biological_parent,,,,0.07283810309304618,,,,0520658ee03f5bbeb1bcae11d23262fcb3214395d21a556af8be673e93401b28
angpt1,d03388e6e80b83201fd8ee139cc9dbee8874fe27fd4ff36fd78d377e4d3b8f2c,de_novo,9b011f2313034c9c0bf4fdd88c957b065bea186d62a30edb77ea7bb38d903744,none,,hydrophobic_ratio_modlamp,numeric,false,de_novo_has_no_biological_parent,,,,0.045454545454545456,,,,ec80b38398577dd244e33ea91e6f880f78e9d297b7e870ef0fe76b2d27eb1ed6
angpt1,d03388e6e80b83201fd8ee139cc9dbee8874fe27fd4ff36fd78d377e4d3b8f2c,de_novo,9b011f2313034c9c0bf4fdd88c957b065bea186d62a30edb77ea7bb38d903744,none,,llamp_log10_mic_um,numeric,false,de_novo_has_no_biological_parent,,,,1.9316681623458862,,,,87560c0b08cf5c62d0631c4daa7066bb26b6302bc4559bd897121f6ea7128353
angpt1,d03388e6e80b83201fd8ee139cc9dbee8874fe27fd4ff36fd78d377e4d3b8f2c,de_novo,9b011f2313034c9c0bf4fdd88c957b065bea186d62a30edb77ea7bb38d903744,none,,macrel_amp_probability,numeric,false,de_novo_has_no_biological_parent,,,,0.396,,,,bc2f064302291e0c0894f7318b629dad72d803c3fad2273301ede118e09412e3
angpt1,d03388e6e80b83201fd8ee139cc9dbee8874fe27fd4ff36fd78d377e4d3b8f2c,de_novo,9b011f2313034c9c0bf4fdd88c957b065bea186d62a30edb77ea7bb38d903744,none,,macrel_hemolysis_label,categorical,false,de_novo_has_no_biological_parent,,,,low,,,,372819ffcdc821fb00428806788fec35e3baac3870c3bdb7a441a765369da121
angpt1,d03388e6e80b83201fd8ee139cc9dbee8874fe27fd4ff36fd78d377e4d3b8f2c,de_novo,9b011f2313034c9c0bf4fdd88c957b065bea186d62a30edb77ea7bb38d903744,none,,macrel_hemolysis_probability,numeric,false,de_novo_has_no_biological_parent,,,,0.287,,,,bc6e4df296009252adede9af8689d818106ce4e91fb73f95e37a2e974c04f724
angpt1,d03388e6e80b83201fd8ee139cc9dbee8874fe27fd4ff36fd78d377e4d3b8f2c,de_novo,9b011f2313034c9c0bf4fdd88c957b065bea186d62a30edb77ea7bb38d903744,none,,maximum_hydrophobic_run,numeric,false,de_novo_has_no_biological_parent,,,,1,,,,ba8c8f1ddd1242d4c19d8cf7a884f4e554d7775cec3578da39bfccdce7658d05
angpt1,d03388e6e80b83201fd8ee139cc9dbee8874fe27fd4ff36fd78d377e4d3b8f2c,de_novo,9b011f2313034c9c0bf4fdd88c957b065bea186d62a30edb77ea7bb38d903744,none,,net_charge_ph7_4,numeric,false,de_novo_has_no_biological_parent,,,,6.03,,,,bdcbfc0c79b326de36a5305d85fb8477a394751935b05bf1e54f357335c777bc
angpt1,d03388e6e80b83201fd8ee139cc9dbee8874fe27fd4ff36fd78d377e4d3b8f2c,de_novo,9b011f2313034c9c0bf4fdd88c957b065bea186d62a30edb77ea7bb38d903744,none,,toxinpred3_hybrid_score,numeric,false,de_novo_has_no_biological_parent,,,,0.225,,,,14abecfb80cc2bbd62c5d7d7a2e63601084b2bd63ab305f9bfd4e0f82407e4f0
angpt1,d03388e6e80b83201fd8ee139cc9dbee8874fe27fd4ff36fd78d377e4d3b8f2c,de_novo,9b011f2313034c9c0bf4fdd88c957b065bea186d62a30edb77ea7bb38d903744,none,,toxinpred3_label,categorical,false,de_novo_has_no_biological_parent,,,,Non-Toxin,,,,81e0e123171b817ec7a240eea03d2323085c537065dc6366656815416a4e21db
angpt1,39148e954210408394cf25a9b9a0d7ed2aa937fa676282f570ade4712bbc671d,de_novo,4402f387d1f718897fcec3817700af6b0066c1a3aa1effc28db0434aeefa5d40,none,,amp_read_log10_mic_um,numeric,false,de_novo_has_no_biological_parent,,,,1.3663684462138772,,,,518b9aa9e3906e6644935c088758ac6119f67000e2eb5f688cd263762d9112f9
angpt1,39148e954210408394cf25a9b9a0d7ed2aa937fa676282f570ade4712bbc671d,de_novo,4402f387d1f718897fcec3817700af6b0066c1a3aa1effc28db0434aeefa5d40,none,,guruprasad_instability_index,numeric,false,de_novo_has_no_biological_parent,,,,-1.508696,,,,5c7b685ccd6eec8c9ca32925199a80be69d8f9918187e8b871201da8ab622208
angpt1,39148e954210408394cf25a9b9a0d7ed2aa937fa676282f570ade4712bbc671d,de_novo,4402f387d1f718897fcec3817700af6b0066c1a3aa1effc28db0434aeefa5d40,none,,hydrophobic_moment_eisenberg,numeric,false,de_novo_has_no_biological_parent,,,,0.2423834367269393,,,,3e8c608f7a2558c36ed4f26de4a8464a184e6b281532f506d6a5f5d97be57045
angpt1,39148e954210408394cf25a9b9a0d7ed2aa937fa676282f570ade4712bbc671d,de_novo,4402f387d1f718897fcec3817700af6b0066c1a3aa1effc28db0434aeefa5d40,none,,hydrophobic_ratio_modlamp,numeric,false,de_novo_has_no_biological_parent,,,,0.21739130434782608,,,,ee54ceebe69999f6b7f50c5dffe596e234e4d9288854935ddace27cc4ccc526e
angpt1,39148e954210408394cf25a9b9a0d7ed2aa937fa676282f570ade4712bbc671d,de_novo,4402f387d1f718897fcec3817700af6b0066c1a3aa1effc28db0434aeefa5d40,none,,llamp_log10_mic_um,numeric,false,de_novo_has_no_biological_parent,,,,1.4788392782211304,,,,ee4a48aca6077b7438c9d6c358af5756c44be54558c5c035ed5a47dc31c9ba60
angpt1,39148e954210408394cf25a9b9a0d7ed2aa937fa676282f570ade4712bbc671d,de_novo,4402f387d1f718897fcec3817700af6b0066c1a3aa1effc28db0434aeefa5d40,none,,macrel_amp_probability,numeric,false,de_novo_has_no_biological_parent,,,,0.287,,,,900d87f419336e828a5e833056a91353c06e4ac0b947f63dc5b6674feb020d2b
angpt1,39148e954210408394cf25a9b9a0d7ed2aa937fa676282f570ade4712bbc671d,de_novo,4402f387d1f718897fcec3817700af6b0066c1a3aa1effc28db0434aeefa5d40,none,,macrel_hemolysis_label,categorical,false,de_novo_has_no_biological_parent,,,,high,,,,ae07083fc75eb7b352fd81952aafa858526e6c46de952d73b97353a6a87fbe06
angpt1,39148e954210408394cf25a9b9a0d7ed2aa937fa676282f570ade4712bbc671d,de_novo,4402f387d1f718897fcec3817700af6b0066c1a3aa1effc28db0434aeefa5d40,none,,macrel_hemolysis_probability,numeric,false,de_novo_has_no_biological_parent,,,,0.564,,,,57c90a6c068554ea6a46265ad7af2ba37467f4787aa0ac0cd2cada2275f10883
angpt1,39148e954210408394cf25a9b9a0d7ed2aa937fa676282f570ade4712bbc671d,de_novo,4402f387d1f718897fcec3817700af6b0066c1a3aa1effc28db0434aeefa5d40,none,,maximum_hydrophobic_run,numeric,false,de_novo_has_no_biological_parent,,,,2,,,,e3111336680a0aba7f1c3b993fbbd287f5b4d185768f17f4a3c4f61e0ec06dc7
angpt1,39148e954210408394cf25a9b9a0d7ed2aa937fa676282f570ade4712bbc671d,de_novo,4402f387d1f718897fcec3817700af6b0066c1a3aa1effc28db0434aeefa5d40,none,,net_charge_ph7_4,numeric,false,de_novo_has_no_biological_parent,,,,7.984,,,,727a15711c0c185858db99fe557db38e18a006abbcddba430d0d2984c5acfadf
angpt1,39148e954210408394cf25a9b9a0d7ed2aa937fa676282f570ade4712bbc671d,de_novo,4402f387d1f718897fcec3817700af6b0066c1a3aa1effc28db0434aeefa5d40,none,,toxinpred3_hybrid_score,numeric,false,de_novo_has_no_biological_parent,,,,0.0,,,,066b9061e86bc53367e2225a99d4c2ab6a7435d20242e9e2e87df68f772f6b85
angpt1,39148e954210408394cf25a9b9a0d7ed2aa937fa676282f570ade4712bbc671d,de_novo,4402f387d1f718897fcec3817700af6b0066c1a3aa1effc28db0434aeefa5d40,none,,toxinpred3_label,categorical,false,de_novo_has_no_biological_parent,,,,Non-Toxin,,,,fe81ae79dd33e6ef6a1125abd6bb5ddfb3ae2e15c5d7c89947044861c94ef16d
angpt1,6fde0923f3f7cb2cbbcc481792a1db2f27648f42549b14e12b6687e91045b413,masked_substitution,960252e026f42afd4888d5b4561d0badf12edd62ac3c8baae7f5306825410e13,primary_parent,04bbb8f66cf48119e001c6647f0a82758d21a5275e74dac6fa1819b6bb7dc86d,amp_read_log10_mic_um,numeric,true,same_frozen_numeric_contract,minimize,log10(uM),1.0684135954698575,1.4345046079976402,0.36609101252778276,-0.36609101252778276,true,be2a16cbf0163af0c533919d8309af1d618724a0751590c1d9ae07a073cae0e4
angpt1,6fde0923f3f7cb2cbbcc481792a1db2f27648f42549b14e12b6687e91045b413,masked_substitution,960252e026f42afd4888d5b4561d0badf12edd62ac3c8baae7f5306825410e13,primary_parent,04bbb8f66cf48119e001c6647f0a82758d21a5275e74dac6fa1819b6bb7dc86d,guruprasad_instability_index,numeric,true,same_frozen_numeric_contract,minimize,index,-5.666667,-1.62381,4.042857000000001,-4.042857000000001,true,de0b28abc01ee0a1042bf2ae7e5d322cfd7417511af581d42fcb64401926d90f
angpt1,6fde0923f3f7cb2cbbcc481792a1db2f27648f42549b14e12b6687e91045b413,masked_substitution,960252e026f42afd4888d5b4561d0badf12edd62ac3c8baae7f5306825410e13,primary_parent,04bbb8f66cf48119e001c6647f0a82758d21a5275e74dac6fa1819b6bb7dc86d,hydrophobic_moment_eisenberg,numeric,false,audit_metric_has_no_monotonic_improvement_direction,audit,dimensionless,0.32070620328403215,0.3325023488154164,0.01179614553138425,,true,f0462ced64d035ae7a842813abcf007dfb3dbe687f9e08afbdebd5d2e3a488a7
angpt1,6fde0923f3f7cb2cbbcc481792a1db2f27648f42549b14e12b6687e91045b413,masked_substitution,960252e026f42afd4888d5b4561d0badf12edd62ac3c8baae7f5306825410e13,primary_parent,04bbb8f66cf48119e001c6647f0a82758d21a5275e74dac6fa1819b6bb7dc86d,hydrophobic_ratio_modlamp,numeric,false,audit_metric_has_no_monotonic_improvement_direction,audit,fraction,0.14285714285714285,0.14285714285714285,0.0,,false,0aa749f6a42db64823714488dcc570aaead87814ade8f3ec8d867a626d789b7c
angpt1,6fde0923f3f7cb2cbbcc481792a1db2f27648f42549b14e12b6687e91045b413,masked_substitution,960252e026f42afd4888d5b4561d0badf12edd62ac3c8baae7f5306825410e13,primary_parent,04bbb8f66cf48119e001c6647f0a82758d21a5275e74dac6fa1819b6bb7dc86d,llamp_log10_mic_um,numeric,true,same_frozen_numeric_contract,minimize,log10(uM),1.2577025890350342,1.0001261234283447,-0.25757646560668945,0.25757646560668945,true,fd82b700b90d6ca653a33cba2b396a32fe39e0167b129ef3753d6dee800129bb
angpt1,6fde0923f3f7cb2cbbcc481792a1db2f27648f42549b14e12b6687e91045b413,masked_substitution,960252e026f42afd4888d5b4561d0badf12edd62ac3c8baae7f5306825410e13,primary_parent,04bbb8f66cf48119e001c6647f0a82758d21a5275e74dac6fa1819b6bb7dc86d,macrel_amp_probability,numeric,true,same_frozen_numeric_contract,maximize,probability,0.317,0.307,-0.010000000000000009,-0.010000000000000009,true,d0865c56a8b42ec69bd2867d4c48bd39b108f51aa0dc945d44c477d81efcc4db
angpt1,6fde0923f3f7cb2cbbcc481792a1db2f27648f42549b14e12b6687e91045b413,masked_substitution,960252e026f42afd4888d5b4561d0badf12edd62ac3c8baae7f5306825410e13,primary_parent,04bbb8f66cf48119e001c6647f0a82758d21a5275e74dac6fa1819b6bb7dc86d,macrel_hemolysis_label,categorical,true,same_frozen_label_contract,audit,label,low,low,,,false,ffb9895202b6178dde8926590fa5433440b6677fdd71906ff6640c60156cc731
angpt1,6fde0923f3f7cb2cbbcc481792a1db2f27648f42549b14e12b6687e91045b413,masked_substitution,960252e026f42afd4888d5b4561d0badf12edd62ac3c8baae7f5306825410e13,primary_parent,04bbb8f66cf48119e001c6647f0a82758d21a5275e74dac6fa1819b6bb7dc86d,macrel_hemolysis_probability,numeric,true,same_frozen_numeric_contract,minimize,probability,0.406,0.436,0.02999999999999997,-0.02999999999999997,true,4bd27ed13235b257c340aa6d3b4eddb57ffb09ab9b78364f4142f3d09deb4372
angpt1,6fde0923f3f7cb2cbbcc481792a1db2f27648f42549b14e12b6687e91045b413,masked_substitution,960252e026f42afd4888d5b4561d0badf12edd62ac3c8baae7f5306825410e13,primary_parent,04bbb8f66cf48119e001c6647f0a82758d21a5275e74dac6fa1819b6bb7dc86d,maximum_hydrophobic_run,numeric,true,same_frozen_numeric_contract,minimize,residues,2.0,2.0,0.0,-0.0,false,05eab05af3bcf29889f3aeb6521ecbe2e48029af31694cea70ee70c88e6046e8
angpt1,6fde0923f3f7cb2cbbcc481792a1db2f27648f42549b14e12b6687e91045b413,masked_substitution,960252e026f42afd4888d5b4561d0badf12edd62ac3c8baae7f5306825410e13,primary_parent,04bbb8f66cf48119e001c6647f0a82758d21a5275e74dac6fa1819b6bb7dc86d,net_charge_ph7_4,numeric,false,audit_metric_has_no_monotonic_improvement_direction,audit,elementary_charge,8.984,8.984,0.0,,false,5cd92c91dd79c84ab4f7a44797f27bc94d2ec49eed75dc2706eaad5d9dd14ee6
angpt1,6fde0923f3f7cb2cbbcc481792a1db2f27648f42549b14e12b6687e91045b413,masked_substitution,960252e026f42afd4888d5b4561d0badf12edd62ac3c8baae7f5306825410e13,primary_parent,04bbb8f66cf48119e001c6647f0a82758d21a5275e74dac6fa1819b6bb7dc86d,toxinpred3_hybrid_score,numeric,true,same_frozen_numeric_contract,minimize,dimensionless,0.0,0.0,0.0,-0.0,false,78133243590b12c4c110af41d10eb4018d1ef596e0f7383042ff34aef5188c06
angpt1,6fde0923f3f7cb2cbbcc481792a1db2f27648f42549b14e12b6687e91045b413,masked_substitution,960252e026f42afd4888d5b4561d0badf12edd62ac3c8baae7f5306825410e13,primary_parent,04bbb8f66cf48119e001c6647f0a82758d21a5275e74dac6fa1819b6bb7dc86d,toxinpred3_label,categorical,true,same_frozen_label_contract,audit,label,Non-Toxin,Non-Toxin,,,false,bdcf1e0d0d6a474df4195dbc0067e2d0c98d8231be279da59bcabb4af2506413
angpt1,cfbf3c384ddc3c401a99be6acbfa875257a9984069c299b245c14453b70b9833,controlled_crossover,31d70e46b33757dcfab9a637288debf1ef77392159cd299d48ab37279e52fec7,primary_parent,6c8ab541bc1a19189b647c40498b607f3e629664d01953ef3b612b0a449225f6,amp_read_log10_mic_um,numeric,true,same_frozen_numeric_contract,minimize,log10(uM),1.06338534092847,1.4977643875935553,0.4343790466650854,-0.4343790466650854,true,cbfc41f516925704c36e2eb7cc16f8db485385dbc650bd75ce5532eed2bf51ad
angpt1,cfbf3c384ddc3c401a99be6acbfa875257a9984069c299b245c14453b70b9833,controlled_crossover,31d70e46b33757dcfab9a637288debf1ef77392159cd299d48ab37279e52fec7,primary_parent,6c8ab541bc1a19189b647c40498b607f3e629664d01953ef3b612b0a449225f6,guruprasad_instability_index,numeric,true,same_frozen_numeric_contract,minimize,index,-2.07619,-34.914286,-32.838096,32.838096,true,ffe3d5680ac9e4a02099f2d0a4d997cd70c0687e458594b893ad29a0e857c0b3
angpt1,cfbf3c384ddc3c401a99be6acbfa875257a9984069c299b245c14453b70b9833,controlled_crossover,31d70e46b33757dcfab9a637288debf1ef77392159cd299d48ab37279e52fec7,primary_parent,6c8ab541bc1a19189b647c40498b607f3e629664d01953ef3b612b0a449225f6,hydrophobic_moment_eisenberg,numeric,false,audit_metric_has_no_monotonic_improvement_direction,audit,dimensionless,0.3213660015423426,0.0581142822606011,-0.2632517192817415,,true,4a4b89832152bbffef4cca0c48282d3297075b4bc758ab72a767b50a80d605f6
angpt1,cfbf3c384ddc3c401a99be6acbfa875257a9984069c299b245c14453b70b9833,controlled_crossover,31d70e46b33757dcfab9a637288debf1ef77392159cd299d48ab37279e52fec7,primary_parent,6c8ab541bc1a19189b647c40498b607f3e629664d01953ef3b612b0a449225f6,hydrophobic_ratio_modlamp,numeric,false,audit_metric_has_no_monotonic_improvement_direction,audit,fraction,0.14285714285714285,0.0,-0.14285714285714285,,true,5e7c14c007dede0fd7c68c41ed054736e66e74a45341171fedc4448eda6a775e
angpt1,cfbf3c384ddc3c401a99be6acbfa875257a9984069c299b245c14453b70b9833,controlled_crossover,31d70e46b33757dcfab9a637288debf1ef77392159cd299d48ab37279e52fec7,primary_parent,6c8ab541bc1a19189b647c40498b607f3e629664d01953ef3b612b0a449225f6,llamp_log10_mic_um,numeric,true,same_frozen_numeric_contract,minimize,log10(uM),1.3152482509613037,1.7679508924484253,0.4527026414871216,-0.4527026414871216,true,59c9506e453f43b405b12ef6bb219207cab62b1f2fcdea2aab4b933a6a3f8f0b
angpt1,cfbf3c384ddc3c401a99be6acbfa875257a9984069c299b245c14453b70b9833,controlled_crossover,31d70e46b33757dcfab9a637288debf1ef77392159cd299d48ab37279e52fec7,primary_parent,6c8ab541bc1a19189b647c40498b607f3e629664d01953ef3b612b0a449225f6,macrel_amp_probability,numeric,true,same_frozen_numeric_contract,maximize,probability,0.347,0.426,0.07900000000000001,0.07900000000000001,true,7ed54ceec307ac2432bfe4315b9fe55561df7de679e14396a2dac9ce853baf9d
angpt1,cfbf3c384ddc3c401a99be6acbfa875257a9984069c299b245c14453b70b9833,controlled_crossover,31d70e46b33757dcfab9a637288debf1ef77392159cd299d48ab37279e52fec7,primary_parent,6c8ab541bc1a19189b647c40498b607f3e629664d01953ef3b612b0a449225f6,macrel_hemolysis_label,categorical,true,same_frozen_label_contract,audit,label,low,low,,,false,f9a5fc92ba9a7054495a124743ed2b7c9b2c8b2ec44c29c58eff6f8855f15548
angpt1,cfbf3c384ddc3c401a99be6acbfa875257a9984069c299b245c14453b70b9833,controlled_crossover,31d70e46b33757dcfab9a637288debf1ef77392159cd299d48ab37279e52fec7,primary_parent,6c8ab541bc1a19189b647c40498b607f3e629664d01953ef3b612b0a449225f6,macrel_hemolysis_probability,numeric,true,same_frozen_numeric_contract,minimize,probability,0.455,0.248,-0.20700000000000002,0.20700000000000002,true,420a2e6a63e5b96a4a59e79f5a409374f2cdb76cfe25134a10f75c76f5e6382a
angpt1,cfbf3c384ddc3c401a99be6acbfa875257a9984069c299b245c14453b70b9833,controlled_crossover,31d70e46b33757dcfab9a637288debf1ef77392159cd299d48ab37279e52fec7,primary_parent,6c8ab541bc1a19189b647c40498b607f3e629664d01953ef3b612b0a449225f6,maximum_hydrophobic_run,numeric,true,same_frozen_numeric_contract,minimize,residues,2.0,0.0,-2.0,2.0,true,dc93a4468d47187693f8d0a7ef69fc4b96b0434fb9dd0cce800e47c7ab7772a8
angpt1,cfbf3c384ddc3c401a99be6acbfa875257a9984069c299b245c14453b70b9833,controlled_crossover,31d70e46b33757dcfab9a637288debf1ef77392159cd299d48ab37279e52fec7,primary_parent,6c8ab541bc1a19189b647c40498b607f3e629664d01953ef3b612b0a449225f6,net_charge_ph7_4,numeric,false,audit_metric_has_no_monotonic_improvement_direction,audit,elementary_charge,9.984,8.028,-1.9559999999999995,,true,486f4536a07af0c4ae210c8ac3232fd504c835cafca39bd81b363775e5ffce1d
angpt1,cfbf3c384ddc3c401a99be6acbfa875257a9984069c299b245c14453b70b9833,controlled_crossover,31d70e46b33757dcfab9a637288debf1ef77392159cd299d48ab37279e52fec7,primary_parent,6c8ab541bc1a19189b647c40498b607f3e629664d01953ef3b612b0a449225f6,toxinpred3_hybrid_score,numeric,true,same_frozen_numeric_contract,minimize,dimensionless,0.0,0.31,0.31,-0.31,true,1c68b7891b7e7ac4066be69b188933357b27464da6c964a4c7284e4918d7cb01
angpt1,cfbf3c384ddc3c401a99be6acbfa875257a9984069c299b245c14453b70b9833,controlled_crossover,31d70e46b33757dcfab9a637288debf1ef77392159cd299d48ab37279e52fec7,primary_parent,6c8ab541bc1a19189b647c40498b607f3e629664d01953ef3b612b0a449225f6,toxinpred3_label,categorical,true,same_frozen_label_contract,audit,label,Non-Toxin,Non-Toxin,,,false,13fff5e70126b6bd9a05cd3ee0443ba3f6c26cddaf6be5e9afd554945ed3f3a7
angpt1,cfbf3c384ddc3c401a99be6acbfa875257a9984069c299b245c14453b70b9833,controlled_crossover,31d70e46b33757dcfab9a637288debf1ef77392159cd299d48ab37279e52fec7,donor_parent,8da3610c67fb4959db649075a16ef91e8f64d4ad39b74ae6e6f59b76acfea433,amp_read_log10_mic_um,numeric,true,same_frozen_numeric_contract,minimize,log10(uM),1.9749410051300977,1.4977643875935553,-0.4771766175365424,0.4771766175365424,true,1a199e232c128ab53a40319998596165ae8fa83606d408bc8565be64b574548e
angpt1,cfbf3c384ddc3c401a99be6acbfa875257a9984069c299b245c14453b70b9833,controlled_crossover,31d70e46b33757dcfab9a637288debf1ef77392159cd299d48ab37279e52fec7,donor_parent,8da3610c67fb4959db649075a16ef91e8f64d4ad39b74ae6e6f59b76acfea433,guruprasad_instability_index,numeric,true,same_frozen_numeric_contract,minimize,index,-23.433333,-34.914286,-11.480952999999996,11.480952999999996,true,8f6120884088cb0972c0548f90d69360ed1a89dc91c710eed8ba0f885aeffe33
angpt1,cfbf3c384ddc3c401a99be6acbfa875257a9984069c299b245c14453b70b9833,controlled_crossover,31d70e46b33757dcfab9a637288debf1ef77392159cd299d48ab37279e52fec7,donor_parent,8da3610c67fb4959db649075a16ef91e8f64d4ad39b74ae6e6f59b76acfea433,hydrophobic_moment_eisenberg,numeric,false,audit_metric_has_no_monotonic_improvement_direction,audit,dimensionless,0.17671021265349732,0.0581142822606011,-0.11859593039289622,,true,16f44dea7bcbb820ec30fa23fb096fb1cdb9d3892bf14445c7f49d9b5846985a
angpt1,cfbf3c384ddc3c401a99be6acbfa875257a9984069c299b245c14453b70b9833,controlled_crossover,31d70e46b33757dcfab9a637288debf1ef77392159cd299d48ab37279e52fec7,donor_parent,8da3610c67fb4959db649075a16ef91e8f64d4ad39b74ae6e6f59b76acfea433,hydrophobic_ratio_modlamp,numeric,false,audit_metric_has_no_monotonic_improvement_direction,audit,fraction,0.0,0.0,0.0,,false,93dae550bfaea18ce1043aab89006373ecc9757b92bf524a9d01255026474db5
angpt1,cfbf3c384ddc3c401a99be6acbfa875257a9984069c299b245c14453b70b9833,controlled_crossover,31d70e46b33757dcfab9a637288debf1ef77392159cd299d48ab37279e52fec7,donor_parent,8da3610c67fb4959db649075a16ef91e8f64d4ad39b74ae6e6f59b76acfea433,llamp_log10_mic_um,numeric,true,same_frozen_numeric_contract,minimize,log10(uM),1.7923035621643066,1.7679508924484253,-0.024352669715881348,0.024352669715881348,true,07e1062e3f1a587c9583a23a07a799c069d88bfbb9abab201fd8177d500b7b75
angpt1,cfbf3c384ddc3c401a99be6acbfa875257a9984069c299b245c14453b70b9833,controlled_crossover,31d70e46b33757dcfab9a637288debf1ef77392159cd299d48ab37279e52fec7,donor_parent,8da3610c67fb4959db649075a16ef91e8f64d4ad39b74ae6e6f59b76acfea433,macrel_amp_probability,numeric,true,same_frozen_numeric_contract,maximize,probability,0.426,0.426,0.0,0.0,false,7036001116ea8bc3fb51fda64246949727ccee6a9186cef7c4ae892aa07bcc6b
angpt1,cfbf3c384ddc3c401a99be6acbfa875257a9984069c299b245c14453b70b9833,controlled_crossover,31d70e46b33757dcfab9a637288debf1ef77392159cd299d48ab37279e52fec7,donor_parent,8da3610c67fb4959db649075a16ef91e8f64d4ad39b74ae6e6f59b76acfea433,macrel_hemolysis_label,categorical,true,same_frozen_label_contract,audit,label,low,low,,,false,c712495cb210dc2fe57eb0c2a2c593610556ba7cf16fe0fde70cb2aef0f7a8f8
angpt1,cfbf3c384ddc3c401a99be6acbfa875257a9984069c299b245c14453b70b9833,controlled_crossover,31d70e46b33757dcfab9a637288debf1ef77392159cd299d48ab37279e52fec7,donor_parent,8da3610c67fb4959db649075a16ef91e8f64d4ad39b74ae6e6f59b76acfea433,macrel_hemolysis_probability,numeric,true,same_frozen_numeric_contract,minimize,probability,0.327,0.248,-0.07900000000000001,0.07900000000000001,true,a7276d9483997d8c4d7dd28bbfb7693b32d3b8fc0d80c977cd4924fc7f019aaa
angpt1,cfbf3c384ddc3c401a99be6acbfa875257a9984069c299b245c14453b70b9833,controlled_crossover,31d70e46b33757dcfab9a637288debf1ef77392159cd299d48ab37279e52fec7,donor_parent,8da3610c67fb4959db649075a16ef91e8f64d4ad39b74ae6e6f59b76acfea433,maximum_hydrophobic_run,numeric,true,same_frozen_numeric_contract,minimize,residues,0.0,0.0,0.0,-0.0,false,719edcbea7be456c5e0eae07019e52644279aec2685a1690fdb1c9424ca4d19e
angpt1,cfbf3c384ddc3c401a99be6acbfa875257a9984069c299b245c14453b70b9833,controlled_crossover,31d70e46b33757dcfab9a637288debf1ef77392159cd299d48ab37279e52fec7,donor_parent,8da3610c67fb4959db649075a16ef91e8f64d4ad39b74ae6e6f59b76acfea433,net_charge_ph7_4,numeric,false,audit_metric_has_no_monotonic_improvement_direction,audit,elementary_charge,7.028,8.028,1.0000000000000009,,true,20810ff3ef199ed0070bf39d5dac688cc377ac57cd0358997b8563ad61249802
angpt1,cfbf3c384ddc3c401a99be6acbfa875257a9984069c299b245c14453b70b9833,controlled_crossover,31d70e46b33757dcfab9a637288debf1ef77392159cd299d48ab37279e52fec7,donor_parent,8da3610c67fb4959db649075a16ef91e8f64d4ad39b74ae6e6f59b76acfea433,toxinpred3_hybrid_score,numeric,true,same_frozen_numeric_contract,minimize,dimensionless,0.31,0.31,0.0,-0.0,false,be033ceec6cb8c52afb9d52ccdfff5f170180173c854111532961e459fb7958c
angpt1,cfbf3c384ddc3c401a99be6acbfa875257a9984069c299b245c14453b70b9833,controlled_crossover,31d70e46b33757dcfab9a637288debf1ef77392159cd299d48ab37279e52fec7,donor_parent,8da3610c67fb4959db649075a16ef91e8f64d4ad39b74ae6e6f59b76acfea433,toxinpred3_label,categorical,true,same_frozen_label_contract,audit,label,Non-Toxin,Non-Toxin,,,false,a9981d0467d9f5c599f44b0a8e315f94f6ea10b5a1bded2ed894f8cc00e3c981
angpt1,eb3049e253a0faf73e4ec0836be841556e78c9cdfa64fba1ad1e7b27273f1e4e,de_novo,eb8dd7154ebdb002a36e2e71b7a8a703bc4490ffd8240334100b5d4b705fc66b,none,,amp_read_log10_mic_um,numeric,false,de_novo_has_no_biological_parent,,,,1.338622113502314,,,,4b315cf9fb667e9b0b75c2dfe1e9f21e7047d049bc8808925d078b8600fad288
angpt1,eb3049e253a0faf73e4ec0836be841556e78c9cdfa64fba1ad1e7b27273f1e4e,de_novo,eb8dd7154ebdb002a36e2e71b7a8a703bc4490ffd8240334100b5d4b705fc66b,none,,guruprasad_instability_index,numeric,false,de_novo_has_no_biological_parent,,,,-15.700000,,,,ec0d6ce763f88931030f073c5b29fb0342dacccb15b445bc03679d1cd7cbb2dc
angpt1,eb3049e253a0faf73e4ec0836be841556e78c9cdfa64fba1ad1e7b27273f1e4e,de_novo,eb8dd7154ebdb002a36e2e71b7a8a703bc4490ffd8240334100b5d4b705fc66b,none,,hydrophobic_moment_eisenberg,numeric,false,de_novo_has_no_biological_parent,,,,0.20079072150321772,,,,794c8bf182c7511c1621c8052239ca02676f6dd24f87e8ac5cc062b126d5d6ba
angpt1,eb3049e253a0faf73e4ec0836be841556e78c9cdfa64fba1ad1e7b27273f1e4e,de_novo,eb8dd7154ebdb002a36e2e71b7a8a703bc4490ffd8240334100b5d4b705fc66b,none,,hydrophobic_ratio_modlamp,numeric,false,de_novo_has_no_biological_parent,,,,0.2,,,,507711110c4ba11001af4a71a3acfc60c70f82559829dfe98da5a70cbca4f88d
angpt1,eb3049e253a0faf73e4ec0836be841556e78c9cdfa64fba1ad1e7b27273f1e4e,de_novo,eb8dd7154ebdb002a36e2e71b7a8a703bc4490ffd8240334100b5d4b705fc66b,none,,llamp_log10_mic_um,numeric,false,de_novo_has_no_biological_parent,,,,1.6645878553390503,,,,4df1a5e2b196d8f2ea08db65a9004705e0e48c511890e4e9036f1e46724cfffe
angpt1,eb3049e253a0faf73e4ec0836be841556e78c9cdfa64fba1ad1e7b27273f1e4e,de_novo,eb8dd7154ebdb002a36e2e71b7a8a703bc4490ffd8240334100b5d4b705fc66b,none,,macrel_amp_probability,numeric,false,de_novo_has_no_biological_parent,,,,0.584,,,,ad64140a6cb4fc09ffa12ddff1c7b59662e78d9bdc05639cd9452cc1f47a3b47
angpt1,eb3049e253a0faf73e4ec0836be841556e78c9cdfa64fba1ad1e7b27273f1e4e,de_novo,eb8dd7154ebdb002a36e2e71b7a8a703bc4490ffd8240334100b5d4b705fc66b,none,,macrel_hemolysis_label,categorical,false,de_novo_has_no_biological_parent,,,,high,,,,c0a0989d818d32376ecc05a81a57315faa5d086951ab202593a0c9ed35d72a43
angpt1,eb3049e253a0faf73e4ec0836be841556e78c9cdfa64fba1ad1e7b27273f1e4e,de_novo,eb8dd7154ebdb002a36e2e71b7a8a703bc4490ffd8240334100b5d4b705fc66b,none,,macrel_hemolysis_probability,numeric,false,de_novo_has_no_biological_parent,,,,0.871,,,,b4f2527d3bcc2e9f5097b6e13d9bb2f1fc26df3ef0657597e35f30f644bc9d2f
angpt1,eb3049e253a0faf73e4ec0836be841556e78c9cdfa64fba1ad1e7b27273f1e4e,de_novo,eb8dd7154ebdb002a36e2e71b7a8a703bc4490ffd8240334100b5d4b705fc66b,none,,maximum_hydrophobic_run,numeric,false,de_novo_has_no_biological_parent,,,,2,,,,6625b1daecb0d1965dd3f2fe42f47d739541bd7f1ca789f04b5d9a43c4943b57
angpt1,eb3049e253a0faf73e4ec0836be841556e78c9cdfa64fba1ad1e7b27273f1e4e,de_novo,eb8dd7154ebdb002a36e2e71b7a8a703bc4490ffd8240334100b5d4b705fc66b,none,,net_charge_ph7_4,numeric,false,de_novo_has_no_biological_parent,,,,6.983,,,,53e38e2fc1e03fa44968a547901a7f680a65fff189431c4f77deec93cd301457
angpt1,eb3049e253a0faf73e4ec0836be841556e78c9cdfa64fba1ad1e7b27273f1e4e,de_novo,eb8dd7154ebdb002a36e2e71b7a8a703bc4490ffd8240334100b5d4b705fc66b,none,,toxinpred3_hybrid_score,numeric,false,de_novo_has_no_biological_parent,,,,0.3,,,,7c20d35435b4b40de0685d990901f6547b1923b61109e0289e3b67a8b6fe5f85
angpt1,eb3049e253a0faf73e4ec0836be841556e78c9cdfa64fba1ad1e7b27273f1e4e,de_novo,eb8dd7154ebdb002a36e2e71b7a8a703bc4490ffd8240334100b5d4b705fc66b,none,,toxinpred3_label,categorical,false,de_novo_has_no_biological_parent,,,,Non-Toxin,,,,23b8253fc4ff09fd6f92c1de1be58a5916feb9057b69dea4c7e3ad517381d127
angpt1,ed2b52af6734ae06fe504da83194571277f74423a31f8d69e6775a26412a24fa,de_novo,4093198198a8baf14533f993140b3a8aba8ba9cd8cbd291fb34d2785e230b069,none,,amp_read_log10_mic_um,numeric,false,de_novo_has_no_biological_parent,,,,1.6907667030736815,,,,1bb54bd59f01e0ab57de5239d400a4c74cc3ffa9ece4658f716a530f9558a813
angpt1,ed2b52af6734ae06fe504da83194571277f74423a31f8d69e6775a26412a24fa,de_novo,4093198198a8baf14533f993140b3a8aba8ba9cd8cbd291fb34d2785e230b069,none,,guruprasad_instability_index,numeric,false,de_novo_has_no_biological_parent,,,,-7.795000,,,,0190b8830f77273a003be71c01d6674dd1a5904efb6cd1dc5762f08e26133dd8
angpt1,ed2b52af6734ae06fe504da83194571277f74423a31f8d69e6775a26412a24fa,de_novo,4093198198a8baf14533f993140b3a8aba8ba9cd8cbd291fb34d2785e230b069,none,,hydrophobic_moment_eisenberg,numeric,false,de_novo_has_no_biological_parent,,,,0.12196520629755805,,,,5c9a6f9337cd9ef64c7a78d9c52c6803f96fd7de0fa7c22fd87240a703b8a0d0
angpt1,ed2b52af6734ae06fe504da83194571277f74423a31f8d69e6775a26412a24fa,de_novo,4093198198a8baf14533f993140b3a8aba8ba9cd8cbd291fb34d2785e230b069,none,,hydrophobic_ratio_modlamp,numeric,false,de_novo_has_no_biological_parent,,,,0.15,,,,ffa7f145f1d4bcf7ee10bb42054d46b7b36e6a91a93fa1e266080db15cc2d492
angpt1,ed2b52af6734ae06fe504da83194571277f74423a31f8d69e6775a26412a24fa,de_novo,4093198198a8baf14533f993140b3a8aba8ba9cd8cbd291fb34d2785e230b069,none,,llamp_log10_mic_um,numeric,false,de_novo_has_no_biological_parent,,,,1.3525015115737915,,,,8636a25214a4b35ce687f597b6914abc8c9a914a58d4cc534e2f86b0aa169a2a
angpt1,ed2b52af6734ae06fe504da83194571277f74423a31f8d69e6775a26412a24fa,de_novo,4093198198a8baf14533f993140b3a8aba8ba9cd8cbd291fb34d2785e230b069,none,,macrel_amp_probability,numeric,false,de_novo_has_no_biological_parent,,,,0.485,,,,7fd1fd11be91af22c39bcd20b51d4e854fa4b9476db6d2872f519e825dc6988a
angpt1,ed2b52af6734ae06fe504da83194571277f74423a31f8d69e6775a26412a24fa,de_novo,4093198198a8baf14533f993140b3a8aba8ba9cd8cbd291fb34d2785e230b069,none,,macrel_hemolysis_label,categorical,false,de_novo_has_no_biological_parent,,,,low,,,,6595f885473457d1192d9cef25a56bd63cdb5e717ad4c2f9d99df44b311f986d
angpt1,ed2b52af6734ae06fe504da83194571277f74423a31f8d69e6775a26412a24fa,de_novo,4093198198a8baf14533f993140b3a8aba8ba9cd8cbd291fb34d2785e230b069,none,,macrel_hemolysis_probability,numeric,false,de_novo_has_no_biological_parent,,,,0.446,,,,34d2881ccab0ee17c59e6b12860a6eadf8a7cbc06afee7c29a798be49a559e56
angpt1,ed2b52af6734ae06fe504da83194571277f74423a31f8d69e6775a26412a24fa,de_novo,4093198198a8baf14533f993140b3a8aba8ba9cd8cbd291fb34d2785e230b069,none,,maximum_hydrophobic_run,numeric,false,de_novo_has_no_biological_parent,,,,2,,,,e5e8c30126ee751607d736c8e29625654853b2c05ec88d89acd88f986df0512e
angpt1,ed2b52af6734ae06fe504da83194571277f74423a31f8d69e6775a26412a24fa,de_novo,4093198198a8baf14533f993140b3a8aba8ba9cd8cbd291fb34d2785e230b069,none,,net_charge_ph7_4,numeric,false,de_novo_has_no_biological_parent,,,,7.027,,,,a09d35cc186ef89a7281651cbd6f561b2c3ac2954250a90a663857ec25753df3
angpt1,ed2b52af6734ae06fe504da83194571277f74423a31f8d69e6775a26412a24fa,de_novo,4093198198a8baf14533f993140b3a8aba8ba9cd8cbd291fb34d2785e230b069,none,,toxinpred3_hybrid_score,numeric,false,de_novo_has_no_biological_parent,,,,0.0,,,,ca7913badfc637ac9cbe5df53a399771c79eab4ca08af0b313971afa84a28ea1
angpt1,ed2b52af6734ae06fe504da83194571277f74423a31f8d69e6775a26412a24fa,de_novo,4093198198a8baf14533f993140b3a8aba8ba9cd8cbd291fb34d2785e230b069,none,,toxinpred3_label,categorical,false,de_novo_has_no_biological_parent,,,,Non-Toxin,,,,6ce8059a58ff6b02029d587c4ee4807dcb23480ee8a271727a28fe321bea8b62
angpt1,9548dfa4b49d29bf75453055199eea5327a4a9f70a09d0ace21cb846ba08f591,masked_substitution,64b75e2a083fb88ab85e18e83f4b3318dee672fcd6db7b2c5121c94d651197d8,primary_parent,04bbb8f66cf48119e001c6647f0a82758d21a5275e74dac6fa1819b6bb7dc86d,amp_read_log10_mic_um,numeric,true,same_frozen_numeric_contract,minimize,log10(uM),1.0684135954698575,1.2793791983739018,0.2109656029040443,-0.2109656029040443,true,94367917810dd0ee5c034a9ce93647e7e4ea28a3e08b54c725cf1909bd5ab274
angpt1,9548dfa4b49d29bf75453055199eea5327a4a9f70a09d0ace21cb846ba08f591,masked_substitution,64b75e2a083fb88ab85e18e83f4b3318dee672fcd6db7b2c5121c94d651197d8,primary_parent,04bbb8f66cf48119e001c6647f0a82758d21a5275e74dac6fa1819b6bb7dc86d,guruprasad_instability_index,numeric,true,same_frozen_numeric_contract,minimize,index,-5.666667,-1.62381,4.042857000000001,-4.042857000000001,true,3c15ed515e3099121f46d21f46151258c0fc56b593a090816c4728a27e97af9d
angpt1,9548dfa4b49d29bf75453055199eea5327a4a9f70a09d0ace21cb846ba08f591,masked_substitution,64b75e2a083fb88ab85e18e83f4b3318dee672fcd6db7b2c5121c94d651197d8,primary_parent,04bbb8f66cf48119e001c6647f0a82758d21a5275e74dac6fa1819b6bb7dc86d,hydrophobic_moment_eisenberg,numeric,false,audit_metric_has_no_monotonic_improvement_direction,audit,dimensionless,0.32070620328403215,0.3045394463237595,-0.016166756960272644,,true,eae484190f1bb6f124b3e02fe993dd5d786b2367f169454524dbc3d5c4e0d2b5
angpt1,9548dfa4b49d29bf75453055199eea5327a4a9f70a09d0ace21cb846ba08f591,masked_substitution,64b75e2a083fb88ab85e18e83f4b3318dee672fcd6db7b2c5121c94d651197d8,primary_parent,04bbb8f66cf48119e001c6647f0a82758d21a5275e74dac6fa1819b6bb7dc86d,hydrophobic_ratio_modlamp,numeric,false,audit_metric_has_no_monotonic_improvement_direction,audit,fraction,0.14285714285714285,0.14285714285714285,0.0,,false,fe31f19073d0bf43dd26918975ff74685fa5890db935604b64fc8f3f5cc7c093
angpt1,9548dfa4b49d29bf75453055199eea5327a4a9f70a09d0ace21cb846ba08f591,masked_substitution,64b75e2a083fb88ab85e18e83f4b3318dee672fcd6db7b2c5121c94d651197d8,primary_parent,04bbb8f66cf48119e001c6647f0a82758d21a5275e74dac6fa1819b6bb7dc86d,llamp_log10_mic_um,numeric,true,same_frozen_numeric_contract,minimize,log10(uM),1.2577025890350342,1.3753005266189575,0.11759793758392334,-0.11759793758392334,true,8f663c4084ccbb6375356ea364913a5d325c57d00cb68cd23cb2577c9e356d3b
angpt1,9548dfa4b49d29bf75453055199eea5327a4a9f70a09d0ace21cb846ba08f591,masked_substitution,64b75e2a083fb88ab85e18e83f4b3318dee672fcd6db7b2c5121c94d651197d8,primary_parent,04bbb8f66cf48119e001c6647f0a82758d21a5275e74dac6fa1819b6bb7dc86d,macrel_amp_probability,numeric,true,same_frozen_numeric_contract,maximize,probability,0.317,0.317,0.0,0.0,false,2a54479714a2c0b4957c2ebd94502ff1a8e3d38d7875a13a44b13fdda4873361
angpt1,9548dfa4b49d29bf75453055199eea5327a4a9f70a09d0ace21cb846ba08f591,masked_substitution,64b75e2a083fb88ab85e18e83f4b3318dee672fcd6db7b2c5121c94d651197d8,primary_parent,04bbb8f66cf48119e001c6647f0a82758d21a5275e74dac6fa1819b6bb7dc86d,macrel_hemolysis_label,categorical,true,same_frozen_label_contract,audit,label,low,low,,,false,6ec0f7b868010d7bfe2ed5183869aa0a12dfe024b01b48200213b9f41e4cb97f
angpt1,9548dfa4b49d29bf75453055199eea5327a4a9f70a09d0ace21cb846ba08f591,masked_substitution,64b75e2a083fb88ab85e18e83f4b3318dee672fcd6db7b2c5121c94d651197d8,primary_parent,04bbb8f66cf48119e001c6647f0a82758d21a5275e74dac6fa1819b6bb7dc86d,macrel_hemolysis_probability,numeric,true,same_frozen_numeric_contract,minimize,probability,0.406,0.376,-0.030000000000000027,0.030000000000000027,true,1046a053de60ed024557af2b9fc135181db7d98dc3b70ab33812ca89090affc2
angpt1,9548dfa4b49d29bf75453055199eea5327a4a9f70a09d0ace21cb846ba08f591,masked_substitution,64b75e2a083fb88ab85e18e83f4b3318dee672fcd6db7b2c5121c94d651197d8,primary_parent,04bbb8f66cf48119e001c6647f0a82758d21a5275e74dac6fa1819b6bb7dc86d,maximum_hydrophobic_run,numeric,true,same_frozen_numeric_contract,minimize,residues,2.0,2.0,0.0,-0.0,false,2d3fa84bbc8a2e97a8168604eaffd7939d184867750971b9f218e81821b31f14
angpt1,9548dfa4b49d29bf75453055199eea5327a4a9f70a09d0ace21cb846ba08f591,masked_substitution,64b75e2a083fb88ab85e18e83f4b3318dee672fcd6db7b2c5121c94d651197d8,primary_parent,04bbb8f66cf48119e001c6647f0a82758d21a5275e74dac6fa1819b6bb7dc86d,net_charge_ph7_4,numeric,false,audit_metric_has_no_monotonic_improvement_direction,audit,elementary_charge,8.984,7.985,-0.9989999999999997,,true,6d6a6a59fc2974370a05905a3ee27c7b657eddabf5e42aadf88abd98cb572494
angpt1,9548dfa4b49d29bf75453055199eea5327a4a9f70a09d0ace21cb846ba08f591,masked_substitution,64b75e2a083fb88ab85e18e83f4b3318dee672fcd6db7b2c5121c94d651197d8,primary_parent,04bbb8f66cf48119e001c6647f0a82758d21a5275e74dac6fa1819b6bb7dc86d,toxinpred3_hybrid_score,numeric,true,same_frozen_numeric_contract,minimize,dimensionless,0.0,0.0,0.0,-0.0,false,7e35a304cc1892183fc039a6757d6edcd8326d55a80f091578b7238fef222f8b
angpt1,9548dfa4b49d29bf75453055199eea5327a4a9f70a09d0ace21cb846ba08f591,masked_substitution,64b75e2a083fb88ab85e18e83f4b3318dee672fcd6db7b2c5121c94d651197d8,primary_parent,04bbb8f66cf48119e001c6647f0a82758d21a5275e74dac6fa1819b6bb7dc86d,toxinpred3_label,categorical,true,same_frozen_label_contract,audit,label,Non-Toxin,Non-Toxin,,,false,0e1a5f879e55e2609ac02b2b744344644f85e702919440685fc88f3b0692fec4
angpt1,f23e958dafa485837c4eab2d42e02c226dbc01e17f69f332faea2e1addc91cc5,controlled_crossover,1384fe568c7958fd66ca56a3a157d4c2839547230e129e2d549543b5698d964f,primary_parent,11b1835ae8fa671bed409a01dba1f66d3160cec080e155e51d94f5ee1533b527,amp_read_log10_mic_um,numeric,true,same_frozen_numeric_contract,minimize,log10(uM),1.6786354578903795,1.714586835340619,0.035951377450239574,-0.035951377450239574,true,23890a4897872800c00b2286c6773552438994deeca3b608f5923c9a134ba484
angpt1,f23e958dafa485837c4eab2d42e02c226dbc01e17f69f332faea2e1addc91cc5,controlled_crossover,1384fe568c7958fd66ca56a3a157d4c2839547230e129e2d549543b5698d964f,primary_parent,11b1835ae8fa671bed409a01dba1f66d3160cec080e155e51d94f5ee1533b527,guruprasad_instability_index,numeric,true,same_frozen_numeric_contract,minimize,index,-18.126087,-34.7,-16.573913000000005,16.573913000000005,true,c8f90d500ed563fde33eed2d8f7739be2cc18bcd392f37fb723e558845425ba9
angpt1,f23e958dafa485837c4eab2d42e02c226dbc01e17f69f332faea2e1addc91cc5,controlled_crossover,1384fe568c7958fd66ca56a3a157d4c2839547230e129e2d549543b5698d964f,primary_parent,11b1835ae8fa671bed409a01dba1f66d3160cec080e155e51d94f5ee1533b527,hydrophobic_moment_eisenberg,numeric,false,audit_metric_has_no_monotonic_improvement_direction,audit,dimensionless,0.09624985596101412,0.17385675246627785,0.07760689650526373,,true,cf5d48fa7750511d3ac56a0743fe91fb639125b96badc9bbdde636ebea4175d6
angpt1,f23e958dafa485837c4eab2d42e02c226dbc01e17f69f332faea2e1addc91cc5,controlled_crossover,1384fe568c7958fd66ca56a3a157d4c2839547230e129e2d549543b5698d964f,primary_parent,11b1835ae8fa671bed409a01dba1f66d3160cec080e155e51d94f5ee1533b527,hydrophobic_ratio_modlamp,numeric,false,audit_metric_has_no_monotonic_improvement_direction,audit,fraction,0.0,0.0,0.0,,false,6df908fe20a32f37fb114aa600c4751dfa2d0875edf94aa123c552ad73093378
angpt1,f23e958dafa485837c4eab2d42e02c226dbc01e17f69f332faea2e1addc91cc5,controlled_crossover,1384fe568c7958fd66ca56a3a157d4c2839547230e129e2d549543b5698d964f,primary_parent,11b1835ae8fa671bed409a01dba1f66d3160cec080e155e51d94f5ee1533b527,llamp_log10_mic_um,numeric,true,same_frozen_numeric_contract,minimize,log10(uM),1.3527401685714722,1.4285279512405396,0.07578778266906738,-0.07578778266906738,true,1b7b199ea0b8884ca5bf75a22bcb0f1bb1fc4746f9eabeb2a54a4c575aa76ab2
angpt1,f23e958dafa485837c4eab2d42e02c226dbc01e17f69f332faea2e1addc91cc5,controlled_crossover,1384fe568c7958fd66ca56a3a157d4c2839547230e129e2d549543b5698d964f,primary_parent,11b1835ae8fa671bed409a01dba1f66d3160cec080e155e51d94f5ee1533b527,macrel_amp_probability,numeric,true,same_frozen_numeric_contract,maximize,probability,0.495,0.386,-0.10899999999999999,-0.10899999999999999,true,dca8b08176b920660af0725f9590ec2e1cc5e123943dfeff81449f86bbb4477b
angpt1,f23e958dafa485837c4eab2d42e02c226dbc01e17f69f332faea2e1addc91cc5,controlled_crossover,1384fe568c7958fd66ca56a3a157d4c2839547230e129e2d549543b5698d964f,primary_parent,11b1835ae8fa671bed409a01dba1f66d3160cec080e155e51d94f5ee1533b527,macrel_hemolysis_label,categorical,true,same_frozen_label_contract,audit,label,low,low,,,false,ca774733d4cfc2835899c19845b4110497ebe5bd611ba76afebb3a416652135f
angpt1,f23e958dafa485837c4eab2d42e02c226dbc01e17f69f332faea2e1addc91cc5,controlled_crossover,1384fe568c7958fd66ca56a3a157d4c2839547230e129e2d549543b5698d964f,primary_parent,11b1835ae8fa671bed409a01dba1f66d3160cec080e155e51d94f5ee1533b527,macrel_hemolysis_probability,numeric,true,same_frozen_numeric_contract,minimize,probability,0.446,0.455,0.009000000000000008,-0.009000000000000008,true,b8f7de642783c043fa237a86e0360fa1557e4105e5bbfb1bd64c53b948810213
angpt1,f23e958dafa485837c4eab2d42e02c226dbc01e17f69f332faea2e1addc91cc5,controlled_crossover,1384fe568c7958fd66ca56a3a157d4c2839547230e129e2d549543b5698d964f,primary_parent,11b1835ae8fa671bed409a01dba1f66d3160cec080e155e51d94f5ee1533b527,maximum_hydrophobic_run,numeric,true,same_frozen_numeric_contract,minimize,residues,0.0,0.0,0.0,-0.0,false,86fbc7f81aebb1ef8a3ec41b496a0a069f19becd2aa3bc5da7cc67105720c9dc
angpt1,f23e958dafa485837c4eab2d42e02c226dbc01e17f69f332faea2e1addc91cc5,controlled_crossover,1384fe568c7958fd66ca56a3a157d4c2839547230e129e2d549543b5698d964f,primary_parent,11b1835ae8fa671bed409a01dba1f66d3160cec080e155e51d94f5ee1533b527,net_charge_ph7_4,numeric,false,audit_metric_has_no_monotonic_improvement_direction,audit,elementary_charge,10.985,10.027,-0.9580000000000002,,true,e99fc079f64bfbe18de495c56c3cde1cbac444ac4429565b579b094c9bfc5ed0
angpt1,f23e958dafa485837c4eab2d42e02c226dbc01e17f69f332faea2e1addc91cc5,controlled_crossover,1384fe568c7958fd66ca56a3a157d4c2839547230e129e2d549543b5698d964f,primary_parent,11b1835ae8fa671bed409a01dba1f66d3160cec080e155e51d94f5ee1533b527,toxinpred3_hybrid_score,numeric,true,same_frozen_numeric_contract,minimize,dimensionless,0.355,0.325,-0.02999999999999997,0.02999999999999997,true,1da8d89045c434228b60f08480957d04bec500117e5653207f71e619f362156e
angpt1,f23e958dafa485837c4eab2d42e02c226dbc01e17f69f332faea2e1addc91cc5,controlled_crossover,1384fe568c7958fd66ca56a3a157d4c2839547230e129e2d549543b5698d964f,primary_parent,11b1835ae8fa671bed409a01dba1f66d3160cec080e155e51d94f5ee1533b527,toxinpred3_label,categorical,true,same_frozen_label_contract,audit,label,Non-Toxin,Non-Toxin,,,false,b861f5a9742b5c8ef53ae2efa35fb802d180e382c548a6e474b56ae88ff19fca
angpt1,f23e958dafa485837c4eab2d42e02c226dbc01e17f69f332faea2e1addc91cc5,controlled_crossover,1384fe568c7958fd66ca56a3a157d4c2839547230e129e2d549543b5698d964f,donor_parent,8da3610c67fb4959db649075a16ef91e8f64d4ad39b74ae6e6f59b76acfea433,amp_read_log10_mic_um,numeric,true,same_frozen_numeric_contract,minimize,log10(uM),1.9749410051300977,1.714586835340619,-0.2603541697894787,0.2603541697894787,true,43ceab8b15b054c6ba0bfc523e27b61861ba676f093db7afeb9e4babd779a745
angpt1,f23e958dafa485837c4eab2d42e02c226dbc01e17f69f332faea2e1addc91cc5,controlled_crossover,1384fe568c7958fd66ca56a3a157d4c2839547230e129e2d549543b5698d964f,donor_parent,8da3610c67fb4959db649075a16ef91e8f64d4ad39b74ae6e6f59b76acfea433,guruprasad_instability_index,numeric,true,same_frozen_numeric_contract,minimize,index,-23.433333,-34.7,-11.266667000000002,11.266667000000002,true,f7c92e4bc07a5eb05c689365c50a2bcaa87863327ce8c84e1475e070ad0a7ae6
angpt1,f23e958dafa485837c4eab2d42e02c226dbc01e17f69f332faea2e1addc91cc5,controlled_crossover,1384fe568c7958fd66ca56a3a157d4c2839547230e129e2d549543b5698d964f,donor_parent,8da3610c67fb4959db649075a16ef91e8f64d4ad39b74ae6e6f59b76acfea433,hydrophobic_moment_eisenberg,numeric,false,audit_metric_has_no_monotonic_improvement_direction,audit,dimensionless,0.17671021265349732,0.17385675246627785,-0.0028534601872194643,,true,2d55f16b11d9175525a65b5063bc3ea8b762db9bf99155df6f18cef6c7f5f56d
angpt1,f23e958dafa485837c4eab2d42e02c226dbc01e17f69f332faea2e1addc91cc5,controlled_crossover,1384fe568c7958fd66ca56a3a157d4c2839547230e129e2d549543b5698d964f,donor_parent,8da3610c67fb4959db649075a16ef91e8f64d4ad39b74ae6e6f59b76acfea433,hydrophobic_ratio_modlamp,numeric,false,audit_metric_has_no_monotonic_improvement_direction,audit,fraction,0.0,0.0,0.0,,false,1ff703e84b7d07abf731bc955221c87faf3c1cf39ac10683c27cf6736dd12636
angpt1,f23e958dafa485837c4eab2d42e02c226dbc01e17f69f332faea2e1addc91cc5,controlled_crossover,1384fe568c7958fd66ca56a3a157d4c2839547230e129e2d549543b5698d964f,donor_parent,8da3610c67fb4959db649075a16ef91e8f64d4ad39b74ae6e6f59b76acfea433,llamp_log10_mic_um,numeric,true,same_frozen_numeric_contract,minimize,log10(uM),1.7923035621643066,1.4285279512405396,-0.3637756109237671,0.3637756109237671,true,9775eff81f4373f5cb617c7a93e09cb15476a539f5babace484157ac6b2a469b
angpt1,f23e958dafa485837c4eab2d42e02c226dbc01e17f69f332faea2e1addc91cc5,controlled_crossover,1384fe568c7958fd66ca56a3a157d4c2839547230e129e2d549543b5698d964f,donor_parent,8da3610c67fb4959db649075a16ef91e8f64d4ad39b74ae6e6f59b76acfea433,macrel_amp_probability,numeric,true,same_frozen_numeric_contract,maximize,probability,0.426,0.386,-0.03999999999999998,-0.03999999999999998,true,dfad527b7ecc6f6125f37e4d3711937810fb3291bd1edba81854b622b3dc9a0e
angpt1,f23e958dafa485837c4eab2d42e02c226dbc01e17f69f332faea2e1addc91cc5,controlled_crossover,1384fe568c7958fd66ca56a3a157d4c2839547230e129e2d549543b5698d964f,donor_parent,8da3610c67fb4959db649075a16ef91e8f64d4ad39b74ae6e6f59b76acfea433,macrel_hemolysis_label,categorical,true,same_frozen_label_contract,audit,label,low,low,,,false,cdd8b47a68e355f20f5d0c9d9df8e4515ab4ee0cf2fae261c174db4924c0cb5c
angpt1,f23e958dafa485837c4eab2d42e02c226dbc01e17f69f332faea2e1addc91cc5,controlled_crossover,1384fe568c7958fd66ca56a3a157d4c2839547230e129e2d549543b5698d964f,donor_parent,8da3610c67fb4959db649075a16ef91e8f64d4ad39b74ae6e6f59b76acfea433,macrel_hemolysis_probability,numeric,true,same_frozen_numeric_contract,minimize,probability,0.327,0.455,0.128,-0.128,true,27f5e9797fc41051c5abca970d4880235dec4f53408a817e4e3b9a89387fcb54
angpt1,f23e958dafa485837c4eab2d42e02c226dbc01e17f69f332faea2e1addc91cc5,controlled_crossover,1384fe568c7958fd66ca56a3a157d4c2839547230e129e2d549543b5698d964f,donor_parent,8da3610c67fb4959db649075a16ef91e8f64d4ad39b74ae6e6f59b76acfea433,maximum_hydrophobic_run,numeric,true,same_frozen_numeric_contract,minimize,residues,0.0,0.0,0.0,-0.0,false,740ba82e1342cea03763b54d67c190a7f548c5ed61584813cf9d00a2ff38d390
angpt1,f23e958dafa485837c4eab2d42e02c226dbc01e17f69f332faea2e1addc91cc5,controlled_crossover,1384fe568c7958fd66ca56a3a157d4c2839547230e129e2d549543b5698d964f,donor_parent,8da3610c67fb4959db649075a16ef91e8f64d4ad39b74ae6e6f59b76acfea433,net_charge_ph7_4,numeric,false,audit_metric_has_no_monotonic_improvement_direction,audit,elementary_charge,7.028,10.027,2.9989999999999997,,true,53e47801cb571716b45f57b4219efb9a95da07e248b2a04bf883425c82caa489
angpt1,f23e958dafa485837c4eab2d42e02c226dbc01e17f69f332faea2e1addc91cc5,controlled_crossover,1384fe568c7958fd66ca56a3a157d4c2839547230e129e2d549543b5698d964f,donor_parent,8da3610c67fb4959db649075a16ef91e8f64d4ad39b74ae6e6f59b76acfea433,toxinpred3_hybrid_score,numeric,true,same_frozen_numeric_contract,minimize,dimensionless,0.31,0.325,0.015000000000000013,-0.015000000000000013,true,a6e73bba97712585ffc4fa265a577ab2f119b007074285e6f304e9c4c7aa771f
angpt1,f23e958dafa485837c4eab2d42e02c226dbc01e17f69f332faea2e1addc91cc5,controlled_crossover,1384fe568c7958fd66ca56a3a157d4c2839547230e129e2d549543b5698d964f,donor_parent,8da3610c67fb4959db649075a16ef91e8f64d4ad39b74ae6e6f59b76acfea433,toxinpred3_label,categorical,true,same_frozen_label_contract,audit,label,Non-Toxin,Non-Toxin,,,false,055eb87d354e0f5b5e2b9c500b7fe5908a9d887fe5217e5406c126599fd8ef87
angpt1,c9dda542d2602280d347902cd5049e648b9adcb1f4558940b7cb38ec69d9f294,de_novo,090aa15509d5ecad2bb450ca2aeb169157e93dbac2df2a3b7f7f50004034a0b4,none,,amp_read_log10_mic_um,numeric,false,de_novo_has_no_biological_parent,,,,2.167816489860909,,,,1a88a2c01e9dafcacf901e53b8aac79d38c191788f0b414c7c22b9c74819b3fb
angpt1,c9dda542d2602280d347902cd5049e648b9adcb1f4558940b7cb38ec69d9f294,de_novo,090aa15509d5ecad2bb450ca2aeb169157e93dbac2df2a3b7f7f50004034a0b4,none,,guruprasad_instability_index,numeric,false,de_novo_has_no_biological_parent,,,,29.447619,,,,f987c54d788765ec012b9a2ff5e042d1d813453a442ca8b3f7ccedb8e13f97b9
angpt1,c9dda542d2602280d347902cd5049e648b9adcb1f4558940b7cb38ec69d9f294,de_novo,090aa15509d5ecad2bb450ca2aeb169157e93dbac2df2a3b7f7f50004034a0b4,none,,hydrophobic_moment_eisenberg,numeric,false,de_novo_has_no_biological_parent,,,,0.30582441956975537,,,,0eb2c177d1907a75ac320cd07c83906f368c4f21e43642ed776c4c7fcdecf241
angpt1,c9dda542d2602280d347902cd5049e648b9adcb1f4558940b7cb38ec69d9f294,de_novo,090aa15509d5ecad2bb450ca2aeb169157e93dbac2df2a3b7f7f50004034a0b4,none,,hydrophobic_ratio_modlamp,numeric,false,de_novo_has_no_biological_parent,,,,0.09523809523809523,,,,b04afce5b2b643d7816a9209047f3181cd9e6f6b6d4a2c69b3bf14da57bcab90
angpt1,c9dda542d2602280d347902cd5049e648b9adcb1f4558940b7cb38ec69d9f294,de_novo,090aa15509d5ecad2bb450ca2aeb169157e93dbac2df2a3b7f7f50004034a0b4,none,,llamp_log10_mic_um,numeric,false,de_novo_has_no_biological_parent,,,,1.2936110496520996,,,,42677ca90a4a4d2df91c4b9feae16019516468f069f9bc7dac312319e820d047
angpt1,c9dda542d2602280d347902cd5049e648b9adcb1f4558940b7cb38ec69d9f294,de_novo,090aa15509d5ecad2bb450ca2aeb169157e93dbac2df2a3b7f7f50004034a0b4,none,,macrel_amp_probability,numeric,false,de_novo_has_no_biological_parent,,,,0.208,,,,3b544c301a9096d66e684fbbb9c12359eec639da70d0a47036d0fc8f935cee5f
angpt1,c9dda542d2602280d347902cd5049e648b9adcb1f4558940b7cb38ec69d9f294,de_novo,090aa15509d5ecad2bb450ca2aeb169157e93dbac2df2a3b7f7f50004034a0b4,none,,macrel_hemolysis_label,categorical,false,de_novo_has_no_biological_parent,,,,low,,,,e602c00e6d5e0e6aef4aa02239d526dbdba05f02a1ffd612c7a1468685f6d78c
angpt1,c9dda542d2602280d347902cd5049e648b9adcb1f4558940b7cb38ec69d9f294,de_novo,090aa15509d5ecad2bb450ca2aeb169157e93dbac2df2a3b7f7f50004034a0b4,none,,macrel_hemolysis_probability,numeric,false,de_novo_has_no_biological_parent,,,,0.327,,,,3db9a05af9fb331d834e3be33782bbdcf05a660494e8dbb3b55c7a9507ba1944
angpt1,c9dda542d2602280d347902cd5049e648b9adcb1f4558940b7cb38ec69d9f294,de_novo,090aa15509d5ecad2bb450ca2aeb169157e93dbac2df2a3b7f7f50004034a0b4,none,,maximum_hydrophobic_run,numeric,false,de_novo_has_no_biological_parent,,,,1,,,,ae85615eec6c54f599ef2c834eb6a0d3faf9ec9554b0751045316aa7a0ab322b
angpt1,c9dda542d2602280d347902cd5049e648b9adcb1f4558940b7cb38ec69d9f294,de_novo,090aa15509d5ecad2bb450ca2aeb169157e93dbac2df2a3b7f7f50004034a0b4,none,,net_charge_ph7_4,numeric,false,de_novo_has_no_biological_parent,,,,9.03,,,,8a59bf0fb8a36bf4c5a60f705693ed1a2f9571dd3934e39a7d24d7fd05e44592
angpt1,c9dda542d2602280d347902cd5049e648b9adcb1f4558940b7cb38ec69d9f294,de_novo,090aa15509d5ecad2bb450ca2aeb169157e93dbac2df2a3b7f7f50004034a0b4,none,,toxinpred3_hybrid_score,numeric,false,de_novo_has_no_biological_parent,,,,0.185,,,,a91f539978ca4a121f5c928349cd65e947fa74d9eb2308cafd4602534db15602
angpt1,c9dda542d2602280d347902cd5049e648b9adcb1f4558940b7cb38ec69d9f294,de_novo,090aa15509d5ecad2bb450ca2aeb169157e93dbac2df2a3b7f7f50004034a0b4,none,,toxinpred3_label,categorical,false,de_novo_has_no_biological_parent,,,,Non-Toxin,,,,21277331cef76bf2588eb55727eaae16d487e55dc2a3cfe733a59312ae9ba027
angpt1,6d04ff94b5fbfbabbdc260ffba6a9a28c20f25c83d42faae47e5caa55aecbf4e,de_novo,df31436d2d9a8589810a4682677bc8214f8afec6abc7386de69767b0a6302549,none,,amp_read_log10_mic_um,numeric,false,de_novo_has_no_biological_parent,,,,2.7169027868479287,,,,98e640be5988154f762b7a92f83064bbab8baf5df19f684300382c2045473e83
angpt1,6d04ff94b5fbfbabbdc260ffba6a9a28c20f25c83d42faae47e5caa55aecbf4e,de_novo,df31436d2d9a8589810a4682677bc8214f8afec6abc7386de69767b0a6302549,none,,guruprasad_instability_index,numeric,false,de_novo_has_no_biological_parent,,,,25.168182,,,,7166feb1917177dfb7569e75b55ba7d5f3c870dc3b7eac84c8a54a92b6445d57
angpt1,6d04ff94b5fbfbabbdc260ffba6a9a28c20f25c83d42faae47e5caa55aecbf4e,de_novo,df31436d2d9a8589810a4682677bc8214f8afec6abc7386de69767b0a6302549,none,,hydrophobic_moment_eisenberg,numeric,false,de_novo_has_no_biological_parent,,,,0.25269126538132985,,,,5e6ab60498959b76e2c8a699011394544d7fd75b6525476a0f4bae35a4c9246f
angpt1,6d04ff94b5fbfbabbdc260ffba6a9a28c20f25c83d42faae47e5caa55aecbf4e,de_novo,df31436d2d9a8589810a4682677bc8214f8afec6abc7386de69767b0a6302549,none,,hydrophobic_ratio_modlamp,numeric,false,de_novo_has_no_biological_parent,,,,0.13636363636363635,,,,74341b03e7115d58e0d40927c6e000d21c65746c6529d7ece902c09af8975b29
angpt1,6d04ff94b5fbfbabbdc260ffba6a9a28c20f25c83d42faae47e5caa55aecbf4e,de_novo,df31436d2d9a8589810a4682677bc8214f8afec6abc7386de69767b0a6302549,none,,llamp_log10_mic_um,numeric,false,de_novo_has_no_biological_parent,,,,1.6314358711242676,,,,6df1e4a708740df9d54edc9d2274b000e4759c607bba78fc7270066188eb5d74
angpt1,6d04ff94b5fbfbabbdc260ffba6a9a28c20f25c83d42faae47e5caa55aecbf4e,de_novo,df31436d2d9a8589810a4682677bc8214f8afec6abc7386de69767b0a6302549,none,,macrel_amp_probability,numeric,false,de_novo_has_no_biological_parent,,,,0.228,,,,aa186007c9b050c89a14424a61812e58710e05ec466d0623c48c2a9e7dfccaa0
angpt1,6d04ff94b5fbfbabbdc260ffba6a9a28c20f25c83d42faae47e5caa55aecbf4e,de_novo,df31436d2d9a8589810a4682677bc8214f8afec6abc7386de69767b0a6302549,none,,macrel_hemolysis_label,categorical,false,de_novo_has_no_biological_parent,,,,low,,,,cef916d5f33ccbbfe9297f945c9e0cda825cdb4e054fed8d9b62dc12ed53a680
angpt1,6d04ff94b5fbfbabbdc260ffba6a9a28c20f25c83d42faae47e5caa55aecbf4e,de_novo,df31436d2d9a8589810a4682677bc8214f8afec6abc7386de69767b0a6302549,none,,macrel_hemolysis_probability,numeric,false,de_novo_has_no_biological_parent,,,,0.376,,,,d1561ea9bcd9d833c712263db9575239d5763e053ce4efcc8f638a9ae010a492
angpt1,6d04ff94b5fbfbabbdc260ffba6a9a28c20f25c83d42faae47e5caa55aecbf4e,de_novo,df31436d2d9a8589810a4682677bc8214f8afec6abc7386de69767b0a6302549,none,,maximum_hydrophobic_run,numeric,false,de_novo_has_no_biological_parent,,,,2,,,,02a7f46d258927864f12b72bcadac61fdb165b90e5e23fed6162e81bf26cad31
angpt1,6d04ff94b5fbfbabbdc260ffba6a9a28c20f25c83d42faae47e5caa55aecbf4e,de_novo,df31436d2d9a8589810a4682677bc8214f8afec6abc7386de69767b0a6302549,none,,net_charge_ph7_4,numeric,false,de_novo_has_no_biological_parent,,,,8.027,,,,3b87590b68574a5072cdb15a303137867595100c57b9a4a72aa26b245536e15b
angpt1,6d04ff94b5fbfbabbdc260ffba6a9a28c20f25c83d42faae47e5caa55aecbf4e,de_novo,df31436d2d9a8589810a4682677bc8214f8afec6abc7386de69767b0a6302549,none,,toxinpred3_hybrid_score,numeric,false,de_novo_has_no_biological_parent,,,,0.3,,,,ac4f92cb259ac50752749477b986e0f0fc1e5df7dce9f347fc40d357e61a4dfc
angpt1,6d04ff94b5fbfbabbdc260ffba6a9a28c20f25c83d42faae47e5caa55aecbf4e,de_novo,df31436d2d9a8589810a4682677bc8214f8afec6abc7386de69767b0a6302549,none,,toxinpred3_label,categorical,false,de_novo_has_no_biological_parent,,,,Non-Toxin,,,,22b8c9fd0158b3e69303bb6d2b64fb66c06cd9fbd30e0a4bf432b6dfa9a0e7a0
angpt1,c6f3cd55d7ea1792deaabeafa26b4247cea3df3c3136d914b1231cca2c619c82,masked_substitution,8996361f238db8bc2b63ee6180c5baff0b524eeedb2a1b9b6d03074470e86df3,primary_parent,04bbb8f66cf48119e001c6647f0a82758d21a5275e74dac6fa1819b6bb7dc86d,amp_read_log10_mic_um,numeric,true,same_frozen_numeric_contract,minimize,log10(uM),1.0684135954698575,1.3866866341130841,0.31827303864322665,-0.31827303864322665,true,3880be4610ff4a90c7687574d7f7dcebefd0aa415c43d5a040017367ce1462a2
angpt1,c6f3cd55d7ea1792deaabeafa26b4247cea3df3c3136d914b1231cca2c619c82,masked_substitution,8996361f238db8bc2b63ee6180c5baff0b524eeedb2a1b9b6d03074470e86df3,primary_parent,04bbb8f66cf48119e001c6647f0a82758d21a5275e74dac6fa1819b6bb7dc86d,guruprasad_instability_index,numeric,true,same_frozen_numeric_contract,minimize,index,-5.666667,-1.62381,4.042857000000001,-4.042857000000001,true,222b84e543aecb3c33ee187715c8afccbb38a48777f274b241a795e6bd15c915
angpt1,c6f3cd55d7ea1792deaabeafa26b4247cea3df3c3136d914b1231cca2c619c82,masked_substitution,8996361f238db8bc2b63ee6180c5baff0b524eeedb2a1b9b6d03074470e86df3,primary_parent,04bbb8f66cf48119e001c6647f0a82758d21a5275e74dac6fa1819b6bb7dc86d,hydrophobic_moment_eisenberg,numeric,false,audit_metric_has_no_monotonic_improvement_direction,audit,dimensionless,0.32070620328403215,0.29039714309622133,-0.03030906018781082,,true,910f64bc5f625ced60e1d1935172d046ff13af20cbf5aebe625f6a33623fa507
angpt1,c6f3cd55d7ea1792deaabeafa26b4247cea3df3c3136d914b1231cca2c619c82,masked_substitution,8996361f238db8bc2b63ee6180c5baff0b524eeedb2a1b9b6d03074470e86df3,primary_parent,04bbb8f66cf48119e001c6647f0a82758d21a5275e74dac6fa1819b6bb7dc86d,hydrophobic_ratio_modlamp,numeric,false,audit_metric_has_no_monotonic_improvement_direction,audit,fraction,0.14285714285714285,0.14285714285714285,0.0,,false,1bdfa6822ac7f58f8082e3356b617b9d8033193861a1e6b95adde7580ad25d2a
angpt1,c6f3cd55d7ea1792deaabeafa26b4247cea3df3c3136d914b1231cca2c619c82,masked_substitution,8996361f238db8bc2b63ee6180c5baff0b524eeedb2a1b9b6d03074470e86df3,primary_parent,04bbb8f66cf48119e001c6647f0a82758d21a5275e74dac6fa1819b6bb7dc86d,llamp_log10_mic_um,numeric,true,same_frozen_numeric_contract,minimize,log10(uM),1.2577025890350342,1.4085427522659302,0.150840163230896,-0.150840163230896,true,47846ca02e95d4ca31f37d2376bacbf996eef7ebb83133efff65aee57f4dafa7
angpt1,c6f3cd55d7ea1792deaabeafa26b4247cea3df3c3136d914b1231cca2c619c82,masked_substitution,8996361f238db8bc2b63ee6180c5baff0b524eeedb2a1b9b6d03074470e86df3,primary_parent,04bbb8f66cf48119e001c6647f0a82758d21a5275e74dac6fa1819b6bb7dc86d,macrel_amp_probability,numeric,true,same_frozen_numeric_contract,maximize,probability,0.317,0.317,0.0,0.0,false,cb9af9f5891e6de3d72674605edda14d46f6613daf20c25704bf755df6891f90
angpt1,c6f3cd55d7ea1792deaabeafa26b4247cea3df3c3136d914b1231cca2c619c82,masked_substitution,8996361f238db8bc2b63ee6180c5baff0b524eeedb2a1b9b6d03074470e86df3,primary_parent,04bbb8f66cf48119e001c6647f0a82758d21a5275e74dac6fa1819b6bb7dc86d,macrel_hemolysis_label,categorical,true,same_frozen_label_contract,audit,label,low,low,,,false,09bcd1fb35221286169ed21c43851a567e9cfcaceddf0c519a1340164921c9f1
angpt1,c6f3cd55d7ea1792deaabeafa26b4247cea3df3c3136d914b1231cca2c619c82,masked_substitution,8996361f238db8bc2b63ee6180c5baff0b524eeedb2a1b9b6d03074470e86df3,primary_parent,04bbb8f66cf48119e001c6647f0a82758d21a5275e74dac6fa1819b6bb7dc86d,macrel_hemolysis_probability,numeric,true,same_frozen_numeric_contract,minimize,probability,0.406,0.287,-0.11900000000000005,0.11900000000000005,true,bf46eb33ad929985e741aa3ec18e8f97e37bff426fae6491e89b588e8f096233
angpt1,c6f3cd55d7ea1792deaabeafa26b4247cea3df3c3136d914b1231cca2c619c82,masked_substitution,8996361f238db8bc2b63ee6180c5baff0b524eeedb2a1b9b6d03074470e86df3,primary_parent,04bbb8f66cf48119e001c6647f0a82758d21a5275e74dac6fa1819b6bb7dc86d,maximum_hydrophobic_run,numeric,true,same_frozen_numeric_contract,minimize,residues,2.0,2.0,0.0,-0.0,false,5554e62dd59248da0a4f0aaa0929378bf967ce772b2e67f9d46398e00f733e5a
angpt1,c6f3cd55d7ea1792deaabeafa26b4247cea3df3c3136d914b1231cca2c619c82,masked_substitution,8996361f238db8bc2b63ee6180c5baff0b524eeedb2a1b9b6d03074470e86df3,primary_parent,04bbb8f66cf48119e001c6647f0a82758d21a5275e74dac6fa1819b6bb7dc86d,net_charge_ph7_4,numeric,false,audit_metric_has_no_monotonic_improvement_direction,audit,elementary_charge,8.984,7.985,-0.9989999999999997,,true,5fe3864561fb475b47a6844d8e25258d07cd93147dab663284048bce4b3a9cca
angpt1,c6f3cd55d7ea1792deaabeafa26b4247cea3df3c3136d914b1231cca2c619c82,masked_substitution,8996361f238db8bc2b63ee6180c5baff0b524eeedb2a1b9b6d03074470e86df3,primary_parent,04bbb8f66cf48119e001c6647f0a82758d21a5275e74dac6fa1819b6bb7dc86d,toxinpred3_hybrid_score,numeric,true,same_frozen_numeric_contract,minimize,dimensionless,0.0,0.0,0.0,-0.0,false,e89167fbf52947d8d914df302fc1a42a8f89247d39de84395d9a3bf2a9e6badf
angpt1,c6f3cd55d7ea1792deaabeafa26b4247cea3df3c3136d914b1231cca2c619c82,masked_substitution,8996361f238db8bc2b63ee6180c5baff0b524eeedb2a1b9b6d03074470e86df3,primary_parent,04bbb8f66cf48119e001c6647f0a82758d21a5275e74dac6fa1819b6bb7dc86d,toxinpred3_label,categorical,true,same_frozen_label_contract,audit,label,Non-Toxin,Non-Toxin,,,false,95102eb8e5fe367b258e3d99c51324015e5ec7121a80a199fd4f70e436d7ed83
angpt1,e5750ca53c9b3fa155af8fedd700460d7e273a20b0a570da5c1f356737c90c8d,controlled_crossover,f0bc0d72e8656682a19e24fa7a1f87c1426ba00bc6dd1b1a3755d9c51d6a422b,primary_parent,6c8ab541bc1a19189b647c40498b607f3e629664d01953ef3b612b0a449225f6,amp_read_log10_mic_um,numeric,true,same_frozen_numeric_contract,minimize,log10(uM),1.06338534092847,1.6191785947286854,0.5557932538002155,-0.5557932538002155,true,ba37093b3d1aa7f6bec94c9bff84f02ebfa20bbfeea3e4ddaee415d499e6c8e5
angpt1,e5750ca53c9b3fa155af8fedd700460d7e273a20b0a570da5c1f356737c90c8d,controlled_crossover,f0bc0d72e8656682a19e24fa7a1f87c1426ba00bc6dd1b1a3755d9c51d6a422b,primary_parent,6c8ab541bc1a19189b647c40498b607f3e629664d01953ef3b612b0a449225f6,guruprasad_instability_index,numeric,true,same_frozen_numeric_contract,minimize,index,-2.07619,-34.461905,-32.385715000000005,32.385715000000005,true,11b87662caa440273254b76fbb483cd9586eab8e29091a5df696a44af19b5fc6
angpt1,e5750ca53c9b3fa155af8fedd700460d7e273a20b0a570da5c1f356737c90c8d,controlled_crossover,f0bc0d72e8656682a19e24fa7a1f87c1426ba00bc6dd1b1a3755d9c51d6a422b,primary_parent,6c8ab541bc1a19189b647c40498b607f3e629664d01953ef3b612b0a449225f6,hydrophobic_moment_eisenberg,numeric,false,audit_metric_has_no_monotonic_improvement_direction,audit,dimensionless,0.3213660015423426,0.10317398763002636,-0.21819201391231627,,true,59a86183d0e5255cafdf0f3b491712af8a81f2c19cf5d6358366f226515c213a
angpt1,e5750ca53c9b3fa155af8fedd700460d7e273a20b0a570da5c1f356737c90c8d,controlled_crossover,f0bc0d72e8656682a19e24fa7a1f87c1426ba00bc6dd1b1a3755d9c51d6a422b,primary_parent,6c8ab541bc1a19189b647c40498b607f3e629664d01953ef3b612b0a449225f6,hydrophobic_ratio_modlamp,numeric,false,audit_metric_has_no_monotonic_improvement_direction,audit,fraction,0.14285714285714285,0.0,-0.14285714285714285,,true,586cd70d46b157b5e46fe3d73acf66856a777597a0e08d085f1f92939b3c4b8d
angpt1,e5750ca53c9b3fa155af8fedd700460d7e273a20b0a570da5c1f356737c90c8d,controlled_crossover,f0bc0d72e8656682a19e24fa7a1f87c1426ba00bc6dd1b1a3755d9c51d6a422b,primary_parent,6c8ab541bc1a19189b647c40498b607f3e629664d01953ef3b612b0a449225f6,llamp_log10_mic_um,numeric,true,same_frozen_numeric_contract,minimize,log10(uM),1.3152482509613037,1.748174786567688,0.4329265356063843,-0.4329265356063843,true,572393297fb81d3372b52a2846cc754e3b012b625c7c648985a36a9727b16003
angpt1,e5750ca53c9b3fa155af8fedd700460d7e273a20b0a570da5c1f356737c90c8d,controlled_crossover,f0bc0d72e8656682a19e24fa7a1f87c1426ba00bc6dd1b1a3755d9c51d6a422b,primary_parent,6c8ab541bc1a19189b647c40498b607f3e629664d01953ef3b612b0a449225f6,macrel_amp_probability,numeric,true,same_frozen_numeric_contract,maximize,probability,0.347,0.396,0.049000000000000044,0.049000000000000044,true,f71ae3c76011f847a5aa6bed6e00abd116e74535f05ee7b8d382118cf2ec7d0f
angpt1,e5750ca53c9b3fa155af8fedd700460d7e273a20b0a570da5c1f356737c90c8d,controlled_crossover,f0bc0d72e8656682a19e24fa7a1f87c1426ba00bc6dd1b1a3755d9c51d6a422b,primary_parent,6c8ab541bc1a19189b647c40498b607f3e629664d01953ef3b612b0a449225f6,macrel_hemolysis_label,categorical,true,same_frozen_label_contract,audit,label,low,low,,,false,24d4df6ec4625b657f0e6ed380e0fa1f1fa5f88ee8b6bdb5a7a3750d092f1d4a
angpt1,e5750ca53c9b3fa155af8fedd700460d7e273a20b0a570da5c1f356737c90c8d,controlled_crossover,f0bc0d72e8656682a19e24fa7a1f87c1426ba00bc6dd1b1a3755d9c51d6a422b,primary_parent,6c8ab541bc1a19189b647c40498b607f3e629664d01953ef3b612b0a449225f6,macrel_hemolysis_probability,numeric,true,same_frozen_numeric_contract,minimize,probability,0.455,0.238,-0.21700000000000003,0.21700000000000003,true,b3113fc9ba07215e988df1260a5e71c7deceaaee564b7ddc0b3171487ff2ed0c
angpt1,e5750ca53c9b3fa155af8fedd700460d7e273a20b0a570da5c1f356737c90c8d,controlled_crossover,f0bc0d72e8656682a19e24fa7a1f87c1426ba00bc6dd1b1a3755d9c51d6a422b,primary_parent,6c8ab541bc1a19189b647c40498b607f3e629664d01953ef3b612b0a449225f6,maximum_hydrophobic_run,numeric,true,same_frozen_numeric_contract,minimize,residues,2.0,0.0,-2.0,2.0,true,87b8f590e8ab780d7f3c1627505c9dda265cb8a3b4336d3f266129b5d1d23982
angpt1,e5750ca53c9b3fa155af8fedd700460d7e273a20b0a570da5c1f356737c90c8d,controlled_crossover,f0bc0d72e8656682a19e24fa7a1f87c1426ba00bc6dd1b1a3755d9c51d6a422b,primary_parent,6c8ab541bc1a19189b647c40498b607f3e629664d01953ef3b612b0a449225f6,net_charge_ph7_4,numeric,false,audit_metric_has_no_monotonic_improvement_direction,audit,elementary_charge,9.984,8.028,-1.9559999999999995,,true,234be88d2e701e078a0475940cda0a49d665e3bc7e48d70ed028652af390820f
angpt1,e5750ca53c9b3fa155af8fedd700460d7e273a20b0a570da5c1f356737c90c8d,controlled_crossover,f0bc0d72e8656682a19e24fa7a1f87c1426ba00bc6dd1b1a3755d9c51d6a422b,primary_parent,6c8ab541bc1a19189b647c40498b607f3e629664d01953ef3b612b0a449225f6,toxinpred3_hybrid_score,numeric,true,same_frozen_numeric_contract,minimize,dimensionless,0.0,0.29,0.29,-0.29,true,4a51cee7cb6c48040a2b1542dba7cd0fe5a846ffea2e57456a237e7618014a6d
angpt1,e5750ca53c9b3fa155af8fedd700460d7e273a20b0a570da5c1f356737c90c8d,controlled_crossover,f0bc0d72e8656682a19e24fa7a1f87c1426ba00bc6dd1b1a3755d9c51d6a422b,primary_parent,6c8ab541bc1a19189b647c40498b607f3e629664d01953ef3b612b0a449225f6,toxinpred3_label,categorical,true,same_frozen_label_contract,audit,label,Non-Toxin,Non-Toxin,,,false,3a70efc32cec94220af9ae8d1d239d95d24028f6e976c30d2d5959ade9649f0b
angpt1,e5750ca53c9b3fa155af8fedd700460d7e273a20b0a570da5c1f356737c90c8d,controlled_crossover,f0bc0d72e8656682a19e24fa7a1f87c1426ba00bc6dd1b1a3755d9c51d6a422b,donor_parent,149fc6f772dfacd20b9d374f1666e499aa27972c4f4ccfd96b601bfee0ad4fb7,amp_read_log10_mic_um,numeric,true,same_frozen_numeric_contract,minimize,log10(uM),2.0688299876972245,1.6191785947286854,-0.44965139296853907,0.44965139296853907,true,2411f0362e95d75ae9e82fdafcc510419fa695c9fa7c490e33c9f1980ad76ef7
angpt1,e5750ca53c9b3fa155af8fedd700460d7e273a20b0a570da5c1f356737c90c8d,controlled_crossover,f0bc0d72e8656682a19e24fa7a1f87c1426ba00bc6dd1b1a3755d9c51d6a422b,donor_parent,149fc6f772dfacd20b9d374f1666e499aa27972c4f4ccfd96b601bfee0ad4fb7,guruprasad_instability_index,numeric,true,same_frozen_numeric_contract,minimize,index,-22.980952,-34.461905,-11.480953000000003,11.480953000000003,true,a3003b0fad05a8601ef3e5259239aa87dc930f15910c462094bf2dd738454d2b
angpt1,e5750ca53c9b3fa155af8fedd700460d7e273a20b0a570da5c1f356737c90c8d,controlled_crossover,f0bc0d72e8656682a19e24fa7a1f87c1426ba00bc6dd1b1a3755d9c51d6a422b,donor_parent,149fc6f772dfacd20b9d374f1666e499aa27972c4f4ccfd96b601bfee0ad4fb7,hydrophobic_moment_eisenberg,numeric,false,audit_metric_has_no_monotonic_improvement_direction,audit,dimensionless,0.15637800256226125,0.10317398763002636,-0.053204014932234894,,true,c0afeba67c8977ac2480b518b88d44949662a291db7732baf5697cee0126bba1
angpt1,e5750ca53c9b3fa155af8fedd700460d7e273a20b0a570da5c1f356737c90c8d,controlled_crossover,f0bc0d72e8656682a19e24fa7a1f87c1426ba00bc6dd1b1a3755d9c51d6a422b,donor_parent,149fc6f772dfacd20b9d374f1666e499aa27972c4f4ccfd96b601bfee0ad4fb7,hydrophobic_ratio_modlamp,numeric,false,audit_metric_has_no_monotonic_improvement_direction,audit,fraction,0.0,0.0,0.0,,false,83f7cd1f9d1f703d7c3716c5962b983622fabcdf290aa5b9e47180022788dcad
angpt1,e5750ca53c9b3fa155af8fedd700460d7e273a20b0a570da5c1f356737c90c8d,controlled_crossover,f0bc0d72e8656682a19e24fa7a1f87c1426ba00bc6dd1b1a3755d9c51d6a422b,donor_parent,149fc6f772dfacd20b9d374f1666e499aa27972c4f4ccfd96b601bfee0ad4fb7,llamp_log10_mic_um,numeric,true,same_frozen_numeric_contract,minimize,log10(uM),1.7133651971817017,1.748174786567688,0.03480958938598633,-0.03480958938598633,true,814ea15b04a6d2c98771744e3105d4f59a74b1f2a457ea21b818e42f4847b3cb
angpt1,e5750ca53c9b3fa155af8fedd700460d7e273a20b0a570da5c1f356737c90c8d,controlled_crossover,f0bc0d72e8656682a19e24fa7a1f87c1426ba00bc6dd1b1a3755d9c51d6a422b,donor_parent,149fc6f772dfacd20b9d374f1666e499aa27972c4f4ccfd96b601bfee0ad4fb7,macrel_amp_probability,numeric,true,same_frozen_numeric_contract,maximize,probability,0.426,0.396,-0.02999999999999997,-0.02999999999999997,true,99175b45325bed502d82e7a327197a28abed8d0ede710b5d1adb932b78348a91
angpt1,e5750ca53c9b3fa155af8fedd700460d7e273a20b0a570da5c1f356737c90c8d,controlled_crossover,f0bc0d72e8656682a19e24fa7a1f87c1426ba00bc6dd1b1a3755d9c51d6a422b,donor_parent,149fc6f772dfacd20b9d374f1666e499aa27972c4f4ccfd96b601bfee0ad4fb7,macrel_hemolysis_label,categorical,true,same_frozen_label_contract,audit,label,low,low,,,false,b98b548ab0aa3058bb16a1435a0b661428d52edfd02fdcc94f469daaf2bf3b3a
angpt1,e5750ca53c9b3fa155af8fedd700460d7e273a20b0a570da5c1f356737c90c8d,controlled_crossover,f0bc0d72e8656682a19e24fa7a1f87c1426ba00bc6dd1b1a3755d9c51d6a422b,donor_parent,149fc6f772dfacd20b9d374f1666e499aa27972c4f4ccfd96b601bfee0ad4fb7,macrel_hemolysis_probability,numeric,true,same_frozen_numeric_contract,minimize,probability,0.307,0.238,-0.069,0.069,true,b25586cd550eddcdc158f7702f98bf94e56708ee3159c01cd4b10a8be1835bbb
angpt1,e5750ca53c9b3fa155af8fedd700460d7e273a20b0a570da5c1f356737c90c8d,controlled_crossover,f0bc0d72e8656682a19e24fa7a1f87c1426ba00bc6dd1b1a3755d9c51d6a422b,donor_parent,149fc6f772dfacd20b9d374f1666e499aa27972c4f4ccfd96b601bfee0ad4fb7,maximum_hydrophobic_run,numeric,true,same_frozen_numeric_contract,minimize,residues,0.0,0.0,0.0,-0.0,false,bf21fa765a070fe22e9e134f66682e768b3e757eb3bc32e84f4e75bfb883c410
angpt1,e5750ca53c9b3fa155af8fedd700460d7e273a20b0a570da5c1f356737c90c8d,controlled_crossover,f0bc0d72e8656682a19e24fa7a1f87c1426ba00bc6dd1b1a3755d9c51d6a422b,donor_parent,149fc6f772dfacd20b9d374f1666e499aa27972c4f4ccfd96b601bfee0ad4fb7,net_charge_ph7_4,numeric,false,audit_metric_has_no_monotonic_improvement_direction,audit,elementary_charge,7.029,8.028,0.9990000000000006,,true,2264497edb4e7085eb9ac48866b062819574bc870a1bbf59180198327060e261
angpt1,e5750ca53c9b3fa155af8fedd700460d7e273a20b0a570da5c1f356737c90c8d,controlled_crossover,f0bc0d72e8656682a19e24fa7a1f87c1426ba00bc6dd1b1a3755d9c51d6a422b,donor_parent,149fc6f772dfacd20b9d374f1666e499aa27972c4f4ccfd96b601bfee0ad4fb7,toxinpred3_hybrid_score,numeric,true,same_frozen_numeric_contract,minimize,dimensionless,0.28,0.29,0.009999999999999953,-0.009999999999999953,true,65bd46be9ad1025ac3ee1a2dad5e72e0a998546cfeb9152490c52872c064f152
angpt1,e5750ca53c9b3fa155af8fedd700460d7e273a20b0a570da5c1f356737c90c8d,controlled_crossover,f0bc0d72e8656682a19e24fa7a1f87c1426ba00bc6dd1b1a3755d9c51d6a422b,donor_parent,149fc6f772dfacd20b9d374f1666e499aa27972c4f4ccfd96b601bfee0ad4fb7,toxinpred3_label,categorical,true,same_frozen_label_contract,audit,label,Non-Toxin,Non-Toxin,,,false,1122fccd60653786d2efd6a40537c9db315f6d2b8eb928daa597f69872e782a5
angpt1,1de0c23bba9db4b374b09cd1608134c8c1c475b022cf43094aff5b364a98ae06,de_novo,fd91a04bae2df79cfc78c11d718add342f36aaebb386640207323e2934cf2b3d,none,,amp_read_log10_mic_um,numeric,false,de_novo_has_no_biological_parent,,,,2.7808198334919725,,,,900e3245c4df474e26354cbb85f258ef9be9deaebaa2cb9b7bf64b3eb671537c
angpt1,1de0c23bba9db4b374b09cd1608134c8c1c475b022cf43094aff5b364a98ae06,de_novo,fd91a04bae2df79cfc78c11d718add342f36aaebb386640207323e2934cf2b3d,none,,guruprasad_instability_index,numeric,false,de_novo_has_no_biological_parent,,,,10.556000,,,,eca7cda5dfb728798f1117954c9bafd9888f799e0022d3dbeed601715e1e656a
angpt1,1de0c23bba9db4b374b09cd1608134c8c1c475b022cf43094aff5b364a98ae06,de_novo,fd91a04bae2df79cfc78c11d718add342f36aaebb386640207323e2934cf2b3d,none,,hydrophobic_moment_eisenberg,numeric,false,de_novo_has_no_biological_parent,,,,0.09824510795732032,,,,45e0aed5814f8b8afbd52c7efdc4aa3a989f4f8fb74189bc2a118c34b04522bb
angpt1,1de0c23bba9db4b374b09cd1608134c8c1c475b022cf43094aff5b364a98ae06,de_novo,fd91a04bae2df79cfc78c11d718add342f36aaebb386640207323e2934cf2b3d,none,,hydrophobic_ratio_modlamp,numeric,false,de_novo_has_no_biological_parent,,,,0.08,,,,2896c49ee7625c7f062a7dc408ee773d02bdb5b7a5f6c11b5e2660ff78009728
angpt1,1de0c23bba9db4b374b09cd1608134c8c1c475b022cf43094aff5b364a98ae06,de_novo,fd91a04bae2df79cfc78c11d718add342f36aaebb386640207323e2934cf2b3d,none,,llamp_log10_mic_um,numeric,false,de_novo_has_no_biological_parent,,,,2.300314426422119,,,,3830b211ffd0ee68bdc6f0575cc2b617d8dbf4c5837cc3f1beda1dc90481fbe8
angpt1,1de0c23bba9db4b374b09cd1608134c8c1c475b022cf43094aff5b364a98ae06,de_novo,fd91a04bae2df79cfc78c11d718add342f36aaebb386640207323e2934cf2b3d,none,,macrel_amp_probability,numeric,false,de_novo_has_no_biological_parent,,,,0.257,,,,4c28c13be2f5c2deee52afc536954e0969841aa94043f2c2d3395c53881c4191
angpt1,1de0c23bba9db4b374b09cd1608134c8c1c475b022cf43094aff5b364a98ae06,de_novo,fd91a04bae2df79cfc78c11d718add342f36aaebb386640207323e2934cf2b3d,none,,macrel_hemolysis_label,categorical,false,de_novo_has_no_biological_parent,,,,low,,,,f2bfe9c9c16f4a6e37ba0885c34bc89e51eb7a675b7ec247fe6e4fbacc2a24f7
angpt1,1de0c23bba9db4b374b09cd1608134c8c1c475b022cf43094aff5b364a98ae06,de_novo,fd91a04bae2df79cfc78c11d718add342f36aaebb386640207323e2934cf2b3d,none,,macrel_hemolysis_probability,numeric,false,de_novo_has_no_biological_parent,,,,0.307,,,,6935d9bae072fcb90854a02745393505ad789332d0e6659dd60c17dd8aa8af44
angpt1,1de0c23bba9db4b374b09cd1608134c8c1c475b022cf43094aff5b364a98ae06,de_novo,fd91a04bae2df79cfc78c11d718add342f36aaebb386640207323e2934cf2b3d,none,,maximum_hydrophobic_run,numeric,false,de_novo_has_no_biological_parent,,,,1,,,,4553b5b493f2becdbbb697d01f22383497f79a2515a939b7beb92c11782b8142
angpt1,1de0c23bba9db4b374b09cd1608134c8c1c475b022cf43094aff5b364a98ae06,de_novo,fd91a04bae2df79cfc78c11d718add342f36aaebb386640207323e2934cf2b3d,none,,net_charge_ph7_4,numeric,false,de_novo_has_no_biological_parent,,,,5.988,,,,676e361fb11633f29587ab49850d7ace6d99e90f1fc38d486adbfcb9f18e52ba
angpt1,1de0c23bba9db4b374b09cd1608134c8c1c475b022cf43094aff5b364a98ae06,de_novo,fd91a04bae2df79cfc78c11d718add342f36aaebb386640207323e2934cf2b3d,none,,toxinpred3_hybrid_score,numeric,false,de_novo_has_no_biological_parent,,,,0.0,,,,bb2ddfb7c12dfd72ae2e8cfd38c508e0bb7feb6d9bd7b250e7f263fd87c1db85
angpt1,1de0c23bba9db4b374b09cd1608134c8c1c475b022cf43094aff5b364a98ae06,de_novo,fd91a04bae2df79cfc78c11d718add342f36aaebb386640207323e2934cf2b3d,none,,toxinpred3_label,categorical,false,de_novo_has_no_biological_parent,,,,Non-Toxin,,,,58e290b94b94321e60e433e461e6cbc2b2b6cf156f0a0672a4835c3c41c08e4e
angpt1,edfbd21583e31216edc3c237f8b95badc13252905910d7f84749c7b5d8cc72b4,de_novo,8477c9c4a9fe83f96e3727b2c9cdd1f430f75b6123d7832fd5646c62e5cb55d6,none,,amp_read_log10_mic_um,numeric,false,de_novo_has_no_biological_parent,,,,3.219269468941827,,,,d730a6d7b9e393caaa05cce01af78d2f445767703269a1df936e885f4a62cf32
angpt1,edfbd21583e31216edc3c237f8b95badc13252905910d7f84749c7b5d8cc72b4,de_novo,8477c9c4a9fe83f96e3727b2c9cdd1f430f75b6123d7832fd5646c62e5cb55d6,none,,guruprasad_instability_index,numeric,false,de_novo_has_no_biological_parent,,,,32.138462,,,,f1acf06560bcfe356f71eedd9c9d4cc3f4e35acbcb5cec87696b1d3e6a52d1b8
angpt1,edfbd21583e31216edc3c237f8b95badc13252905910d7f84749c7b5d8cc72b4,de_novo,8477c9c4a9fe83f96e3727b2c9cdd1f430f75b6123d7832fd5646c62e5cb55d6,none,,hydrophobic_moment_eisenberg,numeric,false,de_novo_has_no_biological_parent,,,,0.08367258801941674,,,,154c172073b910629421c185d1d078fe7a9933e641fc7fa8f5146438398339f1
angpt1,edfbd21583e31216edc3c237f8b95badc13252905910d7f84749c7b5d8cc72b4,de_novo,8477c9c4a9fe83f96e3727b2c9cdd1f430f75b6123d7832fd5646c62e5cb55d6,none,,hydrophobic_ratio_modlamp,numeric,false,de_novo_has_no_biological_parent,,,,0.07692307692307693,,,,26b6c967abb443bfb58ca7af35938d3822ab764784dd144ae2568af64ef37dd1
angpt1,edfbd21583e31216edc3c237f8b95badc13252905910d7f84749c7b5d8cc72b4,de_novo,8477c9c4a9fe83f96e3727b2c9cdd1f430f75b6123d7832fd5646c62e5cb55d6,none,,llamp_log10_mic_um,numeric,false,de_novo_has_no_biological_parent,,,,1.701621174812317,,,,4894e4b812be79c61d9f50f1eb833302e81c56c738a8ae3fc2e46ac2878e6b7c
angpt1,edfbd21583e31216edc3c237f8b95badc13252905910d7f84749c7b5d8cc72b4,de_novo,8477c9c4a9fe83f96e3727b2c9cdd1f430f75b6123d7832fd5646c62e5cb55d6,none,,macrel_amp_probability,numeric,false,de_novo_has_no_biological_parent,,,,0.178,,,,48dbae0f977303c3b8fb3245a2530f18a6181052ff750586d7b3373c6049080e
angpt1,edfbd21583e31216edc3c237f8b95badc13252905910d7f84749c7b5d8cc72b4,de_novo,8477c9c4a9fe83f96e3727b2c9cdd1f430f75b6123d7832fd5646c62e5cb55d6,none,,macrel_hemolysis_label,categorical,false,de_novo_has_no_biological_parent,,,,low,,,,7df22b73f26350156b52bdd45cfc11c9995959e0ab462fefa13d84cfc2df7b6a
angpt1,edfbd21583e31216edc3c237f8b95badc13252905910d7f84749c7b5d8cc72b4,de_novo,8477c9c4a9fe83f96e3727b2c9cdd1f430f75b6123d7832fd5646c62e5cb55d6,none,,macrel_hemolysis_probability,numeric,false,de_novo_has_no_biological_parent,,,,0.238,,,,e6007677002ac5953b1d383660962081b6b9ea1e569a7f2f7ca12ea086f59f60
angpt1,edfbd21583e31216edc3c237f8b95badc13252905910d7f84749c7b5d8cc72b4,de_novo,8477c9c4a9fe83f96e3727b2c9cdd1f430f75b6123d7832fd5646c62e5cb55d6,none,,maximum_hydrophobic_run,numeric,false,de_novo_has_no_biological_parent,,,,1,,,,b38354c011d948b2e638e0409cec1e58dd11f3364ac4b4538795c80fcb634366
angpt1,edfbd21583e31216edc3c237f8b95badc13252905910d7f84749c7b5d8cc72b4,de_novo,8477c9c4a9fe83f96e3727b2c9cdd1f430f75b6123d7832fd5646c62e5cb55d6,none,,net_charge_ph7_4,numeric,false,de_novo_has_no_biological_parent,,,,6.987,,,,285298aa00a75f3ffa18be5ee417a1146ed3638cd0ddeefdc4731f87deb4f8e0
angpt1,edfbd21583e31216edc3c237f8b95badc13252905910d7f84749c7b5d8cc72b4,de_novo,8477c9c4a9fe83f96e3727b2c9cdd1f430f75b6123d7832fd5646c62e5cb55d6,none,,toxinpred3_hybrid_score,numeric,false,de_novo_has_no_biological_parent,,,,0.0,,,,4773972f158dd8995ad11fe3efecbb68a9011345813b8268161165a8492aee02
angpt1,edfbd21583e31216edc3c237f8b95badc13252905910d7f84749c7b5d8cc72b4,de_novo,8477c9c4a9fe83f96e3727b2c9cdd1f430f75b6123d7832fd5646c62e5cb55d6,none,,toxinpred3_label,categorical,false,de_novo_has_no_biological_parent,,,,Non-Toxin,,,,d8376ca12a9a818000e1b3757e522e8954471a314644515188c5b3998d807b2a
angpt1,e5d08f2262ff018c3496bfd9893e092d1b3bcf01ac7e3d6a3146af503aede981,masked_substitution,37890de56f88e3c717d0f8a6258628962b20717cc2a85ebe8d693b9eb92eee27,primary_parent,04bbb8f66cf48119e001c6647f0a82758d21a5275e74dac6fa1819b6bb7dc86d,amp_read_log10_mic_um,numeric,true,same_frozen_numeric_contract,minimize,log10(uM),1.0684135954698575,1.2796717059888827,0.2112581105190252,-0.2112581105190252,true,0be106a03df83b4f405428374cdafb73fc12a678a3cfb3ee8b051e083190db7d
angpt1,e5d08f2262ff018c3496bfd9893e092d1b3bcf01ac7e3d6a3146af503aede981,masked_substitution,37890de56f88e3c717d0f8a6258628962b20717cc2a85ebe8d693b9eb92eee27,primary_parent,04bbb8f66cf48119e001c6647f0a82758d21a5275e74dac6fa1819b6bb7dc86d,guruprasad_instability_index,numeric,true,same_frozen_numeric_contract,minimize,index,-5.666667,-1.62381,4.042857000000001,-4.042857000000001,true,bb18aa4be6942a399b7e0ca59779a533c32cb9fc0913f98c03abaea63b131b48
angpt1,e5d08f2262ff018c3496bfd9893e092d1b3bcf01ac7e3d6a3146af503aede981,masked_substitution,37890de56f88e3c717d0f8a6258628962b20717cc2a85ebe8d693b9eb92eee27,primary_parent,04bbb8f66cf48119e001c6647f0a82758d21a5275e74dac6fa1819b6bb7dc86d,hydrophobic_moment_eisenberg,numeric,false,audit_metric_has_no_monotonic_improvement_direction,audit,dimensionless,0.32070620328403215,0.28792660990650787,-0.032779593377524285,,true,2e35775a0515b1709d3e24e98aa8bbd5558936ef3c4c225d5445791460e9e09d
angpt1,e5d08f2262ff018c3496bfd9893e092d1b3bcf01ac7e3d6a3146af503aede981,masked_substitution,37890de56f88e3c717d0f8a6258628962b20717cc2a85ebe8d693b9eb92eee27,primary_parent,04bbb8f66cf48119e001c6647f0a82758d21a5275e74dac6fa1819b6bb7dc86d,hydrophobic_ratio_modlamp,numeric,false,audit_metric_has_no_monotonic_improvement_direction,audit,fraction,0.14285714285714285,0.14285714285714285,0.0,,false,1fe4a745ede45062e4134d96b73881725354d68ed5d92df89febc55e1a8db599
angpt1,e5d08f2262ff018c3496bfd9893e092d1b3bcf01ac7e3d6a3146af503aede981,masked_substitution,37890de56f88e3c717d0f8a6258628962b20717cc2a85ebe8d693b9eb92eee27,primary_parent,04bbb8f66cf48119e001c6647f0a82758d21a5275e74dac6fa1819b6bb7dc86d,llamp_log10_mic_um,numeric,true,same_frozen_numeric_contract,minimize,log10(uM),1.2577025890350342,1.343164086341858,0.08546149730682373,-0.08546149730682373,true,c2ffcb32d1d22a2dd4e42ea88a781be7c91f08d10f2f8d9a03002a93edbf690e
angpt1,e5d08f2262ff018c3496bfd9893e092d1b3bcf01ac7e3d6a3146af503aede981,masked_substitution,37890de56f88e3c717d0f8a6258628962b20717cc2a85ebe8d693b9eb92eee27,primary_parent,04bbb8f66cf48119e001c6647f0a82758d21a5275e74dac6fa1819b6bb7dc86d,macrel_amp_probability,numeric,true,same_frozen_numeric_contract,maximize,probability,0.317,0.327,0.010000000000000009,0.010000000000000009,true,a9cfc97182823af10085f304287eb65ddb113d90bf7acac53859a02626005361
angpt1,e5d08f2262ff018c3496bfd9893e092d1b3bcf01ac7e3d6a3146af503aede981,masked_substitution,37890de56f88e3c717d0f8a6258628962b20717cc2a85ebe8d693b9eb92eee27,primary_parent,04bbb8f66cf48119e001c6647f0a82758d21a5275e74dac6fa1819b6bb7dc86d,macrel_hemolysis_label,categorical,true,same_frozen_label_contract,audit,label,low,low,,,false,de5fd123e9341e1be8b38922b844c6d25c9815d727d4833575f32d6b0ba3ef39
angpt1,e5d08f2262ff018c3496bfd9893e092d1b3bcf01ac7e3d6a3146af503aede981,masked_substitution,37890de56f88e3c717d0f8a6258628962b20717cc2a85ebe8d693b9eb92eee27,primary_parent,04bbb8f66cf48119e001c6647f0a82758d21a5275e74dac6fa1819b6bb7dc86d,macrel_hemolysis_probability,numeric,true,same_frozen_numeric_contract,minimize,probability,0.406,0.356,-0.050000000000000044,0.050000000000000044,true,acc0910e6429dc0901a8ff01e73761b5c1e43f1f4a0435bec7b3e878b0e48d08
angpt1,e5d08f2262ff018c3496bfd9893e092d1b3bcf01ac7e3d6a3146af503aede981,masked_substitution,37890de56f88e3c717d0f8a6258628962b20717cc2a85ebe8d693b9eb92eee27,primary_parent,04bbb8f66cf48119e001c6647f0a82758d21a5275e74dac6fa1819b6bb7dc86d,maximum_hydrophobic_run,numeric,true,same_frozen_numeric_contract,minimize,residues,2.0,2.0,0.0,-0.0,false,6dd3684f3b074c8f52383fa74b37f2c6e038bd023b63999eb63979bbf551fa9b
angpt1,e5d08f2262ff018c3496bfd9893e092d1b3bcf01ac7e3d6a3146af503aede981,masked_substitution,37890de56f88e3c717d0f8a6258628962b20717cc2a85ebe8d693b9eb92eee27,primary_parent,04bbb8f66cf48119e001c6647f0a82758d21a5275e74dac6fa1819b6bb7dc86d,net_charge_ph7_4,numeric,false,audit_metric_has_no_monotonic_improvement_direction,audit,elementary_charge,8.984,7.985,-0.9989999999999997,,true,5ac58aafc5e37dda2d762a4888ec4ef4a115d0f7b55df7d0496aa9e9befb278d
angpt1,e5d08f2262ff018c3496bfd9893e092d1b3bcf01ac7e3d6a3146af503aede981,masked_substitution,37890de56f88e3c717d0f8a6258628962b20717cc2a85ebe8d693b9eb92eee27,primary_parent,04bbb8f66cf48119e001c6647f0a82758d21a5275e74dac6fa1819b6bb7dc86d,toxinpred3_hybrid_score,numeric,true,same_frozen_numeric_contract,minimize,dimensionless,0.0,0.0,0.0,-0.0,false,2d45e19e8e203c821689a64cc2cce6b150388b7b17805a373e696bd4bd8d5623
angpt1,e5d08f2262ff018c3496bfd9893e092d1b3bcf01ac7e3d6a3146af503aede981,masked_substitution,37890de56f88e3c717d0f8a6258628962b20717cc2a85ebe8d693b9eb92eee27,primary_parent,04bbb8f66cf48119e001c6647f0a82758d21a5275e74dac6fa1819b6bb7dc86d,toxinpred3_label,categorical,true,same_frozen_label_contract,audit,label,Non-Toxin,Non-Toxin,,,false,4740fe5865ade29b1318ada9d12b3d7b4360831ac9fdde8d10496a2c3b6529b9
angpt1,074d0684209bb21772edf98c592d5d5b06039c057168807dcdda05fa65e749ad,controlled_crossover,00bbe53b14afdef09bad2d15ab0e000b01b60ddd50e5094ded64142e3f617556,primary_parent,11b1835ae8fa671bed409a01dba1f66d3160cec080e155e51d94f5ee1533b527,amp_read_log10_mic_um,numeric,true,same_frozen_numeric_contract,minimize,log10(uM),1.6786354578903795,1.774379043723917,0.09574358583353759,-0.09574358583353759,true,2b51aa072e6b5b4f4a5df01295480dbac1fc3ee5df7a2def7e31b13eab4ce0b3
angpt1,074d0684209bb21772edf98c592d5d5b06039c057168807dcdda05fa65e749ad,controlled_crossover,00bbe53b14afdef09bad2d15ab0e000b01b60ddd50e5094ded64142e3f617556,primary_parent,11b1835ae8fa671bed409a01dba1f66d3160cec080e155e51d94f5ee1533b527,guruprasad_instability_index,numeric,true,same_frozen_numeric_contract,minimize,index,-18.126087,-34.286957,-16.160870000000003,16.160870000000003,true,809475b8599d9b6e0a8818b84b38368fd35a92da0d68db7002383cb6a77cc405
angpt1,074d0684209bb21772edf98c592d5d5b06039c057168807dcdda05fa65e749ad,controlled_crossover,00bbe53b14afdef09bad2d15ab0e000b01b60ddd50e5094ded64142e3f617556,primary_parent,11b1835ae8fa671bed409a01dba1f66d3160cec080e155e51d94f5ee1533b527,hydrophobic_moment_eisenberg,numeric,false,audit_metric_has_no_monotonic_improvement_direction,audit,dimensionless,0.09624985596101412,0.1418106933926358,0.045560837431621676,,true,a32ada58c163d246f65d0bb3e333dc36b595e719cca14b9070f749951ade4ecb
angpt1,074d0684209bb21772edf98c592d5d5b06039c057168807dcdda05fa65e749ad,controlled_crossover,00bbe53b14afdef09bad2d15ab0e000b01b60ddd50e5094ded64142e3f617556,primary_parent,11b1835ae8fa671bed409a01dba1f66d3160cec080e155e51d94f5ee1533b527,hydrophobic_ratio_modlamp,numeric,false,audit_metric_has_no_monotonic_improvement_direction,audit,fraction,0.0,0.0,0.0,,false,f008f336d802b6ec5f6e6560638c9b2abdd6fbe779c4f52350553c026d73d138
angpt1,074d0684209bb21772edf98c592d5d5b06039c057168807dcdda05fa65e749ad,controlled_crossover,00bbe53b14afdef09bad2d15ab0e000b01b60ddd50e5094ded64142e3f617556,primary_parent,11b1835ae8fa671bed409a01dba1f66d3160cec080e155e51d94f5ee1533b527,llamp_log10_mic_um,numeric,true,same_frozen_numeric_contract,minimize,log10(uM),1.3527401685714722,1.5353062152862549,0.18256604671478271,-0.18256604671478271,true,4c5a2acc3320454755f996bb6ef387b98c08dc283f21867d7735d66a08e42c6c
angpt1,074d0684209bb21772edf98c592d5d5b06039c057168807dcdda05fa65e749ad,controlled_crossover,00bbe53b14afdef09bad2d15ab0e000b01b60ddd50e5094ded64142e3f617556,primary_parent,11b1835ae8fa671bed409a01dba1f66d3160cec080e155e51d94f5ee1533b527,macrel_amp_probability,numeric,true,same_frozen_numeric_contract,maximize,probability,0.495,0.386,-0.10899999999999999,-0.10899999999999999,true,2dcf1dd044dbb3d095f38d35fd8e821b9641f9a20e745e5a842a42e553e3df0f
angpt1,074d0684209bb21772edf98c592d5d5b06039c057168807dcdda05fa65e749ad,controlled_crossover,00bbe53b14afdef09bad2d15ab0e000b01b60ddd50e5094ded64142e3f617556,primary_parent,11b1835ae8fa671bed409a01dba1f66d3160cec080e155e51d94f5ee1533b527,macrel_hemolysis_label,categorical,true,same_frozen_label_contract,audit,label,low,low,,,false,d227b666c68f493e3f1dfa9175f6709e47f1227095817d4bd10036b5dfb4a300
angpt1,074d0684209bb21772edf98c592d5d5b06039c057168807dcdda05fa65e749ad,controlled_crossover,00bbe53b14afdef09bad2d15ab0e000b01b60ddd50e5094ded64142e3f617556,primary_parent,11b1835ae8fa671bed409a01dba1f66d3160cec080e155e51d94f5ee1533b527,macrel_hemolysis_probability,numeric,true,same_frozen_numeric_contract,minimize,probability,0.446,0.465,0.019000000000000017,-0.019000000000000017,true,bb42b69c9a67fa55e1fc310c4865431e216e5bc2352b5f7dde21d658e19d95da
angpt1,074d0684209bb21772edf98c592d5d5b06039c057168807dcdda05fa65e749ad,controlled_crossover,00bbe53b14afdef09bad2d15ab0e000b01b60ddd50e5094ded64142e3f617556,primary_parent,11b1835ae8fa671bed409a01dba1f66d3160cec080e155e51d94f5ee1533b527,maximum_hydrophobic_run,numeric,true,same_frozen_numeric_contract,minimize,residues,0.0,0.0,0.0,-0.0,false,a10087b3f5c2643b5da449f04620ae741c09200217209b99d20781250fde3116
angpt1,074d0684209bb21772edf98c592d5d5b06039c057168807dcdda05fa65e749ad,controlled_crossover,00bbe53b14afdef09bad2d15ab0e000b01b60ddd50e5094ded64142e3f617556,primary_parent,11b1835ae8fa671bed409a01dba1f66d3160cec080e155e51d94f5ee1533b527,net_charge_ph7_4,numeric,false,audit_metric_has_no_monotonic_improvement_direction,audit,elementary_charge,10.985,10.028,-0.956999999999999,,true,f519a0e6f631356cfef9730f32e8b8f10ed1080d66d826150bcadddf17a80e1c
angpt1,074d0684209bb21772edf98c592d5d5b06039c057168807dcdda05fa65e749ad,controlled_crossover,00bbe53b14afdef09bad2d15ab0e000b01b60ddd50e5094ded64142e3f617556,primary_parent,11b1835ae8fa671bed409a01dba1f66d3160cec080e155e51d94f5ee1533b527,toxinpred3_hybrid_score,numeric,true,same_frozen_numeric_contract,minimize,dimensionless,0.355,0.33,-0.024999999999999967,0.024999999999999967,true,6fc2c1be9b572abaf163660a460436266821181f0a79313d2522e2456893ec8b
angpt1,074d0684209bb21772edf98c592d5d5b06039c057168807dcdda05fa65e749ad,controlled_crossover,00bbe53b14afdef09bad2d15ab0e000b01b60ddd50e5094ded64142e3f617556,primary_parent,11b1835ae8fa671bed409a01dba1f66d3160cec080e155e51d94f5ee1533b527,toxinpred3_label,categorical,true,same_frozen_label_contract,audit,label,Non-Toxin,Non-Toxin,,,false,092cd5e8faf1f100d632001bd8e20f7a35a4e9017166b5876c19ea8268c85b40
angpt1,074d0684209bb21772edf98c592d5d5b06039c057168807dcdda05fa65e749ad,controlled_crossover,00bbe53b14afdef09bad2d15ab0e000b01b60ddd50e5094ded64142e3f617556,donor_parent,149fc6f772dfacd20b9d374f1666e499aa27972c4f4ccfd96b601bfee0ad4fb7,amp_read_log10_mic_um,numeric,true,same_frozen_numeric_contract,minimize,log10(uM),2.0688299876972245,1.774379043723917,-0.2944509439733074,0.2944509439733074,true,388ff0f31cc430ffccc327cb7bbcf72e90e0a030f12309a938c9eb67c55d3ed6
angpt1,074d0684209bb21772edf98c592d5d5b06039c057168807dcdda05fa65e749ad,controlled_crossover,00bbe53b14afdef09bad2d15ab0e000b01b60ddd50e5094ded64142e3f617556,donor_parent,149fc6f772dfacd20b9d374f1666e499aa27972c4f4ccfd96b601bfee0ad4fb7,guruprasad_instability_index,numeric,true,same_frozen_numeric_contract,minimize,index,-22.980952,-34.286957,-11.306005000000003,11.306005000000003,true,fb556c19999787bd2269893a75830eaa74d9978fc1ef80631b192671c00179a0
angpt1,074d0684209bb21772edf98c592d5d5b06039c057168807dcdda05fa65e749ad,controlled_crossover,00bbe53b14afdef09bad2d15ab0e000b01b60ddd50e5094ded64142e3f617556,donor_parent,149fc6f772dfacd20b9d374f1666e499aa27972c4f4ccfd96b601bfee0ad4fb7,hydrophobic_moment_eisenberg,numeric,false,audit_metric_has_no_monotonic_improvement_direction,audit,dimensionless,0.15637800256226125,0.1418106933926358,-0.014567309169625453,,true,7b95f61bd833344352172f2acac504b74799a194c23de367bd63301afae3041e
angpt1,074d0684209bb21772edf98c592d5d5b06039c057168807dcdda05fa65e749ad,controlled_crossover,00bbe53b14afdef09bad2d15ab0e000b01b60ddd50e5094ded64142e3f617556,donor_parent,149fc6f772dfacd20b9d374f1666e499aa27972c4f4ccfd96b601bfee0ad4fb7,hydrophobic_ratio_modlamp,numeric,false,audit_metric_has_no_monotonic_improvement_direction,audit,fraction,0.0,0.0,0.0,,false,523c81961a7a89cde64107a236406f653e29e43a474502ca34e69a19d7ca12b5
angpt1,074d0684209bb21772edf98c592d5d5b06039c057168807dcdda05fa65e749ad,controlled_crossover,00bbe53b14afdef09bad2d15ab0e000b01b60ddd50e5094ded64142e3f617556,donor_parent,149fc6f772dfacd20b9d374f1666e499aa27972c4f4ccfd96b601bfee0ad4fb7,llamp_log10_mic_um,numeric,true,same_frozen_numeric_contract,minimize,log10(uM),1.7133651971817017,1.5353062152862549,-0.17805898189544678,0.17805898189544678,true,fb3b9ad38a42d690dcb33c5cd3dc8d52fcc71a743098919d039f59bfbce3a6d5
angpt1,074d0684209bb21772edf98c592d5d5b06039c057168807dcdda05fa65e749ad,controlled_crossover,00bbe53b14afdef09bad2d15ab0e000b01b60ddd50e5094ded64142e3f617556,donor_parent,149fc6f772dfacd20b9d374f1666e499aa27972c4f4ccfd96b601bfee0ad4fb7,macrel_amp_probability,numeric,true,same_frozen_numeric_contract,maximize,probability,0.426,0.386,-0.03999999999999998,-0.03999999999999998,true,a18126477f19c09a8fd033950815cd1bc2825c2ec8cb7666c718a458bcd9b5b8
angpt1,074d0684209bb21772edf98c592d5d5b06039c057168807dcdda05fa65e749ad,controlled_crossover,00bbe53b14afdef09bad2d15ab0e000b01b60ddd50e5094ded64142e3f617556,donor_parent,149fc6f772dfacd20b9d374f1666e499aa27972c4f4ccfd96b601bfee0ad4fb7,macrel_hemolysis_label,categorical,true,same_frozen_label_contract,audit,label,low,low,,,false,8736dc7fbfbfa9ca65302b607e48f81719e4619089087a361f23faae463f063f
angpt1,074d0684209bb21772edf98c592d5d5b06039c057168807dcdda05fa65e749ad,controlled_crossover,00bbe53b14afdef09bad2d15ab0e000b01b60ddd50e5094ded64142e3f617556,donor_parent,149fc6f772dfacd20b9d374f1666e499aa27972c4f4ccfd96b601bfee0ad4fb7,macrel_hemolysis_probability,numeric,true,same_frozen_numeric_contract,minimize,probability,0.307,0.465,0.15800000000000003,-0.15800000000000003,true,a1da11b83387d9e1f773c4192dfa0995d839b6b446bbaad8571637f2c6bad7df
angpt1,074d0684209bb21772edf98c592d5d5b06039c057168807dcdda05fa65e749ad,controlled_crossover,00bbe53b14afdef09bad2d15ab0e000b01b60ddd50e5094ded64142e3f617556,donor_parent,149fc6f772dfacd20b9d374f1666e499aa27972c4f4ccfd96b601bfee0ad4fb7,maximum_hydrophobic_run,numeric,true,same_frozen_numeric_contract,minimize,residues,0.0,0.0,0.0,-0.0,false,1a49a18e45c054cc720200ece27319dd341f6d587da4b97157e1bc0f1111d279
angpt1,074d0684209bb21772edf98c592d5d5b06039c057168807dcdda05fa65e749ad,controlled_crossover,00bbe53b14afdef09bad2d15ab0e000b01b60ddd50e5094ded64142e3f617556,donor_parent,149fc6f772dfacd20b9d374f1666e499aa27972c4f4ccfd96b601bfee0ad4fb7,net_charge_ph7_4,numeric,false,audit_metric_has_no_monotonic_improvement_direction,audit,elementary_charge,7.029,10.028,2.9990000000000006,,true,906c3e193569c5acb8ade19ef113cfd4aa82983c7dc26a1c8a9436c48c92f02b
angpt1,074d0684209bb21772edf98c592d5d5b06039c057168807dcdda05fa65e749ad,controlled_crossover,00bbe53b14afdef09bad2d15ab0e000b01b60ddd50e5094ded64142e3f617556,donor_parent,149fc6f772dfacd20b9d374f1666e499aa27972c4f4ccfd96b601bfee0ad4fb7,toxinpred3_hybrid_score,numeric,true,same_frozen_numeric_contract,minimize,dimensionless,0.28,0.33,0.04999999999999999,-0.04999999999999999,true,45d41f06e9b0238abfbc35cd1135dd9687968e61275baead85276dbff26ce5f2
angpt1,074d0684209bb21772edf98c592d5d5b06039c057168807dcdda05fa65e749ad,controlled_crossover,00bbe53b14afdef09bad2d15ab0e000b01b60ddd50e5094ded64142e3f617556,donor_parent,149fc6f772dfacd20b9d374f1666e499aa27972c4f4ccfd96b601bfee0ad4fb7,toxinpred3_label,categorical,true,same_frozen_label_contract,audit,label,Non-Toxin,Non-Toxin,,,false,e688337e5bf59582e13247b384c743bf859dea69f38031c6c5290c026706273d
angpt1,2d558db0382024c233c01dc006a508bca883a40036a956a80efd1d71767e156d,de_novo,087667e04a21aef40c4d9932d228ec5614d5dfcf602cad5deee065e5b3204775,none,,amp_read_log10_mic_um,numeric,false,de_novo_has_no_biological_parent,,,,1.563739171813742,,,,7904556cb459ab528758bb6581fd520cfda90d9afbd288b9a88e3b4175b499c3
angpt1,2d558db0382024c233c01dc006a508bca883a40036a956a80efd1d71767e156d,de_novo,087667e04a21aef40c4d9932d228ec5614d5dfcf602cad5deee065e5b3204775,none,,guruprasad_instability_index,numeric,false,de_novo_has_no_biological_parent,,,,0.480000,,,,d7f18f17f5f7dca77d97a520ab013cb924f2b014008f1c565a69b3e634445a80
angpt1,2d558db0382024c233c01dc006a508bca883a40036a956a80efd1d71767e156d,de_novo,087667e04a21aef40c4d9932d228ec5614d5dfcf602cad5deee065e5b3204775,none,,hydrophobic_moment_eisenberg,numeric,false,de_novo_has_no_biological_parent,,,,0.03332146615082885,,,,98d02acbd42535e5424a779c75e392ab74838fcced22e006ea123b39e576555c
angpt1,2d558db0382024c233c01dc006a508bca883a40036a956a80efd1d71767e156d,de_novo,087667e04a21aef40c4d9932d228ec5614d5dfcf602cad5deee065e5b3204775,none,,hydrophobic_ratio_modlamp,numeric,false,de_novo_has_no_biological_parent,,,,0.12,,,,ee3d1050f390912600e274da15a43d15707cb816e996b63d59138abba4182d39
angpt1,2d558db0382024c233c01dc006a508bca883a40036a956a80efd1d71767e156d,de_novo,087667e04a21aef40c4d9932d228ec5614d5dfcf602cad5deee065e5b3204775,none,,llamp_log10_mic_um,numeric,false,de_novo_has_no_biological_parent,,,,1.3438620567321777,,,,ad3ffd059705ed10c7a7b71ae1f8c0381e6842eb912cfbd46a1bc85732e1cf6a
angpt1,2d558db0382024c233c01dc006a508bca883a40036a956a80efd1d71767e156d,de_novo,087667e04a21aef40c4d9932d228ec5614d5dfcf602cad5deee065e5b3204775,none,,macrel_amp_probability,numeric,false,de_novo_has_no_biological_parent,,,,0.366,,,,4bfff5baeb583ddf718e06e1338663523840844c951e1e994e7bc314258bcc83
angpt1,2d558db0382024c233c01dc006a508bca883a40036a956a80efd1d71767e156d,de_novo,087667e04a21aef40c4d9932d228ec5614d5dfcf602cad5deee065e5b3204775,none,,macrel_hemolysis_label,categorical,false,de_novo_has_no_biological_parent,,,,high,,,,ee27a82400a96ad3bb7759fa20a4944f940c4c148c386f60c47debe412dbab62
angpt1,2d558db0382024c233c01dc006a508bca883a40036a956a80efd1d71767e156d,de_novo,087667e04a21aef40c4d9932d228ec5614d5dfcf602cad5deee065e5b3204775,none,,macrel_hemolysis_probability,numeric,false,de_novo_has_no_biological_parent,,,,0.505,,,,adab5a0ce3f35df749da8b12218f05dc631cad57633b0d15b7e69564a8799952
angpt1,2d558db0382024c233c01dc006a508bca883a40036a956a80efd1d71767e156d,de_novo,087667e04a21aef40c4d9932d228ec5614d5dfcf602cad5deee065e5b3204775,none,,maximum_hydrophobic_run,numeric,false,de_novo_has_no_biological_parent,,,,2,,,,0d6c3a2e2b7d4af28309b4406f07b9201387d9317046c7985ee946098f989e24
angpt1,2d558db0382024c233c01dc006a508bca883a40036a956a80efd1d71767e156d,de_novo,087667e04a21aef40c4d9932d228ec5614d5dfcf602cad5deee065e5b3204775,none,,net_charge_ph7_4,numeric,false,de_novo_has_no_biological_parent,,,,10.11,,,,c33345742c3530fce2042cd288e7e3e9ca662b5aa46367ef15c12b6d46c8b2a6
angpt1,2d558db0382024c233c01dc006a508bca883a40036a956a80efd1d71767e156d,de_novo,087667e04a21aef40c4d9932d228ec5614d5dfcf602cad5deee065e5b3204775,none,,toxinpred3_hybrid_score,numeric,false,de_novo_has_no_biological_parent,,,,0.37,,,,9cb9aa0d627ab66635fe1c63b04d82fc96bec270bd8c565ce29fdd0a5b84eabd
angpt1,2d558db0382024c233c01dc006a508bca883a40036a956a80efd1d71767e156d,de_novo,087667e04a21aef40c4d9932d228ec5614d5dfcf602cad5deee065e5b3204775,none,,toxinpred3_label,categorical,false,de_novo_has_no_biological_parent,,,,Non-Toxin,,,,25d039b3f0027a5e674ea97c10397ffc19552cf86edd8f5d1501df61c15806a2
angpt1,baac0f3ae3ff06de19afb6bd28cc4f7235434dd8625a29e597f783db8740a7fc,de_novo,4a0a47ec138a23600e296c94148f76cc7e787eb894ef7bedfb4451358c44ef97,none,,amp_read_log10_mic_um,numeric,false,de_novo_has_no_biological_parent,,,,1.8780074036629237,,,,c061280e271da20910766de4143cde766d259ddb0e7535d069fc448807c99775
angpt1,baac0f3ae3ff06de19afb6bd28cc4f7235434dd8625a29e597f783db8740a7fc,de_novo,4a0a47ec138a23600e296c94148f76cc7e787eb894ef7bedfb4451358c44ef97,none,,guruprasad_instability_index,numeric,false,de_novo_has_no_biological_parent,,,,15.966667,,,,0bc7c72c9c9d54092019162266ac3357c392578d6fdf4a25f73398c43e2f366b
angpt1,baac0f3ae3ff06de19afb6bd28cc4f7235434dd8625a29e597f783db8740a7fc,de_novo,4a0a47ec138a23600e296c94148f76cc7e787eb894ef7bedfb4451358c44ef97,none,,hydrophobic_moment_eisenberg,numeric,false,de_novo_has_no_biological_parent,,,,0.11704571531585135,,,,c6f5f4b09bfb4a92ea4bc052516cac55b0c850a244034e108d7d22fba2ad65e2
angpt1,baac0f3ae3ff06de19afb6bd28cc4f7235434dd8625a29e597f783db8740a7fc,de_novo,4a0a47ec138a23600e296c94148f76cc7e787eb894ef7bedfb4451358c44ef97,none,,hydrophobic_ratio_modlamp,numeric,false,de_novo_has_no_biological_parent,,,,0.08333333333333333,,,,d047156aa947a2ff1601a732eb7a954fc5f824eb5e41876ad15972b218ff450e
angpt1,baac0f3ae3ff06de19afb6bd28cc4f7235434dd8625a29e597f783db8740a7fc,de_novo,4a0a47ec138a23600e296c94148f76cc7e787eb894ef7bedfb4451358c44ef97,none,,llamp_log10_mic_um,numeric,false,de_novo_has_no_biological_parent,,,,1.3280837535858154,,,,28978f79d6153cc352326cde81e86ebec89224c85d4c6528b02aada9e0899c9c
angpt1,baac0f3ae3ff06de19afb6bd28cc4f7235434dd8625a29e597f783db8740a7fc,de_novo,4a0a47ec138a23600e296c94148f76cc7e787eb894ef7bedfb4451358c44ef97,none,,macrel_amp_probability,numeric,false,de_novo_has_no_biological_parent,,,,0.188,,,,7453bdb83fc8c223b7fd7503c2491832dbb7fef7c4bcf0c2b46fb1b7bcebef2b
angpt1,baac0f3ae3ff06de19afb6bd28cc4f7235434dd8625a29e597f783db8740a7fc,de_novo,4a0a47ec138a23600e296c94148f76cc7e787eb894ef7bedfb4451358c44ef97,none,,macrel_hemolysis_label,categorical,false,de_novo_has_no_biological_parent,,,,low,,,,c91fe1cf778d170d7aca15e1422333b53c0bbc1b9caa721abb4855c9b4007d05
angpt1,baac0f3ae3ff06de19afb6bd28cc4f7235434dd8625a29e597f783db8740a7fc,de_novo,4a0a47ec138a23600e296c94148f76cc7e787eb894ef7bedfb4451358c44ef97,none,,macrel_hemolysis_probability,numeric,false,de_novo_has_no_biological_parent,,,,0.178,,,,45bc5e54e993c0e554ec703956f592758eeed543dc86ad946c93a5d1daaa4126
angpt1,baac0f3ae3ff06de19afb6bd28cc4f7235434dd8625a29e597f783db8740a7fc,de_novo,4a0a47ec138a23600e296c94148f76cc7e787eb894ef7bedfb4451358c44ef97,none,,maximum_hydrophobic_run,numeric,false,de_novo_has_no_biological_parent,,,,1,,,,13c949a10dee77188b6349fdeb91eeb5c6172825b942ab2f31e788ec70217728
angpt1,baac0f3ae3ff06de19afb6bd28cc4f7235434dd8625a29e597f783db8740a7fc,de_novo,4a0a47ec138a23600e296c94148f76cc7e787eb894ef7bedfb4451358c44ef97,none,,net_charge_ph7_4,numeric,false,de_novo_has_no_biological_parent,,,,6.026,,,,9e2b45d3a47647399f81b982e4783a02d7871759e85403fdb05bdd74bef072fb
angpt1,baac0f3ae3ff06de19afb6bd28cc4f7235434dd8625a29e597f783db8740a7fc,de_novo,4a0a47ec138a23600e296c94148f76cc7e787eb894ef7bedfb4451358c44ef97,none,,toxinpred3_hybrid_score,numeric,false,de_novo_has_no_biological_parent,,,,0.365,,,,eb1734ebb372205d562cf8b29f6abf2ebb916978de5feffa48e7e9ea47ea755e
angpt1,baac0f3ae3ff06de19afb6bd28cc4f7235434dd8625a29e597f783db8740a7fc,de_novo,4a0a47ec138a23600e296c94148f76cc7e787eb894ef7bedfb4451358c44ef97,none,,toxinpred3_label,categorical,false,de_novo_has_no_biological_parent,,,,Non-Toxin,,,,18018e01348e0d205808497a3fe3368290d68e7a61d91512d6f31ff43b7252f6
angpt1,aabf5bb1138123f147137fd9ea0c4a8bfeefe85b0f3ebda9a4f7aa6f39ccc205,masked_substitution,34a6ee0a9637852f3448fb3b3d9d0d9b1e7fe06ed5223ff3242d97a78739a92b,primary_parent,04bbb8f66cf48119e001c6647f0a82758d21a5275e74dac6fa1819b6bb7dc86d,amp_read_log10_mic_um,numeric,true,same_frozen_numeric_contract,minimize,log10(uM),1.0684135954698575,1.2138651171359216,0.14545152166606412,-0.14545152166606412,true,bf33d7df0108f2755961b73828899d4d6b35d68fd2cd4bde864a43021c6cb70a
angpt1,aabf5bb1138123f147137fd9ea0c4a8bfeefe85b0f3ebda9a4f7aa6f39ccc205,masked_substitution,34a6ee0a9637852f3448fb3b3d9d0d9b1e7fe06ed5223ff3242d97a78739a92b,primary_parent,04bbb8f66cf48119e001c6647f0a82758d21a5275e74dac6fa1819b6bb7dc86d,guruprasad_instability_index,numeric,true,same_frozen_numeric_contract,minimize,index,-5.666667,-1.547619,4.119048,-4.119048,true,bca536ad56758d1a9d9493d1c66b5f1a111c671abc27d6496784b62aefec1275
angpt1,aabf5bb1138123f147137fd9ea0c4a8bfeefe85b0f3ebda9a4f7aa6f39ccc205,masked_substitution,34a6ee0a9637852f3448fb3b3d9d0d9b1e7fe06ed5223ff3242d97a78739a92b,primary_parent,04bbb8f66cf48119e001c6647f0a82758d21a5275e74dac6fa1819b6bb7dc86d,hydrophobic_moment_eisenberg,numeric,false,audit_metric_has_no_monotonic_improvement_direction,audit,dimensionless,0.32070620328403215,0.25908707086312743,-0.06161913242090472,,true,9ae0127b234fdbc0e55b9c1f2edeaa5fa43ba35aac3de94b23c24404c3a3a098
angpt1,aabf5bb1138123f147137fd9ea0c4a8bfeefe85b0f3ebda9a4f7aa6f39ccc205,masked_substitution,34a6ee0a9637852f3448fb3b3d9d0d9b1e7fe06ed5223ff3242d97a78739a92b,primary_parent,04bbb8f66cf48119e001c6647f0a82758d21a5275e74dac6fa1819b6bb7dc86d,hydrophobic_ratio_modlamp,numeric,false,audit_metric_has_no_monotonic_improvement_direction,audit,fraction,0.14285714285714285,0.14285714285714285,0.0,,false,3057667d88b9e82f61cedf567df52c358a04e143d580385c6a2eee297bc53def
angpt1,aabf5bb1138123f147137fd9ea0c4a8bfeefe85b0f3ebda9a4f7aa6f39ccc205,masked_substitution,34a6ee0a9637852f3448fb3b3d9d0d9b1e7fe06ed5223ff3242d97a78739a92b,primary_parent,04bbb8f66cf48119e001c6647f0a82758d21a5275e74dac6fa1819b6bb7dc86d,llamp_log10_mic_um,numeric,true,same_frozen_numeric_contract,minimize,log10(uM),1.2577025890350342,1.618766188621521,0.3610635995864868,-0.3610635995864868,true,16dca487bb3950fdd49e2b43175b5908d3365ef3096a1b8a8293b2b1ce3eb75b
angpt1,aabf5bb1138123f147137fd9ea0c4a8bfeefe85b0f3ebda9a4f7aa6f39ccc205,masked_substitution,34a6ee0a9637852f3448fb3b3d9d0d9b1e7fe06ed5223ff3242d97a78739a92b,primary_parent,04bbb8f66cf48119e001c6647f0a82758d21a5275e74dac6fa1819b6bb7dc86d,macrel_amp_probability,numeric,true,same_frozen_numeric_contract,maximize,probability,0.317,0.287,-0.030000000000000027,-0.030000000000000027,true,1a59df66f090ea970bca8f73679f4d44477950d031d2e90efa436d2b3f681ca3
angpt1,aabf5bb1138123f147137fd9ea0c4a8bfeefe85b0f3ebda9a4f7aa6f39ccc205,masked_substitution,34a6ee0a9637852f3448fb3b3d9d0d9b1e7fe06ed5223ff3242d97a78739a92b,primary_parent,04bbb8f66cf48119e001c6647f0a82758d21a5275e74dac6fa1819b6bb7dc86d,macrel_hemolysis_label,categorical,true,same_frozen_label_contract,audit,label,low,low,,,false,7f226b6f6ec01ca5737465f99a11e0a5fad032a2757e5ef10267a931024d628b
angpt1,aabf5bb1138123f147137fd9ea0c4a8bfeefe85b0f3ebda9a4f7aa6f39ccc205,masked_substitution,34a6ee0a9637852f3448fb3b3d9d0d9b1e7fe06ed5223ff3242d97a78739a92b,primary_parent,04bbb8f66cf48119e001c6647f0a82758d21a5275e74dac6fa1819b6bb7dc86d,macrel_hemolysis_probability,numeric,true,same_frozen_numeric_contract,minimize,probability,0.406,0.337,-0.069,0.069,true,d85fc73cafa7337bc2824ae0b5e888be27b3496332645abceac20078d8ea764b
angpt1,aabf5bb1138123f147137fd9ea0c4a8bfeefe85b0f3ebda9a4f7aa6f39ccc205,masked_substitution,34a6ee0a9637852f3448fb3b3d9d0d9b1e7fe06ed5223ff3242d97a78739a92b,primary_parent,04bbb8f66cf48119e001c6647f0a82758d21a5275e74dac6fa1819b6bb7dc86d,maximum_hydrophobic_run,numeric,true,same_frozen_numeric_contract,minimize,residues,2.0,2.0,0.0,-0.0,false,9c18c6a3047879d4257203d239dd7bb587e900f3a150ed2af3562bef1159ec6f
angpt1,aabf5bb1138123f147137fd9ea0c4a8bfeefe85b0f3ebda9a4f7aa6f39ccc205,masked_substitution,34a6ee0a9637852f3448fb3b3d9d0d9b1e7fe06ed5223ff3242d97a78739a92b,primary_parent,04bbb8f66cf48119e001c6647f0a82758d21a5275e74dac6fa1819b6bb7dc86d,net_charge_ph7_4,numeric,false,audit_metric_has_no_monotonic_improvement_direction,audit,elementary_charge,8.984,7.984,-1.0,,true,2914c2d73273935482a9d08662bad2e98fcf818c3fa56f4f42ab312256c42cb2
angpt1,aabf5bb1138123f147137fd9ea0c4a8bfeefe85b0f3ebda9a4f7aa6f39ccc205,masked_substitution,34a6ee0a9637852f3448fb3b3d9d0d9b1e7fe06ed5223ff3242d97a78739a92b,primary_parent,04bbb8f66cf48119e001c6647f0a82758d21a5275e74dac6fa1819b6bb7dc86d,toxinpred3_hybrid_score,numeric,true,same_frozen_numeric_contract,minimize,dimensionless,0.0,0.0,0.0,-0.0,false,01b75d4454f0eac847a5662c3e10bcefb9a001869b6e55b0a4ab1f9af1fc49c2
angpt1,aabf5bb1138123f147137fd9ea0c4a8bfeefe85b0f3ebda9a4f7aa6f39ccc205,masked_substitution,34a6ee0a9637852f3448fb3b3d9d0d9b1e7fe06ed5223ff3242d97a78739a92b,primary_parent,04bbb8f66cf48119e001c6647f0a82758d21a5275e74dac6fa1819b6bb7dc86d,toxinpred3_label,categorical,true,same_frozen_label_contract,audit,label,Non-Toxin,Non-Toxin,,,false,0975bbf562bb94cb6c37bda2bb39e85e0c31dce90415b837c580df10bb70b0d1
angpt1,70bdee99d75deecb10598d5a779b710a7a0762d8f3e826ea7c769e3ca57bb77b,controlled_crossover,f2a7ba7281eb38a7fd069397c0d0dcd871336b34d16d72175cd8f7d65f28bd1f,primary_parent,11b1835ae8fa671bed409a01dba1f66d3160cec080e155e51d94f5ee1533b527,amp_read_log10_mic_um,numeric,true,same_frozen_numeric_contract,minimize,log10(uM),1.6786354578903795,1.6565800428162514,-0.022055415074128115,0.022055415074128115,true,04e08026f2050ac8c788023bcb14e7d7fac8cf3f76aac7ebc8d5748c398bcf92
angpt1,70bdee99d75deecb10598d5a779b710a7a0762d8f3e826ea7c769e3ca57bb77b,controlled_crossover,f2a7ba7281eb38a7fd069397c0d0dcd871336b34d16d72175cd8f7d65f28bd1f,primary_parent,11b1835ae8fa671bed409a01dba1f66d3160cec080e155e51d94f5ee1533b527,guruprasad_instability_index,numeric,true,same_frozen_numeric_contract,minimize,index,-18.126087,-34.286957,-16.160870000000003,16.160870000000003,true,ebbc99c542cc0cfa6a518bb678069b64dbc08d1a87377c9e9c1641a92bd73ba5
angpt1,70bdee99d75deecb10598d5a779b710a7a0762d8f3e826ea7c769e3ca57bb77b,controlled_crossover,f2a7ba7281eb38a7fd069397c0d0dcd871336b34d16d72175cd8f7d65f28bd1f,primary_parent,11b1835ae8fa671bed409a01dba1f66d3160cec080e155e51d94f5ee1533b527,hydrophobic_moment_eisenberg,numeric,false,audit_metric_has_no_monotonic_improvement_direction,audit,dimensionless,0.09624985596101412,0.1406955382740704,0.04444568231305626,,true,e4f8a3fc5bb89a9ad9c4153a4bcb7baca00670c05f8efe063662f06ea14e75e0
angpt1,70bdee99d75deecb10598d5a779b710a7a0762d8f3e826ea7c769e3ca57bb77b,controlled_crossover,f2a7ba7281eb38a7fd069397c0d0dcd871336b34d16d72175cd8f7d65f28bd1f,primary_parent,11b1835ae8fa671bed409a01dba1f66d3160cec080e155e51d94f5ee1533b527,hydrophobic_ratio_modlamp,numeric,false,audit_metric_has_no_monotonic_improvement_direction,audit,fraction,0.0,0.0,0.0,,false,0cc4eb96780162077cffbdc5c83e2bbc5bc32be1efda71bba54c7c7dae472573
angpt1,70bdee99d75deecb10598d5a779b710a7a0762d8f3e826ea7c769e3ca57bb77b,controlled_crossover,f2a7ba7281eb38a7fd069397c0d0dcd871336b34d16d72175cd8f7d65f28bd1f,primary_parent,11b1835ae8fa671bed409a01dba1f66d3160cec080e155e51d94f5ee1533b527,llamp_log10_mic_um,numeric,true,same_frozen_numeric_contract,minimize,log10(uM),1.3527401685714722,1.064823865890503,-0.28791630268096924,0.28791630268096924,true,455a67327bead16a9088bfb92ad2c43c9b17c95e75604ea5ce963b621b4c917a
angpt1,70bdee99d75deecb10598d5a779b710a7a0762d8f3e826ea7c769e3ca57bb77b,controlled_crossover,f2a7ba7281eb38a7fd069397c0d0dcd871336b34d16d72175cd8f7d65f28bd1f,primary_parent,11b1835ae8fa671bed409a01dba1f66d3160cec080e155e51d94f5ee1533b527,macrel_amp_probability,numeric,true,same_frozen_numeric_contract,maximize,probability,0.495,0.455,-0.03999999999999998,-0.03999999999999998,true,73a27bcc5b6a53a70f33ec4e7be84b46947194ab99d2264b8b620ce4966088cc
angpt1,70bdee99d75deecb10598d5a779b710a7a0762d8f3e826ea7c769e3ca57bb77b,controlled_crossover,f2a7ba7281eb38a7fd069397c0d0dcd871336b34d16d72175cd8f7d65f28bd1f,primary_parent,11b1835ae8fa671bed409a01dba1f66d3160cec080e155e51d94f5ee1533b527,macrel_hemolysis_label,categorical,true,same_frozen_label_contract,audit,label,low,low,,,false,afa16749e54dd766b99578ef1d4b1d33cdda6c9d6d454e5391c6338604912dbe
angpt1,70bdee99d75deecb10598d5a779b710a7a0762d8f3e826ea7c769e3ca57bb77b,controlled_crossover,f2a7ba7281eb38a7fd069397c0d0dcd871336b34d16d72175cd8f7d65f28bd1f,primary_parent,11b1835ae8fa671bed409a01dba1f66d3160cec080e155e51d94f5ee1533b527,macrel_hemolysis_probability,numeric,true,same_frozen_numeric_contract,minimize,probability,0.446,0.436,-0.010000000000000009,0.010000000000000009,true,e0b48223f0b631132a1cc0f0796374639081c4e42e2c8fb27779a721ddec84ce
angpt1,70bdee99d75deecb10598d5a779b710a7a0762d8f3e826ea7c769e3ca57bb77b,controlled_crossover,f2a7ba7281eb38a7fd069397c0d0dcd871336b34d16d72175cd8f7d65f28bd1f,primary_parent,11b1835ae8fa671bed409a01dba1f66d3160cec080e155e51d94f5ee1533b527,maximum_hydrophobic_run,numeric,true,same_frozen_numeric_contract,minimize,residues,0.0,0.0,0.0,-0.0,false,b978dd739e2b63b16b704ab46932109d441e14198efa0b1055c6ded106abdecd
angpt1,70bdee99d75deecb10598d5a779b710a7a0762d8f3e826ea7c769e3ca57bb77b,controlled_crossover,f2a7ba7281eb38a7fd069397c0d0dcd871336b34d16d72175cd8f7d65f28bd1f,primary_parent,11b1835ae8fa671bed409a01dba1f66d3160cec080e155e51d94f5ee1533b527,net_charge_ph7_4,numeric,false,audit_metric_has_no_monotonic_improvement_direction,audit,elementary_charge,10.985,10.028,-0.956999999999999,,true,e4dfc85c65282bc231c428b58dc2206494aebe93f847e060685986d690e6328c
angpt1,70bdee99d75deecb10598d5a779b710a7a0762d8f3e826ea7c769e3ca57bb77b,controlled_crossover,f2a7ba7281eb38a7fd069397c0d0dcd871336b34d16d72175cd8f7d65f28bd1f,primary_parent,11b1835ae8fa671bed409a01dba1f66d3160cec080e155e51d94f5ee1533b527,toxinpred3_hybrid_score,numeric,true,same_frozen_numeric_contract,minimize,dimensionless,0.355,0.36,0.0050000000000000044,-0.0050000000000000044,true,106c2e8ffdcd9765735365b153a5d79650d297cb03e3d3c71bbc4f1b1fbb9460
angpt1,70bdee99d75deecb10598d5a779b710a7a0762d8f3e826ea7c769e3ca57bb77b,controlled_crossover,f2a7ba7281eb38a7fd069397c0d0dcd871336b34d16d72175cd8f7d65f28bd1f,primary_parent,11b1835ae8fa671bed409a01dba1f66d3160cec080e155e51d94f5ee1533b527,toxinpred3_label,categorical,true,same_frozen_label_contract,audit,label,Non-Toxin,Non-Toxin,,,false,8b9fe7510a7d4a2e74fd9f7e3dd79355a502c458e27785bb0b8cf234d4f9fb33
angpt1,70bdee99d75deecb10598d5a779b710a7a0762d8f3e826ea7c769e3ca57bb77b,controlled_crossover,f2a7ba7281eb38a7fd069397c0d0dcd871336b34d16d72175cd8f7d65f28bd1f,donor_parent,6154c54d8755f9b1bb0e0ad0e6bf071e66e2c4f2a5a166da8ccac0578894ac69,amp_read_log10_mic_um,numeric,true,same_frozen_numeric_contract,minimize,log10(uM),1.8512984731137085,1.6565800428162514,-0.19471843029745717,0.19471843029745717,true,99309f6d9b4afcddc23404ae20580a5758d903ad087b2988e9df371e2154a0bf
angpt1,70bdee99d75deecb10598d5a779b710a7a0762d8f3e826ea7c769e3ca57bb77b,controlled_crossover,f2a7ba7281eb38a7fd069397c0d0dcd871336b34d16d72175cd8f7d65f28bd1f,donor_parent,6154c54d8755f9b1bb0e0ad0e6bf071e66e2c4f2a5a166da8ccac0578894ac69,guruprasad_instability_index,numeric,true,same_frozen_numeric_contract,minimize,index,-18.938095,-34.286957,-15.348862,15.348862,true,ae4805625804ff70fd00293e1fae27919ffb27e306b0feb6ddd4fa89f816a80e
angpt1,70bdee99d75deecb10598d5a779b710a7a0762d8f3e826ea7c769e3ca57bb77b,controlled_crossover,f2a7ba7281eb38a7fd069397c0d0dcd871336b34d16d72175cd8f7d65f28bd1f,donor_parent,6154c54d8755f9b1bb0e0ad0e6bf071e66e2c4f2a5a166da8ccac0578894ac69,hydrophobic_moment_eisenberg,numeric,false,audit_metric_has_no_monotonic_improvement_direction,audit,dimensionless,0.21036037638032803,0.1406955382740704,-0.06966483810625765,,true,785ff7e038402a6a32148ae913217809c28f14d8a380663682e8ca0d5db278e4
angpt1,70bdee99d75deecb10598d5a779b710a7a0762d8f3e826ea7c769e3ca57bb77b,controlled_crossover,f2a7ba7281eb38a7fd069397c0d0dcd871336b34d16d72175cd8f7d65f28bd1f,donor_parent,6154c54d8755f9b1bb0e0ad0e6bf071e66e2c4f2a5a166da8ccac0578894ac69,hydrophobic_ratio_modlamp,numeric,false,audit_metric_has_no_monotonic_improvement_direction,audit,fraction,0.0,0.0,0.0,,false,bcd2e7943fd945590b6f8ed2d9e3e46b940f64619711784033dbef92be1cae44
angpt1,70bdee99d75deecb10598d5a779b710a7a0762d8f3e826ea7c769e3ca57bb77b,controlled_crossover,f2a7ba7281eb38a7fd069397c0d0dcd871336b34d16d72175cd8f7d65f28bd1f,donor_parent,6154c54d8755f9b1bb0e0ad0e6bf071e66e2c4f2a5a166da8ccac0578894ac69,llamp_log10_mic_um,numeric,true,same_frozen_numeric_contract,minimize,log10(uM),1.6947319507598877,1.064823865890503,-0.6299080848693848,0.6299080848693848,true,17ec85239c70a9ea3f0d5dbf856ff83b808fd855f98344b9cd8bf39434a7d9df
angpt1,70bdee99d75deecb10598d5a779b710a7a0762d8f3e826ea7c769e3ca57bb77b,controlled_crossover,f2a7ba7281eb38a7fd069397c0d0dcd871336b34d16d72175cd8f7d65f28bd1f,donor_parent,6154c54d8755f9b1bb0e0ad0e6bf071e66e2c4f2a5a166da8ccac0578894ac69,macrel_amp_probability,numeric,true,same_frozen_numeric_contract,maximize,probability,0.436,0.455,0.019000000000000017,0.019000000000000017,true,ab614bbddca3d19dc6b6e96d6cb402a161836cdbb92f51be6bb9ccd0d236e0f5
angpt1,70bdee99d75deecb10598d5a779b710a7a0762d8f3e826ea7c769e3ca57bb77b,controlled_crossover,f2a7ba7281eb38a7fd069397c0d0dcd871336b34d16d72175cd8f7d65f28bd1f,donor_parent,6154c54d8755f9b1bb0e0ad0e6bf071e66e2c4f2a5a166da8ccac0578894ac69,macrel_hemolysis_label,categorical,true,same_frozen_label_contract,audit,label,low,low,,,false,6e9438a686082aa5b6bdc1a1d65679a0a11e23306dfba03405d3b1680e4a4b55
angpt1,70bdee99d75deecb10598d5a779b710a7a0762d8f3e826ea7c769e3ca57bb77b,controlled_crossover,f2a7ba7281eb38a7fd069397c0d0dcd871336b34d16d72175cd8f7d65f28bd1f,donor_parent,6154c54d8755f9b1bb0e0ad0e6bf071e66e2c4f2a5a166da8ccac0578894ac69,macrel_hemolysis_probability,numeric,true,same_frozen_numeric_contract,minimize,probability,0.297,0.436,0.139,-0.139,true,2adaec3b6a9d64f6ec01eba391b0c4b542680868aeb8ecd5edbb2c0a3fb9c517
angpt1,70bdee99d75deecb10598d5a779b710a7a0762d8f3e826ea7c769e3ca57bb77b,controlled_crossover,f2a7ba7281eb38a7fd069397c0d0dcd871336b34d16d72175cd8f7d65f28bd1f,donor_parent,6154c54d8755f9b1bb0e0ad0e6bf071e66e2c4f2a5a166da8ccac0578894ac69,maximum_hydrophobic_run,numeric,true,same_frozen_numeric_contract,minimize,residues,0.0,0.0,0.0,-0.0,false,fc32d5dcf43cdf979171185fdc3e38306b0e95b1357f195e324102acbb1a018a
angpt1,70bdee99d75deecb10598d5a779b710a7a0762d8f3e826ea7c769e3ca57bb77b,controlled_crossover,f2a7ba7281eb38a7fd069397c0d0dcd871336b34d16d72175cd8f7d65f28bd1f,donor_parent,6154c54d8755f9b1bb0e0ad0e6bf071e66e2c4f2a5a166da8ccac0578894ac69,net_charge_ph7_4,numeric,false,audit_metric_has_no_monotonic_improvement_direction,audit,elementary_charge,8.028,10.028,2.0,,true,11c1207dd716a6f8bc6a290844d5441df5429f779b994f5328db45eb0592d5f3
angpt1,70bdee99d75deecb10598d5a779b710a7a0762d8f3e826ea7c769e3ca57bb77b,controlled_crossover,f2a7ba7281eb38a7fd069397c0d0dcd871336b34d16d72175cd8f7d65f28bd1f,donor_parent,6154c54d8755f9b1bb0e0ad0e6bf071e66e2c4f2a5a166da8ccac0578894ac69,toxinpred3_hybrid_score,numeric,true,same_frozen_numeric_contract,minimize,dimensionless,0.335,0.36,0.024999999999999967,-0.024999999999999967,true,a933ef1aa13855892c10371cf0b29f107fcdfbeb743b45f3815451e8aeed016e
angpt1,70bdee99d75deecb10598d5a779b710a7a0762d8f3e826ea7c769e3ca57bb77b,controlled_crossover,f2a7ba7281eb38a7fd069397c0d0dcd871336b34d16d72175cd8f7d65f28bd1f,donor_parent,6154c54d8755f9b1bb0e0ad0e6bf071e66e2c4f2a5a166da8ccac0578894ac69,toxinpred3_label,categorical,true,same_frozen_label_contract,audit,label,Non-Toxin,Non-Toxin,,,false,494924e78ea3c10d4dbf84c7f55c1548d24c81618aae6888f59451292bbd76b4
angpt1,31e4b5546cf1d1b489d8679c7bbd3cf91175219cc69819f3fa353042a3ffb561,de_novo,44b024564652dee64ff9e890f2c59f0c37275172459ad69b9af54c5cc426c6e7,none,,amp_read_log10_mic_um,numeric,false,de_novo_has_no_biological_parent,,,,1.9160543548952256,,,,ada1e7c3e5d6ee0fef2cbad2c2f34e924cfdfe5cf3bcb3f40afb48ae1c787ebf
angpt1,31e4b5546cf1d1b489d8679c7bbd3cf91175219cc69819f3fa353042a3ffb561,de_novo,44b024564652dee64ff9e890f2c59f0c37275172459ad69b9af54c5cc426c6e7,none,,guruprasad_instability_index,numeric,false,de_novo_has_no_biological_parent,,,,23.609130,,,,3775a8b639355f9c786a5573de7e73c43cd473c441bb8b5b066a6a6c31381ac6
angpt1,31e4b5546cf1d1b489d8679c7bbd3cf91175219cc69819f3fa353042a3ffb561,de_novo,44b024564652dee64ff9e890f2c59f0c37275172459ad69b9af54c5cc426c6e7,none,,hydrophobic_moment_eisenberg,numeric,false,de_novo_has_no_biological_parent,,,,0.23353731930900914,,,,ba1cc06bc104e9be85c557174e73b93dc40ba262be21cd526c86c2ec0493a73d
angpt1,31e4b5546cf1d1b489d8679c7bbd3cf91175219cc69819f3fa353042a3ffb561,de_novo,44b024564652dee64ff9e890f2c59f0c37275172459ad69b9af54c5cc426c6e7,none,,hydrophobic_ratio_modlamp,numeric,false,de_novo_has_no_biological_parent,,,,0.13043478260869565,,,,082ddb7365a1254b92a3074827936c4a534ffd8080b8bb5e4f2db04689718817
angpt1,31e4b5546cf1d1b489d8679c7bbd3cf91175219cc69819f3fa353042a3ffb561,de_novo,44b024564652dee64ff9e890f2c59f0c37275172459ad69b9af54c5cc426c6e7,none,,llamp_log10_mic_um,numeric,false,de_novo_has_no_biological_parent,,,,1.5052225589752197,,,,f1a23480dc8492710050e836b032f10e611f3ffa2fb10ea84adbd12eb27fed72
angpt1,31e4b5546cf1d1b489d8679c7bbd3cf91175219cc69819f3fa353042a3ffb561,de_novo,44b024564652dee64ff9e890f2c59f0c37275172459ad69b9af54c5cc426c6e7,none,,macrel_amp_probability,numeric,false,de_novo_has_no_biological_parent,,,,0.45,,,,53c1f714f32ca5ecbc76d024872bbd051b8a67d12536b342170ff1017fcacb2a
angpt1,31e4b5546cf1d1b489d8679c7bbd3cf91175219cc69819f3fa353042a3ffb561,de_novo,44b024564652dee64ff9e890f2c59f0c37275172459ad69b9af54c5cc426c6e7,none,,macrel_hemolysis_label,categorical,false,de_novo_has_no_biological_parent,,,,low,,,,4fb9594e7394defbd131cc5785ab7a625b834d0a2ffad2bdcba37e12feeefbb3
angpt1,31e4b5546cf1d1b489d8679c7bbd3cf91175219cc69819f3fa353042a3ffb561,de_novo,44b024564652dee64ff9e890f2c59f0c37275172459ad69b9af54c5cc426c6e7,none,,macrel_hemolysis_probability,numeric,false,de_novo_has_no_biological_parent,,,,0.475,,,,cc710a1e2f763208087b53c133b42c0d66ea9337a6f14de7a98f7d92aacf92fc
angpt1,31e4b5546cf1d1b489d8679c7bbd3cf91175219cc69819f3fa353042a3ffb561,de_novo,44b024564652dee64ff9e890f2c59f0c37275172459ad69b9af54c5cc426c6e7,none,,maximum_hydrophobic_run,numeric,false,de_novo_has_no_biological_parent,,,,2,,,,a4eae906688a0433ea4cf4bba44637fc171d42c0b3778e937437eaa3a6197dce
angpt1,31e4b5546cf1d1b489d8679c7bbd3cf91175219cc69819f3fa353042a3ffb561,de_novo,44b024564652dee64ff9e890f2c59f0c37275172459ad69b9af54c5cc426c6e7,none,,net_charge_ph7_4,numeric,false,de_novo_has_no_biological_parent,,,,4.069,,,,c701ad34d6174e3baff97be82f349c7a1f0eaf0c023d7ffec3d2e28ee7df1d7a
angpt1,31e4b5546cf1d1b489d8679c7bbd3cf91175219cc69819f3fa353042a3ffb561,de_novo,44b024564652dee64ff9e890f2c59f0c37275172459ad69b9af54c5cc426c6e7,none,,toxinpred3_hybrid_score,numeric,false,de_novo_has_no_biological_parent,,,,0.0,,,,160f6bd8e2bbd2db4e0a503c6c25f30625852317345fe7c58e34d06217bb8a79
angpt1,31e4b5546cf1d1b489d8679c7bbd3cf91175219cc69819f3fa353042a3ffb561,de_novo,44b024564652dee64ff9e890f2c59f0c37275172459ad69b9af54c5cc426c6e7,none,,toxinpred3_label,categorical,false,de_novo_has_no_biological_parent,,,,Non-Toxin,,,,c63f979a94ae64a2175245b99f822f6c0cb8c9a37bcc03e8a38f2a18582d39f9
angpt1,46192107892d97479802215646499f1a3f45991319e68b72142fd3e3d07afe6f,de_novo,0e1a5c86f0770b40bbca317269cef2053f91b3fae77f57f1452ff72c2ac7d22b,none,,amp_read_log10_mic_um,numeric,false,de_novo_has_no_biological_parent,,,,1.2692249663597757,,,,82489fb4811fdd1717716211dfbf816fb01be8aa81372e38a236144899ded6fc
angpt1,46192107892d97479802215646499f1a3f45991319e68b72142fd3e3d07afe6f,de_novo,0e1a5c86f0770b40bbca317269cef2053f91b3fae77f57f1452ff72c2ac7d22b,none,,guruprasad_instability_index,numeric,false,de_novo_has_no_biological_parent,,,,7.561905,,,,a4a124d48c8b7e1d0889e6b98b2b77655a44b78e457990ed5c0cdd7e76e6c37f
angpt1,46192107892d97479802215646499f1a3f45991319e68b72142fd3e3d07afe6f,de_novo,0e1a5c86f0770b40bbca317269cef2053f91b3fae77f57f1452ff72c2ac7d22b,none,,hydrophobic_moment_eisenberg,numeric,false,de_novo_has_no_biological_parent,,,,0.13745957442238932,,,,8774a4c0db98897755aed386e32b9fae3eedd33bddd538f083908bfb46484c73
angpt1,46192107892d97479802215646499f1a3f45991319e68b72142fd3e3d07afe6f,de_novo,0e1a5c86f0770b40bbca317269cef2053f91b3fae77f57f1452ff72c2ac7d22b,none,,hydrophobic_ratio_modlamp,numeric,false,de_novo_has_no_biological_parent,,,,0.09523809523809523,,,,9b4f95d1d487eea0155ddf47a19117e01f1d1e4fac82f28b79b106705504feaf
angpt1,46192107892d97479802215646499f1a3f45991319e68b72142fd3e3d07afe6f,de_novo,0e1a5c86f0770b40bbca317269cef2053f91b3fae77f57f1452ff72c2ac7d22b,none,,llamp_log10_mic_um,numeric,false,de_novo_has_no_biological_parent,,,,1.3978163003921509,,,,3c1a0bc35f3e31ffc6638a692d9b997cdcd2e7aedda37ee154b19bec8b68ada9
angpt1,46192107892d97479802215646499f1a3f45991319e68b72142fd3e3d07afe6f,de_novo,0e1a5c86f0770b40bbca317269cef2053f91b3fae77f57f1452ff72c2ac7d22b,none,,macrel_amp_probability,numeric,false,de_novo_has_no_biological_parent,,,,0.347,,,,0895574ee4c3e75df8782c096594f7282d826f97abbe6d58073a031b002436d3
angpt1,46192107892d97479802215646499f1a3f45991319e68b72142fd3e3d07afe6f,de_novo,0e1a5c86f0770b40bbca317269cef2053f91b3fae77f57f1452ff72c2ac7d22b,none,,macrel_hemolysis_label,categorical,false,de_novo_has_no_biological_parent,,,,high,,,,44ef031a09e13bf089b5265e5acd2c4490ddd65dfcffc853d175534cba7e7d2c
angpt1,46192107892d97479802215646499f1a3f45991319e68b72142fd3e3d07afe6f,de_novo,0e1a5c86f0770b40bbca317269cef2053f91b3fae77f57f1452ff72c2ac7d22b,none,,macrel_hemolysis_probability,numeric,false,de_novo_has_no_biological_parent,,,,0.515,,,,7be822621b42535fcc3441d42c256b7b59772cb8f6de7f83b3b8bf263a577fc3
angpt1,46192107892d97479802215646499f1a3f45991319e68b72142fd3e3d07afe6f,de_novo,0e1a5c86f0770b40bbca317269cef2053f91b3fae77f57f1452ff72c2ac7d22b,none,,maximum_hydrophobic_run,numeric,false,de_novo_has_no_biological_parent,,,,1,,,,687c3a19a2acc2e70afc6d303d3993c322ff8302266af5a083fb385fb53ce72a
angpt1,46192107892d97479802215646499f1a3f45991319e68b72142fd3e3d07afe6f,de_novo,0e1a5c86f0770b40bbca317269cef2053f91b3fae77f57f1452ff72c2ac7d22b,none,,net_charge_ph7_4,numeric,false,de_novo_has_no_biological_parent,,,,10.026,,,,74ecaafdef7a460841c5bb01dcf480eb6bd2fd2140efc66328473a18637bf1b5
angpt1,46192107892d97479802215646499f1a3f45991319e68b72142fd3e3d07afe6f,de_novo,0e1a5c86f0770b40bbca317269cef2053f91b3fae77f57f1452ff72c2ac7d22b,none,,toxinpred3_hybrid_score,numeric,false,de_novo_has_no_biological_parent,,,,0.44,,,,f0ac72bd7825a95d9e67ae7ceb7374eaa6e2b8689ae34d299fc6c0a8dcee9636
angpt1,46192107892d97479802215646499f1a3f45991319e68b72142fd3e3d07afe6f,de_novo,0e1a5c86f0770b40bbca317269cef2053f91b3fae77f57f1452ff72c2ac7d22b,none,,toxinpred3_label,categorical,false,de_novo_has_no_biological_parent,,,,Toxin,,,,1198a77a704be3af898f1b10b61789d36ae5a458d1258f09874e272f5af58315
angpt1,03f2f9707d6927f380dc0ac23a51b1f5ada3ace34add05a2b6ea99db2e0cbd7f,masked_substitution,684a783cca152ac0caed83c367d941068da453cd535094e9bc0b7a1cb925d799,primary_parent,04bbb8f66cf48119e001c6647f0a82758d21a5275e74dac6fa1819b6bb7dc86d,amp_read_log10_mic_um,numeric,true,same_frozen_numeric_contract,minimize,log10(uM),1.0684135954698575,1.0570245037444062,-0.011389091725451328,0.011389091725451328,true,286c182aa07317dc4d75bacbb4aa6ce903cfd4c84cde55387285c7aba4db2e8f
angpt1,03f2f9707d6927f380dc0ac23a51b1f5ada3ace34add05a2b6ea99db2e0cbd7f,masked_substitution,684a783cca152ac0caed83c367d941068da453cd535094e9bc0b7a1cb925d799,primary_parent,04bbb8f66cf48119e001c6647f0a82758d21a5275e74dac6fa1819b6bb7dc86d,guruprasad_instability_index,numeric,true,same_frozen_numeric_contract,minimize,index,-5.666667,-1.419048,4.247619,-4.247619,true,d3658fc955d8fed5e6682ce0c62ff6de21c7a12022eb8aea3cac01eef8fd94e5
angpt1,03f2f9707d6927f380dc0ac23a51b1f5ada3ace34add05a2b6ea99db2e0cbd7f,masked_substitution,684a783cca152ac0caed83c367d941068da453cd535094e9bc0b7a1cb925d799,primary_parent,04bbb8f66cf48119e001c6647f0a82758d21a5275e74dac6fa1819b6bb7dc86d,hydrophobic_moment_eisenberg,numeric,false,audit_metric_has_no_monotonic_improvement_direction,audit,dimensionless,0.32070620328403215,0.39698832050526434,0.07628211722123218,,true,9d59d3f2f370dcb33014648641692a0b4ca6956a82935ca845d6e3935fa8df7c
angpt1,03f2f9707d6927f380dc0ac23a51b1f5ada3ace34add05a2b6ea99db2e0cbd7f,masked_substitution,684a783cca152ac0caed83c367d941068da453cd535094e9bc0b7a1cb925d799,primary_parent,04bbb8f66cf48119e001c6647f0a82758d21a5275e74dac6fa1819b6bb7dc86d,hydrophobic_ratio_modlamp,numeric,false,audit_metric_has_no_monotonic_improvement_direction,audit,fraction,0.14285714285714285,0.14285714285714285,0.0,,false,cb0ea2eda6789d5fa03fa6ffb44a7926737eca68848e4e5058526291d4a605d5
angpt1,03f2f9707d6927f380dc0ac23a51b1f5ada3ace34add05a2b6ea99db2e0cbd7f,masked_substitution,684a783cca152ac0caed83c367d941068da453cd535094e9bc0b7a1cb925d799,primary_parent,04bbb8f66cf48119e001c6647f0a82758d21a5275e74dac6fa1819b6bb7dc86d,llamp_log10_mic_um,numeric,true,same_frozen_numeric_contract,minimize,log10(uM),1.2577025890350342,1.528720736503601,0.2710181474685669,-0.2710181474685669,true,78bc7ee648cab910985cf3ec660d64cc42e91e64799674fc8ce2edfe386648d2
angpt1,03f2f9707d6927f380dc0ac23a51b1f5ada3ace34add05a2b6ea99db2e0cbd7f,masked_substitution,684a783cca152ac0caed83c367d941068da453cd535094e9bc0b7a1cb925d799,primary_parent,04bbb8f66cf48119e001c6647f0a82758d21a5275e74dac6fa1819b6bb7dc86d,macrel_amp_probability,numeric,true,same_frozen_numeric_contract,maximize,probability,0.317,0.307,-0.010000000000000009,-0.010000000000000009,true,6c157192dc6a1ed8644b8aa6e6515ed75f709194703f63e9cb2b2ef993fc9ce6
angpt1,03f2f9707d6927f380dc0ac23a51b1f5ada3ace34add05a2b6ea99db2e0cbd7f,masked_substitution,684a783cca152ac0caed83c367d941068da453cd535094e9bc0b7a1cb925d799,primary_parent,04bbb8f66cf48119e001c6647f0a82758d21a5275e74dac6fa1819b6bb7dc86d,macrel_hemolysis_label,categorical,true,same_frozen_label_contract,audit,label,low,low,,,false,0418ac4dbefec3bfc02c1f4d835f6b9727ebb680a9fa89f6f953a284250f751d
angpt1,03f2f9707d6927f380dc0ac23a51b1f5ada3ace34add05a2b6ea99db2e0cbd7f,masked_substitution,684a783cca152ac0caed83c367d941068da453cd535094e9bc0b7a1cb925d799,primary_parent,04bbb8f66cf48119e001c6647f0a82758d21a5275e74dac6fa1819b6bb7dc86d,macrel_hemolysis_probability,numeric,true,same_frozen_numeric_contract,minimize,probability,0.406,0.475,0.06899999999999995,-0.06899999999999995,true,72c9402148fe62e2a80970c09b5ebe19ffcb8d30ad50ac881d69e6652c8d429f
angpt1,03f2f9707d6927f380dc0ac23a51b1f5ada3ace34add05a2b6ea99db2e0cbd7f,masked_substitution,684a783cca152ac0caed83c367d941068da453cd535094e9bc0b7a1cb925d799,primary_parent,04bbb8f66cf48119e001c6647f0a82758d21a5275e74dac6fa1819b6bb7dc86d,maximum_hydrophobic_run,numeric,true,same_frozen_numeric_contract,minimize,residues,2.0,2.0,0.0,-0.0,false,d768e656ef910d427ea06b47d42017d753f9a00a72c287fd664534f1f610d61e
angpt1,03f2f9707d6927f380dc0ac23a51b1f5ada3ace34add05a2b6ea99db2e0cbd7f,masked_substitution,684a783cca152ac0caed83c367d941068da453cd535094e9bc0b7a1cb925d799,primary_parent,04bbb8f66cf48119e001c6647f0a82758d21a5275e74dac6fa1819b6bb7dc86d,net_charge_ph7_4,numeric,false,audit_metric_has_no_monotonic_improvement_direction,audit,elementary_charge,8.984,9.984,1.0,,true,fd0ac8112f4a7e22f721a9cb59c0e8ac68ff38cc03c0e2f90eeceb94c2da4ffa
angpt1,03f2f9707d6927f380dc0ac23a51b1f5ada3ace34add05a2b6ea99db2e0cbd7f,masked_substitution,684a783cca152ac0caed83c367d941068da453cd535094e9bc0b7a1cb925d799,primary_parent,04bbb8f66cf48119e001c6647f0a82758d21a5275e74dac6fa1819b6bb7dc86d,toxinpred3_hybrid_score,numeric,true,same_frozen_numeric_contract,minimize,dimensionless,0.0,0.0,0.0,-0.0,false,86b76c9023fce7037b76ef41e2837d96410deb97514d387d2a9ba1f6802cda5b
angpt1,03f2f9707d6927f380dc0ac23a51b1f5ada3ace34add05a2b6ea99db2e0cbd7f,masked_substitution,684a783cca152ac0caed83c367d941068da453cd535094e9bc0b7a1cb925d799,primary_parent,04bbb8f66cf48119e001c6647f0a82758d21a5275e74dac6fa1819b6bb7dc86d,toxinpred3_label,categorical,true,same_frozen_label_contract,audit,label,Non-Toxin,Non-Toxin,,,false,0e1a9de2f7c3ffbd09ae11671977ef289c4b290df933742bd28e14e1576f435d
angpt1,869d1c6e1c86bf09ffdd5a0c6a583f7b57147c894ba96704e3fd2d0b36e1d456,controlled_crossover,04ef2379d1e2eb4b018ce371ec7f03cbfd0d061776b9197a57fac09805162d03,primary_parent,11b1835ae8fa671bed409a01dba1f66d3160cec080e155e51d94f5ee1533b527,amp_read_log10_mic_um,numeric,true,same_frozen_numeric_contract,minimize,log10(uM),1.6786354578903795,1.6075667031054617,-0.07106875478491781,0.07106875478491781,true,4cc1c5873dabf5c0a8ff9a4506a918c1a0a82f12792f18d6c29782fa68d608b9
angpt1,869d1c6e1c86bf09ffdd5a0c6a583f7b57147c894ba96704e3fd2d0b36e1d456,controlled_crossover,04ef2379d1e2eb4b018ce371ec7f03cbfd0d061776b9197a57fac09805162d03,primary_parent,11b1835ae8fa671bed409a01dba1f66d3160cec080e155e51d94f5ee1533b527,guruprasad_instability_index,numeric,true,same_frozen_numeric_contract,minimize,index,-18.126087,-33.882609,-15.756522000000004,15.756522000000004,true,5b6ed7c8b1759cb19391e396c92082ca07861fa2b85b11accbae0fd391d72e97
angpt1,869d1c6e1c86bf09ffdd5a0c6a583f7b57147c894ba96704e3fd2d0b36e1d456,controlled_crossover,04ef2379d1e2eb4b018ce371ec7f03cbfd0d061776b9197a57fac09805162d03,primary_parent,11b1835ae8fa671bed409a01dba1f66d3160cec080e155e51d94f5ee1533b527,hydrophobic_moment_eisenberg,numeric,false,audit_metric_has_no_monotonic_improvement_direction,audit,dimensionless,0.09624985596101412,0.16997748583610972,0.0737276298750956,,true,721ed1a36046156fbfc6e2c5b177e02d1f422d1f1691367e783fbe8416d66a71
angpt1,869d1c6e1c86bf09ffdd5a0c6a583f7b57147c894ba96704e3fd2d0b36e1d456,controlled_crossover,04ef2379d1e2eb4b018ce371ec7f03cbfd0d061776b9197a57fac09805162d03,primary_parent,11b1835ae8fa671bed409a01dba1f66d3160cec080e155e51d94f5ee1533b527,hydrophobic_ratio_modlamp,numeric,false,audit_metric_has_no_monotonic_improvement_direction,audit,fraction,0.0,0.0,0.0,,false,c90eb1e329e964acf1f0edfb3baaadbe5bf7b8922d5c962251c7c38d7400c753
angpt1,869d1c6e1c86bf09ffdd5a0c6a583f7b57147c894ba96704e3fd2d0b36e1d456,controlled_crossover,04ef2379d1e2eb4b018ce371ec7f03cbfd0d061776b9197a57fac09805162d03,primary_parent,11b1835ae8fa671bed409a01dba1f66d3160cec080e155e51d94f5ee1533b527,llamp_log10_mic_um,numeric,true,same_frozen_numeric_contract,minimize,log10(uM),1.3527401685714722,1.5141059160232544,0.16136574745178223,-0.16136574745178223,true,7d30eb86583bda4c9eab57e5e495f6169f7af96978a75033994371f262217e72
angpt1,869d1c6e1c86bf09ffdd5a0c6a583f7b57147c894ba96704e3fd2d0b36e1d456,controlled_crossover,04ef2379d1e2eb4b018ce371ec7f03cbfd0d061776b9197a57fac09805162d03,primary_parent,11b1835ae8fa671bed409a01dba1f66d3160cec080e155e51d94f5ee1533b527,macrel_amp_probability,numeric,true,same_frozen_numeric_contract,maximize,probability,0.495,0.426,-0.069,-0.069,true,c4aa320d5d6c6fbdded324ba0c67d1b5f9795e02ac0bfaa0039fcbe04c74f564
angpt1,869d1c6e1c86bf09ffdd5a0c6a583f7b57147c894ba96704e3fd2d0b36e1d456,controlled_crossover,04ef2379d1e2eb4b018ce371ec7f03cbfd0d061776b9197a57fac09805162d03,primary_parent,11b1835ae8fa671bed409a01dba1f66d3160cec080e155e51d94f5ee1533b527,macrel_hemolysis_label,categorical,true,same_frozen_label_contract,audit,label,low,low,,,false,172aef447951b1896bf5b8fc9f51fa4dc98474390964d380defb21035c4025ed
angpt1,869d1c6e1c86bf09ffdd5a0c6a583f7b57147c894ba96704e3fd2d0b36e1d456,controlled_crossover,04ef2379d1e2eb4b018ce371ec7f03cbfd0d061776b9197a57fac09805162d03,primary_parent,11b1835ae8fa671bed409a01dba1f66d3160cec080e155e51d94f5ee1533b527,macrel_hemolysis_probability,numeric,true,same_frozen_numeric_contract,minimize,probability,0.446,0.485,0.03899999999999998,-0.03899999999999998,true,ebdf4189bee3ae55c4cd9512f2a5cffaca7e3146eedd257d2ad6db27f2d43fda
angpt1,869d1c6e1c86bf09ffdd5a0c6a583f7b57147c894ba96704e3fd2d0b36e1d456,controlled_crossover,04ef2379d1e2eb4b018ce371ec7f03cbfd0d061776b9197a57fac09805162d03,primary_parent,11b1835ae8fa671bed409a01dba1f66d3160cec080e155e51d94f5ee1533b527,maximum_hydrophobic_run,numeric,true,same_frozen_numeric_contract,minimize,residues,0.0,0.0,0.0,-0.0,false,7de32f575d7d8e8b4154af03126883da397e52a4be935ff0ba0d2ba05f328e05
angpt1,869d1c6e1c86bf09ffdd5a0c6a583f7b57147c894ba96704e3fd2d0b36e1d456,controlled_crossover,04ef2379d1e2eb4b018ce371ec7f03cbfd0d061776b9197a57fac09805162d03,primary_parent,11b1835ae8fa671bed409a01dba1f66d3160cec080e155e51d94f5ee1533b527,net_charge_ph7_4,numeric,false,audit_metric_has_no_monotonic_improvement_direction,audit,elementary_charge,10.985,10.985,0.0,,false,b2f651b33c39a6e167165efa9f93bc8b84d59dcf0c9abfe0127d740ac691c10f
angpt1,869d1c6e1c86bf09ffdd5a0c6a583f7b57147c894ba96704e3fd2d0b36e1d456,controlled_crossover,04ef2379d1e2eb4b018ce371ec7f03cbfd0d061776b9197a57fac09805162d03,primary_parent,11b1835ae8fa671bed409a01dba1f66d3160cec080e155e51d94f5ee1533b527,toxinpred3_hybrid_score,numeric,true,same_frozen_numeric_contract,minimize,dimensionless,0.355,0.32,-0.034999999999999976,0.034999999999999976,true,f251fe0e3f55114a39c46631df9c15a77e022bf0233aa1c408fae783bfcb2f0a
angpt1,869d1c6e1c86bf09ffdd5a0c6a583f7b57147c894ba96704e3fd2d0b36e1d456,controlled_crossover,04ef2379d1e2eb4b018ce371ec7f03cbfd0d061776b9197a57fac09805162d03,primary_parent,11b1835ae8fa671bed409a01dba1f66d3160cec080e155e51d94f5ee1533b527,toxinpred3_label,categorical,true,same_frozen_label_contract,audit,label,Non-Toxin,Non-Toxin,,,false,bea5844df42f5374f774bad69248730660fb447a23e0493dde8681cce6684ed7
angpt1,869d1c6e1c86bf09ffdd5a0c6a583f7b57147c894ba96704e3fd2d0b36e1d456,controlled_crossover,04ef2379d1e2eb4b018ce371ec7f03cbfd0d061776b9197a57fac09805162d03,donor_parent,8da3610c67fb4959db649075a16ef91e8f64d4ad39b74ae6e6f59b76acfea433,amp_read_log10_mic_um,numeric,true,same_frozen_numeric_contract,minimize,log10(uM),1.9749410051300977,1.6075667031054617,-0.36737430202463606,0.36737430202463606,true,8bd9bbd1657491b9b2d1a7038e25d9fda7da4d991f87a9feb88f5dea6cc61dca
angpt1,869d1c6e1c86bf09ffdd5a0c6a583f7b57147c894ba96704e3fd2d0b36e1d456,controlled_crossover,04ef2379d1e2eb4b018ce371ec7f03cbfd0d061776b9197a57fac09805162d03,donor_parent,8da3610c67fb4959db649075a16ef91e8f64d4ad39b74ae6e6f59b76acfea433,guruprasad_instability_index,numeric,true,same_frozen_numeric_contract,minimize,index,-23.433333,-33.882609,-10.449276000000001,10.449276000000001,true,12bf3f4956a9dbb8b7e8c82346d551c58802a2ffa4ec2a3e2f8dd50507a0300a
angpt1,869d1c6e1c86bf09ffdd5a0c6a583f7b57147c894ba96704e3fd2d0b36e1d456,controlled_crossover,04ef2379d1e2eb4b018ce371ec7f03cbfd0d061776b9197a57fac09805162d03,donor_parent,8da3610c67fb4959db649075a16ef91e8f64d4ad39b74ae6e6f59b76acfea433,hydrophobic_moment_eisenberg,numeric,false,audit_metric_has_no_monotonic_improvement_direction,audit,dimensionless,0.17671021265349732,0.16997748583610972,-0.0067327268173875965,,true,4609262995f1e8f8a41d65844a718234cac2aca4604f2bca047d2dc133ab347b
angpt1,869d1c6e1c86bf09ffdd5a0c6a583f7b57147c894ba96704e3fd2d0b36e1d456,controlled_crossover,04ef2379d1e2eb4b018ce371ec7f03cbfd0d061776b9197a57fac09805162d03,donor_parent,8da3610c67fb4959db649075a16ef91e8f64d4ad39b74ae6e6f59b76acfea433,hydrophobic_ratio_modlamp,numeric,false,audit_metric_has_no_monotonic_improvement_direction,audit,fraction,0.0,0.0,0.0,,false,8657b1bbeed565446e53bc73bad850972c5fecdd3987b69da418270fa2c8a323
angpt1,869d1c6e1c86bf09ffdd5a0c6a583f7b57147c894ba96704e3fd2d0b36e1d456,controlled_crossover,04ef2379d1e2eb4b018ce371ec7f03cbfd0d061776b9197a57fac09805162d03,donor_parent,8da3610c67fb4959db649075a16ef91e8f64d4ad39b74ae6e6f59b76acfea433,llamp_log10_mic_um,numeric,true,same_frozen_numeric_contract,minimize,log10(uM),1.7923035621643066,1.5141059160232544,-0.27819764614105225,0.27819764614105225,true,ff2e6d819ee9057779efb96c09c49258b46ca0071bbd9914cbe010e0a15ec2d8
angpt1,869d1c6e1c86bf09ffdd5a0c6a583f7b57147c894ba96704e3fd2d0b36e1d456,controlled_crossover,04ef2379d1e2eb4b018ce371ec7f03cbfd0d061776b9197a57fac09805162d03,donor_parent,8da3610c67fb4959db649075a16ef91e8f64d4ad39b74ae6e6f59b76acfea433,macrel_amp_probability,numeric,true,same_frozen_numeric_contract,maximize,probability,0.426,0.426,0.0,0.0,false,0cb51687fef377d50369c5ec6bc01b2b02a603cf3490521a77e40f896fe82669
angpt1,869d1c6e1c86bf09ffdd5a0c6a583f7b57147c894ba96704e3fd2d0b36e1d456,controlled_crossover,04ef2379d1e2eb4b018ce371ec7f03cbfd0d061776b9197a57fac09805162d03,donor_parent,8da3610c67fb4959db649075a16ef91e8f64d4ad39b74ae6e6f59b76acfea433,macrel_hemolysis_label,categorical,true,same_frozen_label_contract,audit,label,low,low,,,false,65ed8df4274737bb6ea06ad9b6838dc59c3e9c5e12738efc2392ee572942d8c1
angpt1,869d1c6e1c86bf09ffdd5a0c6a583f7b57147c894ba96704e3fd2d0b36e1d456,controlled_crossover,04ef2379d1e2eb4b018ce371ec7f03cbfd0d061776b9197a57fac09805162d03,donor_parent,8da3610c67fb4959db649075a16ef91e8f64d4ad39b74ae6e6f59b76acfea433,macrel_hemolysis_probability,numeric,true,same_frozen_numeric_contract,minimize,probability,0.327,0.485,0.15799999999999997,-0.15799999999999997,true,455eb86953f41a5ef37260191d64f696a5e5873adf6c0b82afea6b7e8c9da1f8
angpt1,869d1c6e1c86bf09ffdd5a0c6a583f7b57147c894ba96704e3fd2d0b36e1d456,controlled_crossover,04ef2379d1e2eb4b018ce371ec7f03cbfd0d061776b9197a57fac09805162d03,donor_parent,8da3610c67fb4959db649075a16ef91e8f64d4ad39b74ae6e6f59b76acfea433,maximum_hydrophobic_run,numeric,true,same_frozen_numeric_contract,minimize,residues,0.0,0.0,0.0,-0.0,false,40fce0f11d1c82740cc36cb617f0d408615c64b704f9a6482ae925b368c581b6
angpt1,869d1c6e1c86bf09ffdd5a0c6a583f7b57147c894ba96704e3fd2d0b36e1d456,controlled_crossover,04ef2379d1e2eb4b018ce371ec7f03cbfd0d061776b9197a57fac09805162d03,donor_parent,8da3610c67fb4959db649075a16ef91e8f64d4ad39b74ae6e6f59b76acfea433,net_charge_ph7_4,numeric,false,audit_metric_has_no_monotonic_improvement_direction,audit,elementary_charge,7.028,10.985,3.957,,true,9fbeafa9f6aab46224a62af752791ebf0813da66b6cc95eb855c0cc64bb9f4ef
angpt1,869d1c6e1c86bf09ffdd5a0c6a583f7b57147c894ba96704e3fd2d0b36e1d456,controlled_crossover,04ef2379d1e2eb4b018ce371ec7f03cbfd0d061776b9197a57fac09805162d03,donor_parent,8da3610c67fb4959db649075a16ef91e8f64d4ad39b74ae6e6f59b76acfea433,toxinpred3_hybrid_score,numeric,true,same_frozen_numeric_contract,minimize,dimensionless,0.31,0.32,0.010000000000000009,-0.010000000000000009,true,7b566ef27d6c1215ec7af91c9accb1c4cb53a5165e790cdd394a8a6d94e4f598
angpt1,869d1c6e1c86bf09ffdd5a0c6a583f7b57147c894ba96704e3fd2d0b36e1d456,controlled_crossover,04ef2379d1e2eb4b018ce371ec7f03cbfd0d061776b9197a57fac09805162d03,donor_parent,8da3610c67fb4959db649075a16ef91e8f64d4ad39b74ae6e6f59b76acfea433,toxinpred3_label,categorical,true,same_frozen_label_contract,audit,label,Non-Toxin,Non-Toxin,,,false,f4cd292242991b4b4dbca30478f470332cc79e92ff2a30ae8f09ae484cb01e23
angpt1,25ee8ee41874f094b4760202c62df5da5afc82900331939f84d623461557c667,de_novo,b168714c156a441b1d903a446a7a9a86d5e06b381bef4ebae86d4d6147deda95,none,,amp_read_log10_mic_um,numeric,false,de_novo_has_no_biological_parent,,,,2.038029582082559,,,,09ea9eb962386aaa4087da83026a545903c41be119e8843d402872bf123a8937
angpt1,25ee8ee41874f094b4760202c62df5da5afc82900331939f84d623461557c667,de_novo,b168714c156a441b1d903a446a7a9a86d5e06b381bef4ebae86d4d6147deda95,none,,guruprasad_instability_index,numeric,false,de_novo_has_no_biological_parent,,,,2.936364,,,,f2e56767a384122bcd7fa5a47665666977be0eef1410beb6f3dee6da3d38e677
angpt1,25ee8ee41874f094b4760202c62df5da5afc82900331939f84d623461557c667,de_novo,b168714c156a441b1d903a446a7a9a86d5e06b381bef4ebae86d4d6147deda95,none,,hydrophobic_moment_eisenberg,numeric,false,de_novo_has_no_biological_parent,,,,0.12068799016147831,,,,5f22fbba1468a1a0cb3f131816f9699a044389d3b28636565926b1942075f558
angpt1,25ee8ee41874f094b4760202c62df5da5afc82900331939f84d623461557c667,de_novo,b168714c156a441b1d903a446a7a9a86d5e06b381bef4ebae86d4d6147deda95,none,,hydrophobic_ratio_modlamp,numeric,false,de_novo_has_no_biological_parent,,,,0.0,,,,3646423dea742effb9617df8355771e0071fb12f9c5ce4e808ce3dae64674321
angpt1,25ee8ee41874f094b4760202c62df5da5afc82900331939f84d623461557c667,de_novo,b168714c156a441b1d903a446a7a9a86d5e06b381bef4ebae86d4d6147deda95,none,,llamp_log10_mic_um,numeric,false,de_novo_has_no_biological_parent,,,,1.3822393417358398,,,,7655346697555a6660ec3c3ba42823cc19f885c807c28ee20f3e95be3675876c
angpt1,25ee8ee41874f094b4760202c62df5da5afc82900331939f84d623461557c667,de_novo,b168714c156a441b1d903a446a7a9a86d5e06b381bef4ebae86d4d6147deda95,none,,macrel_amp_probability,numeric,false,de_novo_has_no_biological_parent,,,,0.347,,,,f45f55bcf0ec62680ee70de2c2581e71ab549fb7df1d9605de9ba1a11c4b497e
angpt1,25ee8ee41874f094b4760202c62df5da5afc82900331939f84d623461557c667,de_novo,b168714c156a441b1d903a446a7a9a86d5e06b381bef4ebae86d4d6147deda95,none,,macrel_hemolysis_label,categorical,false,de_novo_has_no_biological_parent,,,,low,,,,39728e42b8cf2783d966324f6f5e8610a6fb6347974a3000813e58d30cf78bdb
angpt1,25ee8ee41874f094b4760202c62df5da5afc82900331939f84d623461557c667,de_novo,b168714c156a441b1d903a446a7a9a86d5e06b381bef4ebae86d4d6147deda95,none,,macrel_hemolysis_probability,numeric,false,de_novo_has_no_biological_parent,,,,0.455,,,,f859b8f0f0b6f7da1e3e7b01821b8a2d112e0c6aee199928cc4fbb54d4c458af
angpt1,25ee8ee41874f094b4760202c62df5da5afc82900331939f84d623461557c667,de_novo,b168714c156a441b1d903a446a7a9a86d5e06b381bef4ebae86d4d6147deda95,none,,maximum_hydrophobic_run,numeric,false,de_novo_has_no_biological_parent,,,,0,,,,a731599d8da33c4ad45ed133f3931dcd44b7b087ce1a0402107019f6fc514c91
angpt1,25ee8ee41874f094b4760202c62df5da5afc82900331939f84d623461557c667,de_novo,b168714c156a441b1d903a446a7a9a86d5e06b381bef4ebae86d4d6147deda95,none,,net_charge_ph7_4,numeric,false,de_novo_has_no_biological_parent,,,,9.986,,,,729b9b56e8a79444a4d5a5f42e08e1eaf526e50fb4fa53dee68dc41f64c8dc32
angpt1,25ee8ee41874f094b4760202c62df5da5afc82900331939f84d623461557c667,de_novo,b168714c156a441b1d903a446a7a9a86d5e06b381bef4ebae86d4d6147deda95,none,,toxinpred3_hybrid_score,numeric,false,de_novo_has_no_biological_parent,,,,0.315,,,,2d8bc72fe21283291d63659400ace9da466f01651790df5661b960325e05fd8e
angpt1,25ee8ee41874f094b4760202c62df5da5afc82900331939f84d623461557c667,de_novo,b168714c156a441b1d903a446a7a9a86d5e06b381bef4ebae86d4d6147deda95,none,,toxinpred3_label,categorical,false,de_novo_has_no_biological_parent,,,,Non-Toxin,,,,dc8af984e8482f2fe3130432699cbbe18caf889481cf4beb9366a662f7c817cb
angpt1,9b06ff0dc9b82423981cba278fcd8b77293bf1e97c363e41c0f52bf0c4acfd2b,de_novo,6c5f6bf623f6ec198d25f08b13b132d6285099a3a662905007788b2b47bfee08,none,,amp_read_log10_mic_um,numeric,false,de_novo_has_no_biological_parent,,,,1.629168054261235,,,,f43a2986fff78cb1662bc72f2bdcad907fa875864b735105170eddf4f60e0015
angpt1,9b06ff0dc9b82423981cba278fcd8b77293bf1e97c363e41c0f52bf0c4acfd2b,de_novo,6c5f6bf623f6ec198d25f08b13b132d6285099a3a662905007788b2b47bfee08,none,,guruprasad_instability_index,numeric,false,de_novo_has_no_biological_parent,,,,-9.600000,,,,a568a16e468f385af7849eca95938f353350b447508bd9e8dc94d2ca949017da
angpt1,9b06ff0dc9b82423981cba278fcd8b77293bf1e97c363e41c0f52bf0c4acfd2b,de_novo,6c5f6bf623f6ec198d25f08b13b132d6285099a3a662905007788b2b47bfee08,none,,hydrophobic_moment_eisenberg,numeric,false,de_novo_has_no_biological_parent,,,,0.1728125556921356,,,,b53a16ea0b1af9d4ea3e8c40785439296b7787139f827c4736b63537d15c38fb
angpt1,9b06ff0dc9b82423981cba278fcd8b77293bf1e97c363e41c0f52bf0c4acfd2b,de_novo,6c5f6bf623f6ec198d25f08b13b132d6285099a3a662905007788b2b47bfee08,none,,hydrophobic_ratio_modlamp,numeric,false,de_novo_has_no_biological_parent,,,,0.1,,,,21f5257665f424048fdad20364b06279f3ae33adad24797f6f37248afe3db844
angpt1,9b06ff0dc9b82423981cba278fcd8b77293bf1e97c363e41c0f52bf0c4acfd2b,de_novo,6c5f6bf623f6ec198d25f08b13b132d6285099a3a662905007788b2b47bfee08,none,,llamp_log10_mic_um,numeric,false,de_novo_has_no_biological_parent,,,,1.2627408504486084,,,,0fa8b99bc51ed1771daaaa33b16fb3c2cfa273851f3b2304f0da1e16d7790bf8
angpt1,9b06ff0dc9b82423981cba278fcd8b77293bf1e97c363e41c0f52bf0c4acfd2b,de_novo,6c5f6bf623f6ec198d25f08b13b132d6285099a3a662905007788b2b47bfee08,none,,macrel_amp_probability,numeric,false,de_novo_has_no_biological_parent,,,,0.208,,,,1e685c31e095ab0d1654d3098b8ec98b000332fc2002aa8f33b94baa01aebe19
angpt1,9b06ff0dc9b82423981cba278fcd8b77293bf1e97c363e41c0f52bf0c4acfd2b,de_novo,6c5f6bf623f6ec198d25f08b13b132d6285099a3a662905007788b2b47bfee08,none,,macrel_hemolysis_label,categorical,false,de_novo_has_no_biological_parent,,,,low,,,,131d7b95583ae1d7e7fc0cf7bfa7987030b4b671831705ba4a1a354741ebf98d
angpt1,9b06ff0dc9b82423981cba278fcd8b77293bf1e97c363e41c0f52bf0c4acfd2b,de_novo,6c5f6bf623f6ec198d25f08b13b132d6285099a3a662905007788b2b47bfee08,none,,macrel_hemolysis_probability,numeric,false,de_novo_has_no_biological_parent,,,,0.327,,,,0f99012f8cf8f84e944056db276506fbbb9f9e0af40ed91b87f39234ce478879
angpt1,9b06ff0dc9b82423981cba278fcd8b77293bf1e97c363e41c0f52bf0c4acfd2b,de_novo,6c5f6bf623f6ec198d25f08b13b132d6285099a3a662905007788b2b47bfee08,none,,maximum_hydrophobic_run,numeric,false,de_novo_has_no_biological_parent,,,,1,,,,be60edafef82c41109a3f31e83a277877b0cec401b576a5c8d0afe492007a6ce
angpt1,9b06ff0dc9b82423981cba278fcd8b77293bf1e97c363e41c0f52bf0c4acfd2b,de_novo,6c5f6bf623f6ec198d25f08b13b132d6285099a3a662905007788b2b47bfee08,none,,net_charge_ph7_4,numeric,false,de_novo_has_no_biological_parent,,,,5.029,,,,9949f3c2113730396b0135ff2051ec294af409a98e277edcb7ef42b338652258
angpt1,9b06ff0dc9b82423981cba278fcd8b77293bf1e97c363e41c0f52bf0c4acfd2b,de_novo,6c5f6bf623f6ec198d25f08b13b132d6285099a3a662905007788b2b47bfee08,none,,toxinpred3_hybrid_score,numeric,false,de_novo_has_no_biological_parent,,,,0.0,,,,fa310f71a85a69ae51570180e34afc7588877922ab28793176f54432adcf7ec7
angpt1,9b06ff0dc9b82423981cba278fcd8b77293bf1e97c363e41c0f52bf0c4acfd2b,de_novo,6c5f6bf623f6ec198d25f08b13b132d6285099a3a662905007788b2b47bfee08,none,,toxinpred3_label,categorical,false,de_novo_has_no_biological_parent,,,,Non-Toxin,,,,b9ff9a2dcdbbc2f3023c8386d220dae567fa4267a845c02f878fba26bd2dc714
angpt1,f8c3bca6558df3b36b6399fd10b98e3411096817260c235ee1c4111df019f2dd,masked_substitution,49fe8b5a33435fe6662a5f391012d5d82ec07b16675ab6d2abcd2f909c1b0aac,primary_parent,04bbb8f66cf48119e001c6647f0a82758d21a5275e74dac6fa1819b6bb7dc86d,amp_read_log10_mic_um,numeric,true,same_frozen_numeric_contract,minimize,log10(uM),1.0684135954698575,1.2459559178760446,0.17754232240618717,-0.17754232240618717,true,a4b1135a306d74eefd07531eefda444e740f232a3546dafdc457d054589c9d53
angpt1,f8c3bca6558df3b36b6399fd10b98e3411096817260c235ee1c4111df019f2dd,masked_substitution,49fe8b5a33435fe6662a5f391012d5d82ec07b16675ab6d2abcd2f909c1b0aac,primary_parent,04bbb8f66cf48119e001c6647f0a82758d21a5275e74dac6fa1819b6bb7dc86d,guruprasad_instability_index,numeric,true,same_frozen_numeric_contract,minimize,index,-5.666667,0.209524,5.876191,-5.876191,true,e81a9c82c03ff3a7543859a7e43934413880470e1324d8c1a49a3693281bc76d
angpt1,f8c3bca6558df3b36b6399fd10b98e3411096817260c235ee1c4111df019f2dd,masked_substitution,49fe8b5a33435fe6662a5f391012d5d82ec07b16675ab6d2abcd2f909c1b0aac,primary_parent,04bbb8f66cf48119e001c6647f0a82758d21a5275e74dac6fa1819b6bb7dc86d,hydrophobic_moment_eisenberg,numeric,false,audit_metric_has_no_monotonic_improvement_direction,audit,dimensionless,0.32070620328403215,0.31425128421288256,-0.00645491907114959,,true,b86dba24333a1c0c22a98f91219a82117f09cd281bfe471bf23103b401aa37c0
angpt1,f8c3bca6558df3b36b6399fd10b98e3411096817260c235ee1c4111df019f2dd,masked_substitution,49fe8b5a33435fe6662a5f391012d5d82ec07b16675ab6d2abcd2f909c1b0aac,primary_parent,04bbb8f66cf48119e001c6647f0a82758d21a5275e74dac6fa1819b6bb7dc86d,hydrophobic_ratio_modlamp,numeric,false,audit_metric_has_no_monotonic_improvement_direction,audit,fraction,0.14285714285714285,0.14285714285714285,0.0,,false,8c9c269e3a94d6585c6fe9374d540e876f47d2fb84c9058039d6cd7b69f7bc2f
angpt1,f8c3bca6558df3b36b6399fd10b98e3411096817260c235ee1c4111df019f2dd,masked_substitution,49fe8b5a33435fe6662a5f391012d5d82ec07b16675ab6d2abcd2f909c1b0aac,primary_parent,04bbb8f66cf48119e001c6647f0a82758d21a5275e74dac6fa1819b6bb7dc86d,llamp_log10_mic_um,numeric,true,same_frozen_numeric_contract,minimize,log10(uM),1.2577025890350342,1.459574818611145,0.20187222957611084,-0.20187222957611084,true,2e51ff9df855cc2e1d989fd4d1c68a9ae427eae4e14d094262a57b537dc6c454
angpt1,f8c3bca6558df3b36b6399fd10b98e3411096817260c235ee1c4111df019f2dd,masked_substitution,49fe8b5a33435fe6662a5f391012d5d82ec07b16675ab6d2abcd2f909c1b0aac,primary_parent,04bbb8f66cf48119e001c6647f0a82758d21a5275e74dac6fa1819b6bb7dc86d,macrel_amp_probability,numeric,true,same_frozen_numeric_contract,maximize,probability,0.317,0.337,0.020000000000000018,0.020000000000000018,true,e27491038d751cfd9c7c26e8f088ad9a5c5a30cfa1845803d0e13268961dc71d
angpt1,f8c3bca6558df3b36b6399fd10b98e3411096817260c235ee1c4111df019f2dd,masked_substitution,49fe8b5a33435fe6662a5f391012d5d82ec07b16675ab6d2abcd2f909c1b0aac,primary_parent,04bbb8f66cf48119e001c6647f0a82758d21a5275e74dac6fa1819b6bb7dc86d,macrel_hemolysis_label,categorical,true,same_frozen_label_contract,audit,label,low,low,,,false,1be05757dff1014836211a4f3c6be22535c2915b64a906a066a01b7ddb547518
angpt1,f8c3bca6558df3b36b6399fd10b98e3411096817260c235ee1c4111df019f2dd,masked_substitution,49fe8b5a33435fe6662a5f391012d5d82ec07b16675ab6d2abcd2f909c1b0aac,primary_parent,04bbb8f66cf48119e001c6647f0a82758d21a5275e74dac6fa1819b6bb7dc86d,macrel_hemolysis_probability,numeric,true,same_frozen_numeric_contract,minimize,probability,0.406,0.356,-0.050000000000000044,0.050000000000000044,true,db5d9cb20a9f36b6884a677f9d4c312f0c1d20399d75de3d1f4bbcb7558e3d04
angpt1,f8c3bca6558df3b36b6399fd10b98e3411096817260c235ee1c4111df019f2dd,masked_substitution,49fe8b5a33435fe6662a5f391012d5d82ec07b16675ab6d2abcd2f909c1b0aac,primary_parent,04bbb8f66cf48119e001c6647f0a82758d21a5275e74dac6fa1819b6bb7dc86d,maximum_hydrophobic_run,numeric,true,same_frozen_numeric_contract,minimize,residues,2.0,2.0,0.0,-0.0,false,6ebb9fdfabfc42cdb8345c85e3a882fe81086d79b5d55aa623c39530813fb79c
angpt1,f8c3bca6558df3b36b6399fd10b98e3411096817260c235ee1c4111df019f2dd,masked_substitution,49fe8b5a33435fe6662a5f391012d5d82ec07b16675ab6d2abcd2f909c1b0aac,primary_parent,04bbb8f66cf48119e001c6647f0a82758d21a5275e74dac6fa1819b6bb7dc86d,net_charge_ph7_4,numeric,false,audit_metric_has_no_monotonic_improvement_direction,audit,elementary_charge,8.984,7.985,-0.9989999999999997,,true,fd399c20dadd7fc612bff7c3119cc1671d1a10477543eeb6dd222bf0c831f8fb
angpt1,f8c3bca6558df3b36b6399fd10b98e3411096817260c235ee1c4111df019f2dd,masked_substitution,49fe8b5a33435fe6662a5f391012d5d82ec07b16675ab6d2abcd2f909c1b0aac,primary_parent,04bbb8f66cf48119e001c6647f0a82758d21a5275e74dac6fa1819b6bb7dc86d,toxinpred3_hybrid_score,numeric,true,same_frozen_numeric_contract,minimize,dimensionless,0.0,0.0,0.0,-0.0,false,692d057abfeb9f206b9babfe86c5fa92528205fe5fdf58ff838f4cb79c6d8ef2
angpt1,f8c3bca6558df3b36b6399fd10b98e3411096817260c235ee1c4111df019f2dd,masked_substitution,49fe8b5a33435fe6662a5f391012d5d82ec07b16675ab6d2abcd2f909c1b0aac,primary_parent,04bbb8f66cf48119e001c6647f0a82758d21a5275e74dac6fa1819b6bb7dc86d,toxinpred3_label,categorical,true,same_frozen_label_contract,audit,label,Non-Toxin,Non-Toxin,,,false,ee64449ec6451ddb1fc1588a52b3ca13f83f9e33248f83633cf52c5965c006d0
angpt1,c7b621f8a748fb461ad6dd9d2486fcc76630d4cdd6426a58317e904cc07a599f,controlled_crossover,f8d2fbac40b413c8eaab81d2a653d2e65c32a04ef1e0fd730f335230e18b5f39,primary_parent,667cf56890f71d216809640d6a1fbaa7f3771a8f9d67230f190d8e920c862981,amp_read_log10_mic_um,numeric,true,same_frozen_numeric_contract,minimize,log10(uM),1.6850494353074599,1.532069698606601,-0.15297973670085896,0.15297973670085896,true,ee2890259bb79e93308375a150eca9a0bb55125314fc6fc09e8ebebd6a884646
angpt1,c7b621f8a748fb461ad6dd9d2486fcc76630d4cdd6426a58317e904cc07a599f,controlled_crossover,f8d2fbac40b413c8eaab81d2a653d2e65c32a04ef1e0fd730f335230e18b5f39,primary_parent,667cf56890f71d216809640d6a1fbaa7f3771a8f9d67230f190d8e920c862981,guruprasad_instability_index,numeric,true,same_frozen_numeric_contract,minimize,index,-18.126087,-33.882609,-15.756522000000004,15.756522000000004,true,bdab7adbba81ac1ba73d646e29900009c23e412e4f455eac6a4274c4ee1211be
angpt1,c7b621f8a748fb461ad6dd9d2486fcc76630d4cdd6426a58317e904cc07a599f,controlled_crossover,f8d2fbac40b413c8eaab81d2a653d2e65c32a04ef1e0fd730f335230e18b5f39,primary_parent,667cf56890f71d216809640d6a1fbaa7f3771a8f9d67230f190d8e920c862981,hydrophobic_moment_eisenberg,numeric,false,audit_metric_has_no_monotonic_improvement_direction,audit,dimensionless,0.17319793748634074,0.06874478723746094,-0.1044531502488798,,true,94caa8c7421750434d01bca7f059ef78f5f1bbfd9d36bc3cd97c67031f365df6
angpt1,c7b621f8a748fb461ad6dd9d2486fcc76630d4cdd6426a58317e904cc07a599f,controlled_crossover,f8d2fbac40b413c8eaab81d2a653d2e65c32a04ef1e0fd730f335230e18b5f39,primary_parent,667cf56890f71d216809640d6a1fbaa7f3771a8f9d67230f190d8e920c862981,hydrophobic_ratio_modlamp,numeric,false,audit_metric_has_no_monotonic_improvement_direction,audit,fraction,0.0,0.0,0.0,,false,d50cbdfaef6e92379c34bc04f2dc8ea36faec17be38510d94168cbbd0e2061d6
angpt1,c7b621f8a748fb461ad6dd9d2486fcc76630d4cdd6426a58317e904cc07a599f,controlled_crossover,f8d2fbac40b413c8eaab81d2a653d2e65c32a04ef1e0fd730f335230e18b5f39,primary_parent,667cf56890f71d216809640d6a1fbaa7f3771a8f9d67230f190d8e920c862981,llamp_log10_mic_um,numeric,true,same_frozen_numeric_contract,minimize,log10(uM),1.4833999872207642,1.4796210527420044,-0.0037789344787597656,0.0037789344787597656,true,1d4fe532e214bafd15c4e5c76a62a742760f13a687e0b08355ab1652fe012ff3
angpt1,c7b621f8a748fb461ad6dd9d2486fcc76630d4cdd6426a58317e904cc07a599f,controlled_crossover,f8d2fbac40b413c8eaab81d2a653d2e65c32a04ef1e0fd730f335230e18b5f39,primary_parent,667cf56890f71d216809640d6a1fbaa7f3771a8f9d67230f190d8e920c862981,macrel_amp_probability,numeric,true,same_frozen_numeric_contract,maximize,probability,0.515,0.376,-0.139,-0.139,true,1bf65515f3ca97883859253b9feaf333c19f67b05a5b1d9129431d96beb66446
angpt1,c7b621f8a748fb461ad6dd9d2486fcc76630d4cdd6426a58317e904cc07a599f,controlled_crossover,f8d2fbac40b413c8eaab81d2a653d2e65c32a04ef1e0fd730f335230e18b5f39,primary_parent,667cf56890f71d216809640d6a1fbaa7f3771a8f9d67230f190d8e920c862981,macrel_hemolysis_label,categorical,true,same_frozen_label_contract,audit,label,low,low,,,false,a24d308ce6f140de8edfaf73808f024cfec1f61970eac73fa1e20f683cdafd59
angpt1,c7b621f8a748fb461ad6dd9d2486fcc76630d4cdd6426a58317e904cc07a599f,controlled_crossover,f8d2fbac40b413c8eaab81d2a653d2e65c32a04ef1e0fd730f335230e18b5f39,primary_parent,667cf56890f71d216809640d6a1fbaa7f3771a8f9d67230f190d8e920c862981,macrel_hemolysis_probability,numeric,true,same_frozen_numeric_contract,minimize,probability,0.446,0.436,-0.010000000000000009,0.010000000000000009,true,385d4e3d1cb59f56d12bb5e6337a6526a5678f6a5538989d33c75f15fc821d6a
angpt1,c7b621f8a748fb461ad6dd9d2486fcc76630d4cdd6426a58317e904cc07a599f,controlled_crossover,f8d2fbac40b413c8eaab81d2a653d2e65c32a04ef1e0fd730f335230e18b5f39,primary_parent,667cf56890f71d216809640d6a1fbaa7f3771a8f9d67230f190d8e920c862981,maximum_hydrophobic_run,numeric,true,same_frozen_numeric_contract,minimize,residues,0.0,0.0,0.0,-0.0,false,a0bb552536d0655723dc8b402ebae70a80a752605080fa4862f0b3f2daf93be0
angpt1,c7b621f8a748fb461ad6dd9d2486fcc76630d4cdd6426a58317e904cc07a599f,controlled_crossover,f8d2fbac40b413c8eaab81d2a653d2e65c32a04ef1e0fd730f335230e18b5f39,primary_parent,667cf56890f71d216809640d6a1fbaa7f3771a8f9d67230f190d8e920c862981,net_charge_ph7_4,numeric,false,audit_metric_has_no_monotonic_improvement_direction,audit,elementary_charge,10.985,10.985,0.0,,false,3bed5d585c1b3b87af3dac1a0b278e08dfde023531a56506f78c284aa09e103d
angpt1,c7b621f8a748fb461ad6dd9d2486fcc76630d4cdd6426a58317e904cc07a599f,controlled_crossover,f8d2fbac40b413c8eaab81d2a653d2e65c32a04ef1e0fd730f335230e18b5f39,primary_parent,667cf56890f71d216809640d6a1fbaa7f3771a8f9d67230f190d8e920c862981,toxinpred3_hybrid_score,numeric,true,same_frozen_numeric_contract,minimize,dimensionless,0.355,0.32,-0.034999999999999976,0.034999999999999976,true,1c8ec6b3268092eb5920e9bd2988dbcb1b1806ae63f6c534efa27cb8468d0a9c
angpt1,c7b621f8a748fb461ad6dd9d2486fcc76630d4cdd6426a58317e904cc07a599f,controlled_crossover,f8d2fbac40b413c8eaab81d2a653d2e65c32a04ef1e0fd730f335230e18b5f39,primary_parent,667cf56890f71d216809640d6a1fbaa7f3771a8f9d67230f190d8e920c862981,toxinpred3_label,categorical,true,same_frozen_label_contract,audit,label,Non-Toxin,Non-Toxin,,,false,4058bfde54d30a1c87d097767ec53cceebb3d8527bbb4f92ef69fcb7a7e75970
angpt1,c7b621f8a748fb461ad6dd9d2486fcc76630d4cdd6426a58317e904cc07a599f,controlled_crossover,f8d2fbac40b413c8eaab81d2a653d2e65c32a04ef1e0fd730f335230e18b5f39,donor_parent,8da3610c67fb4959db649075a16ef91e8f64d4ad39b74ae6e6f59b76acfea433,amp_read_log10_mic_um,numeric,true,same_frozen_numeric_contract,minimize,log10(uM),1.9749410051300977,1.532069698606601,-0.4428713065234968,0.4428713065234968,true,9891cef60bcb82dfbe89bba26f3a3c29978d2258307f94aeb14d2c1fd3c582f2
angpt1,c7b621f8a748fb461ad6dd9d2486fcc76630d4cdd6426a58317e904cc07a599f,controlled_crossover,f8d2fbac40b413c8eaab81d2a653d2e65c32a04ef1e0fd730f335230e18b5f39,donor_parent,8da3610c67fb4959db649075a16ef91e8f64d4ad39b74ae6e6f59b76acfea433,guruprasad_instability_index,numeric,true,same_frozen_numeric_contract,minimize,index,-23.433333,-33.882609,-10.449276000000001,10.449276000000001,true,e1abc595f164044342b40808888229d90bc66eef6c24998e30d658c43c7e5dac
angpt1,c7b621f8a748fb461ad6dd9d2486fcc76630d4cdd6426a58317e904cc07a599f,controlled_crossover,f8d2fbac40b413c8eaab81d2a653d2e65c32a04ef1e0fd730f335230e18b5f39,donor_parent,8da3610c67fb4959db649075a16ef91e8f64d4ad39b74ae6e6f59b76acfea433,hydrophobic_moment_eisenberg,numeric,false,audit_metric_has_no_monotonic_improvement_direction,audit,dimensionless,0.17671021265349732,0.06874478723746094,-0.10796542541603638,,true,7bf3737f9873db4d8abeed81d856461f6ddc48b683259db5372f5b13c0e84bbc
angpt1,c7b621f8a748fb461ad6dd9d2486fcc76630d4cdd6426a58317e904cc07a599f,controlled_crossover,f8d2fbac40b413c8eaab81d2a653d2e65c32a04ef1e0fd730f335230e18b5f39,donor_parent,8da3610c67fb4959db649075a16ef91e8f64d4ad39b74ae6e6f59b76acfea433,hydrophobic_ratio_modlamp,numeric,false,audit_metric_has_no_monotonic_improvement_direction,audit,fraction,0.0,0.0,0.0,,false,cc3bfc18f75a2f2189b995aff25f6ffeedc01ddd823982465d70910fefdce6e3
angpt1,c7b621f8a748fb461ad6dd9d2486fcc76630d4cdd6426a58317e904cc07a599f,controlled_crossover,f8d2fbac40b413c8eaab81d2a653d2e65c32a04ef1e0fd730f335230e18b5f39,donor_parent,8da3610c67fb4959db649075a16ef91e8f64d4ad39b74ae6e6f59b76acfea433,llamp_log10_mic_um,numeric,true,same_frozen_numeric_contract,minimize,log10(uM),1.7923035621643066,1.4796210527420044,-0.31268250942230225,0.31268250942230225,true,4806a1626cbcbe2d723275cbf617d48f2e2548b566c1f8e7e2828c8ff822490b
angpt1,c7b621f8a748fb461ad6dd9d2486fcc76630d4cdd6426a58317e904cc07a599f,controlled_crossover,f8d2fbac40b413c8eaab81d2a653d2e65c32a04ef1e0fd730f335230e18b5f39,donor_parent,8da3610c67fb4959db649075a16ef91e8f64d4ad39b74ae6e6f59b76acfea433,macrel_amp_probability,numeric,true,same_frozen_numeric_contract,maximize,probability,0.426,0.376,-0.04999999999999999,-0.04999999999999999,true,ddd8609c1064151d174aab4c5bc09bd2953ec8ccde3489f0df9854327a9dd70d
angpt1,c7b621f8a748fb461ad6dd9d2486fcc76630d4cdd6426a58317e904cc07a599f,controlled_crossover,f8d2fbac40b413c8eaab81d2a653d2e65c32a04ef1e0fd730f335230e18b5f39,donor_parent,8da3610c67fb4959db649075a16ef91e8f64d4ad39b74ae6e6f59b76acfea433,macrel_hemolysis_label,categorical,true,same_frozen_label_contract,audit,label,low,low,,,false,ef2ce0ff62f3d3312b1ce735d9186b0b8b8f0827bec2e70ee0602f5cb23e9774
angpt1,c7b621f8a748fb461ad6dd9d2486fcc76630d4cdd6426a58317e904cc07a599f,controlled_crossover,f8d2fbac40b413c8eaab81d2a653d2e65c32a04ef1e0fd730f335230e18b5f39,donor_parent,8da3610c67fb4959db649075a16ef91e8f64d4ad39b74ae6e6f59b76acfea433,macrel_hemolysis_probability,numeric,true,same_frozen_numeric_contract,minimize,probability,0.327,0.436,0.10899999999999999,-0.10899999999999999,true,cfeaeebca2a87c21c8cf863550ad91d0f509e27bf16c7f4086c74f9d556d610e
angpt1,c7b621f8a748fb461ad6dd9d2486fcc76630d4cdd6426a58317e904cc07a599f,controlled_crossover,f8d2fbac40b413c8eaab81d2a653d2e65c32a04ef1e0fd730f335230e18b5f39,donor_parent,8da3610c67fb4959db649075a16ef91e8f64d4ad39b74ae6e6f59b76acfea433,maximum_hydrophobic_run,numeric,true,same_frozen_numeric_contract,minimize,residues,0.0,0.0,0.0,-0.0,false,63a08a69555802f0e0229b4db92ba94833fa9af724130fc79fd14f6f0e16d8bb
angpt1,c7b621f8a748fb461ad6dd9d2486fcc76630d4cdd6426a58317e904cc07a599f,controlled_crossover,f8d2fbac40b413c8eaab81d2a653d2e65c32a04ef1e0fd730f335230e18b5f39,donor_parent,8da3610c67fb4959db649075a16ef91e8f64d4ad39b74ae6e6f59b76acfea433,net_charge_ph7_4,numeric,false,audit_metric_has_no_monotonic_improvement_direction,audit,elementary_charge,7.028,10.985,3.957,,true,c5d80b2759e011678faff5c6d0b8fd03d86952e0ae02c4156685024d0eab915f
angpt1,c7b621f8a748fb461ad6dd9d2486fcc76630d4cdd6426a58317e904cc07a599f,controlled_crossover,f8d2fbac40b413c8eaab81d2a653d2e65c32a04ef1e0fd730f335230e18b5f39,donor_parent,8da3610c67fb4959db649075a16ef91e8f64d4ad39b74ae6e6f59b76acfea433,toxinpred3_hybrid_score,numeric,true,same_frozen_numeric_contract,minimize,dimensionless,0.31,0.32,0.010000000000000009,-0.010000000000000009,true,9852ae0ed51932d150747af8d6766921c03532eceb9081db7674669a3fe6f2e9
angpt1,c7b621f8a748fb461ad6dd9d2486fcc76630d4cdd6426a58317e904cc07a599f,controlled_crossover,f8d2fbac40b413c8eaab81d2a653d2e65c32a04ef1e0fd730f335230e18b5f39,donor_parent,8da3610c67fb4959db649075a16ef91e8f64d4ad39b74ae6e6f59b76acfea433,toxinpred3_label,categorical,true,same_frozen_label_contract,audit,label,Non-Toxin,Non-Toxin,,,false,7e16418a4cf17aebda5cd39ecc99da739137b6932bf3a59571000e931a2efac5
angpt1,dcc550888caa87edd072545259e73b5f714a9278457822c5369286dcc8ec70c7,de_novo,edc150d242c542d8ff4a594385a020164c5b565bb0e95471debdb3e096954efb,none,,amp_read_log10_mic_um,numeric,false,de_novo_has_no_biological_parent,,,,2.0905512559586397,,,,a4cacb642a33dc444f3a27e7a41639495d5c87c50a7136d5e838df6b00de01cd
angpt1,dcc550888caa87edd072545259e73b5f714a9278457822c5369286dcc8ec70c7,de_novo,edc150d242c542d8ff4a594385a020164c5b565bb0e95471debdb3e096954efb,none,,guruprasad_instability_index,numeric,false,de_novo_has_no_biological_parent,,,,8.952381,,,,218e50caab60cc6a1f3a3290f59c8280b63564351bf1384c505b1c17bf1e28f0
angpt1,dcc550888caa87edd072545259e73b5f714a9278457822c5369286dcc8ec70c7,de_novo,edc150d242c542d8ff4a594385a020164c5b565bb0e95471debdb3e096954efb,none,,hydrophobic_moment_eisenberg,numeric,false,de_novo_has_no_biological_parent,,,,0.3937759519752464,,,,ca8ff16025d00edf80077e5ffc610da88ddf7e43937a4c0d4344f71a429a0be1
angpt1,dcc550888caa87edd072545259e73b5f714a9278457822c5369286dcc8ec70c7,de_novo,edc150d242c542d8ff4a594385a020164c5b565bb0e95471debdb3e096954efb,none,,hydrophobic_ratio_modlamp,numeric,false,de_novo_has_no_biological_parent,,,,0.047619047619047616,,,,c84bea714572143a89ad307768806071feeb063e9b3b0bf34ae098c3acb44d8d
angpt1,dcc550888caa87edd072545259e73b5f714a9278457822c5369286dcc8ec70c7,de_novo,edc150d242c542d8ff4a594385a020164c5b565bb0e95471debdb3e096954efb,none,,llamp_log10_mic_um,numeric,false,de_novo_has_no_biological_parent,,,,1.2445189952850342,,,,04614a7f3f8385fdc870669f8771d9dd1ef5c0255c4f5b0f9353252c29eb29ba
angpt1,dcc550888caa87edd072545259e73b5f714a9278457822c5369286dcc8ec70c7,de_novo,edc150d242c542d8ff4a594385a020164c5b565bb0e95471debdb3e096954efb,none,,macrel_amp_probability,numeric,false,de_novo_has_no_biological_parent,,,,0.257,,,,ac5264696dd2853f395017a7c82a7c217744daa1ca9eba8842ae444953418638
angpt1,dcc550888caa87edd072545259e73b5f714a9278457822c5369286dcc8ec70c7,de_novo,edc150d242c542d8ff4a594385a020164c5b565bb0e95471debdb3e096954efb,none,,macrel_hemolysis_label,categorical,false,de_novo_has_no_biological_parent,,,,low,,,,030d4f2708d4ca1eeb2fd9540e750c407ffc490dc7729720c751c5aacdd356ac
angpt1,dcc550888caa87edd072545259e73b5f714a9278457822c5369286dcc8ec70c7,de_novo,edc150d242c542d8ff4a594385a020164c5b565bb0e95471debdb3e096954efb,none,,macrel_hemolysis_probability,numeric,false,de_novo_has_no_biological_parent,,,,0.366,,,,c38824ec68930af3753f931f66e0aa00327c34f1f5fdd0d174988dc0c04eea97
angpt1,dcc550888caa87edd072545259e73b5f714a9278457822c5369286dcc8ec70c7,de_novo,edc150d242c542d8ff4a594385a020164c5b565bb0e95471debdb3e096954efb,none,,maximum_hydrophobic_run,numeric,false,de_novo_has_no_biological_parent,,,,1,,,,352ca88cb75e3fe560af3b00d2ff7a78788a6c4ee382c71cc5a0c0a436e9d062
angpt1,dcc550888caa87edd072545259e73b5f714a9278457822c5369286dcc8ec70c7,de_novo,edc150d242c542d8ff4a594385a020164c5b565bb0e95471debdb3e096954efb,none,,net_charge_ph7_4,numeric,false,de_novo_has_no_biological_parent,,,,8.028,,,,73f5bee177501c13c7127de0eb5760d65ea996793b7eb4bb7d0d425c0e55e8a5
angpt1,dcc550888caa87edd072545259e73b5f714a9278457822c5369286dcc8ec70c7,de_novo,edc150d242c542d8ff4a594385a020164c5b565bb0e95471debdb3e096954efb,none,,toxinpred3_hybrid_score,numeric,false,de_novo_has_no_biological_parent,,,,0.35,,,,a616728fe75a8c6ec6f207a51384e939d83156a2f8f89c575e7e0ba24b2e1dc4
angpt1,dcc550888caa87edd072545259e73b5f714a9278457822c5369286dcc8ec70c7,de_novo,edc150d242c542d8ff4a594385a020164c5b565bb0e95471debdb3e096954efb,none,,toxinpred3_label,categorical,false,de_novo_has_no_biological_parent,,,,Non-Toxin,,,,7e7c91f50740efbf378199f7a4f349061eb0dceec96790000153d7f33d91faa1
angpt1,bdc74870df82543adb1a1b32dcee0bb77b3c8498dc310f9d1c32889835a3c452,de_novo,1de75b6b7f7b772e81afd22620e4bb8d1d358f7c98a4473eafab0c84ea5144a2,none,,amp_read_log10_mic_um,numeric,false,de_novo_has_no_biological_parent,,,,1.5224352317201257,,,,127fa60fcd462b914dc35b68382ac0a936b06c6b587f5af9f13a8bade8f7625c
angpt1,bdc74870df82543adb1a1b32dcee0bb77b3c8498dc310f9d1c32889835a3c452,de_novo,1de75b6b7f7b772e81afd22620e4bb8d1d358f7c98a4473eafab0c84ea5144a2,none,,guruprasad_instability_index,numeric,false,de_novo_has_no_biological_parent,,,,-1.600000,,,,65594e0cb6615c33f65c96834a9798ff26f8fd002f3f6b4b46cbe7956c43d9bc
angpt1,bdc74870df82543adb1a1b32dcee0bb77b3c8498dc310f9d1c32889835a3c452,de_novo,1de75b6b7f7b772e81afd22620e4bb8d1d358f7c98a4473eafab0c84ea5144a2,none,,hydrophobic_moment_eisenberg,numeric,false,de_novo_has_no_biological_parent,,,,0.23922220988930226,,,,ca5571a6381d07a086460d7f214bc3a56bf72d2ad768e6abf29901f3dfc625f6
angpt1,bdc74870df82543adb1a1b32dcee0bb77b3c8498dc310f9d1c32889835a3c452,de_novo,1de75b6b7f7b772e81afd22620e4bb8d1d358f7c98a4473eafab0c84ea5144a2,none,,hydrophobic_ratio_modlamp,numeric,false,de_novo_has_no_biological_parent,,,,0.2857142857142857,,,,bd324aebe17256ccf3cd905d3757467a1123fa26ef5c5d9b57a4178e340bfafb
angpt1,bdc74870df82543adb1a1b32dcee0bb77b3c8498dc310f9d1c32889835a3c452,de_novo,1de75b6b7f7b772e81afd22620e4bb8d1d358f7c98a4473eafab0c84ea5144a2,none,,llamp_log10_mic_um,numeric,false,de_novo_has_no_biological_parent,,,,1.9786608219146729,,,,ab43de749902c19f5addfd03ea126fb1a6b3765bd84c2f1b468b85394370d1cb
angpt1,bdc74870df82543adb1a1b32dcee0bb77b3c8498dc310f9d1c32889835a3c452,de_novo,1de75b6b7f7b772e81afd22620e4bb8d1d358f7c98a4473eafab0c84ea5144a2,none,,macrel_amp_probability,numeric,false,de_novo_has_no_biological_parent,,,,0.356,,,,52f574458503e8d550658bdc397ec1b4c88849737c4ae01d2d98946617f16831
angpt1,bdc74870df82543adb1a1b32dcee0bb77b3c8498dc310f9d1c32889835a3c452,de_novo,1de75b6b7f7b772e81afd22620e4bb8d1d358f7c98a4473eafab0c84ea5144a2,none,,macrel_hemolysis_label,categorical,false,de_novo_has_no_biological_parent,,,,high,,,,611a6a77c4e3e93c4153822479a346563c9dffdd8b2ef58bb1feb9c725e321ed
angpt1,bdc74870df82543adb1a1b32dcee0bb77b3c8498dc310f9d1c32889835a3c452,de_novo,1de75b6b7f7b772e81afd22620e4bb8d1d358f7c98a4473eafab0c84ea5144a2,none,,macrel_hemolysis_probability,numeric,false,de_novo_has_no_biological_parent,,,,0.683,,,,9ccc0ef4a0c77a9f75fad484e0495e6ce2b42e7c7a997546ef352f5302ab683a
angpt1,bdc74870df82543adb1a1b32dcee0bb77b3c8498dc310f9d1c32889835a3c452,de_novo,1de75b6b7f7b772e81afd22620e4bb8d1d358f7c98a4473eafab0c84ea5144a2,none,,maximum_hydrophobic_run,numeric,false,de_novo_has_no_biological_parent,,,,1,,,,7799380a995d683bdd1d792c78c379e871ec791e2c82eb139757f8c8945d8b83
angpt1,bdc74870df82543adb1a1b32dcee0bb77b3c8498dc310f9d1c32889835a3c452,de_novo,1de75b6b7f7b772e81afd22620e4bb8d1d358f7c98a4473eafab0c84ea5144a2,none,,net_charge_ph7_4,numeric,false,de_novo_has_no_biological_parent,,,,5.029,,,,ed2af3c22669e883f6876f13179c19a954e00283d2f2e30c93c52f3c1050eeb7
angpt1,bdc74870df82543adb1a1b32dcee0bb77b3c8498dc310f9d1c32889835a3c452,de_novo,1de75b6b7f7b772e81afd22620e4bb8d1d358f7c98a4473eafab0c84ea5144a2,none,,toxinpred3_hybrid_score,numeric,false,de_novo_has_no_biological_parent,,,,0.375,,,,28dd5695cbe45939aa6ae245314d1f1ced24d9f07656ac088b06443c1a379bee
angpt1,bdc74870df82543adb1a1b32dcee0bb77b3c8498dc310f9d1c32889835a3c452,de_novo,1de75b6b7f7b772e81afd22620e4bb8d1d358f7c98a4473eafab0c84ea5144a2,none,,toxinpred3_label,categorical,false,de_novo_has_no_biological_parent,,,,Non-Toxin,,,,b9dadd70daa9ea5e4f52e30217bb8fd7577eedea9b482aac00cd56b9e349940f
angpt1,37d5166154a7864be42b244129c3bb78cf0967ea97a5487563eb0635d787da98,masked_substitution,5dfe4b7c71f0e46949f2b0bb1bffee3e00cc2254a00cad0d7cff6b24a2fa3cb8,primary_parent,04bbb8f66cf48119e001c6647f0a82758d21a5275e74dac6fa1819b6bb7dc86d,amp_read_log10_mic_um,numeric,true,same_frozen_numeric_contract,minimize,log10(uM),1.0684135954698575,1.2026228789956033,0.1342092835257458,-0.1342092835257458,true,16a0aa40f582291345eaeaf7d6808abd18f791be3b431228405d8e7cfec2c58e
angpt1,37d5166154a7864be42b244129c3bb78cf0967ea97a5487563eb0635d787da98,masked_substitution,5dfe4b7c71f0e46949f2b0bb1bffee3e00cc2254a00cad0d7cff6b24a2fa3cb8,primary_parent,04bbb8f66cf48119e001c6647f0a82758d21a5275e74dac6fa1819b6bb7dc86d,guruprasad_instability_index,numeric,true,same_frozen_numeric_contract,minimize,index,-5.666667,1.566667,7.233334,-7.233334,true,9491ccd87284203d931fe53d0ab35dcb8bd0b6b926f1ee1d37e25aa91ac28bdf
angpt1,37d5166154a7864be42b244129c3bb78cf0967ea97a5487563eb0635d787da98,masked_substitution,5dfe4b7c71f0e46949f2b0bb1bffee3e00cc2254a00cad0d7cff6b24a2fa3cb8,primary_parent,04bbb8f66cf48119e001c6647f0a82758d21a5275e74dac6fa1819b6bb7dc86d,hydrophobic_moment_eisenberg,numeric,false,audit_metric_has_no_monotonic_improvement_direction,audit,dimensionless,0.32070620328403215,0.4024616803647221,0.08175547708068992,,true,874c5ce5b8908fb2d80cf078a35018c647be856dfbafe179b1eeda62ced6a86e
angpt1,37d5166154a7864be42b244129c3bb78cf0967ea97a5487563eb0635d787da98,masked_substitution,5dfe4b7c71f0e46949f2b0bb1bffee3e00cc2254a00cad0d7cff6b24a2fa3cb8,primary_parent,04bbb8f66cf48119e001c6647f0a82758d21a5275e74dac6fa1819b6bb7dc86d,hydrophobic_ratio_modlamp,numeric,false,audit_metric_has_no_monotonic_improvement_direction,audit,fraction,0.14285714285714285,0.14285714285714285,0.0,,false,ef09f15806cd252865cd12f714d7dc87d9ed3a76df9ea91b9a7a45197681a864
angpt1,37d5166154a7864be42b244129c3bb78cf0967ea97a5487563eb0635d787da98,masked_substitution,5dfe4b7c71f0e46949f2b0bb1bffee3e00cc2254a00cad0d7cff6b24a2fa3cb8,primary_parent,04bbb8f66cf48119e001c6647f0a82758d21a5275e74dac6fa1819b6bb7dc86d,llamp_log10_mic_um,numeric,true,same_frozen_numeric_contract,minimize,log10(uM),1.2577025890350342,1.3647180795669556,0.10701549053192139,-0.10701549053192139,true,2712aad12420e6628dd673d309b57b71079c939a1c303c48317a70d194ae30ba
angpt1,37d5166154a7864be42b244129c3bb78cf0967ea97a5487563eb0635d787da98,masked_substitution,5dfe4b7c71f0e46949f2b0bb1bffee3e00cc2254a00cad0d7cff6b24a2fa3cb8,primary_parent,04bbb8f66cf48119e001c6647f0a82758d21a5275e74dac6fa1819b6bb7dc86d,macrel_amp_probability,numeric,true,same_frozen_numeric_contract,maximize,probability,0.317,0.267,-0.04999999999999999,-0.04999999999999999,true,325529f2624accedf965348d7fbe6b3114cd6871689b4633e2d4fa290a837dcd
angpt1,37d5166154a7864be42b244129c3bb78cf0967ea97a5487563eb0635d787da98,masked_substitution,5dfe4b7c71f0e46949f2b0bb1bffee3e00cc2254a00cad0d7cff6b24a2fa3cb8,primary_parent,04bbb8f66cf48119e001c6647f0a82758d21a5275e74dac6fa1819b6bb7dc86d,macrel_hemolysis_label,categorical,true,same_frozen_label_contract,audit,label,low,low,,,false,a10bfaaa8505fbedeb0275d0fc7531b356cb3cd02739281cf418c6c6b479ddd1
angpt1,37d5166154a7864be42b244129c3bb78cf0967ea97a5487563eb0635d787da98,masked_substitution,5dfe4b7c71f0e46949f2b0bb1bffee3e00cc2254a00cad0d7cff6b24a2fa3cb8,primary_parent,04bbb8f66cf48119e001c6647f0a82758d21a5275e74dac6fa1819b6bb7dc86d,macrel_hemolysis_probability,numeric,true,same_frozen_numeric_contract,minimize,probability,0.406,0.386,-0.020000000000000018,0.020000000000000018,true,0bb7a14d2f3a2d2231a2481b65a757e0ad0b478cd9f81ef999ba48c55db79c7d
angpt1,37d5166154a7864be42b244129c3bb78cf0967ea97a5487563eb0635d787da98,masked_substitution,5dfe4b7c71f0e46949f2b0bb1bffee3e00cc2254a00cad0d7cff6b24a2fa3cb8,primary_parent,04bbb8f66cf48119e001c6647f0a82758d21a5275e74dac6fa1819b6bb7dc86d,maximum_hydrophobic_run,numeric,true,same_frozen_numeric_contract,minimize,residues,2.0,2.0,0.0,-0.0,false,ceb56aa218fbe092d2bd56ee698ca9f57a8a8d0201d0fba6b9edba5faf2ca997
angpt1,37d5166154a7864be42b244129c3bb78cf0967ea97a5487563eb0635d787da98,masked_substitution,5dfe4b7c71f0e46949f2b0bb1bffee3e00cc2254a00cad0d7cff6b24a2fa3cb8,primary_parent,04bbb8f66cf48119e001c6647f0a82758d21a5275e74dac6fa1819b6bb7dc86d,net_charge_ph7_4,numeric,false,audit_metric_has_no_monotonic_improvement_direction,audit,elementary_charge,8.984,7.984,-1.0,,true,8b4f8c9c536aa6d10461b1de3a81fecb084b3577a1bea8f16127ef71a58c95e9
angpt1,37d5166154a7864be42b244129c3bb78cf0967ea97a5487563eb0635d787da98,masked_substitution,5dfe4b7c71f0e46949f2b0bb1bffee3e00cc2254a00cad0d7cff6b24a2fa3cb8,primary_parent,04bbb8f66cf48119e001c6647f0a82758d21a5275e74dac6fa1819b6bb7dc86d,toxinpred3_hybrid_score,numeric,true,same_frozen_numeric_contract,minimize,dimensionless,0.0,0.0,0.0,-0.0,false,51c2291e655e1062d4dd1469789869597c100c034bb557e1fc1978bff93a9ea2
angpt1,37d5166154a7864be42b244129c3bb78cf0967ea97a5487563eb0635d787da98,masked_substitution,5dfe4b7c71f0e46949f2b0bb1bffee3e00cc2254a00cad0d7cff6b24a2fa3cb8,primary_parent,04bbb8f66cf48119e001c6647f0a82758d21a5275e74dac6fa1819b6bb7dc86d,toxinpred3_label,categorical,true,same_frozen_label_contract,audit,label,Non-Toxin,Non-Toxin,,,false,b3c42c317f1599e8047b4ce581c0c3a6e06282126884f5b20b0b9d9a1727c701
angpt1,ad5d923b837659341c689a61f2ec6dacc64c4fa60d472c8de6fd9b0650d9cadf,controlled_crossover,2630ad620724cdf4b1176db23229cde9ccb45760df83061dd1e02e4c54338f56,primary_parent,11b1835ae8fa671bed409a01dba1f66d3160cec080e155e51d94f5ee1533b527,amp_read_log10_mic_um,numeric,true,same_frozen_numeric_contract,minimize,log10(uM),1.6786354578903795,1.7007549464107847,0.02211948852040524,-0.02211948852040524,true,cdc04c1c3c46623378ea45116359a76a04fbdd50607a565f30b535e0f3669184
angpt1,ad5d923b837659341c689a61f2ec6dacc64c4fa60d472c8de6fd9b0650d9cadf,controlled_crossover,2630ad620724cdf4b1176db23229cde9ccb45760df83061dd1e02e4c54338f56,primary_parent,11b1835ae8fa671bed409a01dba1f66d3160cec080e155e51d94f5ee1533b527,guruprasad_instability_index,numeric,true,same_frozen_numeric_contract,minimize,index,-18.126087,-33.469565,-15.343478000000005,15.343478000000005,true,1b8e135b4faa8beb0574745ce78d401bbce98cdb8a2cb74ef22e05d23e33bf42
angpt1,ad5d923b837659341c689a61f2ec6dacc64c4fa60d472c8de6fd9b0650d9cadf,controlled_crossover,2630ad620724cdf4b1176db23229cde9ccb45760df83061dd1e02e4c54338f56,primary_parent,11b1835ae8fa671bed409a01dba1f66d3160cec080e155e51d94f5ee1533b527,hydrophobic_moment_eisenberg,numeric,false,audit_metric_has_no_monotonic_improvement_direction,audit,dimensionless,0.09624985596101412,0.14819671444897867,0.05194685848796454,,true,160733336b7c33347e57e71b66e5f46c46092edb685fe660aa9c7b1e2e60da5a
angpt1,ad5d923b837659341c689a61f2ec6dacc64c4fa60d472c8de6fd9b0650d9cadf,controlled_crossover,2630ad620724cdf4b1176db23229cde9ccb45760df83061dd1e02e4c54338f56,primary_parent,11b1835ae8fa671bed409a01dba1f66d3160cec080e155e51d94f5ee1533b527,hydrophobic_ratio_modlamp,numeric,false,audit_metric_has_no_monotonic_improvement_direction,audit,fraction,0.0,0.0,0.0,,false,b2eff3f8c5dd70397150546e7a0d5581aee9ea86beed4880dd1ae17091b0567e
angpt1,ad5d923b837659341c689a61f2ec6dacc64c4fa60d472c8de6fd9b0650d9cadf,controlled_crossover,2630ad620724cdf4b1176db23229cde9ccb45760df83061dd1e02e4c54338f56,primary_parent,11b1835ae8fa671bed409a01dba1f66d3160cec080e155e51d94f5ee1533b527,llamp_log10_mic_um,numeric,true,same_frozen_numeric_contract,minimize,log10(uM),1.3527401685714722,1.5762757062911987,0.22353553771972656,-0.22353553771972656,true,8002a8771753ee09057e1ab8800ceb447c52f23b229eeb986f7ef0e04419e7d9
angpt1,ad5d923b837659341c689a61f2ec6dacc64c4fa60d472c8de6fd9b0650d9cadf,controlled_crossover,2630ad620724cdf4b1176db23229cde9ccb45760df83061dd1e02e4c54338f56,primary_parent,11b1835ae8fa671bed409a01dba1f66d3160cec080e155e51d94f5ee1533b527,macrel_amp_probability,numeric,true,same_frozen_numeric_contract,maximize,probability,0.495,0.426,-0.069,-0.069,true,3d21c8c63aabbdbc36ac79ac73a3f499c5c897317b7a5f8456f329cef3f72737
angpt1,ad5d923b837659341c689a61f2ec6dacc64c4fa60d472c8de6fd9b0650d9cadf,controlled_crossover,2630ad620724cdf4b1176db23229cde9ccb45760df83061dd1e02e4c54338f56,primary_parent,11b1835ae8fa671bed409a01dba1f66d3160cec080e155e51d94f5ee1533b527,macrel_hemolysis_label,categorical,true,same_frozen_label_contract,audit,label,low,low,,,false,0b0f41c7032bf16fde4bebc6ac198dddd337e8013d93bcc638a4eb0ad614ecbb
angpt1,ad5d923b837659341c689a61f2ec6dacc64c4fa60d472c8de6fd9b0650d9cadf,controlled_crossover,2630ad620724cdf4b1176db23229cde9ccb45760df83061dd1e02e4c54338f56,primary_parent,11b1835ae8fa671bed409a01dba1f66d3160cec080e155e51d94f5ee1533b527,macrel_hemolysis_probability,numeric,true,same_frozen_numeric_contract,minimize,probability,0.446,0.485,0.03899999999999998,-0.03899999999999998,true,09c2cd02d9b0a0f26685e8118cabe63c25a2895b40fef40a23b880d8ad4212c1
angpt1,ad5d923b837659341c689a61f2ec6dacc64c4fa60d472c8de6fd9b0650d9cadf,controlled_crossover,2630ad620724cdf4b1176db23229cde9ccb45760df83061dd1e02e4c54338f56,primary_parent,11b1835ae8fa671bed409a01dba1f66d3160cec080e155e51d94f5ee1533b527,maximum_hydrophobic_run,numeric,true,same_frozen_numeric_contract,minimize,residues,0.0,0.0,0.0,-0.0,false,1bfdb35b44fe69640bc9a5ef37a061fd69cfe38d156317adcd100f0381237c45
angpt1,ad5d923b837659341c689a61f2ec6dacc64c4fa60d472c8de6fd9b0650d9cadf,controlled_crossover,2630ad620724cdf4b1176db23229cde9ccb45760df83061dd1e02e4c54338f56,primary_parent,11b1835ae8fa671bed409a01dba1f66d3160cec080e155e51d94f5ee1533b527,net_charge_ph7_4,numeric,false,audit_metric_has_no_monotonic_improvement_direction,audit,elementary_charge,10.985,10.985,0.0,,false,dd739d91d65b498813d377b2e1961f15619fed1e491a104354b498431b0ff5f2
angpt1,ad5d923b837659341c689a61f2ec6dacc64c4fa60d472c8de6fd9b0650d9cadf,controlled_crossover,2630ad620724cdf4b1176db23229cde9ccb45760df83061dd1e02e4c54338f56,primary_parent,11b1835ae8fa671bed409a01dba1f66d3160cec080e155e51d94f5ee1533b527,toxinpred3_hybrid_score,numeric,true,same_frozen_numeric_contract,minimize,dimensionless,0.355,0.32,-0.034999999999999976,0.034999999999999976,true,0d25af38c1841f56a2bf004f0c9a2dc48e8e93a7eb3164a432311d8eda627ea2
angpt1,ad5d923b837659341c689a61f2ec6dacc64c4fa60d472c8de6fd9b0650d9cadf,controlled_crossover,2630ad620724cdf4b1176db23229cde9ccb45760df83061dd1e02e4c54338f56,primary_parent,11b1835ae8fa671bed409a01dba1f66d3160cec080e155e51d94f5ee1533b527,toxinpred3_label,categorical,true,same_frozen_label_contract,audit,label,Non-Toxin,Non-Toxin,,,false,98773f06a2a30326660705aebcf0583abb202cb8123942cddd988b6b6c1b0197
angpt1,ad5d923b837659341c689a61f2ec6dacc64c4fa60d472c8de6fd9b0650d9cadf,controlled_crossover,2630ad620724cdf4b1176db23229cde9ccb45760df83061dd1e02e4c54338f56,donor_parent,149fc6f772dfacd20b9d374f1666e499aa27972c4f4ccfd96b601bfee0ad4fb7,amp_read_log10_mic_um,numeric,true,same_frozen_numeric_contract,minimize,log10(uM),2.0688299876972245,1.7007549464107847,-0.36807504128643975,0.36807504128643975,true,2e1280675b2f3d796cce831adcafddcd77cc3d2bd59c1622ebe88a47981e3129
angpt1,ad5d923b837659341c689a61f2ec6dacc64c4fa60d472c8de6fd9b0650d9cadf,controlled_crossover,2630ad620724cdf4b1176db23229cde9ccb45760df83061dd1e02e4c54338f56,donor_parent,149fc6f772dfacd20b9d374f1666e499aa27972c4f4ccfd96b601bfee0ad4fb7,guruprasad_instability_index,numeric,true,same_frozen_numeric_contract,minimize,index,-22.980952,-33.469565,-10.488613000000004,10.488613000000004,true,293e40c577d0268dcbf4616f676d3e430501310e9820f5a902e55781696e698a
angpt1,ad5d923b837659341c689a61f2ec6dacc64c4fa60d472c8de6fd9b0650d9cadf,controlled_crossover,2630ad620724cdf4b1176db23229cde9ccb45760df83061dd1e02e4c54338f56,donor_parent,149fc6f772dfacd20b9d374f1666e499aa27972c4f4ccfd96b601bfee0ad4fb7,hydrophobic_moment_eisenberg,numeric,false,audit_metric_has_no_monotonic_improvement_direction,audit,dimensionless,0.15637800256226125,0.14819671444897867,-0.008181288113282587,,true,9d04f9a5ff680627bcd97880786fee96b2883acba8f44b58eb609e7cc58473f0
angpt1,ad5d923b837659341c689a61f2ec6dacc64c4fa60d472c8de6fd9b0650d9cadf,controlled_crossover,2630ad620724cdf4b1176db23229cde9ccb45760df83061dd1e02e4c54338f56,donor_parent,149fc6f772dfacd20b9d374f1666e499aa27972c4f4ccfd96b601bfee0ad4fb7,hydrophobic_ratio_modlamp,numeric,false,audit_metric_has_no_monotonic_improvement_direction,audit,fraction,0.0,0.0,0.0,,false,ce7645990b1e6690d5df2082ad440ca4f0533f4337ecc8000136881eb78aa7d8
angpt1,ad5d923b837659341c689a61f2ec6dacc64c4fa60d472c8de6fd9b0650d9cadf,controlled_crossover,2630ad620724cdf4b1176db23229cde9ccb45760df83061dd1e02e4c54338f56,donor_parent,149fc6f772dfacd20b9d374f1666e499aa27972c4f4ccfd96b601bfee0ad4fb7,llamp_log10_mic_um,numeric,true,same_frozen_numeric_contract,minimize,log10(uM),1.7133651971817017,1.5762757062911987,-0.13708949089050293,0.13708949089050293,true,60cca050b128196b782ea9a2c42f8e31b3e3d860d47d72798b5827840610b633
angpt1,ad5d923b837659341c689a61f2ec6dacc64c4fa60d472c8de6fd9b0650d9cadf,controlled_crossover,2630ad620724cdf4b1176db23229cde9ccb45760df83061dd1e02e4c54338f56,donor_parent,149fc6f772dfacd20b9d374f1666e499aa27972c4f4ccfd96b601bfee0ad4fb7,macrel_amp_probability,numeric,true,same_frozen_numeric_contract,maximize,probability,0.426,0.426,0.0,0.0,false,5a6d3568a4fdf4275c802475b3422f3590811cd9f1ecc4dc4a939c1678cfadbb
angpt1,ad5d923b837659341c689a61f2ec6dacc64c4fa60d472c8de6fd9b0650d9cadf,controlled_crossover,2630ad620724cdf4b1176db23229cde9ccb45760df83061dd1e02e4c54338f56,donor_parent,149fc6f772dfacd20b9d374f1666e499aa27972c4f4ccfd96b601bfee0ad4fb7,macrel_hemolysis_label,categorical,true,same_frozen_label_contract,audit,label,low,low,,,false,806ecf18c280c32d043e53ddf06e6ba3404bc147aad3d5b2675fd68b1e1cb261
angpt1,ad5d923b837659341c689a61f2ec6dacc64c4fa60d472c8de6fd9b0650d9cadf,controlled_crossover,2630ad620724cdf4b1176db23229cde9ccb45760df83061dd1e02e4c54338f56,donor_parent,149fc6f772dfacd20b9d374f1666e499aa27972c4f4ccfd96b601bfee0ad4fb7,macrel_hemolysis_probability,numeric,true,same_frozen_numeric_contract,minimize,probability,0.307,0.485,0.178,-0.178,true,1a1cbf74d89fb0a2aa68d909256b1167b496e68d21c8c7f26e32f587ed11d309
angpt1,ad5d923b837659341c689a61f2ec6dacc64c4fa60d472c8de6fd9b0650d9cadf,controlled_crossover,2630ad620724cdf4b1176db23229cde9ccb45760df83061dd1e02e4c54338f56,donor_parent,149fc6f772dfacd20b9d374f1666e499aa27972c4f4ccfd96b601bfee0ad4fb7,maximum_hydrophobic_run,numeric,true,same_frozen_numeric_contract,minimize,residues,0.0,0.0,0.0,-0.0,false,4b5d0e650a44fc03e978f77d440b2914faff210bc052944d0d512c926b2cb599
angpt1,ad5d923b837659341c689a61f2ec6dacc64c4fa60d472c8de6fd9b0650d9cadf,controlled_crossover,2630ad620724cdf4b1176db23229cde9ccb45760df83061dd1e02e4c54338f56,donor_parent,149fc6f772dfacd20b9d374f1666e499aa27972c4f4ccfd96b601bfee0ad4fb7,net_charge_ph7_4,numeric,false,audit_metric_has_no_monotonic_improvement_direction,audit,elementary_charge,7.029,10.985,3.9559999999999995,,true,4baa5831c3d5a178b087e7dfc2f7e1ee5342c4aa8aa2e739e1b80cbb0c2227ac
angpt1,ad5d923b837659341c689a61f2ec6dacc64c4fa60d472c8de6fd9b0650d9cadf,controlled_crossover,2630ad620724cdf4b1176db23229cde9ccb45760df83061dd1e02e4c54338f56,donor_parent,149fc6f772dfacd20b9d374f1666e499aa27972c4f4ccfd96b601bfee0ad4fb7,toxinpred3_hybrid_score,numeric,true,same_frozen_numeric_contract,minimize,dimensionless,0.28,0.32,0.03999999999999998,-0.03999999999999998,true,df0c86027bfce85bea667d59ded20e340bf77ec29504752d83f91db3ca270c8b
angpt1,ad5d923b837659341c689a61f2ec6dacc64c4fa60d472c8de6fd9b0650d9cadf,controlled_crossover,2630ad620724cdf4b1176db23229cde9ccb45760df83061dd1e02e4c54338f56,donor_parent,149fc6f772dfacd20b9d374f1666e499aa27972c4f4ccfd96b601bfee0ad4fb7,toxinpred3_label,categorical,true,same_frozen_label_contract,audit,label,Non-Toxin,Non-Toxin,,,false,3d949e05420873a7d43ec9f41988b909c2573bb7da9b8e1be41c3eb473fbcba0
angpt1,60a8d5bd337fc0dd52ebb632d4f2491fc624fa34c4d94f5aa65c9115f4722e42,de_novo,dd9718e6e19094b5dc1b639f01edcfebbd8cd6846e03591a4bcf5411c4901d47,none,,amp_read_log10_mic_um,numeric,false,de_novo_has_no_biological_parent,,,,1.5159355552911902,,,,c0b796c696f7787f03933ce05a865ac0fd3e48806c4d0adb544dc35e119eb768
angpt1,60a8d5bd337fc0dd52ebb632d4f2491fc624fa34c4d94f5aa65c9115f4722e42,de_novo,dd9718e6e19094b5dc1b639f01edcfebbd8cd6846e03591a4bcf5411c4901d47,none,,guruprasad_instability_index,numeric,false,de_novo_has_no_biological_parent,,,,37.033333,,,,277e791a27747bd0297fc1da62a4b69cee367309f58d71b985fb34ab55d52a84
angpt1,60a8d5bd337fc0dd52ebb632d4f2491fc624fa34c4d94f5aa65c9115f4722e42,de_novo,dd9718e6e19094b5dc1b639f01edcfebbd8cd6846e03591a4bcf5411c4901d47,none,,hydrophobic_moment_eisenberg,numeric,false,de_novo_has_no_biological_parent,,,,0.1193336593982504,,,,bde9d32a5b2890462428f4f3617d3c8bdd8866e3e899d32f48abd5a3209255d6
angpt1,60a8d5bd337fc0dd52ebb632d4f2491fc624fa34c4d94f5aa65c9115f4722e42,de_novo,dd9718e6e19094b5dc1b639f01edcfebbd8cd6846e03591a4bcf5411c4901d47,none,,hydrophobic_ratio_modlamp,numeric,false,de_novo_has_no_biological_parent,,,,0.14285714285714285,,,,43cc3fe4d37135c36f75141616819bc79f6155081988d9be2be1731d0f31eb44
angpt1,60a8d5bd337fc0dd52ebb632d4f2491fc624fa34c4d94f5aa65c9115f4722e42,de_novo,dd9718e6e19094b5dc1b639f01edcfebbd8cd6846e03591a4bcf5411c4901d47,none,,llamp_log10_mic_um,numeric,false,de_novo_has_no_biological_parent,,,,0.7325410842895508,,,,6e935c1d9593636478d02274732fab48861f52f3ee850d1e2db48f7ac085fb29
angpt1,60a8d5bd337fc0dd52ebb632d4f2491fc624fa34c4d94f5aa65c9115f4722e42,de_novo,dd9718e6e19094b5dc1b639f01edcfebbd8cd6846e03591a4bcf5411c4901d47,none,,macrel_amp_probability,numeric,false,de_novo_has_no_biological_parent,,,,0.307,,,,fc65919b23e55c60d134b0b35a9a8f5a2d03636010423cf7d610501d5b0eae92
angpt1,60a8d5bd337fc0dd52ebb632d4f2491fc624fa34c4d94f5aa65c9115f4722e42,de_novo,dd9718e6e19094b5dc1b639f01edcfebbd8cd6846e03591a4bcf5411c4901d47,none,,macrel_hemolysis_label,categorical,false,de_novo_has_no_biological_parent,,,,low,,,,c1ac3b56fca5249f853643f52aab108aaf461de7135032547f87c7ec4de09a69
angpt1,60a8d5bd337fc0dd52ebb632d4f2491fc624fa34c4d94f5aa65c9115f4722e42,de_novo,dd9718e6e19094b5dc1b639f01edcfebbd8cd6846e03591a4bcf5411c4901d47,none,,macrel_hemolysis_probability,numeric,false,de_novo_has_no_biological_parent,,,,0.257,,,,fc150db70711c02464624b4ca5211102c479ce9dd79edef4d27be94819054e28
angpt1,60a8d5bd337fc0dd52ebb632d4f2491fc624fa34c4d94f5aa65c9115f4722e42,de_novo,dd9718e6e19094b5dc1b639f01edcfebbd8cd6846e03591a4bcf5411c4901d47,none,,maximum_hydrophobic_run,numeric,false,de_novo_has_no_biological_parent,,,,1,,,,2e82be8e22014f292bff932be0fefcbf19caae5c191456f4ae1324645d049445
angpt1,60a8d5bd337fc0dd52ebb632d4f2491fc624fa34c4d94f5aa65c9115f4722e42,de_novo,dd9718e6e19094b5dc1b639f01edcfebbd8cd6846e03591a4bcf5411c4901d47,none,,net_charge_ph7_4,numeric,false,de_novo_has_no_biological_parent,,,,9.028,,,,dd6294e247b2be47e7fb03fad87f2005df9cb88d2d5437275212bd3c2d715553
angpt1,60a8d5bd337fc0dd52ebb632d4f2491fc624fa34c4d94f5aa65c9115f4722e42,de_novo,dd9718e6e19094b5dc1b639f01edcfebbd8cd6846e03591a4bcf5411c4901d47,none,,toxinpred3_hybrid_score,numeric,false,de_novo_has_no_biological_parent,,,,0.0,,,,6d29816c8e51bc27b0a40428de8d8efa23a4fcde2aa95ec3a56094986bb8cd78
angpt1,60a8d5bd337fc0dd52ebb632d4f2491fc624fa34c4d94f5aa65c9115f4722e42,de_novo,dd9718e6e19094b5dc1b639f01edcfebbd8cd6846e03591a4bcf5411c4901d47,none,,toxinpred3_label,categorical,false,de_novo_has_no_biological_parent,,,,Non-Toxin,,,,e5a3c17daef416929936fdc6c4ab143985d9096c2afee8d6d626c3704bd50a7e
angpt1,80279e153d9c1098a0cf4f59f7c9e454b175b6996b56e141b7c7b629f68cd9a4,de_novo,937b6452d63899e44719164a36a1b6f6914cc541efe0213c33565602c1b88fbd,none,,amp_read_log10_mic_um,numeric,false,de_novo_has_no_biological_parent,,,,2.3399242963324998,,,,66de36733964079c8ef68701dbfb3f0d667b4f0cee9052e1035c2736231ce1ca
angpt1,80279e153d9c1098a0cf4f59f7c9e454b175b6996b56e141b7c7b629f68cd9a4,de_novo,937b6452d63899e44719164a36a1b6f6914cc541efe0213c33565602c1b88fbd,none,,guruprasad_instability_index,numeric,false,de_novo_has_no_biological_parent,,,,6.112500,,,,076ec14ff5c6b78f59776c5ff35eb5dcd033e6b16ea25e587e4b0ee86e2af5d3
angpt1,80279e153d9c1098a0cf4f59f7c9e454b175b6996b56e141b7c7b629f68cd9a4,de_novo,937b6452d63899e44719164a36a1b6f6914cc541efe0213c33565602c1b88fbd,none,,hydrophobic_moment_eisenberg,numeric,false,de_novo_has_no_biological_parent,,,,0.1434774807086213,,,,92cd26ec7bf51143f68b6883dd3b284ebb1caebd153acc88ba683f977b0c7904
angpt1,80279e153d9c1098a0cf4f59f7c9e454b175b6996b56e141b7c7b629f68cd9a4,de_novo,937b6452d63899e44719164a36a1b6f6914cc541efe0213c33565602c1b88fbd,none,,hydrophobic_ratio_modlamp,numeric,false,de_novo_has_no_biological_parent,,,,0.125,,,,7778263eae4ed238bfa739a55cad22312c1201ce209896cfff7ed4aa23d6e545
angpt1,80279e153d9c1098a0cf4f59f7c9e454b175b6996b56e141b7c7b629f68cd9a4,de_novo,937b6452d63899e44719164a36a1b6f6914cc541efe0213c33565602c1b88fbd,none,,llamp_log10_mic_um,numeric,false,de_novo_has_no_biological_parent,,,,1.4692926406860352,,,,7c8f5a2f3c380edaa898814caa9223d8d6dbbf25bb0ec9f2a2d2d3e184f472d3
angpt1,80279e153d9c1098a0cf4f59f7c9e454b175b6996b56e141b7c7b629f68cd9a4,de_novo,937b6452d63899e44719164a36a1b6f6914cc541efe0213c33565602c1b88fbd,none,,macrel_amp_probability,numeric,false,de_novo_has_no_biological_parent,,,,0.297,,,,71ed059f0987214cb8a0f9d8318783686081ee9c79b5191b89016847afa5c5e0
angpt1,80279e153d9c1098a0cf4f59f7c9e454b175b6996b56e141b7c7b629f68cd9a4,de_novo,937b6452d63899e44719164a36a1b6f6914cc541efe0213c33565602c1b88fbd,none,,macrel_hemolysis_label,categorical,false,de_novo_has_no_biological_parent,,,,low,,,,1d8a90cedc4683ea2af090e65c313ae1be3221dd86fa5da3872f404b440311f5
angpt1,80279e153d9c1098a0cf4f59f7c9e454b175b6996b56e141b7c7b629f68cd9a4,de_novo,937b6452d63899e44719164a36a1b6f6914cc541efe0213c33565602c1b88fbd,none,,macrel_hemolysis_probability,numeric,false,de_novo_has_no_biological_parent,,,,0.386,,,,257d4bf93bc09a7a16a56a3986a3ddbc6c2c86ac82cbadf33ccefe30928e664c
angpt1,80279e153d9c1098a0cf4f59f7c9e454b175b6996b56e141b7c7b629f68cd9a4,de_novo,937b6452d63899e44719164a36a1b6f6914cc541efe0213c33565602c1b88fbd,none,,maximum_hydrophobic_run,numeric,false,de_novo_has_no_biological_parent,,,,1,,,,5aee6e2b1fe389123769c367f196f237472ce7d69feb47f3e2881d67f96f58d5
angpt1,80279e153d9c1098a0cf4f59f7c9e454b175b6996b56e141b7c7b629f68cd9a4,de_novo,937b6452d63899e44719164a36a1b6f6914cc541efe0213c33565602c1b88fbd,none,,net_charge_ph7_4,numeric,false,de_novo_has_no_biological_parent,,,,7.984,,,,6b1148b6cc0fb8607ff201c4ffc4104d3cb5414d3de5f56c0cee07d61eacd073
angpt1,80279e153d9c1098a0cf4f59f7c9e454b175b6996b56e141b7c7b629f68cd9a4,de_novo,937b6452d63899e44719164a36a1b6f6914cc541efe0213c33565602c1b88fbd,none,,toxinpred3_hybrid_score,numeric,false,de_novo_has_no_biological_parent,,,,0.44,,,,c9e2b7b38eda35c52bc92add426c36967da8a9f347820bfaabdf5339a494dfeb
angpt1,80279e153d9c1098a0cf4f59f7c9e454b175b6996b56e141b7c7b629f68cd9a4,de_novo,937b6452d63899e44719164a36a1b6f6914cc541efe0213c33565602c1b88fbd,none,,toxinpred3_label,categorical,false,de_novo_has_no_biological_parent,,,,Toxin,,,,3c4f0d7c6f9434b436038873c9e98476be1f603a636a4fe1cde4cdf3d9fd1f9d
angpt1,46862ea3e007699887c1431d78ae183f95b9d1feb2e7c2e52ddbc19a278aedc9,masked_substitution,7826f3b54d8c95f2c8d75b88847c3d4263b24392581a874bc97bff868325dcb4,primary_parent,04bbb8f66cf48119e001c6647f0a82758d21a5275e74dac6fa1819b6bb7dc86d,amp_read_log10_mic_um,numeric,true,same_frozen_numeric_contract,minimize,log10(uM),1.0684135954698575,1.3321591960517347,0.26374560058187724,-0.26374560058187724,true,fdb0d82e9d3d9d05df51a0eab1b0dfab8446200f132ea67448dfa41fd791b172
angpt1,46862ea3e007699887c1431d78ae183f95b9d1feb2e7c2e52ddbc19a278aedc9,masked_substitution,7826f3b54d8c95f2c8d75b88847c3d4263b24392581a874bc97bff868325dcb4,primary_parent,04bbb8f66cf48119e001c6647f0a82758d21a5275e74dac6fa1819b6bb7dc86d,guruprasad_instability_index,numeric,true,same_frozen_numeric_contract,minimize,index,-5.666667,3.504762,9.171429,-9.171429,true,95c5fa4f2ecd59c836c6e80c9b034de50d03aee0e41ebf84a2ee5f6fdf302118
angpt1,46862ea3e007699887c1431d78ae183f95b9d1feb2e7c2e52ddbc19a278aedc9,masked_substitution,7826f3b54d8c95f2c8d75b88847c3d4263b24392581a874bc97bff868325dcb4,primary_parent,04bbb8f66cf48119e001c6647f0a82758d21a5275e74dac6fa1819b6bb7dc86d,hydrophobic_moment_eisenberg,numeric,false,audit_metric_has_no_monotonic_improvement_direction,audit,dimensionless,0.32070620328403215,0.31472078092818645,-0.005985422355845704,,true,6995ef66fcab853b1454934ace8104b8da544fb459b38dc3f45e7f4dbfbfb170
angpt1,46862ea3e007699887c1431d78ae183f95b9d1feb2e7c2e52ddbc19a278aedc9,masked_substitution,7826f3b54d8c95f2c8d75b88847c3d4263b24392581a874bc97bff868325dcb4,primary_parent,04bbb8f66cf48119e001c6647f0a82758d21a5275e74dac6fa1819b6bb7dc86d,hydrophobic_ratio_modlamp,numeric,false,audit_metric_has_no_monotonic_improvement_direction,audit,fraction,0.14285714285714285,0.14285714285714285,0.0,,false,8a88c3b1111166d699ae93887f41b851c2b12640b9386f2efdf59bf8326ddfaf
angpt1,46862ea3e007699887c1431d78ae183f95b9d1feb2e7c2e52ddbc19a278aedc9,masked_substitution,7826f3b54d8c95f2c8d75b88847c3d4263b24392581a874bc97bff868325dcb4,primary_parent,04bbb8f66cf48119e001c6647f0a82758d21a5275e74dac6fa1819b6bb7dc86d,llamp_log10_mic_um,numeric,true,same_frozen_numeric_contract,minimize,log10(uM),1.2577025890350342,1.166944146156311,-0.09075844287872314,0.09075844287872314,true,5bffdc0d003f8c994852bdd4737a46d073af318020ff0025840f757a47f27929
angpt1,46862ea3e007699887c1431d78ae183f95b9d1feb2e7c2e52ddbc19a278aedc9,masked_substitution,7826f3b54d8c95f2c8d75b88847c3d4263b24392581a874bc97bff868325dcb4,primary_parent,04bbb8f66cf48119e001c6647f0a82758d21a5275e74dac6fa1819b6bb7dc86d,macrel_amp_probability,numeric,true,same_frozen_numeric_contract,maximize,probability,0.317,0.257,-0.06,-0.06,true,e31f42f333dbe8d0ceb90eca2541196489574a93b2a2e323b4d34aeaa86e7e99
angpt1,46862ea3e007699887c1431d78ae183f95b9d1feb2e7c2e52ddbc19a278aedc9,masked_substitution,7826f3b54d8c95f2c8d75b88847c3d4263b24392581a874bc97bff868325dcb4,primary_parent,04bbb8f66cf48119e001c6647f0a82758d21a5275e74dac6fa1819b6bb7dc86d,macrel_hemolysis_label,categorical,true,same_frozen_label_contract,audit,label,low,low,,,false,b610d2b98efaea4062d388c8f025b98003a73d7aa8d4bbe655b8a5a6aa918212
angpt1,46862ea3e007699887c1431d78ae183f95b9d1feb2e7c2e52ddbc19a278aedc9,masked_substitution,7826f3b54d8c95f2c8d75b88847c3d4263b24392581a874bc97bff868325dcb4,primary_parent,04bbb8f66cf48119e001c6647f0a82758d21a5275e74dac6fa1819b6bb7dc86d,macrel_hemolysis_probability,numeric,true,same_frozen_numeric_contract,minimize,probability,0.406,0.396,-0.010000000000000009,0.010000000000000009,true,a28739ceaa65c65a52fec1f2722e857a3594cd5faefdd648e5c5bae47bc56988
angpt1,46862ea3e007699887c1431d78ae183f95b9d1feb2e7c2e52ddbc19a278aedc9,masked_substitution,7826f3b54d8c95f2c8d75b88847c3d4263b24392581a874bc97bff868325dcb4,primary_parent,04bbb8f66cf48119e001c6647f0a82758d21a5275e74dac6fa1819b6bb7dc86d,maximum_hydrophobic_run,numeric,true,same_frozen_numeric_contract,minimize,residues,2.0,2.0,0.0,-0.0,false,6c115e07885d5157e6f3eed6a65e42bee9259921136a16257e6b943a13363a9e
angpt1,46862ea3e007699887c1431d78ae183f95b9d1feb2e7c2e52ddbc19a278aedc9,masked_substitution,7826f3b54d8c95f2c8d75b88847c3d4263b24392581a874bc97bff868325dcb4,primary_parent,04bbb8f66cf48119e001c6647f0a82758d21a5275e74dac6fa1819b6bb7dc86d,net_charge_ph7_4,numeric,false,audit_metric_has_no_monotonic_improvement_direction,audit,elementary_charge,8.984,7.985,-0.9989999999999997,,true,14dbb5dde2fa779036d43aeeb4883eec6a3a731ddf28f87b8caa7d68e42b15ed
angpt1,46862ea3e007699887c1431d78ae183f95b9d1feb2e7c2e52ddbc19a278aedc9,masked_substitution,7826f3b54d8c95f2c8d75b88847c3d4263b24392581a874bc97bff868325dcb4,primary_parent,04bbb8f66cf48119e001c6647f0a82758d21a5275e74dac6fa1819b6bb7dc86d,toxinpred3_hybrid_score,numeric,true,same_frozen_numeric_contract,minimize,dimensionless,0.0,0.0,0.0,-0.0,false,1104c34f2d2975046da1b9cdc571f9103ffee101f2c85a6654313041bdaebf0b
angpt1,46862ea3e007699887c1431d78ae183f95b9d1feb2e7c2e52ddbc19a278aedc9,masked_substitution,7826f3b54d8c95f2c8d75b88847c3d4263b24392581a874bc97bff868325dcb4,primary_parent,04bbb8f66cf48119e001c6647f0a82758d21a5275e74dac6fa1819b6bb7dc86d,toxinpred3_label,categorical,true,same_frozen_label_contract,audit,label,Non-Toxin,Non-Toxin,,,false,f13474c90f44f9b340ae2305278e0319c833b18ab1cd994199ed7f57b0506192
angpt1,c7569639f9961937dc31ade81595d3cf42812e20483187f44728c20745b0c1a4,controlled_crossover,5c93ea766c4db5bae530a5de64cc09526e70a476e759d40369dc0909c0f99101,primary_parent,667cf56890f71d216809640d6a1fbaa7f3771a8f9d67230f190d8e920c862981,amp_read_log10_mic_um,numeric,true,same_frozen_numeric_contract,minimize,log10(uM),1.6850494353074599,1.6748149887817287,-0.010234446525731133,0.010234446525731133,true,c654eef136886f3762805f850d91c5b930094c39c7754a7fcc04d674a1b6fceb
angpt1,c7569639f9961937dc31ade81595d3cf42812e20483187f44728c20745b0c1a4,controlled_crossover,5c93ea766c4db5bae530a5de64cc09526e70a476e759d40369dc0909c0f99101,primary_parent,667cf56890f71d216809640d6a1fbaa7f3771a8f9d67230f190d8e920c862981,guruprasad_instability_index,numeric,true,same_frozen_numeric_contract,minimize,index,-18.126087,-33.469565,-15.343478000000005,15.343478000000005,true,0ba7044d5fe269559c94ac30670971984cc5e1dfd1ac4760ce399f4a69b4f810
angpt1,c7569639f9961937dc31ade81595d3cf42812e20483187f44728c20745b0c1a4,controlled_crossover,5c93ea766c4db5bae530a5de64cc09526e70a476e759d40369dc0909c0f99101,primary_parent,667cf56890f71d216809640d6a1fbaa7f3771a8f9d67230f190d8e920c862981,hydrophobic_moment_eisenberg,numeric,false,audit_metric_has_no_monotonic_improvement_direction,audit,dimensionless,0.17319793748634074,0.10278429265304813,-0.07041364483329261,,true,dfe58d85f46821f74c9ae2fe06266356b3cc93a44aebfeec9ca6e3e292fae040
angpt1,c7569639f9961937dc31ade81595d3cf42812e20483187f44728c20745b0c1a4,controlled_crossover,5c93ea766c4db5bae530a5de64cc09526e70a476e759d40369dc0909c0f99101,primary_parent,667cf56890f71d216809640d6a1fbaa7f3771a8f9d67230f190d8e920c862981,hydrophobic_ratio_modlamp,numeric,false,audit_metric_has_no_monotonic_improvement_direction,audit,fraction,0.0,0.0,0.0,,false,8383c63d2e2ecc3b3ea39b7ed0d2768c100f3578548d687371ad4ab7eb1c7f02
angpt1,c7569639f9961937dc31ade81595d3cf42812e20483187f44728c20745b0c1a4,controlled_crossover,5c93ea766c4db5bae530a5de64cc09526e70a476e759d40369dc0909c0f99101,primary_parent,667cf56890f71d216809640d6a1fbaa7f3771a8f9d67230f190d8e920c862981,llamp_log10_mic_um,numeric,true,same_frozen_numeric_contract,minimize,log10(uM),1.4833999872207642,1.5455256700515747,0.06212568283081055,-0.06212568283081055,true,4098b321fa26471ee64d571ac7ed141ec884939b829f5dc297dd659369016205
angpt1,c7569639f9961937dc31ade81595d3cf42812e20483187f44728c20745b0c1a4,controlled_crossover,5c93ea766c4db5bae530a5de64cc09526e70a476e759d40369dc0909c0f99101,primary_parent,667cf56890f71d216809640d6a1fbaa7f3771a8f9d67230f190d8e920c862981,macrel_amp_probability,numeric,true,same_frozen_numeric_contract,maximize,probability,0.515,0.376,-0.139,-0.139,true,8e84e9155a7391761ee163fd6e7c5274726ba714025ec0519fe9fe9af6e444c2
angpt1,c7569639f9961937dc31ade81595d3cf42812e20483187f44728c20745b0c1a4,controlled_crossover,5c93ea766c4db5bae530a5de64cc09526e70a476e759d40369dc0909c0f99101,primary_parent,667cf56890f71d216809640d6a1fbaa7f3771a8f9d67230f190d8e920c862981,macrel_hemolysis_label,categorical,true,same_frozen_label_contract,audit,label,low,low,,,false,b67b23eb7aeb0a4ecbbdbc0999bf1c29a16c02d31d97064015545749d9dda297
angpt1,c7569639f9961937dc31ade81595d3cf42812e20483187f44728c20745b0c1a4,controlled_crossover,5c93ea766c4db5bae530a5de64cc09526e70a476e759d40369dc0909c0f99101,primary_parent,667cf56890f71d216809640d6a1fbaa7f3771a8f9d67230f190d8e920c862981,macrel_hemolysis_probability,numeric,true,same_frozen_numeric_contract,minimize,probability,0.446,0.436,-0.010000000000000009,0.010000000000000009,true,e51ca90ea71acbbc94ecef9e4e2d728f7fbe32886eda590555eb0875e6dcf2c2
angpt1,c7569639f9961937dc31ade81595d3cf42812e20483187f44728c20745b0c1a4,controlled_crossover,5c93ea766c4db5bae530a5de64cc09526e70a476e759d40369dc0909c0f99101,primary_parent,667cf56890f71d216809640d6a1fbaa7f3771a8f9d67230f190d8e920c862981,maximum_hydrophobic_run,numeric,true,same_frozen_numeric_contract,minimize,residues,0.0,0.0,0.0,-0.0,false,f92b06ba8eec1a84e4e78219cf5c8a98c9f6d9e3f91f6a4c6f5ed634e0c1d02c
angpt1,c7569639f9961937dc31ade81595d3cf42812e20483187f44728c20745b0c1a4,controlled_crossover,5c93ea766c4db5bae530a5de64cc09526e70a476e759d40369dc0909c0f99101,primary_parent,667cf56890f71d216809640d6a1fbaa7f3771a8f9d67230f190d8e920c862981,net_charge_ph7_4,numeric,false,audit_metric_has_no_monotonic_improvement_direction,audit,elementary_charge,10.985,10.985,0.0,,false,1eb941c05033a5e51bd154a368f039d966fcfd6616f4480e66fd2cdc6a30ce08
angpt1,c7569639f9961937dc31ade81595d3cf42812e20483187f44728c20745b0c1a4,controlled_crossover,5c93ea766c4db5bae530a5de64cc09526e70a476e759d40369dc0909c0f99101,primary_parent,667cf56890f71d216809640d6a1fbaa7f3771a8f9d67230f190d8e920c862981,toxinpred3_hybrid_score,numeric,true,same_frozen_numeric_contract,minimize,dimensionless,0.355,0.32,-0.034999999999999976,0.034999999999999976,true,4f3c373533fcc4d3b41b862d70b3781422cbd42aa204cc1dabc45d70f5018542
angpt1,c7569639f9961937dc31ade81595d3cf42812e20483187f44728c20745b0c1a4,controlled_crossover,5c93ea766c4db5bae530a5de64cc09526e70a476e759d40369dc0909c0f99101,primary_parent,667cf56890f71d216809640d6a1fbaa7f3771a8f9d67230f190d8e920c862981,toxinpred3_label,categorical,true,same_frozen_label_contract,audit,label,Non-Toxin,Non-Toxin,,,false,0bbee46857d22c7c5c46c2d5182591245a6fd69ece76b9b67551d624e6a9b8a8
angpt1,c7569639f9961937dc31ade81595d3cf42812e20483187f44728c20745b0c1a4,controlled_crossover,5c93ea766c4db5bae530a5de64cc09526e70a476e759d40369dc0909c0f99101,donor_parent,149fc6f772dfacd20b9d374f1666e499aa27972c4f4ccfd96b601bfee0ad4fb7,amp_read_log10_mic_um,numeric,true,same_frozen_numeric_contract,minimize,log10(uM),2.0688299876972245,1.6748149887817287,-0.39401499891549574,0.39401499891549574,true,cecf3c819bc0a48e3cfd99890c6fb613b0f2f547ebf94ed40ad1fad25e713bfd
angpt1,c7569639f9961937dc31ade81595d3cf42812e20483187f44728c20745b0c1a4,controlled_crossover,5c93ea766c4db5bae530a5de64cc09526e70a476e759d40369dc0909c0f99101,donor_parent,149fc6f772dfacd20b9d374f1666e499aa27972c4f4ccfd96b601bfee0ad4fb7,guruprasad_instability_index,numeric,true,same_frozen_numeric_contract,minimize,index,-22.980952,-33.469565,-10.488613000000004,10.488613000000004,true,d0d6bfae5106e9e28d34bdcfd9c295a0f3b2b3218c82546a9f430d9d783cc732
angpt1,c7569639f9961937dc31ade81595d3cf42812e20483187f44728c20745b0c1a4,controlled_crossover,5c93ea766c4db5bae530a5de64cc09526e70a476e759d40369dc0909c0f99101,donor_parent,149fc6f772dfacd20b9d374f1666e499aa27972c4f4ccfd96b601bfee0ad4fb7,hydrophobic_moment_eisenberg,numeric,false,audit_metric_has_no_monotonic_improvement_direction,audit,dimensionless,0.15637800256226125,0.10278429265304813,-0.053593709909213125,,true,2fe9bee835c16fac6eb3c913db2c529b6c61581a90e3f70fb2eda5a7f7536eca
angpt1,c7569639f9961937dc31ade81595d3cf42812e20483187f44728c20745b0c1a4,controlled_crossover,5c93ea766c4db5bae530a5de64cc09526e70a476e759d40369dc0909c0f99101,donor_parent,149fc6f772dfacd20b9d374f1666e499aa27972c4f4ccfd96b601bfee0ad4fb7,hydrophobic_ratio_modlamp,numeric,false,audit_metric_has_no_monotonic_improvement_direction,audit,fraction,0.0,0.0,0.0,,false,8f534afcf4deb5bd5e01d381024e6dac63f54e809ab1768d86cc2c5fe15dc355
angpt1,c7569639f9961937dc31ade81595d3cf42812e20483187f44728c20745b0c1a4,controlled_crossover,5c93ea766c4db5bae530a5de64cc09526e70a476e759d40369dc0909c0f99101,donor_parent,149fc6f772dfacd20b9d374f1666e499aa27972c4f4ccfd96b601bfee0ad4fb7,llamp_log10_mic_um,numeric,true,same_frozen_numeric_contract,minimize,log10(uM),1.7133651971817017,1.5455256700515747,-0.16783952713012695,0.16783952713012695,true,8b2d86e2c9d08365211664e773bd895f8cab1df3e5ee0635d8e55e054abf084f
angpt1,c7569639f9961937dc31ade81595d3cf42812e20483187f44728c20745b0c1a4,controlled_crossover,5c93ea766c4db5bae530a5de64cc09526e70a476e759d40369dc0909c0f99101,donor_parent,149fc6f772dfacd20b9d374f1666e499aa27972c4f4ccfd96b601bfee0ad4fb7,macrel_amp_probability,numeric,true,same_frozen_numeric_contract,maximize,probability,0.426,0.376,-0.04999999999999999,-0.04999999999999999,true,b2f82582c6a4fcc513f50563817c40793aca96decdd8221ae9f13fb9aaa9aba0
angpt1,c7569639f9961937dc31ade81595d3cf42812e20483187f44728c20745b0c1a4,controlled_crossover,5c93ea766c4db5bae530a5de64cc09526e70a476e759d40369dc0909c0f99101,donor_parent,149fc6f772dfacd20b9d374f1666e499aa27972c4f4ccfd96b601bfee0ad4fb7,macrel_hemolysis_label,categorical,true,same_frozen_label_contract,audit,label,low,low,,,false,dd8734acff9ec1aa0398aac5375cc12fcffa58cda26123001fbd71e25081f0f7
angpt1,c7569639f9961937dc31ade81595d3cf42812e20483187f44728c20745b0c1a4,controlled_crossover,5c93ea766c4db5bae530a5de64cc09526e70a476e759d40369dc0909c0f99101,donor_parent,149fc6f772dfacd20b9d374f1666e499aa27972c4f4ccfd96b601bfee0ad4fb7,macrel_hemolysis_probability,numeric,true,same_frozen_numeric_contract,minimize,probability,0.307,0.436,0.129,-0.129,true,f7b1c157687923ec7d03c623d8e5077acfbbc772ef4c48822abfd74de1494866
angpt1,c7569639f9961937dc31ade81595d3cf42812e20483187f44728c20745b0c1a4,controlled_crossover,5c93ea766c4db5bae530a5de64cc09526e70a476e759d40369dc0909c0f99101,donor_parent,149fc6f772dfacd20b9d374f1666e499aa27972c4f4ccfd96b601bfee0ad4fb7,maximum_hydrophobic_run,numeric,true,same_frozen_numeric_contract,minimize,residues,0.0,0.0,0.0,-0.0,false,e0c213655c5c8ebe7148526ee64e39a6dbd323859f90faf47c47f3b9c644a3f0
angpt1,c7569639f9961937dc31ade81595d3cf42812e20483187f44728c20745b0c1a4,controlled_crossover,5c93ea766c4db5bae530a5de64cc09526e70a476e759d40369dc0909c0f99101,donor_parent,149fc6f772dfacd20b9d374f1666e499aa27972c4f4ccfd96b601bfee0ad4fb7,net_charge_ph7_4,numeric,false,audit_metric_has_no_monotonic_improvement_direction,audit,elementary_charge,7.029,10.985,3.9559999999999995,,true,1f8bdeb3ce1b0b1fbd8f258f32544b46bdefc86e7785b7c8e89e83d022777226
angpt1,c7569639f9961937dc31ade81595d3cf42812e20483187f44728c20745b0c1a4,controlled_crossover,5c93ea766c4db5bae530a5de64cc09526e70a476e759d40369dc0909c0f99101,donor_parent,149fc6f772dfacd20b9d374f1666e499aa27972c4f4ccfd96b601bfee0ad4fb7,toxinpred3_hybrid_score,numeric,true,same_frozen_numeric_contract,minimize,dimensionless,0.28,0.32,0.03999999999999998,-0.03999999999999998,true,2182ac536f8c22b2e4779eb6b842a6f5f8935fc05948aa8e1136ee3010546372
angpt1,c7569639f9961937dc31ade81595d3cf42812e20483187f44728c20745b0c1a4,controlled_crossover,5c93ea766c4db5bae530a5de64cc09526e70a476e759d40369dc0909c0f99101,donor_parent,149fc6f772dfacd20b9d374f1666e499aa27972c4f4ccfd96b601bfee0ad4fb7,toxinpred3_label,categorical,true,same_frozen_label_contract,audit,label,Non-Toxin,Non-Toxin,,,false,37f11bf093e46a622c434a7a14dfa91ad11b0a6c92165d00d85e5cf0f0050291
angpt1,8af3444f9c2979933c0e37f4b65c55ee398dce62aa8bf0393921ce6b4509b74e,de_novo,3adb4d3b5f851126c6d61cea5caa9c77cfc2951cb8314a773d31d0fb78aae722,none,,amp_read_log10_mic_um,numeric,false,de_novo_has_no_biological_parent,,,,1.6332100810396586,,,,a2a220c4cd68d382e80f91566e184d252179fc6dc00edc8e5f496c1af134a1fb
angpt1,8af3444f9c2979933c0e37f4b65c55ee398dce62aa8bf0393921ce6b4509b74e,de_novo,3adb4d3b5f851126c6d61cea5caa9c77cfc2951cb8314a773d31d0fb78aae722,none,,guruprasad_instability_index,numeric,false,de_novo_has_no_biological_parent,,,,15.150000,,,,0c9351b1eba230fec9af3b676175488dc993205fd634c2b38f28e3e39f8ef7c6
angpt1,8af3444f9c2979933c0e37f4b65c55ee398dce62aa8bf0393921ce6b4509b74e,de_novo,3adb4d3b5f851126c6d61cea5caa9c77cfc2951cb8314a773d31d0fb78aae722,none,,hydrophobic_moment_eisenberg,numeric,false,de_novo_has_no_biological_parent,,,,0.29188176093997703,,,,cffe069032cca7a038b112dd1523c9322e8c143cb3e7cb850afcc5cfa997b869
angpt1,8af3444f9c2979933c0e37f4b65c55ee398dce62aa8bf0393921ce6b4509b74e,de_novo,3adb4d3b5f851126c6d61cea5caa9c77cfc2951cb8314a773d31d0fb78aae722,none,,hydrophobic_ratio_modlamp,numeric,false,de_novo_has_no_biological_parent,,,,0.16666666666666666,,,,e7529d65dbca743dfa107f6831a7e2e2bcf3609850d865b38652db7d9bd683cd
angpt1,8af3444f9c2979933c0e37f4b65c55ee398dce62aa8bf0393921ce6b4509b74e,de_novo,3adb4d3b5f851126c6d61cea5caa9c77cfc2951cb8314a773d31d0fb78aae722,none,,llamp_log10_mic_um,numeric,false,de_novo_has_no_biological_parent,,,,1.350413203239441,,,,b3ac1662fdd5d3ed2a8bfd3e34d47b7edc53595498ef5c3bfa907e3fe61f4722
angpt1,8af3444f9c2979933c0e37f4b65c55ee398dce62aa8bf0393921ce6b4509b74e,de_novo,3adb4d3b5f851126c6d61cea5caa9c77cfc2951cb8314a773d31d0fb78aae722,none,,macrel_amp_probability,numeric,false,de_novo_has_no_biological_parent,,,,0.297,,,,64a5c7314c1a669e1338b1552ee2b85eb57a971f121359748596ebb30b31330f
angpt1,8af3444f9c2979933c0e37f4b65c55ee398dce62aa8bf0393921ce6b4509b74e,de_novo,3adb4d3b5f851126c6d61cea5caa9c77cfc2951cb8314a773d31d0fb78aae722,none,,macrel_hemolysis_label,categorical,false,de_novo_has_no_biological_parent,,,,low,,,,a51a853fe0fb3496aeae142fe81594a377ef7dd6ba267764ef7c29baf038fa5b
angpt1,8af3444f9c2979933c0e37f4b65c55ee398dce62aa8bf0393921ce6b4509b74e,de_novo,3adb4d3b5f851126c6d61cea5caa9c77cfc2951cb8314a773d31d0fb78aae722,none,,macrel_hemolysis_probability,numeric,false,de_novo_has_no_biological_parent,,,,0.485,,,,5294fc3d454f9059b86b43e5b91a226ace7cc08d6d019eafbf0167ec71c2ab88
angpt1,8af3444f9c2979933c0e37f4b65c55ee398dce62aa8bf0393921ce6b4509b74e,de_novo,3adb4d3b5f851126c6d61cea5caa9c77cfc2951cb8314a773d31d0fb78aae722,none,,maximum_hydrophobic_run,numeric,false,de_novo_has_no_biological_parent,,,,2,,,,a95ff6f5f0d5a1f574e046ea4053040b186bb00bde384543dcc35b81469659df
angpt1,8af3444f9c2979933c0e37f4b65c55ee398dce62aa8bf0393921ce6b4509b74e,de_novo,3adb4d3b5f851126c6d61cea5caa9c77cfc2951cb8314a773d31d0fb78aae722,none,,net_charge_ph7_4,numeric,false,de_novo_has_no_biological_parent,,,,9.985,,,,ccf7f7d59d5165d2d9d35a985736457a93c5b9887c71b1ac5a6723a92728872b
angpt1,8af3444f9c2979933c0e37f4b65c55ee398dce62aa8bf0393921ce6b4509b74e,de_novo,3adb4d3b5f851126c6d61cea5caa9c77cfc2951cb8314a773d31d0fb78aae722,none,,toxinpred3_hybrid_score,numeric,false,de_novo_has_no_biological_parent,,,,0.07,,,,460dacb537bccc9e1d21cca8c6077d9d883235cacba6404a34561981689c8071
angpt1,8af3444f9c2979933c0e37f4b65c55ee398dce62aa8bf0393921ce6b4509b74e,de_novo,3adb4d3b5f851126c6d61cea5caa9c77cfc2951cb8314a773d31d0fb78aae722,none,,toxinpred3_label,categorical,false,de_novo_has_no_biological_parent,,,,Non-Toxin,,,,68c28c954d379e655422f5a7f955492b1b907d092a331a594d15bf655fe66f0b
angpt1,848f01ce6543c5af6970bc2dff58e3aad8a3fb7574e9acb55ca96d96353c7fd2,de_novo,2e8870eb793a121576659bad57c766c38f4fdd376a588a28cda2d3a27e0dda02,none,,amp_read_log10_mic_um,numeric,false,de_novo_has_no_biological_parent,,,,1.6885728415438008,,,,dd0ce445c3ad546c0d56849cb6c02cddd21b51dd66b875e05cfddee01b0d23c3
angpt1,848f01ce6543c5af6970bc2dff58e3aad8a3fb7574e9acb55ca96d96353c7fd2,de_novo,2e8870eb793a121576659bad57c766c38f4fdd376a588a28cda2d3a27e0dda02,none,,guruprasad_instability_index,numeric,false,de_novo_has_no_biological_parent,,,,8.820000,,,,05104fb1909bf7e00f5715e87f7c0e081cda045056090c5b4298879dc46d9a66
angpt1,848f01ce6543c5af6970bc2dff58e3aad8a3fb7574e9acb55ca96d96353c7fd2,de_novo,2e8870eb793a121576659bad57c766c38f4fdd376a588a28cda2d3a27e0dda02,none,,hydrophobic_moment_eisenberg,numeric,false,de_novo_has_no_biological_parent,,,,0.06425309115894721,,,,2ceedccb4087ed0c29c8194e864a26985765e34767c63ca70be0f2413a63ee8f
angpt1,848f01ce6543c5af6970bc2dff58e3aad8a3fb7574e9acb55ca96d96353c7fd2,de_novo,2e8870eb793a121576659bad57c766c38f4fdd376a588a28cda2d3a27e0dda02,none,,hydrophobic_ratio_modlamp,numeric,false,de_novo_has_no_biological_parent,,,,0.1,,,,1e204524c63f8e4b8ae497c7921e13434c700651e918a272ea84fa00db1c173f
angpt1,848f01ce6543c5af6970bc2dff58e3aad8a3fb7574e9acb55ca96d96353c7fd2,de_novo,2e8870eb793a121576659bad57c766c38f4fdd376a588a28cda2d3a27e0dda02,none,,llamp_log10_mic_um,numeric,false,de_novo_has_no_biological_parent,,,,1.186545491218567,,,,a4f3b9397a07ac356bc60b50018a833a680cda37863dfa4977ed703abe2236d0
angpt1,848f01ce6543c5af6970bc2dff58e3aad8a3fb7574e9acb55ca96d96353c7fd2,de_novo,2e8870eb793a121576659bad57c766c38f4fdd376a588a28cda2d3a27e0dda02,none,,macrel_amp_probability,numeric,false,de_novo_has_no_biological_parent,,,,0.455,,,,eb720b12311243e3d54cb320638bca2269252da90069f397fefef5672335a43c
angpt1,848f01ce6543c5af6970bc2dff58e3aad8a3fb7574e9acb55ca96d96353c7fd2,de_novo,2e8870eb793a121576659bad57c766c38f4fdd376a588a28cda2d3a27e0dda02,none,,macrel_hemolysis_label,categorical,false,de_novo_has_no_biological_parent,,,,low,,,,82b91ce88cc5016c84920f1583638edd668d087a7c0c8404c73fb236094276f4
angpt1,848f01ce6543c5af6970bc2dff58e3aad8a3fb7574e9acb55ca96d96353c7fd2,de_novo,2e8870eb793a121576659bad57c766c38f4fdd376a588a28cda2d3a27e0dda02,none,,macrel_hemolysis_probability,numeric,false,de_novo_has_no_biological_parent,,,,0.238,,,,2d4e34de9657615e802cc40f20550a794f37f2ac95e4af2ca39dabab463fdfe3
angpt1,848f01ce6543c5af6970bc2dff58e3aad8a3fb7574e9acb55ca96d96353c7fd2,de_novo,2e8870eb793a121576659bad57c766c38f4fdd376a588a28cda2d3a27e0dda02,none,,maximum_hydrophobic_run,numeric,false,de_novo_has_no_biological_parent,,,,1,,,,8ec6efed7148854cea3e2835bf747570d8de5b781949b969e12cc6022cb44847
angpt1,848f01ce6543c5af6970bc2dff58e3aad8a3fb7574e9acb55ca96d96353c7fd2,de_novo,2e8870eb793a121576659bad57c766c38f4fdd376a588a28cda2d3a27e0dda02,none,,net_charge_ph7_4,numeric,false,de_novo_has_no_biological_parent,,,,8.986,,,,e495c1d262d98c5dc23ffa1697ba5f24724685d1823ada1283d7f13ea35b03c1
angpt1,848f01ce6543c5af6970bc2dff58e3aad8a3fb7574e9acb55ca96d96353c7fd2,de_novo,2e8870eb793a121576659bad57c766c38f4fdd376a588a28cda2d3a27e0dda02,none,,toxinpred3_hybrid_score,numeric,false,de_novo_has_no_biological_parent,,,,0.32,,,,1f31093154fdc46ee35ac7a86514f906a4e08fbfc9364802257901d5e34b4958
angpt1,848f01ce6543c5af6970bc2dff58e3aad8a3fb7574e9acb55ca96d96353c7fd2,de_novo,2e8870eb793a121576659bad57c766c38f4fdd376a588a28cda2d3a27e0dda02,none,,toxinpred3_label,categorical,false,de_novo_has_no_biological_parent,,,,Non-Toxin,,,,1338bdee49f1d7411cf4e130708bd9ce20068f8805dc6f2c99f6a8f5c81f57e2
angpt1,c18d67cec5b3c459ca0f5fedb49d8694a24ec9d383710ef63b2b5b2ca9099eea,masked_substitution,fb2b62c719a95cfd267dd36b3f4619b719b3c55f892ad9b8d69e7dcff1072e2c,primary_parent,04bbb8f66cf48119e001c6647f0a82758d21a5275e74dac6fa1819b6bb7dc86d,amp_read_log10_mic_um,numeric,true,same_frozen_numeric_contract,minimize,log10(uM),1.0684135954698575,1.0044343912043094,-0.06397920426554804,0.06397920426554804,true,a2e5ab9509deb91e5df51eda5d08fec8ab038f5eaa99bb49d7b2ccf7aa771890
angpt1,c18d67cec5b3c459ca0f5fedb49d8694a24ec9d383710ef63b2b5b2ca9099eea,masked_substitution,fb2b62c719a95cfd267dd36b3f4619b719b3c55f892ad9b8d69e7dcff1072e2c,primary_parent,04bbb8f66cf48119e001c6647f0a82758d21a5275e74dac6fa1819b6bb7dc86d,guruprasad_instability_index,numeric,true,same_frozen_numeric_contract,minimize,index,-5.666667,3.504762,9.171429,-9.171429,true,8b32c2a53f1a78a1e9024d0059b390b69be373031236afc59066d96acf49f537
angpt1,c18d67cec5b3c459ca0f5fedb49d8694a24ec9d383710ef63b2b5b2ca9099eea,masked_substitution,fb2b62c719a95cfd267dd36b3f4619b719b3c55f892ad9b8d69e7dcff1072e2c,primary_parent,04bbb8f66cf48119e001c6647f0a82758d21a5275e74dac6fa1819b6bb7dc86d,hydrophobic_moment_eisenberg,numeric,false,audit_metric_has_no_monotonic_improvement_direction,audit,dimensionless,0.32070620328403215,0.3162729824516891,-0.004433220832343043,,true,3ae70864505408f74150a285d6b0e64f0d17c3e4a2daaba7f83d9f04896534cc
angpt1,c18d67cec5b3c459ca0f5fedb49d8694a24ec9d383710ef63b2b5b2ca9099eea,masked_substitution,fb2b62c719a95cfd267dd36b3f4619b719b3c55f892ad9b8d69e7dcff1072e2c,primary_parent,04bbb8f66cf48119e001c6647f0a82758d21a5275e74dac6fa1819b6bb7dc86d,hydrophobic_ratio_modlamp,numeric,false,audit_metric_has_no_monotonic_improvement_direction,audit,fraction,0.14285714285714285,0.14285714285714285,0.0,,false,9735acb7a94b0494ca9c99039d7f73dcdf89dbb0e6222ded3d62eb4a1a7f9361
angpt1,c18d67cec5b3c459ca0f5fedb49d8694a24ec9d383710ef63b2b5b2ca9099eea,masked_substitution,fb2b62c719a95cfd267dd36b3f4619b719b3c55f892ad9b8d69e7dcff1072e2c,primary_parent,04bbb8f66cf48119e001c6647f0a82758d21a5275e74dac6fa1819b6bb7dc86d,llamp_log10_mic_um,numeric,true,same_frozen_numeric_contract,minimize,log10(uM),1.2577025890350342,1.442728042602539,0.18502545356750488,-0.18502545356750488,true,5e64ad69266a1491f9b6f0d334eca940569f496f2db37d49ffac34ce57724ec6
angpt1,c18d67cec5b3c459ca0f5fedb49d8694a24ec9d383710ef63b2b5b2ca9099eea,masked_substitution,fb2b62c719a95cfd267dd36b3f4619b719b3c55f892ad9b8d69e7dcff1072e2c,primary_parent,04bbb8f66cf48119e001c6647f0a82758d21a5275e74dac6fa1819b6bb7dc86d,macrel_amp_probability,numeric,true,same_frozen_numeric_contract,maximize,probability,0.317,0.238,-0.07900000000000001,-0.07900000000000001,true,cc39b2e9e2b3969f63b98276afd62a8eebaa67c1c23ff2dcae77ca06c002479f
angpt1,c18d67cec5b3c459ca0f5fedb49d8694a24ec9d383710ef63b2b5b2ca9099eea,masked_substitution,fb2b62c719a95cfd267dd36b3f4619b719b3c55f892ad9b8d69e7dcff1072e2c,primary_parent,04bbb8f66cf48119e001c6647f0a82758d21a5275e74dac6fa1819b6bb7dc86d,macrel_hemolysis_label,categorical,true,same_frozen_label_contract,audit,label,low,low,,,false,6ff511fc135648a5ba97d59bcbb26bed7604446b498a4bbea905129c8975c8c2
angpt1,c18d67cec5b3c459ca0f5fedb49d8694a24ec9d383710ef63b2b5b2ca9099eea,masked_substitution,fb2b62c719a95cfd267dd36b3f4619b719b3c55f892ad9b8d69e7dcff1072e2c,primary_parent,04bbb8f66cf48119e001c6647f0a82758d21a5275e74dac6fa1819b6bb7dc86d,macrel_hemolysis_probability,numeric,true,same_frozen_numeric_contract,minimize,probability,0.406,0.386,-0.020000000000000018,0.020000000000000018,true,ddc93606572656e614b22cec0ac2eef4a4c6ef005a924378a321b5ef365b49fd
angpt1,c18d67cec5b3c459ca0f5fedb49d8694a24ec9d383710ef63b2b5b2ca9099eea,masked_substitution,fb2b62c719a95cfd267dd36b3f4619b719b3c55f892ad9b8d69e7dcff1072e2c,primary_parent,04bbb8f66cf48119e001c6647f0a82758d21a5275e74dac6fa1819b6bb7dc86d,maximum_hydrophobic_run,numeric,true,same_frozen_numeric_contract,minimize,residues,2.0,2.0,0.0,-0.0,false,ee52256aa5aa71d6481e5e8a734082960f7ff80e537ada7e98fdef66219007cb
angpt1,c18d67cec5b3c459ca0f5fedb49d8694a24ec9d383710ef63b2b5b2ca9099eea,masked_substitution,fb2b62c719a95cfd267dd36b3f4619b719b3c55f892ad9b8d69e7dcff1072e2c,primary_parent,04bbb8f66cf48119e001c6647f0a82758d21a5275e74dac6fa1819b6bb7dc86d,net_charge_ph7_4,numeric,false,audit_metric_has_no_monotonic_improvement_direction,audit,elementary_charge,8.984,8.984,0.0,,false,cec081c0a14a38469ff1887d1799fc2fa59129321e60b558b1aff1141359fe92
angpt1,c18d67cec5b3c459ca0f5fedb49d8694a24ec9d383710ef63b2b5b2ca9099eea,masked_substitution,fb2b62c719a95cfd267dd36b3f4619b719b3c55f892ad9b8d69e7dcff1072e2c,primary_parent,04bbb8f66cf48119e001c6647f0a82758d21a5275e74dac6fa1819b6bb7dc86d,toxinpred3_hybrid_score,numeric,true,same_frozen_numeric_contract,minimize,dimensionless,0.0,0.0,0.0,-0.0,false,8b52d1bb9d58e58e51e52f513bc4ec3aa2f78ca3f88f7e6396a4b1a27226a343
angpt1,c18d67cec5b3c459ca0f5fedb49d8694a24ec9d383710ef63b2b5b2ca9099eea,masked_substitution,fb2b62c719a95cfd267dd36b3f4619b719b3c55f892ad9b8d69e7dcff1072e2c,primary_parent,04bbb8f66cf48119e001c6647f0a82758d21a5275e74dac6fa1819b6bb7dc86d,toxinpred3_label,categorical,true,same_frozen_label_contract,audit,label,Non-Toxin,Non-Toxin,,,false,441b308cd51649c82b48f56133596da9226880b662a403db78fa96416db637a7
angpt1,34814009f72053b42895b5a7587a776e387b92c3cf54fa9d848eeeaee9e28742,controlled_crossover,78ee6ddb604942b33e7f92b3854fbad73befb1dcd8e3d6ad97244acfd27569b9,primary_parent,eb7752cffc27a6b482aac3a9968f11bef89e716306d4723c28d913abd9eb34a9,amp_read_log10_mic_um,numeric,true,same_frozen_numeric_contract,minimize,log10(uM),2.1140231460496524,2.285180328885084,0.1711571828354317,-0.1711571828354317,true,e011fea975a3e322324f527f6c49f951e754dc3a4105c3349a241686577b2cd8
angpt1,34814009f72053b42895b5a7587a776e387b92c3cf54fa9d848eeeaee9e28742,controlled_crossover,78ee6ddb604942b33e7f92b3854fbad73befb1dcd8e3d6ad97244acfd27569b9,primary_parent,eb7752cffc27a6b482aac3a9968f11bef89e716306d4723c28d913abd9eb34a9,guruprasad_instability_index,numeric,true,same_frozen_numeric_contract,minimize,index,-20.556522,-32.621739,-12.065216999999997,12.065216999999997,true,81ec7395c927e64c55be60237062dd95f62966f73d3b1c9d2d42af6a908d1d2d
angpt1,34814009f72053b42895b5a7587a776e387b92c3cf54fa9d848eeeaee9e28742,controlled_crossover,78ee6ddb604942b33e7f92b3854fbad73befb1dcd8e3d6ad97244acfd27569b9,primary_parent,eb7752cffc27a6b482aac3a9968f11bef89e716306d4723c28d913abd9eb34a9,hydrophobic_moment_eisenberg,numeric,false,audit_metric_has_no_monotonic_improvement_direction,audit,dimensionless,0.09575881897580783,0.01270249142178506,-0.08305632755402277,,true,bf1d4d6e6b04ab56853c4592738d2775c48041ac5d944991744e6892fd66203e
angpt1,34814009f72053b42895b5a7587a776e387b92c3cf54fa9d848eeeaee9e28742,controlled_crossover,78ee6ddb604942b33e7f92b3854fbad73befb1dcd8e3d6ad97244acfd27569b9,primary_parent,eb7752cffc27a6b482aac3a9968f11bef89e716306d4723c28d913abd9eb34a9,hydrophobic_ratio_modlamp,numeric,false,audit_metric_has_no_monotonic_improvement_direction,audit,fraction,0.0,0.0,0.0,,false,c42679c09354340ecf626fb97261ea95d0126c48282e56bdaf97851dbae144d6
angpt1,34814009f72053b42895b5a7587a776e387b92c3cf54fa9d848eeeaee9e28742,controlled_crossover,78ee6ddb604942b33e7f92b3854fbad73befb1dcd8e3d6ad97244acfd27569b9,primary_parent,eb7752cffc27a6b482aac3a9968f11bef89e716306d4723c28d913abd9eb34a9,llamp_log10_mic_um,numeric,true,same_frozen_numeric_contract,minimize,log10(uM),1.1483856439590454,0.5972813367843628,-0.5511043071746826,0.5511043071746826,true,6d4221eeeb5305f64330d1e3af00077f54924ee5e43c3385115745544166e652
angpt1,34814009f72053b42895b5a7587a776e387b92c3cf54fa9d848eeeaee9e28742,controlled_crossover,78ee6ddb604942b33e7f92b3854fbad73befb1dcd8e3d6ad97244acfd27569b9,primary_parent,eb7752cffc27a6b482aac3a9968f11bef89e716306d4723c28d913abd9eb34a9,macrel_amp_probability,numeric,true,same_frozen_numeric_contract,maximize,probability,0.485,0.366,-0.119,-0.119,true,a667f6d275a4e3a6f349cdeb22ebbe53896f0d01d416fba93a8483777a929dfe
angpt1,34814009f72053b42895b5a7587a776e387b92c3cf54fa9d848eeeaee9e28742,controlled_crossover,78ee6ddb604942b33e7f92b3854fbad73befb1dcd8e3d6ad97244acfd27569b9,primary_parent,eb7752cffc27a6b482aac3a9968f11bef89e716306d4723c28d913abd9eb34a9,macrel_hemolysis_label,categorical,true,same_frozen_label_contract,audit,label,low,low,,,false,02c4615ffbb8f212e8692204b5ede0ed2986c880cb334992caf072059f37e198
angpt1,34814009f72053b42895b5a7587a776e387b92c3cf54fa9d848eeeaee9e28742,controlled_crossover,78ee6ddb604942b33e7f92b3854fbad73befb1dcd8e3d6ad97244acfd27569b9,primary_parent,eb7752cffc27a6b482aac3a9968f11bef89e716306d4723c28d913abd9eb34a9,macrel_hemolysis_probability,numeric,true,same_frozen_numeric_contract,minimize,probability,0.446,0.495,0.04899999999999999,-0.04899999999999999,true,880dec639aeefac31236b560e0019e7708a85367b886cbaf596ef848fed37508
angpt1,34814009f72053b42895b5a7587a776e387b92c3cf54fa9d848eeeaee9e28742,controlled_crossover,78ee6ddb604942b33e7f92b3854fbad73befb1dcd8e3d6ad97244acfd27569b9,primary_parent,eb7752cffc27a6b482aac3a9968f11bef89e716306d4723c28d913abd9eb34a9,maximum_hydrophobic_run,numeric,true,same_frozen_numeric_contract,minimize,residues,0.0,0.0,0.0,-0.0,false,a2103a4eb8770469e871fdbd5adc763e89cc106ecea3dd7ec2cc0ccbe4dcdb6e
angpt1,34814009f72053b42895b5a7587a776e387b92c3cf54fa9d848eeeaee9e28742,controlled_crossover,78ee6ddb604942b33e7f92b3854fbad73befb1dcd8e3d6ad97244acfd27569b9,primary_parent,eb7752cffc27a6b482aac3a9968f11bef89e716306d4723c28d913abd9eb34a9,net_charge_ph7_4,numeric,false,audit_metric_has_no_monotonic_improvement_direction,audit,elementary_charge,10.027,10.027,0.0,,false,efa5e2ec30c79183a39ff9f8f30f2d296a2eabd55e9b245ab6134b0a189fb5e0
angpt1,34814009f72053b42895b5a7587a776e387b92c3cf54fa9d848eeeaee9e28742,controlled_crossover,78ee6ddb604942b33e7f92b3854fbad73befb1dcd8e3d6ad97244acfd27569b9,primary_parent,eb7752cffc27a6b482aac3a9968f11bef89e716306d4723c28d913abd9eb34a9,toxinpred3_hybrid_score,numeric,true,same_frozen_numeric_contract,minimize,dimensionless,0.34,0.315,-0.025000000000000022,0.025000000000000022,true,80f8aa50407d4759e3704699036762f068d997f22e2c305572719f1cfdf81d51
angpt1,34814009f72053b42895b5a7587a776e387b92c3cf54fa9d848eeeaee9e28742,controlled_crossover,78ee6ddb604942b33e7f92b3854fbad73befb1dcd8e3d6ad97244acfd27569b9,primary_parent,eb7752cffc27a6b482aac3a9968f11bef89e716306d4723c28d913abd9eb34a9,toxinpred3_label,categorical,true,same_frozen_label_contract,audit,label,Non-Toxin,Non-Toxin,,,false,4e12c04b2c24e4789e2115a2bf08431df237f14d12274d3e9b909268d2e76f9c
angpt1,34814009f72053b42895b5a7587a776e387b92c3cf54fa9d848eeeaee9e28742,controlled_crossover,78ee6ddb604942b33e7f92b3854fbad73befb1dcd8e3d6ad97244acfd27569b9,donor_parent,8da3610c67fb4959db649075a16ef91e8f64d4ad39b74ae6e6f59b76acfea433,amp_read_log10_mic_um,numeric,true,same_frozen_numeric_contract,minimize,log10(uM),1.9749410051300977,2.285180328885084,0.3102393237549863,-0.3102393237549863,true,b683f0701b64d30d8059b5abccbdb09f02875575c8ca8536e99baaea793a1365
angpt1,34814009f72053b42895b5a7587a776e387b92c3cf54fa9d848eeeaee9e28742,controlled_crossover,78ee6ddb604942b33e7f92b3854fbad73befb1dcd8e3d6ad97244acfd27569b9,donor_parent,8da3610c67fb4959db649075a16ef91e8f64d4ad39b74ae6e6f59b76acfea433,guruprasad_instability_index,numeric,true,same_frozen_numeric_contract,minimize,index,-23.433333,-32.621739,-9.188405999999997,9.188405999999997,true,f5583af9a5e7e3fd8d84bf2afd063f2a6741cc03b106b448486406874e41eb70
angpt1,34814009f72053b42895b5a7587a776e387b92c3cf54fa9d848eeeaee9e28742,controlled_crossover,78ee6ddb604942b33e7f92b3854fbad73befb1dcd8e3d6ad97244acfd27569b9,donor_parent,8da3610c67fb4959db649075a16ef91e8f64d4ad39b74ae6e6f59b76acfea433,hydrophobic_moment_eisenberg,numeric,false,audit_metric_has_no_monotonic_improvement_direction,audit,dimensionless,0.17671021265349732,0.01270249142178506,-0.16400772123171226,,true,a53b0bbe3d78972933c8837b098fe6b7f50ca22c75ebd7b668e873085db67fd6
angpt1,34814009f72053b42895b5a7587a776e387b92c3cf54fa9d848eeeaee9e28742,controlled_crossover,78ee6ddb604942b33e7f92b3854fbad73befb1dcd8e3d6ad97244acfd27569b9,donor_parent,8da3610c67fb4959db649075a16ef91e8f64d4ad39b74ae6e6f59b76acfea433,hydrophobic_ratio_modlamp,numeric,false,audit_metric_has_no_monotonic_improvement_direction,audit,fraction,0.0,0.0,0.0,,false,e39de73ba9a57786bc971e4809e58a18b2c98aa2196941f3cfe7c21018014e8d
angpt1,34814009f72053b42895b5a7587a776e387b92c3cf54fa9d848eeeaee9e28742,controlled_crossover,78ee6ddb604942b33e7f92b3854fbad73befb1dcd8e3d6ad97244acfd27569b9,donor_parent,8da3610c67fb4959db649075a16ef91e8f64d4ad39b74ae6e6f59b76acfea433,llamp_log10_mic_um,numeric,true,same_frozen_numeric_contract,minimize,log10(uM),1.7923035621643066,0.5972813367843628,-1.1950222253799438,1.1950222253799438,true,c1b0162fa9ef88914e43b2dba09fcfbd7a9333c621e6ac8b373b6c419ca0ff04
angpt1,34814009f72053b42895b5a7587a776e387b92c3cf54fa9d848eeeaee9e28742,controlled_crossover,78ee6ddb604942b33e7f92b3854fbad73befb1dcd8e3d6ad97244acfd27569b9,donor_parent,8da3610c67fb4959db649075a16ef91e8f64d4ad39b74ae6e6f59b76acfea433,macrel_amp_probability,numeric,true,same_frozen_numeric_contract,maximize,probability,0.426,0.366,-0.06,-0.06,true,eac36f7215d13466c5ca9f71cabf7374823eb90699f1c452e154e4937242e3d0
angpt1,34814009f72053b42895b5a7587a776e387b92c3cf54fa9d848eeeaee9e28742,controlled_crossover,78ee6ddb604942b33e7f92b3854fbad73befb1dcd8e3d6ad97244acfd27569b9,donor_parent,8da3610c67fb4959db649075a16ef91e8f64d4ad39b74ae6e6f59b76acfea433,macrel_hemolysis_label,categorical,true,same_frozen_label_contract,audit,label,low,low,,,false,3996ca258618463ab8fa4f7dc1d1e92d8b7a49eea0bd46ab011b20367d0fc15d
angpt1,34814009f72053b42895b5a7587a776e387b92c3cf54fa9d848eeeaee9e28742,controlled_crossover,78ee6ddb604942b33e7f92b3854fbad73befb1dcd8e3d6ad97244acfd27569b9,donor_parent,8da3610c67fb4959db649075a16ef91e8f64d4ad39b74ae6e6f59b76acfea433,macrel_hemolysis_probability,numeric,true,same_frozen_numeric_contract,minimize,probability,0.327,0.495,0.16799999999999998,-0.16799999999999998,true,948b5e63eca23cf75976e3676fb365be4faafa5d8e84560506323ac143d97d62
angpt1,34814009f72053b42895b5a7587a776e387b92c3cf54fa9d848eeeaee9e28742,controlled_crossover,78ee6ddb604942b33e7f92b3854fbad73befb1dcd8e3d6ad97244acfd27569b9,donor_parent,8da3610c67fb4959db649075a16ef91e8f64d4ad39b74ae6e6f59b76acfea433,maximum_hydrophobic_run,numeric,true,same_frozen_numeric_contract,minimize,residues,0.0,0.0,0.0,-0.0,false,0802d34417b373b598bcd3c233ff30216d0769748cbb83b8a0e51929484be6c0
angpt1,34814009f72053b42895b5a7587a776e387b92c3cf54fa9d848eeeaee9e28742,controlled_crossover,78ee6ddb604942b33e7f92b3854fbad73befb1dcd8e3d6ad97244acfd27569b9,donor_parent,8da3610c67fb4959db649075a16ef91e8f64d4ad39b74ae6e6f59b76acfea433,net_charge_ph7_4,numeric,false,audit_metric_has_no_monotonic_improvement_direction,audit,elementary_charge,7.028,10.027,2.9989999999999997,,true,b4b09ea3486f2547dd23614a297914369b6aeacf03e15766702b4302bd343fe6
angpt1,34814009f72053b42895b5a7587a776e387b92c3cf54fa9d848eeeaee9e28742,controlled_crossover,78ee6ddb604942b33e7f92b3854fbad73befb1dcd8e3d6ad97244acfd27569b9,donor_parent,8da3610c67fb4959db649075a16ef91e8f64d4ad39b74ae6e6f59b76acfea433,toxinpred3_hybrid_score,numeric,true,same_frozen_numeric_contract,minimize,dimensionless,0.31,0.315,0.0050000000000000044,-0.0050000000000000044,true,98b0f109afe1f57791d57d318bdf64c5d629461c23e96085dc7b9c63626d91e1
angpt1,34814009f72053b42895b5a7587a776e387b92c3cf54fa9d848eeeaee9e28742,controlled_crossover,78ee6ddb604942b33e7f92b3854fbad73befb1dcd8e3d6ad97244acfd27569b9,donor_parent,8da3610c67fb4959db649075a16ef91e8f64d4ad39b74ae6e6f59b76acfea433,toxinpred3_label,categorical,true,same_frozen_label_contract,audit,label,Non-Toxin,Non-Toxin,,,false,b60ff95253d6525e4b0fbc359a8c0a0cce7ff3eebfb0614a9b39f0d6ea2e4828
angpt1,a41a065126be67df57c428bd5e52e3e017fa8eb4f22864ef0a61307f9e53e7ae,de_novo,dea6498b788e6d4f684c8df46423559eb726fe1041aed596621a06a5720826d0,none,,amp_read_log10_mic_um,numeric,false,de_novo_has_no_biological_parent,,,,1.4677243322368612,,,,4cf83e1110a1d933816caf959979b21f5437c0ecaee50d05c3f6072be4c75981
angpt1,a41a065126be67df57c428bd5e52e3e017fa8eb4f22864ef0a61307f9e53e7ae,de_novo,dea6498b788e6d4f684c8df46423559eb726fe1041aed596621a06a5720826d0,none,,guruprasad_instability_index,numeric,false,de_novo_has_no_biological_parent,,,,-7.319048,,,,25fd9143af5c227b47ba44c1976ba1b869670327d1ac3144a7e1dc05d57aca88
angpt1,a41a065126be67df57c428bd5e52e3e017fa8eb4f22864ef0a61307f9e53e7ae,de_novo,dea6498b788e6d4f684c8df46423559eb726fe1041aed596621a06a5720826d0,none,,hydrophobic_moment_eisenberg,numeric,false,de_novo_has_no_biological_parent,,,,0.12015195971808142,,,,f51d8960c9c9af00031a33a7cfa5d8f38e2956df0d248ad36777f7cf80806026
angpt1,a41a065126be67df57c428bd5e52e3e017fa8eb4f22864ef0a61307f9e53e7ae,de_novo,dea6498b788e6d4f684c8df46423559eb726fe1041aed596621a06a5720826d0,none,,hydrophobic_ratio_modlamp,numeric,false,de_novo_has_no_biological_parent,,,,0.14285714285714285,,,,5881c00c169b67f4c2137bf2dd41bd72243709b528f41ba1df986c97b5d12cd1
angpt1,a41a065126be67df57c428bd5e52e3e017fa8eb4f22864ef0a61307f9e53e7ae,de_novo,dea6498b788e6d4f684c8df46423559eb726fe1041aed596621a06a5720826d0,none,,llamp_log10_mic_um,numeric,false,de_novo_has_no_biological_parent,,,,1.8363291025161743,,,,a3ce4175ad2d0edff52c75e533100ca8794fa3b86fb2939ea288eacf19b52141
angpt1,a41a065126be67df57c428bd5e52e3e017fa8eb4f22864ef0a61307f9e53e7ae,de_novo,dea6498b788e6d4f684c8df46423559eb726fe1041aed596621a06a5720826d0,none,,macrel_amp_probability,numeric,false,de_novo_has_no_biological_parent,,,,0.257,,,,b2a08e229cb23f53f54c40810e39d1820cf503ab8ff1c83d7134c012645b535d
angpt1,a41a065126be67df57c428bd5e52e3e017fa8eb4f22864ef0a61307f9e53e7ae,de_novo,dea6498b788e6d4f684c8df46423559eb726fe1041aed596621a06a5720826d0,none,,macrel_hemolysis_label,categorical,false,de_novo_has_no_biological_parent,,,,low,,,,31b8d6321be9515755b82090550d64bb30e905e17d43d0fa594ba5e3df2f8eae
angpt1,a41a065126be67df57c428bd5e52e3e017fa8eb4f22864ef0a61307f9e53e7ae,de_novo,dea6498b788e6d4f684c8df46423559eb726fe1041aed596621a06a5720826d0,none,,macrel_hemolysis_probability,numeric,false,de_novo_has_no_biological_parent,,,,0.248,,,,b76a4531d2fb7661bd3200398723d5cb3f1ec03964c6971b0e4b5f705265fd1e
angpt1,a41a065126be67df57c428bd5e52e3e017fa8eb4f22864ef0a61307f9e53e7ae,de_novo,dea6498b788e6d4f684c8df46423559eb726fe1041aed596621a06a5720826d0,none,,maximum_hydrophobic_run,numeric,false,de_novo_has_no_biological_parent,,,,2,,,,98cdde26b491cdb714ec4b2e1f0068e37e08781744709405006f0cd5b6e749c1
angpt1,a41a065126be67df57c428bd5e52e3e017fa8eb4f22864ef0a61307f9e53e7ae,de_novo,dea6498b788e6d4f684c8df46423559eb726fe1041aed596621a06a5720826d0,none,,net_charge_ph7_4,numeric,false,de_novo_has_no_biological_parent,,,,6.986,,,,c9ef12d90f931fdee0adc46edef05f09ae9140b780dbe02c56bb79ba8af80c43
angpt1,a41a065126be67df57c428bd5e52e3e017fa8eb4f22864ef0a61307f9e53e7ae,de_novo,dea6498b788e6d4f684c8df46423559eb726fe1041aed596621a06a5720826d0,none,,toxinpred3_hybrid_score,numeric,false,de_novo_has_no_biological_parent,,,,0.895,,,,1d2086ff255fdad0b3d07cb37aa7e9f985c0cec040008f2f845952e1c065ff04
angpt1,a41a065126be67df57c428bd5e52e3e017fa8eb4f22864ef0a61307f9e53e7ae,de_novo,dea6498b788e6d4f684c8df46423559eb726fe1041aed596621a06a5720826d0,none,,toxinpred3_label,categorical,false,de_novo_has_no_biological_parent,,,,Toxin,,,,4994f5bdcb2bfa0340bdc30f703e9ea8f8a39715cb8f4b82b9ca61771c14044d
angpt1,2ef9a427c7e6243652a44afc495e76b0a25a084f15ffbf7971b4b94248d96ee3,de_novo,399809eee99a3fd4b3c13c001969a35628ad4e80904278ab37155f0a7e608143,none,,amp_read_log10_mic_um,numeric,false,de_novo_has_no_biological_parent,,,,1.5793134786089682,,,,bb0662ab1d56c3c64c8da5c1475cedae7f414873365f053d9495388e4a50536f
angpt1,2ef9a427c7e6243652a44afc495e76b0a25a084f15ffbf7971b4b94248d96ee3,de_novo,399809eee99a3fd4b3c13c001969a35628ad4e80904278ab37155f0a7e608143,none,,guruprasad_instability_index,numeric,false,de_novo_has_no_biological_parent,,,,-2.519048,,,,0a5ef193a5767964c967ecf54a3c4a2fce19c5e957e7c05b5757102767a2ba3d
angpt1,2ef9a427c7e6243652a44afc495e76b0a25a084f15ffbf7971b4b94248d96ee3,de_novo,399809eee99a3fd4b3c13c001969a35628ad4e80904278ab37155f0a7e608143,none,,hydrophobic_moment_eisenberg,numeric,false,de_novo_has_no_biological_parent,,,,0.4142213723920724,,,,e8a8f430bf9707c20cbf4eb6b8450eedc101830e38989da8af33b1ad422f77f1
angpt1,2ef9a427c7e6243652a44afc495e76b0a25a084f15ffbf7971b4b94248d96ee3,de_novo,399809eee99a3fd4b3c13c001969a35628ad4e80904278ab37155f0a7e608143,none,,hydrophobic_ratio_modlamp,numeric,false,de_novo_has_no_biological_parent,,,,0.09523809523809523,,,,b26217551de30940fe0ffd655b1c60979710d0590aa5807dba07d0811598cb4c
angpt1,2ef9a427c7e6243652a44afc495e76b0a25a084f15ffbf7971b4b94248d96ee3,de_novo,399809eee99a3fd4b3c13c001969a35628ad4e80904278ab37155f0a7e608143,none,,llamp_log10_mic_um,numeric,false,de_novo_has_no_biological_parent,,,,1.3309990167617798,,,,5541ba359846cf8489ab021f4756240cf41a46e694d71f65b78f68916b00742b
angpt1,2ef9a427c7e6243652a44afc495e76b0a25a084f15ffbf7971b4b94248d96ee3,de_novo,399809eee99a3fd4b3c13c001969a35628ad4e80904278ab37155f0a7e608143,none,,macrel_amp_probability,numeric,false,de_novo_has_no_biological_parent,,,,0.465,,,,75fce9283729bfed1566b1ce54e33ca53873976b495b127528b56619536d73a3
angpt1,2ef9a427c7e6243652a44afc495e76b0a25a084f15ffbf7971b4b94248d96ee3,de_novo,399809eee99a3fd4b3c13c001969a35628ad4e80904278ab37155f0a7e608143,none,,macrel_hemolysis_label,categorical,false,de_novo_has_no_biological_parent,,,,high,,,,cdadd1b7ece0bf021e0dbe5cb069dc7f891a2c1922bb9fcc8e7f0e3625475481
angpt1,2ef9a427c7e6243652a44afc495e76b0a25a084f15ffbf7971b4b94248d96ee3,de_novo,399809eee99a3fd4b3c13c001969a35628ad4e80904278ab37155f0a7e608143,none,,macrel_hemolysis_probability,numeric,false,de_novo_has_no_biological_parent,,,,0.574,,,,600cc5278e8495d229743838f9caadabf845ed71346b4ca8c1de8b3d91204d9f
angpt1,2ef9a427c7e6243652a44afc495e76b0a25a084f15ffbf7971b4b94248d96ee3,de_novo,399809eee99a3fd4b3c13c001969a35628ad4e80904278ab37155f0a7e608143,none,,maximum_hydrophobic_run,numeric,false,de_novo_has_no_biological_parent,,,,2,,,,733d86063b61ef7d624580a3b5f9407e0a0b381008c75a10c6fb23f4e6f4745e
angpt1,2ef9a427c7e6243652a44afc495e76b0a25a084f15ffbf7971b4b94248d96ee3,de_novo,399809eee99a3fd4b3c13c001969a35628ad4e80904278ab37155f0a7e608143,none,,net_charge_ph7_4,numeric,false,de_novo_has_no_biological_parent,,,,5.026,,,,4e7ac765bfc0ef990be83238de9b1dcf937231da84b1b1dc98af954faff53dfb
angpt1,2ef9a427c7e6243652a44afc495e76b0a25a084f15ffbf7971b4b94248d96ee3,de_novo,399809eee99a3fd4b3c13c001969a35628ad4e80904278ab37155f0a7e608143,none,,toxinpred3_hybrid_score,numeric,false,de_novo_has_no_biological_parent,,,,0.225,,,,d53c1757a22afe75e13e990d7c0c381a2c7f8e2574e33bbb8b03c11b06ee9fef
angpt1,2ef9a427c7e6243652a44afc495e76b0a25a084f15ffbf7971b4b94248d96ee3,de_novo,399809eee99a3fd4b3c13c001969a35628ad4e80904278ab37155f0a7e608143,none,,toxinpred3_label,categorical,false,de_novo_has_no_biological_parent,,,,Non-Toxin,,,,e777f7f2d13a86fe60e2d54be46f75f19d5fb050e4544e8dec5dfffbc61d23c5
