branch_key,generation,action_type,operator_id,action_sha256,parent_candidate_id,parent_sequence_sha256,parent_sequence,rescue_endpoint,rescue_metric,parent_rescue_metric_value,family_key_80_80,family_representative_sequence,new_family_relative_to_all_references,diversity_qualified,edit_position_1based,edit,sequence,sequence_sha256,candidate_id,guruprasad_instability_index,maximum_hydrophobic_run,hydrophobic_fraction,net_charge_ph7_4,historical_exact_replay,score_all_status,molecular_weight_da,isoelectric_point,hydrophobic_ratio_modlamp,hydrophobic_moment_eisenberg,macrel_amp_probability,macrel_hemolysis_probability,macrel_hemolysis_label,toxinpred3_ml_score,toxinpred3_hybrid_score,toxinpred3_label,amp_read_log10_mic_um,amp_read_predicted_mic_um,amp_read_cnn_log10_mic_um,amp_read_transformer_log10_mic_um,amp_read_attention_log10_mic_um,amp_read_lstm_log10_mic_um,rescue_metric_improvement,safety_hard_gate_pass,rescue_gain_positive,full_score_shortlist,llamp_log10_mic_um,llamp_predicted_mic_um,formal_metric_count,formal_12_complete,display_eligible,activity_model_support_count,excellent_sequence_stage,structure_md_status,amp_read_log10_mic_um__parent_benefit_percentile,llamp_log10_mic_um__parent_benefit_percentile,macrel_amp_probability__parent_benefit_percentile,activity_model_support_count_calibrated,excellent_sequence_stage_calibrated,activity_support_semantics,activity_support_percentile_semantics
vegfa,25,masked_substitution,autoresearch-amp-read-hybrid-pair-rescue-v1,81a0ceee6689eea3de3ca04184fc7eebf8ccb9317cd8bfef3e41039b412a6561,7be9eab26dd3b5157696b430c91e7dc10d825ddc427a8a9b875c679582259a8c,7be9eab26dd3b5157696b430c91e7dc10d825ddc427a8a9b875c679582259a8c,RGRKQSQSKKAKTTGSKKAHVTG,amp-read,amp_read_log10_mic_um,1.8762399631327233,seqfam80_76ccbba180f03569271d,RGRKQSQFKKNKTKGSKKAHVTG,true,true,"2,5",G2F;Q5K,RFRKKSQSKKAKTTGSKKAHVTG,176fac0c64a12d9d5bb7cd479ca60251a688431c51ce10dcb8911a2fcdcbd736,proposal-176fac0c64a12d9d5bb7,22.27826086956522,1,0.17391304347826086,9.028,false,search_prefilter,2559.98,12.25634765625,0.17391304347826086,0.023027123498584757,0.426,0.426,low,0.33,0.33,Non-Toxin,1.5211250142694484,33.19900091132261,1.143858790397644,2.009183168411255,1.326130747795105,1.6053338050842285,0.35511491905996917,true,true,true,1.375902771949768,23.763082290234493,12,true,true,0,false,not_started,0.758962,0.815822,0.713226,2,true,at_or_above_parent_run_top_quartile_per_independent_model,exact_parent_empirical_cdf
vegfa,25,masked_substitution,autoresearch-amp-read-hybrid-pair-rescue-v1,6536556989caf142b9da068a5aaeea959b7148642c6b4532453d7e683ae05909,7be9eab26dd3b5157696b430c91e7dc10d825ddc427a8a9b875c679582259a8c,7be9eab26dd3b5157696b430c91e7dc10d825ddc427a8a9b875c679582259a8c,RGRKQSQSKKAKTTGSKKAHVTG,amp-read,amp_read_log10_mic_um,1.8762399631327233,seqfam80_76ccbba180f03569271d,RGRKQSQFKKNKTKGSKKAHVTG,true,true,"3,6",R3H;S6L,RGHKQLQSKKAKTTGSKKAHVTG,ef7e4593e4fc435f5abbdd45e1d44b364a9267c61e5bea4819c26484730bc27b,proposal-ef7e4593e4fc435f5abb,44.9608695652174,1,0.17391304347826086,7.07,false,search_prefilter,2476.85,11.861328125,0.17391304347826086,0.0988378276780005,0.297,0.485,low,0.325,0.325,Non-Toxin,1.4825936156756065,30.38040895568453,1.4827187061309814,1.996692419052124,1.3490283489227295,1.1018970012664795,0.3936463772604226,true,true,true,1.0242599248886108,10.57450202934243,12,true,true,0,false,not_started,0.796044,0.957973,0.597033,2,true,at_or_above_parent_run_top_quartile_per_independent_model,exact_parent_empirical_cdf
vegfa,25,masked_substitution,autoresearch-amp-read-hybrid-pair-rescue-v1,ed7b4891ea928f51ca2e70efdf8e1430ba0350283cd3ca278aa750a686e1b60b,7be9eab26dd3b5157696b430c91e7dc10d825ddc427a8a9b875c679582259a8c,7be9eab26dd3b5157696b430c91e7dc10d825ddc427a8a9b875c679582259a8c,RGRKQSQSKKAKTTGSKKAHVTG,amp-read,amp_read_log10_mic_um,1.8762399631327233,seqfam80_76ccbba180f03569271d,RGRKQSQFKKNKTKGSKKAHVTG,true,true,"5,8",Q5A;S8K,RGRKASQKKKAKTTGSKKAHVTG,f9debc9a1631c29e76034ea49c615aa1e18a02cd82eaee12a0a23cf2a5cb7eee,proposal-f9debc9a1631c29e7603,-0.5173913043478259,1,0.17391304347826086,9.028,false,search_prefilter,2453.86,12.25634765625,0.17391304347826086,0.07531733999753483,0.386,0.485,low,0.345,0.345,Non-Toxin,1.5168288782854522,32.872208152140914,1.4840644598007202,1.720078945159912,1.1449973583221436,1.718192458152771,0.35941108484727113,true,true,true,0.9100065231323242,8.12842725024803,12,true,true,1,false,not_started,0.762670,0.978986,0.686032,2,true,at_or_above_parent_run_top_quartile_per_independent_model,exact_parent_empirical_cdf
vegfa,25,masked_substitution,autoresearch-amp-read-hybrid-pair-rescue-v1,167fb5f6be21b9a00242c334464c0bf020906ef15bfe463bdc18123a4c7e71aa,7be9eab26dd3b5157696b430c91e7dc10d825ddc427a8a9b875c679582259a8c,7be9eab26dd3b5157696b430c91e7dc10d825ddc427a8a9b875c679582259a8c,RGRKQSQSKKAKTTGSKKAHVTG,amp-read,amp_read_log10_mic_um,1.8762399631327233,seqfam80_76ccbba180f03569271d,RGRKQSQFKKNKTKGSKKAHVTG,true,true,"5,8",Q5I;S8H,RGRKISQHKKAKTTGSKKAHVTG,5b4c61a53914d5dc614ec2233cd62feb9af090d64afc51cd135959bdb2bad521,proposal-5b4c61a53914d5dc614e,6.086956521739128,1,0.17391304347826086,8.07,false,search_prefilter,2504.9,12.2392578125,0.17391304347826086,0.1230824892994866,0.347,0.495,low,0.335,0.335,Non-Toxin,1.4614827695522548,28.93895000741485,1.3757753372192383,1.877929925918579,1.2342455387115479,1.357969045639038,0.4147572233837744,true,true,true,1.1703275442123413,14.802243501539953,12,true,true,0,false,not_started,0.813350,0.924598,0.658838,2,true,at_or_above_parent_run_top_quartile_per_independent_model,exact_parent_empirical_cdf
vegfa,25,masked_substitution,autoresearch-amp-read-hybrid-pair-rescue-v1,c0095886f22fa3fa1b106beec51d39a31319fe7f87f8f3f211a75436dde73c91,7be9eab26dd3b5157696b430c91e7dc10d825ddc427a8a9b875c679582259a8c,7be9eab26dd3b5157696b430c91e7dc10d825ddc427a8a9b875c679582259a8c,RGRKQSQSKKAKTTGSKKAHVTG,amp-read,amp_read_log10_mic_um,1.8762399631327233,seqfam80_76ccbba180f03569271d,RGRKQSQFKKNKTKGSKKAHVTG,true,true,"5,8",Q5I;S8K,RGRKISQKKKAKTTGSKKAHVTG,b2cc9b65907aa0b66dc0324ed2afcd8ec4ec72c439d7f61ee09754090074d653,proposal-b2cc9b65907aa0b66dc0,-4.208695652173913,1,0.17391304347826086,9.028,false,search_prefilter,2495.94,12.25634765625,0.17391304347826086,0.10604282433409201,0.356,0.475,low,0.35,0.35,Non-Toxin,1.4435589756951406,27.768919128622294,1.4035499095916748,1.5307714939117432,1.1168742179870605,1.723064661026001,0.43268101723467556,true,true,true,0.9673190116882324,9.275108777741023,12,true,true,1,false,not_started,0.823239,0.974042,0.666255,2,true,at_or_above_parent_run_top_quartile_per_independent_model,exact_parent_empirical_cdf
vegfa,25,masked_substitution,autoresearch-amp-read-hybrid-pair-rescue-v1,01ad2328fa1d818ba951148c9e3af11b85fab44bf0a22c49cb5f46da8244fba3,7be9eab26dd3b5157696b430c91e7dc10d825ddc427a8a9b875c679582259a8c,7be9eab26dd3b5157696b430c91e7dc10d825ddc427a8a9b875c679582259a8c,RGRKQSQSKKAKTTGSKKAHVTG,amp-read,amp_read_log10_mic_um,1.8762399631327233,seqfam80_76ccbba180f03569271d,RGRKQSQFKKNKTKGSKKAHVTG,true,true,"5,8",Q5K;S8W,RGRKKSQWKKAKTTGSKKAHVTG,400f321bf0ce383bf73c6433883178c998eca09921cf28b53a8ba45893ce05d8,proposal-400f321bf0ce383bf73c,-0.5173913043478259,1,0.17391304347826086,9.028,false,search_prefilter,2568.99,12.25634765625,0.13043478260869565,0.05448188391320927,0.436,0.485,low,0.37,0.37,Non-Toxin,1.0623890486219705,11.544870044561495,1.1390888690948486,1.3749059438705444,0.9777786731719971,0.7577520608901978,0.813850884707447,true,true,true,1.04177987575531,11.00981130519915,12,true,true,0,false,not_started,0.967862,0.955501,0.714462,2,true,at_or_above_parent_run_top_quartile_per_independent_model,exact_parent_empirical_cdf
vegfa,25,masked_substitution,autoresearch-amp-read-hybrid-pair-rescue-v1,04d5116af59352759c859008948ee75560b396dcfa7a03f25623b29c58329139,7be9eab26dd3b5157696b430c91e7dc10d825ddc427a8a9b875c679582259a8c,7be9eab26dd3b5157696b430c91e7dc10d825ddc427a8a9b875c679582259a8c,RGRKQSQSKKAKTTGSKKAHVTG,amp-read,amp_read_log10_mic_um,1.8762399631327233,seqfam80_76ccbba180f03569271d,RGRKQSQFKKNKTKGSKKAHVTG,true,true,"5,8",Q5L;S8K,RGRKLSQKKKAKTTGSKKAHVTG,c7224c439938424eeeb3ea1a0f64c54230e8508fb167d6bc6d8c09581707e034,proposal-c7224c439938424eeeb3,-4.208695652173913,1,0.17391304347826086,9.028,false,search_prefilter,2495.94,12.25634765625,0.17391304347826086,0.09396619723667458,0.356,0.475,low,0.375,0.375,Non-Toxin,1.3927649464533542,24.703867337548548,1.4687483310699463,1.5488518476486206,1.1594294309616089,1.394027829170227,0.4834750166793691,true,true,true,0.9384075403213501,8.677758113849125,12,true,true,1,false,not_started,0.856613,0.978986,0.666255,2,true,at_or_above_parent_run_top_quartile_per_independent_model,exact_parent_empirical_cdf
vegfa,25,masked_substitution,autoresearch-amp-read-hybrid-pair-rescue-v1,7bd2f0dc15ac2b8684d500356a5a7f0f8751a7cb5d3af8eccc1fb320ee03b6cf,7be9eab26dd3b5157696b430c91e7dc10d825ddc427a8a9b875c679582259a8c,7be9eab26dd3b5157696b430c91e7dc10d825ddc427a8a9b875c679582259a8c,RGRKQSQSKKAKTTGSKKAHVTG,amp-read,amp_read_log10_mic_um,1.8762399631327233,seqfam80_76ccbba180f03569271d,RGRKQSQFKKNKTKGSKKAHVTG,true,true,"6,9",S6K;K9W,RGRKQKQSWKAKTTGSKKAHVTG,957fc3759606dc55244b9c32521053756235a12c19220679a384c5999a6ab785,proposal-957fc3759606dc55244b,30.769565217391307,1,0.17391304347826086,8.028,false,search_prefilter,2568.94,12.2392578125,0.13043478260869565,0.11695339073915646,0.406,0.495,low,0.35,0.35,Non-Toxin,1.2659265304819016,18.447033246575796,1.5047276020050049,1.8456147909164429,1.2902885675430298,0.422993004322052,0.6103134326508217,true,true,true,1.037042260169983,10.890360597037272,12,true,true,0,false,not_started,0.909765,0.956737,0.703337,2,true,at_or_above_parent_run_top_quartile_per_independent_model,exact_parent_empirical_cdf
vegfa,25,masked_substitution,autoresearch-amp-read-hybrid-pair-rescue-v1,8f9a06e4d57230310672abaecbcf12af3044f3f5853d9a6692328e403988795f,7be9eab26dd3b5157696b430c91e7dc10d825ddc427a8a9b875c679582259a8c,7be9eab26dd3b5157696b430c91e7dc10d825ddc427a8a9b875c679582259a8c,RGRKQSQSKKAKTTGSKKAHVTG,amp-read,amp_read_log10_mic_um,1.8762399631327233,seqfam80_76ccbba180f03569271d,RGRKQSQFKKNKTKGSKKAHVTG,true,true,"10,13",K10I;T13K,RGRKQSQSKIAKKTGSKKAHVTG,11f6471cb946960b2fcb3d97385e01c69aa4c437070aebb6ec667b939f50260f,proposal-11f6471cb946960b2fcb,44.27826086956524,2,0.17391304347826086,8.028,false,search_prefilter,2481.87,12.2392578125,0.17391304347826086,0.0778646369577501,0.327,0.485,low,0.38,0.0,Non-Toxin,1.420092215319295,26.308265455162562,1.4773331880569458,2.127155303955078,1.4574110507965088,0.6183910369873047,0.4561477776167342,true,true,true,0.9521762132644653,8.957281299657916,12,true,true,1,false,not_started,0.843016,0.976514,0.646477,2,true,at_or_above_parent_run_top_quartile_per_independent_model,exact_parent_empirical_cdf
vegfa,25,masked_substitution,autoresearch-amp-read-hybrid-pair-rescue-v1,d25d806dbfdc0983ee87473917ae67ab31f8a4f8708bce400774bc705fda4bc2,7be9eab26dd3b5157696b430c91e7dc10d825ddc427a8a9b875c679582259a8c,7be9eab26dd3b5157696b430c91e7dc10d825ddc427a8a9b875c679582259a8c,RGRKQSQSKKAKTTGSKKAHVTG,amp-read,amp_read_log10_mic_um,1.8762399631327233,seqfam80_76ccbba180f03569271d,RGRKQSQFKKNKTKGSKKAHVTG,true,true,"13,16",T13I;S16G,RGRKQSQSKKAKITGGKKAHVTG,f1339bfaea6a06e14115afc76a4d29d8e2ec3e4eafe4664f7b3a9f5fa41f5810,proposal-f1339bfaea6a06e14115,45.9521739130435,1,0.17391304347826086,8.028,false,search_prefilter,2451.84,12.2392578125,0.17391304347826086,0.09054315751431943,0.337,0.485,low,0.375,0.375,Non-Toxin,1.245960325454895,17.618150901755758,1.5679738521575928,1.627650260925293,1.0537002086639404,0.7344673275947571,0.6302796376778284,true,true,true,1.038115382194519,10.917303459162442,12,true,true,0,false,not_started,0.917182,0.956737,0.655130,2,true,at_or_above_parent_run_top_quartile_per_independent_model,exact_parent_empirical_cdf
vegfa,25,masked_substitution,autoresearch-amp-read-hybrid-pair-rescue-v1,b92b6343a4a88c02cdb438dd862b853e786c21435258d51ef1be8e579478372e,7be9eab26dd3b5157696b430c91e7dc10d825ddc427a8a9b875c679582259a8c,7be9eab26dd3b5157696b430c91e7dc10d825ddc427a8a9b875c679582259a8c,RGRKQSQSKKAKTTGSKKAHVTG,amp-read,amp_read_log10_mic_um,1.8762399631327233,seqfam80_76ccbba180f03569271d,RGRKQSQFKKNKTKGSKKAHVTG,true,true,"13,16",T13I;S16Q,RGRKQSQSKKAKITGQKKAHVTG,8c7208ab285a4b849b4a7e03c8c9541caaffd39da7d22f9c275755a8033007e3,proposal-8c7208ab285a4b849b4a,44.27826086956524,1,0.17391304347826086,8.028,false,search_prefilter,2522.92,12.2392578125,0.17391304347826086,0.04235280754125184,0.257,0.455,low,0.34,0.34,Non-Toxin,1.3923619234628237,24.680952912722667,1.5648187398910522,1.9795725345611572,1.1072365045547485,0.9177751541137695,0.4838780396698996,true,true,true,1.1439388990402222,13.929608132802048,12,true,true,0,false,not_started,0.856613,0.933251,0.515451,2,true,at_or_above_parent_run_top_quartile_per_independent_model,exact_parent_empirical_cdf
vegfa,25,masked_substitution,autoresearch-amp-read-hybrid-pair-rescue-v1,52a748e7c491c6ac6b75c3d9887a07ff25b5d3b5740429d480f0a841d6251ce9,7be9eab26dd3b5157696b430c91e7dc10d825ddc427a8a9b875c679582259a8c,7be9eab26dd3b5157696b430c91e7dc10d825ddc427a8a9b875c679582259a8c,RGRKQSQSKKAKTTGSKKAHVTG,amp-read,amp_read_log10_mic_um,1.8762399631327233,seqfam80_76ccbba180f03569271d,RGRKQSQFKKNKTKGSKKAHVTG,true,true,"13,16",T13I;S16R,RGRKQSQSKKAKITGRKKAHVTG,d13b3579eba8cd94f32206702c4d22102b5f142548f970e53e076837fa1ac1b7,proposal-d13b3579eba8cd94f322,44.27826086956524,1,0.17391304347826086,9.028,false,search_prefilter,2550.97,12.46484375,0.17391304347826086,0.056066641798989514,0.267,0.426,low,0.37,0.37,Non-Toxin,1.3744180071638095,23.681979844950035,1.5457103252410889,1.8641220331192017,1.0263127088546753,1.061497688293457,0.5018219559689139,true,true,true,1.0504950284957886,11.232981108573572,12,true,true,0,false,not_started,0.864030,0.953028,0.533993,2,true,at_or_above_parent_run_top_quartile_per_independent_model,exact_parent_empirical_cdf
vegfa,25,masked_substitution,autoresearch-amp-read-hybrid-pair-rescue-v1,7338202af2364a5da07f2510345f7b72589dd75da73ae3506ef9d6cb6dc859f8,7be9eab26dd3b5157696b430c91e7dc10d825ddc427a8a9b875c679582259a8c,7be9eab26dd3b5157696b430c91e7dc10d825ddc427a8a9b875c679582259a8c,RGRKQSQSKKAKTTGSKKAHVTG,amp-read,amp_read_log10_mic_um,1.8762399631327233,seqfam80_76ccbba180f03569271d,RGRKQSQFKKNKTKGSKKAHVTG,true,true,"13,16",T13I;S16T,RGRKQSQSKKAKITGTKKAHVTG,c1eb15d97ea9b20eb0497ec7e2c417190b0e25ef3e9e5c4432a4466cd5567bc2,proposal-c1eb15d97ea9b20eb049,40.586956521739154,1,0.17391304347826086,8.028,false,search_prefilter,2495.89,12.2392578125,0.17391304347826086,0.06960215793953534,0.327,0.455,low,0.325,0.325,Non-Toxin,1.2760776478493452,18.88328934720696,1.5389890670776367,1.9029045104980469,1.2323768138885498,0.4299585819244385,0.6001623152833782,true,true,true,1.0549606084823608,11.349078722253012,12,true,true,0,false,not_started,0.903585,0.953028,0.646477,2,true,at_or_above_parent_run_top_quartile_per_independent_model,exact_parent_empirical_cdf
vegfa,25,masked_substitution,autoresearch-amp-read-hybrid-pair-rescue-v1,58099e3d9b091d1e415cbe62cc5a42c7d8069cde98522d226f7466f91152646c,7be9eab26dd3b5157696b430c91e7dc10d825ddc427a8a9b875c679582259a8c,7be9eab26dd3b5157696b430c91e7dc10d825ddc427a8a9b875c679582259a8c,RGRKQSQSKKAKTTGSKKAHVTG,amp-read,amp_read_log10_mic_um,1.8762399631327233,seqfam80_76ccbba180f03569271d,RGRKQSQFKKNKTKGSKKAHVTG,true,true,"13,16",T13K;S16V,RGRKQSQSKKAKKTGVKKAHVTG,2cfd05c8a16ec1772b5dfaf0ab9f4fad09df496b9a5201e7175a21d1b3495d31,proposal-2cfd05c8a16ec1772b5d,46.717391304347835,1,0.17391304347826086,9.028,false,search_prefilter,2508.93,12.25634765625,0.17391304347826086,0.09010347194850979,0.248,0.446,low,0.355,0.355,Non-Toxin,1.3476252994096887,22.265133291796854,1.3855746984481812,1.6539145708084106,0.9949356317520142,1.356076717376709,0.5286146339197286,true,true,true,1.015799641609192,10.37049870525584,12,true,true,0,false,not_started,0.878863,0.959209,0.487021,2,true,at_or_above_parent_run_top_quartile_per_independent_model,exact_parent_empirical_cdf
vegfa,25,masked_substitution,autoresearch-amp-read-hybrid-pair-rescue-v1,893fa10ad5cb63042fad79a7b319d5cbc312ce59d32b98dfb95e2f75c4797195,7be9eab26dd3b5157696b430c91e7dc10d825ddc427a8a9b875c679582259a8c,7be9eab26dd3b5157696b430c91e7dc10d825ddc427a8a9b875c679582259a8c,RGRKQSQSKKAKTTGSKKAHVTG,amp-read,amp_read_log10_mic_um,1.8762399631327233,seqfam80_76ccbba180f03569271d,RGRKQSQFKKNKTKGSKKAHVTG,true,true,"13,16",T13L;S16T,RGRKQSQSKKAKLTGTKKAHVTG,310adfbbc24e263aa05e1d4fc0b4501593aaf3e6919a3423a69e117c2dde66f5,proposal-310adfbbc24e263aa05e,40.586956521739154,1,0.17391304347826086,8.028,false,search_prefilter,2495.89,12.2392578125,0.17391304347826086,0.05889542479355599,0.327,0.446,low,0.38,0.38,Non-Toxin,1.4615470906334018,28.943236321139914,1.7536907196044922,2.028228282928467,1.5546566247940063,0.5095187425613403,0.41469281289270987,true,true,true,1.0382940769195557,10.92179641504218,12,true,true,0,false,not_started,0.813350,0.956737,0.646477,2,true,at_or_above_parent_run_top_quartile_per_independent_model,exact_parent_empirical_cdf
vegfa,25,masked_substitution,autoresearch-amp-read-hybrid-pair-rescue-v1,2804d7dfbc7a5ea53d6236fc0b9125257f5a3dc963a4ee3f628558ea20ea5aed,7be9eab26dd3b5157696b430c91e7dc10d825ddc427a8a9b875c679582259a8c,7be9eab26dd3b5157696b430c91e7dc10d825ddc427a8a9b875c679582259a8c,RGRKQSQSKKAKTTGSKKAHVTG,amp-read,amp_read_log10_mic_um,1.8762399631327233,seqfam80_76ccbba180f03569271d,RGRKQSQFKKNKTKGSKKAHVTG,true,true,"13,16",T13S;S16V,RGRKQSQSKKAKSTGVKKAHVTG,1f5b700183a4e35729484b70a78e4e2736660c9a612d7c9cf57796ae2674d195,proposal-1f5b700183a4e3572948,46.717391304347835,1,0.17391304347826086,8.028,false,search_prefilter,2467.84,12.2392578125,0.17391304347826086,0.08131068916244907,0.356,0.465,low,0.33,0.33,Non-Toxin,1.5247206321559805,33.47500358201206,1.6718287467956543,2.23262882232666,1.3355075120925903,0.8588537573814392,0.351519301173437,true,true,true,1.0154086351394653,10.36116608090784,12,true,true,0,false,not_started,0.754017,0.959209,0.666255,2,true,at_or_above_parent_run_top_quartile_per_independent_model,exact_parent_empirical_cdf
vegfa,25,masked_substitution,autoresearch-amp-read-hybrid-pair-rescue-v1,99c789af217b6b74ebe628d3c89db42a97f516d2835667851e623a050c85891c,7be9eab26dd3b5157696b430c91e7dc10d825ddc427a8a9b875c679582259a8c,7be9eab26dd3b5157696b430c91e7dc10d825ddc427a8a9b875c679582259a8c,RGRKQSQSKKAKTTGSKKAHVTG,amp-read,amp_read_log10_mic_um,1.8762399631327233,seqfam80_76ccbba180f03569271d,RGRKQSQFKKNKTKGSKKAHVTG,true,true,"20,23",H20G;G23W,RGRKQSQSKKAKTTGSKKAGVTW,f64a39180dfef133b85ed5f9a24af57af0fee2af82222cc08ed6d073429fd0f0,proposal-f64a39180dfef133b85e,48.81739130434783,1,0.17391304347826086,7.986,false,search_prefilter,2518.88,12.2392578125,0.13043478260869565,0.06688866845611799,0.465,0.465,low,0.3,0.0,Non-Toxin,1.4516678356133914,28.29227271040851,1.4165648221969604,2.082108497619629,1.22161066532135,1.0863524675369263,0.42457200830610864,true,true,true,0.8697444200515747,7.408741125846029,12,true,true,1,false,not_started,0.815822,0.983931,0.720643,2,true,at_or_above_parent_run_top_quartile_per_independent_model,exact_parent_empirical_cdf
vegfa,25,masked_substitution,autoresearch-amp-read-hybrid-pair-rescue-v1,1ff945c816f88d7fbedfb8747ee10cd6af23ca673af0a598577538ff803cebbe,7be9eab26dd3b5157696b430c91e7dc10d825ddc427a8a9b875c679582259a8c,7be9eab26dd3b5157696b430c91e7dc10d825ddc427a8a9b875c679582259a8c,RGRKQSQSKKAKTTGSKKAHVTG,amp-read,amp_read_log10_mic_um,1.8762399631327233,seqfam80_76ccbba180f03569271d,RGRKQSQFKKNKTKGSKKAHVTG,true,true,"20,23",H20K;G23W,RGRKQSQSKKAKTTGSKKAKVTW,2a983eed833404c9410b62250e35764a3fe574b7dc765f92e86ba40192218f5f,proposal-2a983eed833404c9410b,45.126086956521746,1,0.17391304347826086,8.986,false,search_prefilter,2590.0,12.25634765625,0.13043478260869565,0.05718581595672189,0.416,0.416,low,0.355,0.355,Non-Toxin,1.318435351190082,20.817824892906057,1.2672685384750366,2.090735912322998,1.1102941036224365,0.8053950071334839,0.5578046119426414,true,true,true,0.7973165512084961,6.2707076129708,12,true,true,1,false,not_started,0.887515,0.987639,0.711990,2,true,at_or_above_parent_run_top_quartile_per_independent_model,exact_parent_empirical_cdf
vegfa,25,masked_substitution,autoresearch-amp-read-hybrid-pair-rescue-v1,aa51761ace3e0cf902dededdb47b421c9c81b869bf5630c4c96f454f12fdfb79,7be9eab26dd3b5157696b430c91e7dc10d825ddc427a8a9b875c679582259a8c,7be9eab26dd3b5157696b430c91e7dc10d825ddc427a8a9b875c679582259a8c,RGRKQSQSKKAKTTGSKKAHVTG,amp-read,amp_read_log10_mic_um,1.8762399631327233,seqfam80_76ccbba180f03569271d,RGRKQSQFKKNKTKGSKKAHVTG,true,true,"13,16",T13V;S16N,RGRKQSQSKKAKVTGNKKAHVTG,5c6cd11b1cca4a91b91997ad1d1f625bed175a8cbcd1f9458985ec33e93723dd,proposal-5c6cd11b1cca4a91b919,47.19130434782611,1,0.17391304347826086,8.028,false,search_prefilter,2494.86,12.2392578125,0.17391304347826086,0.031659098850547344,0.267,0.465,low,0.35,0.35,Non-Toxin,1.4037840769717076,25.338685256158342,1.5281976461410522,2.092715263366699,1.2287708520889282,0.7653917074203491,0.4724559159643218,true,true,true,0.9857475757598877,9.677152292994858,12,true,true,1,false,not_started,0.850433,0.967862,0.533993,2,true,at_or_above_parent_run_top_quartile_per_independent_model,exact_parent_empirical_cdf
vegfa,25,masked_substitution,autoresearch-amp-read-hybrid-pair-rescue-v1,360be30682b1eb265ab260c025417b84c5b3e368861cc442bdc8e7326b120d81,7be9eab26dd3b5157696b430c91e7dc10d825ddc427a8a9b875c679582259a8c,7be9eab26dd3b5157696b430c91e7dc10d825ddc427a8a9b875c679582259a8c,RGRKQSQSKKAKTTGSKKAHVTG,amp-read,amp_read_log10_mic_um,1.8762399631327233,seqfam80_76ccbba180f03569271d,RGRKQSQFKKNKTKGSKKAHVTG,true,true,"13,16",T13V;S16Q,RGRKQSQSKKAKVTGQKKAHVTG,930909c4cfff1adc8bef9dcaa11631ed72a8cbb98e150e701ef8ef77e8e6a06c,proposal-930909c4cfff1adc8bef,40.586956521739154,1,0.17391304347826086,8.028,false,search_prefilter,2508.89,12.2392578125,0.17391304347826086,0.029523840854092386,0.257,0.455,low,0.31,0.31,Non-Toxin,1.424021063260439,26.547343133334213,1.6280581951141357,2.0695853233337402,1.0735561847686768,0.9248382449150085,0.45221887007208506,true,true,true,1.1501847505569458,14.131385714030436,12,true,true,0,false,not_started,0.841780,0.933251,0.515451,2,true,at_or_above_parent_run_top_quartile_per_independent_model,exact_parent_empirical_cdf
vegfa,25,masked_substitution,autoresearch-amp-read-hybrid-pair-rescue-v1,ee31f781f51b5ac60259c5d5b507972b34280c62e77367aff821faddb6dc6f03,7be9eab26dd3b5157696b430c91e7dc10d825ddc427a8a9b875c679582259a8c,7be9eab26dd3b5157696b430c91e7dc10d825ddc427a8a9b875c679582259a8c,RGRKQSQSKKAKTTGSKKAHVTG,amp-read,amp_read_log10_mic_um,1.8762399631327233,seqfam80_76ccbba180f03569271d,RGRKQSQFKKNKTKGSKKAHVTG,true,true,"13,16",T13V;S16R,RGRKQSQSKKAKVTGRKKAHVTG,4be0914eac9079b3b1a9cd1681cf53436358665c327dd3244873f42af23aba84,proposal-4be0914eac9079b3b1a9,40.586956521739154,1,0.17391304347826086,9.028,false,search_prefilter,2536.95,12.46484375,0.17391304347826086,0.05618801458538486,0.267,0.416,low,0.36,0.36,Non-Toxin,1.398078378333348,25.007966467008742,1.6159875392913818,1.9534189701080322,0.9882522821426392,1.0346214771270752,0.4781615847993754,true,true,true,1.1866328716278076,15.36854919452365,12,true,true,0,false,not_started,0.854141,0.918418,0.533993,2,true,at_or_above_parent_run_top_quartile_per_independent_model,exact_parent_empirical_cdf
vegfa,25,masked_substitution,autoresearch-amp-read-hybrid-pair-rescue-v1,b884139f431ac9695f9893998c12c75d137c8d8439426d750aca3ce62a351731,7be9eab26dd3b5157696b430c91e7dc10d825ddc427a8a9b875c679582259a8c,7be9eab26dd3b5157696b430c91e7dc10d825ddc427a8a9b875c679582259a8c,RGRKQSQSKKAKTTGSKKAHVTG,amp-read,amp_read_log10_mic_um,1.8762399631327233,seqfam80_76ccbba180f03569271d,RGRKQSQFKKNKTKGSKKAHVTG,true,true,"13,16",T13V;S16T,RGRKQSQSKKAKVTGTKKAHVTG,5d6fe95acadc4ceb50c7a709a14bafbf6703a820a66e2f5c689bb6a336d9dec9,proposal-5d6fe95acadc4ceb50c7,36.895652173913064,1,0.17391304347826086,8.028,false,search_prefilter,2481.87,12.2392578125,0.17391304347826086,0.05889542479355599,0.317,0.455,low,0.345,0.345,Non-Toxin,1.34254533235711,22.0062140205367,1.6333885192871094,2.0062239170074463,1.2076376676559448,0.522852897644043,0.5336946307756134,true,true,true,1.0463505983352661,11.126295712082632,12,true,true,0,false,not_started,0.880099,0.954265,0.631644,2,true,at_or_above_parent_run_top_quartile_per_independent_model,exact_parent_empirical_cdf
vegfa,25,masked_substitution,autoresearch-amp-read-hybrid-pair-rescue-v1,c42283283d22124d904cd0d5eb30c3e194b28795e8f1628ff5ea2f4300668cd2,7be9eab26dd3b5157696b430c91e7dc10d825ddc427a8a9b875c679582259a8c,7be9eab26dd3b5157696b430c91e7dc10d825ddc427a8a9b875c679582259a8c,RGRKQSQSKKAKTTGSKKAHVTG,amp-read,amp_read_log10_mic_um,1.8762399631327233,seqfam80_76ccbba180f03569271d,RGRKQSQFKKNKTKGSKKAHVTG,true,true,"10,13",K10V;T13K,RGRKQSQSKVAKKTGSKKAHVTG,01a41da775b5580f8381fd8c9b2239100ddfe5254b3c89fd70ea8a964e70213e,proposal-01a41da775b5580f8381,44.27826086956524,2,0.17391304347826086,8.028,false,search_prefilter,2467.84,12.2392578125,0.17391304347826086,0.0675756953940311,0.347,0.485,low,0.38,0.38,Non-Toxin,1.4713418192262733,29.6034153952741,1.524281620979309,2.170564651489258,1.4926373958587646,0.6978079080581665,0.40489814390645007,true,true,true,0.9671857357025146,9.2722628755673,12,true,true,1,false,not_started,0.807169,0.974042,0.658838,2,true,at_or_above_parent_run_top_quartile_per_independent_model,exact_parent_empirical_cdf
vegfa,25,masked_substitution,autoresearch-amp-read-hybrid-pair-rescue-v1,df6624381ea3b287e27762f1d543f87b2ec341e842792c4d7b3abeb4e96fb2c0,7be9eab26dd3b5157696b430c91e7dc10d825ddc427a8a9b875c679582259a8c,7be9eab26dd3b5157696b430c91e7dc10d825ddc427a8a9b875c679582259a8c,RGRKQSQSKKAKTTGSKKAHVTG,amp-read,amp_read_log10_mic_um,1.8762399631327233,seqfam80_76ccbba180f03569271d,RGRKQSQFKKNKTKGSKKAHVTG,true,true,"5,8",Q5R;S8F,RGRKRSQFKKAKTTGSKKAHVTG,a9c48011e5afe9c9e05351c3931e5b3773e6a7d7faa1425ddf72a9687fb500e3,proposal-a9c48011e5afe9c9e053,22.94782608695652,1,0.17391304347826086,9.028,false,search_prefilter,2557.96,12.46484375,0.17391304347826086,0.06503097756099151,0.376,0.436,low,0.37,0.37,Non-Toxin,1.3416691831276835,21.961863256751183,1.5340173244476318,1.7774020433425903,1.1727465391159058,0.8824658393859863,0.5345708098083459,true,true,true,1.048919439315796,11.19230249426783,12,true,true,0,false,not_started,0.880099,0.953028,0.681088,2,true,at_or_above_parent_run_top_quartile_per_independent_model,exact_parent_empirical_cdf
vegfa,25,masked_substitution,autoresearch-amp-read-hybrid-pair-rescue-v1,062020d6ac23dae22636d5b006448f7be25c0fd31125f8614890fa72d9e836c9,7be9eab26dd3b5157696b430c91e7dc10d825ddc427a8a9b875c679582259a8c,7be9eab26dd3b5157696b430c91e7dc10d825ddc427a8a9b875c679582259a8c,RGRKQSQSKKAKTTGSKKAHVTG,amp-read,amp_read_log10_mic_um,1.8762399631327233,seqfam80_76ccbba180f03569271d,RGRKQSQFKKNKTKGSKKAHVTG,true,true,"5,8",Q5R;S8L,RGRKRSQLKKAKTTGSKKAHVTG,4ca4700c304acd9143df1dac2a6e64dacde99a39025ccd9a6efd3dfff7e9028a,proposal-4ca4700c304acd9143df,29.069565217391315,1,0.17391304347826086,9.028,false,search_prefilter,2523.95,12.46484375,0.17391304347826086,0.06178501683844261,0.317,0.455,low,0.375,0.375,Non-Toxin,1.4584464787713123,28.737334209793936,1.5569554567337036,1.8408585786819458,1.3225380182266235,1.1133986711502075,0.41779345455810546,true,true,true,1.0681875944137573,11.700046678583664,12,true,true,0,false,not_started,0.815822,0.950556,0.631644,2,true,at_or_above_parent_run_top_quartile_per_independent_model,exact_parent_empirical_cdf
vegfa,25,masked_substitution,autoresearch-amp-read-hybrid-pair-rescue-v1,79065ac760137d8d690ff20ce2cc0c3126b305cb8002e1edd5f8b6b8f67bf58b,7be9eab26dd3b5157696b430c91e7dc10d825ddc427a8a9b875c679582259a8c,7be9eab26dd3b5157696b430c91e7dc10d825ddc427a8a9b875c679582259a8c,RGRKQSQSKKAKTTGSKKAHVTG,amp-read,amp_read_log10_mic_um,1.8762399631327233,seqfam80_76ccbba180f03569271d,RGRKQSQFKKNKTKGSKKAHVTG,true,true,"5,8",Q5R;S8W,RGRKRSQWKKAKTTGSKKAHVTG,9d247745bdc84dd95a95279d3cb0f416668574af4e4457b45e69942060097560,proposal-9d247745bdc84dd95a95,32.7608695652174,1,0.17391304347826086,9.028,false,search_prefilter,2597.0,12.46484375,0.13043478260869565,0.05326755758340463,0.426,0.455,low,0.35,0.35,Non-Toxin,1.2854020271050943,19.29310052249648,1.415621280670166,1.6776927709579468,1.166306972503662,0.8819469213485718,0.5908379062243232,true,true,true,1.024468183517456,10.579574070298683,12,true,true,0,false,not_started,0.899876,0.957973,0.713226,2,true,at_or_above_parent_run_top_quartile_per_independent_model,exact_parent_empirical_cdf
vegfa,25,masked_substitution,autoresearch-amp-read-hybrid-pair-rescue-v1,09104343a8c3c47e23c1f47a68cbe0abbe1650d9d2f163c4369bb0c92e8ae7a3,7be9eab26dd3b5157696b430c91e7dc10d825ddc427a8a9b875c679582259a8c,7be9eab26dd3b5157696b430c91e7dc10d825ddc427a8a9b875c679582259a8c,RGRKQSQSKKAKTTGSKKAHVTG,amp-read,amp_read_log10_mic_um,1.8762399631327233,seqfam80_76ccbba180f03569271d,RGRKQSQFKKNKTKGSKKAHVTG,true,true,"5,8",Q5W;S8T,RGRKWSQTKKAKTTGSKKAHVTG,68daed63d3b9f40b778b12339e4f726c393e9a8dd23f36a942bc56bb84568521,proposal-68daed63d3b9f40b778b,-0.5173913043478259,1,0.17391304347826086,8.028,false,search_prefilter,2541.92,12.2392578125,0.13043478260869565,0.1063333989920379,0.426,0.495,low,0.365,0.365,Non-Toxin,1.4794436302620113,30.160853715811154,1.4702578783035278,1.807910680770874,1.2854424715042114,1.354149341583252,0.3967963924773237,true,true,true,1.0662871599197388,11.64896015890979,12,true,true,0,false,not_started,0.800989,0.950556,0.713226,2,true,at_or_above_parent_run_top_quartile_per_independent_model,exact_parent_empirical_cdf
vegfa,25,masked_substitution,autoresearch-amp-read-hybrid-pair-rescue-v1,7a534aef2b30eb27b59dfdca433e45c811aed7ddf01892e5efd529f4ce7a962b,7be9eab26dd3b5157696b430c91e7dc10d825ddc427a8a9b875c679582259a8c,7be9eab26dd3b5157696b430c91e7dc10d825ddc427a8a9b875c679582259a8c,RGRKQSQSKKAKTTGSKKAHVTG,amp-read,amp_read_log10_mic_um,1.8762399631327233,seqfam80_76ccbba180f03569271d,RGRKQSQFKKNKTKGSKKAHVTG,true,true,"4,7",K4R;Q7F,RGRRQSFSKKAKTTGSKKAHVTG,9c830a78195138610faa910cdc547215d5465bbe45289370b7edcbc216915b62,proposal-9c830a78195138610faa,43.491304347826095,1,0.17391304347826086,8.029,false,search_prefilter,2516.87,12.455078125,0.17391304347826086,0.046223552225933155,0.495,0.436,low,0.35,0.35,Non-Toxin,1.4697122578609527,29.49254548358653,1.323998212814331,2.256556510925293,1.2468401193618774,1.051414966583252,0.40652776487838227,true,true,true,1.1785833835601807,15.086322367197777,12,true,true,0,false,not_started,0.807169,0.920890,0.730532,2,true,at_or_above_parent_run_top_quartile_per_independent_model,exact_parent_empirical_cdf
vegfa,25,masked_substitution,autoresearch-amp-read-hybrid-pair-rescue-v1,ce0682e99e2e6c8865cd14a201e08c4f238e87e07c50d25fb66601ce87dbce03,7be9eab26dd3b5157696b430c91e7dc10d825ddc427a8a9b875c679582259a8c,7be9eab26dd3b5157696b430c91e7dc10d825ddc427a8a9b875c679582259a8c,RGRKQSQSKKAKTTGSKKAHVTG,amp-read,amp_read_log10_mic_um,1.8762399631327233,seqfam80_76ccbba180f03569271d,RGRKQSQFKKNKTKGSKKAHVTG,true,true,"2,5",G2W;Q5A,RWRKASQSKKAKTTGSKKAHVTG,8805d399db0b90194c7ecb8cc7f69342377bf5e555f2c8e76970327e71c4641e,proposal-8805d399db0b90194c7e,47.182608695652185,1,0.21739130434782608,8.028,false,search_prefilter,2541.92,12.2392578125,0.17391304347826086,0.10107081616745903,0.396,0.475,low,0.335,0.335,Non-Toxin,1.3758583053119373,23.760649355152825,1.3687736988067627,1.8460263013839722,0.9159073829650879,1.3727269172668457,0.5003816876240919,true,true,true,1.3872729539871216,24.393434635193344,12,true,true,0,false,not_started,0.862794,0.805933,0.697157,2,true,at_or_above_parent_run_top_quartile_per_independent_model,exact_parent_empirical_cdf
vegfa,25,masked_substitution,autoresearch-amp-read-hybrid-pair-rescue-v1,1a39aad3d05315e8e3ce000acfaee66bee2f182aef5ac3d860526803fa96af6b,7be9eab26dd3b5157696b430c91e7dc10d825ddc427a8a9b875c679582259a8c,7be9eab26dd3b5157696b430c91e7dc10d825ddc427a8a9b875c679582259a8c,RGRKQSQSKKAKTTGSKKAHVTG,amp-read,amp_read_log10_mic_um,1.8762399631327233,seqfam80_76ccbba180f03569271d,RGRKQSQFKKNKTKGSKKAHVTG,true,true,"2,5",G2W;Q5G,RWRKGSQSKKAKTTGSKKAHVTG,f976cf134cc0f899dcb4da162fe86053f796e6f13fb6e209ce08b29c4800b50d,proposal-f976cf134cc0f899dcb4,43.491304347826095,1,0.17391304347826086,8.028,false,search_prefilter,2527.89,12.2392578125,0.13043478260869565,0.09498391760735467,0.465,0.475,low,0.325,0.325,Non-Toxin,1.3393881517761432,21.846816041795233,1.2448856830596924,1.7665746212005615,0.8473097085952759,1.4987993240356445,0.5368517815532741,true,true,true,1.3854960203170776,24.293831801233587,12,true,true,0,false,not_started,0.882571,0.807169,0.720643,2,true,at_or_above_parent_run_top_quartile_per_independent_model,exact_parent_empirical_cdf
vegfa,25,masked_substitution,autoresearch-amp-read-hybrid-pair-rescue-v1,56021d314fa7a23f66dcfcd8f69908630a1f94dc8611a79d14e6541a7cdd0e69,7be9eab26dd3b5157696b430c91e7dc10d825ddc427a8a9b875c679582259a8c,7be9eab26dd3b5157696b430c91e7dc10d825ddc427a8a9b875c679582259a8c,RGRKQSQSKKAKTTGSKKAHVTG,amp-read,amp_read_log10_mic_um,1.8762399631327233,seqfam80_76ccbba180f03569271d,RGRKQSQFKKNKTKGSKKAHVTG,true,true,"2,5",G2W;Q5K,RWRKKSQSKKAKTTGSKKAHVTG,49dabed306496173cb23d6fe79f29e9023d96431d18db236194987a358063c44,proposal-49dabed306496173cb23,47.182608695652185,1,0.17391304347826086,9.028,false,search_prefilter,2599.01,12.25634765625,0.13043478260869565,0.008906268624900798,0.426,0.416,low,0.305,0.305,Non-Toxin,1.3947793229802299,24.81871677300686,1.2545371055603027,1.8560068607330322,0.8264510631561279,1.6421480178833008,0.48146064015249346,true,true,true,1.3102079629898071,20.42715870070618,12,true,true,0,false,not_started,0.855377,0.864030,0.713226,2,true,at_or_above_parent_run_top_quartile_per_independent_model,exact_parent_empirical_cdf
vegfa,25,masked_substitution,autoresearch-amp-read-hybrid-pair-rescue-v1,d0827fa43b4a3eadc78df36dc12795e302a53772ea447780f382b692deba93bc,7be9eab26dd3b5157696b430c91e7dc10d825ddc427a8a9b875c679582259a8c,7be9eab26dd3b5157696b430c91e7dc10d825ddc427a8a9b875c679582259a8c,RGRKQSQSKKAKTTGSKKAHVTG,amp-read,amp_read_log10_mic_um,1.8762399631327233,seqfam80_76ccbba180f03569271d,RGRKQSQFKKNKTKGSKKAHVTG,true,true,"1,4",R1G;K4A,GGRAQSQSKKAKTTGSKKAHVTG,a8eac466d6cfb023f328dac2059a0c5999ee201952f5aa5c08add983a8d6621e,proposal-a8eac466d6cfb023f328,46.74782608695653,1,0.17391304347826086,6.029,false,search_prefilter,2313.58,11.81201171875,0.17391304347826086,0.2178009925621554,0.436,0.495,low,0.295,0.295,Non-Toxin,1.7430450067119598,55.34074568462226,1.514998435974121,2.5573487281799316,1.4196722507476807,1.4801361560821533,0.13319498622406933,true,true,true,1.242695927619934,17.486219578385356,12,true,true,0,false,not_started,0.431397,0.897404,0.714462,1,false,at_or_above_parent_run_top_quartile_per_independent_model,exact_parent_empirical_cdf
vegfa,25,masked_substitution,autoresearch-amp-read-hybrid-pair-rescue-v1,1bef282af72741dde5be8fa27bbd69167f09b32036a2f6f9dfdc33994a1410e7,7be9eab26dd3b5157696b430c91e7dc10d825ddc427a8a9b875c679582259a8c,7be9eab26dd3b5157696b430c91e7dc10d825ddc427a8a9b875c679582259a8c,RGRKQSQSKKAKTTGSKKAHVTG,amp-read,amp_read_log10_mic_um,1.8762399631327233,seqfam80_76ccbba180f03569271d,RGRKQSQFKKNKTKGSKKAHVTG,true,true,"2,5",G2A;Q5A,RARKASQSKKAKTTGSKKAHVTG,39619e56d273eaf0df2b564b08efb6931e4f8a734aa7d1a1f589785f52c631f4,proposal-39619e56d273eaf0df2b,22.27826086956522,1,0.21739130434782608,8.028,false,search_prefilter,2426.79,12.2392578125,0.21739130434782608,0.09717257073369663,0.376,0.475,low,0.31,0.31,Non-Toxin,1.7459269631497691,55.70920528983314,1.6263947486877441,2.35691499710083,1.4508317708969116,1.5495468378067017,0.13031305958956585,true,true,true,1.3316422700881958,21.46062026956016,12,true,true,0,false,not_started,0.427689,0.855377,0.681088,1,false,at_or_above_parent_run_top_quartile_per_independent_model,exact_parent_empirical_cdf
vegfa,25,masked_substitution,autoresearch-amp-read-hybrid-pair-rescue-v1,edc6ceda9e4ece63779f3fe13166e24ad3da330c7602910d5a037cd5c0203d63,7be9eab26dd3b5157696b430c91e7dc10d825ddc427a8a9b875c679582259a8c,7be9eab26dd3b5157696b430c91e7dc10d825ddc427a8a9b875c679582259a8c,RGRKQSQSKKAKTTGSKKAHVTG,amp-read,amp_read_log10_mic_um,1.8762399631327233,seqfam80_76ccbba180f03569271d,RGRKQSQFKKNKTKGSKKAHVTG,true,true,"2,5",G2A;Q5G,RARKGSQSKKAKTTGSKKAHVTG,a669d16f236dab7985645c150ddc4a6613f4ea4ce41a17d03bef0d5c64a14bdd,proposal-a669d16f236dab798564,18.586956521739125,1,0.17391304347826086,8.028,false,search_prefilter,2412.76,12.2392578125,0.17391304347826086,0.09110118978451902,0.356,0.485,low,0.35,0.35,Non-Toxin,1.7047244685494505,50.66691578342283,1.4703705310821533,2.3065054416656494,1.3347119092941284,1.7073101997375488,0.171515434976661,true,true,true,1.2604129314422607,18.21431870790421,12,true,true,0,false,not_started,0.489493,0.891224,0.666255,1,false,at_or_above_parent_run_top_quartile_per_independent_model,exact_parent_empirical_cdf
vegfa,25,masked_substitution,autoresearch-amp-read-hybrid-pair-rescue-v1,aecf9db64833686f6c8c2d73b2e9d87d59a853083ca354430301d20d03f9a71c,7be9eab26dd3b5157696b430c91e7dc10d825ddc427a8a9b875c679582259a8c,7be9eab26dd3b5157696b430c91e7dc10d825ddc427a8a9b875c679582259a8c,RGRKQSQSKKAKTTGSKKAHVTG,amp-read,amp_read_log10_mic_um,1.8762399631327233,seqfam80_76ccbba180f03569271d,RGRKQSQFKKNKTKGSKKAHVTG,true,true,"2,5",G2A;Q5H,RARKHSQSKKAKTTGSKKAHVTG,378a9aa263cfb4c80b6e5ea57c2db90659a62c22aa60768cae682038f354560c,proposal-378a9aa263cfb4c80b6e,22.27826086956522,1,0.17391304347826086,8.07,false,search_prefilter,2492.85,12.2392578125,0.17391304347826086,0.05302007218566033,0.396,0.455,low,0.355,0.355,Non-Toxin,1.7610018855829277,57.67689675533738,1.5485464334487915,2.4625027179718018,1.3560770750045776,1.6768739223480225,0.11523804774649005,true,true,true,1.2563351392745972,18.044096426529993,12,true,true,0,false,not_started,0.405439,0.893696,0.697157,1,false,at_or_above_parent_run_top_quartile_per_independent_model,exact_parent_empirical_cdf
vegfa,25,masked_substitution,autoresearch-amp-read-hybrid-pair-rescue-v1,53b22512711767e51c50cd68e1fbd2e507d8e5b75f3f95f9d0cffa83a8bc4550,7be9eab26dd3b5157696b430c91e7dc10d825ddc427a8a9b875c679582259a8c,7be9eab26dd3b5157696b430c91e7dc10d825ddc427a8a9b875c679582259a8c,RGRKQSQSKKAKTTGSKKAHVTG,amp-read,amp_read_log10_mic_um,1.8762399631327233,seqfam80_76ccbba180f03569271d,RGRKQSQFKKNKTKGSKKAHVTG,true,true,"2,5",G2A;Q5K,RARKKSQSKKAKTTGSKKAHVTG,74a9fbbdc16c8e77ef57caeaf7c9d77ae4a6ad7813d002a6ad200d1000b118e7,proposal-74a9fbbdc16c8e77ef57,22.27826086956522,1,0.17391304347826086,9.028,false,search_prefilter,2483.88,12.25634765625,0.17391304347826086,0.00824359848765908,0.386,0.446,low,0.31,0.31,Non-Toxin,1.7822062951309001,60.56284872942199,1.4109785556793213,2.354504346847534,1.466384768486023,1.8969674110412598,0.09403372760843487,true,true,true,1.1459898948669434,13.995547574533955,12,true,true,0,false,not_started,0.373300,0.933251,0.686032,1,false,at_or_above_parent_run_top_quartile_per_independent_model,exact_parent_empirical_cdf
vegfa,25,masked_substitution,autoresearch-amp-read-hybrid-pair-rescue-v1,aa1c493e1ade654509d20dd2cc7c98e656bdf67d3fd7b6bb487326c412797d22,7be9eab26dd3b5157696b430c91e7dc10d825ddc427a8a9b875c679582259a8c,7be9eab26dd3b5157696b430c91e7dc10d825ddc427a8a9b875c679582259a8c,RGRKQSQSKKAKTTGSKKAHVTG,amp-read,amp_read_log10_mic_um,1.8762399631327233,seqfam80_76ccbba180f03569271d,RGRKQSQFKKNKTKGSKKAHVTG,true,true,"2,5",G2A;Q5W,RARKWSQSKKAKTTGSKKAHVTG,359d96533a0f593f8ad1f2431c601e6447c0b9c6a1aa68b169ae08e928157b94,proposal-359d96533a0f593f8ad1,22.27826086956522,1,0.21739130434782608,8.028,false,search_prefilter,2541.92,12.2392578125,0.17391304347826086,0.10541517546410165,0.356,0.495,low,0.38,0.38,Non-Toxin,1.5379121258792652,34.507391083072385,1.5305967330932617,2.093702793121338,1.174438238143921,1.3528934717178345,0.3383278074501521,true,true,true,1.1914976835250854,15.541670010082505,12,true,true,0,false,not_started,0.736712,0.915946,0.666255,1,false,at_or_above_parent_run_top_quartile_per_independent_model,exact_parent_empirical_cdf
vegfa,25,masked_substitution,autoresearch-amp-read-hybrid-pair-rescue-v1,36444d1b78500a83d0dbf512806d746c9a0bf6747bcf71b5adf0433b1c7ecc73,7be9eab26dd3b5157696b430c91e7dc10d825ddc427a8a9b875c679582259a8c,7be9eab26dd3b5157696b430c91e7dc10d825ddc427a8a9b875c679582259a8c,RGRKQSQSKKAKTTGSKKAHVTG,amp-read,amp_read_log10_mic_um,1.8762399631327233,seqfam80_76ccbba180f03569271d,RGRKQSQFKKNKTKGSKKAHVTG,true,true,"2,5",G2F;Q5A,RFRKASQSKKAKTTGSKKAHVTG,7863ad62731de5d6e2d28bd3d803aedabd932f25562ee1199565266f385da650,proposal-7863ad62731de5d6e2d2,22.27826086956522,1,0.21739130434782608,8.028,false,search_prefilter,2502.88,12.2392578125,0.21739130434782608,0.11058564842175014,0.406,0.485,low,0.36,0.36,Non-Toxin,1.5154249825384225,32.76611736624176,1.42987060546875,2.039293050765991,1.3323737382888794,1.2601368427276611,0.36081498059430084,true,true,true,1.5824042558670044,38.22999628944908,12,true,true,0,false,not_started,0.762670,0.595797,0.703337,1,false,at_or_above_parent_run_top_quartile_per_independent_model,exact_parent_empirical_cdf
vegfa,25,masked_substitution,autoresearch-amp-read-hybrid-pair-rescue-v1,d26675101072dc62841174932f1ae82769c6c83b2f9a2ed9c8c9a0f303024fac,7be9eab26dd3b5157696b430c91e7dc10d825ddc427a8a9b875c679582259a8c,7be9eab26dd3b5157696b430c91e7dc10d825ddc427a8a9b875c679582259a8c,RGRKQSQSKKAKTTGSKKAHVTG,amp-read,amp_read_log10_mic_um,1.8762399631327233,seqfam80_76ccbba180f03569271d,RGRKQSQFKKNKTKGSKKAHVTG,true,true,"2,5",G2F;Q5G,RFRKGSQSKKAKTTGSKKAHVTG,0ef115b9c7c3f6a9e10a3e876161f3e49bf011e61c0110c02d8411d4a575fac0,proposal-0ef115b9c7c3f6a9e10a,18.586956521739125,1,0.17391304347826086,8.028,false,search_prefilter,2488.86,12.2392578125,0.17391304347826086,0.10455910648794471,0.475,0.475,low,0.34,0.34,Non-Toxin,1.4763725958706546,29.94832902815245,1.2448577880859375,1.9412784576416016,1.2868012189865112,1.4325472116470337,0.39986736726206873,true,true,true,1.5105143785476685,32.39771484374853,12,true,true,0,false,not_started,0.804697,0.689740,0.723115,1,false,at_or_above_parent_run_top_quartile_per_independent_model,exact_parent_empirical_cdf
vegfa,25,masked_substitution,autoresearch-amp-read-hybrid-pair-rescue-v1,58aca992d4703d42bd92af0207245e274dce2fac51caf0a7018589371d0b827a,7be9eab26dd3b5157696b430c91e7dc10d825ddc427a8a9b875c679582259a8c,7be9eab26dd3b5157696b430c91e7dc10d825ddc427a8a9b875c679582259a8c,RGRKQSQSKKAKTTGSKKAHVTG,amp-read,amp_read_log10_mic_um,1.8762399631327233,seqfam80_76ccbba180f03569271d,RGRKQSQFKKNKTKGSKKAHVTG,true,true,"4,7",K4F;Q7R,RGRFQSRSKKAKTTGSKKAHVTG,f49e5fffaf41a7f09f447133349ea7dacffc074886fde37f7110755919e96643,proposal-f49e5fffaf41a7f09f44,37.69130434782609,1,0.17391304347826086,8.029,false,search_prefilter,2516.87,12.455078125,0.17391304347826086,0.12866246042396645,0.485,0.436,low,0.37,0.37,Non-Toxin,1.6820259668856632,48.086809915733205,1.444604516029358,2.468733787536621,1.3895374536514282,1.4252040386199951,0.19421399624706015,true,true,true,0.7382684946060181,5.473542500494008,12,true,true,1,false,not_started,0.538937,0.988875,0.726823,1,false,at_or_above_parent_run_top_quartile_per_independent_model,exact_parent_empirical_cdf
vegfa,25,masked_substitution,autoresearch-amp-read-hybrid-pair-rescue-v1,51f254e05c4d8369df9ab9b55dc956a67966fb37724c0a97d112a264676cd172,7be9eab26dd3b5157696b430c91e7dc10d825ddc427a8a9b875c679582259a8c,7be9eab26dd3b5157696b430c91e7dc10d825ddc427a8a9b875c679582259a8c,RGRKQSQSKKAKTTGSKKAHVTG,amp-read,amp_read_log10_mic_um,1.8762399631327233,seqfam80_76ccbba180f03569271d,RGRKQSQFKKNKTKGSKKAHVTG,true,true,"4,7",K4H;Q7A,RGRHQSASKKAKTTGSKKAHVTG,3def4f7a763f96dbed8336685b363d6e469e96a2a7080ed4871b6dd1260b81a7,proposal-3def4f7a763f96dbed83,18.586956521739125,1,0.17391304347826086,7.071,false,search_prefilter,2421.73,12.220703125,0.17391304347826086,0.08959415049573041,0.347,0.495,low,0.355,0.355,Non-Toxin,1.6029237759569432,40.079636674345615,1.4306491613388062,2.315063953399658,1.2631733417510986,1.4027903079986572,0.27331624678239197,true,true,true,1.0890846252441406,12.276784293746138,12,true,true,0,false,not_started,0.655130,0.949320,0.658838,1,false,at_or_above_parent_run_top_quartile_per_independent_model,exact_parent_empirical_cdf
vegfa,25,masked_substitution,autoresearch-amp-read-hybrid-pair-rescue-v1,4786ec5c2b842b6c595330c28c9d4f26c2ffc635cc70d8692e20b29501cc7468,7be9eab26dd3b5157696b430c91e7dc10d825ddc427a8a9b875c679582259a8c,7be9eab26dd3b5157696b430c91e7dc10d825ddc427a8a9b875c679582259a8c,RGRKQSQSKKAKTTGSKKAHVTG,amp-read,amp_read_log10_mic_um,1.8762399631327233,seqfam80_76ccbba180f03569271d,RGRKQSQFKKNKTKGSKKAHVTG,true,true,"4,7",K4H;Q7V,RGRHQSVSKKAKTTGSKKAHVTG,e87b318fda2ef7b15561c089e1066b5054c99ddf8aede076d30ea884d5377b95,proposal-e87b318fda2ef7b15561,18.586956521739125,1,0.17391304347826086,7.071,false,search_prefilter,2449.78,12.220703125,0.17391304347826086,0.10546906602994656,0.327,0.495,low,0.365,0.365,Non-Toxin,1.5420633104144563,34.838809852101384,1.1758849620819092,2.3339781761169434,1.3580538034439087,1.3003132343292236,0.334176652718267,true,true,true,1.112962245941162,12.97066509583732,12,true,true,0,false,not_started,0.729295,0.945612,0.646477,1,false,at_or_above_parent_run_top_quartile_per_independent_model,exact_parent_empirical_cdf
vegfa,25,masked_substitution,autoresearch-amp-read-hybrid-pair-rescue-v1,4b34911e3d9cde93f714c7277bf90f4e985fdfb433f66a61eb76f7a59c72698b,7be9eab26dd3b5157696b430c91e7dc10d825ddc427a8a9b875c679582259a8c,7be9eab26dd3b5157696b430c91e7dc10d825ddc427a8a9b875c679582259a8c,RGRKQSQSKKAKTTGSKKAHVTG,amp-read,amp_read_log10_mic_um,1.8762399631327233,seqfam80_76ccbba180f03569271d,RGRKQSQFKKNKTKGSKKAHVTG,true,true,"5,8",Q5A;S8H,RGRKASQHKKAKTTGSKKAHVTG,1f26572ba4cdd113d48db8d61f205d5a7fea80fd5205ee77fbb25b8ac7b30234,proposal-1f26572ba4cdd113d48d,9.778260869565214,1,0.17391304347826086,8.07,false,search_prefilter,2462.82,12.2392578125,0.17391304347826086,0.08919076251137101,0.386,0.495,low,0.325,0.325,Non-Toxin,1.623193125267775,41.99456870157121,1.430530071258545,2.0187506675720215,1.46773099899292,1.5757534503936768,0.2530467186517247,true,true,true,1.0046663284301758,10.108025489885536,12,true,true,0,false,not_started,0.627936,0.961681,0.686032,1,false,at_or_above_parent_run_top_quartile_per_independent_model,exact_parent_empirical_cdf
vegfa,25,masked_substitution,autoresearch-amp-read-hybrid-pair-rescue-v1,9a94fa3cd470363932b04ab02dea20e42c93edbefa006377cf8a34cefa154c7c,7be9eab26dd3b5157696b430c91e7dc10d825ddc427a8a9b875c679582259a8c,7be9eab26dd3b5157696b430c91e7dc10d825ddc427a8a9b875c679582259a8c,RGRKQSQSKKAKTTGSKKAHVTG,amp-read,amp_read_log10_mic_um,1.8762399631327233,seqfam80_76ccbba180f03569271d,RGRKQSQFKKNKTKGSKKAHVTG,true,true,"5,8",Q5A;S8N,RGRKASQNKKAKTTGSKKAHVTG,27d1b03ebcdb885170a6ee479ec270c58e7c6a52ff441505510ca3cfca0034c5,proposal-27d1b03ebcdb885170a6,9.778260869565214,1,0.17391304347826086,8.028,false,search_prefilter,2439.79,12.2392578125,0.17391304347826086,0.08154362177197809,0.386,0.485,low,0.34,0.34,Non-Toxin,1.7028058737910376,50.44357683514589,1.5921721458435059,2.125551462173462,1.4228342771530151,1.6706607341766357,0.173434208554909,true,true,true,1.0186383724212646,10.43850665473422,12,true,true,0,false,not_started,0.494438,0.959209,0.686032,1,false,at_or_above_parent_run_top_quartile_per_independent_model,exact_parent_empirical_cdf
vegfa,25,masked_substitution,autoresearch-amp-read-hybrid-pair-rescue-v1,946e3c2a2491e3007868bf7290a8eccad6c5201f9c0b54ddf57b3c46c2e73402,7be9eab26dd3b5157696b430c91e7dc10d825ddc427a8a9b875c679582259a8c,7be9eab26dd3b5157696b430c91e7dc10d825ddc427a8a9b875c679582259a8c,RGRKQSQSKKAKTTGSKKAHVTG,amp-read,amp_read_log10_mic_um,1.8762399631327233,seqfam80_76ccbba180f03569271d,RGRKQSQFKKNKTKGSKKAHVTG,true,true,"5,8",Q5A;S8Q,RGRKASQQKKAKTTGSKKAHVTG,6aec38b76480bbe002e7997e81169c6f8afa168262515a0b9c9919193ab887bf,proposal-6aec38b76480bbe002e7,7.856521739130431,1,0.17391304347826086,8.028,false,search_prefilter,2453.81,12.2392578125,0.17391304347826086,0.08042635016437495,0.386,0.495,low,0.31,0.31,Non-Toxin,1.8376944674724673,68.8167989748007,1.6732165813446045,2.1909053325653076,1.6422423124313354,1.84441077709198,0.03854543605364413,true,true,true,0.9350706338882446,8.611337960598814,12,true,true,1,false,not_started,0.295426,0.978986,0.686032,1,false,at_or_above_parent_run_top_quartile_per_independent_model,exact_parent_empirical_cdf
vegfa,25,masked_substitution,autoresearch-amp-read-hybrid-pair-rescue-v1,d1fa272af97768b9fda48fd587d1226480a0be012676d5adf119ec7b103aded4,7be9eab26dd3b5157696b430c91e7dc10d825ddc427a8a9b875c679582259a8c,7be9eab26dd3b5157696b430c91e7dc10d825ddc427a8a9b875c679582259a8c,RGRKQSQSKKAKTTGSKKAHVTG,amp-read,amp_read_log10_mic_um,1.8762399631327233,seqfam80_76ccbba180f03569271d,RGRKQSQFKKNKTKGSKKAHVTG,true,true,"5,8",Q5A;S8R,RGRKASQRKKAKTTGSKKAHVTG,6a646279197bb750d8304fbff992e540bd55c690225c4bee68ca62e7f5fcef3f,proposal-6a646279197bb750d830,-0.5173913043478259,1,0.17391304347826086,9.028,false,search_prefilter,2481.87,12.46484375,0.17391304347826086,0.08699222086599627,0.426,0.446,low,0.375,0.375,Non-Toxin,1.7814356198591517,60.45547250543579,1.6060391664505005,2.0954229831695557,1.5395240783691406,1.8847630023956299,0.09480431347026563,true,true,true,0.9099586009979248,8.127530370115373,12,true,true,1,false,not_started,0.375773,0.978986,0.713226,1,false,at_or_above_parent_run_top_quartile_per_independent_model,exact_parent_empirical_cdf
vegfa,25,masked_substitution,autoresearch-amp-read-hybrid-pair-rescue-v1,0f629efabf29dcbaed1ed75fff17e56ae6a1bdcf8c0389cc865d6149afbc2507,7be9eab26dd3b5157696b430c91e7dc10d825ddc427a8a9b875c679582259a8c,7be9eab26dd3b5157696b430c91e7dc10d825ddc427a8a9b875c679582259a8c,RGRKQSQSKKAKTTGSKKAHVTG,amp-read,amp_read_log10_mic_um,1.8762399631327233,seqfam80_76ccbba180f03569271d,RGRKQSQFKKNKTKGSKKAHVTG,true,true,"5,8",Q5A;S8T,RGRKASQTKKAKTTGSKKAHVTG,002753d6af5fc63522d0aaf64a3d76c16a72f31538e6d017c404cac0bb269862,proposal-002753d6af5fc63522d0,-0.5173913043478259,1,0.17391304347826086,8.028,false,search_prefilter,2426.79,12.2392578125,0.17391304347826086,0.09818621445237369,0.366,0.495,low,0.315,0.315,Non-Toxin,1.7673681547785867,58.52860253815742,1.6188156604766846,2.12428617477417,1.6615175008773804,1.664839506149292,0.10887186796074833,true,true,true,0.9563902616500854,9.044618677286413,12,true,true,1,false,not_started,0.398022,0.976514,0.669963,1,false,at_or_above_parent_run_top_quartile_per_independent_model,exact_parent_empirical_cdf
vegfa,25,masked_substitution,autoresearch-amp-read-hybrid-pair-rescue-v1,5495a6f619db754390a52aceff2b4ef65841f11bccd74d93b0e513b7ea5dc10a,7be9eab26dd3b5157696b430c91e7dc10d825ddc427a8a9b875c679582259a8c,7be9eab26dd3b5157696b430c91e7dc10d825ddc427a8a9b875c679582259a8c,RGRKQSQSKKAKTTGSKKAHVTG,amp-read,amp_read_log10_mic_um,1.8762399631327233,seqfam80_76ccbba180f03569271d,RGRKQSQFKKNKTKGSKKAHVTG,true,true,"5,8",Q5F;S8Q,RGRKFSQQKKAKTTGSKKAHVTG,9cf3e4e495e1f7544c5e520fb0b1394f4d8390b309fa54ce81f77a1874e57490,proposal-9cf3e4e495e1f7544c5e,7.856521739130431,1,0.17391304347826086,8.028,false,search_prefilter,2529.91,12.2392578125,0.17391304347826086,0.1053819023007219,0.406,0.495,low,0.355,0.355,Non-Toxin,1.623796703824352,42.05297295009661,1.5624382495880127,2.010749101638794,1.3328734636306763,1.5891211032867432,0.2524432593083714,true,true,true,1.1512168645858765,14.165009319387515,12,true,true,0,false,not_started,0.627936,0.933251,0.703337,1,false,at_or_above_parent_run_top_quartile_per_independent_model,exact_parent_empirical_cdf
vegfa,25,masked_substitution,autoresearch-amp-read-hybrid-pair-rescue-v1,1b8945cf4fdc2d42f2035a87a931d394c4a1ad7aecae76144b1dfaafec38fcd9,7be9eab26dd3b5157696b430c91e7dc10d825ddc427a8a9b875c679582259a8c,7be9eab26dd3b5157696b430c91e7dc10d825ddc427a8a9b875c679582259a8c,RGRKQSQSKKAKTTGSKKAHVTG,amp-read,amp_read_log10_mic_um,1.8762399631327233,seqfam80_76ccbba180f03569271d,RGRKQSQFKKNKTKGSKKAHVTG,true,true,"5,8",Q5I;S8R,RGRKISQRKKAKTTGSKKAHVTG,3302e55a8a3fe028859116845578770ba149869694d7ea3629fba281d757ef6e,proposal-3302e55a8a3fe0288591,-4.208695652173913,1,0.17391304347826086,9.028,false,search_prefilter,2523.95,12.46484375,0.17391304347826086,0.10800715359834455,0.347,0.446,low,0.365,0.365,Non-Toxin,1.6551796258933176,45.20428724121011,1.410874843597412,1.937095046043396,1.422444224357605,1.8503201007843018,0.22106030743920657,true,true,true,0.9468187093734741,8.847462068493092,12,true,true,1,false,not_started,0.572311,0.976514,0.658838,1,false,at_or_above_parent_run_top_quartile_per_independent_model,exact_parent_empirical_cdf
vegfa,25,masked_substitution,autoresearch-amp-read-hybrid-pair-rescue-v1,d0c9c025c5b7c6ef2fad80cc2434b8fe078b12c1928e4a3c37ad72d6b09e029d,7be9eab26dd3b5157696b430c91e7dc10d825ddc427a8a9b875c679582259a8c,7be9eab26dd3b5157696b430c91e7dc10d825ddc427a8a9b875c679582259a8c,RGRKQSQSKKAKTTGSKKAHVTG,amp-read,amp_read_log10_mic_um,1.8762399631327233,seqfam80_76ccbba180f03569271d,RGRKQSQFKKNKTKGSKKAHVTG,true,true,"5,8",Q5L;S8H,RGRKLSQHKKAKTTGSKKAHVTG,49841602b28e51a28307240b42047db93e64ee31a39006aacec31edc806b1098,proposal-49841602b28e51a28307,6.086956521739128,1,0.17391304347826086,8.07,false,search_prefilter,2504.9,12.2392578125,0.17391304347826086,0.11004565542087026,0.347,0.495,low,0.35,0.35,Non-Toxin,1.5481865112618074,35.33348797219355,1.4283545017242432,1.924180030822754,1.6326414346694946,1.2075328826904297,0.3280533922643041,true,true,true,1.0834715366363525,12.119132582050373,12,true,true,0,false,not_started,0.721879,0.949320,0.658838,1,false,at_or_above_parent_run_top_quartile_per_independent_model,exact_parent_empirical_cdf
vegfa,25,masked_substitution,autoresearch-amp-read-hybrid-pair-rescue-v1,c7c703dad9aa60d1715f6972b10fdb42d8afc5e6f1c0b5514eabc6bcabfc235c,7be9eab26dd3b5157696b430c91e7dc10d825ddc427a8a9b875c679582259a8c,7be9eab26dd3b5157696b430c91e7dc10d825ddc427a8a9b875c679582259a8c,RGRKQSQSKKAKTTGSKKAHVTG,amp-read,amp_read_log10_mic_um,1.8762399631327233,seqfam80_76ccbba180f03569271d,RGRKQSQFKKNKTKGSKKAHVTG,true,true,"6,9",S6I;K9R,RGRKQIQSRKAKTTGSKKAHVTG,b7153511f3a12a9effbf0646dd72de839ef9d8a646d2f97b0ad87ec97211eacc,proposal-b7153511f3a12a9effbf,28.86521739130436,1,0.17391304347826086,8.029,false,search_prefilter,2523.9,12.455078125,0.17391304347826086,0.03162739756658942,0.347,0.475,low,0.37,0.37,Non-Toxin,1.81119155151759,64.74281098009135,1.7859076261520386,2.1372125148773193,1.9268842935562134,1.3947157859802246,0.0650484116151333,true,true,true,1.1147338151931763,13.02368295098937,12,true,true,0,false,not_started,0.331273,0.945612,0.658838,1,false,at_or_above_parent_run_top_quartile_per_independent_model,exact_parent_empirical_cdf
vegfa,25,masked_substitution,autoresearch-amp-read-hybrid-pair-rescue-v1,208385488f2502f0f9dd3ac981078384b9a2f7c751b974da9249058a4f96ccd6,7be9eab26dd3b5157696b430c91e7dc10d825ddc427a8a9b875c679582259a8c,7be9eab26dd3b5157696b430c91e7dc10d825ddc427a8a9b875c679582259a8c,RGRKQSQSKKAKTTGSKKAHVTG,amp-read,amp_read_log10_mic_um,1.8762399631327233,seqfam80_76ccbba180f03569271d,RGRKQSQFKKNKTKGSKKAHVTG,true,true,"6,9",S6L;K9H,RGRKQLQSHKAKTTGSKKAHVTG,35e752a19de3d601dc35b58633f595c9b85c7e746d85e9c123617634cb93f50c,proposal-35e752a19de3d601dc35,44.9608695652174,1,0.17391304347826086,7.071,false,search_prefilter,2504.86,12.220703125,0.17391304347826086,0.09302520648415508,0.356,0.495,low,0.31,0.31,Non-Toxin,1.7623255709324563,57.8529582348986,1.3879871368408203,2.217895030975342,2.6592161655426025,0.7840982675552368,0.11391445180687887,true,true,true,0.9488201141357422,8.888328847902939,12,true,true,1,false,not_started,0.404203,0.976514,0.666255,1,false,at_or_above_parent_run_top_quartile_per_independent_model,exact_parent_empirical_cdf
vegfa,25,masked_substitution,autoresearch-amp-read-hybrid-pair-rescue-v1,1e5ad44946f2db785c70f7836242b25397d109c9621bc794669d22a483610ca2,7be9eab26dd3b5157696b430c91e7dc10d825ddc427a8a9b875c679582259a8c,7be9eab26dd3b5157696b430c91e7dc10d825ddc427a8a9b875c679582259a8c,RGRKQSQSKKAKTTGSKKAHVTG,amp-read,amp_read_log10_mic_um,1.8762399631327233,seqfam80_76ccbba180f03569271d,RGRKQSQFKKNKTKGSKKAHVTG,true,true,"6,9",S6Q;K9W,RGRKQQQSWKAKTTGSKKAHVTG,58ee209c36c025e27ebb7e7c102662552745df9f44defb79655aff29a3a1d7fd,proposal-58ee209c36c025e27ebb,37.239130434782616,1,0.17391304347826086,7.029,false,search_prefilter,2568.9,12.220703125,0.13043478260869565,0.11449526458539393,0.406,0.495,low,0.325,0.325,Non-Toxin,1.6558615514833075,45.27532239255984,1.5428118705749512,2.291938543319702,2.2638027667999268,0.5247768759727478,0.2203780540097453,true,true,true,1.0186822414398193,10.439561123971288,12,true,true,0,false,not_started,0.567367,0.959209,0.703337,1,false,at_or_above_parent_run_top_quartile_per_independent_model,exact_parent_empirical_cdf
vegfa,25,masked_substitution,autoresearch-amp-read-hybrid-pair-rescue-v1,28b2f7544fb049b058d4f222311dc769f737fd6741647559821b07c7408926ba,7be9eab26dd3b5157696b430c91e7dc10d825ddc427a8a9b875c679582259a8c,7be9eab26dd3b5157696b430c91e7dc10d825ddc427a8a9b875c679582259a8c,RGRKQSQSKKAKTTGSKKAHVTG,amp-read,amp_read_log10_mic_um,1.8762399631327233,seqfam80_76ccbba180f03569271d,RGRKQSQFKKNKTKGSKKAHVTG,true,true,"10,13",K10A;T13A,RGRKQSQSKAAKATGSKKAHVTG,ab4150606568df7d1501748d67b4878e1b968abfd89b854eaf8779451d87c8f5,proposal-ab4150606568df7d1501,47.96956521739131,2,0.21739130434782608,7.029,false,search_prefilter,2382.69,12.220703125,0.21739130434782608,0.08385508893809272,0.376,0.495,low,0.375,0.375,Non-Toxin,1.708054338631667,51.05688780116239,1.5094910860061646,2.177556276321411,1.884348750114441,1.260772943496704,0.1681856543043625,true,true,true,0.9794951677322388,9.538831292037273,12,true,true,1,false,not_started,0.489493,0.967862,0.681088,1,false,at_or_above_parent_run_top_quartile_per_independent_model,exact_parent_empirical_cdf
vegfa,25,masked_substitution,autoresearch-amp-read-hybrid-pair-rescue-v1,a3f24b0ece7e1a53f6d1b8ea5b325695a3f9d7ca5ff9caab32c92dc32ff19e32,7be9eab26dd3b5157696b430c91e7dc10d825ddc427a8a9b875c679582259a8c,7be9eab26dd3b5157696b430c91e7dc10d825ddc427a8a9b875c679582259a8c,RGRKQSQSKKAKTTGSKKAHVTG,amp-read,amp_read_log10_mic_um,1.8762399631327233,seqfam80_76ccbba180f03569271d,RGRKQSQFKKNKTKGSKKAHVTG,true,true,"13,16",T13A;S16Q,RGRKQSQSKKAKATGQKKAHVTG,4c5f45bd2fddc4f4d8624e6dbadc8d78e40ed9d11d96a710de3f5949a4e2e2bd,proposal-4c5f45bd2fddc4f4d862,47.96956521739131,1,0.17391304347826086,8.028,false,search_prefilter,2480.84,12.2392578125,0.17391304347826086,0.010200129744757874,0.366,0.436,low,0.345,0.345,Non-Toxin,1.6733535359849274,47.136088002407284,1.6359902620315552,2.0891010761260986,1.137656331062317,1.8306820392608643,0.20288645695110197,true,true,true,1.2868766784667969,19.35872178872889,12,true,true,0,false,not_started,0.553770,0.880099,0.669963,1,false,at_or_above_parent_run_top_quartile_per_independent_model,exact_parent_empirical_cdf
vegfa,25,masked_substitution,autoresearch-amp-read-hybrid-pair-rescue-v1,e149662ce122ba12d07fe7585a117277c5416aede2141def2929df79cddde063,7be9eab26dd3b5157696b430c91e7dc10d825ddc427a8a9b875c679582259a8c,7be9eab26dd3b5157696b430c91e7dc10d825ddc427a8a9b875c679582259a8c,RGRKQSQSKKAKTTGSKKAHVTG,amp-read,amp_read_log10_mic_um,1.8762399631327233,seqfam80_76ccbba180f03569271d,RGRKQSQFKKNKTKGSKKAHVTG,true,true,"13,16",T13L;S16Q,RGRKQSQSKKAKLTGQKKAHVTG,aa85bbb322d8662385b87e35ece8c08c86b45646e3c5abc1adc1fa41ded21ec7,proposal-aa85bbb322d8662385b8,44.27826086956524,1,0.17391304347826086,8.028,false,search_prefilter,2522.92,12.2392578125,0.17391304347826086,0.029523840854092386,0.257,0.475,low,0.335,0.335,Non-Toxin,1.5957678448711992,39.42464985356456,1.7709754705429077,2.1142377853393555,1.3563494682312012,1.1414642333984375,0.28047214806483,true,true,true,1.214926838874817,16.403134231894665,12,true,true,0,false,not_started,0.663782,0.908529,0.515451,1,false,at_or_above_parent_run_top_quartile_per_independent_model,exact_parent_empirical_cdf
vegfa,25,masked_substitution,autoresearch-amp-read-hybrid-pair-rescue-v1,e8189f20e12bc067c8437a7bb86b73bf743c3d648fb87eec9e22c16704eca7d4,7be9eab26dd3b5157696b430c91e7dc10d825ddc427a8a9b875c679582259a8c,7be9eab26dd3b5157696b430c91e7dc10d825ddc427a8a9b875c679582259a8c,RGRKQSQSKKAKTTGSKKAHVTG,amp-read,amp_read_log10_mic_um,1.8762399631327233,seqfam80_76ccbba180f03569271d,RGRKQSQFKKNKTKGSKKAHVTG,true,true,"13,16",T13N;S16A,RGRKQSQSKKAKNTGAKKAHVTG,59ab115e436ca73e10e5048d93007bf3c680e8f34663fac947a5c8fc8d58c7ac,proposal-59ab115e436ca73e10e5,40.586956521739154,1,0.17391304347826086,8.028,false,search_prefilter,2466.81,12.2392578125,0.17391304347826086,0.06519373755616117,0.356,0.475,low,0.38,0.38,Non-Toxin,1.7595820017064023,57.48863562870485,1.6266708374023438,2.156486988067627,1.3893214464187622,1.865857481956482,0.1166580806395443,true,true,true,1.0798206329345703,12.017679923950618,12,true,true,0,false,not_started,0.407911,0.950556,0.666255,1,false,at_or_above_parent_run_top_quartile_per_independent_model,exact_parent_empirical_cdf
vegfa,25,masked_substitution,autoresearch-amp-read-hybrid-pair-rescue-v1,bff165a47d3ab10415770e8a7ad0bd6980a225be9c1341fac2a04bcb650511ee,7be9eab26dd3b5157696b430c91e7dc10d825ddc427a8a9b875c679582259a8c,7be9eab26dd3b5157696b430c91e7dc10d825ddc427a8a9b875c679582259a8c,RGRKQSQSKKAKTTGSKKAHVTG,amp-read,amp_read_log10_mic_um,1.8762399631327233,seqfam80_76ccbba180f03569271d,RGRKQSQFKKNKTKGSKKAHVTG,true,true,"13,16",T13N;S16V,RGRKQSQSKKAKNTGVKKAHVTG,4d1c80b72fa61610b385ab4bc0d9169a66ffc774a5a01df41915b800990a05e1,proposal-4d1c80b72fa61610b385,43.02608695652176,1,0.17391304347826086,8.028,false,search_prefilter,2494.86,12.2392578125,0.17391304347826086,0.08049774731508054,0.267,0.485,low,0.33,0.33,Non-Toxin,1.6998586285621953,50.10241138274284,1.579325795173645,2.1000614166259766,1.4425276517868042,1.6775153875350952,0.17638139417713994,true,true,true,1.0766431093215942,11.930073225238548,12,true,true,0,false,not_started,0.505562,0.950556,0.533993,1,false,at_or_above_parent_run_top_quartile_per_independent_model,exact_parent_empirical_cdf
vegfa,25,masked_substitution,autoresearch-amp-read-hybrid-pair-rescue-v1,3c1f73a7940d4b2821b099ce0d17308b10c72271af7351af0edf1a4d24ebe9f2,7be9eab26dd3b5157696b430c91e7dc10d825ddc427a8a9b875c679582259a8c,7be9eab26dd3b5157696b430c91e7dc10d825ddc427a8a9b875c679582259a8c,RGRKQSQSKKAKTTGSKKAHVTG,amp-read,amp_read_log10_mic_um,1.8762399631327233,seqfam80_76ccbba180f03569271d,RGRKQSQFKKNKTKGSKKAHVTG,true,true,"13,16",T13N;S16W,RGRKQSQSKKAKNTGWKKAHVTG,aa4705c350a33bc75d2dd95deda73a0d1537cce2369e9e4deae32ca784d0ce58,proposal-aa4705c350a33bc75d2d,49.64347826086958,1,0.17391304347826086,8.028,false,search_prefilter,2581.94,12.2392578125,0.13043478260869565,0.07091290378062215,0.347,0.465,low,0.37,0.37,Non-Toxin,1.6577944395201993,45.47727559334867,1.5380003452301025,1.9232711791992188,1.3057098388671875,1.8642141819000244,0.21844558321913565,true,true,true,1.4057092666625977,25.451258775514848,12,true,true,0,false,not_started,0.564895,0.789864,0.658838,1,false,at_or_above_parent_run_top_quartile_per_independent_model,exact_parent_empirical_cdf
vegfa,25,masked_substitution,autoresearch-amp-read-hybrid-pair-rescue-v1,5377978ecf52e4330e8e200cc503c649df2eeb818008a77d38663a124cd4e18f,7be9eab26dd3b5157696b430c91e7dc10d825ddc427a8a9b875c679582259a8c,7be9eab26dd3b5157696b430c91e7dc10d825ddc427a8a9b875c679582259a8c,RGRKQSQSKKAKTTGSKKAHVTG,amp-read,amp_read_log10_mic_um,1.8762399631327233,seqfam80_76ccbba180f03569271d,RGRKQSQFKKNKTKGSKKAHVTG,true,true,"13,16",T13S;S16Y,RGRKQSQSKKAKSTGYKKAHVTG,e083d8daf978fe54950e767286d93216c147735019ef9ccaa930fe584c00036b,proposal-e083d8daf978fe54950e,44.27826086956524,1,0.17391304347826086,8.026,false,search_prefilter,2531.88,11.6865234375,0.13043478260869565,0.0482537037728525,0.426,0.495,low,0.315,0.315,Non-Toxin,1.6637247244436466,46.10252631911474,1.6479977369308472,2.2444190979003906,1.5165159702301025,1.2459243535995483,0.2125152088857707,true,true,true,1.2608915567398071,18.234403327201093,12,true,true,0,false,not_started,0.558714,0.891224,0.713226,1,false,at_or_above_parent_run_top_quartile_per_independent_model,exact_parent_empirical_cdf
vegfa,25,masked_substitution,autoresearch-amp-read-hybrid-pair-rescue-v1,9362540ab3f861da96d09f27df54d5e1e2323a8f4d66e92cc20de60f031b0094,7be9eab26dd3b5157696b430c91e7dc10d825ddc427a8a9b875c679582259a8c,7be9eab26dd3b5157696b430c91e7dc10d825ddc427a8a9b875c679582259a8c,RGRKQSQSKKAKTTGSKKAHVTG,amp-read,amp_read_log10_mic_um,1.8762399631327233,seqfam80_76ccbba180f03569271d,RGRKQSQFKKNKTKGSKKAHVTG,true,true,"14,17",T14A;K17G,RGRKQSQSKKAKTAGSGKAHVTG,ca1a9a3501848294b02fdbbb87adc5888d76e74bfdda300aa7481aa4942c3a0c,proposal-ca1a9a3501848294b02f,47.96956521739131,1,0.17391304347826086,7.029,false,search_prefilter,2368.67,12.220703125,0.17391304347826086,0.0754537392068636,0.376,0.485,low,0.35,0.0,Non-Toxin,1.6922316345318116,49.23020390102891,1.6627328395843506,2.232969284057617,1.3394886255264282,1.5337202548980713,0.18400832860091176,true,true,true,1.312948226928711,20.55645523963585,12,true,true,0,false,not_started,0.521632,0.864030,0.681088,1,false,at_or_above_parent_run_top_quartile_per_independent_model,exact_parent_empirical_cdf
vegfa,25,masked_substitution,autoresearch-amp-read-hybrid-pair-rescue-v1,04dc5bee90d2d4ba269b3aee373d9e7ac51d6e252e8aeb5357d5c3bb0d9494b0,7be9eab26dd3b5157696b430c91e7dc10d825ddc427a8a9b875c679582259a8c,7be9eab26dd3b5157696b430c91e7dc10d825ddc427a8a9b875c679582259a8c,RGRKQSQSKKAKTTGSKKAHVTG,amp-read,amp_read_log10_mic_um,1.8762399631327233,seqfam80_76ccbba180f03569271d,RGRKQSQFKKNKTKGSKKAHVTG,true,true,"14,17",T14K;K17I,RGRKQSQSKKAKTKGSIKAHVTG,cf16b78d5191dd57544a3e9bc4179c12e1bc64871ef295aced3210d19a91945e,proposal-cf16b78d5191dd57544a,44.27826086956523,1,0.17391304347826086,8.028,false,search_prefilter,2481.87,12.2392578125,0.17391304347826086,0.10171597315968554,0.327,0.455,low,0.42,0.0,Non-Toxin,1.5599942625554108,36.30732581941661,1.5682413578033447,2.0251331329345703,1.2578078508377075,1.3887776136398315,0.31624581978432276,true,true,true,0.9708085060119629,9.349933155166308,12,true,true,1,false,not_started,0.714462,0.971570,0.646477,1,false,at_or_above_parent_run_top_quartile_per_independent_model,exact_parent_empirical_cdf
vegfa,25,masked_substitution,autoresearch-amp-read-hybrid-pair-rescue-v1,74526b984b614fcd28230b90ab2db672e2feaeeeee390af772b2301c8a104cb1,7be9eab26dd3b5157696b430c91e7dc10d825ddc427a8a9b875c679582259a8c,7be9eab26dd3b5157696b430c91e7dc10d825ddc427a8a9b875c679582259a8c,RGRKQSQSKKAKTTGSKKAHVTG,amp-read,amp_read_log10_mic_um,1.8762399631327233,seqfam80_76ccbba180f03569271d,RGRKQSQFKKNKTKGSKKAHVTG,true,true,"14,17",T14K;K17Y,RGRKQSQSKKAKTKGSYKAHVTG,73ed9be61dbbc84dec4745e1461970e9b6e7bc073ee5f3d3c7951d0ff8a39be3,proposal-73ed9be61dbbc84dec47,47.96956521739131,1,0.17391304347826086,8.026,false,search_prefilter,2531.88,11.6865234375,0.13043478260869565,0.0771018307752483,0.416,0.455,low,0.36,0.36,Non-Toxin,1.8047457763252175,63.78899741767704,1.8400318622589111,2.201702117919922,1.4873520135879517,1.6898841857910156,0.07149412720089421,true,true,true,1.1604920625686646,14.470784051640408,12,true,true,0,false,not_started,0.339926,0.925834,0.711990,1,false,at_or_above_parent_run_top_quartile_per_independent_model,exact_parent_empirical_cdf
vegfa,25,masked_substitution,autoresearch-amp-read-hybrid-pair-rescue-v1,a90156f0849bf36127b0e90b98f3eba42383da1ef1f373578be56b6407dacf6b,7be9eab26dd3b5157696b430c91e7dc10d825ddc427a8a9b875c679582259a8c,7be9eab26dd3b5157696b430c91e7dc10d825ddc427a8a9b875c679582259a8c,RGRKQSQSKKAKTTGSKKAHVTG,amp-read,amp_read_log10_mic_um,1.8762399631327233,seqfam80_76ccbba180f03569271d,RGRKQSQFKKNKTKGSKKAHVTG,true,true,"20,23",H20N;G23W,RGRKQSQSKKAKTTGSKKANVTW,b987ad5bf5b84c0178a05a85cef8b8202550c5fb04f57ab387c241b6b5bb7bed,proposal-b987ad5bf5b84c0178a0,48.81739130434783,1,0.17391304347826086,7.986,false,search_prefilter,2575.93,12.2392578125,0.13043478260869565,0.04464366644081082,0.426,0.455,low,0.275,0.275,Non-Toxin,1.6098472845377785,40.72370516454779,1.4511985778808594,2.37884783744812,1.672675371170044,0.9366006255149841,0.26639276800486256,true,true,true,0.8672109842300415,7.365648405241854,12,true,true,1,false,not_started,0.647713,0.983931,0.713226,1,false,at_or_above_parent_run_top_quartile_per_independent_model,exact_parent_empirical_cdf
vegfa,25,masked_substitution,autoresearch-amp-read-hybrid-pair-rescue-v1,d8b4540bece07ebddc73c5a9f4a5218aead3653626acc85c1c25bebee8265353,7be9eab26dd3b5157696b430c91e7dc10d825ddc427a8a9b875c679582259a8c,7be9eab26dd3b5157696b430c91e7dc10d825ddc427a8a9b875c679582259a8c,RGRKQSQSKKAKTTGSKKAHVTG,amp-read,amp_read_log10_mic_um,1.8762399631327233,seqfam80_76ccbba180f03569271d,RGRKQSQFKKNKTKGSKKAHVTG,true,true,"20,23",H20Q;G23W,RGRKQSQSKKAKTTGSKKAQVTW,a2a3829fd1767b0c81dd3e909dd7bcdabbd4ac6c88b3674d44afd7678b30b142,proposal-a2a3829fd1767b0c81dd,45.539130434782614,1,0.17391304347826086,7.986,false,search_prefilter,2589.96,12.2392578125,0.13043478260869565,0.045068991581177574,0.416,0.436,low,0.235,0.235,Non-Toxin,1.7560598883249865,57.02429021945728,1.4559637308120728,2.4390172958374023,1.7011030912399292,1.428121566772461,0.12018001520112498,true,true,true,1.1393228769302368,13.782337381861407,12,true,true,0,false,not_started,0.412855,0.934487,0.711990,1,false,at_or_above_parent_run_top_quartile_per_independent_model,exact_parent_empirical_cdf
vegfa,25,masked_substitution,autoresearch-amp-read-hybrid-pair-rescue-v1,b60e1442f7da2c20517f49821d7d7eb9e73bc6ceccef3bc8fdb89a5f78bea365,7be9eab26dd3b5157696b430c91e7dc10d825ddc427a8a9b875c679582259a8c,7be9eab26dd3b5157696b430c91e7dc10d825ddc427a8a9b875c679582259a8c,RGRKQSQSKKAKTTGSKKAHVTG,amp-read,amp_read_log10_mic_um,1.8762399631327233,seqfam80_76ccbba180f03569271d,RGRKQSQFKKNKTKGSKKAHVTG,true,true,"20,23",H20R;G23W,RGRKQSQSKKAKTTGSKKARVTW,2eeddd5460894674f0cf18394db8a9c9a3f65dd5aeb04d4df1657e0cf095ff4c,proposal-2eeddd5460894674f0cf,48.81739130434783,1,0.17391304347826086,8.986,false,search_prefilter,2618.01,12.46484375,0.13043478260869565,0.09107946790277976,0.465,0.386,low,0.29,0.29,Non-Toxin,1.667869088099612,46.54457703611659,1.3018927574157715,2.325685501098633,1.200217366218567,1.8436987400054932,0.20837087503311125,true,true,true,0.7839188575744629,6.080213895668374,12,true,true,1,false,not_started,0.556242,0.987639,0.720643,1,false,at_or_above_parent_run_top_quartile_per_independent_model,exact_parent_empirical_cdf
vegfa,25,masked_substitution,autoresearch-amp-read-hybrid-pair-rescue-v1,1dcd54b79583b1e2c2f60245aede300683a4eebf807d1e329932f8a919abea1b,7be9eab26dd3b5157696b430c91e7dc10d825ddc427a8a9b875c679582259a8c,7be9eab26dd3b5157696b430c91e7dc10d825ddc427a8a9b875c679582259a8c,RGRKQSQSKKAKTTGSKKAHVTG,amp-read,amp_read_log10_mic_um,1.8762399631327233,seqfam80_76ccbba180f03569271d,RGRKQSQFKKNKTKGSKKAHVTG,true,true,"20,23",H20S;G23W,RGRKQSQSKKAKTTGSKKASVTW,537a5cacaec52ca5dfc28c4f532c7790a511893c6c0cdeeb804115c2471cea78,proposal-537a5cacaec52ca5dfc2,48.81739130434783,1,0.17391304347826086,7.986,false,search_prefilter,2548.91,12.2392578125,0.13043478260869565,0.04925363864793415,0.465,0.446,low,0.3,0.3,Non-Toxin,1.715285954524108,51.914174732174956,1.4769648313522339,2.3959527015686035,1.6393355131149292,1.348853588104248,0.16095403841192102,true,true,true,0.8677173852920532,7.374241992792248,12,true,true,1,false,not_started,0.478368,0.983931,0.720643,1,false,at_or_above_parent_run_top_quartile_per_independent_model,exact_parent_empirical_cdf
vegfa,25,masked_substitution,autoresearch-amp-read-hybrid-pair-rescue-v1,e1afd1d6677670efc40803d66fc6217d84891b7ae530a1c6adb757784a5fe840,7be9eab26dd3b5157696b430c91e7dc10d825ddc427a8a9b875c679582259a8c,7be9eab26dd3b5157696b430c91e7dc10d825ddc427a8a9b875c679582259a8c,RGRKQSQSKKAKTTGSKKAHVTG,amp-read,amp_read_log10_mic_um,1.8762399631327233,seqfam80_76ccbba180f03569271d,RGRKQSQFKKNKTKGSKKAHVTG,true,true,"20,23",H20T;G23W,RGRKQSQSKKAKTTGSKKATVTW,dd708077f60cecb0d6588541ec7341a81deed3cb88c30fba754c36599bde1642,proposal-dd708077f60cecb0d658,48.81739130434783,1,0.17391304347826086,7.986,false,search_prefilter,2562.93,12.2392578125,0.13043478260869565,0.05195289402844076,0.465,0.446,low,0.26,0.26,Non-Toxin,1.7075003720958497,50.99180344634583,1.4456270933151245,2.356811761856079,1.7033743858337402,1.3241486549377441,0.16873971025009737,true,true,true,0.8952900171279907,7.857601815439382,12,true,true,1,false,not_started,0.489493,0.980222,0.720643,1,false,at_or_above_parent_run_top_quartile_per_independent_model,exact_parent_empirical_cdf
vegfa,25,masked_substitution,autoresearch-amp-read-hybrid-pair-rescue-v1,a060026947a3030a44b457ea048cd68e29264ed4330f3b5eb2277ef106881b11,7be9eab26dd3b5157696b430c91e7dc10d825ddc427a8a9b875c679582259a8c,7be9eab26dd3b5157696b430c91e7dc10d825ddc427a8a9b875c679582259a8c,RGRKQSQSKKAKTTGSKKAHVTG,amp-read,amp_read_log10_mic_um,1.8762399631327233,seqfam80_76ccbba180f03569271d,RGRKQSQFKKNKTKGSKKAHVTG,true,true,"17,20",K17V;H20K,RGRKQSQSKKAKTTGSVKAKVTG,d7346a9e70ced49fc7de134a90a52e5c30599f28e1bdc7afada1a898a6e29a87,proposal-d7346a9e70ced49fc7de,46.717391304347835,1,0.17391304347826086,7.986,false,search_prefilter,2431.8,12.2392578125,0.17391304347826086,0.06726089601721094,0.386,0.475,low,0.37,0.37,Non-Toxin,1.6250658598844123,42.17604577040511,1.6457436084747314,2.3221206665039062,1.4144048690795898,1.1179454326629639,0.2511740734450052,true,true,true,1.2527261972427368,17.894773149319064,12,true,true,0,false,not_started,0.625464,0.894932,0.686032,1,false,at_or_above_parent_run_top_quartile_per_independent_model,exact_parent_empirical_cdf
vegfa,25,masked_substitution,autoresearch-amp-read-hybrid-pair-rescue-v1,de5fd0f7fb918581c182ad311f312bb2a7171d559058211008753f0352304eec,7be9eab26dd3b5157696b430c91e7dc10d825ddc427a8a9b875c679582259a8c,7be9eab26dd3b5157696b430c91e7dc10d825ddc427a8a9b875c679582259a8c,RGRKQSQSKKAKTTGSKKAHVTG,amp-read,amp_read_log10_mic_um,1.8762399631327233,seqfam80_76ccbba180f03569271d,RGRKQSQFKKNKTKGSKKAHVTG,true,true,"17,20",K17W;H20K,RGRKQSQSKKAKTTGSWKAKVTG,a4f5c8dbdcb8b50627499a6b997d2e7460556ff8aceb49769e5c1a74da4e2892,proposal-a4f5c8dbdcb8b5062749,47.96956521739131,1,0.17391304347826086,7.986,false,search_prefilter,2518.88,12.2392578125,0.13043478260869565,0.05545664364549046,0.465,0.465,low,0.37,0.37,Non-Toxin,1.7290922540617406,53.59104850435605,1.5221099853515625,2.1179862022399902,1.7166351079940796,1.559617042541504,0.1471476494643711,true,true,true,0.9876241683959961,9.719057877866287,12,true,true,1,false,not_started,0.461063,0.967862,0.720643,1,false,at_or_above_parent_run_top_quartile_per_independent_model,exact_parent_empirical_cdf
vegfa,25,masked_substitution,autoresearch-amp-read-hybrid-pair-rescue-v1,7c09cb64499958d3684e21c0bfcd6d914b97248c42b737ce0cb52e9c1c4056bd,7be9eab26dd3b5157696b430c91e7dc10d825ddc427a8a9b875c679582259a8c,7be9eab26dd3b5157696b430c91e7dc10d825ddc427a8a9b875c679582259a8c,RGRKQSQSKKAKTTGSKKAHVTG,amp-read,amp_read_log10_mic_um,1.8762399631327233,seqfam80_76ccbba180f03569271d,RGRKQSQFKKNKTKGSKKAHVTG,true,true,"15,18",G15W;K18H,RGRKQSQSKKAKTTWSKHAHVTG,378d721bfbf68c7913f27a8e1adc927e8b0d946a97ceedc8ac31bef58a36830c,proposal-378d721bfbf68c7913f2,45.12608695652175,1,0.17391304347826086,7.071,false,search_prefilter,2607.94,12.220703125,0.13043478260869565,0.0570219925306765,0.455,0.495,low,0.335,0.335,Non-Toxin,1.7990856042313184,62.96302776971888,2.056856632232666,2.358898401260376,1.1987183094024658,1.5818499326705933,0.07715432910120579,true,true,true,0.9204493761062622,8.326248647256728,12,true,true,1,false,not_started,0.349815,0.978986,0.719407,1,false,at_or_above_parent_run_top_quartile_per_independent_model,exact_parent_empirical_cdf
vegfa,25,masked_substitution,autoresearch-amp-read-hybrid-pair-rescue-v1,d2a9fa0b5fbe763e9dcd58e1c3868854845211e74ebb7529a6ea1b3aef0bfd34,7be9eab26dd3b5157696b430c91e7dc10d825ddc427a8a9b875c679582259a8c,7be9eab26dd3b5157696b430c91e7dc10d825ddc427a8a9b875c679582259a8c,RGRKQSQSKKAKTTGSKKAHVTG,amp-read,amp_read_log10_mic_um,1.8762399631327233,seqfam80_76ccbba180f03569271d,RGRKQSQFKKNKTKGSKKAHVTG,true,true,"14,17",T14W;K17S,RGRKQSQSKKAKTWGSSKAHVTG,dc6996d1c952dcf07f401ddabe7b35fb26e77babf835c7b4f672b74378a87626,proposal-dc6996d1c952dcf07f40,48.991304347826095,1,0.17391304347826086,7.029,false,search_prefilter,2513.82,12.220703125,0.13043478260869565,0.052202638197466296,0.465,0.495,low,0.37,0.0,Non-Toxin,1.7455282388421312,55.658082326752,1.7398734092712402,2.5028347969055176,1.7080175876617432,1.031316876411438,0.1307117242905922,true,true,true,1.1453654766082764,13.9754395685563,12,true,true,0,false,not_started,0.427689,0.933251,0.720643,1,false,at_or_above_parent_run_top_quartile_per_independent_model,exact_parent_empirical_cdf
vegfa,25,masked_substitution,autoresearch-amp-read-hybrid-pair-rescue-v1,4dc1e51ee967ad2e5dc4fa36345e34fad8289640e6cbf29af515ab105ac4d1af,7be9eab26dd3b5157696b430c91e7dc10d825ddc427a8a9b875c679582259a8c,7be9eab26dd3b5157696b430c91e7dc10d825ddc427a8a9b875c679582259a8c,RGRKQSQSKKAKTTGSKKAHVTG,amp-read,amp_read_log10_mic_um,1.8762399631327233,seqfam80_76ccbba180f03569271d,RGRKQSQFKKNKTKGSKKAHVTG,true,true,"13,16",T13Y;S16R,RGRKQSQSKKAKYTGRKKAHVTG,9f105ea4983329417b851bb890197726394e396b9907dfbf0179d5562ff56e16,proposal-9f105ea4983329417b85,44.27826086956524,1,0.17391304347826086,9.026,false,search_prefilter,2600.99,11.98046875,0.13043478260869565,0.0707492047429747,0.327,0.475,low,0.375,0.375,Non-Toxin,1.5882934067388548,38.75193622537974,1.636792778968811,2.007180690765381,1.1414285898208618,1.5677697658538818,0.28794655639386857,true,true,true,1.2205489873886108,16.61686101451294,12,true,true,0,false,not_started,0.678616,0.904821,0.646477,1,false,at_or_above_parent_run_top_quartile_per_independent_model,exact_parent_empirical_cdf
vegfa,25,masked_substitution,autoresearch-amp-read-hybrid-pair-rescue-v1,4a980b4ec4d5a836cadf9466baca4322bc21eede50befd793cd16014ca4bf477,7be9eab26dd3b5157696b430c91e7dc10d825ddc427a8a9b875c679582259a8c,7be9eab26dd3b5157696b430c91e7dc10d825ddc427a8a9b875c679582259a8c,RGRKQSQSKKAKTTGSKKAHVTG,amp-read,amp_read_log10_mic_um,1.8762399631327233,seqfam80_76ccbba180f03569271d,RGRKQSQFKKNKTKGSKKAHVTG,true,true,"13,16",T13Y;S16T,RGRKQSQSKKAKYTGTKKAHVTG,1ca7bc7a9753432ddb0e01d2911247753353ba0c3874c08d815a5514280ff3ed,proposal-1ca7bc7a9753432ddb0e,40.586956521739154,1,0.17391304347826086,8.026,false,search_prefilter,2545.91,11.6865234375,0.13043478260869565,0.037771270591381946,0.416,0.495,low,0.355,0.355,Non-Toxin,1.7022664044261575,50.38095603062035,1.6689246892929077,2.0594589710235596,2.277794122695923,0.8027923107147217,0.1739736183131777,true,true,true,1.1603416204452515,14.465772156373415,12,true,true,0,false,not_started,0.500618,0.925834,0.711990,1,false,at_or_above_parent_run_top_quartile_per_independent_model,exact_parent_empirical_cdf
vegfa,25,masked_substitution,autoresearch-amp-read-hybrid-pair-rescue-v1,d1299d70fb93f4cbc2c6f3b86509f572f0a97da5b76c4925424e759725c20960,7be9eab26dd3b5157696b430c91e7dc10d825ddc427a8a9b875c679582259a8c,7be9eab26dd3b5157696b430c91e7dc10d825ddc427a8a9b875c679582259a8c,RGRKQSQSKKAKTTGSKKAHVTG,amp-read,amp_read_log10_mic_um,1.8762399631327233,seqfam80_76ccbba180f03569271d,RGRKQSQFKKNKTKGSKKAHVTG,true,true,"12,15",K12W;G15K,RGRKQSQSKKAWTTKSKKAHVTG,023cd0f6aebf54aad5b42d76c62c2c99ddeae0781f98728817e9699c81596a3d,proposal-023cd0f6aebf54aad5b4,45.12608695652175,2,0.17391304347826086,8.028,false,search_prefilter,2598.97,12.2392578125,0.13043478260869565,0.11596493590035702,0.436,0.436,low,0.33,0.33,Non-Toxin,1.8436885533245742,69.77318584473507,2.299614906311035,2.294785499572754,1.8939696550369263,0.8862879276275635,0.032551171400341916,true,true,true,1.2306290864944458,17.00705383670826,12,true,true,0,false,not_started,0.284302,0.903585,0.714462,1,false,at_or_above_parent_run_top_quartile_per_independent_model,exact_parent_empirical_cdf
vegfa,25,masked_substitution,autoresearch-amp-read-hybrid-pair-rescue-v1,18ff86fb0e176f400dd9d8e1c27723e051d0028a58a6aeef3a7b4ba62ef952ea,7be9eab26dd3b5157696b430c91e7dc10d825ddc427a8a9b875c679582259a8c,7be9eab26dd3b5157696b430c91e7dc10d825ddc427a8a9b875c679582259a8c,RGRKQSQSKKAKTTGSKKAHVTG,amp-read,amp_read_log10_mic_um,1.8762399631327233,seqfam80_76ccbba180f03569271d,RGRKQSQFKKNKTKGSKKAHVTG,true,true,"7,10",Q7R;K10I,RGRKQSRSKIAKTTGSKKAHVTG,524c182e9e5b220f390e9351033d6fde837f4a1235f6f077dcd6d0987d1881f8,proposal-524c182e9e5b220f390e,44.27826086956524,2,0.17391304347826086,8.029,false,search_prefilter,2482.85,12.455078125,0.17391304347826086,0.0935888472953965,0.426,0.446,low,0.37,0.0,Non-Toxin,1.8432891845233703,69.70905326532372,1.4229447841644287,2.434058666229248,2.86299204826355,0.6530346870422363,0.03295070410602374,true,true,true,0.8696590662002563,7.407285195646132,12,true,true,1,false,not_started,0.284302,0.983931,0.713226,1,false,at_or_above_parent_run_top_quartile_per_independent_model,exact_parent_empirical_cdf
vegfa,25,masked_substitution,autoresearch-amp-read-hybrid-pair-rescue-v1,b0ed626e6c11b3f1264f4e9131da1eba9f25780609f8beaed2db82b7bd0e2570,7be9eab26dd3b5157696b430c91e7dc10d825ddc427a8a9b875c679582259a8c,7be9eab26dd3b5157696b430c91e7dc10d825ddc427a8a9b875c679582259a8c,RGRKQSQSKKAKTTGSKKAHVTG,amp-read,amp_read_log10_mic_um,1.8762399631327233,seqfam80_76ccbba180f03569271d,RGRKQSQFKKNKTKGSKKAHVTG,true,true,"7,10",Q7R;K10W,RGRKQSRSKWAKTTGSKKAHVTG,5e41363a67bf6baebf18828cdae85ec078a732fbc0453f884433fe14b1a9bb40,proposal-5e41363a67bf6baebf18,41.43478260869567,2,0.17391304347826086,8.029,false,search_prefilter,2555.9,12.455078125,0.13043478260869565,0.07976466583114945,0.495,0.436,low,0.38,0.38,Non-Toxin,1.6423600404837435,43.88944009211846,1.6474390029907227,2.4008874893188477,1.8954455852508545,0.6255667805671692,0.233879892845674,true,true,true,0.8303183317184448,6.765787163229191,12,true,true,1,false,not_started,0.598269,0.987639,0.730532,1,false,at_or_above_parent_run_top_quartile_per_independent_model,exact_parent_empirical_cdf
vegfa,25,masked_substitution,autoresearch-amp-read-hybrid-pair-rescue-v1,d7b0e8c1e1420b2bd3742f4cdb6b9cd2779a5ed521aa75ce5df2d1dffb3dee29,7be9eab26dd3b5157696b430c91e7dc10d825ddc427a8a9b875c679582259a8c,7be9eab26dd3b5157696b430c91e7dc10d825ddc427a8a9b875c679582259a8c,RGRKQSQSKKAKTTGSKKAHVTG,amp-read,amp_read_log10_mic_um,1.8762399631327233,seqfam80_76ccbba180f03569271d,RGRKQSQFKKNKTKGSKKAHVTG,true,true,"6,9",S6W;K9R,RGRKQWQSRKAKTTGSKKAHVTG,503f658aeadb4949f79b19e1a4b0e784a7bf3ba16263384c478d467f692c3a92,proposal-503f658aeadb4949f79b,28.86521739130436,1,0.17391304347826086,8.029,false,search_prefilter,2596.96,12.455078125,0.13043478260869565,0.011070942526870466,0.446,0.475,low,0.36,0.0,Non-Toxin,1.6393753388126935,43.58884273232868,1.6445544958114624,2.0233852863311768,1.4055367708206177,1.4840078353881836,0.23686462432002986,true,true,true,1.356204628944397,22.70934608721486,12,true,true,0,false,not_started,0.599506,0.835600,0.718171,1,false,at_or_above_parent_run_top_quartile_per_independent_model,exact_parent_empirical_cdf
vegfa,25,masked_substitution,autoresearch-amp-read-hybrid-pair-rescue-v1,bd433536e2f8bc3e876454b8afac2ccbb428d8f770fc10bbd4e09d0181a67452,7be9eab26dd3b5157696b430c91e7dc10d825ddc427a8a9b875c679582259a8c,7be9eab26dd3b5157696b430c91e7dc10d825ddc427a8a9b875c679582259a8c,RGRKQSQSKKAKTTGSKKAHVTG,amp-read,amp_read_log10_mic_um,1.8762399631327233,seqfam80_76ccbba180f03569271d,RGRKQSQFKKNKTKGSKKAHVTG,true,true,"5,8",Q5R;S8A,RGRKRSQAKKAKTTGSKKAHVTG,b194ffcfc603f610d8fc995021b04ddf3fc5ec74ce44c659cd2351ff646e5ea8,proposal-b194ffcfc603f610d8fc,32.7608695652174,1,0.17391304347826086,9.028,false,search_prefilter,2481.87,12.46484375,0.17391304347826086,0.04865997905332259,0.416,0.436,low,0.36,0.36,Non-Toxin,1.611211672019173,40.85184467827489,1.570725679397583,2.0244123935699463,1.1401220560073853,1.7095961570739746,0.26502832091685624,true,true,true,1.0288017988204956,10.685671005286817,12,true,true,0,false,not_started,0.646477,0.956737,0.711990,1,false,at_or_above_parent_run_top_quartile_per_independent_model,exact_parent_empirical_cdf
vegfa,25,masked_substitution,autoresearch-amp-read-hybrid-pair-rescue-v1,53a7d3b4154bf1c3996051ade0c653818fd08ca295abbe1f5d8fb07528ad72d0,7be9eab26dd3b5157696b430c91e7dc10d825ddc427a8a9b875c679582259a8c,7be9eab26dd3b5157696b430c91e7dc10d825ddc427a8a9b875c679582259a8c,RGRKQSQSKKAKTTGSKKAHVTG,amp-read,amp_read_log10_mic_um,1.8762399631327233,seqfam80_76ccbba180f03569271d,RGRKQSQFKKNKTKGSKKAHVTG,true,true,"5,8",Q5R;S8V,RGRKRSQVKKAKTTGSKKAHVTG,30b880ed79547facc1c7fab8f634acb23263244162f681ae7b414b054aee229d,proposal-30b880ed79547facc1c7,28.230434782608704,1,0.17391304347826086,9.028,false,search_prefilter,2509.92,12.46484375,0.17391304347826086,0.06178501683844261,0.327,0.455,low,0.26,0.26,Non-Toxin,1.5946689926737343,39.32502366760226,1.581373929977417,1.9807323217391968,1.6039410829544067,1.2125880718231201,0.28157097045898904,true,true,true,1.0454702377319336,11.103764384570091,12,true,true,0,false,not_started,0.666255,0.954265,0.646477,1,false,at_or_above_parent_run_top_quartile_per_independent_model,exact_parent_empirical_cdf
vegfa,25,masked_substitution,autoresearch-amp-read-hybrid-pair-rescue-v1,c510ff021ae9252b3a43eb6999482c128e458a33466eb874501f8c67f2e1938d,7be9eab26dd3b5157696b430c91e7dc10d825ddc427a8a9b875c679582259a8c,7be9eab26dd3b5157696b430c91e7dc10d825ddc427a8a9b875c679582259a8c,RGRKQSQSKKAKTTGSKKAHVTG,amp-read,amp_read_log10_mic_um,1.8762399631327233,seqfam80_76ccbba180f03569271d,RGRKQSQFKKNKTKGSKKAHVTG,true,true,"5,8",Q5R;S8Y,RGRKRSQYKKAKTTGSKKAHVTG,f6e5b9b8015e0bcd98a29cf8b0bd8885354b8c0152ea299ba92aeba2471eeebd,proposal-f6e5b9b8015e0bcd98a2,29.482608695652182,1,0.17391304347826086,9.026,false,search_prefilter,2573.96,11.98046875,0.13043478260869565,0.04303768250909346,0.396,0.495,low,0.3,0.3,Non-Toxin,1.710168029322493,51.30598493815639,1.0608456134796143,2.085228204727173,2.0189802646636963,1.6756072044372559,0.1660718145970066,true,true,true,1.0282411575317383,10.671885513129684,12,true,true,0,false,not_started,0.488257,0.956737,0.697157,1,false,at_or_above_parent_run_top_quartile_per_independent_model,exact_parent_empirical_cdf
vegfa,25,masked_substitution,autoresearch-amp-read-hybrid-pair-rescue-v1,cf2474394ae32ca7bc7817e36f0a1766ac439889b6c637d88884967cd19908b7,7be9eab26dd3b5157696b430c91e7dc10d825ddc427a8a9b875c679582259a8c,7be9eab26dd3b5157696b430c91e7dc10d825ddc427a8a9b875c679582259a8c,RGRKQSQSKKAKTTGSKKAHVTG,amp-read,amp_read_log10_mic_um,1.8762399631327233,seqfam80_76ccbba180f03569271d,RGRKQSQFKKNKTKGSKKAHVTG,true,true,"5,8",Q5V;S8K,RGRKVSQKKKAKTTGSKKAHVTG,a9a8f2beecbd3b6b686a6882d01026278a099de24a45915b67095a53e4949bbc,proposal-a9a8f2beecbd3b6b686a,-4.208695652173913,1,0.17391304347826086,9.028,false,search_prefilter,2481.91,12.25634765625,0.17391304347826086,0.09396619723667458,0.356,0.495,low,0.345,0.345,Non-Toxin,1.560324057774534,36.33490740411383,1.4917963743209839,1.7148717641830444,1.1607496738433838,1.8739066123962402,0.31591599476189347,true,true,true,0.9021902084350586,7.98344262430964,12,true,true,1,false,not_started,0.714462,0.980222,0.666255,1,false,at_or_above_parent_run_top_quartile_per_independent_model,exact_parent_empirical_cdf
vegfa,25,masked_substitution,autoresearch-amp-read-hybrid-pair-rescue-v1,837e622e90cfc0c8b357860e0adeb5c649fe16a20cdf6537e1d0b57e43cc4cc5,7be9eab26dd3b5157696b430c91e7dc10d825ddc427a8a9b875c679582259a8c,7be9eab26dd3b5157696b430c91e7dc10d825ddc427a8a9b875c679582259a8c,RGRKQSQSKKAKTTGSKKAHVTG,amp-read,amp_read_log10_mic_um,1.8762399631327233,seqfam80_76ccbba180f03569271d,RGRKQSQFKKNKTKGSKKAHVTG,true,true,"5,8",Q5V;S8R,RGRKVSQRKKAKTTGSKKAHVTG,854a768a50e5c47687ff047b5db2ffb3c835e4666837a71628e5888e0e02d60c,proposal-854a768a50e5c47687ff,-4.208695652173913,1,0.17391304347826086,9.028,false,search_prefilter,2509.92,12.46484375,0.17391304347826086,0.09908187830910102,0.356,0.455,low,0.365,0.365,Non-Toxin,1.8364084666572107,68.61332514553784,1.530832052230835,2.0705103874206543,1.7118984460830688,2.032406806945801,0.03983149647551265,true,true,true,0.893019437789917,7.816627888160771,12,true,true,1,false,not_started,0.299135,0.981459,0.666255,1,false,at_or_above_parent_run_top_quartile_per_independent_model,exact_parent_empirical_cdf
vegfa,25,masked_substitution,autoresearch-amp-read-hybrid-pair-rescue-v1,1c7cbf6f3717ac3a517b65c704445447de1d1070134509dc8f750de7b8317cdf,7be9eab26dd3b5157696b430c91e7dc10d825ddc427a8a9b875c679582259a8c,7be9eab26dd3b5157696b430c91e7dc10d825ddc427a8a9b875c679582259a8c,RGRKQSQSKKAKTTGSKKAHVTG,amp-read,amp_read_log10_mic_um,1.8762399631327233,seqfam80_76ccbba180f03569271d,RGRKQSQFKKNKTKGSKKAHVTG,true,true,"5,8",Q5V;S8T,RGRKVSQTKKAKTTGSKKAHVTG,a8531f67b752108af96719ec9bc7303e2d6be5ac4b97212a5d58cf45751ed3d2,proposal-a8531f67b752108af967,-4.208695652173913,1,0.17391304347826086,8.028,false,search_prefilter,2454.84,12.2392578125,0.17391304347826086,0.11879885188166296,0.356,0.495,low,0.315,0.315,Non-Toxin,1.7644324933325244,58.134306140895085,1.6108372211456299,2.13018536567688,1.7020577192306519,1.6146310567855835,0.111807499603505,true,true,true,1.2050697803497314,16.03503013148953,12,true,true,0,false,not_started,0.398022,0.908529,0.666255,1,false,at_or_above_parent_run_top_quartile_per_independent_model,exact_parent_empirical_cdf
vegfa,25,masked_substitution,autoresearch-amp-read-hybrid-pair-rescue-v1,b2394afce0e2dec2ef24507c05d1d0745f0a645f41718a93bfd492f7908909f0,7be9eab26dd3b5157696b430c91e7dc10d825ddc427a8a9b875c679582259a8c,7be9eab26dd3b5157696b430c91e7dc10d825ddc427a8a9b875c679582259a8c,RGRKQSQSKKAKTTGSKKAHVTG,amp-read,amp_read_log10_mic_um,1.8762399631327233,seqfam80_76ccbba180f03569271d,RGRKQSQFKKNKTKGSKKAHVTG,true,true,"5,8",Q5W;S8Q,RGRKWSQQKKAKTTGSKKAHVTG,7af5be650df65597bd2deb4ca68032a110c60017c95864805787cc8d50a5dd65,proposal-7af5be650df65597bd2d,7.856521739130431,1,0.17391304347826086,8.028,false,search_prefilter,2568.94,12.2392578125,0.13043478260869565,0.08858511296996965,0.396,0.475,low,0.355,0.355,Non-Toxin,1.5748263915465925,37.56871939738981,1.544094204902649,1.8710896968841553,1.3003557920455933,1.583764672279358,0.3014135715861308,true,true,true,1.0556308031082153,11.366605915643786,12,true,true,0,false,not_started,0.695921,0.951792,0.697157,1,false,at_or_above_parent_run_top_quartile_per_independent_model,exact_parent_empirical_cdf
vegfa,25,masked_substitution,autoresearch-amp-read-hybrid-pair-rescue-v1,f5592f654f90f2c9aeeee6cd4fa1a58f165488862a154d11eeaf826613f4073a,7be9eab26dd3b5157696b430c91e7dc10d825ddc427a8a9b875c679582259a8c,7be9eab26dd3b5157696b430c91e7dc10d825ddc427a8a9b875c679582259a8c,RGRKQSQSKKAKTTGSKKAHVTG,amp-read,amp_read_log10_mic_um,1.8762399631327233,seqfam80_76ccbba180f03569271d,RGRKQSQFKKNKTKGSKKAHVTG,true,true,"4,7",K4R;Q7I,RGRRQSISKKAKTTGSKKAHVTG,5a46d359589f4a2ccd52de56ec86760a97093dc90eb420c1e668c2b0a20c8be3,proposal-5a46d359589f4a2ccd52,43.491304347826095,1,0.17391304347826086,8.029,false,search_prefilter,2482.85,12.455078125,0.17391304347826086,0.054457544741200715,0.396,0.446,low,0.36,0.36,Non-Toxin,1.6808675691884316,47.958718427658276,1.9088422060012817,2.3050360679626465,1.3197487592697144,1.1897966861724854,0.19537236414098613,true,true,true,1.16309654712677,14.557826767103466,12,true,true,0,false,not_started,0.542645,0.924598,0.697157,1,false,at_or_above_parent_run_top_quartile_per_independent_model,exact_parent_empirical_cdf
vegfa,25,masked_substitution,autoresearch-amp-read-hybrid-pair-rescue-v1,ca5769005783b6a7832acab7ec9e1c5975b329f91c4268cbe73191b21a12a393,7be9eab26dd3b5157696b430c91e7dc10d825ddc427a8a9b875c679582259a8c,7be9eab26dd3b5157696b430c91e7dc10d825ddc427a8a9b875c679582259a8c,RGRKQSQSKKAKTTGSKKAHVTG,amp-read,amp_read_log10_mic_um,1.8762399631327233,seqfam80_76ccbba180f03569271d,RGRKQSQFKKNKTKGSKKAHVTG,true,true,"4,7",K4R;Q7L,RGRRQSLSKKAKTTGSKKAHVTG,20ae8cd176825d253db1d2d9588c25da66b3f5cf35963758c4e82340c18286cf,proposal-20ae8cd176825d253db1,43.491304347826095,1,0.17391304347826086,8.029,false,search_prefilter,2482.85,12.455078125,0.17391304347826086,0.04217610527304146,0.396,0.436,low,0.39,0.0,Non-Toxin,1.6040569158793174,40.18434704538974,1.6172107458114624,2.3508753776550293,1.327164888381958,1.1209310293197632,0.27218307705671174,true,true,true,1.1841825246810913,15.2820819650642,12,true,true,0,false,not_started,0.652658,0.918418,0.697157,1,false,at_or_above_parent_run_top_quartile_per_independent_model,exact_parent_empirical_cdf
vegfa,25,masked_substitution,autoresearch-amp-read-hybrid-pair-rescue-v1,496244ee751883700c67858b49b350392350f4f99fda5380c063b61ec21eadf9,7be9eab26dd3b5157696b430c91e7dc10d825ddc427a8a9b875c679582259a8c,7be9eab26dd3b5157696b430c91e7dc10d825ddc427a8a9b875c679582259a8c,RGRKQSQSKKAKTTGSKKAHVTG,amp-read,amp_read_log10_mic_um,1.8762399631327233,seqfam80_76ccbba180f03569271d,RGRKQSQFKKNKTKGSKKAHVTG,true,true,"4,7",K4S;Q7A,RGRSQSASKKAKTTGSKKAHVTG,947f579e9e502a70d8cf5550b5a19a80b7ce63e9e6bbd93c3259dcb4bad937ee,proposal-947f579e9e502a70d8cf,37.69130434782609,1,0.17391304347826086,7.029,false,search_prefilter,2371.66,12.220703125,0.17391304347826086,0.09884998088844701,0.337,0.455,low,0.31,0.31,Non-Toxin,1.8093723322339488,64.47217657973684,1.6895544528961182,2.5946857929229736,1.594746470451355,1.3584588766098022,0.06686763089877457,true,true,true,1.231397032737732,17.037153360533694,12,true,true,0,false,not_started,0.334981,0.903585,0.655130,1,false,at_or_above_parent_run_top_quartile_per_independent_model,exact_parent_empirical_cdf
vegfa,25,masked_substitution,autoresearch-amp-read-hybrid-pair-rescue-v1,0ac4485ebc2e9fa9e149be62ad84d17ee73beace48c2e961d2260376611d9f81,7be9eab26dd3b5157696b430c91e7dc10d825ddc427a8a9b875c679582259a8c,7be9eab26dd3b5157696b430c91e7dc10d825ddc427a8a9b875c679582259a8c,RGRKQSQSKKAKTTGSKKAHVTG,amp-read,amp_read_log10_mic_um,1.8762399631327233,seqfam80_76ccbba180f03569271d,RGRKQSQFKKNKTKGSKKAHVTG,true,true,"4,7",K4S;Q7F,RGRSQSFSKKAKTTGSKKAHVTG,3c3e6afb0a376d2e5076222a903ee3fb8e20434b7218e9ed4ae138942c7a4496,proposal-3c3e6afb0a376d2e5076,37.69130434782609,1,0.17391304347826086,7.029,false,search_prefilter,2447.76,12.220703125,0.17391304347826086,0.11774510175545883,0.386,0.485,low,0.27,0.27,Non-Toxin,1.6483887723663608,44.50294713399846,1.4134081602096558,2.6168315410614014,1.6235285997390747,0.9397184252738953,0.22785130996715952,true,true,true,1.411178708076477,25.773815069669368,12,true,true,0,false,not_started,0.582200,0.779975,0.686032,1,false,at_or_above_parent_run_top_quartile_per_independent_model,exact_parent_empirical_cdf
vegfa,25,masked_substitution,autoresearch-amp-read-hybrid-pair-rescue-v1,39f58fddb924fa36336b02214db4bb0af43e56ed1e9e1ad806eac089d1c40c71,7be9eab26dd3b5157696b430c91e7dc10d825ddc427a8a9b875c679582259a8c,7be9eab26dd3b5157696b430c91e7dc10d825ddc427a8a9b875c679582259a8c,RGRKQSQSKKAKTTGSKKAHVTG,amp-read,amp_read_log10_mic_um,1.8762399631327233,seqfam80_76ccbba180f03569271d,RGRKQSQFKKNKTKGSKKAHVTG,true,true,"4,7",K4S;Q7I,RGRSQSISKKAKTTGSKKAHVTG,4076ec2da46eaf74ec6eda0b1cb0c6e24aef5a30a40d3d91b49db0f78657a680,proposal-4076ec2da46eaf74ec6e,37.69130434782609,1,0.17391304347826086,7.029,false,search_prefilter,2413.75,12.220703125,0.17391304347826086,0.12477997852349523,0.297,0.485,low,0.275,0.275,Non-Toxin,1.833728326836958,68.19119902552858,1.7752798795700073,2.6369571685791016,1.9019886255264282,1.0206068754196167,0.042511636295765376,true,true,true,1.3249560594558716,21.132752145074992,12,true,true,0,false,not_started,0.302843,0.861557,0.597033,1,false,at_or_above_parent_run_top_quartile_per_independent_model,exact_parent_empirical_cdf
vegfa,25,masked_substitution,autoresearch-amp-read-hybrid-pair-rescue-v1,f9cc8f0ff2c31c7de7c3433e055fdbba4a48df7ad6bf4c91868d6f8701e01c89,7be9eab26dd3b5157696b430c91e7dc10d825ddc427a8a9b875c679582259a8c,7be9eab26dd3b5157696b430c91e7dc10d825ddc427a8a9b875c679582259a8c,RGRKQSQSKKAKTTGSKKAHVTG,amp-read,amp_read_log10_mic_um,1.8762399631327233,seqfam80_76ccbba180f03569271d,RGRKQSQFKKNKTKGSKKAHVTG,true,true,"4,7",K4S;Q7L,RGRSQSLSKKAKTTGSKKAHVTG,12e0d5861d5f40939253cba1fe2ffea4e9f5b87c2813e7d7afe21419dcf833ad,proposal-12e0d5861d5f40939253,37.69130434782609,1,0.17391304347826086,7.029,false,search_prefilter,2413.75,12.220703125,0.17391304347826086,0.11431339701010694,0.297,0.485,low,0.315,0.0,Non-Toxin,1.7825341766005987,60.60858942956607,1.6216590404510498,2.648500919342041,1.9033995866775513,0.9564952254295349,0.09370584613873634,true,true,true,1.3123016357421875,20.525872918757727,12,true,true,0,false,not_started,0.373300,0.864030,0.597033,1,false,at_or_above_parent_run_top_quartile_per_independent_model,exact_parent_empirical_cdf
vegfa,25,masked_substitution,autoresearch-amp-read-hybrid-pair-rescue-v1,52c330edd29c1891988e703d430c2a33cd05501e1973f799d7a54be2fc66abe3,7be9eab26dd3b5157696b430c91e7dc10d825ddc427a8a9b875c679582259a8c,7be9eab26dd3b5157696b430c91e7dc10d825ddc427a8a9b875c679582259a8c,RGRKQSQSKKAKTTGSKKAHVTG,amp-read,amp_read_log10_mic_um,1.8762399631327233,seqfam80_76ccbba180f03569271d,RGRKQSQFKKNKTKGSKKAHVTG,true,true,"4,7",K4S;Q7V,RGRSQSVSKKAKTTGSKKAHVTG,792629bb85ffbd793190f9af415aceadc24b30e61b568bb037596312ade2fecf,proposal-792629bb85ffbd793190,37.69130434782609,1,0.17391304347826086,7.029,false,search_prefilter,2399.72,12.220703125,0.17391304347826086,0.11431339701010694,0.307,0.455,low,0.315,0.315,Non-Toxin,1.815544135722128,65.39493850554081,1.5870108604431152,2.6531693935394287,1.764970302581787,1.256970763206482,0.06069579760728927,true,true,true,1.2877660989761353,19.398408425197392,12,true,true,0,false,not_started,0.323857,0.880099,0.614339,1,false,at_or_above_parent_run_top_quartile_per_independent_model,exact_parent_empirical_cdf
vegfa,25,masked_substitution,autoresearch-amp-read-hybrid-pair-rescue-v1,b60860e996f2a7fd4fd2dcbf02634304fcc2d0a976a3e4e54d37beecdadab943,7be9eab26dd3b5157696b430c91e7dc10d825ddc427a8a9b875c679582259a8c,7be9eab26dd3b5157696b430c91e7dc10d825ddc427a8a9b875c679582259a8c,RGRKQSQSKKAKTTGSKKAHVTG,amp-read,amp_read_log10_mic_um,1.8762399631327233,seqfam80_76ccbba180f03569271d,RGRKQSQFKKNKTKGSKKAHVTG,true,true,"4,7",K4S;Q7W,RGRSQSWSKKAKTTGSKKAHVTG,d7ea3ada2d8b3b6afc05f0062499ff916ca17c794b3f74a704caae241d92d926,proposal-d7ea3ada2d8b3b6afc05,37.69130434782609,1,0.17391304347826086,7.029,false,search_prefilter,2486.8,12.220703125,0.13043478260869565,0.10474692944817379,0.386,0.495,low,0.315,0.315,Non-Toxin,1.8002506735677428,63.13216364295866,1.6678260564804077,2.5753848552703857,2.0412347316741943,0.9164679646492004,0.07598905113232024,true,true,true,1.3247684240341187,21.12362378502617,12,true,true,0,false,not_started,0.347342,0.861557,0.686032,1,false,at_or_above_parent_run_top_quartile_per_independent_model,exact_parent_empirical_cdf
vegfa,25,masked_substitution,autoresearch-amp-read-hybrid-pair-rescue-v1,013c1fccd9a4f54b4f4a77a5335235de94ddbc89546e1fecf8bf51d970678863,7be9eab26dd3b5157696b430c91e7dc10d825ddc427a8a9b875c679582259a8c,7be9eab26dd3b5157696b430c91e7dc10d825ddc427a8a9b875c679582259a8c,RGRKQSQSKKAKTTGSKKAHVTG,amp-read,amp_read_log10_mic_um,1.8762399631327233,seqfam80_76ccbba180f03569271d,RGRKQSQFKKNKTKGSKKAHVTG,true,true,"3,6",R3S;S6A,RGSKQAQSKKAKTTGSKKAHVTG,a7d943cc9e2dd29515852748c29090349854ae5330a8059000f5cd7fe1edd5f2,proposal-a7d943cc9e2dd2951585,20.491304347826087,1,0.17391304347826086,7.028,false,search_prefilter,2384.71,11.861328125,0.17391304347826086,0.09077434567898252,0.297,0.485,low,0.36,0.36,Non-Toxin,1.7997829771486318,63.064212529145635,1.364596962928772,2.3421785831451416,1.95905339717865,1.5332720279693604,0.07645701578118413,true,true,true,1.4313617944717407,26.99987754522041,12,true,true,0,false,not_started,0.347342,0.763906,0.597033,1,false,at_or_above_parent_run_top_quartile_per_independent_model,exact_parent_empirical_cdf
vegfa,25,masked_substitution,autoresearch-amp-read-hybrid-pair-rescue-v1,11d24d38a7b4bfb68cedbf1f30b5556f79d8362b095e0d597cdd4b36482f2a12,7be9eab26dd3b5157696b430c91e7dc10d825ddc427a8a9b875c679582259a8c,7be9eab26dd3b5157696b430c91e7dc10d825ddc427a8a9b875c679582259a8c,RGRKQSQSKKAKTTGSKKAHVTG,amp-read,amp_read_log10_mic_um,1.8762399631327233,seqfam80_76ccbba180f03569271d,RGRKQSQFKKNKTKGSKKAHVTG,true,true,"3,6",R3S;S6F,RGSKQFQSKKAKTTGSKKAHVTG,56c05268cb14329c4c7adb99bb3469b44e207e2f6e6f5aebc761e6273044d232,proposal-56c05268cb14329c4c7a,17.213043478260865,1,0.17391304347826086,7.028,false,search_prefilter,2460.8,11.861328125,0.17391304347826086,0.11097435736186197,0.396,0.495,low,0.365,0.365,Non-Toxin,1.6282687013418053,42.48823606306251,1.4847724437713623,2.2567195892333984,1.5660984516143799,1.2054417133331299,0.24797123198761195,true,true,true,1.3824130296707153,24.121984256045472,12,true,true,0,false,not_started,0.620519,0.809642,0.697157,1,false,at_or_above_parent_run_top_quartile_per_independent_model,exact_parent_empirical_cdf
vegfa,25,masked_substitution,autoresearch-amp-read-hybrid-pair-rescue-v1,b3603d28d304a15ae5c44307e60621bac0fa93a897fbc2f3290b51ed10f45795,7be9eab26dd3b5157696b430c91e7dc10d825ddc427a8a9b875c679582259a8c,7be9eab26dd3b5157696b430c91e7dc10d825ddc427a8a9b875c679582259a8c,RGRKQSQSKKAKTTGSKKAHVTG,amp-read,amp_read_log10_mic_um,1.8762399631327233,seqfam80_76ccbba180f03569271d,RGRKQSQFKKNKTKGSKKAHVTG,true,true,"2,5",G2H;Q5F,RHRKFSQSKKAKTTGSKKAHVTG,8212acae215891755a5d0eb15347ed6932ca8e3e48b58c1a6f06f19ce43c9a1c,proposal-8212acae215891755a5d,30.65217391304349,1,0.17391304347826086,8.07,false,search_prefilter,2568.94,12.2392578125,0.17391304347826086,0.10969762252496143,0.406,0.347,low,0.345,0.345,Non-Toxin,1.776418199577104,59.76104727000955,1.7652074098587036,2.4898269176483154,1.3575549125671387,1.493057370185852,0.09982176355561934,true,true,true,1.3317564725875854,21.466264317190106,12,true,true,0,false,not_started,0.389370,0.855377,0.703337,1,false,at_or_above_parent_run_top_quartile_per_independent_model,exact_parent_empirical_cdf
vegfa,25,masked_substitution,autoresearch-amp-read-hybrid-pair-rescue-v1,c431e08a9ddc95f69148bc0323d5b607c08b7602eaf510588cb810330851278a,7be9eab26dd3b5157696b430c91e7dc10d825ddc427a8a9b875c679582259a8c,7be9eab26dd3b5157696b430c91e7dc10d825ddc427a8a9b875c679582259a8c,RGRKQSQSKKAKTTGSKKAHVTG,amp-read,amp_read_log10_mic_um,1.8762399631327233,seqfam80_76ccbba180f03569271d,RGRKQSQFKKNKTKGSKKAHVTG,true,true,"2,5",G2H;Q5I,RHRKISQSKKAKTTGSKKAHVTG,73ca7aa56df43158be32a220d6a5da94cdb1ee0db07c1be43380d6caf8354d11,proposal-73ca7aa56df43158be32,26.960869565217397,1,0.17391304347826086,8.07,false,search_prefilter,2534.93,12.2392578125,0.17391304347826086,0.11767759666798112,0.337,0.347,low,0.32,0.32,Non-Toxin,1.8084447091792404,64.33461542087375,1.8385825157165527,2.557854413986206,1.4802154302597046,1.3570835590362549,0.06779522415017714,true,true,true,1.4082025289535522,25.59779336485367,12,true,true,0,false,not_started,0.337454,0.784920,0.655130,1,false,at_or_above_parent_run_top_quartile_per_independent_model,exact_parent_empirical_cdf
vegfa,25,masked_substitution,autoresearch-amp-read-hybrid-pair-rescue-v1,e3682c561342818efdbecbd4129e8d22fd4d8919b645bc0c1cfeec22007855da,7be9eab26dd3b5157696b430c91e7dc10d825ddc427a8a9b875c679582259a8c,7be9eab26dd3b5157696b430c91e7dc10d825ddc427a8a9b875c679582259a8c,RGRKQSQSKKAKTTGSKKAHVTG,amp-read,amp_read_log10_mic_um,1.8762399631327233,seqfam80_76ccbba180f03569271d,RGRKQSQFKKNKTKGSKKAHVTG,true,true,"2,5",G2H;Q5W,RHRKWSQSKKAKTTGSKKAHVTG,054fe258127e5d65e5a9ffeac54a7604437bb7ea9cb44f4f6724978d27c32d36,proposal-054fe258127e5d65e5a9,30.65217391304349,1,0.17391304347826086,8.07,false,search_prefilter,2607.98,12.2392578125,0.13043478260869565,0.09450061222495505,0.396,0.347,low,0.33,0.33,Non-Toxin,1.7293486411568464,53.622695486673756,1.8002058267593384,2.3676323890686035,1.2331136465072632,1.5164237022399902,0.14689135177918278,true,true,true,1.0823675394058228,12.088364294365618,12,true,true,0,false,not_started,0.459827,0.949320,0.697157,1,false,at_or_above_parent_run_top_quartile_per_independent_model,exact_parent_empirical_cdf
vegfa,25,masked_substitution,autoresearch-amp-read-hybrid-pair-rescue-v1,399a3d1ad9484ef7db8f152d8df0a65ed6834c9325f2723ac2479fda9ad0c55b,7be9eab26dd3b5157696b430c91e7dc10d825ddc427a8a9b875c679582259a8c,7be9eab26dd3b5157696b430c91e7dc10d825ddc427a8a9b875c679582259a8c,RGRKQSQSKKAKTTGSKKAHVTG,amp-read,amp_read_log10_mic_um,1.8762399631327233,seqfam80_76ccbba180f03569271d,RGRKQSQFKKNKTKGSKKAHVTG,true,true,"2,5",G2I;Q5H,RIRKHSQSKKAKTTGSKKAHVTG,a26772270ed9d93fcaa292b136db6256c9d6bc841f15f5cee425ce3fcce99575,proposal-a26772270ed9d93fcaa2,22.27826086956522,1,0.17391304347826086,8.07,false,search_prefilter,2534.93,12.2392578125,0.17391304347826086,0.0731413331436944,0.327,0.465,low,0.315,0.315,Non-Toxin,1.777103729152173,59.85545398672873,1.5442562103271484,2.3055343627929688,1.4854880571365356,1.773134469985962,0.09913623398055038,true,true,true,1.4065686464309692,25.501671461977445,12,true,true,0,false,not_started,0.389370,0.789864,0.646477,1,false,at_or_above_parent_run_top_quartile_per_independent_model,exact_parent_empirical_cdf
vegfa,25,masked_substitution,autoresearch-amp-read-hybrid-pair-rescue-v1,4141c3d65dc39305931fdcc94305d3f0c2440ee5435c619254095d5bdf171f8c,7be9eab26dd3b5157696b430c91e7dc10d825ddc427a8a9b875c679582259a8c,7be9eab26dd3b5157696b430c91e7dc10d825ddc427a8a9b875c679582259a8c,RGRKQSQSKKAKTTGSKKAHVTG,amp-read,amp_read_log10_mic_um,1.8762399631327233,seqfam80_76ccbba180f03569271d,RGRKQSQFKKNKTKGSKKAHVTG,true,true,"2,5",G2I;Q5K,RIRKKSQSKKAKTTGSKKAHVTG,eda4631e86dd332ede73c65f584839383bc0cff5972c9372902202aaf7cd2b51,proposal-eda4631e86dd332ede73,22.27826086956522,1,0.17391304347826086,9.028,false,search_prefilter,2525.96,12.25634765625,0.17391304347826086,0.03137762433866507,0.307,0.446,low,0.275,0.275,Non-Toxin,1.764566353859501,58.152227363913816,1.4633865356445312,2.1774754524230957,1.555556297302246,1.8618535995483398,0.11167351986330476,true,true,true,1.2543721199035645,17.962720813510106,12,true,true,0,false,not_started,0.398022,0.893696,0.614339,1,false,at_or_above_parent_run_top_quartile_per_independent_model,exact_parent_empirical_cdf
vegfa,25,masked_substitution,autoresearch-amp-read-hybrid-pair-rescue-v1,560f614e3a74a3af43e145d6d7dbc645769a2cceb878d8cc53a89d91c5ba5558,7be9eab26dd3b5157696b430c91e7dc10d825ddc427a8a9b875c679582259a8c,7be9eab26dd3b5157696b430c91e7dc10d825ddc427a8a9b875c679582259a8c,RGRKQSQSKKAKTTGSKKAHVTG,amp-read,amp_read_log10_mic_um,1.8762399631327233,seqfam80_76ccbba180f03569271d,RGRKQSQFKKNKTKGSKKAHVTG,true,true,"2,5",G2K;Q5A,RKRKASQSKKAKTTGSKKAHVTG,57449690987bdf7415cf3a38beb1cb616b680eccb0afd7705a4b3fbe16b27d98,proposal-57449690987bdf7415cf,36.45217391304349,1,0.17391304347826086,9.028,false,search_prefilter,2483.88,12.25634765625,0.17391304347826086,0.10038495403279221,0.426,0.327,low,0.3,0.3,Non-Toxin,1.8190888300364936,65.93087356172568,1.7398253679275513,2.336097240447998,1.575522780418396,1.6248893737792969,0.057151192702841414,true,true,true,1.1785752773284912,15.086040779270151,12,true,true,0,false,not_started,0.317676,0.920890,0.713226,1,false,at_or_above_parent_run_top_quartile_per_independent_model,exact_parent_empirical_cdf
vegfa,25,masked_substitution,autoresearch-amp-read-hybrid-pair-rescue-v1,faeeea57a9ec5aa9cbb669b7b36001657626cc5ef1a2dae6e37f536157f2a2ff,7be9eab26dd3b5157696b430c91e7dc10d825ddc427a8a9b875c679582259a8c,7be9eab26dd3b5157696b430c91e7dc10d825ddc427a8a9b875c679582259a8c,RGRKQSQSKKAKTTGSKKAHVTG,amp-read,amp_read_log10_mic_um,1.8762399631327233,seqfam80_76ccbba180f03569271d,RGRKQSQFKKNKTKGSKKAHVTG,true,true,"2,5",G2K;Q5F,RKRKFSQSKKAKTTGSKKAHVTG,a498b70a92da35973c838358ff9390608649b5e2ee1348bf1153407b9767cdba,proposal-a498b70a92da35973c83,36.45217391304349,1,0.17391304347826086,9.028,false,search_prefilter,2559.98,12.25634765625,0.17391304347826086,0.11522930023171973,0.436,0.327,low,0.35,0.35,Non-Toxin,1.6242501092420565,42.096899371147266,1.6012412309646606,2.17954683303833,1.3580113649368286,1.3581748008728027,0.25198991349727873,true,true,true,1.2904716730117798,19.519634124903167,12,true,true,0,false,not_started,0.627936,0.877627,0.714462,1,false,at_or_above_parent_run_top_quartile_per_independent_model,exact_parent_empirical_cdf
vegfa,25,masked_substitution,autoresearch-amp-read-hybrid-pair-rescue-v1,78e64477f4bd757620c5cd78b4ffd55ef6e64b33be3550e4166e0d9469a310ec,7be9eab26dd3b5157696b430c91e7dc10d825ddc427a8a9b875c679582259a8c,7be9eab26dd3b5157696b430c91e7dc10d825ddc427a8a9b875c679582259a8c,RGRKQSQSKKAKTTGSKKAHVTG,amp-read,amp_read_log10_mic_um,1.8762399631327233,seqfam80_76ccbba180f03569271d,RGRKQSQFKKNKTKGSKKAHVTG,true,true,"2,5",G2K;Q5I,RKRKISQSKKAKTTGSKKAHVTG,f4fbd469f643c0764d219a879716a5e3906335c61e09dc9765b9058daad24143,proposal-f4fbd469f643c0764d21,32.7608695652174,1,0.17391304347826086,9.028,false,search_prefilter,2525.96,12.25634765625,0.17391304347826086,0.12114603165106846,0.356,0.366,low,0.31,0.31,Non-Toxin,1.6651742661634756,46.25665948719353,1.5929231643676758,2.2530517578125,1.4723937511444092,1.3422961235046387,0.2110656969692477,true,true,true,1.2342979907989502,17.151337414534122,12,true,true,0,false,not_started,0.557478,0.901112,0.666255,1,false,at_or_above_parent_run_top_quartile_per_independent_model,exact_parent_empirical_cdf
vegfa,25,masked_substitution,autoresearch-amp-read-hybrid-pair-rescue-v1,1fed865aece24d61e2e5f921d1319547babb00d3bb4970f19b5379aa52530755,7be9eab26dd3b5157696b430c91e7dc10d825ddc427a8a9b875c679582259a8c,7be9eab26dd3b5157696b430c91e7dc10d825ddc427a8a9b875c679582259a8c,RGRKQSQSKKAKTTGSKKAHVTG,amp-read,amp_read_log10_mic_um,1.8762399631327233,seqfam80_76ccbba180f03569271d,RGRKQSQFKKNKTKGSKKAHVTG,true,true,"2,5",G2K;Q5L,RKRKLSQSKKAKTTGSKKAHVTG,017e43c78f5394b43017d183692445745a10db546951142991d28ad69beb77e7,proposal-017e43c78f5394b43017,32.7608695652174,1,0.17391304347826086,9.028,false,search_prefilter,2525.96,12.25634765625,0.17391304347826086,0.11240648437916795,0.356,0.366,low,0.31,0.31,Non-Toxin,1.673367726209849,47.13762816155296,1.6731197834014893,2.2918996810913086,1.6900707483291626,1.0383169651031494,0.20287220711956833,true,true,true,1.2280315160751343,16.905636087638793,12,true,true,0,false,not_started,0.553770,0.903585,0.666255,1,false,at_or_above_parent_run_top_quartile_per_independent_model,exact_parent_empirical_cdf
vegfa,25,masked_substitution,autoresearch-amp-read-hybrid-pair-rescue-v1,77a2466f5a56213f6e332d4ae71484fb79edd8e22bf143258a88e19694ebf8b2,7be9eab26dd3b5157696b430c91e7dc10d825ddc427a8a9b875c679582259a8c,7be9eab26dd3b5157696b430c91e7dc10d825ddc427a8a9b875c679582259a8c,RGRKQSQSKKAKTTGSKKAHVTG,amp-read,amp_read_log10_mic_um,1.8762399631327233,seqfam80_76ccbba180f03569271d,RGRKQSQFKKNKTKGSKKAHVTG,true,true,"2,5",G2K;Q5V,RKRKVSQSKKAKTTGSKKAHVTG,ee0666dfbb0b248c316908f450b0af3cb16a144de270ba7eabfea5fbb39a4c44,proposal-ee0666dfbb0b248c3169,32.7608695652174,1,0.17391304347826086,9.028,false,search_prefilter,2511.93,12.25634765625,0.17391304347826086,0.11240648437916795,0.347,0.366,low,0.305,0.305,Non-Toxin,1.8253809287979423,66.89303932024171,1.6668643951416016,2.364816665649414,1.6239997148513794,1.6458234786987305,0.05085897472816936,true,true,true,1.1667522192001343,14.68088440799586,12,true,true,0,false,not_started,0.315204,0.924598,0.658838,1,false,at_or_above_parent_run_top_quartile_per_independent_model,exact_parent_empirical_cdf
vegfa,25,masked_substitution,autoresearch-amp-read-hybrid-pair-rescue-v1,ee1e98d871ea18fc25bbd2031d7c0fdf40f79d0276ab533f95cca9476fde874e,7be9eab26dd3b5157696b430c91e7dc10d825ddc427a8a9b875c679582259a8c,7be9eab26dd3b5157696b430c91e7dc10d825ddc427a8a9b875c679582259a8c,RGRKQSQSKKAKTTGSKKAHVTG,amp-read,amp_read_log10_mic_um,1.8762399631327233,seqfam80_76ccbba180f03569271d,RGRKQSQFKKNKTKGSKKAHVTG,true,true,"2,5",G2K;Q5W,RKRKWSQSKKAKTTGSKKAHVTG,951f16e87d5b1036ed11c6606b7db7425949ddbe5b4bb5c5e9b2efa48a828f8e,proposal-951f16e87d5b1036ed11,36.45217391304349,1,0.17391304347826086,9.028,false,search_prefilter,2599.01,12.25634765625,0.13043478260869565,0.10481198900092491,0.426,0.327,low,0.33,0.33,Non-Toxin,1.5570136775538528,36.05899991674728,1.7322174310684204,2.0337696075439453,1.11127507686615,1.350773572921753,0.3192263451854822,true,true,true,1.2919270992279053,19.585158889821148,12,true,true,0,false,not_started,0.714462,0.877627,0.713226,1,false,at_or_above_parent_run_top_quartile_per_independent_model,exact_parent_empirical_cdf
vegfa,25,masked_substitution,autoresearch-amp-read-hybrid-pair-rescue-v1,771418b2eacaf6e411f467377a9f111e4a98d59df54bae6f4f0d86b60e46a606,7be9eab26dd3b5157696b430c91e7dc10d825ddc427a8a9b875c679582259a8c,7be9eab26dd3b5157696b430c91e7dc10d825ddc427a8a9b875c679582259a8c,RGRKQSQSKKAKTTGSKKAHVTG,amp-read,amp_read_log10_mic_um,1.8762399631327233,seqfam80_76ccbba180f03569271d,RGRKQSQFKKNKTKGSKKAHVTG,true,true,"2,5",G2L;Q5K,RLRKKSQSKKAKTTGSKKAHVTG,48ed5b4090b98f0d2d72d86a9fd3d989ef70027a8765ed40a2d29d4f7c65e05b,proposal-48ed5b4090b98f0d2d72,30.65217391304349,1,0.17391304347826086,9.028,false,search_prefilter,2525.96,12.25634765625,0.17391304347826086,0.018968546212260903,0.307,0.465,low,0.285,0.285,Non-Toxin,1.6269977671535336,42.36407879715146,1.3761146068572998,2.1179704666137695,1.2589768171310425,1.7549409866333008,0.24924219597918973,true,true,true,1.413114070892334,25.88892819103092,12,true,true,0,false,not_started,0.621755,0.779975,0.614339,1,false,at_or_above_parent_run_top_quartile_per_independent_model,exact_parent_empirical_cdf
vegfa,25,masked_substitution,autoresearch-amp-read-hybrid-pair-rescue-v1,be8917adfc715ecc42542afb3b4c0660c71a6f50463b302c899d7a436200b185,7be9eab26dd3b5157696b430c91e7dc10d825ddc427a8a9b875c679582259a8c,7be9eab26dd3b5157696b430c91e7dc10d825ddc427a8a9b875c679582259a8c,RGRKQSQSKKAKTTGSKKAHVTG,amp-read,amp_read_log10_mic_um,1.8762399631327233,seqfam80_76ccbba180f03569271d,RGRKQSQFKKNKTKGSKKAHVTG,true,true,"2,5",G2Q;Q5W,RQRKWSQSKKAKTTGSKKAHVTG,ed235b7f18caf370081c0a8ff0f3a9c6f6d7bf93ccfadcdcb50e779607445ab6,proposal-ed235b7f18caf370081c,30.65217391304349,1,0.17391304347826086,8.028,false,search_prefilter,2598.97,12.2392578125,0.13043478260869565,0.09601142695697505,0.436,0.356,low,0.345,0.345,Non-Toxin,1.8166594002985552,65.56308796834543,1.5756597518920898,2.551384687423706,1.668142557144165,1.4714159965515137,0.05958050322755648,true,true,true,1.3914576768875122,24.629618045868934,12,true,true,0,false,not_started,0.322621,0.799753,0.714462,1,false,at_or_above_parent_run_top_quartile_per_independent_model,exact_parent_empirical_cdf
vegfa,25,masked_substitution,autoresearch-amp-read-hybrid-pair-rescue-v1,8ac5c8984a5ed1e6c33b4993f61964841321ce326e1dd8a16dbdc7fb10a1c8ea,7be9eab26dd3b5157696b430c91e7dc10d825ddc427a8a9b875c679582259a8c,7be9eab26dd3b5157696b430c91e7dc10d825ddc427a8a9b875c679582259a8c,RGRKQSQSKKAKTTGSKKAHVTG,amp-read,amp_read_log10_mic_um,1.8762399631327233,seqfam80_76ccbba180f03569271d,RGRKQSQFKKNKTKGSKKAHVTG,true,true,"2,5",G2S;Q5F,RSRKFSQSKKAKTTGSKKAHVTG,3b41bfb0905305d18d77ca5da74f07ad973dae182dce04cd923734b7da977d20,proposal-3b41bfb0905305d18d77,49.756521739130434,1,0.17391304347826086,8.028,false,search_prefilter,2518.88,12.2392578125,0.17391304347826086,0.1110571206237305,0.406,0.297,low,0.32,0.32,Non-Toxin,1.7159784332943737,51.99701746025404,1.5124273300170898,2.5040695667266846,1.523633599281311,1.3237452507019043,0.16026158944496127,true,true,true,1.4082516431808472,25.600688375003955,12,true,true,0,false,not_started,0.478368,0.784920,0.703337,1,false,at_or_above_parent_run_top_quartile_per_independent_model,exact_parent_empirical_cdf
vegfa,25,masked_substitution,autoresearch-amp-read-hybrid-pair-rescue-v1,fbb7fabf8aa4aa20c4f14c53693a426152ccd0f49542999994137a9344009802,7be9eab26dd3b5157696b430c91e7dc10d825ddc427a8a9b875c679582259a8c,7be9eab26dd3b5157696b430c91e7dc10d825ddc427a8a9b875c679582259a8c,RGRKQSQSKKAKTTGSKKAHVTG,amp-read,amp_read_log10_mic_um,1.8762399631327233,seqfam80_76ccbba180f03569271d,RGRKQSQFKKNKTKGSKKAHVTG,true,true,"2,5",G2S;Q5I,RSRKISQSKKAKTTGSKKAHVTG,c98d5e838cf535325a72ecd8e1d1b0d739b94a7374d407197198fc674430e84e,proposal-c98d5e838cf535325a72,46.06521739130435,1,0.17391304347826086,8.028,false,search_prefilter,2484.87,12.2392578125,0.17391304347826086,0.11929504689868553,0.386,0.297,low,0.31,0.31,Non-Toxin,1.800585936979184,63.18091875564847,1.6243938207626343,2.554307222366333,1.7385897636413574,1.285001516342163,0.0756539963502334,true,true,true,1.3851171731948853,24.27264885851512,12,true,true,0,false,not_started,0.347342,0.807169,0.686032,1,false,at_or_above_parent_run_top_quartile_per_independent_model,exact_parent_empirical_cdf
vegfa,25,masked_substitution,autoresearch-amp-read-hybrid-pair-rescue-v1,2f4f3ce2755fe45f5c017d7c61b037550555700872d95c3a523ec2d34b5053c5,7be9eab26dd3b5157696b430c91e7dc10d825ddc427a8a9b875c679582259a8c,7be9eab26dd3b5157696b430c91e7dc10d825ddc427a8a9b875c679582259a8c,RGRKQSQSKKAKTTGSKKAHVTG,amp-read,amp_read_log10_mic_um,1.8762399631327233,seqfam80_76ccbba180f03569271d,RGRKQSQFKKNKTKGSKKAHVTG,true,true,"2,5",G2S;Q5W,RSRKWSQSKKAKTTGSKKAHVTG,b4fa84a60c441a760aa1551aeeda3469130c92ce4ee662d42d96b4f236c2bb7c,proposal-b4fa84a60c441a760aa1,49.756521739130434,1,0.17391304347826086,8.028,false,search_prefilter,2557.92,12.2392578125,0.13043478260869565,0.09522756191282573,0.416,0.287,low,0.34,0.34,Non-Toxin,1.7365673082963609,54.52143881463363,1.6819754838943481,2.3853654861450195,1.4977518320083618,1.3811415433883667,0.1396726548363625,true,true,true,1.1652860641479492,14.631406088817286,12,true,true,0,false,not_started,0.443758,0.924598,0.711990,1,false,at_or_above_parent_run_top_quartile_per_independent_model,exact_parent_empirical_cdf
vegfa,25,masked_substitution,autoresearch-amp-read-hybrid-pair-rescue-v1,3ffddf6484b49539384076af5ad44811e06f7c47eab18044874cab36aca6a03a,7be9eab26dd3b5157696b430c91e7dc10d825ddc427a8a9b875c679582259a8c,7be9eab26dd3b5157696b430c91e7dc10d825ddc427a8a9b875c679582259a8c,RGRKQSQSKKAKTTGSKKAHVTG,amp-read,amp_read_log10_mic_um,1.8762399631327233,seqfam80_76ccbba180f03569271d,RGRKQSQFKKNKTKGSKKAHVTG,true,true,"2,5",G2T;Q5W,RTRKWSQSKKAKTTGSKKAHVTG,805449f1183a9b7a9de8c71330dd5b72fbe412e6c001e567bfb8852ffe05bef0,proposal-805449f1183a9b7a9de8,22.27826086956522,1,0.17391304347826086,8.028,false,search_prefilter,2571.94,12.2392578125,0.13043478260869565,0.09610306836009688,0.366,0.317,low,0.28,0.28,Non-Toxin,1.8179148609131992,65.75289227548032,1.7729384899139404,2.3465468883514404,1.7036863565444946,1.4484493732452393,0.05832504261291249,true,true,true,1.2570500373840332,18.073823521776703,12,true,true,0,false,not_started,0.320148,0.893696,0.669963,1,false,at_or_above_parent_run_top_quartile_per_independent_model,exact_parent_empirical_cdf
vegfa,25,masked_substitution,autoresearch-amp-read-hybrid-pair-rescue-v1,8a47a6218d88ef4532be658f5b6641f2027ea8668f00e1790904fc9f8504c0cc,7be9eab26dd3b5157696b430c91e7dc10d825ddc427a8a9b875c679582259a8c,7be9eab26dd3b5157696b430c91e7dc10d825ddc427a8a9b875c679582259a8c,RGRKQSQSKKAKTTGSKKAHVTG,amp-read,amp_read_log10_mic_um,1.8762399631327233,seqfam80_76ccbba180f03569271d,RGRKQSQFKKNKTKGSKKAHVTG,true,true,"2,5",G2V;Q5G,RVRKGSQSKKAKTTGSKKAHVTG,9509cd40ec4c382d4916ece2ec51af9fac3d27cb33362146e23185d52eb0f1c5,proposal-9509cd40ec4c382d4916,18.586956521739125,1,0.17391304347826086,8.028,false,search_prefilter,2440.81,12.2392578125,0.17391304347826086,0.1019209152383997,0.366,0.495,low,0.285,0.285,Non-Toxin,1.789147760071584,61.53862100316822,1.5124292373657227,2.303658962249756,1.5405880212783813,1.7999138832092285,0.08709214345452776,true,true,true,1.2790974378585815,19.015048517211362,12,true,true,0,false,not_started,0.367120,0.883807,0.669963,1,false,at_or_above_parent_run_top_quartile_per_independent_model,exact_parent_empirical_cdf
vegfa,25,masked_substitution,autoresearch-amp-read-hybrid-pair-rescue-v1,fa067cd2b49c04a4343a63432e6cf75d39d9be66a69c4607b64b04f36e2d02df,7be9eab26dd3b5157696b430c91e7dc10d825ddc427a8a9b875c679582259a8c,7be9eab26dd3b5157696b430c91e7dc10d825ddc427a8a9b875c679582259a8c,RGRKQSQSKKAKTTGSKKAHVTG,amp-read,amp_read_log10_mic_um,1.8762399631327233,seqfam80_76ccbba180f03569271d,RGRKQSQFKKNKTKGSKKAHVTG,true,true,"2,5",G2W;Q5H,RWRKHSQSKKAKTTGSKKAHVTG,095b649827aad89d6579a900604ed5bf8a774781850675f89a732e4a51a5f813,proposal-095b649827aad89d6579,47.182608695652185,1,0.17391304347826086,8.07,false,search_prefilter,2607.98,12.2392578125,0.13043478260869565,0.05672369721314329,0.455,0.446,low,0.35,0.35,Non-Toxin,1.4227375985511217,26.46900393747268,1.3397510051727295,2.018051862716675,0.8860522508621216,1.4471001625061035,0.45350236458160165,true,true,true,1.4541313648223877,28.45321626431816,12,true,true,0,false,not_started,0.841780,0.749073,0.719407,1,false,at_or_above_parent_run_top_quartile_per_independent_model,exact_parent_empirical_cdf
vegfa,25,masked_substitution,autoresearch-amp-read-hybrid-pair-rescue-v1,84b1c9fd602dc58fc1be92679750d413426b81c9f7d7139e66d7874cbc3eb19a,7be9eab26dd3b5157696b430c91e7dc10d825ddc427a8a9b875c679582259a8c,7be9eab26dd3b5157696b430c91e7dc10d825ddc427a8a9b875c679582259a8c,RGRKQSQSKKAKTTGSKKAHVTG,amp-read,amp_read_log10_mic_um,1.8762399631327233,seqfam80_76ccbba180f03569271d,RGRKQSQFKKNKTKGSKKAHVTG,true,true,"2,5",G2W;Q5N,RWRKNSQSKKAKTTGSKKAHVTG,b60bb2272449a7d68d27db32a99b940c00d6c8e719b08d3f08edcd32a9e14b28,proposal-b60bb2272449a7d68d27,47.182608695652185,1,0.17391304347826086,8.028,false,search_prefilter,2584.94,12.2392578125,0.13043478260869565,0.04020262039195384,0.446,0.455,low,0.275,0.275,Non-Toxin,1.6512511651535,44.797230471234464,1.4967390298843384,2.2584166526794434,1.0465360879898071,1.8033297061920166,0.22498882778252938,true,true,true,1.3667224645614624,23.26603968635609,12,true,true,0,false,not_started,0.576020,0.823239,0.718171,1,false,at_or_above_parent_run_top_quartile_per_independent_model,exact_parent_empirical_cdf
vegfa,25,masked_substitution,autoresearch-amp-read-hybrid-pair-rescue-v1,3e35357031fbd14d7fe98fbb6e724ac6016b20395cd4a4b26e58baae768b0516,7be9eab26dd3b5157696b430c91e7dc10d825ddc427a8a9b875c679582259a8c,7be9eab26dd3b5157696b430c91e7dc10d825ddc427a8a9b875c679582259a8c,RGRKQSQSKKAKTTGSKKAHVTG,amp-read,amp_read_log10_mic_um,1.8762399631327233,seqfam80_76ccbba180f03569271d,RGRKQSQFKKNKTKGSKKAHVTG,true,true,"2,5",G2W;Q5T,RWRKTSQSKKAKTTGSKKAHVTG,39c2f1ec5f79ccb21ae17a8bc8ffab6775cca88f1d18073c2965fb34c8afffd5,proposal-39c2f1ec5f79ccb21ae1,47.182608695652185,1,0.17391304347826086,8.028,false,search_prefilter,2571.94,12.2392578125,0.13043478260869565,0.07194074762292918,0.475,0.436,low,0.265,0.265,Non-Toxin,1.6072128343348002,40.47742104584944,1.4751813411712646,2.2303500175476074,1.0417709350585938,1.68155837059021,0.2690271287979231,true,true,true,1.3860191106796265,24.323110380512286,12,true,true,0,false,not_started,0.648949,0.807169,0.723115,1,false,at_or_above_parent_run_top_quartile_per_independent_model,exact_parent_empirical_cdf
vegfa,25,masked_substitution,autoresearch-amp-read-hybrid-pair-rescue-v1,94e3df71fa39ce1d15c58ff316126ac1c07109abcb3bdbb509ad08e37f000962,7be9eab26dd3b5157696b430c91e7dc10d825ddc427a8a9b875c679582259a8c,7be9eab26dd3b5157696b430c91e7dc10d825ddc427a8a9b875c679582259a8c,RGRKQSQSKKAKTTGSKKAHVTG,amp-read,amp_read_log10_mic_um,1.8762399631327233,seqfam80_76ccbba180f03569271d,RGRKQSQFKKNKTKGSKKAHVTG,true,true,"2,5",G2F;Q5H,RFRKHSQSKKAKTTGSKKAHVTG,b875b52825413f295ce8a688aa7472d221437341ae6d91e9e1c5be8522a76350,proposal-b875b52825413f295ce8,22.27826086956522,1,0.17391304347826086,8.07,false,search_prefilter,2568.94,12.2392578125,0.17391304347826086,0.0669288331326966,0.455,0.455,low,0.375,0.375,Non-Toxin,1.5319984570284317,34.04069802929905,1.327674150466919,2.1640524864196777,1.2612134218215942,1.375038743019104,0.34424144649767974,true,true,true,1.47111976146698,29.588282834144575,12,true,true,0,false,not_started,0.744129,0.735476,0.719407,0,false,at_or_above_parent_run_top_quartile_per_independent_model,exact_parent_empirical_cdf
vegfa,25,masked_substitution,autoresearch-amp-read-hybrid-pair-rescue-v1,300598381c7ff8539e24b290684f4054cb84ac4fff9e57af106b514b7631e79a,7be9eab26dd3b5157696b430c91e7dc10d825ddc427a8a9b875c679582259a8c,7be9eab26dd3b5157696b430c91e7dc10d825ddc427a8a9b875c679582259a8c,RGRKQSQSKKAKTTGSKKAHVTG,amp-read,amp_read_log10_mic_um,1.8762399631327233,seqfam80_76ccbba180f03569271d,RGRKQSQFKKNKTKGSKKAHVTG,true,true,"2,5",G2F;Q5S,RFRKSSQSKKAKTTGSKKAHVTG,8f849c29ec3edb826451fb71e5bdc966c0f1d2c36186c30e1e7fc3552fc1b829,proposal-8f849c29ec3edb826451,30.65217391304349,1,0.17391304347826086,8.028,false,search_prefilter,2518.88,12.2392578125,0.17391304347826086,0.07627760526221877,0.485,0.475,low,0.315,0.315,Non-Toxin,1.8058408589298307,63.950045664571526,1.4084666967391968,2.453559398651123,2.060302972793579,1.3009804487228394,0.07039916380950428,true,true,true,1.5196433067321777,33.08592696488178,12,true,true,0,false,not_started,0.339926,0.681088,0.726823,0,false,at_or_above_parent_run_top_quartile_per_independent_model,exact_parent_empirical_cdf
vegfa,25,masked_substitution,autoresearch-amp-read-hybrid-pair-rescue-v1,4330ea478b97fcb8bc1b4581c2360be4e67aa45827f8f3d7af3375ef6c6fb7de,7be9eab26dd3b5157696b430c91e7dc10d825ddc427a8a9b875c679582259a8c,7be9eab26dd3b5157696b430c91e7dc10d825ddc427a8a9b875c679582259a8c,RGRKQSQSKKAKTTGSKKAHVTG,amp-read,amp_read_log10_mic_um,1.8762399631327233,seqfam80_76ccbba180f03569271d,RGRKQSQFKKNKTKGSKKAHVTG,true,true,"3,6",R3S;S6W,RGSKQWQSKKAKTTGSKKAHVTG,d80f9758d4c1540428f8556e308b20e8b35944e95c7f225f3f2588a844e7b81e,proposal-d80f9758d4c1540428f8,20.491304347826087,1,0.17391304347826086,7.028,false,search_prefilter,2499.84,11.861328125,0.13043478260869565,0.09713355165537467,0.386,0.495,low,0.325,0.0,Non-Toxin,1.5617275335302518,36.45251803731435,1.4559954404830933,2.179699420928955,1.5337268114089966,1.0774399042129517,0.31451239979605905,true,true,true,1.475577473640442,29.89354869364903,12,true,true,0,false,not_started,0.713226,0.729295,0.686032,0,false,at_or_above_parent_run_top_quartile_per_independent_model,exact_parent_empirical_cdf
vegfa,25,masked_substitution,autoresearch-amp-read-hybrid-pair-rescue-v1,f87992e5dfbfae61c04d8b4497557151a3193b929aaf475242c84cdf3d0f7c1a,7be9eab26dd3b5157696b430c91e7dc10d825ddc427a8a9b875c679582259a8c,7be9eab26dd3b5157696b430c91e7dc10d825ddc427a8a9b875c679582259a8c,RGRKQSQSKKAKTTGSKKAHVTG,amp-read,amp_read_log10_mic_um,1.8762399631327233,seqfam80_76ccbba180f03569271d,RGRKQSQFKKNKTKGSKKAHVTG,true,true,"3,6",R3T;S6W,RGTKQWQSKKAKTTGSKKAHVTG,23603e64f3e17b108a63eca4ac6aee284107ceeb1503b9ffb018a49299a60430,proposal-23603e64f3e17b108a63,16.799999999999994,1,0.17391304347826086,7.028,false,search_prefilter,2513.86,11.861328125,0.13043478260869565,0.1023989378027811,0.366,0.495,low,0.32,0.0,Non-Toxin,1.6656643566092286,46.3088884328947,1.5244826078414917,2.161928653717041,1.8005262613296509,1.1756682395935059,0.21057554691688285,true,true,true,1.5666733980178833,36.87002210800533,12,true,true,0,false,not_started,0.557478,0.619283,0.669963,0,false,at_or_above_parent_run_top_quartile_per_independent_model,exact_parent_empirical_cdf
vegfa,25,masked_substitution,autoresearch-amp-read-hybrid-pair-rescue-v1,14231da710245c1990e6ee5c172cfd813a3b94c1d516588ec9a87e703f48dfd0,7be9eab26dd3b5157696b430c91e7dc10d825ddc427a8a9b875c679582259a8c,7be9eab26dd3b5157696b430c91e7dc10d825ddc427a8a9b875c679582259a8c,RGRKQSQSKKAKTTGSKKAHVTG,amp-read,amp_read_log10_mic_um,1.8762399631327233,seqfam80_76ccbba180f03569271d,RGRKQSQFKKNKTKGSKKAHVTG,true,true,"2,5",G2L;Q5H,RLRKHSQSKKAKTTGSKKAHVTG,3cfe2a002dc3b032ce75295c5fb98fda8a338e23bb3e5d3d673aa8b2d209ff11,proposal-3cfe2a002dc3b032ce75,30.65217391304349,1,0.17391304347826086,8.07,false,search_prefilter,2534.93,12.2392578125,0.17391304347826086,0.0640397261454586,0.327,0.485,low,0.325,0.325,Non-Toxin,1.6424089297977018,43.894381083736164,1.452021837234497,2.2789254188537598,1.2808353900909424,1.5578453540802002,0.23383106313832758,true,true,true,1.482844591140747,30.39797063594942,12,true,true,0,false,not_started,0.598269,0.720643,0.646477,0,false,at_or_above_parent_run_top_quartile_per_independent_model,exact_parent_empirical_cdf
vegfa,25,masked_substitution,autoresearch-amp-read-hybrid-pair-rescue-v1,e2d654b081a4b1c8657a36b169dde1abf4f33abf1b007958de01f838da0fba35,7be9eab26dd3b5157696b430c91e7dc10d825ddc427a8a9b875c679582259a8c,7be9eab26dd3b5157696b430c91e7dc10d825ddc427a8a9b875c679582259a8c,RGRKQSQSKKAKTTGSKKAHVTG,amp-read,amp_read_log10_mic_um,1.8762399631327233,seqfam80_76ccbba180f03569271d,RGRKQSQFKKNKTKGSKKAHVTG,true,true,"2,5",G2T;Q5F,RTRKFSQSKKAKTTGSKKAHVTG,f91ebbdbd66955b5a8f05d051868d2383724a45ece05e33f42c97e0aed687a41,proposal-f91ebbdbd66955b5a8f0,22.27826086956522,1,0.17391304347826086,8.028,false,search_prefilter,2532.91,12.2392578125,0.17391304347826086,0.11223652013238865,0.376,0.327,low,0.27,0.27,Non-Toxin,1.8008250190605426,63.21570985885368,1.465242862701416,2.4844164848327637,1.8223329782485962,1.4312690496444702,0.0754148844655691,true,true,true,1.5278986692428589,33.72086210565799,12,true,true,0,false,not_started,0.346106,0.674907,0.681088,0,false,at_or_above_parent_run_top_quartile_per_independent_model,exact_parent_empirical_cdf
