time_ps,interface_rmsd_nm,native_contact_fraction,peptide_com_shift_nm,departed
0.000000000000000000e+00,0.000000000000000000e+00,1.000000000000000000e+00,0.000000000000000000e+00,0.000000000000000000e+00
1.000000000000000000e+01,7.183337956666946411e-02,9.444444444444444198e-01,4.548938572406768799e-02,0.000000000000000000e+00
2.000000000000000000e+01,8.995785564184188843e-02,9.074074074074074403e-01,5.061487853527069092e-02,0.000000000000000000e+00
3.000000000000000000e+01,8.386291563510894775e-02,9.259259259259259300e-01,5.883977189660072327e-02,0.000000000000000000e+00
4.000000000000000000e+01,8.274659514427185059e-02,9.444444444444444198e-01,4.417003691196441650e-02,0.000000000000000000e+00
5.000000000000000000e+01,8.149496465921401978e-02,9.074074074074074403e-01,4.426092281937599182e-02,0.000000000000000000e+00
6.000000000000000000e+01,8.863657712936401367e-02,8.888888888888888395e-01,2.142785862088203430e-02,0.000000000000000000e+00
7.000000000000000000e+01,8.014626055955886841e-02,9.259259259259259300e-01,1.921797171235084534e-02,0.000000000000000000e+00
8.000000000000000000e+01,1.062366291880607605e-01,9.259259259259259300e-01,3.059209324419498444e-02,0.000000000000000000e+00
9.000000000000000000e+01,8.989275991916656494e-02,9.259259259259259300e-01,5.001970008015632629e-02,0.000000000000000000e+00
1.000000000000000000e+02,8.130937814712524414e-02,9.444444444444444198e-01,3.433470800518989563e-02,0.000000000000000000e+00
1.100000000000000000e+02,8.250050991773605347e-02,9.259259259259259300e-01,4.024621099233627319e-02,0.000000000000000000e+00
1.200000000000000000e+02,9.375404566526412964e-02,9.629629629629629095e-01,6.522506475448608398e-02,0.000000000000000000e+00
1.300000000000000000e+02,9.416516125202178955e-02,9.074074074074074403e-01,5.424334108829498291e-02,0.000000000000000000e+00
1.400000000000000000e+02,8.705969154834747314e-02,9.259259259259259300e-01,4.048710316419601440e-02,0.000000000000000000e+00
1.500000000000000000e+02,1.107234433293342590e-01,9.444444444444444198e-01,6.695597618818283081e-02,0.000000000000000000e+00
1.600000000000000000e+02,1.006677597761154175e-01,9.444444444444444198e-01,5.786954239010810852e-02,0.000000000000000000e+00
1.700000000000000000e+02,1.013889163732528687e-01,9.259259259259259300e-01,4.536144807934761047e-02,0.000000000000000000e+00
1.800000000000000000e+02,9.290122985839843750e-02,9.259259259259259300e-01,2.408078685402870178e-02,0.000000000000000000e+00
1.900000000000000000e+02,1.066158041357994080e-01,8.888888888888888395e-01,3.884889557957649231e-02,0.000000000000000000e+00
2.000000000000000000e+02,8.822751045227050781e-02,9.074074074074074403e-01,2.518364973366260529e-02,0.000000000000000000e+00
2.100000000000000000e+02,8.146679401397705078e-02,9.074074074074074403e-01,3.249446302652359009e-02,0.000000000000000000e+00
2.200000000000000000e+02,1.018384248018264771e-01,8.518518518518518601e-01,5.536388233304023743e-02,0.000000000000000000e+00
2.300000000000000000e+02,1.153795421123504639e-01,9.074074074074074403e-01,3.826739639043807983e-02,0.000000000000000000e+00
2.400000000000000000e+02,1.078762710094451904e-01,8.333333333333333703e-01,5.272945016622543335e-02,0.000000000000000000e+00
2.500000000000000000e+02,1.165095120668411255e-01,8.518518518518518601e-01,4.121417552232742310e-02,0.000000000000000000e+00
2.600000000000000000e+02,1.311843097209930420e-01,8.703703703703703498e-01,4.357045143842697144e-02,0.000000000000000000e+00
2.700000000000000000e+02,1.269528418779373169e-01,8.888888888888888395e-01,6.282626837491989136e-02,0.000000000000000000e+00
2.800000000000000000e+02,1.202571168541908264e-01,8.888888888888888395e-01,3.112562932074069977e-02,0.000000000000000000e+00
2.900000000000000000e+02,1.120956987142562866e-01,8.703703703703703498e-01,6.952130049467086792e-02,0.000000000000000000e+00
3.000000000000000000e+02,1.193058639764785767e-01,8.333333333333333703e-01,5.407416820526123047e-02,0.000000000000000000e+00
3.100000000000000000e+02,1.257669329643249512e-01,8.518518518518518601e-01,3.902542591094970703e-02,0.000000000000000000e+00
3.200000000000000000e+02,1.190172061324119568e-01,8.888888888888888395e-01,6.559950858354568481e-02,0.000000000000000000e+00
3.300000000000000000e+02,9.890908002853393555e-02,9.259259259259259300e-01,3.727379068732261658e-02,0.000000000000000000e+00
3.400000000000000000e+02,1.177056059241294861e-01,8.703703703703703498e-01,6.492276489734649658e-02,0.000000000000000000e+00
3.500000000000000000e+02,1.099465191364288330e-01,8.333333333333333703e-01,3.112872131168842316e-02,0.000000000000000000e+00
3.600000000000000000e+02,1.087359115481376648e-01,8.888888888888888395e-01,4.340966418385505676e-02,0.000000000000000000e+00
3.700000000000000000e+02,1.123359724879264832e-01,9.444444444444444198e-01,1.561064273118972778e-02,0.000000000000000000e+00
3.800000000000000000e+02,1.098102107644081116e-01,9.074074074074074403e-01,6.586217135190963745e-02,0.000000000000000000e+00
3.900000000000000000e+02,1.095003262162208557e-01,9.074074074074074403e-01,4.903033748269081116e-02,0.000000000000000000e+00
4.000000000000000000e+02,1.059224605560302734e-01,7.962962962962962798e-01,5.201652273535728455e-02,0.000000000000000000e+00
4.100000000000000000e+02,1.076144799590110779e-01,8.703703703703703498e-01,5.927800014615058899e-02,0.000000000000000000e+00
4.200000000000000000e+02,1.113635525107383728e-01,9.259259259259259300e-01,3.856966644525527954e-02,0.000000000000000000e+00
4.300000000000000000e+02,1.090629398822784424e-01,8.888888888888888395e-01,6.243990734219551086e-02,0.000000000000000000e+00
4.400000000000000000e+02,1.175612732768058777e-01,9.259259259259259300e-01,4.669419303536415100e-02,0.000000000000000000e+00
4.500000000000000000e+02,1.160751208662986755e-01,8.703703703703703498e-01,5.541901290416717529e-02,0.000000000000000000e+00
4.600000000000000000e+02,1.123832464218139648e-01,8.703703703703703498e-01,5.869988724589347839e-02,0.000000000000000000e+00
4.700000000000000000e+02,1.212238445878028870e-01,9.074074074074074403e-01,6.925900280475616455e-02,0.000000000000000000e+00
4.800000000000000000e+02,1.128987446427345276e-01,9.259259259259259300e-01,5.286145210266113281e-02,0.000000000000000000e+00
4.900000000000000000e+02,1.395554989576339722e-01,8.888888888888888395e-01,1.081149652600288391e-01,0.000000000000000000e+00
5.000000000000000000e+02,1.115658208727836609e-01,9.074074074074074403e-01,7.299835234880447388e-02,0.000000000000000000e+00
5.100000000000000000e+02,9.206826239824295044e-02,9.444444444444444198e-01,4.672751575708389282e-02,0.000000000000000000e+00
5.200000000000000000e+02,1.115214675664901733e-01,9.444444444444444198e-01,4.240971803665161133e-02,0.000000000000000000e+00
5.300000000000000000e+02,9.280938655138015747e-02,9.259259259259259300e-01,2.022943645715713501e-02,0.000000000000000000e+00
5.400000000000000000e+02,1.029333472251892090e-01,9.259259259259259300e-01,2.197617106139659882e-02,0.000000000000000000e+00
5.500000000000000000e+02,9.357225149869918823e-02,9.259259259259259300e-01,3.955072909593582153e-02,0.000000000000000000e+00
5.600000000000000000e+02,1.125888526439666748e-01,8.333333333333333703e-01,4.773814231157302856e-02,0.000000000000000000e+00
5.700000000000000000e+02,1.310935318470001221e-01,9.074074074074074403e-01,7.700784504413604736e-02,0.000000000000000000e+00
5.800000000000000000e+02,1.031879037618637085e-01,9.444444444444444198e-01,3.784010559320449829e-02,0.000000000000000000e+00
5.900000000000000000e+02,8.580630272626876831e-02,8.518518518518518601e-01,2.905166894197463989e-02,0.000000000000000000e+00
6.000000000000000000e+02,9.887512773275375366e-02,9.259259259259259300e-01,2.200270257890224457e-02,0.000000000000000000e+00
6.100000000000000000e+02,1.079631373286247253e-01,8.888888888888888395e-01,4.976623505353927612e-02,0.000000000000000000e+00
6.200000000000000000e+02,1.031568869948387146e-01,8.518518518518518601e-01,2.947918884456157684e-02,0.000000000000000000e+00
6.300000000000000000e+02,1.031987220048904419e-01,8.888888888888888395e-01,5.107162147760391235e-02,0.000000000000000000e+00
6.400000000000000000e+02,9.815724939107894897e-02,9.074074074074074403e-01,3.482728451490402222e-02,0.000000000000000000e+00
6.500000000000000000e+02,8.141639083623886108e-02,8.888888888888888395e-01,1.259681209921836853e-02,0.000000000000000000e+00
6.600000000000000000e+02,9.621133655309677124e-02,9.074074074074074403e-01,4.800979793071746826e-02,0.000000000000000000e+00
6.700000000000000000e+02,8.236043155193328857e-02,9.444444444444444198e-01,1.837110519409179688e-02,0.000000000000000000e+00
6.800000000000000000e+02,9.164461493492126465e-02,9.444444444444444198e-01,2.788745425641536713e-02,0.000000000000000000e+00
6.900000000000000000e+02,9.554724395275115967e-02,9.074074074074074403e-01,3.695391863584518433e-02,0.000000000000000000e+00
7.000000000000000000e+02,1.091187298297882080e-01,8.888888888888888395e-01,5.436239019036293030e-02,0.000000000000000000e+00
7.100000000000000000e+02,9.234455972909927368e-02,8.518518518518518601e-01,4.559579119086265564e-02,0.000000000000000000e+00
7.200000000000000000e+02,8.556514978408813477e-02,9.629629629629629095e-01,1.714726351201534271e-02,0.000000000000000000e+00
7.300000000000000000e+02,8.697520941495895386e-02,9.444444444444444198e-01,4.960495047271251678e-03,0.000000000000000000e+00
7.400000000000000000e+02,8.980960398912429810e-02,9.444444444444444198e-01,3.204588219523429871e-02,0.000000000000000000e+00
7.500000000000000000e+02,7.462222129106521606e-02,9.074074074074074403e-01,1.187562383711338043e-02,0.000000000000000000e+00
7.600000000000000000e+02,9.239963442087173462e-02,9.259259259259259300e-01,3.473050892353057861e-02,0.000000000000000000e+00
7.700000000000000000e+02,1.010305359959602356e-01,9.259259259259259300e-01,3.113541565835475922e-02,0.000000000000000000e+00
7.800000000000000000e+02,8.120917528867721558e-02,8.888888888888888395e-01,3.588379174470901489e-02,0.000000000000000000e+00
7.900000000000000000e+02,9.429702162742614746e-02,9.259259259259259300e-01,3.231632336974143982e-02,0.000000000000000000e+00
8.000000000000000000e+02,1.040090322494506836e-01,8.518518518518518601e-01,3.460526466369628906e-02,0.000000000000000000e+00
8.100000000000000000e+02,9.129572659730911255e-02,8.888888888888888395e-01,2.304240502417087555e-02,0.000000000000000000e+00
8.200000000000000000e+02,1.023570522665977478e-01,8.888888888888888395e-01,4.445343837141990662e-02,0.000000000000000000e+00
8.300000000000000000e+02,9.556584060192108154e-02,9.444444444444444198e-01,3.133624792098999023e-02,0.000000000000000000e+00
8.400000000000000000e+02,9.523683786392211914e-02,9.074074074074074403e-01,7.866594940423965454e-03,0.000000000000000000e+00
8.500000000000000000e+02,1.011856421828269958e-01,8.888888888888888395e-01,5.051583424210548401e-02,0.000000000000000000e+00
8.600000000000000000e+02,9.653579443693161011e-02,9.259259259259259300e-01,3.721311688423156738e-02,0.000000000000000000e+00
8.700000000000000000e+02,1.042268201708793640e-01,9.259259259259259300e-01,6.343439221382141113e-02,0.000000000000000000e+00
8.800000000000000000e+02,9.921616315841674805e-02,8.888888888888888395e-01,3.767056018114089966e-02,0.000000000000000000e+00
8.900000000000000000e+02,9.977322816848754883e-02,9.074074074074074403e-01,4.932972416281700134e-02,0.000000000000000000e+00
9.000000000000000000e+02,8.699925243854522705e-02,9.444444444444444198e-01,2.491747401654720306e-02,0.000000000000000000e+00
9.100000000000000000e+02,9.648831933736801147e-02,9.074074074074074403e-01,3.516837209463119507e-02,0.000000000000000000e+00
9.200000000000000000e+02,9.801258891820907593e-02,9.074074074074074403e-01,2.908655069768428802e-02,0.000000000000000000e+00
9.300000000000000000e+02,1.104340627789497375e-01,7.962962962962962798e-01,5.279470607638359070e-02,0.000000000000000000e+00
9.400000000000000000e+02,9.705790132284164429e-02,9.074074074074074403e-01,9.543688036501407623e-03,0.000000000000000000e+00
9.500000000000000000e+02,1.049675568938255310e-01,8.888888888888888395e-01,4.647571593523025513e-02,0.000000000000000000e+00
9.600000000000000000e+02,1.043810024857521057e-01,8.703703703703703498e-01,3.737425431609153748e-02,0.000000000000000000e+00
9.700000000000000000e+02,1.172713711857795715e-01,9.259259259259259300e-01,1.477831508964300156e-02,0.000000000000000000e+00
9.800000000000000000e+02,1.202995851635932922e-01,9.259259259259259300e-01,5.815735086798667908e-02,0.000000000000000000e+00
9.900000000000000000e+02,1.280486881732940674e-01,9.444444444444444198e-01,3.586021065711975098e-02,0.000000000000000000e+00
1.000000000000000000e+03,1.413160860538482666e-01,8.518518518518518601e-01,3.143662959337234497e-02,0.000000000000000000e+00
1.010000000000000000e+03,1.230056062340736389e-01,9.074074074074074403e-01,3.759294375777244568e-02,0.000000000000000000e+00
1.020000000000000000e+03,1.251866519451141357e-01,8.888888888888888395e-01,4.545013606548309326e-02,0.000000000000000000e+00
1.030000000000000000e+03,1.429282873868942261e-01,8.888888888888888395e-01,6.071220710873603821e-02,0.000000000000000000e+00
1.040000000000000000e+03,1.303288638591766357e-01,8.703703703703703498e-01,4.822739958763122559e-02,0.000000000000000000e+00
1.050000000000000000e+03,1.038007959723472595e-01,8.888888888888888395e-01,5.169044807553291321e-02,0.000000000000000000e+00
1.060000000000000000e+03,1.314913183450698853e-01,9.444444444444444198e-01,7.504383474588394165e-02,0.000000000000000000e+00
1.070000000000000000e+03,1.119452193379402161e-01,9.074074074074074403e-01,7.917651534080505371e-02,0.000000000000000000e+00
1.080000000000000000e+03,1.373150497674942017e-01,9.444444444444444198e-01,9.571114182472229004e-02,0.000000000000000000e+00
1.090000000000000000e+03,1.263720691204071045e-01,9.444444444444444198e-01,5.156352370977401733e-02,0.000000000000000000e+00
1.100000000000000000e+03,1.426673680543899536e-01,8.518518518518518601e-01,4.475590959191322327e-02,0.000000000000000000e+00
1.110000000000000000e+03,1.532668620347976685e-01,8.888888888888888395e-01,4.211722686886787415e-02,0.000000000000000000e+00
1.120000000000000000e+03,1.579174995422363281e-01,8.888888888888888395e-01,3.300489112734794617e-02,0.000000000000000000e+00
1.130000000000000000e+03,1.407377421855926514e-01,8.518518518518518601e-01,4.433448240160942078e-02,0.000000000000000000e+00
1.140000000000000000e+03,1.406503915786743164e-01,8.888888888888888395e-01,3.290655836462974548e-02,0.000000000000000000e+00
1.150000000000000000e+03,1.589166224002838135e-01,8.703703703703703498e-01,5.326759815216064453e-02,0.000000000000000000e+00
1.160000000000000000e+03,1.594308465719223022e-01,9.074074074074074403e-01,5.687635391950607300e-02,0.000000000000000000e+00
1.170000000000000000e+03,1.406527161598205566e-01,8.888888888888888395e-01,3.244837373495101929e-02,0.000000000000000000e+00
1.180000000000000000e+03,1.430886387825012207e-01,9.074074074074074403e-01,7.049452513456344604e-02,0.000000000000000000e+00
1.190000000000000000e+03,1.314880698919296265e-01,8.888888888888888395e-01,7.080153375864028931e-02,0.000000000000000000e+00
1.200000000000000000e+03,1.445021033287048340e-01,9.074074074074074403e-01,7.708952575922012329e-02,0.000000000000000000e+00
1.210000000000000000e+03,1.333641409873962402e-01,8.888888888888888395e-01,4.481608793139457703e-02,0.000000000000000000e+00
1.220000000000000000e+03,1.271719783544540405e-01,9.074074074074074403e-01,4.634546115994453430e-02,0.000000000000000000e+00
1.230000000000000000e+03,1.133575066924095154e-01,8.703703703703703498e-01,5.448073521256446838e-02,0.000000000000000000e+00
1.240000000000000000e+03,1.041205674409866333e-01,8.888888888888888395e-01,2.711112797260284424e-02,0.000000000000000000e+00
1.250000000000000000e+03,1.133562028408050537e-01,9.259259259259259300e-01,5.466946959495544434e-02,0.000000000000000000e+00
1.260000000000000000e+03,1.490091830492019653e-01,8.888888888888888395e-01,7.742826640605926514e-02,0.000000000000000000e+00
1.270000000000000000e+03,1.485289931297302246e-01,9.074074074074074403e-01,1.007573604583740234e-01,0.000000000000000000e+00
1.280000000000000000e+03,1.551786810159683228e-01,9.074074074074074403e-01,1.255841851234436035e-01,0.000000000000000000e+00
1.290000000000000000e+03,1.747346967458724976e-01,8.703703703703703498e-01,1.349517256021499634e-01,0.000000000000000000e+00
1.300000000000000000e+03,1.913972049951553345e-01,8.333333333333333703e-01,1.462124139070510864e-01,0.000000000000000000e+00
1.310000000000000000e+03,1.777798682451248169e-01,8.888888888888888395e-01,1.449750512838363647e-01,0.000000000000000000e+00
1.320000000000000000e+03,2.327529191970825195e-01,8.518518518518518601e-01,2.142156809568405151e-01,0.000000000000000000e+00
1.330000000000000000e+03,2.098351418972015381e-01,8.703703703703703498e-01,1.743176877498626709e-01,0.000000000000000000e+00
1.340000000000000000e+03,1.963414698839187622e-01,8.888888888888888395e-01,1.520652323961257935e-01,0.000000000000000000e+00
1.350000000000000000e+03,1.991597265005111694e-01,9.074074074074074403e-01,1.597536355257034302e-01,0.000000000000000000e+00
1.360000000000000000e+03,1.977531909942626953e-01,8.518518518518518601e-01,1.585220694541931152e-01,0.000000000000000000e+00
1.370000000000000000e+03,1.869505494832992554e-01,8.703703703703703498e-01,1.515463590621948242e-01,0.000000000000000000e+00
1.380000000000000000e+03,2.093164771795272827e-01,9.074074074074074403e-01,1.595832407474517822e-01,0.000000000000000000e+00
1.390000000000000000e+03,1.738412082195281982e-01,9.444444444444444198e-01,1.112938970327377319e-01,0.000000000000000000e+00
1.400000000000000000e+03,2.000974714756011963e-01,9.259259259259259300e-01,1.524737328290939331e-01,0.000000000000000000e+00
1.410000000000000000e+03,1.886200010776519775e-01,9.074074074074074403e-01,1.360970884561538696e-01,0.000000000000000000e+00
1.420000000000000000e+03,1.955587565898895264e-01,8.703703703703703498e-01,1.452401131391525269e-01,0.000000000000000000e+00
1.430000000000000000e+03,2.067804783582687378e-01,8.888888888888888395e-01,1.514210551977157593e-01,0.000000000000000000e+00
1.440000000000000000e+03,1.862149685621261597e-01,9.259259259259259300e-01,1.337289363145828247e-01,0.000000000000000000e+00
1.450000000000000000e+03,1.566054373979568481e-01,8.888888888888888395e-01,1.177012026309967041e-01,0.000000000000000000e+00
1.460000000000000000e+03,1.674779951572418213e-01,9.074074074074074403e-01,1.142060458660125732e-01,0.000000000000000000e+00
1.470000000000000000e+03,1.721629053354263306e-01,8.703703703703703498e-01,1.320638358592987061e-01,0.000000000000000000e+00
1.480000000000000000e+03,1.836783438920974731e-01,8.888888888888888395e-01,1.602890193462371826e-01,0.000000000000000000e+00
1.490000000000000000e+03,1.632091253995895386e-01,9.259259259259259300e-01,1.290529519319534302e-01,0.000000000000000000e+00
1.500000000000000000e+03,2.110316753387451172e-01,9.444444444444444198e-01,1.886980235576629639e-01,0.000000000000000000e+00
1.510000000000000000e+03,1.564398854970932007e-01,9.629629629629629095e-01,1.171522885560989380e-01,0.000000000000000000e+00
1.520000000000000000e+03,1.636798232793807983e-01,9.074074074074074403e-01,1.462671756744384766e-01,0.000000000000000000e+00
1.530000000000000000e+03,1.545388251543045044e-01,8.703703703703703498e-01,1.231484338641166687e-01,0.000000000000000000e+00
1.540000000000000000e+03,1.851509511470794678e-01,8.888888888888888395e-01,1.769076138734817505e-01,0.000000000000000000e+00
1.550000000000000000e+03,2.048254311084747314e-01,8.703703703703703498e-01,1.982719749212265015e-01,0.000000000000000000e+00
1.560000000000000000e+03,1.888641715049743652e-01,8.703703703703703498e-01,1.985066682100296021e-01,0.000000000000000000e+00
1.570000000000000000e+03,1.957152634859085083e-01,8.888888888888888395e-01,1.870880424976348877e-01,0.000000000000000000e+00
1.580000000000000000e+03,1.790454685688018799e-01,8.888888888888888395e-01,1.562211364507675171e-01,0.000000000000000000e+00
1.590000000000000000e+03,1.655713319778442383e-01,8.888888888888888395e-01,1.573359668254852295e-01,0.000000000000000000e+00
1.600000000000000000e+03,1.837339997291564941e-01,8.703703703703703498e-01,1.617155522108078003e-01,0.000000000000000000e+00
1.610000000000000000e+03,1.865646988153457642e-01,8.703703703703703498e-01,1.463909000158309937e-01,0.000000000000000000e+00
1.620000000000000000e+03,1.808705180883407593e-01,8.518518518518518601e-01,1.449870020151138306e-01,0.000000000000000000e+00
1.630000000000000000e+03,1.888973563909530640e-01,8.888888888888888395e-01,1.644873619079589844e-01,0.000000000000000000e+00
1.640000000000000000e+03,1.877936869859695435e-01,8.888888888888888395e-01,1.422217935323715210e-01,0.000000000000000000e+00
1.650000000000000000e+03,1.914788782596588135e-01,9.444444444444444198e-01,1.625643819570541382e-01,0.000000000000000000e+00
1.660000000000000000e+03,1.819078177213668823e-01,8.518518518518518601e-01,1.586931347846984863e-01,0.000000000000000000e+00
1.670000000000000000e+03,1.995184123516082764e-01,9.259259259259259300e-01,1.857320219278335571e-01,0.000000000000000000e+00
1.680000000000000000e+03,1.512320190668106079e-01,8.703703703703703498e-01,1.288605034351348877e-01,0.000000000000000000e+00
1.690000000000000000e+03,1.737733334302902222e-01,8.518518518518518601e-01,1.490468382835388184e-01,0.000000000000000000e+00
1.700000000000000000e+03,1.530925035476684570e-01,9.259259259259259300e-01,1.234196275472640991e-01,0.000000000000000000e+00
1.710000000000000000e+03,1.751268208026885986e-01,8.333333333333333703e-01,1.735385656356811523e-01,0.000000000000000000e+00
1.720000000000000000e+03,1.669225692749023438e-01,9.259259259259259300e-01,1.556112766265869141e-01,0.000000000000000000e+00
1.730000000000000000e+03,1.718306094408035278e-01,8.888888888888888395e-01,1.524295359849929810e-01,0.000000000000000000e+00
1.740000000000000000e+03,1.645022928714752197e-01,9.074074074074074403e-01,1.413069516420364380e-01,0.000000000000000000e+00
1.750000000000000000e+03,1.580239385366439819e-01,9.259259259259259300e-01,1.323820501565933228e-01,0.000000000000000000e+00
1.760000000000000000e+03,1.456791907548904419e-01,9.259259259259259300e-01,1.169404760003089905e-01,0.000000000000000000e+00
1.770000000000000000e+03,1.385192275047302246e-01,9.444444444444444198e-01,1.100056543946266174e-01,0.000000000000000000e+00
1.780000000000000000e+03,1.680953651666641235e-01,9.074074074074074403e-01,1.482501924037933350e-01,0.000000000000000000e+00
1.790000000000000000e+03,1.683026403188705444e-01,9.259259259259259300e-01,1.537638157606124878e-01,0.000000000000000000e+00
1.800000000000000000e+03,1.628482639789581299e-01,8.518518518518518601e-01,1.422992646694183350e-01,0.000000000000000000e+00
1.810000000000000000e+03,1.780143827199935913e-01,9.259259259259259300e-01,1.678896695375442505e-01,0.000000000000000000e+00
1.820000000000000000e+03,1.814692765474319458e-01,9.074074074074074403e-01,1.698463559150695801e-01,0.000000000000000000e+00
1.830000000000000000e+03,1.961366534233093262e-01,8.703703703703703498e-01,1.967632621526718140e-01,0.000000000000000000e+00
1.840000000000000000e+03,2.069000452756881714e-01,9.074074074074074403e-01,1.962087452411651611e-01,0.000000000000000000e+00
1.850000000000000000e+03,2.196597903966903687e-01,8.888888888888888395e-01,2.137022763490676880e-01,0.000000000000000000e+00
1.860000000000000000e+03,2.346896827220916748e-01,8.333333333333333703e-01,2.359248101711273193e-01,0.000000000000000000e+00
1.870000000000000000e+03,2.253400236368179321e-01,8.148148148148147696e-01,2.254599630832672119e-01,0.000000000000000000e+00
1.880000000000000000e+03,2.351820021867752075e-01,7.962962962962962798e-01,2.306749075651168823e-01,0.000000000000000000e+00
1.890000000000000000e+03,2.239076942205429077e-01,8.333333333333333703e-01,2.025005072355270386e-01,0.000000000000000000e+00
1.900000000000000000e+03,2.240879088640213013e-01,8.333333333333333703e-01,2.044768482446670532e-01,0.000000000000000000e+00
1.910000000000000000e+03,2.403865456581115723e-01,8.888888888888888395e-01,1.922107487916946411e-01,0.000000000000000000e+00
1.920000000000000000e+03,2.262704819440841675e-01,8.148148148148147696e-01,1.965476870536804199e-01,0.000000000000000000e+00
1.930000000000000000e+03,2.217645645141601562e-01,8.148148148148147696e-01,1.908035874366760254e-01,0.000000000000000000e+00
1.940000000000000000e+03,2.444787174463272095e-01,8.333333333333333703e-01,2.122760117053985596e-01,0.000000000000000000e+00
1.950000000000000000e+03,2.331901341676712036e-01,8.888888888888888395e-01,1.890251636505126953e-01,0.000000000000000000e+00
1.960000000000000000e+03,2.624515593051910400e-01,7.962962962962962798e-01,2.153376787900924683e-01,0.000000000000000000e+00
1.970000000000000000e+03,3.107917606830596924e-01,9.074074074074074403e-01,2.839732468128204346e-01,0.000000000000000000e+00
1.980000000000000000e+03,3.015508949756622314e-01,7.777777777777777901e-01,2.472764253616333008e-01,0.000000000000000000e+00
1.990000000000000000e+03,3.311134278774261475e-01,8.518518518518518601e-01,2.899420559406280518e-01,0.000000000000000000e+00
2.000000000000000000e+03,3.367326855659484863e-01,8.703703703703703498e-01,2.665359973907470703e-01,0.000000000000000000e+00
2.010000000000000000e+03,3.196816146373748779e-01,8.703703703703703498e-01,2.694846093654632568e-01,0.000000000000000000e+00
2.020000000000000000e+03,3.242676258087158203e-01,9.074074074074074403e-01,2.645069360733032227e-01,0.000000000000000000e+00
2.030000000000000000e+03,3.009644746780395508e-01,8.703703703703703498e-01,2.417395859956741333e-01,0.000000000000000000e+00
2.040000000000000000e+03,3.334283828735351562e-01,8.518518518518518601e-01,2.745388448238372803e-01,0.000000000000000000e+00
2.050000000000000000e+03,3.127155005931854248e-01,8.518518518518518601e-01,2.307697683572769165e-01,0.000000000000000000e+00
2.060000000000000000e+03,2.914954721927642822e-01,8.703703703703703498e-01,2.223898619413375854e-01,0.000000000000000000e+00
2.070000000000000000e+03,2.629897892475128174e-01,8.703703703703703498e-01,2.034167796373367310e-01,0.000000000000000000e+00
2.080000000000000000e+03,2.500624060630798340e-01,8.703703703703703498e-01,1.960915029048919678e-01,0.000000000000000000e+00
2.090000000000000000e+03,2.268076688051223755e-01,8.703703703703703498e-01,1.870923638343811035e-01,0.000000000000000000e+00
2.100000000000000000e+03,2.086976915597915649e-01,8.888888888888888395e-01,1.624364256858825684e-01,0.000000000000000000e+00
2.110000000000000000e+03,2.280578315258026123e-01,8.703703703703703498e-01,1.924932748079299927e-01,0.000000000000000000e+00
2.120000000000000000e+03,2.503714859485626221e-01,8.333333333333333703e-01,2.080109715461730957e-01,0.000000000000000000e+00
2.130000000000000000e+03,2.497703731060028076e-01,8.518518518518518601e-01,1.979894340038299561e-01,0.000000000000000000e+00
2.140000000000000000e+03,2.286706268787384033e-01,8.888888888888888395e-01,1.873593926429748535e-01,0.000000000000000000e+00
2.150000000000000000e+03,2.308838367462158203e-01,8.518518518518518601e-01,2.022900879383087158e-01,0.000000000000000000e+00
2.160000000000000000e+03,2.073949128389358521e-01,8.518518518518518601e-01,1.646947860717773438e-01,0.000000000000000000e+00
2.170000000000000000e+03,1.983343809843063354e-01,8.518518518518518601e-01,1.544183939695358276e-01,0.000000000000000000e+00
2.180000000000000000e+03,1.852237135171890259e-01,9.074074074074074403e-01,1.433306485414505005e-01,0.000000000000000000e+00
2.190000000000000000e+03,2.111975103616714478e-01,9.259259259259259300e-01,1.881994605064392090e-01,0.000000000000000000e+00
2.200000000000000000e+03,2.323265522718429565e-01,9.074074074074074403e-01,2.058075666427612305e-01,0.000000000000000000e+00
2.210000000000000000e+03,2.330265045166015625e-01,9.074074074074074403e-01,2.086208015680313110e-01,0.000000000000000000e+00
2.220000000000000000e+03,2.113941907882690430e-01,8.888888888888888395e-01,1.749625951051712036e-01,0.000000000000000000e+00
2.230000000000000000e+03,2.174179852008819580e-01,8.703703703703703498e-01,1.899600178003311157e-01,0.000000000000000000e+00
2.240000000000000000e+03,1.821324229240417480e-01,9.259259259259259300e-01,1.395661085844039917e-01,0.000000000000000000e+00
2.250000000000000000e+03,1.999563276767730713e-01,9.074074074074074403e-01,1.446190476417541504e-01,0.000000000000000000e+00
2.260000000000000000e+03,2.099157422780990601e-01,9.074074074074074403e-01,1.528148353099822998e-01,0.000000000000000000e+00
2.270000000000000000e+03,2.148660123348236084e-01,8.703703703703703498e-01,1.604800075292587280e-01,0.000000000000000000e+00
2.280000000000000000e+03,1.969654858112335205e-01,8.888888888888888395e-01,1.489800810813903809e-01,0.000000000000000000e+00
2.290000000000000000e+03,1.982934623956680298e-01,8.888888888888888395e-01,1.350370049476623535e-01,0.000000000000000000e+00
2.300000000000000000e+03,1.904314309358596802e-01,8.333333333333333703e-01,1.406160742044448853e-01,0.000000000000000000e+00
2.310000000000000000e+03,2.416698485612869263e-01,9.074074074074074403e-01,1.742887347936630249e-01,0.000000000000000000e+00
2.320000000000000000e+03,2.440765202045440674e-01,8.148148148148147696e-01,1.920247673988342285e-01,0.000000000000000000e+00
2.330000000000000000e+03,2.655414044857025146e-01,8.518518518518518601e-01,2.045980393886566162e-01,0.000000000000000000e+00
2.340000000000000000e+03,2.721354365348815918e-01,8.888888888888888395e-01,1.947082281112670898e-01,0.000000000000000000e+00
2.350000000000000000e+03,2.325901836156845093e-01,8.518518518518518601e-01,1.545639336109161377e-01,0.000000000000000000e+00
2.360000000000000000e+03,2.614146471023559570e-01,9.074074074074074403e-01,2.112489640712738037e-01,0.000000000000000000e+00
2.370000000000000000e+03,2.725594043731689453e-01,8.148148148148147696e-01,2.146639227867126465e-01,0.000000000000000000e+00
2.380000000000000000e+03,2.677792608737945557e-01,9.074074074074074403e-01,1.920755207538604736e-01,0.000000000000000000e+00
2.390000000000000000e+03,3.013959527015686035e-01,8.518518518518518601e-01,2.287099659442901611e-01,0.000000000000000000e+00
2.400000000000000000e+03,3.012681007385253906e-01,8.703703703703703498e-01,2.145553231239318848e-01,0.000000000000000000e+00
2.410000000000000000e+03,3.340900540351867676e-01,8.518518518518518601e-01,2.611837685108184814e-01,0.000000000000000000e+00
2.420000000000000000e+03,2.701510190963745117e-01,8.703703703703703498e-01,2.182480394840240479e-01,0.000000000000000000e+00
2.430000000000000000e+03,2.635455429553985596e-01,8.518518518518518601e-01,1.867895275354385376e-01,0.000000000000000000e+00
2.440000000000000000e+03,2.520223259925842285e-01,8.888888888888888395e-01,1.718329936265945435e-01,0.000000000000000000e+00
2.450000000000000000e+03,2.105369120836257935e-01,8.333333333333333703e-01,1.106475144624710083e-01,0.000000000000000000e+00
2.460000000000000000e+03,2.408094555139541626e-01,8.888888888888888395e-01,1.115902662277221680e-01,0.000000000000000000e+00
2.470000000000000000e+03,2.332024276256561279e-01,8.518518518518518601e-01,1.311603337526321411e-01,0.000000000000000000e+00
2.480000000000000000e+03,2.304890900850296021e-01,8.333333333333333703e-01,9.445883333683013916e-02,0.000000000000000000e+00
2.490000000000000000e+03,2.427194565534591675e-01,8.888888888888888395e-01,1.067333891987800598e-01,0.000000000000000000e+00
2.500000000000000000e+03,2.509804368019104004e-01,8.888888888888888395e-01,1.317960917949676514e-01,0.000000000000000000e+00
2.510000000000000000e+03,2.469917833805084229e-01,9.074074074074074403e-01,1.266661435365676880e-01,0.000000000000000000e+00
2.520000000000000000e+03,2.144145369529724121e-01,8.518518518518518601e-01,9.137845784425735474e-02,0.000000000000000000e+00
2.530000000000000000e+03,2.231629788875579834e-01,8.148148148148147696e-01,1.027111485600471497e-01,0.000000000000000000e+00
2.540000000000000000e+03,2.844005525112152100e-01,8.333333333333333703e-01,1.802870184183120728e-01,0.000000000000000000e+00
2.550000000000000000e+03,2.709048688411712646e-01,8.703703703703703498e-01,1.295873969793319702e-01,0.000000000000000000e+00
2.560000000000000000e+03,2.799628078937530518e-01,8.703703703703703498e-01,1.393062174320220947e-01,0.000000000000000000e+00
2.570000000000000000e+03,2.746763229370117188e-01,8.518518518518518601e-01,1.698797643184661865e-01,0.000000000000000000e+00
2.580000000000000000e+03,2.763921022415161133e-01,8.703703703703703498e-01,1.887195408344268799e-01,0.000000000000000000e+00
2.590000000000000000e+03,2.723514437675476074e-01,8.333333333333333703e-01,1.819952875375747681e-01,0.000000000000000000e+00
2.600000000000000000e+03,2.831145524978637695e-01,8.333333333333333703e-01,1.908043920993804932e-01,0.000000000000000000e+00
2.610000000000000000e+03,2.603846490383148193e-01,8.518518518518518601e-01,1.606054008007049561e-01,0.000000000000000000e+00
2.620000000000000000e+03,2.519401907920837402e-01,8.888888888888888395e-01,1.362796872854232788e-01,0.000000000000000000e+00
2.630000000000000000e+03,2.670010924339294434e-01,8.148148148148147696e-01,1.643130034208297729e-01,0.000000000000000000e+00
2.640000000000000000e+03,2.811500430107116699e-01,8.518518518518518601e-01,2.026315033435821533e-01,0.000000000000000000e+00
2.650000000000000000e+03,2.869774103164672852e-01,7.962962962962962798e-01,1.832579076290130615e-01,0.000000000000000000e+00
2.660000000000000000e+03,2.756145596504211426e-01,8.148148148148147696e-01,1.755947321653366089e-01,0.000000000000000000e+00
2.670000000000000000e+03,2.937949299812316895e-01,8.333333333333333703e-01,1.993323713541030884e-01,0.000000000000000000e+00
2.680000000000000000e+03,2.880288660526275635e-01,8.703703703703703498e-01,1.641922295093536377e-01,0.000000000000000000e+00
2.690000000000000000e+03,3.153727054595947266e-01,8.333333333333333703e-01,1.994957327842712402e-01,0.000000000000000000e+00
2.700000000000000000e+03,3.032397925853729248e-01,8.888888888888888395e-01,1.699298173189163208e-01,0.000000000000000000e+00
2.710000000000000000e+03,2.988992631435394287e-01,8.703703703703703498e-01,1.642177104949951172e-01,0.000000000000000000e+00
2.720000000000000000e+03,3.187656998634338379e-01,8.518518518518518601e-01,1.898414790630340576e-01,0.000000000000000000e+00
2.730000000000000000e+03,3.521568775177001953e-01,8.703703703703703498e-01,2.340747714042663574e-01,0.000000000000000000e+00
2.740000000000000000e+03,3.100411593914031982e-01,8.888888888888888395e-01,2.004961520433425903e-01,0.000000000000000000e+00
2.750000000000000000e+03,3.287479281425476074e-01,8.703703703703703498e-01,2.330007255077362061e-01,0.000000000000000000e+00
2.760000000000000000e+03,3.549021184444427490e-01,8.518518518518518601e-01,2.527080476284027100e-01,0.000000000000000000e+00
2.770000000000000000e+03,3.449846506118774414e-01,8.888888888888888395e-01,2.183408588171005249e-01,0.000000000000000000e+00
2.780000000000000000e+03,3.554566800594329834e-01,9.259259259259259300e-01,2.453206032514572144e-01,0.000000000000000000e+00
2.790000000000000000e+03,3.442450761795043945e-01,9.074074074074074403e-01,2.350306510925292969e-01,0.000000000000000000e+00
2.800000000000000000e+03,3.420106172561645508e-01,9.074074074074074403e-01,2.137854993343353271e-01,0.000000000000000000e+00
2.810000000000000000e+03,3.477846086025238037e-01,8.888888888888888395e-01,2.197963446378707886e-01,0.000000000000000000e+00
2.820000000000000000e+03,3.660581707954406738e-01,8.518518518518518601e-01,2.346117198467254639e-01,0.000000000000000000e+00
2.830000000000000000e+03,3.528944551944732666e-01,9.074074074074074403e-01,2.380545288324356079e-01,0.000000000000000000e+00
2.840000000000000000e+03,3.622902631759643555e-01,9.074074074074074403e-01,2.418956756591796875e-01,0.000000000000000000e+00
2.850000000000000000e+03,3.737050890922546387e-01,8.333333333333333703e-01,2.956418991088867188e-01,0.000000000000000000e+00
2.860000000000000000e+03,4.075228571891784668e-01,8.888888888888888395e-01,2.814092636108398438e-01,0.000000000000000000e+00
2.870000000000000000e+03,4.026416540145874023e-01,8.888888888888888395e-01,2.570565640926361084e-01,0.000000000000000000e+00
2.880000000000000000e+03,3.641423583030700684e-01,9.074074074074074403e-01,2.128442972898483276e-01,0.000000000000000000e+00
2.890000000000000000e+03,3.629040122032165527e-01,9.259259259259259300e-01,2.104806900024414062e-01,0.000000000000000000e+00
2.900000000000000000e+03,3.713024556636810303e-01,9.074074074074074403e-01,2.107179313898086548e-01,0.000000000000000000e+00
2.910000000000000000e+03,3.553626239299774170e-01,8.888888888888888395e-01,2.038278281688690186e-01,0.000000000000000000e+00
2.920000000000000000e+03,3.127195835113525391e-01,9.074074074074074403e-01,1.732304245233535767e-01,0.000000000000000000e+00
2.930000000000000000e+03,3.137270808219909668e-01,9.259259259259259300e-01,1.967978626489639282e-01,0.000000000000000000e+00
2.940000000000000000e+03,3.215104639530181885e-01,8.703703703703703498e-01,2.033741623163223267e-01,0.000000000000000000e+00
2.950000000000000000e+03,3.762213885784149170e-01,9.074074074074074403e-01,2.284148037433624268e-01,0.000000000000000000e+00
2.960000000000000000e+03,3.664359450340270996e-01,8.518518518518518601e-01,2.368263155221939087e-01,0.000000000000000000e+00
2.970000000000000000e+03,3.591477572917938232e-01,8.703703703703703498e-01,2.309959530830383301e-01,0.000000000000000000e+00
2.980000000000000000e+03,3.643717765808105469e-01,8.888888888888888395e-01,2.095117568969726562e-01,0.000000000000000000e+00
2.990000000000000000e+03,3.649916350841522217e-01,8.333333333333333703e-01,2.341372370719909668e-01,0.000000000000000000e+00
3.000000000000000000e+03,3.887591958045959473e-01,8.518518518518518601e-01,2.432260364294052124e-01,0.000000000000000000e+00
3.010000000000000000e+03,3.915189802646636963e-01,8.888888888888888395e-01,2.460607737302780151e-01,0.000000000000000000e+00
3.020000000000000000e+03,3.733783364295959473e-01,8.888888888888888395e-01,2.503230571746826172e-01,0.000000000000000000e+00
3.030000000000000000e+03,3.242031037807464600e-01,8.518518518518518601e-01,2.062984555959701538e-01,0.000000000000000000e+00
3.040000000000000000e+03,3.132686913013458252e-01,8.703703703703703498e-01,2.039251476526260376e-01,0.000000000000000000e+00
3.050000000000000000e+03,2.849598228931427002e-01,9.074074074074074403e-01,1.639946103096008301e-01,0.000000000000000000e+00
3.060000000000000000e+03,2.907595038414001465e-01,9.074074074074074403e-01,1.970672607421875000e-01,0.000000000000000000e+00
3.070000000000000000e+03,2.938505709171295166e-01,9.074074074074074403e-01,1.989227533340454102e-01,0.000000000000000000e+00
3.080000000000000000e+03,3.050929009914398193e-01,8.888888888888888395e-01,1.700470894575119019e-01,0.000000000000000000e+00
3.090000000000000000e+03,2.789732515811920166e-01,9.074074074074074403e-01,1.576068997383117676e-01,0.000000000000000000e+00
3.100000000000000000e+03,2.777421474456787109e-01,9.074074074074074403e-01,1.377493143081665039e-01,0.000000000000000000e+00
3.110000000000000000e+03,2.818283140659332275e-01,8.333333333333333703e-01,1.433014273643493652e-01,0.000000000000000000e+00
3.120000000000000000e+03,2.975638210773468018e-01,8.888888888888888395e-01,1.899365782737731934e-01,0.000000000000000000e+00
3.130000000000000000e+03,2.721562385559082031e-01,9.074074074074074403e-01,1.652113348245620728e-01,0.000000000000000000e+00
3.140000000000000000e+03,2.557716667652130127e-01,8.333333333333333703e-01,1.018713489174842834e-01,0.000000000000000000e+00
3.150000000000000000e+03,2.595687806606292725e-01,8.518518518518518601e-01,9.340389072895050049e-02,0.000000000000000000e+00
3.160000000000000000e+03,2.588572502136230469e-01,8.148148148148147696e-01,1.232091188430786133e-01,0.000000000000000000e+00
3.170000000000000000e+03,2.571577429771423340e-01,8.518518518518518601e-01,1.118702143430709839e-01,0.000000000000000000e+00
3.180000000000000000e+03,2.958666980266571045e-01,8.333333333333333703e-01,1.562906056642532349e-01,0.000000000000000000e+00
3.190000000000000000e+03,3.158373236656188965e-01,7.962962962962962798e-01,1.622214019298553467e-01,0.000000000000000000e+00
3.200000000000000000e+03,2.730489671230316162e-01,8.703703703703703498e-01,1.405845880508422852e-01,0.000000000000000000e+00
3.210000000000000000e+03,2.711611986160278320e-01,7.962962962962962798e-01,1.453338414430618286e-01,0.000000000000000000e+00
3.220000000000000000e+03,2.744062244892120361e-01,8.148148148148147696e-01,1.611008346080780029e-01,0.000000000000000000e+00
3.230000000000000000e+03,2.920348346233367920e-01,8.888888888888888395e-01,1.905603557825088501e-01,0.000000000000000000e+00
3.240000000000000000e+03,2.854410409927368164e-01,8.888888888888888395e-01,1.731151044368743896e-01,0.000000000000000000e+00
3.250000000000000000e+03,3.203125000000000000e-01,8.888888888888888395e-01,1.833457946777343750e-01,0.000000000000000000e+00
3.260000000000000000e+03,3.501595258712768555e-01,8.518518518518518601e-01,2.058907747268676758e-01,0.000000000000000000e+00
3.270000000000000000e+03,3.197503089904785156e-01,8.703703703703703498e-01,1.590024232864379883e-01,0.000000000000000000e+00
3.280000000000000000e+03,3.059890270233154297e-01,8.518518518518518601e-01,1.548599898815155029e-01,0.000000000000000000e+00
3.290000000000000000e+03,2.933226525783538818e-01,8.518518518518518601e-01,1.763003915548324585e-01,0.000000000000000000e+00
3.300000000000000000e+03,2.802534401416778564e-01,8.518518518518518601e-01,1.760103255510330200e-01,0.000000000000000000e+00
3.310000000000000000e+03,3.232741951942443848e-01,9.074074074074074403e-01,2.102651447057723999e-01,0.000000000000000000e+00
3.320000000000000000e+03,3.159846961498260498e-01,8.888888888888888395e-01,1.882924437522888184e-01,0.000000000000000000e+00
3.330000000000000000e+03,3.281152546405792236e-01,8.888888888888888395e-01,2.177773714065551758e-01,0.000000000000000000e+00
3.340000000000000000e+03,2.876310050487518311e-01,8.703703703703703498e-01,2.124931216239929199e-01,0.000000000000000000e+00
3.350000000000000000e+03,2.748625874519348145e-01,9.259259259259259300e-01,1.709361523389816284e-01,0.000000000000000000e+00
3.360000000000000000e+03,3.030197918415069580e-01,9.074074074074074403e-01,2.192824929952621460e-01,0.000000000000000000e+00
3.370000000000000000e+03,3.117275834083557129e-01,8.333333333333333703e-01,2.100924998521804810e-01,0.000000000000000000e+00
3.380000000000000000e+03,3.197844624519348145e-01,8.888888888888888395e-01,2.053857445716857910e-01,0.000000000000000000e+00
3.390000000000000000e+03,3.327133655548095703e-01,8.888888888888888395e-01,2.297556847333908081e-01,0.000000000000000000e+00
3.400000000000000000e+03,2.988905310630798340e-01,8.888888888888888395e-01,2.029521167278289795e-01,0.000000000000000000e+00
3.410000000000000000e+03,2.924166917800903320e-01,8.518518518518518601e-01,2.021999061107635498e-01,0.000000000000000000e+00
3.420000000000000000e+03,2.834543287754058838e-01,8.703703703703703498e-01,1.848276406526565552e-01,0.000000000000000000e+00
3.430000000000000000e+03,2.833522558212280273e-01,9.074074074074074403e-01,1.730913817882537842e-01,0.000000000000000000e+00
3.440000000000000000e+03,2.972901463508605957e-01,8.888888888888888395e-01,1.987596303224563599e-01,0.000000000000000000e+00
3.450000000000000000e+03,3.268561959266662598e-01,8.333333333333333703e-01,2.357150167226791382e-01,0.000000000000000000e+00
3.460000000000000000e+03,2.982798814773559570e-01,8.888888888888888395e-01,1.849377453327178955e-01,0.000000000000000000e+00
3.470000000000000000e+03,3.043656051158905029e-01,9.259259259259259300e-01,1.858323067426681519e-01,0.000000000000000000e+00
3.480000000000000000e+03,2.927761077880859375e-01,9.259259259259259300e-01,1.968334466218948364e-01,0.000000000000000000e+00
3.490000000000000000e+03,3.043783009052276611e-01,8.518518518518518601e-01,1.862631738185882568e-01,0.000000000000000000e+00
3.500000000000000000e+03,3.193352818489074707e-01,9.259259259259259300e-01,2.044885307550430298e-01,0.000000000000000000e+00
3.510000000000000000e+03,3.351749181747436523e-01,8.703703703703703498e-01,2.434075027704238892e-01,0.000000000000000000e+00
3.520000000000000000e+03,3.286298811435699463e-01,8.888888888888888395e-01,2.244501411914825439e-01,0.000000000000000000e+00
3.530000000000000000e+03,2.969448864459991455e-01,9.074074074074074403e-01,2.077373415231704712e-01,0.000000000000000000e+00
3.540000000000000000e+03,3.280516862869262695e-01,8.703703703703703498e-01,2.050090730190277100e-01,0.000000000000000000e+00
3.550000000000000000e+03,3.195050060749053955e-01,7.962962962962962798e-01,1.934214085340499878e-01,0.000000000000000000e+00
3.560000000000000000e+03,3.321719169616699219e-01,9.259259259259259300e-01,2.263360917568206787e-01,0.000000000000000000e+00
3.570000000000000000e+03,3.315993845462799072e-01,8.703703703703703498e-01,2.185661047697067261e-01,0.000000000000000000e+00
3.580000000000000000e+03,3.446519374847412109e-01,8.888888888888888395e-01,2.667862772941589355e-01,0.000000000000000000e+00
3.590000000000000000e+03,3.450109660625457764e-01,8.703703703703703498e-01,2.422541528940200806e-01,0.000000000000000000e+00
3.600000000000000000e+03,3.348435163497924805e-01,8.888888888888888395e-01,2.238265722990036011e-01,0.000000000000000000e+00
3.610000000000000000e+03,2.949762940406799316e-01,8.703703703703703498e-01,1.920680254697799683e-01,0.000000000000000000e+00
3.620000000000000000e+03,3.214936554431915283e-01,9.074074074074074403e-01,2.064110487699508667e-01,0.000000000000000000e+00
3.630000000000000000e+03,3.319087326526641846e-01,9.074074074074074403e-01,2.316075563430786133e-01,0.000000000000000000e+00
3.640000000000000000e+03,3.283483982086181641e-01,8.703703703703703498e-01,2.173130959272384644e-01,0.000000000000000000e+00
3.650000000000000000e+03,3.167631328105926514e-01,9.074074074074074403e-01,2.085719406604766846e-01,0.000000000000000000e+00
3.660000000000000000e+03,3.218768537044525146e-01,8.703703703703703498e-01,2.063679248094558716e-01,0.000000000000000000e+00
3.670000000000000000e+03,3.473948240280151367e-01,8.888888888888888395e-01,2.263760566711425781e-01,0.000000000000000000e+00
3.680000000000000000e+03,4.012483954429626465e-01,9.074074074074074403e-01,2.838747799396514893e-01,0.000000000000000000e+00
3.690000000000000000e+03,3.869179189205169678e-01,8.888888888888888395e-01,2.705672383308410645e-01,0.000000000000000000e+00
3.700000000000000000e+03,3.803533911705017090e-01,8.888888888888888395e-01,2.675139605998992920e-01,0.000000000000000000e+00
3.710000000000000000e+03,3.592680394649505615e-01,8.888888888888888395e-01,2.416091561317443848e-01,0.000000000000000000e+00
3.720000000000000000e+03,3.810864388942718506e-01,9.074074074074074403e-01,2.633163034915924072e-01,0.000000000000000000e+00
3.730000000000000000e+03,3.923257291316986084e-01,8.518518518518518601e-01,2.642229795455932617e-01,0.000000000000000000e+00
3.740000000000000000e+03,3.721652925014495850e-01,8.888888888888888395e-01,2.427882850170135498e-01,0.000000000000000000e+00
3.750000000000000000e+03,3.799577355384826660e-01,8.148148148148147696e-01,2.376464307308197021e-01,0.000000000000000000e+00
3.760000000000000000e+03,3.821008205413818359e-01,8.888888888888888395e-01,2.342060506343841553e-01,0.000000000000000000e+00
3.770000000000000000e+03,3.644773662090301514e-01,9.259259259259259300e-01,2.230025976896286011e-01,0.000000000000000000e+00
3.780000000000000000e+03,3.791300058364868164e-01,8.888888888888888395e-01,2.255917638540267944e-01,0.000000000000000000e+00
3.790000000000000000e+03,3.690918982028961182e-01,8.888888888888888395e-01,2.157173454761505127e-01,0.000000000000000000e+00
3.800000000000000000e+03,3.566148877143859863e-01,8.518518518518518601e-01,2.288326174020767212e-01,0.000000000000000000e+00
3.810000000000000000e+03,3.845595121383666992e-01,8.148148148148147696e-01,2.473414093255996704e-01,0.000000000000000000e+00
3.820000000000000000e+03,3.411646485328674316e-01,9.074074074074074403e-01,2.389507740736007690e-01,0.000000000000000000e+00
3.830000000000000000e+03,3.237735927104949951e-01,8.888888888888888395e-01,2.394459396600723267e-01,0.000000000000000000e+00
3.840000000000000000e+03,3.217847049236297607e-01,8.518518518518518601e-01,2.108228057622909546e-01,0.000000000000000000e+00
3.850000000000000000e+03,3.375986516475677490e-01,8.703703703703703498e-01,2.299729436635971069e-01,0.000000000000000000e+00
3.860000000000000000e+03,3.509101867675781250e-01,8.333333333333333703e-01,2.702933847904205322e-01,0.000000000000000000e+00
3.870000000000000000e+03,3.643247187137603760e-01,8.518518518518518601e-01,2.715713083744049072e-01,0.000000000000000000e+00
3.880000000000000000e+03,3.938286006450653076e-01,8.518518518518518601e-01,2.661316692829132080e-01,0.000000000000000000e+00
3.890000000000000000e+03,3.690672218799591064e-01,8.333333333333333703e-01,2.292613685131072998e-01,0.000000000000000000e+00
3.900000000000000000e+03,3.987047374248504639e-01,8.703703703703703498e-01,2.555607557296752930e-01,0.000000000000000000e+00
3.910000000000000000e+03,3.747481107711791992e-01,8.703703703703703498e-01,2.111656367778778076e-01,0.000000000000000000e+00
3.920000000000000000e+03,4.059512317180633545e-01,8.148148148148147696e-01,2.676575481891632080e-01,0.000000000000000000e+00
3.930000000000000000e+03,3.842038810253143311e-01,8.888888888888888395e-01,2.522040009498596191e-01,0.000000000000000000e+00
3.940000000000000000e+03,4.029561877250671387e-01,8.333333333333333703e-01,2.596091926097869873e-01,0.000000000000000000e+00
3.950000000000000000e+03,3.672015666961669922e-01,8.888888888888888395e-01,2.188943177461624146e-01,0.000000000000000000e+00
3.960000000000000000e+03,3.699556291103363037e-01,9.074074074074074403e-01,2.211562097072601318e-01,0.000000000000000000e+00
3.970000000000000000e+03,3.702045679092407227e-01,8.888888888888888395e-01,2.264406383037567139e-01,0.000000000000000000e+00
3.980000000000000000e+03,3.720872402191162109e-01,8.703703703703703498e-01,2.323702573776245117e-01,0.000000000000000000e+00
3.990000000000000000e+03,3.773936629295349121e-01,8.703703703703703498e-01,2.439010143280029297e-01,0.000000000000000000e+00
4.000000000000000000e+03,3.665725886821746826e-01,8.148148148148147696e-01,2.433271408081054688e-01,0.000000000000000000e+00
4.010000000000000000e+03,3.542324006557464600e-01,8.333333333333333703e-01,2.117812037467956543e-01,0.000000000000000000e+00
4.020000000000000000e+03,3.545295298099517822e-01,8.518518518518518601e-01,2.325967848300933838e-01,0.000000000000000000e+00
4.030000000000000000e+03,3.521505594253540039e-01,8.518518518518518601e-01,2.279957681894302368e-01,0.000000000000000000e+00
4.040000000000000000e+03,3.388642072677612305e-01,8.518518518518518601e-01,1.961173862218856812e-01,0.000000000000000000e+00
4.050000000000000000e+03,3.341343104839324951e-01,8.518518518518518601e-01,1.709716767072677612e-01,0.000000000000000000e+00
4.060000000000000000e+03,3.256945908069610596e-01,8.888888888888888395e-01,2.010499686002731323e-01,0.000000000000000000e+00
4.070000000000000000e+03,3.315195143222808838e-01,8.148148148148147696e-01,1.781795471906661987e-01,0.000000000000000000e+00
4.080000000000000000e+03,3.279812037944793701e-01,8.333333333333333703e-01,1.897951513528823853e-01,0.000000000000000000e+00
4.090000000000000000e+03,3.391903936862945557e-01,8.703703703703703498e-01,1.947596222162246704e-01,0.000000000000000000e+00
4.100000000000000000e+03,3.664055764675140381e-01,8.518518518518518601e-01,1.899360269308090210e-01,0.000000000000000000e+00
4.110000000000000000e+03,3.391956984996795654e-01,8.333333333333333703e-01,1.661708950996398926e-01,0.000000000000000000e+00
4.120000000000000000e+03,3.879165351390838623e-01,8.518518518518518601e-01,2.025728970766067505e-01,0.000000000000000000e+00
4.130000000000000000e+03,3.842444121837615967e-01,8.148148148148147696e-01,2.177683264017105103e-01,0.000000000000000000e+00
4.140000000000000000e+03,3.650245368480682373e-01,8.518518518518518601e-01,2.325823307037353516e-01,0.000000000000000000e+00
4.150000000000000000e+03,3.596897721290588379e-01,8.888888888888888395e-01,2.252734601497650146e-01,0.000000000000000000e+00
4.160000000000000000e+03,3.771221339702606201e-01,9.074074074074074403e-01,2.415600419044494629e-01,0.000000000000000000e+00
4.170000000000000000e+03,3.778600394725799561e-01,8.703703703703703498e-01,2.166152894496917725e-01,0.000000000000000000e+00
4.180000000000000000e+03,3.368246257305145264e-01,9.074074074074074403e-01,1.845245212316513062e-01,0.000000000000000000e+00
4.190000000000000000e+03,3.700402081012725830e-01,8.518518518518518601e-01,2.071008086204528809e-01,0.000000000000000000e+00
4.200000000000000000e+03,3.589441478252410889e-01,7.962962962962962798e-01,1.900675743818283081e-01,0.000000000000000000e+00
4.210000000000000000e+03,3.448710143566131592e-01,8.518518518518518601e-01,1.950701922178268433e-01,0.000000000000000000e+00
4.220000000000000000e+03,3.196352124214172363e-01,8.333333333333333703e-01,1.545470207929611206e-01,0.000000000000000000e+00
4.230000000000000000e+03,3.003849089145660400e-01,8.333333333333333703e-01,1.364397853612899780e-01,0.000000000000000000e+00
4.240000000000000000e+03,3.557808399200439453e-01,7.777777777777777901e-01,1.570441871881484985e-01,0.000000000000000000e+00
4.250000000000000000e+03,3.443863987922668457e-01,8.148148148148147696e-01,1.329411417245864868e-01,0.000000000000000000e+00
4.260000000000000000e+03,3.842187523841857910e-01,8.148148148148147696e-01,1.621670871973037720e-01,0.000000000000000000e+00
4.270000000000000000e+03,3.739052116870880127e-01,7.962962962962962798e-01,1.831406056880950928e-01,0.000000000000000000e+00
4.280000000000000000e+03,3.403772413730621338e-01,8.148148148148147696e-01,1.562735885381698608e-01,0.000000000000000000e+00
4.290000000000000000e+03,2.916744053363800049e-01,8.148148148148147696e-01,6.525798887014389038e-02,0.000000000000000000e+00
4.300000000000000000e+03,3.115599453449249268e-01,7.592592592592593004e-01,1.158399954438209534e-01,0.000000000000000000e+00
4.310000000000000000e+03,3.285001814365386963e-01,7.777777777777777901e-01,1.051047667860984802e-01,0.000000000000000000e+00
4.320000000000000000e+03,3.263653218746185303e-01,7.777777777777777901e-01,1.399399489164352417e-01,0.000000000000000000e+00
4.330000000000000000e+03,3.580901622772216797e-01,8.703703703703703498e-01,1.790979951620101929e-01,0.000000000000000000e+00
4.340000000000000000e+03,3.362847864627838135e-01,7.777777777777777901e-01,1.537827551364898682e-01,0.000000000000000000e+00
4.350000000000000000e+03,3.692771494388580322e-01,8.333333333333333703e-01,1.758882701396942139e-01,0.000000000000000000e+00
4.360000000000000000e+03,3.728080093860626221e-01,7.962962962962962798e-01,1.663545221090316772e-01,0.000000000000000000e+00
4.370000000000000000e+03,3.806552886962890625e-01,8.333333333333333703e-01,2.095142006874084473e-01,0.000000000000000000e+00
4.380000000000000000e+03,3.839276432991027832e-01,8.518518518518518601e-01,1.855911165475845337e-01,0.000000000000000000e+00
4.390000000000000000e+03,3.846228420734405518e-01,8.703703703703703498e-01,1.776092350482940674e-01,0.000000000000000000e+00
4.400000000000000000e+03,3.805922865867614746e-01,8.518518518518518601e-01,1.978667527437210083e-01,0.000000000000000000e+00
4.410000000000000000e+03,3.823458254337310791e-01,8.518518518518518601e-01,1.977780014276504517e-01,0.000000000000000000e+00
4.420000000000000000e+03,3.654691278934478760e-01,8.703703703703703498e-01,1.720305532217025757e-01,0.000000000000000000e+00
4.430000000000000000e+03,3.880156278610229492e-01,8.518518518518518601e-01,2.187306284904479980e-01,0.000000000000000000e+00
4.440000000000000000e+03,3.937187790870666504e-01,8.333333333333333703e-01,2.177400290966033936e-01,0.000000000000000000e+00
4.450000000000000000e+03,4.263078868389129639e-01,7.592592592592593004e-01,2.386471182107925415e-01,0.000000000000000000e+00
4.460000000000000000e+03,4.075804650783538818e-01,8.518518518518518601e-01,2.077303230762481689e-01,0.000000000000000000e+00
4.470000000000000000e+03,4.242020249366760254e-01,8.333333333333333703e-01,2.572471499443054199e-01,0.000000000000000000e+00
4.480000000000000000e+03,4.197317659854888916e-01,7.962962962962962798e-01,2.401857674121856689e-01,0.000000000000000000e+00
4.490000000000000000e+03,3.961904942989349365e-01,8.703703703703703498e-01,2.367900311946868896e-01,0.000000000000000000e+00
4.500000000000000000e+03,4.106124639511108398e-01,8.518518518518518601e-01,2.462399899959564209e-01,0.000000000000000000e+00
4.510000000000000000e+03,4.178145229816436768e-01,8.888888888888888395e-01,2.599068284034729004e-01,0.000000000000000000e+00
4.520000000000000000e+03,4.271019399166107178e-01,8.518518518518518601e-01,2.703124582767486572e-01,0.000000000000000000e+00
4.530000000000000000e+03,4.325008690357208252e-01,8.518518518518518601e-01,2.515648007392883301e-01,0.000000000000000000e+00
4.540000000000000000e+03,4.223592281341552734e-01,8.148148148148147696e-01,2.502849996089935303e-01,0.000000000000000000e+00
4.550000000000000000e+03,4.041990637779235840e-01,8.333333333333333703e-01,2.003554999828338623e-01,0.000000000000000000e+00
4.560000000000000000e+03,4.009401798248291016e-01,8.333333333333333703e-01,1.985979378223419189e-01,0.000000000000000000e+00
4.570000000000000000e+03,4.063213765621185303e-01,8.333333333333333703e-01,2.196460962295532227e-01,0.000000000000000000e+00
4.580000000000000000e+03,3.896084427833557129e-01,8.888888888888888395e-01,2.143141031265258789e-01,0.000000000000000000e+00
4.590000000000000000e+03,4.150084853172302246e-01,8.703703703703703498e-01,2.197007834911346436e-01,0.000000000000000000e+00
4.600000000000000000e+03,4.039900302886962891e-01,8.333333333333333703e-01,2.175219357013702393e-01,0.000000000000000000e+00
4.610000000000000000e+03,4.065531790256500244e-01,8.518518518518518601e-01,2.314615398645401001e-01,0.000000000000000000e+00
4.620000000000000000e+03,4.160166680812835693e-01,7.962962962962962798e-01,2.443833798170089722e-01,0.000000000000000000e+00
4.630000000000000000e+03,4.141375422477722168e-01,8.518518518518518601e-01,2.191523313522338867e-01,0.000000000000000000e+00
4.640000000000000000e+03,4.257827103137969971e-01,8.333333333333333703e-01,2.375581413507461548e-01,0.000000000000000000e+00
4.650000000000000000e+03,4.163571894168853760e-01,8.518518518518518601e-01,2.106684297323226929e-01,0.000000000000000000e+00
4.660000000000000000e+03,3.971540629863739014e-01,8.703703703703703498e-01,1.941868066787719727e-01,0.000000000000000000e+00
4.670000000000000000e+03,4.011309742927551270e-01,8.703703703703703498e-01,2.064656019210815430e-01,0.000000000000000000e+00
4.680000000000000000e+03,4.066868722438812256e-01,8.518518518518518601e-01,2.243299782276153564e-01,0.000000000000000000e+00
4.690000000000000000e+03,4.142333865165710449e-01,8.333333333333333703e-01,2.043201476335525513e-01,0.000000000000000000e+00
4.700000000000000000e+03,4.291219115257263184e-01,8.148148148148147696e-01,2.057112753391265869e-01,0.000000000000000000e+00
4.710000000000000000e+03,3.885044753551483154e-01,8.518518518518518601e-01,1.898674070835113525e-01,0.000000000000000000e+00
4.720000000000000000e+03,4.279366433620452881e-01,8.333333333333333703e-01,2.205104827880859375e-01,0.000000000000000000e+00
4.730000000000000000e+03,4.254997670650482178e-01,8.333333333333333703e-01,2.316067516803741455e-01,0.000000000000000000e+00
4.740000000000000000e+03,4.397620260715484619e-01,8.333333333333333703e-01,2.449947148561477661e-01,0.000000000000000000e+00
4.750000000000000000e+03,4.196043312549591064e-01,8.703703703703703498e-01,2.277572154998779297e-01,0.000000000000000000e+00
4.760000000000000000e+03,4.287118315696716309e-01,8.703703703703703498e-01,2.496633380651473999e-01,0.000000000000000000e+00
4.770000000000000000e+03,4.057378768920898438e-01,8.333333333333333703e-01,2.184202969074249268e-01,0.000000000000000000e+00
4.780000000000000000e+03,3.890618383884429932e-01,8.333333333333333703e-01,1.895313113927841187e-01,0.000000000000000000e+00
4.790000000000000000e+03,3.628984987735748291e-01,8.518518518518518601e-01,1.605725586414337158e-01,0.000000000000000000e+00
4.800000000000000000e+03,3.507020771503448486e-01,8.148148148148147696e-01,1.600634306669235229e-01,0.000000000000000000e+00
4.810000000000000000e+03,4.162758290767669678e-01,7.777777777777777901e-01,1.890187412500381470e-01,0.000000000000000000e+00
4.820000000000000000e+03,3.962233364582061768e-01,8.518518518518518601e-01,2.099082469940185547e-01,0.000000000000000000e+00
4.830000000000000000e+03,3.810963928699493408e-01,7.777777777777777901e-01,2.036710679531097412e-01,0.000000000000000000e+00
4.840000000000000000e+03,4.010176360607147217e-01,8.333333333333333703e-01,2.154983580112457275e-01,0.000000000000000000e+00
4.850000000000000000e+03,4.070980250835418701e-01,8.148148148148147696e-01,2.256694585084915161e-01,0.000000000000000000e+00
4.860000000000000000e+03,3.982784748077392578e-01,7.962962962962962798e-01,2.162826657295227051e-01,0.000000000000000000e+00
4.870000000000000000e+03,3.926552236080169678e-01,8.518518518518518601e-01,1.890722364187240601e-01,0.000000000000000000e+00
4.880000000000000000e+03,3.926741182804107666e-01,8.518518518518518601e-01,2.166395187377929688e-01,0.000000000000000000e+00
4.890000000000000000e+03,4.247000515460968018e-01,8.333333333333333703e-01,2.324503362178802490e-01,0.000000000000000000e+00
4.900000000000000000e+03,4.299979805946350098e-01,8.518518518518518601e-01,2.215372174978256226e-01,0.000000000000000000e+00
4.910000000000000000e+03,4.356566369533538818e-01,8.703703703703703498e-01,2.217241972684860229e-01,0.000000000000000000e+00
4.920000000000000000e+03,3.974826335906982422e-01,8.333333333333333703e-01,1.980585604906082153e-01,0.000000000000000000e+00
4.930000000000000000e+03,4.244695007801055908e-01,8.518518518518518601e-01,1.641937941312789917e-01,0.000000000000000000e+00
4.940000000000000000e+03,4.257131814956665039e-01,8.148148148148147696e-01,1.579389125108718872e-01,0.000000000000000000e+00
4.950000000000000000e+03,4.376608133316040039e-01,8.703703703703703498e-01,2.085872888565063477e-01,0.000000000000000000e+00
4.960000000000000000e+03,4.495378732681274414e-01,8.148148148148147696e-01,1.966223865747451782e-01,0.000000000000000000e+00
4.970000000000000000e+03,4.146607518196105957e-01,7.962962962962962798e-01,2.181617170572280884e-01,0.000000000000000000e+00
4.980000000000000000e+03,3.899676203727722168e-01,8.148148148148147696e-01,1.919252574443817139e-01,0.000000000000000000e+00
4.990000000000000000e+03,4.200634658336639404e-01,8.518518518518518601e-01,2.000003457069396973e-01,0.000000000000000000e+00
5.000000000000000000e+03,4.077122509479522705e-01,8.518518518518518601e-01,1.720232963562011719e-01,0.000000000000000000e+00
5.010000000000000000e+03,4.069477319717407227e-01,7.777777777777777901e-01,1.603174805641174316e-01,0.000000000000000000e+00
5.020000000000000000e+03,3.975576460361480713e-01,7.962962962962962798e-01,1.635070294141769409e-01,0.000000000000000000e+00
5.030000000000000000e+03,4.370855391025543213e-01,7.962962962962962798e-01,1.829675585031509399e-01,0.000000000000000000e+00
5.040000000000000000e+03,4.625181257724761963e-01,8.148148148148147696e-01,2.379286289215087891e-01,0.000000000000000000e+00
5.050000000000000000e+03,4.540810286998748779e-01,8.148148148148147696e-01,2.015475630760192871e-01,0.000000000000000000e+00
5.060000000000000000e+03,4.394888877868652344e-01,7.962962962962962798e-01,2.139593064785003662e-01,0.000000000000000000e+00
5.070000000000000000e+03,4.208058416843414307e-01,8.148148148148147696e-01,2.005320191383361816e-01,0.000000000000000000e+00
5.080000000000000000e+03,4.260805845260620117e-01,8.148148148148147696e-01,1.962566375732421875e-01,0.000000000000000000e+00
5.090000000000000000e+03,4.520123600959777832e-01,7.962962962962962798e-01,2.203392684459686279e-01,0.000000000000000000e+00
5.100000000000000000e+03,4.601997137069702148e-01,7.777777777777777901e-01,2.209180891513824463e-01,0.000000000000000000e+00
5.110000000000000000e+03,4.500789344310760498e-01,7.962962962962962798e-01,2.376127541065216064e-01,0.000000000000000000e+00
5.120000000000000000e+03,4.552840590476989746e-01,8.333333333333333703e-01,2.209776788949966431e-01,0.000000000000000000e+00
5.130000000000000000e+03,4.411218464374542236e-01,7.962962962962962798e-01,2.308885753154754639e-01,0.000000000000000000e+00
5.140000000000000000e+03,4.350963830947875977e-01,8.518518518518518601e-01,2.358454465866088867e-01,0.000000000000000000e+00
5.150000000000000000e+03,4.279466271400451660e-01,8.148148148148147696e-01,2.348512113094329834e-01,0.000000000000000000e+00
5.160000000000000000e+03,4.186956286430358887e-01,8.333333333333333703e-01,1.931490898132324219e-01,0.000000000000000000e+00
5.170000000000000000e+03,4.182903766632080078e-01,8.148148148148147696e-01,2.336209267377853394e-01,0.000000000000000000e+00
5.180000000000000000e+03,4.352499246597290039e-01,8.333333333333333703e-01,2.450215369462966919e-01,0.000000000000000000e+00
5.190000000000000000e+03,4.138372540473937988e-01,8.148148148148147696e-01,2.107491195201873779e-01,0.000000000000000000e+00
5.200000000000000000e+03,4.199220240116119385e-01,8.333333333333333703e-01,2.341132014989852905e-01,0.000000000000000000e+00
5.210000000000000000e+03,4.033032655715942383e-01,8.703703703703703498e-01,2.251221537590026855e-01,0.000000000000000000e+00
5.220000000000000000e+03,4.262481331825256348e-01,8.333333333333333703e-01,2.288815975189208984e-01,0.000000000000000000e+00
5.230000000000000000e+03,4.295015037059783936e-01,8.333333333333333703e-01,2.432972192764282227e-01,0.000000000000000000e+00
5.240000000000000000e+03,4.324315488338470459e-01,8.333333333333333703e-01,2.079415619373321533e-01,0.000000000000000000e+00
5.250000000000000000e+03,4.530000984668731689e-01,8.148148148148147696e-01,2.518827617168426514e-01,0.000000000000000000e+00
5.260000000000000000e+03,4.655180871486663818e-01,7.962962962962962798e-01,2.624932229518890381e-01,0.000000000000000000e+00
5.270000000000000000e+03,4.637660086154937744e-01,8.148148148148147696e-01,2.865874171257019043e-01,0.000000000000000000e+00
5.280000000000000000e+03,4.653359055519104004e-01,7.777777777777777901e-01,2.612966597080230713e-01,0.000000000000000000e+00
5.290000000000000000e+03,4.208607971668243408e-01,8.518518518518518601e-01,2.449481636285781860e-01,0.000000000000000000e+00
5.300000000000000000e+03,3.854099214076995850e-01,8.703703703703703498e-01,2.031611949205398560e-01,0.000000000000000000e+00
5.310000000000000000e+03,4.187657535076141357e-01,8.333333333333333703e-01,2.339486479759216309e-01,0.000000000000000000e+00
5.320000000000000000e+03,3.711464405059814453e-01,8.703703703703703498e-01,2.019558995962142944e-01,0.000000000000000000e+00
5.330000000000000000e+03,4.024857282638549805e-01,8.518518518518518601e-01,2.434930354356765747e-01,0.000000000000000000e+00
5.340000000000000000e+03,4.453723728656768799e-01,8.333333333333333703e-01,2.700188755989074707e-01,0.000000000000000000e+00
5.350000000000000000e+03,4.598133862018585205e-01,9.074074074074074403e-01,2.999687492847442627e-01,0.000000000000000000e+00
5.360000000000000000e+03,4.615854918956756592e-01,8.888888888888888395e-01,2.925370931625366211e-01,0.000000000000000000e+00
5.370000000000000000e+03,4.383084177970886230e-01,8.518518518518518601e-01,2.940811812877655029e-01,0.000000000000000000e+00
5.380000000000000000e+03,4.367231428623199463e-01,8.333333333333333703e-01,2.435499429702758789e-01,0.000000000000000000e+00
5.390000000000000000e+03,4.391932189464569092e-01,8.148148148148147696e-01,2.587192654609680176e-01,0.000000000000000000e+00
5.400000000000000000e+03,4.068613946437835693e-01,8.703703703703703498e-01,2.518240213394165039e-01,0.000000000000000000e+00
5.410000000000000000e+03,4.046993851661682129e-01,7.962962962962962798e-01,2.693693041801452637e-01,0.000000000000000000e+00
5.420000000000000000e+03,3.985946476459503174e-01,8.518518518518518601e-01,2.387935817241668701e-01,0.000000000000000000e+00
5.430000000000000000e+03,3.982430100440979004e-01,8.703703703703703498e-01,2.548972070217132568e-01,0.000000000000000000e+00
5.440000000000000000e+03,4.212775826454162598e-01,8.888888888888888395e-01,2.569120526313781738e-01,0.000000000000000000e+00
5.450000000000000000e+03,3.958126306533813477e-01,8.703703703703703498e-01,2.352124303579330444e-01,0.000000000000000000e+00
5.460000000000000000e+03,4.289209246635437012e-01,8.518518518518518601e-01,2.623017728328704834e-01,0.000000000000000000e+00
5.470000000000000000e+03,4.366160333156585693e-01,8.703703703703703498e-01,2.647207379341125488e-01,0.000000000000000000e+00
5.480000000000000000e+03,4.605969190597534180e-01,8.333333333333333703e-01,2.749795317649841309e-01,0.000000000000000000e+00
5.490000000000000000e+03,4.284372031688690186e-01,8.518518518518518601e-01,2.582463920116424561e-01,0.000000000000000000e+00
5.500000000000000000e+03,4.294024705886840820e-01,8.333333333333333703e-01,2.275954782962799072e-01,0.000000000000000000e+00
5.510000000000000000e+03,4.444649517536163330e-01,7.777777777777777901e-01,2.718901038169860840e-01,0.000000000000000000e+00
5.520000000000000000e+03,4.049807488918304443e-01,8.333333333333333703e-01,2.732120156288146973e-01,0.000000000000000000e+00
5.530000000000000000e+03,4.083276689052581787e-01,8.148148148148147696e-01,2.267014086246490479e-01,0.000000000000000000e+00
5.540000000000000000e+03,4.308270812034606934e-01,8.148148148148147696e-01,2.960086166858673096e-01,0.000000000000000000e+00
5.550000000000000000e+03,4.194721281528472900e-01,8.518518518518518601e-01,2.772773206233978271e-01,0.000000000000000000e+00
5.560000000000000000e+03,4.481586217880249023e-01,8.333333333333333703e-01,3.021911382675170898e-01,0.000000000000000000e+00
5.570000000000000000e+03,4.357175230979919434e-01,8.518518518518518601e-01,3.026419878005981445e-01,0.000000000000000000e+00
5.580000000000000000e+03,4.128734767436981201e-01,8.518518518518518601e-01,2.815829217433929443e-01,0.000000000000000000e+00
5.590000000000000000e+03,4.189228117465972900e-01,8.333333333333333703e-01,2.898253202438354492e-01,0.000000000000000000e+00
5.600000000000000000e+03,4.080422520637512207e-01,8.148148148148147696e-01,2.958571016788482666e-01,0.000000000000000000e+00
5.610000000000000000e+03,4.018731713294982910e-01,8.703703703703703498e-01,2.559760510921478271e-01,0.000000000000000000e+00
5.620000000000000000e+03,4.719778001308441162e-01,8.518518518518518601e-01,3.392130732536315918e-01,0.000000000000000000e+00
5.630000000000000000e+03,4.917489886283874512e-01,7.962962962962962798e-01,3.509270250797271729e-01,0.000000000000000000e+00
5.640000000000000000e+03,4.624830186367034912e-01,7.962962962962962798e-01,3.641082942485809326e-01,0.000000000000000000e+00
5.650000000000000000e+03,4.533570706844329834e-01,7.962962962962962798e-01,3.074548542499542236e-01,0.000000000000000000e+00
5.660000000000000000e+03,4.620435237884521484e-01,8.148148148148147696e-01,3.250997662544250488e-01,0.000000000000000000e+00
5.670000000000000000e+03,4.367815554141998291e-01,8.518518518518518601e-01,3.101888298988342285e-01,0.000000000000000000e+00
5.680000000000000000e+03,4.538719952106475830e-01,7.777777777777777901e-01,3.122109472751617432e-01,0.000000000000000000e+00
5.690000000000000000e+03,4.469991028308868408e-01,7.962962962962962798e-01,2.987131178379058838e-01,0.000000000000000000e+00
5.700000000000000000e+03,4.861219525337219238e-01,7.962962962962962798e-01,3.205892741680145264e-01,0.000000000000000000e+00
5.710000000000000000e+03,4.775981903076171875e-01,7.962962962962962798e-01,3.291145563125610352e-01,0.000000000000000000e+00
5.720000000000000000e+03,4.504030048847198486e-01,7.962962962962962798e-01,2.919065058231353760e-01,0.000000000000000000e+00
5.730000000000000000e+03,4.681156873703002930e-01,8.333333333333333703e-01,2.945441603660583496e-01,0.000000000000000000e+00
5.740000000000000000e+03,4.698282778263092041e-01,8.148148148148147696e-01,3.195933699607849121e-01,0.000000000000000000e+00
5.750000000000000000e+03,5.094935297966003418e-01,8.518518518518518601e-01,3.513973653316497803e-01,0.000000000000000000e+00
5.760000000000000000e+03,4.774280488491058350e-01,8.888888888888888395e-01,3.123974502086639404e-01,0.000000000000000000e+00
5.770000000000000000e+03,4.457751810550689697e-01,8.703703703703703498e-01,3.039253056049346924e-01,0.000000000000000000e+00
5.780000000000000000e+03,4.465525448322296143e-01,8.518518518518518601e-01,2.743687033653259277e-01,0.000000000000000000e+00
5.790000000000000000e+03,4.441306591033935547e-01,8.148148148148147696e-01,3.100568950176239014e-01,0.000000000000000000e+00
5.800000000000000000e+03,4.573913216590881348e-01,8.703703703703703498e-01,3.247840702533721924e-01,0.000000000000000000e+00
5.810000000000000000e+03,4.606421291828155518e-01,8.703703703703703498e-01,2.910992205142974854e-01,0.000000000000000000e+00
5.820000000000000000e+03,4.427157044410705566e-01,8.703703703703703498e-01,2.857736647129058838e-01,0.000000000000000000e+00
5.830000000000000000e+03,4.341744780540466309e-01,8.518518518518518601e-01,3.011364936828613281e-01,0.000000000000000000e+00
5.840000000000000000e+03,4.372939169406890869e-01,8.518518518518518601e-01,2.949859499931335449e-01,0.000000000000000000e+00
5.850000000000000000e+03,4.298779964447021484e-01,8.703703703703703498e-01,2.863763868808746338e-01,0.000000000000000000e+00
5.860000000000000000e+03,4.564134776592254639e-01,7.962962962962962798e-01,2.888903021812438965e-01,0.000000000000000000e+00
5.870000000000000000e+03,4.676606953144073486e-01,8.703703703703703498e-01,3.125067949295043945e-01,0.000000000000000000e+00
5.880000000000000000e+03,4.587294161319732666e-01,8.703703703703703498e-01,3.229273855686187744e-01,0.000000000000000000e+00
5.890000000000000000e+03,4.799432158470153809e-01,8.518518518518518601e-01,3.250167071819305420e-01,0.000000000000000000e+00
5.900000000000000000e+03,4.685668945312500000e-01,7.592592592592593004e-01,3.245014548301696777e-01,0.000000000000000000e+00
5.910000000000000000e+03,4.521535336971282959e-01,7.962962962962962798e-01,2.945267856121063232e-01,0.000000000000000000e+00
5.920000000000000000e+03,4.696963429450988770e-01,8.148148148148147696e-01,3.236653506755828857e-01,0.000000000000000000e+00
5.930000000000000000e+03,4.654738605022430420e-01,8.518518518518518601e-01,3.023393154144287109e-01,0.000000000000000000e+00
5.940000000000000000e+03,4.505678713321685791e-01,8.518518518518518601e-01,2.971326708793640137e-01,0.000000000000000000e+00
5.950000000000000000e+03,4.621072113513946533e-01,8.888888888888888395e-01,3.342967629432678223e-01,0.000000000000000000e+00
5.960000000000000000e+03,4.925249516963958740e-01,8.888888888888888395e-01,3.668204545974731445e-01,0.000000000000000000e+00
5.970000000000000000e+03,5.255356431007385254e-01,8.333333333333333703e-01,4.130353629589080811e-01,0.000000000000000000e+00
5.980000000000000000e+03,5.119314193725585938e-01,8.888888888888888395e-01,3.686416149139404297e-01,0.000000000000000000e+00
5.990000000000000000e+03,4.503995478153228760e-01,8.703703703703703498e-01,3.451542854309082031e-01,0.000000000000000000e+00
6.000000000000000000e+03,4.421926140785217285e-01,8.518518518518518601e-01,3.257192075252532959e-01,0.000000000000000000e+00
6.010000000000000000e+03,4.454227685928344727e-01,8.518518518518518601e-01,3.255724608898162842e-01,0.000000000000000000e+00
6.020000000000000000e+03,4.866217672824859619e-01,8.148148148148147696e-01,3.537930548191070557e-01,0.000000000000000000e+00
6.030000000000000000e+03,4.497357010841369629e-01,8.703703703703703498e-01,3.045370578765869141e-01,0.000000000000000000e+00
6.040000000000000000e+03,4.437479972839355469e-01,8.333333333333333703e-01,2.817499935626983643e-01,0.000000000000000000e+00
6.050000000000000000e+03,4.602741301059722900e-01,8.703703703703703498e-01,3.248693346977233887e-01,0.000000000000000000e+00
6.060000000000000000e+03,4.668151140213012695e-01,8.703703703703703498e-01,3.241772949695587158e-01,0.000000000000000000e+00
6.070000000000000000e+03,4.585983455181121826e-01,8.148148148148147696e-01,3.052824139595031738e-01,0.000000000000000000e+00
6.080000000000000000e+03,4.275059998035430908e-01,8.333333333333333703e-01,2.832787632942199707e-01,0.000000000000000000e+00
6.090000000000000000e+03,4.315707683563232422e-01,8.148148148148147696e-01,2.860547006130218506e-01,0.000000000000000000e+00
6.100000000000000000e+03,4.258545339107513428e-01,8.703703703703703498e-01,3.117215037345886230e-01,0.000000000000000000e+00
6.110000000000000000e+03,4.722155332565307617e-01,8.333333333333333703e-01,3.317800462245941162e-01,0.000000000000000000e+00
6.120000000000000000e+03,4.466485381126403809e-01,8.888888888888888395e-01,2.984284162521362305e-01,0.000000000000000000e+00
6.130000000000000000e+03,4.643642604351043701e-01,8.888888888888888395e-01,2.855502963066101074e-01,0.000000000000000000e+00
6.140000000000000000e+03,4.736867249011993408e-01,8.148148148148147696e-01,3.239407241344451904e-01,0.000000000000000000e+00
6.150000000000000000e+03,4.879343807697296143e-01,8.703703703703703498e-01,3.536904752254486084e-01,0.000000000000000000e+00
6.160000000000000000e+03,4.980321824550628662e-01,8.333333333333333703e-01,3.570897281169891357e-01,0.000000000000000000e+00
6.170000000000000000e+03,4.699153006076812744e-01,7.777777777777777901e-01,3.470288217067718506e-01,0.000000000000000000e+00
6.180000000000000000e+03,4.869011342525482178e-01,8.333333333333333703e-01,3.431838750839233398e-01,0.000000000000000000e+00
6.190000000000000000e+03,4.776467680931091309e-01,8.703703703703703498e-01,3.105845153331756592e-01,0.000000000000000000e+00
6.200000000000000000e+03,4.823085069656372070e-01,8.333333333333333703e-01,3.169097602367401123e-01,0.000000000000000000e+00
6.210000000000000000e+03,5.115153789520263672e-01,8.148148148148147696e-01,3.709886968135833740e-01,0.000000000000000000e+00
6.220000000000000000e+03,5.138925909996032715e-01,8.518518518518518601e-01,3.382554948329925537e-01,0.000000000000000000e+00
6.230000000000000000e+03,5.173337459564208984e-01,8.518518518518518601e-01,3.308218419551849365e-01,0.000000000000000000e+00
6.240000000000000000e+03,5.066964626312255859e-01,7.962962962962962798e-01,3.309478759765625000e-01,0.000000000000000000e+00
6.250000000000000000e+03,5.090952515602111816e-01,8.518518518518518601e-01,3.183827102184295654e-01,0.000000000000000000e+00
6.260000000000000000e+03,5.053915381431579590e-01,8.518518518518518601e-01,3.065097033977508545e-01,0.000000000000000000e+00
6.270000000000000000e+03,4.937565922737121582e-01,8.333333333333333703e-01,3.408045768737792969e-01,0.000000000000000000e+00
6.280000000000000000e+03,5.074086785316467285e-01,8.148148148148147696e-01,3.459336459636688232e-01,0.000000000000000000e+00
6.290000000000000000e+03,4.997333884239196777e-01,8.148148148148147696e-01,3.471720218658447266e-01,0.000000000000000000e+00
6.300000000000000000e+03,4.880381524562835693e-01,8.703703703703703498e-01,3.450719714164733887e-01,0.000000000000000000e+00
6.310000000000000000e+03,4.698889255523681641e-01,8.518518518518518601e-01,3.139709532260894775e-01,0.000000000000000000e+00
6.320000000000000000e+03,4.803932309150695801e-01,8.333333333333333703e-01,3.238730132579803467e-01,0.000000000000000000e+00
6.330000000000000000e+03,4.916236698627471924e-01,8.703703703703703498e-01,3.583319485187530518e-01,0.000000000000000000e+00
6.340000000000000000e+03,4.763574302196502686e-01,8.518518518518518601e-01,3.234704732894897461e-01,0.000000000000000000e+00
6.350000000000000000e+03,5.019577741622924805e-01,8.703703703703703498e-01,3.570301532745361328e-01,0.000000000000000000e+00
6.360000000000000000e+03,4.858264029026031494e-01,8.518518518518518601e-01,3.286889493465423584e-01,0.000000000000000000e+00
6.370000000000000000e+03,4.633788764476776123e-01,8.333333333333333703e-01,3.173108696937561035e-01,0.000000000000000000e+00
6.380000000000000000e+03,4.610828459262847900e-01,8.888888888888888395e-01,3.446167409420013428e-01,0.000000000000000000e+00
6.390000000000000000e+03,4.468635320663452148e-01,8.148148148148147696e-01,3.240191638469696045e-01,0.000000000000000000e+00
6.400000000000000000e+03,4.583249390125274658e-01,8.888888888888888395e-01,3.552009463310241699e-01,0.000000000000000000e+00
6.410000000000000000e+03,4.430649876594543457e-01,8.703703703703703498e-01,3.181274235248565674e-01,0.000000000000000000e+00
6.420000000000000000e+03,4.449217021465301514e-01,8.888888888888888395e-01,3.224665522575378418e-01,0.000000000000000000e+00
6.430000000000000000e+03,4.627140462398529053e-01,8.703703703703703498e-01,3.588127195835113525e-01,0.000000000000000000e+00
6.440000000000000000e+03,4.657349288463592529e-01,8.333333333333333703e-01,3.202908635139465332e-01,0.000000000000000000e+00
6.450000000000000000e+03,4.679934978485107422e-01,8.703703703703703498e-01,3.226526975631713867e-01,0.000000000000000000e+00
6.460000000000000000e+03,4.317587316036224365e-01,8.518518518518518601e-01,2.984195947647094727e-01,0.000000000000000000e+00
6.470000000000000000e+03,4.538164436817169189e-01,8.333333333333333703e-01,3.356849849224090576e-01,0.000000000000000000e+00
6.480000000000000000e+03,4.756669104099273682e-01,8.703703703703703498e-01,3.438862562179565430e-01,0.000000000000000000e+00
6.490000000000000000e+03,4.630372524261474609e-01,8.333333333333333703e-01,3.263848423957824707e-01,0.000000000000000000e+00
6.500000000000000000e+03,4.589072763919830322e-01,8.888888888888888395e-01,3.213378489017486572e-01,0.000000000000000000e+00
6.510000000000000000e+03,4.766601026058197021e-01,8.518518518518518601e-01,3.456054627895355225e-01,0.000000000000000000e+00
6.520000000000000000e+03,5.007117390632629395e-01,8.333333333333333703e-01,3.511511087417602539e-01,0.000000000000000000e+00
6.530000000000000000e+03,5.119730830192565918e-01,8.333333333333333703e-01,3.596716225147247314e-01,0.000000000000000000e+00
6.540000000000000000e+03,4.825066924095153809e-01,9.259259259259259300e-01,3.197086453437805176e-01,0.000000000000000000e+00
6.550000000000000000e+03,4.658572375774383545e-01,8.333333333333333703e-01,2.927976846694946289e-01,0.000000000000000000e+00
6.560000000000000000e+03,4.825576245784759521e-01,8.518518518518518601e-01,3.177752494812011719e-01,0.000000000000000000e+00
6.570000000000000000e+03,4.521289467811584473e-01,8.888888888888888395e-01,3.080456852912902832e-01,0.000000000000000000e+00
6.580000000000000000e+03,4.667765200138092041e-01,8.518518518518518601e-01,3.026304244995117188e-01,0.000000000000000000e+00
6.590000000000000000e+03,4.996119737625122070e-01,8.703703703703703498e-01,3.385596573352813721e-01,0.000000000000000000e+00
6.600000000000000000e+03,4.834470152854919434e-01,8.518518518518518601e-01,3.107565045356750488e-01,0.000000000000000000e+00
6.610000000000000000e+03,4.923960864543914795e-01,8.333333333333333703e-01,3.099027574062347412e-01,0.000000000000000000e+00
6.620000000000000000e+03,5.009212493896484375e-01,8.703703703703703498e-01,3.237148821353912354e-01,0.000000000000000000e+00
6.630000000000000000e+03,4.951854050159454346e-01,8.703703703703703498e-01,3.242931365966796875e-01,0.000000000000000000e+00
6.640000000000000000e+03,4.775628149509429932e-01,8.518518518518518601e-01,3.344881534576416016e-01,0.000000000000000000e+00
6.650000000000000000e+03,4.610776007175445557e-01,8.888888888888888395e-01,3.231169283390045166e-01,0.000000000000000000e+00
6.660000000000000000e+03,4.889421164989471436e-01,8.333333333333333703e-01,3.462759554386138916e-01,0.000000000000000000e+00
6.670000000000000000e+03,4.699028432369232178e-01,8.518518518518518601e-01,3.153118193149566650e-01,0.000000000000000000e+00
6.680000000000000000e+03,4.823369681835174561e-01,8.703703703703703498e-01,3.353921473026275635e-01,0.000000000000000000e+00
6.690000000000000000e+03,4.647304713726043701e-01,8.518518518518518601e-01,3.078296184539794922e-01,0.000000000000000000e+00
6.700000000000000000e+03,4.895521104335784912e-01,8.148148148148147696e-01,3.299520313739776611e-01,0.000000000000000000e+00
6.710000000000000000e+03,4.453403949737548828e-01,8.333333333333333703e-01,2.623317539691925049e-01,0.000000000000000000e+00
6.720000000000000000e+03,4.467375278472900391e-01,8.888888888888888395e-01,2.668005824089050293e-01,0.000000000000000000e+00
6.730000000000000000e+03,4.603721499443054199e-01,8.333333333333333703e-01,2.794560194015502930e-01,0.000000000000000000e+00
6.740000000000000000e+03,4.575358033180236816e-01,8.333333333333333703e-01,2.858414053916931152e-01,0.000000000000000000e+00
6.750000000000000000e+03,4.766617715358734131e-01,7.962962962962962798e-01,3.149908185005187988e-01,0.000000000000000000e+00
6.760000000000000000e+03,5.022855401039123535e-01,8.148148148148147696e-01,3.485032021999359131e-01,0.000000000000000000e+00
6.770000000000000000e+03,5.077160596847534180e-01,8.333333333333333703e-01,3.480631113052368164e-01,0.000000000000000000e+00
6.780000000000000000e+03,4.387409389019012451e-01,8.148148148148147696e-01,2.686138749122619629e-01,0.000000000000000000e+00
6.790000000000000000e+03,4.245205819606781006e-01,8.703703703703703498e-01,2.355425208806991577e-01,0.000000000000000000e+00
6.800000000000000000e+03,4.309434592723846436e-01,8.703703703703703498e-01,2.719874978065490723e-01,0.000000000000000000e+00
6.810000000000000000e+03,4.340156018733978271e-01,8.333333333333333703e-01,2.688468098640441895e-01,0.000000000000000000e+00
6.820000000000000000e+03,4.587909877300262451e-01,8.333333333333333703e-01,2.611423730850219727e-01,0.000000000000000000e+00
6.830000000000000000e+03,4.924161136150360107e-01,8.888888888888888395e-01,3.437791466712951660e-01,0.000000000000000000e+00
6.840000000000000000e+03,4.547192752361297607e-01,8.518518518518518601e-01,2.942403256893157959e-01,0.000000000000000000e+00
6.850000000000000000e+03,4.292422235012054443e-01,8.703703703703703498e-01,2.413617074489593506e-01,0.000000000000000000e+00
6.860000000000000000e+03,3.904806673526763916e-01,8.518518518518518601e-01,2.213056236505508423e-01,0.000000000000000000e+00
6.870000000000000000e+03,3.788942098617553711e-01,8.518518518518518601e-01,2.229875028133392334e-01,0.000000000000000000e+00
6.880000000000000000e+03,4.106950759887695312e-01,8.703703703703703498e-01,2.847796678543090820e-01,0.000000000000000000e+00
6.890000000000000000e+03,3.885376453399658203e-01,8.888888888888888395e-01,2.596796452999114990e-01,0.000000000000000000e+00
6.900000000000000000e+03,3.732289671897888184e-01,8.888888888888888395e-01,2.137404829263687134e-01,0.000000000000000000e+00
6.910000000000000000e+03,4.101517200469970703e-01,8.518518518518518601e-01,2.782175838947296143e-01,0.000000000000000000e+00
6.920000000000000000e+03,3.959399461746215820e-01,8.333333333333333703e-01,2.627544403076171875e-01,0.000000000000000000e+00
6.930000000000000000e+03,4.309408664703369141e-01,8.333333333333333703e-01,2.995525598526000977e-01,0.000000000000000000e+00
6.940000000000000000e+03,4.380298852920532227e-01,8.888888888888888395e-01,2.959564328193664551e-01,0.000000000000000000e+00
6.950000000000000000e+03,4.075107574462890625e-01,8.703703703703703498e-01,2.459123283624649048e-01,0.000000000000000000e+00
6.960000000000000000e+03,4.146588146686553955e-01,8.518518518518518601e-01,2.613432705402374268e-01,0.000000000000000000e+00
6.970000000000000000e+03,3.598626255989074707e-01,8.888888888888888395e-01,2.089790254831314087e-01,0.000000000000000000e+00
6.980000000000000000e+03,3.633772134780883789e-01,8.333333333333333703e-01,2.161416709423065186e-01,0.000000000000000000e+00
6.990000000000000000e+03,3.750090897083282471e-01,8.518518518518518601e-01,2.296191155910491943e-01,0.000000000000000000e+00
7.000000000000000000e+03,4.177352488040924072e-01,8.703703703703703498e-01,2.995819747447967529e-01,0.000000000000000000e+00
7.010000000000000000e+03,4.257463216781616211e-01,8.703703703703703498e-01,2.820786535739898682e-01,0.000000000000000000e+00
7.020000000000000000e+03,4.078482389450073242e-01,8.518518518518518601e-01,2.785177826881408691e-01,0.000000000000000000e+00
7.030000000000000000e+03,4.060871899127960205e-01,8.888888888888888395e-01,2.573052346706390381e-01,0.000000000000000000e+00
7.040000000000000000e+03,4.132253527641296387e-01,8.518518518518518601e-01,2.551251649856567383e-01,0.000000000000000000e+00
7.050000000000000000e+03,4.152010977268218994e-01,8.518518518518518601e-01,2.656380832195281982e-01,0.000000000000000000e+00
7.060000000000000000e+03,4.305548369884490967e-01,8.333333333333333703e-01,2.726261615753173828e-01,0.000000000000000000e+00
7.070000000000000000e+03,4.192073643207550049e-01,7.962962962962962798e-01,2.742924392223358154e-01,0.000000000000000000e+00
7.080000000000000000e+03,4.386795461177825928e-01,8.888888888888888395e-01,2.847238779067993164e-01,0.000000000000000000e+00
7.090000000000000000e+03,4.490438997745513916e-01,8.888888888888888395e-01,2.777193486690521240e-01,0.000000000000000000e+00
7.100000000000000000e+03,4.471517205238342285e-01,8.518518518518518601e-01,2.856787145137786865e-01,0.000000000000000000e+00
7.110000000000000000e+03,4.251955449581146240e-01,8.333333333333333703e-01,2.590800523757934570e-01,0.000000000000000000e+00
7.120000000000000000e+03,4.111773967742919922e-01,8.703703703703703498e-01,2.530314028263092041e-01,0.000000000000000000e+00
7.130000000000000000e+03,3.825465142726898193e-01,8.333333333333333703e-01,2.292124032974243164e-01,0.000000000000000000e+00
7.140000000000000000e+03,3.958747088909149170e-01,8.333333333333333703e-01,2.362558990716934204e-01,0.000000000000000000e+00
7.150000000000000000e+03,4.013582468032836914e-01,8.333333333333333703e-01,2.342066913843154907e-01,0.000000000000000000e+00
7.160000000000000000e+03,3.836806118488311768e-01,8.518518518518518601e-01,2.097493708133697510e-01,0.000000000000000000e+00
7.170000000000000000e+03,3.875232338905334473e-01,8.148148148148147696e-01,1.845127791166305542e-01,0.000000000000000000e+00
7.180000000000000000e+03,4.195115864276885986e-01,8.148148148148147696e-01,2.173745632171630859e-01,0.000000000000000000e+00
7.190000000000000000e+03,4.058955013751983643e-01,8.148148148148147696e-01,2.191597372293472290e-01,0.000000000000000000e+00
7.200000000000000000e+03,4.184677898883819580e-01,7.592592592592593004e-01,2.080768346786499023e-01,0.000000000000000000e+00
7.210000000000000000e+03,3.904041647911071777e-01,7.962962962962962798e-01,1.918864101171493530e-01,0.000000000000000000e+00
7.220000000000000000e+03,3.687240481376647949e-01,8.333333333333333703e-01,1.801735907793045044e-01,0.000000000000000000e+00
7.230000000000000000e+03,3.870048522949218750e-01,8.518518518518518601e-01,1.851449161767959595e-01,0.000000000000000000e+00
7.240000000000000000e+03,4.215970933437347412e-01,7.962962962962962798e-01,2.365665286779403687e-01,0.000000000000000000e+00
7.250000000000000000e+03,3.949591517448425293e-01,7.962962962962962798e-01,1.738110482692718506e-01,0.000000000000000000e+00
7.260000000000000000e+03,3.547420501708984375e-01,8.148148148148147696e-01,1.706004291772842407e-01,0.000000000000000000e+00
7.270000000000000000e+03,3.718801140785217285e-01,8.148148148148147696e-01,1.886164397001266479e-01,0.000000000000000000e+00
7.280000000000000000e+03,3.715553879737854004e-01,8.148148148148147696e-01,2.226755768060684204e-01,0.000000000000000000e+00
7.290000000000000000e+03,3.659968376159667969e-01,8.333333333333333703e-01,1.972922384738922119e-01,0.000000000000000000e+00
7.300000000000000000e+03,3.901655972003936768e-01,8.148148148148147696e-01,1.932138949632644653e-01,0.000000000000000000e+00
7.310000000000000000e+03,3.887230455875396729e-01,8.148148148148147696e-01,2.181441485881805420e-01,0.000000000000000000e+00
7.320000000000000000e+03,3.893812000751495361e-01,7.962962962962962798e-01,2.192992568016052246e-01,0.000000000000000000e+00
7.330000000000000000e+03,4.000499546527862549e-01,8.333333333333333703e-01,1.933130025863647461e-01,0.000000000000000000e+00
7.340000000000000000e+03,3.954578340053558350e-01,8.703703703703703498e-01,2.183192521333694458e-01,0.000000000000000000e+00
7.350000000000000000e+03,4.095728099346160889e-01,8.518518518518518601e-01,2.109312266111373901e-01,0.000000000000000000e+00
7.360000000000000000e+03,4.047755300998687744e-01,8.518518518518518601e-01,2.002830505371093750e-01,0.000000000000000000e+00
7.370000000000000000e+03,4.013780951499938965e-01,8.148148148148147696e-01,1.937633007764816284e-01,0.000000000000000000e+00
7.380000000000000000e+03,4.207519590854644775e-01,7.962962962962962798e-01,2.072632908821105957e-01,0.000000000000000000e+00
7.390000000000000000e+03,4.319457411766052246e-01,8.148148148148147696e-01,2.149075269699096680e-01,0.000000000000000000e+00
7.400000000000000000e+03,4.260441958904266357e-01,7.592592592592593004e-01,2.226077318191528320e-01,0.000000000000000000e+00
7.410000000000000000e+03,3.979626893997192383e-01,8.518518518518518601e-01,2.057884335517883301e-01,0.000000000000000000e+00
7.420000000000000000e+03,4.233855307102203369e-01,7.962962962962962798e-01,2.221036255359649658e-01,0.000000000000000000e+00
7.430000000000000000e+03,4.348703324794769287e-01,7.962962962962962798e-01,2.344020456075668335e-01,0.000000000000000000e+00
7.440000000000000000e+03,4.281481504440307617e-01,8.518518518518518601e-01,2.085181623697280884e-01,0.000000000000000000e+00
7.450000000000000000e+03,4.466799795627593994e-01,8.148148148148147696e-01,2.512367069721221924e-01,0.000000000000000000e+00
7.460000000000000000e+03,4.392461180686950684e-01,8.518518518518518601e-01,2.457311898469924927e-01,0.000000000000000000e+00
7.470000000000000000e+03,4.205211997032165527e-01,8.518518518518518601e-01,1.948674172163009644e-01,0.000000000000000000e+00
7.480000000000000000e+03,4.332530498504638672e-01,8.333333333333333703e-01,2.204708009958267212e-01,0.000000000000000000e+00
7.490000000000000000e+03,4.169602990150451660e-01,7.962962962962962798e-01,1.778426766395568848e-01,0.000000000000000000e+00
7.500000000000000000e+03,4.153945446014404297e-01,7.962962962962962798e-01,1.603786200284957886e-01,0.000000000000000000e+00
7.510000000000000000e+03,4.110034406185150146e-01,8.333333333333333703e-01,2.054223567247390747e-01,0.000000000000000000e+00
7.520000000000000000e+03,4.122886061668395996e-01,8.148148148148147696e-01,2.043191045522689819e-01,0.000000000000000000e+00
7.530000000000000000e+03,4.471297562122344971e-01,7.592592592592593004e-01,2.144224345684051514e-01,0.000000000000000000e+00
7.540000000000000000e+03,4.316151440143585205e-01,7.777777777777777901e-01,2.171649932861328125e-01,0.000000000000000000e+00
7.550000000000000000e+03,4.210461974143981934e-01,8.148148148148147696e-01,2.049228847026824951e-01,0.000000000000000000e+00
7.560000000000000000e+03,4.577498733997344971e-01,8.518518518518518601e-01,2.454034686088562012e-01,0.000000000000000000e+00
7.570000000000000000e+03,4.441670477390289307e-01,8.148148148148147696e-01,2.136299014091491699e-01,0.000000000000000000e+00
7.580000000000000000e+03,4.600068330764770508e-01,8.333333333333333703e-01,2.594639062881469727e-01,0.000000000000000000e+00
7.590000000000000000e+03,4.325807690620422363e-01,8.333333333333333703e-01,1.860514134168624878e-01,0.000000000000000000e+00
7.600000000000000000e+03,3.991240561008453369e-01,8.333333333333333703e-01,1.861199289560317993e-01,0.000000000000000000e+00
7.610000000000000000e+03,4.084506034851074219e-01,8.333333333333333703e-01,1.919705420732498169e-01,0.000000000000000000e+00
7.620000000000000000e+03,4.304986000061035156e-01,8.148148148148147696e-01,2.391560077667236328e-01,0.000000000000000000e+00
7.630000000000000000e+03,4.025861918926239014e-01,8.333333333333333703e-01,1.626094430685043335e-01,0.000000000000000000e+00
7.640000000000000000e+03,3.950392901897430420e-01,8.148148148148147696e-01,1.388524174690246582e-01,0.000000000000000000e+00
7.650000000000000000e+03,4.171113073825836182e-01,8.333333333333333703e-01,1.768252253532409668e-01,0.000000000000000000e+00
7.660000000000000000e+03,4.047669768333435059e-01,8.148148148148147696e-01,1.673536747694015503e-01,0.000000000000000000e+00
7.670000000000000000e+03,3.905113935470581055e-01,8.333333333333333703e-01,1.508729159832000732e-01,0.000000000000000000e+00
7.680000000000000000e+03,4.109408557415008545e-01,7.962962962962962798e-01,1.541526764631271362e-01,0.000000000000000000e+00
7.690000000000000000e+03,3.834953308105468750e-01,7.962962962962962798e-01,1.044100448489189148e-01,0.000000000000000000e+00
7.700000000000000000e+03,4.298281669616699219e-01,7.962962962962962798e-01,1.424498409032821655e-01,0.000000000000000000e+00
7.710000000000000000e+03,4.204981327056884766e-01,7.777777777777777901e-01,1.284180730581283569e-01,0.000000000000000000e+00
7.720000000000000000e+03,4.285129010677337646e-01,7.962962962962962798e-01,1.330936253070831299e-01,0.000000000000000000e+00
7.730000000000000000e+03,4.211559593677520752e-01,7.777777777777777901e-01,1.397333145141601562e-01,0.000000000000000000e+00
7.740000000000000000e+03,4.609144926071166992e-01,7.962962962962962798e-01,1.627960205078125000e-01,0.000000000000000000e+00
7.750000000000000000e+03,4.296888113021850586e-01,7.592592592592593004e-01,1.398103088140487671e-01,0.000000000000000000e+00
7.760000000000000000e+03,4.212904572486877441e-01,7.407407407407406996e-01,1.398795694112777710e-01,0.000000000000000000e+00
7.770000000000000000e+03,4.300344586372375488e-01,7.777777777777777901e-01,1.615104824304580688e-01,0.000000000000000000e+00
7.780000000000000000e+03,4.402285516262054443e-01,7.777777777777777901e-01,2.035293728113174438e-01,0.000000000000000000e+00
7.790000000000000000e+03,4.595177173614501953e-01,7.592592592592593004e-01,2.039750814437866211e-01,0.000000000000000000e+00
7.800000000000000000e+03,4.269437193870544434e-01,7.777777777777777901e-01,1.521530598402023315e-01,0.000000000000000000e+00
7.810000000000000000e+03,4.363979399204254150e-01,7.407407407407406996e-01,1.616587191820144653e-01,0.000000000000000000e+00
7.820000000000000000e+03,4.447207450866699219e-01,7.962962962962962798e-01,2.023975998163223267e-01,0.000000000000000000e+00
7.830000000000000000e+03,4.211009740829467773e-01,7.407407407407406996e-01,1.435005068778991699e-01,0.000000000000000000e+00
7.840000000000000000e+03,4.188558757305145264e-01,7.407407407407406996e-01,1.190733388066291809e-01,0.000000000000000000e+00
7.850000000000000000e+03,4.380404949188232422e-01,7.407407407407406996e-01,1.333355605602264404e-01,0.000000000000000000e+00
7.860000000000000000e+03,4.348075091838836670e-01,7.777777777777777901e-01,1.502744257450103760e-01,0.000000000000000000e+00
7.870000000000000000e+03,4.477190077304840088e-01,7.222222222222222099e-01,1.431239396333694458e-01,0.000000000000000000e+00
7.880000000000000000e+03,4.640127122402191162e-01,8.333333333333333703e-01,1.959335356950759888e-01,0.000000000000000000e+00
7.890000000000000000e+03,4.235194921493530273e-01,7.962962962962962798e-01,1.570493578910827637e-01,0.000000000000000000e+00
7.900000000000000000e+03,4.403454661369323730e-01,7.592592592592593004e-01,1.313468664884567261e-01,0.000000000000000000e+00
7.910000000000000000e+03,4.157678782939910889e-01,7.407407407407406996e-01,1.514633148908615112e-01,0.000000000000000000e+00
7.920000000000000000e+03,4.051543176174163818e-01,7.777777777777777901e-01,1.005285680294036865e-01,0.000000000000000000e+00
7.930000000000000000e+03,4.070433676242828369e-01,7.962962962962962798e-01,1.178734526038169861e-01,0.000000000000000000e+00
7.940000000000000000e+03,3.807862997055053711e-01,8.148148148148147696e-01,7.728966325521469116e-02,0.000000000000000000e+00
7.950000000000000000e+03,3.726089298725128174e-01,7.962962962962962798e-01,9.770815074443817139e-02,0.000000000000000000e+00
7.960000000000000000e+03,3.681951165199279785e-01,8.333333333333333703e-01,1.017595976591110229e-01,0.000000000000000000e+00
7.970000000000000000e+03,3.447117805480957031e-01,7.962962962962962798e-01,9.068182110786437988e-02,0.000000000000000000e+00
7.980000000000000000e+03,3.520657718181610107e-01,8.148148148148147696e-01,9.673024713993072510e-02,0.000000000000000000e+00
7.990000000000000000e+03,3.525013625621795654e-01,8.148148148148147696e-01,9.588396549224853516e-02,0.000000000000000000e+00
8.000000000000000000e+03,3.653502762317657471e-01,8.333333333333333703e-01,9.384914487600326538e-02,0.000000000000000000e+00
8.010000000000000000e+03,3.422561883926391602e-01,8.333333333333333703e-01,6.385895609855651855e-02,0.000000000000000000e+00
8.020000000000000000e+03,3.444516956806182861e-01,8.148148148148147696e-01,7.501425594091415405e-02,0.000000000000000000e+00
8.030000000000000000e+03,3.969468474388122559e-01,7.962962962962962798e-01,1.218863651156425476e-01,0.000000000000000000e+00
8.040000000000000000e+03,4.099059402942657471e-01,8.148148148148147696e-01,1.540434509515762329e-01,0.000000000000000000e+00
8.050000000000000000e+03,4.206714332103729248e-01,8.888888888888888395e-01,1.796331405639648438e-01,0.000000000000000000e+00
8.060000000000000000e+03,4.174160063266754150e-01,8.333333333333333703e-01,1.441108733415603638e-01,0.000000000000000000e+00
8.070000000000000000e+03,4.149369895458221436e-01,8.148148148148147696e-01,1.434908658266067505e-01,0.000000000000000000e+00
8.080000000000000000e+03,4.467304050922393799e-01,8.518518518518518601e-01,1.863197833299636841e-01,0.000000000000000000e+00
8.090000000000000000e+03,4.375296533107757568e-01,7.777777777777777901e-01,1.946268528699874878e-01,0.000000000000000000e+00
8.100000000000000000e+03,4.326781630516052246e-01,8.333333333333333703e-01,2.018617540597915649e-01,0.000000000000000000e+00
8.110000000000000000e+03,4.432639181613922119e-01,7.777777777777777901e-01,2.211209237575531006e-01,0.000000000000000000e+00
8.120000000000000000e+03,4.267309010028839111e-01,8.333333333333333703e-01,1.967082023620605469e-01,0.000000000000000000e+00
8.130000000000000000e+03,4.295153617858886719e-01,8.518518518518518601e-01,2.204732298851013184e-01,0.000000000000000000e+00
8.140000000000000000e+03,4.648139476776123047e-01,8.518518518518518601e-01,2.233959138393402100e-01,0.000000000000000000e+00
8.150000000000000000e+03,4.657835960388183594e-01,8.333333333333333703e-01,2.273767292499542236e-01,0.000000000000000000e+00
8.160000000000000000e+03,4.770588576793670654e-01,8.148148148148147696e-01,2.200315594673156738e-01,0.000000000000000000e+00
8.170000000000000000e+03,4.528710842132568359e-01,8.148148148148147696e-01,1.864221841096878052e-01,0.000000000000000000e+00
8.180000000000000000e+03,4.654727876186370850e-01,7.777777777777777901e-01,2.231256663799285889e-01,0.000000000000000000e+00
8.190000000000000000e+03,4.824388623237609863e-01,8.148148148148147696e-01,2.078173160552978516e-01,0.000000000000000000e+00
8.200000000000000000e+03,4.804173707962036133e-01,8.148148148148147696e-01,2.367077916860580444e-01,0.000000000000000000e+00
8.210000000000000000e+03,4.475337266921997070e-01,8.148148148148147696e-01,2.283727228641510010e-01,0.000000000000000000e+00
8.220000000000000000e+03,4.725556671619415283e-01,7.777777777777777901e-01,2.625216841697692871e-01,0.000000000000000000e+00
8.230000000000000000e+03,4.598589539527893066e-01,8.148148148148147696e-01,2.552201151847839355e-01,0.000000000000000000e+00
8.240000000000000000e+03,4.431544840335845947e-01,7.962962962962962798e-01,2.608957588672637939e-01,0.000000000000000000e+00
8.250000000000000000e+03,4.034373760223388672e-01,7.407407407407406996e-01,1.915135830640792847e-01,0.000000000000000000e+00
8.260000000000000000e+03,4.416107833385467529e-01,8.333333333333333703e-01,2.554676532745361328e-01,0.000000000000000000e+00
8.270000000000000000e+03,4.523700177669525146e-01,8.148148148148147696e-01,2.683801054954528809e-01,0.000000000000000000e+00
8.280000000000000000e+03,3.977211713790893555e-01,7.962962962962962798e-01,2.055259943008422852e-01,0.000000000000000000e+00
8.290000000000000000e+03,3.973326385021209717e-01,8.333333333333333703e-01,2.252359092235565186e-01,0.000000000000000000e+00
8.300000000000000000e+03,3.924185931682586670e-01,7.962962962962962798e-01,1.852306276559829712e-01,0.000000000000000000e+00
8.310000000000000000e+03,4.032156169414520264e-01,8.148148148148147696e-01,1.927698552608489990e-01,0.000000000000000000e+00
8.320000000000000000e+03,4.247757196426391602e-01,8.333333333333333703e-01,2.170104086399078369e-01,0.000000000000000000e+00
8.330000000000000000e+03,4.386620521545410156e-01,8.148148148148147696e-01,2.333949804306030273e-01,0.000000000000000000e+00
8.340000000000000000e+03,4.293402135372161865e-01,8.148148148148147696e-01,2.288927584886550903e-01,0.000000000000000000e+00
8.350000000000000000e+03,4.106479287147521973e-01,8.333333333333333703e-01,1.753488928079605103e-01,0.000000000000000000e+00
8.360000000000000000e+03,4.271547794342041016e-01,8.703703703703703498e-01,2.157236933708190918e-01,0.000000000000000000e+00
8.370000000000000000e+03,3.924092352390289307e-01,7.962962962962962798e-01,1.747526228427886963e-01,0.000000000000000000e+00
8.380000000000000000e+03,3.866958320140838623e-01,7.592592592592593004e-01,1.578031480312347412e-01,0.000000000000000000e+00
8.390000000000000000e+03,3.897434771060943604e-01,7.962962962962962798e-01,1.423631012439727783e-01,0.000000000000000000e+00
8.400000000000000000e+03,3.808616995811462402e-01,7.407407407407406996e-01,1.487536132335662842e-01,0.000000000000000000e+00
8.410000000000000000e+03,3.767989277839660645e-01,7.962962962962962798e-01,1.270172744989395142e-01,0.000000000000000000e+00
8.420000000000000000e+03,3.788582384586334229e-01,7.407407407407406996e-01,1.113358139991760254e-01,0.000000000000000000e+00
8.430000000000000000e+03,4.080410599708557129e-01,7.407407407407406996e-01,1.526817679405212402e-01,0.000000000000000000e+00
8.440000000000000000e+03,3.984450399875640869e-01,7.962962962962962798e-01,1.276249140501022339e-01,0.000000000000000000e+00
8.450000000000000000e+03,4.517383873462677002e-01,7.777777777777777901e-01,1.802354454994201660e-01,0.000000000000000000e+00
8.460000000000000000e+03,4.236929416656494141e-01,8.148148148148147696e-01,1.371949017047882080e-01,0.000000000000000000e+00
8.470000000000000000e+03,4.614314138889312744e-01,7.962962962962962798e-01,1.909947991371154785e-01,0.000000000000000000e+00
8.480000000000000000e+03,4.506168067455291748e-01,7.962962962962962798e-01,2.050505578517913818e-01,0.000000000000000000e+00
8.490000000000000000e+03,4.380750954151153564e-01,8.148148148148147696e-01,1.638265997171401978e-01,0.000000000000000000e+00
8.500000000000000000e+03,4.456113874912261963e-01,7.777777777777777901e-01,1.652538478374481201e-01,0.000000000000000000e+00
8.510000000000000000e+03,4.636495709419250488e-01,7.592592592592593004e-01,2.104783952236175537e-01,0.000000000000000000e+00
8.520000000000000000e+03,4.372990727424621582e-01,7.592592592592593004e-01,1.605342924594879150e-01,0.000000000000000000e+00
8.530000000000000000e+03,4.430260360240936279e-01,8.333333333333333703e-01,1.782972067594528198e-01,0.000000000000000000e+00
8.540000000000000000e+03,4.098447263240814209e-01,7.962962962962962798e-01,1.381673812866210938e-01,0.000000000000000000e+00
8.550000000000000000e+03,4.341588318347930908e-01,7.962962962962962798e-01,1.676548868417739868e-01,0.000000000000000000e+00
8.560000000000000000e+03,4.059521853923797607e-01,8.518518518518518601e-01,1.257287710905075073e-01,0.000000000000000000e+00
8.570000000000000000e+03,4.204909503459930420e-01,8.148148148148147696e-01,1.439706534147262573e-01,0.000000000000000000e+00
8.580000000000000000e+03,4.266697466373443604e-01,7.407407407407406996e-01,1.283327788114547729e-01,0.000000000000000000e+00
8.590000000000000000e+03,4.313280582427978516e-01,8.148148148148147696e-01,1.707736253738403320e-01,0.000000000000000000e+00
8.600000000000000000e+03,4.299143850803375244e-01,7.962962962962962798e-01,1.560033708810806274e-01,0.000000000000000000e+00
8.610000000000000000e+03,4.221534132957458496e-01,7.777777777777777901e-01,1.560864895582199097e-01,0.000000000000000000e+00
8.620000000000000000e+03,4.306871891021728516e-01,7.777777777777777901e-01,1.547197699546813965e-01,0.000000000000000000e+00
8.630000000000000000e+03,4.642274677753448486e-01,8.333333333333333703e-01,1.781529784202575684e-01,0.000000000000000000e+00
8.640000000000000000e+03,4.336903393268585205e-01,8.518518518518518601e-01,1.967146396636962891e-01,0.000000000000000000e+00
8.650000000000000000e+03,4.522528350353240967e-01,8.333333333333333703e-01,2.094849944114685059e-01,0.000000000000000000e+00
8.660000000000000000e+03,4.605347216129302979e-01,8.703703703703703498e-01,1.996317356824874878e-01,0.000000000000000000e+00
8.670000000000000000e+03,4.964337646961212158e-01,8.518518518518518601e-01,2.814022898674011230e-01,0.000000000000000000e+00
8.680000000000000000e+03,5.038064718246459961e-01,8.518518518518518601e-01,2.419843971729278564e-01,0.000000000000000000e+00
8.690000000000000000e+03,4.701066911220550537e-01,8.518518518518518601e-01,2.134095728397369385e-01,0.000000000000000000e+00
8.700000000000000000e+03,4.502580463886260986e-01,8.518518518518518601e-01,2.020209580659866333e-01,0.000000000000000000e+00
8.710000000000000000e+03,4.451237618923187256e-01,8.518518518518518601e-01,1.915762275457382202e-01,0.000000000000000000e+00
8.720000000000000000e+03,4.476013183593750000e-01,8.148148148148147696e-01,2.077423930168151855e-01,0.000000000000000000e+00
8.730000000000000000e+03,4.535622298717498779e-01,8.148148148148147696e-01,2.099141627550125122e-01,0.000000000000000000e+00
8.740000000000000000e+03,4.460777640342712402e-01,7.407407407407406996e-01,1.946692168712615967e-01,0.000000000000000000e+00
8.750000000000000000e+03,4.184255301952362061e-01,8.148148148148147696e-01,1.781375557184219360e-01,0.000000000000000000e+00
8.760000000000000000e+03,4.561992883682250977e-01,7.962962962962962798e-01,2.067206203937530518e-01,0.000000000000000000e+00
8.770000000000000000e+03,4.564391076564788818e-01,8.148148148148147696e-01,2.096306234598159790e-01,0.000000000000000000e+00
8.780000000000000000e+03,4.549059569835662842e-01,7.962962962962962798e-01,1.754206120967864990e-01,0.000000000000000000e+00
8.790000000000000000e+03,4.299118220806121826e-01,8.148148148148147696e-01,1.706162691116333008e-01,0.000000000000000000e+00
8.800000000000000000e+03,3.885035216808319092e-01,7.962962962962962798e-01,1.106186956167221069e-01,0.000000000000000000e+00
8.810000000000000000e+03,4.032589793205261230e-01,8.148148148148147696e-01,1.510220319032669067e-01,0.000000000000000000e+00
8.820000000000000000e+03,3.659695386886596680e-01,7.962962962962962798e-01,1.184783726930618286e-01,0.000000000000000000e+00
8.830000000000000000e+03,3.686786890029907227e-01,7.407407407407406996e-01,1.279139369726181030e-01,0.000000000000000000e+00
8.840000000000000000e+03,4.071784317493438721e-01,7.222222222222222099e-01,1.496232450008392334e-01,0.000000000000000000e+00
8.850000000000000000e+03,4.042947292327880859e-01,7.777777777777777901e-01,1.637282371520996094e-01,0.000000000000000000e+00
8.860000000000000000e+03,4.115771353244781494e-01,7.592592592592593004e-01,1.392731517553329468e-01,0.000000000000000000e+00
8.870000000000000000e+03,3.923601806163787842e-01,7.592592592592593004e-01,1.300570964813232422e-01,0.000000000000000000e+00
8.880000000000000000e+03,3.750232756137847900e-01,8.333333333333333703e-01,1.235255375504493713e-01,0.000000000000000000e+00
8.890000000000000000e+03,4.075499773025512695e-01,7.592592592592593004e-01,1.579378396272659302e-01,0.000000000000000000e+00
8.900000000000000000e+03,4.273859858512878418e-01,7.777777777777777901e-01,1.716910749673843384e-01,0.000000000000000000e+00
8.910000000000000000e+03,3.980962336063385010e-01,7.777777777777777901e-01,1.333999335765838623e-01,0.000000000000000000e+00
8.920000000000000000e+03,3.937017619609832764e-01,7.777777777777777901e-01,1.201483905315399170e-01,0.000000000000000000e+00
8.930000000000000000e+03,3.793788254261016846e-01,7.962962962962962798e-01,1.159632056951522827e-01,0.000000000000000000e+00
8.940000000000000000e+03,4.001088142395019531e-01,7.407407407407406996e-01,1.334578692913055420e-01,0.000000000000000000e+00
8.950000000000000000e+03,4.321316182613372803e-01,7.592592592592593004e-01,1.628725528717041016e-01,0.000000000000000000e+00
8.960000000000000000e+03,4.218206703662872314e-01,8.333333333333333703e-01,1.585392802953720093e-01,0.000000000000000000e+00
8.970000000000000000e+03,4.139531850814819336e-01,7.962962962962962798e-01,1.470767259597778320e-01,0.000000000000000000e+00
8.980000000000000000e+03,4.301057457923889160e-01,8.333333333333333703e-01,1.525227725505828857e-01,0.000000000000000000e+00
8.990000000000000000e+03,4.270898997783660889e-01,7.962962962962962798e-01,1.778134852647781372e-01,0.000000000000000000e+00
9.000000000000000000e+03,4.272118210792541504e-01,7.777777777777777901e-01,1.678031235933303833e-01,0.000000000000000000e+00
9.010000000000000000e+03,4.161229729652404785e-01,7.962962962962962798e-01,1.483493298292160034e-01,0.000000000000000000e+00
9.020000000000000000e+03,4.204479455947875977e-01,8.148148148148147696e-01,1.719270497560501099e-01,0.000000000000000000e+00
9.030000000000000000e+03,4.192082881927490234e-01,8.518518518518518601e-01,1.564002037048339844e-01,0.000000000000000000e+00
9.040000000000000000e+03,4.039759039878845215e-01,7.777777777777777901e-01,1.519192457199096680e-01,0.000000000000000000e+00
9.050000000000000000e+03,4.078414738178253174e-01,7.962962962962962798e-01,1.754200458526611328e-01,0.000000000000000000e+00
9.060000000000000000e+03,3.907178342342376709e-01,8.148148148148147696e-01,1.563398092985153198e-01,0.000000000000000000e+00
9.070000000000000000e+03,3.765050172805786133e-01,7.592592592592593004e-01,1.392123103141784668e-01,0.000000000000000000e+00
9.080000000000000000e+03,3.985064923763275146e-01,7.777777777777777901e-01,1.336588859558105469e-01,0.000000000000000000e+00
9.090000000000000000e+03,4.458952248096466064e-01,8.148148148148147696e-01,1.544124484062194824e-01,0.000000000000000000e+00
9.100000000000000000e+03,4.310586154460906982e-01,7.777777777777777901e-01,1.710837185382843018e-01,0.000000000000000000e+00
9.110000000000000000e+03,4.265285432338714600e-01,7.962962962962962798e-01,1.760384738445281982e-01,0.000000000000000000e+00
9.120000000000000000e+03,4.321354031562805176e-01,8.333333333333333703e-01,1.646922081708908081e-01,0.000000000000000000e+00
9.130000000000000000e+03,4.214906394481658936e-01,7.962962962962962798e-01,1.715147495269775391e-01,0.000000000000000000e+00
9.140000000000000000e+03,4.003355503082275391e-01,8.518518518518518601e-01,1.464842855930328369e-01,0.000000000000000000e+00
9.150000000000000000e+03,3.990106880664825439e-01,8.148148148148147696e-01,1.409813314676284790e-01,0.000000000000000000e+00
9.160000000000000000e+03,3.783732056617736816e-01,7.777777777777777901e-01,1.086403355002403259e-01,0.000000000000000000e+00
9.170000000000000000e+03,4.087046682834625244e-01,7.407407407407406996e-01,1.628720164299011230e-01,0.000000000000000000e+00
9.180000000000000000e+03,3.930541872978210449e-01,8.333333333333333703e-01,1.713516712188720703e-01,0.000000000000000000e+00
9.190000000000000000e+03,3.757402598857879639e-01,7.962962962962962798e-01,1.651038229465484619e-01,0.000000000000000000e+00
9.200000000000000000e+03,3.580002784729003906e-01,8.148148148148147696e-01,1.279174834489822388e-01,0.000000000000000000e+00
9.210000000000000000e+03,3.851676285266876221e-01,8.333333333333333703e-01,1.722833961248397827e-01,0.000000000000000000e+00
9.220000000000000000e+03,3.479773104190826416e-01,8.518518518518518601e-01,9.900999814271926880e-02,0.000000000000000000e+00
9.230000000000000000e+03,3.671040236949920654e-01,8.148148148148147696e-01,1.554983705282211304e-01,0.000000000000000000e+00
9.240000000000000000e+03,3.751280009746551514e-01,8.333333333333333703e-01,1.549835652112960815e-01,0.000000000000000000e+00
9.250000000000000000e+03,3.790410459041595459e-01,8.148148148148147696e-01,1.320167332887649536e-01,0.000000000000000000e+00
9.260000000000000000e+03,3.892351388931274414e-01,7.962962962962962798e-01,1.498582065105438232e-01,0.000000000000000000e+00
9.270000000000000000e+03,3.906664252281188965e-01,8.333333333333333703e-01,1.268699765205383301e-01,0.000000000000000000e+00
9.280000000000000000e+03,3.872658312320709229e-01,8.333333333333333703e-01,1.282708644866943359e-01,0.000000000000000000e+00
9.290000000000000000e+03,4.045803546905517578e-01,7.407407407407406996e-01,1.697154641151428223e-01,0.000000000000000000e+00
9.300000000000000000e+03,3.754588067531585693e-01,8.888888888888888395e-01,1.471601724624633789e-01,0.000000000000000000e+00
9.310000000000000000e+03,3.654252290725708008e-01,8.333333333333333703e-01,1.244008988142013550e-01,0.000000000000000000e+00
9.320000000000000000e+03,3.958227038383483887e-01,7.962962962962962798e-01,1.195153445005416870e-01,0.000000000000000000e+00
9.330000000000000000e+03,3.888575732707977295e-01,7.777777777777777901e-01,1.286668628454208374e-01,0.000000000000000000e+00
9.340000000000000000e+03,3.946380019187927246e-01,8.333333333333333703e-01,1.274537295103073120e-01,0.000000000000000000e+00
9.350000000000000000e+03,4.019256234169006348e-01,7.777777777777777901e-01,1.461100876331329346e-01,0.000000000000000000e+00
9.360000000000000000e+03,4.020032584667205811e-01,7.777777777777777901e-01,1.151567324995994568e-01,0.000000000000000000e+00
9.370000000000000000e+03,3.952172696590423584e-01,8.703703703703703498e-01,1.523611396551132202e-01,0.000000000000000000e+00
9.380000000000000000e+03,3.821305334568023682e-01,7.777777777777777901e-01,9.986236691474914551e-02,0.000000000000000000e+00
9.390000000000000000e+03,3.787769675254821777e-01,7.592592592592593004e-01,1.006631106138229370e-01,0.000000000000000000e+00
9.400000000000000000e+03,4.260146319866180420e-01,7.962962962962962798e-01,1.264685094356536865e-01,0.000000000000000000e+00
9.410000000000000000e+03,4.539301693439483643e-01,8.148148148148147696e-01,1.549151390790939331e-01,0.000000000000000000e+00
9.420000000000000000e+03,4.557397067546844482e-01,7.592592592592593004e-01,1.650192588567733765e-01,0.000000000000000000e+00
9.430000000000000000e+03,4.554408192634582520e-01,7.777777777777777901e-01,2.032845020294189453e-01,0.000000000000000000e+00
9.440000000000000000e+03,4.431435465812683105e-01,7.407407407407406996e-01,1.541482061147689819e-01,0.000000000000000000e+00
9.450000000000000000e+03,4.460515081882476807e-01,8.333333333333333703e-01,1.670164614915847778e-01,0.000000000000000000e+00
9.460000000000000000e+03,4.034038484096527100e-01,7.962962962962962798e-01,1.329165995121002197e-01,0.000000000000000000e+00
9.470000000000000000e+03,4.173075556755065918e-01,8.148148148148147696e-01,1.474628597497940063e-01,0.000000000000000000e+00
9.480000000000000000e+03,4.340209960937500000e-01,7.777777777777777901e-01,1.702549010515213013e-01,0.000000000000000000e+00
9.490000000000000000e+03,4.547485709190368652e-01,8.333333333333333703e-01,1.817567646503448486e-01,0.000000000000000000e+00
9.500000000000000000e+03,4.635942280292510986e-01,7.777777777777777901e-01,1.966056227684020996e-01,0.000000000000000000e+00
9.510000000000000000e+03,4.492031633853912354e-01,8.333333333333333703e-01,2.113907039165496826e-01,0.000000000000000000e+00
9.520000000000000000e+03,4.717220366001129150e-01,8.333333333333333703e-01,2.160405963659286499e-01,0.000000000000000000e+00
9.530000000000000000e+03,5.073828697204589844e-01,8.148148148148147696e-01,2.172214388847351074e-01,0.000000000000000000e+00
9.540000000000000000e+03,5.360157489776611328e-01,8.148148148148147696e-01,2.470897138118743896e-01,0.000000000000000000e+00
9.550000000000000000e+03,5.221639871597290039e-01,7.592592592592593004e-01,2.316918224096298218e-01,0.000000000000000000e+00
9.560000000000000000e+03,5.141524076461791992e-01,8.148148148148147696e-01,2.258401960134506226e-01,0.000000000000000000e+00
9.570000000000000000e+03,5.124114751815795898e-01,7.962962962962962798e-01,2.226523458957672119e-01,0.000000000000000000e+00
9.580000000000000000e+03,4.877819120883941650e-01,8.148148148148147696e-01,2.420376092195510864e-01,0.000000000000000000e+00
9.590000000000000000e+03,5.115326642990112305e-01,7.962962962962962798e-01,2.670477032661437988e-01,0.000000000000000000e+00
9.600000000000000000e+03,4.858003556728363037e-01,8.333333333333333703e-01,2.056678831577301025e-01,0.000000000000000000e+00
9.610000000000000000e+03,4.761781692504882812e-01,7.962962962962962798e-01,1.992823332548141479e-01,0.000000000000000000e+00
9.620000000000000000e+03,4.774890542030334473e-01,8.148148148148147696e-01,2.123731523752212524e-01,0.000000000000000000e+00
9.630000000000000000e+03,4.923005700111389160e-01,8.333333333333333703e-01,2.387499362230300903e-01,0.000000000000000000e+00
9.640000000000000000e+03,4.950405657291412354e-01,7.962962962962962798e-01,2.348241657018661499e-01,0.000000000000000000e+00
9.650000000000000000e+03,4.778860509395599365e-01,7.592592592592593004e-01,2.022542059421539307e-01,0.000000000000000000e+00
9.660000000000000000e+03,4.919051826000213623e-01,7.777777777777777901e-01,1.948272436857223511e-01,0.000000000000000000e+00
9.670000000000000000e+03,4.896086454391479492e-01,8.148148148148147696e-01,2.183830738067626953e-01,0.000000000000000000e+00
9.680000000000000000e+03,4.915513694286346436e-01,8.703703703703703498e-01,2.353155910968780518e-01,0.000000000000000000e+00
9.690000000000000000e+03,4.964743554592132568e-01,8.518518518518518601e-01,2.562865018844604492e-01,0.000000000000000000e+00
9.700000000000000000e+03,4.942729771137237549e-01,8.333333333333333703e-01,2.573076784610748291e-01,0.000000000000000000e+00
9.710000000000000000e+03,4.927348494529724121e-01,8.888888888888888395e-01,2.300411015748977661e-01,0.000000000000000000e+00
9.720000000000000000e+03,4.758228659629821777e-01,8.148148148148147696e-01,2.437584251165390015e-01,0.000000000000000000e+00
9.730000000000000000e+03,4.753010571002960205e-01,7.592592592592593004e-01,2.163285315036773682e-01,0.000000000000000000e+00
9.740000000000000000e+03,4.438249766826629639e-01,7.592592592592593004e-01,1.705841869115829468e-01,0.000000000000000000e+00
9.750000000000000000e+03,4.617396891117095947e-01,8.148148148148147696e-01,1.951012760400772095e-01,0.000000000000000000e+00
9.760000000000000000e+03,4.140446782112121582e-01,7.777777777777777901e-01,1.863546520471572876e-01,0.000000000000000000e+00
9.770000000000000000e+03,3.993683159351348877e-01,7.962962962962962798e-01,1.269421279430389404e-01,0.000000000000000000e+00
9.780000000000000000e+03,4.124776124954223633e-01,8.148148148148147696e-01,1.826407462358474731e-01,0.000000000000000000e+00
9.790000000000000000e+03,3.812311589717864990e-01,8.518518518518518601e-01,1.449338644742965698e-01,0.000000000000000000e+00
9.800000000000000000e+03,3.705499470233917236e-01,8.148148148148147696e-01,1.417387574911117554e-01,0.000000000000000000e+00
9.810000000000000000e+03,3.740868270397186279e-01,7.777777777777777901e-01,1.215057000517845154e-01,0.000000000000000000e+00
9.820000000000000000e+03,3.813767433166503906e-01,8.518518518518518601e-01,1.516296714544296265e-01,0.000000000000000000e+00
9.830000000000000000e+03,4.457750916481018066e-01,8.148148148148147696e-01,2.347158044576644897e-01,0.000000000000000000e+00
9.840000000000000000e+03,4.156466424465179443e-01,7.962962962962962798e-01,1.978968083858489990e-01,0.000000000000000000e+00
9.850000000000000000e+03,3.940998315811157227e-01,7.962962962962962798e-01,1.798914372920989990e-01,0.000000000000000000e+00
9.860000000000000000e+03,3.994293808937072754e-01,7.777777777777777901e-01,1.458580493927001953e-01,0.000000000000000000e+00
9.870000000000000000e+03,4.572070538997650146e-01,7.962962962962962798e-01,1.708693653345108032e-01,0.000000000000000000e+00
9.880000000000000000e+03,4.640676081180572510e-01,7.962962962962962798e-01,2.093112766742706299e-01,0.000000000000000000e+00
9.890000000000000000e+03,4.411635696887969971e-01,7.777777777777777901e-01,2.147544175386428833e-01,0.000000000000000000e+00
9.900000000000000000e+03,4.841304123401641846e-01,7.962962962962962798e-01,2.195344567298889160e-01,0.000000000000000000e+00
9.910000000000000000e+03,4.799869656562805176e-01,8.333333333333333703e-01,2.270329743623733521e-01,0.000000000000000000e+00
9.920000000000000000e+03,4.633352160453796387e-01,8.333333333333333703e-01,2.103213667869567871e-01,0.000000000000000000e+00
9.930000000000000000e+03,4.931154549121856689e-01,8.518518518518518601e-01,2.618882358074188232e-01,0.000000000000000000e+00
9.940000000000000000e+03,4.912959039211273193e-01,8.333333333333333703e-01,2.652823626995086670e-01,0.000000000000000000e+00
9.950000000000000000e+03,4.888800382614135742e-01,7.222222222222222099e-01,2.361664175987243652e-01,0.000000000000000000e+00
9.960000000000000000e+03,5.027241706848144531e-01,7.777777777777777901e-01,2.347397208213806152e-01,0.000000000000000000e+00
9.970000000000000000e+03,4.661663472652435303e-01,7.592592592592593004e-01,2.139562070369720459e-01,0.000000000000000000e+00
9.980000000000000000e+03,4.603249132633209229e-01,7.592592592592593004e-01,2.191779613494873047e-01,0.000000000000000000e+00
9.990000000000000000e+03,5.126850008964538574e-01,7.777777777777777901e-01,2.652322947978973389e-01,0.000000000000000000e+00
1.000000000000000000e+04,5.396656990051269531e-01,7.407407407407406996e-01,2.908995151519775391e-01,0.000000000000000000e+00
1.001000000000000000e+04,4.810514450073242188e-01,7.407407407407406996e-01,2.397884875535964966e-01,0.000000000000000000e+00
1.002000000000000000e+04,5.003197193145751953e-01,6.666666666666666297e-01,2.971445322036743164e-01,0.000000000000000000e+00
1.003000000000000000e+04,4.941695332527160645e-01,7.407407407407406996e-01,2.682810723781585693e-01,0.000000000000000000e+00
1.004000000000000000e+04,4.606757462024688721e-01,7.222222222222222099e-01,2.397630810737609863e-01,0.000000000000000000e+00
1.005000000000000000e+04,4.323720335960388184e-01,6.851851851851852304e-01,1.731965094804763794e-01,0.000000000000000000e+00
1.006000000000000000e+04,4.607095718383789062e-01,7.222222222222222099e-01,2.294630706310272217e-01,0.000000000000000000e+00
1.007000000000000000e+04,4.243727326393127441e-01,7.777777777777777901e-01,2.140310108661651611e-01,0.000000000000000000e+00
1.008000000000000000e+04,4.230582416057586670e-01,7.037037037037037202e-01,1.884247362613677979e-01,0.000000000000000000e+00
1.009000000000000000e+04,4.218871593475341797e-01,7.777777777777777901e-01,1.670597791671752930e-01,0.000000000000000000e+00
1.010000000000000000e+04,3.755471706390380859e-01,7.222222222222222099e-01,1.452533453702926636e-01,0.000000000000000000e+00
1.011000000000000000e+04,4.155608117580413818e-01,7.962962962962962798e-01,2.147207409143447876e-01,0.000000000000000000e+00
1.012000000000000000e+04,4.215131998062133789e-01,7.037037037037037202e-01,2.332420349121093750e-01,0.000000000000000000e+00
1.013000000000000000e+04,4.233322441577911377e-01,7.777777777777777901e-01,2.273239493370056152e-01,0.000000000000000000e+00
1.014000000000000000e+04,3.846565783023834229e-01,7.407407407407406996e-01,1.744019687175750732e-01,0.000000000000000000e+00
1.015000000000000000e+04,3.976780772209167480e-01,7.777777777777777901e-01,1.743597090244293213e-01,0.000000000000000000e+00
1.016000000000000000e+04,4.417190849781036377e-01,7.037037037037037202e-01,2.353795170783996582e-01,0.000000000000000000e+00
1.017000000000000000e+04,4.396013021469116211e-01,7.777777777777777901e-01,2.254898250102996826e-01,0.000000000000000000e+00
1.018000000000000000e+04,4.426075518131256104e-01,8.148148148148147696e-01,2.281773239374160767e-01,0.000000000000000000e+00
1.019000000000000000e+04,4.502137005329132080e-01,7.962962962962962798e-01,2.386732250452041626e-01,0.000000000000000000e+00
1.020000000000000000e+04,4.602851271629333496e-01,8.518518518518518601e-01,2.470324635505676270e-01,0.000000000000000000e+00
1.021000000000000000e+04,4.397080838680267334e-01,7.962962962962962798e-01,2.161864042282104492e-01,0.000000000000000000e+00
1.022000000000000000e+04,4.302215874195098877e-01,7.962962962962962798e-01,2.052408009767532349e-01,0.000000000000000000e+00
1.023000000000000000e+04,4.794930517673492432e-01,8.518518518518518601e-01,2.642351686954498291e-01,0.000000000000000000e+00
1.024000000000000000e+04,4.750659167766571045e-01,7.777777777777777901e-01,2.419274598360061646e-01,0.000000000000000000e+00
1.025000000000000000e+04,4.518332183361053467e-01,8.333333333333333703e-01,2.237997651100158691e-01,0.000000000000000000e+00
1.026000000000000000e+04,4.536969661712646484e-01,8.518518518518518601e-01,2.360622584819793701e-01,0.000000000000000000e+00
1.027000000000000000e+04,4.533267915248870850e-01,7.962962962962962798e-01,2.331050634384155273e-01,0.000000000000000000e+00
1.028000000000000000e+04,4.652728140354156494e-01,7.407407407407406996e-01,2.367829084396362305e-01,0.000000000000000000e+00
1.029000000000000000e+04,4.854045212268829346e-01,8.333333333333333703e-01,2.547930777072906494e-01,0.000000000000000000e+00
1.030000000000000000e+04,4.998975992202758789e-01,7.592592592592593004e-01,2.701474726200103760e-01,0.000000000000000000e+00
1.031000000000000000e+04,4.813925325870513916e-01,7.777777777777777901e-01,2.079005837440490723e-01,0.000000000000000000e+00
1.032000000000000000e+04,4.750006794929504395e-01,7.592592592592593004e-01,2.194845974445343018e-01,0.000000000000000000e+00
1.033000000000000000e+04,4.717792570590972900e-01,7.962962962962962798e-01,2.123725712299346924e-01,0.000000000000000000e+00
1.034000000000000000e+04,4.845845103263854980e-01,8.518518518518518601e-01,2.565129399299621582e-01,0.000000000000000000e+00
1.035000000000000000e+04,4.671725928783416748e-01,7.222222222222222099e-01,2.375087887048721313e-01,0.000000000000000000e+00
1.036000000000000000e+04,4.531712532043457031e-01,8.148148148148147696e-01,2.191599756479263306e-01,0.000000000000000000e+00
1.037000000000000000e+04,4.527197778224945068e-01,8.148148148148147696e-01,2.557443678379058838e-01,0.000000000000000000e+00
1.038000000000000000e+04,4.440299272537231445e-01,8.148148148148147696e-01,2.263067662715911865e-01,0.000000000000000000e+00
1.039000000000000000e+04,4.476677775382995605e-01,7.777777777777777901e-01,2.280231714248657227e-01,0.000000000000000000e+00
1.040000000000000000e+04,4.342215657234191895e-01,8.148148148148147696e-01,2.251653224229812622e-01,0.000000000000000000e+00
1.041000000000000000e+04,4.415923655033111572e-01,8.333333333333333703e-01,2.351769357919692993e-01,0.000000000000000000e+00
1.042000000000000000e+04,4.958538413047790527e-01,8.518518518518518601e-01,2.940545380115509033e-01,0.000000000000000000e+00
1.043000000000000000e+04,4.617488384246826172e-01,7.777777777777777901e-01,2.626048922538757324e-01,0.000000000000000000e+00
1.044000000000000000e+04,4.822805523872375488e-01,8.148148148148147696e-01,2.713274657726287842e-01,0.000000000000000000e+00
1.045000000000000000e+04,4.838143289089202881e-01,7.592592592592593004e-01,2.289334535598754883e-01,0.000000000000000000e+00
1.046000000000000000e+04,5.038167834281921387e-01,8.333333333333333703e-01,2.810248434543609619e-01,0.000000000000000000e+00
1.047000000000000000e+04,5.089016556739807129e-01,7.777777777777777901e-01,2.853720784187316895e-01,0.000000000000000000e+00
1.048000000000000000e+04,4.963368177413940430e-01,7.962962962962962798e-01,2.913580536842346191e-01,0.000000000000000000e+00
1.049000000000000000e+04,5.069040656089782715e-01,8.703703703703703498e-01,3.194720447063446045e-01,0.000000000000000000e+00
1.050000000000000000e+04,4.727312028408050537e-01,7.777777777777777901e-01,2.584556937217712402e-01,0.000000000000000000e+00
1.051000000000000000e+04,5.086565613746643066e-01,7.407407407407406996e-01,3.063561022281646729e-01,0.000000000000000000e+00
1.052000000000000000e+04,4.901159107685089111e-01,7.777777777777777901e-01,2.999233007431030273e-01,0.000000000000000000e+00
1.053000000000000000e+04,4.834990203380584717e-01,7.777777777777777901e-01,2.700868546962738037e-01,0.000000000000000000e+00
1.054000000000000000e+04,4.542530477046966553e-01,7.407407407407406996e-01,2.389840334653854370e-01,0.000000000000000000e+00
1.055000000000000000e+04,4.522775113582611084e-01,7.962962962962962798e-01,2.586953938007354736e-01,0.000000000000000000e+00
1.056000000000000000e+04,4.313444197177886963e-01,8.333333333333333703e-01,2.215628921985626221e-01,0.000000000000000000e+00
1.057000000000000000e+04,4.313274025917053223e-01,8.148148148148147696e-01,2.321105003356933594e-01,0.000000000000000000e+00
1.058000000000000000e+04,4.675115644931793213e-01,7.777777777777777901e-01,2.669243514537811279e-01,0.000000000000000000e+00
1.059000000000000000e+04,4.642543792724609375e-01,8.148148148148147696e-01,2.356117069721221924e-01,0.000000000000000000e+00
1.060000000000000000e+04,4.615626633167266846e-01,7.962962962962962798e-01,2.555063366889953613e-01,0.000000000000000000e+00
1.061000000000000000e+04,4.536596536636352539e-01,8.518518518518518601e-01,2.495505064725875854e-01,0.000000000000000000e+00
1.062000000000000000e+04,4.711154401302337646e-01,7.962962962962962798e-01,2.527896463871002197e-01,0.000000000000000000e+00
1.063000000000000000e+04,4.272678792476654053e-01,8.148148148148147696e-01,2.309637516736984253e-01,0.000000000000000000e+00
1.064000000000000000e+04,4.492556452751159668e-01,8.333333333333333703e-01,2.468786388635635376e-01,0.000000000000000000e+00
1.065000000000000000e+04,4.456439912319183350e-01,7.962962962962962798e-01,2.278355360031127930e-01,0.000000000000000000e+00
1.066000000000000000e+04,4.589110314846038818e-01,7.222222222222222099e-01,2.032649070024490356e-01,0.000000000000000000e+00
1.067000000000000000e+04,4.220644533634185791e-01,7.962962962962962798e-01,1.705256253480911255e-01,0.000000000000000000e+00
1.068000000000000000e+04,4.159420728683471680e-01,8.333333333333333703e-01,1.829819530248641968e-01,0.000000000000000000e+00
1.069000000000000000e+04,4.209583401679992676e-01,8.518518518518518601e-01,1.735796779394149780e-01,0.000000000000000000e+00
1.070000000000000000e+04,4.211601018905639648e-01,7.592592592592593004e-01,1.979979872703552246e-01,0.000000000000000000e+00
1.071000000000000000e+04,4.419427216053009033e-01,7.962962962962962798e-01,1.985674202442169189e-01,0.000000000000000000e+00
1.072000000000000000e+04,4.359418451786041260e-01,8.333333333333333703e-01,2.079305350780487061e-01,0.000000000000000000e+00
1.073000000000000000e+04,4.294243156909942627e-01,7.592592592592593004e-01,2.366931587457656860e-01,0.000000000000000000e+00
1.074000000000000000e+04,4.225271642208099365e-01,8.148148148148147696e-01,2.071344852447509766e-01,0.000000000000000000e+00
1.075000000000000000e+04,4.293543696403503418e-01,7.592592592592593004e-01,2.233829200267791748e-01,0.000000000000000000e+00
1.076000000000000000e+04,4.662517607212066650e-01,7.962962962962962798e-01,2.705850899219512939e-01,0.000000000000000000e+00
1.077000000000000000e+04,3.947141468524932861e-01,8.148148148148147696e-01,2.145333439111709595e-01,0.000000000000000000e+00
1.078000000000000000e+04,4.234846532344818115e-01,7.962962962962962798e-01,2.584557533264160156e-01,0.000000000000000000e+00
1.079000000000000000e+04,4.453685581684112549e-01,8.148148148148147696e-01,2.594846189022064209e-01,0.000000000000000000e+00
1.080000000000000000e+04,4.432376921176910400e-01,7.962962962962962798e-01,2.263556867837905884e-01,0.000000000000000000e+00
1.081000000000000000e+04,4.732960164546966553e-01,7.962962962962962798e-01,2.760342955589294434e-01,0.000000000000000000e+00
1.082000000000000000e+04,4.760417342185974121e-01,7.962962962962962798e-01,2.797945439815521240e-01,0.000000000000000000e+00
1.083000000000000000e+04,4.751075804233551025e-01,7.777777777777777901e-01,2.584447860717773438e-01,0.000000000000000000e+00
1.084000000000000000e+04,4.852971732616424561e-01,8.333333333333333703e-01,2.804677486419677734e-01,0.000000000000000000e+00
1.085000000000000000e+04,4.855254590511322021e-01,8.148148148148147696e-01,2.595653533935546875e-01,0.000000000000000000e+00
1.086000000000000000e+04,4.820589125156402588e-01,8.333333333333333703e-01,2.715124487876892090e-01,0.000000000000000000e+00
1.087000000000000000e+04,4.549756050109863281e-01,8.518518518518518601e-01,2.730175852775573730e-01,0.000000000000000000e+00
1.088000000000000000e+04,4.436968863010406494e-01,8.518518518518518601e-01,2.647642493247985840e-01,0.000000000000000000e+00
1.089000000000000000e+04,4.414315521717071533e-01,7.592592592592593004e-01,2.547543346881866455e-01,0.000000000000000000e+00
1.090000000000000000e+04,4.644162952899932861e-01,7.407407407407406996e-01,2.804478406906127930e-01,0.000000000000000000e+00
1.091000000000000000e+04,4.533425867557525635e-01,7.962962962962962798e-01,2.556124627590179443e-01,0.000000000000000000e+00
1.092000000000000000e+04,4.534376859664916992e-01,7.777777777777777901e-01,2.551958560943603516e-01,0.000000000000000000e+00
1.093000000000000000e+04,4.688884317874908447e-01,7.777777777777777901e-01,2.535565793514251709e-01,0.000000000000000000e+00
1.094000000000000000e+04,4.949474334716796875e-01,7.777777777777777901e-01,2.870873510837554932e-01,0.000000000000000000e+00
1.095000000000000000e+04,5.033304095268249512e-01,7.777777777777777901e-01,2.832193970680236816e-01,0.000000000000000000e+00
1.096000000000000000e+04,5.180563926696777344e-01,6.851851851851852304e-01,3.182263076305389404e-01,0.000000000000000000e+00
1.097000000000000000e+04,5.106168985366821289e-01,7.962962962962962798e-01,2.938204407691955566e-01,0.000000000000000000e+00
1.098000000000000000e+04,5.289123654365539551e-01,7.407407407407406996e-01,3.251231312751770020e-01,0.000000000000000000e+00
1.099000000000000000e+04,5.348482728004455566e-01,7.592592592592593004e-01,3.260111510753631592e-01,0.000000000000000000e+00
1.100000000000000000e+04,5.339990258216857910e-01,7.592592592592593004e-01,3.245127499103546143e-01,0.000000000000000000e+00
1.101000000000000000e+04,5.391592979431152344e-01,7.037037037037037202e-01,3.345451951026916504e-01,0.000000000000000000e+00
1.102000000000000000e+04,5.361480712890625000e-01,7.037037037037037202e-01,3.150712251663208008e-01,0.000000000000000000e+00
1.103000000000000000e+04,5.346070528030395508e-01,7.407407407407406996e-01,3.208942413330078125e-01,0.000000000000000000e+00
1.104000000000000000e+04,5.508121848106384277e-01,7.222222222222222099e-01,3.468613028526306152e-01,0.000000000000000000e+00
1.105000000000000000e+04,5.273345112800598145e-01,7.222222222222222099e-01,3.389435112476348877e-01,0.000000000000000000e+00
1.106000000000000000e+04,5.339804291725158691e-01,7.407407407407406996e-01,3.145345151424407959e-01,0.000000000000000000e+00
1.107000000000000000e+04,4.995623528957366943e-01,7.777777777777777901e-01,2.889601290225982666e-01,0.000000000000000000e+00
1.108000000000000000e+04,5.510531067848205566e-01,6.851851851851852304e-01,3.269155621528625488e-01,0.000000000000000000e+00
1.109000000000000000e+04,5.386558771133422852e-01,7.407407407407406996e-01,3.134987950325012207e-01,0.000000000000000000e+00
1.110000000000000000e+04,5.456250905990600586e-01,6.851851851851852304e-01,3.254421055316925049e-01,0.000000000000000000e+00
1.111000000000000000e+04,5.664111971855163574e-01,6.481481481481481399e-01,3.266784250736236572e-01,0.000000000000000000e+00
1.112000000000000000e+04,5.582604408264160156e-01,7.037037037037037202e-01,3.449735939502716064e-01,0.000000000000000000e+00
1.113000000000000000e+04,5.548900365829467773e-01,6.296296296296296502e-01,3.291879296302795410e-01,0.000000000000000000e+00
1.114000000000000000e+04,5.376374125480651855e-01,6.666666666666666297e-01,3.223980963230133057e-01,0.000000000000000000e+00
1.115000000000000000e+04,5.756841897964477539e-01,7.037037037037037202e-01,3.776336908340454102e-01,0.000000000000000000e+00
1.116000000000000000e+04,6.008875966072082520e-01,7.407407407407406996e-01,4.152922034263610840e-01,0.000000000000000000e+00
1.117000000000000000e+04,5.662758946418762207e-01,7.222222222222222099e-01,3.624138832092285156e-01,0.000000000000000000e+00
1.118000000000000000e+04,5.539153218269348145e-01,7.037037037037037202e-01,3.639264404773712158e-01,0.000000000000000000e+00
1.119000000000000000e+04,5.542821884155273438e-01,6.851851851851852304e-01,3.774450421333312988e-01,0.000000000000000000e+00
1.120000000000000000e+04,6.021158099174499512e-01,6.481481481481481399e-01,4.076551795005798340e-01,0.000000000000000000e+00
1.121000000000000000e+04,5.852313041687011719e-01,7.222222222222222099e-01,3.955706655979156494e-01,0.000000000000000000e+00
1.122000000000000000e+04,5.757260918617248535e-01,7.592592592592593004e-01,3.839710652828216553e-01,0.000000000000000000e+00
1.123000000000000000e+04,5.537693500518798828e-01,7.592592592592593004e-01,3.429973721504211426e-01,0.000000000000000000e+00
1.124000000000000000e+04,5.546463131904602051e-01,7.407407407407406996e-01,3.527640700340270996e-01,0.000000000000000000e+00
1.125000000000000000e+04,5.838906764984130859e-01,7.407407407407406996e-01,3.752941787242889404e-01,0.000000000000000000e+00
1.126000000000000000e+04,5.438125133514404297e-01,7.592592592592593004e-01,3.342389464378356934e-01,0.000000000000000000e+00
1.127000000000000000e+04,5.410328507423400879e-01,7.962962962962962798e-01,3.299530744552612305e-01,0.000000000000000000e+00
1.128000000000000000e+04,5.762161016464233398e-01,7.777777777777777901e-01,3.852310776710510254e-01,0.000000000000000000e+00
1.129000000000000000e+04,5.557331442832946777e-01,7.407407407407406996e-01,3.487630188465118408e-01,0.000000000000000000e+00
1.130000000000000000e+04,5.811953544616699219e-01,7.407407407407406996e-01,3.839248418807983398e-01,0.000000000000000000e+00
1.131000000000000000e+04,5.746793746948242188e-01,7.037037037037037202e-01,3.663341403007507324e-01,0.000000000000000000e+00
1.132000000000000000e+04,5.772677063941955566e-01,7.222222222222222099e-01,3.713757395744323730e-01,0.000000000000000000e+00
1.133000000000000000e+04,5.561501979827880859e-01,6.666666666666666297e-01,3.180918693542480469e-01,0.000000000000000000e+00
1.134000000000000000e+04,5.470814108848571777e-01,7.222222222222222099e-01,3.252428472042083740e-01,0.000000000000000000e+00
1.135000000000000000e+04,5.449486374855041504e-01,7.407407407407406996e-01,3.090622425079345703e-01,0.000000000000000000e+00
1.136000000000000000e+04,5.648586153984069824e-01,7.777777777777777901e-01,3.391728103160858154e-01,0.000000000000000000e+00
1.137000000000000000e+04,5.774489641189575195e-01,7.037037037037037202e-01,3.512264192104339600e-01,0.000000000000000000e+00
1.138000000000000000e+04,5.627237558364868164e-01,7.777777777777777901e-01,3.351051807403564453e-01,0.000000000000000000e+00
1.139000000000000000e+04,5.682916045188903809e-01,7.222222222222222099e-01,3.601535856723785400e-01,0.000000000000000000e+00
1.140000000000000000e+04,5.759099125862121582e-01,7.962962962962962798e-01,3.745428025722503662e-01,0.000000000000000000e+00
1.141000000000000000e+04,5.522853136062622070e-01,8.518518518518518601e-01,3.743823170661926270e-01,0.000000000000000000e+00
1.142000000000000000e+04,5.717576146125793457e-01,7.777777777777777901e-01,3.919019401073455811e-01,0.000000000000000000e+00
1.143000000000000000e+04,5.517109632492065430e-01,7.777777777777777901e-01,3.357967138290405273e-01,0.000000000000000000e+00
1.144000000000000000e+04,5.458968281745910645e-01,7.407407407407406996e-01,3.383367359638214111e-01,0.000000000000000000e+00
1.145000000000000000e+04,5.524479746818542480e-01,8.333333333333333703e-01,3.574924767017364502e-01,0.000000000000000000e+00
1.146000000000000000e+04,5.534277558326721191e-01,7.777777777777777901e-01,3.620804846286773682e-01,0.000000000000000000e+00
1.147000000000000000e+04,5.618171095848083496e-01,7.777777777777777901e-01,3.641273677349090576e-01,0.000000000000000000e+00
1.148000000000000000e+04,5.582024455070495605e-01,7.777777777777777901e-01,3.413940966129302979e-01,0.000000000000000000e+00
1.149000000000000000e+04,5.481575727462768555e-01,7.407407407407406996e-01,3.334773182868957520e-01,0.000000000000000000e+00
1.150000000000000000e+04,5.412669777870178223e-01,7.222222222222222099e-01,2.986992001533508301e-01,0.000000000000000000e+00
1.151000000000000000e+04,5.612664222717285156e-01,7.222222222222222099e-01,3.387161493301391602e-01,0.000000000000000000e+00
1.152000000000000000e+04,5.542165040969848633e-01,7.777777777777777901e-01,3.340726494789123535e-01,0.000000000000000000e+00
1.153000000000000000e+04,5.892855525016784668e-01,7.777777777777777901e-01,3.734376728534698486e-01,0.000000000000000000e+00
1.154000000000000000e+04,5.861414074897766113e-01,7.777777777777777901e-01,4.007712006568908691e-01,0.000000000000000000e+00
1.155000000000000000e+04,5.904527306556701660e-01,7.777777777777777901e-01,3.911235034465789795e-01,0.000000000000000000e+00
1.156000000000000000e+04,5.673220753669738770e-01,7.592592592592593004e-01,3.469236493110656738e-01,0.000000000000000000e+00
1.157000000000000000e+04,5.658560395240783691e-01,7.962962962962962798e-01,3.398787677288055420e-01,0.000000000000000000e+00
1.158000000000000000e+04,5.762090086936950684e-01,7.962962962962962798e-01,3.700858950614929199e-01,0.000000000000000000e+00
1.159000000000000000e+04,5.718088746070861816e-01,7.222222222222222099e-01,3.480946123600006104e-01,0.000000000000000000e+00
1.160000000000000000e+04,5.773195028305053711e-01,7.407407407407406996e-01,3.689285516738891602e-01,0.000000000000000000e+00
1.161000000000000000e+04,5.622878670692443848e-01,7.407407407407406996e-01,3.563261628150939941e-01,0.000000000000000000e+00
1.162000000000000000e+04,5.897359251976013184e-01,7.592592592592593004e-01,3.981940448284149170e-01,0.000000000000000000e+00
1.163000000000000000e+04,5.836551189422607422e-01,7.407407407407406996e-01,3.697519004344940186e-01,0.000000000000000000e+00
1.164000000000000000e+04,6.041060090065002441e-01,7.407407407407406996e-01,3.916308283805847168e-01,0.000000000000000000e+00
1.165000000000000000e+04,6.136687994003295898e-01,7.407407407407406996e-01,4.064786732196807861e-01,0.000000000000000000e+00
1.166000000000000000e+04,6.200988292694091797e-01,7.777777777777777901e-01,4.487761259078979492e-01,0.000000000000000000e+00
1.167000000000000000e+04,5.967018008232116699e-01,8.148148148148147696e-01,4.312363862991333008e-01,0.000000000000000000e+00
1.168000000000000000e+04,5.982208251953125000e-01,7.962962962962962798e-01,4.293966293334960938e-01,0.000000000000000000e+00
1.169000000000000000e+04,6.047679185867309570e-01,7.592592592592593004e-01,4.255187213420867920e-01,0.000000000000000000e+00
1.170000000000000000e+04,5.680274367332458496e-01,7.407407407407406996e-01,3.755670487880706787e-01,0.000000000000000000e+00
1.171000000000000000e+04,5.745806694030761719e-01,7.777777777777777901e-01,3.834900557994842529e-01,0.000000000000000000e+00
1.172000000000000000e+04,5.736373066902160645e-01,7.592592592592593004e-01,3.943206369876861572e-01,0.000000000000000000e+00
1.173000000000000000e+04,5.833205580711364746e-01,7.777777777777777901e-01,3.915304839611053467e-01,0.000000000000000000e+00
1.174000000000000000e+04,5.661411881446838379e-01,7.407407407407406996e-01,3.753305673599243164e-01,0.000000000000000000e+00
1.175000000000000000e+04,5.625470876693725586e-01,7.777777777777777901e-01,3.746297061443328857e-01,0.000000000000000000e+00
1.176000000000000000e+04,5.349655151367187500e-01,7.407407407407406996e-01,3.243069946765899658e-01,0.000000000000000000e+00
1.177000000000000000e+04,5.624563694000244141e-01,7.777777777777777901e-01,3.695706725120544434e-01,0.000000000000000000e+00
1.178000000000000000e+04,5.491462945938110352e-01,7.592592592592593004e-01,3.328320682048797607e-01,0.000000000000000000e+00
1.179000000000000000e+04,5.543538928031921387e-01,7.592592592592593004e-01,3.498513102531433105e-01,0.000000000000000000e+00
1.180000000000000000e+04,5.730624198913574219e-01,7.592592592592593004e-01,3.823684453964233398e-01,0.000000000000000000e+00
1.181000000000000000e+04,5.487415194511413574e-01,7.962962962962962798e-01,3.757584691047668457e-01,0.000000000000000000e+00
1.182000000000000000e+04,5.477837324142456055e-01,7.592592592592593004e-01,3.547290265560150146e-01,0.000000000000000000e+00
1.183000000000000000e+04,5.479000210762023926e-01,7.777777777777777901e-01,3.716087639331817627e-01,0.000000000000000000e+00
1.184000000000000000e+04,5.402570962905883789e-01,7.592592592592593004e-01,3.482272028923034668e-01,0.000000000000000000e+00
1.185000000000000000e+04,5.551155805587768555e-01,8.148148148148147696e-01,3.870675265789031982e-01,0.000000000000000000e+00
1.186000000000000000e+04,5.539847612380981445e-01,7.777777777777777901e-01,3.806354701519012451e-01,0.000000000000000000e+00
1.187000000000000000e+04,5.676456689834594727e-01,7.592592592592593004e-01,3.966479301452636719e-01,0.000000000000000000e+00
1.188000000000000000e+04,5.481501817703247070e-01,7.592592592592593004e-01,3.783123493194580078e-01,0.000000000000000000e+00
1.189000000000000000e+04,5.669642686843872070e-01,7.777777777777777901e-01,3.928390741348266602e-01,0.000000000000000000e+00
1.190000000000000000e+04,5.734960436820983887e-01,7.962962962962962798e-01,4.026995003223419189e-01,0.000000000000000000e+00
1.191000000000000000e+04,5.655505061149597168e-01,7.962962962962962798e-01,3.877860009670257568e-01,0.000000000000000000e+00
1.192000000000000000e+04,5.485469698905944824e-01,7.037037037037037202e-01,3.553138077259063721e-01,0.000000000000000000e+00
1.193000000000000000e+04,5.564245581626892090e-01,7.222222222222222099e-01,3.739544749259948730e-01,0.000000000000000000e+00
1.194000000000000000e+04,5.438092350959777832e-01,7.962962962962962798e-01,3.656114041805267334e-01,0.000000000000000000e+00
1.195000000000000000e+04,5.309957265853881836e-01,7.407407407407406996e-01,3.443174362182617188e-01,0.000000000000000000e+00
1.196000000000000000e+04,5.387445688247680664e-01,7.222222222222222099e-01,3.453525006771087646e-01,0.000000000000000000e+00
1.197000000000000000e+04,5.655007362365722656e-01,6.851851851851852304e-01,4.044997096061706543e-01,0.000000000000000000e+00
1.198000000000000000e+04,5.532223582267761230e-01,7.407407407407406996e-01,3.983831107616424561e-01,0.000000000000000000e+00
1.199000000000000000e+04,5.511467456817626953e-01,7.037037037037037202e-01,3.595091700553894043e-01,0.000000000000000000e+00
1.200000000000000000e+04,5.372722744941711426e-01,7.592592592592593004e-01,3.606990277767181396e-01,0.000000000000000000e+00
1.201000000000000000e+04,5.409301519393920898e-01,7.407407407407406996e-01,3.664425611495971680e-01,0.000000000000000000e+00
1.202000000000000000e+04,5.375025868415832520e-01,6.851851851851852304e-01,3.584077358245849609e-01,0.000000000000000000e+00
1.203000000000000000e+04,5.736909508705139160e-01,6.851851851851852304e-01,3.647577464580535889e-01,0.000000000000000000e+00
1.204000000000000000e+04,5.689171552658081055e-01,7.777777777777777901e-01,3.619911670684814453e-01,0.000000000000000000e+00
1.205000000000000000e+04,5.451009273529052734e-01,7.592592592592593004e-01,3.427962362766265869e-01,0.000000000000000000e+00
1.206000000000000000e+04,5.496805310249328613e-01,7.777777777777777901e-01,3.448545038700103760e-01,0.000000000000000000e+00
1.207000000000000000e+04,5.726120471954345703e-01,7.592592592592593004e-01,3.517151474952697754e-01,0.000000000000000000e+00
1.208000000000000000e+04,5.604568719863891602e-01,7.592592592592593004e-01,3.628063499927520752e-01,0.000000000000000000e+00
1.209000000000000000e+04,5.519458055496215820e-01,7.962962962962962798e-01,3.495989739894866943e-01,0.000000000000000000e+00
1.210000000000000000e+04,5.530009269714355469e-01,7.962962962962962798e-01,3.583075106143951416e-01,0.000000000000000000e+00
1.211000000000000000e+04,5.609058141708374023e-01,7.407407407407406996e-01,3.287138640880584717e-01,0.000000000000000000e+00
1.212000000000000000e+04,5.603614449501037598e-01,7.592592592592593004e-01,3.490885794162750244e-01,0.000000000000000000e+00
1.213000000000000000e+04,5.673499703407287598e-01,7.777777777777777901e-01,3.589507043361663818e-01,0.000000000000000000e+00
1.214000000000000000e+04,5.615885257720947266e-01,7.962962962962962798e-01,3.424718976020812988e-01,0.000000000000000000e+00
1.215000000000000000e+04,5.602256059646606445e-01,7.592592592592593004e-01,3.379780948162078857e-01,0.000000000000000000e+00
1.216000000000000000e+04,5.545355081558227539e-01,7.777777777777777901e-01,3.258328437805175781e-01,0.000000000000000000e+00
1.217000000000000000e+04,5.689594745635986328e-01,7.407407407407406996e-01,3.544479608535766602e-01,0.000000000000000000e+00
1.218000000000000000e+04,5.615493655204772949e-01,7.222222222222222099e-01,3.498412370681762695e-01,0.000000000000000000e+00
1.219000000000000000e+04,5.549845099449157715e-01,7.222222222222222099e-01,3.408668339252471924e-01,0.000000000000000000e+00
1.220000000000000000e+04,5.509858727455139160e-01,7.407407407407406996e-01,3.647374510765075684e-01,0.000000000000000000e+00
1.221000000000000000e+04,5.573890805244445801e-01,7.222222222222222099e-01,3.342674970626831055e-01,0.000000000000000000e+00
1.222000000000000000e+04,5.730516910552978516e-01,7.222222222222222099e-01,3.787721097469329834e-01,0.000000000000000000e+00
1.223000000000000000e+04,5.793790817260742188e-01,7.037037037037037202e-01,3.969258964061737061e-01,0.000000000000000000e+00
1.224000000000000000e+04,5.853046178817749023e-01,7.222222222222222099e-01,3.769731223583221436e-01,0.000000000000000000e+00
1.225000000000000000e+04,5.680537223815917969e-01,7.777777777777777901e-01,3.447733819484710693e-01,0.000000000000000000e+00
1.226000000000000000e+04,5.551895499229431152e-01,7.407407407407406996e-01,3.438508212566375732e-01,0.000000000000000000e+00
1.227000000000000000e+04,5.745409131050109863e-01,7.592592592592593004e-01,3.514395654201507568e-01,0.000000000000000000e+00
1.228000000000000000e+04,5.700492262840270996e-01,7.592592592592593004e-01,3.553063273429870605e-01,0.000000000000000000e+00
1.229000000000000000e+04,5.702382922172546387e-01,7.407407407407406996e-01,3.564631640911102295e-01,0.000000000000000000e+00
1.230000000000000000e+04,5.842716097831726074e-01,7.407407407407406996e-01,3.838234841823577881e-01,0.000000000000000000e+00
1.231000000000000000e+04,5.752462148666381836e-01,7.777777777777777901e-01,3.486514091491699219e-01,0.000000000000000000e+00
1.232000000000000000e+04,5.514947175979614258e-01,7.962962962962962798e-01,3.266211152076721191e-01,0.000000000000000000e+00
1.233000000000000000e+04,5.700075030326843262e-01,7.777777777777777901e-01,3.513238728046417236e-01,0.000000000000000000e+00
1.234000000000000000e+04,5.664393901824951172e-01,7.962962962962962798e-01,3.566294014453887939e-01,0.000000000000000000e+00
1.235000000000000000e+04,5.708589553833007812e-01,7.962962962962962798e-01,3.761299848556518555e-01,0.000000000000000000e+00
1.236000000000000000e+04,5.852341055870056152e-01,7.592592592592593004e-01,3.856913745403289795e-01,0.000000000000000000e+00
1.237000000000000000e+04,5.523423552513122559e-01,7.592592592592593004e-01,3.298780620098114014e-01,0.000000000000000000e+00
1.238000000000000000e+04,5.621780157089233398e-01,7.777777777777777901e-01,3.640917241573333740e-01,0.000000000000000000e+00
1.239000000000000000e+04,5.523872971534729004e-01,6.851851851851852304e-01,3.336725533008575439e-01,0.000000000000000000e+00
1.240000000000000000e+04,5.881356596946716309e-01,7.037037037037037202e-01,3.820729553699493408e-01,0.000000000000000000e+00
1.241000000000000000e+04,5.869073867797851562e-01,7.407407407407406996e-01,3.800394833087921143e-01,0.000000000000000000e+00
1.242000000000000000e+04,5.814532041549682617e-01,7.037037037037037202e-01,3.726590871810913086e-01,0.000000000000000000e+00
1.243000000000000000e+04,5.725908279418945312e-01,7.407407407407406996e-01,3.535957038402557373e-01,0.000000000000000000e+00
1.244000000000000000e+04,5.576858520507812500e-01,7.037037037037037202e-01,3.171485066413879395e-01,0.000000000000000000e+00
1.245000000000000000e+04,5.596190690994262695e-01,6.666666666666666297e-01,3.238431811332702637e-01,0.000000000000000000e+00
1.246000000000000000e+04,5.784096717834472656e-01,7.777777777777777901e-01,3.780388236045837402e-01,0.000000000000000000e+00
1.247000000000000000e+04,5.904453992843627930e-01,7.407407407407406996e-01,3.694061040878295898e-01,0.000000000000000000e+00
1.248000000000000000e+04,5.823720693588256836e-01,7.592592592592593004e-01,3.383612930774688721e-01,0.000000000000000000e+00
1.249000000000000000e+04,5.447363853454589844e-01,7.777777777777777901e-01,3.085571527481079102e-01,0.000000000000000000e+00
1.250000000000000000e+04,5.517403483390808105e-01,7.962962962962962798e-01,3.379539549350738525e-01,0.000000000000000000e+00
1.251000000000000000e+04,5.401591062545776367e-01,8.703703703703703498e-01,3.160808086395263672e-01,0.000000000000000000e+00
1.252000000000000000e+04,5.325673818588256836e-01,7.037037037037037202e-01,3.393490612506866455e-01,0.000000000000000000e+00
1.253000000000000000e+04,5.229247212409973145e-01,7.592592592592593004e-01,3.034369051456451416e-01,0.000000000000000000e+00
1.254000000000000000e+04,5.232028365135192871e-01,7.222222222222222099e-01,2.844447791576385498e-01,0.000000000000000000e+00
1.255000000000000000e+04,5.135775208473205566e-01,7.037037037037037202e-01,2.834651768207550049e-01,0.000000000000000000e+00
1.256000000000000000e+04,5.262038707733154297e-01,7.962962962962962798e-01,2.769396901130676270e-01,0.000000000000000000e+00
1.257000000000000000e+04,5.061694383621215820e-01,7.592592592592593004e-01,2.571751475334167480e-01,0.000000000000000000e+00
1.258000000000000000e+04,4.923603534698486328e-01,7.222222222222222099e-01,2.564498782157897949e-01,0.000000000000000000e+00
1.259000000000000000e+04,5.080764889717102051e-01,7.222222222222222099e-01,2.831900715827941895e-01,0.000000000000000000e+00
1.260000000000000000e+04,5.096400380134582520e-01,7.222222222222222099e-01,2.786273062229156494e-01,0.000000000000000000e+00
1.261000000000000000e+04,4.861190021038055420e-01,7.592592592592593004e-01,2.391892522573471069e-01,0.000000000000000000e+00
1.262000000000000000e+04,5.091379284858703613e-01,7.777777777777777901e-01,2.670141756534576416e-01,0.000000000000000000e+00
1.263000000000000000e+04,5.324683785438537598e-01,7.962962962962962798e-01,3.079795241355895996e-01,0.000000000000000000e+00
1.264000000000000000e+04,4.916529655456542969e-01,7.592592592592593004e-01,2.697946131229400635e-01,0.000000000000000000e+00
1.265000000000000000e+04,5.159426331520080566e-01,7.407407407407406996e-01,2.888695895671844482e-01,0.000000000000000000e+00
1.266000000000000000e+04,5.149393677711486816e-01,7.222222222222222099e-01,2.789563238620758057e-01,0.000000000000000000e+00
1.267000000000000000e+04,5.506767034530639648e-01,7.222222222222222099e-01,3.302046656608581543e-01,0.000000000000000000e+00
1.268000000000000000e+04,5.214809179306030273e-01,7.037037037037037202e-01,3.141687214374542236e-01,0.000000000000000000e+00
1.269000000000000000e+04,5.183543562889099121e-01,7.037037037037037202e-01,3.064211010932922363e-01,0.000000000000000000e+00
1.270000000000000000e+04,5.333678722381591797e-01,6.481481481481481399e-01,3.255970776081085205e-01,0.000000000000000000e+00
1.271000000000000000e+04,5.046827793121337891e-01,6.296296296296296502e-01,2.982219159603118896e-01,0.000000000000000000e+00
1.272000000000000000e+04,4.871826767921447754e-01,6.666666666666666297e-01,2.996194958686828613e-01,0.000000000000000000e+00
1.273000000000000000e+04,5.115084648132324219e-01,6.481481481481481399e-01,3.158092796802520752e-01,0.000000000000000000e+00
1.274000000000000000e+04,4.986063838005065918e-01,7.777777777777777901e-01,3.124430775642395020e-01,0.000000000000000000e+00
1.275000000000000000e+04,4.941752851009368896e-01,7.222222222222222099e-01,3.142375349998474121e-01,0.000000000000000000e+00
1.276000000000000000e+04,4.897084832191467285e-01,7.222222222222222099e-01,3.241111040115356445e-01,0.000000000000000000e+00
1.277000000000000000e+04,4.996498525142669678e-01,7.407407407407406996e-01,3.285917937755584717e-01,0.000000000000000000e+00
1.278000000000000000e+04,4.808213412761688232e-01,7.407407407407406996e-01,2.937297821044921875e-01,0.000000000000000000e+00
1.279000000000000000e+04,4.689611792564392090e-01,7.222222222222222099e-01,2.975070774555206299e-01,0.000000000000000000e+00
1.280000000000000000e+04,4.779599010944366455e-01,7.222222222222222099e-01,3.186506330966949463e-01,0.000000000000000000e+00
1.281000000000000000e+04,5.233666896820068359e-01,7.222222222222222099e-01,3.628870844841003418e-01,0.000000000000000000e+00
1.282000000000000000e+04,5.323279500007629395e-01,7.407407407407406996e-01,3.767555058002471924e-01,0.000000000000000000e+00
1.283000000000000000e+04,5.432487130165100098e-01,7.777777777777777901e-01,3.769515752792358398e-01,0.000000000000000000e+00
1.284000000000000000e+04,5.326087474822998047e-01,7.777777777777777901e-01,3.705335855484008789e-01,0.000000000000000000e+00
1.285000000000000000e+04,5.182288885116577148e-01,7.777777777777777901e-01,3.683543801307678223e-01,0.000000000000000000e+00
1.286000000000000000e+04,5.182221531867980957e-01,7.962962962962962798e-01,3.634449243545532227e-01,0.000000000000000000e+00
1.287000000000000000e+04,5.286120176315307617e-01,7.962962962962962798e-01,3.680755794048309326e-01,0.000000000000000000e+00
1.288000000000000000e+04,5.363166332244873047e-01,7.407407407407406996e-01,3.763528764247894287e-01,0.000000000000000000e+00
1.289000000000000000e+04,5.321408510208129883e-01,7.592592592592593004e-01,3.748534619808197021e-01,0.000000000000000000e+00
1.290000000000000000e+04,5.066717863082885742e-01,7.962962962962962798e-01,3.534691035747528076e-01,0.000000000000000000e+00
1.291000000000000000e+04,5.353488922119140625e-01,7.962962962962962798e-01,3.780955374240875244e-01,0.000000000000000000e+00
1.292000000000000000e+04,5.222443938255310059e-01,7.592592592592593004e-01,3.686659932136535645e-01,0.000000000000000000e+00
1.293000000000000000e+04,5.369120836257934570e-01,7.407407407407406996e-01,3.751527965068817139e-01,0.000000000000000000e+00
1.294000000000000000e+04,5.394420027732849121e-01,7.592592592592593004e-01,3.819580376148223877e-01,0.000000000000000000e+00
1.295000000000000000e+04,5.354459285736083984e-01,7.407407407407406996e-01,3.833049833774566650e-01,0.000000000000000000e+00
1.296000000000000000e+04,5.248007774353027344e-01,7.222222222222222099e-01,3.686825931072235107e-01,0.000000000000000000e+00
1.297000000000000000e+04,5.243992805480957031e-01,7.222222222222222099e-01,3.562675714492797852e-01,0.000000000000000000e+00
1.298000000000000000e+04,5.198221802711486816e-01,6.481481481481481399e-01,3.337960243225097656e-01,0.000000000000000000e+00
1.299000000000000000e+04,5.264100432395935059e-01,7.037037037037037202e-01,3.506691455841064453e-01,0.000000000000000000e+00
1.300000000000000000e+04,5.133774280548095703e-01,7.407407407407406996e-01,3.573407828807830811e-01,0.000000000000000000e+00
1.301000000000000000e+04,5.072759389877319336e-01,7.222222222222222099e-01,3.421444892883300781e-01,0.000000000000000000e+00
1.302000000000000000e+04,5.025306344032287598e-01,7.407407407407406996e-01,3.192511498928070068e-01,0.000000000000000000e+00
1.303000000000000000e+04,5.396827459335327148e-01,6.851851851851852304e-01,3.680196702480316162e-01,0.000000000000000000e+00
1.304000000000000000e+04,5.572767853736877441e-01,7.037037037037037202e-01,3.858181238174438477e-01,0.000000000000000000e+00
1.305000000000000000e+04,5.451433658599853516e-01,6.851851851851852304e-01,3.620689511299133301e-01,0.000000000000000000e+00
1.306000000000000000e+04,5.457257032394409180e-01,7.222222222222222099e-01,3.822725117206573486e-01,0.000000000000000000e+00
1.307000000000000000e+04,5.690447688102722168e-01,7.407407407407406996e-01,4.010554552078247070e-01,0.000000000000000000e+00
1.308000000000000000e+04,5.700572133064270020e-01,7.407407407407406996e-01,4.169317781925201416e-01,0.000000000000000000e+00
1.309000000000000000e+04,5.361650586128234863e-01,7.407407407407406996e-01,3.905131816864013672e-01,0.000000000000000000e+00
1.310000000000000000e+04,5.620952844619750977e-01,7.407407407407406996e-01,4.099842011928558350e-01,0.000000000000000000e+00
1.311000000000000000e+04,5.303432345390319824e-01,7.777777777777777901e-01,3.738485872745513916e-01,0.000000000000000000e+00
1.312000000000000000e+04,5.518403649330139160e-01,7.407407407407406996e-01,3.993376791477203369e-01,0.000000000000000000e+00
1.313000000000000000e+04,5.500258803367614746e-01,7.407407407407406996e-01,3.961984217166900635e-01,0.000000000000000000e+00
1.314000000000000000e+04,5.349813699722290039e-01,7.222222222222222099e-01,3.679237365722656250e-01,0.000000000000000000e+00
1.315000000000000000e+04,5.508946776390075684e-01,7.037037037037037202e-01,3.857840299606323242e-01,0.000000000000000000e+00
1.316000000000000000e+04,5.711653828620910645e-01,7.407407407407406996e-01,4.229006469249725342e-01,0.000000000000000000e+00
1.317000000000000000e+04,5.685907602310180664e-01,7.592592592592593004e-01,4.165560603141784668e-01,0.000000000000000000e+00
1.318000000000000000e+04,5.624731779098510742e-01,7.407407407407406996e-01,4.073994457721710205e-01,0.000000000000000000e+00
1.319000000000000000e+04,5.309702157974243164e-01,7.407407407407406996e-01,3.809522688388824463e-01,0.000000000000000000e+00
1.320000000000000000e+04,5.213432908058166504e-01,6.851851851851852304e-01,3.566403090953826904e-01,0.000000000000000000e+00
1.321000000000000000e+04,5.334038138389587402e-01,7.222222222222222099e-01,3.432699143886566162e-01,0.000000000000000000e+00
1.322000000000000000e+04,5.692586898803710938e-01,7.592592592592593004e-01,4.054161906242370605e-01,0.000000000000000000e+00
1.323000000000000000e+04,5.619298815727233887e-01,7.407407407407406996e-01,4.075393080711364746e-01,0.000000000000000000e+00
1.324000000000000000e+04,5.565494298934936523e-01,7.777777777777777901e-01,4.038354754447937012e-01,0.000000000000000000e+00
1.325000000000000000e+04,5.648187398910522461e-01,7.222222222222222099e-01,4.135927259922027588e-01,0.000000000000000000e+00
1.326000000000000000e+04,5.460051298141479492e-01,7.777777777777777901e-01,3.942812979221343994e-01,0.000000000000000000e+00
1.327000000000000000e+04,5.613681077957153320e-01,7.592592592592593004e-01,4.248051047325134277e-01,0.000000000000000000e+00
1.328000000000000000e+04,5.277083516120910645e-01,7.592592592592593004e-01,3.608825504779815674e-01,0.000000000000000000e+00
1.329000000000000000e+04,5.202469825744628906e-01,7.962962962962962798e-01,3.443396687507629395e-01,0.000000000000000000e+00
1.330000000000000000e+04,5.082973837852478027e-01,7.407407407407406996e-01,3.393009603023529053e-01,0.000000000000000000e+00
1.331000000000000000e+04,5.085432529449462891e-01,7.592592592592593004e-01,3.376040160655975342e-01,0.000000000000000000e+00
1.332000000000000000e+04,5.352200865745544434e-01,7.777777777777777901e-01,3.588038682937622070e-01,0.000000000000000000e+00
1.333000000000000000e+04,5.331239104270935059e-01,7.407407407407406996e-01,3.664966225624084473e-01,0.000000000000000000e+00
1.334000000000000000e+04,5.578853487968444824e-01,7.777777777777777901e-01,3.961033523082733154e-01,0.000000000000000000e+00
1.335000000000000000e+04,5.416809320449829102e-01,7.592592592592593004e-01,3.857086300849914551e-01,0.000000000000000000e+00
1.336000000000000000e+04,5.397357344627380371e-01,7.407407407407406996e-01,3.737461566925048828e-01,0.000000000000000000e+00
1.337000000000000000e+04,5.488315820693969727e-01,7.407407407407406996e-01,3.837096691131591797e-01,0.000000000000000000e+00
1.338000000000000000e+04,5.458511710166931152e-01,7.407407407407406996e-01,3.695249259471893311e-01,0.000000000000000000e+00
1.339000000000000000e+04,5.292822718620300293e-01,8.148148148148147696e-01,3.451409935951232910e-01,0.000000000000000000e+00
1.340000000000000000e+04,5.477291941642761230e-01,7.777777777777777901e-01,3.704273402690887451e-01,0.000000000000000000e+00
1.341000000000000000e+04,5.338533520698547363e-01,7.962962962962962798e-01,3.587136566638946533e-01,0.000000000000000000e+00
1.342000000000000000e+04,5.258684158325195312e-01,7.592592592592593004e-01,3.705428540706634521e-01,0.000000000000000000e+00
1.343000000000000000e+04,5.369588732719421387e-01,7.777777777777777901e-01,3.779436051845550537e-01,0.000000000000000000e+00
1.344000000000000000e+04,5.280689597129821777e-01,7.222222222222222099e-01,3.687443137168884277e-01,0.000000000000000000e+00
1.345000000000000000e+04,5.227024555206298828e-01,8.148148148148147696e-01,3.665860295295715332e-01,0.000000000000000000e+00
1.346000000000000000e+04,5.329566597938537598e-01,7.777777777777777901e-01,3.945370614528656006e-01,0.000000000000000000e+00
1.347000000000000000e+04,5.338629484176635742e-01,7.407407407407406996e-01,3.719010949134826660e-01,0.000000000000000000e+00
1.348000000000000000e+04,5.568476915359497070e-01,7.592592592592593004e-01,4.100231826305389404e-01,0.000000000000000000e+00
1.349000000000000000e+04,5.291069746017456055e-01,7.777777777777777901e-01,3.795368075370788574e-01,0.000000000000000000e+00
1.350000000000000000e+04,5.462506413459777832e-01,7.407407407407406996e-01,4.107287824153900146e-01,0.000000000000000000e+00
1.351000000000000000e+04,5.504643917083740234e-01,7.962962962962962798e-01,4.004193246364593506e-01,0.000000000000000000e+00
1.352000000000000000e+04,5.495254993438720703e-01,7.777777777777777901e-01,3.865088224411010742e-01,0.000000000000000000e+00
1.353000000000000000e+04,5.753711462020874023e-01,7.037037037037037202e-01,4.421014487743377686e-01,0.000000000000000000e+00
1.354000000000000000e+04,5.566269755363464355e-01,7.962962962962962798e-01,4.204253852367401123e-01,0.000000000000000000e+00
1.355000000000000000e+04,5.469529032707214355e-01,7.962962962962962798e-01,4.094879031181335449e-01,0.000000000000000000e+00
1.356000000000000000e+04,5.489150285720825195e-01,7.222222222222222099e-01,4.034053087234497070e-01,0.000000000000000000e+00
1.357000000000000000e+04,5.260902643203735352e-01,7.777777777777777901e-01,3.961139023303985596e-01,0.000000000000000000e+00
1.358000000000000000e+04,5.213971734046936035e-01,7.407407407407406996e-01,3.959037065505981445e-01,0.000000000000000000e+00
1.359000000000000000e+04,4.922749996185302734e-01,7.777777777777777901e-01,3.529184162616729736e-01,0.000000000000000000e+00
1.360000000000000000e+04,5.103925466537475586e-01,8.518518518518518601e-01,3.718282282352447510e-01,0.000000000000000000e+00
1.361000000000000000e+04,5.031452178955078125e-01,7.962962962962962798e-01,3.521024286746978760e-01,0.000000000000000000e+00
1.362000000000000000e+04,5.186399817466735840e-01,7.962962962962962798e-01,3.772257864475250244e-01,0.000000000000000000e+00
1.363000000000000000e+04,5.258892774581909180e-01,7.777777777777777901e-01,3.714756369590759277e-01,0.000000000000000000e+00
1.364000000000000000e+04,4.928079545497894287e-01,7.592592592592593004e-01,3.509884476661682129e-01,0.000000000000000000e+00
1.365000000000000000e+04,4.841085970401763916e-01,7.777777777777777901e-01,3.366253077983856201e-01,0.000000000000000000e+00
1.366000000000000000e+04,4.562212526798248291e-01,7.962962962962962798e-01,2.750403881072998047e-01,0.000000000000000000e+00
1.367000000000000000e+04,4.532400667667388916e-01,7.962962962962962798e-01,2.708597481250762939e-01,0.000000000000000000e+00
1.368000000000000000e+04,4.646605551242828369e-01,7.962962962962962798e-01,2.933911085128784180e-01,0.000000000000000000e+00
1.369000000000000000e+04,4.550676941871643066e-01,7.962962962962962798e-01,2.783831059932708740e-01,0.000000000000000000e+00
1.370000000000000000e+04,4.829429090023040771e-01,7.407407407407406996e-01,3.256413638591766357e-01,0.000000000000000000e+00
1.371000000000000000e+04,4.894877076148986816e-01,8.148148148148147696e-01,3.066679537296295166e-01,0.000000000000000000e+00
1.372000000000000000e+04,5.063365101814270020e-01,8.148148148148147696e-01,3.384449779987335205e-01,0.000000000000000000e+00
1.373000000000000000e+04,4.879395067691802979e-01,7.407407407407406996e-01,3.295910358428955078e-01,0.000000000000000000e+00
1.374000000000000000e+04,5.057243108749389648e-01,7.962962962962962798e-01,3.489674329757690430e-01,0.000000000000000000e+00
1.375000000000000000e+04,4.761885404586791992e-01,7.407407407407406996e-01,3.014297783374786377e-01,0.000000000000000000e+00
1.376000000000000000e+04,4.622159600257873535e-01,7.777777777777777901e-01,3.121614158153533936e-01,0.000000000000000000e+00
1.377000000000000000e+04,4.791674315929412842e-01,7.777777777777777901e-01,3.405352830886840820e-01,0.000000000000000000e+00
1.378000000000000000e+04,4.830131232738494873e-01,7.777777777777777901e-01,3.335257470607757568e-01,0.000000000000000000e+00
1.379000000000000000e+04,4.671942293643951416e-01,7.407407407407406996e-01,2.899727225303649902e-01,0.000000000000000000e+00
1.380000000000000000e+04,4.684556126594543457e-01,7.962962962962962798e-01,3.072356879711151123e-01,0.000000000000000000e+00
1.381000000000000000e+04,5.093843340873718262e-01,8.148148148148147696e-01,3.374251127243041992e-01,0.000000000000000000e+00
1.382000000000000000e+04,5.225387811660766602e-01,7.777777777777777901e-01,3.804537057876586914e-01,0.000000000000000000e+00
1.383000000000000000e+04,5.255501866340637207e-01,8.333333333333333703e-01,3.668258488178253174e-01,0.000000000000000000e+00
1.384000000000000000e+04,4.948457479476928711e-01,7.592592592592593004e-01,3.477933406829833984e-01,0.000000000000000000e+00
1.385000000000000000e+04,4.833385944366455078e-01,7.407407407407406996e-01,3.156004548072814941e-01,0.000000000000000000e+00
1.386000000000000000e+04,5.244348049163818359e-01,7.962962962962962798e-01,3.869982659816741943e-01,0.000000000000000000e+00
1.387000000000000000e+04,5.151306390762329102e-01,8.148148148148147696e-01,3.599517047405242920e-01,0.000000000000000000e+00
1.388000000000000000e+04,5.037892460823059082e-01,8.148148148148147696e-01,3.428633511066436768e-01,0.000000000000000000e+00
1.389000000000000000e+04,5.113284587860107422e-01,8.333333333333333703e-01,3.368735909461975098e-01,0.000000000000000000e+00
1.390000000000000000e+04,5.171572566032409668e-01,7.962962962962962798e-01,3.708764016628265381e-01,0.000000000000000000e+00
1.391000000000000000e+04,5.002213716506958008e-01,7.407407407407406996e-01,3.429980874061584473e-01,0.000000000000000000e+00
1.392000000000000000e+04,4.870013296604156494e-01,7.777777777777777901e-01,3.438778817653656006e-01,0.000000000000000000e+00
1.393000000000000000e+04,4.833660423755645752e-01,7.592592592592593004e-01,3.010089695453643799e-01,0.000000000000000000e+00
1.394000000000000000e+04,5.029253363609313965e-01,8.333333333333333703e-01,3.308901190757751465e-01,0.000000000000000000e+00
1.395000000000000000e+04,4.962224364280700684e-01,8.148148148148147696e-01,3.000065684318542480e-01,0.000000000000000000e+00
1.396000000000000000e+04,4.779952168464660645e-01,7.777777777777777901e-01,3.005706071853637695e-01,0.000000000000000000e+00
1.397000000000000000e+04,4.801228940486907959e-01,8.148148148148147696e-01,3.340227901935577393e-01,0.000000000000000000e+00
1.398000000000000000e+04,4.696890115737915039e-01,7.962962962962962798e-01,3.025652766227722168e-01,0.000000000000000000e+00
1.399000000000000000e+04,5.018623471260070801e-01,7.962962962962962798e-01,3.468866944313049316e-01,0.000000000000000000e+00
1.400000000000000000e+04,5.007950067520141602e-01,7.962962962962962798e-01,3.221809267997741699e-01,0.000000000000000000e+00
1.401000000000000000e+04,5.055299997329711914e-01,7.407407407407406996e-01,3.397395312786102295e-01,0.000000000000000000e+00
1.402000000000000000e+04,4.947231709957122803e-01,8.333333333333333703e-01,3.120836913585662842e-01,0.000000000000000000e+00
1.403000000000000000e+04,5.030151605606079102e-01,8.148148148148147696e-01,3.200973570346832275e-01,0.000000000000000000e+00
1.404000000000000000e+04,5.109155178070068359e-01,8.333333333333333703e-01,3.377691507339477539e-01,0.000000000000000000e+00
1.405000000000000000e+04,5.249041914939880371e-01,8.518518518518518601e-01,3.480292260646820068e-01,0.000000000000000000e+00
1.406000000000000000e+04,5.029971003532409668e-01,8.148148148148147696e-01,3.214005529880523682e-01,0.000000000000000000e+00
1.407000000000000000e+04,5.073900818824768066e-01,8.333333333333333703e-01,3.467420041561126709e-01,0.000000000000000000e+00
1.408000000000000000e+04,5.214949250221252441e-01,7.777777777777777901e-01,3.673846721649169922e-01,0.000000000000000000e+00
1.409000000000000000e+04,5.249169468879699707e-01,7.222222222222222099e-01,3.735591769218444824e-01,0.000000000000000000e+00
1.410000000000000000e+04,5.453025102615356445e-01,7.962962962962962798e-01,3.987771868705749512e-01,0.000000000000000000e+00
1.411000000000000000e+04,5.422761440277099609e-01,8.148148148148147696e-01,3.995721340179443359e-01,0.000000000000000000e+00
1.412000000000000000e+04,5.435779094696044922e-01,8.148148148148147696e-01,4.081405103206634521e-01,0.000000000000000000e+00
1.413000000000000000e+04,5.412169694900512695e-01,8.148148148148147696e-01,3.873046338558197021e-01,0.000000000000000000e+00
1.414000000000000000e+04,5.502274632453918457e-01,8.333333333333333703e-01,4.259335994720458984e-01,0.000000000000000000e+00
1.415000000000000000e+04,5.347538590431213379e-01,7.592592592592593004e-01,4.040315747261047363e-01,0.000000000000000000e+00
1.416000000000000000e+04,5.288054943084716797e-01,7.962962962962962798e-01,3.857455253601074219e-01,0.000000000000000000e+00
1.417000000000000000e+04,5.262543559074401855e-01,7.962962962962962798e-01,4.010230898857116699e-01,0.000000000000000000e+00
1.418000000000000000e+04,4.940612018108367920e-01,7.592592592592593004e-01,3.415468633174896240e-01,0.000000000000000000e+00
1.419000000000000000e+04,5.063522458076477051e-01,7.777777777777777901e-01,3.632921874523162842e-01,0.000000000000000000e+00
1.420000000000000000e+04,4.770407378673553467e-01,7.592592592592593004e-01,3.361134231090545654e-01,0.000000000000000000e+00
1.421000000000000000e+04,4.730584323406219482e-01,7.962962962962962798e-01,3.600252270698547363e-01,0.000000000000000000e+00
1.422000000000000000e+04,4.834792912006378174e-01,7.777777777777777901e-01,3.559350669384002686e-01,0.000000000000000000e+00
1.423000000000000000e+04,5.007412433624267578e-01,7.962962962962962798e-01,3.441401422023773193e-01,0.000000000000000000e+00
1.424000000000000000e+04,5.058344006538391113e-01,7.962962962962962798e-01,3.571851253509521484e-01,0.000000000000000000e+00
1.425000000000000000e+04,5.168981552124023438e-01,7.962962962962962798e-01,3.751947879791259766e-01,0.000000000000000000e+00
1.426000000000000000e+04,5.349884033203125000e-01,7.777777777777777901e-01,4.025649726390838623e-01,0.000000000000000000e+00
1.427000000000000000e+04,5.060724020004272461e-01,7.407407407407406996e-01,3.717138171195983887e-01,0.000000000000000000e+00
1.428000000000000000e+04,5.226113796234130859e-01,7.962962962962962798e-01,3.848257958889007568e-01,0.000000000000000000e+00
1.429000000000000000e+04,5.061162114143371582e-01,7.962962962962962798e-01,3.480810225009918213e-01,0.000000000000000000e+00
1.430000000000000000e+04,4.951595366001129150e-01,8.148148148148147696e-01,3.286508917808532715e-01,0.000000000000000000e+00
1.431000000000000000e+04,5.126006603240966797e-01,8.148148148148147696e-01,3.682383298873901367e-01,0.000000000000000000e+00
1.432000000000000000e+04,5.130692720413208008e-01,8.333333333333333703e-01,3.795413076877593994e-01,0.000000000000000000e+00
1.433000000000000000e+04,5.203499794006347656e-01,8.148148148148147696e-01,3.601182699203491211e-01,0.000000000000000000e+00
1.434000000000000000e+04,5.440955162048339844e-01,7.962962962962962798e-01,4.140939414501190186e-01,0.000000000000000000e+00
1.435000000000000000e+04,5.044961571693420410e-01,7.777777777777777901e-01,3.521412611007690430e-01,0.000000000000000000e+00
1.436000000000000000e+04,5.094065070152282715e-01,7.962962962962962798e-01,3.686210811138153076e-01,0.000000000000000000e+00
1.437000000000000000e+04,5.006232857704162598e-01,7.962962962962962798e-01,3.467093110084533691e-01,0.000000000000000000e+00
1.438000000000000000e+04,5.289840102195739746e-01,7.962962962962962798e-01,3.904167711734771729e-01,0.000000000000000000e+00
1.439000000000000000e+04,5.630772113800048828e-01,8.333333333333333703e-01,4.221545755863189697e-01,0.000000000000000000e+00
1.440000000000000000e+04,5.613196492195129395e-01,7.962962962962962798e-01,4.116199016571044922e-01,0.000000000000000000e+00
1.441000000000000000e+04,5.404880046844482422e-01,7.777777777777777901e-01,4.091197252273559570e-01,0.000000000000000000e+00
1.442000000000000000e+04,5.328004360198974609e-01,8.703703703703703498e-01,3.708183467388153076e-01,0.000000000000000000e+00
1.443000000000000000e+04,5.579389333724975586e-01,8.148148148148147696e-01,4.049229621887207031e-01,0.000000000000000000e+00
1.444000000000000000e+04,5.453472137451171875e-01,8.333333333333333703e-01,4.066610336303710938e-01,0.000000000000000000e+00
1.445000000000000000e+04,5.517723560333251953e-01,7.962962962962962798e-01,3.840063512325286865e-01,0.000000000000000000e+00
1.446000000000000000e+04,5.452124476432800293e-01,8.703703703703703498e-01,4.146520495414733887e-01,0.000000000000000000e+00
1.447000000000000000e+04,5.114324688911437988e-01,8.518518518518518601e-01,3.886959850788116455e-01,0.000000000000000000e+00
1.448000000000000000e+04,5.041911005973815918e-01,8.333333333333333703e-01,3.685878217220306396e-01,0.000000000000000000e+00
1.449000000000000000e+04,4.952610433101654053e-01,8.148148148148147696e-01,3.349249064922332764e-01,0.000000000000000000e+00
1.450000000000000000e+04,5.232915878295898438e-01,7.962962962962962798e-01,3.716661036014556885e-01,0.000000000000000000e+00
1.451000000000000000e+04,5.082845091819763184e-01,8.148148148148147696e-01,3.577684760093688965e-01,0.000000000000000000e+00
1.452000000000000000e+04,5.038957595825195312e-01,8.333333333333333703e-01,3.554918169975280762e-01,0.000000000000000000e+00
1.453000000000000000e+04,5.074924230575561523e-01,7.777777777777777901e-01,3.659227490425109863e-01,0.000000000000000000e+00
1.454000000000000000e+04,5.261019468307495117e-01,8.333333333333333703e-01,3.997985422611236572e-01,0.000000000000000000e+00
1.455000000000000000e+04,5.109530687332153320e-01,7.962962962962962798e-01,3.696581721305847168e-01,0.000000000000000000e+00
1.456000000000000000e+04,5.188017487525939941e-01,7.592592592592593004e-01,3.663288652896881104e-01,0.000000000000000000e+00
1.457000000000000000e+04,5.169112682342529297e-01,7.962962962962962798e-01,3.687047958374023438e-01,0.000000000000000000e+00
1.458000000000000000e+04,4.977287948131561279e-01,8.148148148148147696e-01,3.733164370059967041e-01,0.000000000000000000e+00
1.459000000000000000e+04,5.073714256286621094e-01,7.777777777777777901e-01,3.652978241443634033e-01,0.000000000000000000e+00
1.460000000000000000e+04,4.915950596332550049e-01,8.518518518518518601e-01,3.512147963047027588e-01,0.000000000000000000e+00
1.461000000000000000e+04,5.488143563270568848e-01,8.148148148148147696e-01,4.009378850460052490e-01,0.000000000000000000e+00
1.462000000000000000e+04,5.457600355148315430e-01,7.777777777777777901e-01,3.959928154945373535e-01,0.000000000000000000e+00
1.463000000000000000e+04,5.389573574066162109e-01,7.962962962962962798e-01,3.952304124832153320e-01,0.000000000000000000e+00
1.464000000000000000e+04,5.260299444198608398e-01,7.592592592592593004e-01,3.888314962387084961e-01,0.000000000000000000e+00
1.465000000000000000e+04,5.175622701644897461e-01,7.962962962962962798e-01,3.826023340225219727e-01,0.000000000000000000e+00
1.466000000000000000e+04,5.108864903450012207e-01,8.148148148148147696e-01,3.549615740776062012e-01,0.000000000000000000e+00
1.467000000000000000e+04,5.313217639923095703e-01,7.592592592592593004e-01,3.903797566890716553e-01,0.000000000000000000e+00
1.468000000000000000e+04,5.279256701469421387e-01,8.148148148148147696e-01,3.757289350032806396e-01,0.000000000000000000e+00
1.469000000000000000e+04,5.318686962127685547e-01,8.333333333333333703e-01,3.742201030254364014e-01,0.000000000000000000e+00
1.470000000000000000e+04,5.361012816429138184e-01,8.148148148148147696e-01,4.014763534069061279e-01,0.000000000000000000e+00
1.471000000000000000e+04,5.307887792587280273e-01,8.148148148148147696e-01,3.938156366348266602e-01,0.000000000000000000e+00
1.472000000000000000e+04,5.069519877433776855e-01,8.148148148148147696e-01,3.789815008640289307e-01,0.000000000000000000e+00
1.473000000000000000e+04,5.112571120262145996e-01,8.148148148148147696e-01,3.766113817691802979e-01,0.000000000000000000e+00
1.474000000000000000e+04,5.223246812820434570e-01,7.592592592592593004e-01,4.023469090461730957e-01,0.000000000000000000e+00
1.475000000000000000e+04,5.416641235351562500e-01,7.592592592592593004e-01,4.223815798759460449e-01,0.000000000000000000e+00
1.476000000000000000e+04,5.243962407112121582e-01,7.962962962962962798e-01,3.941310942173004150e-01,0.000000000000000000e+00
1.477000000000000000e+04,5.261699557304382324e-01,7.592592592592593004e-01,3.964523971080780029e-01,0.000000000000000000e+00
1.478000000000000000e+04,5.278785824775695801e-01,8.148148148148147696e-01,3.912551999092102051e-01,0.000000000000000000e+00
1.479000000000000000e+04,5.378472805023193359e-01,8.333333333333333703e-01,4.154546260833740234e-01,0.000000000000000000e+00
1.480000000000000000e+04,5.449188947677612305e-01,8.148148148148147696e-01,4.188731610774993896e-01,0.000000000000000000e+00
1.481000000000000000e+04,5.238686203956604004e-01,8.148148148148147696e-01,3.790746331214904785e-01,0.000000000000000000e+00
1.482000000000000000e+04,5.365989804267883301e-01,7.962962962962962798e-01,4.008519649505615234e-01,0.000000000000000000e+00
1.483000000000000000e+04,5.348109006881713867e-01,8.148148148148147696e-01,4.043643772602081299e-01,0.000000000000000000e+00
1.484000000000000000e+04,5.395132899284362793e-01,8.333333333333333703e-01,4.223543107509613037e-01,0.000000000000000000e+00
1.485000000000000000e+04,5.264174938201904297e-01,8.333333333333333703e-01,3.932482600212097168e-01,0.000000000000000000e+00
1.486000000000000000e+04,5.003002285957336426e-01,8.518518518518518601e-01,3.617154955863952637e-01,0.000000000000000000e+00
1.487000000000000000e+04,5.042934417724609375e-01,8.518518518518518601e-01,3.930470645427703857e-01,0.000000000000000000e+00
1.488000000000000000e+04,5.046588182449340820e-01,8.518518518518518601e-01,3.818040788173675537e-01,0.000000000000000000e+00
1.489000000000000000e+04,5.184389352798461914e-01,8.333333333333333703e-01,3.941621482372283936e-01,0.000000000000000000e+00
1.490000000000000000e+04,5.087870359420776367e-01,8.333333333333333703e-01,3.634172677993774414e-01,0.000000000000000000e+00
1.491000000000000000e+04,5.087999105453491211e-01,8.333333333333333703e-01,3.957132399082183838e-01,0.000000000000000000e+00
1.492000000000000000e+04,5.162948966026306152e-01,8.333333333333333703e-01,3.848748505115509033e-01,0.000000000000000000e+00
1.493000000000000000e+04,4.979602098464965820e-01,8.333333333333333703e-01,3.799833655357360840e-01,0.000000000000000000e+00
1.494000000000000000e+04,4.955511689186096191e-01,7.592592592592593004e-01,3.751745522022247314e-01,0.000000000000000000e+00
1.495000000000000000e+04,4.698834121227264404e-01,8.333333333333333703e-01,3.416429162025451660e-01,0.000000000000000000e+00
1.496000000000000000e+04,5.233140587806701660e-01,7.962962962962962798e-01,3.974125385284423828e-01,0.000000000000000000e+00
1.497000000000000000e+04,4.993304610252380371e-01,8.148148148148147696e-01,3.482742905616760254e-01,0.000000000000000000e+00
1.498000000000000000e+04,5.344700217247009277e-01,8.518518518518518601e-01,4.064402878284454346e-01,0.000000000000000000e+00
1.499000000000000000e+04,5.180390477180480957e-01,8.333333333333333703e-01,3.960943222045898438e-01,0.000000000000000000e+00
1.500000000000000000e+04,4.912140667438507080e-01,8.333333333333333703e-01,3.636059463024139404e-01,0.000000000000000000e+00
1.501000000000000000e+04,5.184146165847778320e-01,8.333333333333333703e-01,4.055796861648559570e-01,0.000000000000000000e+00
1.502000000000000000e+04,5.028786063194274902e-01,7.962962962962962798e-01,3.740545809268951416e-01,0.000000000000000000e+00
1.503000000000000000e+04,5.066928267478942871e-01,8.703703703703703498e-01,3.653794825077056885e-01,0.000000000000000000e+00
1.504000000000000000e+04,5.244494676589965820e-01,8.518518518518518601e-01,3.985222280025482178e-01,0.000000000000000000e+00
1.505000000000000000e+04,4.890035390853881836e-01,8.148148148148147696e-01,3.681848347187042236e-01,0.000000000000000000e+00
1.506000000000000000e+04,4.865006804466247559e-01,8.333333333333333703e-01,3.619939982891082764e-01,0.000000000000000000e+00
1.507000000000000000e+04,4.865094125270843506e-01,8.333333333333333703e-01,3.480575680732727051e-01,0.000000000000000000e+00
1.508000000000000000e+04,4.767806231975555420e-01,8.518518518518518601e-01,3.591597080230712891e-01,0.000000000000000000e+00
1.509000000000000000e+04,4.970954954624176025e-01,8.148148148148147696e-01,3.866207599639892578e-01,0.000000000000000000e+00
1.510000000000000000e+04,4.954945445060729980e-01,8.333333333333333703e-01,3.750538825988769531e-01,0.000000000000000000e+00
1.511000000000000000e+04,5.051553845405578613e-01,7.592592592592593004e-01,3.715792298316955566e-01,0.000000000000000000e+00
1.512000000000000000e+04,5.317534208297729492e-01,7.962962962962962798e-01,3.998883068561553955e-01,0.000000000000000000e+00
1.513000000000000000e+04,5.188196301460266113e-01,8.333333333333333703e-01,3.916386663913726807e-01,0.000000000000000000e+00
1.514000000000000000e+04,5.260166525840759277e-01,8.148148148148147696e-01,3.823949396610260010e-01,0.000000000000000000e+00
1.515000000000000000e+04,5.361434221267700195e-01,8.518518518518518601e-01,4.014033973217010498e-01,0.000000000000000000e+00
1.516000000000000000e+04,5.416489243507385254e-01,8.518518518518518601e-01,4.060133695602416992e-01,0.000000000000000000e+00
1.517000000000000000e+04,5.209946036338806152e-01,8.518518518518518601e-01,3.914133608341217041e-01,0.000000000000000000e+00
1.518000000000000000e+04,5.002431869506835938e-01,8.333333333333333703e-01,3.626479208469390869e-01,0.000000000000000000e+00
1.519000000000000000e+04,4.988244175910949707e-01,7.962962962962962798e-01,3.537869453430175781e-01,0.000000000000000000e+00
1.520000000000000000e+04,5.133598446846008301e-01,8.518518518518518601e-01,3.847373723983764648e-01,0.000000000000000000e+00
1.521000000000000000e+04,5.240477919578552246e-01,8.333333333333333703e-01,4.094170629978179932e-01,0.000000000000000000e+00
1.522000000000000000e+04,5.095258951187133789e-01,8.333333333333333703e-01,3.906855285167694092e-01,0.000000000000000000e+00
1.523000000000000000e+04,4.719404876232147217e-01,8.148148148148147696e-01,3.258500695228576660e-01,0.000000000000000000e+00
1.524000000000000000e+04,4.776349663734436035e-01,7.777777777777777901e-01,3.778043687343597412e-01,0.000000000000000000e+00
1.525000000000000000e+04,4.482549130916595459e-01,8.518518518518518601e-01,3.234587013721466064e-01,0.000000000000000000e+00
1.526000000000000000e+04,5.072052478790283203e-01,8.333333333333333703e-01,3.763293921947479248e-01,0.000000000000000000e+00
1.527000000000000000e+04,5.098708868026733398e-01,8.333333333333333703e-01,3.842469155788421631e-01,0.000000000000000000e+00
1.528000000000000000e+04,5.139065980911254883e-01,8.333333333333333703e-01,3.912020921707153320e-01,0.000000000000000000e+00
1.529000000000000000e+04,5.189704895019531250e-01,8.148148148148147696e-01,3.984623849391937256e-01,0.000000000000000000e+00
1.530000000000000000e+04,5.064538717269897461e-01,8.333333333333333703e-01,4.016123116016387939e-01,0.000000000000000000e+00
1.531000000000000000e+04,5.228934884071350098e-01,7.962962962962962798e-01,4.003348052501678467e-01,0.000000000000000000e+00
1.532000000000000000e+04,5.128006339073181152e-01,8.518518518518518601e-01,3.962143361568450928e-01,0.000000000000000000e+00
1.533000000000000000e+04,5.206428170204162598e-01,8.148148148148147696e-01,4.079474508762359619e-01,0.000000000000000000e+00
1.534000000000000000e+04,4.991959631443023682e-01,8.148148148148147696e-01,3.692955076694488525e-01,0.000000000000000000e+00
1.535000000000000000e+04,4.887134134769439697e-01,8.148148148148147696e-01,3.523582518100738525e-01,0.000000000000000000e+00
1.536000000000000000e+04,5.238744616508483887e-01,8.333333333333333703e-01,3.815589547157287598e-01,0.000000000000000000e+00
1.537000000000000000e+04,5.286889672279357910e-01,8.333333333333333703e-01,4.093721807003021240e-01,0.000000000000000000e+00
1.538000000000000000e+04,5.172511935234069824e-01,8.148148148148147696e-01,4.044900834560394287e-01,0.000000000000000000e+00
1.539000000000000000e+04,5.201080441474914551e-01,7.962962962962962798e-01,3.883714973926544189e-01,0.000000000000000000e+00
1.540000000000000000e+04,5.101596713066101074e-01,8.148148148148147696e-01,3.693087100982666016e-01,0.000000000000000000e+00
1.541000000000000000e+04,5.074841976165771484e-01,8.703703703703703498e-01,3.666831552982330322e-01,0.000000000000000000e+00
1.542000000000000000e+04,5.317224860191345215e-01,8.333333333333333703e-01,3.880404531955718994e-01,0.000000000000000000e+00
1.543000000000000000e+04,5.090574026107788086e-01,7.777777777777777901e-01,3.793922662734985352e-01,0.000000000000000000e+00
1.544000000000000000e+04,5.035085082054138184e-01,7.777777777777777901e-01,3.611415922641754150e-01,0.000000000000000000e+00
1.545000000000000000e+04,4.782523214817047119e-01,8.333333333333333703e-01,3.467501699924468994e-01,0.000000000000000000e+00
1.546000000000000000e+04,5.004289150238037109e-01,8.333333333333333703e-01,3.698532879352569580e-01,0.000000000000000000e+00
1.547000000000000000e+04,5.260773897171020508e-01,8.333333333333333703e-01,4.086124598979949951e-01,0.000000000000000000e+00
1.548000000000000000e+04,5.317837595939636230e-01,8.333333333333333703e-01,4.009613692760467529e-01,0.000000000000000000e+00
1.549000000000000000e+04,5.263571739196777344e-01,8.703703703703703498e-01,3.926887810230255127e-01,0.000000000000000000e+00
1.550000000000000000e+04,5.188151001930236816e-01,7.777777777777777901e-01,3.853522539138793945e-01,0.000000000000000000e+00
1.551000000000000000e+04,5.293400287628173828e-01,8.518518518518518601e-01,4.051643311977386475e-01,0.000000000000000000e+00
1.552000000000000000e+04,5.175324082374572754e-01,7.962962962962962798e-01,4.030934870243072510e-01,0.000000000000000000e+00
1.553000000000000000e+04,5.183805823326110840e-01,8.148148148148147696e-01,3.814372718334197998e-01,0.000000000000000000e+00
1.554000000000000000e+04,5.370406508445739746e-01,8.333333333333333703e-01,3.947333395481109619e-01,0.000000000000000000e+00
1.555000000000000000e+04,5.221355557441711426e-01,8.148148148148147696e-01,3.971848189830780029e-01,0.000000000000000000e+00
1.556000000000000000e+04,4.856608510017395020e-01,7.962962962962962798e-01,3.408950865268707275e-01,0.000000000000000000e+00
1.557000000000000000e+04,5.026511549949645996e-01,8.333333333333333703e-01,3.644061088562011719e-01,0.000000000000000000e+00
1.558000000000000000e+04,4.948555231094360352e-01,8.333333333333333703e-01,3.859115839004516602e-01,0.000000000000000000e+00
1.559000000000000000e+04,4.813099503517150879e-01,8.333333333333333703e-01,3.727460205554962158e-01,0.000000000000000000e+00
1.560000000000000000e+04,5.008913278579711914e-01,8.148148148148147696e-01,3.734699785709381104e-01,0.000000000000000000e+00
1.561000000000000000e+04,5.276424288749694824e-01,7.777777777777777901e-01,4.038688540458679199e-01,0.000000000000000000e+00
1.562000000000000000e+04,5.314259529113769531e-01,7.962962962962962798e-01,4.035074114799499512e-01,0.000000000000000000e+00
1.563000000000000000e+04,5.343200564384460449e-01,8.148148148148147696e-01,4.022000133991241455e-01,0.000000000000000000e+00
1.564000000000000000e+04,5.380690097808837891e-01,8.148148148148147696e-01,4.230760931968688965e-01,0.000000000000000000e+00
1.565000000000000000e+04,5.305489897727966309e-01,8.148148148148147696e-01,4.166792035102844238e-01,0.000000000000000000e+00
1.566000000000000000e+04,5.106474757194519043e-01,8.518518518518518601e-01,4.103538393974304199e-01,0.000000000000000000e+00
1.567000000000000000e+04,5.022560954093933105e-01,7.962962962962962798e-01,3.760122358798980713e-01,0.000000000000000000e+00
1.568000000000000000e+04,4.920937418937683105e-01,8.148148148148147696e-01,3.524900972843170166e-01,0.000000000000000000e+00
1.569000000000000000e+04,5.131698846817016602e-01,8.703703703703703498e-01,3.806639313697814941e-01,0.000000000000000000e+00
1.570000000000000000e+04,4.882495999336242676e-01,8.333333333333333703e-01,3.409750759601593018e-01,0.000000000000000000e+00
1.571000000000000000e+04,4.938533306121826172e-01,7.962962962962962798e-01,3.494324386119842529e-01,0.000000000000000000e+00
1.572000000000000000e+04,4.928278625011444092e-01,8.148148148148147696e-01,3.447159826755523682e-01,0.000000000000000000e+00
1.573000000000000000e+04,4.917267858982086182e-01,8.148148148148147696e-01,3.484148979187011719e-01,0.000000000000000000e+00
1.574000000000000000e+04,5.258086323738098145e-01,8.518518518518518601e-01,3.860749900341033936e-01,0.000000000000000000e+00
1.575000000000000000e+04,4.831226170063018799e-01,7.592592592592593004e-01,3.397013545036315918e-01,0.000000000000000000e+00
1.576000000000000000e+04,4.884572625160217285e-01,8.333333333333333703e-01,3.507580459117889404e-01,0.000000000000000000e+00
1.577000000000000000e+04,4.961076676845550537e-01,8.333333333333333703e-01,3.761218786239624023e-01,0.000000000000000000e+00
1.578000000000000000e+04,4.877340197563171387e-01,8.518518518518518601e-01,3.468989431858062744e-01,0.000000000000000000e+00
1.579000000000000000e+04,4.961987137794494629e-01,8.148148148148147696e-01,3.492393493652343750e-01,0.000000000000000000e+00
1.580000000000000000e+04,4.838865995407104492e-01,7.777777777777777901e-01,3.320834040641784668e-01,0.000000000000000000e+00
1.581000000000000000e+04,4.849753081798553467e-01,7.777777777777777901e-01,3.260648548603057861e-01,0.000000000000000000e+00
1.582000000000000000e+04,4.853850901126861572e-01,7.592592592592593004e-01,3.353779017925262451e-01,0.000000000000000000e+00
1.583000000000000000e+04,5.017966628074645996e-01,7.962962962962962798e-01,3.704192936420440674e-01,0.000000000000000000e+00
1.584000000000000000e+04,5.472208857536315918e-01,7.222222222222222099e-01,4.158258438110351562e-01,0.000000000000000000e+00
1.585000000000000000e+04,5.235942006111145020e-01,7.592592592592593004e-01,3.652185797691345215e-01,0.000000000000000000e+00
1.586000000000000000e+04,5.064027309417724609e-01,7.592592592592593004e-01,3.549095094203948975e-01,0.000000000000000000e+00
1.587000000000000000e+04,5.016826987266540527e-01,7.777777777777777901e-01,3.473248481750488281e-01,0.000000000000000000e+00
1.588000000000000000e+04,5.053456425666809082e-01,7.962962962962962798e-01,3.511109352111816406e-01,0.000000000000000000e+00
1.589000000000000000e+04,5.043203234672546387e-01,7.407407407407406996e-01,3.526878952980041504e-01,0.000000000000000000e+00
1.590000000000000000e+04,4.967224597930908203e-01,7.592592592592593004e-01,3.469665348529815674e-01,0.000000000000000000e+00
1.591000000000000000e+04,5.060982108116149902e-01,7.962962962962962798e-01,3.424581289291381836e-01,0.000000000000000000e+00
1.592000000000000000e+04,5.109677314758300781e-01,8.148148148148147696e-01,3.685185313224792480e-01,0.000000000000000000e+00
1.593000000000000000e+04,5.273835062980651855e-01,7.962962962962962798e-01,3.886802494525909424e-01,0.000000000000000000e+00
1.594000000000000000e+04,5.104321837425231934e-01,7.962962962962962798e-01,3.676665127277374268e-01,0.000000000000000000e+00
1.595000000000000000e+04,5.309344530105590820e-01,7.222222222222222099e-01,3.856025040149688721e-01,0.000000000000000000e+00
1.596000000000000000e+04,4.998971819877624512e-01,7.592592592592593004e-01,3.526786565780639648e-01,0.000000000000000000e+00
1.597000000000000000e+04,5.328912734985351562e-01,7.777777777777777901e-01,3.746393620967864990e-01,0.000000000000000000e+00
1.598000000000000000e+04,5.212450623512268066e-01,7.407407407407406996e-01,3.457053303718566895e-01,0.000000000000000000e+00
1.599000000000000000e+04,5.181927680969238281e-01,6.296296296296296502e-01,3.762528300285339355e-01,0.000000000000000000e+00
1.600000000000000000e+04,5.373718142509460449e-01,7.777777777777777901e-01,3.997679650783538818e-01,0.000000000000000000e+00
1.601000000000000000e+04,5.167225003242492676e-01,7.222222222222222099e-01,3.813591301441192627e-01,0.000000000000000000e+00
1.602000000000000000e+04,5.195264816284179688e-01,7.962962962962962798e-01,3.789426386356353760e-01,0.000000000000000000e+00
1.603000000000000000e+04,5.173386931419372559e-01,7.962962962962962798e-01,3.696699440479278564e-01,0.000000000000000000e+00
1.604000000000000000e+04,5.103910565376281738e-01,8.148148148148147696e-01,3.534796833992004395e-01,0.000000000000000000e+00
1.605000000000000000e+04,5.149505138397216797e-01,8.148148148148147696e-01,3.359154462814331055e-01,0.000000000000000000e+00
1.606000000000000000e+04,5.014247894287109375e-01,7.777777777777777901e-01,3.348791599273681641e-01,0.000000000000000000e+00
1.607000000000000000e+04,5.420555472373962402e-01,7.777777777777777901e-01,3.997051119804382324e-01,0.000000000000000000e+00
1.608000000000000000e+04,5.138359665870666504e-01,7.777777777777777901e-01,3.509992659091949463e-01,0.000000000000000000e+00
1.609000000000000000e+04,5.284271836280822754e-01,7.592592592592593004e-01,3.655090630054473877e-01,0.000000000000000000e+00
1.610000000000000000e+04,5.237163901329040527e-01,7.592592592592593004e-01,3.357286751270294189e-01,0.000000000000000000e+00
1.611000000000000000e+04,5.429509282112121582e-01,7.962962962962962798e-01,3.689775168895721436e-01,0.000000000000000000e+00
1.612000000000000000e+04,5.234252810478210449e-01,7.777777777777777901e-01,3.321687579154968262e-01,0.000000000000000000e+00
1.613000000000000000e+04,5.099225640296936035e-01,8.148148148148147696e-01,3.249695599079132080e-01,0.000000000000000000e+00
1.614000000000000000e+04,5.229570865631103516e-01,8.148148148148147696e-01,3.639931380748748779e-01,0.000000000000000000e+00
1.615000000000000000e+04,5.241822004318237305e-01,8.148148148148147696e-01,3.671699166297912598e-01,0.000000000000000000e+00
1.616000000000000000e+04,5.292614698410034180e-01,7.962962962962962798e-01,3.847541213035583496e-01,0.000000000000000000e+00
1.617000000000000000e+04,5.314860939979553223e-01,7.777777777777777901e-01,3.626523017883300781e-01,0.000000000000000000e+00
1.618000000000000000e+04,5.645477771759033203e-01,7.222222222222222099e-01,4.004290699958801270e-01,0.000000000000000000e+00
1.619000000000000000e+04,5.156391263008117676e-01,8.148148148148147696e-01,3.513697385787963867e-01,0.000000000000000000e+00
1.620000000000000000e+04,4.994925558567047119e-01,7.407407407407406996e-01,3.350608944892883301e-01,0.000000000000000000e+00
1.621000000000000000e+04,4.948808550834655762e-01,7.962962962962962798e-01,3.318729698657989502e-01,0.000000000000000000e+00
1.622000000000000000e+04,5.061473250389099121e-01,7.962962962962962798e-01,3.586859405040740967e-01,0.000000000000000000e+00
1.623000000000000000e+04,5.057886242866516113e-01,7.222222222222222099e-01,3.560172319412231445e-01,0.000000000000000000e+00
1.624000000000000000e+04,5.263392329216003418e-01,7.962962962962962798e-01,3.762452602386474609e-01,0.000000000000000000e+00
1.625000000000000000e+04,5.297678709030151367e-01,7.592592592592593004e-01,3.736238777637481689e-01,0.000000000000000000e+00
1.626000000000000000e+04,5.310185551643371582e-01,7.407407407407406996e-01,3.905344903469085693e-01,0.000000000000000000e+00
1.627000000000000000e+04,5.253231525421142578e-01,7.777777777777777901e-01,3.780544400215148926e-01,0.000000000000000000e+00
1.628000000000000000e+04,5.125437974929809570e-01,7.407407407407406996e-01,3.406161069869995117e-01,0.000000000000000000e+00
1.629000000000000000e+04,5.045213699340820312e-01,7.222222222222222099e-01,3.329598903656005859e-01,0.000000000000000000e+00
1.630000000000000000e+04,4.978030025959014893e-01,7.592592592592593004e-01,3.360890448093414307e-01,0.000000000000000000e+00
1.631000000000000000e+04,4.858690202236175537e-01,7.777777777777777901e-01,3.145319521427154541e-01,0.000000000000000000e+00
1.632000000000000000e+04,5.086291432380676270e-01,7.407407407407406996e-01,3.476695418357849121e-01,0.000000000000000000e+00
1.633000000000000000e+04,5.078978538513183594e-01,7.407407407407406996e-01,3.365595042705535889e-01,0.000000000000000000e+00
1.634000000000000000e+04,5.288887619972229004e-01,7.592592592592593004e-01,3.654849231243133545e-01,0.000000000000000000e+00
1.635000000000000000e+04,5.083459615707397461e-01,7.777777777777777901e-01,3.337415754795074463e-01,0.000000000000000000e+00
1.636000000000000000e+04,5.258219838142395020e-01,7.592592592592593004e-01,3.654727339744567871e-01,0.000000000000000000e+00
1.637000000000000000e+04,5.326945781707763672e-01,7.407407407407406996e-01,3.545380830764770508e-01,0.000000000000000000e+00
1.638000000000000000e+04,5.397477746009826660e-01,7.777777777777777901e-01,3.823205232620239258e-01,0.000000000000000000e+00
1.639000000000000000e+04,5.310268998146057129e-01,7.777777777777777901e-01,3.664174079895019531e-01,0.000000000000000000e+00
1.640000000000000000e+04,5.408490896224975586e-01,7.592592592592593004e-01,3.947388827800750732e-01,0.000000000000000000e+00
1.641000000000000000e+04,5.414550304412841797e-01,7.962962962962962798e-01,3.721875846385955811e-01,0.000000000000000000e+00
1.642000000000000000e+04,5.462343096733093262e-01,7.962962962962962798e-01,3.912507593631744385e-01,0.000000000000000000e+00
1.643000000000000000e+04,5.472143888473510742e-01,8.148148148148147696e-01,3.714560568332672119e-01,0.000000000000000000e+00
1.644000000000000000e+04,5.541570186614990234e-01,8.148148148148147696e-01,3.745379149913787842e-01,0.000000000000000000e+00
1.645000000000000000e+04,5.600115060806274414e-01,7.962962962962962798e-01,3.994716703891754150e-01,0.000000000000000000e+00
1.646000000000000000e+04,5.593899488449096680e-01,7.962962962962962798e-01,3.830569088459014893e-01,0.000000000000000000e+00
1.647000000000000000e+04,5.649231076240539551e-01,7.962962962962962798e-01,4.036856889724731445e-01,0.000000000000000000e+00
1.648000000000000000e+04,5.696562528610229492e-01,7.777777777777777901e-01,4.177144467830657959e-01,0.000000000000000000e+00
1.649000000000000000e+04,5.682395696640014648e-01,7.407407407407406996e-01,4.184898138046264648e-01,0.000000000000000000e+00
1.650000000000000000e+04,5.637710690498352051e-01,7.962962962962962798e-01,4.093962609767913818e-01,0.000000000000000000e+00
1.651000000000000000e+04,5.400275588035583496e-01,7.777777777777777901e-01,3.699832260608673096e-01,0.000000000000000000e+00
1.652000000000000000e+04,5.585165023803710938e-01,7.962962962962962798e-01,3.785774111747741699e-01,0.000000000000000000e+00
1.653000000000000000e+04,5.594605803489685059e-01,7.962962962962962798e-01,3.904171884059906006e-01,0.000000000000000000e+00
1.654000000000000000e+04,5.624367594718933105e-01,7.592592592592593004e-01,3.969922959804534912e-01,0.000000000000000000e+00
1.655000000000000000e+04,5.478244423866271973e-01,7.777777777777777901e-01,3.925777673721313477e-01,0.000000000000000000e+00
1.656000000000000000e+04,5.421492457389831543e-01,7.962962962962962798e-01,3.653115928173065186e-01,0.000000000000000000e+00
1.657000000000000000e+04,5.515326857566833496e-01,7.962962962962962798e-01,3.786737322807312012e-01,0.000000000000000000e+00
1.658000000000000000e+04,5.595122575759887695e-01,8.333333333333333703e-01,3.953692018985748291e-01,0.000000000000000000e+00
1.659000000000000000e+04,5.530191659927368164e-01,7.962962962962962798e-01,3.887833356857299805e-01,0.000000000000000000e+00
1.660000000000000000e+04,5.410947799682617188e-01,7.777777777777777901e-01,3.666852712631225586e-01,0.000000000000000000e+00
1.661000000000000000e+04,5.415871143341064453e-01,7.962962962962962798e-01,3.587535321712493896e-01,0.000000000000000000e+00
1.662000000000000000e+04,5.148791670799255371e-01,7.592592592592593004e-01,3.133179247379302979e-01,0.000000000000000000e+00
1.663000000000000000e+04,5.457016229629516602e-01,7.962962962962962798e-01,3.614666461944580078e-01,0.000000000000000000e+00
1.664000000000000000e+04,5.308315753936767578e-01,7.777777777777777901e-01,3.527484536170959473e-01,0.000000000000000000e+00
1.665000000000000000e+04,5.393323898315429688e-01,7.592592592592593004e-01,3.487173020839691162e-01,0.000000000000000000e+00
1.666000000000000000e+04,5.477923750877380371e-01,7.777777777777777901e-01,3.879638314247131348e-01,0.000000000000000000e+00
1.667000000000000000e+04,5.500298142433166504e-01,7.962962962962962798e-01,3.727024793624877930e-01,0.000000000000000000e+00
1.668000000000000000e+04,5.352023243904113770e-01,7.962962962962962798e-01,3.594174385070800781e-01,0.000000000000000000e+00
1.669000000000000000e+04,5.507294535636901855e-01,7.777777777777777901e-01,3.762810826301574707e-01,0.000000000000000000e+00
1.670000000000000000e+04,5.577131509780883789e-01,8.148148148148147696e-01,3.963083624839782715e-01,0.000000000000000000e+00
1.671000000000000000e+04,5.538651943206787109e-01,7.777777777777777901e-01,4.000042378902435303e-01,0.000000000000000000e+00
1.672000000000000000e+04,5.433828830718994141e-01,7.407407407407406996e-01,3.552720844745635986e-01,0.000000000000000000e+00
1.673000000000000000e+04,5.577751994132995605e-01,7.777777777777777901e-01,4.025341868400573730e-01,0.000000000000000000e+00
1.674000000000000000e+04,5.557752251625061035e-01,7.962962962962962798e-01,4.039955735206604004e-01,0.000000000000000000e+00
1.675000000000000000e+04,5.657051205635070801e-01,7.777777777777777901e-01,4.184017479419708252e-01,0.000000000000000000e+00
1.676000000000000000e+04,5.425639152526855469e-01,7.592592592592593004e-01,3.783861994743347168e-01,0.000000000000000000e+00
1.677000000000000000e+04,5.513390302658081055e-01,7.777777777777777901e-01,3.967136740684509277e-01,0.000000000000000000e+00
1.678000000000000000e+04,5.579555034637451172e-01,7.592592592592593004e-01,3.958829343318939209e-01,0.000000000000000000e+00
1.679000000000000000e+04,5.452988743782043457e-01,7.777777777777777901e-01,3.700957596302032471e-01,0.000000000000000000e+00
1.680000000000000000e+04,5.116971135139465332e-01,7.962962962962962798e-01,3.331339657306671143e-01,0.000000000000000000e+00
1.681000000000000000e+04,5.365304350852966309e-01,8.148148148148147696e-01,3.783933520317077637e-01,0.000000000000000000e+00
1.682000000000000000e+04,5.379135012626647949e-01,8.148148148148147696e-01,3.724544048309326172e-01,0.000000000000000000e+00
1.683000000000000000e+04,5.297961831092834473e-01,7.777777777777777901e-01,3.421210944652557373e-01,0.000000000000000000e+00
1.684000000000000000e+04,5.485739111900329590e-01,7.962962962962962798e-01,3.891391754150390625e-01,0.000000000000000000e+00
1.685000000000000000e+04,5.464017391204833984e-01,8.148148148148147696e-01,3.917327523231506348e-01,0.000000000000000000e+00
1.686000000000000000e+04,5.247870087623596191e-01,7.407407407407406996e-01,3.483012616634368896e-01,0.000000000000000000e+00
1.687000000000000000e+04,5.368634462356567383e-01,8.148148148148147696e-01,3.878105580806732178e-01,0.000000000000000000e+00
1.688000000000000000e+04,5.435053110122680664e-01,7.962962962962962798e-01,4.115168452262878418e-01,0.000000000000000000e+00
1.689000000000000000e+04,5.440070629119873047e-01,7.777777777777777901e-01,3.845730721950531006e-01,0.000000000000000000e+00
1.690000000000000000e+04,5.495495796203613281e-01,8.518518518518518601e-01,3.990692794322967529e-01,0.000000000000000000e+00
1.691000000000000000e+04,5.345412492752075195e-01,7.777777777777777901e-01,3.593618869781494141e-01,0.000000000000000000e+00
1.692000000000000000e+04,5.297361612319946289e-01,8.148148148148147696e-01,3.852158486843109131e-01,0.000000000000000000e+00
1.693000000000000000e+04,5.343906879425048828e-01,7.222222222222222099e-01,3.833638727664947510e-01,0.000000000000000000e+00
1.694000000000000000e+04,5.369291901588439941e-01,7.777777777777777901e-01,3.699835240840911865e-01,0.000000000000000000e+00
1.695000000000000000e+04,5.335844755172729492e-01,8.333333333333333703e-01,3.648659884929656982e-01,0.000000000000000000e+00
1.696000000000000000e+04,5.438449382781982422e-01,8.148148148148147696e-01,3.957426249980926514e-01,0.000000000000000000e+00
1.697000000000000000e+04,5.256666541099548340e-01,8.148148148148147696e-01,3.447741866111755371e-01,0.000000000000000000e+00
1.698000000000000000e+04,5.334135293960571289e-01,8.148148148148147696e-01,3.554100692272186279e-01,0.000000000000000000e+00
1.699000000000000000e+04,5.360457897186279297e-01,7.962962962962962798e-01,3.671380877494812012e-01,0.000000000000000000e+00
1.700000000000000000e+04,5.301383733749389648e-01,7.777777777777777901e-01,3.647704720497131348e-01,0.000000000000000000e+00
1.701000000000000000e+04,5.397619009017944336e-01,7.777777777777777901e-01,3.901874423027038574e-01,0.000000000000000000e+00
1.702000000000000000e+04,5.289540290832519531e-01,7.962962962962962798e-01,3.609870672225952148e-01,0.000000000000000000e+00
1.703000000000000000e+04,5.521906614303588867e-01,7.592592592592593004e-01,3.920635879039764404e-01,0.000000000000000000e+00
1.704000000000000000e+04,5.556014180183410645e-01,7.407407407407406996e-01,3.690312802791595459e-01,0.000000000000000000e+00
1.705000000000000000e+04,5.537978410720825195e-01,8.333333333333333703e-01,3.889193236827850342e-01,0.000000000000000000e+00
1.706000000000000000e+04,5.594884157180786133e-01,8.333333333333333703e-01,3.899150192737579346e-01,0.000000000000000000e+00
1.707000000000000000e+04,5.337482094764709473e-01,7.592592592592593004e-01,3.668118417263031006e-01,0.000000000000000000e+00
1.708000000000000000e+04,5.444341897964477539e-01,7.592592592592593004e-01,3.745204508304595947e-01,0.000000000000000000e+00
1.709000000000000000e+04,5.439623594284057617e-01,8.333333333333333703e-01,3.721659779548645020e-01,0.000000000000000000e+00
1.710000000000000000e+04,5.436500310897827148e-01,7.592592592592593004e-01,3.566987216472625732e-01,0.000000000000000000e+00
1.711000000000000000e+04,5.543339848518371582e-01,8.148148148148147696e-01,3.951125741004943848e-01,0.000000000000000000e+00
1.712000000000000000e+04,5.314677357673645020e-01,7.777777777777777901e-01,3.661773502826690674e-01,0.000000000000000000e+00
1.713000000000000000e+04,5.358456969261169434e-01,7.592592592592593004e-01,3.556017875671386719e-01,0.000000000000000000e+00
1.714000000000000000e+04,5.557422041893005371e-01,7.592592592592593004e-01,3.787136673927307129e-01,0.000000000000000000e+00
1.715000000000000000e+04,5.552443861961364746e-01,7.592592592592593004e-01,3.934355080127716064e-01,0.000000000000000000e+00
1.716000000000000000e+04,5.571888089179992676e-01,7.962962962962962798e-01,3.787990808486938477e-01,0.000000000000000000e+00
1.717000000000000000e+04,5.640394091606140137e-01,8.333333333333333703e-01,3.975198566913604736e-01,0.000000000000000000e+00
1.718000000000000000e+04,5.276072621345520020e-01,8.148148148148147696e-01,3.550634086132049561e-01,0.000000000000000000e+00
1.719000000000000000e+04,5.352486968040466309e-01,7.962962962962962798e-01,3.777878880500793457e-01,0.000000000000000000e+00
1.720000000000000000e+04,5.262097120285034180e-01,7.777777777777777901e-01,3.606123328208923340e-01,0.000000000000000000e+00
1.721000000000000000e+04,5.544778108596801758e-01,8.148148148148147696e-01,4.013685286045074463e-01,0.000000000000000000e+00
1.722000000000000000e+04,5.493828654289245605e-01,7.777777777777777901e-01,4.012755751609802246e-01,0.000000000000000000e+00
1.723000000000000000e+04,5.643700957298278809e-01,7.962962962962962798e-01,4.104538261890411377e-01,0.000000000000000000e+00
1.724000000000000000e+04,5.344834923744201660e-01,7.592592592592593004e-01,3.641798198223114014e-01,0.000000000000000000e+00
1.725000000000000000e+04,5.557509660720825195e-01,8.148148148148147696e-01,4.043229222297668457e-01,0.000000000000000000e+00
1.726000000000000000e+04,5.673566460609436035e-01,7.962962962962962798e-01,4.118537306785583496e-01,0.000000000000000000e+00
1.727000000000000000e+04,5.451534390449523926e-01,7.592592592592593004e-01,3.830198049545288086e-01,0.000000000000000000e+00
1.728000000000000000e+04,5.432857275009155273e-01,7.962962962962962798e-01,3.916233181953430176e-01,0.000000000000000000e+00
1.729000000000000000e+04,5.152958631515502930e-01,7.407407407407406996e-01,3.641676604747772217e-01,0.000000000000000000e+00
1.730000000000000000e+04,5.081797242164611816e-01,8.333333333333333703e-01,3.562667965888977051e-01,0.000000000000000000e+00
1.731000000000000000e+04,5.218021869659423828e-01,7.962962962962962798e-01,3.663504421710968018e-01,0.000000000000000000e+00
1.732000000000000000e+04,5.070992112159729004e-01,8.518518518518518601e-01,3.621564805507659912e-01,0.000000000000000000e+00
1.733000000000000000e+04,5.125979185104370117e-01,7.962962962962962798e-01,3.621534109115600586e-01,0.000000000000000000e+00
1.734000000000000000e+04,5.029871463775634766e-01,8.148148148148147696e-01,3.520929515361785889e-01,0.000000000000000000e+00
1.735000000000000000e+04,5.228821635246276855e-01,7.962962962962962798e-01,3.607432842254638672e-01,0.000000000000000000e+00
1.736000000000000000e+04,5.367700457572937012e-01,8.148148148148147696e-01,3.836370706558227539e-01,0.000000000000000000e+00
1.737000000000000000e+04,5.249078869819641113e-01,8.518518518518518601e-01,3.649792671203613281e-01,0.000000000000000000e+00
1.738000000000000000e+04,5.424894094467163086e-01,7.407407407407406996e-01,4.026651680469512939e-01,0.000000000000000000e+00
1.739000000000000000e+04,5.525737404823303223e-01,8.333333333333333703e-01,3.868682980537414551e-01,0.000000000000000000e+00
1.740000000000000000e+04,5.153654217720031738e-01,8.148148148148147696e-01,3.531510829925537109e-01,0.000000000000000000e+00
1.741000000000000000e+04,5.606074333190917969e-01,7.962962962962962798e-01,4.225355982780456543e-01,0.000000000000000000e+00
1.742000000000000000e+04,5.457003712654113770e-01,8.148148148148147696e-01,4.041764736175537109e-01,0.000000000000000000e+00
1.743000000000000000e+04,5.506353378295898438e-01,7.962962962962962798e-01,4.063447713851928711e-01,0.000000000000000000e+00
1.744000000000000000e+04,5.414431691169738770e-01,7.777777777777777901e-01,3.929809033870697021e-01,0.000000000000000000e+00
1.745000000000000000e+04,5.509790182113647461e-01,7.962962962962962798e-01,4.146978855133056641e-01,0.000000000000000000e+00
1.746000000000000000e+04,5.188510417938232422e-01,7.777777777777777901e-01,3.802040517330169678e-01,0.000000000000000000e+00
1.747000000000000000e+04,5.270330905914306641e-01,7.962962962962962798e-01,3.866896629333496094e-01,0.000000000000000000e+00
1.748000000000000000e+04,5.109760761260986328e-01,8.148148148148147696e-01,3.601259589195251465e-01,0.000000000000000000e+00
1.749000000000000000e+04,5.037716627120971680e-01,7.037037037037037202e-01,3.487520515918731689e-01,0.000000000000000000e+00
1.750000000000000000e+04,5.274521112442016602e-01,7.777777777777777901e-01,3.690314292907714844e-01,0.000000000000000000e+00
1.751000000000000000e+04,5.329002737998962402e-01,7.592592592592593004e-01,3.792192041873931885e-01,0.000000000000000000e+00
1.752000000000000000e+04,5.520620346069335938e-01,7.962962962962962798e-01,3.944190144538879395e-01,0.000000000000000000e+00
1.753000000000000000e+04,5.702989697456359863e-01,7.777777777777777901e-01,4.381556510925292969e-01,0.000000000000000000e+00
1.754000000000000000e+04,5.413200855255126953e-01,7.962962962962962798e-01,4.066014885902404785e-01,0.000000000000000000e+00
1.755000000000000000e+04,5.671444535255432129e-01,8.148148148148147696e-01,4.398668408393859863e-01,0.000000000000000000e+00
1.756000000000000000e+04,5.588353872299194336e-01,7.777777777777777901e-01,4.595249295234680176e-01,0.000000000000000000e+00
1.757000000000000000e+04,5.522655248641967773e-01,7.777777777777777901e-01,4.361391663551330566e-01,0.000000000000000000e+00
1.758000000000000000e+04,5.582622289657592773e-01,7.777777777777777901e-01,4.491724371910095215e-01,0.000000000000000000e+00
1.759000000000000000e+04,5.307231545448303223e-01,7.962962962962962798e-01,4.159299433231353760e-01,0.000000000000000000e+00
1.760000000000000000e+04,5.407913327217102051e-01,8.148148148148147696e-01,4.294666647911071777e-01,0.000000000000000000e+00
1.761000000000000000e+04,5.278024077415466309e-01,8.148148148148147696e-01,4.052110910415649414e-01,0.000000000000000000e+00
1.762000000000000000e+04,5.444603562355041504e-01,8.148148148148147696e-01,4.366040229797363281e-01,0.000000000000000000e+00
1.763000000000000000e+04,5.551454424858093262e-01,7.592592592592593004e-01,4.512154757976531982e-01,0.000000000000000000e+00
1.764000000000000000e+04,5.742381215095520020e-01,7.592592592592593004e-01,4.420469701290130615e-01,0.000000000000000000e+00
1.765000000000000000e+04,5.584926605224609375e-01,7.777777777777777901e-01,4.426416456699371338e-01,0.000000000000000000e+00
1.766000000000000000e+04,5.836055278778076172e-01,8.148148148148147696e-01,4.588257968425750732e-01,0.000000000000000000e+00
1.767000000000000000e+04,5.877043008804321289e-01,7.407407407407406996e-01,4.777452349662780762e-01,0.000000000000000000e+00
1.768000000000000000e+04,5.566452145576477051e-01,7.777777777777777901e-01,4.277498126029968262e-01,0.000000000000000000e+00
1.769000000000000000e+04,5.804535746574401855e-01,8.148148148148147696e-01,4.677120447158813477e-01,0.000000000000000000e+00
1.770000000000000000e+04,5.814454555511474609e-01,7.592592592592593004e-01,4.635320603847503662e-01,0.000000000000000000e+00
1.771000000000000000e+04,5.659431815147399902e-01,7.222222222222222099e-01,4.494363367557525635e-01,0.000000000000000000e+00
1.772000000000000000e+04,5.722147822380065918e-01,7.407407407407406996e-01,4.652939438819885254e-01,0.000000000000000000e+00
1.773000000000000000e+04,5.770748257637023926e-01,7.962962962962962798e-01,4.559317827224731445e-01,0.000000000000000000e+00
1.774000000000000000e+04,5.658470988273620605e-01,8.333333333333333703e-01,4.468566775321960449e-01,0.000000000000000000e+00
1.775000000000000000e+04,5.707262754440307617e-01,7.407407407407406996e-01,4.599582552909851074e-01,0.000000000000000000e+00
1.776000000000000000e+04,5.802493691444396973e-01,7.962962962962962798e-01,4.701616466045379639e-01,0.000000000000000000e+00
1.777000000000000000e+04,5.494925379753112793e-01,7.407407407407406996e-01,4.286378026008605957e-01,0.000000000000000000e+00
1.778000000000000000e+04,5.356321334838867188e-01,8.148148148148147696e-01,4.195471107959747314e-01,0.000000000000000000e+00
1.779000000000000000e+04,5.612277388572692871e-01,7.592592592592593004e-01,4.386189579963684082e-01,0.000000000000000000e+00
1.780000000000000000e+04,5.690288543701171875e-01,7.962962962962962798e-01,4.377012252807617188e-01,0.000000000000000000e+00
1.781000000000000000e+04,5.593281984329223633e-01,8.148148148148147696e-01,4.304862916469573975e-01,0.000000000000000000e+00
1.782000000000000000e+04,5.361335873603820801e-01,8.333333333333333703e-01,4.381352066993713379e-01,0.000000000000000000e+00
1.783000000000000000e+04,5.402114391326904297e-01,7.777777777777777901e-01,4.275488257408142090e-01,0.000000000000000000e+00
1.784000000000000000e+04,5.584984421730041504e-01,7.962962962962962798e-01,4.304407238960266113e-01,0.000000000000000000e+00
1.785000000000000000e+04,5.327221155166625977e-01,7.407407407407406996e-01,3.999536633491516113e-01,0.000000000000000000e+00
1.786000000000000000e+04,5.223742723464965820e-01,7.592592592592593004e-01,3.919169604778289795e-01,0.000000000000000000e+00
1.787000000000000000e+04,5.125830173492431641e-01,7.222222222222222099e-01,4.029560983180999756e-01,0.000000000000000000e+00
1.788000000000000000e+04,5.031110048294067383e-01,7.592592592592593004e-01,3.849108517169952393e-01,0.000000000000000000e+00
1.789000000000000000e+04,5.030484199523925781e-01,8.148148148148147696e-01,3.694108724594116211e-01,0.000000000000000000e+00
1.790000000000000000e+04,5.374035835266113281e-01,8.333333333333333703e-01,3.816567063331604004e-01,0.000000000000000000e+00
1.791000000000000000e+04,5.193341970443725586e-01,7.962962962962962798e-01,3.866584897041320801e-01,0.000000000000000000e+00
1.792000000000000000e+04,5.159701108932495117e-01,7.407407407407406996e-01,3.719312250614166260e-01,0.000000000000000000e+00
1.793000000000000000e+04,5.245304703712463379e-01,7.777777777777777901e-01,3.789678812026977539e-01,0.000000000000000000e+00
1.794000000000000000e+04,5.184294581413269043e-01,7.407407407407406996e-01,3.826473057270050049e-01,0.000000000000000000e+00
1.795000000000000000e+04,5.306897759437561035e-01,7.592592592592593004e-01,4.115917980670928955e-01,0.000000000000000000e+00
1.796000000000000000e+04,5.501468181610107422e-01,7.407407407407406996e-01,4.360873103141784668e-01,0.000000000000000000e+00
1.797000000000000000e+04,5.315270423889160156e-01,7.962962962962962798e-01,4.022994339466094971e-01,0.000000000000000000e+00
1.798000000000000000e+04,5.509774684906005859e-01,7.962962962962962798e-01,4.287128746509552002e-01,0.000000000000000000e+00
1.799000000000000000e+04,5.827355384826660156e-01,7.592592592592593004e-01,4.371905624866485596e-01,0.000000000000000000e+00
1.800000000000000000e+04,5.974538922309875488e-01,7.962962962962962798e-01,4.637036919593811035e-01,0.000000000000000000e+00
1.801000000000000000e+04,5.984744429588317871e-01,7.777777777777777901e-01,4.420989155769348145e-01,0.000000000000000000e+00
1.802000000000000000e+04,5.766584873199462891e-01,7.962962962962962798e-01,4.359470605850219727e-01,0.000000000000000000e+00
1.803000000000000000e+04,5.769197344779968262e-01,7.962962962962962798e-01,4.209642708301544189e-01,0.000000000000000000e+00
1.804000000000000000e+04,5.720299482345581055e-01,7.777777777777777901e-01,4.591518640518188477e-01,0.000000000000000000e+00
1.805000000000000000e+04,5.626460909843444824e-01,7.592592592592593004e-01,4.326902329921722412e-01,0.000000000000000000e+00
1.806000000000000000e+04,5.595145225524902344e-01,7.777777777777777901e-01,4.277396202087402344e-01,0.000000000000000000e+00
1.807000000000000000e+04,5.679868459701538086e-01,7.777777777777777901e-01,4.458170533180236816e-01,0.000000000000000000e+00
1.808000000000000000e+04,5.370172858238220215e-01,7.592592592592593004e-01,4.101023077964782715e-01,0.000000000000000000e+00
1.809000000000000000e+04,5.733838677406311035e-01,7.407407407407406996e-01,4.633457958698272705e-01,0.000000000000000000e+00
1.810000000000000000e+04,5.718833208084106445e-01,7.222222222222222099e-01,4.321498572826385498e-01,0.000000000000000000e+00
1.811000000000000000e+04,5.638790130615234375e-01,7.222222222222222099e-01,4.402302205562591553e-01,0.000000000000000000e+00
1.812000000000000000e+04,5.625860691070556641e-01,8.148148148148147696e-01,4.624935984611511230e-01,0.000000000000000000e+00
1.813000000000000000e+04,5.367282629013061523e-01,7.777777777777777901e-01,4.155590534210205078e-01,0.000000000000000000e+00
1.814000000000000000e+04,5.608892440795898438e-01,7.962962962962962798e-01,4.668902158737182617e-01,0.000000000000000000e+00
1.815000000000000000e+04,5.304526090621948242e-01,7.222222222222222099e-01,4.513857960700988770e-01,0.000000000000000000e+00
1.816000000000000000e+04,5.392302870750427246e-01,7.407407407407406996e-01,4.392429888248443604e-01,0.000000000000000000e+00
1.817000000000000000e+04,5.723841786384582520e-01,7.407407407407406996e-01,4.362789094448089600e-01,0.000000000000000000e+00
1.818000000000000000e+04,5.845745801925659180e-01,7.592592592592593004e-01,4.725856781005859375e-01,0.000000000000000000e+00
1.819000000000000000e+04,5.579539537429809570e-01,7.407407407407406996e-01,4.226079285144805908e-01,0.000000000000000000e+00
1.820000000000000000e+04,5.515280365943908691e-01,7.407407407407406996e-01,4.269244372844696045e-01,0.000000000000000000e+00
1.821000000000000000e+04,5.426620841026306152e-01,7.962962962962962798e-01,4.147199690341949463e-01,0.000000000000000000e+00
1.822000000000000000e+04,5.492468476295471191e-01,7.407407407407406996e-01,4.048686623573303223e-01,0.000000000000000000e+00
1.823000000000000000e+04,5.534932017326354980e-01,7.777777777777777901e-01,3.918346464633941650e-01,0.000000000000000000e+00
1.824000000000000000e+04,5.815232992172241211e-01,7.962962962962962798e-01,4.432597160339355469e-01,0.000000000000000000e+00
1.825000000000000000e+04,5.877267122268676758e-01,7.962962962962962798e-01,4.632068276405334473e-01,0.000000000000000000e+00
1.826000000000000000e+04,5.769990682601928711e-01,7.777777777777777901e-01,4.511123299598693848e-01,0.000000000000000000e+00
1.827000000000000000e+04,5.831862688064575195e-01,7.592592592592593004e-01,4.519976973533630371e-01,0.000000000000000000e+00
1.828000000000000000e+04,5.773608684539794922e-01,7.962962962962962798e-01,4.270236194133758545e-01,0.000000000000000000e+00
1.829000000000000000e+04,5.839808583259582520e-01,7.962962962962962798e-01,4.518322348594665527e-01,0.000000000000000000e+00
1.830000000000000000e+04,5.757884383201599121e-01,8.333333333333333703e-01,4.374309182167053223e-01,0.000000000000000000e+00
1.831000000000000000e+04,5.796909332275390625e-01,7.777777777777777901e-01,4.317489564418792725e-01,0.000000000000000000e+00
1.832000000000000000e+04,5.693039298057556152e-01,7.037037037037037202e-01,4.149027764797210693e-01,0.000000000000000000e+00
1.833000000000000000e+04,5.617668628692626953e-01,7.222222222222222099e-01,3.989979326725006104e-01,0.000000000000000000e+00
1.834000000000000000e+04,5.633067488670349121e-01,7.777777777777777901e-01,4.011743962764739990e-01,0.000000000000000000e+00
1.835000000000000000e+04,5.380896925926208496e-01,7.777777777777777901e-01,3.606114983558654785e-01,0.000000000000000000e+00
1.836000000000000000e+04,5.604875087738037109e-01,7.962962962962962798e-01,3.874125182628631592e-01,0.000000000000000000e+00
1.837000000000000000e+04,5.464435219764709473e-01,7.962962962962962798e-01,3.723263442516326904e-01,0.000000000000000000e+00
1.838000000000000000e+04,5.467481613159179688e-01,7.962962962962962798e-01,3.902496695518493652e-01,0.000000000000000000e+00
1.839000000000000000e+04,5.556036233901977539e-01,7.592592592592593004e-01,4.033689498901367188e-01,0.000000000000000000e+00
1.840000000000000000e+04,5.360652208328247070e-01,8.148148148148147696e-01,3.855120837688446045e-01,0.000000000000000000e+00
1.841000000000000000e+04,5.380201339721679688e-01,7.592592592592593004e-01,3.782033026218414307e-01,0.000000000000000000e+00
1.842000000000000000e+04,5.704237818717956543e-01,7.407407407407406996e-01,4.055863916873931885e-01,0.000000000000000000e+00
1.843000000000000000e+04,5.943663716316223145e-01,7.777777777777777901e-01,4.313126504421234131e-01,0.000000000000000000e+00
1.844000000000000000e+04,6.040816307067871094e-01,8.148148148148147696e-01,4.445058107376098633e-01,0.000000000000000000e+00
1.845000000000000000e+04,5.892817974090576172e-01,8.148148148148147696e-01,4.408310353755950928e-01,0.000000000000000000e+00
1.846000000000000000e+04,5.996412634849548340e-01,8.333333333333333703e-01,4.563132226467132568e-01,0.000000000000000000e+00
1.847000000000000000e+04,6.125153899192810059e-01,8.148148148148147696e-01,4.688184559345245361e-01,0.000000000000000000e+00
1.848000000000000000e+04,5.618336200714111328e-01,7.962962962962962798e-01,4.371339678764343262e-01,0.000000000000000000e+00
1.849000000000000000e+04,5.752326846122741699e-01,8.148148148148147696e-01,4.466201066970825195e-01,0.000000000000000000e+00
1.850000000000000000e+04,5.871632099151611328e-01,7.222222222222222099e-01,4.711287319660186768e-01,0.000000000000000000e+00
1.851000000000000000e+04,5.961986780166625977e-01,7.407407407407406996e-01,4.599018990993499756e-01,0.000000000000000000e+00
1.852000000000000000e+04,5.753437876701354980e-01,7.777777777777777901e-01,4.285158216953277588e-01,0.000000000000000000e+00
1.853000000000000000e+04,5.989612340927124023e-01,8.148148148148147696e-01,4.583441019058227539e-01,0.000000000000000000e+00
1.854000000000000000e+04,5.914745926856994629e-01,8.148148148148147696e-01,4.618111550807952881e-01,0.000000000000000000e+00
1.855000000000000000e+04,5.805903673171997070e-01,7.962962962962962798e-01,4.458234012126922607e-01,0.000000000000000000e+00
1.856000000000000000e+04,5.789275765419006348e-01,8.148148148148147696e-01,4.395599961280822754e-01,0.000000000000000000e+00
1.857000000000000000e+04,5.939742326736450195e-01,8.333333333333333703e-01,4.413513839244842529e-01,0.000000000000000000e+00
1.858000000000000000e+04,5.616225004196166992e-01,7.592592592592593004e-01,3.946309387683868408e-01,0.000000000000000000e+00
1.859000000000000000e+04,5.698445439338684082e-01,8.148148148148147696e-01,3.756267130374908447e-01,0.000000000000000000e+00
1.860000000000000000e+04,6.050295233726501465e-01,7.777777777777777901e-01,4.087546765804290771e-01,0.000000000000000000e+00
1.861000000000000000e+04,5.942916870117187500e-01,8.148148148148147696e-01,3.883614838123321533e-01,0.000000000000000000e+00
1.862000000000000000e+04,5.956614613533020020e-01,7.777777777777777901e-01,3.855127394199371338e-01,0.000000000000000000e+00
1.863000000000000000e+04,5.770381093025207520e-01,7.777777777777777901e-01,3.744491934776306152e-01,0.000000000000000000e+00
1.864000000000000000e+04,5.818671584129333496e-01,7.407407407407406996e-01,3.785372972488403320e-01,0.000000000000000000e+00
1.865000000000000000e+04,6.085447072982788086e-01,7.592592592592593004e-01,4.138081073760986328e-01,0.000000000000000000e+00
1.866000000000000000e+04,5.945384502410888672e-01,7.777777777777777901e-01,3.955597579479217529e-01,0.000000000000000000e+00
1.867000000000000000e+04,5.846219658851623535e-01,7.592592592592593004e-01,3.680800199508666992e-01,0.000000000000000000e+00
1.868000000000000000e+04,5.879517793655395508e-01,7.777777777777777901e-01,3.843205273151397705e-01,0.000000000000000000e+00
1.869000000000000000e+04,5.791735053062438965e-01,7.407407407407406996e-01,3.863291144371032715e-01,0.000000000000000000e+00
1.870000000000000000e+04,5.892835855484008789e-01,7.777777777777777901e-01,3.929872512817382812e-01,0.000000000000000000e+00
1.871000000000000000e+04,5.845633745193481445e-01,8.148148148148147696e-01,3.828078210353851318e-01,0.000000000000000000e+00
1.872000000000000000e+04,5.851307511329650879e-01,7.777777777777777901e-01,3.721211850643157959e-01,0.000000000000000000e+00
1.873000000000000000e+04,5.956881642341613770e-01,7.962962962962962798e-01,3.584664762020111084e-01,0.000000000000000000e+00
1.874000000000000000e+04,6.099395751953125000e-01,7.962962962962962798e-01,4.040217995643615723e-01,0.000000000000000000e+00
1.875000000000000000e+04,5.996454358100891113e-01,7.777777777777777901e-01,3.845493197441101074e-01,0.000000000000000000e+00
1.876000000000000000e+04,5.954174399375915527e-01,7.962962962962962798e-01,3.840680122375488281e-01,0.000000000000000000e+00
1.877000000000000000e+04,5.873218178749084473e-01,7.407407407407406996e-01,3.602228164672851562e-01,0.000000000000000000e+00
1.878000000000000000e+04,6.138553619384765625e-01,7.962962962962962798e-01,3.982756435871124268e-01,0.000000000000000000e+00
1.879000000000000000e+04,6.162378787994384766e-01,7.592592592592593004e-01,3.932918012142181396e-01,0.000000000000000000e+00
1.880000000000000000e+04,5.980865955352783203e-01,8.148148148148147696e-01,3.954115509986877441e-01,0.000000000000000000e+00
1.881000000000000000e+04,6.018468141555786133e-01,7.592592592592593004e-01,4.018963575363159180e-01,0.000000000000000000e+00
1.882000000000000000e+04,5.930835604667663574e-01,7.777777777777777901e-01,3.934639394283294678e-01,0.000000000000000000e+00
1.883000000000000000e+04,6.011907458305358887e-01,7.962962962962962798e-01,3.944748342037200928e-01,0.000000000000000000e+00
1.884000000000000000e+04,5.775779485702514648e-01,7.407407407407406996e-01,3.567078709602355957e-01,0.000000000000000000e+00
1.885000000000000000e+04,6.044036746025085449e-01,7.592592592592593004e-01,4.026241600513458252e-01,0.000000000000000000e+00
1.886000000000000000e+04,5.890194773674011230e-01,7.592592592592593004e-01,4.098044335842132568e-01,0.000000000000000000e+00
1.887000000000000000e+04,5.857276916503906250e-01,7.777777777777777901e-01,4.272018373012542725e-01,0.000000000000000000e+00
1.888000000000000000e+04,5.810046792030334473e-01,7.962962962962962798e-01,4.198494553565979004e-01,0.000000000000000000e+00
1.889000000000000000e+04,5.900645852088928223e-01,7.962962962962962798e-01,4.314479231834411621e-01,0.000000000000000000e+00
1.890000000000000000e+04,6.062781214714050293e-01,7.407407407407406996e-01,4.495695233345031738e-01,0.000000000000000000e+00
1.891000000000000000e+04,6.120649576187133789e-01,7.777777777777777901e-01,4.486538767814636230e-01,0.000000000000000000e+00
1.892000000000000000e+04,5.947473049163818359e-01,7.592592592592593004e-01,4.259265661239624023e-01,0.000000000000000000e+00
1.893000000000000000e+04,5.836304426193237305e-01,7.407407407407406996e-01,3.958755135536193848e-01,0.000000000000000000e+00
1.894000000000000000e+04,6.116108894348144531e-01,8.148148148148147696e-01,4.198853969573974609e-01,0.000000000000000000e+00
1.895000000000000000e+04,5.935739874839782715e-01,7.592592592592593004e-01,3.953849077224731445e-01,0.000000000000000000e+00
1.896000000000000000e+04,5.995152592658996582e-01,7.777777777777777901e-01,4.172991514205932617e-01,0.000000000000000000e+00
1.897000000000000000e+04,5.566244721412658691e-01,7.962962962962962798e-01,3.688774108886718750e-01,0.000000000000000000e+00
1.898000000000000000e+04,5.716195106506347656e-01,7.962962962962962798e-01,3.913696408271789551e-01,0.000000000000000000e+00
1.899000000000000000e+04,5.850448608398437500e-01,7.962962962962962798e-01,4.106805324554443359e-01,0.000000000000000000e+00
1.900000000000000000e+04,5.768830776214599609e-01,8.148148148148147696e-01,3.919218778610229492e-01,0.000000000000000000e+00
1.901000000000000000e+04,5.861368775367736816e-01,7.037037037037037202e-01,3.769240379333496094e-01,0.000000000000000000e+00
1.902000000000000000e+04,5.863295197486877441e-01,7.962962962962962798e-01,3.973712027072906494e-01,0.000000000000000000e+00
1.903000000000000000e+04,5.711017251014709473e-01,7.037037037037037202e-01,3.575565516948699951e-01,0.000000000000000000e+00
1.904000000000000000e+04,6.003921031951904297e-01,8.148148148148147696e-01,3.626786768436431885e-01,0.000000000000000000e+00
1.905000000000000000e+04,5.762130618095397949e-01,7.222222222222222099e-01,3.520877659320831299e-01,0.000000000000000000e+00
1.906000000000000000e+04,5.875176787376403809e-01,7.962962962962962798e-01,3.644107878208160400e-01,0.000000000000000000e+00
1.907000000000000000e+04,5.962088704109191895e-01,7.592592592592593004e-01,3.678644299507141113e-01,0.000000000000000000e+00
1.908000000000000000e+04,6.233929395675659180e-01,7.962962962962962798e-01,3.979341983795166016e-01,0.000000000000000000e+00
1.909000000000000000e+04,5.948004126548767090e-01,7.962962962962962798e-01,3.543373048305511475e-01,0.000000000000000000e+00
1.910000000000000000e+04,6.306645274162292480e-01,7.407407407407406996e-01,4.174568951129913330e-01,0.000000000000000000e+00
1.911000000000000000e+04,6.077966094017028809e-01,7.222222222222222099e-01,3.951182365417480469e-01,0.000000000000000000e+00
1.912000000000000000e+04,6.403014659881591797e-01,7.592592592592593004e-01,4.208841025829315186e-01,0.000000000000000000e+00
1.913000000000000000e+04,6.106111407279968262e-01,7.777777777777777901e-01,3.856764733791351318e-01,0.000000000000000000e+00
1.914000000000000000e+04,6.174585819244384766e-01,7.592592592592593004e-01,4.055457115173339844e-01,0.000000000000000000e+00
1.915000000000000000e+04,6.309294104576110840e-01,7.222222222222222099e-01,4.114281833171844482e-01,0.000000000000000000e+00
1.916000000000000000e+04,6.252154707908630371e-01,7.407407407407406996e-01,4.122143983840942383e-01,0.000000000000000000e+00
1.917000000000000000e+04,6.214527487754821777e-01,7.407407407407406996e-01,3.961894810199737549e-01,0.000000000000000000e+00
1.918000000000000000e+04,5.868029594421386719e-01,7.407407407407406996e-01,3.694556057453155518e-01,0.000000000000000000e+00
1.919000000000000000e+04,6.133655309677124023e-01,7.962962962962962798e-01,3.970607817173004150e-01,0.000000000000000000e+00
1.920000000000000000e+04,6.247800588607788086e-01,7.777777777777777901e-01,4.332931339740753174e-01,0.000000000000000000e+00
1.921000000000000000e+04,6.374711990356445312e-01,7.592592592592593004e-01,4.460807144641876221e-01,0.000000000000000000e+00
1.922000000000000000e+04,6.179853677749633789e-01,7.592592592592593004e-01,4.245984852313995361e-01,0.000000000000000000e+00
1.923000000000000000e+04,6.053097844123840332e-01,7.777777777777777901e-01,3.982473313808441162e-01,0.000000000000000000e+00
1.924000000000000000e+04,6.107451915740966797e-01,7.777777777777777901e-01,3.911455869674682617e-01,0.000000000000000000e+00
1.925000000000000000e+04,6.091177463531494141e-01,7.222222222222222099e-01,3.808740079402923584e-01,0.000000000000000000e+00
1.926000000000000000e+04,6.155947446823120117e-01,7.037037037037037202e-01,4.059551358222961426e-01,0.000000000000000000e+00
1.927000000000000000e+04,6.184443235397338867e-01,7.777777777777777901e-01,4.139636754989624023e-01,0.000000000000000000e+00
1.928000000000000000e+04,6.167567968368530273e-01,7.962962962962962798e-01,4.008254110813140869e-01,0.000000000000000000e+00
1.929000000000000000e+04,6.044622063636779785e-01,7.407407407407406996e-01,3.815518319606781006e-01,0.000000000000000000e+00
1.930000000000000000e+04,5.857358574867248535e-01,7.592592592592593004e-01,3.821047544479370117e-01,0.000000000000000000e+00
1.931000000000000000e+04,6.024259924888610840e-01,7.222222222222222099e-01,3.853538334369659424e-01,0.000000000000000000e+00
1.932000000000000000e+04,5.885925889015197754e-01,7.592592592592593004e-01,3.431015610694885254e-01,0.000000000000000000e+00
1.933000000000000000e+04,5.839729905128479004e-01,7.407407407407406996e-01,3.477463126182556152e-01,0.000000000000000000e+00
1.934000000000000000e+04,6.060611605644226074e-01,7.962962962962962798e-01,3.826805651187896729e-01,0.000000000000000000e+00
1.935000000000000000e+04,6.114543080329895020e-01,7.962962962962962798e-01,4.118382036685943604e-01,0.000000000000000000e+00
1.936000000000000000e+04,6.068114042282104492e-01,7.592592592592593004e-01,4.062000811100006104e-01,0.000000000000000000e+00
1.937000000000000000e+04,6.132208704948425293e-01,7.037037037037037202e-01,4.190429151058197021e-01,0.000000000000000000e+00
1.938000000000000000e+04,6.089811325073242188e-01,7.962962962962962798e-01,3.928323984146118164e-01,0.000000000000000000e+00
1.939000000000000000e+04,6.147481203079223633e-01,7.777777777777777901e-01,4.016281664371490479e-01,0.000000000000000000e+00
1.940000000000000000e+04,6.078741550445556641e-01,7.222222222222222099e-01,3.842199444770812988e-01,0.000000000000000000e+00
1.941000000000000000e+04,6.364747285842895508e-01,7.777777777777777901e-01,4.022279977798461914e-01,0.000000000000000000e+00
1.942000000000000000e+04,6.454565525054931641e-01,7.592592592592593004e-01,4.214996993541717529e-01,0.000000000000000000e+00
1.943000000000000000e+04,6.142978072166442871e-01,7.592592592592593004e-01,3.747861087322235107e-01,0.000000000000000000e+00
1.944000000000000000e+04,6.303185820579528809e-01,7.222222222222222099e-01,3.938265740871429443e-01,0.000000000000000000e+00
1.945000000000000000e+04,6.250000000000000000e-01,7.592592592592593004e-01,3.982396721839904785e-01,0.000000000000000000e+00
1.946000000000000000e+04,6.255167722702026367e-01,7.962962962962962798e-01,3.840335607528686523e-01,0.000000000000000000e+00
1.947000000000000000e+04,5.960669517517089844e-01,7.407407407407406996e-01,3.614604473114013672e-01,0.000000000000000000e+00
1.948000000000000000e+04,6.043864488601684570e-01,7.777777777777777901e-01,3.571592569351196289e-01,0.000000000000000000e+00
1.949000000000000000e+04,6.134192943572998047e-01,7.777777777777777901e-01,3.917726576328277588e-01,0.000000000000000000e+00
1.950000000000000000e+04,6.018941402435302734e-01,7.407407407407406996e-01,3.780019283294677734e-01,0.000000000000000000e+00
1.951000000000000000e+04,6.014522910118103027e-01,7.962962962962962798e-01,3.808029294013977051e-01,0.000000000000000000e+00
1.952000000000000000e+04,6.170199513435363770e-01,7.962962962962962798e-01,4.203266501426696777e-01,0.000000000000000000e+00
1.953000000000000000e+04,6.167327761650085449e-01,7.777777777777777901e-01,3.916854262351989746e-01,0.000000000000000000e+00
1.954000000000000000e+04,5.836945176124572754e-01,7.592592592592593004e-01,3.868142962455749512e-01,0.000000000000000000e+00
1.955000000000000000e+04,5.951940417289733887e-01,7.592592592592593004e-01,3.533981442451477051e-01,0.000000000000000000e+00
1.956000000000000000e+04,6.076102852821350098e-01,7.777777777777777901e-01,4.040036797523498535e-01,0.000000000000000000e+00
1.957000000000000000e+04,5.748147964477539062e-01,7.962962962962962798e-01,3.866674304008483887e-01,0.000000000000000000e+00
1.958000000000000000e+04,5.680431127548217773e-01,8.148148148148147696e-01,3.585115671157836914e-01,0.000000000000000000e+00
1.959000000000000000e+04,5.768278241157531738e-01,7.777777777777777901e-01,3.908663094043731689e-01,0.000000000000000000e+00
1.960000000000000000e+04,5.599198341369628906e-01,7.592592592592593004e-01,3.708131313323974609e-01,0.000000000000000000e+00
1.961000000000000000e+04,5.996544361114501953e-01,7.222222222222222099e-01,4.328844547271728516e-01,0.000000000000000000e+00
1.962000000000000000e+04,5.864966511726379395e-01,7.407407407407406996e-01,4.095464944839477539e-01,0.000000000000000000e+00
1.963000000000000000e+04,5.936698913574218750e-01,7.777777777777777901e-01,4.346909224987030029e-01,0.000000000000000000e+00
1.964000000000000000e+04,5.997324585914611816e-01,7.962962962962962798e-01,4.494529962539672852e-01,0.000000000000000000e+00
1.965000000000000000e+04,5.943889021873474121e-01,7.962962962962962798e-01,4.283165633678436279e-01,0.000000000000000000e+00
1.966000000000000000e+04,6.167210936546325684e-01,8.148148148148147696e-01,4.596260488033294678e-01,0.000000000000000000e+00
1.967000000000000000e+04,5.819348096847534180e-01,7.407407407407406996e-01,4.132624864578247070e-01,0.000000000000000000e+00
1.968000000000000000e+04,5.714642405509948730e-01,7.407407407407406996e-01,3.972885608673095703e-01,0.000000000000000000e+00
1.969000000000000000e+04,5.897795557975769043e-01,7.592592592592593004e-01,4.242717623710632324e-01,0.000000000000000000e+00
1.970000000000000000e+04,5.832964181900024414e-01,7.962962962962962798e-01,4.212276339530944824e-01,0.000000000000000000e+00
1.971000000000000000e+04,5.823822617530822754e-01,7.777777777777777901e-01,4.003080725669860840e-01,0.000000000000000000e+00
1.972000000000000000e+04,5.544555187225341797e-01,8.148148148148147696e-01,3.912023603916168213e-01,0.000000000000000000e+00
1.973000000000000000e+04,5.747092962265014648e-01,7.962962962962962798e-01,4.265367984771728516e-01,0.000000000000000000e+00
1.974000000000000000e+04,5.927903056144714355e-01,7.777777777777777901e-01,4.501938521862030029e-01,0.000000000000000000e+00
1.975000000000000000e+04,5.732183456420898438e-01,8.148148148148147696e-01,4.288871288299560547e-01,0.000000000000000000e+00
1.976000000000000000e+04,5.853073000907897949e-01,8.148148148148147696e-01,4.381659626960754395e-01,0.000000000000000000e+00
1.977000000000000000e+04,5.607579946517944336e-01,8.148148148148147696e-01,4.048676192760467529e-01,0.000000000000000000e+00
1.978000000000000000e+04,5.671753883361816406e-01,8.333333333333333703e-01,4.093194901943206787e-01,0.000000000000000000e+00
1.979000000000000000e+04,5.595715641975402832e-01,8.148148148148147696e-01,4.014205038547515869e-01,0.000000000000000000e+00
1.980000000000000000e+04,5.858373641967773438e-01,7.962962962962962798e-01,4.320202469825744629e-01,0.000000000000000000e+00
1.981000000000000000e+04,5.618907213211059570e-01,7.962962962962962798e-01,4.044104218482971191e-01,0.000000000000000000e+00
1.982000000000000000e+04,5.678115487098693848e-01,8.148148148148147696e-01,4.112325310707092285e-01,0.000000000000000000e+00
1.983000000000000000e+04,5.552616119384765625e-01,7.962962962962962798e-01,4.023330211639404297e-01,0.000000000000000000e+00
1.984000000000000000e+04,5.770527720451354980e-01,7.777777777777777901e-01,4.378271996974945068e-01,0.000000000000000000e+00
1.985000000000000000e+04,5.697132349014282227e-01,7.777777777777777901e-01,4.010643064975738525e-01,0.000000000000000000e+00
1.986000000000000000e+04,5.933737158775329590e-01,7.962962962962962798e-01,4.496410489082336426e-01,0.000000000000000000e+00
1.987000000000000000e+04,6.036531329154968262e-01,8.148148148148147696e-01,4.577217698097229004e-01,0.000000000000000000e+00
1.988000000000000000e+04,5.676565766334533691e-01,7.962962962962962798e-01,4.108851253986358643e-01,0.000000000000000000e+00
1.989000000000000000e+04,5.556012988090515137e-01,7.962962962962962798e-01,3.977313339710235596e-01,0.000000000000000000e+00
1.990000000000000000e+04,5.541561841964721680e-01,7.777777777777777901e-01,3.822194635868072510e-01,0.000000000000000000e+00
1.991000000000000000e+04,5.523188710212707520e-01,7.962962962962962798e-01,4.107103943824768066e-01,0.000000000000000000e+00
1.992000000000000000e+04,5.615109205245971680e-01,8.148148148148147696e-01,4.272307157516479492e-01,0.000000000000000000e+00
1.993000000000000000e+04,5.517120361328125000e-01,8.148148148148147696e-01,4.314666390419006348e-01,0.000000000000000000e+00
1.994000000000000000e+04,5.345436930656433105e-01,7.962962962962962798e-01,3.971814513206481934e-01,0.000000000000000000e+00
1.995000000000000000e+04,5.641427040100097656e-01,7.592592592592593004e-01,4.232819378376007080e-01,0.000000000000000000e+00
1.996000000000000000e+04,5.590871572494506836e-01,7.962962962962962798e-01,4.290614128112792969e-01,0.000000000000000000e+00
1.997000000000000000e+04,5.532467365264892578e-01,7.777777777777777901e-01,4.049790501594543457e-01,0.000000000000000000e+00
1.998000000000000000e+04,5.708303451538085938e-01,8.148148148148147696e-01,4.255841672420501709e-01,0.000000000000000000e+00
1.999000000000000000e+04,5.486052632331848145e-01,7.962962962962962798e-01,4.170905053615570068e-01,0.000000000000000000e+00
2.000000000000000000e+04,5.568175315856933594e-01,8.518518518518518601e-01,4.302820861339569092e-01,0.000000000000000000e+00
2.001000000000000000e+04,5.571136474609375000e-01,7.777777777777777901e-01,4.278966784477233887e-01,0.000000000000000000e+00
2.002000000000000000e+04,5.312286019325256348e-01,8.148148148148147696e-01,3.933576047420501709e-01,0.000000000000000000e+00
2.003000000000000000e+04,5.545411109924316406e-01,7.777777777777777901e-01,4.163453578948974609e-01,0.000000000000000000e+00
2.004000000000000000e+04,5.592843294143676758e-01,8.148148148148147696e-01,4.339654445648193359e-01,0.000000000000000000e+00
2.005000000000000000e+04,5.353468656539916992e-01,7.962962962962962798e-01,3.996060490608215332e-01,0.000000000000000000e+00
2.006000000000000000e+04,5.550062656402587891e-01,7.407407407407406996e-01,4.243851602077484131e-01,0.000000000000000000e+00
2.007000000000000000e+04,5.600217580795288086e-01,7.777777777777777901e-01,4.334051907062530518e-01,0.000000000000000000e+00
2.008000000000000000e+04,5.612170100212097168e-01,7.407407407407406996e-01,4.209906160831451416e-01,0.000000000000000000e+00
2.009000000000000000e+04,5.455679893493652344e-01,8.148148148148147696e-01,3.924676477909088135e-01,0.000000000000000000e+00
2.010000000000000000e+04,5.796566009521484375e-01,7.962962962962962798e-01,4.441416859626770020e-01,0.000000000000000000e+00
2.011000000000000000e+04,5.529151558876037598e-01,7.777777777777777901e-01,4.098981022834777832e-01,0.000000000000000000e+00
2.012000000000000000e+04,5.491315722465515137e-01,7.962962962962962798e-01,4.024811983108520508e-01,0.000000000000000000e+00
2.013000000000000000e+04,5.473802685737609863e-01,7.962962962962962798e-01,4.121188223361968994e-01,0.000000000000000000e+00
2.014000000000000000e+04,5.587770938873291016e-01,7.777777777777777901e-01,4.294705390930175781e-01,0.000000000000000000e+00
2.015000000000000000e+04,5.588290691375732422e-01,7.777777777777777901e-01,4.300414323806762695e-01,0.000000000000000000e+00
2.016000000000000000e+04,5.525391697883605957e-01,7.962962962962962798e-01,4.165717959403991699e-01,0.000000000000000000e+00
2.017000000000000000e+04,6.058003902435302734e-01,7.592592592592593004e-01,4.963454306125640869e-01,0.000000000000000000e+00
2.018000000000000000e+04,5.887641906738281250e-01,7.962962962962962798e-01,4.573015272617340088e-01,0.000000000000000000e+00
2.019000000000000000e+04,5.790479183197021484e-01,7.962962962962962798e-01,4.630165994167327881e-01,0.000000000000000000e+00
2.020000000000000000e+04,5.750331878662109375e-01,7.962962962962962798e-01,4.600524604320526123e-01,0.000000000000000000e+00
2.021000000000000000e+04,5.936964750289916992e-01,8.333333333333333703e-01,4.806217551231384277e-01,0.000000000000000000e+00
2.022000000000000000e+04,5.562670826911926270e-01,7.592592592592593004e-01,4.261217415332794189e-01,0.000000000000000000e+00
2.023000000000000000e+04,5.503761768341064453e-01,8.148148148148147696e-01,4.205297827720642090e-01,0.000000000000000000e+00
2.024000000000000000e+04,5.779582262039184570e-01,7.962962962962962798e-01,4.449337422847747803e-01,0.000000000000000000e+00
2.025000000000000000e+04,5.804735422134399414e-01,7.962962962962962798e-01,4.483477473258972168e-01,0.000000000000000000e+00
2.026000000000000000e+04,5.888004302978515625e-01,7.962962962962962798e-01,4.639967381954193115e-01,0.000000000000000000e+00
2.027000000000000000e+04,5.569402575492858887e-01,8.148148148148147696e-01,4.195742309093475342e-01,0.000000000000000000e+00
2.028000000000000000e+04,5.655467510223388672e-01,8.148148148148147696e-01,4.261297881603240967e-01,0.000000000000000000e+00
2.029000000000000000e+04,5.590616464614868164e-01,8.333333333333333703e-01,4.346866011619567871e-01,0.000000000000000000e+00
2.030000000000000000e+04,5.883449316024780273e-01,8.148148148148147696e-01,4.586358666419982910e-01,0.000000000000000000e+00
2.031000000000000000e+04,5.730922818183898926e-01,7.962962962962962798e-01,4.376986324787139893e-01,0.000000000000000000e+00
2.032000000000000000e+04,5.894027948379516602e-01,7.592592592592593004e-01,4.633116722106933594e-01,0.000000000000000000e+00
2.033000000000000000e+04,5.816543698310852051e-01,7.777777777777777901e-01,4.663661122322082520e-01,0.000000000000000000e+00
2.034000000000000000e+04,5.622226595878601074e-01,7.777777777777777901e-01,4.388555288314819336e-01,0.000000000000000000e+00
2.035000000000000000e+04,5.541913509368896484e-01,8.333333333333333703e-01,4.271001517772674561e-01,0.000000000000000000e+00
2.036000000000000000e+04,5.459308624267578125e-01,7.962962962962962798e-01,4.134210050106048584e-01,0.000000000000000000e+00
2.037000000000000000e+04,5.433285832405090332e-01,8.333333333333333703e-01,4.217248558998107910e-01,0.000000000000000000e+00
2.038000000000000000e+04,5.591833591461181641e-01,8.148148148148147696e-01,4.304287135601043701e-01,0.000000000000000000e+00
2.039000000000000000e+04,5.748447179794311523e-01,8.333333333333333703e-01,4.477126598358154297e-01,0.000000000000000000e+00
2.040000000000000000e+04,5.865406990051269531e-01,8.333333333333333703e-01,4.593721330165863037e-01,0.000000000000000000e+00
2.041000000000000000e+04,5.813356637954711914e-01,7.592592592592593004e-01,4.447185397148132324e-01,0.000000000000000000e+00
2.042000000000000000e+04,5.578161478042602539e-01,8.148148148148147696e-01,4.274267256259918213e-01,0.000000000000000000e+00
2.043000000000000000e+04,5.370222926139831543e-01,8.148148148148147696e-01,3.802429437637329102e-01,0.000000000000000000e+00
2.044000000000000000e+04,5.523518323898315430e-01,8.518518518518518601e-01,4.198817610740661621e-01,0.000000000000000000e+00
2.045000000000000000e+04,5.685228705406188965e-01,7.962962962962962798e-01,4.304239153861999512e-01,0.000000000000000000e+00
2.046000000000000000e+04,5.628704428672790527e-01,7.592592592592593004e-01,4.353856444358825684e-01,0.000000000000000000e+00
2.047000000000000000e+04,5.708294510841369629e-01,8.148148148148147696e-01,4.537212848663330078e-01,0.000000000000000000e+00
2.048000000000000000e+04,5.737196207046508789e-01,8.333333333333333703e-01,4.522849023342132568e-01,0.000000000000000000e+00
2.049000000000000000e+04,5.591040253639221191e-01,8.148148148148147696e-01,4.203068017959594727e-01,0.000000000000000000e+00
2.050000000000000000e+04,5.614377856254577637e-01,8.518518518518518601e-01,4.543015062808990479e-01,0.000000000000000000e+00
2.051000000000000000e+04,5.868075489997863770e-01,8.148148148148147696e-01,4.863959550857543945e-01,0.000000000000000000e+00
2.052000000000000000e+04,5.837595462799072266e-01,7.962962962962962798e-01,4.633710682392120361e-01,0.000000000000000000e+00
2.053000000000000000e+04,6.024238467216491699e-01,8.333333333333333703e-01,4.868536889553070068e-01,0.000000000000000000e+00
2.054000000000000000e+04,5.494573712348937988e-01,8.333333333333333703e-01,4.389671087265014648e-01,0.000000000000000000e+00
2.055000000000000000e+04,5.930687785148620605e-01,8.518518518518518601e-01,4.859064221382141113e-01,0.000000000000000000e+00
2.056000000000000000e+04,5.774129629135131836e-01,8.518518518518518601e-01,4.631927907466888428e-01,0.000000000000000000e+00
2.057000000000000000e+04,5.735220909118652344e-01,7.962962962962962798e-01,4.380421936511993408e-01,0.000000000000000000e+00
2.058000000000000000e+04,5.625523328781127930e-01,7.777777777777777901e-01,4.340282380580902100e-01,0.000000000000000000e+00
2.059000000000000000e+04,5.593840479850769043e-01,8.333333333333333703e-01,4.457654953002929688e-01,0.000000000000000000e+00
2.060000000000000000e+04,5.631577968597412109e-01,8.333333333333333703e-01,4.317219853401184082e-01,0.000000000000000000e+00
2.061000000000000000e+04,5.690353512763977051e-01,8.148148148148147696e-01,4.414977729320526123e-01,0.000000000000000000e+00
2.062000000000000000e+04,5.542049407958984375e-01,8.518518518518518601e-01,4.390764832496643066e-01,0.000000000000000000e+00
2.063000000000000000e+04,5.594704151153564453e-01,8.333333333333333703e-01,4.290403723716735840e-01,0.000000000000000000e+00
2.064000000000000000e+04,5.648332834243774414e-01,7.777777777777777901e-01,4.461474418640136719e-01,0.000000000000000000e+00
2.065000000000000000e+04,5.850660800933837891e-01,8.148148148148147696e-01,4.744373261928558350e-01,0.000000000000000000e+00
2.066000000000000000e+04,5.756536126136779785e-01,8.148148148148147696e-01,4.421305358409881592e-01,0.000000000000000000e+00
2.067000000000000000e+04,5.671626329421997070e-01,7.222222222222222099e-01,4.307645857334136963e-01,0.000000000000000000e+00
2.068000000000000000e+04,5.669548511505126953e-01,7.592592592592593004e-01,4.456158280372619629e-01,0.000000000000000000e+00
2.069000000000000000e+04,5.558559894561767578e-01,7.777777777777777901e-01,4.308131337165832520e-01,0.000000000000000000e+00
2.070000000000000000e+04,5.716711282730102539e-01,8.333333333333333703e-01,4.474589526653289795e-01,0.000000000000000000e+00
2.071000000000000000e+04,5.778588056564331055e-01,8.333333333333333703e-01,4.665037393569946289e-01,0.000000000000000000e+00
2.072000000000000000e+04,5.667658448219299316e-01,7.962962962962962798e-01,4.545203447341918945e-01,0.000000000000000000e+00
2.073000000000000000e+04,5.443131327629089355e-01,7.962962962962962798e-01,4.304495453834533691e-01,0.000000000000000000e+00
2.074000000000000000e+04,5.512239336967468262e-01,7.962962962962962798e-01,4.300349652767181396e-01,0.000000000000000000e+00
2.075000000000000000e+04,5.612244606018066406e-01,7.777777777777777901e-01,4.651519656181335449e-01,0.000000000000000000e+00
2.076000000000000000e+04,5.623031854629516602e-01,7.962962962962962798e-01,4.470729529857635498e-01,0.000000000000000000e+00
2.077000000000000000e+04,5.608276724815368652e-01,7.777777777777777901e-01,4.544882774353027344e-01,0.000000000000000000e+00
2.078000000000000000e+04,5.622271299362182617e-01,8.703703703703703498e-01,4.417001903057098389e-01,0.000000000000000000e+00
2.079000000000000000e+04,5.672920346260070801e-01,8.148148148148147696e-01,4.677828848361968994e-01,0.000000000000000000e+00
2.080000000000000000e+04,5.762508511543273926e-01,8.518518518518518601e-01,4.824675321578979492e-01,0.000000000000000000e+00
2.081000000000000000e+04,5.752182602882385254e-01,7.592592592592593004e-01,4.859757125377655029e-01,0.000000000000000000e+00
2.082000000000000000e+04,5.619204640388488770e-01,8.333333333333333703e-01,4.450953900814056396e-01,0.000000000000000000e+00
2.083000000000000000e+04,5.489939451217651367e-01,8.148148148148147696e-01,4.433181881904602051e-01,0.000000000000000000e+00
2.084000000000000000e+04,5.769062042236328125e-01,7.962962962962962798e-01,4.947468042373657227e-01,0.000000000000000000e+00
2.085000000000000000e+04,5.608807802200317383e-01,8.518518518518518601e-01,4.484598040580749512e-01,0.000000000000000000e+00
2.086000000000000000e+04,5.733025670051574707e-01,8.148148148148147696e-01,4.779732525348663330e-01,0.000000000000000000e+00
2.087000000000000000e+04,5.710145235061645508e-01,8.333333333333333703e-01,4.720435440540313721e-01,0.000000000000000000e+00
2.088000000000000000e+04,5.609666705131530762e-01,8.333333333333333703e-01,4.546153247356414795e-01,0.000000000000000000e+00
2.089000000000000000e+04,5.574955344200134277e-01,8.518518518518518601e-01,4.583925604820251465e-01,0.000000000000000000e+00
2.090000000000000000e+04,5.847679972648620605e-01,8.333333333333333703e-01,4.777255058288574219e-01,0.000000000000000000e+00
2.091000000000000000e+04,5.632973313331604004e-01,8.148148148148147696e-01,4.574980437755584717e-01,0.000000000000000000e+00
2.092000000000000000e+04,5.735445022583007812e-01,7.592592592592593004e-01,4.797921180725097656e-01,0.000000000000000000e+00
2.093000000000000000e+04,5.497540831565856934e-01,8.148148148148147696e-01,4.409748017787933350e-01,0.000000000000000000e+00
2.094000000000000000e+04,5.713199973106384277e-01,7.407407407407406996e-01,4.476252496242523193e-01,0.000000000000000000e+00
2.095000000000000000e+04,5.732448101043701172e-01,7.592592592592593004e-01,4.690060615539550781e-01,0.000000000000000000e+00
2.096000000000000000e+04,5.638576745986938477e-01,7.962962962962962798e-01,4.518445432186126709e-01,0.000000000000000000e+00
2.097000000000000000e+04,5.643242597579956055e-01,7.962962962962962798e-01,4.536184668540954590e-01,0.000000000000000000e+00
2.098000000000000000e+04,5.513743162155151367e-01,7.777777777777777901e-01,4.289003014564514160e-01,0.000000000000000000e+00
2.099000000000000000e+04,5.475226044654846191e-01,8.148148148148147696e-01,4.417281448841094971e-01,0.000000000000000000e+00
2.100000000000000000e+04,5.587528944015502930e-01,8.148148148148147696e-01,4.404883980751037598e-01,0.000000000000000000e+00
2.101000000000000000e+04,5.528090000152587891e-01,7.962962962962962798e-01,4.302032589912414551e-01,0.000000000000000000e+00
2.102000000000000000e+04,5.620890855789184570e-01,7.777777777777777901e-01,4.344808459281921387e-01,0.000000000000000000e+00
2.103000000000000000e+04,5.399228930473327637e-01,7.407407407407406996e-01,3.986145853996276855e-01,0.000000000000000000e+00
2.104000000000000000e+04,5.463584661483764648e-01,8.333333333333333703e-01,4.155633747577667236e-01,0.000000000000000000e+00
2.105000000000000000e+04,5.748088359832763672e-01,7.777777777777777901e-01,4.667178094387054443e-01,0.000000000000000000e+00
2.106000000000000000e+04,5.618155002593994141e-01,7.962962962962962798e-01,4.525364935398101807e-01,0.000000000000000000e+00
2.107000000000000000e+04,5.621197819709777832e-01,7.777777777777777901e-01,4.482644796371459961e-01,0.000000000000000000e+00
2.108000000000000000e+04,5.669481754302978516e-01,7.592592592592593004e-01,4.409030377864837646e-01,0.000000000000000000e+00
2.109000000000000000e+04,5.575769543647766113e-01,7.592592592592593004e-01,4.497216045856475830e-01,0.000000000000000000e+00
2.110000000000000000e+04,5.544775128364562988e-01,7.407407407407406996e-01,4.361503124237060547e-01,0.000000000000000000e+00
2.111000000000000000e+04,5.675266385078430176e-01,7.592592592592593004e-01,4.575918912887573242e-01,0.000000000000000000e+00
2.112000000000000000e+04,5.615883469581604004e-01,8.518518518518518601e-01,4.502432942390441895e-01,0.000000000000000000e+00
2.113000000000000000e+04,5.786578655242919922e-01,6.666666666666666297e-01,4.669210612773895264e-01,0.000000000000000000e+00
2.114000000000000000e+04,5.822479128837585449e-01,7.962962962962962798e-01,4.758484065532684326e-01,0.000000000000000000e+00
2.115000000000000000e+04,5.653027296066284180e-01,7.962962962962962798e-01,4.697621762752532959e-01,0.000000000000000000e+00
2.116000000000000000e+04,5.468253493309020996e-01,7.962962962962962798e-01,4.323759377002716064e-01,0.000000000000000000e+00
2.117000000000000000e+04,5.492660403251647949e-01,7.777777777777777901e-01,4.422082006931304932e-01,0.000000000000000000e+00
2.118000000000000000e+04,5.611032843589782715e-01,7.777777777777777901e-01,4.272528588771820068e-01,0.000000000000000000e+00
2.119000000000000000e+04,5.872262120246887207e-01,8.148148148148147696e-01,4.799809157848358154e-01,0.000000000000000000e+00
2.120000000000000000e+04,5.572635531425476074e-01,7.592592592592593004e-01,4.313143491744995117e-01,0.000000000000000000e+00
2.121000000000000000e+04,5.752680301666259766e-01,7.962962962962962798e-01,4.652041494846343994e-01,0.000000000000000000e+00
2.122000000000000000e+04,5.520841479301452637e-01,7.777777777777777901e-01,4.355146586894989014e-01,0.000000000000000000e+00
2.123000000000000000e+04,5.613842010498046875e-01,7.592592592592593004e-01,4.395615458488464355e-01,0.000000000000000000e+00
2.124000000000000000e+04,5.731235742568969727e-01,7.407407407407406996e-01,4.555824697017669678e-01,0.000000000000000000e+00
2.125000000000000000e+04,5.708798170089721680e-01,7.777777777777777901e-01,4.680608212947845459e-01,0.000000000000000000e+00
2.126000000000000000e+04,5.588076114654541016e-01,7.962962962962962798e-01,4.366835653781890869e-01,0.000000000000000000e+00
2.127000000000000000e+04,5.654796361923217773e-01,7.592592592592593004e-01,4.600049853324890137e-01,0.000000000000000000e+00
2.128000000000000000e+04,5.644184350967407227e-01,8.148148148148147696e-01,4.508914649486541748e-01,0.000000000000000000e+00
2.129000000000000000e+04,5.511805415153503418e-01,7.407407407407406996e-01,4.412379860877990723e-01,0.000000000000000000e+00
2.130000000000000000e+04,5.664843320846557617e-01,7.962962962962962798e-01,4.194624423980712891e-01,0.000000000000000000e+00
2.131000000000000000e+04,5.558319687843322754e-01,7.407407407407406996e-01,3.976068198680877686e-01,0.000000000000000000e+00
2.132000000000000000e+04,5.768159031867980957e-01,7.222222222222222099e-01,4.325097501277923584e-01,0.000000000000000000e+00
2.133000000000000000e+04,5.529046654701232910e-01,7.407407407407406996e-01,4.092530012130737305e-01,0.000000000000000000e+00
2.134000000000000000e+04,5.748327374458312988e-01,7.777777777777777901e-01,4.239732027053833008e-01,0.000000000000000000e+00
2.135000000000000000e+04,5.810592770576477051e-01,7.407407407407406996e-01,4.303162097930908203e-01,0.000000000000000000e+00
2.136000000000000000e+04,5.921949744224548340e-01,7.777777777777777901e-01,4.330563843250274658e-01,0.000000000000000000e+00
2.137000000000000000e+04,5.854517817497253418e-01,7.407407407407406996e-01,4.171235263347625732e-01,0.000000000000000000e+00
2.138000000000000000e+04,5.898990035057067871e-01,7.407407407407406996e-01,4.332066774368286133e-01,0.000000000000000000e+00
2.139000000000000000e+04,5.805396437644958496e-01,7.777777777777777901e-01,4.206933081150054932e-01,0.000000000000000000e+00
2.140000000000000000e+04,5.753924846649169922e-01,7.962962962962962798e-01,4.258917570114135742e-01,0.000000000000000000e+00
2.141000000000000000e+04,5.568842291831970215e-01,7.592592592592593004e-01,3.776458501815795898e-01,0.000000000000000000e+00
2.142000000000000000e+04,5.667005181312561035e-01,7.777777777777777901e-01,4.196878075599670410e-01,0.000000000000000000e+00
2.143000000000000000e+04,5.687987804412841797e-01,7.407407407407406996e-01,4.351630210876464844e-01,0.000000000000000000e+00
2.144000000000000000e+04,5.838723182678222656e-01,7.962962962962962798e-01,4.434249699115753174e-01,0.000000000000000000e+00
2.145000000000000000e+04,5.657945275306701660e-01,7.962962962962962798e-01,4.268746078014373779e-01,0.000000000000000000e+00
2.146000000000000000e+04,5.830167531967163086e-01,7.777777777777777901e-01,4.587599933147430420e-01,0.000000000000000000e+00
2.147000000000000000e+04,5.628647804260253906e-01,7.962962962962962798e-01,4.355465769767761230e-01,0.000000000000000000e+00
2.148000000000000000e+04,5.761721134185791016e-01,7.592592592592593004e-01,4.513798654079437256e-01,0.000000000000000000e+00
2.149000000000000000e+04,5.541982054710388184e-01,7.407407407407406996e-01,3.975264728069305420e-01,0.000000000000000000e+00
2.150000000000000000e+04,5.516335964202880859e-01,7.777777777777777901e-01,4.097546339035034180e-01,0.000000000000000000e+00
2.151000000000000000e+04,5.357437133789062500e-01,7.592592592592593004e-01,4.025072157382965088e-01,0.000000000000000000e+00
2.152000000000000000e+04,5.543291568756103516e-01,7.777777777777777901e-01,4.257259070873260498e-01,0.000000000000000000e+00
2.153000000000000000e+04,5.363032221794128418e-01,7.592592592592593004e-01,3.772965371608734131e-01,0.000000000000000000e+00
2.154000000000000000e+04,5.422505140304565430e-01,6.666666666666666297e-01,3.824317455291748047e-01,0.000000000000000000e+00
2.155000000000000000e+04,5.390924215316772461e-01,7.037037037037037202e-01,3.928523361682891846e-01,0.000000000000000000e+00
2.156000000000000000e+04,5.596674084663391113e-01,6.851851851851852304e-01,4.035645425319671631e-01,0.000000000000000000e+00
2.157000000000000000e+04,5.618190765380859375e-01,7.407407407407406996e-01,4.179531633853912354e-01,0.000000000000000000e+00
2.158000000000000000e+04,5.477989315986633301e-01,7.592592592592593004e-01,4.066535830497741699e-01,0.000000000000000000e+00
2.159000000000000000e+04,5.384583473205566406e-01,8.333333333333333703e-01,4.361295998096466064e-01,0.000000000000000000e+00
2.160000000000000000e+04,5.383411049842834473e-01,7.777777777777777901e-01,4.174019992351531982e-01,0.000000000000000000e+00
2.161000000000000000e+04,5.457826256752014160e-01,8.148148148148147696e-01,4.222732782363891602e-01,0.000000000000000000e+00
2.162000000000000000e+04,5.177052617073059082e-01,7.407407407407406996e-01,3.852018713951110840e-01,0.000000000000000000e+00
2.163000000000000000e+04,5.370628237724304199e-01,7.777777777777777901e-01,3.964023292064666748e-01,0.000000000000000000e+00
2.164000000000000000e+04,5.507766008377075195e-01,7.962962962962962798e-01,4.252654612064361572e-01,0.000000000000000000e+00
2.165000000000000000e+04,5.390735268592834473e-01,7.962962962962962798e-01,4.168742597103118896e-01,0.000000000000000000e+00
2.166000000000000000e+04,5.291727781295776367e-01,8.148148148148147696e-01,4.252581000328063965e-01,0.000000000000000000e+00
2.167000000000000000e+04,5.568577051162719727e-01,8.148148148148147696e-01,4.488144218921661377e-01,0.000000000000000000e+00
2.168000000000000000e+04,5.560777187347412109e-01,7.962962962962962798e-01,4.368263781070709229e-01,0.000000000000000000e+00
2.169000000000000000e+04,5.558153390884399414e-01,8.148148148148147696e-01,4.430136978626251221e-01,0.000000000000000000e+00
2.170000000000000000e+04,5.510852336883544922e-01,7.407407407407406996e-01,4.180180728435516357e-01,0.000000000000000000e+00
2.171000000000000000e+04,5.649800300598144531e-01,8.333333333333333703e-01,4.589271247386932373e-01,0.000000000000000000e+00
2.172000000000000000e+04,5.599449276924133301e-01,7.962962962962962798e-01,4.538801312446594238e-01,0.000000000000000000e+00
2.173000000000000000e+04,5.533850193023681641e-01,7.037037037037037202e-01,4.437153041362762451e-01,0.000000000000000000e+00
2.174000000000000000e+04,5.560083389282226562e-01,8.148148148148147696e-01,4.385956525802612305e-01,0.000000000000000000e+00
2.175000000000000000e+04,5.603027939796447754e-01,7.777777777777777901e-01,4.472508132457733154e-01,0.000000000000000000e+00
2.176000000000000000e+04,5.526409745216369629e-01,7.592592592592593004e-01,4.269687235355377197e-01,0.000000000000000000e+00
2.177000000000000000e+04,5.625857710838317871e-01,7.777777777777777901e-01,4.652937352657318115e-01,0.000000000000000000e+00
2.178000000000000000e+04,5.676622986793518066e-01,7.962962962962962798e-01,4.518969953060150146e-01,0.000000000000000000e+00
2.179000000000000000e+04,5.981035232543945312e-01,8.148148148148147696e-01,5.036062598228454590e-01,0.000000000000000000e+00
2.180000000000000000e+04,5.883903503417968750e-01,7.777777777777777901e-01,4.723154008388519287e-01,0.000000000000000000e+00
2.181000000000000000e+04,5.592612028121948242e-01,7.962962962962962798e-01,4.330746531486511230e-01,0.000000000000000000e+00
2.182000000000000000e+04,5.734558105468750000e-01,8.148148148148147696e-01,4.738028645515441895e-01,0.000000000000000000e+00
2.183000000000000000e+04,5.603134036064147949e-01,8.333333333333333703e-01,4.500379860401153564e-01,0.000000000000000000e+00
2.184000000000000000e+04,5.573185086250305176e-01,7.777777777777777901e-01,4.469859898090362549e-01,0.000000000000000000e+00
2.185000000000000000e+04,5.776744484901428223e-01,8.333333333333333703e-01,4.711104035377502441e-01,0.000000000000000000e+00
2.186000000000000000e+04,5.762670636177062988e-01,7.777777777777777901e-01,4.670328199863433838e-01,0.000000000000000000e+00
2.187000000000000000e+04,5.928406715393066406e-01,7.592592592592593004e-01,4.922938644886016846e-01,0.000000000000000000e+00
2.188000000000000000e+04,5.733034610748291016e-01,7.592592592592593004e-01,4.592460095882415771e-01,0.000000000000000000e+00
2.189000000000000000e+04,5.834121108055114746e-01,7.962962962962962798e-01,4.789333641529083252e-01,0.000000000000000000e+00
2.190000000000000000e+04,5.704653263092041016e-01,8.518518518518518601e-01,4.551877379417419434e-01,0.000000000000000000e+00
2.191000000000000000e+04,5.494810938835144043e-01,7.592592592592593004e-01,4.242115020751953125e-01,0.000000000000000000e+00
2.192000000000000000e+04,5.817292332649230957e-01,8.148148148148147696e-01,4.846072494983673096e-01,0.000000000000000000e+00
2.193000000000000000e+04,5.646319389343261719e-01,7.962962962962962798e-01,4.513306915760040283e-01,0.000000000000000000e+00
2.194000000000000000e+04,5.655211210250854492e-01,7.592592592592593004e-01,4.561943113803863525e-01,0.000000000000000000e+00
2.195000000000000000e+04,5.520339608192443848e-01,7.777777777777777901e-01,4.239564836025238037e-01,0.000000000000000000e+00
2.196000000000000000e+04,5.607739090919494629e-01,8.148148148148147696e-01,4.495263993740081787e-01,0.000000000000000000e+00
2.197000000000000000e+04,5.714064240455627441e-01,7.962962962962962798e-01,4.547483325004577637e-01,0.000000000000000000e+00
2.198000000000000000e+04,5.573567152023315430e-01,7.777777777777777901e-01,4.502194225788116455e-01,0.000000000000000000e+00
2.199000000000000000e+04,5.528299212455749512e-01,8.333333333333333703e-01,4.332875609397888184e-01,0.000000000000000000e+00
2.200000000000000000e+04,5.600973367691040039e-01,7.777777777777777901e-01,4.267441928386688232e-01,0.000000000000000000e+00
2.201000000000000000e+04,5.621337294578552246e-01,7.777777777777777901e-01,4.427835643291473389e-01,0.000000000000000000e+00
2.202000000000000000e+04,5.521724224090576172e-01,8.518518518518518601e-01,4.404619336128234863e-01,0.000000000000000000e+00
2.203000000000000000e+04,5.609529614448547363e-01,8.148148148148147696e-01,4.488629698753356934e-01,0.000000000000000000e+00
2.204000000000000000e+04,5.483549833297729492e-01,7.777777777777777901e-01,4.278799593448638916e-01,0.000000000000000000e+00
2.205000000000000000e+04,5.577174425125122070e-01,7.962962962962962798e-01,4.424755871295928955e-01,0.000000000000000000e+00
2.206000000000000000e+04,5.361892580986022949e-01,8.148148148148147696e-01,4.108373820781707764e-01,0.000000000000000000e+00
2.207000000000000000e+04,5.299813747406005859e-01,8.333333333333333703e-01,4.028269350528717041e-01,0.000000000000000000e+00
2.208000000000000000e+04,5.466703176498413086e-01,7.962962962962962798e-01,4.272278249263763428e-01,0.000000000000000000e+00
2.209000000000000000e+04,5.283902883529663086e-01,8.148148148148147696e-01,3.999088406562805176e-01,0.000000000000000000e+00
2.210000000000000000e+04,5.286576747894287109e-01,8.148148148148147696e-01,4.224793910980224609e-01,0.000000000000000000e+00
2.211000000000000000e+04,5.517032742500305176e-01,7.962962962962962798e-01,4.389995038509368896e-01,0.000000000000000000e+00
2.212000000000000000e+04,5.544453263282775879e-01,8.148148148148147696e-01,4.450528621673583984e-01,0.000000000000000000e+00
2.213000000000000000e+04,5.468957424163818359e-01,8.148148148148147696e-01,4.318336248397827148e-01,0.000000000000000000e+00
2.214000000000000000e+04,5.499716997146606445e-01,8.333333333333333703e-01,4.283292591571807861e-01,0.000000000000000000e+00
2.215000000000000000e+04,5.527912378311157227e-01,8.148148148148147696e-01,4.262681603431701660e-01,0.000000000000000000e+00
2.216000000000000000e+04,5.522717237472534180e-01,8.333333333333333703e-01,4.475569427013397217e-01,0.000000000000000000e+00
2.217000000000000000e+04,5.483984351158142090e-01,8.518518518518518601e-01,4.097980856895446777e-01,0.000000000000000000e+00
2.218000000000000000e+04,5.279876589775085449e-01,7.962962962962962798e-01,3.825943171977996826e-01,0.000000000000000000e+00
2.219000000000000000e+04,5.346534252166748047e-01,8.148148148148147696e-01,3.979005813598632812e-01,0.000000000000000000e+00
2.220000000000000000e+04,5.346245169639587402e-01,7.777777777777777901e-01,4.038451313972473145e-01,0.000000000000000000e+00
2.221000000000000000e+04,5.457566976547241211e-01,7.777777777777777901e-01,4.186358153820037842e-01,0.000000000000000000e+00
2.222000000000000000e+04,5.447363853454589844e-01,8.518518518518518601e-01,4.096550941467285156e-01,0.000000000000000000e+00
2.223000000000000000e+04,5.391919016838073730e-01,8.148148148148147696e-01,4.170337319374084473e-01,0.000000000000000000e+00
2.224000000000000000e+04,5.471061468124389648e-01,7.777777777777777901e-01,4.306895434856414795e-01,0.000000000000000000e+00
2.225000000000000000e+04,5.503994226455688477e-01,8.148148148148147696e-01,4.292875826358795166e-01,0.000000000000000000e+00
2.226000000000000000e+04,5.634568333625793457e-01,7.962962962962962798e-01,4.415473043918609619e-01,0.000000000000000000e+00
2.227000000000000000e+04,5.466132760047912598e-01,7.777777777777777901e-01,4.025543630123138428e-01,0.000000000000000000e+00
2.228000000000000000e+04,5.326859951019287109e-01,8.148148148148147696e-01,3.954498171806335449e-01,0.000000000000000000e+00
2.229000000000000000e+04,5.563426613807678223e-01,7.777777777777777901e-01,4.139973521232604980e-01,0.000000000000000000e+00
2.230000000000000000e+04,5.578202605247497559e-01,8.333333333333333703e-01,4.292927980422973633e-01,0.000000000000000000e+00
2.231000000000000000e+04,5.538784861564636230e-01,7.962962962962962798e-01,4.292195141315460205e-01,0.000000000000000000e+00
2.232000000000000000e+04,5.615708827972412109e-01,7.962962962962962798e-01,4.386858344078063965e-01,0.000000000000000000e+00
2.233000000000000000e+04,5.558949708938598633e-01,7.592592592592593004e-01,4.088935256004333496e-01,0.000000000000000000e+00
2.234000000000000000e+04,5.754030346870422363e-01,8.148148148148147696e-01,4.428168237209320068e-01,0.000000000000000000e+00
2.235000000000000000e+04,5.370860695838928223e-01,8.333333333333333703e-01,3.845234811305999756e-01,0.000000000000000000e+00
2.236000000000000000e+04,5.623074769973754883e-01,8.518518518518518601e-01,4.478591382503509521e-01,0.000000000000000000e+00
2.237000000000000000e+04,5.474400520324707031e-01,8.333333333333333703e-01,4.246379137039184570e-01,0.000000000000000000e+00
2.238000000000000000e+04,5.513187646865844727e-01,7.962962962962962798e-01,4.223385751247406006e-01,0.000000000000000000e+00
2.239000000000000000e+04,5.565355420112609863e-01,8.148148148148147696e-01,4.373804628849029541e-01,0.000000000000000000e+00
2.240000000000000000e+04,5.677695870399475098e-01,8.333333333333333703e-01,4.397116601467132568e-01,0.000000000000000000e+00
2.241000000000000000e+04,5.773407220840454102e-01,8.148148148148147696e-01,4.586505293846130371e-01,0.000000000000000000e+00
2.242000000000000000e+04,5.549477338790893555e-01,7.962962962962962798e-01,4.453296363353729248e-01,0.000000000000000000e+00
2.243000000000000000e+04,5.643876791000366211e-01,8.148148148148147696e-01,4.645054936408996582e-01,0.000000000000000000e+00
2.244000000000000000e+04,5.669735670089721680e-01,8.518518518518518601e-01,4.516273736953735352e-01,0.000000000000000000e+00
2.245000000000000000e+04,5.652652382850646973e-01,7.962962962962962798e-01,4.395180642604827881e-01,0.000000000000000000e+00
2.246000000000000000e+04,5.762066841125488281e-01,7.962962962962962798e-01,4.266866445541381836e-01,0.000000000000000000e+00
2.247000000000000000e+04,5.699133872985839844e-01,8.518518518518518601e-01,4.318653643131256104e-01,0.000000000000000000e+00
2.248000000000000000e+04,5.730874538421630859e-01,8.333333333333333703e-01,4.492318332195281982e-01,0.000000000000000000e+00
2.249000000000000000e+04,5.652285218238830566e-01,8.148148148148147696e-01,4.201305806636810303e-01,0.000000000000000000e+00
2.250000000000000000e+04,5.538243651390075684e-01,8.148148148148147696e-01,4.278077483177185059e-01,0.000000000000000000e+00
2.251000000000000000e+04,5.611070990562438965e-01,7.962962962962962798e-01,4.390891790390014648e-01,0.000000000000000000e+00
2.252000000000000000e+04,5.721030831336975098e-01,8.148148148148147696e-01,4.661127328872680664e-01,0.000000000000000000e+00
2.253000000000000000e+04,5.655349493026733398e-01,8.148148148148147696e-01,4.488795697689056396e-01,0.000000000000000000e+00
2.254000000000000000e+04,5.712547302246093750e-01,8.333333333333333703e-01,4.488745629787445068e-01,0.000000000000000000e+00
2.255000000000000000e+04,5.603076815605163574e-01,8.333333333333333703e-01,4.417558610439300537e-01,0.000000000000000000e+00
2.256000000000000000e+04,5.426502823829650879e-01,7.777777777777777901e-01,4.107562303543090820e-01,0.000000000000000000e+00
2.257000000000000000e+04,5.327693819999694824e-01,8.518518518518518601e-01,4.136121273040771484e-01,0.000000000000000000e+00
2.258000000000000000e+04,5.305598974227905273e-01,7.592592592592593004e-01,3.986027836799621582e-01,0.000000000000000000e+00
2.259000000000000000e+04,5.592334866523742676e-01,7.777777777777777901e-01,4.277566373348236084e-01,0.000000000000000000e+00
2.260000000000000000e+04,5.503409504890441895e-01,7.407407407407406996e-01,4.233621358871459961e-01,0.000000000000000000e+00
2.261000000000000000e+04,5.613559484481811523e-01,8.148148148148147696e-01,4.611957669258117676e-01,0.000000000000000000e+00
2.262000000000000000e+04,5.370267629623413086e-01,7.962962962962962798e-01,4.111848175525665283e-01,0.000000000000000000e+00
2.263000000000000000e+04,5.730764865875244141e-01,8.518518518518518601e-01,4.588437378406524658e-01,0.000000000000000000e+00
2.264000000000000000e+04,5.718011260032653809e-01,8.333333333333333703e-01,4.405017495155334473e-01,0.000000000000000000e+00
2.265000000000000000e+04,5.616350173950195312e-01,7.962962962962962798e-01,4.521275162696838379e-01,0.000000000000000000e+00
2.266000000000000000e+04,5.343567132949829102e-01,8.148148148148147696e-01,4.084710776805877686e-01,0.000000000000000000e+00
2.267000000000000000e+04,5.498415231704711914e-01,7.962962962962962798e-01,4.231894016265869141e-01,0.000000000000000000e+00
2.268000000000000000e+04,5.448611378669738770e-01,8.148148148148147696e-01,4.052722156047821045e-01,0.000000000000000000e+00
2.269000000000000000e+04,5.360835194587707520e-01,7.962962962962962798e-01,3.942387402057647705e-01,0.000000000000000000e+00
2.270000000000000000e+04,5.861064195632934570e-01,7.962962962962962798e-01,4.690244495868682861e-01,0.000000000000000000e+00
2.271000000000000000e+04,5.568274855613708496e-01,8.333333333333333703e-01,4.356921613216400146e-01,0.000000000000000000e+00
2.272000000000000000e+04,5.573190450668334961e-01,7.962962962962962798e-01,4.179699718952178955e-01,0.000000000000000000e+00
2.273000000000000000e+04,5.822514891624450684e-01,7.777777777777777901e-01,4.548833072185516357e-01,0.000000000000000000e+00
2.274000000000000000e+04,5.598325729370117188e-01,7.962962962962962798e-01,4.154643714427947998e-01,0.000000000000000000e+00
2.275000000000000000e+04,5.425140261650085449e-01,8.148148148148147696e-01,4.163576364517211914e-01,0.000000000000000000e+00
2.276000000000000000e+04,5.695893764495849609e-01,8.148148148148147696e-01,4.428576231002807617e-01,0.000000000000000000e+00
2.277000000000000000e+04,5.767178535461425781e-01,8.333333333333333703e-01,4.669558405876159668e-01,0.000000000000000000e+00
2.278000000000000000e+04,5.548285841941833496e-01,8.148148148148147696e-01,4.304179549217224121e-01,0.000000000000000000e+00
2.279000000000000000e+04,5.591354370117187500e-01,8.333333333333333703e-01,4.494322240352630615e-01,0.000000000000000000e+00
2.280000000000000000e+04,5.553380846977233887e-01,8.148148148148147696e-01,4.334610104560852051e-01,0.000000000000000000e+00
2.281000000000000000e+04,5.678440332412719727e-01,8.333333333333333703e-01,4.426299929618835449e-01,0.000000000000000000e+00
2.282000000000000000e+04,5.661549568176269531e-01,7.962962962962962798e-01,4.358521401882171631e-01,0.000000000000000000e+00
2.283000000000000000e+04,5.657551884651184082e-01,8.333333333333333703e-01,4.511195123195648193e-01,0.000000000000000000e+00
2.284000000000000000e+04,5.571755766868591309e-01,7.962962962962962798e-01,4.116683006286621094e-01,0.000000000000000000e+00
2.285000000000000000e+04,5.917348265647888184e-01,7.407407407407406996e-01,4.654723405838012695e-01,0.000000000000000000e+00
2.286000000000000000e+04,5.562962889671325684e-01,8.333333333333333703e-01,4.246701300144195557e-01,0.000000000000000000e+00
2.287000000000000000e+04,5.614053606986999512e-01,8.333333333333333703e-01,4.395181536674499512e-01,0.000000000000000000e+00
2.288000000000000000e+04,5.570501685142517090e-01,8.333333333333333703e-01,4.156670272350311279e-01,0.000000000000000000e+00
2.289000000000000000e+04,5.432930588722229004e-01,8.703703703703703498e-01,4.266805350780487061e-01,0.000000000000000000e+00
2.290000000000000000e+04,5.406178236007690430e-01,7.962962962962962798e-01,4.073908329010009766e-01,0.000000000000000000e+00
2.291000000000000000e+04,5.479943752288818359e-01,8.333333333333333703e-01,4.210210740566253662e-01,0.000000000000000000e+00
2.292000000000000000e+04,5.462030172348022461e-01,7.592592592592593004e-01,4.256393909454345703e-01,0.000000000000000000e+00
2.293000000000000000e+04,5.731922984123229980e-01,8.148148148148147696e-01,4.532075226306915283e-01,0.000000000000000000e+00
2.294000000000000000e+04,5.503243803977966309e-01,8.148148148148147696e-01,4.303537905216217041e-01,0.000000000000000000e+00
2.295000000000000000e+04,5.502046346664428711e-01,8.148148148148147696e-01,4.352684617042541504e-01,0.000000000000000000e+00
2.296000000000000000e+04,5.695298910140991211e-01,8.518518518518518601e-01,4.515349566936492920e-01,0.000000000000000000e+00
2.297000000000000000e+04,5.510888695716857910e-01,8.148148148148147696e-01,4.293462336063385010e-01,0.000000000000000000e+00
2.298000000000000000e+04,5.413420200347900391e-01,8.148148148148147696e-01,4.040785431861877441e-01,0.000000000000000000e+00
2.299000000000000000e+04,5.776670575141906738e-01,7.962962962962962798e-01,4.541173577308654785e-01,0.000000000000000000e+00
2.300000000000000000e+04,5.602051615715026855e-01,7.962962962962962798e-01,4.316999018192291260e-01,0.000000000000000000e+00
2.301000000000000000e+04,5.563779473304748535e-01,8.148148148148147696e-01,4.200288951396942139e-01,0.000000000000000000e+00
2.302000000000000000e+04,5.658347010612487793e-01,8.333333333333333703e-01,4.502139389514923096e-01,0.000000000000000000e+00
2.303000000000000000e+04,5.464720129966735840e-01,7.777777777777777901e-01,4.322450757026672363e-01,0.000000000000000000e+00
2.304000000000000000e+04,5.369514226913452148e-01,7.962962962962962798e-01,4.029113650321960449e-01,0.000000000000000000e+00
2.305000000000000000e+04,5.446476936340332031e-01,8.148148148148147696e-01,4.221809208393096924e-01,0.000000000000000000e+00
2.306000000000000000e+04,5.415136218070983887e-01,7.777777777777777901e-01,4.296250343322753906e-01,0.000000000000000000e+00
2.307000000000000000e+04,5.323941707611083984e-01,7.222222222222222099e-01,4.010747969150543213e-01,0.000000000000000000e+00
2.308000000000000000e+04,5.282183289527893066e-01,7.962962962962962798e-01,4.127787351608276367e-01,0.000000000000000000e+00
2.309000000000000000e+04,5.497342944145202637e-01,8.148148148148147696e-01,4.188627302646636963e-01,0.000000000000000000e+00
2.310000000000000000e+04,5.424935817718505859e-01,7.962962962962962798e-01,4.016329348087310791e-01,0.000000000000000000e+00
2.311000000000000000e+04,5.466921925544738770e-01,7.222222222222222099e-01,4.044962823390960693e-01,0.000000000000000000e+00
2.312000000000000000e+04,5.512502193450927734e-01,8.333333333333333703e-01,4.165951311588287354e-01,0.000000000000000000e+00
2.313000000000000000e+04,5.280770659446716309e-01,8.148148148148147696e-01,3.923291862010955811e-01,0.000000000000000000e+00
2.314000000000000000e+04,5.465505123138427734e-01,7.962962962962962798e-01,4.238660037517547607e-01,0.000000000000000000e+00
2.315000000000000000e+04,5.408840775489807129e-01,7.592592592592593004e-01,4.073028564453125000e-01,0.000000000000000000e+00
2.316000000000000000e+04,5.442338585853576660e-01,7.777777777777777901e-01,4.264990985393524170e-01,0.000000000000000000e+00
2.317000000000000000e+04,5.323473811149597168e-01,8.333333333333333703e-01,3.992116451263427734e-01,0.000000000000000000e+00
2.318000000000000000e+04,5.432106852531433105e-01,8.333333333333333703e-01,4.273012578487396240e-01,0.000000000000000000e+00
2.319000000000000000e+04,5.412157773971557617e-01,8.148148148148147696e-01,4.174441993236541748e-01,0.000000000000000000e+00
2.320000000000000000e+04,5.213792324066162109e-01,7.962962962962962798e-01,3.908750116825103760e-01,0.000000000000000000e+00
2.321000000000000000e+04,5.603572130203247070e-01,8.333333333333333703e-01,4.326656162738800049e-01,0.000000000000000000e+00
2.322000000000000000e+04,5.670918822288513184e-01,8.333333333333333703e-01,4.538400471210479736e-01,0.000000000000000000e+00
2.323000000000000000e+04,5.589870810508728027e-01,7.777777777777777901e-01,4.234358668327331543e-01,0.000000000000000000e+00
2.324000000000000000e+04,5.693607926368713379e-01,8.333333333333333703e-01,4.370657205581665039e-01,0.000000000000000000e+00
2.325000000000000000e+04,5.701298117637634277e-01,7.592592592592593004e-01,4.397543966770172119e-01,0.000000000000000000e+00
2.326000000000000000e+04,5.417139530181884766e-01,8.333333333333333703e-01,4.066070020198822021e-01,0.000000000000000000e+00
2.327000000000000000e+04,5.487296581268310547e-01,7.777777777777777901e-01,4.154572784900665283e-01,0.000000000000000000e+00
2.328000000000000000e+04,5.535069108009338379e-01,7.777777777777777901e-01,4.419559240341186523e-01,0.000000000000000000e+00
2.329000000000000000e+04,5.433871150016784668e-01,8.333333333333333703e-01,4.129169881343841553e-01,0.000000000000000000e+00
2.330000000000000000e+04,5.539947748184204102e-01,8.148148148148147696e-01,4.413088560104370117e-01,0.000000000000000000e+00
2.331000000000000000e+04,5.399344563484191895e-01,8.148148148148147696e-01,4.300699830055236816e-01,0.000000000000000000e+00
2.332000000000000000e+04,5.460028648376464844e-01,8.148148148148147696e-01,4.137097299098968506e-01,0.000000000000000000e+00
2.333000000000000000e+04,5.544002652168273926e-01,8.148148148148147696e-01,4.293282628059387207e-01,0.000000000000000000e+00
2.334000000000000000e+04,5.461995005607604980e-01,7.592592592592593004e-01,4.311960339546203613e-01,0.000000000000000000e+00
2.335000000000000000e+04,5.349441170692443848e-01,7.407407407407406996e-01,4.046982824802398682e-01,0.000000000000000000e+00
2.336000000000000000e+04,5.436636805534362793e-01,7.962962962962962798e-01,4.143427908420562744e-01,0.000000000000000000e+00
2.337000000000000000e+04,5.689026713371276855e-01,8.148148148148147696e-01,4.532595872879028320e-01,0.000000000000000000e+00
2.338000000000000000e+04,5.386763215065002441e-01,7.777777777777777901e-01,4.065352976322174072e-01,0.000000000000000000e+00
2.339000000000000000e+04,5.482933521270751953e-01,7.962962962962962798e-01,4.290057122707366943e-01,0.000000000000000000e+00
2.340000000000000000e+04,5.504792928695678711e-01,7.962962962962962798e-01,4.367064237594604492e-01,0.000000000000000000e+00
2.341000000000000000e+04,5.474824905395507812e-01,8.333333333333333703e-01,4.197950959205627441e-01,0.000000000000000000e+00
2.342000000000000000e+04,5.448132753372192383e-01,7.777777777777777901e-01,4.278008341789245605e-01,0.000000000000000000e+00
2.343000000000000000e+04,5.503271818161010742e-01,7.407407407407406996e-01,4.336218237876892090e-01,0.000000000000000000e+00
2.344000000000000000e+04,5.357254743576049805e-01,7.962962962962962798e-01,4.090552031993865967e-01,0.000000000000000000e+00
2.345000000000000000e+04,5.544725656509399414e-01,8.148148148148147696e-01,4.196695089340209961e-01,0.000000000000000000e+00
2.346000000000000000e+04,5.273560285568237305e-01,8.148148148148147696e-01,3.912996649742126465e-01,0.000000000000000000e+00
2.347000000000000000e+04,5.347961783409118652e-01,7.777777777777777901e-01,4.091085791587829590e-01,0.000000000000000000e+00
2.348000000000000000e+04,5.459711551666259766e-01,7.962962962962962798e-01,4.226393997669219971e-01,0.000000000000000000e+00
2.349000000000000000e+04,5.252106785774230957e-01,7.962962962962962798e-01,4.123825132846832275e-01,0.000000000000000000e+00
2.350000000000000000e+04,5.397907495498657227e-01,7.777777777777777901e-01,4.247612357139587402e-01,0.000000000000000000e+00
2.351000000000000000e+04,5.383319258689880371e-01,7.222222222222222099e-01,4.154841005802154541e-01,0.000000000000000000e+00
2.352000000000000000e+04,5.623855590820312500e-01,8.333333333333333703e-01,4.336020946502685547e-01,0.000000000000000000e+00
2.353000000000000000e+04,5.508551597595214844e-01,7.222222222222222099e-01,4.175852537155151367e-01,0.000000000000000000e+00
2.354000000000000000e+04,5.473477840423583984e-01,7.777777777777777901e-01,4.126828908920288086e-01,0.000000000000000000e+00
2.355000000000000000e+04,5.451192259788513184e-01,7.592592592592593004e-01,4.156384468078613281e-01,0.000000000000000000e+00
2.356000000000000000e+04,5.498726963996887207e-01,7.592592592592593004e-01,4.252179861068725586e-01,0.000000000000000000e+00
2.357000000000000000e+04,5.538789033889770508e-01,7.962962962962962798e-01,4.168091416358947754e-01,0.000000000000000000e+00
2.358000000000000000e+04,5.433169007301330566e-01,7.407407407407406996e-01,4.077729284763336182e-01,0.000000000000000000e+00
2.359000000000000000e+04,5.369353890419006348e-01,7.407407407407406996e-01,3.976074457168579102e-01,0.000000000000000000e+00
2.360000000000000000e+04,5.291319489479064941e-01,7.407407407407406996e-01,3.776047527790069580e-01,0.000000000000000000e+00
2.361000000000000000e+04,5.396168828010559082e-01,7.777777777777777901e-01,3.953676223754882812e-01,0.000000000000000000e+00
2.362000000000000000e+04,5.377683639526367188e-01,7.407407407407406996e-01,4.015323519706726074e-01,0.000000000000000000e+00
2.363000000000000000e+04,5.698046684265136719e-01,7.777777777777777901e-01,4.365609884262084961e-01,0.000000000000000000e+00
2.364000000000000000e+04,5.401486754417419434e-01,7.592592592592593004e-01,3.918147385120391846e-01,0.000000000000000000e+00
2.365000000000000000e+04,5.451324582099914551e-01,7.777777777777777901e-01,4.076817333698272705e-01,0.000000000000000000e+00
2.366000000000000000e+04,5.541179776191711426e-01,7.777777777777777901e-01,4.179388284683227539e-01,0.000000000000000000e+00
2.367000000000000000e+04,5.503170490264892578e-01,7.037037037037037202e-01,4.116634130477905273e-01,0.000000000000000000e+00
2.368000000000000000e+04,5.385748744010925293e-01,7.592592592592593004e-01,3.959667980670928955e-01,0.000000000000000000e+00
2.369000000000000000e+04,5.404478311538696289e-01,7.222222222222222099e-01,3.877563476562500000e-01,0.000000000000000000e+00
2.370000000000000000e+04,5.636665821075439453e-01,7.962962962962962798e-01,4.361859560012817383e-01,0.000000000000000000e+00
2.371000000000000000e+04,5.632515549659729004e-01,7.777777777777777901e-01,4.284244477748870850e-01,0.000000000000000000e+00
2.372000000000000000e+04,5.993344783782958984e-01,7.407407407407406996e-01,4.680692255496978760e-01,0.000000000000000000e+00
2.373000000000000000e+04,5.877683162689208984e-01,7.962962962962962798e-01,4.666198790073394775e-01,0.000000000000000000e+00
2.374000000000000000e+04,5.748533010482788086e-01,8.148148148148147696e-01,4.524420201778411865e-01,0.000000000000000000e+00
2.375000000000000000e+04,5.792605876922607422e-01,8.148148148148147696e-01,4.388762116432189941e-01,0.000000000000000000e+00
2.376000000000000000e+04,5.940862298011779785e-01,7.592592592592593004e-01,4.547173678874969482e-01,0.000000000000000000e+00
2.377000000000000000e+04,5.741321444511413574e-01,8.333333333333333703e-01,4.452631771564483643e-01,0.000000000000000000e+00
2.378000000000000000e+04,5.539624691009521484e-01,7.962962962962962798e-01,4.070904552936553955e-01,0.000000000000000000e+00
2.379000000000000000e+04,5.552365779876708984e-01,8.148148148148147696e-01,4.236797690391540527e-01,0.000000000000000000e+00
2.380000000000000000e+04,5.515985488891601562e-01,8.148148148148147696e-01,4.107155501842498779e-01,0.000000000000000000e+00
2.381000000000000000e+04,5.285065174102783203e-01,7.777777777777777901e-01,3.744177222251892090e-01,0.000000000000000000e+00
2.382000000000000000e+04,5.448730587959289551e-01,7.777777777777777901e-01,4.007447063922882080e-01,0.000000000000000000e+00
2.383000000000000000e+04,5.538880228996276855e-01,7.777777777777777901e-01,4.105283021926879883e-01,0.000000000000000000e+00
2.384000000000000000e+04,5.622227787971496582e-01,7.777777777777777901e-01,4.032480418682098389e-01,0.000000000000000000e+00
2.385000000000000000e+04,5.570432543754577637e-01,7.592592592592593004e-01,3.813584744930267334e-01,0.000000000000000000e+00
2.386000000000000000e+04,5.466714501380920410e-01,7.962962962962962798e-01,4.025216996669769287e-01,0.000000000000000000e+00
2.387000000000000000e+04,5.836097598075866699e-01,7.592592592592593004e-01,4.276802539825439453e-01,0.000000000000000000e+00
2.388000000000000000e+04,5.675844550132751465e-01,8.148148148148147696e-01,4.418379664421081543e-01,0.000000000000000000e+00
2.389000000000000000e+04,5.632143616676330566e-01,8.333333333333333703e-01,4.412292242050170898e-01,0.000000000000000000e+00
2.390000000000000000e+04,5.658221840858459473e-01,8.333333333333333703e-01,4.493615329265594482e-01,0.000000000000000000e+00
2.391000000000000000e+04,5.666836500167846680e-01,7.962962962962962798e-01,4.392961263656616211e-01,0.000000000000000000e+00
2.392000000000000000e+04,5.712119340896606445e-01,8.333333333333333703e-01,4.429168701171875000e-01,0.000000000000000000e+00
2.393000000000000000e+04,5.746849179267883301e-01,7.592592592592593004e-01,4.391083419322967529e-01,0.000000000000000000e+00
2.394000000000000000e+04,5.497406125068664551e-01,7.962962962962962798e-01,4.185263514518737793e-01,0.000000000000000000e+00
2.395000000000000000e+04,5.583365559577941895e-01,7.777777777777777901e-01,4.241455793380737305e-01,0.000000000000000000e+00
2.396000000000000000e+04,5.645178556442260742e-01,8.333333333333333703e-01,4.423238635063171387e-01,0.000000000000000000e+00
2.397000000000000000e+04,5.508800148963928223e-01,7.962962962962962798e-01,4.308055341243743896e-01,0.000000000000000000e+00
2.398000000000000000e+04,5.666463375091552734e-01,7.962962962962962798e-01,4.455466866493225098e-01,0.000000000000000000e+00
2.399000000000000000e+04,5.557606816291809082e-01,8.148148148148147696e-01,4.433714151382446289e-01,0.000000000000000000e+00
2.400000000000000000e+04,5.794540643692016602e-01,7.777777777777777901e-01,4.530148804187774658e-01,0.000000000000000000e+00
2.401000000000000000e+04,5.596573352813720703e-01,7.962962962962962798e-01,4.380122721195220947e-01,0.000000000000000000e+00
2.402000000000000000e+04,5.453886985778808594e-01,8.148148148148147696e-01,4.252787828445434570e-01,0.000000000000000000e+00
2.403000000000000000e+04,5.452218055725097656e-01,7.592592592592593004e-01,4.305371642112731934e-01,0.000000000000000000e+00
2.404000000000000000e+04,5.612599849700927734e-01,7.962962962962962798e-01,4.486796557903289795e-01,0.000000000000000000e+00
2.405000000000000000e+04,5.685400366783142090e-01,8.148148148148147696e-01,4.457351565361022949e-01,0.000000000000000000e+00
2.406000000000000000e+04,5.537766814231872559e-01,7.962962962962962798e-01,4.352512061595916748e-01,0.000000000000000000e+00
2.407000000000000000e+04,5.506058335304260254e-01,7.962962962962962798e-01,4.171372056007385254e-01,0.000000000000000000e+00
2.408000000000000000e+04,5.479793548583984375e-01,7.962962962962962798e-01,4.109098911285400391e-01,0.000000000000000000e+00
2.409000000000000000e+04,5.425922274589538574e-01,7.777777777777777901e-01,4.060787558555603027e-01,0.000000000000000000e+00
2.410000000000000000e+04,5.535387396812438965e-01,7.962962962962962798e-01,4.215011000633239746e-01,0.000000000000000000e+00
2.411000000000000000e+04,5.482135415077209473e-01,7.962962962962962798e-01,4.066412448883056641e-01,0.000000000000000000e+00
2.412000000000000000e+04,5.590890645980834961e-01,7.777777777777777901e-01,4.151445925235748291e-01,0.000000000000000000e+00
2.413000000000000000e+04,5.412119030952453613e-01,7.962962962962962798e-01,3.847775459289550781e-01,0.000000000000000000e+00
2.414000000000000000e+04,5.497153997421264648e-01,7.962962962962962798e-01,4.091539680957794189e-01,0.000000000000000000e+00
2.415000000000000000e+04,5.412253141403198242e-01,8.148148148148147696e-01,3.957720398902893066e-01,0.000000000000000000e+00
2.416000000000000000e+04,5.395044088363647461e-01,7.592592592592593004e-01,4.000289440155029297e-01,0.000000000000000000e+00
2.417000000000000000e+04,5.246629118919372559e-01,8.148148148148147696e-01,3.787748217582702637e-01,0.000000000000000000e+00
2.418000000000000000e+04,5.291895270347595215e-01,8.148148148148147696e-01,3.986364006996154785e-01,0.000000000000000000e+00
2.419000000000000000e+04,5.349101424217224121e-01,7.777777777777777901e-01,3.755713105201721191e-01,0.000000000000000000e+00
2.420000000000000000e+04,5.464284420013427734e-01,7.962962962962962798e-01,4.080086648464202881e-01,0.000000000000000000e+00
2.421000000000000000e+04,5.391505956649780273e-01,7.777777777777777901e-01,3.717672228813171387e-01,0.000000000000000000e+00
2.422000000000000000e+04,5.200203657150268555e-01,8.148148148148147696e-01,3.646104335784912109e-01,0.000000000000000000e+00
2.423000000000000000e+04,5.485875606536865234e-01,7.962962962962962798e-01,3.746531903743743896e-01,0.000000000000000000e+00
2.424000000000000000e+04,5.311803817749023438e-01,7.962962962962962798e-01,3.598945140838623047e-01,0.000000000000000000e+00
2.425000000000000000e+04,5.464543700218200684e-01,8.148148148148147696e-01,3.914305269718170166e-01,0.000000000000000000e+00
2.426000000000000000e+04,5.445533394813537598e-01,7.777777777777777901e-01,3.976899385452270508e-01,0.000000000000000000e+00
2.427000000000000000e+04,5.612819790840148926e-01,7.777777777777777901e-01,4.134332835674285889e-01,0.000000000000000000e+00
2.428000000000000000e+04,5.457580089569091797e-01,7.962962962962962798e-01,4.064914286136627197e-01,0.000000000000000000e+00
2.429000000000000000e+04,5.460489392280578613e-01,7.592592592592593004e-01,3.830026686191558838e-01,0.000000000000000000e+00
2.430000000000000000e+04,5.279085636138916016e-01,7.962962962962962798e-01,3.409129083156585693e-01,0.000000000000000000e+00
2.431000000000000000e+04,5.457921028137207031e-01,7.962962962962962798e-01,3.687028884887695312e-01,0.000000000000000000e+00
2.432000000000000000e+04,5.797499418258666992e-01,7.592592592592593004e-01,4.089933633804321289e-01,0.000000000000000000e+00
2.433000000000000000e+04,5.511858463287353516e-01,7.592592592592593004e-01,3.577252030372619629e-01,0.000000000000000000e+00
2.434000000000000000e+04,5.531750321388244629e-01,7.777777777777777901e-01,3.519156873226165771e-01,0.000000000000000000e+00
2.435000000000000000e+04,5.575863122940063477e-01,7.777777777777777901e-01,3.480840325355529785e-01,0.000000000000000000e+00
2.436000000000000000e+04,5.603648424148559570e-01,7.592592592592593004e-01,3.530985713005065918e-01,0.000000000000000000e+00
2.437000000000000000e+04,5.634093880653381348e-01,7.592592592592593004e-01,3.766594231128692627e-01,0.000000000000000000e+00
2.438000000000000000e+04,5.854354500770568848e-01,7.962962962962962798e-01,4.070852100849151611e-01,0.000000000000000000e+00
2.439000000000000000e+04,5.627492070198059082e-01,7.592592592592593004e-01,3.733753859996795654e-01,0.000000000000000000e+00
2.440000000000000000e+04,5.742689371109008789e-01,7.777777777777777901e-01,3.996798992156982422e-01,0.000000000000000000e+00
2.441000000000000000e+04,5.634884834289550781e-01,7.962962962962962798e-01,3.941528201103210449e-01,0.000000000000000000e+00
2.442000000000000000e+04,5.763912796974182129e-01,7.592592592592593004e-01,3.765111267566680908e-01,0.000000000000000000e+00
2.443000000000000000e+04,5.682099461555480957e-01,7.962962962962962798e-01,3.816082775592803955e-01,0.000000000000000000e+00
2.444000000000000000e+04,5.909363031387329102e-01,7.592592592592593004e-01,4.374466836452484131e-01,0.000000000000000000e+00
2.445000000000000000e+04,5.716405510902404785e-01,7.962962962962962798e-01,4.372087717056274414e-01,0.000000000000000000e+00
2.446000000000000000e+04,5.904120206832885742e-01,7.407407407407406996e-01,4.410392343997955322e-01,0.000000000000000000e+00
2.447000000000000000e+04,5.869228243827819824e-01,7.777777777777777901e-01,4.175219237804412842e-01,0.000000000000000000e+00
2.448000000000000000e+04,5.774696469306945801e-01,7.962962962962962798e-01,4.132598638534545898e-01,0.000000000000000000e+00
2.449000000000000000e+04,5.735263824462890625e-01,7.592592592592593004e-01,3.995805382728576660e-01,0.000000000000000000e+00
2.450000000000000000e+04,5.681902170181274414e-01,8.148148148148147696e-01,4.097673594951629639e-01,0.000000000000000000e+00
2.451000000000000000e+04,5.568464994430541992e-01,7.592592592592593004e-01,4.136574864387512207e-01,0.000000000000000000e+00
2.452000000000000000e+04,5.649903416633605957e-01,7.777777777777777901e-01,3.965637981891632080e-01,0.000000000000000000e+00
2.453000000000000000e+04,5.740516781806945801e-01,7.592592592592593004e-01,4.352332651615142822e-01,0.000000000000000000e+00
2.454000000000000000e+04,5.730760097503662109e-01,7.962962962962962798e-01,4.263212680816650391e-01,0.000000000000000000e+00
2.455000000000000000e+04,5.651074051856994629e-01,7.222222222222222099e-01,4.165449440479278564e-01,0.000000000000000000e+00
2.456000000000000000e+04,5.674853920936584473e-01,7.962962962962962798e-01,4.212720692157745361e-01,0.000000000000000000e+00
2.457000000000000000e+04,5.722512602806091309e-01,7.777777777777777901e-01,4.284352660179138184e-01,0.000000000000000000e+00
2.458000000000000000e+04,5.713438391685485840e-01,8.148148148148147696e-01,4.235460460186004639e-01,0.000000000000000000e+00
2.459000000000000000e+04,5.594608783721923828e-01,7.777777777777777901e-01,4.101538658142089844e-01,0.000000000000000000e+00
2.460000000000000000e+04,5.787990689277648926e-01,7.962962962962962798e-01,4.228150546550750732e-01,0.000000000000000000e+00
2.461000000000000000e+04,5.900426506996154785e-01,7.777777777777777901e-01,4.440644979476928711e-01,0.000000000000000000e+00
2.462000000000000000e+04,5.931527018547058105e-01,7.592592592592593004e-01,4.393243789672851562e-01,0.000000000000000000e+00
2.463000000000000000e+04,5.847858786582946777e-01,7.962962962962962798e-01,4.313970208168029785e-01,0.000000000000000000e+00
2.464000000000000000e+04,6.032460927963256836e-01,7.777777777777777901e-01,4.338929355144500732e-01,0.000000000000000000e+00
2.465000000000000000e+04,5.807468891143798828e-01,7.777777777777777901e-01,4.301306009292602539e-01,0.000000000000000000e+00
2.466000000000000000e+04,5.831540226936340332e-01,7.962962962962962798e-01,4.181512892246246338e-01,0.000000000000000000e+00
2.467000000000000000e+04,5.926876068115234375e-01,7.962962962962962798e-01,4.314933419227600098e-01,0.000000000000000000e+00
2.468000000000000000e+04,6.013508439064025879e-01,7.777777777777777901e-01,4.436805248260498047e-01,0.000000000000000000e+00
2.469000000000000000e+04,5.776149034500122070e-01,7.777777777777777901e-01,4.083780646324157715e-01,0.000000000000000000e+00
2.470000000000000000e+04,5.835769772529602051e-01,7.777777777777777901e-01,3.921059966087341309e-01,0.000000000000000000e+00
2.471000000000000000e+04,5.952727794647216797e-01,7.777777777777777901e-01,4.086865484714508057e-01,0.000000000000000000e+00
2.472000000000000000e+04,5.867363810539245605e-01,7.777777777777777901e-01,4.327878355979919434e-01,0.000000000000000000e+00
2.473000000000000000e+04,5.775807499885559082e-01,7.777777777777777901e-01,4.092314839363098145e-01,0.000000000000000000e+00
2.474000000000000000e+04,5.702452063560485840e-01,7.777777777777777901e-01,3.985837399959564209e-01,0.000000000000000000e+00
2.475000000000000000e+04,5.768851041793823242e-01,7.777777777777777901e-01,4.142323136329650879e-01,0.000000000000000000e+00
2.476000000000000000e+04,5.801855921745300293e-01,7.962962962962962798e-01,4.262338280677795410e-01,0.000000000000000000e+00
2.477000000000000000e+04,5.915513634681701660e-01,7.592592592592593004e-01,4.240226149559020996e-01,0.000000000000000000e+00
2.478000000000000000e+04,5.850151181221008301e-01,7.407407407407406996e-01,4.388936460018157959e-01,0.000000000000000000e+00
2.479000000000000000e+04,5.787454843521118164e-01,7.777777777777777901e-01,4.235633313655853271e-01,0.000000000000000000e+00
2.480000000000000000e+04,5.861871838569641113e-01,7.962962962962962798e-01,4.650082588195800781e-01,0.000000000000000000e+00
2.481000000000000000e+04,5.665454268455505371e-01,7.962962962962962798e-01,4.204277992248535156e-01,0.000000000000000000e+00
2.482000000000000000e+04,5.383265614509582520e-01,8.518518518518518601e-01,4.082715511322021484e-01,0.000000000000000000e+00
2.483000000000000000e+04,5.419706702232360840e-01,7.777777777777777901e-01,4.239944219589233398e-01,0.000000000000000000e+00
2.484000000000000000e+04,5.340644121170043945e-01,8.333333333333333703e-01,3.951672017574310303e-01,0.000000000000000000e+00
2.485000000000000000e+04,5.733063220977783203e-01,8.148148148148147696e-01,4.456384181976318359e-01,0.000000000000000000e+00
2.486000000000000000e+04,5.573196411132812500e-01,8.518518518518518601e-01,4.210546314716339111e-01,0.000000000000000000e+00
2.487000000000000000e+04,5.771570801734924316e-01,8.333333333333333703e-01,4.511354863643646240e-01,0.000000000000000000e+00
2.488000000000000000e+04,5.447592735290527344e-01,7.407407407407406996e-01,4.113353192806243896e-01,0.000000000000000000e+00
2.489000000000000000e+04,5.736086368560791016e-01,8.148148148148147696e-01,4.303229451179504395e-01,0.000000000000000000e+00
2.490000000000000000e+04,5.702584981918334961e-01,8.518518518518518601e-01,4.139018952846527100e-01,0.000000000000000000e+00
2.491000000000000000e+04,5.598028302192687988e-01,8.148148148148147696e-01,4.128360748291015625e-01,0.000000000000000000e+00
2.492000000000000000e+04,5.542185902595520020e-01,7.592592592592593004e-01,4.103325903415679932e-01,0.000000000000000000e+00
2.493000000000000000e+04,5.922760367393493652e-01,7.592592592592593004e-01,4.661424458026885986e-01,0.000000000000000000e+00
2.494000000000000000e+04,5.494167804718017578e-01,8.333333333333333703e-01,4.009753167629241943e-01,0.000000000000000000e+00
2.495000000000000000e+04,5.662516951560974121e-01,7.962962962962962798e-01,4.527598023414611816e-01,0.000000000000000000e+00
2.496000000000000000e+04,5.810588598251342773e-01,7.592592592592593004e-01,4.692604839801788330e-01,0.000000000000000000e+00
2.497000000000000000e+04,5.713669657707214355e-01,7.777777777777777901e-01,4.311503469944000244e-01,0.000000000000000000e+00
2.498000000000000000e+04,5.644794702529907227e-01,7.962962962962962798e-01,4.181991517543792725e-01,0.000000000000000000e+00
2.499000000000000000e+04,5.725849270820617676e-01,8.333333333333333703e-01,4.381728768348693848e-01,0.000000000000000000e+00
2.500000000000000000e+04,5.707059502601623535e-01,8.518518518518518601e-01,4.241638481616973877e-01,0.000000000000000000e+00
2.501000000000000000e+04,5.941134691238403320e-01,7.592592592592593004e-01,4.742747545242309570e-01,0.000000000000000000e+00
2.502000000000000000e+04,5.781683921813964844e-01,7.962962962962962798e-01,4.598996341228485107e-01,0.000000000000000000e+00
2.503000000000000000e+04,5.811090469360351562e-01,8.148148148148147696e-01,4.692707359790802002e-01,0.000000000000000000e+00
2.504000000000000000e+04,5.753788352012634277e-01,8.148148148148147696e-01,4.588997960090637207e-01,0.000000000000000000e+00
2.505000000000000000e+04,5.778467655181884766e-01,7.777777777777777901e-01,4.533610939979553223e-01,0.000000000000000000e+00
2.506000000000000000e+04,5.921941995620727539e-01,8.148148148148147696e-01,4.654225409030914307e-01,0.000000000000000000e+00
2.507000000000000000e+04,5.684461593627929688e-01,8.333333333333333703e-01,4.551717936992645264e-01,0.000000000000000000e+00
2.508000000000000000e+04,5.469107031822204590e-01,8.148148148148147696e-01,4.143678247928619385e-01,0.000000000000000000e+00
2.509000000000000000e+04,5.678713321685791016e-01,7.962962962962962798e-01,4.459269642829895020e-01,0.000000000000000000e+00
2.510000000000000000e+04,5.919688344001770020e-01,7.962962962962962798e-01,4.948354363441467285e-01,0.000000000000000000e+00
2.511000000000000000e+04,5.983549356460571289e-01,8.148148148148147696e-01,5.011700391769409180e-01,0.000000000000000000e+00
2.512000000000000000e+04,5.893662571907043457e-01,8.148148148148147696e-01,4.742154777050018311e-01,0.000000000000000000e+00
2.513000000000000000e+04,5.763733386993408203e-01,7.592592592592593004e-01,4.240149557590484619e-01,0.000000000000000000e+00
2.514000000000000000e+04,5.677363872528076172e-01,7.962962962962962798e-01,4.414221346378326416e-01,0.000000000000000000e+00
2.515000000000000000e+04,5.474663972854614258e-01,7.592592592592593004e-01,4.121843874454498291e-01,0.000000000000000000e+00
2.516000000000000000e+04,5.568363070487976074e-01,8.148148148148147696e-01,4.286873042583465576e-01,0.000000000000000000e+00
2.517000000000000000e+04,5.410277843475341797e-01,7.962962962962962798e-01,4.091481864452362061e-01,0.000000000000000000e+00
2.518000000000000000e+04,5.679996013641357422e-01,8.333333333333333703e-01,4.408135414123535156e-01,0.000000000000000000e+00
2.519000000000000000e+04,5.637199878692626953e-01,8.333333333333333703e-01,4.309268295764923096e-01,0.000000000000000000e+00
2.520000000000000000e+04,5.708826184272766113e-01,7.962962962962962798e-01,4.509597122669219971e-01,0.000000000000000000e+00
2.521000000000000000e+04,5.673835873603820801e-01,8.148148148148147696e-01,4.561298787593841553e-01,0.000000000000000000e+00
2.522000000000000000e+04,5.668922066688537598e-01,8.148148148148147696e-01,4.408271908760070801e-01,0.000000000000000000e+00
2.523000000000000000e+04,5.654776692390441895e-01,7.962962962962962798e-01,4.520302116870880127e-01,0.000000000000000000e+00
2.524000000000000000e+04,5.554834604263305664e-01,8.148148148148147696e-01,4.376668632030487061e-01,0.000000000000000000e+00
2.525000000000000000e+04,5.559563040733337402e-01,7.592592592592593004e-01,4.186278879642486572e-01,0.000000000000000000e+00
2.526000000000000000e+04,5.561677217483520508e-01,7.592592592592593004e-01,4.328730404376983643e-01,0.000000000000000000e+00
2.527000000000000000e+04,5.593037009239196777e-01,7.962962962962962798e-01,4.017527997493743896e-01,0.000000000000000000e+00
2.528000000000000000e+04,5.939043760299682617e-01,7.962962962962962798e-01,4.693322479724884033e-01,0.000000000000000000e+00
2.529000000000000000e+04,5.782063603401184082e-01,8.148148148148147696e-01,4.541409909725189209e-01,0.000000000000000000e+00
2.530000000000000000e+04,5.850719213485717773e-01,8.148148148148147696e-01,4.583397209644317627e-01,0.000000000000000000e+00
2.531000000000000000e+04,5.572990179061889648e-01,8.333333333333333703e-01,4.308587014675140381e-01,0.000000000000000000e+00
2.532000000000000000e+04,5.640605688095092773e-01,7.592592592592593004e-01,4.176106452941894531e-01,0.000000000000000000e+00
2.533000000000000000e+04,5.477428436279296875e-01,7.777777777777777901e-01,4.104658067226409912e-01,0.000000000000000000e+00
2.534000000000000000e+04,5.271469354629516602e-01,8.148148148148147696e-01,3.562482595443725586e-01,0.000000000000000000e+00
2.535000000000000000e+04,5.555542111396789551e-01,7.777777777777777901e-01,4.302312135696411133e-01,0.000000000000000000e+00
2.536000000000000000e+04,5.571845173835754395e-01,7.592592592592593004e-01,4.074015915393829346e-01,0.000000000000000000e+00
2.537000000000000000e+04,5.448723435401916504e-01,7.777777777777777901e-01,3.931663632392883301e-01,0.000000000000000000e+00
2.538000000000000000e+04,5.692334771156311035e-01,7.592592592592593004e-01,4.232964813709259033e-01,0.000000000000000000e+00
2.539000000000000000e+04,5.547212362289428711e-01,8.148148148148147696e-01,4.148175120353698730e-01,0.000000000000000000e+00
2.540000000000000000e+04,5.548186302185058594e-01,7.962962962962962798e-01,4.193555712699890137e-01,0.000000000000000000e+00
2.541000000000000000e+04,5.571192502975463867e-01,7.962962962962962798e-01,4.241027534008026123e-01,0.000000000000000000e+00
2.542000000000000000e+04,5.489329695701599121e-01,8.148148148148147696e-01,4.125998616218566895e-01,0.000000000000000000e+00
2.543000000000000000e+04,5.399461984634399414e-01,7.592592592592593004e-01,4.087667763233184814e-01,0.000000000000000000e+00
2.544000000000000000e+04,5.501044988632202148e-01,7.037037037037037202e-01,4.075915813446044922e-01,0.000000000000000000e+00
2.545000000000000000e+04,5.838744640350341797e-01,7.592592592592593004e-01,4.655760526657104492e-01,0.000000000000000000e+00
2.546000000000000000e+04,5.663821101188659668e-01,7.962962962962962798e-01,4.396343231201171875e-01,0.000000000000000000e+00
2.547000000000000000e+04,5.616477727890014648e-01,7.962962962962962798e-01,4.166813492774963379e-01,0.000000000000000000e+00
2.548000000000000000e+04,5.584504008293151855e-01,7.037037037037037202e-01,4.082331657409667969e-01,0.000000000000000000e+00
2.549000000000000000e+04,5.499981641769409180e-01,7.962962962962962798e-01,4.258704185485839844e-01,0.000000000000000000e+00
2.550000000000000000e+04,5.596348047256469727e-01,8.148148148148147696e-01,4.281906187534332275e-01,0.000000000000000000e+00
2.551000000000000000e+04,5.572174191474914551e-01,7.777777777777777901e-01,4.277199208736419678e-01,0.000000000000000000e+00
2.552000000000000000e+04,5.729764103889465332e-01,7.777777777777777901e-01,4.300149083137512207e-01,0.000000000000000000e+00
2.553000000000000000e+04,5.614732503890991211e-01,7.777777777777777901e-01,4.283267557621002197e-01,0.000000000000000000e+00
2.554000000000000000e+04,5.575820207595825195e-01,7.777777777777777901e-01,4.171359241008758545e-01,0.000000000000000000e+00
2.555000000000000000e+04,5.700449347496032715e-01,7.777777777777777901e-01,4.343349933624267578e-01,0.000000000000000000e+00
2.556000000000000000e+04,5.771127939224243164e-01,7.592592592592593004e-01,4.469329118728637695e-01,0.000000000000000000e+00
2.557000000000000000e+04,5.769711136817932129e-01,7.407407407407406996e-01,4.337019622325897217e-01,0.000000000000000000e+00
2.558000000000000000e+04,5.708072781562805176e-01,7.777777777777777901e-01,4.432065188884735107e-01,0.000000000000000000e+00
2.559000000000000000e+04,5.671537518501281738e-01,7.592592592592593004e-01,4.327482283115386963e-01,0.000000000000000000e+00
2.560000000000000000e+04,5.763488411903381348e-01,7.592592592592593004e-01,4.337016940116882324e-01,0.000000000000000000e+00
2.561000000000000000e+04,5.794661641120910645e-01,7.222222222222222099e-01,3.947364985942840576e-01,0.000000000000000000e+00
2.562000000000000000e+04,5.810406208038330078e-01,7.777777777777777901e-01,4.293966293334960938e-01,0.000000000000000000e+00
2.563000000000000000e+04,5.851667523384094238e-01,7.777777777777777901e-01,4.328062832355499268e-01,0.000000000000000000e+00
2.564000000000000000e+04,5.954559445381164551e-01,7.962962962962962798e-01,4.511360526084899902e-01,0.000000000000000000e+00
2.565000000000000000e+04,5.897659063339233398e-01,7.592592592592593004e-01,4.061258137226104736e-01,0.000000000000000000e+00
2.566000000000000000e+04,5.823540687561035156e-01,7.777777777777777901e-01,4.132303595542907715e-01,0.000000000000000000e+00
2.567000000000000000e+04,5.941612720489501953e-01,7.777777777777777901e-01,3.876399993896484375e-01,0.000000000000000000e+00
2.568000000000000000e+04,5.876044631004333496e-01,7.592592592592593004e-01,3.944105207920074463e-01,0.000000000000000000e+00
2.569000000000000000e+04,5.881150960922241211e-01,7.962962962962962798e-01,3.983696103096008301e-01,0.000000000000000000e+00
2.570000000000000000e+04,5.955721139907836914e-01,7.962962962962962798e-01,3.841267526149749756e-01,0.000000000000000000e+00
2.571000000000000000e+04,5.989332795143127441e-01,7.777777777777777901e-01,3.626115322113037109e-01,0.000000000000000000e+00
2.572000000000000000e+04,5.880329012870788574e-01,7.777777777777777901e-01,3.976015150547027588e-01,0.000000000000000000e+00
2.573000000000000000e+04,5.767234563827514648e-01,7.592592592592593004e-01,3.706935644149780273e-01,0.000000000000000000e+00
2.574000000000000000e+04,5.930064320564270020e-01,8.333333333333333703e-01,3.933362662792205811e-01,0.000000000000000000e+00
2.575000000000000000e+04,5.862474441528320312e-01,7.962962962962962798e-01,3.810076415538787842e-01,0.000000000000000000e+00
2.576000000000000000e+04,6.055837869644165039e-01,7.962962962962962798e-01,4.108665585517883301e-01,0.000000000000000000e+00
2.577000000000000000e+04,5.815363526344299316e-01,7.592592592592593004e-01,4.001823961734771729e-01,0.000000000000000000e+00
2.578000000000000000e+04,5.760743021965026855e-01,7.962962962962962798e-01,3.844707012176513672e-01,0.000000000000000000e+00
2.579000000000000000e+04,5.699980854988098145e-01,7.777777777777777901e-01,3.769586682319641113e-01,0.000000000000000000e+00
2.580000000000000000e+04,5.718885064125061035e-01,8.148148148148147696e-01,3.731426596641540527e-01,0.000000000000000000e+00
2.581000000000000000e+04,5.938553810119628906e-01,7.777777777777777901e-01,3.938443362712860107e-01,0.000000000000000000e+00
2.582000000000000000e+04,5.897973775863647461e-01,7.407407407407406996e-01,3.750169575214385986e-01,0.000000000000000000e+00
2.583000000000000000e+04,6.025695800781250000e-01,7.592592592592593004e-01,3.961519002914428711e-01,0.000000000000000000e+00
2.584000000000000000e+04,5.721293091773986816e-01,7.777777777777777901e-01,3.709997832775115967e-01,0.000000000000000000e+00
2.585000000000000000e+04,5.588896870613098145e-01,8.148148148148147696e-01,3.798575401306152344e-01,0.000000000000000000e+00
2.586000000000000000e+04,5.583837628364562988e-01,7.777777777777777901e-01,3.717399239540100098e-01,0.000000000000000000e+00
2.587000000000000000e+04,5.357369780540466309e-01,7.962962962962962798e-01,3.529123067855834961e-01,0.000000000000000000e+00
2.588000000000000000e+04,5.411975979804992676e-01,7.222222222222222099e-01,3.843303918838500977e-01,0.000000000000000000e+00
2.589000000000000000e+04,5.505037903785705566e-01,7.592592592592593004e-01,3.827362060546875000e-01,0.000000000000000000e+00
2.590000000000000000e+04,5.642321705818176270e-01,7.592592592592593004e-01,3.843580782413482666e-01,0.000000000000000000e+00
2.591000000000000000e+04,5.572856068611145020e-01,7.592592592592593004e-01,3.886934220790863037e-01,0.000000000000000000e+00
2.592000000000000000e+04,5.752347707748413086e-01,7.222222222222222099e-01,4.054023921489715576e-01,0.000000000000000000e+00
2.593000000000000000e+04,5.720176696777343750e-01,7.407407407407406996e-01,4.033508896827697754e-01,0.000000000000000000e+00
2.594000000000000000e+04,5.930085778236389160e-01,7.777777777777777901e-01,4.250837564468383789e-01,0.000000000000000000e+00
2.595000000000000000e+04,5.764693021774291992e-01,7.777777777777777901e-01,4.037383496761322021e-01,0.000000000000000000e+00
2.596000000000000000e+04,5.659543871879577637e-01,7.407407407407406996e-01,4.104045331478118896e-01,0.000000000000000000e+00
2.597000000000000000e+04,5.520356297492980957e-01,7.777777777777777901e-01,3.824692368507385254e-01,0.000000000000000000e+00
2.598000000000000000e+04,5.635554194450378418e-01,7.592592592592593004e-01,4.130111038684844971e-01,0.000000000000000000e+00
2.599000000000000000e+04,5.627845525741577148e-01,7.407407407407406996e-01,3.900630474090576172e-01,0.000000000000000000e+00
2.600000000000000000e+04,5.682637691497802734e-01,7.777777777777777901e-01,3.910294771194458008e-01,0.000000000000000000e+00
2.601000000000000000e+04,5.840674638748168945e-01,7.592592592592593004e-01,4.090624749660491943e-01,0.000000000000000000e+00
2.602000000000000000e+04,5.705731511116027832e-01,7.592592592592593004e-01,4.009658992290496826e-01,0.000000000000000000e+00
2.603000000000000000e+04,5.862032771110534668e-01,7.592592592592593004e-01,4.408418238162994385e-01,0.000000000000000000e+00
2.604000000000000000e+04,5.683771967887878418e-01,7.222222222222222099e-01,4.197157323360443115e-01,0.000000000000000000e+00
2.605000000000000000e+04,5.849192142486572266e-01,7.777777777777777901e-01,4.236410856246948242e-01,0.000000000000000000e+00
2.606000000000000000e+04,5.848653912544250488e-01,7.592592592592593004e-01,4.048754572868347168e-01,0.000000000000000000e+00
2.607000000000000000e+04,5.813847184181213379e-01,7.407407407407406996e-01,4.137537479400634766e-01,0.000000000000000000e+00
2.608000000000000000e+04,5.478354096412658691e-01,7.407407407407406996e-01,3.718360364437103271e-01,0.000000000000000000e+00
2.609000000000000000e+04,5.562827587127685547e-01,7.222222222222222099e-01,3.976258039474487305e-01,0.000000000000000000e+00
2.610000000000000000e+04,5.549078583717346191e-01,7.777777777777777901e-01,3.830305635929107666e-01,0.000000000000000000e+00
2.611000000000000000e+04,5.741193294525146484e-01,7.592592592592593004e-01,4.155025184154510498e-01,0.000000000000000000e+00
2.612000000000000000e+04,5.919958949089050293e-01,7.962962962962962798e-01,4.210157394409179688e-01,0.000000000000000000e+00
2.613000000000000000e+04,5.749011635780334473e-01,7.777777777777777901e-01,4.198593199253082275e-01,0.000000000000000000e+00
2.614000000000000000e+04,6.241523623466491699e-01,7.777777777777777901e-01,4.543748199939727783e-01,0.000000000000000000e+00
2.615000000000000000e+04,5.763058662414550781e-01,7.777777777777777901e-01,3.971532285213470459e-01,0.000000000000000000e+00
2.616000000000000000e+04,5.908819437026977539e-01,7.777777777777777901e-01,4.338774979114532471e-01,0.000000000000000000e+00
2.617000000000000000e+04,5.829414725303649902e-01,7.962962962962962798e-01,4.282900989055633545e-01,0.000000000000000000e+00
2.618000000000000000e+04,5.735881328582763672e-01,7.407407407407406996e-01,4.263097047805786133e-01,0.000000000000000000e+00
2.619000000000000000e+04,5.765331387519836426e-01,7.592592592592593004e-01,4.339511096477508545e-01,0.000000000000000000e+00
2.620000000000000000e+04,5.823792815208435059e-01,7.592592592592593004e-01,4.241374731063842773e-01,0.000000000000000000e+00
2.621000000000000000e+04,5.776882171630859375e-01,7.592592592592593004e-01,3.899329304695129395e-01,0.000000000000000000e+00
2.622000000000000000e+04,6.054242253303527832e-01,7.592592592592593004e-01,4.224191904067993164e-01,0.000000000000000000e+00
2.623000000000000000e+04,5.785261988639831543e-01,7.592592592592593004e-01,3.712767660617828369e-01,0.000000000000000000e+00
2.624000000000000000e+04,5.847774147987365723e-01,7.962962962962962798e-01,3.962464928627014160e-01,0.000000000000000000e+00
2.625000000000000000e+04,5.715006589889526367e-01,7.777777777777777901e-01,3.898101747035980225e-01,0.000000000000000000e+00
2.626000000000000000e+04,5.814196467399597168e-01,7.962962962962962798e-01,4.074135124683380127e-01,0.000000000000000000e+00
2.627000000000000000e+04,5.802086591720581055e-01,7.777777777777777901e-01,3.817170858383178711e-01,0.000000000000000000e+00
2.628000000000000000e+04,5.908402800559997559e-01,7.777777777777777901e-01,3.921284079551696777e-01,0.000000000000000000e+00
2.629000000000000000e+04,5.912702083587646484e-01,7.592592592592593004e-01,3.929656147956848145e-01,0.000000000000000000e+00
2.630000000000000000e+04,5.607379078865051270e-01,7.592592592592593004e-01,3.563593924045562744e-01,0.000000000000000000e+00
2.631000000000000000e+04,5.524529218673706055e-01,7.962962962962962798e-01,3.873106837272644043e-01,0.000000000000000000e+00
2.632000000000000000e+04,5.436224341392517090e-01,7.407407407407406996e-01,3.852816820144653320e-01,0.000000000000000000e+00
2.633000000000000000e+04,5.409930944442749023e-01,7.222222222222222099e-01,3.912668228149414062e-01,0.000000000000000000e+00
2.634000000000000000e+04,5.348869562149047852e-01,7.222222222222222099e-01,4.075554013252258301e-01,0.000000000000000000e+00
2.635000000000000000e+04,5.614811182022094727e-01,7.777777777777777901e-01,4.454311728477478027e-01,0.000000000000000000e+00
2.636000000000000000e+04,5.240784883499145508e-01,7.777777777777777901e-01,3.794532716274261475e-01,0.000000000000000000e+00
2.637000000000000000e+04,5.404398441314697266e-01,7.777777777777777901e-01,3.895592391490936279e-01,0.000000000000000000e+00
2.638000000000000000e+04,5.651171207427978516e-01,7.592592592592593004e-01,4.233493506908416748e-01,0.000000000000000000e+00
2.639000000000000000e+04,5.594850182533264160e-01,7.222222222222222099e-01,4.070085883140563965e-01,0.000000000000000000e+00
2.640000000000000000e+04,5.416348576545715332e-01,7.037037037037037202e-01,3.859022259712219238e-01,0.000000000000000000e+00
2.641000000000000000e+04,5.472302436828613281e-01,7.222222222222222099e-01,4.217729270458221436e-01,0.000000000000000000e+00
2.642000000000000000e+04,5.868008732795715332e-01,7.037037037037037202e-01,4.410637617111206055e-01,0.000000000000000000e+00
2.643000000000000000e+04,5.653917789459228516e-01,7.777777777777777901e-01,4.291366040706634521e-01,0.000000000000000000e+00
2.644000000000000000e+04,5.556872487068176270e-01,7.407407407407406996e-01,4.131750166416168213e-01,0.000000000000000000e+00
2.645000000000000000e+04,5.256133675575256348e-01,7.407407407407406996e-01,3.978121876716613770e-01,0.000000000000000000e+00
2.646000000000000000e+04,5.072115063667297363e-01,7.592592592592593004e-01,3.593152463436126709e-01,0.000000000000000000e+00
2.647000000000000000e+04,5.447316765785217285e-01,7.592592592592593004e-01,3.957298099994659424e-01,0.000000000000000000e+00
2.648000000000000000e+04,5.251927971839904785e-01,7.777777777777777901e-01,3.691392540931701660e-01,0.000000000000000000e+00
2.649000000000000000e+04,5.442324876785278320e-01,7.592592592592593004e-01,4.005101025104522705e-01,0.000000000000000000e+00
2.650000000000000000e+04,5.737022161483764648e-01,7.777777777777777901e-01,4.099875092506408691e-01,0.000000000000000000e+00
2.651000000000000000e+04,5.444297194480895996e-01,7.592592592592593004e-01,3.920365273952484131e-01,0.000000000000000000e+00
2.652000000000000000e+04,5.211478471755981445e-01,6.851851851851852304e-01,3.643120825290679932e-01,0.000000000000000000e+00
2.653000000000000000e+04,5.525389313697814941e-01,7.222222222222222099e-01,3.777542710304260254e-01,0.000000000000000000e+00
2.654000000000000000e+04,5.639376044273376465e-01,7.592592592592593004e-01,3.862278163433074951e-01,0.000000000000000000e+00
2.655000000000000000e+04,5.244881510734558105e-01,7.777777777777777901e-01,3.466015458106994629e-01,0.000000000000000000e+00
2.656000000000000000e+04,5.156406760215759277e-01,7.592592592592593004e-01,3.448657095432281494e-01,0.000000000000000000e+00
2.657000000000000000e+04,5.090765357017517090e-01,7.592592592592593004e-01,3.506979942321777344e-01,0.000000000000000000e+00
2.658000000000000000e+04,5.209901332855224609e-01,7.222222222222222099e-01,3.659000992774963379e-01,0.000000000000000000e+00
2.659000000000000000e+04,5.447729229927062988e-01,7.777777777777777901e-01,3.976112902164459229e-01,0.000000000000000000e+00
2.660000000000000000e+04,5.589990019798278809e-01,7.962962962962962798e-01,4.142960309982299805e-01,0.000000000000000000e+00
2.661000000000000000e+04,5.132994055747985840e-01,7.777777777777777901e-01,3.737663328647613525e-01,0.000000000000000000e+00
2.662000000000000000e+04,5.562352538108825684e-01,7.407407407407406996e-01,4.042623639106750488e-01,0.000000000000000000e+00
2.663000000000000000e+04,5.473839640617370605e-01,7.037037037037037202e-01,3.724486529827117920e-01,0.000000000000000000e+00
2.664000000000000000e+04,5.207127928733825684e-01,7.962962962962962798e-01,3.446815907955169678e-01,0.000000000000000000e+00
2.665000000000000000e+04,5.397652983665466309e-01,7.592592592592593004e-01,3.666850030422210693e-01,0.000000000000000000e+00
2.666000000000000000e+04,5.277255773544311523e-01,7.407407407407406996e-01,3.417908847332000732e-01,0.000000000000000000e+00
2.667000000000000000e+04,5.443581938743591309e-01,7.592592592592593004e-01,3.449394106864929199e-01,0.000000000000000000e+00
2.668000000000000000e+04,5.383929014205932617e-01,7.592592592592593004e-01,3.429532051086425781e-01,0.000000000000000000e+00
2.669000000000000000e+04,5.349372029304504395e-01,7.407407407407406996e-01,3.725372254848480225e-01,0.000000000000000000e+00
2.670000000000000000e+04,5.017591714859008789e-01,7.222222222222222099e-01,3.401069641113281250e-01,0.000000000000000000e+00
2.671000000000000000e+04,5.142546892166137695e-01,7.592592592592593004e-01,3.454573154449462891e-01,0.000000000000000000e+00
2.672000000000000000e+04,5.161824822425842285e-01,7.407407407407406996e-01,3.810094594955444336e-01,0.000000000000000000e+00
2.673000000000000000e+04,5.028598308563232422e-01,7.592592592592593004e-01,3.432686626911163330e-01,0.000000000000000000e+00
2.674000000000000000e+04,5.094320774078369141e-01,7.592592592592593004e-01,3.405571281909942627e-01,0.000000000000000000e+00
2.675000000000000000e+04,5.049258470535278320e-01,7.777777777777777901e-01,3.296503126621246338e-01,0.000000000000000000e+00
2.676000000000000000e+04,5.119538903236389160e-01,7.592592592592593004e-01,3.354124724864959717e-01,0.000000000000000000e+00
2.677000000000000000e+04,5.039646625518798828e-01,7.592592592592593004e-01,3.288900256156921387e-01,0.000000000000000000e+00
2.678000000000000000e+04,5.088285207748413086e-01,7.962962962962962798e-01,3.737920820713043213e-01,0.000000000000000000e+00
2.679000000000000000e+04,4.996272027492523193e-01,7.777777777777777901e-01,3.647111654281616211e-01,0.000000000000000000e+00
2.680000000000000000e+04,5.006241798400878906e-01,7.407407407407406996e-01,3.561816215515136719e-01,0.000000000000000000e+00
2.681000000000000000e+04,5.180016756057739258e-01,7.777777777777777901e-01,3.896271288394927979e-01,0.000000000000000000e+00
2.682000000000000000e+04,4.942264556884765625e-01,7.037037037037037202e-01,3.620308637619018555e-01,0.000000000000000000e+00
2.683000000000000000e+04,4.921176731586456299e-01,7.592592592592593004e-01,3.661924302577972412e-01,0.000000000000000000e+00
2.684000000000000000e+04,4.923090338706970215e-01,7.592592592592593004e-01,3.497333824634552002e-01,0.000000000000000000e+00
2.685000000000000000e+04,5.140331387519836426e-01,7.222222222222222099e-01,3.705615699291229248e-01,0.000000000000000000e+00
2.686000000000000000e+04,4.911570250988006592e-01,7.407407407407406996e-01,3.559124469757080078e-01,0.000000000000000000e+00
2.687000000000000000e+04,4.785979092121124268e-01,7.222222222222222099e-01,3.542550206184387207e-01,0.000000000000000000e+00
2.688000000000000000e+04,5.205590724945068359e-01,7.592592592592593004e-01,4.235785007476806641e-01,0.000000000000000000e+00
2.689000000000000000e+04,5.053915381431579590e-01,7.777777777777777901e-01,3.815381824970245361e-01,0.000000000000000000e+00
2.690000000000000000e+04,5.277204513549804688e-01,7.407407407407406996e-01,4.142833948135375977e-01,0.000000000000000000e+00
2.691000000000000000e+04,5.234960317611694336e-01,7.777777777777777901e-01,3.773662745952606201e-01,0.000000000000000000e+00
2.692000000000000000e+04,5.255679488182067871e-01,7.407407407407406996e-01,3.847256004810333252e-01,0.000000000000000000e+00
2.693000000000000000e+04,5.134931206703186035e-01,7.777777777777777901e-01,3.474842011928558350e-01,0.000000000000000000e+00
2.694000000000000000e+04,5.037737488746643066e-01,7.777777777777777901e-01,3.337605893611907959e-01,0.000000000000000000e+00
2.695000000000000000e+04,5.200712680816650391e-01,7.592592592592593004e-01,3.684202432632446289e-01,0.000000000000000000e+00
2.696000000000000000e+04,5.390331745147705078e-01,7.222222222222222099e-01,3.732664883136749268e-01,0.000000000000000000e+00
2.697000000000000000e+04,5.473750829696655273e-01,7.777777777777777901e-01,3.918069005012512207e-01,0.000000000000000000e+00
2.698000000000000000e+04,5.340936183929443359e-01,7.222222222222222099e-01,3.738516569137573242e-01,0.000000000000000000e+00
2.699000000000000000e+04,5.516815781593322754e-01,7.777777777777777901e-01,3.873311877250671387e-01,0.000000000000000000e+00
2.700000000000000000e+04,5.782005190849304199e-01,7.407407407407406996e-01,4.107069373130798340e-01,0.000000000000000000e+00
2.701000000000000000e+04,6.077801585197448730e-01,7.777777777777777901e-01,4.155929386615753174e-01,0.000000000000000000e+00
2.702000000000000000e+04,5.927504897117614746e-01,7.407407407407406996e-01,4.022783637046813965e-01,0.000000000000000000e+00
2.703000000000000000e+04,6.295637488365173340e-01,7.962962962962962798e-01,4.450766742229461670e-01,0.000000000000000000e+00
2.704000000000000000e+04,6.467244625091552734e-01,7.777777777777777901e-01,4.240076839923858643e-01,0.000000000000000000e+00
2.705000000000000000e+04,6.481835842132568359e-01,7.222222222222222099e-01,4.561850130558013916e-01,0.000000000000000000e+00
2.706000000000000000e+04,6.572206616401672363e-01,7.592592592592593004e-01,4.831161797046661377e-01,0.000000000000000000e+00
2.707000000000000000e+04,6.558964252471923828e-01,7.777777777777777901e-01,4.603548347949981689e-01,0.000000000000000000e+00
2.708000000000000000e+04,6.273360252380371094e-01,7.777777777777777901e-01,4.420704543590545654e-01,0.000000000000000000e+00
2.709000000000000000e+04,6.416608095169067383e-01,7.407407407407406996e-01,4.462150633335113525e-01,0.000000000000000000e+00
2.710000000000000000e+04,6.570872664451599121e-01,7.592592592592593004e-01,4.440184533596038818e-01,0.000000000000000000e+00
2.711000000000000000e+04,6.578532457351684570e-01,7.777777777777777901e-01,4.767807722091674805e-01,0.000000000000000000e+00
2.712000000000000000e+04,6.216287016868591309e-01,7.592592592592593004e-01,4.352512955665588379e-01,0.000000000000000000e+00
2.713000000000000000e+04,6.099147796630859375e-01,7.222222222222222099e-01,4.439893364906311035e-01,0.000000000000000000e+00
2.714000000000000000e+04,6.342101097106933594e-01,7.407407407407406996e-01,4.352879524230957031e-01,0.000000000000000000e+00
2.715000000000000000e+04,6.048967838287353516e-01,6.851851851851852304e-01,4.306419789791107178e-01,0.000000000000000000e+00
2.716000000000000000e+04,5.862308144569396973e-01,7.777777777777777901e-01,4.087868034839630127e-01,0.000000000000000000e+00
2.717000000000000000e+04,5.548086166381835938e-01,7.777777777777777901e-01,3.712773621082305908e-01,0.000000000000000000e+00
2.718000000000000000e+04,6.053954958915710449e-01,7.592592592592593004e-01,4.134620726108551025e-01,0.000000000000000000e+00
2.719000000000000000e+04,6.306369900703430176e-01,7.592592592592593004e-01,4.402057230472564697e-01,0.000000000000000000e+00
2.720000000000000000e+04,6.423583626747131348e-01,7.407407407407406996e-01,4.330561161041259766e-01,0.000000000000000000e+00
2.721000000000000000e+04,6.587761640548706055e-01,8.148148148148147696e-01,4.721677899360656738e-01,0.000000000000000000e+00
2.722000000000000000e+04,6.552414894104003906e-01,7.777777777777777901e-01,4.671362340450286865e-01,0.000000000000000000e+00
2.723000000000000000e+04,6.401738524436950684e-01,7.777777777777777901e-01,4.451088011264801025e-01,0.000000000000000000e+00
2.724000000000000000e+04,6.262810826301574707e-01,7.592592592592593004e-01,4.236460924148559570e-01,0.000000000000000000e+00
2.725000000000000000e+04,6.233381628990173340e-01,7.592592592592593004e-01,4.237079322338104248e-01,0.000000000000000000e+00
2.726000000000000000e+04,6.217549443244934082e-01,7.222222222222222099e-01,4.356933534145355225e-01,0.000000000000000000e+00
2.727000000000000000e+04,6.519748568534851074e-01,7.592592592592593004e-01,4.531464576721191406e-01,0.000000000000000000e+00
2.728000000000000000e+04,5.943552851676940918e-01,8.148148148148147696e-01,3.966885209083557129e-01,0.000000000000000000e+00
2.729000000000000000e+04,6.140719652175903320e-01,7.962962962962962798e-01,4.354269504547119141e-01,0.000000000000000000e+00
2.730000000000000000e+04,5.765979886054992676e-01,7.777777777777777901e-01,4.195327758789062500e-01,0.000000000000000000e+00
2.731000000000000000e+04,5.405521988868713379e-01,7.777777777777777901e-01,3.746040463447570801e-01,0.000000000000000000e+00
2.732000000000000000e+04,5.081169605255126953e-01,7.407407407407406996e-01,3.309436738491058350e-01,0.000000000000000000e+00
2.733000000000000000e+04,4.885520935058593750e-01,7.407407407407406996e-01,3.255384564399719238e-01,0.000000000000000000e+00
2.734000000000000000e+04,4.694023728370666504e-01,7.222222222222222099e-01,3.440757989883422852e-01,0.000000000000000000e+00
2.735000000000000000e+04,4.487933516502380371e-01,7.222222222222222099e-01,2.973474562168121338e-01,0.000000000000000000e+00
2.736000000000000000e+04,4.534598588943481445e-01,7.592592592592593004e-01,3.231957852840423584e-01,0.000000000000000000e+00
2.737000000000000000e+04,4.374378621578216553e-01,8.148148148148147696e-01,2.827617228031158447e-01,0.000000000000000000e+00
2.738000000000000000e+04,4.461675286293029785e-01,7.592592592592593004e-01,2.828025221824645996e-01,0.000000000000000000e+00
2.739000000000000000e+04,4.244252145290374756e-01,7.777777777777777901e-01,2.404575198888778687e-01,0.000000000000000000e+00
2.740000000000000000e+04,4.050073027610778809e-01,7.407407407407406996e-01,2.420163452625274658e-01,0.000000000000000000e+00
2.741000000000000000e+04,4.495617151260375977e-01,7.592592592592593004e-01,2.762297391891479492e-01,0.000000000000000000e+00
2.742000000000000000e+04,4.351576566696166992e-01,7.222222222222222099e-01,2.556807398796081543e-01,0.000000000000000000e+00
2.743000000000000000e+04,4.374026358127593994e-01,7.407407407407406996e-01,2.636724412441253662e-01,0.000000000000000000e+00
2.744000000000000000e+04,4.449192583560943604e-01,7.407407407407406996e-01,2.578310072422027588e-01,0.000000000000000000e+00
2.745000000000000000e+04,4.425739049911499023e-01,7.407407407407406996e-01,2.856881618499755859e-01,0.000000000000000000e+00
2.746000000000000000e+04,4.305433034896850586e-01,7.407407407407406996e-01,2.794989049434661865e-01,0.000000000000000000e+00
2.747000000000000000e+04,4.290499687194824219e-01,7.962962962962962798e-01,2.492392808198928833e-01,0.000000000000000000e+00
2.748000000000000000e+04,4.190622866153717041e-01,8.148148148148147696e-01,2.517782151699066162e-01,0.000000000000000000e+00
2.749000000000000000e+04,4.359582364559173584e-01,7.407407407407406996e-01,2.833532094955444336e-01,0.000000000000000000e+00
2.750000000000000000e+04,4.341044425964355469e-01,7.222222222222222099e-01,2.802942395210266113e-01,0.000000000000000000e+00
2.751000000000000000e+04,4.259090423583984375e-01,7.777777777777777901e-01,2.588792145252227783e-01,0.000000000000000000e+00
2.752000000000000000e+04,4.156326651573181152e-01,7.407407407407406996e-01,2.372111827135086060e-01,0.000000000000000000e+00
2.753000000000000000e+04,4.591413438320159912e-01,7.777777777777777901e-01,3.204519152641296387e-01,0.000000000000000000e+00
2.754000000000000000e+04,4.465631842613220215e-01,6.851851851851852304e-01,2.907348573207855225e-01,0.000000000000000000e+00
2.755000000000000000e+04,4.489811360836029053e-01,7.037037037037037202e-01,2.950517237186431885e-01,0.000000000000000000e+00
2.756000000000000000e+04,4.621774554252624512e-01,7.222222222222222099e-01,2.928724586963653564e-01,0.000000000000000000e+00
2.757000000000000000e+04,4.753412902355194092e-01,7.407407407407406996e-01,2.866169214248657227e-01,0.000000000000000000e+00
2.758000000000000000e+04,5.264964103698730469e-01,7.222222222222222099e-01,3.412220180034637451e-01,0.000000000000000000e+00
2.759000000000000000e+04,4.929663538932800293e-01,7.407407407407406996e-01,3.009578585624694824e-01,0.000000000000000000e+00
2.760000000000000000e+04,5.008167028427124023e-01,7.407407407407406996e-01,3.056029081344604492e-01,0.000000000000000000e+00
2.761000000000000000e+04,5.096352100372314453e-01,7.592592592592593004e-01,3.230767548084259033e-01,0.000000000000000000e+00
2.762000000000000000e+04,4.982008934020996094e-01,7.592592592592593004e-01,3.030919432640075684e-01,0.000000000000000000e+00
2.763000000000000000e+04,5.327652692794799805e-01,7.037037037037037202e-01,3.495022058486938477e-01,0.000000000000000000e+00
2.764000000000000000e+04,4.909347295761108398e-01,7.592592592592593004e-01,2.902229726314544678e-01,0.000000000000000000e+00
2.765000000000000000e+04,4.943796694278717041e-01,7.592592592592593004e-01,3.011902272701263428e-01,0.000000000000000000e+00
2.766000000000000000e+04,5.086321830749511719e-01,7.592592592592593004e-01,3.293198347091674805e-01,0.000000000000000000e+00
2.767000000000000000e+04,5.101744532585144043e-01,7.222222222222222099e-01,3.156685233116149902e-01,0.000000000000000000e+00
2.768000000000000000e+04,4.827256798744201660e-01,7.407407407407406996e-01,2.975222170352935791e-01,0.000000000000000000e+00
2.769000000000000000e+04,4.954962730407714844e-01,7.777777777777777901e-01,3.277442753314971924e-01,0.000000000000000000e+00
2.770000000000000000e+04,4.888993501663208008e-01,7.037037037037037202e-01,2.935391068458557129e-01,0.000000000000000000e+00
2.771000000000000000e+04,4.946894049644470215e-01,7.777777777777777901e-01,3.197351694107055664e-01,0.000000000000000000e+00
2.772000000000000000e+04,4.904787242412567139e-01,7.777777777777777901e-01,3.161161541938781738e-01,0.000000000000000000e+00
2.773000000000000000e+04,4.967146813869476318e-01,7.592592592592593004e-01,2.938109934329986572e-01,0.000000000000000000e+00
2.774000000000000000e+04,5.193340778350830078e-01,7.962962962962962798e-01,3.384399712085723877e-01,0.000000000000000000e+00
2.775000000000000000e+04,5.088463425636291504e-01,7.407407407407406996e-01,3.258327543735504150e-01,0.000000000000000000e+00
2.776000000000000000e+04,5.249536037445068359e-01,7.407407407407406996e-01,3.584550917148590088e-01,0.000000000000000000e+00
2.777000000000000000e+04,5.380926132202148438e-01,7.777777777777777901e-01,3.594103753566741943e-01,0.000000000000000000e+00
2.778000000000000000e+04,5.111232995986938477e-01,7.592592592592593004e-01,3.176195919513702393e-01,0.000000000000000000e+00
2.779000000000000000e+04,4.928586184978485107e-01,7.222222222222222099e-01,2.722283601760864258e-01,0.000000000000000000e+00
2.780000000000000000e+04,5.168253779411315918e-01,7.777777777777777901e-01,2.770463228225708008e-01,0.000000000000000000e+00
2.781000000000000000e+04,5.152758955955505371e-01,7.777777777777777901e-01,3.132780194282531738e-01,0.000000000000000000e+00
2.782000000000000000e+04,5.125141143798828125e-01,7.777777777777777901e-01,3.110845088958740234e-01,0.000000000000000000e+00
2.783000000000000000e+04,5.054777264595031738e-01,7.962962962962962798e-01,2.989821135997772217e-01,0.000000000000000000e+00
2.784000000000000000e+04,4.935172200202941895e-01,7.037037037037037202e-01,2.853318154811859131e-01,0.000000000000000000e+00
2.785000000000000000e+04,4.848664402961730957e-01,7.962962962962962798e-01,2.770569026470184326e-01,0.000000000000000000e+00
2.786000000000000000e+04,5.058615803718566895e-01,7.777777777777777901e-01,2.849274277687072754e-01,0.000000000000000000e+00
2.787000000000000000e+04,4.975897669792175293e-01,7.777777777777777901e-01,2.782011628150939941e-01,0.000000000000000000e+00
2.788000000000000000e+04,5.039546489715576172e-01,7.222222222222222099e-01,2.749066054821014404e-01,0.000000000000000000e+00
2.789000000000000000e+04,4.742183685302734375e-01,7.407407407407406996e-01,2.704131901264190674e-01,0.000000000000000000e+00
2.790000000000000000e+04,4.741809070110321045e-01,7.592592592592593004e-01,2.804063856601715088e-01,0.000000000000000000e+00
2.791000000000000000e+04,4.954024851322174072e-01,7.592592592592593004e-01,2.834104001522064209e-01,0.000000000000000000e+00
2.792000000000000000e+04,4.863990247249603271e-01,7.777777777777777901e-01,2.974965274333953857e-01,0.000000000000000000e+00
2.793000000000000000e+04,5.404688119888305664e-01,7.037037037037037202e-01,3.435280919075012207e-01,0.000000000000000000e+00
2.794000000000000000e+04,5.163407921791076660e-01,7.592592592592593004e-01,3.239277005195617676e-01,0.000000000000000000e+00
2.795000000000000000e+04,5.126339793205261230e-01,7.777777777777777901e-01,3.048425018787384033e-01,0.000000000000000000e+00
2.796000000000000000e+04,5.204839706420898438e-01,8.148148148148147696e-01,3.061777353286743164e-01,0.000000000000000000e+00
2.797000000000000000e+04,5.013505816459655762e-01,7.592592592592593004e-01,3.248573839664459229e-01,0.000000000000000000e+00
2.798000000000000000e+04,5.105827450752258301e-01,7.222222222222222099e-01,3.142568171024322510e-01,0.000000000000000000e+00
2.799000000000000000e+04,5.017094016075134277e-01,7.592592592592593004e-01,3.213369250297546387e-01,0.000000000000000000e+00
2.800000000000000000e+04,5.157910585403442383e-01,7.592592592592593004e-01,3.214829564094543457e-01,0.000000000000000000e+00
2.801000000000000000e+04,4.796240329742431641e-01,7.777777777777777901e-01,2.805023789405822754e-01,0.000000000000000000e+00
2.802000000000000000e+04,4.861229658126831055e-01,7.962962962962962798e-01,2.816807031631469727e-01,0.000000000000000000e+00
2.803000000000000000e+04,4.955202639102935791e-01,7.407407407407406996e-01,2.572841048240661621e-01,0.000000000000000000e+00
2.804000000000000000e+04,4.881062805652618408e-01,8.148148148148147696e-01,2.821956276893615723e-01,0.000000000000000000e+00
2.805000000000000000e+04,5.032177567481994629e-01,8.148148148148147696e-01,2.781689167022705078e-01,0.000000000000000000e+00
2.806000000000000000e+04,5.021460652351379395e-01,7.962962962962962798e-01,2.851610779762268066e-01,0.000000000000000000e+00
2.807000000000000000e+04,4.684650301933288574e-01,7.962962962962962798e-01,2.514332830905914307e-01,0.000000000000000000e+00
2.808000000000000000e+04,4.986282587051391602e-01,8.148148148148147696e-01,2.908452749252319336e-01,0.000000000000000000e+00
2.809000000000000000e+04,4.696640670299530029e-01,7.407407407407406996e-01,2.598533630371093750e-01,0.000000000000000000e+00
2.810000000000000000e+04,4.644296765327453613e-01,7.962962962962962798e-01,2.522963583469390869e-01,0.000000000000000000e+00
2.811000000000000000e+04,4.831395745277404785e-01,7.592592592592593004e-01,2.598714828491210938e-01,0.000000000000000000e+00
2.812000000000000000e+04,4.994098842144012451e-01,7.222222222222222099e-01,2.785137295722961426e-01,0.000000000000000000e+00
2.813000000000000000e+04,4.979089200496673584e-01,7.777777777777777901e-01,2.892895936965942383e-01,0.000000000000000000e+00
2.814000000000000000e+04,4.780459403991699219e-01,7.592592592592593004e-01,2.677777707576751709e-01,0.000000000000000000e+00
2.815000000000000000e+04,4.696030020713806152e-01,7.777777777777777901e-01,2.576371729373931885e-01,0.000000000000000000e+00
2.816000000000000000e+04,4.668631851673126221e-01,7.962962962962962798e-01,2.575728893280029297e-01,0.000000000000000000e+00
2.817000000000000000e+04,4.872142374515533447e-01,7.407407407407406996e-01,2.954175770282745361e-01,0.000000000000000000e+00
2.818000000000000000e+04,4.732007980346679688e-01,7.592592592592593004e-01,2.672966718673706055e-01,0.000000000000000000e+00
2.819000000000000000e+04,4.876982569694519043e-01,7.407407407407406996e-01,2.884983122348785400e-01,0.000000000000000000e+00
2.820000000000000000e+04,4.583531916141510010e-01,7.592592592592593004e-01,2.626911401748657227e-01,0.000000000000000000e+00
2.821000000000000000e+04,4.528590142726898193e-01,7.962962962962962798e-01,2.417307794094085693e-01,0.000000000000000000e+00
2.822000000000000000e+04,4.512449800968170166e-01,7.962962962962962798e-01,2.339634895324707031e-01,0.000000000000000000e+00
2.823000000000000000e+04,4.863307476043701172e-01,7.962962962962962798e-01,2.859849631786346436e-01,0.000000000000000000e+00
2.824000000000000000e+04,4.960705637931823730e-01,7.592592592592593004e-01,2.984799742698669434e-01,0.000000000000000000e+00
2.825000000000000000e+04,4.901933968067169189e-01,7.222222222222222099e-01,2.934381365776062012e-01,0.000000000000000000e+00
2.826000000000000000e+04,4.841357171535491943e-01,7.777777777777777901e-01,2.647261321544647217e-01,0.000000000000000000e+00
2.827000000000000000e+04,5.129770040512084961e-01,7.592592592592593004e-01,3.180802464485168457e-01,0.000000000000000000e+00
2.828000000000000000e+04,5.012860298156738281e-01,7.592592592592593004e-01,3.380929231643676758e-01,0.000000000000000000e+00
2.829000000000000000e+04,4.903067052364349365e-01,7.222222222222222099e-01,3.371095061302185059e-01,0.000000000000000000e+00
2.830000000000000000e+04,4.539779424667358398e-01,7.407407407407406996e-01,2.453488856554031372e-01,0.000000000000000000e+00
2.831000000000000000e+04,4.335737228393554688e-01,7.592592592592593004e-01,2.365408390760421753e-01,0.000000000000000000e+00
2.832000000000000000e+04,4.517875313758850098e-01,7.962962962962962798e-01,2.428203523159027100e-01,0.000000000000000000e+00
2.833000000000000000e+04,4.515475630760192871e-01,7.962962962962962798e-01,2.614052891731262207e-01,0.000000000000000000e+00
2.834000000000000000e+04,4.159662127494812012e-01,7.592592592592593004e-01,2.582266926765441895e-01,0.000000000000000000e+00
2.835000000000000000e+04,4.081274867057800293e-01,7.407407407407406996e-01,2.662424743175506592e-01,0.000000000000000000e+00
2.836000000000000000e+04,4.476544260978698730e-01,7.407407407407406996e-01,2.995922863483428955e-01,0.000000000000000000e+00
2.837000000000000000e+04,4.502418935298919678e-01,7.592592592592593004e-01,2.860873341560363770e-01,0.000000000000000000e+00
2.838000000000000000e+04,4.326567649841308594e-01,7.592592592592593004e-01,2.894432544708251953e-01,0.000000000000000000e+00
2.839000000000000000e+04,4.519870877265930176e-01,7.407407407407406996e-01,3.014354109764099121e-01,0.000000000000000000e+00
2.840000000000000000e+04,4.851851463317871094e-01,7.777777777777777901e-01,3.419001400470733643e-01,0.000000000000000000e+00
2.841000000000000000e+04,4.903577864170074463e-01,7.777777777777777901e-01,3.344240784645080566e-01,0.000000000000000000e+00
2.842000000000000000e+04,4.667878746986389160e-01,7.592592592592593004e-01,3.195045888423919678e-01,0.000000000000000000e+00
2.843000000000000000e+04,4.730480611324310303e-01,7.592592592592593004e-01,3.007966876029968262e-01,0.000000000000000000e+00
2.844000000000000000e+04,4.618039131164550781e-01,7.777777777777777901e-01,2.727128565311431885e-01,0.000000000000000000e+00
2.845000000000000000e+04,4.422628581523895264e-01,8.333333333333333703e-01,2.683259248733520508e-01,0.000000000000000000e+00
2.846000000000000000e+04,4.347739815711975098e-01,7.592592592592593004e-01,2.730093002319335938e-01,0.000000000000000000e+00
2.847000000000000000e+04,4.315592348575592041e-01,7.962962962962962798e-01,2.892816364765167236e-01,0.000000000000000000e+00
2.848000000000000000e+04,4.147459566593170166e-01,7.777777777777777901e-01,2.639659047126770020e-01,0.000000000000000000e+00
2.849000000000000000e+04,3.972892165184020996e-01,7.777777777777777901e-01,2.122080624103546143e-01,0.000000000000000000e+00
2.850000000000000000e+04,4.272182881832122803e-01,7.962962962962962798e-01,2.763830125331878662e-01,0.000000000000000000e+00
2.851000000000000000e+04,4.172285497188568115e-01,7.777777777777777901e-01,2.668979763984680176e-01,0.000000000000000000e+00
2.852000000000000000e+04,4.336392581462860107e-01,7.407407407407406996e-01,3.261708617210388184e-01,0.000000000000000000e+00
2.853000000000000000e+04,4.420647621154785156e-01,7.962962962962962798e-01,3.250122070312500000e-01,0.000000000000000000e+00
2.854000000000000000e+04,4.368838071823120117e-01,7.222222222222222099e-01,2.932064831256866455e-01,0.000000000000000000e+00
2.855000000000000000e+04,4.053739905357360840e-01,7.962962962962962798e-01,2.535910308361053467e-01,0.000000000000000000e+00
2.856000000000000000e+04,4.009062647819519043e-01,7.777777777777777901e-01,2.450475245714187622e-01,0.000000000000000000e+00
2.857000000000000000e+04,3.865104019641876221e-01,7.962962962962962798e-01,1.948540806770324707e-01,0.000000000000000000e+00
2.858000000000000000e+04,4.072045385837554932e-01,7.592592592592593004e-01,2.082270085811614990e-01,0.000000000000000000e+00
2.859000000000000000e+04,4.109068512916564941e-01,7.777777777777777901e-01,2.239191085100173950e-01,0.000000000000000000e+00
2.860000000000000000e+04,4.014528393745422363e-01,7.777777777777777901e-01,2.328204214572906494e-01,0.000000000000000000e+00
2.861000000000000000e+04,4.297369122505187988e-01,7.777777777777777901e-01,2.441204786300659180e-01,0.000000000000000000e+00
2.862000000000000000e+04,4.225893914699554443e-01,7.592592592592593004e-01,2.498733997344970703e-01,0.000000000000000000e+00
2.863000000000000000e+04,4.049595892429351807e-01,7.592592592592593004e-01,2.351557910442352295e-01,0.000000000000000000e+00
2.864000000000000000e+04,4.438245296478271484e-01,7.777777777777777901e-01,2.802045047283172607e-01,0.000000000000000000e+00
2.865000000000000000e+04,4.476451575756072998e-01,7.962962962962962798e-01,2.584829330444335938e-01,0.000000000000000000e+00
2.866000000000000000e+04,4.320639371871948242e-01,7.777777777777777901e-01,2.745414972305297852e-01,0.000000000000000000e+00
2.867000000000000000e+04,4.401795268058776855e-01,7.407407407407406996e-01,2.458679378032684326e-01,0.000000000000000000e+00
2.868000000000000000e+04,4.176231920719146729e-01,7.407407407407406996e-01,1.835785955190658569e-01,0.000000000000000000e+00
2.869000000000000000e+04,4.121048450469970703e-01,7.777777777777777901e-01,1.892985105514526367e-01,0.000000000000000000e+00
2.870000000000000000e+04,4.157600402832031250e-01,7.777777777777777901e-01,2.060207128524780273e-01,0.000000000000000000e+00
2.871000000000000000e+04,4.276739656925201416e-01,7.407407407407406996e-01,2.479493021965026855e-01,0.000000000000000000e+00
2.872000000000000000e+04,4.282539784908294678e-01,7.222222222222222099e-01,2.562851309776306152e-01,0.000000000000000000e+00
2.873000000000000000e+04,4.122736155986785889e-01,7.777777777777777901e-01,2.437077760696411133e-01,0.000000000000000000e+00
2.874000000000000000e+04,4.328428506851196289e-01,7.777777777777777901e-01,2.748837172985076904e-01,0.000000000000000000e+00
2.875000000000000000e+04,4.314307272434234619e-01,7.777777777777777901e-01,2.705152630805969238e-01,0.000000000000000000e+00
2.876000000000000000e+04,4.311041533946990967e-01,7.222222222222222099e-01,2.485873997211456299e-01,0.000000000000000000e+00
2.877000000000000000e+04,4.624871611595153809e-01,7.592592592592593004e-01,2.994112670421600342e-01,0.000000000000000000e+00
2.878000000000000000e+04,4.569036066532135010e-01,7.777777777777777901e-01,2.702768445014953613e-01,0.000000000000000000e+00
2.879000000000000000e+04,4.279363453388214111e-01,7.962962962962962798e-01,2.354886829853057861e-01,0.000000000000000000e+00
2.880000000000000000e+04,4.254311323165893555e-01,7.592592592592593004e-01,2.548435628414154053e-01,0.000000000000000000e+00
2.881000000000000000e+04,4.526722729206085205e-01,7.962962962962962798e-01,2.917886376380920410e-01,0.000000000000000000e+00
2.882000000000000000e+04,4.950139522552490234e-01,7.592592592592593004e-01,3.216260075569152832e-01,0.000000000000000000e+00
2.883000000000000000e+04,5.102252960205078125e-01,8.148148148148147696e-01,3.447575271129608154e-01,0.000000000000000000e+00
2.884000000000000000e+04,4.986589848995208740e-01,7.592592592592593004e-01,3.352924287319183350e-01,0.000000000000000000e+00
2.885000000000000000e+04,4.587843120098114014e-01,7.222222222222222099e-01,2.827813625335693359e-01,0.000000000000000000e+00
2.886000000000000000e+04,4.617068171501159668e-01,7.407407407407406996e-01,2.995867133140563965e-01,0.000000000000000000e+00
2.887000000000000000e+04,4.672040939331054688e-01,7.777777777777777901e-01,2.899128794670104980e-01,0.000000000000000000e+00
2.888000000000000000e+04,4.742904007434844971e-01,7.407407407407406996e-01,3.077118992805480957e-01,0.000000000000000000e+00
2.889000000000000000e+04,4.385204613208770752e-01,7.592592592592593004e-01,2.896608412265777588e-01,0.000000000000000000e+00
2.890000000000000000e+04,4.724028110504150391e-01,7.222222222222222099e-01,3.243688344955444336e-01,0.000000000000000000e+00
2.891000000000000000e+04,4.735601842403411865e-01,7.777777777777777901e-01,3.240742087364196777e-01,0.000000000000000000e+00
2.892000000000000000e+04,4.549384415149688721e-01,7.962962962962962798e-01,2.869884967803955078e-01,0.000000000000000000e+00
2.893000000000000000e+04,4.686097800731658936e-01,7.222222222222222099e-01,3.335506319999694824e-01,0.000000000000000000e+00
2.894000000000000000e+04,4.467039406299591064e-01,8.148148148148147696e-01,3.274856805801391602e-01,0.000000000000000000e+00
2.895000000000000000e+04,4.395915567874908447e-01,7.962962962962962798e-01,3.025349378585815430e-01,0.000000000000000000e+00
2.896000000000000000e+04,4.460771381855010986e-01,8.148148148148147696e-01,2.623116672039031982e-01,0.000000000000000000e+00
2.897000000000000000e+04,4.236496984958648682e-01,7.962962962962962798e-01,2.636742889881134033e-01,0.000000000000000000e+00
2.898000000000000000e+04,4.217874705791473389e-01,7.407407407407406996e-01,2.612943053245544434e-01,0.000000000000000000e+00
2.899000000000000000e+04,4.282585382461547852e-01,7.407407407407406996e-01,2.498597204685211182e-01,0.000000000000000000e+00
2.900000000000000000e+04,4.301275014877319336e-01,7.407407407407406996e-01,2.460584640502929688e-01,0.000000000000000000e+00
2.901000000000000000e+04,4.680424928665161133e-01,7.592592592592593004e-01,2.839805185794830322e-01,0.000000000000000000e+00
2.902000000000000000e+04,5.010737776756286621e-01,7.777777777777777901e-01,3.337445557117462158e-01,0.000000000000000000e+00
2.903000000000000000e+04,4.837649166584014893e-01,7.777777777777777901e-01,3.379740118980407715e-01,0.000000000000000000e+00
2.904000000000000000e+04,4.822206497192382812e-01,7.777777777777777901e-01,3.481971621513366699e-01,0.000000000000000000e+00
2.905000000000000000e+04,4.691970944404602051e-01,7.962962962962962798e-01,3.157024085521697998e-01,0.000000000000000000e+00
2.906000000000000000e+04,4.900245964527130127e-01,8.518518518518518601e-01,3.655788302421569824e-01,0.000000000000000000e+00
2.907000000000000000e+04,4.982455372810363770e-01,8.333333333333333703e-01,3.783725202083587646e-01,0.000000000000000000e+00
2.908000000000000000e+04,5.092796087265014648e-01,7.222222222222222099e-01,3.808890283107757568e-01,0.000000000000000000e+00
2.909000000000000000e+04,5.286891460418701172e-01,7.777777777777777901e-01,4.161283373832702637e-01,0.000000000000000000e+00
2.910000000000000000e+04,5.081054568290710449e-01,7.962962962962962798e-01,3.879825770854949951e-01,0.000000000000000000e+00
2.911000000000000000e+04,4.936202466487884521e-01,7.592592592592593004e-01,3.670016825199127197e-01,0.000000000000000000e+00
2.912000000000000000e+04,4.889377653598785400e-01,7.777777777777777901e-01,3.763591349124908447e-01,0.000000000000000000e+00
2.913000000000000000e+04,4.918731749057769775e-01,8.148148148148147696e-01,3.800911009311676025e-01,0.000000000000000000e+00
2.914000000000000000e+04,5.090510249137878418e-01,7.962962962962962798e-01,3.858983218669891357e-01,0.000000000000000000e+00
2.915000000000000000e+04,4.705993831157684326e-01,7.777777777777777901e-01,3.376836478710174561e-01,0.000000000000000000e+00
2.916000000000000000e+04,4.874617457389831543e-01,7.777777777777777901e-01,3.786917328834533691e-01,0.000000000000000000e+00
2.917000000000000000e+04,5.066486597061157227e-01,7.962962962962962798e-01,3.831720948219299316e-01,0.000000000000000000e+00
2.918000000000000000e+04,4.608196914196014404e-01,8.148148148148147696e-01,3.302379846572875977e-01,0.000000000000000000e+00
2.919000000000000000e+04,4.865757524967193604e-01,7.962962962962962798e-01,3.530036211013793945e-01,0.000000000000000000e+00
2.920000000000000000e+04,4.849996566772460938e-01,8.148148148148147696e-01,3.639832437038421631e-01,0.000000000000000000e+00
2.921000000000000000e+04,5.020759701728820801e-01,8.148148148148147696e-01,3.656911253929138184e-01,0.000000000000000000e+00
2.922000000000000000e+04,4.872390627861022949e-01,7.962962962962962798e-01,3.582395017147064209e-01,0.000000000000000000e+00
2.923000000000000000e+04,5.017166733741760254e-01,7.777777777777777901e-01,3.726946413516998291e-01,0.000000000000000000e+00
2.924000000000000000e+04,5.183418989181518555e-01,7.777777777777777901e-01,4.020029604434967041e-01,0.000000000000000000e+00
2.925000000000000000e+04,4.926921427249908447e-01,7.962962962962962798e-01,3.533092141151428223e-01,0.000000000000000000e+00
2.926000000000000000e+04,4.797829091548919678e-01,8.333333333333333703e-01,3.470866978168487549e-01,0.000000000000000000e+00
2.927000000000000000e+04,5.049299597740173340e-01,8.148148148148147696e-01,3.872712552547454834e-01,0.000000000000000000e+00
2.928000000000000000e+04,4.767157435417175293e-01,7.962962962962962798e-01,3.614992797374725342e-01,0.000000000000000000e+00
2.929000000000000000e+04,4.721768498420715332e-01,7.407407407407406996e-01,3.314870893955230713e-01,0.000000000000000000e+00
2.930000000000000000e+04,4.580902457237243652e-01,7.962962962962962798e-01,3.246006369590759277e-01,0.000000000000000000e+00
2.931000000000000000e+04,4.620085656642913818e-01,8.148148148148147696e-01,3.389632999897003174e-01,0.000000000000000000e+00
2.932000000000000000e+04,4.886245727539062500e-01,8.148148148148147696e-01,3.810206949710845947e-01,0.000000000000000000e+00
2.933000000000000000e+04,4.973521828651428223e-01,7.592592592592593004e-01,3.688988983631134033e-01,0.000000000000000000e+00
2.934000000000000000e+04,4.950113594532012939e-01,8.333333333333333703e-01,3.763891756534576416e-01,0.000000000000000000e+00
2.935000000000000000e+04,4.923374950885772705e-01,7.777777777777777901e-01,3.697938024997711182e-01,0.000000000000000000e+00
2.936000000000000000e+04,4.781317412853240967e-01,8.333333333333333703e-01,3.454599678516387939e-01,0.000000000000000000e+00
2.937000000000000000e+04,5.058628320693969727e-01,7.777777777777777901e-01,3.753201067447662354e-01,0.000000000000000000e+00
2.938000000000000000e+04,5.039925575256347656e-01,8.518518518518518601e-01,3.798373937606811523e-01,0.000000000000000000e+00
2.939000000000000000e+04,4.779710471630096436e-01,8.148148148148147696e-01,3.439482748508453369e-01,0.000000000000000000e+00
2.940000000000000000e+04,4.603038430213928223e-01,7.777777777777777901e-01,3.266263604164123535e-01,0.000000000000000000e+00
2.941000000000000000e+04,4.976617991924285889e-01,7.962962962962962798e-01,3.792627155780792236e-01,0.000000000000000000e+00
2.942000000000000000e+04,4.842789471149444580e-01,8.333333333333333703e-01,3.587066531181335449e-01,0.000000000000000000e+00
2.943000000000000000e+04,5.029959082603454590e-01,7.407407407407406996e-01,3.745445013046264648e-01,0.000000000000000000e+00
2.944000000000000000e+04,4.989998042583465576e-01,7.962962962962962798e-01,3.694134950637817383e-01,0.000000000000000000e+00
2.945000000000000000e+04,5.169697999954223633e-01,8.333333333333333703e-01,4.032517671585083008e-01,0.000000000000000000e+00
2.946000000000000000e+04,4.920233190059661865e-01,8.148148148148147696e-01,3.776635825634002686e-01,0.000000000000000000e+00
2.947000000000000000e+04,5.048559308052062988e-01,7.777777777777777901e-01,3.738258183002471924e-01,0.000000000000000000e+00
2.948000000000000000e+04,4.971316754817962646e-01,8.148148148148147696e-01,3.615143597126007080e-01,0.000000000000000000e+00
2.949000000000000000e+04,4.959109127521514893e-01,8.148148148148147696e-01,3.630741834640502930e-01,0.000000000000000000e+00
2.950000000000000000e+04,4.975001215934753418e-01,7.777777777777777901e-01,3.344066143035888672e-01,0.000000000000000000e+00
2.951000000000000000e+04,4.892572462558746338e-01,7.407407407407406996e-01,3.409412205219268799e-01,0.000000000000000000e+00
2.952000000000000000e+04,4.854285418987274170e-01,7.592592592592593004e-01,3.361114561557769775e-01,0.000000000000000000e+00
2.953000000000000000e+04,4.702455401420593262e-01,7.777777777777777901e-01,3.133628666400909424e-01,0.000000000000000000e+00
2.954000000000000000e+04,5.152852535247802734e-01,7.592592592592593004e-01,3.728128075599670410e-01,0.000000000000000000e+00
2.955000000000000000e+04,5.043093562126159668e-01,7.777777777777777901e-01,3.596445322036743164e-01,0.000000000000000000e+00
2.956000000000000000e+04,4.959294497966766357e-01,7.592592592592593004e-01,3.398143351078033447e-01,0.000000000000000000e+00
2.957000000000000000e+04,5.192458629608154297e-01,7.592592592592593004e-01,3.717057704925537109e-01,0.000000000000000000e+00
2.958000000000000000e+04,5.405747890472412109e-01,7.222222222222222099e-01,3.848832547664642334e-01,0.000000000000000000e+00
2.959000000000000000e+04,5.408911705017089844e-01,7.222222222222222099e-01,3.932461440563201904e-01,0.000000000000000000e+00
2.960000000000000000e+04,5.331463813781738281e-01,7.592592592592593004e-01,4.044678509235382080e-01,0.000000000000000000e+00
2.961000000000000000e+04,5.230709314346313477e-01,7.407407407407406996e-01,3.723498284816741943e-01,0.000000000000000000e+00
2.962000000000000000e+04,5.064201354980468750e-01,7.592592592592593004e-01,3.408529162406921387e-01,0.000000000000000000e+00
2.963000000000000000e+04,5.155400633811950684e-01,6.851851851851852304e-01,3.586802482604980469e-01,0.000000000000000000e+00
2.964000000000000000e+04,4.681375920772552490e-01,7.592592592592593004e-01,2.903626263141632080e-01,0.000000000000000000e+00
2.965000000000000000e+04,4.902105033397674561e-01,7.222222222222222099e-01,3.287761211395263672e-01,0.000000000000000000e+00
2.966000000000000000e+04,5.279285907745361328e-01,7.037037037037037202e-01,3.606533110141754150e-01,0.000000000000000000e+00
2.967000000000000000e+04,5.040412545204162598e-01,7.592592592592593004e-01,3.301030099391937256e-01,0.000000000000000000e+00
2.968000000000000000e+04,4.950302541255950928e-01,7.407407407407406996e-01,3.211709558963775635e-01,0.000000000000000000e+00
2.969000000000000000e+04,4.878553748130798340e-01,7.407407407407406996e-01,3.038127124309539795e-01,0.000000000000000000e+00
2.970000000000000000e+04,4.685391783714294434e-01,7.407407407407406996e-01,2.806991636753082275e-01,0.000000000000000000e+00
2.971000000000000000e+04,4.972532987594604492e-01,7.592592592592593004e-01,3.277250528335571289e-01,0.000000000000000000e+00
2.972000000000000000e+04,4.929275214672088623e-01,7.407407407407406996e-01,3.280953168869018555e-01,0.000000000000000000e+00
2.973000000000000000e+04,4.903439283370971680e-01,7.037037037037037202e-01,3.145908415317535400e-01,0.000000000000000000e+00
2.974000000000000000e+04,4.944649934768676758e-01,7.222222222222222099e-01,3.378012776374816895e-01,0.000000000000000000e+00
2.975000000000000000e+04,4.958259463310241699e-01,7.222222222222222099e-01,3.196663856506347656e-01,0.000000000000000000e+00
2.976000000000000000e+04,5.090504884719848633e-01,7.222222222222222099e-01,3.333361744880676270e-01,0.000000000000000000e+00
2.977000000000000000e+04,4.921092391014099121e-01,7.222222222222222099e-01,3.301591575145721436e-01,0.000000000000000000e+00
2.978000000000000000e+04,4.870092570781707764e-01,7.407407407407406996e-01,3.422952890396118164e-01,0.000000000000000000e+00
2.979000000000000000e+04,5.113084912300109863e-01,7.222222222222222099e-01,3.535925447940826416e-01,0.000000000000000000e+00
2.980000000000000000e+04,4.999015033245086670e-01,7.407407407407406996e-01,3.353415131568908691e-01,0.000000000000000000e+00
2.981000000000000000e+04,4.664346873760223389e-01,7.777777777777777901e-01,2.973980903625488281e-01,0.000000000000000000e+00
2.982000000000000000e+04,4.718807041645050049e-01,7.592592592592593004e-01,2.957793772220611572e-01,0.000000000000000000e+00
2.983000000000000000e+04,4.664341211318969727e-01,7.592592592592593004e-01,3.212831616401672363e-01,0.000000000000000000e+00
2.984000000000000000e+04,4.553460776805877686e-01,6.851851851851852304e-01,3.062345087528228760e-01,0.000000000000000000e+00
2.985000000000000000e+04,4.842123985290527344e-01,7.222222222222222099e-01,3.268105685710906982e-01,0.000000000000000000e+00
2.986000000000000000e+04,4.822748899459838867e-01,7.592592592592593004e-01,3.044752478599548340e-01,0.000000000000000000e+00
2.987000000000000000e+04,4.864633083343505859e-01,8.148148148148147696e-01,3.357775211334228516e-01,0.000000000000000000e+00
2.988000000000000000e+04,4.905632436275482178e-01,7.592592592592593004e-01,3.258896470069885254e-01,0.000000000000000000e+00
2.989000000000000000e+04,5.317681431770324707e-01,7.592592592592593004e-01,3.544145822525024414e-01,0.000000000000000000e+00
2.990000000000000000e+04,5.189301967620849609e-01,7.592592592592593004e-01,3.423044383525848389e-01,0.000000000000000000e+00
2.991000000000000000e+04,4.925224781036376953e-01,7.592592592592593004e-01,3.240357041358947754e-01,0.000000000000000000e+00
2.992000000000000000e+04,5.013804435729980469e-01,7.407407407407406996e-01,2.816938161849975586e-01,0.000000000000000000e+00
2.993000000000000000e+04,5.016573667526245117e-01,7.592592592592593004e-01,3.185545504093170166e-01,0.000000000000000000e+00
2.994000000000000000e+04,5.094593167304992676e-01,7.962962962962962798e-01,3.352519869804382324e-01,0.000000000000000000e+00
2.995000000000000000e+04,5.246804356575012207e-01,7.592592592592593004e-01,3.679231107234954834e-01,0.000000000000000000e+00
2.996000000000000000e+04,5.102073550224304199e-01,7.592592592592593004e-01,3.446975052356719971e-01,0.000000000000000000e+00
2.997000000000000000e+04,5.295110940933227539e-01,7.592592592592593004e-01,3.627561032772064209e-01,0.000000000000000000e+00
2.998000000000000000e+04,5.326930880546569824e-01,7.592592592592593004e-01,3.644755780696868896e-01,0.000000000000000000e+00
2.999000000000000000e+04,5.625023841857910156e-01,7.592592592592593004e-01,4.044670760631561279e-01,0.000000000000000000e+00
3.000000000000000000e+04,5.516194701194763184e-01,7.407407407407406996e-01,3.881936371326446533e-01,0.000000000000000000e+00
3.001000000000000000e+04,5.220086574554443359e-01,7.592592592592593004e-01,3.332890868186950684e-01,0.000000000000000000e+00
3.002000000000000000e+04,5.375880002975463867e-01,6.666666666666666297e-01,3.736963570117950439e-01,0.000000000000000000e+00
3.003000000000000000e+04,5.095925927162170410e-01,7.407407407407406996e-01,3.469898104667663574e-01,0.000000000000000000e+00
3.004000000000000000e+04,5.024554729461669922e-01,7.592592592592593004e-01,3.422027528285980225e-01,0.000000000000000000e+00
3.005000000000000000e+04,5.362638831138610840e-01,7.592592592592593004e-01,3.920653760433197021e-01,0.000000000000000000e+00
3.006000000000000000e+04,5.422491431236267090e-01,7.407407407407406996e-01,3.467895090579986572e-01,0.000000000000000000e+00
3.007000000000000000e+04,5.696157217025756836e-01,7.222222222222222099e-01,3.997228741645812988e-01,0.000000000000000000e+00
3.008000000000000000e+04,5.217524766921997070e-01,7.777777777777777901e-01,3.073630928993225098e-01,0.000000000000000000e+00
3.009000000000000000e+04,5.449342131614685059e-01,7.407407407407406996e-01,3.499385416507720947e-01,0.000000000000000000e+00
3.010000000000000000e+04,5.788127183914184570e-01,7.222222222222222099e-01,3.774603605270385742e-01,0.000000000000000000e+00
3.011000000000000000e+04,5.487523078918457031e-01,7.037037037037037202e-01,3.255901932716369629e-01,0.000000000000000000e+00
3.012000000000000000e+04,5.439585447311401367e-01,7.592592592592593004e-01,3.339376747608184814e-01,0.000000000000000000e+00
3.013000000000000000e+04,5.451335310935974121e-01,7.407407407407406996e-01,3.602351248264312744e-01,0.000000000000000000e+00
3.014000000000000000e+04,5.719691514968872070e-01,7.222222222222222099e-01,3.857030868530273438e-01,0.000000000000000000e+00
3.015000000000000000e+04,5.467995405197143555e-01,7.222222222222222099e-01,3.327294588088989258e-01,0.000000000000000000e+00
3.016000000000000000e+04,5.722036957740783691e-01,7.222222222222222099e-01,3.793027698993682861e-01,0.000000000000000000e+00
3.017000000000000000e+04,5.343969464302062988e-01,7.592592592592593004e-01,3.209897577762603760e-01,0.000000000000000000e+00
3.018000000000000000e+04,5.488685965538024902e-01,6.851851851851852304e-01,3.509955406188964844e-01,0.000000000000000000e+00
3.019000000000000000e+04,5.644630193710327148e-01,7.592592592592593004e-01,3.540936410427093506e-01,0.000000000000000000e+00
3.020000000000000000e+04,5.278469324111938477e-01,7.407407407407406996e-01,3.240008950233459473e-01,0.000000000000000000e+00
3.021000000000000000e+04,5.569416880607604980e-01,7.222222222222222099e-01,3.573173284530639648e-01,0.000000000000000000e+00
3.022000000000000000e+04,5.474076271057128906e-01,7.777777777777777901e-01,3.643892407417297363e-01,0.000000000000000000e+00
3.023000000000000000e+04,5.127079486846923828e-01,7.592592592592593004e-01,3.389256596565246582e-01,0.000000000000000000e+00
3.024000000000000000e+04,5.129106044769287109e-01,7.777777777777777901e-01,3.168480396270751953e-01,0.000000000000000000e+00
3.025000000000000000e+04,4.981758594512939453e-01,7.222222222222222099e-01,3.139812946319580078e-01,0.000000000000000000e+00
3.026000000000000000e+04,5.134219527244567871e-01,7.592592592592593004e-01,3.250146806240081787e-01,0.000000000000000000e+00
3.027000000000000000e+04,5.468030571937561035e-01,7.222222222222222099e-01,3.673089146614074707e-01,0.000000000000000000e+00
3.028000000000000000e+04,5.404581427574157715e-01,7.222222222222222099e-01,3.651177585124969482e-01,0.000000000000000000e+00
3.029000000000000000e+04,5.371021032333374023e-01,7.222222222222222099e-01,3.390884697437286377e-01,0.000000000000000000e+00
3.030000000000000000e+04,5.337939858436584473e-01,7.592592592592593004e-01,3.402747809886932373e-01,0.000000000000000000e+00
3.031000000000000000e+04,5.591681599617004395e-01,7.407407407407406996e-01,3.793475627899169922e-01,0.000000000000000000e+00
3.032000000000000000e+04,5.560546517372131348e-01,6.666666666666666297e-01,4.014817178249359131e-01,0.000000000000000000e+00
3.033000000000000000e+04,5.663236379623413086e-01,7.222222222222222099e-01,4.064175486564636230e-01,0.000000000000000000e+00
3.034000000000000000e+04,5.697472691535949707e-01,7.037037037037037202e-01,3.892588913440704346e-01,0.000000000000000000e+00
3.035000000000000000e+04,5.531557202339172363e-01,7.222222222222222099e-01,3.637684881687164307e-01,0.000000000000000000e+00
3.036000000000000000e+04,5.614802837371826172e-01,7.592592592592593004e-01,4.059403538703918457e-01,0.000000000000000000e+00
3.037000000000000000e+04,5.435023903846740723e-01,7.592592592592593004e-01,3.869835436344146729e-01,0.000000000000000000e+00
3.038000000000000000e+04,5.596458315849304199e-01,7.222222222222222099e-01,4.266138672828674316e-01,0.000000000000000000e+00
3.039000000000000000e+04,5.393485426902770996e-01,7.777777777777777901e-01,4.034404456615447998e-01,0.000000000000000000e+00
3.040000000000000000e+04,5.108604431152343750e-01,7.592592592592593004e-01,3.654935657978057861e-01,0.000000000000000000e+00
3.041000000000000000e+04,5.278281569480895996e-01,7.592592592592593004e-01,3.994120955467224121e-01,0.000000000000000000e+00
3.042000000000000000e+04,5.499563217163085938e-01,8.148148148148147696e-01,4.363888502120971680e-01,0.000000000000000000e+00
3.043000000000000000e+04,5.401088595390319824e-01,7.962962962962962798e-01,4.088308215141296387e-01,0.000000000000000000e+00
3.044000000000000000e+04,5.172843337059020996e-01,7.222222222222222099e-01,4.016001820564270020e-01,0.000000000000000000e+00
3.045000000000000000e+04,5.199294686317443848e-01,7.592592592592593004e-01,4.040500521659851074e-01,0.000000000000000000e+00
3.046000000000000000e+04,5.078213810920715332e-01,7.592592592592593004e-01,3.698129057884216309e-01,0.000000000000000000e+00
3.047000000000000000e+04,4.983426928520202637e-01,7.962962962962962798e-01,3.774333596229553223e-01,0.000000000000000000e+00
3.048000000000000000e+04,5.420381426811218262e-01,7.407407407407406996e-01,4.283963441848754883e-01,0.000000000000000000e+00
3.049000000000000000e+04,5.123527050018310547e-01,7.962962962962962798e-01,3.776868581771850586e-01,0.000000000000000000e+00
3.050000000000000000e+04,5.242924094200134277e-01,7.777777777777777901e-01,4.027167260646820068e-01,0.000000000000000000e+00
3.051000000000000000e+04,5.019313693046569824e-01,7.592592592592593004e-01,3.809395432472229004e-01,0.000000000000000000e+00
3.052000000000000000e+04,5.312663912773132324e-01,7.962962962962962798e-01,4.183910489082336426e-01,0.000000000000000000e+00
3.053000000000000000e+04,5.198569893836975098e-01,7.592592592592593004e-01,3.939323723316192627e-01,0.000000000000000000e+00
3.054000000000000000e+04,5.289831757545471191e-01,7.592592592592593004e-01,4.001716077327728271e-01,0.000000000000000000e+00
3.055000000000000000e+04,5.442356467247009277e-01,7.777777777777777901e-01,4.253665506839752197e-01,0.000000000000000000e+00
3.056000000000000000e+04,5.282624959945678711e-01,7.592592592592593004e-01,4.021853506565093994e-01,0.000000000000000000e+00
3.057000000000000000e+04,5.280430912971496582e-01,7.777777777777777901e-01,4.058689773082733154e-01,0.000000000000000000e+00
3.058000000000000000e+04,5.080096125602722168e-01,7.407407407407406996e-01,3.868377506732940674e-01,0.000000000000000000e+00
3.059000000000000000e+04,5.156394839286804199e-01,7.592592592592593004e-01,4.043955504894256592e-01,0.000000000000000000e+00
3.060000000000000000e+04,5.095058679580688477e-01,7.407407407407406996e-01,3.951714634895324707e-01,0.000000000000000000e+00
3.061000000000000000e+04,5.139499902725219727e-01,7.592592592592593004e-01,3.929420113563537598e-01,0.000000000000000000e+00
3.062000000000000000e+04,5.412171483039855957e-01,7.777777777777777901e-01,4.190199375152587891e-01,0.000000000000000000e+00
3.063000000000000000e+04,5.444895029067993164e-01,7.777777777777777901e-01,3.972188830375671387e-01,0.000000000000000000e+00
3.064000000000000000e+04,5.341799259185791016e-01,7.962962962962962798e-01,3.964018225669860840e-01,0.000000000000000000e+00
3.065000000000000000e+04,5.437047481536865234e-01,7.592592592592593004e-01,3.873528838157653809e-01,0.000000000000000000e+00
3.066000000000000000e+04,5.356432795524597168e-01,7.962962962962962798e-01,3.789769411087036133e-01,0.000000000000000000e+00
3.067000000000000000e+04,5.292898416519165039e-01,7.592592592592593004e-01,3.549639880657196045e-01,0.000000000000000000e+00
3.068000000000000000e+04,5.308907032012939453e-01,7.777777777777777901e-01,3.679310977458953857e-01,0.000000000000000000e+00
3.069000000000000000e+04,5.520524382591247559e-01,7.222222222222222099e-01,3.901672065258026123e-01,0.000000000000000000e+00
3.070000000000000000e+04,5.253210663795471191e-01,7.407407407407406996e-01,3.323337435722351074e-01,0.000000000000000000e+00
3.071000000000000000e+04,5.516850948333740234e-01,7.222222222222222099e-01,3.550945520401000977e-01,0.000000000000000000e+00
3.072000000000000000e+04,5.287553071975708008e-01,7.222222222222222099e-01,3.460736274719238281e-01,0.000000000000000000e+00
3.073000000000000000e+04,5.115962028503417969e-01,7.592592592592593004e-01,3.249838352203369141e-01,0.000000000000000000e+00
3.074000000000000000e+04,5.249143838882446289e-01,7.407407407407406996e-01,3.453402817249298096e-01,0.000000000000000000e+00
3.075000000000000000e+04,5.288678407669067383e-01,7.962962962962962798e-01,3.755758404731750488e-01,0.000000000000000000e+00
3.076000000000000000e+04,5.416228771209716797e-01,7.407407407407406996e-01,4.146890342235565186e-01,0.000000000000000000e+00
3.077000000000000000e+04,5.168032646179199219e-01,7.777777777777777901e-01,3.692514300346374512e-01,0.000000000000000000e+00
3.078000000000000000e+04,5.368801951408386230e-01,7.407407407407406996e-01,3.793796598911285400e-01,0.000000000000000000e+00
3.079000000000000000e+04,5.382732748985290527e-01,7.592592592592593004e-01,3.707707524299621582e-01,0.000000000000000000e+00
3.080000000000000000e+04,5.232057571411132812e-01,7.592592592592593004e-01,3.567847907543182373e-01,0.000000000000000000e+00
3.081000000000000000e+04,5.178791284561157227e-01,7.222222222222222099e-01,3.326637446880340576e-01,0.000000000000000000e+00
3.082000000000000000e+04,5.268977284431457520e-01,7.037037037037037202e-01,3.508903980255126953e-01,0.000000000000000000e+00
3.083000000000000000e+04,5.159238576889038086e-01,7.222222222222222099e-01,3.679139018058776855e-01,0.000000000000000000e+00
3.084000000000000000e+04,5.049273371696472168e-01,7.592592592592593004e-01,3.432750999927520752e-01,0.000000000000000000e+00
3.085000000000000000e+04,5.394786000251770020e-01,7.037037037037037202e-01,3.816756308078765869e-01,0.000000000000000000e+00
3.086000000000000000e+04,5.517531037330627441e-01,7.037037037037037202e-01,4.050191342830657959e-01,0.000000000000000000e+00
3.087000000000000000e+04,5.743802189826965332e-01,6.851851851851852304e-01,4.293536543846130371e-01,0.000000000000000000e+00
3.088000000000000000e+04,5.293740630149841309e-01,7.037037037037037202e-01,3.819546103477478027e-01,0.000000000000000000e+00
3.089000000000000000e+04,5.361065268516540527e-01,6.851851851851852304e-01,3.749059438705444336e-01,0.000000000000000000e+00
3.090000000000000000e+04,5.452646613121032715e-01,7.222222222222222099e-01,3.925001919269561768e-01,0.000000000000000000e+00
3.091000000000000000e+04,5.755994915962219238e-01,7.222222222222222099e-01,4.217590689659118652e-01,0.000000000000000000e+00
3.092000000000000000e+04,5.258895158767700195e-01,7.777777777777777901e-01,3.536488413810729980e-01,0.000000000000000000e+00
3.093000000000000000e+04,5.298979282379150391e-01,7.222222222222222099e-01,3.579043745994567871e-01,0.000000000000000000e+00
3.094000000000000000e+04,5.525649189949035645e-01,7.962962962962962798e-01,3.908458948135375977e-01,0.000000000000000000e+00
3.095000000000000000e+04,5.153830647468566895e-01,7.407407407407406996e-01,3.540421128273010254e-01,0.000000000000000000e+00
3.096000000000000000e+04,5.313284993171691895e-01,7.592592592592593004e-01,3.626720607280731201e-01,0.000000000000000000e+00
3.097000000000000000e+04,5.389646887779235840e-01,7.777777777777777901e-01,3.803548216819763184e-01,0.000000000000000000e+00
3.098000000000000000e+04,5.023460388183593750e-01,7.407407407407406996e-01,3.472125530242919922e-01,0.000000000000000000e+00
3.099000000000000000e+04,4.949150681495666504e-01,7.592592592592593004e-01,3.175089061260223389e-01,0.000000000000000000e+00
3.100000000000000000e+04,5.299517512321472168e-01,7.222222222222222099e-01,3.296463191509246826e-01,0.000000000000000000e+00
3.101000000000000000e+04,5.407051444053649902e-01,7.037037037037037202e-01,3.525626361370086670e-01,0.000000000000000000e+00
3.102000000000000000e+04,5.441678762435913086e-01,7.592592592592593004e-01,3.685676455497741699e-01,0.000000000000000000e+00
3.103000000000000000e+04,5.420678257942199707e-01,7.407407407407406996e-01,3.486777245998382568e-01,0.000000000000000000e+00
3.104000000000000000e+04,5.519198179244995117e-01,7.777777777777777901e-01,3.577315509319305420e-01,0.000000000000000000e+00
3.105000000000000000e+04,5.397233366966247559e-01,7.407407407407406996e-01,3.407680392265319824e-01,0.000000000000000000e+00
3.106000000000000000e+04,5.502043962478637695e-01,7.777777777777777901e-01,3.395026624202728271e-01,0.000000000000000000e+00
3.107000000000000000e+04,5.483384132385253906e-01,7.222222222222222099e-01,3.489253818988800049e-01,0.000000000000000000e+00
3.108000000000000000e+04,5.598392486572265625e-01,7.962962962962962798e-01,3.611825108528137207e-01,0.000000000000000000e+00
3.109000000000000000e+04,4.976063072681427002e-01,7.592592592592593004e-01,3.107817769050598145e-01,0.000000000000000000e+00
3.110000000000000000e+04,5.192191004753112793e-01,7.592592592592593004e-01,3.559916913509368896e-01,0.000000000000000000e+00
3.111000000000000000e+04,5.443992614746093750e-01,7.037037037037037202e-01,3.535726666450500488e-01,0.000000000000000000e+00
3.112000000000000000e+04,5.295382738113403320e-01,7.407407407407406996e-01,3.401449024677276611e-01,0.000000000000000000e+00
3.113000000000000000e+04,5.212531685829162598e-01,7.407407407407406996e-01,3.457554876804351807e-01,0.000000000000000000e+00
3.114000000000000000e+04,5.252320170402526855e-01,7.592592592592593004e-01,3.270629346370697021e-01,0.000000000000000000e+00
3.115000000000000000e+04,5.573832988739013672e-01,7.592592592592593004e-01,3.688502013683319092e-01,0.000000000000000000e+00
3.116000000000000000e+04,5.386626720428466797e-01,7.777777777777777901e-01,3.579762578010559082e-01,0.000000000000000000e+00
3.117000000000000000e+04,5.577744841575622559e-01,7.407407407407406996e-01,3.986257016658782959e-01,0.000000000000000000e+00
3.118000000000000000e+04,5.254443883895874023e-01,7.962962962962962798e-01,3.682141602039337158e-01,0.000000000000000000e+00
3.119000000000000000e+04,5.249272584915161133e-01,7.592592592592593004e-01,3.704321682453155518e-01,0.000000000000000000e+00
3.120000000000000000e+04,5.273780226707458496e-01,7.962962962962962798e-01,3.598246574401855469e-01,0.000000000000000000e+00
3.121000000000000000e+04,5.298375487327575684e-01,6.666666666666666297e-01,3.570936918258666992e-01,0.000000000000000000e+00
3.122000000000000000e+04,5.527760386466979980e-01,6.851851851851852304e-01,3.923846483230590820e-01,0.000000000000000000e+00
3.123000000000000000e+04,5.599608421325683594e-01,7.592592592592593004e-01,3.730555772781372070e-01,0.000000000000000000e+00
3.124000000000000000e+04,5.579259395599365234e-01,7.407407407407406996e-01,3.817099928855895996e-01,0.000000000000000000e+00
3.125000000000000000e+04,5.629724264144897461e-01,7.222222222222222099e-01,3.722088634967803955e-01,0.000000000000000000e+00
3.126000000000000000e+04,5.659671425819396973e-01,7.592592592592593004e-01,3.742920458316802979e-01,0.000000000000000000e+00
3.127000000000000000e+04,5.639737844467163086e-01,7.592592592592593004e-01,3.825540244579315186e-01,0.000000000000000000e+00
3.128000000000000000e+04,5.948190093040466309e-01,7.777777777777777901e-01,4.127668142318725586e-01,0.000000000000000000e+00
3.129000000000000000e+04,6.125144958496093750e-01,7.407407407407406996e-01,3.800154030323028564e-01,0.000000000000000000e+00
3.130000000000000000e+04,6.206622719764709473e-01,7.592592592592593004e-01,4.352455735206604004e-01,0.000000000000000000e+00
3.131000000000000000e+04,5.963653326034545898e-01,7.777777777777777901e-01,3.925980627536773682e-01,0.000000000000000000e+00
3.132000000000000000e+04,6.121109127998352051e-01,7.777777777777777901e-01,4.043413996696472168e-01,0.000000000000000000e+00
3.133000000000000000e+04,5.795250535011291504e-01,7.592592592592593004e-01,3.907825946807861328e-01,0.000000000000000000e+00
3.134000000000000000e+04,5.553419589996337891e-01,7.777777777777777901e-01,3.779954910278320312e-01,0.000000000000000000e+00
3.135000000000000000e+04,5.651606917381286621e-01,7.592592592592593004e-01,3.917030990123748779e-01,0.000000000000000000e+00
3.136000000000000000e+04,5.415421128273010254e-01,7.962962962962962798e-01,3.856083452701568604e-01,0.000000000000000000e+00
3.137000000000000000e+04,5.168886780738830566e-01,7.592592592592593004e-01,3.544209003448486328e-01,0.000000000000000000e+00
3.138000000000000000e+04,5.157564878463745117e-01,7.222222222222222099e-01,3.355261385440826416e-01,0.000000000000000000e+00
3.139000000000000000e+04,5.499460101127624512e-01,7.407407407407406996e-01,3.742659091949462891e-01,0.000000000000000000e+00
3.140000000000000000e+04,5.246841311454772949e-01,7.592592592592593004e-01,3.563909530639648438e-01,0.000000000000000000e+00
3.141000000000000000e+04,5.112873315811157227e-01,7.407407407407406996e-01,3.349800705909729004e-01,0.000000000000000000e+00
3.142000000000000000e+04,5.217748284339904785e-01,7.407407407407406996e-01,3.383785188198089600e-01,0.000000000000000000e+00
3.143000000000000000e+04,5.187374949455261230e-01,7.777777777777777901e-01,3.648717999458312988e-01,0.000000000000000000e+00
3.144000000000000000e+04,5.964331030845642090e-01,7.222222222222222099e-01,4.409450590610504150e-01,0.000000000000000000e+00
3.145000000000000000e+04,5.513467788696289062e-01,7.592592592592593004e-01,3.693000078201293945e-01,0.000000000000000000e+00
3.146000000000000000e+04,5.563194155693054199e-01,7.777777777777777901e-01,3.838515579700469971e-01,0.000000000000000000e+00
3.147000000000000000e+04,5.539352893829345703e-01,7.592592592592593004e-01,3.934101462364196777e-01,0.000000000000000000e+00
3.148000000000000000e+04,5.477922558784484863e-01,7.407407407407406996e-01,3.766353726387023926e-01,0.000000000000000000e+00
3.149000000000000000e+04,5.601216554641723633e-01,7.592592592592593004e-01,3.772369921207427979e-01,0.000000000000000000e+00
3.150000000000000000e+04,5.560283064842224121e-01,7.592592592592593004e-01,3.807056844234466553e-01,0.000000000000000000e+00
3.151000000000000000e+04,5.618470311164855957e-01,7.777777777777777901e-01,3.958140313625335693e-01,0.000000000000000000e+00
3.152000000000000000e+04,5.533354878425598145e-01,7.222222222222222099e-01,3.934022486209869385e-01,0.000000000000000000e+00
3.153000000000000000e+04,5.432111620903015137e-01,7.222222222222222099e-01,3.520387411117553711e-01,0.000000000000000000e+00
3.154000000000000000e+04,5.113701820373535156e-01,7.037037037037037202e-01,2.978239357471466064e-01,0.000000000000000000e+00
3.155000000000000000e+04,5.684995651245117188e-01,7.777777777777777901e-01,3.938435912132263184e-01,0.000000000000000000e+00
3.156000000000000000e+04,5.431255102157592773e-01,7.592592592592593004e-01,3.842515051364898682e-01,0.000000000000000000e+00
3.157000000000000000e+04,5.479165911674499512e-01,7.777777777777777901e-01,3.689446747303009033e-01,0.000000000000000000e+00
3.158000000000000000e+04,5.486048460006713867e-01,7.777777777777777901e-01,3.561079800128936768e-01,0.000000000000000000e+00
3.159000000000000000e+04,5.359629988670349121e-01,7.592592592592593004e-01,3.529343008995056152e-01,0.000000000000000000e+00
3.160000000000000000e+04,5.080127716064453125e-01,7.592592592592593004e-01,3.161150813102722168e-01,0.000000000000000000e+00
3.161000000000000000e+04,5.138907432556152344e-01,7.407407407407406996e-01,3.188237845897674561e-01,0.000000000000000000e+00
3.162000000000000000e+04,5.780943632125854492e-01,7.407407407407406996e-01,3.931677639484405518e-01,0.000000000000000000e+00
3.163000000000000000e+04,5.794183611869812012e-01,7.222222222222222099e-01,3.842683136463165283e-01,0.000000000000000000e+00
3.164000000000000000e+04,5.689080953598022461e-01,7.407407407407406996e-01,3.744003176689147949e-01,0.000000000000000000e+00
3.165000000000000000e+04,5.755097866058349609e-01,7.777777777777777901e-01,4.051381945610046387e-01,0.000000000000000000e+00
3.166000000000000000e+04,5.829671025276184082e-01,7.592592592592593004e-01,4.052558541297912598e-01,0.000000000000000000e+00
3.167000000000000000e+04,5.767748951911926270e-01,7.407407407407406996e-01,4.166876375675201416e-01,0.000000000000000000e+00
3.168000000000000000e+04,5.538896322250366211e-01,7.777777777777777901e-01,3.852076828479766846e-01,0.000000000000000000e+00
3.169000000000000000e+04,5.589226484298706055e-01,7.962962962962962798e-01,3.888669013977050781e-01,0.000000000000000000e+00
3.170000000000000000e+04,5.418921113014221191e-01,7.777777777777777901e-01,3.769436776638031006e-01,0.000000000000000000e+00
3.171000000000000000e+04,5.535906553268432617e-01,8.148148148148147696e-01,3.964496850967407227e-01,0.000000000000000000e+00
3.172000000000000000e+04,5.415734052658081055e-01,7.777777777777777901e-01,3.857567012310028076e-01,0.000000000000000000e+00
3.173000000000000000e+04,5.744224190711975098e-01,7.777777777777777901e-01,4.209516048431396484e-01,0.000000000000000000e+00
3.174000000000000000e+04,5.679029822349548340e-01,7.777777777777777901e-01,4.159108400344848633e-01,0.000000000000000000e+00
3.175000000000000000e+04,5.536666512489318848e-01,7.592592592592593004e-01,4.031879007816314697e-01,0.000000000000000000e+00
3.176000000000000000e+04,5.472282171249389648e-01,7.777777777777777901e-01,3.977090120315551758e-01,0.000000000000000000e+00
3.177000000000000000e+04,5.727018117904663086e-01,7.777777777777777901e-01,4.139026105403900146e-01,0.000000000000000000e+00
3.178000000000000000e+04,5.700528621673583984e-01,7.777777777777777901e-01,4.059021174907684326e-01,0.000000000000000000e+00
3.179000000000000000e+04,5.919212102890014648e-01,7.222222222222222099e-01,4.265561997890472412e-01,0.000000000000000000e+00
3.180000000000000000e+04,5.616185665130615234e-01,7.777777777777777901e-01,3.682130873203277588e-01,0.000000000000000000e+00
3.181000000000000000e+04,5.403682589530944824e-01,7.962962962962962798e-01,3.633344471454620361e-01,0.000000000000000000e+00
3.182000000000000000e+04,5.465156435966491699e-01,7.962962962962962798e-01,3.523731231689453125e-01,0.000000000000000000e+00
3.183000000000000000e+04,5.405676960945129395e-01,8.148148148148147696e-01,3.537805080413818359e-01,0.000000000000000000e+00
3.184000000000000000e+04,5.599498748779296875e-01,7.777777777777777901e-01,3.763729035854339600e-01,0.000000000000000000e+00
3.185000000000000000e+04,5.580099821090698242e-01,7.407407407407406996e-01,3.781775832176208496e-01,0.000000000000000000e+00
3.186000000000000000e+04,5.727667808532714844e-01,7.037037037037037202e-01,3.757094144821166992e-01,0.000000000000000000e+00
3.187000000000000000e+04,5.426115989685058594e-01,8.148148148148147696e-01,3.685736656188964844e-01,0.000000000000000000e+00
3.188000000000000000e+04,5.672560930252075195e-01,7.222222222222222099e-01,3.822368383407592773e-01,0.000000000000000000e+00
3.189000000000000000e+04,5.626381039619445801e-01,7.777777777777777901e-01,3.755152523517608643e-01,0.000000000000000000e+00
3.190000000000000000e+04,5.806634426116943359e-01,7.222222222222222099e-01,4.013818204402923584e-01,0.000000000000000000e+00
3.191000000000000000e+04,5.887787342071533203e-01,7.962962962962962798e-01,3.949652612209320068e-01,0.000000000000000000e+00
3.192000000000000000e+04,5.925208926200866699e-01,7.407407407407406996e-01,4.128113389015197754e-01,0.000000000000000000e+00
3.193000000000000000e+04,5.894320011138916016e-01,7.592592592592593004e-01,4.084867238998413086e-01,0.000000000000000000e+00
3.194000000000000000e+04,5.389731526374816895e-01,7.592592592592593004e-01,3.522993624210357666e-01,0.000000000000000000e+00
3.195000000000000000e+04,5.718769431114196777e-01,7.592592592592593004e-01,3.825653493404388428e-01,0.000000000000000000e+00
3.196000000000000000e+04,5.546033978462219238e-01,7.037037037037037202e-01,3.709186315536499023e-01,0.000000000000000000e+00
3.197000000000000000e+04,5.456926226615905762e-01,7.222222222222222099e-01,3.493018448352813721e-01,0.000000000000000000e+00
3.198000000000000000e+04,5.210535526275634766e-01,7.777777777777777901e-01,3.329467177391052246e-01,0.000000000000000000e+00
3.199000000000000000e+04,5.491783022880554199e-01,7.222222222222222099e-01,3.417655229568481445e-01,0.000000000000000000e+00
3.200000000000000000e+04,5.338799953460693359e-01,7.592592592592593004e-01,3.294504582881927490e-01,0.000000000000000000e+00
3.201000000000000000e+04,5.209874510765075684e-01,7.592592592592593004e-01,3.469605445861816406e-01,0.000000000000000000e+00
3.202000000000000000e+04,5.123739242553710938e-01,7.962962962962962798e-01,3.285516202449798584e-01,0.000000000000000000e+00
3.203000000000000000e+04,5.192552804946899414e-01,7.777777777777777901e-01,3.182390034198760986e-01,0.000000000000000000e+00
3.204000000000000000e+04,5.544651150703430176e-01,7.777777777777777901e-01,3.568393886089324951e-01,0.000000000000000000e+00
3.205000000000000000e+04,5.689681768417358398e-01,7.407407407407406996e-01,3.788684606552124023e-01,0.000000000000000000e+00
3.206000000000000000e+04,5.507491827011108398e-01,7.592592592592593004e-01,3.743932545185089111e-01,0.000000000000000000e+00
3.207000000000000000e+04,5.613832473754882812e-01,7.222222222222222099e-01,3.532351553440093994e-01,0.000000000000000000e+00
3.208000000000000000e+04,5.388501286506652832e-01,7.777777777777777901e-01,3.266301751136779785e-01,0.000000000000000000e+00
3.209000000000000000e+04,5.240218043327331543e-01,7.592592592592593004e-01,3.205161094665527344e-01,0.000000000000000000e+00
3.210000000000000000e+04,5.238078236579895020e-01,7.592592592592593004e-01,3.286868929862976074e-01,0.000000000000000000e+00
3.211000000000000000e+04,5.277839303016662598e-01,7.962962962962962798e-01,3.494955301284790039e-01,0.000000000000000000e+00
3.212000000000000000e+04,5.219132304191589355e-01,7.777777777777777901e-01,3.475795090198516846e-01,0.000000000000000000e+00
3.213000000000000000e+04,5.334414243698120117e-01,7.777777777777777901e-01,3.349416553974151611e-01,0.000000000000000000e+00
3.214000000000000000e+04,5.304088592529296875e-01,8.333333333333333703e-01,3.662273883819580078e-01,0.000000000000000000e+00
3.215000000000000000e+04,5.617433786392211914e-01,7.407407407407406996e-01,4.027455449104309082e-01,0.000000000000000000e+00
3.216000000000000000e+04,5.295557379722595215e-01,7.777777777777777901e-01,3.802943825721740723e-01,0.000000000000000000e+00
3.217000000000000000e+04,5.448145270347595215e-01,7.407407407407406996e-01,3.762956857681274414e-01,0.000000000000000000e+00
3.218000000000000000e+04,5.456891059875488281e-01,7.777777777777777901e-01,3.828068673610687256e-01,0.000000000000000000e+00
3.219000000000000000e+04,5.513616800308227539e-01,7.777777777777777901e-01,3.724956810474395752e-01,0.000000000000000000e+00
3.220000000000000000e+04,5.459482669830322266e-01,7.222222222222222099e-01,3.846972584724426270e-01,0.000000000000000000e+00
3.221000000000000000e+04,5.586232542991638184e-01,7.592592592592593004e-01,4.064892828464508057e-01,0.000000000000000000e+00
3.222000000000000000e+04,5.792579650878906250e-01,7.962962962962962798e-01,4.184948205947875977e-01,0.000000000000000000e+00
3.223000000000000000e+04,5.719445943832397461e-01,7.777777777777777901e-01,4.094066023826599121e-01,0.000000000000000000e+00
3.224000000000000000e+04,5.654902458190917969e-01,7.777777777777777901e-01,4.127329885959625244e-01,0.000000000000000000e+00
3.225000000000000000e+04,5.513064861297607422e-01,7.592592592592593004e-01,3.797985315322875977e-01,0.000000000000000000e+00
3.226000000000000000e+04,5.582808852195739746e-01,8.148148148148147696e-01,3.834900856018066406e-01,0.000000000000000000e+00
3.227000000000000000e+04,5.871992707252502441e-01,8.333333333333333703e-01,4.240403175354003906e-01,0.000000000000000000e+00
3.228000000000000000e+04,5.702004432678222656e-01,7.962962962962962798e-01,3.957759737968444824e-01,0.000000000000000000e+00
3.229000000000000000e+04,5.660381317138671875e-01,8.148148148148147696e-01,3.822631537914276123e-01,0.000000000000000000e+00
3.230000000000000000e+04,5.753996372222900391e-01,7.962962962962962798e-01,3.857473731040954590e-01,0.000000000000000000e+00
3.231000000000000000e+04,5.799798369407653809e-01,7.592592592592593004e-01,3.970752358436584473e-01,0.000000000000000000e+00
3.232000000000000000e+04,5.823172926902770996e-01,7.222222222222222099e-01,3.827481567859649658e-01,0.000000000000000000e+00
3.233000000000000000e+04,5.803721547126770020e-01,7.037037037037037202e-01,3.685338199138641357e-01,0.000000000000000000e+00
3.234000000000000000e+04,5.840628743171691895e-01,7.962962962962962798e-01,3.795136511325836182e-01,0.000000000000000000e+00
3.235000000000000000e+04,6.014152169227600098e-01,7.962962962962962798e-01,3.963465392589569092e-01,0.000000000000000000e+00
3.236000000000000000e+04,5.834760665893554688e-01,7.777777777777777901e-01,3.876525461673736572e-01,0.000000000000000000e+00
3.237000000000000000e+04,5.710067749023437500e-01,7.222222222222222099e-01,3.968738317489624023e-01,0.000000000000000000e+00
3.238000000000000000e+04,5.701631307601928711e-01,7.592592592592593004e-01,3.770096600055694580e-01,0.000000000000000000e+00
3.239000000000000000e+04,5.626935362815856934e-01,7.592592592592593004e-01,3.837940990924835205e-01,0.000000000000000000e+00
3.240000000000000000e+04,5.530651211738586426e-01,7.962962962962962798e-01,3.666810095310211182e-01,0.000000000000000000e+00
3.241000000000000000e+04,5.580199956893920898e-01,7.777777777777777901e-01,3.747791647911071777e-01,0.000000000000000000e+00
3.242000000000000000e+04,5.536711812019348145e-01,7.962962962962962798e-01,3.829717040061950684e-01,0.000000000000000000e+00
3.243000000000000000e+04,5.599622726440429688e-01,7.777777777777777901e-01,3.655982315540313721e-01,0.000000000000000000e+00
3.244000000000000000e+04,5.716038346290588379e-01,7.407407407407406996e-01,3.806997835636138916e-01,0.000000000000000000e+00
3.245000000000000000e+04,5.590784549713134766e-01,7.407407407407406996e-01,3.832086324691772461e-01,0.000000000000000000e+00
3.246000000000000000e+04,5.761190056800842285e-01,7.592592592592593004e-01,3.670520186424255371e-01,0.000000000000000000e+00
3.247000000000000000e+04,5.629629492759704590e-01,7.592592592592593004e-01,3.742265403270721436e-01,0.000000000000000000e+00
3.248000000000000000e+04,5.583305954933166504e-01,7.777777777777777901e-01,3.753040432929992676e-01,0.000000000000000000e+00
3.249000000000000000e+04,5.805694460868835449e-01,7.407407407407406996e-01,3.979091346263885498e-01,0.000000000000000000e+00
3.250000000000000000e+04,5.436515212059020996e-01,7.962962962962962798e-01,3.537394106388092041e-01,0.000000000000000000e+00
3.251000000000000000e+04,5.659192204475402832e-01,7.962962962962962798e-01,4.004188477993011475e-01,0.000000000000000000e+00
3.252000000000000000e+04,5.550752878189086914e-01,7.962962962962962798e-01,3.681399226188659668e-01,0.000000000000000000e+00
3.253000000000000000e+04,5.455200076103210449e-01,7.592592592592593004e-01,3.521098494529724121e-01,0.000000000000000000e+00
3.254000000000000000e+04,5.955027341842651367e-01,7.592592592592593004e-01,4.219014942646026611e-01,0.000000000000000000e+00
3.255000000000000000e+04,5.952184796333312988e-01,7.407407407407406996e-01,4.188939630985260010e-01,0.000000000000000000e+00
3.256000000000000000e+04,6.037932634353637695e-01,7.407407407407406996e-01,4.354765415191650391e-01,0.000000000000000000e+00
3.257000000000000000e+04,5.612716078758239746e-01,7.777777777777777901e-01,3.714213967323303223e-01,0.000000000000000000e+00
3.258000000000000000e+04,5.616051554679870605e-01,7.222222222222222099e-01,4.006481468677520752e-01,0.000000000000000000e+00
3.259000000000000000e+04,6.088650822639465332e-01,7.407407407407406996e-01,4.286538362503051758e-01,0.000000000000000000e+00
3.260000000000000000e+04,5.869159698486328125e-01,7.407407407407406996e-01,3.753774762153625488e-01,0.000000000000000000e+00
3.261000000000000000e+04,5.616139769554138184e-01,7.592592592592593004e-01,3.673647344112396240e-01,0.000000000000000000e+00
3.262000000000000000e+04,5.686144828796386719e-01,7.407407407407406996e-01,3.884782791137695312e-01,0.000000000000000000e+00
3.263000000000000000e+04,5.965021848678588867e-01,7.222222222222222099e-01,4.210251867771148682e-01,0.000000000000000000e+00
3.264000000000000000e+04,5.919021368026733398e-01,7.592592592592593004e-01,4.135447144508361816e-01,0.000000000000000000e+00
3.265000000000000000e+04,5.943733453750610352e-01,7.407407407407406996e-01,4.046190381050109863e-01,0.000000000000000000e+00
3.266000000000000000e+04,5.859661102294921875e-01,7.777777777777777901e-01,3.880701959133148193e-01,0.000000000000000000e+00
3.267000000000000000e+04,5.895950794219970703e-01,7.777777777777777901e-01,3.822910785675048828e-01,0.000000000000000000e+00
3.268000000000000000e+04,5.966594815254211426e-01,7.592592592592593004e-01,3.768697977066040039e-01,0.000000000000000000e+00
3.269000000000000000e+04,6.222975254058837891e-01,7.407407407407406996e-01,4.508545696735382080e-01,0.000000000000000000e+00
3.270000000000000000e+04,5.830678343772888184e-01,7.407407407407406996e-01,4.081393182277679443e-01,0.000000000000000000e+00
3.271000000000000000e+04,6.018590331077575684e-01,7.592592592592593004e-01,4.223798215389251709e-01,0.000000000000000000e+00
3.272000000000000000e+04,6.107265949249267578e-01,7.407407407407406996e-01,4.154002368450164795e-01,0.000000000000000000e+00
3.273000000000000000e+04,5.970594882965087891e-01,7.222222222222222099e-01,4.065862894058227539e-01,0.000000000000000000e+00
3.274000000000000000e+04,6.025977730751037598e-01,7.777777777777777901e-01,4.227974712848663330e-01,0.000000000000000000e+00
3.275000000000000000e+04,6.075748205184936523e-01,7.222222222222222099e-01,4.033110439777374268e-01,0.000000000000000000e+00
3.276000000000000000e+04,6.025613546371459961e-01,7.407407407407406996e-01,3.766112625598907471e-01,0.000000000000000000e+00
3.277000000000000000e+04,5.781420469284057617e-01,7.962962962962962798e-01,3.636343181133270264e-01,0.000000000000000000e+00
3.278000000000000000e+04,5.781511068344116211e-01,7.962962962962962798e-01,3.879101872444152832e-01,0.000000000000000000e+00
3.279000000000000000e+04,5.950597524642944336e-01,7.777777777777777901e-01,3.968065679073333740e-01,0.000000000000000000e+00
3.280000000000000000e+04,5.781924128532409668e-01,7.592592592592593004e-01,3.870805501937866211e-01,0.000000000000000000e+00
3.281000000000000000e+04,6.004380583763122559e-01,7.407407407407406996e-01,4.217718541622161865e-01,0.000000000000000000e+00
3.282000000000000000e+04,6.041564345359802246e-01,7.592592592592593004e-01,4.059182703495025635e-01,0.000000000000000000e+00
3.283000000000000000e+04,5.804835557937622070e-01,7.592592592592593004e-01,3.953970670700073242e-01,0.000000000000000000e+00
3.284000000000000000e+04,6.052475571632385254e-01,7.777777777777777901e-01,4.152012467384338379e-01,0.000000000000000000e+00
3.285000000000000000e+04,6.156285405158996582e-01,7.777777777777777901e-01,4.307667315006256104e-01,0.000000000000000000e+00
3.286000000000000000e+04,6.068024039268493652e-01,7.962962962962962798e-01,4.185611009597778320e-01,0.000000000000000000e+00
3.287000000000000000e+04,5.906352400779724121e-01,7.777777777777777901e-01,4.157631099224090576e-01,0.000000000000000000e+00
3.288000000000000000e+04,5.988326668739318848e-01,7.407407407407406996e-01,4.367421567440032959e-01,0.000000000000000000e+00
3.289000000000000000e+04,6.186889410018920898e-01,7.592592592592593004e-01,4.326428771018981934e-01,0.000000000000000000e+00
3.290000000000000000e+04,5.870758295059204102e-01,7.592592592592593004e-01,3.917736709117889404e-01,0.000000000000000000e+00
3.291000000000000000e+04,5.616367459297180176e-01,7.407407407407406996e-01,3.774526119232177734e-01,0.000000000000000000e+00
3.292000000000000000e+04,5.802440643310546875e-01,7.777777777777777901e-01,3.937045931816101074e-01,0.000000000000000000e+00
3.293000000000000000e+04,5.903990268707275391e-01,7.777777777777777901e-01,4.318886101245880127e-01,0.000000000000000000e+00
3.294000000000000000e+04,5.854164958000183105e-01,7.592592592592593004e-01,4.170462787151336670e-01,0.000000000000000000e+00
3.295000000000000000e+04,5.897712111473083496e-01,7.962962962962962798e-01,4.319756031036376953e-01,0.000000000000000000e+00
3.296000000000000000e+04,5.720242857933044434e-01,7.407407407407406996e-01,3.979413807392120361e-01,0.000000000000000000e+00
3.297000000000000000e+04,5.745706558227539062e-01,7.592592592592593004e-01,3.830149471759796143e-01,0.000000000000000000e+00
3.298000000000000000e+04,6.054278016090393066e-01,7.407407407407406996e-01,4.326421022415161133e-01,0.000000000000000000e+00
3.299000000000000000e+04,6.079965233802795410e-01,7.407407407407406996e-01,4.361303150653839111e-01,0.000000000000000000e+00
3.300000000000000000e+04,5.880964398384094238e-01,7.222222222222222099e-01,3.784056305885314941e-01,0.000000000000000000e+00
3.301000000000000000e+04,6.064932942390441895e-01,7.592592592592593004e-01,4.304764568805694580e-01,0.000000000000000000e+00
3.302000000000000000e+04,6.020736098289489746e-01,7.222222222222222099e-01,4.171632826328277588e-01,0.000000000000000000e+00
3.303000000000000000e+04,5.966103076934814453e-01,7.592592592592593004e-01,4.081303775310516357e-01,0.000000000000000000e+00
3.304000000000000000e+04,5.792761445045471191e-01,7.777777777777777901e-01,3.810961246490478516e-01,0.000000000000000000e+00
3.305000000000000000e+04,5.791451334953308105e-01,7.592592592592593004e-01,3.814000189304351807e-01,0.000000000000000000e+00
3.306000000000000000e+04,5.702925324440002441e-01,8.148148148148147696e-01,3.726653158664703369e-01,0.000000000000000000e+00
3.307000000000000000e+04,5.787553787231445312e-01,7.407407407407406996e-01,3.965295553207397461e-01,0.000000000000000000e+00
3.308000000000000000e+04,5.933598875999450684e-01,7.222222222222222099e-01,3.886856138706207275e-01,0.000000000000000000e+00
3.309000000000000000e+04,5.765551924705505371e-01,7.592592592592593004e-01,3.816353976726531982e-01,0.000000000000000000e+00
3.310000000000000000e+04,5.928117036819458008e-01,7.777777777777777901e-01,3.972117602825164795e-01,0.000000000000000000e+00
3.311000000000000000e+04,6.189331412315368652e-01,7.592592592592593004e-01,3.996182382106781006e-01,0.000000000000000000e+00
3.312000000000000000e+04,5.955193638801574707e-01,7.407407407407406996e-01,4.074485003948211670e-01,0.000000000000000000e+00
3.313000000000000000e+04,6.174212098121643066e-01,7.592592592592593004e-01,4.570986330509185791e-01,0.000000000000000000e+00
3.314000000000000000e+04,6.117314696311950684e-01,7.037037037037037202e-01,4.378245174884796143e-01,0.000000000000000000e+00
3.315000000000000000e+04,6.127187609672546387e-01,7.222222222222222099e-01,4.549288451671600342e-01,0.000000000000000000e+00
3.316000000000000000e+04,5.983385443687438965e-01,7.592592592592593004e-01,4.187443256378173828e-01,0.000000000000000000e+00
3.317000000000000000e+04,6.030258536338806152e-01,7.777777777777777901e-01,4.140195548534393311e-01,0.000000000000000000e+00
3.318000000000000000e+04,6.114948391914367676e-01,7.777777777777777901e-01,4.324220418930053711e-01,0.000000000000000000e+00
3.319000000000000000e+04,5.872122049331665039e-01,7.777777777777777901e-01,4.144007265567779541e-01,0.000000000000000000e+00
3.320000000000000000e+04,5.707730650901794434e-01,7.777777777777777901e-01,4.069489538669586182e-01,0.000000000000000000e+00
3.321000000000000000e+04,6.038404703140258789e-01,7.962962962962962798e-01,4.435031712055206299e-01,0.000000000000000000e+00
3.322000000000000000e+04,5.949640870094299316e-01,7.962962962962962798e-01,4.132688641548156738e-01,0.000000000000000000e+00
3.323000000000000000e+04,5.772189497947692871e-01,7.962962962962962798e-01,4.002377390861511230e-01,0.000000000000000000e+00
3.324000000000000000e+04,5.729596614837646484e-01,8.148148148148147696e-01,4.243763089179992676e-01,0.000000000000000000e+00
3.325000000000000000e+04,5.688183903694152832e-01,8.333333333333333703e-01,4.206464886665344238e-01,0.000000000000000000e+00
3.326000000000000000e+04,5.799831748008728027e-01,7.592592592592593004e-01,4.075991809368133545e-01,0.000000000000000000e+00
3.327000000000000000e+04,5.903002023696899414e-01,7.407407407407406996e-01,4.447803199291229248e-01,0.000000000000000000e+00
3.328000000000000000e+04,5.901045799255371094e-01,7.962962962962962798e-01,4.472122490406036377e-01,0.000000000000000000e+00
3.329000000000000000e+04,5.969935655593872070e-01,7.592592592592593004e-01,4.231490194797515869e-01,0.000000000000000000e+00
3.330000000000000000e+04,5.955694913864135742e-01,7.407407407407406996e-01,4.304690361022949219e-01,0.000000000000000000e+00
3.331000000000000000e+04,5.821274518966674805e-01,7.962962962962962798e-01,4.034854173660278320e-01,0.000000000000000000e+00
3.332000000000000000e+04,5.807752609252929688e-01,7.592592592592593004e-01,4.266005754470825195e-01,0.000000000000000000e+00
3.333000000000000000e+04,5.890777111053466797e-01,7.777777777777777901e-01,4.402760863304138184e-01,0.000000000000000000e+00
3.334000000000000000e+04,5.636082291603088379e-01,7.407407407407406996e-01,3.785298764705657959e-01,0.000000000000000000e+00
3.335000000000000000e+04,5.754474401473999023e-01,8.148148148148147696e-01,4.022932052612304688e-01,0.000000000000000000e+00
3.336000000000000000e+04,5.728246569633483887e-01,7.777777777777777901e-01,3.935641944408416748e-01,0.000000000000000000e+00
3.337000000000000000e+04,5.766792297363281250e-01,7.777777777777777901e-01,4.002634584903717041e-01,0.000000000000000000e+00
3.338000000000000000e+04,5.645089149475097656e-01,7.777777777777777901e-01,3.861477673053741455e-01,0.000000000000000000e+00
3.339000000000000000e+04,5.872302055358886719e-01,7.962962962962962798e-01,4.153199195861816406e-01,0.000000000000000000e+00
3.340000000000000000e+04,5.972602367401123047e-01,7.777777777777777901e-01,4.076359272003173828e-01,0.000000000000000000e+00
3.341000000000000000e+04,5.847887396812438965e-01,7.777777777777777901e-01,3.985562622547149658e-01,0.000000000000000000e+00
3.342000000000000000e+04,5.947580933570861816e-01,7.777777777777777901e-01,4.086896479129791260e-01,0.000000000000000000e+00
3.343000000000000000e+04,5.545625686645507812e-01,7.037037037037037202e-01,3.935204446315765381e-01,0.000000000000000000e+00
3.344000000000000000e+04,5.843213796615600586e-01,7.592592592592593004e-01,3.884516954421997070e-01,0.000000000000000000e+00
3.345000000000000000e+04,5.767645239830017090e-01,7.777777777777777901e-01,3.766590356826782227e-01,0.000000000000000000e+00
3.346000000000000000e+04,5.947293639183044434e-01,7.962962962962962798e-01,4.086187481880187988e-01,0.000000000000000000e+00
3.347000000000000000e+04,5.899226665496826172e-01,7.407407407407406996e-01,3.962769806385040283e-01,0.000000000000000000e+00
3.348000000000000000e+04,5.785126090049743652e-01,7.222222222222222099e-01,3.914343714714050293e-01,0.000000000000000000e+00
3.349000000000000000e+04,5.895183682441711426e-01,7.592592592592593004e-01,4.025542438030242920e-01,0.000000000000000000e+00
3.350000000000000000e+04,5.896944999694824219e-01,7.222222222222222099e-01,3.981107175350189209e-01,0.000000000000000000e+00
3.351000000000000000e+04,5.964586138725280762e-01,7.407407407407406996e-01,3.774991333484649658e-01,0.000000000000000000e+00
3.352000000000000000e+04,5.811747908592224121e-01,7.407407407407406996e-01,3.854837417602539062e-01,0.000000000000000000e+00
3.353000000000000000e+04,5.760915279388427734e-01,6.851851851851852304e-01,3.832657933235168457e-01,0.000000000000000000e+00
3.354000000000000000e+04,5.704796314239501953e-01,7.777777777777777901e-01,3.761572241783142090e-01,0.000000000000000000e+00
3.355000000000000000e+04,5.865224003791809082e-01,7.407407407407406996e-01,3.888221979141235352e-01,0.000000000000000000e+00
3.356000000000000000e+04,5.662821531295776367e-01,7.592592592592593004e-01,3.977733254432678223e-01,0.000000000000000000e+00
3.357000000000000000e+04,5.945594906806945801e-01,7.222222222222222099e-01,3.848141729831695557e-01,0.000000000000000000e+00
3.358000000000000000e+04,5.803867578506469727e-01,7.407407407407406996e-01,3.550964891910552979e-01,0.000000000000000000e+00
3.359000000000000000e+04,5.803846120834350586e-01,7.777777777777777901e-01,3.869676291942596436e-01,0.000000000000000000e+00
3.360000000000000000e+04,5.645602345466613770e-01,7.962962962962962798e-01,3.719843327999114990e-01,0.000000000000000000e+00
3.361000000000000000e+04,5.544578433036804199e-01,7.592592592592593004e-01,3.707945048809051514e-01,0.000000000000000000e+00
3.362000000000000000e+04,5.597512125968933105e-01,7.407407407407406996e-01,3.716676533222198486e-01,0.000000000000000000e+00
3.363000000000000000e+04,5.794938206672668457e-01,7.407407407407406996e-01,3.886047601699829102e-01,0.000000000000000000e+00
3.364000000000000000e+04,5.920538306236267090e-01,7.777777777777777901e-01,4.261914491653442383e-01,0.000000000000000000e+00
3.365000000000000000e+04,5.477632880210876465e-01,7.962962962962962798e-01,3.639949560165405273e-01,0.000000000000000000e+00
3.366000000000000000e+04,5.651354789733886719e-01,7.592592592592593004e-01,3.790104389190673828e-01,0.000000000000000000e+00
3.367000000000000000e+04,5.725644230842590332e-01,7.592592592592593004e-01,3.808690309524536133e-01,0.000000000000000000e+00
3.368000000000000000e+04,5.632559061050415039e-01,7.962962962962962798e-01,3.703503906726837158e-01,0.000000000000000000e+00
3.369000000000000000e+04,6.038874387741088867e-01,7.962962962962962798e-01,4.120329916477203369e-01,0.000000000000000000e+00
3.370000000000000000e+04,5.928651094436645508e-01,7.592592592592593004e-01,4.191581606864929199e-01,0.000000000000000000e+00
3.371000000000000000e+04,5.816347002983093262e-01,7.777777777777777901e-01,3.770129382610321045e-01,0.000000000000000000e+00
3.372000000000000000e+04,5.943989753723144531e-01,7.777777777777777901e-01,4.095011949539184570e-01,0.000000000000000000e+00
3.373000000000000000e+04,5.687593221664428711e-01,7.962962962962962798e-01,4.047983288764953613e-01,0.000000000000000000e+00
3.374000000000000000e+04,5.734317898750305176e-01,7.407407407407406996e-01,4.045327901840209961e-01,0.000000000000000000e+00
3.375000000000000000e+04,5.756424069404602051e-01,7.407407407407406996e-01,4.317730665206909180e-01,0.000000000000000000e+00
3.376000000000000000e+04,5.722609758377075195e-01,7.592592592592593004e-01,4.506891369819641113e-01,0.000000000000000000e+00
3.377000000000000000e+04,5.617104172706604004e-01,7.962962962962962798e-01,4.054898321628570557e-01,0.000000000000000000e+00
3.378000000000000000e+04,5.530608296394348145e-01,8.148148148148147696e-01,3.948046863079071045e-01,0.000000000000000000e+00
3.379000000000000000e+04,5.544846057891845703e-01,7.407407407407406996e-01,3.953427076339721680e-01,0.000000000000000000e+00
3.380000000000000000e+04,5.629907250404357910e-01,7.962962962962962798e-01,3.932218551635742188e-01,0.000000000000000000e+00
3.381000000000000000e+04,5.729808807373046875e-01,7.222222222222222099e-01,4.121475517749786377e-01,0.000000000000000000e+00
3.382000000000000000e+04,6.042185425758361816e-01,7.777777777777777901e-01,4.435828626155853271e-01,0.000000000000000000e+00
3.383000000000000000e+04,5.708883404731750488e-01,7.592592592592593004e-01,3.976778090000152588e-01,0.000000000000000000e+00
3.384000000000000000e+04,5.800971388816833496e-01,7.407407407407406996e-01,4.374516904354095459e-01,0.000000000000000000e+00
3.385000000000000000e+04,5.766947269439697266e-01,7.407407407407406996e-01,4.284158051013946533e-01,0.000000000000000000e+00
3.386000000000000000e+04,5.791348814964294434e-01,7.407407407407406996e-01,4.326893091201782227e-01,0.000000000000000000e+00
3.387000000000000000e+04,5.881394743919372559e-01,7.592592592592593004e-01,4.166638553142547607e-01,0.000000000000000000e+00
3.388000000000000000e+04,5.843334794044494629e-01,7.222222222222222099e-01,4.047681391239166260e-01,0.000000000000000000e+00
3.389000000000000000e+04,5.841394662857055664e-01,7.592592592592593004e-01,4.046455323696136475e-01,0.000000000000000000e+00
3.390000000000000000e+04,5.697039961814880371e-01,7.037037037037037202e-01,4.275004565715789795e-01,0.000000000000000000e+00
3.391000000000000000e+04,5.921923518180847168e-01,7.222222222222222099e-01,4.501674175262451172e-01,0.000000000000000000e+00
3.392000000000000000e+04,6.064693927764892578e-01,7.222222222222222099e-01,4.539718627929687500e-01,0.000000000000000000e+00
3.393000000000000000e+04,6.146125197410583496e-01,7.592592592592593004e-01,4.709148705005645752e-01,0.000000000000000000e+00
3.394000000000000000e+04,5.846503376960754395e-01,7.592592592592593004e-01,4.409345686435699463e-01,0.000000000000000000e+00
3.395000000000000000e+04,6.033428907394409180e-01,7.592592592592593004e-01,4.514484107494354248e-01,0.000000000000000000e+00
3.396000000000000000e+04,6.194936037063598633e-01,7.962962962962962798e-01,4.712047278881072998e-01,0.000000000000000000e+00
3.397000000000000000e+04,5.821515321731567383e-01,7.777777777777777901e-01,4.218299686908721924e-01,0.000000000000000000e+00
3.398000000000000000e+04,5.834584832191467285e-01,7.592592592592593004e-01,4.162869751453399658e-01,0.000000000000000000e+00
3.399000000000000000e+04,6.278970241546630859e-01,7.222222222222222099e-01,4.623532891273498535e-01,0.000000000000000000e+00
3.400000000000000000e+04,5.987727642059326172e-01,7.777777777777777901e-01,4.486908316612243652e-01,0.000000000000000000e+00
3.401000000000000000e+04,6.144118309020996094e-01,7.407407407407406996e-01,4.740976095199584961e-01,0.000000000000000000e+00
3.402000000000000000e+04,6.266645789146423340e-01,7.777777777777777901e-01,4.784794151782989502e-01,0.000000000000000000e+00
3.403000000000000000e+04,6.339858174324035645e-01,7.777777777777777901e-01,4.834431409835815430e-01,0.000000000000000000e+00
3.404000000000000000e+04,6.255133152008056641e-01,7.592592592592593004e-01,4.817744493484497070e-01,0.000000000000000000e+00
3.405000000000000000e+04,6.580313444137573242e-01,8.148148148148147696e-01,5.001479983329772949e-01,0.000000000000000000e+00
3.406000000000000000e+04,6.223897337913513184e-01,7.592592592592593004e-01,4.822815954685211182e-01,0.000000000000000000e+00
3.407000000000000000e+04,6.418153047561645508e-01,7.777777777777777901e-01,4.849950671195983887e-01,0.000000000000000000e+00
3.408000000000000000e+04,6.495450735092163086e-01,7.777777777777777901e-01,4.921021461486816406e-01,0.000000000000000000e+00
3.409000000000000000e+04,6.488820314407348633e-01,7.407407407407406996e-01,4.847361743450164795e-01,0.000000000000000000e+00
3.410000000000000000e+04,6.168162226676940918e-01,7.962962962962962798e-01,4.694344103336334229e-01,0.000000000000000000e+00
3.411000000000000000e+04,6.323222517967224121e-01,7.962962962962962798e-01,4.802690148353576660e-01,0.000000000000000000e+00
3.412000000000000000e+04,6.301448345184326172e-01,7.407407407407406996e-01,4.745311737060546875e-01,0.000000000000000000e+00
3.413000000000000000e+04,6.237006783485412598e-01,7.777777777777777901e-01,4.690704345703125000e-01,0.000000000000000000e+00
3.414000000000000000e+04,6.364961862564086914e-01,7.222222222222222099e-01,4.850648343563079834e-01,0.000000000000000000e+00
3.415000000000000000e+04,6.197059750556945801e-01,7.222222222222222099e-01,4.577644169330596924e-01,0.000000000000000000e+00
3.416000000000000000e+04,6.369169950485229492e-01,7.592592592592593004e-01,4.650253951549530029e-01,0.000000000000000000e+00
3.417000000000000000e+04,6.264980435371398926e-01,7.592592592592593004e-01,4.277095496654510498e-01,0.000000000000000000e+00
3.418000000000000000e+04,6.294427514076232910e-01,7.407407407407406996e-01,4.430510699748992920e-01,0.000000000000000000e+00
3.419000000000000000e+04,6.219751834869384766e-01,7.592592592592593004e-01,4.481426477432250977e-01,0.000000000000000000e+00
3.420000000000000000e+04,6.185255646705627441e-01,7.962962962962962798e-01,4.455385506153106689e-01,0.000000000000000000e+00
3.421000000000000000e+04,6.223711967468261719e-01,7.592592592592593004e-01,4.847775399684906006e-01,0.000000000000000000e+00
3.422000000000000000e+04,6.183851361274719238e-01,7.777777777777777901e-01,4.698399305343627930e-01,0.000000000000000000e+00
3.423000000000000000e+04,6.105937957763671875e-01,7.592592592592593004e-01,4.426327645778656006e-01,0.000000000000000000e+00
3.424000000000000000e+04,6.041489839553833008e-01,7.777777777777777901e-01,4.295844435691833496e-01,0.000000000000000000e+00
3.425000000000000000e+04,6.125633716583251953e-01,7.407407407407406996e-01,4.502887725830078125e-01,0.000000000000000000e+00
3.426000000000000000e+04,6.152489185333251953e-01,7.222222222222222099e-01,4.443882703781127930e-01,0.000000000000000000e+00
3.427000000000000000e+04,5.845890045166015625e-01,7.777777777777777901e-01,4.188230931758880615e-01,0.000000000000000000e+00
3.428000000000000000e+04,6.066206097602844238e-01,7.407407407407406996e-01,4.268372654914855957e-01,0.000000000000000000e+00
3.429000000000000000e+04,5.863627791404724121e-01,7.407407407407406996e-01,4.137358963489532471e-01,0.000000000000000000e+00
3.430000000000000000e+04,5.995757579803466797e-01,7.777777777777777901e-01,4.449797570705413818e-01,0.000000000000000000e+00
3.431000000000000000e+04,6.132461428642272949e-01,7.407407407407406996e-01,4.604074656963348389e-01,0.000000000000000000e+00
3.432000000000000000e+04,5.926709175109863281e-01,7.777777777777777901e-01,4.403357505798339844e-01,0.000000000000000000e+00
3.433000000000000000e+04,6.036974191665649414e-01,7.777777777777777901e-01,4.596115052700042725e-01,0.000000000000000000e+00
3.434000000000000000e+04,6.088744401931762695e-01,7.592592592592593004e-01,4.407274127006530762e-01,0.000000000000000000e+00
3.435000000000000000e+04,6.002725958824157715e-01,7.777777777777777901e-01,4.268381595611572266e-01,0.000000000000000000e+00
3.436000000000000000e+04,6.131068468093872070e-01,7.037037037037037202e-01,4.720164239406585693e-01,0.000000000000000000e+00
3.437000000000000000e+04,6.144399046897888184e-01,7.407407407407406996e-01,4.271082282066345215e-01,0.000000000000000000e+00
3.438000000000000000e+04,6.145564913749694824e-01,7.222222222222222099e-01,4.244594275951385498e-01,0.000000000000000000e+00
3.439000000000000000e+04,6.238483190536499023e-01,7.407407407407406996e-01,4.587901234626770020e-01,0.000000000000000000e+00
3.440000000000000000e+04,6.164517402648925781e-01,7.962962962962962798e-01,4.514467418193817139e-01,0.000000000000000000e+00
3.441000000000000000e+04,6.196271181106567383e-01,7.777777777777777901e-01,4.646507203578948975e-01,0.000000000000000000e+00
3.442000000000000000e+04,6.214499473571777344e-01,7.592592592592593004e-01,4.796385467052459717e-01,0.000000000000000000e+00
3.443000000000000000e+04,6.309712529182434082e-01,7.222222222222222099e-01,4.790905117988586426e-01,0.000000000000000000e+00
3.444000000000000000e+04,6.165257096290588379e-01,7.777777777777777901e-01,4.642177522182464600e-01,0.000000000000000000e+00
3.445000000000000000e+04,6.141837835311889648e-01,7.592592592592593004e-01,4.543145596981048584e-01,0.000000000000000000e+00
3.446000000000000000e+04,5.993618369102478027e-01,8.148148148148147696e-01,4.816766083240509033e-01,0.000000000000000000e+00
3.447000000000000000e+04,5.938910245895385742e-01,8.148148148148147696e-01,4.785530269145965576e-01,0.000000000000000000e+00
3.448000000000000000e+04,5.923296809196472168e-01,7.962962962962962798e-01,4.679084122180938721e-01,0.000000000000000000e+00
3.449000000000000000e+04,6.061896681785583496e-01,8.333333333333333703e-01,4.862580895423889160e-01,0.000000000000000000e+00
3.450000000000000000e+04,6.068680286407470703e-01,8.148148148148147696e-01,4.900243282318115234e-01,0.000000000000000000e+00
3.451000000000000000e+04,6.046079993247985840e-01,8.148148148148147696e-01,4.965656697750091553e-01,0.000000000000000000e+00
3.452000000000000000e+04,5.749652981758117676e-01,8.333333333333333703e-01,4.535667896270751953e-01,0.000000000000000000e+00
3.453000000000000000e+04,6.036961078643798828e-01,8.148148148148147696e-01,5.055940747261047363e-01,0.000000000000000000e+00
3.454000000000000000e+04,6.079151630401611328e-01,7.777777777777777901e-01,4.982527494430541992e-01,0.000000000000000000e+00
3.455000000000000000e+04,6.231375336647033691e-01,7.777777777777777901e-01,4.860757589340209961e-01,0.000000000000000000e+00
3.456000000000000000e+04,6.225140690803527832e-01,7.592592592592593004e-01,5.119466185569763184e-01,0.000000000000000000e+00
3.457000000000000000e+04,6.219667196273803711e-01,7.592592592592593004e-01,5.001242160797119141e-01,0.000000000000000000e+00
3.458000000000000000e+04,6.244614720344543457e-01,7.407407407407406996e-01,4.967011809349060059e-01,0.000000000000000000e+00
3.459000000000000000e+04,5.861591100692749023e-01,7.777777777777777901e-01,4.578204751014709473e-01,0.000000000000000000e+00
3.460000000000000000e+04,5.701664090156555176e-01,7.407407407407406996e-01,4.413312375545501709e-01,0.000000000000000000e+00
3.461000000000000000e+04,5.655980110168457031e-01,7.777777777777777901e-01,4.328476190567016602e-01,0.000000000000000000e+00
3.462000000000000000e+04,5.980784296989440918e-01,7.222222222222222099e-01,4.549465179443359375e-01,0.000000000000000000e+00
3.463000000000000000e+04,5.791773796081542969e-01,7.777777777777777901e-01,4.189729094505310059e-01,0.000000000000000000e+00
3.464000000000000000e+04,6.084358692169189453e-01,7.407407407407406996e-01,4.643827080726623535e-01,0.000000000000000000e+00
3.465000000000000000e+04,5.951639413833618164e-01,7.407407407407406996e-01,4.529427886009216309e-01,0.000000000000000000e+00
3.466000000000000000e+04,5.975480079650878906e-01,7.592592592592593004e-01,4.527335464954376221e-01,0.000000000000000000e+00
3.467000000000000000e+04,5.881705284118652344e-01,7.222222222222222099e-01,4.370821118354797363e-01,0.000000000000000000e+00
3.468000000000000000e+04,6.002793312072753906e-01,7.407407407407406996e-01,4.337996840476989746e-01,0.000000000000000000e+00
3.469000000000000000e+04,5.764399766921997070e-01,7.592592592592593004e-01,4.176393449306488037e-01,0.000000000000000000e+00
3.470000000000000000e+04,6.190392971038818359e-01,7.592592592592593004e-01,4.811473786830902100e-01,0.000000000000000000e+00
3.471000000000000000e+04,5.996063947677612305e-01,7.222222222222222099e-01,4.708585441112518311e-01,0.000000000000000000e+00
3.472000000000000000e+04,5.922530293464660645e-01,7.592592592592593004e-01,4.382174313068389893e-01,0.000000000000000000e+00
3.473000000000000000e+04,6.160184741020202637e-01,7.592592592592593004e-01,4.626448452472686768e-01,0.000000000000000000e+00
3.474000000000000000e+04,6.158173680305480957e-01,7.962962962962962798e-01,4.672326445579528809e-01,0.000000000000000000e+00
3.475000000000000000e+04,5.891751646995544434e-01,7.777777777777777901e-01,4.494554102420806885e-01,0.000000000000000000e+00
3.476000000000000000e+04,6.163939833641052246e-01,7.592592592592593004e-01,4.993419945240020752e-01,0.000000000000000000e+00
3.477000000000000000e+04,6.077029705047607422e-01,7.592592592592593004e-01,4.980191588401794434e-01,0.000000000000000000e+00
3.478000000000000000e+04,5.935242176055908203e-01,7.592592592592593004e-01,4.618671834468841553e-01,0.000000000000000000e+00
3.479000000000000000e+04,6.192023158073425293e-01,7.222222222222222099e-01,5.007638931274414062e-01,0.000000000000000000e+00
3.480000000000000000e+04,5.919060111045837402e-01,7.777777777777777901e-01,4.658143222332000732e-01,0.000000000000000000e+00
3.481000000000000000e+04,5.610932111740112305e-01,7.592592592592593004e-01,4.159116148948669434e-01,0.000000000000000000e+00
3.482000000000000000e+04,5.785843729972839355e-01,7.592592592592593004e-01,4.342692792415618896e-01,0.000000000000000000e+00
3.483000000000000000e+04,5.553049445152282715e-01,7.222222222222222099e-01,4.201516807079315186e-01,0.000000000000000000e+00
3.484000000000000000e+04,5.821441411972045898e-01,7.407407407407406996e-01,4.571989476680755615e-01,0.000000000000000000e+00
3.485000000000000000e+04,5.797293782234191895e-01,7.962962962962962798e-01,4.572253227233886719e-01,0.000000000000000000e+00
3.486000000000000000e+04,5.600336790084838867e-01,8.333333333333333703e-01,4.394085407257080078e-01,0.000000000000000000e+00
3.487000000000000000e+04,5.736331939697265625e-01,7.777777777777777901e-01,4.575839936733245850e-01,0.000000000000000000e+00
3.488000000000000000e+04,5.663152933120727539e-01,8.148148148148147696e-01,4.470054805278778076e-01,0.000000000000000000e+00
3.489000000000000000e+04,5.861744880676269531e-01,7.962962962962962798e-01,4.695152938365936279e-01,0.000000000000000000e+00
3.490000000000000000e+04,5.539689064025878906e-01,8.148148148148147696e-01,4.283463954925537109e-01,0.000000000000000000e+00
3.491000000000000000e+04,5.713340640068054199e-01,7.777777777777777901e-01,4.494035542011260986e-01,0.000000000000000000e+00
3.492000000000000000e+04,5.708460211753845215e-01,8.333333333333333703e-01,4.462777376174926758e-01,0.000000000000000000e+00
3.493000000000000000e+04,6.120331883430480957e-01,7.962962962962962798e-01,4.842457473278045654e-01,0.000000000000000000e+00
3.494000000000000000e+04,6.135454177856445312e-01,7.962962962962962798e-01,4.838078618049621582e-01,0.000000000000000000e+00
3.495000000000000000e+04,6.171008944511413574e-01,8.148148148148147696e-01,4.948098063468933105e-01,0.000000000000000000e+00
3.496000000000000000e+04,5.989797711372375488e-01,8.333333333333333703e-01,4.828810393810272217e-01,0.000000000000000000e+00
3.497000000000000000e+04,6.172081828117370605e-01,7.777777777777777901e-01,4.914309084415435791e-01,0.000000000000000000e+00
3.498000000000000000e+04,6.587688326835632324e-01,7.777777777777777901e-01,5.543198585510253906e-01,0.000000000000000000e+00
3.499000000000000000e+04,6.537909507751464844e-01,8.148148148148147696e-01,5.458093285560607910e-01,0.000000000000000000e+00
3.500000000000000000e+04,6.565941572189331055e-01,8.148148148148147696e-01,5.417748689651489258e-01,0.000000000000000000e+00
3.501000000000000000e+04,6.233223080635070801e-01,7.962962962962962798e-01,5.041816234588623047e-01,0.000000000000000000e+00
3.502000000000000000e+04,6.275131106376647949e-01,8.333333333333333703e-01,5.052772760391235352e-01,0.000000000000000000e+00
3.503000000000000000e+04,6.132683157920837402e-01,7.777777777777777901e-01,4.940871596336364746e-01,0.000000000000000000e+00
3.504000000000000000e+04,5.887446403503417969e-01,7.592592592592593004e-01,4.628879427909851074e-01,0.000000000000000000e+00
3.505000000000000000e+04,6.273110508918762207e-01,8.148148148148147696e-01,5.135598182678222656e-01,0.000000000000000000e+00
3.506000000000000000e+04,6.181043982505798340e-01,8.333333333333333703e-01,5.181179046630859375e-01,0.000000000000000000e+00
3.507000000000000000e+04,6.180177927017211914e-01,7.777777777777777901e-01,5.049179196357727051e-01,0.000000000000000000e+00
3.508000000000000000e+04,6.180926561355590820e-01,8.148148148148147696e-01,5.156670808792114258e-01,0.000000000000000000e+00
3.509000000000000000e+04,6.493198275566101074e-01,7.592592592592593004e-01,5.371767878532409668e-01,0.000000000000000000e+00
3.510000000000000000e+04,6.036936044692993164e-01,7.777777777777777901e-01,4.854155480861663818e-01,0.000000000000000000e+00
3.511000000000000000e+04,6.208706498146057129e-01,7.962962962962962798e-01,5.031235218048095703e-01,0.000000000000000000e+00
3.512000000000000000e+04,6.236643195152282715e-01,7.962962962962962798e-01,5.205152630805969238e-01,0.000000000000000000e+00
3.513000000000000000e+04,6.127123236656188965e-01,7.777777777777777901e-01,5.103985071182250977e-01,0.000000000000000000e+00
3.514000000000000000e+04,6.335946321487426758e-01,7.777777777777777901e-01,5.352730751037597656e-01,0.000000000000000000e+00
3.515000000000000000e+04,6.084168553352355957e-01,8.148148148148147696e-01,4.879219233989715576e-01,0.000000000000000000e+00
3.516000000000000000e+04,6.064339876174926758e-01,7.962962962962962798e-01,4.977826178073883057e-01,0.000000000000000000e+00
3.517000000000000000e+04,6.351592540740966797e-01,7.777777777777777901e-01,5.201700329780578613e-01,0.000000000000000000e+00
3.518000000000000000e+04,6.220442056655883789e-01,8.148148148148147696e-01,5.082962512969970703e-01,0.000000000000000000e+00
3.519000000000000000e+04,6.469141244888305664e-01,8.148148148148147696e-01,5.431397557258605957e-01,0.000000000000000000e+00
3.520000000000000000e+04,6.159479618072509766e-01,8.148148148148147696e-01,4.788870513439178467e-01,0.000000000000000000e+00
3.521000000000000000e+04,5.916122198104858398e-01,7.777777777777777901e-01,4.727437794208526611e-01,0.000000000000000000e+00
3.522000000000000000e+04,5.949285030364990234e-01,7.962962962962962798e-01,4.659396409988403320e-01,0.000000000000000000e+00
3.523000000000000000e+04,6.156135797500610352e-01,8.333333333333333703e-01,5.045155286788940430e-01,0.000000000000000000e+00
3.524000000000000000e+04,5.955480337142944336e-01,8.333333333333333703e-01,4.733642935752868652e-01,0.000000000000000000e+00
3.525000000000000000e+04,6.057075262069702148e-01,7.962962962962962798e-01,5.039309859275817871e-01,0.000000000000000000e+00
3.526000000000000000e+04,5.828700065612792969e-01,7.777777777777777901e-01,4.734166562557220459e-01,0.000000000000000000e+00
3.527000000000000000e+04,6.059421300888061523e-01,7.592592592592593004e-01,4.883060455322265625e-01,0.000000000000000000e+00
3.528000000000000000e+04,6.206008791923522949e-01,7.962962962962962798e-01,5.005273222923278809e-01,0.000000000000000000e+00
3.529000000000000000e+04,6.143707036972045898e-01,8.148148148148147696e-01,4.993632435798645020e-01,0.000000000000000000e+00
3.530000000000000000e+04,6.042586565017700195e-01,7.962962962962962798e-01,4.962184727191925049e-01,0.000000000000000000e+00
3.531000000000000000e+04,6.062147617340087891e-01,7.962962962962962798e-01,4.894912540912628174e-01,0.000000000000000000e+00
3.532000000000000000e+04,5.918429493904113770e-01,8.148148148148147696e-01,4.785703420639038086e-01,0.000000000000000000e+00
3.533000000000000000e+04,6.005573868751525879e-01,7.777777777777777901e-01,4.682112038135528564e-01,0.000000000000000000e+00
3.534000000000000000e+04,6.140754818916320801e-01,7.592592592592593004e-01,5.011997222900390625e-01,0.000000000000000000e+00
3.535000000000000000e+04,6.099843978881835938e-01,7.962962962962962798e-01,5.080078840255737305e-01,0.000000000000000000e+00
3.536000000000000000e+04,6.073952913284301758e-01,7.777777777777777901e-01,5.047720670700073242e-01,0.000000000000000000e+00
3.537000000000000000e+04,5.976828336715698242e-01,7.592592592592593004e-01,4.805350899696350098e-01,0.000000000000000000e+00
3.538000000000000000e+04,6.080914735794067383e-01,7.407407407407406996e-01,4.752318561077117920e-01,0.000000000000000000e+00
3.539000000000000000e+04,6.128225326538085938e-01,7.592592592592593004e-01,4.759838283061981201e-01,0.000000000000000000e+00
3.540000000000000000e+04,5.992191433906555176e-01,7.407407407407406996e-01,4.761956036090850830e-01,0.000000000000000000e+00
3.541000000000000000e+04,6.024137139320373535e-01,7.777777777777777901e-01,4.868705272674560547e-01,0.000000000000000000e+00
3.542000000000000000e+04,5.804109573364257812e-01,8.148148148148147696e-01,4.566619098186492920e-01,0.000000000000000000e+00
3.543000000000000000e+04,6.036481261253356934e-01,7.777777777777777901e-01,4.740233719348907471e-01,0.000000000000000000e+00
3.544000000000000000e+04,5.864981412887573242e-01,7.777777777777777901e-01,4.713310599327087402e-01,0.000000000000000000e+00
3.545000000000000000e+04,6.202194690704345703e-01,7.592592592592593004e-01,5.003108382225036621e-01,0.000000000000000000e+00
3.546000000000000000e+04,6.115812063217163086e-01,7.777777777777777901e-01,4.891573786735534668e-01,0.000000000000000000e+00
3.547000000000000000e+04,6.045200824737548828e-01,7.962962962962962798e-01,4.761038422584533691e-01,0.000000000000000000e+00
3.548000000000000000e+04,5.874721407890319824e-01,7.962962962962962798e-01,4.606434702873229980e-01,0.000000000000000000e+00
3.549000000000000000e+04,5.914098620414733887e-01,7.777777777777777901e-01,4.715530872344970703e-01,0.000000000000000000e+00
3.550000000000000000e+04,5.971611738204956055e-01,7.592592592592593004e-01,4.726857244968414307e-01,0.000000000000000000e+00
3.551000000000000000e+04,5.855960845947265625e-01,7.222222222222222099e-01,4.669438898563385010e-01,0.000000000000000000e+00
3.552000000000000000e+04,5.983665585517883301e-01,7.962962962962962798e-01,4.707257449626922607e-01,0.000000000000000000e+00
3.553000000000000000e+04,6.021119952201843262e-01,7.962962962962962798e-01,4.680785834789276123e-01,0.000000000000000000e+00
3.554000000000000000e+04,6.065113544464111328e-01,7.777777777777777901e-01,4.576243758201599121e-01,0.000000000000000000e+00
3.555000000000000000e+04,5.997135043144226074e-01,7.777777777777777901e-01,4.748304784297943115e-01,0.000000000000000000e+00
3.556000000000000000e+04,6.005269885063171387e-01,7.592592592592593004e-01,4.957126975059509277e-01,0.000000000000000000e+00
3.557000000000000000e+04,6.106073260307312012e-01,7.777777777777777901e-01,4.935103952884674072e-01,0.000000000000000000e+00
3.558000000000000000e+04,6.173020005226135254e-01,8.148148148148147696e-01,5.084778070449829102e-01,0.000000000000000000e+00
3.559000000000000000e+04,6.143881082534790039e-01,7.407407407407406996e-01,5.077691674232482910e-01,0.000000000000000000e+00
3.560000000000000000e+04,6.054370403289794922e-01,7.777777777777777901e-01,4.853573739528656006e-01,0.000000000000000000e+00
3.561000000000000000e+04,6.086744070053100586e-01,7.777777777777777901e-01,4.800907671451568604e-01,0.000000000000000000e+00
3.562000000000000000e+04,6.156306862831115723e-01,7.407407407407406996e-01,5.042324662208557129e-01,0.000000000000000000e+00
3.563000000000000000e+04,5.910532474517822266e-01,7.777777777777777901e-01,4.651810228824615479e-01,0.000000000000000000e+00
3.564000000000000000e+04,6.075794696807861328e-01,7.777777777777777901e-01,4.776390492916107178e-01,0.000000000000000000e+00
3.565000000000000000e+04,5.982148051261901855e-01,7.407407407407406996e-01,4.583086669445037842e-01,0.000000000000000000e+00
3.566000000000000000e+04,6.179131865501403809e-01,7.962962962962962798e-01,4.805142581462860107e-01,0.000000000000000000e+00
3.567000000000000000e+04,6.005363464355468750e-01,7.407407407407406996e-01,4.853408336639404297e-01,0.000000000000000000e+00
3.568000000000000000e+04,6.014650464057922363e-01,7.962962962962962798e-01,4.739919304847717285e-01,0.000000000000000000e+00
3.569000000000000000e+04,5.856921672821044922e-01,8.148148148148147696e-01,4.549689888954162598e-01,0.000000000000000000e+00
3.570000000000000000e+04,5.840992927551269531e-01,7.592592592592593004e-01,4.530878663063049316e-01,0.000000000000000000e+00
3.571000000000000000e+04,6.104540228843688965e-01,7.037037037037037202e-01,4.905844628810882568e-01,0.000000000000000000e+00
3.572000000000000000e+04,5.995435118675231934e-01,7.592592592592593004e-01,4.527442157268524170e-01,0.000000000000000000e+00
3.573000000000000000e+04,6.171399950981140137e-01,7.407407407407406996e-01,4.851427376270294189e-01,0.000000000000000000e+00
3.574000000000000000e+04,6.281625032424926758e-01,7.962962962962962798e-01,4.939601421356201172e-01,0.000000000000000000e+00
3.575000000000000000e+04,6.107147336006164551e-01,7.037037037037037202e-01,4.678306579589843750e-01,0.000000000000000000e+00
3.576000000000000000e+04,6.107996702194213867e-01,7.777777777777777901e-01,4.724956452846527100e-01,0.000000000000000000e+00
3.577000000000000000e+04,6.460036039352416992e-01,7.962962962962962798e-01,5.341364741325378418e-01,0.000000000000000000e+00
3.578000000000000000e+04,6.376222968101501465e-01,7.407407407407406996e-01,5.049160122871398926e-01,0.000000000000000000e+00
3.579000000000000000e+04,5.969514846801757812e-01,7.962962962962962798e-01,4.685255587100982666e-01,0.000000000000000000e+00
3.580000000000000000e+04,6.107379198074340820e-01,7.777777777777777901e-01,5.085852146148681641e-01,0.000000000000000000e+00
3.581000000000000000e+04,6.170347929000854492e-01,7.962962962962962798e-01,5.043397545814514160e-01,0.000000000000000000e+00
3.582000000000000000e+04,6.456121206283569336e-01,7.962962962962962798e-01,5.109723806381225586e-01,0.000000000000000000e+00
3.583000000000000000e+04,6.234117150306701660e-01,7.592592592592593004e-01,4.939750432968139648e-01,0.000000000000000000e+00
3.584000000000000000e+04,6.425763368606567383e-01,7.777777777777777901e-01,5.213596224784851074e-01,0.000000000000000000e+00
3.585000000000000000e+04,6.234842538833618164e-01,7.962962962962962798e-01,4.972658455371856689e-01,0.000000000000000000e+00
3.586000000000000000e+04,6.102206707000732422e-01,7.777777777777777901e-01,4.990743398666381836e-01,0.000000000000000000e+00
3.587000000000000000e+04,6.140044331550598145e-01,7.777777777777777901e-01,5.010768771171569824e-01,0.000000000000000000e+00
3.588000000000000000e+04,6.207984089851379395e-01,7.962962962962962798e-01,4.951491057872772217e-01,0.000000000000000000e+00
3.589000000000000000e+04,6.111748814582824707e-01,7.777777777777777901e-01,4.896368384361267090e-01,0.000000000000000000e+00
3.590000000000000000e+04,6.192915439605712891e-01,7.962962962962962798e-01,4.976902306079864502e-01,0.000000000000000000e+00
3.591000000000000000e+04,6.126475334167480469e-01,7.962962962962962798e-01,4.848434925079345703e-01,0.000000000000000000e+00
3.592000000000000000e+04,6.332190632820129395e-01,7.407407407407406996e-01,5.042285323143005371e-01,0.000000000000000000e+00
3.593000000000000000e+04,6.284288763999938965e-01,7.962962962962962798e-01,4.965245127677917480e-01,0.000000000000000000e+00
3.594000000000000000e+04,6.264393925666809082e-01,7.222222222222222099e-01,4.692399501800537109e-01,0.000000000000000000e+00
3.595000000000000000e+04,6.437842845916748047e-01,7.222222222222222099e-01,5.045688748359680176e-01,0.000000000000000000e+00
3.596000000000000000e+04,6.257844567298889160e-01,8.148148148148147696e-01,4.858047664165496826e-01,0.000000000000000000e+00
3.597000000000000000e+04,6.277911067008972168e-01,7.777777777777777901e-01,4.989182353019714355e-01,0.000000000000000000e+00
3.598000000000000000e+04,6.258200407028198242e-01,7.777777777777777901e-01,4.768490791320800781e-01,0.000000000000000000e+00
3.599000000000000000e+04,6.341463923454284668e-01,7.777777777777777901e-01,4.926887452602386475e-01,0.000000000000000000e+00
3.600000000000000000e+04,6.283046603202819824e-01,7.962962962962962798e-01,5.078893303871154785e-01,0.000000000000000000e+00
3.601000000000000000e+04,6.256756782531738281e-01,7.962962962962962798e-01,4.883408248424530029e-01,0.000000000000000000e+00
3.602000000000000000e+04,6.006501913070678711e-01,7.407407407407406996e-01,4.553586542606353760e-01,0.000000000000000000e+00
3.603000000000000000e+04,6.235771179199218750e-01,7.592592592592593004e-01,4.826352298259735107e-01,0.000000000000000000e+00
3.604000000000000000e+04,6.383379101753234863e-01,7.407407407407406996e-01,4.881234765052795410e-01,0.000000000000000000e+00
3.605000000000000000e+04,6.385446190834045410e-01,7.592592592592593004e-01,4.851243495941162109e-01,0.000000000000000000e+00
3.606000000000000000e+04,6.412796974182128906e-01,7.407407407407406996e-01,4.702074527740478516e-01,0.000000000000000000e+00
3.607000000000000000e+04,6.405799984931945801e-01,7.592592592592593004e-01,4.767890870571136475e-01,0.000000000000000000e+00
3.608000000000000000e+04,6.255357861518859863e-01,7.037037037037037202e-01,4.494182765483856201e-01,0.000000000000000000e+00
3.609000000000000000e+04,6.425225734710693359e-01,7.407407407407406996e-01,5.012492537498474121e-01,0.000000000000000000e+00
3.610000000000000000e+04,6.563326716423034668e-01,7.407407407407406996e-01,4.965997636318206787e-01,0.000000000000000000e+00
3.611000000000000000e+04,6.623113155364990234e-01,7.407407407407406996e-01,4.890339076519012451e-01,0.000000000000000000e+00
3.612000000000000000e+04,6.742447614669799805e-01,7.407407407407406996e-01,4.884777069091796875e-01,0.000000000000000000e+00
3.613000000000000000e+04,6.536957621574401855e-01,7.592592592592593004e-01,4.747854173183441162e-01,0.000000000000000000e+00
3.614000000000000000e+04,6.598483920097351074e-01,7.592592592592593004e-01,4.771687984466552734e-01,0.000000000000000000e+00
3.615000000000000000e+04,6.467882990837097168e-01,7.592592592592593004e-01,4.593982994556427002e-01,0.000000000000000000e+00
3.616000000000000000e+04,6.608065366744995117e-01,7.777777777777777901e-01,4.809767305850982666e-01,0.000000000000000000e+00
3.617000000000000000e+04,6.634086966514587402e-01,7.592592592592593004e-01,4.663569629192352295e-01,0.000000000000000000e+00
3.618000000000000000e+04,6.766133308410644531e-01,7.407407407407406996e-01,4.849074482917785645e-01,0.000000000000000000e+00
3.619000000000000000e+04,6.483530402183532715e-01,7.037037037037037202e-01,4.783606827259063721e-01,0.000000000000000000e+00
3.620000000000000000e+04,6.415338516235351562e-01,7.777777777777777901e-01,4.668759405612945557e-01,0.000000000000000000e+00
3.621000000000000000e+04,6.207634806632995605e-01,7.222222222222222099e-01,4.625945389270782471e-01,0.000000000000000000e+00
3.622000000000000000e+04,6.359326839447021484e-01,7.222222222222222099e-01,4.725432693958282471e-01,0.000000000000000000e+00
3.623000000000000000e+04,6.352089047431945801e-01,6.851851851851852304e-01,4.742232859134674072e-01,0.000000000000000000e+00
3.624000000000000000e+04,6.606435179710388184e-01,7.037037037037037202e-01,4.829875528812408447e-01,0.000000000000000000e+00
3.625000000000000000e+04,6.517823338508605957e-01,7.037037037037037202e-01,4.788810908794403076e-01,0.000000000000000000e+00
3.626000000000000000e+04,6.743490695953369141e-01,7.222222222222222099e-01,4.893800914287567139e-01,0.000000000000000000e+00
3.627000000000000000e+04,6.840430498123168945e-01,6.851851851851852304e-01,5.314798355102539062e-01,0.000000000000000000e+00
3.628000000000000000e+04,6.475387811660766602e-01,7.777777777777777901e-01,5.189421176910400391e-01,0.000000000000000000e+00
3.629000000000000000e+04,6.241267323493957520e-01,7.037037037037037202e-01,4.796023070812225342e-01,0.000000000000000000e+00
3.630000000000000000e+04,6.306213140487670898e-01,7.777777777777777901e-01,4.922780394554138184e-01,0.000000000000000000e+00
3.631000000000000000e+04,6.489260792732238770e-01,7.592592592592593004e-01,5.103286504745483398e-01,0.000000000000000000e+00
3.632000000000000000e+04,6.366105079650878906e-01,7.962962962962962798e-01,4.922597110271453857e-01,0.000000000000000000e+00
3.633000000000000000e+04,6.456481218338012695e-01,7.592592592592593004e-01,5.189025998115539551e-01,0.000000000000000000e+00
3.634000000000000000e+04,6.108378767967224121e-01,8.148148148148147696e-01,4.847822785377502441e-01,0.000000000000000000e+00
3.635000000000000000e+04,6.156246066093444824e-01,7.777777777777777901e-01,4.793461263179779053e-01,0.000000000000000000e+00
3.636000000000000000e+04,6.209621429443359375e-01,7.962962962962962798e-01,4.766897559165954590e-01,0.000000000000000000e+00
3.637000000000000000e+04,6.264227032661437988e-01,7.777777777777777901e-01,4.984652101993560791e-01,0.000000000000000000e+00
3.638000000000000000e+04,6.196263432502746582e-01,7.962962962962962798e-01,4.901908338069915771e-01,0.000000000000000000e+00
3.639000000000000000e+04,6.140720844268798828e-01,7.962962962962962798e-01,4.722598493099212646e-01,0.000000000000000000e+00
3.640000000000000000e+04,6.092996597290039062e-01,8.148148148148147696e-01,4.901508688926696777e-01,0.000000000000000000e+00
3.641000000000000000e+04,6.205986738204956055e-01,7.777777777777777901e-01,4.957968592643737793e-01,0.000000000000000000e+00
3.642000000000000000e+04,6.218001842498779297e-01,7.407407407407406996e-01,4.967871010303497314e-01,0.000000000000000000e+00
3.643000000000000000e+04,6.508852243423461914e-01,7.777777777777777901e-01,5.201789736747741699e-01,0.000000000000000000e+00
3.644000000000000000e+04,6.324416995048522949e-01,7.962962962962962798e-01,5.094313621520996094e-01,0.000000000000000000e+00
3.645000000000000000e+04,6.227245330810546875e-01,7.962962962962962798e-01,5.008859634399414062e-01,0.000000000000000000e+00
3.646000000000000000e+04,6.343431472778320312e-01,7.407407407407406996e-01,5.107083916664123535e-01,0.000000000000000000e+00
3.647000000000000000e+04,6.243407130241394043e-01,7.777777777777777901e-01,5.089453458786010742e-01,0.000000000000000000e+00
3.648000000000000000e+04,6.158465147018432617e-01,7.222222222222222099e-01,4.840343594551086426e-01,0.000000000000000000e+00
3.649000000000000000e+04,6.329261064529418945e-01,7.592592592592593004e-01,5.188648700714111328e-01,0.000000000000000000e+00
3.650000000000000000e+04,6.128548383712768555e-01,7.962962962962962798e-01,4.799935519695281982e-01,0.000000000000000000e+00
3.651000000000000000e+04,5.984770059585571289e-01,7.592592592592593004e-01,4.776910841464996338e-01,0.000000000000000000e+00
3.652000000000000000e+04,6.236457228660583496e-01,7.777777777777777901e-01,4.960093498229980469e-01,0.000000000000000000e+00
3.653000000000000000e+04,5.881466269493103027e-01,7.962962962962962798e-01,4.610494971275329590e-01,0.000000000000000000e+00
3.654000000000000000e+04,6.035349965095520020e-01,7.407407407407406996e-01,4.763324260711669922e-01,0.000000000000000000e+00
3.655000000000000000e+04,6.212878227233886719e-01,7.962962962962962798e-01,4.906381368637084961e-01,0.000000000000000000e+00
3.656000000000000000e+04,5.957986712455749512e-01,7.777777777777777901e-01,4.644270241260528564e-01,0.000000000000000000e+00
3.657000000000000000e+04,6.338556408882141113e-01,8.148148148148147696e-01,5.196587443351745605e-01,0.000000000000000000e+00
3.658000000000000000e+04,6.100069880485534668e-01,7.407407407407406996e-01,4.771298766136169434e-01,0.000000000000000000e+00
3.659000000000000000e+04,6.062708497047424316e-01,8.148148148148147696e-01,4.768335819244384766e-01,0.000000000000000000e+00
3.660000000000000000e+04,6.104397177696228027e-01,7.962962962962962798e-01,5.018354058265686035e-01,0.000000000000000000e+00
3.661000000000000000e+04,6.011993288993835449e-01,7.407407407407406996e-01,4.731370806694030762e-01,0.000000000000000000e+00
3.662000000000000000e+04,6.348258852958679199e-01,7.962962962962962798e-01,5.123900771141052246e-01,0.000000000000000000e+00
3.663000000000000000e+04,6.060231328010559082e-01,7.777777777777777901e-01,4.829318523406982422e-01,0.000000000000000000e+00
3.664000000000000000e+04,5.856121778488159180e-01,7.962962962962962798e-01,4.490282535552978516e-01,0.000000000000000000e+00
3.665000000000000000e+04,5.953344702720642090e-01,7.592592592592593004e-01,4.736592173576354980e-01,0.000000000000000000e+00
3.666000000000000000e+04,6.022607088088989258e-01,7.962962962962962798e-01,4.892316460609436035e-01,0.000000000000000000e+00
3.667000000000000000e+04,6.105651259422302246e-01,7.962962962962962798e-01,4.958389103412628174e-01,0.000000000000000000e+00
3.668000000000000000e+04,6.151284575462341309e-01,8.148148148148147696e-01,4.842593371868133545e-01,0.000000000000000000e+00
3.669000000000000000e+04,6.067997813224792480e-01,7.962962962962962798e-01,4.695700407028198242e-01,0.000000000000000000e+00
3.670000000000000000e+04,6.280251741409301758e-01,7.962962962962962798e-01,5.145918726921081543e-01,0.000000000000000000e+00
3.671000000000000000e+04,6.401643753051757812e-01,7.777777777777777901e-01,5.219760537147521973e-01,0.000000000000000000e+00
3.672000000000000000e+04,6.274736523628234863e-01,7.592592592592593004e-01,4.884005188941955566e-01,0.000000000000000000e+00
3.673000000000000000e+04,6.061252355575561523e-01,7.962962962962962798e-01,4.688427150249481201e-01,0.000000000000000000e+00
3.674000000000000000e+04,5.990405678749084473e-01,7.777777777777777901e-01,4.550806581974029541e-01,0.000000000000000000e+00
3.675000000000000000e+04,6.235380768775939941e-01,7.407407407407406996e-01,4.842100739479064941e-01,0.000000000000000000e+00
3.676000000000000000e+04,6.169731616973876953e-01,7.777777777777777901e-01,4.712606370449066162e-01,0.000000000000000000e+00
3.677000000000000000e+04,6.196718215942382812e-01,7.407407407407406996e-01,4.567341208457946777e-01,0.000000000000000000e+00
3.678000000000000000e+04,6.061943173408508301e-01,7.037037037037037202e-01,4.547235667705535889e-01,0.000000000000000000e+00
3.679000000000000000e+04,5.921104550361633301e-01,7.222222222222222099e-01,4.177336096763610840e-01,0.000000000000000000e+00
3.680000000000000000e+04,5.908720493316650391e-01,7.592592592592593004e-01,4.217936396598815918e-01,0.000000000000000000e+00
3.681000000000000000e+04,6.008839607238769531e-01,7.592592592592593004e-01,4.310555160045623779e-01,0.000000000000000000e+00
3.682000000000000000e+04,5.973562598228454590e-01,7.222222222222222099e-01,4.143064022064208984e-01,0.000000000000000000e+00
3.683000000000000000e+04,6.071578264236450195e-01,7.407407407407406996e-01,4.120941460132598877e-01,0.000000000000000000e+00
3.684000000000000000e+04,6.039737462997436523e-01,7.592592592592593004e-01,3.880776166915893555e-01,0.000000000000000000e+00
3.685000000000000000e+04,6.062656044960021973e-01,7.407407407407406996e-01,4.206762611865997314e-01,0.000000000000000000e+00
3.686000000000000000e+04,6.106160879135131836e-01,7.592592592592593004e-01,4.352427423000335693e-01,0.000000000000000000e+00
3.687000000000000000e+04,6.157334446907043457e-01,7.407407407407406996e-01,4.314475953578948975e-01,0.000000000000000000e+00
3.688000000000000000e+04,6.075155735015869141e-01,7.037037037037037202e-01,3.979493081569671631e-01,0.000000000000000000e+00
3.689000000000000000e+04,6.246507167816162109e-01,7.222222222222222099e-01,4.337796270847320557e-01,0.000000000000000000e+00
3.690000000000000000e+04,6.160315871238708496e-01,7.407407407407406996e-01,4.317112863063812256e-01,0.000000000000000000e+00
3.691000000000000000e+04,6.293172240257263184e-01,7.777777777777777901e-01,4.506951868534088135e-01,0.000000000000000000e+00
3.692000000000000000e+04,6.138629913330078125e-01,7.407407407407406996e-01,4.372681975364685059e-01,0.000000000000000000e+00
3.693000000000000000e+04,6.010783314704895020e-01,7.777777777777777901e-01,4.386280775070190430e-01,0.000000000000000000e+00
3.694000000000000000e+04,6.119273900985717773e-01,7.592592592592593004e-01,4.467468857765197754e-01,0.000000000000000000e+00
3.695000000000000000e+04,6.314399242401123047e-01,7.962962962962962798e-01,4.833510518074035645e-01,0.000000000000000000e+00
3.696000000000000000e+04,6.323063373565673828e-01,7.777777777777777901e-01,4.562487900257110596e-01,0.000000000000000000e+00
3.697000000000000000e+04,6.198568344116210938e-01,7.407407407407406996e-01,4.388966560363769531e-01,0.000000000000000000e+00
3.698000000000000000e+04,6.172591447830200195e-01,7.777777777777777901e-01,4.463942348957061768e-01,0.000000000000000000e+00
3.699000000000000000e+04,6.173358559608459473e-01,8.148148148148147696e-01,4.528199136257171631e-01,0.000000000000000000e+00
3.700000000000000000e+04,6.008977890014648438e-01,7.962962962962962798e-01,4.059764444828033447e-01,0.000000000000000000e+00
3.701000000000000000e+04,5.973386168479919434e-01,7.777777777777777901e-01,4.201209247112274170e-01,0.000000000000000000e+00
3.702000000000000000e+04,5.924856066703796387e-01,7.777777777777777901e-01,4.189901649951934814e-01,0.000000000000000000e+00
3.703000000000000000e+04,6.097697019577026367e-01,7.777777777777777901e-01,4.266143739223480225e-01,0.000000000000000000e+00
3.704000000000000000e+04,6.042513847351074219e-01,7.592592592592593004e-01,4.048173725605010986e-01,0.000000000000000000e+00
3.705000000000000000e+04,6.060025691986083984e-01,7.592592592592593004e-01,4.274175167083740234e-01,0.000000000000000000e+00
3.706000000000000000e+04,5.805761218070983887e-01,7.962962962962962798e-01,4.137086868286132812e-01,0.000000000000000000e+00
3.707000000000000000e+04,5.956857800483703613e-01,7.962962962962962798e-01,4.319241940975189209e-01,0.000000000000000000e+00
3.708000000000000000e+04,5.941886305809020996e-01,7.592592592592593004e-01,4.036466181278228760e-01,0.000000000000000000e+00
3.709000000000000000e+04,5.730926990509033203e-01,7.962962962962962798e-01,3.864265382289886475e-01,0.000000000000000000e+00
3.710000000000000000e+04,6.082442402839660645e-01,7.592592592592593004e-01,4.271588325500488281e-01,0.000000000000000000e+00
3.711000000000000000e+04,6.155809164047241211e-01,7.592592592592593004e-01,4.408716559410095215e-01,0.000000000000000000e+00
3.712000000000000000e+04,5.965482592582702637e-01,7.962962962962962798e-01,4.088258743286132812e-01,0.000000000000000000e+00
3.713000000000000000e+04,6.055584549903869629e-01,7.592592592592593004e-01,3.989622890949249268e-01,0.000000000000000000e+00
3.714000000000000000e+04,5.961008667945861816e-01,7.962962962962962798e-01,3.805350959300994873e-01,0.000000000000000000e+00
3.715000000000000000e+04,6.147914528846740723e-01,7.962962962962962798e-01,4.146231412887573242e-01,0.000000000000000000e+00
3.716000000000000000e+04,5.835940837860107422e-01,7.407407407407406996e-01,3.766153156757354736e-01,0.000000000000000000e+00
3.717000000000000000e+04,5.850945115089416504e-01,7.962962962962962798e-01,4.186982512474060059e-01,0.000000000000000000e+00
3.718000000000000000e+04,5.898708105087280273e-01,7.962962962962962798e-01,4.224480390548706055e-01,0.000000000000000000e+00
3.719000000000000000e+04,5.985388159751892090e-01,8.148148148148147696e-01,4.323239624500274658e-01,0.000000000000000000e+00
3.720000000000000000e+04,6.175723075866699219e-01,8.148148148148147696e-01,4.611118435859680176e-01,0.000000000000000000e+00
3.721000000000000000e+04,5.959080457687377930e-01,7.777777777777777901e-01,4.218376278877258301e-01,0.000000000000000000e+00
3.722000000000000000e+04,5.964514017105102539e-01,7.777777777777777901e-01,4.242718815803527832e-01,0.000000000000000000e+00
3.723000000000000000e+04,5.977643132209777832e-01,7.592592592592593004e-01,4.289820194244384766e-01,0.000000000000000000e+00
3.724000000000000000e+04,5.767015814781188965e-01,7.777777777777777901e-01,3.932365179061889648e-01,0.000000000000000000e+00
3.725000000000000000e+04,5.807030200958251953e-01,7.407407407407406996e-01,4.198990464210510254e-01,0.000000000000000000e+00
3.726000000000000000e+04,5.935612320899963379e-01,7.592592592592593004e-01,4.325557947158813477e-01,0.000000000000000000e+00
3.727000000000000000e+04,5.919858813285827637e-01,7.777777777777777901e-01,4.129497706890106201e-01,0.000000000000000000e+00
3.728000000000000000e+04,5.808243751525878906e-01,7.407407407407406996e-01,4.290567338466644287e-01,0.000000000000000000e+00
3.729000000000000000e+04,5.821817517280578613e-01,7.592592592592593004e-01,3.971852958202362061e-01,0.000000000000000000e+00
3.730000000000000000e+04,5.830302238464355469e-01,7.777777777777777901e-01,4.113361239433288574e-01,0.000000000000000000e+00
3.731000000000000000e+04,5.683540701866149902e-01,7.962962962962962798e-01,3.899547159671783447e-01,0.000000000000000000e+00
3.732000000000000000e+04,5.954571962356567383e-01,7.592592592592593004e-01,4.148503839969635010e-01,0.000000000000000000e+00
3.733000000000000000e+04,5.773330926895141602e-01,7.592592592592593004e-01,3.819279968738555908e-01,0.000000000000000000e+00
3.734000000000000000e+04,5.718962550163269043e-01,7.777777777777777901e-01,3.844272196292877197e-01,0.000000000000000000e+00
3.735000000000000000e+04,5.803096294403076172e-01,7.592592592592593004e-01,4.121984839439392090e-01,0.000000000000000000e+00
3.736000000000000000e+04,5.677787065505981445e-01,7.592592592592593004e-01,4.035629630088806152e-01,0.000000000000000000e+00
3.737000000000000000e+04,6.147136092185974121e-01,7.777777777777777901e-01,4.458686709403991699e-01,0.000000000000000000e+00
3.738000000000000000e+04,5.887467265129089355e-01,8.148148148148147696e-01,4.275947511196136475e-01,0.000000000000000000e+00
3.739000000000000000e+04,5.945608615875244141e-01,7.777777777777777901e-01,4.369170665740966797e-01,0.000000000000000000e+00
3.740000000000000000e+04,5.901426076889038086e-01,7.592592592592593004e-01,4.277458786964416504e-01,0.000000000000000000e+00
3.741000000000000000e+04,5.893216133117675781e-01,7.592592592592593004e-01,4.254044890403747559e-01,0.000000000000000000e+00
3.742000000000000000e+04,5.850616693496704102e-01,7.407407407407406996e-01,4.303868114948272705e-01,0.000000000000000000e+00
3.743000000000000000e+04,6.120625138282775879e-01,7.962962962962962798e-01,4.671337604522705078e-01,0.000000000000000000e+00
3.744000000000000000e+04,6.077894568443298340e-01,7.777777777777777901e-01,4.744857847690582275e-01,0.000000000000000000e+00
3.745000000000000000e+04,5.914047956466674805e-01,7.777777777777777901e-01,4.542288184165954590e-01,0.000000000000000000e+00
3.746000000000000000e+04,5.984288454055786133e-01,7.592592592592593004e-01,4.723137021064758301e-01,0.000000000000000000e+00
3.747000000000000000e+04,5.811598896980285645e-01,7.962962962962962798e-01,4.558913409709930420e-01,0.000000000000000000e+00
3.748000000000000000e+04,5.894091725349426270e-01,7.777777777777777901e-01,4.534392654895782471e-01,0.000000000000000000e+00
3.749000000000000000e+04,5.964666008949279785e-01,7.592592592592593004e-01,4.733073413372039795e-01,0.000000000000000000e+00
3.750000000000000000e+04,6.066855192184448242e-01,7.777777777777777901e-01,4.684107601642608643e-01,0.000000000000000000e+00
3.751000000000000000e+04,6.039400100708007812e-01,7.777777777777777901e-01,4.706253409385681152e-01,0.000000000000000000e+00
3.752000000000000000e+04,5.997633934020996094e-01,7.777777777777777901e-01,4.580326378345489502e-01,0.000000000000000000e+00
3.753000000000000000e+04,6.102235317230224609e-01,7.592592592592593004e-01,4.984202086925506592e-01,0.000000000000000000e+00
3.754000000000000000e+04,6.113066077232360840e-01,7.407407407407406996e-01,4.758210778236389160e-01,0.000000000000000000e+00
3.755000000000000000e+04,5.934106707572937012e-01,7.777777777777777901e-01,4.605788290500640869e-01,0.000000000000000000e+00
3.756000000000000000e+04,6.051977872848510742e-01,7.592592592592593004e-01,4.497749209403991699e-01,0.000000000000000000e+00
3.757000000000000000e+04,5.993922948837280273e-01,7.592592592592593004e-01,4.598014354705810547e-01,0.000000000000000000e+00
3.758000000000000000e+04,5.957401990890502930e-01,7.407407407407406996e-01,4.554954171180725098e-01,0.000000000000000000e+00
3.759000000000000000e+04,5.927602052688598633e-01,7.777777777777777901e-01,4.580634236335754395e-01,0.000000000000000000e+00
3.760000000000000000e+04,6.152912974357604980e-01,7.962962962962962798e-01,4.951826035976409912e-01,0.000000000000000000e+00
3.761000000000000000e+04,5.963127613067626953e-01,7.962962962962962798e-01,4.856632649898529053e-01,0.000000000000000000e+00
3.762000000000000000e+04,6.164614558219909668e-01,7.777777777777777901e-01,4.928471446037292480e-01,0.000000000000000000e+00
3.763000000000000000e+04,5.974949598312377930e-01,7.222222222222222099e-01,4.665272235870361328e-01,0.000000000000000000e+00
3.764000000000000000e+04,6.131733059883117676e-01,7.592592592592593004e-01,4.688573479652404785e-01,0.000000000000000000e+00
3.765000000000000000e+04,6.007041335105895996e-01,7.777777777777777901e-01,4.546375274658203125e-01,0.000000000000000000e+00
3.766000000000000000e+04,6.332070827484130859e-01,7.592592592592593004e-01,5.058695673942565918e-01,0.000000000000000000e+00
3.767000000000000000e+04,5.893763303756713867e-01,7.592592592592593004e-01,4.545228481292724609e-01,0.000000000000000000e+00
3.768000000000000000e+04,5.858267545700073242e-01,7.592592592592593004e-01,4.582959115505218506e-01,0.000000000000000000e+00
3.769000000000000000e+04,6.157899498939514160e-01,7.962962962962962798e-01,4.957644343376159668e-01,0.000000000000000000e+00
3.770000000000000000e+04,6.285284161567687988e-01,7.777777777777777901e-01,5.031670331954956055e-01,0.000000000000000000e+00
3.771000000000000000e+04,6.005364656448364258e-01,7.592592592592593004e-01,4.586907327175140381e-01,0.000000000000000000e+00
3.772000000000000000e+04,6.245611310005187988e-01,7.592592592592593004e-01,4.905533492565155029e-01,0.000000000000000000e+00
3.773000000000000000e+04,6.111159324645996094e-01,7.222222222222222099e-01,4.879073202610015869e-01,0.000000000000000000e+00
3.774000000000000000e+04,6.226301193237304688e-01,7.777777777777777901e-01,5.008128881454467773e-01,0.000000000000000000e+00
3.775000000000000000e+04,6.345678567886352539e-01,7.777777777777777901e-01,4.931304454803466797e-01,0.000000000000000000e+00
3.776000000000000000e+04,6.337707042694091797e-01,7.962962962962962798e-01,5.117369294166564941e-01,0.000000000000000000e+00
3.777000000000000000e+04,5.949598550796508789e-01,7.962962962962962798e-01,4.622920155525207520e-01,0.000000000000000000e+00
3.778000000000000000e+04,6.048825383186340332e-01,7.592592592592593004e-01,4.834697842597961426e-01,0.000000000000000000e+00
3.779000000000000000e+04,6.055791974067687988e-01,7.777777777777777901e-01,4.889390766620635986e-01,0.000000000000000000e+00
3.780000000000000000e+04,6.477662324905395508e-01,8.148148148148147696e-01,5.226771235466003418e-01,0.000000000000000000e+00
3.781000000000000000e+04,6.093162894248962402e-01,7.962962962962962798e-01,4.680620133876800537e-01,0.000000000000000000e+00
3.782000000000000000e+04,6.254799365997314453e-01,7.777777777777777901e-01,5.047767758369445801e-01,0.000000000000000000e+00
3.783000000000000000e+04,6.227693557739257812e-01,7.777777777777777901e-01,4.931918382644653320e-01,0.000000000000000000e+00
3.784000000000000000e+04,6.256948113441467285e-01,7.962962962962962798e-01,4.747067093849182129e-01,0.000000000000000000e+00
3.785000000000000000e+04,6.258861422538757324e-01,7.407407407407406996e-01,4.939452707767486572e-01,0.000000000000000000e+00
3.786000000000000000e+04,6.228145956993103027e-01,7.962962962962962798e-01,4.952100515365600586e-01,0.000000000000000000e+00
3.787000000000000000e+04,6.304315328598022461e-01,8.148148148148147696e-01,5.102345943450927734e-01,0.000000000000000000e+00
3.788000000000000000e+04,6.302448511123657227e-01,7.962962962962962798e-01,5.178087949752807617e-01,0.000000000000000000e+00
3.789000000000000000e+04,6.263222098350524902e-01,8.148148148148147696e-01,5.174843668937683105e-01,0.000000000000000000e+00
3.790000000000000000e+04,6.227652430534362793e-01,7.962962962962962798e-01,4.876074790954589844e-01,0.000000000000000000e+00
3.791000000000000000e+04,6.220912337303161621e-01,7.962962962962962798e-01,4.952542483806610107e-01,0.000000000000000000e+00
3.792000000000000000e+04,6.213439106941223145e-01,8.148148148148147696e-01,5.163697004318237305e-01,0.000000000000000000e+00
3.793000000000000000e+04,6.173865795135498047e-01,7.962962962962962798e-01,4.778414964675903320e-01,0.000000000000000000e+00
3.794000000000000000e+04,6.197321414947509766e-01,8.148148148148147696e-01,4.955790042877197266e-01,0.000000000000000000e+00
3.795000000000000000e+04,6.032765507698059082e-01,7.592592592592593004e-01,4.714678823947906494e-01,0.000000000000000000e+00
3.796000000000000000e+04,5.985562205314636230e-01,8.148148148148147696e-01,4.671593904495239258e-01,0.000000000000000000e+00
3.797000000000000000e+04,5.828624367713928223e-01,7.777777777777777901e-01,4.571448862552642822e-01,0.000000000000000000e+00
3.798000000000000000e+04,6.163730621337890625e-01,8.333333333333333703e-01,4.792276918888092041e-01,0.000000000000000000e+00
3.799000000000000000e+04,6.213753819465637207e-01,8.148148148148147696e-01,4.904389381408691406e-01,0.000000000000000000e+00
3.800000000000000000e+04,6.305983066558837891e-01,8.148148148148147696e-01,5.003702044486999512e-01,0.000000000000000000e+00
3.801000000000000000e+04,6.166327595710754395e-01,8.148148148148147696e-01,4.908255636692047119e-01,0.000000000000000000e+00
3.802000000000000000e+04,5.906845331192016602e-01,8.148148148148147696e-01,4.593207836151123047e-01,0.000000000000000000e+00
3.803000000000000000e+04,5.897369980812072754e-01,8.333333333333333703e-01,4.343874752521514893e-01,0.000000000000000000e+00
3.804000000000000000e+04,6.157684326171875000e-01,8.148148148148147696e-01,4.720291197299957275e-01,0.000000000000000000e+00
3.805000000000000000e+04,6.006650328636169434e-01,7.962962962962962798e-01,4.683151841163635254e-01,0.000000000000000000e+00
3.806000000000000000e+04,5.897417664527893066e-01,8.148148148148147696e-01,4.496906697750091553e-01,0.000000000000000000e+00
3.807000000000000000e+04,6.087937951087951660e-01,7.777777777777777901e-01,4.728893935680389404e-01,0.000000000000000000e+00
3.808000000000000000e+04,6.106885075569152832e-01,8.333333333333333703e-01,4.660398066043853760e-01,0.000000000000000000e+00
3.809000000000000000e+04,6.002299189567565918e-01,8.333333333333333703e-01,4.626994431018829346e-01,0.000000000000000000e+00
3.810000000000000000e+04,5.966174602508544922e-01,7.962962962962962798e-01,4.518267512321472168e-01,0.000000000000000000e+00
3.811000000000000000e+04,5.900837779045104980e-01,7.592592592592593004e-01,4.481053054332733154e-01,0.000000000000000000e+00
3.812000000000000000e+04,5.994520783424377441e-01,8.148148148148147696e-01,4.653407037258148193e-01,0.000000000000000000e+00
3.813000000000000000e+04,6.168101429939270020e-01,8.148148148148147696e-01,4.845522046089172363e-01,0.000000000000000000e+00
3.814000000000000000e+04,6.067028045654296875e-01,7.962962962962962798e-01,4.679421484470367432e-01,0.000000000000000000e+00
3.815000000000000000e+04,6.155396103858947754e-01,8.148148148148147696e-01,4.893819689750671387e-01,0.000000000000000000e+00
3.816000000000000000e+04,6.192063689231872559e-01,8.148148148148147696e-01,4.834654033184051514e-01,0.000000000000000000e+00
3.817000000000000000e+04,6.080048084259033203e-01,8.148148148148147696e-01,4.703663885593414307e-01,0.000000000000000000e+00
3.818000000000000000e+04,6.096488237380981445e-01,8.148148148148147696e-01,4.854487478733062744e-01,0.000000000000000000e+00
3.819000000000000000e+04,5.894008874893188477e-01,8.148148148148147696e-01,4.393200576305389404e-01,0.000000000000000000e+00
3.820000000000000000e+04,5.937555432319641113e-01,8.333333333333333703e-01,4.508467614650726318e-01,0.000000000000000000e+00
3.821000000000000000e+04,5.960831046104431152e-01,7.962962962962962798e-01,4.663205742835998535e-01,0.000000000000000000e+00
3.822000000000000000e+04,5.873339772224426270e-01,8.148148148148147696e-01,4.447093009948730469e-01,0.000000000000000000e+00
3.823000000000000000e+04,5.924594998359680176e-01,7.962962962962962798e-01,4.461784362792968750e-01,0.000000000000000000e+00
3.824000000000000000e+04,5.828607678413391113e-01,7.962962962962962798e-01,4.366233944892883301e-01,0.000000000000000000e+00
3.825000000000000000e+04,5.863252878189086914e-01,8.148148148148147696e-01,4.538024365901947021e-01,0.000000000000000000e+00
3.826000000000000000e+04,5.996863842010498047e-01,8.333333333333333703e-01,4.746612310409545898e-01,0.000000000000000000e+00
3.827000000000000000e+04,5.849902033805847168e-01,8.333333333333333703e-01,4.277772009372711182e-01,0.000000000000000000e+00
3.828000000000000000e+04,6.118624806404113770e-01,7.592592592592593004e-01,4.731718599796295166e-01,0.000000000000000000e+00
3.829000000000000000e+04,6.173363327980041504e-01,8.518518518518518601e-01,4.721774458885192871e-01,0.000000000000000000e+00
3.830000000000000000e+04,6.069079637527465820e-01,8.518518518518518601e-01,4.713608920574188232e-01,0.000000000000000000e+00
3.831000000000000000e+04,6.072910428047180176e-01,7.962962962962962798e-01,4.711450040340423584e-01,0.000000000000000000e+00
3.832000000000000000e+04,6.065796017646789551e-01,7.592592592592593004e-01,4.740823805332183838e-01,0.000000000000000000e+00
3.833000000000000000e+04,5.991778969764709473e-01,8.518518518518518601e-01,4.747652709484100342e-01,0.000000000000000000e+00
3.834000000000000000e+04,5.855009555816650391e-01,8.333333333333333703e-01,4.635233879089355469e-01,0.000000000000000000e+00
3.835000000000000000e+04,5.828782916069030762e-01,8.333333333333333703e-01,4.598435759544372559e-01,0.000000000000000000e+00
3.836000000000000000e+04,5.886880159378051758e-01,7.962962962962962798e-01,4.669851362705230713e-01,0.000000000000000000e+00
3.837000000000000000e+04,5.981370806694030762e-01,7.592592592592593004e-01,4.674095809459686279e-01,0.000000000000000000e+00
3.838000000000000000e+04,6.101651787757873535e-01,8.148148148148147696e-01,4.835093617439270020e-01,0.000000000000000000e+00
3.839000000000000000e+04,5.897592902183532715e-01,8.148148148148147696e-01,4.638647735118865967e-01,0.000000000000000000e+00
3.840000000000000000e+04,6.037981510162353516e-01,8.333333333333333703e-01,4.646724760532379150e-01,0.000000000000000000e+00
3.841000000000000000e+04,6.052201986312866211e-01,7.962962962962962798e-01,4.668943583965301514e-01,0.000000000000000000e+00
3.842000000000000000e+04,5.955599546432495117e-01,7.962962962962962798e-01,4.206473529338836670e-01,0.000000000000000000e+00
3.843000000000000000e+04,5.940599441528320312e-01,7.777777777777777901e-01,4.264921247959136963e-01,0.000000000000000000e+00
3.844000000000000000e+04,5.922410488128662109e-01,7.222222222222222099e-01,3.983409702777862549e-01,0.000000000000000000e+00
3.845000000000000000e+04,5.879691839218139648e-01,7.777777777777777901e-01,4.137512445449829102e-01,0.000000000000000000e+00
3.846000000000000000e+04,6.047084331512451172e-01,7.962962962962962798e-01,4.485386013984680176e-01,0.000000000000000000e+00
3.847000000000000000e+04,5.979256033897399902e-01,7.777777777777777901e-01,4.484946727752685547e-01,0.000000000000000000e+00
3.848000000000000000e+04,6.335293054580688477e-01,7.962962962962962798e-01,4.955681860446929932e-01,0.000000000000000000e+00
3.849000000000000000e+04,6.241607666015625000e-01,7.962962962962962798e-01,4.967862069606781006e-01,0.000000000000000000e+00
3.850000000000000000e+04,6.363165378570556641e-01,8.148148148148147696e-01,5.007987022399902344e-01,0.000000000000000000e+00
3.851000000000000000e+04,6.527059078216552734e-01,8.148148148148147696e-01,5.434044599533081055e-01,0.000000000000000000e+00
3.852000000000000000e+04,6.302173733711242676e-01,8.333333333333333703e-01,5.062890648841857910e-01,0.000000000000000000e+00
3.853000000000000000e+04,6.310569643974304199e-01,8.148148148148147696e-01,5.192220211029052734e-01,0.000000000000000000e+00
3.854000000000000000e+04,6.375025510787963867e-01,7.962962962962962798e-01,5.134288668632507324e-01,0.000000000000000000e+00
3.855000000000000000e+04,6.083123087882995605e-01,8.518518518518518601e-01,4.957438409328460693e-01,0.000000000000000000e+00
3.856000000000000000e+04,6.359138488769531250e-01,7.592592592592593004e-01,5.090332031250000000e-01,0.000000000000000000e+00
3.857000000000000000e+04,6.186458468437194824e-01,8.333333333333333703e-01,5.134056806564331055e-01,0.000000000000000000e+00
3.858000000000000000e+04,6.191505789756774902e-01,8.333333333333333703e-01,5.033105611801147461e-01,0.000000000000000000e+00
3.859000000000000000e+04,6.269323825836181641e-01,7.962962962962962798e-01,5.202079415321350098e-01,0.000000000000000000e+00
3.860000000000000000e+04,6.323394179344177246e-01,8.148148148148147696e-01,5.198841094970703125e-01,0.000000000000000000e+00
3.861000000000000000e+04,6.329263448715209961e-01,7.962962962962962798e-01,5.148525238037109375e-01,0.000000000000000000e+00
3.862000000000000000e+04,6.372659802436828613e-01,7.962962962962962798e-01,5.052050948143005371e-01,0.000000000000000000e+00
3.863000000000000000e+04,6.187754273414611816e-01,8.333333333333333703e-01,4.895409941673278809e-01,0.000000000000000000e+00
3.864000000000000000e+04,6.105946898460388184e-01,7.777777777777777901e-01,4.713923037052154541e-01,0.000000000000000000e+00
3.865000000000000000e+04,6.037591099739074707e-01,8.148148148148147696e-01,4.529225230216979980e-01,0.000000000000000000e+00
3.866000000000000000e+04,6.052877902984619141e-01,8.333333333333333703e-01,4.639271497726440430e-01,0.000000000000000000e+00
3.867000000000000000e+04,6.093064546585083008e-01,8.333333333333333703e-01,4.680123031139373779e-01,0.000000000000000000e+00
3.868000000000000000e+04,6.329972743988037109e-01,7.407407407407406996e-01,5.035839676856994629e-01,0.000000000000000000e+00
3.869000000000000000e+04,6.060760617256164551e-01,8.518518518518518601e-01,4.732912182807922363e-01,0.000000000000000000e+00
3.870000000000000000e+04,5.951115489006042480e-01,7.962962962962962798e-01,4.542704224586486816e-01,0.000000000000000000e+00
3.871000000000000000e+04,6.007760763168334961e-01,8.148148148148147696e-01,4.658768475055694580e-01,0.000000000000000000e+00
3.872000000000000000e+04,5.860330462455749512e-01,8.148148148148147696e-01,4.491364657878875732e-01,0.000000000000000000e+00
3.873000000000000000e+04,5.999559164047241211e-01,8.333333333333333703e-01,4.609881341457366943e-01,0.000000000000000000e+00
3.874000000000000000e+04,6.051795482635498047e-01,8.518518518518518601e-01,4.609105885028839111e-01,0.000000000000000000e+00
3.875000000000000000e+04,6.116302013397216797e-01,8.148148148148147696e-01,4.840946495532989502e-01,0.000000000000000000e+00
3.876000000000000000e+04,6.020593047142028809e-01,8.518518518518518601e-01,4.564955234527587891e-01,0.000000000000000000e+00
3.877000000000000000e+04,5.807556509971618652e-01,7.962962962962962798e-01,4.248619973659515381e-01,0.000000000000000000e+00
3.878000000000000000e+04,6.031956672668457031e-01,7.962962962962962798e-01,4.757498204708099365e-01,0.000000000000000000e+00
3.879000000000000000e+04,5.829694271087646484e-01,8.333333333333333703e-01,4.347119033336639404e-01,0.000000000000000000e+00
3.880000000000000000e+04,5.796816945075988770e-01,8.148148148148147696e-01,4.222218096256256104e-01,0.000000000000000000e+00
3.881000000000000000e+04,5.835851430892944336e-01,8.148148148148147696e-01,4.617810249328613281e-01,0.000000000000000000e+00
3.882000000000000000e+04,5.791335701942443848e-01,8.333333333333333703e-01,4.346258640289306641e-01,0.000000000000000000e+00
3.883000000000000000e+04,5.867864489555358887e-01,8.333333333333333703e-01,4.308464229106903076e-01,0.000000000000000000e+00
3.884000000000000000e+04,5.793314576148986816e-01,8.333333333333333703e-01,4.365233182907104492e-01,0.000000000000000000e+00
3.885000000000000000e+04,5.624485611915588379e-01,8.148148148148147696e-01,4.143389761447906494e-01,0.000000000000000000e+00
3.886000000000000000e+04,5.587770938873291016e-01,7.962962962962962798e-01,4.063522815704345703e-01,0.000000000000000000e+00
3.887000000000000000e+04,5.394440293312072754e-01,8.333333333333333703e-01,3.775637447834014893e-01,0.000000000000000000e+00
3.888000000000000000e+04,5.589178204536437988e-01,8.148148148148147696e-01,3.987791538238525391e-01,0.000000000000000000e+00
3.889000000000000000e+04,5.819591879844665527e-01,7.962962962962962798e-01,4.262539744377136230e-01,0.000000000000000000e+00
3.890000000000000000e+04,5.823844671249389648e-01,7.592592592592593004e-01,4.349861443042755127e-01,0.000000000000000000e+00
3.891000000000000000e+04,5.804994702339172363e-01,7.962962962962962798e-01,4.427580833435058594e-01,0.000000000000000000e+00
3.892000000000000000e+04,5.718607306480407715e-01,8.148148148148147696e-01,4.284369647502899170e-01,0.000000000000000000e+00
3.893000000000000000e+04,5.758739709854125977e-01,8.518518518518518601e-01,4.327273368835449219e-01,0.000000000000000000e+00
3.894000000000000000e+04,5.951277017593383789e-01,8.333333333333333703e-01,4.439783096313476562e-01,0.000000000000000000e+00
3.895000000000000000e+04,5.834352970123291016e-01,8.148148148148147696e-01,4.417767226696014404e-01,0.000000000000000000e+00
3.896000000000000000e+04,5.796598196029663086e-01,8.518518518518518601e-01,4.467317461967468262e-01,0.000000000000000000e+00
3.897000000000000000e+04,5.867893695831298828e-01,8.518518518518518601e-01,4.415386915206909180e-01,0.000000000000000000e+00
3.898000000000000000e+04,5.891425609588623047e-01,7.777777777777777901e-01,4.562555253505706787e-01,0.000000000000000000e+00
3.899000000000000000e+04,5.836377143859863281e-01,7.592592592592593004e-01,4.553538858890533447e-01,0.000000000000000000e+00
3.900000000000000000e+04,5.873056054115295410e-01,7.777777777777777901e-01,4.485461115837097168e-01,0.000000000000000000e+00
3.901000000000000000e+04,5.752276182174682617e-01,7.962962962962962798e-01,4.296995103359222412e-01,0.000000000000000000e+00
3.902000000000000000e+04,5.749441981315612793e-01,8.148148148148147696e-01,4.476690590381622314e-01,0.000000000000000000e+00
3.903000000000000000e+04,5.840860009193420410e-01,7.777777777777777901e-01,4.243791997432708740e-01,0.000000000000000000e+00
3.904000000000000000e+04,6.062089204788208008e-01,7.962962962962962798e-01,4.487894773483276367e-01,0.000000000000000000e+00
3.905000000000000000e+04,5.977602601051330566e-01,8.148148148148147696e-01,4.371536672115325928e-01,0.000000000000000000e+00
3.906000000000000000e+04,5.900667309761047363e-01,7.962962962962962798e-01,4.372688829898834229e-01,0.000000000000000000e+00
3.907000000000000000e+04,5.873132348060607910e-01,8.148148148148147696e-01,4.507526159286499023e-01,0.000000000000000000e+00
3.908000000000000000e+04,5.818258523941040039e-01,7.777777777777777901e-01,4.324675202369689941e-01,0.000000000000000000e+00
3.909000000000000000e+04,5.873118042945861816e-01,8.518518518518518601e-01,4.685283601284027100e-01,0.000000000000000000e+00
3.910000000000000000e+04,5.692902803421020508e-01,8.333333333333333703e-01,4.224432706832885742e-01,0.000000000000000000e+00
3.911000000000000000e+04,6.088909506797790527e-01,8.518518518518518601e-01,4.794629514217376709e-01,0.000000000000000000e+00
3.912000000000000000e+04,6.074814796447753906e-01,7.592592592592593004e-01,4.759505987167358398e-01,0.000000000000000000e+00
3.913000000000000000e+04,6.055408716201782227e-01,7.777777777777777901e-01,4.740408957004547119e-01,0.000000000000000000e+00
3.914000000000000000e+04,5.801115632057189941e-01,8.148148148148147696e-01,4.334931671619415283e-01,0.000000000000000000e+00
3.915000000000000000e+04,5.700163245201110840e-01,8.333333333333333703e-01,4.457326233386993408e-01,0.000000000000000000e+00
3.916000000000000000e+04,5.828281044960021973e-01,8.148148148148147696e-01,4.418522119522094727e-01,0.000000000000000000e+00
3.917000000000000000e+04,6.022640466690063477e-01,8.333333333333333703e-01,4.691623747348785400e-01,0.000000000000000000e+00
3.918000000000000000e+04,5.823867321014404297e-01,8.333333333333333703e-01,4.739325344562530518e-01,0.000000000000000000e+00
3.919000000000000000e+04,5.889559984207153320e-01,8.148148148148147696e-01,4.510775506496429443e-01,0.000000000000000000e+00
3.920000000000000000e+04,5.971458554267883301e-01,8.148148148148147696e-01,4.467976093292236328e-01,0.000000000000000000e+00
3.921000000000000000e+04,5.714766979217529297e-01,7.962962962962962798e-01,4.238690435886383057e-01,0.000000000000000000e+00
3.922000000000000000e+04,5.928683876991271973e-01,7.962962962962962798e-01,4.549374878406524658e-01,0.000000000000000000e+00
3.923000000000000000e+04,6.011839509010314941e-01,8.148148148148147696e-01,4.633450806140899658e-01,0.000000000000000000e+00
3.924000000000000000e+04,5.781989693641662598e-01,8.148148148148147696e-01,4.372711181640625000e-01,0.000000000000000000e+00
3.925000000000000000e+04,5.686199665069580078e-01,8.333333333333333703e-01,4.414232373237609863e-01,0.000000000000000000e+00
3.926000000000000000e+04,5.901567935943603516e-01,7.962962962962962798e-01,4.604253470897674561e-01,0.000000000000000000e+00
3.927000000000000000e+04,5.577167272567749023e-01,7.777777777777777901e-01,3.814329802989959717e-01,0.000000000000000000e+00
3.928000000000000000e+04,5.871045589447021484e-01,8.333333333333333703e-01,4.329754710197448730e-01,0.000000000000000000e+00
3.929000000000000000e+04,6.023296117782592773e-01,7.777777777777777901e-01,4.236525893211364746e-01,0.000000000000000000e+00
3.930000000000000000e+04,5.788394808769226074e-01,7.777777777777777901e-01,3.921706676483154297e-01,0.000000000000000000e+00
3.931000000000000000e+04,5.939916968345642090e-01,7.592592592592593004e-01,4.205238819122314453e-01,0.000000000000000000e+00
3.932000000000000000e+04,6.053398847579956055e-01,8.148148148148147696e-01,4.138556122779846191e-01,0.000000000000000000e+00
3.933000000000000000e+04,5.977327227592468262e-01,7.777777777777777901e-01,4.252348840236663818e-01,0.000000000000000000e+00
3.934000000000000000e+04,6.170319914817810059e-01,7.777777777777777901e-01,4.375758469104766846e-01,0.000000000000000000e+00
3.935000000000000000e+04,6.140602231025695801e-01,7.222222222222222099e-01,4.326578080654144287e-01,0.000000000000000000e+00
3.936000000000000000e+04,6.198781728744506836e-01,7.777777777777777901e-01,4.477727711200714111e-01,0.000000000000000000e+00
3.937000000000000000e+04,6.173242926597595215e-01,7.592592592592593004e-01,4.705497026443481445e-01,0.000000000000000000e+00
3.938000000000000000e+04,6.023802757263183594e-01,7.777777777777777901e-01,4.266035854816436768e-01,0.000000000000000000e+00
3.939000000000000000e+04,5.726712942123413086e-01,7.407407407407406996e-01,3.888891637325286865e-01,0.000000000000000000e+00
3.940000000000000000e+04,5.864112973213195801e-01,7.592592592592593004e-01,4.263091385364532471e-01,0.000000000000000000e+00
3.941000000000000000e+04,5.855757594108581543e-01,7.222222222222222099e-01,4.281473159790039062e-01,0.000000000000000000e+00
3.942000000000000000e+04,5.710449814796447754e-01,7.962962962962962798e-01,4.054398238658905029e-01,0.000000000000000000e+00
3.943000000000000000e+04,5.847895741462707520e-01,8.333333333333333703e-01,4.514016807079315186e-01,0.000000000000000000e+00
3.944000000000000000e+04,5.666651725769042969e-01,8.333333333333333703e-01,4.268352091312408447e-01,0.000000000000000000e+00
3.945000000000000000e+04,5.939999222755432129e-01,8.148148148148147696e-01,4.728103578090667725e-01,0.000000000000000000e+00
3.946000000000000000e+04,5.830857753753662109e-01,7.777777777777777901e-01,4.482489824295043945e-01,0.000000000000000000e+00
3.947000000000000000e+04,5.832819938659667969e-01,8.148148148148147696e-01,4.296804666519165039e-01,0.000000000000000000e+00
3.948000000000000000e+04,5.823138952255249023e-01,7.962962962962962798e-01,4.453278183937072754e-01,0.000000000000000000e+00
3.949000000000000000e+04,5.810682773590087891e-01,8.148148148148147696e-01,4.387591183185577393e-01,0.000000000000000000e+00
3.950000000000000000e+04,5.692160129547119141e-01,7.962962962962962798e-01,4.347550868988037109e-01,0.000000000000000000e+00
3.951000000000000000e+04,5.606921315193176270e-01,7.962962962962962798e-01,4.352732300758361816e-01,0.000000000000000000e+00
3.952000000000000000e+04,5.601910352706909180e-01,8.333333333333333703e-01,4.045925140380859375e-01,0.000000000000000000e+00
3.953000000000000000e+04,5.614612698554992676e-01,8.148148148148147696e-01,4.342279732227325439e-01,0.000000000000000000e+00
3.954000000000000000e+04,5.758727788925170898e-01,7.777777777777777901e-01,4.376482963562011719e-01,0.000000000000000000e+00
3.955000000000000000e+04,5.801248550415039062e-01,7.777777777777777901e-01,4.326095283031463623e-01,0.000000000000000000e+00
3.956000000000000000e+04,5.745639204978942871e-01,7.962962962962962798e-01,4.404790103435516357e-01,0.000000000000000000e+00
3.957000000000000000e+04,5.639574527740478516e-01,7.962962962962962798e-01,4.307174086570739746e-01,0.000000000000000000e+00
3.958000000000000000e+04,5.713570117950439453e-01,8.148148148148147696e-01,4.498791098594665527e-01,0.000000000000000000e+00
3.959000000000000000e+04,5.750097036361694336e-01,8.333333333333333703e-01,4.529345929622650146e-01,0.000000000000000000e+00
3.960000000000000000e+04,5.714421272277832031e-01,8.333333333333333703e-01,4.460126459598541260e-01,0.000000000000000000e+00
3.961000000000000000e+04,5.743946433067321777e-01,8.518518518518518601e-01,4.507290720939636230e-01,0.000000000000000000e+00
3.962000000000000000e+04,5.700383186340332031e-01,7.407407407407406996e-01,4.326919913291931152e-01,0.000000000000000000e+00
3.963000000000000000e+04,5.808104276657104492e-01,8.148148148148147696e-01,4.468206465244293213e-01,0.000000000000000000e+00
3.964000000000000000e+04,5.992854237556457520e-01,8.148148148148147696e-01,4.709108769893646240e-01,0.000000000000000000e+00
3.965000000000000000e+04,5.943585038185119629e-01,8.148148148148147696e-01,4.485454857349395752e-01,0.000000000000000000e+00
3.966000000000000000e+04,5.999774932861328125e-01,7.777777777777777901e-01,4.509913623332977295e-01,0.000000000000000000e+00
3.967000000000000000e+04,5.683320164680480957e-01,8.333333333333333703e-01,4.327149093151092529e-01,0.000000000000000000e+00
3.968000000000000000e+04,5.591858625411987305e-01,7.962962962962962798e-01,4.192802608013153076e-01,0.000000000000000000e+00
3.969000000000000000e+04,5.654472112655639648e-01,8.148148148148147696e-01,4.313048124313354492e-01,0.000000000000000000e+00
3.970000000000000000e+04,5.555506944656372070e-01,7.962962962962962798e-01,4.000637531280517578e-01,0.000000000000000000e+00
3.971000000000000000e+04,5.771566033363342285e-01,8.148148148148147696e-01,4.404241442680358887e-01,0.000000000000000000e+00
3.972000000000000000e+04,5.752736926078796387e-01,8.148148148148147696e-01,4.338482916355133057e-01,0.000000000000000000e+00
3.973000000000000000e+04,5.665765404701232910e-01,8.333333333333333703e-01,4.108247756958007812e-01,0.000000000000000000e+00
3.974000000000000000e+04,5.833857655525207520e-01,8.148148148148147696e-01,4.334252774715423584e-01,0.000000000000000000e+00
3.975000000000000000e+04,5.892621874809265137e-01,7.407407407407406996e-01,4.501778483390808105e-01,0.000000000000000000e+00
3.976000000000000000e+04,5.825333595275878906e-01,8.148148148148147696e-01,4.375576972961425781e-01,0.000000000000000000e+00
3.977000000000000000e+04,5.808990597724914551e-01,8.148148148148147696e-01,4.591085016727447510e-01,0.000000000000000000e+00
3.978000000000000000e+04,5.723505616188049316e-01,8.333333333333333703e-01,4.416151344776153564e-01,0.000000000000000000e+00
3.979000000000000000e+04,5.643028616905212402e-01,8.148148148148147696e-01,4.268379509449005127e-01,0.000000000000000000e+00
3.980000000000000000e+04,5.546663403511047363e-01,8.333333333333333703e-01,4.337467253208160400e-01,0.000000000000000000e+00
3.981000000000000000e+04,5.807006359100341797e-01,7.592592592592593004e-01,4.601457118988037109e-01,0.000000000000000000e+00
3.982000000000000000e+04,5.817513465881347656e-01,7.962962962962962798e-01,4.536042213439941406e-01,0.000000000000000000e+00
3.983000000000000000e+04,5.992692708969116211e-01,7.777777777777777901e-01,4.488271474838256836e-01,0.000000000000000000e+00
3.984000000000000000e+04,5.665811300277709961e-01,8.148148148148147696e-01,4.139356911182403564e-01,0.000000000000000000e+00
3.985000000000000000e+04,5.767590403556823730e-01,8.148148148148147696e-01,4.319867193698883057e-01,0.000000000000000000e+00
3.986000000000000000e+04,5.698792934417724609e-01,7.777777777777777901e-01,4.340148866176605225e-01,0.000000000000000000e+00
3.987000000000000000e+04,5.815528035163879395e-01,7.777777777777777901e-01,4.242446124553680420e-01,0.000000000000000000e+00
3.988000000000000000e+04,5.789000988006591797e-01,7.777777777777777901e-01,4.126565158367156982e-01,0.000000000000000000e+00
3.989000000000000000e+04,5.625005960464477539e-01,7.592592592592593004e-01,3.902437686920166016e-01,0.000000000000000000e+00
3.990000000000000000e+04,5.675404667854309082e-01,7.777777777777777901e-01,4.132373034954071045e-01,0.000000000000000000e+00
3.991000000000000000e+04,5.535820722579956055e-01,7.592592592592593004e-01,3.970439732074737549e-01,0.000000000000000000e+00
3.992000000000000000e+04,5.791972875595092773e-01,7.962962962962962798e-01,4.433220326900482178e-01,0.000000000000000000e+00
3.993000000000000000e+04,5.866490602493286133e-01,7.407407407407406996e-01,4.446842074394226074e-01,0.000000000000000000e+00
3.994000000000000000e+04,5.682373642921447754e-01,8.148148148148147696e-01,4.421027600765228271e-01,0.000000000000000000e+00
3.995000000000000000e+04,5.658462047576904297e-01,7.777777777777777901e-01,4.359971284866333008e-01,0.000000000000000000e+00
3.996000000000000000e+04,5.722771883010864258e-01,8.148148148148147696e-01,4.694712162017822266e-01,0.000000000000000000e+00
3.997000000000000000e+04,5.655421018600463867e-01,8.148148148148147696e-01,4.408814907073974609e-01,0.000000000000000000e+00
3.998000000000000000e+04,5.517683029174804688e-01,7.777777777777777901e-01,4.369990825653076172e-01,0.000000000000000000e+00
3.999000000000000000e+04,5.582135319709777832e-01,7.962962962962962798e-01,4.452580213546752930e-01,0.000000000000000000e+00
4.000000000000000000e+04,5.560358166694641113e-01,7.777777777777777901e-01,4.467330574989318848e-01,0.000000000000000000e+00
4.001000000000000000e+04,5.541956424713134766e-01,7.777777777777777901e-01,4.072817265987396240e-01,0.000000000000000000e+00
4.002000000000000000e+04,5.549350976943969727e-01,8.148148148148147696e-01,4.150764048099517822e-01,0.000000000000000000e+00
4.003000000000000000e+04,5.746394991874694824e-01,7.962962962962962798e-01,4.556933343410491943e-01,0.000000000000000000e+00
4.004000000000000000e+04,5.580942034721374512e-01,8.148148148148147696e-01,4.359249174594879150e-01,0.000000000000000000e+00
4.005000000000000000e+04,5.534714460372924805e-01,8.148148148148147696e-01,4.135701358318328857e-01,0.000000000000000000e+00
4.006000000000000000e+04,5.684889554977416992e-01,8.333333333333333703e-01,4.165676236152648926e-01,0.000000000000000000e+00
4.007000000000000000e+04,5.723392367362976074e-01,8.148148148148147696e-01,4.359300434589385986e-01,0.000000000000000000e+00
4.008000000000000000e+04,5.799718499183654785e-01,7.962962962962962798e-01,4.331914186477661133e-01,0.000000000000000000e+00
4.009000000000000000e+04,5.456597805023193359e-01,8.148148148148147696e-01,3.919547498226165771e-01,0.000000000000000000e+00
4.010000000000000000e+04,5.651088953018188477e-01,7.777777777777777901e-01,4.389817416667938232e-01,0.000000000000000000e+00
4.011000000000000000e+04,5.700293779373168945e-01,7.962962962962962798e-01,4.302389025688171387e-01,0.000000000000000000e+00
4.012000000000000000e+04,5.742392539978027344e-01,8.333333333333333703e-01,4.606142044067382812e-01,0.000000000000000000e+00
4.013000000000000000e+04,5.424909591674804688e-01,8.148148148148147696e-01,4.043650627136230469e-01,0.000000000000000000e+00
4.014000000000000000e+04,5.650765895843505859e-01,7.777777777777777901e-01,4.330843389034271240e-01,0.000000000000000000e+00
4.015000000000000000e+04,5.564326643943786621e-01,8.518518518518518601e-01,4.264858067035675049e-01,0.000000000000000000e+00
4.016000000000000000e+04,5.570590496063232422e-01,7.962962962962962798e-01,4.415967166423797607e-01,0.000000000000000000e+00
4.017000000000000000e+04,5.532707571983337402e-01,7.962962962962962798e-01,4.366912543773651123e-01,0.000000000000000000e+00
4.018000000000000000e+04,5.685837864875793457e-01,8.148148148148147696e-01,4.348522126674652100e-01,0.000000000000000000e+00
4.019000000000000000e+04,5.729851722717285156e-01,8.333333333333333703e-01,4.499789178371429443e-01,0.000000000000000000e+00
4.020000000000000000e+04,5.534400939941406250e-01,7.962962962962962798e-01,4.131921827793121338e-01,0.000000000000000000e+00
4.021000000000000000e+04,5.763832330703735352e-01,7.962962962962962798e-01,4.580214917659759521e-01,0.000000000000000000e+00
4.022000000000000000e+04,5.749719738960266113e-01,8.148148148148147696e-01,4.461044371128082275e-01,0.000000000000000000e+00
4.023000000000000000e+04,5.769788622856140137e-01,7.962962962962962798e-01,4.564810693264007568e-01,0.000000000000000000e+00
4.024000000000000000e+04,5.722507834434509277e-01,7.592592592592593004e-01,4.571402668952941895e-01,0.000000000000000000e+00
4.025000000000000000e+04,5.614202022552490234e-01,7.962962962962962798e-01,4.487525224685668945e-01,0.000000000000000000e+00
4.026000000000000000e+04,5.582914352416992188e-01,8.148148148148147696e-01,4.357852041721343994e-01,0.000000000000000000e+00
4.027000000000000000e+04,5.633757710456848145e-01,7.777777777777777901e-01,4.539770185947418213e-01,0.000000000000000000e+00
4.028000000000000000e+04,5.942643880844116211e-01,7.777777777777777901e-01,4.726226925849914551e-01,0.000000000000000000e+00
4.029000000000000000e+04,5.665096044540405273e-01,7.962962962962962798e-01,4.480156004428863525e-01,0.000000000000000000e+00
4.030000000000000000e+04,5.678330659866333008e-01,8.333333333333333703e-01,4.313726425170898438e-01,0.000000000000000000e+00
4.031000000000000000e+04,5.756632685661315918e-01,7.777777777777777901e-01,4.569804370403289795e-01,0.000000000000000000e+00
4.032000000000000000e+04,5.696327686309814453e-01,7.962962962962962798e-01,4.542629122734069824e-01,0.000000000000000000e+00
4.033000000000000000e+04,5.705903172492980957e-01,7.962962962962962798e-01,4.443700611591339111e-01,0.000000000000000000e+00
4.034000000000000000e+04,5.817996859550476074e-01,7.962962962962962798e-01,4.675220251083374023e-01,0.000000000000000000e+00
4.035000000000000000e+04,5.733314752578735352e-01,7.962962962962962798e-01,4.522047042846679688e-01,0.000000000000000000e+00
4.036000000000000000e+04,5.649365782737731934e-01,8.148148148148147696e-01,4.421332478523254395e-01,0.000000000000000000e+00
4.037000000000000000e+04,5.908804535865783691e-01,7.777777777777777901e-01,4.687876105308532715e-01,0.000000000000000000e+00
4.038000000000000000e+04,5.835070013999938965e-01,7.777777777777777901e-01,4.462334811687469482e-01,0.000000000000000000e+00
4.039000000000000000e+04,5.729967355728149414e-01,7.777777777777777901e-01,4.448330998420715332e-01,0.000000000000000000e+00
4.040000000000000000e+04,5.732184052467346191e-01,8.333333333333333703e-01,4.563385546207427979e-01,0.000000000000000000e+00
4.041000000000000000e+04,5.712345838546752930e-01,8.518518518518518601e-01,4.375259578227996826e-01,0.000000000000000000e+00
4.042000000000000000e+04,5.761393904685974121e-01,8.333333333333333703e-01,4.462556838989257812e-01,0.000000000000000000e+00
4.043000000000000000e+04,5.717156529426574707e-01,8.148148148148147696e-01,4.462441802024841309e-01,0.000000000000000000e+00
4.044000000000000000e+04,5.802122950553894043e-01,8.148148148148147696e-01,4.547110199928283691e-01,0.000000000000000000e+00
4.045000000000000000e+04,5.743024945259094238e-01,7.592592592592593004e-01,4.466283619403839111e-01,0.000000000000000000e+00
4.046000000000000000e+04,5.856780409812927246e-01,7.592592592592593004e-01,4.328106939792633057e-01,0.000000000000000000e+00
4.047000000000000000e+04,5.837193727493286133e-01,7.962962962962962798e-01,4.471402764320373535e-01,0.000000000000000000e+00
4.048000000000000000e+04,5.745795369148254395e-01,7.592592592592593004e-01,4.294348955154418945e-01,0.000000000000000000e+00
4.049000000000000000e+04,5.719830393791198730e-01,8.148148148148147696e-01,4.307775199413299561e-01,0.000000000000000000e+00
4.050000000000000000e+04,5.645253062248229980e-01,7.962962962962962798e-01,4.137424230575561523e-01,0.000000000000000000e+00
4.051000000000000000e+04,5.844818353652954102e-01,7.407407407407406996e-01,4.572673141956329346e-01,0.000000000000000000e+00
4.052000000000000000e+04,5.792224407196044922e-01,7.962962962962962798e-01,4.579065144062042236e-01,0.000000000000000000e+00
4.053000000000000000e+04,5.768450498580932617e-01,7.592592592592593004e-01,4.345415532588958740e-01,0.000000000000000000e+00
4.054000000000000000e+04,5.634135603904724121e-01,7.962962962962962798e-01,4.112207591533660889e-01,0.000000000000000000e+00
4.055000000000000000e+04,5.603661537170410156e-01,7.592592592592593004e-01,3.940231502056121826e-01,0.000000000000000000e+00
4.056000000000000000e+04,5.674114823341369629e-01,8.148148148148147696e-01,4.160981476306915283e-01,0.000000000000000000e+00
4.057000000000000000e+04,5.685589909553527832e-01,7.777777777777777901e-01,4.355357289314270020e-01,0.000000000000000000e+00
4.058000000000000000e+04,5.710258483886718750e-01,8.148148148148147696e-01,4.457807838916778564e-01,0.000000000000000000e+00
4.059000000000000000e+04,5.609846115112304688e-01,8.333333333333333703e-01,4.383782744407653809e-01,0.000000000000000000e+00
4.060000000000000000e+04,5.712005496025085449e-01,7.777777777777777901e-01,4.288333058357238770e-01,0.000000000000000000e+00
4.061000000000000000e+04,5.498043298721313477e-01,7.777777777777777901e-01,4.012331068515777588e-01,0.000000000000000000e+00
4.062000000000000000e+04,5.613233447074890137e-01,7.407407407407406996e-01,4.038589894771575928e-01,0.000000000000000000e+00
4.063000000000000000e+04,5.739772319793701172e-01,7.592592592592593004e-01,4.049251079559326172e-01,0.000000000000000000e+00
4.064000000000000000e+04,5.692490339279174805e-01,7.777777777777777901e-01,3.890528380870819092e-01,0.000000000000000000e+00
4.065000000000000000e+04,5.555273890495300293e-01,7.777777777777777901e-01,3.827456831932067871e-01,0.000000000000000000e+00
4.066000000000000000e+04,5.652075409889221191e-01,7.592592592592593004e-01,3.697360157966613770e-01,0.000000000000000000e+00
4.067000000000000000e+04,5.652440190315246582e-01,7.592592592592593004e-01,3.715744614601135254e-01,0.000000000000000000e+00
4.068000000000000000e+04,5.748180150985717773e-01,7.962962962962962798e-01,3.955368995666503906e-01,0.000000000000000000e+00
4.069000000000000000e+04,5.781980752944946289e-01,7.777777777777777901e-01,3.997335731983184814e-01,0.000000000000000000e+00
4.070000000000000000e+04,5.658820271492004395e-01,7.777777777777777901e-01,3.602353632450103760e-01,0.000000000000000000e+00
4.071000000000000000e+04,5.835515260696411133e-01,7.777777777777777901e-01,3.878149688243865967e-01,0.000000000000000000e+00
4.072000000000000000e+04,5.871462225914001465e-01,7.592592592592593004e-01,3.833962976932525635e-01,0.000000000000000000e+00
4.073000000000000000e+04,5.847677588462829590e-01,7.407407407407406996e-01,3.653380572795867920e-01,0.000000000000000000e+00
4.074000000000000000e+04,5.730848908424377441e-01,7.222222222222222099e-01,3.846260607242584229e-01,0.000000000000000000e+00
4.075000000000000000e+04,5.762054324150085449e-01,7.777777777777777901e-01,3.913472890853881836e-01,0.000000000000000000e+00
4.076000000000000000e+04,5.841968655586242676e-01,7.592592592592593004e-01,3.920790851116180420e-01,0.000000000000000000e+00
4.077000000000000000e+04,5.809667110443115234e-01,7.962962962962962798e-01,3.996854424476623535e-01,0.000000000000000000e+00
4.078000000000000000e+04,5.840214490890502930e-01,7.962962962962962798e-01,3.824255764484405518e-01,0.000000000000000000e+00
4.079000000000000000e+04,5.781469345092773438e-01,7.777777777777777901e-01,4.105584919452667236e-01,0.000000000000000000e+00
4.080000000000000000e+04,5.857188105583190918e-01,7.777777777777777901e-01,3.846067190170288086e-01,0.000000000000000000e+00
4.081000000000000000e+04,5.743958950042724609e-01,7.777777777777777901e-01,3.938056826591491699e-01,0.000000000000000000e+00
4.082000000000000000e+04,5.839396119117736816e-01,7.962962962962962798e-01,3.948319554328918457e-01,0.000000000000000000e+00
4.083000000000000000e+04,5.707349777221679688e-01,7.962962962962962798e-01,4.074053764343261719e-01,0.000000000000000000e+00
4.084000000000000000e+04,5.714649558067321777e-01,7.592592592592593004e-01,3.927232325077056885e-01,0.000000000000000000e+00
4.085000000000000000e+04,5.695072412490844727e-01,7.592592592592593004e-01,3.944673836231231689e-01,0.000000000000000000e+00
4.086000000000000000e+04,5.770139098167419434e-01,7.777777777777777901e-01,4.239805936813354492e-01,0.000000000000000000e+00
4.087000000000000000e+04,5.764541029930114746e-01,7.962962962962962798e-01,4.303701817989349365e-01,0.000000000000000000e+00
4.088000000000000000e+04,5.788522958755493164e-01,7.777777777777777901e-01,4.266915619373321533e-01,0.000000000000000000e+00
4.089000000000000000e+04,5.746594071388244629e-01,7.777777777777777901e-01,4.265746772289276123e-01,0.000000000000000000e+00
4.090000000000000000e+04,5.516440272331237793e-01,7.592592592592593004e-01,3.883638978004455566e-01,0.000000000000000000e+00
4.091000000000000000e+04,5.436388254165649414e-01,7.962962962962962798e-01,3.522378802299499512e-01,0.000000000000000000e+00
4.092000000000000000e+04,5.546182394027709961e-01,7.592592592592593004e-01,3.759456574916839600e-01,0.000000000000000000e+00
4.093000000000000000e+04,5.819562673568725586e-01,7.777777777777777901e-01,3.975171446800231934e-01,0.000000000000000000e+00
4.094000000000000000e+04,5.696789622306823730e-01,7.777777777777777901e-01,3.766669034957885742e-01,0.000000000000000000e+00
4.095000000000000000e+04,5.750805139541625977e-01,7.407407407407406996e-01,3.689958453178405762e-01,0.000000000000000000e+00
4.096000000000000000e+04,5.826961398124694824e-01,7.962962962962962798e-01,4.077963829040527344e-01,0.000000000000000000e+00
4.097000000000000000e+04,5.672100186347961426e-01,8.148148148148147696e-01,4.092973768711090088e-01,0.000000000000000000e+00
4.098000000000000000e+04,5.718108415603637695e-01,7.962962962962962798e-01,4.251900315284729004e-01,0.000000000000000000e+00
4.099000000000000000e+04,5.694070458412170410e-01,7.962962962962962798e-01,4.263854026794433594e-01,0.000000000000000000e+00
4.100000000000000000e+04,5.726464390754699707e-01,7.962962962962962798e-01,4.403341710567474365e-01,0.000000000000000000e+00
4.101000000000000000e+04,5.647345185279846191e-01,7.777777777777777901e-01,4.026629328727722168e-01,0.000000000000000000e+00
4.102000000000000000e+04,5.542715787887573242e-01,7.222222222222222099e-01,3.962392807006835938e-01,0.000000000000000000e+00
4.103000000000000000e+04,5.571886897087097168e-01,7.777777777777777901e-01,3.946810662746429443e-01,0.000000000000000000e+00
4.104000000000000000e+04,5.641972422599792480e-01,8.148148148148147696e-01,4.504359364509582520e-01,0.000000000000000000e+00
4.105000000000000000e+04,5.744332671165466309e-01,8.333333333333333703e-01,4.631804823875427246e-01,0.000000000000000000e+00
4.106000000000000000e+04,5.686020851135253906e-01,8.333333333333333703e-01,4.500703811645507812e-01,0.000000000000000000e+00
4.107000000000000000e+04,5.653385519981384277e-01,7.962962962962962798e-01,4.443311691284179688e-01,0.000000000000000000e+00
4.108000000000000000e+04,5.692394971847534180e-01,7.407407407407406996e-01,4.450310468673706055e-01,0.000000000000000000e+00
4.109000000000000000e+04,5.771118998527526855e-01,8.148148148148147696e-01,4.515978097915649414e-01,0.000000000000000000e+00
4.110000000000000000e+04,5.444737672805786133e-01,7.962962962962962798e-01,4.113168418407440186e-01,0.000000000000000000e+00
4.111000000000000000e+04,5.657366514205932617e-01,7.962962962962962798e-01,4.474222362041473389e-01,0.000000000000000000e+00
4.112000000000000000e+04,5.632085800170898438e-01,8.148148148148147696e-01,4.318652451038360596e-01,0.000000000000000000e+00
4.113000000000000000e+04,5.650933980941772461e-01,8.148148148148147696e-01,4.345196187496185303e-01,0.000000000000000000e+00
4.114000000000000000e+04,5.550795197486877441e-01,7.777777777777777901e-01,4.228260815143585205e-01,0.000000000000000000e+00
4.115000000000000000e+04,5.620919466018676758e-01,7.777777777777777901e-01,4.372696280479431152e-01,0.000000000000000000e+00
4.116000000000000000e+04,5.883973240852355957e-01,7.777777777777777901e-01,4.617523550987243652e-01,0.000000000000000000e+00
4.117000000000000000e+04,5.510811209678649902e-01,7.407407407407406996e-01,3.970365524291992188e-01,0.000000000000000000e+00
4.118000000000000000e+04,5.771493315696716309e-01,8.148148148148147696e-01,4.529639184474945068e-01,0.000000000000000000e+00
4.119000000000000000e+04,5.586736798286437988e-01,7.962962962962962798e-01,4.217959046363830566e-01,0.000000000000000000e+00
4.120000000000000000e+04,5.505402684211730957e-01,8.148148148148147696e-01,4.390273392200469971e-01,0.000000000000000000e+00
4.121000000000000000e+04,5.485955476760864258e-01,7.592592592592593004e-01,4.091259837150573730e-01,0.000000000000000000e+00
4.122000000000000000e+04,5.524887442588806152e-01,7.777777777777777901e-01,4.034530818462371826e-01,0.000000000000000000e+00
4.123000000000000000e+04,5.495585799217224121e-01,7.592592592592593004e-01,3.991311788558959961e-01,0.000000000000000000e+00
4.124000000000000000e+04,5.554515719413757324e-01,7.592592592592593004e-01,4.136396944522857666e-01,0.000000000000000000e+00
4.125000000000000000e+04,5.473486185073852539e-01,7.777777777777777901e-01,4.058395922183990479e-01,0.000000000000000000e+00
4.126000000000000000e+04,5.683580636978149414e-01,7.777777777777777901e-01,4.204015433788299561e-01,0.000000000000000000e+00
4.127000000000000000e+04,5.612547993659973145e-01,7.962962962962962798e-01,4.302697181701660156e-01,0.000000000000000000e+00
4.128000000000000000e+04,5.433139801025390625e-01,8.148148148148147696e-01,4.115816950798034668e-01,0.000000000000000000e+00
4.129000000000000000e+04,5.663439631462097168e-01,7.777777777777777901e-01,4.293771684169769287e-01,0.000000000000000000e+00
4.130000000000000000e+04,5.767927765846252441e-01,7.592592592592593004e-01,4.250413477420806885e-01,0.000000000000000000e+00
4.131000000000000000e+04,5.545920133590698242e-01,7.777777777777777901e-01,4.200035333633422852e-01,0.000000000000000000e+00
4.132000000000000000e+04,5.595785379409790039e-01,7.592592592592593004e-01,4.385361075401306152e-01,0.000000000000000000e+00
4.133000000000000000e+04,5.527855753898620605e-01,8.148148148148147696e-01,4.220032095909118652e-01,0.000000000000000000e+00
4.134000000000000000e+04,5.603031516075134277e-01,7.962962962962962798e-01,4.348832368850708008e-01,0.000000000000000000e+00
4.135000000000000000e+04,5.428324937820434570e-01,7.962962962962962798e-01,4.139230847358703613e-01,0.000000000000000000e+00
4.136000000000000000e+04,5.320983529090881348e-01,8.333333333333333703e-01,3.991798758506774902e-01,0.000000000000000000e+00
4.137000000000000000e+04,5.517333745956420898e-01,8.148148148148147696e-01,3.980362713336944580e-01,0.000000000000000000e+00
4.138000000000000000e+04,5.508069396018981934e-01,8.148148148148147696e-01,4.249197840690612793e-01,0.000000000000000000e+00
4.139000000000000000e+04,5.416252613067626953e-01,7.037037037037037202e-01,4.119549989700317383e-01,0.000000000000000000e+00
4.140000000000000000e+04,5.446213483810424805e-01,8.148148148148147696e-01,4.252479970455169678e-01,0.000000000000000000e+00
4.141000000000000000e+04,5.197915434837341309e-01,7.592592592592593004e-01,3.810392022132873535e-01,0.000000000000000000e+00
4.142000000000000000e+04,5.384831428527832031e-01,7.407407407407406996e-01,3.865691423416137695e-01,0.000000000000000000e+00
4.143000000000000000e+04,5.318037867546081543e-01,7.592592592592593004e-01,4.024291932582855225e-01,0.000000000000000000e+00
4.144000000000000000e+04,5.287518501281738281e-01,7.592592592592593004e-01,3.830404281616210938e-01,0.000000000000000000e+00
4.145000000000000000e+04,5.226479172706604004e-01,7.962962962962962798e-01,3.721958100795745850e-01,0.000000000000000000e+00
4.146000000000000000e+04,5.467174649238586426e-01,7.777777777777777901e-01,4.006349444389343262e-01,0.000000000000000000e+00
4.147000000000000000e+04,5.433127284049987793e-01,7.777777777777777901e-01,4.129983186721801758e-01,0.000000000000000000e+00
4.148000000000000000e+04,5.461582541465759277e-01,8.148148148148147696e-01,4.128547608852386475e-01,0.000000000000000000e+00
4.149000000000000000e+04,5.599450469017028809e-01,7.777777777777777901e-01,4.113342165946960449e-01,0.000000000000000000e+00
4.150000000000000000e+04,5.537162423133850098e-01,7.592592592592593004e-01,4.386208951473236084e-01,0.000000000000000000e+00
4.151000000000000000e+04,5.673104524612426758e-01,8.333333333333333703e-01,4.336535036563873291e-01,0.000000000000000000e+00
4.152000000000000000e+04,5.559593439102172852e-01,8.148148148148147696e-01,4.160333573818206787e-01,0.000000000000000000e+00
4.153000000000000000e+04,5.588011145591735840e-01,8.333333333333333703e-01,4.459222555160522461e-01,0.000000000000000000e+00
4.154000000000000000e+04,5.477695465087890625e-01,7.777777777777777901e-01,4.197011590003967285e-01,0.000000000000000000e+00
4.155000000000000000e+04,5.325192809104919434e-01,7.777777777777777901e-01,3.820731639862060547e-01,0.000000000000000000e+00
4.156000000000000000e+04,5.797623395919799805e-01,7.962962962962962798e-01,4.282511770725250244e-01,0.000000000000000000e+00
4.157000000000000000e+04,5.824707746505737305e-01,8.333333333333333703e-01,4.428589046001434326e-01,0.000000000000000000e+00
4.158000000000000000e+04,5.527929067611694336e-01,8.333333333333333703e-01,4.182150959968566895e-01,0.000000000000000000e+00
4.159000000000000000e+04,5.637873411178588867e-01,8.148148148148147696e-01,4.248216450214385986e-01,0.000000000000000000e+00
4.160000000000000000e+04,5.633662939071655273e-01,8.333333333333333703e-01,4.355315566062927246e-01,0.000000000000000000e+00
4.161000000000000000e+04,5.468788146972656250e-01,8.148148148148147696e-01,4.130677878856658936e-01,0.000000000000000000e+00
4.162000000000000000e+04,5.722959041595458984e-01,8.148148148148147696e-01,4.431654214859008789e-01,0.000000000000000000e+00
4.163000000000000000e+04,5.743110775947570801e-01,7.962962962962962798e-01,4.487206041812896729e-01,0.000000000000000000e+00
4.164000000000000000e+04,5.385367274284362793e-01,8.333333333333333703e-01,4.145045578479766846e-01,0.000000000000000000e+00
4.165000000000000000e+04,5.443142652511596680e-01,8.148148148148147696e-01,4.128858447074890137e-01,0.000000000000000000e+00
4.166000000000000000e+04,5.492683649063110352e-01,8.148148148148147696e-01,4.160391986370086670e-01,0.000000000000000000e+00
4.167000000000000000e+04,5.586016774177551270e-01,7.962962962962962798e-01,4.131171703338623047e-01,0.000000000000000000e+00
4.168000000000000000e+04,5.660993456840515137e-01,8.148148148148147696e-01,4.293461441993713379e-01,0.000000000000000000e+00
4.169000000000000000e+04,5.561524033546447754e-01,7.777777777777777901e-01,4.216054379940032959e-01,0.000000000000000000e+00
4.170000000000000000e+04,5.727137327194213867e-01,7.962962962962962798e-01,4.631660580635070801e-01,0.000000000000000000e+00
4.171000000000000000e+04,5.436380505561828613e-01,7.592592592592593004e-01,4.047147631645202637e-01,0.000000000000000000e+00
4.172000000000000000e+04,5.722793340682983398e-01,8.148148148148147696e-01,4.546599388122558594e-01,0.000000000000000000e+00
4.173000000000000000e+04,5.470446348190307617e-01,8.333333333333333703e-01,4.468596577644348145e-01,0.000000000000000000e+00
4.174000000000000000e+04,5.592600703239440918e-01,8.148148148148147696e-01,4.247188866138458252e-01,0.000000000000000000e+00
4.175000000000000000e+04,5.349850654602050781e-01,8.148148148148147696e-01,4.075261056423187256e-01,0.000000000000000000e+00
4.176000000000000000e+04,5.370095372200012207e-01,7.962962962962962798e-01,4.034875929355621338e-01,0.000000000000000000e+00
4.177000000000000000e+04,5.496613383293151855e-01,8.148148148148147696e-01,4.179654717445373535e-01,0.000000000000000000e+00
4.178000000000000000e+04,5.432515144348144531e-01,8.333333333333333703e-01,4.136799275875091553e-01,0.000000000000000000e+00
4.179000000000000000e+04,5.587583184242248535e-01,8.148148148148147696e-01,4.420449733734130859e-01,0.000000000000000000e+00
4.180000000000000000e+04,5.534965395927429199e-01,7.962962962962962798e-01,4.084354341030120850e-01,0.000000000000000000e+00
4.181000000000000000e+04,5.578379631042480469e-01,7.962962962962962798e-01,4.270865321159362793e-01,0.000000000000000000e+00
4.182000000000000000e+04,5.659220814704895020e-01,7.777777777777777901e-01,4.315259754657745361e-01,0.000000000000000000e+00
4.183000000000000000e+04,5.801972746849060059e-01,7.962962962962962798e-01,4.648042023181915283e-01,0.000000000000000000e+00
4.184000000000000000e+04,5.930499434471130371e-01,7.777777777777777901e-01,4.705875217914581299e-01,0.000000000000000000e+00
4.185000000000000000e+04,5.807152986526489258e-01,8.148148148148147696e-01,4.402216076850891113e-01,0.000000000000000000e+00
4.186000000000000000e+04,5.811974406242370605e-01,7.777777777777777901e-01,4.464402496814727783e-01,0.000000000000000000e+00
4.187000000000000000e+04,5.829198956489562988e-01,8.148148148148147696e-01,4.818687140941619873e-01,0.000000000000000000e+00
4.188000000000000000e+04,5.949974656105041504e-01,7.777777777777777901e-01,4.745516777038574219e-01,0.000000000000000000e+00
4.189000000000000000e+04,5.562223792076110840e-01,7.962962962962962798e-01,4.139527678489685059e-01,0.000000000000000000e+00
4.190000000000000000e+04,5.720537900924682617e-01,7.777777777777777901e-01,4.441677927970886230e-01,0.000000000000000000e+00
4.191000000000000000e+04,5.907704234123229980e-01,7.962962962962962798e-01,4.715271890163421631e-01,0.000000000000000000e+00
4.192000000000000000e+04,5.915608406066894531e-01,7.962962962962962798e-01,4.674538671970367432e-01,0.000000000000000000e+00
4.193000000000000000e+04,6.017781496047973633e-01,7.962962962962962798e-01,4.746472239494323730e-01,0.000000000000000000e+00
4.194000000000000000e+04,5.957235097885131836e-01,8.333333333333333703e-01,4.815312027931213379e-01,0.000000000000000000e+00
4.195000000000000000e+04,5.902393460273742676e-01,7.962962962962962798e-01,4.565163850784301758e-01,0.000000000000000000e+00
4.196000000000000000e+04,6.050051450729370117e-01,8.148148148148147696e-01,4.890010654926300049e-01,0.000000000000000000e+00
4.197000000000000000e+04,5.970863699913024902e-01,8.148148148148147696e-01,4.662408530712127686e-01,0.000000000000000000e+00
4.198000000000000000e+04,6.118521094322204590e-01,7.962962962962962798e-01,4.818276464939117432e-01,0.000000000000000000e+00
4.199000000000000000e+04,5.908495187759399414e-01,8.148148148148147696e-01,4.520090222358703613e-01,0.000000000000000000e+00
4.200000000000000000e+04,5.992808938026428223e-01,8.333333333333333703e-01,4.591602087020874023e-01,0.000000000000000000e+00
4.201000000000000000e+04,5.657292604446411133e-01,7.777777777777777901e-01,4.238740801811218262e-01,0.000000000000000000e+00
4.202000000000000000e+04,5.841175317764282227e-01,7.777777777777777901e-01,4.543698430061340332e-01,0.000000000000000000e+00
4.203000000000000000e+04,5.722193717956542969e-01,7.777777777777777901e-01,4.382452368736267090e-01,0.000000000000000000e+00
4.204000000000000000e+04,5.881154537200927734e-01,8.333333333333333703e-01,4.538038671016693115e-01,0.000000000000000000e+00
4.205000000000000000e+04,5.802709460258483887e-01,8.148148148148147696e-01,4.414096474647521973e-01,0.000000000000000000e+00
4.206000000000000000e+04,5.960537791252136230e-01,7.777777777777777901e-01,4.545501172542572021e-01,0.000000000000000000e+00
4.207000000000000000e+04,5.899136662483215332e-01,7.962962962962962798e-01,4.505829215049743652e-01,0.000000000000000000e+00
4.208000000000000000e+04,5.843912363052368164e-01,7.962962962962962798e-01,4.524906873703002930e-01,0.000000000000000000e+00
4.209000000000000000e+04,5.898071527481079102e-01,7.962962962962962798e-01,4.592393040657043457e-01,0.000000000000000000e+00
4.210000000000000000e+04,5.861968398094177246e-01,8.148148148148147696e-01,4.487710297107696533e-01,0.000000000000000000e+00
4.211000000000000000e+04,5.902234911918640137e-01,7.962962962962962798e-01,4.539226591587066650e-01,0.000000000000000000e+00
4.212000000000000000e+04,6.070967316627502441e-01,7.962962962962962798e-01,4.659644663333892822e-01,0.000000000000000000e+00
4.213000000000000000e+04,5.946100950241088867e-01,7.592592592592593004e-01,4.517143964767456055e-01,0.000000000000000000e+00
4.214000000000000000e+04,5.949626564979553223e-01,7.592592592592593004e-01,4.595542550086975098e-01,0.000000000000000000e+00
4.215000000000000000e+04,6.328034400939941406e-01,7.592592592592593004e-01,4.809113740921020508e-01,0.000000000000000000e+00
4.216000000000000000e+04,6.121017932891845703e-01,7.777777777777777901e-01,4.954781532287597656e-01,0.000000000000000000e+00
4.217000000000000000e+04,6.118597388267517090e-01,8.148148148148147696e-01,4.973134398460388184e-01,0.000000000000000000e+00
4.218000000000000000e+04,6.215147376060485840e-01,7.777777777777777901e-01,4.937394559383392334e-01,0.000000000000000000e+00
4.219000000000000000e+04,6.249254345893859863e-01,8.148148148148147696e-01,5.102134346961975098e-01,0.000000000000000000e+00
4.220000000000000000e+04,5.938852429389953613e-01,8.148148148148147696e-01,4.765457212924957275e-01,0.000000000000000000e+00
4.221000000000000000e+04,6.163431406021118164e-01,7.962962962962962798e-01,4.823897778987884521e-01,0.000000000000000000e+00
4.222000000000000000e+04,6.013192534446716309e-01,7.962962962962962798e-01,4.603950381278991699e-01,0.000000000000000000e+00
4.223000000000000000e+04,5.942225456237792969e-01,8.518518518518518601e-01,4.488697946071624756e-01,0.000000000000000000e+00
4.224000000000000000e+04,6.065245270729064941e-01,7.592592592592593004e-01,4.742525219917297363e-01,0.000000000000000000e+00
4.225000000000000000e+04,6.030830144882202148e-01,8.333333333333333703e-01,4.839396178722381592e-01,0.000000000000000000e+00
4.226000000000000000e+04,5.917062163352966309e-01,8.333333333333333703e-01,4.535047411918640137e-01,0.000000000000000000e+00
4.227000000000000000e+04,6.017004251480102539e-01,7.962962962962962798e-01,4.753160476684570312e-01,0.000000000000000000e+00
4.228000000000000000e+04,5.874408483505249023e-01,8.148148148148147696e-01,4.490756988525390625e-01,0.000000000000000000e+00
4.229000000000000000e+04,6.058781147003173828e-01,7.592592592592593004e-01,4.622938632965087891e-01,0.000000000000000000e+00
4.230000000000000000e+04,5.846146941184997559e-01,7.777777777777777901e-01,4.429668784141540527e-01,0.000000000000000000e+00
4.231000000000000000e+04,5.819640755653381348e-01,7.777777777777777901e-01,4.588547945022583008e-01,0.000000000000000000e+00
4.232000000000000000e+04,5.986757278442382812e-01,7.962962962962962798e-01,4.501702189445495605e-01,0.000000000000000000e+00
4.233000000000000000e+04,5.883541107177734375e-01,8.148148148148147696e-01,4.459092319011688232e-01,0.000000000000000000e+00
4.234000000000000000e+04,6.022078394889831543e-01,8.148148148148147696e-01,4.707707464694976807e-01,0.000000000000000000e+00
4.235000000000000000e+04,5.938643813133239746e-01,7.592592592592593004e-01,4.568277001380920410e-01,0.000000000000000000e+00
4.236000000000000000e+04,5.923536419868469238e-01,7.777777777777777901e-01,4.355765581130981445e-01,0.000000000000000000e+00
4.237000000000000000e+04,5.925974249839782715e-01,7.777777777777777901e-01,4.589490592479705811e-01,0.000000000000000000e+00
4.238000000000000000e+04,6.047738194465637207e-01,7.777777777777777901e-01,4.688102304935455322e-01,0.000000000000000000e+00
4.239000000000000000e+04,6.218661069869995117e-01,7.777777777777777901e-01,4.863626956939697266e-01,0.000000000000000000e+00
4.240000000000000000e+04,6.105190515518188477e-01,8.333333333333333703e-01,4.771682024002075195e-01,0.000000000000000000e+00
4.241000000000000000e+04,6.168816089630126953e-01,8.518518518518518601e-01,4.915927648544311523e-01,0.000000000000000000e+00
4.242000000000000000e+04,6.201224327087402344e-01,7.962962962962962798e-01,5.042270421981811523e-01,0.000000000000000000e+00
4.243000000000000000e+04,6.146315932273864746e-01,7.592592592592593004e-01,4.789061248302459717e-01,0.000000000000000000e+00
4.244000000000000000e+04,6.007990241050720215e-01,7.777777777777777901e-01,4.626693129539489746e-01,0.000000000000000000e+00
4.245000000000000000e+04,6.057850718498229980e-01,7.962962962962962798e-01,4.817100763320922852e-01,0.000000000000000000e+00
4.246000000000000000e+04,5.883958935737609863e-01,8.148148148148147696e-01,4.612689316272735596e-01,0.000000000000000000e+00
4.247000000000000000e+04,5.851482152938842773e-01,7.592592592592593004e-01,4.356619715690612793e-01,0.000000000000000000e+00
4.248000000000000000e+04,6.021819710731506348e-01,7.777777777777777901e-01,4.604006409645080566e-01,0.000000000000000000e+00
4.249000000000000000e+04,6.227351427078247070e-01,7.777777777777777901e-01,4.774827957153320312e-01,0.000000000000000000e+00
4.250000000000000000e+04,6.058473587036132812e-01,8.333333333333333703e-01,4.746593832969665527e-01,0.000000000000000000e+00
4.251000000000000000e+04,6.259896159172058105e-01,7.777777777777777901e-01,4.904445409774780273e-01,0.000000000000000000e+00
4.252000000000000000e+04,6.234811544418334961e-01,7.962962962962962798e-01,4.918038547039031982e-01,0.000000000000000000e+00
4.253000000000000000e+04,6.199126839637756348e-01,8.148148148148147696e-01,4.867433905601501465e-01,0.000000000000000000e+00
4.254000000000000000e+04,6.211401224136352539e-01,8.333333333333333703e-01,4.997852444648742676e-01,0.000000000000000000e+00
4.255000000000000000e+04,6.041094660758972168e-01,7.962962962962962798e-01,4.579342901706695557e-01,0.000000000000000000e+00
4.256000000000000000e+04,6.122697591781616211e-01,8.333333333333333703e-01,4.760775268077850342e-01,0.000000000000000000e+00
4.257000000000000000e+04,6.072925925254821777e-01,8.333333333333333703e-01,4.787497818470001221e-01,0.000000000000000000e+00
4.258000000000000000e+04,6.070353984832763672e-01,7.777777777777777901e-01,4.763232171535491943e-01,0.000000000000000000e+00
4.259000000000000000e+04,6.151931285858154297e-01,8.333333333333333703e-01,4.922362267971038818e-01,0.000000000000000000e+00
4.260000000000000000e+04,6.021582484245300293e-01,7.962962962962962798e-01,4.759641289710998535e-01,0.000000000000000000e+00
4.261000000000000000e+04,5.959637165069580078e-01,7.777777777777777901e-01,4.501355290412902832e-01,0.000000000000000000e+00
4.262000000000000000e+04,6.005210280418395996e-01,7.777777777777777901e-01,4.682015776634216309e-01,0.000000000000000000e+00
4.263000000000000000e+04,6.091121435165405273e-01,8.333333333333333703e-01,4.909281432628631592e-01,0.000000000000000000e+00
4.264000000000000000e+04,6.065780520439147949e-01,8.148148148148147696e-01,4.728922247886657715e-01,0.000000000000000000e+00
4.265000000000000000e+04,5.968381762504577637e-01,7.777777777777777901e-01,4.576210677623748779e-01,0.000000000000000000e+00
4.266000000000000000e+04,6.111740469932556152e-01,8.148148148148147696e-01,4.917054772377014160e-01,0.000000000000000000e+00
4.267000000000000000e+04,6.279771327972412109e-01,8.333333333333333703e-01,5.019190311431884766e-01,0.000000000000000000e+00
4.268000000000000000e+04,6.208108663558959961e-01,8.148148148148147696e-01,4.992252588272094727e-01,0.000000000000000000e+00
4.269000000000000000e+04,6.273494362831115723e-01,7.777777777777777901e-01,4.858385622501373291e-01,0.000000000000000000e+00
4.270000000000000000e+04,6.011925339698791504e-01,8.148148148148147696e-01,4.510788619518280029e-01,0.000000000000000000e+00
4.271000000000000000e+04,5.897204279899597168e-01,7.777777777777777901e-01,4.559643566608428955e-01,0.000000000000000000e+00
4.272000000000000000e+04,5.993698835372924805e-01,7.777777777777777901e-01,4.542921483516693115e-01,0.000000000000000000e+00
4.273000000000000000e+04,6.084893941879272461e-01,7.962962962962962798e-01,4.699696302413940430e-01,0.000000000000000000e+00
4.274000000000000000e+04,6.213167905807495117e-01,7.777777777777777901e-01,4.706904292106628418e-01,0.000000000000000000e+00
4.275000000000000000e+04,6.189303398132324219e-01,7.777777777777777901e-01,4.676008820533752441e-01,0.000000000000000000e+00
4.276000000000000000e+04,6.298336982727050781e-01,8.333333333333333703e-01,4.886056482791900635e-01,0.000000000000000000e+00
4.277000000000000000e+04,6.208413243293762207e-01,7.592592592592593004e-01,4.823706150054931641e-01,0.000000000000000000e+00
4.278000000000000000e+04,6.074222326278686523e-01,7.777777777777777901e-01,4.781221747398376465e-01,0.000000000000000000e+00
4.279000000000000000e+04,5.935701131820678711e-01,7.777777777777777901e-01,4.536364674568176270e-01,0.000000000000000000e+00
4.280000000000000000e+04,6.102517247200012207e-01,7.407407407407406996e-01,4.615287184715270996e-01,0.000000000000000000e+00
4.281000000000000000e+04,6.080617904663085938e-01,7.777777777777777901e-01,4.690117239952087402e-01,0.000000000000000000e+00
4.282000000000000000e+04,6.137976646423339844e-01,7.592592592592593004e-01,4.607950150966644287e-01,0.000000000000000000e+00
4.283000000000000000e+04,6.150300502777099609e-01,7.407407407407406996e-01,4.708729088306427002e-01,0.000000000000000000e+00
4.284000000000000000e+04,6.087834835052490234e-01,7.592592592592593004e-01,4.727909564971923828e-01,0.000000000000000000e+00
4.285000000000000000e+04,5.997012853622436523e-01,7.962962962962962798e-01,4.641163051128387451e-01,0.000000000000000000e+00
4.286000000000000000e+04,6.117341518402099609e-01,8.333333333333333703e-01,4.799601435661315918e-01,0.000000000000000000e+00
4.287000000000000000e+04,6.122723221778869629e-01,7.777777777777777901e-01,4.573958814144134521e-01,0.000000000000000000e+00
4.288000000000000000e+04,6.049619317054748535e-01,7.777777777777777901e-01,4.627503156661987305e-01,0.000000000000000000e+00
4.289000000000000000e+04,6.142734885215759277e-01,7.592592592592593004e-01,4.639295935630798340e-01,0.000000000000000000e+00
4.290000000000000000e+04,6.010630130767822266e-01,7.222222222222222099e-01,4.431162178516387939e-01,0.000000000000000000e+00
4.291000000000000000e+04,6.079573035240173340e-01,7.407407407407406996e-01,4.503322243690490723e-01,0.000000000000000000e+00
4.292000000000000000e+04,6.025549173355102539e-01,7.777777777777777901e-01,4.428034722805023193e-01,0.000000000000000000e+00
4.293000000000000000e+04,6.138325333595275879e-01,7.592592592592593004e-01,4.602108299732208252e-01,0.000000000000000000e+00
4.294000000000000000e+04,6.021903157234191895e-01,7.962962962962962798e-01,4.583086967468261719e-01,0.000000000000000000e+00
4.295000000000000000e+04,6.109055876731872559e-01,7.407407407407406996e-01,4.565071463584899902e-01,0.000000000000000000e+00
4.296000000000000000e+04,5.828416347503662109e-01,7.962962962962962798e-01,4.453356862068176270e-01,0.000000000000000000e+00
4.297000000000000000e+04,6.167909502983093262e-01,7.777777777777777901e-01,4.614434242248535156e-01,0.000000000000000000e+00
4.298000000000000000e+04,6.115529537200927734e-01,7.777777777777777901e-01,4.674151837825775146e-01,0.000000000000000000e+00
4.299000000000000000e+04,5.935344696044921875e-01,7.962962962962962798e-01,4.240730106830596924e-01,0.000000000000000000e+00
4.300000000000000000e+04,6.160590052604675293e-01,8.148148148148147696e-01,4.875527322292327881e-01,0.000000000000000000e+00
4.301000000000000000e+04,6.208124756813049316e-01,7.407407407407406996e-01,4.797088205814361572e-01,0.000000000000000000e+00
4.302000000000000000e+04,6.052186489105224609e-01,7.777777777777777901e-01,4.542675316333770752e-01,0.000000000000000000e+00
4.303000000000000000e+04,5.971046090126037598e-01,8.148148148148147696e-01,4.553226530551910400e-01,0.000000000000000000e+00
4.304000000000000000e+04,5.829409360885620117e-01,7.777777777777777901e-01,4.364660382270812988e-01,0.000000000000000000e+00
4.305000000000000000e+04,5.866349935531616211e-01,7.777777777777777901e-01,4.468597471714019775e-01,0.000000000000000000e+00
4.306000000000000000e+04,6.044447422027587891e-01,7.962962962962962798e-01,4.450979232788085938e-01,0.000000000000000000e+00
4.307000000000000000e+04,6.141529679298400879e-01,7.592592592592593004e-01,4.479900598526000977e-01,0.000000000000000000e+00
4.308000000000000000e+04,6.133233904838562012e-01,7.037037037037037202e-01,4.460473060607910156e-01,0.000000000000000000e+00
4.309000000000000000e+04,6.132556796073913574e-01,7.777777777777777901e-01,4.505263268947601318e-01,0.000000000000000000e+00
4.310000000000000000e+04,6.024757623672485352e-01,7.777777777777777901e-01,4.734880626201629639e-01,0.000000000000000000e+00
4.311000000000000000e+04,6.037930250167846680e-01,8.148148148148147696e-01,4.660961329936981201e-01,0.000000000000000000e+00
4.312000000000000000e+04,5.910223722457885742e-01,8.148148148148147696e-01,4.664117991924285889e-01,0.000000000000000000e+00
4.313000000000000000e+04,6.022106409072875977e-01,8.333333333333333703e-01,4.598174691200256348e-01,0.000000000000000000e+00
4.314000000000000000e+04,5.996215939521789551e-01,7.407407407407406996e-01,4.359501302242279053e-01,0.000000000000000000e+00
4.315000000000000000e+04,6.005194187164306641e-01,7.962962962962962798e-01,4.746691286563873291e-01,0.000000000000000000e+00
4.316000000000000000e+04,6.185011863708496094e-01,8.148148148148147696e-01,4.827459454536437988e-01,0.000000000000000000e+00
4.317000000000000000e+04,6.197357177734375000e-01,7.777777777777777901e-01,4.802932739257812500e-01,0.000000000000000000e+00
4.318000000000000000e+04,6.172254085540771484e-01,7.592592592592593004e-01,4.885968863964080811e-01,0.000000000000000000e+00
4.319000000000000000e+04,5.977119207382202148e-01,7.592592592592593004e-01,4.580270051956176758e-01,0.000000000000000000e+00
4.320000000000000000e+04,6.370294094085693359e-01,7.777777777777777901e-01,4.810814857482910156e-01,0.000000000000000000e+00
4.321000000000000000e+04,6.017795205116271973e-01,7.777777777777777901e-01,4.364861547946929932e-01,0.000000000000000000e+00
4.322000000000000000e+04,5.976496934890747070e-01,7.777777777777777901e-01,4.604773819446563721e-01,0.000000000000000000e+00
4.323000000000000000e+04,5.945336222648620605e-01,7.962962962962962798e-01,4.613929986953735352e-01,0.000000000000000000e+00
4.324000000000000000e+04,5.984818339347839355e-01,7.777777777777777901e-01,4.634859263896942139e-01,0.000000000000000000e+00
4.325000000000000000e+04,6.036936640739440918e-01,7.592592592592593004e-01,4.770132899284362793e-01,0.000000000000000000e+00
4.326000000000000000e+04,5.974727272987365723e-01,7.592592592592593004e-01,4.558604061603546143e-01,0.000000000000000000e+00
4.327000000000000000e+04,5.909290909767150879e-01,7.962962962962962798e-01,4.479805529117584229e-01,0.000000000000000000e+00
4.328000000000000000e+04,5.816588997840881348e-01,7.592592592592593004e-01,4.321177899837493896e-01,0.000000000000000000e+00
4.329000000000000000e+04,5.873891115188598633e-01,7.962962962962962798e-01,4.544220864772796631e-01,0.000000000000000000e+00
4.330000000000000000e+04,5.998887419700622559e-01,7.777777777777777901e-01,4.664071798324584961e-01,0.000000000000000000e+00
4.331000000000000000e+04,5.779966115951538086e-01,7.407407407407406996e-01,4.445103108882904053e-01,0.000000000000000000e+00
4.332000000000000000e+04,5.907837152481079102e-01,7.962962962962962798e-01,4.615002572536468506e-01,0.000000000000000000e+00
4.333000000000000000e+04,5.945142507553100586e-01,7.962962962962962798e-01,4.640719592571258545e-01,0.000000000000000000e+00
4.334000000000000000e+04,6.034389138221740723e-01,7.407407407407406996e-01,4.818960726261138916e-01,0.000000000000000000e+00
4.335000000000000000e+04,6.135287880897521973e-01,7.037037037037037202e-01,4.878555536270141602e-01,0.000000000000000000e+00
4.336000000000000000e+04,6.213022470474243164e-01,7.407407407407406996e-01,5.054460763931274414e-01,0.000000000000000000e+00
4.337000000000000000e+04,6.167973875999450684e-01,7.592592592592593004e-01,4.765701591968536377e-01,0.000000000000000000e+00
4.338000000000000000e+04,6.145303845405578613e-01,7.222222222222222099e-01,4.743852019309997559e-01,0.000000000000000000e+00
4.339000000000000000e+04,6.021757125854492188e-01,7.592592592592593004e-01,4.830219447612762451e-01,0.000000000000000000e+00
4.340000000000000000e+04,6.109608411788940430e-01,8.148148148148147696e-01,4.871003925800323486e-01,0.000000000000000000e+00
4.341000000000000000e+04,6.128277182579040527e-01,7.962962962962962798e-01,4.892795085906982422e-01,0.000000000000000000e+00
4.342000000000000000e+04,6.057805418968200684e-01,7.777777777777777901e-01,4.784837961196899414e-01,0.000000000000000000e+00
4.343000000000000000e+04,6.175649166107177734e-01,7.777777777777777901e-01,4.968957304954528809e-01,0.000000000000000000e+00
4.344000000000000000e+04,5.810080170631408691e-01,7.962962962962962798e-01,4.431429505348205566e-01,0.000000000000000000e+00
4.345000000000000000e+04,5.961737632751464844e-01,7.592592592592593004e-01,4.652419388294219971e-01,0.000000000000000000e+00
4.346000000000000000e+04,6.068348288536071777e-01,7.962962962962962798e-01,4.850577414035797119e-01,0.000000000000000000e+00
4.347000000000000000e+04,6.032715439796447754e-01,7.962962962962962798e-01,4.697176218032836914e-01,0.000000000000000000e+00
4.348000000000000000e+04,6.163631081581115723e-01,7.962962962962962798e-01,4.910240769386291504e-01,0.000000000000000000e+00
4.349000000000000000e+04,6.111510992050170898e-01,7.222222222222222099e-01,4.873139560222625732e-01,0.000000000000000000e+00
4.350000000000000000e+04,6.036013960838317871e-01,7.592592592592593004e-01,4.742095470428466797e-01,0.000000000000000000e+00
4.351000000000000000e+04,6.079646944999694824e-01,7.407407407407406996e-01,4.720082879066467285e-01,0.000000000000000000e+00
4.352000000000000000e+04,6.166322827339172363e-01,7.962962962962962798e-01,4.710286557674407959e-01,0.000000000000000000e+00
4.353000000000000000e+04,6.061972975730895996e-01,7.592592592592593004e-01,4.782102108001708984e-01,0.000000000000000000e+00
4.354000000000000000e+04,5.887929797172546387e-01,7.777777777777777901e-01,4.397779703140258789e-01,0.000000000000000000e+00
4.355000000000000000e+04,5.729554891586303711e-01,7.592592592592593004e-01,4.423328340053558350e-01,0.000000000000000000e+00
4.356000000000000000e+04,5.972825884819030762e-01,7.962962962962962798e-01,4.691477417945861816e-01,0.000000000000000000e+00
4.357000000000000000e+04,5.917703509330749512e-01,8.148148148148147696e-01,4.586997032165527344e-01,0.000000000000000000e+00
4.358000000000000000e+04,5.930054783821105957e-01,8.148148148148147696e-01,4.467044770717620850e-01,0.000000000000000000e+00
4.359000000000000000e+04,5.957408547401428223e-01,7.592592592592593004e-01,4.561024606227874756e-01,0.000000000000000000e+00
4.360000000000000000e+04,5.967722535133361816e-01,7.407407407407406996e-01,4.617796242237091064e-01,0.000000000000000000e+00
4.361000000000000000e+04,5.887387990951538086e-01,8.148148148148147696e-01,4.554651677608489990e-01,0.000000000000000000e+00
4.362000000000000000e+04,6.114104390144348145e-01,7.777777777777777901e-01,4.690288901329040527e-01,0.000000000000000000e+00
4.363000000000000000e+04,5.980796813964843750e-01,7.592592592592593004e-01,4.712789058685302734e-01,0.000000000000000000e+00
4.364000000000000000e+04,6.010256409645080566e-01,7.962962962962962798e-01,4.687007069587707520e-01,0.000000000000000000e+00
4.365000000000000000e+04,5.795449018478393555e-01,7.777777777777777901e-01,4.428085088729858398e-01,0.000000000000000000e+00
4.366000000000000000e+04,5.929282903671264648e-01,7.962962962962962798e-01,4.676369428634643555e-01,0.000000000000000000e+00
4.367000000000000000e+04,5.906539559364318848e-01,7.407407407407406996e-01,4.679938852787017822e-01,0.000000000000000000e+00
4.368000000000000000e+04,5.925244688987731934e-01,7.592592592592593004e-01,4.624170958995819092e-01,0.000000000000000000e+00
4.369000000000000000e+04,5.822091102600097656e-01,7.592592592592593004e-01,4.371908605098724365e-01,0.000000000000000000e+00
4.370000000000000000e+04,6.153021454811096191e-01,8.148148148148147696e-01,5.019608139991760254e-01,0.000000000000000000e+00
4.371000000000000000e+04,6.082753539085388184e-01,7.592592592592593004e-01,4.608451426029205322e-01,0.000000000000000000e+00
4.372000000000000000e+04,6.024217009544372559e-01,7.777777777777777901e-01,4.722608625888824463e-01,0.000000000000000000e+00
4.373000000000000000e+04,5.895313620567321777e-01,7.777777777777777901e-01,4.453690052032470703e-01,0.000000000000000000e+00
4.374000000000000000e+04,6.223562955856323242e-01,7.962962962962962798e-01,5.019248723983764648e-01,0.000000000000000000e+00
4.375000000000000000e+04,5.851697325706481934e-01,7.777777777777777901e-01,4.541612565517425537e-01,0.000000000000000000e+00
4.376000000000000000e+04,5.855260491371154785e-01,8.148148148148147696e-01,4.415175020694732666e-01,0.000000000000000000e+00
4.377000000000000000e+04,5.969929695129394531e-01,7.592592592592593004e-01,4.593925774097442627e-01,0.000000000000000000e+00
4.378000000000000000e+04,5.954544544219970703e-01,7.592592592592593004e-01,4.606078863143920898e-01,0.000000000000000000e+00
4.379000000000000000e+04,6.158279776573181152e-01,8.148148148148147696e-01,4.647888839244842529e-01,0.000000000000000000e+00
4.380000000000000000e+04,5.920825004577636719e-01,7.592592592592593004e-01,4.634073078632354736e-01,0.000000000000000000e+00
4.381000000000000000e+04,5.903140902519226074e-01,7.592592592592593004e-01,4.599801003932952881e-01,0.000000000000000000e+00
4.382000000000000000e+04,5.929306149482727051e-01,7.777777777777777901e-01,4.528900086879730225e-01,0.000000000000000000e+00
4.383000000000000000e+04,5.905027389526367188e-01,7.962962962962962798e-01,4.703415334224700928e-01,0.000000000000000000e+00
4.384000000000000000e+04,5.902466773986816406e-01,7.592592592592593004e-01,4.544057548046112061e-01,0.000000000000000000e+00
4.385000000000000000e+04,5.915226936340332031e-01,7.777777777777777901e-01,4.605041444301605225e-01,0.000000000000000000e+00
4.386000000000000000e+04,5.830617547035217285e-01,7.592592592592593004e-01,4.561887681484222412e-01,0.000000000000000000e+00
4.387000000000000000e+04,5.776206254959106445e-01,7.777777777777777901e-01,4.513646960258483887e-01,0.000000000000000000e+00
4.388000000000000000e+04,5.858745574951171875e-01,8.148148148148147696e-01,4.581860601902008057e-01,0.000000000000000000e+00
4.389000000000000000e+04,5.754395127296447754e-01,8.148148148148147696e-01,4.479934275150299072e-01,0.000000000000000000e+00
4.390000000000000000e+04,5.927772521972656250e-01,7.962962962962962798e-01,4.442391097545623779e-01,0.000000000000000000e+00
4.391000000000000000e+04,5.927641391754150391e-01,7.592592592592593004e-01,4.596510231494903564e-01,0.000000000000000000e+00
4.392000000000000000e+04,5.791968107223510742e-01,7.777777777777777901e-01,4.456145763397216797e-01,0.000000000000000000e+00
4.393000000000000000e+04,5.894395709037780762e-01,7.962962962962962798e-01,4.698139727115631104e-01,0.000000000000000000e+00
4.394000000000000000e+04,5.974505543708801270e-01,7.962962962962962798e-01,4.757060706615447998e-01,0.000000000000000000e+00
4.395000000000000000e+04,5.984304547309875488e-01,7.962962962962962798e-01,4.808506071567535400e-01,0.000000000000000000e+00
4.396000000000000000e+04,5.800518989562988281e-01,7.962962962962962798e-01,4.418276548385620117e-01,0.000000000000000000e+00
4.397000000000000000e+04,5.709200501441955566e-01,7.962962962962962798e-01,4.508272409439086914e-01,0.000000000000000000e+00
4.398000000000000000e+04,5.738244652748107910e-01,7.962962962962962798e-01,4.549747705459594727e-01,0.000000000000000000e+00
4.399000000000000000e+04,5.919320583343505859e-01,7.592592592592593004e-01,4.721319079399108887e-01,0.000000000000000000e+00
4.400000000000000000e+04,5.986476540565490723e-01,7.407407407407406996e-01,4.699702858924865723e-01,0.000000000000000000e+00
4.401000000000000000e+04,6.005746722221374512e-01,8.148148148148147696e-01,4.692301750183105469e-01,0.000000000000000000e+00
4.402000000000000000e+04,5.935385227203369141e-01,7.962962962962962798e-01,4.763540327548980713e-01,0.000000000000000000e+00
4.403000000000000000e+04,5.734521746635437012e-01,7.777777777777777901e-01,4.464278221130371094e-01,0.000000000000000000e+00
4.404000000000000000e+04,5.892223119735717773e-01,8.148148148148147696e-01,4.759549498558044434e-01,0.000000000000000000e+00
4.405000000000000000e+04,5.977653861045837402e-01,7.962962962962962798e-01,4.728790819644927979e-01,0.000000000000000000e+00
4.406000000000000000e+04,5.910670161247253418e-01,7.222222222222222099e-01,4.647649228572845459e-01,0.000000000000000000e+00
4.407000000000000000e+04,5.970683097839355469e-01,7.407407407407406996e-01,4.612767398357391357e-01,0.000000000000000000e+00
4.408000000000000000e+04,5.962726473808288574e-01,7.962962962962962798e-01,4.805351197719573975e-01,0.000000000000000000e+00
4.409000000000000000e+04,5.827615261077880859e-01,7.592592592592593004e-01,4.700520038604736328e-01,0.000000000000000000e+00
4.410000000000000000e+04,5.882191061973571777e-01,7.962962962962962798e-01,4.696242809295654297e-01,0.000000000000000000e+00
4.411000000000000000e+04,5.816987156867980957e-01,7.962962962962962798e-01,4.587149322032928467e-01,0.000000000000000000e+00
4.412000000000000000e+04,5.942893624305725098e-01,7.777777777777777901e-01,4.713633656501770020e-01,0.000000000000000000e+00
4.413000000000000000e+04,5.990686416625976562e-01,7.962962962962962798e-01,4.644308984279632568e-01,0.000000000000000000e+00
4.414000000000000000e+04,6.120787858963012695e-01,7.407407407407406996e-01,4.544489383697509766e-01,0.000000000000000000e+00
4.415000000000000000e+04,5.865973234176635742e-01,7.962962962962962798e-01,4.424282610416412354e-01,0.000000000000000000e+00
4.416000000000000000e+04,6.165226101875305176e-01,7.777777777777777901e-01,4.805831611156463623e-01,0.000000000000000000e+00
4.417000000000000000e+04,6.100009679794311523e-01,7.592592592592593004e-01,4.781651794910430908e-01,0.000000000000000000e+00
4.418000000000000000e+04,5.957772731781005859e-01,7.962962962962962798e-01,4.711182713508605957e-01,0.000000000000000000e+00
4.419000000000000000e+04,6.137526631355285645e-01,7.407407407407406996e-01,4.612381160259246826e-01,0.000000000000000000e+00
4.420000000000000000e+04,5.912167429924011230e-01,7.592592592592593004e-01,4.598039388656616211e-01,0.000000000000000000e+00
4.421000000000000000e+04,5.970252752304077148e-01,7.962962962962962798e-01,4.755201935768127441e-01,0.000000000000000000e+00
4.422000000000000000e+04,5.952188372611999512e-01,7.592592592592593004e-01,4.628266990184783936e-01,0.000000000000000000e+00
4.423000000000000000e+04,5.934377908706665039e-01,7.962962962962962798e-01,4.628460705280303955e-01,0.000000000000000000e+00
4.424000000000000000e+04,6.135483980178833008e-01,7.962962962962962798e-01,4.828528761863708496e-01,0.000000000000000000e+00
4.425000000000000000e+04,6.010409593582153320e-01,7.777777777777777901e-01,4.669265747070312500e-01,0.000000000000000000e+00
4.426000000000000000e+04,6.113252043724060059e-01,7.962962962962962798e-01,4.839429259300231934e-01,0.000000000000000000e+00
4.427000000000000000e+04,6.227275729179382324e-01,8.148148148148147696e-01,5.124808549880981445e-01,0.000000000000000000e+00
4.428000000000000000e+04,6.348536610603332520e-01,7.777777777777777901e-01,5.257281661033630371e-01,0.000000000000000000e+00
4.429000000000000000e+04,5.995959043502807617e-01,8.333333333333333703e-01,4.738557636737823486e-01,0.000000000000000000e+00
4.430000000000000000e+04,6.062840819358825684e-01,8.148148148148147696e-01,4.941289424896240234e-01,0.000000000000000000e+00
4.431000000000000000e+04,5.754681825637817383e-01,7.962962962962962798e-01,4.432649016380310059e-01,0.000000000000000000e+00
4.432000000000000000e+04,6.129243373870849609e-01,7.222222222222222099e-01,4.808421134948730469e-01,0.000000000000000000e+00
4.433000000000000000e+04,5.878710746765136719e-01,7.777777777777777901e-01,4.478335082530975342e-01,0.000000000000000000e+00
4.434000000000000000e+04,5.915123820304870605e-01,7.592592592592593004e-01,4.530430734157562256e-01,0.000000000000000000e+00
4.435000000000000000e+04,6.031692624092102051e-01,8.148148148148147696e-01,4.636147022247314453e-01,0.000000000000000000e+00
4.436000000000000000e+04,5.857005715370178223e-01,7.592592592592593004e-01,4.686470627784729004e-01,0.000000000000000000e+00
4.437000000000000000e+04,5.931456685066223145e-01,7.777777777777777901e-01,4.517576992511749268e-01,0.000000000000000000e+00
4.438000000000000000e+04,6.010606884956359863e-01,7.592592592592593004e-01,4.464600682258605957e-01,0.000000000000000000e+00
4.439000000000000000e+04,5.857892036437988281e-01,7.777777777777777901e-01,4.373325109481811523e-01,0.000000000000000000e+00
4.440000000000000000e+04,5.879696011543273926e-01,7.407407407407406996e-01,4.353485405445098877e-01,0.000000000000000000e+00
4.441000000000000000e+04,5.895367860794067383e-01,7.222222222222222099e-01,4.436683952808380127e-01,0.000000000000000000e+00
4.442000000000000000e+04,5.584059953689575195e-01,7.777777777777777901e-01,4.171266257762908936e-01,0.000000000000000000e+00
4.443000000000000000e+04,5.715868473052978516e-01,7.592592592592593004e-01,4.100870490074157715e-01,0.000000000000000000e+00
4.444000000000000000e+04,5.788475871086120605e-01,7.407407407407406996e-01,4.282552599906921387e-01,0.000000000000000000e+00
4.445000000000000000e+04,5.773614048957824707e-01,7.777777777777777901e-01,4.156386852264404297e-01,0.000000000000000000e+00
4.446000000000000000e+04,5.780473947525024414e-01,7.777777777777777901e-01,4.400905966758728027e-01,0.000000000000000000e+00
4.447000000000000000e+04,5.814530253410339355e-01,7.592592592592593004e-01,4.225310087203979492e-01,0.000000000000000000e+00
4.448000000000000000e+04,5.585812926292419434e-01,7.222222222222222099e-01,4.097433686256408691e-01,0.000000000000000000e+00
4.449000000000000000e+04,5.805542469024658203e-01,7.407407407407406996e-01,4.282922744750976562e-01,0.000000000000000000e+00
4.450000000000000000e+04,5.678768157958984375e-01,7.592592592592593004e-01,4.399005472660064697e-01,0.000000000000000000e+00
4.451000000000000000e+04,5.627460479736328125e-01,7.592592592592593004e-01,4.279977977275848389e-01,0.000000000000000000e+00
4.452000000000000000e+04,5.789443850517272949e-01,7.037037037037037202e-01,4.518198370933532715e-01,0.000000000000000000e+00
4.453000000000000000e+04,5.634713172912597656e-01,7.407407407407406996e-01,4.245685935020446777e-01,0.000000000000000000e+00
4.454000000000000000e+04,5.646213293075561523e-01,7.407407407407406996e-01,4.350146949291229248e-01,0.000000000000000000e+00
4.455000000000000000e+04,5.701366066932678223e-01,7.592592592592593004e-01,4.501634836196899414e-01,0.000000000000000000e+00
4.456000000000000000e+04,5.656974315643310547e-01,7.407407407407406996e-01,4.430410861968994141e-01,0.000000000000000000e+00
4.457000000000000000e+04,5.749939084053039551e-01,7.962962962962962798e-01,4.568520188331604004e-01,0.000000000000000000e+00
4.458000000000000000e+04,5.810158848762512207e-01,7.592592592592593004e-01,4.318116009235382080e-01,0.000000000000000000e+00
4.459000000000000000e+04,5.597765445709228516e-01,8.148148148148147696e-01,4.207305908203125000e-01,0.000000000000000000e+00
4.460000000000000000e+04,5.697078108787536621e-01,7.407407407407406996e-01,4.210115969181060791e-01,0.000000000000000000e+00
4.461000000000000000e+04,5.840060114860534668e-01,7.592592592592593004e-01,4.328354001045227051e-01,0.000000000000000000e+00
4.462000000000000000e+04,5.861657261848449707e-01,7.777777777777777901e-01,4.367755353450775146e-01,0.000000000000000000e+00
4.463000000000000000e+04,5.864709615707397461e-01,7.592592592592593004e-01,4.500285685062408447e-01,0.000000000000000000e+00
4.464000000000000000e+04,5.927404761314392090e-01,7.222222222222222099e-01,4.486226439476013184e-01,0.000000000000000000e+00
4.465000000000000000e+04,5.770976543426513672e-01,7.592592592592593004e-01,4.229371249675750732e-01,0.000000000000000000e+00
4.466000000000000000e+04,5.990289449691772461e-01,7.407407407407406996e-01,4.608519077301025391e-01,0.000000000000000000e+00
4.467000000000000000e+04,5.792774558067321777e-01,6.851851851851852304e-01,4.213403463363647461e-01,0.000000000000000000e+00
4.468000000000000000e+04,5.710289478302001953e-01,7.777777777777777901e-01,4.209657013416290283e-01,0.000000000000000000e+00
4.469000000000000000e+04,5.695429444313049316e-01,7.407407407407406996e-01,4.235492646694183350e-01,0.000000000000000000e+00
4.470000000000000000e+04,5.842361450195312500e-01,7.407407407407406996e-01,4.324948191642761230e-01,0.000000000000000000e+00
4.471000000000000000e+04,5.962782502174377441e-01,7.777777777777777901e-01,4.442781209945678711e-01,0.000000000000000000e+00
4.472000000000000000e+04,5.815598368644714355e-01,8.148148148148147696e-01,4.504944086074829102e-01,0.000000000000000000e+00
4.473000000000000000e+04,5.743911862373352051e-01,7.407407407407406996e-01,4.481275081634521484e-01,0.000000000000000000e+00
4.474000000000000000e+04,5.868022441864013672e-01,7.407407407407406996e-01,4.543972313404083252e-01,0.000000000000000000e+00
4.475000000000000000e+04,6.029059886932373047e-01,7.222222222222222099e-01,4.631474316120147705e-01,0.000000000000000000e+00
4.476000000000000000e+04,5.750064849853515625e-01,7.962962962962962798e-01,4.453466534614562988e-01,0.000000000000000000e+00
4.477000000000000000e+04,5.960630178451538086e-01,7.592592592592593004e-01,4.619831144809722900e-01,0.000000000000000000e+00
4.478000000000000000e+04,5.919576883316040039e-01,7.592592592592593004e-01,4.601868689060211182e-01,0.000000000000000000e+00
4.479000000000000000e+04,5.964685678482055664e-01,7.592592592592593004e-01,4.508872628211975098e-01,0.000000000000000000e+00
4.480000000000000000e+04,5.862368941307067871e-01,7.407407407407406996e-01,4.425866901874542236e-01,0.000000000000000000e+00
4.481000000000000000e+04,5.948083400726318359e-01,7.222222222222222099e-01,4.607225060462951660e-01,0.000000000000000000e+00
4.482000000000000000e+04,5.822151303291320801e-01,7.777777777777777901e-01,4.381078779697418213e-01,0.000000000000000000e+00
4.483000000000000000e+04,5.788423418998718262e-01,7.592592592592593004e-01,4.285020232200622559e-01,0.000000000000000000e+00
4.484000000000000000e+04,5.742446780204772949e-01,8.148148148148147696e-01,4.198093712329864502e-01,0.000000000000000000e+00
4.485000000000000000e+04,5.897042155265808105e-01,8.148148148148147696e-01,4.447293877601623535e-01,0.000000000000000000e+00
4.486000000000000000e+04,5.843023657798767090e-01,7.962962962962962798e-01,4.569546580314636230e-01,0.000000000000000000e+00
4.487000000000000000e+04,6.010708212852478027e-01,7.222222222222222099e-01,4.628587365150451660e-01,0.000000000000000000e+00
4.488000000000000000e+04,5.954927802085876465e-01,7.037037037037037202e-01,4.641586542129516602e-01,0.000000000000000000e+00
4.489000000000000000e+04,5.986052751541137695e-01,7.777777777777777901e-01,4.475788772106170654e-01,0.000000000000000000e+00
4.490000000000000000e+04,6.029759645462036133e-01,7.777777777777777901e-01,4.659335315227508545e-01,0.000000000000000000e+00
4.491000000000000000e+04,6.049137711524963379e-01,7.777777777777777901e-01,4.668413102626800537e-01,0.000000000000000000e+00
4.492000000000000000e+04,5.896032452583312988e-01,7.592592592592593004e-01,4.352673590183258057e-01,0.000000000000000000e+00
4.493000000000000000e+04,5.864020586013793945e-01,7.592592592592593004e-01,4.532911777496337891e-01,0.000000000000000000e+00
4.494000000000000000e+04,5.890653133392333984e-01,7.962962962962962798e-01,4.510764181613922119e-01,0.000000000000000000e+00
4.495000000000000000e+04,5.987058877944946289e-01,7.592592592592593004e-01,4.594666361808776855e-01,0.000000000000000000e+00
4.496000000000000000e+04,5.882030725479125977e-01,7.777777777777777901e-01,4.468907415866851807e-01,0.000000000000000000e+00
4.497000000000000000e+04,5.869653224945068359e-01,7.777777777777777901e-01,4.418318569660186768e-01,0.000000000000000000e+00
4.498000000000000000e+04,5.837894082069396973e-01,7.962962962962962798e-01,4.449653029441833496e-01,0.000000000000000000e+00
4.499000000000000000e+04,5.908159613609313965e-01,7.222222222222222099e-01,4.460267722606658936e-01,0.000000000000000000e+00
4.500000000000000000e+04,5.896793007850646973e-01,7.407407407407406996e-01,4.608924090862274170e-01,0.000000000000000000e+00
4.501000000000000000e+04,5.858876109123229980e-01,7.592592592592593004e-01,4.566535949707031250e-01,0.000000000000000000e+00
4.502000000000000000e+04,5.949788689613342285e-01,6.666666666666666297e-01,4.528867900371551514e-01,0.000000000000000000e+00
4.503000000000000000e+04,5.853651165962219238e-01,7.592592592592593004e-01,4.593649208545684814e-01,0.000000000000000000e+00
4.504000000000000000e+04,5.789730548858642578e-01,7.407407407407406996e-01,4.443270862102508545e-01,0.000000000000000000e+00
4.505000000000000000e+04,5.798271894454956055e-01,7.962962962962962798e-01,4.213673770427703857e-01,0.000000000000000000e+00
4.506000000000000000e+04,5.756458044052124023e-01,7.962962962962962798e-01,4.267272651195526123e-01,0.000000000000000000e+00
4.507000000000000000e+04,5.878060460090637207e-01,7.222222222222222099e-01,4.253748655319213867e-01,0.000000000000000000e+00
4.508000000000000000e+04,6.054331064224243164e-01,7.592592592592593004e-01,4.476158320903778076e-01,0.000000000000000000e+00
4.509000000000000000e+04,5.997226238250732422e-01,7.777777777777777901e-01,4.541330337524414062e-01,0.000000000000000000e+00
4.510000000000000000e+04,6.139327883720397949e-01,7.962962962962962798e-01,4.772594571113586426e-01,0.000000000000000000e+00
4.511000000000000000e+04,6.165956258773803711e-01,7.592592592592593004e-01,4.374895393848419189e-01,0.000000000000000000e+00
4.512000000000000000e+04,6.001057624816894531e-01,7.592592592592593004e-01,4.559371769428253174e-01,0.000000000000000000e+00
4.513000000000000000e+04,5.932185053825378418e-01,7.777777777777777901e-01,4.475196003913879395e-01,0.000000000000000000e+00
4.514000000000000000e+04,5.965307950973510742e-01,7.962962962962962798e-01,4.620565772056579590e-01,0.000000000000000000e+00
4.515000000000000000e+04,5.807445049285888672e-01,7.962962962962962798e-01,4.449306428432464600e-01,0.000000000000000000e+00
4.516000000000000000e+04,5.677307844161987305e-01,7.407407407407406996e-01,4.319627285003662109e-01,0.000000000000000000e+00
4.517000000000000000e+04,5.952243208885192871e-01,7.962962962962962798e-01,4.599278569221496582e-01,0.000000000000000000e+00
4.518000000000000000e+04,5.939906239509582520e-01,7.407407407407406996e-01,4.607044458389282227e-01,0.000000000000000000e+00
4.519000000000000000e+04,6.160675883293151855e-01,7.777777777777777901e-01,4.652242958545684814e-01,0.000000000000000000e+00
4.520000000000000000e+04,5.868279933929443359e-01,7.962962962962962798e-01,4.395160675048828125e-01,0.000000000000000000e+00
4.521000000000000000e+04,6.201308965682983398e-01,7.592592592592593004e-01,4.632014334201812744e-01,0.000000000000000000e+00
4.522000000000000000e+04,5.966517925262451172e-01,7.777777777777777901e-01,4.513706564903259277e-01,0.000000000000000000e+00
4.523000000000000000e+04,5.707049965858459473e-01,7.962962962962962798e-01,4.178275763988494873e-01,0.000000000000000000e+00
4.524000000000000000e+04,6.032658815383911133e-01,7.962962962962962798e-01,4.562377631664276123e-01,0.000000000000000000e+00
4.525000000000000000e+04,6.112669706344604492e-01,7.222222222222222099e-01,4.517011046409606934e-01,0.000000000000000000e+00
4.526000000000000000e+04,5.913920998573303223e-01,7.777777777777777901e-01,4.311912953853607178e-01,0.000000000000000000e+00
4.527000000000000000e+04,5.838772654533386230e-01,7.777777777777777901e-01,4.234438538551330566e-01,0.000000000000000000e+00
4.528000000000000000e+04,5.704715251922607422e-01,7.777777777777777901e-01,4.246000647544860840e-01,0.000000000000000000e+00
4.529000000000000000e+04,5.885949134826660156e-01,7.777777777777777901e-01,4.202212691307067871e-01,0.000000000000000000e+00
4.530000000000000000e+04,5.826474428176879883e-01,7.592592592592593004e-01,4.188230633735656738e-01,0.000000000000000000e+00
4.531000000000000000e+04,5.535203814506530762e-01,7.777777777777777901e-01,3.839836120605468750e-01,0.000000000000000000e+00
4.532000000000000000e+04,5.779194235801696777e-01,7.777777777777777901e-01,4.267543852329254150e-01,0.000000000000000000e+00
4.533000000000000000e+04,5.952759981155395508e-01,8.333333333333333703e-01,4.664329290390014648e-01,0.000000000000000000e+00
4.534000000000000000e+04,6.144292354583740234e-01,8.148148148148147696e-01,4.746099114418029785e-01,0.000000000000000000e+00
4.535000000000000000e+04,6.184976100921630859e-01,8.148148148148147696e-01,4.703363478183746338e-01,0.000000000000000000e+00
4.536000000000000000e+04,5.998697280883789062e-01,8.148148148148147696e-01,4.735559225082397461e-01,0.000000000000000000e+00
4.537000000000000000e+04,5.988168120384216309e-01,7.962962962962962798e-01,4.620113074779510498e-01,0.000000000000000000e+00
4.538000000000000000e+04,5.965723395347595215e-01,8.148148148148147696e-01,4.756657481193542480e-01,0.000000000000000000e+00
4.539000000000000000e+04,6.067540049552917480e-01,8.333333333333333703e-01,4.698390066623687744e-01,0.000000000000000000e+00
4.540000000000000000e+04,5.831631422042846680e-01,8.148148148148147696e-01,4.586706161499023438e-01,0.000000000000000000e+00
4.541000000000000000e+04,5.926017165184020996e-01,7.592592592592593004e-01,4.458695948123931885e-01,0.000000000000000000e+00
4.542000000000000000e+04,6.008236408233642578e-01,8.148148148148147696e-01,4.615945816040039062e-01,0.000000000000000000e+00
4.543000000000000000e+04,6.040302515029907227e-01,8.148148148148147696e-01,4.748848378658294678e-01,0.000000000000000000e+00
4.544000000000000000e+04,5.892809033393859863e-01,7.777777777777777901e-01,4.507876634597778320e-01,0.000000000000000000e+00
4.545000000000000000e+04,5.940898656845092773e-01,8.148148148148147696e-01,4.745406508445739746e-01,0.000000000000000000e+00
4.546000000000000000e+04,6.117040514945983887e-01,8.333333333333333703e-01,4.651663899421691895e-01,0.000000000000000000e+00
4.547000000000000000e+04,6.110500693321228027e-01,7.592592592592593004e-01,4.714404046535491943e-01,0.000000000000000000e+00
4.548000000000000000e+04,6.214795708656311035e-01,7.592592592592593004e-01,4.940558075904846191e-01,0.000000000000000000e+00
4.549000000000000000e+04,5.898258090019226074e-01,7.962962962962962798e-01,4.542641639709472656e-01,0.000000000000000000e+00
4.550000000000000000e+04,5.741816759109497070e-01,7.592592592592593004e-01,4.346511662006378174e-01,0.000000000000000000e+00
4.551000000000000000e+04,5.999593138694763184e-01,7.777777777777777901e-01,4.787110984325408936e-01,0.000000000000000000e+00
4.552000000000000000e+04,5.888586044311523438e-01,8.333333333333333703e-01,4.483692944049835205e-01,0.000000000000000000e+00
4.553000000000000000e+04,5.831046700477600098e-01,7.962962962962962798e-01,4.589512646198272705e-01,0.000000000000000000e+00
4.554000000000000000e+04,5.795206427574157715e-01,7.592592592592593004e-01,4.323902130126953125e-01,0.000000000000000000e+00
4.555000000000000000e+04,6.158643364906311035e-01,8.148148148148147696e-01,4.933578968048095703e-01,0.000000000000000000e+00
4.556000000000000000e+04,5.948184132575988770e-01,7.777777777777777901e-01,4.565984606742858887e-01,0.000000000000000000e+00
4.557000000000000000e+04,6.094623208045959473e-01,7.962962962962962798e-01,4.981144070625305176e-01,0.000000000000000000e+00
4.558000000000000000e+04,6.159198880195617676e-01,7.962962962962962798e-01,4.944419562816619873e-01,0.000000000000000000e+00
4.559000000000000000e+04,6.125334501266479492e-01,7.777777777777777901e-01,4.985747337341308594e-01,0.000000000000000000e+00
4.560000000000000000e+04,6.146425604820251465e-01,7.962962962962962798e-01,4.972074329853057861e-01,0.000000000000000000e+00
4.561000000000000000e+04,6.186403036117553711e-01,8.333333333333333703e-01,4.933517575263977051e-01,0.000000000000000000e+00
4.562000000000000000e+04,6.055836081504821777e-01,7.777777777777777901e-01,4.716113209724426270e-01,0.000000000000000000e+00
4.563000000000000000e+04,6.204460263252258301e-01,7.962962962962962798e-01,5.040239095687866211e-01,0.000000000000000000e+00
4.564000000000000000e+04,5.918529033660888672e-01,7.222222222222222099e-01,4.586030244827270508e-01,0.000000000000000000e+00
4.565000000000000000e+04,5.895276069641113281e-01,7.962962962962962798e-01,4.808099567890167236e-01,0.000000000000000000e+00
4.566000000000000000e+04,5.920453667640686035e-01,8.333333333333333703e-01,4.606574177742004395e-01,0.000000000000000000e+00
4.567000000000000000e+04,5.996053218841552734e-01,8.148148148148147696e-01,4.715146422386169434e-01,0.000000000000000000e+00
4.568000000000000000e+04,6.004459857940673828e-01,7.592592592592593004e-01,4.793750643730163574e-01,0.000000000000000000e+00
4.569000000000000000e+04,5.893169641494750977e-01,8.333333333333333703e-01,4.882986545562744141e-01,0.000000000000000000e+00
4.570000000000000000e+04,5.740258097648620605e-01,7.592592592592593004e-01,4.215429425239562988e-01,0.000000000000000000e+00
4.571000000000000000e+04,5.795823335647583008e-01,7.592592592592593004e-01,4.403010606765747070e-01,0.000000000000000000e+00
4.572000000000000000e+04,5.768411159515380859e-01,7.962962962962962798e-01,4.414623379707336426e-01,0.000000000000000000e+00
4.573000000000000000e+04,6.028307676315307617e-01,7.962962962962962798e-01,4.479936957359313965e-01,0.000000000000000000e+00
4.574000000000000000e+04,5.950248241424560547e-01,7.592592592592593004e-01,4.451751112937927246e-01,0.000000000000000000e+00
4.575000000000000000e+04,5.984466671943664551e-01,7.592592592592593004e-01,4.575245976448059082e-01,0.000000000000000000e+00
4.576000000000000000e+04,5.882743597030639648e-01,7.407407407407406996e-01,4.459933638572692871e-01,0.000000000000000000e+00
4.577000000000000000e+04,5.754371285438537598e-01,7.592592592592593004e-01,4.052586257457733154e-01,0.000000000000000000e+00
4.578000000000000000e+04,5.789836049079895020e-01,7.407407407407406996e-01,4.206730425357818604e-01,0.000000000000000000e+00
4.579000000000000000e+04,5.883858203887939453e-01,7.962962962962962798e-01,4.450594186782836914e-01,0.000000000000000000e+00
4.580000000000000000e+04,5.916342735290527344e-01,7.962962962962962798e-01,4.571575522422790527e-01,0.000000000000000000e+00
4.581000000000000000e+04,5.785692930221557617e-01,7.222222222222222099e-01,4.386810660362243652e-01,0.000000000000000000e+00
4.582000000000000000e+04,5.720949172973632812e-01,7.962962962962962798e-01,4.269488751888275146e-01,0.000000000000000000e+00
4.583000000000000000e+04,5.845396518707275391e-01,8.333333333333333703e-01,4.515540599822998047e-01,0.000000000000000000e+00
4.584000000000000000e+04,5.768868327140808105e-01,7.962962962962962798e-01,4.192918539047241211e-01,0.000000000000000000e+00
4.585000000000000000e+04,5.759696364402770996e-01,7.777777777777777901e-01,4.223316013813018799e-01,0.000000000000000000e+00
4.586000000000000000e+04,5.688995718955993652e-01,7.407407407407406996e-01,4.164430499076843262e-01,0.000000000000000000e+00
4.587000000000000000e+04,5.626913905143737793e-01,7.592592592592593004e-01,4.130330979824066162e-01,0.000000000000000000e+00
4.588000000000000000e+04,5.588267445564270020e-01,6.481481481481481399e-01,4.014359116554260254e-01,0.000000000000000000e+00
4.589000000000000000e+04,5.769581198692321777e-01,7.037037037037037202e-01,4.175808727741241455e-01,0.000000000000000000e+00
4.590000000000000000e+04,5.834149718284606934e-01,7.407407407407406996e-01,4.299085140228271484e-01,0.000000000000000000e+00
4.591000000000000000e+04,5.834976434707641602e-01,7.407407407407406996e-01,4.378358721733093262e-01,0.000000000000000000e+00
4.592000000000000000e+04,5.701673626899719238e-01,7.962962962962962798e-01,4.275887012481689453e-01,0.000000000000000000e+00
4.593000000000000000e+04,5.577013492584228516e-01,7.222222222222222099e-01,4.047524034976959229e-01,0.000000000000000000e+00
4.594000000000000000e+04,5.743456482887268066e-01,7.962962962962962798e-01,4.281595349311828613e-01,0.000000000000000000e+00
4.595000000000000000e+04,5.541747212409973145e-01,7.037037037037037202e-01,4.113916158676147461e-01,0.000000000000000000e+00
4.596000000000000000e+04,5.665719509124755859e-01,7.592592592592593004e-01,4.020489156246185303e-01,0.000000000000000000e+00
4.597000000000000000e+04,5.747616291046142578e-01,7.222222222222222099e-01,4.445628225803375244e-01,0.000000000000000000e+00
4.598000000000000000e+04,5.769882798194885254e-01,6.851851851851852304e-01,4.014837741851806641e-01,0.000000000000000000e+00
4.599000000000000000e+04,5.815221071243286133e-01,7.592592592592593004e-01,4.229051172733306885e-01,0.000000000000000000e+00
4.600000000000000000e+04,5.922195911407470703e-01,7.037037037037037202e-01,4.266540408134460449e-01,0.000000000000000000e+00
4.601000000000000000e+04,5.951801538467407227e-01,7.222222222222222099e-01,4.095699191093444824e-01,0.000000000000000000e+00
4.602000000000000000e+04,5.715619921684265137e-01,7.222222222222222099e-01,3.994350433349609375e-01,0.000000000000000000e+00
4.603000000000000000e+04,5.837562084197998047e-01,7.592592592592593004e-01,4.242405593395233154e-01,0.000000000000000000e+00
4.604000000000000000e+04,5.806317329406738281e-01,7.037037037037037202e-01,4.190867245197296143e-01,0.000000000000000000e+00
4.605000000000000000e+04,5.932968258857727051e-01,7.222222222222222099e-01,4.259352684020996094e-01,0.000000000000000000e+00
4.606000000000000000e+04,5.853904485702514648e-01,7.222222222222222099e-01,4.340478181838989258e-01,0.000000000000000000e+00
4.607000000000000000e+04,5.863246917724609375e-01,7.592592592592593004e-01,4.551805853843688965e-01,0.000000000000000000e+00
4.608000000000000000e+04,5.950323939323425293e-01,7.777777777777777901e-01,4.483110904693603516e-01,0.000000000000000000e+00
4.609000000000000000e+04,5.909820795059204102e-01,7.962962962962962798e-01,4.637531042098999023e-01,0.000000000000000000e+00
4.610000000000000000e+04,5.975956320762634277e-01,8.148148148148147696e-01,4.670286476612091064e-01,0.000000000000000000e+00
4.611000000000000000e+04,5.681909322738647461e-01,7.777777777777777901e-01,4.076208770275115967e-01,0.000000000000000000e+00
4.612000000000000000e+04,5.877937674522399902e-01,7.592592592592593004e-01,4.543382227420806885e-01,0.000000000000000000e+00
4.613000000000000000e+04,6.058818101882934570e-01,7.592592592592593004e-01,4.706803858280181885e-01,0.000000000000000000e+00
4.614000000000000000e+04,5.780987143516540527e-01,8.148148148148147696e-01,4.445526897907257080e-01,0.000000000000000000e+00
4.615000000000000000e+04,5.737963318824768066e-01,7.592592592592593004e-01,4.317003190517425537e-01,0.000000000000000000e+00
4.616000000000000000e+04,5.845094919204711914e-01,7.592592592592593004e-01,4.352046251296997070e-01,0.000000000000000000e+00
4.617000000000000000e+04,5.919182300567626953e-01,7.777777777777777901e-01,4.453280270099639893e-01,0.000000000000000000e+00
4.618000000000000000e+04,5.845742225646972656e-01,7.592592592592593004e-01,4.227228164672851562e-01,0.000000000000000000e+00
4.619000000000000000e+04,5.799039602279663086e-01,7.592592592592593004e-01,4.392180740833282471e-01,0.000000000000000000e+00
4.620000000000000000e+04,5.850512385368347168e-01,7.592592592592593004e-01,4.493770599365234375e-01,0.000000000000000000e+00
4.621000000000000000e+04,5.782793164253234863e-01,7.592592592592593004e-01,4.334718286991119385e-01,0.000000000000000000e+00
4.622000000000000000e+04,5.775303840637207031e-01,7.407407407407406996e-01,4.383687674999237061e-01,0.000000000000000000e+00
4.623000000000000000e+04,5.695575475692749023e-01,7.777777777777777901e-01,4.313968718051910400e-01,0.000000000000000000e+00
4.624000000000000000e+04,5.995779037475585938e-01,7.962962962962962798e-01,4.640417098999023438e-01,0.000000000000000000e+00
4.625000000000000000e+04,5.877954363822937012e-01,7.777777777777777901e-01,4.706020057201385498e-01,0.000000000000000000e+00
4.626000000000000000e+04,6.026765704154968262e-01,7.962962962962962798e-01,4.698815047740936279e-01,0.000000000000000000e+00
4.627000000000000000e+04,5.910850167274475098e-01,7.962962962962962798e-01,4.608620107173919678e-01,0.000000000000000000e+00
4.628000000000000000e+04,6.105412244796752930e-01,7.592592592592593004e-01,4.763463437557220459e-01,0.000000000000000000e+00
4.629000000000000000e+04,5.842037796974182129e-01,7.592592592592593004e-01,4.495860636234283447e-01,0.000000000000000000e+00
4.630000000000000000e+04,5.635405182838439941e-01,7.777777777777777901e-01,4.318989515304565430e-01,0.000000000000000000e+00
4.631000000000000000e+04,5.597714781761169434e-01,7.962962962962962798e-01,4.051029086112976074e-01,0.000000000000000000e+00
4.632000000000000000e+04,5.688912272453308105e-01,8.148148148148147696e-01,4.046388268470764160e-01,0.000000000000000000e+00
4.633000000000000000e+04,5.842579007148742676e-01,7.962962962962962798e-01,4.555268883705139160e-01,0.000000000000000000e+00
4.634000000000000000e+04,5.820116400718688965e-01,7.407407407407406996e-01,4.306408762931823730e-01,0.000000000000000000e+00
4.635000000000000000e+04,5.863205194473266602e-01,7.222222222222222099e-01,4.305422902107238770e-01,0.000000000000000000e+00
4.636000000000000000e+04,5.886854529380798340e-01,7.777777777777777901e-01,4.360626041889190674e-01,0.000000000000000000e+00
4.637000000000000000e+04,5.914607048034667969e-01,7.407407407407406996e-01,4.266330897808074951e-01,0.000000000000000000e+00
4.638000000000000000e+04,5.976643562316894531e-01,7.407407407407406996e-01,4.371275007724761963e-01,0.000000000000000000e+00
4.639000000000000000e+04,5.986025929450988770e-01,7.222222222222222099e-01,4.309252798557281494e-01,0.000000000000000000e+00
4.640000000000000000e+04,6.001264452934265137e-01,7.592592592592593004e-01,4.587686657905578613e-01,0.000000000000000000e+00
4.641000000000000000e+04,6.109880805015563965e-01,7.037037037037037202e-01,4.560540914535522461e-01,0.000000000000000000e+00
4.642000000000000000e+04,6.299549937248229980e-01,7.037037037037037202e-01,4.743715524673461914e-01,0.000000000000000000e+00
4.643000000000000000e+04,6.090561151504516602e-01,7.037037037037037202e-01,4.636048674583435059e-01,0.000000000000000000e+00
4.644000000000000000e+04,6.032947301864624023e-01,6.851851851851852304e-01,4.810981750488281250e-01,0.000000000000000000e+00
4.645000000000000000e+04,6.018454432487487793e-01,7.777777777777777901e-01,4.642623960971832275e-01,0.000000000000000000e+00
4.646000000000000000e+04,6.217653155326843262e-01,7.407407407407406996e-01,4.724703431129455566e-01,0.000000000000000000e+00
4.647000000000000000e+04,6.171995401382446289e-01,7.777777777777777901e-01,4.649399220943450928e-01,0.000000000000000000e+00
4.648000000000000000e+04,6.036050915718078613e-01,8.148148148148147696e-01,4.872567951679229736e-01,0.000000000000000000e+00
4.649000000000000000e+04,6.141314506530761719e-01,7.592592592592593004e-01,4.701960384845733643e-01,0.000000000000000000e+00
4.650000000000000000e+04,6.169850826263427734e-01,7.962962962962962798e-01,4.511989355087280273e-01,0.000000000000000000e+00
4.651000000000000000e+04,6.168909072875976562e-01,8.148148148148147696e-01,4.515280723571777344e-01,0.000000000000000000e+00
4.652000000000000000e+04,6.094872951507568359e-01,7.962962962962962798e-01,4.626197814941406250e-01,0.000000000000000000e+00
4.653000000000000000e+04,5.908620953559875488e-01,7.777777777777777901e-01,4.538306593894958496e-01,0.000000000000000000e+00
4.654000000000000000e+04,6.029010415077209473e-01,8.148148148148147696e-01,4.587934315204620361e-01,0.000000000000000000e+00
4.655000000000000000e+04,6.090374588966369629e-01,8.148148148148147696e-01,4.857758581638336182e-01,0.000000000000000000e+00
4.656000000000000000e+04,6.007398366928100586e-01,8.518518518518518601e-01,4.793514907360076904e-01,0.000000000000000000e+00
4.657000000000000000e+04,6.070840954780578613e-01,7.962962962962962798e-01,4.893763661384582520e-01,0.000000000000000000e+00
4.658000000000000000e+04,5.840978026390075684e-01,7.592592592592593004e-01,4.652509689331054688e-01,0.000000000000000000e+00
4.659000000000000000e+04,5.957320928573608398e-01,7.962962962962962798e-01,4.627988040447235107e-01,0.000000000000000000e+00
4.660000000000000000e+04,6.123368144035339355e-01,7.962962962962962798e-01,4.818910956382751465e-01,0.000000000000000000e+00
4.661000000000000000e+04,6.114503145217895508e-01,7.592592592592593004e-01,4.905460774898529053e-01,0.000000000000000000e+00
4.662000000000000000e+04,6.096007227897644043e-01,7.962962962962962798e-01,4.885618686676025391e-01,0.000000000000000000e+00
4.663000000000000000e+04,6.243228316307067871e-01,7.592592592592593004e-01,5.016899108886718750e-01,0.000000000000000000e+00
4.664000000000000000e+04,6.081792116165161133e-01,8.148148148148147696e-01,4.741492867469787598e-01,0.000000000000000000e+00
4.665000000000000000e+04,6.186118721961975098e-01,7.592592592592593004e-01,4.855364561080932617e-01,0.000000000000000000e+00
4.666000000000000000e+04,6.068449020385742188e-01,8.148148148148147696e-01,4.697834551334381104e-01,0.000000000000000000e+00
4.667000000000000000e+04,6.022076010704040527e-01,7.592592592592593004e-01,4.741203188896179199e-01,0.000000000000000000e+00
4.668000000000000000e+04,5.980907678604125977e-01,7.962962962962962798e-01,4.602533280849456787e-01,0.000000000000000000e+00
4.669000000000000000e+04,6.175767779350280762e-01,7.592592592592593004e-01,4.795856773853302002e-01,0.000000000000000000e+00
4.670000000000000000e+04,5.899381041526794434e-01,7.777777777777777901e-01,4.354931712150573730e-01,0.000000000000000000e+00
4.671000000000000000e+04,5.765795111656188965e-01,7.407407407407406996e-01,4.178883731365203857e-01,0.000000000000000000e+00
4.672000000000000000e+04,6.176851391792297363e-01,8.148148148148147696e-01,4.962826073169708252e-01,0.000000000000000000e+00
4.673000000000000000e+04,6.145636439323425293e-01,7.222222222222222099e-01,4.938074946403503418e-01,0.000000000000000000e+00
4.674000000000000000e+04,6.000750064849853516e-01,7.962962962962962798e-01,4.698909819126129150e-01,0.000000000000000000e+00
4.675000000000000000e+04,6.080304384231567383e-01,7.777777777777777901e-01,4.741411805152893066e-01,0.000000000000000000e+00
4.676000000000000000e+04,5.886110663414001465e-01,7.777777777777777901e-01,4.433917105197906494e-01,0.000000000000000000e+00
4.677000000000000000e+04,6.041048169136047363e-01,7.777777777777777901e-01,4.752506315708160400e-01,0.000000000000000000e+00
4.678000000000000000e+04,6.134837865829467773e-01,7.962962962962962798e-01,4.670592844486236572e-01,0.000000000000000000e+00
4.679000000000000000e+04,6.125388741493225098e-01,7.962962962962962798e-01,4.691784083843231201e-01,0.000000000000000000e+00
4.680000000000000000e+04,5.933607220649719238e-01,7.962962962962962798e-01,4.561600387096405029e-01,0.000000000000000000e+00
4.681000000000000000e+04,5.894826054573059082e-01,7.777777777777777901e-01,4.375668466091156006e-01,0.000000000000000000e+00
4.682000000000000000e+04,6.097384095191955566e-01,7.407407407407406996e-01,4.676671028137207031e-01,0.000000000000000000e+00
4.683000000000000000e+04,6.097381711006164551e-01,7.962962962962962798e-01,4.713402986526489258e-01,0.000000000000000000e+00
4.684000000000000000e+04,5.930806994438171387e-01,7.592592592592593004e-01,4.642666280269622803e-01,0.000000000000000000e+00
4.685000000000000000e+04,5.917391180992126465e-01,7.592592592592593004e-01,4.545160830020904541e-01,0.000000000000000000e+00
4.686000000000000000e+04,5.860037207603454590e-01,7.962962962962962798e-01,4.506738185882568359e-01,0.000000000000000000e+00
4.687000000000000000e+04,5.957789421081542969e-01,7.592592592592593004e-01,4.628489315509796143e-01,0.000000000000000000e+00
4.688000000000000000e+04,6.221119165420532227e-01,7.777777777777777901e-01,4.965505897998809814e-01,0.000000000000000000e+00
4.689000000000000000e+04,6.058693528175354004e-01,7.777777777777777901e-01,4.763462543487548828e-01,0.000000000000000000e+00
4.690000000000000000e+04,6.178632974624633789e-01,7.777777777777777901e-01,4.882773458957672119e-01,0.000000000000000000e+00
4.691000000000000000e+04,6.080384850502014160e-01,7.777777777777777901e-01,4.732316732406616211e-01,0.000000000000000000e+00
4.692000000000000000e+04,5.957635045051574707e-01,7.777777777777777901e-01,4.557585716247558594e-01,0.000000000000000000e+00
4.693000000000000000e+04,6.110633611679077148e-01,7.962962962962962798e-01,4.671216607093811035e-01,0.000000000000000000e+00
4.694000000000000000e+04,5.943528413772583008e-01,7.777777777777777901e-01,4.498493969440460205e-01,0.000000000000000000e+00
4.695000000000000000e+04,6.122392416000366211e-01,7.222222222222222099e-01,4.460857212543487549e-01,0.000000000000000000e+00
4.696000000000000000e+04,5.967717170715332031e-01,7.407407407407406996e-01,4.440239071846008301e-01,0.000000000000000000e+00
4.697000000000000000e+04,5.935870409011840820e-01,7.592592592592593004e-01,4.382672905921936035e-01,0.000000000000000000e+00
4.698000000000000000e+04,5.911551117897033691e-01,7.962962962962962798e-01,4.565273225307464600e-01,0.000000000000000000e+00
4.699000000000000000e+04,5.945656299591064453e-01,7.407407407407406996e-01,4.569420218467712402e-01,0.000000000000000000e+00
4.700000000000000000e+04,6.119986772537231445e-01,8.148148148148147696e-01,4.712717235088348389e-01,0.000000000000000000e+00
4.701000000000000000e+04,6.036324501037597656e-01,7.777777777777777901e-01,4.697332382202148438e-01,0.000000000000000000e+00
4.702000000000000000e+04,6.030651330947875977e-01,7.592592592592593004e-01,4.605506062507629395e-01,0.000000000000000000e+00
4.703000000000000000e+04,5.991503000259399414e-01,7.962962962962962798e-01,4.464778006076812744e-01,0.000000000000000000e+00
4.704000000000000000e+04,5.982148051261901855e-01,7.407407407407406996e-01,4.611181020736694336e-01,0.000000000000000000e+00
4.705000000000000000e+04,6.038193702697753906e-01,7.592592592592593004e-01,4.667165279388427734e-01,0.000000000000000000e+00
4.706000000000000000e+04,5.813274979591369629e-01,7.592592592592593004e-01,4.550946354866027832e-01,0.000000000000000000e+00
4.707000000000000000e+04,5.945888161659240723e-01,7.592592592592593004e-01,4.726751148700714111e-01,0.000000000000000000e+00
4.708000000000000000e+04,6.171483397483825684e-01,7.962962962962962798e-01,4.757503271102905273e-01,0.000000000000000000e+00
4.709000000000000000e+04,6.107748746871948242e-01,7.777777777777777901e-01,4.768783450126647949e-01,0.000000000000000000e+00
4.710000000000000000e+04,5.914676785469055176e-01,7.777777777777777901e-01,4.498684704303741455e-01,0.000000000000000000e+00
4.711000000000000000e+04,5.899732708930969238e-01,7.962962962962962798e-01,4.542184472084045410e-01,0.000000000000000000e+00
4.712000000000000000e+04,6.183134317398071289e-01,7.962962962962962798e-01,5.001160502433776855e-01,0.000000000000000000e+00
4.713000000000000000e+04,6.063454747200012207e-01,7.777777777777777901e-01,4.930924773216247559e-01,0.000000000000000000e+00
4.714000000000000000e+04,5.838984847068786621e-01,7.962962962962962798e-01,4.539502561092376709e-01,0.000000000000000000e+00
4.715000000000000000e+04,5.985963940620422363e-01,7.592592592592593004e-01,4.605554044246673584e-01,0.000000000000000000e+00
4.716000000000000000e+04,5.914362668991088867e-01,8.148148148148147696e-01,4.653191566467285156e-01,0.000000000000000000e+00
4.717000000000000000e+04,5.885235667228698730e-01,8.148148148148147696e-01,4.691538810729980469e-01,0.000000000000000000e+00
4.718000000000000000e+04,5.837973952293395996e-01,8.148148148148147696e-01,4.630609154701232910e-01,0.000000000000000000e+00
4.719000000000000000e+04,5.958532691001892090e-01,8.148148148148147696e-01,4.652623236179351807e-01,0.000000000000000000e+00
4.720000000000000000e+04,5.949869751930236816e-01,8.148148148148147696e-01,4.709406793117523193e-01,0.000000000000000000e+00
4.721000000000000000e+04,5.971601009368896484e-01,7.777777777777777901e-01,4.663133323192596436e-01,0.000000000000000000e+00
4.722000000000000000e+04,6.083101630210876465e-01,7.592592592592593004e-01,4.790727198123931885e-01,0.000000000000000000e+00
4.723000000000000000e+04,5.951390862464904785e-01,8.333333333333333703e-01,4.751002192497253418e-01,0.000000000000000000e+00
4.724000000000000000e+04,5.945161581039428711e-01,7.962962962962962798e-01,4.720224142074584961e-01,0.000000000000000000e+00
4.725000000000000000e+04,6.022880673408508301e-01,7.407407407407406996e-01,4.912361502647399902e-01,0.000000000000000000e+00
4.726000000000000000e+04,5.828493833541870117e-01,7.962962962962962798e-01,4.632162749767303467e-01,0.000000000000000000e+00
4.727000000000000000e+04,6.183772087097167969e-01,7.777777777777777901e-01,4.778024852275848389e-01,0.000000000000000000e+00
4.728000000000000000e+04,6.257346272468566895e-01,7.777777777777777901e-01,4.948402345180511475e-01,0.000000000000000000e+00
4.729000000000000000e+04,6.054337620735168457e-01,7.592592592592593004e-01,4.611032605171203613e-01,0.000000000000000000e+00
4.730000000000000000e+04,6.027472019195556641e-01,7.777777777777777901e-01,4.829955101013183594e-01,0.000000000000000000e+00
4.731000000000000000e+04,6.100654602050781250e-01,7.962962962962962798e-01,4.726888239383697510e-01,0.000000000000000000e+00
4.732000000000000000e+04,5.983416438102722168e-01,8.333333333333333703e-01,4.992581009864807129e-01,0.000000000000000000e+00
4.733000000000000000e+04,5.922314524650573730e-01,7.777777777777777901e-01,4.708755314350128174e-01,0.000000000000000000e+00
4.734000000000000000e+04,6.082533001899719238e-01,8.148148148148147696e-01,4.823452234268188477e-01,0.000000000000000000e+00
4.735000000000000000e+04,6.366780400276184082e-01,7.777777777777777901e-01,5.154283046722412109e-01,0.000000000000000000e+00
4.736000000000000000e+04,6.283785104751586914e-01,7.222222222222222099e-01,4.806699752807617188e-01,0.000000000000000000e+00
4.737000000000000000e+04,6.195073723793029785e-01,7.592592592592593004e-01,4.805468320846557617e-01,0.000000000000000000e+00
4.738000000000000000e+04,5.924438238143920898e-01,7.592592592592593004e-01,4.519463777542114258e-01,0.000000000000000000e+00
4.739000000000000000e+04,5.984987616539001465e-01,7.592592592592593004e-01,4.404665827751159668e-01,0.000000000000000000e+00
4.740000000000000000e+04,6.145574450492858887e-01,7.592592592592593004e-01,4.720576703548431396e-01,0.000000000000000000e+00
4.741000000000000000e+04,6.015119552612304688e-01,7.222222222222222099e-01,4.768351018428802490e-01,0.000000000000000000e+00
4.742000000000000000e+04,6.203669905662536621e-01,7.592592592592593004e-01,4.944348037242889404e-01,0.000000000000000000e+00
4.743000000000000000e+04,6.027573943138122559e-01,7.592592592592593004e-01,4.738171100616455078e-01,0.000000000000000000e+00
4.744000000000000000e+04,6.075257658958435059e-01,7.777777777777777901e-01,4.847960174083709717e-01,0.000000000000000000e+00
4.745000000000000000e+04,6.098385453224182129e-01,7.592592592592593004e-01,4.843602776527404785e-01,0.000000000000000000e+00
4.746000000000000000e+04,5.981904268264770508e-01,7.962962962962962798e-01,4.666865468025207520e-01,0.000000000000000000e+00
4.747000000000000000e+04,6.106439232826232910e-01,7.777777777777777901e-01,4.863323867321014404e-01,0.000000000000000000e+00
4.748000000000000000e+04,6.025437116622924805e-01,7.777777777777777901e-01,4.833562970161437988e-01,0.000000000000000000e+00
4.749000000000000000e+04,6.188763380050659180e-01,7.592592592592593004e-01,4.870810508728027344e-01,0.000000000000000000e+00
4.750000000000000000e+04,6.077724695205688477e-01,7.407407407407406996e-01,4.757092595100402832e-01,0.000000000000000000e+00
4.751000000000000000e+04,6.256409883499145508e-01,7.592592592592593004e-01,5.052427649497985840e-01,0.000000000000000000e+00
4.752000000000000000e+04,6.143947839736938477e-01,7.592592592592593004e-01,4.648407399654388428e-01,0.000000000000000000e+00
4.753000000000000000e+04,6.395609974861145020e-01,7.777777777777777901e-01,4.866906106472015381e-01,0.000000000000000000e+00
4.754000000000000000e+04,6.271434426307678223e-01,7.962962962962962798e-01,4.712785184383392334e-01,0.000000000000000000e+00
4.755000000000000000e+04,6.244778633117675781e-01,8.148148148148147696e-01,4.870742559432983398e-01,0.000000000000000000e+00
4.756000000000000000e+04,6.048714518547058105e-01,7.962962962962962798e-01,4.539012908935546875e-01,0.000000000000000000e+00
4.757000000000000000e+04,5.953077673912048340e-01,7.592592592592593004e-01,4.462275505065917969e-01,0.000000000000000000e+00
4.758000000000000000e+04,5.725870132446289062e-01,7.592592592592593004e-01,4.239484965801239014e-01,0.000000000000000000e+00
4.759000000000000000e+04,5.790569186210632324e-01,7.962962962962962798e-01,4.346483051776885986e-01,0.000000000000000000e+00
4.760000000000000000e+04,6.028586626052856445e-01,7.962962962962962798e-01,4.565482139587402344e-01,0.000000000000000000e+00
4.761000000000000000e+04,5.957329869270324707e-01,7.777777777777777901e-01,4.530867934226989746e-01,0.000000000000000000e+00
4.762000000000000000e+04,6.079288721084594727e-01,7.592592592592593004e-01,4.640160202980041504e-01,0.000000000000000000e+00
4.763000000000000000e+04,6.040380001068115234e-01,7.592592592592593004e-01,4.754356741905212402e-01,0.000000000000000000e+00
4.764000000000000000e+04,6.163983941078186035e-01,7.592592592592593004e-01,4.875426590442657471e-01,0.000000000000000000e+00
4.765000000000000000e+04,6.148402094841003418e-01,7.407407407407406996e-01,4.723894000053405762e-01,0.000000000000000000e+00
4.766000000000000000e+04,5.966703295707702637e-01,7.222222222222222099e-01,4.576954245567321777e-01,0.000000000000000000e+00
4.767000000000000000e+04,6.172610521316528320e-01,7.592592592592593004e-01,5.044968724250793457e-01,0.000000000000000000e+00
4.768000000000000000e+04,6.088290810585021973e-01,7.407407407407406996e-01,4.773233532905578613e-01,0.000000000000000000e+00
4.769000000000000000e+04,6.165594458580017090e-01,7.222222222222222099e-01,4.855931401252746582e-01,0.000000000000000000e+00
4.770000000000000000e+04,6.142691373825073242e-01,7.592592592592593004e-01,4.970337152481079102e-01,0.000000000000000000e+00
4.771000000000000000e+04,6.272731423377990723e-01,7.592592592592593004e-01,5.013823509216308594e-01,0.000000000000000000e+00
4.772000000000000000e+04,6.049046516418457031e-01,7.407407407407406996e-01,4.913479685783386230e-01,0.000000000000000000e+00
4.773000000000000000e+04,6.086367368698120117e-01,7.777777777777777901e-01,4.867470562458038330e-01,0.000000000000000000e+00
4.774000000000000000e+04,6.265710592269897461e-01,7.777777777777777901e-01,5.211356282234191895e-01,0.000000000000000000e+00
4.775000000000000000e+04,6.326650381088256836e-01,7.407407407407406996e-01,5.117807388305664062e-01,0.000000000000000000e+00
4.776000000000000000e+04,6.199727058410644531e-01,7.222222222222222099e-01,4.894026517868041992e-01,0.000000000000000000e+00
4.777000000000000000e+04,6.081982851028442383e-01,7.222222222222222099e-01,4.609059095382690430e-01,0.000000000000000000e+00
4.778000000000000000e+04,5.923281311988830566e-01,7.962962962962962798e-01,4.491597414016723633e-01,0.000000000000000000e+00
4.779000000000000000e+04,6.068133115768432617e-01,7.592592592592593004e-01,4.620567858219146729e-01,0.000000000000000000e+00
4.780000000000000000e+04,5.897588133811950684e-01,7.962962962962962798e-01,4.480482637882232666e-01,0.000000000000000000e+00
4.781000000000000000e+04,6.003560423851013184e-01,7.222222222222222099e-01,4.645555615425109863e-01,0.000000000000000000e+00
4.782000000000000000e+04,5.907455086708068848e-01,7.592592592592593004e-01,4.681404232978820801e-01,0.000000000000000000e+00
4.783000000000000000e+04,6.033516526222229004e-01,7.777777777777777901e-01,4.587503671646118164e-01,0.000000000000000000e+00
4.784000000000000000e+04,5.924744606018066406e-01,7.592592592592593004e-01,4.530994594097137451e-01,0.000000000000000000e+00
4.785000000000000000e+04,6.099216938018798828e-01,7.777777777777777901e-01,4.690312445163726807e-01,0.000000000000000000e+00
4.786000000000000000e+04,5.898157358169555664e-01,7.962962962962962798e-01,4.646183252334594727e-01,0.000000000000000000e+00
4.787000000000000000e+04,5.958585739135742188e-01,7.962962962962962798e-01,4.621630609035491943e-01,0.000000000000000000e+00
4.788000000000000000e+04,5.816462039947509766e-01,8.148148148148147696e-01,4.727508127689361572e-01,0.000000000000000000e+00
4.789000000000000000e+04,5.755859017372131348e-01,7.962962962962962798e-01,4.504033327102661133e-01,0.000000000000000000e+00
4.790000000000000000e+04,6.085398793220520020e-01,7.592592592592593004e-01,4.677512943744659424e-01,0.000000000000000000e+00
4.791000000000000000e+04,5.857350826263427734e-01,7.592592592592593004e-01,4.566844403743743896e-01,0.000000000000000000e+00
4.792000000000000000e+04,5.769905447959899902e-01,7.777777777777777901e-01,4.318310022354125977e-01,0.000000000000000000e+00
4.793000000000000000e+04,5.916970968246459961e-01,7.407407407407406996e-01,4.580734670162200928e-01,0.000000000000000000e+00
4.794000000000000000e+04,6.042481660842895508e-01,7.592592592592593004e-01,4.566986262798309326e-01,0.000000000000000000e+00
4.795000000000000000e+04,5.846377611160278320e-01,8.148148148148147696e-01,4.191454350948333740e-01,0.000000000000000000e+00
4.796000000000000000e+04,5.914971232414245605e-01,7.407407407407406996e-01,4.331610202789306641e-01,0.000000000000000000e+00
4.797000000000000000e+04,5.894277095794677734e-01,7.777777777777777901e-01,4.564788937568664551e-01,0.000000000000000000e+00
4.798000000000000000e+04,5.928776860237121582e-01,7.777777777777777901e-01,4.555644392967224121e-01,0.000000000000000000e+00
4.799000000000000000e+04,5.883106589317321777e-01,7.777777777777777901e-01,4.445253014564514160e-01,0.000000000000000000e+00
4.800000000000000000e+04,5.926683545112609863e-01,7.777777777777777901e-01,4.517357647418975830e-01,0.000000000000000000e+00
4.801000000000000000e+04,6.044457554817199707e-01,8.148148148148147696e-01,4.776843488216400146e-01,0.000000000000000000e+00
4.802000000000000000e+04,5.978670716285705566e-01,7.777777777777777901e-01,4.665549695491790771e-01,0.000000000000000000e+00
4.803000000000000000e+04,6.056870818138122559e-01,7.592592592592593004e-01,4.697050750255584717e-01,0.000000000000000000e+00
4.804000000000000000e+04,6.021973490715026855e-01,7.592592592592593004e-01,4.748363196849822998e-01,0.000000000000000000e+00
4.805000000000000000e+04,5.892087817192077637e-01,7.962962962962962798e-01,4.641892313957214355e-01,0.000000000000000000e+00
4.806000000000000000e+04,5.987653136253356934e-01,7.222222222222222099e-01,4.687181115150451660e-01,0.000000000000000000e+00
4.807000000000000000e+04,5.954129099845886230e-01,8.333333333333333703e-01,4.732527136802673340e-01,0.000000000000000000e+00
4.808000000000000000e+04,5.909429192543029785e-01,8.518518518518518601e-01,4.563146531581878662e-01,0.000000000000000000e+00
4.809000000000000000e+04,5.969637632369995117e-01,7.592592592592593004e-01,4.733507037162780762e-01,0.000000000000000000e+00
4.810000000000000000e+04,5.893229246139526367e-01,7.777777777777777901e-01,4.578244388103485107e-01,0.000000000000000000e+00
4.811000000000000000e+04,5.958820581436157227e-01,8.148148148148147696e-01,4.772144556045532227e-01,0.000000000000000000e+00
4.812000000000000000e+04,6.106114387512207031e-01,8.148148148148147696e-01,4.925416111946105957e-01,0.000000000000000000e+00
4.813000000000000000e+04,6.120367646217346191e-01,7.407407407407406996e-01,4.822733700275421143e-01,0.000000000000000000e+00
4.814000000000000000e+04,6.140617132186889648e-01,7.962962962962962798e-01,4.915484786033630371e-01,0.000000000000000000e+00
4.815000000000000000e+04,6.015644073486328125e-01,7.962962962962962798e-01,4.887548685073852539e-01,0.000000000000000000e+00
4.816000000000000000e+04,6.053407788276672363e-01,8.333333333333333703e-01,4.891716539859771729e-01,0.000000000000000000e+00
4.817000000000000000e+04,6.001392006874084473e-01,7.962962962962962798e-01,4.874902367591857910e-01,0.000000000000000000e+00
4.818000000000000000e+04,5.966370701789855957e-01,7.222222222222222099e-01,4.765909910202026367e-01,0.000000000000000000e+00
4.819000000000000000e+04,6.140905618667602539e-01,7.592592592592593004e-01,4.937969446182250977e-01,0.000000000000000000e+00
4.820000000000000000e+04,6.000326871871948242e-01,7.407407407407406996e-01,4.567933678627014160e-01,0.000000000000000000e+00
4.821000000000000000e+04,5.743737220764160156e-01,8.148148148148147696e-01,4.611409902572631836e-01,0.000000000000000000e+00
4.822000000000000000e+04,6.088344454765319824e-01,7.777777777777777901e-01,4.845998883247375488e-01,0.000000000000000000e+00
4.823000000000000000e+04,6.142917871475219727e-01,7.962962962962962798e-01,4.999195635318756104e-01,0.000000000000000000e+00
4.824000000000000000e+04,6.187632083892822266e-01,7.777777777777777901e-01,4.859282374382019043e-01,0.000000000000000000e+00
4.825000000000000000e+04,6.142568588256835938e-01,7.777777777777777901e-01,5.007215142250061035e-01,0.000000000000000000e+00
4.826000000000000000e+04,6.129576563835144043e-01,7.777777777777777901e-01,4.955101609230041504e-01,0.000000000000000000e+00
4.827000000000000000e+04,5.896021127700805664e-01,7.962962962962962798e-01,4.636825323104858398e-01,0.000000000000000000e+00
4.828000000000000000e+04,6.070992350578308105e-01,7.962962962962962798e-01,4.882234334945678711e-01,0.000000000000000000e+00
4.829000000000000000e+04,5.947554111480712891e-01,7.962962962962962798e-01,4.782102406024932861e-01,0.000000000000000000e+00
4.830000000000000000e+04,5.937041044235229492e-01,8.148148148148147696e-01,4.680584967136383057e-01,0.000000000000000000e+00
4.831000000000000000e+04,5.980368852615356445e-01,7.777777777777777901e-01,4.893766045570373535e-01,0.000000000000000000e+00
4.832000000000000000e+04,6.066803932189941406e-01,8.148148148148147696e-01,4.934292733669281006e-01,0.000000000000000000e+00
4.833000000000000000e+04,5.999327301979064941e-01,7.962962962962962798e-01,4.842521548271179199e-01,0.000000000000000000e+00
4.834000000000000000e+04,6.253259181976318359e-01,7.592592592592593004e-01,5.121359229087829590e-01,0.000000000000000000e+00
4.835000000000000000e+04,6.195154786109924316e-01,7.592592592592593004e-01,5.011775493621826172e-01,0.000000000000000000e+00
4.836000000000000000e+04,6.007562279701232910e-01,7.962962962962962798e-01,4.726299941539764404e-01,0.000000000000000000e+00
4.837000000000000000e+04,6.134877204895019531e-01,8.148148148148147696e-01,4.906542003154754639e-01,0.000000000000000000e+00
4.838000000000000000e+04,5.990979075431823730e-01,7.592592592592593004e-01,4.686481058597564697e-01,0.000000000000000000e+00
4.839000000000000000e+04,5.687109827995300293e-01,7.592592592592593004e-01,4.458640813827514648e-01,0.000000000000000000e+00
4.840000000000000000e+04,5.945326685905456543e-01,7.777777777777777901e-01,4.709206819534301758e-01,0.000000000000000000e+00
4.841000000000000000e+04,5.971355438232421875e-01,7.962962962962962798e-01,4.877749085426330566e-01,0.000000000000000000e+00
4.842000000000000000e+04,6.068577766418457031e-01,8.333333333333333703e-01,4.966132342815399170e-01,0.000000000000000000e+00
4.843000000000000000e+04,6.188889741897583008e-01,7.592592592592593004e-01,5.103619694709777832e-01,0.000000000000000000e+00
4.844000000000000000e+04,5.792620182037353516e-01,7.962962962962962798e-01,4.582981765270233154e-01,0.000000000000000000e+00
4.845000000000000000e+04,5.998318791389465332e-01,8.148148148148147696e-01,4.912644624710083008e-01,0.000000000000000000e+00
4.846000000000000000e+04,5.909782648086547852e-01,7.592592592592593004e-01,4.617313444614410400e-01,0.000000000000000000e+00
4.847000000000000000e+04,5.944469571113586426e-01,7.962962962962962798e-01,4.738107323646545410e-01,0.000000000000000000e+00
4.848000000000000000e+04,5.952078700065612793e-01,7.777777777777777901e-01,4.693587422370910645e-01,0.000000000000000000e+00
4.849000000000000000e+04,6.064406633377075195e-01,7.037037037037037202e-01,4.765611290931701660e-01,0.000000000000000000e+00
4.850000000000000000e+04,5.841841101646423340e-01,7.962962962962962798e-01,4.390971958637237549e-01,0.000000000000000000e+00
4.851000000000000000e+04,6.008939743041992188e-01,7.777777777777777901e-01,4.682982861995697021e-01,0.000000000000000000e+00
4.852000000000000000e+04,6.026573777198791504e-01,7.777777777777777901e-01,4.695115089416503906e-01,0.000000000000000000e+00
4.853000000000000000e+04,6.054134964942932129e-01,7.407407407407406996e-01,4.892719089984893799e-01,0.000000000000000000e+00
4.854000000000000000e+04,6.026739478111267090e-01,8.333333333333333703e-01,4.903502166271209717e-01,0.000000000000000000e+00
4.855000000000000000e+04,5.958526134490966797e-01,7.592592592592593004e-01,4.776101410388946533e-01,0.000000000000000000e+00
4.856000000000000000e+04,6.069204807281494141e-01,7.962962962962962798e-01,4.946461021900177002e-01,0.000000000000000000e+00
4.857000000000000000e+04,6.073320508003234863e-01,7.962962962962962798e-01,5.002977848052978516e-01,0.000000000000000000e+00
4.858000000000000000e+04,5.831233263015747070e-01,8.148148148148147696e-01,4.651761054992675781e-01,0.000000000000000000e+00
4.859000000000000000e+04,6.013976335525512695e-01,7.962962962962962798e-01,4.951781332492828369e-01,0.000000000000000000e+00
4.860000000000000000e+04,6.050116419792175293e-01,7.777777777777777901e-01,5.071633458137512207e-01,0.000000000000000000e+00
4.861000000000000000e+04,6.052914857864379883e-01,8.148148148148147696e-01,4.850683212280273438e-01,0.000000000000000000e+00
4.862000000000000000e+04,6.038303375244140625e-01,8.148148148148147696e-01,4.878698587417602539e-01,0.000000000000000000e+00
4.863000000000000000e+04,6.225855350494384766e-01,8.518518518518518601e-01,5.005958080291748047e-01,0.000000000000000000e+00
4.864000000000000000e+04,6.053696870803833008e-01,7.592592592592593004e-01,4.727249145507812500e-01,0.000000000000000000e+00
4.865000000000000000e+04,6.046468615531921387e-01,7.777777777777777901e-01,5.006535649299621582e-01,0.000000000000000000e+00
4.866000000000000000e+04,6.002367138862609863e-01,7.962962962962962798e-01,4.781114757061004639e-01,0.000000000000000000e+00
4.867000000000000000e+04,5.957130193710327148e-01,7.777777777777777901e-01,4.737766683101654053e-01,0.000000000000000000e+00
4.868000000000000000e+04,5.812237858772277832e-01,8.148148148148147696e-01,4.699751436710357666e-01,0.000000000000000000e+00
4.869000000000000000e+04,5.827749967575073242e-01,8.148148148148147696e-01,4.628135561943054199e-01,0.000000000000000000e+00
4.870000000000000000e+04,5.999770164489746094e-01,8.333333333333333703e-01,4.779528379440307617e-01,0.000000000000000000e+00
4.871000000000000000e+04,6.159700751304626465e-01,8.333333333333333703e-01,4.972529411315917969e-01,0.000000000000000000e+00
4.872000000000000000e+04,6.348507404327392578e-01,7.407407407407406996e-01,5.094197392463684082e-01,0.000000000000000000e+00
4.873000000000000000e+04,6.082508563995361328e-01,8.148148148148147696e-01,4.891505241394042969e-01,0.000000000000000000e+00
4.874000000000000000e+04,5.963874459266662598e-01,7.037037037037037202e-01,4.792803823947906494e-01,0.000000000000000000e+00
4.875000000000000000e+04,5.984433293342590332e-01,7.407407407407406996e-01,4.623255729675292969e-01,0.000000000000000000e+00
4.876000000000000000e+04,6.250537633895874023e-01,7.592592592592593004e-01,4.969434738159179688e-01,0.000000000000000000e+00
4.877000000000000000e+04,5.888211131095886230e-01,7.407407407407406996e-01,4.403176307678222656e-01,0.000000000000000000e+00
4.878000000000000000e+04,6.115478277206420898e-01,7.222222222222222099e-01,4.826890230178833008e-01,0.000000000000000000e+00
4.879000000000000000e+04,5.900851488113403320e-01,7.777777777777777901e-01,4.628955423831939697e-01,0.000000000000000000e+00
4.880000000000000000e+04,5.784735679626464844e-01,7.592592592592593004e-01,4.528081119060516357e-01,0.000000000000000000e+00
4.881000000000000000e+04,5.870841145515441895e-01,7.777777777777777901e-01,4.671507179737091064e-01,0.000000000000000000e+00
4.882000000000000000e+04,6.107724905014038086e-01,7.962962962962962798e-01,4.885777235031127930e-01,0.000000000000000000e+00
4.883000000000000000e+04,5.975888371467590332e-01,7.777777777777777901e-01,4.630830287933349609e-01,0.000000000000000000e+00
4.884000000000000000e+04,5.966818928718566895e-01,7.777777777777777901e-01,4.777388572692871094e-01,0.000000000000000000e+00
4.885000000000000000e+04,6.106806397438049316e-01,8.703703703703703498e-01,4.689577519893646240e-01,0.000000000000000000e+00
4.886000000000000000e+04,6.151894927024841309e-01,7.777777777777777901e-01,4.912604391574859619e-01,0.000000000000000000e+00
4.887000000000000000e+04,6.114298105239868164e-01,7.962962962962962798e-01,4.865483939647674561e-01,0.000000000000000000e+00
4.888000000000000000e+04,6.007493734359741211e-01,8.148148148148147696e-01,4.818450212478637695e-01,0.000000000000000000e+00
4.889000000000000000e+04,6.231796741485595703e-01,7.592592592592593004e-01,4.993364214897155762e-01,0.000000000000000000e+00
4.890000000000000000e+04,6.130800843238830566e-01,8.148148148148147696e-01,4.860750734806060791e-01,0.000000000000000000e+00
4.891000000000000000e+04,6.030404567718505859e-01,7.962962962962962798e-01,4.901981353759765625e-01,0.000000000000000000e+00
4.892000000000000000e+04,5.998611450195312500e-01,8.148148148148147696e-01,4.719641804695129395e-01,0.000000000000000000e+00
4.893000000000000000e+04,6.229072809219360352e-01,7.777777777777777901e-01,4.969641566276550293e-01,0.000000000000000000e+00
4.894000000000000000e+04,6.030109524726867676e-01,8.148148148148147696e-01,4.724379181861877441e-01,0.000000000000000000e+00
4.895000000000000000e+04,6.133873462677001953e-01,7.592592592592593004e-01,4.917367696762084961e-01,0.000000000000000000e+00
4.896000000000000000e+04,6.089830398559570312e-01,7.592592592592593004e-01,5.025684237480163574e-01,0.000000000000000000e+00
4.897000000000000000e+04,6.021940708160400391e-01,7.962962962962962798e-01,4.751377999782562256e-01,0.000000000000000000e+00
4.898000000000000000e+04,6.076914072036743164e-01,7.407407407407406996e-01,4.878223836421966553e-01,0.000000000000000000e+00
4.899000000000000000e+04,5.885530710220336914e-01,7.777777777777777901e-01,4.644192159175872803e-01,0.000000000000000000e+00
4.900000000000000000e+04,6.026071310043334961e-01,7.962962962962962798e-01,4.794766604900360107e-01,0.000000000000000000e+00
4.901000000000000000e+04,5.876088142395019531e-01,7.777777777777777901e-01,4.474183320999145508e-01,0.000000000000000000e+00
4.902000000000000000e+04,5.744403004646301270e-01,7.407407407407406996e-01,4.353654980659484863e-01,0.000000000000000000e+00
4.903000000000000000e+04,6.021901965141296387e-01,7.962962962962962798e-01,4.735606312751770020e-01,0.000000000000000000e+00
4.904000000000000000e+04,5.835034251213073730e-01,7.962962962962962798e-01,4.563732445240020752e-01,0.000000000000000000e+00
4.905000000000000000e+04,6.091738939285278320e-01,7.592592592592593004e-01,4.821762144565582275e-01,0.000000000000000000e+00
4.906000000000000000e+04,6.130347251892089844e-01,7.777777777777777901e-01,5.143956542015075684e-01,0.000000000000000000e+00
4.907000000000000000e+04,5.637957453727722168e-01,7.037037037037037202e-01,4.380290508270263672e-01,0.000000000000000000e+00
4.908000000000000000e+04,5.925997495651245117e-01,7.962962962962962798e-01,4.620358645915985107e-01,0.000000000000000000e+00
4.909000000000000000e+04,5.837668776512145996e-01,7.407407407407406996e-01,4.450334906578063965e-01,0.000000000000000000e+00
4.910000000000000000e+04,5.793753862380981445e-01,8.148148148148147696e-01,4.687138199806213379e-01,0.000000000000000000e+00
4.911000000000000000e+04,6.208032369613647461e-01,7.222222222222222099e-01,4.902945160865783691e-01,0.000000000000000000e+00
4.912000000000000000e+04,6.060551404953002930e-01,7.777777777777777901e-01,4.983310997486114502e-01,0.000000000000000000e+00
4.913000000000000000e+04,5.963012576103210449e-01,7.962962962962962798e-01,4.517610669136047363e-01,0.000000000000000000e+00
4.914000000000000000e+04,5.969047546386718750e-01,7.777777777777777901e-01,4.812461137771606445e-01,0.000000000000000000e+00
4.915000000000000000e+04,6.135081648826599121e-01,8.148148148148147696e-01,4.976526796817779541e-01,0.000000000000000000e+00
4.916000000000000000e+04,5.978308916091918945e-01,7.962962962962962798e-01,4.837591946125030518e-01,0.000000000000000000e+00
4.917000000000000000e+04,6.032826900482177734e-01,7.777777777777777901e-01,4.802425801753997803e-01,0.000000000000000000e+00
4.918000000000000000e+04,6.000300645828247070e-01,7.962962962962962798e-01,4.691035747528076172e-01,0.000000000000000000e+00
4.919000000000000000e+04,6.056303977966308594e-01,7.777777777777777901e-01,4.669075906276702881e-01,0.000000000000000000e+00
4.920000000000000000e+04,5.981424450874328613e-01,7.962962962962962798e-01,4.689171314239501953e-01,0.000000000000000000e+00
4.921000000000000000e+04,5.890654921531677246e-01,7.777777777777777901e-01,4.451390504837036133e-01,0.000000000000000000e+00
4.922000000000000000e+04,5.919637680053710938e-01,7.962962962962962798e-01,4.675520360469818115e-01,0.000000000000000000e+00
4.923000000000000000e+04,5.868378877639770508e-01,7.592592592592593004e-01,4.587926566600799561e-01,0.000000000000000000e+00
4.924000000000000000e+04,6.030176281929016113e-01,7.777777777777777901e-01,4.754743874073028564e-01,0.000000000000000000e+00
4.925000000000000000e+04,5.926274657249450684e-01,7.777777777777777901e-01,4.726552069187164307e-01,0.000000000000000000e+00
4.926000000000000000e+04,6.155822277069091797e-01,8.148148148148147696e-01,4.888027906417846680e-01,0.000000000000000000e+00
4.927000000000000000e+04,6.196972131729125977e-01,7.592592592592593004e-01,4.894944131374359131e-01,0.000000000000000000e+00
4.928000000000000000e+04,6.038291454315185547e-01,7.592592592592593004e-01,4.857911467552185059e-01,0.000000000000000000e+00
4.929000000000000000e+04,6.127497553825378418e-01,7.962962962962962798e-01,4.812773168087005615e-01,0.000000000000000000e+00
4.930000000000000000e+04,6.121472120285034180e-01,7.592592592592593004e-01,4.784314632415771484e-01,0.000000000000000000e+00
4.931000000000000000e+04,6.040366888046264648e-01,7.592592592592593004e-01,4.493903517723083496e-01,0.000000000000000000e+00
4.932000000000000000e+04,6.064641475677490234e-01,7.592592592592593004e-01,4.351105093955993652e-01,0.000000000000000000e+00
4.933000000000000000e+04,6.300010085105895996e-01,7.222222222222222099e-01,4.605154395103454590e-01,0.000000000000000000e+00
4.934000000000000000e+04,6.157393455505371094e-01,7.037037037037037202e-01,4.612947106361389160e-01,0.000000000000000000e+00
4.935000000000000000e+04,6.207689642906188965e-01,7.222222222222222099e-01,4.389082491397857666e-01,0.000000000000000000e+00
4.936000000000000000e+04,6.135646104812622070e-01,7.222222222222222099e-01,4.022198021411895752e-01,0.000000000000000000e+00
4.937000000000000000e+04,6.256073117256164551e-01,7.407407407407406996e-01,4.318958818912506104e-01,0.000000000000000000e+00
4.938000000000000000e+04,6.005378961563110352e-01,6.666666666666666297e-01,4.040952324867248535e-01,0.000000000000000000e+00
4.939000000000000000e+04,5.928766727447509766e-01,7.592592592592593004e-01,4.131094813346862793e-01,0.000000000000000000e+00
4.940000000000000000e+04,6.125333905220031738e-01,7.592592592592593004e-01,4.398805201053619385e-01,0.000000000000000000e+00
4.941000000000000000e+04,6.172420382499694824e-01,7.037037037037037202e-01,4.416203200817108154e-01,0.000000000000000000e+00
4.942000000000000000e+04,6.531435847282409668e-01,6.851851851851852304e-01,4.563891291618347168e-01,0.000000000000000000e+00
4.943000000000000000e+04,6.252881288528442383e-01,7.037037037037037202e-01,4.484809041023254395e-01,0.000000000000000000e+00
4.944000000000000000e+04,6.179123520851135254e-01,7.407407407407406996e-01,4.518164098262786865e-01,0.000000000000000000e+00
4.945000000000000000e+04,6.141829490661621094e-01,7.592592592592593004e-01,4.555274844169616699e-01,0.000000000000000000e+00
4.946000000000000000e+04,6.138823628425598145e-01,7.222222222222222099e-01,4.445234537124633789e-01,0.000000000000000000e+00
4.947000000000000000e+04,6.074911952018737793e-01,7.222222222222222099e-01,4.443144798278808594e-01,0.000000000000000000e+00
4.948000000000000000e+04,6.150923967361450195e-01,7.222222222222222099e-01,4.618604183197021484e-01,0.000000000000000000e+00
4.949000000000000000e+04,6.087238788604736328e-01,7.222222222222222099e-01,4.140518009662628174e-01,0.000000000000000000e+00
4.950000000000000000e+04,6.241570711135864258e-01,7.037037037037037202e-01,4.644487798213958740e-01,0.000000000000000000e+00
4.951000000000000000e+04,6.015540361404418945e-01,7.962962962962962798e-01,4.189842641353607178e-01,0.000000000000000000e+00
4.952000000000000000e+04,6.202535629272460938e-01,7.592592592592593004e-01,4.702089726924896240e-01,0.000000000000000000e+00
4.953000000000000000e+04,6.072806715965270996e-01,7.592592592592593004e-01,4.405749738216400146e-01,0.000000000000000000e+00
4.954000000000000000e+04,6.095461249351501465e-01,7.407407407407406996e-01,4.360534846782684326e-01,0.000000000000000000e+00
4.955000000000000000e+04,5.940263867378234863e-01,7.592592592592593004e-01,4.110811948776245117e-01,0.000000000000000000e+00
4.956000000000000000e+04,6.080713868141174316e-01,7.222222222222222099e-01,4.386140108108520508e-01,0.000000000000000000e+00
4.957000000000000000e+04,5.974370837211608887e-01,7.592592592592593004e-01,4.299683868885040283e-01,0.000000000000000000e+00
4.958000000000000000e+04,5.863677263259887695e-01,7.222222222222222099e-01,4.066146910190582275e-01,0.000000000000000000e+00
4.959000000000000000e+04,5.909721255302429199e-01,7.222222222222222099e-01,3.989124894142150879e-01,0.000000000000000000e+00
4.960000000000000000e+04,5.968829393386840820e-01,7.592592592592593004e-01,4.460752904415130615e-01,0.000000000000000000e+00
4.961000000000000000e+04,6.068334579467773438e-01,7.222222222222222099e-01,4.301933050155639648e-01,0.000000000000000000e+00
4.962000000000000000e+04,5.866729617118835449e-01,6.851851851851852304e-01,4.165658652782440186e-01,0.000000000000000000e+00
4.963000000000000000e+04,5.765697360038757324e-01,7.592592592592593004e-01,4.325039982795715332e-01,0.000000000000000000e+00
4.964000000000000000e+04,5.983973145484924316e-01,7.777777777777777901e-01,4.430567622184753418e-01,0.000000000000000000e+00
4.965000000000000000e+04,6.189852356910705566e-01,7.592592592592593004e-01,4.855217337608337402e-01,0.000000000000000000e+00
4.966000000000000000e+04,6.142329573631286621e-01,6.666666666666666297e-01,4.661987721920013428e-01,0.000000000000000000e+00
4.967000000000000000e+04,6.340262889862060547e-01,7.407407407407406996e-01,4.921928942203521729e-01,0.000000000000000000e+00
4.968000000000000000e+04,6.186904907226562500e-01,7.407407407407406996e-01,4.633759856224060059e-01,0.000000000000000000e+00
4.969000000000000000e+04,6.421073079109191895e-01,7.222222222222222099e-01,4.908317625522613525e-01,0.000000000000000000e+00
4.970000000000000000e+04,6.247067451477050781e-01,7.222222222222222099e-01,4.539336562156677246e-01,0.000000000000000000e+00
4.971000000000000000e+04,6.167085766792297363e-01,7.037037037037037202e-01,4.723057448863983154e-01,0.000000000000000000e+00
4.972000000000000000e+04,6.205500364303588867e-01,7.222222222222222099e-01,4.620586335659027100e-01,0.000000000000000000e+00
4.973000000000000000e+04,6.248382925987243652e-01,7.037037037037037202e-01,4.737230837345123291e-01,0.000000000000000000e+00
4.974000000000000000e+04,6.284549236297607422e-01,7.037037037037037202e-01,5.070271492004394531e-01,0.000000000000000000e+00
4.975000000000000000e+04,6.156664490699768066e-01,7.407407407407406996e-01,4.929215908050537109e-01,0.000000000000000000e+00
4.976000000000000000e+04,6.124480366706848145e-01,7.592592592592593004e-01,4.792546927928924561e-01,0.000000000000000000e+00
4.977000000000000000e+04,6.108403801918029785e-01,7.222222222222222099e-01,4.480504095554351807e-01,0.000000000000000000e+00
4.978000000000000000e+04,6.233258843421936035e-01,7.222222222222222099e-01,4.934990108013153076e-01,0.000000000000000000e+00
4.979000000000000000e+04,5.950570702552795410e-01,7.407407407407406996e-01,4.597940146923065186e-01,0.000000000000000000e+00
4.980000000000000000e+04,5.909619331359863281e-01,7.407407407407406996e-01,4.350685179233551025e-01,0.000000000000000000e+00
4.981000000000000000e+04,6.101503968238830566e-01,7.222222222222222099e-01,4.600795805454254150e-01,0.000000000000000000e+00
4.982000000000000000e+04,6.029726862907409668e-01,7.222222222222222099e-01,4.446160495281219482e-01,0.000000000000000000e+00
4.983000000000000000e+04,6.125157475471496582e-01,7.592592592592593004e-01,4.709018766880035400e-01,0.000000000000000000e+00
4.984000000000000000e+04,6.106334328651428223e-01,6.851851851851852304e-01,4.409575462341308594e-01,0.000000000000000000e+00
4.985000000000000000e+04,6.119980216026306152e-01,7.037037037037037202e-01,4.293844699859619141e-01,0.000000000000000000e+00
4.986000000000000000e+04,5.964844226837158203e-01,7.407407407407406996e-01,4.012629687786102295e-01,0.000000000000000000e+00
4.987000000000000000e+04,6.136568784713745117e-01,7.592592592592593004e-01,4.161205887794494629e-01,0.000000000000000000e+00
4.988000000000000000e+04,6.146352887153625488e-01,7.037037037037037202e-01,3.774983286857604980e-01,0.000000000000000000e+00
4.989000000000000000e+04,5.900857448577880859e-01,7.037037037037037202e-01,4.206208586692810059e-01,0.000000000000000000e+00
4.990000000000000000e+04,6.087270379066467285e-01,7.407407407407406996e-01,4.269719123840332031e-01,0.000000000000000000e+00
4.991000000000000000e+04,6.140257716178894043e-01,7.407407407407406996e-01,4.244334697723388672e-01,0.000000000000000000e+00
4.992000000000000000e+04,5.760677456855773926e-01,7.407407407407406996e-01,4.146836996078491211e-01,0.000000000000000000e+00
4.993000000000000000e+04,6.097719073295593262e-01,7.592592592592593004e-01,4.645312428474426270e-01,0.000000000000000000e+00
4.994000000000000000e+04,6.053391098976135254e-01,6.851851851851852304e-01,4.405194818973541260e-01,0.000000000000000000e+00
4.995000000000000000e+04,6.106937527656555176e-01,7.592592592592593004e-01,4.512701928615570068e-01,0.000000000000000000e+00
4.996000000000000000e+04,5.933366417884826660e-01,7.777777777777777901e-01,4.481883049011230469e-01,0.000000000000000000e+00
4.997000000000000000e+04,6.044340133666992188e-01,7.037037037037037202e-01,4.442775547504425049e-01,0.000000000000000000e+00
4.998000000000000000e+04,6.215379238128662109e-01,7.222222222222222099e-01,4.424905478954315186e-01,0.000000000000000000e+00
4.999000000000000000e+04,6.102283000946044922e-01,7.777777777777777901e-01,4.278550148010253906e-01,0.000000000000000000e+00
