branch_key,action_sha256,action_type,child_sequence_sha256,baseline_role,parent_sequence_sha256,metric_name,metric_kind,comparable,reason,direction,unit,parent_value,child_value,raw_delta_child_minus_parent,improvement_delta,changed,delta_sha256
vegfa,85467e469292e22897a07f7f3a737b593c0507f3a8c101ad2d6d40f4b24f6299,masked_substitution,4b99df8828f53c5cee8b1908a8c30878e3dcfa629fe2220bfcc36844da49f334,primary_parent,02e6e8a9041d1f5e02ded66ace7f1bf8353933cb460554f7d6d4f7827ee851e3,amp_read_log10_mic_um,numeric,true,same_frozen_numeric_contract,minimize,log10(uM),0.8502392420270765,1.0108833527260477,0.16064411069897122,-0.16064411069897122,true,dcc1e6676e91406dce46c00b67e0f91cf0e5b0abb3bcab5126fddef91565e916
vegfa,85467e469292e22897a07f7f3a737b593c0507f3a8c101ad2d6d40f4b24f6299,masked_substitution,4b99df8828f53c5cee8b1908a8c30878e3dcfa629fe2220bfcc36844da49f334,primary_parent,02e6e8a9041d1f5e02ded66ace7f1bf8353933cb460554f7d6d4f7827ee851e3,guruprasad_instability_index,numeric,true,same_frozen_numeric_contract,minimize,index,-9.308695652173913,-15.843478,-6.534782347826086,6.534782347826086,true,2db2e6870d04e04e3421447740cd2f0447b5d5b6f4ba5aa84cea030c024a27a7
vegfa,85467e469292e22897a07f7f3a737b593c0507f3a8c101ad2d6d40f4b24f6299,masked_substitution,4b99df8828f53c5cee8b1908a8c30878e3dcfa629fe2220bfcc36844da49f334,primary_parent,02e6e8a9041d1f5e02ded66ace7f1bf8353933cb460554f7d6d4f7827ee851e3,hydrophobic_moment_eisenberg,numeric,false,audit_metric_has_no_monotonic_improvement_direction,audit,dimensionless,0.14056582796750103,0.14533663197657598,0.004770804009074953,,true,520a7bb310800f61be12dec8ec9acf0e6e1e0298645de305d6da02b1a9f0804c
vegfa,85467e469292e22897a07f7f3a737b593c0507f3a8c101ad2d6d40f4b24f6299,masked_substitution,4b99df8828f53c5cee8b1908a8c30878e3dcfa629fe2220bfcc36844da49f334,primary_parent,02e6e8a9041d1f5e02ded66ace7f1bf8353933cb460554f7d6d4f7827ee851e3,hydrophobic_ratio_modlamp,numeric,false,audit_metric_has_no_monotonic_improvement_direction,audit,fraction,0.2608695652173913,0.21739130434782608,-0.043478260869565216,,true,6c87a55ec315b97c80b590954108667898913361f161ad3d397fc29151001b8c
vegfa,85467e469292e22897a07f7f3a737b593c0507f3a8c101ad2d6d40f4b24f6299,masked_substitution,4b99df8828f53c5cee8b1908a8c30878e3dcfa629fe2220bfcc36844da49f334,primary_parent,02e6e8a9041d1f5e02ded66ace7f1bf8353933cb460554f7d6d4f7827ee851e3,llamp_log10_mic_um,numeric,true,same_frozen_numeric_contract,minimize,log10(uM),1.3610467910766602,1.4340428113937378,0.07299602031707764,-0.07299602031707764,true,b4878dd81190c88f9b1379588741f3808cf6418f508ff871de0fca1e456450f7
vegfa,85467e469292e22897a07f7f3a737b593c0507f3a8c101ad2d6d40f4b24f6299,masked_substitution,4b99df8828f53c5cee8b1908a8c30878e3dcfa629fe2220bfcc36844da49f334,primary_parent,02e6e8a9041d1f5e02ded66ace7f1bf8353933cb460554f7d6d4f7827ee851e3,macrel_amp_probability,numeric,true,same_frozen_numeric_contract,maximize,probability,0.584,0.501,-0.08299999999999996,-0.08299999999999996,true,2c47eb3fa8815860a48afdc3d49fc17d5a8d0a62bec94f2639245d88ebfbc5fb
vegfa,85467e469292e22897a07f7f3a737b593c0507f3a8c101ad2d6d40f4b24f6299,masked_substitution,4b99df8828f53c5cee8b1908a8c30878e3dcfa629fe2220bfcc36844da49f334,primary_parent,02e6e8a9041d1f5e02ded66ace7f1bf8353933cb460554f7d6d4f7827ee851e3,macrel_hemolysis_label,categorical,true,same_frozen_label_contract,audit,label,low,low,,,false,e71c6a9a94d7326a32387927707af3e9891fb770b3f8adee6fc5a1e98e3587ea
vegfa,85467e469292e22897a07f7f3a737b593c0507f3a8c101ad2d6d40f4b24f6299,masked_substitution,4b99df8828f53c5cee8b1908a8c30878e3dcfa629fe2220bfcc36844da49f334,primary_parent,02e6e8a9041d1f5e02ded66ace7f1bf8353933cb460554f7d6d4f7827ee851e3,macrel_hemolysis_probability,numeric,true,same_frozen_numeric_contract,minimize,probability,0.465,0.436,-0.029000000000000026,0.029000000000000026,true,8e5fb84bc2e98ca4e7eab4d89e64807d1cbe68eb1b9b42f80108d2229fb280d3
vegfa,85467e469292e22897a07f7f3a737b593c0507f3a8c101ad2d6d40f4b24f6299,masked_substitution,4b99df8828f53c5cee8b1908a8c30878e3dcfa629fe2220bfcc36844da49f334,primary_parent,02e6e8a9041d1f5e02ded66ace7f1bf8353933cb460554f7d6d4f7827ee851e3,maximum_hydrophobic_run,numeric,true,same_frozen_numeric_contract,minimize,residues,2.0,1.0,-1.0,1.0,true,8fef0faaf89d5684380f9b59a7dd78bcec787fee847ea4b1c1118aaf9390dc50
vegfa,85467e469292e22897a07f7f3a737b593c0507f3a8c101ad2d6d40f4b24f6299,masked_substitution,4b99df8828f53c5cee8b1908a8c30878e3dcfa629fe2220bfcc36844da49f334,primary_parent,02e6e8a9041d1f5e02ded66ace7f1bf8353933cb460554f7d6d4f7827ee851e3,net_charge_ph7_4,numeric,false,audit_metric_has_no_monotonic_improvement_direction,audit,elementary_charge,6.112,6.112,0.0,,false,d06beecb5cb29ef694786722e2527d920b230aba2b0e26a03e122a8393008dcf
vegfa,85467e469292e22897a07f7f3a737b593c0507f3a8c101ad2d6d40f4b24f6299,masked_substitution,4b99df8828f53c5cee8b1908a8c30878e3dcfa629fe2220bfcc36844da49f334,primary_parent,02e6e8a9041d1f5e02ded66ace7f1bf8353933cb460554f7d6d4f7827ee851e3,toxinpred3_hybrid_score,numeric,true,same_frozen_numeric_contract,minimize,dimensionless,0.0,0.37,0.37,-0.37,true,44f3bfd3b77a93fff31715167c3cda9c9d3ee0b9e29256efb95d025f3b48b4b1
vegfa,85467e469292e22897a07f7f3a737b593c0507f3a8c101ad2d6d40f4b24f6299,masked_substitution,4b99df8828f53c5cee8b1908a8c30878e3dcfa629fe2220bfcc36844da49f334,primary_parent,02e6e8a9041d1f5e02ded66ace7f1bf8353933cb460554f7d6d4f7827ee851e3,toxinpred3_label,categorical,true,same_frozen_label_contract,audit,label,Non-Toxin,Non-Toxin,,,false,a5905c1488a04b85e241977ed79fc7c8a155a1cbefe8df8f64d878e9e7e3d01b
vegfa,cde101eedcbd87980caaf6fb57dce74bb8c9ff601c23f92df12ad48df95c1cad,controlled_crossover,836d8c51b8780f0a922550ba1c5a1ec62f1bd5c1b232bbd57cc87be9dd9bca43,primary_parent,1852d0385396cacd5f7d48624e6014bea585ff5066195d0ac9d14496615dbe74,amp_read_log10_mic_um,numeric,true,same_frozen_numeric_contract,minimize,log10(uM),0.8556499119534838,1.688545799056239,0.8328958871027551,-0.8328958871027551,true,a58c7e10fb80464f8cff8ba62e226e7b2ce533d560e3e68ef3c710b359b723f3
vegfa,cde101eedcbd87980caaf6fb57dce74bb8c9ff601c23f92df12ad48df95c1cad,controlled_crossover,836d8c51b8780f0a922550ba1c5a1ec62f1bd5c1b232bbd57cc87be9dd9bca43,primary_parent,1852d0385396cacd5f7d48624e6014bea585ff5066195d0ac9d14496615dbe74,guruprasad_instability_index,numeric,true,same_frozen_numeric_contract,minimize,index,-9.308695652173913,27.96087,37.26956565217391,-37.26956565217391,true,5019100f6c461ed602ec62d1ef5946e9796a0c13bac1836262f6e97b12920542
vegfa,cde101eedcbd87980caaf6fb57dce74bb8c9ff601c23f92df12ad48df95c1cad,controlled_crossover,836d8c51b8780f0a922550ba1c5a1ec62f1bd5c1b232bbd57cc87be9dd9bca43,primary_parent,1852d0385396cacd5f7d48624e6014bea585ff5066195d0ac9d14496615dbe74,hydrophobic_moment_eisenberg,numeric,false,audit_metric_has_no_monotonic_improvement_direction,audit,dimensionless,0.22812344926292888,0.22847140784277215,0.00034795857984326606,,true,b5c46363f28ef543a737f710ff24f019d46479be39df710afb839f33612c64d4
vegfa,cde101eedcbd87980caaf6fb57dce74bb8c9ff601c23f92df12ad48df95c1cad,controlled_crossover,836d8c51b8780f0a922550ba1c5a1ec62f1bd5c1b232bbd57cc87be9dd9bca43,primary_parent,1852d0385396cacd5f7d48624e6014bea585ff5066195d0ac9d14496615dbe74,hydrophobic_ratio_modlamp,numeric,false,audit_metric_has_no_monotonic_improvement_direction,audit,fraction,0.21739130434782608,0.0,-0.21739130434782608,,true,3e09b22da02005637b6e71a21b218c33cc9b458635547ca61bed8285dcc41e95
vegfa,cde101eedcbd87980caaf6fb57dce74bb8c9ff601c23f92df12ad48df95c1cad,controlled_crossover,836d8c51b8780f0a922550ba1c5a1ec62f1bd5c1b232bbd57cc87be9dd9bca43,primary_parent,1852d0385396cacd5f7d48624e6014bea585ff5066195d0ac9d14496615dbe74,llamp_log10_mic_um,numeric,true,same_frozen_numeric_contract,minimize,log10(uM),1.2277473211288452,1.416937232017517,0.18918991088867188,-0.18918991088867188,true,94a580c2f30d5c1366364ff29ee41ffff123b47b970c303a96e29b1b8066ebb9
vegfa,cde101eedcbd87980caaf6fb57dce74bb8c9ff601c23f92df12ad48df95c1cad,controlled_crossover,836d8c51b8780f0a922550ba1c5a1ec62f1bd5c1b232bbd57cc87be9dd9bca43,primary_parent,1852d0385396cacd5f7d48624e6014bea585ff5066195d0ac9d14496615dbe74,macrel_amp_probability,numeric,true,same_frozen_numeric_contract,maximize,probability,0.511,0.396,-0.11499999999999999,-0.11499999999999999,true,82f1c20d19f282b31b0cf4429fc49470ffc2380479bead5c6212c8e9996dd744
vegfa,cde101eedcbd87980caaf6fb57dce74bb8c9ff601c23f92df12ad48df95c1cad,controlled_crossover,836d8c51b8780f0a922550ba1c5a1ec62f1bd5c1b232bbd57cc87be9dd9bca43,primary_parent,1852d0385396cacd5f7d48624e6014bea585ff5066195d0ac9d14496615dbe74,macrel_hemolysis_label,categorical,true,same_frozen_label_contract,audit,label,low,low,,,false,f51bf6b5d05b6649f3e9f4c673255810d2be830ad16078386db972b4c16abd76
vegfa,cde101eedcbd87980caaf6fb57dce74bb8c9ff601c23f92df12ad48df95c1cad,controlled_crossover,836d8c51b8780f0a922550ba1c5a1ec62f1bd5c1b232bbd57cc87be9dd9bca43,primary_parent,1852d0385396cacd5f7d48624e6014bea585ff5066195d0ac9d14496615dbe74,macrel_hemolysis_probability,numeric,true,same_frozen_numeric_contract,minimize,probability,0.416,0.297,-0.119,0.119,true,cac5fc00ec3e1a652c5eeaa70289ebfbe3b648add10fff6dfd66d584276d3b20
vegfa,cde101eedcbd87980caaf6fb57dce74bb8c9ff601c23f92df12ad48df95c1cad,controlled_crossover,836d8c51b8780f0a922550ba1c5a1ec62f1bd5c1b232bbd57cc87be9dd9bca43,primary_parent,1852d0385396cacd5f7d48624e6014bea585ff5066195d0ac9d14496615dbe74,maximum_hydrophobic_run,numeric,true,same_frozen_numeric_contract,minimize,residues,2.0,0.0,-2.0,2.0,true,9bdb763bd82b31bd06eef995d74b3da7550defeaaf96254e4d902318a05fbb0d
vegfa,cde101eedcbd87980caaf6fb57dce74bb8c9ff601c23f92df12ad48df95c1cad,controlled_crossover,836d8c51b8780f0a922550ba1c5a1ec62f1bd5c1b232bbd57cc87be9dd9bca43,primary_parent,1852d0385396cacd5f7d48624e6014bea585ff5066195d0ac9d14496615dbe74,net_charge_ph7_4,numeric,false,audit_metric_has_no_monotonic_improvement_direction,audit,elementary_charge,7.111,9.027,1.9159999999999995,,true,df6d767e5c915ef1df36eaa8df1ad13d08ed22866e9e45f84bc08649f02ba87d
vegfa,cde101eedcbd87980caaf6fb57dce74bb8c9ff601c23f92df12ad48df95c1cad,controlled_crossover,836d8c51b8780f0a922550ba1c5a1ec62f1bd5c1b232bbd57cc87be9dd9bca43,primary_parent,1852d0385396cacd5f7d48624e6014bea585ff5066195d0ac9d14496615dbe74,toxinpred3_hybrid_score,numeric,true,same_frozen_numeric_contract,minimize,dimensionless,0.0,0.0,0.0,-0.0,false,b3ba46a67c6e4fd92c9f24bf5d008465e7d4b309d4dcf0620ff8084fc276ea01
vegfa,cde101eedcbd87980caaf6fb57dce74bb8c9ff601c23f92df12ad48df95c1cad,controlled_crossover,836d8c51b8780f0a922550ba1c5a1ec62f1bd5c1b232bbd57cc87be9dd9bca43,primary_parent,1852d0385396cacd5f7d48624e6014bea585ff5066195d0ac9d14496615dbe74,toxinpred3_label,categorical,true,same_frozen_label_contract,audit,label,Non-Toxin,Non-Toxin,,,false,054f3a424854b0abbf9ae67556bfa4635913aa8ee08cbe1c959b00cae12e91b5
vegfa,cde101eedcbd87980caaf6fb57dce74bb8c9ff601c23f92df12ad48df95c1cad,controlled_crossover,836d8c51b8780f0a922550ba1c5a1ec62f1bd5c1b232bbd57cc87be9dd9bca43,donor_parent,1d4045ee102780188e827660368729f44269e8780200c1bedb280e380f1d5243,amp_read_log10_mic_um,numeric,true,same_frozen_numeric_contract,minimize,log10(uM),1.2629065663007313,1.688545799056239,0.42563923275550763,-0.42563923275550763,true,5eef8df7c0c864512f76bf63948995a1505924371a3db0a65e211a831647cc22
vegfa,cde101eedcbd87980caaf6fb57dce74bb8c9ff601c23f92df12ad48df95c1cad,controlled_crossover,836d8c51b8780f0a922550ba1c5a1ec62f1bd5c1b232bbd57cc87be9dd9bca43,donor_parent,1d4045ee102780188e827660368729f44269e8780200c1bedb280e380f1d5243,guruprasad_instability_index,numeric,true,same_frozen_numeric_contract,minimize,index,35.079166666666666,27.96087,-7.118296666666666,7.118296666666666,true,4ec59d59b766fb29f9dcb09de63bc1db35e29cfc51ec04b25faca635615a184b
vegfa,cde101eedcbd87980caaf6fb57dce74bb8c9ff601c23f92df12ad48df95c1cad,controlled_crossover,836d8c51b8780f0a922550ba1c5a1ec62f1bd5c1b232bbd57cc87be9dd9bca43,donor_parent,1d4045ee102780188e827660368729f44269e8780200c1bedb280e380f1d5243,hydrophobic_moment_eisenberg,numeric,false,audit_metric_has_no_monotonic_improvement_direction,audit,dimensionless,0.2750561915542174,0.22847140784277215,-0.046584783711445255,,true,1f04df302530ecb2082218baefea9fa9b18c757d8da074f99ffec7088fecd686
vegfa,cde101eedcbd87980caaf6fb57dce74bb8c9ff601c23f92df12ad48df95c1cad,controlled_crossover,836d8c51b8780f0a922550ba1c5a1ec62f1bd5c1b232bbd57cc87be9dd9bca43,donor_parent,1d4045ee102780188e827660368729f44269e8780200c1bedb280e380f1d5243,hydrophobic_ratio_modlamp,numeric,false,audit_metric_has_no_monotonic_improvement_direction,audit,fraction,0.08333333333333333,0.0,-0.08333333333333333,,true,0aec1d92da57ea20a1562baa91ae83eb5d30dd93e4546d6b1bfe3dfdcec70b99
vegfa,cde101eedcbd87980caaf6fb57dce74bb8c9ff601c23f92df12ad48df95c1cad,controlled_crossover,836d8c51b8780f0a922550ba1c5a1ec62f1bd5c1b232bbd57cc87be9dd9bca43,donor_parent,1d4045ee102780188e827660368729f44269e8780200c1bedb280e380f1d5243,llamp_log10_mic_um,numeric,true,same_frozen_numeric_contract,minimize,log10(uM),1.0507502555847168,1.416937232017517,0.3661869764328003,-0.3661869764328003,true,19510b2648d7efb12c194e9e6b18fd2dd17bf870a01a77b7dc97cb9c1bc74d04
vegfa,cde101eedcbd87980caaf6fb57dce74bb8c9ff601c23f92df12ad48df95c1cad,controlled_crossover,836d8c51b8780f0a922550ba1c5a1ec62f1bd5c1b232bbd57cc87be9dd9bca43,donor_parent,1d4045ee102780188e827660368729f44269e8780200c1bedb280e380f1d5243,macrel_amp_probability,numeric,true,same_frozen_numeric_contract,maximize,probability,0.505,0.396,-0.10899999999999999,-0.10899999999999999,true,8a0dc2faed745a97961958eba2ad2dd0629399b575442a77aef415413326568c
vegfa,cde101eedcbd87980caaf6fb57dce74bb8c9ff601c23f92df12ad48df95c1cad,controlled_crossover,836d8c51b8780f0a922550ba1c5a1ec62f1bd5c1b232bbd57cc87be9dd9bca43,donor_parent,1d4045ee102780188e827660368729f44269e8780200c1bedb280e380f1d5243,macrel_hemolysis_label,categorical,true,same_frozen_label_contract,audit,label,low,low,,,false,aa7748a4a1dedd475ed9f138d28809dc4dca4b9c6a6bb5bf2c99ed32fac58621
vegfa,cde101eedcbd87980caaf6fb57dce74bb8c9ff601c23f92df12ad48df95c1cad,controlled_crossover,836d8c51b8780f0a922550ba1c5a1ec62f1bd5c1b232bbd57cc87be9dd9bca43,donor_parent,1d4045ee102780188e827660368729f44269e8780200c1bedb280e380f1d5243,macrel_hemolysis_probability,numeric,true,same_frozen_numeric_contract,minimize,probability,0.495,0.297,-0.198,0.198,true,5f5bf059125bb94c8451e17f423f42368cc1b88d41923cc307b2af05a0e967bc
vegfa,cde101eedcbd87980caaf6fb57dce74bb8c9ff601c23f92df12ad48df95c1cad,controlled_crossover,836d8c51b8780f0a922550ba1c5a1ec62f1bd5c1b232bbd57cc87be9dd9bca43,donor_parent,1d4045ee102780188e827660368729f44269e8780200c1bedb280e380f1d5243,maximum_hydrophobic_run,numeric,true,same_frozen_numeric_contract,minimize,residues,1.0,0.0,-1.0,1.0,true,60adc37ba3b00500227a2029200bfbf760d1dfa78c1080f1e0d46f1fdba92961
vegfa,cde101eedcbd87980caaf6fb57dce74bb8c9ff601c23f92df12ad48df95c1cad,controlled_crossover,836d8c51b8780f0a922550ba1c5a1ec62f1bd5c1b232bbd57cc87be9dd9bca43,donor_parent,1d4045ee102780188e827660368729f44269e8780200c1bedb280e380f1d5243,net_charge_ph7_4,numeric,false,audit_metric_has_no_monotonic_improvement_direction,audit,elementary_charge,8.028,9.027,0.9989999999999988,,true,dfbe53c75e7ba455f70a5d05b743583ff86b5582d34480d61278ca6d32a3dd82
vegfa,cde101eedcbd87980caaf6fb57dce74bb8c9ff601c23f92df12ad48df95c1cad,controlled_crossover,836d8c51b8780f0a922550ba1c5a1ec62f1bd5c1b232bbd57cc87be9dd9bca43,donor_parent,1d4045ee102780188e827660368729f44269e8780200c1bedb280e380f1d5243,toxinpred3_hybrid_score,numeric,true,same_frozen_numeric_contract,minimize,dimensionless,0.0,0.0,0.0,-0.0,false,ecbcd76ea2dfea1bb1ac0990a670a8e5d49bd0f7462c2c84cc8fb9de451be31c
vegfa,cde101eedcbd87980caaf6fb57dce74bb8c9ff601c23f92df12ad48df95c1cad,controlled_crossover,836d8c51b8780f0a922550ba1c5a1ec62f1bd5c1b232bbd57cc87be9dd9bca43,donor_parent,1d4045ee102780188e827660368729f44269e8780200c1bedb280e380f1d5243,toxinpred3_label,categorical,true,same_frozen_label_contract,audit,label,Non-Toxin,Non-Toxin,,,false,5cded78d4a469c82594fbf6d261535416cd4bbe9c7099946519a50024780b339
vegfa,7f4e2f3d3d67f18bc0e32199f00e659680abfdfd74704d04685b7bc3a3c99ef2,de_novo,6530e54277047308dd3d64a9804110f9f21e118985af69219e5ed1e4cb357d53,none,,amp_read_log10_mic_um,numeric,false,de_novo_has_no_biological_parent,,,,1.9569091319723955,,,,da9d235609eeb6892cdbbb121a3335cb8a41eaa6b9efa2b16311706a6f1772b8
vegfa,7f4e2f3d3d67f18bc0e32199f00e659680abfdfd74704d04685b7bc3a3c99ef2,de_novo,6530e54277047308dd3d64a9804110f9f21e118985af69219e5ed1e4cb357d53,none,,guruprasad_instability_index,numeric,false,de_novo_has_no_biological_parent,,,,27.615000,,,,c53cf5d3de9d90f9ad54331b3cefa286d5a156fc9dd218fd6aa196895101ac0c
vegfa,7f4e2f3d3d67f18bc0e32199f00e659680abfdfd74704d04685b7bc3a3c99ef2,de_novo,6530e54277047308dd3d64a9804110f9f21e118985af69219e5ed1e4cb357d53,none,,hydrophobic_moment_eisenberg,numeric,false,de_novo_has_no_biological_parent,,,,0.13259882186065325,,,,178f67b10eb80a83a5276d43cfa2ffb6ae0e6f5a714a6fb377d938b5ef609d7a
vegfa,7f4e2f3d3d67f18bc0e32199f00e659680abfdfd74704d04685b7bc3a3c99ef2,de_novo,6530e54277047308dd3d64a9804110f9f21e118985af69219e5ed1e4cb357d53,none,,hydrophobic_ratio_modlamp,numeric,false,de_novo_has_no_biological_parent,,,,0.2,,,,559c71640b8118448d6f37315a3eba2a0da83f784a77f953cbd09755a015c02c
vegfa,7f4e2f3d3d67f18bc0e32199f00e659680abfdfd74704d04685b7bc3a3c99ef2,de_novo,6530e54277047308dd3d64a9804110f9f21e118985af69219e5ed1e4cb357d53,none,,llamp_log10_mic_um,numeric,false,de_novo_has_no_biological_parent,,,,1.857986569404602,,,,d612f7711c7ac2cf4960f98edc2074ea1de82d2670c2da800832541568b811a7
vegfa,7f4e2f3d3d67f18bc0e32199f00e659680abfdfd74704d04685b7bc3a3c99ef2,de_novo,6530e54277047308dd3d64a9804110f9f21e118985af69219e5ed1e4cb357d53,none,,macrel_amp_probability,numeric,false,de_novo_has_no_biological_parent,,,,0.446,,,,d5080939dc9606bd483314bbde5f1beb3e026d21e0853b7dc5c7a0c69400ff03
vegfa,7f4e2f3d3d67f18bc0e32199f00e659680abfdfd74704d04685b7bc3a3c99ef2,de_novo,6530e54277047308dd3d64a9804110f9f21e118985af69219e5ed1e4cb357d53,none,,macrel_hemolysis_label,categorical,false,de_novo_has_no_biological_parent,,,,low,,,,c18acdf8699acfbb00ffc64063f0a18af43f9340ebc54668ebd0a463a2ab0dfb
vegfa,7f4e2f3d3d67f18bc0e32199f00e659680abfdfd74704d04685b7bc3a3c99ef2,de_novo,6530e54277047308dd3d64a9804110f9f21e118985af69219e5ed1e4cb357d53,none,,macrel_hemolysis_probability,numeric,false,de_novo_has_no_biological_parent,,,,0.376,,,,5fc0a6baccf13657089ff16502b6f82a1ea102e260582ed781c11d0b0cd51aa8
vegfa,7f4e2f3d3d67f18bc0e32199f00e659680abfdfd74704d04685b7bc3a3c99ef2,de_novo,6530e54277047308dd3d64a9804110f9f21e118985af69219e5ed1e4cb357d53,none,,maximum_hydrophobic_run,numeric,false,de_novo_has_no_biological_parent,,,,2,,,,f2196799156be8129fe81a939c856457655a03763ebf1c5ad15a155cc904cf80
vegfa,7f4e2f3d3d67f18bc0e32199f00e659680abfdfd74704d04685b7bc3a3c99ef2,de_novo,6530e54277047308dd3d64a9804110f9f21e118985af69219e5ed1e4cb357d53,none,,net_charge_ph7_4,numeric,false,de_novo_has_no_biological_parent,,,,5.029,,,,35b702dff89004d7ee4742da4cf4f75e712a3f53bad0de2fb5fd90b666e713ea
vegfa,7f4e2f3d3d67f18bc0e32199f00e659680abfdfd74704d04685b7bc3a3c99ef2,de_novo,6530e54277047308dd3d64a9804110f9f21e118985af69219e5ed1e4cb357d53,none,,toxinpred3_hybrid_score,numeric,false,de_novo_has_no_biological_parent,,,,0.0,,,,43747b31354c1eff7109bccbb6a70b7a0afd06bae618a173b660e45ff9a67074
vegfa,7f4e2f3d3d67f18bc0e32199f00e659680abfdfd74704d04685b7bc3a3c99ef2,de_novo,6530e54277047308dd3d64a9804110f9f21e118985af69219e5ed1e4cb357d53,none,,toxinpred3_label,categorical,false,de_novo_has_no_biological_parent,,,,Non-Toxin,,,,18d18b48a963d2f7953ee443e4eff137d656600192a8c23af2b662e4ef07295e
vegfa,d2d156744e92e9d4770f8d087a01be30c4959fdc63d3e3ad04432d5d134dbe56,de_novo,f7257f0517163457eaa2d19c1fe605f14e3bbd5728cb38ec3c85d5258dcbbd2b,none,,amp_read_log10_mic_um,numeric,false,de_novo_has_no_biological_parent,,,,1.9363988504061127,,,,9a3f3aeef7c4541e9937a3190778b3e87f64b5803537d613e320893312b81093
vegfa,d2d156744e92e9d4770f8d087a01be30c4959fdc63d3e3ad04432d5d134dbe56,de_novo,f7257f0517163457eaa2d19c1fe605f14e3bbd5728cb38ec3c85d5258dcbbd2b,none,,guruprasad_instability_index,numeric,false,de_novo_has_no_biological_parent,,,,20.033333,,,,b797ae08c82701d687c9aaafb78233a6afe737b65d123d7afb20f945ff080db5
vegfa,d2d156744e92e9d4770f8d087a01be30c4959fdc63d3e3ad04432d5d134dbe56,de_novo,f7257f0517163457eaa2d19c1fe605f14e3bbd5728cb38ec3c85d5258dcbbd2b,none,,hydrophobic_moment_eisenberg,numeric,false,de_novo_has_no_biological_parent,,,,0.0856489135480118,,,,88322ecc7c75ae9c45abf0e25c8c60e91c1dc31637ce526e3bc265f7a1fb25d8
vegfa,d2d156744e92e9d4770f8d087a01be30c4959fdc63d3e3ad04432d5d134dbe56,de_novo,f7257f0517163457eaa2d19c1fe605f14e3bbd5728cb38ec3c85d5258dcbbd2b,none,,hydrophobic_ratio_modlamp,numeric,false,de_novo_has_no_biological_parent,,,,0.125,,,,3b330c81c1f2806d180608cc62c8e940006a9552781e04b06a88d30c7f649e82
vegfa,d2d156744e92e9d4770f8d087a01be30c4959fdc63d3e3ad04432d5d134dbe56,de_novo,f7257f0517163457eaa2d19c1fe605f14e3bbd5728cb38ec3c85d5258dcbbd2b,none,,llamp_log10_mic_um,numeric,false,de_novo_has_no_biological_parent,,,,0.9488931894302368,,,,92d1a059bda347bb00fc7b994692ab18e9f84bacddfb3bba1ed1e3ea393e0e86
vegfa,d2d156744e92e9d4770f8d087a01be30c4959fdc63d3e3ad04432d5d134dbe56,de_novo,f7257f0517163457eaa2d19c1fe605f14e3bbd5728cb38ec3c85d5258dcbbd2b,none,,macrel_amp_probability,numeric,false,de_novo_has_no_biological_parent,,,,0.366,,,,3e36e229a1085f3b1f35dcb93f833a9f4ec39044cb8b8dd28006ad183ade35f2
vegfa,d2d156744e92e9d4770f8d087a01be30c4959fdc63d3e3ad04432d5d134dbe56,de_novo,f7257f0517163457eaa2d19c1fe605f14e3bbd5728cb38ec3c85d5258dcbbd2b,none,,macrel_hemolysis_label,categorical,false,de_novo_has_no_biological_parent,,,,low,,,,498c15721adff953e078576a7cb070c30029a062953634a6c2cf94de4a44039c
vegfa,d2d156744e92e9d4770f8d087a01be30c4959fdc63d3e3ad04432d5d134dbe56,de_novo,f7257f0517163457eaa2d19c1fe605f14e3bbd5728cb38ec3c85d5258dcbbd2b,none,,macrel_hemolysis_probability,numeric,false,de_novo_has_no_biological_parent,,,,0.366,,,,ad86acff4a1e51eec2ea2f2633539bbb7e3b3330f2a83a2323f5c8f50a11bb0b
vegfa,d2d156744e92e9d4770f8d087a01be30c4959fdc63d3e3ad04432d5d134dbe56,de_novo,f7257f0517163457eaa2d19c1fe605f14e3bbd5728cb38ec3c85d5258dcbbd2b,none,,maximum_hydrophobic_run,numeric,false,de_novo_has_no_biological_parent,,,,2,,,,0429abb24af2e74547237e1963d530e906debff9328d8a89febcdc767f10666f
vegfa,d2d156744e92e9d4770f8d087a01be30c4959fdc63d3e3ad04432d5d134dbe56,de_novo,f7257f0517163457eaa2d19c1fe605f14e3bbd5728cb38ec3c85d5258dcbbd2b,none,,net_charge_ph7_4,numeric,false,de_novo_has_no_biological_parent,,,,9.028,,,,a0f47dd36fa67831f4e2c08f0699889f1ac5ee53894ff15780ffc29d4fc9ecd1
vegfa,d2d156744e92e9d4770f8d087a01be30c4959fdc63d3e3ad04432d5d134dbe56,de_novo,f7257f0517163457eaa2d19c1fe605f14e3bbd5728cb38ec3c85d5258dcbbd2b,none,,toxinpred3_hybrid_score,numeric,false,de_novo_has_no_biological_parent,,,,0.42,,,,7f56eae9735affaabf7ad4cc50cb4b7f329743e6f62e4e7ea8891ad44fc02c76
vegfa,d2d156744e92e9d4770f8d087a01be30c4959fdc63d3e3ad04432d5d134dbe56,de_novo,f7257f0517163457eaa2d19c1fe605f14e3bbd5728cb38ec3c85d5258dcbbd2b,none,,toxinpred3_label,categorical,false,de_novo_has_no_biological_parent,,,,Toxin,,,,5fee2f9fa277a669931863e5af7ab3bd8aaf63e6467710f6f6808e581318c329
vegfa,f4178dfb4765a1b9bff8dfa38cc7f0eded261908e2e02460ffb6a65ce67429c2,masked_substitution,50d203be85bfcc98dda67ae7d8d3da70eece263c3b5875d45d8f08cf1ff8bb1c,primary_parent,02e6e8a9041d1f5e02ded66ace7f1bf8353933cb460554f7d6d4f7827ee851e3,amp_read_log10_mic_um,numeric,true,same_frozen_numeric_contract,minimize,log10(uM),0.8502392420270765,0.9136748484232556,0.06343560639617918,-0.06343560639617918,true,416e329c7ec19e3b065ba200fe27f17313e2abaadb2b5b07a1ed3075dcee5e75
vegfa,f4178dfb4765a1b9bff8dfa38cc7f0eded261908e2e02460ffb6a65ce67429c2,masked_substitution,50d203be85bfcc98dda67ae7d8d3da70eece263c3b5875d45d8f08cf1ff8bb1c,primary_parent,02e6e8a9041d1f5e02ded66ace7f1bf8353933cb460554f7d6d4f7827ee851e3,guruprasad_instability_index,numeric,true,same_frozen_numeric_contract,minimize,index,-9.308695652173913,-12.586957,-3.2782613478260867,3.2782613478260867,true,46cd1376ef6673938e77cdb4d3bfa10fc51bbc477e35afda98388b8b08f2ebac
vegfa,f4178dfb4765a1b9bff8dfa38cc7f0eded261908e2e02460ffb6a65ce67429c2,masked_substitution,50d203be85bfcc98dda67ae7d8d3da70eece263c3b5875d45d8f08cf1ff8bb1c,primary_parent,02e6e8a9041d1f5e02ded66ace7f1bf8353933cb460554f7d6d4f7827ee851e3,hydrophobic_moment_eisenberg,numeric,false,audit_metric_has_no_monotonic_improvement_direction,audit,dimensionless,0.14056582796750103,0.14639520921627325,0.00582938124877222,,true,846294ad29a0066ece0f60b8d653fde346bd724a56524861f492a5a276f680ab
vegfa,f4178dfb4765a1b9bff8dfa38cc7f0eded261908e2e02460ffb6a65ce67429c2,masked_substitution,50d203be85bfcc98dda67ae7d8d3da70eece263c3b5875d45d8f08cf1ff8bb1c,primary_parent,02e6e8a9041d1f5e02ded66ace7f1bf8353933cb460554f7d6d4f7827ee851e3,hydrophobic_ratio_modlamp,numeric,false,audit_metric_has_no_monotonic_improvement_direction,audit,fraction,0.2608695652173913,0.21739130434782608,-0.043478260869565216,,true,23f7cd3c8efda0fe5bde8a3773df67dac39f276d1f316e0aa04abee7ec42515a
vegfa,f4178dfb4765a1b9bff8dfa38cc7f0eded261908e2e02460ffb6a65ce67429c2,masked_substitution,50d203be85bfcc98dda67ae7d8d3da70eece263c3b5875d45d8f08cf1ff8bb1c,primary_parent,02e6e8a9041d1f5e02ded66ace7f1bf8353933cb460554f7d6d4f7827ee851e3,llamp_log10_mic_um,numeric,true,same_frozen_numeric_contract,minimize,log10(uM),1.3610467910766602,1.4707162380218506,0.10966944694519043,-0.10966944694519043,true,b03c64a35b641abbd054de46614c8c44cb5d5800b9731739d1bc1bb62874567a
vegfa,f4178dfb4765a1b9bff8dfa38cc7f0eded261908e2e02460ffb6a65ce67429c2,masked_substitution,50d203be85bfcc98dda67ae7d8d3da70eece263c3b5875d45d8f08cf1ff8bb1c,primary_parent,02e6e8a9041d1f5e02ded66ace7f1bf8353933cb460554f7d6d4f7827ee851e3,macrel_amp_probability,numeric,true,same_frozen_numeric_contract,maximize,probability,0.584,0.471,-0.11299999999999999,-0.11299999999999999,true,ae3da32046ec3e293158898a48c0e41078ebefab9dea7db7083891eafd64f7e9
vegfa,f4178dfb4765a1b9bff8dfa38cc7f0eded261908e2e02460ffb6a65ce67429c2,masked_substitution,50d203be85bfcc98dda67ae7d8d3da70eece263c3b5875d45d8f08cf1ff8bb1c,primary_parent,02e6e8a9041d1f5e02ded66ace7f1bf8353933cb460554f7d6d4f7827ee851e3,macrel_hemolysis_label,categorical,true,same_frozen_label_contract,audit,label,low,low,,,false,eb66ee8c3567cc6e36f94b449f96491f7a6fa43d94837e4d1eb112ff95341149
vegfa,f4178dfb4765a1b9bff8dfa38cc7f0eded261908e2e02460ffb6a65ce67429c2,masked_substitution,50d203be85bfcc98dda67ae7d8d3da70eece263c3b5875d45d8f08cf1ff8bb1c,primary_parent,02e6e8a9041d1f5e02ded66ace7f1bf8353933cb460554f7d6d4f7827ee851e3,macrel_hemolysis_probability,numeric,true,same_frozen_numeric_contract,minimize,probability,0.465,0.455,-0.010000000000000009,0.010000000000000009,true,d522333dbeb6dfa03dcbef16090d172dbb6b45c6f1787c33258612b618585e82
vegfa,f4178dfb4765a1b9bff8dfa38cc7f0eded261908e2e02460ffb6a65ce67429c2,masked_substitution,50d203be85bfcc98dda67ae7d8d3da70eece263c3b5875d45d8f08cf1ff8bb1c,primary_parent,02e6e8a9041d1f5e02ded66ace7f1bf8353933cb460554f7d6d4f7827ee851e3,maximum_hydrophobic_run,numeric,true,same_frozen_numeric_contract,minimize,residues,2.0,1.0,-1.0,1.0,true,79a573acf1606cedb3e6464dc14cc5cfcd248e7bb623ecab4a4e55e3762c235c
vegfa,f4178dfb4765a1b9bff8dfa38cc7f0eded261908e2e02460ffb6a65ce67429c2,masked_substitution,50d203be85bfcc98dda67ae7d8d3da70eece263c3b5875d45d8f08cf1ff8bb1c,primary_parent,02e6e8a9041d1f5e02ded66ace7f1bf8353933cb460554f7d6d4f7827ee851e3,net_charge_ph7_4,numeric,false,audit_metric_has_no_monotonic_improvement_direction,audit,elementary_charge,6.112,6.112,0.0,,false,38bd852056e2b484c6b0e563cbe153220fee4b2536ab5ab04cbaa90879c84295
vegfa,f4178dfb4765a1b9bff8dfa38cc7f0eded261908e2e02460ffb6a65ce67429c2,masked_substitution,50d203be85bfcc98dda67ae7d8d3da70eece263c3b5875d45d8f08cf1ff8bb1c,primary_parent,02e6e8a9041d1f5e02ded66ace7f1bf8353933cb460554f7d6d4f7827ee851e3,toxinpred3_hybrid_score,numeric,true,same_frozen_numeric_contract,minimize,dimensionless,0.0,0.38,0.38,-0.38,true,79c17230db1c0502370022d53cd579638bd4c781babd9dab9da7c2ce3d852ddb
vegfa,f4178dfb4765a1b9bff8dfa38cc7f0eded261908e2e02460ffb6a65ce67429c2,masked_substitution,50d203be85bfcc98dda67ae7d8d3da70eece263c3b5875d45d8f08cf1ff8bb1c,primary_parent,02e6e8a9041d1f5e02ded66ace7f1bf8353933cb460554f7d6d4f7827ee851e3,toxinpred3_label,categorical,true,same_frozen_label_contract,audit,label,Non-Toxin,Non-Toxin,,,false,a187e44cb3d3910e48aee2eff68c1f852f8e96a97c31da2d5997330e6a1d67a4
vegfa,11fb995471c5f7299c1eb9a2d30c25c770568bf09f3e01d0269ff76c8b9e8734,controlled_crossover,a8930d9bcfb4e886f5d7ba3887be95ac38b4b9ad84695c8b0fb4dc0b9e00d49b,primary_parent,4fdf4a7cb230cf073e06540b29d2e664ef1c70b4014911561ea80ccb809bb373,amp_read_log10_mic_um,numeric,true,same_frozen_numeric_contract,minimize,log10(uM),1.3522850127934944,1.9965392033523333,0.6442541905588388,-0.6442541905588388,true,54e1e06c33abb7a4b320afa9540dfe003d13c6607345eecaf87ed0bbd7f89bf7
vegfa,11fb995471c5f7299c1eb9a2d30c25c770568bf09f3e01d0269ff76c8b9e8734,controlled_crossover,a8930d9bcfb4e886f5d7ba3887be95ac38b4b9ad84695c8b0fb4dc0b9e00d49b,primary_parent,4fdf4a7cb230cf073e06540b29d2e664ef1c70b4014911561ea80ccb809bb373,guruprasad_instability_index,numeric,true,same_frozen_numeric_contract,minimize,index,10.86086956521739,28.382609,17.52173943478261,-17.52173943478261,true,2b69afafe0920ebc8484457d217bd190424578abdc19f46af62a6af7ab9fca50
vegfa,11fb995471c5f7299c1eb9a2d30c25c770568bf09f3e01d0269ff76c8b9e8734,controlled_crossover,a8930d9bcfb4e886f5d7ba3887be95ac38b4b9ad84695c8b0fb4dc0b9e00d49b,primary_parent,4fdf4a7cb230cf073e06540b29d2e664ef1c70b4014911561ea80ccb809bb373,hydrophobic_moment_eisenberg,numeric,false,audit_metric_has_no_monotonic_improvement_direction,audit,dimensionless,0.1755880918302546,0.2336479049856414,0.0580598131553868,,true,24eaa16400b401c2dffdd0a126e5eecce17406ec93bb5ccc659814fa900c7bf9
vegfa,11fb995471c5f7299c1eb9a2d30c25c770568bf09f3e01d0269ff76c8b9e8734,controlled_crossover,a8930d9bcfb4e886f5d7ba3887be95ac38b4b9ad84695c8b0fb4dc0b9e00d49b,primary_parent,4fdf4a7cb230cf073e06540b29d2e664ef1c70b4014911561ea80ccb809bb373,hydrophobic_ratio_modlamp,numeric,false,audit_metric_has_no_monotonic_improvement_direction,audit,fraction,0.043478260869565216,0.0,-0.043478260869565216,,true,a48e6ec2a9889431625e9925f125410be2954d6c3c10f0fce704da9fafe1c4cc
vegfa,11fb995471c5f7299c1eb9a2d30c25c770568bf09f3e01d0269ff76c8b9e8734,controlled_crossover,a8930d9bcfb4e886f5d7ba3887be95ac38b4b9ad84695c8b0fb4dc0b9e00d49b,primary_parent,4fdf4a7cb230cf073e06540b29d2e664ef1c70b4014911561ea80ccb809bb373,llamp_log10_mic_um,numeric,true,same_frozen_numeric_contract,minimize,log10(uM),0.9881328344345093,1.108884334564209,0.12075150012969971,-0.12075150012969971,true,29fd8e17b08f8afcbb6a051a57d46ab26f17228d0836c172b1483d919399775d
vegfa,11fb995471c5f7299c1eb9a2d30c25c770568bf09f3e01d0269ff76c8b9e8734,controlled_crossover,a8930d9bcfb4e886f5d7ba3887be95ac38b4b9ad84695c8b0fb4dc0b9e00d49b,primary_parent,4fdf4a7cb230cf073e06540b29d2e664ef1c70b4014911561ea80ccb809bb373,macrel_amp_probability,numeric,true,same_frozen_numeric_contract,maximize,probability,0.535,0.317,-0.21800000000000003,-0.21800000000000003,true,e73f95ee0cf7f09767328d2f7bfc7dd65fe5d159a40fcb87b629825fe8a7e3d3
vegfa,11fb995471c5f7299c1eb9a2d30c25c770568bf09f3e01d0269ff76c8b9e8734,controlled_crossover,a8930d9bcfb4e886f5d7ba3887be95ac38b4b9ad84695c8b0fb4dc0b9e00d49b,primary_parent,4fdf4a7cb230cf073e06540b29d2e664ef1c70b4014911561ea80ccb809bb373,macrel_hemolysis_label,categorical,true,same_frozen_label_contract,audit,label,low,low,,,false,a8e761f3705ddfd99202b2777d1f99cdababf0d9121e0344b9c7887983737040
vegfa,11fb995471c5f7299c1eb9a2d30c25c770568bf09f3e01d0269ff76c8b9e8734,controlled_crossover,a8930d9bcfb4e886f5d7ba3887be95ac38b4b9ad84695c8b0fb4dc0b9e00d49b,primary_parent,4fdf4a7cb230cf073e06540b29d2e664ef1c70b4014911561ea80ccb809bb373,macrel_hemolysis_probability,numeric,true,same_frozen_numeric_contract,minimize,probability,0.455,0.238,-0.21700000000000003,0.21700000000000003,true,350ad87f9ab30f12ea8158f567755674b503101192074e044e15f5a22f05bda7
vegfa,11fb995471c5f7299c1eb9a2d30c25c770568bf09f3e01d0269ff76c8b9e8734,controlled_crossover,a8930d9bcfb4e886f5d7ba3887be95ac38b4b9ad84695c8b0fb4dc0b9e00d49b,primary_parent,4fdf4a7cb230cf073e06540b29d2e664ef1c70b4014911561ea80ccb809bb373,maximum_hydrophobic_run,numeric,true,same_frozen_numeric_contract,minimize,residues,1.0,0.0,-1.0,1.0,true,e03c726ba1062273fb5f457358e2e7d31bc21a8c552017e9a02d0002f0b42d8b
vegfa,11fb995471c5f7299c1eb9a2d30c25c770568bf09f3e01d0269ff76c8b9e8734,controlled_crossover,a8930d9bcfb4e886f5d7ba3887be95ac38b4b9ad84695c8b0fb4dc0b9e00d49b,primary_parent,4fdf4a7cb230cf073e06540b29d2e664ef1c70b4014911561ea80ccb809bb373,net_charge_ph7_4,numeric,false,audit_metric_has_no_monotonic_improvement_direction,audit,elementary_charge,7.235,8.112,0.8769999999999998,,true,e312471e6b4eefbf9dd6d35aeefc31847f5e51e9d8ded70fcdc789e542e75995
vegfa,11fb995471c5f7299c1eb9a2d30c25c770568bf09f3e01d0269ff76c8b9e8734,controlled_crossover,a8930d9bcfb4e886f5d7ba3887be95ac38b4b9ad84695c8b0fb4dc0b9e00d49b,primary_parent,4fdf4a7cb230cf073e06540b29d2e664ef1c70b4014911561ea80ccb809bb373,toxinpred3_hybrid_score,numeric,true,same_frozen_numeric_contract,minimize,dimensionless,0.355,0.0,-0.355,0.355,true,6afd307d724e832ba4766b6f1b3dc6a0c4e45a1e62f924fbc02c39078d158dbd
vegfa,11fb995471c5f7299c1eb9a2d30c25c770568bf09f3e01d0269ff76c8b9e8734,controlled_crossover,a8930d9bcfb4e886f5d7ba3887be95ac38b4b9ad84695c8b0fb4dc0b9e00d49b,primary_parent,4fdf4a7cb230cf073e06540b29d2e664ef1c70b4014911561ea80ccb809bb373,toxinpred3_label,categorical,true,same_frozen_label_contract,audit,label,Non-Toxin,Non-Toxin,,,false,8d6e5b2a4e63136a54224a4823677b12daff23f4243a93ed1470bc58737f6110
vegfa,11fb995471c5f7299c1eb9a2d30c25c770568bf09f3e01d0269ff76c8b9e8734,controlled_crossover,a8930d9bcfb4e886f5d7ba3887be95ac38b4b9ad84695c8b0fb4dc0b9e00d49b,donor_parent,1d4045ee102780188e827660368729f44269e8780200c1bedb280e380f1d5243,amp_read_log10_mic_um,numeric,true,same_frozen_numeric_contract,minimize,log10(uM),1.2629065663007313,1.9965392033523333,0.733632637051602,-0.733632637051602,true,4a549133dd0a31ebd4533b8c7dfdf543d5e1a7c5b36be5917c0e390e2bc3f4ed
vegfa,11fb995471c5f7299c1eb9a2d30c25c770568bf09f3e01d0269ff76c8b9e8734,controlled_crossover,a8930d9bcfb4e886f5d7ba3887be95ac38b4b9ad84695c8b0fb4dc0b9e00d49b,donor_parent,1d4045ee102780188e827660368729f44269e8780200c1bedb280e380f1d5243,guruprasad_instability_index,numeric,true,same_frozen_numeric_contract,minimize,index,35.079166666666666,28.382609,-6.696557666666667,6.696557666666667,true,226a601cbc54e7ba633d28c3b3612b54b9aac394001ff25fce66fddb324d2625
vegfa,11fb995471c5f7299c1eb9a2d30c25c770568bf09f3e01d0269ff76c8b9e8734,controlled_crossover,a8930d9bcfb4e886f5d7ba3887be95ac38b4b9ad84695c8b0fb4dc0b9e00d49b,donor_parent,1d4045ee102780188e827660368729f44269e8780200c1bedb280e380f1d5243,hydrophobic_moment_eisenberg,numeric,false,audit_metric_has_no_monotonic_improvement_direction,audit,dimensionless,0.2750561915542174,0.2336479049856414,-0.04140828656857601,,true,ad3c8c59d671a1a2d6ebce490620004627ddc8a8446ba7cc9c20e35f841d8811
vegfa,11fb995471c5f7299c1eb9a2d30c25c770568bf09f3e01d0269ff76c8b9e8734,controlled_crossover,a8930d9bcfb4e886f5d7ba3887be95ac38b4b9ad84695c8b0fb4dc0b9e00d49b,donor_parent,1d4045ee102780188e827660368729f44269e8780200c1bedb280e380f1d5243,hydrophobic_ratio_modlamp,numeric,false,audit_metric_has_no_monotonic_improvement_direction,audit,fraction,0.08333333333333333,0.0,-0.08333333333333333,,true,b2b0d067bd6ad8607961f617377fa38dde85bdbf16624a06ad5821b24ffd52db
vegfa,11fb995471c5f7299c1eb9a2d30c25c770568bf09f3e01d0269ff76c8b9e8734,controlled_crossover,a8930d9bcfb4e886f5d7ba3887be95ac38b4b9ad84695c8b0fb4dc0b9e00d49b,donor_parent,1d4045ee102780188e827660368729f44269e8780200c1bedb280e380f1d5243,llamp_log10_mic_um,numeric,true,same_frozen_numeric_contract,minimize,log10(uM),1.0507502555847168,1.108884334564209,0.05813407897949219,-0.05813407897949219,true,1101a33c06e2d46c6dbba1e8b4a2d4b427f752dd5d202ab76a6b9f1e7756a5c4
vegfa,11fb995471c5f7299c1eb9a2d30c25c770568bf09f3e01d0269ff76c8b9e8734,controlled_crossover,a8930d9bcfb4e886f5d7ba3887be95ac38b4b9ad84695c8b0fb4dc0b9e00d49b,donor_parent,1d4045ee102780188e827660368729f44269e8780200c1bedb280e380f1d5243,macrel_amp_probability,numeric,true,same_frozen_numeric_contract,maximize,probability,0.505,0.317,-0.188,-0.188,true,239f42fc82d466665a8d3e45bc680c8e135ad011da5dfc7b09d94b58b74556f8
vegfa,11fb995471c5f7299c1eb9a2d30c25c770568bf09f3e01d0269ff76c8b9e8734,controlled_crossover,a8930d9bcfb4e886f5d7ba3887be95ac38b4b9ad84695c8b0fb4dc0b9e00d49b,donor_parent,1d4045ee102780188e827660368729f44269e8780200c1bedb280e380f1d5243,macrel_hemolysis_label,categorical,true,same_frozen_label_contract,audit,label,low,low,,,false,a7439025f5af02d7dfe91a5788b55eed46823256f7121dd9e8f1f72bbd2adfe7
vegfa,11fb995471c5f7299c1eb9a2d30c25c770568bf09f3e01d0269ff76c8b9e8734,controlled_crossover,a8930d9bcfb4e886f5d7ba3887be95ac38b4b9ad84695c8b0fb4dc0b9e00d49b,donor_parent,1d4045ee102780188e827660368729f44269e8780200c1bedb280e380f1d5243,macrel_hemolysis_probability,numeric,true,same_frozen_numeric_contract,minimize,probability,0.495,0.238,-0.257,0.257,true,0eb6a003b981a588d97823283d4ac4ad490657ef8a7e57610b3f6b95b3f8426e
vegfa,11fb995471c5f7299c1eb9a2d30c25c770568bf09f3e01d0269ff76c8b9e8734,controlled_crossover,a8930d9bcfb4e886f5d7ba3887be95ac38b4b9ad84695c8b0fb4dc0b9e00d49b,donor_parent,1d4045ee102780188e827660368729f44269e8780200c1bedb280e380f1d5243,maximum_hydrophobic_run,numeric,true,same_frozen_numeric_contract,minimize,residues,1.0,0.0,-1.0,1.0,true,b6a1840e33742be930eaa143a029d173bea61f12a888e44585d993f89ced1ecb
vegfa,11fb995471c5f7299c1eb9a2d30c25c770568bf09f3e01d0269ff76c8b9e8734,controlled_crossover,a8930d9bcfb4e886f5d7ba3887be95ac38b4b9ad84695c8b0fb4dc0b9e00d49b,donor_parent,1d4045ee102780188e827660368729f44269e8780200c1bedb280e380f1d5243,net_charge_ph7_4,numeric,false,audit_metric_has_no_monotonic_improvement_direction,audit,elementary_charge,8.028,8.112,0.08399999999999963,,true,49f702bdc0d98a849186994edcf4beecc776e304d4e19f804bc63ced352ec011
vegfa,11fb995471c5f7299c1eb9a2d30c25c770568bf09f3e01d0269ff76c8b9e8734,controlled_crossover,a8930d9bcfb4e886f5d7ba3887be95ac38b4b9ad84695c8b0fb4dc0b9e00d49b,donor_parent,1d4045ee102780188e827660368729f44269e8780200c1bedb280e380f1d5243,toxinpred3_hybrid_score,numeric,true,same_frozen_numeric_contract,minimize,dimensionless,0.0,0.0,0.0,-0.0,false,dc5661d4aef0bebee6eec9ee7408242fe015d591099b7fba69fafc9e911aed56
vegfa,11fb995471c5f7299c1eb9a2d30c25c770568bf09f3e01d0269ff76c8b9e8734,controlled_crossover,a8930d9bcfb4e886f5d7ba3887be95ac38b4b9ad84695c8b0fb4dc0b9e00d49b,donor_parent,1d4045ee102780188e827660368729f44269e8780200c1bedb280e380f1d5243,toxinpred3_label,categorical,true,same_frozen_label_contract,audit,label,Non-Toxin,Non-Toxin,,,false,f18b7d14c8198e38a2eddd37742c2304ccd07c9d0ca5cbdec5204871077fab60
vegfa,f9d9b24d0ff3ebc7d1bb53ca7742001917723fad37fe86c152e595fa0aca1a5f,de_novo,d4a3a7752635b8e3c10063ef7ed1e44fcabac34addd56f5dadd0ea84374f9ec5,none,,amp_read_log10_mic_um,numeric,false,de_novo_has_no_biological_parent,,,,1.5778095580810487,,,,7a827e625423bc9d3b3291f7c94caadae02eed130ecb467c95c235f05506e455
vegfa,f9d9b24d0ff3ebc7d1bb53ca7742001917723fad37fe86c152e595fa0aca1a5f,de_novo,d4a3a7752635b8e3c10063ef7ed1e44fcabac34addd56f5dadd0ea84374f9ec5,none,,guruprasad_instability_index,numeric,false,de_novo_has_no_biological_parent,,,,-9.137500,,,,bf9cce72b7beea8586f52e764b26d490ea0d0421a3300707621e34627cd22c03
vegfa,f9d9b24d0ff3ebc7d1bb53ca7742001917723fad37fe86c152e595fa0aca1a5f,de_novo,d4a3a7752635b8e3c10063ef7ed1e44fcabac34addd56f5dadd0ea84374f9ec5,none,,hydrophobic_moment_eisenberg,numeric,false,de_novo_has_no_biological_parent,,,,0.13456048690160607,,,,bb83dfb0cda73c33a848e807743d5eaa85c1a12fe34040cbc60ebe76cf89d93c
vegfa,f9d9b24d0ff3ebc7d1bb53ca7742001917723fad37fe86c152e595fa0aca1a5f,de_novo,d4a3a7752635b8e3c10063ef7ed1e44fcabac34addd56f5dadd0ea84374f9ec5,none,,hydrophobic_ratio_modlamp,numeric,false,de_novo_has_no_biological_parent,,,,0.20833333333333334,,,,cffee4abfb8d39cafbfd4eed2c3d9b7f791d674a0792c1dd5155567fcb49cc8b
vegfa,f9d9b24d0ff3ebc7d1bb53ca7742001917723fad37fe86c152e595fa0aca1a5f,de_novo,d4a3a7752635b8e3c10063ef7ed1e44fcabac34addd56f5dadd0ea84374f9ec5,none,,llamp_log10_mic_um,numeric,false,de_novo_has_no_biological_parent,,,,1.7293967008590698,,,,c01f8735e9154fbd1b5183516a6c73852f7659b2396063d67920cbf3872e3798
vegfa,f9d9b24d0ff3ebc7d1bb53ca7742001917723fad37fe86c152e595fa0aca1a5f,de_novo,d4a3a7752635b8e3c10063ef7ed1e44fcabac34addd56f5dadd0ea84374f9ec5,none,,macrel_amp_probability,numeric,false,de_novo_has_no_biological_parent,,,,0.356,,,,d36c60cc3afadba0c09344a478128197b9545c3f23d371d1940f1410cbcd224e
vegfa,f9d9b24d0ff3ebc7d1bb53ca7742001917723fad37fe86c152e595fa0aca1a5f,de_novo,d4a3a7752635b8e3c10063ef7ed1e44fcabac34addd56f5dadd0ea84374f9ec5,none,,macrel_hemolysis_label,categorical,false,de_novo_has_no_biological_parent,,,,high,,,,3f42a68b528e09b5bea6474d08905c81194e50b7c56a8756ddb38e799a6b28fa
vegfa,f9d9b24d0ff3ebc7d1bb53ca7742001917723fad37fe86c152e595fa0aca1a5f,de_novo,d4a3a7752635b8e3c10063ef7ed1e44fcabac34addd56f5dadd0ea84374f9ec5,none,,macrel_hemolysis_probability,numeric,false,de_novo_has_no_biological_parent,,,,0.525,,,,65f2d088e7ec02d86e67e29775397a3fdf061e441933fe85952d1825aecb717d
vegfa,f9d9b24d0ff3ebc7d1bb53ca7742001917723fad37fe86c152e595fa0aca1a5f,de_novo,d4a3a7752635b8e3c10063ef7ed1e44fcabac34addd56f5dadd0ea84374f9ec5,none,,maximum_hydrophobic_run,numeric,false,de_novo_has_no_biological_parent,,,,2,,,,c0e03cb146df13492f2647fd5dc1f4bc45e786c0d5fadc8c43a7b2b52571cbcc
vegfa,f9d9b24d0ff3ebc7d1bb53ca7742001917723fad37fe86c152e595fa0aca1a5f,de_novo,d4a3a7752635b8e3c10063ef7ed1e44fcabac34addd56f5dadd0ea84374f9ec5,none,,net_charge_ph7_4,numeric,false,de_novo_has_no_biological_parent,,,,7.028,,,,1e185eea54d9be9933817978511cbdb069a80f0de6573f08d5196cc44d16fbbe
vegfa,f9d9b24d0ff3ebc7d1bb53ca7742001917723fad37fe86c152e595fa0aca1a5f,de_novo,d4a3a7752635b8e3c10063ef7ed1e44fcabac34addd56f5dadd0ea84374f9ec5,none,,toxinpred3_hybrid_score,numeric,false,de_novo_has_no_biological_parent,,,,0.0,,,,6fdb5b7ff5587cddd4a4c35c00d8138de12808cdeadc10f121252d47a23663fc
vegfa,f9d9b24d0ff3ebc7d1bb53ca7742001917723fad37fe86c152e595fa0aca1a5f,de_novo,d4a3a7752635b8e3c10063ef7ed1e44fcabac34addd56f5dadd0ea84374f9ec5,none,,toxinpred3_label,categorical,false,de_novo_has_no_biological_parent,,,,Non-Toxin,,,,9a9c4f79334e8e63d32f79aef7fa82617cf478451311ef89d3055f6a3be31870
vegfa,18d8deefeaaf4cee81d6ba3be9b1ffdd34650c1dcaea12935d9cc2dee3c23d35,de_novo,9ecd842ce0d07a16ab26385ad5018685cb9b5052f42c51a31476029f5a1ac946,none,,amp_read_log10_mic_um,numeric,false,de_novo_has_no_biological_parent,,,,0.9198127663962639,,,,bec3d383a450315cbdd0abf478cddef317f65e47d851d3c84b9d72d7e6a362a2
vegfa,18d8deefeaaf4cee81d6ba3be9b1ffdd34650c1dcaea12935d9cc2dee3c23d35,de_novo,9ecd842ce0d07a16ab26385ad5018685cb9b5052f42c51a31476029f5a1ac946,none,,guruprasad_instability_index,numeric,false,de_novo_has_no_biological_parent,,,,-24.552381,,,,d7010b64f2b4e609f6480608628da781fc31cb38e2d627dd532659b009b0e5c5
vegfa,18d8deefeaaf4cee81d6ba3be9b1ffdd34650c1dcaea12935d9cc2dee3c23d35,de_novo,9ecd842ce0d07a16ab26385ad5018685cb9b5052f42c51a31476029f5a1ac946,none,,hydrophobic_moment_eisenberg,numeric,false,de_novo_has_no_biological_parent,,,,0.11322578028924524,,,,3cfa82ad0b1cef8f3106636c6b08ca50d88753e70ccf641b6cfa1ca6db4ca425
vegfa,18d8deefeaaf4cee81d6ba3be9b1ffdd34650c1dcaea12935d9cc2dee3c23d35,de_novo,9ecd842ce0d07a16ab26385ad5018685cb9b5052f42c51a31476029f5a1ac946,none,,hydrophobic_ratio_modlamp,numeric,false,de_novo_has_no_biological_parent,,,,0.14285714285714285,,,,d645bb9224b462bed189a0c1bcba5daace66f48d99e0301dd325ac0881526cbc
vegfa,18d8deefeaaf4cee81d6ba3be9b1ffdd34650c1dcaea12935d9cc2dee3c23d35,de_novo,9ecd842ce0d07a16ab26385ad5018685cb9b5052f42c51a31476029f5a1ac946,none,,llamp_log10_mic_um,numeric,false,de_novo_has_no_biological_parent,,,,0.816555380821228,,,,8eaad0ff0e9f3f60701b90ace090985b0365fae2ff6ad9eebaec3dfda43b5c44
vegfa,18d8deefeaaf4cee81d6ba3be9b1ffdd34650c1dcaea12935d9cc2dee3c23d35,de_novo,9ecd842ce0d07a16ab26385ad5018685cb9b5052f42c51a31476029f5a1ac946,none,,macrel_amp_probability,numeric,false,de_novo_has_no_biological_parent,,,,0.455,,,,a446abf70276d8570609e138ae56ca013620b1620a152e7b7d6ec2c67bccfff9
vegfa,18d8deefeaaf4cee81d6ba3be9b1ffdd34650c1dcaea12935d9cc2dee3c23d35,de_novo,9ecd842ce0d07a16ab26385ad5018685cb9b5052f42c51a31476029f5a1ac946,none,,macrel_hemolysis_label,categorical,false,de_novo_has_no_biological_parent,,,,high,,,,7cd879ff09c3f868191dbc5135b835ec3af7519180ec2c79f7834473208f1f94
vegfa,18d8deefeaaf4cee81d6ba3be9b1ffdd34650c1dcaea12935d9cc2dee3c23d35,de_novo,9ecd842ce0d07a16ab26385ad5018685cb9b5052f42c51a31476029f5a1ac946,none,,macrel_hemolysis_probability,numeric,false,de_novo_has_no_biological_parent,,,,0.752,,,,7015ea702c5db2457ff1f5c39bf0fbaaae71099481bfccde42e5ee7043535827
vegfa,18d8deefeaaf4cee81d6ba3be9b1ffdd34650c1dcaea12935d9cc2dee3c23d35,de_novo,9ecd842ce0d07a16ab26385ad5018685cb9b5052f42c51a31476029f5a1ac946,none,,maximum_hydrophobic_run,numeric,false,de_novo_has_no_biological_parent,,,,2,,,,6709df720eec6e71949a9e08918646f2d18459a503b87222947c1c6198deb3da
vegfa,18d8deefeaaf4cee81d6ba3be9b1ffdd34650c1dcaea12935d9cc2dee3c23d35,de_novo,9ecd842ce0d07a16ab26385ad5018685cb9b5052f42c51a31476029f5a1ac946,none,,net_charge_ph7_4,numeric,false,de_novo_has_no_biological_parent,,,,8.985,,,,228039ac294dd92ddee6087e6cb3f1d951e1ecbd9b5bcacabcbe68ee03d783f2
vegfa,18d8deefeaaf4cee81d6ba3be9b1ffdd34650c1dcaea12935d9cc2dee3c23d35,de_novo,9ecd842ce0d07a16ab26385ad5018685cb9b5052f42c51a31476029f5a1ac946,none,,toxinpred3_hybrid_score,numeric,false,de_novo_has_no_biological_parent,,,,0.055,,,,96ce1dc0d6d40f1f23c7e83574cf48efe7e914062a0e012bb6b186c3a94f2d7b
vegfa,18d8deefeaaf4cee81d6ba3be9b1ffdd34650c1dcaea12935d9cc2dee3c23d35,de_novo,9ecd842ce0d07a16ab26385ad5018685cb9b5052f42c51a31476029f5a1ac946,none,,toxinpred3_label,categorical,false,de_novo_has_no_biological_parent,,,,Non-Toxin,,,,83d743edc9f6607df0d4a1820ec32907f48046cc8138f7bc633c202a60a3ee16
vegfa,b47905af617bbadba277979f423259b0134356a3683deac9a7dca4d819c9d6af,masked_substitution,822b1cd9ee3322dd1745a1083401b8b139ebf75290b8ffb8d7aedb124b04b47f,primary_parent,02e6e8a9041d1f5e02ded66ace7f1bf8353933cb460554f7d6d4f7827ee851e3,amp_read_log10_mic_um,numeric,true,same_frozen_numeric_contract,minimize,log10(uM),0.8502392420270765,0.9494878071425241,0.09924856511544766,-0.09924856511544766,true,d906d188e38beb4ef14b163d99d5226411eb9fd787cc58cd6dcea2d7d666608d
vegfa,b47905af617bbadba277979f423259b0134356a3683deac9a7dca4d819c9d6af,masked_substitution,822b1cd9ee3322dd1745a1083401b8b139ebf75290b8ffb8d7aedb124b04b47f,primary_parent,02e6e8a9041d1f5e02ded66ace7f1bf8353933cb460554f7d6d4f7827ee851e3,guruprasad_instability_index,numeric,true,same_frozen_numeric_contract,minimize,index,-9.308695652173913,-9.308696,-3.478260861555782e-07,3.478260861555782e-07,true,eadb4b517b72c56d8d22960a4b99b5b872347bf15b27ca13c0a5df4ab0326931
vegfa,b47905af617bbadba277979f423259b0134356a3683deac9a7dca4d819c9d6af,masked_substitution,822b1cd9ee3322dd1745a1083401b8b139ebf75290b8ffb8d7aedb124b04b47f,primary_parent,02e6e8a9041d1f5e02ded66ace7f1bf8353933cb460554f7d6d4f7827ee851e3,hydrophobic_moment_eisenberg,numeric,false,audit_metric_has_no_monotonic_improvement_direction,audit,dimensionless,0.14056582796750103,0.13869256115008585,-0.0018732668174151756,,true,735c29678cdffa73c7535ff18e222c2dcdabd49d9766d1da9303015984359b43
vegfa,b47905af617bbadba277979f423259b0134356a3683deac9a7dca4d819c9d6af,masked_substitution,822b1cd9ee3322dd1745a1083401b8b139ebf75290b8ffb8d7aedb124b04b47f,primary_parent,02e6e8a9041d1f5e02ded66ace7f1bf8353933cb460554f7d6d4f7827ee851e3,hydrophobic_ratio_modlamp,numeric,false,audit_metric_has_no_monotonic_improvement_direction,audit,fraction,0.2608695652173913,0.21739130434782608,-0.043478260869565216,,true,6f63e55088c649df1705f8bb8e7d00d777cd15abbe40c94b601ec32ea709d147
vegfa,b47905af617bbadba277979f423259b0134356a3683deac9a7dca4d819c9d6af,masked_substitution,822b1cd9ee3322dd1745a1083401b8b139ebf75290b8ffb8d7aedb124b04b47f,primary_parent,02e6e8a9041d1f5e02ded66ace7f1bf8353933cb460554f7d6d4f7827ee851e3,llamp_log10_mic_um,numeric,true,same_frozen_numeric_contract,minimize,log10(uM),1.3610467910766602,1.3200727701187134,-0.04097402095794678,0.04097402095794678,true,ad664d3595e8082e53cb9b7be73b9365e13735380b323a304ec2cad2a4744e86
vegfa,b47905af617bbadba277979f423259b0134356a3683deac9a7dca4d819c9d6af,masked_substitution,822b1cd9ee3322dd1745a1083401b8b139ebf75290b8ffb8d7aedb124b04b47f,primary_parent,02e6e8a9041d1f5e02ded66ace7f1bf8353933cb460554f7d6d4f7827ee851e3,macrel_amp_probability,numeric,true,same_frozen_numeric_contract,maximize,probability,0.584,0.505,-0.07899999999999996,-0.07899999999999996,true,98e3211e411cd15ff6729e1bf1b9e39182d5c69e3cc173be64d575635c7f4f4e
vegfa,b47905af617bbadba277979f423259b0134356a3683deac9a7dca4d819c9d6af,masked_substitution,822b1cd9ee3322dd1745a1083401b8b139ebf75290b8ffb8d7aedb124b04b47f,primary_parent,02e6e8a9041d1f5e02ded66ace7f1bf8353933cb460554f7d6d4f7827ee851e3,macrel_hemolysis_label,categorical,true,same_frozen_label_contract,audit,label,low,low,,,false,9c80e8493a3863a4047675603ed1cdc3b9207803854aeaf9ed4bd02e09f2d692
vegfa,b47905af617bbadba277979f423259b0134356a3683deac9a7dca4d819c9d6af,masked_substitution,822b1cd9ee3322dd1745a1083401b8b139ebf75290b8ffb8d7aedb124b04b47f,primary_parent,02e6e8a9041d1f5e02ded66ace7f1bf8353933cb460554f7d6d4f7827ee851e3,macrel_hemolysis_probability,numeric,true,same_frozen_numeric_contract,minimize,probability,0.465,0.416,-0.049000000000000044,0.049000000000000044,true,50fae8ed1371a24dad1f7a18f056ddd2c9420384bffe5b9cb719e61435bc94cf
vegfa,b47905af617bbadba277979f423259b0134356a3683deac9a7dca4d819c9d6af,masked_substitution,822b1cd9ee3322dd1745a1083401b8b139ebf75290b8ffb8d7aedb124b04b47f,primary_parent,02e6e8a9041d1f5e02ded66ace7f1bf8353933cb460554f7d6d4f7827ee851e3,maximum_hydrophobic_run,numeric,true,same_frozen_numeric_contract,minimize,residues,2.0,1.0,-1.0,1.0,true,0473363a06ae7768c43c0b6b7495868cc332e4f1be863b80004263f4625b153a
vegfa,b47905af617bbadba277979f423259b0134356a3683deac9a7dca4d819c9d6af,masked_substitution,822b1cd9ee3322dd1745a1083401b8b139ebf75290b8ffb8d7aedb124b04b47f,primary_parent,02e6e8a9041d1f5e02ded66ace7f1bf8353933cb460554f7d6d4f7827ee851e3,net_charge_ph7_4,numeric,false,audit_metric_has_no_monotonic_improvement_direction,audit,elementary_charge,6.112,6.112,0.0,,false,2ac7fb24efdbaac0dbcc19c88742ad79f552e603a0148c73a10e0411bb4cd898
vegfa,b47905af617bbadba277979f423259b0134356a3683deac9a7dca4d819c9d6af,masked_substitution,822b1cd9ee3322dd1745a1083401b8b139ebf75290b8ffb8d7aedb124b04b47f,primary_parent,02e6e8a9041d1f5e02ded66ace7f1bf8353933cb460554f7d6d4f7827ee851e3,toxinpred3_hybrid_score,numeric,true,same_frozen_numeric_contract,minimize,dimensionless,0.0,0.39,0.39,-0.39,true,4a98e39bf69e93912026e6631f4c0e255eb398284c677ada804b5fc851310807
vegfa,b47905af617bbadba277979f423259b0134356a3683deac9a7dca4d819c9d6af,masked_substitution,822b1cd9ee3322dd1745a1083401b8b139ebf75290b8ffb8d7aedb124b04b47f,primary_parent,02e6e8a9041d1f5e02ded66ace7f1bf8353933cb460554f7d6d4f7827ee851e3,toxinpred3_label,categorical,true,same_frozen_label_contract,audit,label,Non-Toxin,Toxin,,,true,92f9f0e83937adfad557291cd9d0a99c401324a3710d5c2e2dd74d34092885d9
vegfa,815b7cb8cbd73f386582cbe986cb95d140cd14b98e309050a49ad73569e7bf99,controlled_crossover,809f4fba69685d90ab79f41cde959f0e744cb4c6685f441787a4433a84cc6a01,primary_parent,5d4e76ba153247dded14f70fb89e759b957149b866c1f2d12cb9e60ebb5da81c,amp_read_log10_mic_um,numeric,true,same_frozen_numeric_contract,minimize,log10(uM),1.3927726158233207,2.243294583631487,0.8505219678081661,-0.8505219678081661,true,37f742efffb8a95b2d733a069370cd0acd4796561c3c67e9f0c07fd9e8c64f57
vegfa,815b7cb8cbd73f386582cbe986cb95d140cd14b98e309050a49ad73569e7bf99,controlled_crossover,809f4fba69685d90ab79f41cde959f0e744cb4c6685f441787a4433a84cc6a01,primary_parent,5d4e76ba153247dded14f70fb89e759b957149b866c1f2d12cb9e60ebb5da81c,guruprasad_instability_index,numeric,true,same_frozen_numeric_contract,minimize,index,-8.46086956521739,28.808696,37.26956556521739,-37.26956556521739,true,72bea80cabadf22e79092bb51ca0856dca7e0084f54ebac481269da90edf88ce
vegfa,815b7cb8cbd73f386582cbe986cb95d140cd14b98e309050a49ad73569e7bf99,controlled_crossover,809f4fba69685d90ab79f41cde959f0e744cb4c6685f441787a4433a84cc6a01,primary_parent,5d4e76ba153247dded14f70fb89e759b957149b866c1f2d12cb9e60ebb5da81c,hydrophobic_moment_eisenberg,numeric,false,audit_metric_has_no_monotonic_improvement_direction,audit,dimensionless,0.2506699786733031,0.23145885717353534,-0.019211121499767753,,true,3ac48bd3f3dac9b31e1faf884ff8cb53a918c1ec2a1cf9fc1ac4ff24c6549cb6
vegfa,815b7cb8cbd73f386582cbe986cb95d140cd14b98e309050a49ad73569e7bf99,controlled_crossover,809f4fba69685d90ab79f41cde959f0e744cb4c6685f441787a4433a84cc6a01,primary_parent,5d4e76ba153247dded14f70fb89e759b957149b866c1f2d12cb9e60ebb5da81c,hydrophobic_ratio_modlamp,numeric,false,audit_metric_has_no_monotonic_improvement_direction,audit,fraction,0.21739130434782608,0.0,-0.21739130434782608,,true,d9928fc0de0eda1775f546d4ce05ff87afe38190fb3ddf9c85d62e927045bef4
vegfa,815b7cb8cbd73f386582cbe986cb95d140cd14b98e309050a49ad73569e7bf99,controlled_crossover,809f4fba69685d90ab79f41cde959f0e744cb4c6685f441787a4433a84cc6a01,primary_parent,5d4e76ba153247dded14f70fb89e759b957149b866c1f2d12cb9e60ebb5da81c,llamp_log10_mic_um,numeric,true,same_frozen_numeric_contract,minimize,log10(uM),1.3873482942581177,1.415408730506897,0.028060436248779297,-0.028060436248779297,true,d4faf00b2407c7a2b954849500e78fdc694d053290359d5e725acff5fd1357ac
vegfa,815b7cb8cbd73f386582cbe986cb95d140cd14b98e309050a49ad73569e7bf99,controlled_crossover,809f4fba69685d90ab79f41cde959f0e744cb4c6685f441787a4433a84cc6a01,primary_parent,5d4e76ba153247dded14f70fb89e759b957149b866c1f2d12cb9e60ebb5da81c,macrel_amp_probability,numeric,true,same_frozen_numeric_contract,maximize,probability,0.525,0.426,-0.09900000000000003,-0.09900000000000003,true,ec2d7dd8d43ca085bf84f98b79abda5521c296861074bf9a4a3dc1a0f9cadb33
vegfa,815b7cb8cbd73f386582cbe986cb95d140cd14b98e309050a49ad73569e7bf99,controlled_crossover,809f4fba69685d90ab79f41cde959f0e744cb4c6685f441787a4433a84cc6a01,primary_parent,5d4e76ba153247dded14f70fb89e759b957149b866c1f2d12cb9e60ebb5da81c,macrel_hemolysis_label,categorical,true,same_frozen_label_contract,audit,label,low,low,,,false,4566f979588bf8818602c65822e1ff533882d4196edaa7b98b84dbe388ed1ee7
vegfa,815b7cb8cbd73f386582cbe986cb95d140cd14b98e309050a49ad73569e7bf99,controlled_crossover,809f4fba69685d90ab79f41cde959f0e744cb4c6685f441787a4433a84cc6a01,primary_parent,5d4e76ba153247dded14f70fb89e759b957149b866c1f2d12cb9e60ebb5da81c,macrel_hemolysis_probability,numeric,true,same_frozen_numeric_contract,minimize,probability,0.436,0.297,-0.139,0.139,true,2cdc9b8a39f12e5c9d51d9f67a1a96443d0178c6177d7dd217cc9dcf0604ba9f
vegfa,815b7cb8cbd73f386582cbe986cb95d140cd14b98e309050a49ad73569e7bf99,controlled_crossover,809f4fba69685d90ab79f41cde959f0e744cb4c6685f441787a4433a84cc6a01,primary_parent,5d4e76ba153247dded14f70fb89e759b957149b866c1f2d12cb9e60ebb5da81c,maximum_hydrophobic_run,numeric,true,same_frozen_numeric_contract,minimize,residues,2.0,0.0,-2.0,2.0,true,c1af8c54fbf6ac29893d6b0e0ec7c74efd4917b5c8e7847a8964d6bd94d91ee3
vegfa,815b7cb8cbd73f386582cbe986cb95d140cd14b98e309050a49ad73569e7bf99,controlled_crossover,809f4fba69685d90ab79f41cde959f0e744cb4c6685f441787a4433a84cc6a01,primary_parent,5d4e76ba153247dded14f70fb89e759b957149b866c1f2d12cb9e60ebb5da81c,net_charge_ph7_4,numeric,false,audit_metric_has_no_monotonic_improvement_direction,audit,elementary_charge,6.112,8.028,1.9160000000000004,,true,109428ec7dee6673dbd64e5818f205fba6a1450c51c34dff8437ac4922c5734b
vegfa,815b7cb8cbd73f386582cbe986cb95d140cd14b98e309050a49ad73569e7bf99,controlled_crossover,809f4fba69685d90ab79f41cde959f0e744cb4c6685f441787a4433a84cc6a01,primary_parent,5d4e76ba153247dded14f70fb89e759b957149b866c1f2d12cb9e60ebb5da81c,toxinpred3_hybrid_score,numeric,true,same_frozen_numeric_contract,minimize,dimensionless,0.0,0.0,0.0,-0.0,false,1b6f1afcafebad8612349237571bfb7ed5aaf51ebf5bfbc4eda5e85ebb7a7b1c
vegfa,815b7cb8cbd73f386582cbe986cb95d140cd14b98e309050a49ad73569e7bf99,controlled_crossover,809f4fba69685d90ab79f41cde959f0e744cb4c6685f441787a4433a84cc6a01,primary_parent,5d4e76ba153247dded14f70fb89e759b957149b866c1f2d12cb9e60ebb5da81c,toxinpred3_label,categorical,true,same_frozen_label_contract,audit,label,Non-Toxin,Non-Toxin,,,false,255200148be71d8855ed15a864e03b4469106877c32d1ecf6d1f8555f6bdca4f
vegfa,815b7cb8cbd73f386582cbe986cb95d140cd14b98e309050a49ad73569e7bf99,controlled_crossover,809f4fba69685d90ab79f41cde959f0e744cb4c6685f441787a4433a84cc6a01,donor_parent,1d4045ee102780188e827660368729f44269e8780200c1bedb280e380f1d5243,amp_read_log10_mic_um,numeric,true,same_frozen_numeric_contract,minimize,log10(uM),1.2629065663007313,2.243294583631487,0.9803880173307555,-0.9803880173307555,true,4739f90ef820869a4bd0370252a97709d0256751e3f2ca4548d7cc46cf70a435
vegfa,815b7cb8cbd73f386582cbe986cb95d140cd14b98e309050a49ad73569e7bf99,controlled_crossover,809f4fba69685d90ab79f41cde959f0e744cb4c6685f441787a4433a84cc6a01,donor_parent,1d4045ee102780188e827660368729f44269e8780200c1bedb280e380f1d5243,guruprasad_instability_index,numeric,true,same_frozen_numeric_contract,minimize,index,35.079166666666666,28.808696,-6.2704706666666645,6.2704706666666645,true,5ab29010b127aec3990d6db6628f402f4709e12c48809e287450ee882fc27dd7
vegfa,815b7cb8cbd73f386582cbe986cb95d140cd14b98e309050a49ad73569e7bf99,controlled_crossover,809f4fba69685d90ab79f41cde959f0e744cb4c6685f441787a4433a84cc6a01,donor_parent,1d4045ee102780188e827660368729f44269e8780200c1bedb280e380f1d5243,hydrophobic_moment_eisenberg,numeric,false,audit_metric_has_no_monotonic_improvement_direction,audit,dimensionless,0.2750561915542174,0.23145885717353534,-0.04359733438068206,,true,f4253d5837603d0debdc5af171304f24da4c7ab8aebbc238869d55e8b0f2ce61
vegfa,815b7cb8cbd73f386582cbe986cb95d140cd14b98e309050a49ad73569e7bf99,controlled_crossover,809f4fba69685d90ab79f41cde959f0e744cb4c6685f441787a4433a84cc6a01,donor_parent,1d4045ee102780188e827660368729f44269e8780200c1bedb280e380f1d5243,hydrophobic_ratio_modlamp,numeric,false,audit_metric_has_no_monotonic_improvement_direction,audit,fraction,0.08333333333333333,0.0,-0.08333333333333333,,true,3ef2b5c90f1e36b5d8b28ca3f349318134ecdc5e656ea9dcb3c05540db46830f
vegfa,815b7cb8cbd73f386582cbe986cb95d140cd14b98e309050a49ad73569e7bf99,controlled_crossover,809f4fba69685d90ab79f41cde959f0e744cb4c6685f441787a4433a84cc6a01,donor_parent,1d4045ee102780188e827660368729f44269e8780200c1bedb280e380f1d5243,llamp_log10_mic_um,numeric,true,same_frozen_numeric_contract,minimize,log10(uM),1.0507502555847168,1.415408730506897,0.3646584749221802,-0.3646584749221802,true,b12d6fa2f9af3844d9243b8bd04966d3e7a33b535ca974d1db44cd561b367477
vegfa,815b7cb8cbd73f386582cbe986cb95d140cd14b98e309050a49ad73569e7bf99,controlled_crossover,809f4fba69685d90ab79f41cde959f0e744cb4c6685f441787a4433a84cc6a01,donor_parent,1d4045ee102780188e827660368729f44269e8780200c1bedb280e380f1d5243,macrel_amp_probability,numeric,true,same_frozen_numeric_contract,maximize,probability,0.505,0.426,-0.07900000000000001,-0.07900000000000001,true,434bc384f96269e18844282b18f1366f52286eadc626a9343f2a3c6eeff8fc87
vegfa,815b7cb8cbd73f386582cbe986cb95d140cd14b98e309050a49ad73569e7bf99,controlled_crossover,809f4fba69685d90ab79f41cde959f0e744cb4c6685f441787a4433a84cc6a01,donor_parent,1d4045ee102780188e827660368729f44269e8780200c1bedb280e380f1d5243,macrel_hemolysis_label,categorical,true,same_frozen_label_contract,audit,label,low,low,,,false,429bcaede2a551f720210499f0efe82e5d1b54854f258578f20b886f7eb245c2
vegfa,815b7cb8cbd73f386582cbe986cb95d140cd14b98e309050a49ad73569e7bf99,controlled_crossover,809f4fba69685d90ab79f41cde959f0e744cb4c6685f441787a4433a84cc6a01,donor_parent,1d4045ee102780188e827660368729f44269e8780200c1bedb280e380f1d5243,macrel_hemolysis_probability,numeric,true,same_frozen_numeric_contract,minimize,probability,0.495,0.297,-0.198,0.198,true,3403f4bee6e02e8a122d65ffa4fefb4584d25257d3bfe6621a353a6a98ea9ec8
vegfa,815b7cb8cbd73f386582cbe986cb95d140cd14b98e309050a49ad73569e7bf99,controlled_crossover,809f4fba69685d90ab79f41cde959f0e744cb4c6685f441787a4433a84cc6a01,donor_parent,1d4045ee102780188e827660368729f44269e8780200c1bedb280e380f1d5243,maximum_hydrophobic_run,numeric,true,same_frozen_numeric_contract,minimize,residues,1.0,0.0,-1.0,1.0,true,8ded3a5443bb2d33458548820ae80c7d7be2658fb003be9c9d7d1fabcc95d8ec
vegfa,815b7cb8cbd73f386582cbe986cb95d140cd14b98e309050a49ad73569e7bf99,controlled_crossover,809f4fba69685d90ab79f41cde959f0e744cb4c6685f441787a4433a84cc6a01,donor_parent,1d4045ee102780188e827660368729f44269e8780200c1bedb280e380f1d5243,net_charge_ph7_4,numeric,false,audit_metric_has_no_monotonic_improvement_direction,audit,elementary_charge,8.028,8.028,0.0,,false,7cbcd0ea8fb7622753c419d381b8a9682bbe1a6f7656dd32cf6cceb107a6ade8
vegfa,815b7cb8cbd73f386582cbe986cb95d140cd14b98e309050a49ad73569e7bf99,controlled_crossover,809f4fba69685d90ab79f41cde959f0e744cb4c6685f441787a4433a84cc6a01,donor_parent,1d4045ee102780188e827660368729f44269e8780200c1bedb280e380f1d5243,toxinpred3_hybrid_score,numeric,true,same_frozen_numeric_contract,minimize,dimensionless,0.0,0.0,0.0,-0.0,false,ff6b0c8d276077dd5b6bec194d386450a12da450d5794218cbb6d4a614e57b76
vegfa,815b7cb8cbd73f386582cbe986cb95d140cd14b98e309050a49ad73569e7bf99,controlled_crossover,809f4fba69685d90ab79f41cde959f0e744cb4c6685f441787a4433a84cc6a01,donor_parent,1d4045ee102780188e827660368729f44269e8780200c1bedb280e380f1d5243,toxinpred3_label,categorical,true,same_frozen_label_contract,audit,label,Non-Toxin,Non-Toxin,,,false,a020667afbc6ee4dc63468e6047f425131c3da4300e1af775edf6a283c68446f
vegfa,68062c1c7800b537bf515a9360a172562f5f8e08c8c5f0d6a549f1b706e9cd6a,de_novo,0c068dc52ece2bbe12575a850ae65471073ece048a65bbc335dd8c63e616f714,none,,amp_read_log10_mic_um,numeric,false,de_novo_has_no_biological_parent,,,,2.081625622697524,,,,3b4ce0b3fbe9dd854bf9d4f6ec4b6e4b8a954ad6d03a64a0b0faeab6a3fe8130
vegfa,68062c1c7800b537bf515a9360a172562f5f8e08c8c5f0d6a549f1b706e9cd6a,de_novo,0c068dc52ece2bbe12575a850ae65471073ece048a65bbc335dd8c63e616f714,none,,guruprasad_instability_index,numeric,false,de_novo_has_no_biological_parent,,,,4.018182,,,,d7853af5ec2e4b72f146e5088764c018c5847a9995f2eba6b29ed0bd3e1f8106
vegfa,68062c1c7800b537bf515a9360a172562f5f8e08c8c5f0d6a549f1b706e9cd6a,de_novo,0c068dc52ece2bbe12575a850ae65471073ece048a65bbc335dd8c63e616f714,none,,hydrophobic_moment_eisenberg,numeric,false,de_novo_has_no_biological_parent,,,,0.18603153845919393,,,,0b19ddd91cb0a47c81a7b29972c788e16ff21140ac5b3a9bf6543958ed9fbbad
vegfa,68062c1c7800b537bf515a9360a172562f5f8e08c8c5f0d6a549f1b706e9cd6a,de_novo,0c068dc52ece2bbe12575a850ae65471073ece048a65bbc335dd8c63e616f714,none,,hydrophobic_ratio_modlamp,numeric,false,de_novo_has_no_biological_parent,,,,0.09090909090909091,,,,68254f69412c81ee49b22c8a050240cbb4a2df67cc6c58e18f7139f4d649f105
vegfa,68062c1c7800b537bf515a9360a172562f5f8e08c8c5f0d6a549f1b706e9cd6a,de_novo,0c068dc52ece2bbe12575a850ae65471073ece048a65bbc335dd8c63e616f714,none,,llamp_log10_mic_um,numeric,false,de_novo_has_no_biological_parent,,,,1.6880602836608887,,,,48c6b295a3cc58fd2040f10f331eabc82c0cf518cff73d6be35108515d16f650
vegfa,68062c1c7800b537bf515a9360a172562f5f8e08c8c5f0d6a549f1b706e9cd6a,de_novo,0c068dc52ece2bbe12575a850ae65471073ece048a65bbc335dd8c63e616f714,none,,macrel_amp_probability,numeric,false,de_novo_has_no_biological_parent,,,,0.218,,,,b93b60d429d6020db1bdbfe1a740608cc73866a539fe9573321c04c3e137e88e
vegfa,68062c1c7800b537bf515a9360a172562f5f8e08c8c5f0d6a549f1b706e9cd6a,de_novo,0c068dc52ece2bbe12575a850ae65471073ece048a65bbc335dd8c63e616f714,none,,macrel_hemolysis_label,categorical,false,de_novo_has_no_biological_parent,,,,low,,,,a410eb9b5307a8ba63a914c63a902eb8e3a68fa35ffca63baa3a6e3143e2fdbd
vegfa,68062c1c7800b537bf515a9360a172562f5f8e08c8c5f0d6a549f1b706e9cd6a,de_novo,0c068dc52ece2bbe12575a850ae65471073ece048a65bbc335dd8c63e616f714,none,,macrel_hemolysis_probability,numeric,false,de_novo_has_no_biological_parent,,,,0.347,,,,3b8a9318d3620c4367fdbde98e8dc228cda98f8c427793bb6c65d376cd5128fe
vegfa,68062c1c7800b537bf515a9360a172562f5f8e08c8c5f0d6a549f1b706e9cd6a,de_novo,0c068dc52ece2bbe12575a850ae65471073ece048a65bbc335dd8c63e616f714,none,,maximum_hydrophobic_run,numeric,false,de_novo_has_no_biological_parent,,,,1,,,,af6570a615df3c106708d16e84a0d3f113ffa3e79e3f75764b3433a46d41ab63
vegfa,68062c1c7800b537bf515a9360a172562f5f8e08c8c5f0d6a549f1b706e9cd6a,de_novo,0c068dc52ece2bbe12575a850ae65471073ece048a65bbc335dd8c63e616f714,none,,net_charge_ph7_4,numeric,false,de_novo_has_no_biological_parent,,,,7.068,,,,0599650d61ca47f8a8f8dc859411e7806f53f55384cf0c70af7fc0a5877b25a8
vegfa,68062c1c7800b537bf515a9360a172562f5f8e08c8c5f0d6a549f1b706e9cd6a,de_novo,0c068dc52ece2bbe12575a850ae65471073ece048a65bbc335dd8c63e616f714,none,,toxinpred3_hybrid_score,numeric,false,de_novo_has_no_biological_parent,,,,0.38,,,,880c14b75a075c89586c4ad25400d8258d1696f2e7747428a050db01b0a6954d
vegfa,68062c1c7800b537bf515a9360a172562f5f8e08c8c5f0d6a549f1b706e9cd6a,de_novo,0c068dc52ece2bbe12575a850ae65471073ece048a65bbc335dd8c63e616f714,none,,toxinpred3_label,categorical,false,de_novo_has_no_biological_parent,,,,Non-Toxin,,,,0b5e5bec44c6050aca9042a6b9beaf5d4f818624a3facb051733f568d841fad7
vegfa,c0203202c0d885dc20e29a2a4bcb04d7d42c0cdd6c9b3f04c4980e172285cea0,de_novo,bc6123df9fe2e8c397fa5b49a04ff3597f4e6ec99aa04c8b9ebff7b41420947d,none,,amp_read_log10_mic_um,numeric,false,de_novo_has_no_biological_parent,,,,1.8065951429125557,,,,bf8d34dd3f2955f1be9a8ba28b2e9a0819e79c9a541524b192f921efd524d6bb
vegfa,c0203202c0d885dc20e29a2a4bcb04d7d42c0cdd6c9b3f04c4980e172285cea0,de_novo,bc6123df9fe2e8c397fa5b49a04ff3597f4e6ec99aa04c8b9ebff7b41420947d,none,,guruprasad_instability_index,numeric,false,de_novo_has_no_biological_parent,,,,33.416667,,,,00b9a6f0e55cfa31f9e54dbaf7abdd992a8f57a46b06d1e81bd208165335e5d6
vegfa,c0203202c0d885dc20e29a2a4bcb04d7d42c0cdd6c9b3f04c4980e172285cea0,de_novo,bc6123df9fe2e8c397fa5b49a04ff3597f4e6ec99aa04c8b9ebff7b41420947d,none,,hydrophobic_moment_eisenberg,numeric,false,de_novo_has_no_biological_parent,,,,0.32714535409691775,,,,820a8799016ae1e8d4c3872b2d6c54cfb7c0960618f4e2df5bdf205930502f88
vegfa,c0203202c0d885dc20e29a2a4bcb04d7d42c0cdd6c9b3f04c4980e172285cea0,de_novo,bc6123df9fe2e8c397fa5b49a04ff3597f4e6ec99aa04c8b9ebff7b41420947d,none,,hydrophobic_ratio_modlamp,numeric,false,de_novo_has_no_biological_parent,,,,0.08333333333333333,,,,313a2776c19cf16484ffe5ce841bc6545e2f911fe2e633f1f47ad8ec0f7a63f4
vegfa,c0203202c0d885dc20e29a2a4bcb04d7d42c0cdd6c9b3f04c4980e172285cea0,de_novo,bc6123df9fe2e8c397fa5b49a04ff3597f4e6ec99aa04c8b9ebff7b41420947d,none,,llamp_log10_mic_um,numeric,false,de_novo_has_no_biological_parent,,,,0.7632389068603516,,,,b318b566e5faa420d4bafaf21d0236e491d3a8dbc300bdd590c937d231355261
vegfa,c0203202c0d885dc20e29a2a4bcb04d7d42c0cdd6c9b3f04c4980e172285cea0,de_novo,bc6123df9fe2e8c397fa5b49a04ff3597f4e6ec99aa04c8b9ebff7b41420947d,none,,macrel_amp_probability,numeric,false,de_novo_has_no_biological_parent,,,,0.327,,,,00d41d382ae98c066cb38e5f671292710d40a36a23ca0c4b45acae87fd2b9aa9
vegfa,c0203202c0d885dc20e29a2a4bcb04d7d42c0cdd6c9b3f04c4980e172285cea0,de_novo,bc6123df9fe2e8c397fa5b49a04ff3597f4e6ec99aa04c8b9ebff7b41420947d,none,,macrel_hemolysis_label,categorical,false,de_novo_has_no_biological_parent,,,,low,,,,9610cd2ca76326869fdaaddfa2635a373fcf4a6c725b7df4fec33c97f7d70dbf
vegfa,c0203202c0d885dc20e29a2a4bcb04d7d42c0cdd6c9b3f04c4980e172285cea0,de_novo,bc6123df9fe2e8c397fa5b49a04ff3597f4e6ec99aa04c8b9ebff7b41420947d,none,,macrel_hemolysis_probability,numeric,false,de_novo_has_no_biological_parent,,,,0.406,,,,0d0e3e872b1042fd712b1dca0308192e02955116d75d4af0933128bfd1bfd4ce
vegfa,c0203202c0d885dc20e29a2a4bcb04d7d42c0cdd6c9b3f04c4980e172285cea0,de_novo,bc6123df9fe2e8c397fa5b49a04ff3597f4e6ec99aa04c8b9ebff7b41420947d,none,,maximum_hydrophobic_run,numeric,false,de_novo_has_no_biological_parent,,,,1,,,,b0171e566e73fa96f40e763c3de6cdb224f89cc9be553609cf57a064b4121526
vegfa,c0203202c0d885dc20e29a2a4bcb04d7d42c0cdd6c9b3f04c4980e172285cea0,de_novo,bc6123df9fe2e8c397fa5b49a04ff3597f4e6ec99aa04c8b9ebff7b41420947d,none,,net_charge_ph7_4,numeric,false,de_novo_has_no_biological_parent,,,,9.985,,,,c2940f7f11673bc5a04626b36c603696e18282be6da7f79470590f04a49e7f9d
vegfa,c0203202c0d885dc20e29a2a4bcb04d7d42c0cdd6c9b3f04c4980e172285cea0,de_novo,bc6123df9fe2e8c397fa5b49a04ff3597f4e6ec99aa04c8b9ebff7b41420947d,none,,toxinpred3_hybrid_score,numeric,false,de_novo_has_no_biological_parent,,,,0.36,,,,d1f972ae464870499cce7fa3942570fa4860c69bbfba0e0d3a269428b0785884
vegfa,c0203202c0d885dc20e29a2a4bcb04d7d42c0cdd6c9b3f04c4980e172285cea0,de_novo,bc6123df9fe2e8c397fa5b49a04ff3597f4e6ec99aa04c8b9ebff7b41420947d,none,,toxinpred3_label,categorical,false,de_novo_has_no_biological_parent,,,,Non-Toxin,,,,0a5b1bac9a8f8c25abbbce5ac2db3394f6d9dd8fccf7cbee9135804b5f958de9
vegfa,9160790bee6f024126f84028fc58d5ce21b7a42d2ed4bb2e7261a51ec3ecfd00,masked_substitution,e4939fc755cc74d63cd72a64537b1b75629249040aeda1d52e108991e6b9b1b8,primary_parent,02e6e8a9041d1f5e02ded66ace7f1bf8353933cb460554f7d6d4f7827ee851e3,amp_read_log10_mic_um,numeric,true,same_frozen_numeric_contract,minimize,log10(uM),0.8502392420270765,0.9402348769471998,0.0899956349201233,-0.0899956349201233,true,d395d28121c1dfb9e43634611da3616e6bb1aaa456970e9435d4442ea614280f
vegfa,9160790bee6f024126f84028fc58d5ce21b7a42d2ed4bb2e7261a51ec3ecfd00,masked_substitution,e4939fc755cc74d63cd72a64537b1b75629249040aeda1d52e108991e6b9b1b8,primary_parent,02e6e8a9041d1f5e02ded66ace7f1bf8353933cb460554f7d6d4f7827ee851e3,guruprasad_instability_index,numeric,true,same_frozen_numeric_contract,minimize,index,-9.308695652173913,-9.308696,-3.478260861555782e-07,3.478260861555782e-07,true,552dc94065f25419effc4cfc24fa10f349a0ccf6f52aa2a5057cf1f65a820b3e
vegfa,9160790bee6f024126f84028fc58d5ce21b7a42d2ed4bb2e7261a51ec3ecfd00,masked_substitution,e4939fc755cc74d63cd72a64537b1b75629249040aeda1d52e108991e6b9b1b8,primary_parent,02e6e8a9041d1f5e02ded66ace7f1bf8353933cb460554f7d6d4f7827ee851e3,hydrophobic_moment_eisenberg,numeric,false,audit_metric_has_no_monotonic_improvement_direction,audit,dimensionless,0.14056582796750103,0.15869425332664416,0.018128425359143135,,true,2c3d22a9a61d081499ed9270fc75d08313b58e73a4a9f46459a8ae562c434d40
vegfa,9160790bee6f024126f84028fc58d5ce21b7a42d2ed4bb2e7261a51ec3ecfd00,masked_substitution,e4939fc755cc74d63cd72a64537b1b75629249040aeda1d52e108991e6b9b1b8,primary_parent,02e6e8a9041d1f5e02ded66ace7f1bf8353933cb460554f7d6d4f7827ee851e3,hydrophobic_ratio_modlamp,numeric,false,audit_metric_has_no_monotonic_improvement_direction,audit,fraction,0.2608695652173913,0.21739130434782608,-0.043478260869565216,,true,ba391d6f363e3e2b1646ed2679a3929662d8214eb466ac51b6744ed011087470
vegfa,9160790bee6f024126f84028fc58d5ce21b7a42d2ed4bb2e7261a51ec3ecfd00,masked_substitution,e4939fc755cc74d63cd72a64537b1b75629249040aeda1d52e108991e6b9b1b8,primary_parent,02e6e8a9041d1f5e02ded66ace7f1bf8353933cb460554f7d6d4f7827ee851e3,llamp_log10_mic_um,numeric,true,same_frozen_numeric_contract,minimize,log10(uM),1.3610467910766602,1.2517298460006714,-0.10931694507598877,0.10931694507598877,true,cb4406e9ec0856b7298fc6abd4af37e170d8c8e9f4ccd43601bb17d675c37d33
vegfa,9160790bee6f024126f84028fc58d5ce21b7a42d2ed4bb2e7261a51ec3ecfd00,masked_substitution,e4939fc755cc74d63cd72a64537b1b75629249040aeda1d52e108991e6b9b1b8,primary_parent,02e6e8a9041d1f5e02ded66ace7f1bf8353933cb460554f7d6d4f7827ee851e3,macrel_amp_probability,numeric,true,same_frozen_numeric_contract,maximize,probability,0.584,0.481,-0.10299999999999998,-0.10299999999999998,true,32cc4a427b48c883a0549e2dbf2af6bc044b3c424be261014b1eff01df7fbb97
vegfa,9160790bee6f024126f84028fc58d5ce21b7a42d2ed4bb2e7261a51ec3ecfd00,masked_substitution,e4939fc755cc74d63cd72a64537b1b75629249040aeda1d52e108991e6b9b1b8,primary_parent,02e6e8a9041d1f5e02ded66ace7f1bf8353933cb460554f7d6d4f7827ee851e3,macrel_hemolysis_label,categorical,true,same_frozen_label_contract,audit,label,low,low,,,false,558c7a5fa2dcec0f9ca4e97ba6bffc34591b081beea699b8d1bd0c668abf5164
vegfa,9160790bee6f024126f84028fc58d5ce21b7a42d2ed4bb2e7261a51ec3ecfd00,masked_substitution,e4939fc755cc74d63cd72a64537b1b75629249040aeda1d52e108991e6b9b1b8,primary_parent,02e6e8a9041d1f5e02ded66ace7f1bf8353933cb460554f7d6d4f7827ee851e3,macrel_hemolysis_probability,numeric,true,same_frozen_numeric_contract,minimize,probability,0.465,0.446,-0.019000000000000017,0.019000000000000017,true,9dcb4e6efe264f41efbf4faf97cc83b1b3136f527a42eb205371af934115877b
vegfa,9160790bee6f024126f84028fc58d5ce21b7a42d2ed4bb2e7261a51ec3ecfd00,masked_substitution,e4939fc755cc74d63cd72a64537b1b75629249040aeda1d52e108991e6b9b1b8,primary_parent,02e6e8a9041d1f5e02ded66ace7f1bf8353933cb460554f7d6d4f7827ee851e3,maximum_hydrophobic_run,numeric,true,same_frozen_numeric_contract,minimize,residues,2.0,1.0,-1.0,1.0,true,bd962b4479974672eef3e09e9b4da94c3123371ec2dc13a2cbbb95437f71a350
vegfa,9160790bee6f024126f84028fc58d5ce21b7a42d2ed4bb2e7261a51ec3ecfd00,masked_substitution,e4939fc755cc74d63cd72a64537b1b75629249040aeda1d52e108991e6b9b1b8,primary_parent,02e6e8a9041d1f5e02ded66ace7f1bf8353933cb460554f7d6d4f7827ee851e3,net_charge_ph7_4,numeric,false,audit_metric_has_no_monotonic_improvement_direction,audit,elementary_charge,6.112,7.111,0.9989999999999997,,true,05af2f440f0f7e4ed611b410c81c4a301feb1e303c2186d311007bda459ee660
vegfa,9160790bee6f024126f84028fc58d5ce21b7a42d2ed4bb2e7261a51ec3ecfd00,masked_substitution,e4939fc755cc74d63cd72a64537b1b75629249040aeda1d52e108991e6b9b1b8,primary_parent,02e6e8a9041d1f5e02ded66ace7f1bf8353933cb460554f7d6d4f7827ee851e3,toxinpred3_hybrid_score,numeric,true,same_frozen_numeric_contract,minimize,dimensionless,0.0,0.46,0.46,-0.46,true,8249ff242e03eb73ab76c0ff0794e1459bb056105e88399741c59a098e4bf530
vegfa,9160790bee6f024126f84028fc58d5ce21b7a42d2ed4bb2e7261a51ec3ecfd00,masked_substitution,e4939fc755cc74d63cd72a64537b1b75629249040aeda1d52e108991e6b9b1b8,primary_parent,02e6e8a9041d1f5e02ded66ace7f1bf8353933cb460554f7d6d4f7827ee851e3,toxinpred3_label,categorical,true,same_frozen_label_contract,audit,label,Non-Toxin,Toxin,,,true,a8954420bad360facf14d3c9808cee4db56923eeb5aa4c581ebbbdd05517ab81
vegfa,7dc0e0f505c0db6341ecb235797fd6a602d301aa9a511c9e8a239e2de038c313,controlled_crossover,d5b9207f2a940a92115c524e4af38018788435dcc24dcb70675b365809f5b209,primary_parent,089615c18ff5e7154002281ce8551355e55752ccffeaf8b8dce9ed39ad295f5e,amp_read_log10_mic_um,numeric,true,same_frozen_numeric_contract,minimize,log10(uM),0.8154980552213776,1.8039487129047658,0.9884506576833881,-0.9884506576833881,true,5b702bf3a0b81559ecdfbfff7ab3779a16906cd092b4621b324c253d09a3acaa
vegfa,7dc0e0f505c0db6341ecb235797fd6a602d301aa9a511c9e8a239e2de038c313,controlled_crossover,d5b9207f2a940a92115c524e4af38018788435dcc24dcb70675b365809f5b209,primary_parent,089615c18ff5e7154002281ce8551355e55752ccffeaf8b8dce9ed39ad295f5e,guruprasad_instability_index,numeric,true,same_frozen_numeric_contract,minimize,index,-13.000000000000002,31.652174,44.652174,-44.652174,true,235bc4ca2ff2bf8b47056c92e8d2e07aeb15bbc4c3e6de12c293f677ddf3b882
vegfa,7dc0e0f505c0db6341ecb235797fd6a602d301aa9a511c9e8a239e2de038c313,controlled_crossover,d5b9207f2a940a92115c524e4af38018788435dcc24dcb70675b365809f5b209,primary_parent,089615c18ff5e7154002281ce8551355e55752ccffeaf8b8dce9ed39ad295f5e,hydrophobic_moment_eisenberg,numeric,false,audit_metric_has_no_monotonic_improvement_direction,audit,dimensionless,0.3134902256123226,0.26047010464423814,-0.05302012096808445,,true,3cda64a166489ab0fdca30ead443f5dc5d642f937cfa45a0d3461ea8757a4f24
vegfa,7dc0e0f505c0db6341ecb235797fd6a602d301aa9a511c9e8a239e2de038c313,controlled_crossover,d5b9207f2a940a92115c524e4af38018788435dcc24dcb70675b365809f5b209,primary_parent,089615c18ff5e7154002281ce8551355e55752ccffeaf8b8dce9ed39ad295f5e,hydrophobic_ratio_modlamp,numeric,false,audit_metric_has_no_monotonic_improvement_direction,audit,fraction,0.21739130434782608,0.0,-0.21739130434782608,,true,1b149e7afe89387aef862750f7f582c105de97b132b8ef512e8c2e490c16fd73
vegfa,7dc0e0f505c0db6341ecb235797fd6a602d301aa9a511c9e8a239e2de038c313,controlled_crossover,d5b9207f2a940a92115c524e4af38018788435dcc24dcb70675b365809f5b209,primary_parent,089615c18ff5e7154002281ce8551355e55752ccffeaf8b8dce9ed39ad295f5e,llamp_log10_mic_um,numeric,true,same_frozen_numeric_contract,minimize,log10(uM),1.3488975763320923,1.3625894784927368,0.013691902160644531,-0.013691902160644531,true,2bea497bd3a860609e1c07d7eed247ccecd084ded368c5686426da49d2614afd
vegfa,7dc0e0f505c0db6341ecb235797fd6a602d301aa9a511c9e8a239e2de038c313,controlled_crossover,d5b9207f2a940a92115c524e4af38018788435dcc24dcb70675b365809f5b209,primary_parent,089615c18ff5e7154002281ce8551355e55752ccffeaf8b8dce9ed39ad295f5e,macrel_amp_probability,numeric,true,same_frozen_numeric_contract,maximize,probability,0.531,0.406,-0.125,-0.125,true,4fb305cf3ab827f492203a44a4f52a8259883d25018ab6ef6a19cd6cd0042840
vegfa,7dc0e0f505c0db6341ecb235797fd6a602d301aa9a511c9e8a239e2de038c313,controlled_crossover,d5b9207f2a940a92115c524e4af38018788435dcc24dcb70675b365809f5b209,primary_parent,089615c18ff5e7154002281ce8551355e55752ccffeaf8b8dce9ed39ad295f5e,macrel_hemolysis_label,categorical,true,same_frozen_label_contract,audit,label,low,low,,,false,69e2f7e66b270b7490fc9a7a28093dabb375a91ffd59fd16f1162a7bbf0d4b25
vegfa,7dc0e0f505c0db6341ecb235797fd6a602d301aa9a511c9e8a239e2de038c313,controlled_crossover,d5b9207f2a940a92115c524e4af38018788435dcc24dcb70675b365809f5b209,primary_parent,089615c18ff5e7154002281ce8551355e55752ccffeaf8b8dce9ed39ad295f5e,macrel_hemolysis_probability,numeric,true,same_frozen_numeric_contract,minimize,probability,0.495,0.287,-0.20800000000000002,0.20800000000000002,true,7dc5be512e72a71993d68ff970484fe29ed6a133f1a47e4bb6eb9492eedf633a
vegfa,7dc0e0f505c0db6341ecb235797fd6a602d301aa9a511c9e8a239e2de038c313,controlled_crossover,d5b9207f2a940a92115c524e4af38018788435dcc24dcb70675b365809f5b209,primary_parent,089615c18ff5e7154002281ce8551355e55752ccffeaf8b8dce9ed39ad295f5e,maximum_hydrophobic_run,numeric,true,same_frozen_numeric_contract,minimize,residues,2.0,0.0,-2.0,2.0,true,5f7e8ea88735ce6f314cef022a8a91da2690f2d0a34e7d7ca4fb081ad42a3585
vegfa,7dc0e0f505c0db6341ecb235797fd6a602d301aa9a511c9e8a239e2de038c313,controlled_crossover,d5b9207f2a940a92115c524e4af38018788435dcc24dcb70675b365809f5b209,primary_parent,089615c18ff5e7154002281ce8551355e55752ccffeaf8b8dce9ed39ad295f5e,net_charge_ph7_4,numeric,false,audit_metric_has_no_monotonic_improvement_direction,audit,elementary_charge,8.07,9.028,0.9580000000000002,,true,2738ad0166806a17f09a1a0b985bfc699af4d34d6275c235b2422532a95f0055
vegfa,7dc0e0f505c0db6341ecb235797fd6a602d301aa9a511c9e8a239e2de038c313,controlled_crossover,d5b9207f2a940a92115c524e4af38018788435dcc24dcb70675b365809f5b209,primary_parent,089615c18ff5e7154002281ce8551355e55752ccffeaf8b8dce9ed39ad295f5e,toxinpred3_hybrid_score,numeric,true,same_frozen_numeric_contract,minimize,dimensionless,0.005,0.0,-0.005,0.005,true,3e1327dea56593ae6eaf58ee9b752f223970a67251cc5bab3f81269ba5a6691a
vegfa,7dc0e0f505c0db6341ecb235797fd6a602d301aa9a511c9e8a239e2de038c313,controlled_crossover,d5b9207f2a940a92115c524e4af38018788435dcc24dcb70675b365809f5b209,primary_parent,089615c18ff5e7154002281ce8551355e55752ccffeaf8b8dce9ed39ad295f5e,toxinpred3_label,categorical,true,same_frozen_label_contract,audit,label,Non-Toxin,Non-Toxin,,,false,6a695a6dfa0c7094a9a048f1633068333f570b824e475a89c767eeb9ce801fa4
vegfa,7dc0e0f505c0db6341ecb235797fd6a602d301aa9a511c9e8a239e2de038c313,controlled_crossover,d5b9207f2a940a92115c524e4af38018788435dcc24dcb70675b365809f5b209,donor_parent,1d4045ee102780188e827660368729f44269e8780200c1bedb280e380f1d5243,amp_read_log10_mic_um,numeric,true,same_frozen_numeric_contract,minimize,log10(uM),1.2629065663007313,1.8039487129047658,0.5410421466040345,-0.5410421466040345,true,0e5c93e9a5caeaa5db229a02af89c9b7e5c685099363a0be91eca3f64e4718df
vegfa,7dc0e0f505c0db6341ecb235797fd6a602d301aa9a511c9e8a239e2de038c313,controlled_crossover,d5b9207f2a940a92115c524e4af38018788435dcc24dcb70675b365809f5b209,donor_parent,1d4045ee102780188e827660368729f44269e8780200c1bedb280e380f1d5243,guruprasad_instability_index,numeric,true,same_frozen_numeric_contract,minimize,index,35.079166666666666,31.652174,-3.426992666666667,3.426992666666667,true,4aba8c6b4974596d8ee6dd2fcf09d36fafc7780468deb8111fd71182f4fedee1
vegfa,7dc0e0f505c0db6341ecb235797fd6a602d301aa9a511c9e8a239e2de038c313,controlled_crossover,d5b9207f2a940a92115c524e4af38018788435dcc24dcb70675b365809f5b209,donor_parent,1d4045ee102780188e827660368729f44269e8780200c1bedb280e380f1d5243,hydrophobic_moment_eisenberg,numeric,false,audit_metric_has_no_monotonic_improvement_direction,audit,dimensionless,0.2750561915542174,0.26047010464423814,-0.014586086909979257,,true,7bfbca9006e06a1633fdb2cee4d31575226e1c23f9a8deddf195e3e7269fbd07
vegfa,7dc0e0f505c0db6341ecb235797fd6a602d301aa9a511c9e8a239e2de038c313,controlled_crossover,d5b9207f2a940a92115c524e4af38018788435dcc24dcb70675b365809f5b209,donor_parent,1d4045ee102780188e827660368729f44269e8780200c1bedb280e380f1d5243,hydrophobic_ratio_modlamp,numeric,false,audit_metric_has_no_monotonic_improvement_direction,audit,fraction,0.08333333333333333,0.0,-0.08333333333333333,,true,e0039c64c1375093669915509665caafadc2832b854d55ea4bc7cc692ec47322
vegfa,7dc0e0f505c0db6341ecb235797fd6a602d301aa9a511c9e8a239e2de038c313,controlled_crossover,d5b9207f2a940a92115c524e4af38018788435dcc24dcb70675b365809f5b209,donor_parent,1d4045ee102780188e827660368729f44269e8780200c1bedb280e380f1d5243,llamp_log10_mic_um,numeric,true,same_frozen_numeric_contract,minimize,log10(uM),1.0507502555847168,1.3625894784927368,0.31183922290802,-0.31183922290802,true,5300daf9c630bf0e6ffb83f52c889d409bdc004c49b3395d95f87d15b7fc27d4
vegfa,7dc0e0f505c0db6341ecb235797fd6a602d301aa9a511c9e8a239e2de038c313,controlled_crossover,d5b9207f2a940a92115c524e4af38018788435dcc24dcb70675b365809f5b209,donor_parent,1d4045ee102780188e827660368729f44269e8780200c1bedb280e380f1d5243,macrel_amp_probability,numeric,true,same_frozen_numeric_contract,maximize,probability,0.505,0.406,-0.09899999999999998,-0.09899999999999998,true,31e7fb5ab03d9de7229b7ff1f4d4768fdbe8f5791a484004e9d17d440984afa5
vegfa,7dc0e0f505c0db6341ecb235797fd6a602d301aa9a511c9e8a239e2de038c313,controlled_crossover,d5b9207f2a940a92115c524e4af38018788435dcc24dcb70675b365809f5b209,donor_parent,1d4045ee102780188e827660368729f44269e8780200c1bedb280e380f1d5243,macrel_hemolysis_label,categorical,true,same_frozen_label_contract,audit,label,low,low,,,false,2945f34accecb1cc7a17322b87d128ee861fbd345af0a83847863c197fd3cd5c
vegfa,7dc0e0f505c0db6341ecb235797fd6a602d301aa9a511c9e8a239e2de038c313,controlled_crossover,d5b9207f2a940a92115c524e4af38018788435dcc24dcb70675b365809f5b209,donor_parent,1d4045ee102780188e827660368729f44269e8780200c1bedb280e380f1d5243,macrel_hemolysis_probability,numeric,true,same_frozen_numeric_contract,minimize,probability,0.495,0.287,-0.20800000000000002,0.20800000000000002,true,adfb83ea7608d4375e7acb81b59afee46dca4b086df7cc9b0436e6d9403d5c17
vegfa,7dc0e0f505c0db6341ecb235797fd6a602d301aa9a511c9e8a239e2de038c313,controlled_crossover,d5b9207f2a940a92115c524e4af38018788435dcc24dcb70675b365809f5b209,donor_parent,1d4045ee102780188e827660368729f44269e8780200c1bedb280e380f1d5243,maximum_hydrophobic_run,numeric,true,same_frozen_numeric_contract,minimize,residues,1.0,0.0,-1.0,1.0,true,6af0812e90a80e4233dbe77ceb611084463ab01ad5d4b486cdefc216dd76aa31
vegfa,7dc0e0f505c0db6341ecb235797fd6a602d301aa9a511c9e8a239e2de038c313,controlled_crossover,d5b9207f2a940a92115c524e4af38018788435dcc24dcb70675b365809f5b209,donor_parent,1d4045ee102780188e827660368729f44269e8780200c1bedb280e380f1d5243,net_charge_ph7_4,numeric,false,audit_metric_has_no_monotonic_improvement_direction,audit,elementary_charge,8.028,9.028,1.0,,true,11db38c99b231e6591d9323e105fbcc794bcf10393f1cc73bfa8eca06b8989c4
vegfa,7dc0e0f505c0db6341ecb235797fd6a602d301aa9a511c9e8a239e2de038c313,controlled_crossover,d5b9207f2a940a92115c524e4af38018788435dcc24dcb70675b365809f5b209,donor_parent,1d4045ee102780188e827660368729f44269e8780200c1bedb280e380f1d5243,toxinpred3_hybrid_score,numeric,true,same_frozen_numeric_contract,minimize,dimensionless,0.0,0.0,0.0,-0.0,false,709c6519428c6d379f0e2738c6eadce8ec47640d999c610a407715f4a5972c0b
vegfa,7dc0e0f505c0db6341ecb235797fd6a602d301aa9a511c9e8a239e2de038c313,controlled_crossover,d5b9207f2a940a92115c524e4af38018788435dcc24dcb70675b365809f5b209,donor_parent,1d4045ee102780188e827660368729f44269e8780200c1bedb280e380f1d5243,toxinpred3_label,categorical,true,same_frozen_label_contract,audit,label,Non-Toxin,Non-Toxin,,,false,9ba7b4560ab8a61eed6aeee866353cdba36ebcc861e62351f39b6e6474404657
vegfa,8c7a08a41f39275fc5cf487edc4682e9ec0379b5941ab48a8263a91cb41d00a6,de_novo,c6c173f7f64c369d22689026b366d23c807fa2412f1e401caf20f92ee7fd4513,none,,amp_read_log10_mic_um,numeric,false,de_novo_has_no_biological_parent,,,,1.4639209233664108,,,,3c9f5d692d3db89a05418c146c8a3c56e962c1d33d91e544ec3f4b7fd7ab7140
vegfa,8c7a08a41f39275fc5cf487edc4682e9ec0379b5941ab48a8263a91cb41d00a6,de_novo,c6c173f7f64c369d22689026b366d23c807fa2412f1e401caf20f92ee7fd4513,none,,guruprasad_instability_index,numeric,false,de_novo_has_no_biological_parent,,,,10.608696,,,,add8f07a32ebad45558364caf371160dba3709dd1beaa974457ef64b31d9bf1c
vegfa,8c7a08a41f39275fc5cf487edc4682e9ec0379b5941ab48a8263a91cb41d00a6,de_novo,c6c173f7f64c369d22689026b366d23c807fa2412f1e401caf20f92ee7fd4513,none,,hydrophobic_moment_eisenberg,numeric,false,de_novo_has_no_biological_parent,,,,0.0926117756286256,,,,7e828bbb06364119ed1ad0adca52acf4be7c33a248d3ef5e09d158f8cef6f030
vegfa,8c7a08a41f39275fc5cf487edc4682e9ec0379b5941ab48a8263a91cb41d00a6,de_novo,c6c173f7f64c369d22689026b366d23c807fa2412f1e401caf20f92ee7fd4513,none,,hydrophobic_ratio_modlamp,numeric,false,de_novo_has_no_biological_parent,,,,0.13043478260869565,,,,0e7b2099d6af0ecddbbba5d3e809c6d4b2f97bc9b4afdcdfa1f994b37b868734
vegfa,8c7a08a41f39275fc5cf487edc4682e9ec0379b5941ab48a8263a91cb41d00a6,de_novo,c6c173f7f64c369d22689026b366d23c807fa2412f1e401caf20f92ee7fd4513,none,,llamp_log10_mic_um,numeric,false,de_novo_has_no_biological_parent,,,,1.2791467905044556,,,,9b914538ceaa97d9634d87ca1c73b47f12feb18cb36a03c99bd83e5b3c4da0f3
vegfa,8c7a08a41f39275fc5cf487edc4682e9ec0379b5941ab48a8263a91cb41d00a6,de_novo,c6c173f7f64c369d22689026b366d23c807fa2412f1e401caf20f92ee7fd4513,none,,macrel_amp_probability,numeric,false,de_novo_has_no_biological_parent,,,,0.327,,,,009f274327e5178a738ef835d1631e35d4126a3e5bd4792aaf2690efd7a9c986
vegfa,8c7a08a41f39275fc5cf487edc4682e9ec0379b5941ab48a8263a91cb41d00a6,de_novo,c6c173f7f64c369d22689026b366d23c807fa2412f1e401caf20f92ee7fd4513,none,,macrel_hemolysis_label,categorical,false,de_novo_has_no_biological_parent,,,,low,,,,c9f06c712e4b3d4435c720aa52ee3fbdbd868cc356175ea81aa4b7f1e70088b4
vegfa,8c7a08a41f39275fc5cf487edc4682e9ec0379b5941ab48a8263a91cb41d00a6,de_novo,c6c173f7f64c369d22689026b366d23c807fa2412f1e401caf20f92ee7fd4513,none,,macrel_hemolysis_probability,numeric,false,de_novo_has_no_biological_parent,,,,0.455,,,,79e2b497ad412d39c99b7dbcd44c7bbc64ecdc5d0148392f6f2f48e4e108fbe7
vegfa,8c7a08a41f39275fc5cf487edc4682e9ec0379b5941ab48a8263a91cb41d00a6,de_novo,c6c173f7f64c369d22689026b366d23c807fa2412f1e401caf20f92ee7fd4513,none,,maximum_hydrophobic_run,numeric,false,de_novo_has_no_biological_parent,,,,2,,,,127da5766df8fd981ce0e65264f3994054ac3a00025dd72f7ef8aed32a7b6752
vegfa,8c7a08a41f39275fc5cf487edc4682e9ec0379b5941ab48a8263a91cb41d00a6,de_novo,c6c173f7f64c369d22689026b366d23c807fa2412f1e401caf20f92ee7fd4513,none,,net_charge_ph7_4,numeric,false,de_novo_has_no_biological_parent,,,,9.985,,,,9aa1c8008c1b97fa76ae85868b90b5328bc8c681d33bf601d9b6869d8098bb66
vegfa,8c7a08a41f39275fc5cf487edc4682e9ec0379b5941ab48a8263a91cb41d00a6,de_novo,c6c173f7f64c369d22689026b366d23c807fa2412f1e401caf20f92ee7fd4513,none,,toxinpred3_hybrid_score,numeric,false,de_novo_has_no_biological_parent,,,,0.455,,,,aa55273fd8a2b7750d9c1156ba47f73d0950345e267651b9d098201df560692b
vegfa,8c7a08a41f39275fc5cf487edc4682e9ec0379b5941ab48a8263a91cb41d00a6,de_novo,c6c173f7f64c369d22689026b366d23c807fa2412f1e401caf20f92ee7fd4513,none,,toxinpred3_label,categorical,false,de_novo_has_no_biological_parent,,,,Toxin,,,,7af8dbe5608e5a11bbd01b10ce4fd5da4783497bc40cc56fe0d1abb0f35cb186
vegfa,d4d3c98891c7a0c03b943632bfcac32371c3c138b00e4c85aaa46c2d11633d95,de_novo,17cbd9d4117e681034cf58c5f33881d4a8400889c915bfd13631d1f35df878e0,none,,amp_read_log10_mic_um,numeric,false,de_novo_has_no_biological_parent,,,,2.3340116758777927,,,,ebc8f1ff265bf93ad17cb73f909a114cb7eaa3f940107c63b30a3fd78c3ffec1
vegfa,d4d3c98891c7a0c03b943632bfcac32371c3c138b00e4c85aaa46c2d11633d95,de_novo,17cbd9d4117e681034cf58c5f33881d4a8400889c915bfd13631d1f35df878e0,none,,guruprasad_instability_index,numeric,false,de_novo_has_no_biological_parent,,,,18.452000,,,,443ca8d9249386afd57c9e74d277847a5b4d81aa8f1dafb5c331360b548f98f6
vegfa,d4d3c98891c7a0c03b943632bfcac32371c3c138b00e4c85aaa46c2d11633d95,de_novo,17cbd9d4117e681034cf58c5f33881d4a8400889c915bfd13631d1f35df878e0,none,,hydrophobic_moment_eisenberg,numeric,false,de_novo_has_no_biological_parent,,,,0.06987929083578678,,,,35f833daf9334c0420518df7df6887304cc247c5be5eb127afd4b4498a96b8c1
vegfa,d4d3c98891c7a0c03b943632bfcac32371c3c138b00e4c85aaa46c2d11633d95,de_novo,17cbd9d4117e681034cf58c5f33881d4a8400889c915bfd13631d1f35df878e0,none,,hydrophobic_ratio_modlamp,numeric,false,de_novo_has_no_biological_parent,,,,0.08,,,,d1433a0158c6482cf122a8d31b36f811cf3517461148c146aefb8278ceacb097
vegfa,d4d3c98891c7a0c03b943632bfcac32371c3c138b00e4c85aaa46c2d11633d95,de_novo,17cbd9d4117e681034cf58c5f33881d4a8400889c915bfd13631d1f35df878e0,none,,llamp_log10_mic_um,numeric,false,de_novo_has_no_biological_parent,,,,2.2662930488586426,,,,43422b71e1e8a614dfcbc50b89337f4b7b8822646201463a0fbd6e2395f59c59
vegfa,d4d3c98891c7a0c03b943632bfcac32371c3c138b00e4c85aaa46c2d11633d95,de_novo,17cbd9d4117e681034cf58c5f33881d4a8400889c915bfd13631d1f35df878e0,none,,macrel_amp_probability,numeric,false,de_novo_has_no_biological_parent,,,,0.238,,,,98673e28aed51b99b702d77505c98bceb83aece719c1d4d08a13f2fb4fbdc0f1
vegfa,d4d3c98891c7a0c03b943632bfcac32371c3c138b00e4c85aaa46c2d11633d95,de_novo,17cbd9d4117e681034cf58c5f33881d4a8400889c915bfd13631d1f35df878e0,none,,macrel_hemolysis_label,categorical,false,de_novo_has_no_biological_parent,,,,low,,,,514c3abbc653fed0ea1252a1ba06a45e8c4167301581ffadc68b31c980610f31
vegfa,d4d3c98891c7a0c03b943632bfcac32371c3c138b00e4c85aaa46c2d11633d95,de_novo,17cbd9d4117e681034cf58c5f33881d4a8400889c915bfd13631d1f35df878e0,none,,macrel_hemolysis_probability,numeric,false,de_novo_has_no_biological_parent,,,,0.188,,,,6bfa61d29ac936db714430076a3ffdee9cc01d19d75cefb762b2da3772f8d56c
vegfa,d4d3c98891c7a0c03b943632bfcac32371c3c138b00e4c85aaa46c2d11633d95,de_novo,17cbd9d4117e681034cf58c5f33881d4a8400889c915bfd13631d1f35df878e0,none,,maximum_hydrophobic_run,numeric,false,de_novo_has_no_biological_parent,,,,1,,,,5645d93267b974e5a7e96cc51384af0ce726f26279673aab4743d0f4b6e58f16
vegfa,d4d3c98891c7a0c03b943632bfcac32371c3c138b00e4c85aaa46c2d11633d95,de_novo,17cbd9d4117e681034cf58c5f33881d4a8400889c915bfd13631d1f35df878e0,none,,net_charge_ph7_4,numeric,false,de_novo_has_no_biological_parent,,,,4.071,,,,cc8cefb69afa8819bcf5d91b6c701fe2bf198d334e91fd9dc649c5d00844acd5
vegfa,d4d3c98891c7a0c03b943632bfcac32371c3c138b00e4c85aaa46c2d11633d95,de_novo,17cbd9d4117e681034cf58c5f33881d4a8400889c915bfd13631d1f35df878e0,none,,toxinpred3_hybrid_score,numeric,false,de_novo_has_no_biological_parent,,,,0.41,,,,38cd85f89d97a3978ca3ef40f412e62abf0f16f082d23b95ed90938977182987
vegfa,d4d3c98891c7a0c03b943632bfcac32371c3c138b00e4c85aaa46c2d11633d95,de_novo,17cbd9d4117e681034cf58c5f33881d4a8400889c915bfd13631d1f35df878e0,none,,toxinpred3_label,categorical,false,de_novo_has_no_biological_parent,,,,Toxin,,,,1ff7ac33d6a4f37d021906db48ae7f41184456aa92300cc1344b470d2527e99b
vegfa,7fab9194a64b11b8fea5988fe182edb12a946f9314a8197164f6ab5e4aa56146,masked_substitution,43e75a5295572de97aec002475d8d9688ae91b308d47809c2db7e787a952e80c,primary_parent,02e6e8a9041d1f5e02ded66ace7f1bf8353933cb460554f7d6d4f7827ee851e3,amp_read_log10_mic_um,numeric,true,same_frozen_numeric_contract,minimize,log10(uM),0.8502392420270765,0.8087121141511928,-0.04152712787588364,0.04152712787588364,true,199e9818268c4eb287931f41e86d5d96d7c4a69dd32d655f91214e76d25fdc48
vegfa,7fab9194a64b11b8fea5988fe182edb12a946f9314a8197164f6ab5e4aa56146,masked_substitution,43e75a5295572de97aec002475d8d9688ae91b308d47809c2db7e787a952e80c,primary_parent,02e6e8a9041d1f5e02ded66ace7f1bf8353933cb460554f7d6d4f7827ee851e3,guruprasad_instability_index,numeric,true,same_frozen_numeric_contract,minimize,index,-9.308695652173913,-6.869565,2.4391306521739136,-2.4391306521739136,true,48e2902ef686e7f15f5dfd83087d65dbbb15536d0a607cd37e815b81af53fbd0
vegfa,7fab9194a64b11b8fea5988fe182edb12a946f9314a8197164f6ab5e4aa56146,masked_substitution,43e75a5295572de97aec002475d8d9688ae91b308d47809c2db7e787a952e80c,primary_parent,02e6e8a9041d1f5e02ded66ace7f1bf8353933cb460554f7d6d4f7827ee851e3,hydrophobic_moment_eisenberg,numeric,false,audit_metric_has_no_monotonic_improvement_direction,audit,dimensionless,0.14056582796750103,0.23264293152274132,0.09207710355524029,,true,09a90e3584db6095a08c615b9a611f3c628e14c32ae51bef7eed39b56de3901f
vegfa,7fab9194a64b11b8fea5988fe182edb12a946f9314a8197164f6ab5e4aa56146,masked_substitution,43e75a5295572de97aec002475d8d9688ae91b308d47809c2db7e787a952e80c,primary_parent,02e6e8a9041d1f5e02ded66ace7f1bf8353933cb460554f7d6d4f7827ee851e3,hydrophobic_ratio_modlamp,numeric,false,audit_metric_has_no_monotonic_improvement_direction,audit,fraction,0.2608695652173913,0.21739130434782608,-0.043478260869565216,,true,3e66b631d5cc4805f5c0acaa322f7bd14d3244e9923d8380119612d208528fd7
vegfa,7fab9194a64b11b8fea5988fe182edb12a946f9314a8197164f6ab5e4aa56146,masked_substitution,43e75a5295572de97aec002475d8d9688ae91b308d47809c2db7e787a952e80c,primary_parent,02e6e8a9041d1f5e02ded66ace7f1bf8353933cb460554f7d6d4f7827ee851e3,llamp_log10_mic_um,numeric,true,same_frozen_numeric_contract,minimize,log10(uM),1.3610467910766602,1.0864951610565186,-0.2745516300201416,0.2745516300201416,true,b47418367c34fa8a60584d92921e26604dca0bc6c47db20d76ae6b18a6e67c25
vegfa,7fab9194a64b11b8fea5988fe182edb12a946f9314a8197164f6ab5e4aa56146,masked_substitution,43e75a5295572de97aec002475d8d9688ae91b308d47809c2db7e787a952e80c,primary_parent,02e6e8a9041d1f5e02ded66ace7f1bf8353933cb460554f7d6d4f7827ee851e3,macrel_amp_probability,numeric,true,same_frozen_numeric_contract,maximize,probability,0.584,0.56,-0.02399999999999991,-0.02399999999999991,true,86a9776d28272a312bf9f4ac1609005e6e1925fb5dc2056870ed8e45d5ff1774
vegfa,7fab9194a64b11b8fea5988fe182edb12a946f9314a8197164f6ab5e4aa56146,masked_substitution,43e75a5295572de97aec002475d8d9688ae91b308d47809c2db7e787a952e80c,primary_parent,02e6e8a9041d1f5e02ded66ace7f1bf8353933cb460554f7d6d4f7827ee851e3,macrel_hemolysis_label,categorical,true,same_frozen_label_contract,audit,label,low,low,,,false,5aa4cb18cd00113eea2fee2da5f3fc7a50b833f6e71b099fd594d327f82cc921
vegfa,7fab9194a64b11b8fea5988fe182edb12a946f9314a8197164f6ab5e4aa56146,masked_substitution,43e75a5295572de97aec002475d8d9688ae91b308d47809c2db7e787a952e80c,primary_parent,02e6e8a9041d1f5e02ded66ace7f1bf8353933cb460554f7d6d4f7827ee851e3,macrel_hemolysis_probability,numeric,true,same_frozen_numeric_contract,minimize,probability,0.465,0.485,0.019999999999999962,-0.019999999999999962,true,08244cfeb853ede810c2427e780b4c29fbd96819f86c4aaeb44298a3129e13d7
vegfa,7fab9194a64b11b8fea5988fe182edb12a946f9314a8197164f6ab5e4aa56146,masked_substitution,43e75a5295572de97aec002475d8d9688ae91b308d47809c2db7e787a952e80c,primary_parent,02e6e8a9041d1f5e02ded66ace7f1bf8353933cb460554f7d6d4f7827ee851e3,maximum_hydrophobic_run,numeric,true,same_frozen_numeric_contract,minimize,residues,2.0,1.0,-1.0,1.0,true,7811e96cd1de88ee202c64e88c37a21a44a7eeb1f84275ef7c8068775b659b67
vegfa,7fab9194a64b11b8fea5988fe182edb12a946f9314a8197164f6ab5e4aa56146,masked_substitution,43e75a5295572de97aec002475d8d9688ae91b308d47809c2db7e787a952e80c,primary_parent,02e6e8a9041d1f5e02ded66ace7f1bf8353933cb460554f7d6d4f7827ee851e3,net_charge_ph7_4,numeric,false,audit_metric_has_no_monotonic_improvement_direction,audit,elementary_charge,6.112,7.111,0.9989999999999997,,true,0475b3a04a06850c9c540484cf9a34393d2c0391f90c2fa07e026f5f0b767d35
vegfa,7fab9194a64b11b8fea5988fe182edb12a946f9314a8197164f6ab5e4aa56146,masked_substitution,43e75a5295572de97aec002475d8d9688ae91b308d47809c2db7e787a952e80c,primary_parent,02e6e8a9041d1f5e02ded66ace7f1bf8353933cb460554f7d6d4f7827ee851e3,toxinpred3_hybrid_score,numeric,true,same_frozen_numeric_contract,minimize,dimensionless,0.0,0.44,0.44,-0.44,true,96778a64bbce647899b2fff51a4437f728bd9f10fd8fa5151041351773625b57
vegfa,7fab9194a64b11b8fea5988fe182edb12a946f9314a8197164f6ab5e4aa56146,masked_substitution,43e75a5295572de97aec002475d8d9688ae91b308d47809c2db7e787a952e80c,primary_parent,02e6e8a9041d1f5e02ded66ace7f1bf8353933cb460554f7d6d4f7827ee851e3,toxinpred3_label,categorical,true,same_frozen_label_contract,audit,label,Non-Toxin,Toxin,,,true,1cfcc46a5a691c59942d80315766d6f2d47529be59a8ce5334f4273e6cd7085e
vegfa,d2de04475fbaaf8850bba7e154f346c0c3108e73d03f1213b925043b5759318d,controlled_crossover,cd3eb159c512b653eb2cdbe4455e71c70ec4b0a48dea31ac36a861ce38064704,primary_parent,5bb1620e8df9873d69294786b12a4a564aac84f6200820fd0e4b0dc2f39982d4,amp_read_log10_mic_um,numeric,true,same_frozen_numeric_contract,minimize,log10(uM),0.9090169459541058,1.6989126820335734,0.7898957360794676,-0.7898957360794676,true,b1f92e553f04af65ec6c7a5bf7030030da6aff2f90c0ea959479a93d370b14ef
vegfa,d2de04475fbaaf8850bba7e154f346c0c3108e73d03f1213b925043b5759318d,controlled_crossover,cd3eb159c512b653eb2cdbe4455e71c70ec4b0a48dea31ac36a861ce38064704,primary_parent,5bb1620e8df9873d69294786b12a4a564aac84f6200820fd0e4b0dc2f39982d4,guruprasad_instability_index,numeric,true,same_frozen_numeric_contract,minimize,index,-5.6173913043478265,31.652174,37.26956530434782,-37.26956530434782,true,f8fb8bb3a02eebb9b4f0d098babe0ff5567dcbaf746c84952a188711404b9392
vegfa,d2de04475fbaaf8850bba7e154f346c0c3108e73d03f1213b925043b5759318d,controlled_crossover,cd3eb159c512b653eb2cdbe4455e71c70ec4b0a48dea31ac36a861ce38064704,primary_parent,5bb1620e8df9873d69294786b12a4a564aac84f6200820fd0e4b0dc2f39982d4,hydrophobic_moment_eisenberg,numeric,false,audit_metric_has_no_monotonic_improvement_direction,audit,dimensionless,0.1821248502999208,0.1983831483453244,0.016258298045403602,,true,a7382593990dc1195684582a41353baa3e4f6df988f08e2a0e04710bd37a8190
vegfa,d2de04475fbaaf8850bba7e154f346c0c3108e73d03f1213b925043b5759318d,controlled_crossover,cd3eb159c512b653eb2cdbe4455e71c70ec4b0a48dea31ac36a861ce38064704,primary_parent,5bb1620e8df9873d69294786b12a4a564aac84f6200820fd0e4b0dc2f39982d4,hydrophobic_ratio_modlamp,numeric,false,audit_metric_has_no_monotonic_improvement_direction,audit,fraction,0.21739130434782608,0.0,-0.21739130434782608,,true,2005c8efa6391d0f60a158ed6221113918ef72e1145502f13cac800237af8f86
vegfa,d2de04475fbaaf8850bba7e154f346c0c3108e73d03f1213b925043b5759318d,controlled_crossover,cd3eb159c512b653eb2cdbe4455e71c70ec4b0a48dea31ac36a861ce38064704,primary_parent,5bb1620e8df9873d69294786b12a4a564aac84f6200820fd0e4b0dc2f39982d4,llamp_log10_mic_um,numeric,true,same_frozen_numeric_contract,minimize,log10(uM),1.4432967901229858,1.4611362218856812,0.017839431762695312,-0.017839431762695312,true,ade31aedb7dca2e35cbd0e93fd8cce0cb6ade64b3373cb35eafcea4f18ac303a
vegfa,d2de04475fbaaf8850bba7e154f346c0c3108e73d03f1213b925043b5759318d,controlled_crossover,cd3eb159c512b653eb2cdbe4455e71c70ec4b0a48dea31ac36a861ce38064704,primary_parent,5bb1620e8df9873d69294786b12a4a564aac84f6200820fd0e4b0dc2f39982d4,macrel_amp_probability,numeric,true,same_frozen_numeric_contract,maximize,probability,0.521,0.416,-0.10500000000000004,-0.10500000000000004,true,53dcd80e09371d5ed871476486d92028876300ecce714578aa70d89c0746bbc6
vegfa,d2de04475fbaaf8850bba7e154f346c0c3108e73d03f1213b925043b5759318d,controlled_crossover,cd3eb159c512b653eb2cdbe4455e71c70ec4b0a48dea31ac36a861ce38064704,primary_parent,5bb1620e8df9873d69294786b12a4a564aac84f6200820fd0e4b0dc2f39982d4,macrel_hemolysis_label,categorical,true,same_frozen_label_contract,audit,label,low,low,,,false,621683ae14a950f1e3614aee05caf8b8dcea73e1c5b0cc5bb98307166efaea5e
vegfa,d2de04475fbaaf8850bba7e154f346c0c3108e73d03f1213b925043b5759318d,controlled_crossover,cd3eb159c512b653eb2cdbe4455e71c70ec4b0a48dea31ac36a861ce38064704,primary_parent,5bb1620e8df9873d69294786b12a4a564aac84f6200820fd0e4b0dc2f39982d4,macrel_hemolysis_probability,numeric,true,same_frozen_numeric_contract,minimize,probability,0.446,0.317,-0.129,0.129,true,d7496851741fc4a27c8f9d2305c7fd9629831d809e8a3eca2380cf691fe6bae9
vegfa,d2de04475fbaaf8850bba7e154f346c0c3108e73d03f1213b925043b5759318d,controlled_crossover,cd3eb159c512b653eb2cdbe4455e71c70ec4b0a48dea31ac36a861ce38064704,primary_parent,5bb1620e8df9873d69294786b12a4a564aac84f6200820fd0e4b0dc2f39982d4,maximum_hydrophobic_run,numeric,true,same_frozen_numeric_contract,minimize,residues,2.0,0.0,-2.0,2.0,true,923f785cb183e1e8e88c6c35e21daf62c058691523c4214791dcfbee81ab2ac1
vegfa,d2de04475fbaaf8850bba7e154f346c0c3108e73d03f1213b925043b5759318d,controlled_crossover,cd3eb159c512b653eb2cdbe4455e71c70ec4b0a48dea31ac36a861ce38064704,primary_parent,5bb1620e8df9873d69294786b12a4a564aac84f6200820fd0e4b0dc2f39982d4,net_charge_ph7_4,numeric,false,audit_metric_has_no_monotonic_improvement_direction,audit,elementary_charge,6.154,8.07,1.9160000000000004,,true,6526b9f19468cd960c876428648e7ea3710bf2c7a2e18d4121f194de4a32ffc3
vegfa,d2de04475fbaaf8850bba7e154f346c0c3108e73d03f1213b925043b5759318d,controlled_crossover,cd3eb159c512b653eb2cdbe4455e71c70ec4b0a48dea31ac36a861ce38064704,primary_parent,5bb1620e8df9873d69294786b12a4a564aac84f6200820fd0e4b0dc2f39982d4,toxinpred3_hybrid_score,numeric,true,same_frozen_numeric_contract,minimize,dimensionless,0.0,0.0,0.0,-0.0,false,efe777fdf270da1fcd12a7e026542df7ee224cd64ffa55370208d5b69403cf6d
vegfa,d2de04475fbaaf8850bba7e154f346c0c3108e73d03f1213b925043b5759318d,controlled_crossover,cd3eb159c512b653eb2cdbe4455e71c70ec4b0a48dea31ac36a861ce38064704,primary_parent,5bb1620e8df9873d69294786b12a4a564aac84f6200820fd0e4b0dc2f39982d4,toxinpred3_label,categorical,true,same_frozen_label_contract,audit,label,Non-Toxin,Non-Toxin,,,false,5ee78e6c7cd7226e093de3924b5495dc5bda1c51fda261c23888a773157b6229
vegfa,d2de04475fbaaf8850bba7e154f346c0c3108e73d03f1213b925043b5759318d,controlled_crossover,cd3eb159c512b653eb2cdbe4455e71c70ec4b0a48dea31ac36a861ce38064704,donor_parent,1d4045ee102780188e827660368729f44269e8780200c1bedb280e380f1d5243,amp_read_log10_mic_um,numeric,true,same_frozen_numeric_contract,minimize,log10(uM),1.2629065663007313,1.6989126820335734,0.4360061157328421,-0.4360061157328421,true,1d355f7702bdd722037209c359b2fa1790fbd12eac60f94a59bff58199a6f414
vegfa,d2de04475fbaaf8850bba7e154f346c0c3108e73d03f1213b925043b5759318d,controlled_crossover,cd3eb159c512b653eb2cdbe4455e71c70ec4b0a48dea31ac36a861ce38064704,donor_parent,1d4045ee102780188e827660368729f44269e8780200c1bedb280e380f1d5243,guruprasad_instability_index,numeric,true,same_frozen_numeric_contract,minimize,index,35.079166666666666,31.652174,-3.426992666666667,3.426992666666667,true,cbbdfa15cb32acd2bb03548dff2285778a726813a391b4df67bbcaadbf437b84
vegfa,d2de04475fbaaf8850bba7e154f346c0c3108e73d03f1213b925043b5759318d,controlled_crossover,cd3eb159c512b653eb2cdbe4455e71c70ec4b0a48dea31ac36a861ce38064704,donor_parent,1d4045ee102780188e827660368729f44269e8780200c1bedb280e380f1d5243,hydrophobic_moment_eisenberg,numeric,false,audit_metric_has_no_monotonic_improvement_direction,audit,dimensionless,0.2750561915542174,0.1983831483453244,-0.07667304320889301,,true,bbd1d07ca906024211dfbf76682d9970f723e215baf37457ce772dd5d5b47af0
vegfa,d2de04475fbaaf8850bba7e154f346c0c3108e73d03f1213b925043b5759318d,controlled_crossover,cd3eb159c512b653eb2cdbe4455e71c70ec4b0a48dea31ac36a861ce38064704,donor_parent,1d4045ee102780188e827660368729f44269e8780200c1bedb280e380f1d5243,hydrophobic_ratio_modlamp,numeric,false,audit_metric_has_no_monotonic_improvement_direction,audit,fraction,0.08333333333333333,0.0,-0.08333333333333333,,true,9f4387e270c4512b7a8a5a63ee096d3d430cb1afd8a4822be26237f017a80215
vegfa,d2de04475fbaaf8850bba7e154f346c0c3108e73d03f1213b925043b5759318d,controlled_crossover,cd3eb159c512b653eb2cdbe4455e71c70ec4b0a48dea31ac36a861ce38064704,donor_parent,1d4045ee102780188e827660368729f44269e8780200c1bedb280e380f1d5243,llamp_log10_mic_um,numeric,true,same_frozen_numeric_contract,minimize,log10(uM),1.0507502555847168,1.4611362218856812,0.41038596630096436,-0.41038596630096436,true,5bfd3928900c899e6d30d56ffa884bd7c1480d6bfc6d7a999dc84dae31efec7e
vegfa,d2de04475fbaaf8850bba7e154f346c0c3108e73d03f1213b925043b5759318d,controlled_crossover,cd3eb159c512b653eb2cdbe4455e71c70ec4b0a48dea31ac36a861ce38064704,donor_parent,1d4045ee102780188e827660368729f44269e8780200c1bedb280e380f1d5243,macrel_amp_probability,numeric,true,same_frozen_numeric_contract,maximize,probability,0.505,0.416,-0.08900000000000002,-0.08900000000000002,true,25943d6a3e22e0d1a473e5ea8404c3d4a244502ec224749342a128365ae725d9
vegfa,d2de04475fbaaf8850bba7e154f346c0c3108e73d03f1213b925043b5759318d,controlled_crossover,cd3eb159c512b653eb2cdbe4455e71c70ec4b0a48dea31ac36a861ce38064704,donor_parent,1d4045ee102780188e827660368729f44269e8780200c1bedb280e380f1d5243,macrel_hemolysis_label,categorical,true,same_frozen_label_contract,audit,label,low,low,,,false,930807e9ec5640a2025e2037fbf6c1ebb8675af8fb8ee174dcd27dcaa6cd5a5b
vegfa,d2de04475fbaaf8850bba7e154f346c0c3108e73d03f1213b925043b5759318d,controlled_crossover,cd3eb159c512b653eb2cdbe4455e71c70ec4b0a48dea31ac36a861ce38064704,donor_parent,1d4045ee102780188e827660368729f44269e8780200c1bedb280e380f1d5243,macrel_hemolysis_probability,numeric,true,same_frozen_numeric_contract,minimize,probability,0.495,0.317,-0.178,0.178,true,7c70afb39f23e414e1d46290b2574de36e544f8b47edfd85853bca707d4db602
vegfa,d2de04475fbaaf8850bba7e154f346c0c3108e73d03f1213b925043b5759318d,controlled_crossover,cd3eb159c512b653eb2cdbe4455e71c70ec4b0a48dea31ac36a861ce38064704,donor_parent,1d4045ee102780188e827660368729f44269e8780200c1bedb280e380f1d5243,maximum_hydrophobic_run,numeric,true,same_frozen_numeric_contract,minimize,residues,1.0,0.0,-1.0,1.0,true,2bd7173e9f3aa2f3150adda722669582b2b1728bc14017c38ad83c903c7a4148
vegfa,d2de04475fbaaf8850bba7e154f346c0c3108e73d03f1213b925043b5759318d,controlled_crossover,cd3eb159c512b653eb2cdbe4455e71c70ec4b0a48dea31ac36a861ce38064704,donor_parent,1d4045ee102780188e827660368729f44269e8780200c1bedb280e380f1d5243,net_charge_ph7_4,numeric,false,audit_metric_has_no_monotonic_improvement_direction,audit,elementary_charge,8.028,8.07,0.041999999999999815,,true,bc5a3899ebfc6eaf9721f9df7f3ae6eccec2b73f9210950fdbb8b2512754f8c9
vegfa,d2de04475fbaaf8850bba7e154f346c0c3108e73d03f1213b925043b5759318d,controlled_crossover,cd3eb159c512b653eb2cdbe4455e71c70ec4b0a48dea31ac36a861ce38064704,donor_parent,1d4045ee102780188e827660368729f44269e8780200c1bedb280e380f1d5243,toxinpred3_hybrid_score,numeric,true,same_frozen_numeric_contract,minimize,dimensionless,0.0,0.0,0.0,-0.0,false,88053ab9cb97bf13d389cf2633a7c942d8a6f2960b485fe690cd6904850e3124
vegfa,d2de04475fbaaf8850bba7e154f346c0c3108e73d03f1213b925043b5759318d,controlled_crossover,cd3eb159c512b653eb2cdbe4455e71c70ec4b0a48dea31ac36a861ce38064704,donor_parent,1d4045ee102780188e827660368729f44269e8780200c1bedb280e380f1d5243,toxinpred3_label,categorical,true,same_frozen_label_contract,audit,label,Non-Toxin,Non-Toxin,,,false,87aee871be0da5449d45791292fc2c8f49bd370173bd8e155bc21e3b12d737e2
vegfa,2bc7fb8c2a19a45308d0f2fc4e213700196f090ac97eb18b0c266dc95256cc1e,de_novo,a758858058e252dfa73bbe7e7e2e7308ed5fac21d782706a63e78557c122ac4a,none,,amp_read_log10_mic_um,numeric,false,de_novo_has_no_biological_parent,,,,1.7815064304014647,,,,3604aabf294ca8abc0b04df8e849e6f9f2f126940b77247ce797815c09beced9
vegfa,2bc7fb8c2a19a45308d0f2fc4e213700196f090ac97eb18b0c266dc95256cc1e,de_novo,a758858058e252dfa73bbe7e7e2e7308ed5fac21d782706a63e78557c122ac4a,none,,guruprasad_instability_index,numeric,false,de_novo_has_no_biological_parent,,,,6.073077,,,,7566dd32b80d2a4c6c9fc9dc1c0567c13228c2646dd398174d16f2875434b4b5
vegfa,2bc7fb8c2a19a45308d0f2fc4e213700196f090ac97eb18b0c266dc95256cc1e,de_novo,a758858058e252dfa73bbe7e7e2e7308ed5fac21d782706a63e78557c122ac4a,none,,hydrophobic_moment_eisenberg,numeric,false,de_novo_has_no_biological_parent,,,,0.08747151239332673,,,,fd233c4b2b79f45d62594e70df3162f3cbd72404e6345f2dc163d0d49c9a5ea2
vegfa,2bc7fb8c2a19a45308d0f2fc4e213700196f090ac97eb18b0c266dc95256cc1e,de_novo,a758858058e252dfa73bbe7e7e2e7308ed5fac21d782706a63e78557c122ac4a,none,,hydrophobic_ratio_modlamp,numeric,false,de_novo_has_no_biological_parent,,,,0.15384615384615385,,,,5654b5619c369bc9686716827013711ea75b785dce0358b5fc32099e2c12b6fc
vegfa,2bc7fb8c2a19a45308d0f2fc4e213700196f090ac97eb18b0c266dc95256cc1e,de_novo,a758858058e252dfa73bbe7e7e2e7308ed5fac21d782706a63e78557c122ac4a,none,,llamp_log10_mic_um,numeric,false,de_novo_has_no_biological_parent,,,,1.783617615699768,,,,43fc6c639c741b87498468d8ca0b40fe032d3510664b186cf86574d79acb080a
vegfa,2bc7fb8c2a19a45308d0f2fc4e213700196f090ac97eb18b0c266dc95256cc1e,de_novo,a758858058e252dfa73bbe7e7e2e7308ed5fac21d782706a63e78557c122ac4a,none,,macrel_amp_probability,numeric,false,de_novo_has_no_biological_parent,,,,0.347,,,,e968fa8e44ca2952eaded1a6f98b910a5d1787442c4a086494c73edb5c97468d
vegfa,2bc7fb8c2a19a45308d0f2fc4e213700196f090ac97eb18b0c266dc95256cc1e,de_novo,a758858058e252dfa73bbe7e7e2e7308ed5fac21d782706a63e78557c122ac4a,none,,macrel_hemolysis_label,categorical,false,de_novo_has_no_biological_parent,,,,high,,,,7a70b756a0a13c478a599c810fc6fbc7fb63171afefe0f60d98cb3bea626ace4
vegfa,2bc7fb8c2a19a45308d0f2fc4e213700196f090ac97eb18b0c266dc95256cc1e,de_novo,a758858058e252dfa73bbe7e7e2e7308ed5fac21d782706a63e78557c122ac4a,none,,macrel_hemolysis_probability,numeric,false,de_novo_has_no_biological_parent,,,,0.535,,,,4750e99b99f01ddc0f81d9a01e9bf0b1c3d5c5a457d44ecca3a045946a6f2ea6
vegfa,2bc7fb8c2a19a45308d0f2fc4e213700196f090ac97eb18b0c266dc95256cc1e,de_novo,a758858058e252dfa73bbe7e7e2e7308ed5fac21d782706a63e78557c122ac4a,none,,maximum_hydrophobic_run,numeric,false,de_novo_has_no_biological_parent,,,,1,,,,2dfdad513169216e6e7b53929ba49bb0133ee4c88dcce35d96ca4f1cc0cb92e8
vegfa,2bc7fb8c2a19a45308d0f2fc4e213700196f090ac97eb18b0c266dc95256cc1e,de_novo,a758858058e252dfa73bbe7e7e2e7308ed5fac21d782706a63e78557c122ac4a,none,,net_charge_ph7_4,numeric,false,de_novo_has_no_biological_parent,,,,7.985,,,,8cbdc13dec687f8f0c2c3d260f8b3f7b9ff2b7fe0c28fe90ebe5a77b7d9e66a3
vegfa,2bc7fb8c2a19a45308d0f2fc4e213700196f090ac97eb18b0c266dc95256cc1e,de_novo,a758858058e252dfa73bbe7e7e2e7308ed5fac21d782706a63e78557c122ac4a,none,,toxinpred3_hybrid_score,numeric,false,de_novo_has_no_biological_parent,,,,0.0,,,,11c40b29ecf2c8c022646d0e9e11cb3de56a76b843b8cb24d3ecb6bbf223ba6e
vegfa,2bc7fb8c2a19a45308d0f2fc4e213700196f090ac97eb18b0c266dc95256cc1e,de_novo,a758858058e252dfa73bbe7e7e2e7308ed5fac21d782706a63e78557c122ac4a,none,,toxinpred3_label,categorical,false,de_novo_has_no_biological_parent,,,,Non-Toxin,,,,82b64f4fae81eea298133fbcb2d79c127df25866cbda6b8a6bd41b184c2a8bca
vegfa,26bad5d91ba190f3fc5091678d516293194185bb77823797bca159ee0413eae0,de_novo,c70cd13a48c4633ea50128942e9eca685789d34af756c5ad51cc8e418d121476,none,,amp_read_log10_mic_um,numeric,false,de_novo_has_no_biological_parent,,,,2.6656978482428277,,,,53bffc0b3ea0c384ef9139bf79753d52119015d261a22e1a387550679c90ccaf
vegfa,26bad5d91ba190f3fc5091678d516293194185bb77823797bca159ee0413eae0,de_novo,c70cd13a48c4633ea50128942e9eca685789d34af756c5ad51cc8e418d121476,none,,guruprasad_instability_index,numeric,false,de_novo_has_no_biological_parent,,,,12.663636,,,,1bc78dc50d0793bcfb627e49c138fb155d7ad3ea4130bcb631747f4b4353fa8d
vegfa,26bad5d91ba190f3fc5091678d516293194185bb77823797bca159ee0413eae0,de_novo,c70cd13a48c4633ea50128942e9eca685789d34af756c5ad51cc8e418d121476,none,,hydrophobic_moment_eisenberg,numeric,false,de_novo_has_no_biological_parent,,,,0.395828965737733,,,,e894ae914036b34a9f2de71119363badb91ac2fcdec6fe57400caf2c0dfe9d8c
vegfa,26bad5d91ba190f3fc5091678d516293194185bb77823797bca159ee0413eae0,de_novo,c70cd13a48c4633ea50128942e9eca685789d34af756c5ad51cc8e418d121476,none,,hydrophobic_ratio_modlamp,numeric,false,de_novo_has_no_biological_parent,,,,0.045454545454545456,,,,4e991be69711a70f90e2f29ba88749dce45ed9ef573361825d87671e47d6bdc2
vegfa,26bad5d91ba190f3fc5091678d516293194185bb77823797bca159ee0413eae0,de_novo,c70cd13a48c4633ea50128942e9eca685789d34af756c5ad51cc8e418d121476,none,,llamp_log10_mic_um,numeric,false,de_novo_has_no_biological_parent,,,,1.57725989818573,,,,506dbaaf010a421effe9a587721715c2a3a5f76aa028ac083ed8747cb94c0d80
vegfa,26bad5d91ba190f3fc5091678d516293194185bb77823797bca159ee0413eae0,de_novo,c70cd13a48c4633ea50128942e9eca685789d34af756c5ad51cc8e418d121476,none,,macrel_amp_probability,numeric,false,de_novo_has_no_biological_parent,,,,0.436,,,,844817e2c8c116e4f60a83e0972f79f2af74b4daadd0d1351d2ffaa833a57cc3
vegfa,26bad5d91ba190f3fc5091678d516293194185bb77823797bca159ee0413eae0,de_novo,c70cd13a48c4633ea50128942e9eca685789d34af756c5ad51cc8e418d121476,none,,macrel_hemolysis_label,categorical,false,de_novo_has_no_biological_parent,,,,high,,,,b16ac10ff1fc006e03d7a742203c100e1850d0d06f68d3508d8acc259e51aff1
vegfa,26bad5d91ba190f3fc5091678d516293194185bb77823797bca159ee0413eae0,de_novo,c70cd13a48c4633ea50128942e9eca685789d34af756c5ad51cc8e418d121476,none,,macrel_hemolysis_probability,numeric,false,de_novo_has_no_biological_parent,,,,0.505,,,,4b075fd6811a24fc3aebf3cb21eb4440cc23c88fabd178d34de23a05c971cdb2
vegfa,26bad5d91ba190f3fc5091678d516293194185bb77823797bca159ee0413eae0,de_novo,c70cd13a48c4633ea50128942e9eca685789d34af756c5ad51cc8e418d121476,none,,maximum_hydrophobic_run,numeric,false,de_novo_has_no_biological_parent,,,,1,,,,132836daf966e640750d91b23681830474a9b3d7d86329e1942e613bb749e618
vegfa,26bad5d91ba190f3fc5091678d516293194185bb77823797bca159ee0413eae0,de_novo,c70cd13a48c4633ea50128942e9eca685789d34af756c5ad51cc8e418d121476,none,,net_charge_ph7_4,numeric,false,de_novo_has_no_biological_parent,,,,6.071,,,,813031d1b17cb173ca2bd8c4e6267e029cee0652b1e46e487b97677133b5eba9
vegfa,26bad5d91ba190f3fc5091678d516293194185bb77823797bca159ee0413eae0,de_novo,c70cd13a48c4633ea50128942e9eca685789d34af756c5ad51cc8e418d121476,none,,toxinpred3_hybrid_score,numeric,false,de_novo_has_no_biological_parent,,,,0.0,,,,eede87858e2d435e42b21f06799dac3fbde7121f07c5165eabb79164474d20de
vegfa,26bad5d91ba190f3fc5091678d516293194185bb77823797bca159ee0413eae0,de_novo,c70cd13a48c4633ea50128942e9eca685789d34af756c5ad51cc8e418d121476,none,,toxinpred3_label,categorical,false,de_novo_has_no_biological_parent,,,,Non-Toxin,,,,98382319af9bcdc3bea7c71df61fab3026bfd73420cdfb73cc2305cc2144f6a4
vegfa,949bf2c74a4f0d27435b8465caf12b2bf9bc280acf22be3267b473a1daca45ba,masked_substitution,dafd21d35303e200680ab932c29a133a845c8805fe2c804b2dec95f0f3e95971,primary_parent,02e6e8a9041d1f5e02ded66ace7f1bf8353933cb460554f7d6d4f7827ee851e3,amp_read_log10_mic_um,numeric,true,same_frozen_numeric_contract,minimize,log10(uM),0.8502392420270765,0.7210283026970101,-0.12921093933006633,0.12921093933006633,true,d338bf4578d2eb02cad5d228bc937d318632424385f6d5fc1915d64e77b751ac
vegfa,949bf2c74a4f0d27435b8465caf12b2bf9bc280acf22be3267b473a1daca45ba,masked_substitution,dafd21d35303e200680ab932c29a133a845c8805fe2c804b2dec95f0f3e95971,primary_parent,02e6e8a9041d1f5e02ded66ace7f1bf8353933cb460554f7d6d4f7827ee851e3,guruprasad_instability_index,numeric,true,same_frozen_numeric_contract,minimize,index,-9.308695652173913,-5.617391,3.6913046521739137,-3.6913046521739137,true,39c286c508d48950c89beb073725394f623649afa46df65119f26cde310fbad7
vegfa,949bf2c74a4f0d27435b8465caf12b2bf9bc280acf22be3267b473a1daca45ba,masked_substitution,dafd21d35303e200680ab932c29a133a845c8805fe2c804b2dec95f0f3e95971,primary_parent,02e6e8a9041d1f5e02ded66ace7f1bf8353933cb460554f7d6d4f7827ee851e3,hydrophobic_moment_eisenberg,numeric,false,audit_metric_has_no_monotonic_improvement_direction,audit,dimensionless,0.14056582796750103,0.20136152895657017,0.06079570098906914,,true,c7f46f634c02915be2aa11dbc66633406d37b8dce1ed018c48445fd22d23c457
vegfa,949bf2c74a4f0d27435b8465caf12b2bf9bc280acf22be3267b473a1daca45ba,masked_substitution,dafd21d35303e200680ab932c29a133a845c8805fe2c804b2dec95f0f3e95971,primary_parent,02e6e8a9041d1f5e02ded66ace7f1bf8353933cb460554f7d6d4f7827ee851e3,hydrophobic_ratio_modlamp,numeric,false,audit_metric_has_no_monotonic_improvement_direction,audit,fraction,0.2608695652173913,0.21739130434782608,-0.043478260869565216,,true,1bf0bb2fb1ea1c43cd7599fc98d9a1e6ac1cc12b1cb1302c1150f5e657aa5cb4
vegfa,949bf2c74a4f0d27435b8465caf12b2bf9bc280acf22be3267b473a1daca45ba,masked_substitution,dafd21d35303e200680ab932c29a133a845c8805fe2c804b2dec95f0f3e95971,primary_parent,02e6e8a9041d1f5e02ded66ace7f1bf8353933cb460554f7d6d4f7827ee851e3,llamp_log10_mic_um,numeric,true,same_frozen_numeric_contract,minimize,log10(uM),1.3610467910766602,1.6531846523284912,0.29213786125183105,-0.29213786125183105,true,19c3fe42c2be10bd469b2fafc5f781b8a79e00502618feec98de5b3f9cbf0e19
vegfa,949bf2c74a4f0d27435b8465caf12b2bf9bc280acf22be3267b473a1daca45ba,masked_substitution,dafd21d35303e200680ab932c29a133a845c8805fe2c804b2dec95f0f3e95971,primary_parent,02e6e8a9041d1f5e02ded66ace7f1bf8353933cb460554f7d6d4f7827ee851e3,macrel_amp_probability,numeric,true,same_frozen_numeric_contract,maximize,probability,0.584,0.521,-0.06299999999999994,-0.06299999999999994,true,684d6cb62d09641e9f3a00dce239659068cfb0f90b11f4fa6512bc36de720aa8
vegfa,949bf2c74a4f0d27435b8465caf12b2bf9bc280acf22be3267b473a1daca45ba,masked_substitution,dafd21d35303e200680ab932c29a133a845c8805fe2c804b2dec95f0f3e95971,primary_parent,02e6e8a9041d1f5e02ded66ace7f1bf8353933cb460554f7d6d4f7827ee851e3,macrel_hemolysis_label,categorical,true,same_frozen_label_contract,audit,label,low,low,,,false,bb70eee02b599f5e84a3029669b1e98d69c2c61b649aed641307e09869de184e
vegfa,949bf2c74a4f0d27435b8465caf12b2bf9bc280acf22be3267b473a1daca45ba,masked_substitution,dafd21d35303e200680ab932c29a133a845c8805fe2c804b2dec95f0f3e95971,primary_parent,02e6e8a9041d1f5e02ded66ace7f1bf8353933cb460554f7d6d4f7827ee851e3,macrel_hemolysis_probability,numeric,true,same_frozen_numeric_contract,minimize,probability,0.465,0.446,-0.019000000000000017,0.019000000000000017,true,b3968c6f0b632558ecb8fec74f04b5786d14527c4f1c3e0d295a78e066098665
vegfa,949bf2c74a4f0d27435b8465caf12b2bf9bc280acf22be3267b473a1daca45ba,masked_substitution,dafd21d35303e200680ab932c29a133a845c8805fe2c804b2dec95f0f3e95971,primary_parent,02e6e8a9041d1f5e02ded66ace7f1bf8353933cb460554f7d6d4f7827ee851e3,maximum_hydrophobic_run,numeric,true,same_frozen_numeric_contract,minimize,residues,2.0,1.0,-1.0,1.0,true,22b7d1c19d00de1f0111d6015af19c1faf875a5b636dcf0758b7212f3e7fab83
vegfa,949bf2c74a4f0d27435b8465caf12b2bf9bc280acf22be3267b473a1daca45ba,masked_substitution,dafd21d35303e200680ab932c29a133a845c8805fe2c804b2dec95f0f3e95971,primary_parent,02e6e8a9041d1f5e02ded66ace7f1bf8353933cb460554f7d6d4f7827ee851e3,net_charge_ph7_4,numeric,false,audit_metric_has_no_monotonic_improvement_direction,audit,elementary_charge,6.112,6.112,0.0,,false,04eaa9430646661f4b62c4b5b1737b7cefc585b8c0f3950f237841310b484328
vegfa,949bf2c74a4f0d27435b8465caf12b2bf9bc280acf22be3267b473a1daca45ba,masked_substitution,dafd21d35303e200680ab932c29a133a845c8805fe2c804b2dec95f0f3e95971,primary_parent,02e6e8a9041d1f5e02ded66ace7f1bf8353933cb460554f7d6d4f7827ee851e3,toxinpred3_hybrid_score,numeric,true,same_frozen_numeric_contract,minimize,dimensionless,0.0,0.34,0.34,-0.34,true,fd20a2ae25f8df35a4f1e556fe23f2c94da423215dddf838f7f9ed9ac95e7b74
vegfa,949bf2c74a4f0d27435b8465caf12b2bf9bc280acf22be3267b473a1daca45ba,masked_substitution,dafd21d35303e200680ab932c29a133a845c8805fe2c804b2dec95f0f3e95971,primary_parent,02e6e8a9041d1f5e02ded66ace7f1bf8353933cb460554f7d6d4f7827ee851e3,toxinpred3_label,categorical,true,same_frozen_label_contract,audit,label,Non-Toxin,Non-Toxin,,,false,bc54b488426cf7a97c08bc3b3f1dfca0123a918bfefbc0be206d96e0812e096d
vegfa,f392a62b4d9bd48b1a93b49a90ba86ec01d0e4b4fdb695505d468dc8d84919b0,controlled_crossover,2947921503701248d71487d213d0d579c148f59be0855a10f613e1679f65c6c1,primary_parent,4fdf4a7cb230cf073e06540b29d2e664ef1c70b4014911561ea80ccb809bb373,amp_read_log10_mic_um,numeric,true,same_frozen_numeric_contract,minimize,log10(uM),1.3522850127934944,2.1042524561036084,0.751967443310114,-0.751967443310114,true,22b2a3fc6a47ba8106e4543cea8da8259b1a7b59a6ddc50fff2cdeaca45bef02
vegfa,f392a62b4d9bd48b1a93b49a90ba86ec01d0e4b4fdb695505d468dc8d84919b0,controlled_crossover,2947921503701248d71487d213d0d579c148f59be0855a10f613e1679f65c6c1,primary_parent,4fdf4a7cb230cf073e06540b29d2e664ef1c70b4014911561ea80ccb809bb373,guruprasad_instability_index,numeric,true,same_frozen_numeric_contract,minimize,index,10.86086956521739,32.891304,22.030434434782606,-22.030434434782606,true,20fdac72bc5a95942f71ffe2ae1b053f42a7484c80fe67ddb557d25bf6bb89d2
vegfa,f392a62b4d9bd48b1a93b49a90ba86ec01d0e4b4fdb695505d468dc8d84919b0,controlled_crossover,2947921503701248d71487d213d0d579c148f59be0855a10f613e1679f65c6c1,primary_parent,4fdf4a7cb230cf073e06540b29d2e664ef1c70b4014911561ea80ccb809bb373,hydrophobic_moment_eisenberg,numeric,false,audit_metric_has_no_monotonic_improvement_direction,audit,dimensionless,0.1755880918302546,0.23627141934881854,0.06068332751856395,,true,5fd7ddf17d9650a1af65161c0a7a93aab604046d68a4cba21bbda4a8c081f147
vegfa,f392a62b4d9bd48b1a93b49a90ba86ec01d0e4b4fdb695505d468dc8d84919b0,controlled_crossover,2947921503701248d71487d213d0d579c148f59be0855a10f613e1679f65c6c1,primary_parent,4fdf4a7cb230cf073e06540b29d2e664ef1c70b4014911561ea80ccb809bb373,hydrophobic_ratio_modlamp,numeric,false,audit_metric_has_no_monotonic_improvement_direction,audit,fraction,0.043478260869565216,0.0,-0.043478260869565216,,true,1067b41495a05508da8f0ba91c30d529e1e19984d7de52896d18637b32ddaf32
vegfa,f392a62b4d9bd48b1a93b49a90ba86ec01d0e4b4fdb695505d468dc8d84919b0,controlled_crossover,2947921503701248d71487d213d0d579c148f59be0855a10f613e1679f65c6c1,primary_parent,4fdf4a7cb230cf073e06540b29d2e664ef1c70b4014911561ea80ccb809bb373,llamp_log10_mic_um,numeric,true,same_frozen_numeric_contract,minimize,log10(uM),0.9881328344345093,0.8753677606582642,-0.11276507377624512,0.11276507377624512,true,48c49a30a488bffce603f134344396198898f336c003519839a3a0c5c3514c6c
vegfa,f392a62b4d9bd48b1a93b49a90ba86ec01d0e4b4fdb695505d468dc8d84919b0,controlled_crossover,2947921503701248d71487d213d0d579c148f59be0855a10f613e1679f65c6c1,primary_parent,4fdf4a7cb230cf073e06540b29d2e664ef1c70b4014911561ea80ccb809bb373,macrel_amp_probability,numeric,true,same_frozen_numeric_contract,maximize,probability,0.535,0.416,-0.11900000000000005,-0.11900000000000005,true,2ec71291a086fe13ace154fadbb47f27e02b336fb9f0164d83e0f1e08cbd6f21
vegfa,f392a62b4d9bd48b1a93b49a90ba86ec01d0e4b4fdb695505d468dc8d84919b0,controlled_crossover,2947921503701248d71487d213d0d579c148f59be0855a10f613e1679f65c6c1,primary_parent,4fdf4a7cb230cf073e06540b29d2e664ef1c70b4014911561ea80ccb809bb373,macrel_hemolysis_label,categorical,true,same_frozen_label_contract,audit,label,low,low,,,false,298d77efc016efca34cdd1e42a5f3a8857c0a0addd5daf96817c09dd01588b6a
vegfa,f392a62b4d9bd48b1a93b49a90ba86ec01d0e4b4fdb695505d468dc8d84919b0,controlled_crossover,2947921503701248d71487d213d0d579c148f59be0855a10f613e1679f65c6c1,primary_parent,4fdf4a7cb230cf073e06540b29d2e664ef1c70b4014911561ea80ccb809bb373,macrel_hemolysis_probability,numeric,true,same_frozen_numeric_contract,minimize,probability,0.455,0.218,-0.23700000000000002,0.23700000000000002,true,5035f24034647820b41d774e6a351ee627c8a73855e1d2d84096b1026efa3252
vegfa,f392a62b4d9bd48b1a93b49a90ba86ec01d0e4b4fdb695505d468dc8d84919b0,controlled_crossover,2947921503701248d71487d213d0d579c148f59be0855a10f613e1679f65c6c1,primary_parent,4fdf4a7cb230cf073e06540b29d2e664ef1c70b4014911561ea80ccb809bb373,maximum_hydrophobic_run,numeric,true,same_frozen_numeric_contract,minimize,residues,1.0,0.0,-1.0,1.0,true,51dfe57ad7ffe860a36a436db05a0d11b8501e4b30bc72b8e4c8a525b84b4d34
vegfa,f392a62b4d9bd48b1a93b49a90ba86ec01d0e4b4fdb695505d468dc8d84919b0,controlled_crossover,2947921503701248d71487d213d0d579c148f59be0855a10f613e1679f65c6c1,primary_parent,4fdf4a7cb230cf073e06540b29d2e664ef1c70b4014911561ea80ccb809bb373,net_charge_ph7_4,numeric,false,audit_metric_has_no_monotonic_improvement_direction,audit,elementary_charge,7.235,8.07,0.835,,true,14f1de98ae220a00ad6ad1c7538d508ccf78f7b596c2d2178f59e451c84626cc
vegfa,f392a62b4d9bd48b1a93b49a90ba86ec01d0e4b4fdb695505d468dc8d84919b0,controlled_crossover,2947921503701248d71487d213d0d579c148f59be0855a10f613e1679f65c6c1,primary_parent,4fdf4a7cb230cf073e06540b29d2e664ef1c70b4014911561ea80ccb809bb373,toxinpred3_hybrid_score,numeric,true,same_frozen_numeric_contract,minimize,dimensionless,0.355,0.0,-0.355,0.355,true,7d1bfa034fa304098a72752ad86c1d3f467089a18c63f69c35268a152af8b978
vegfa,f392a62b4d9bd48b1a93b49a90ba86ec01d0e4b4fdb695505d468dc8d84919b0,controlled_crossover,2947921503701248d71487d213d0d579c148f59be0855a10f613e1679f65c6c1,primary_parent,4fdf4a7cb230cf073e06540b29d2e664ef1c70b4014911561ea80ccb809bb373,toxinpred3_label,categorical,true,same_frozen_label_contract,audit,label,Non-Toxin,Non-Toxin,,,false,93a691066f5f9aac1737dc4c416df37c1c721c31fccdfdbd9ab89c5045349d35
vegfa,f392a62b4d9bd48b1a93b49a90ba86ec01d0e4b4fdb695505d468dc8d84919b0,controlled_crossover,2947921503701248d71487d213d0d579c148f59be0855a10f613e1679f65c6c1,donor_parent,1d4045ee102780188e827660368729f44269e8780200c1bedb280e380f1d5243,amp_read_log10_mic_um,numeric,true,same_frozen_numeric_contract,minimize,log10(uM),1.2629065663007313,2.1042524561036084,0.8413458898028772,-0.8413458898028772,true,10ae082853902925d68ce0994613db97122aaf4942dd19a0ca618ba1cf3b38bb
vegfa,f392a62b4d9bd48b1a93b49a90ba86ec01d0e4b4fdb695505d468dc8d84919b0,controlled_crossover,2947921503701248d71487d213d0d579c148f59be0855a10f613e1679f65c6c1,donor_parent,1d4045ee102780188e827660368729f44269e8780200c1bedb280e380f1d5243,guruprasad_instability_index,numeric,true,same_frozen_numeric_contract,minimize,index,35.079166666666666,32.891304,-2.1878626666666676,2.1878626666666676,true,bd938486a7b9dda16d8907b67b16e2bcdfcf9e63db4f45ff18e74bb6af78861e
vegfa,f392a62b4d9bd48b1a93b49a90ba86ec01d0e4b4fdb695505d468dc8d84919b0,controlled_crossover,2947921503701248d71487d213d0d579c148f59be0855a10f613e1679f65c6c1,donor_parent,1d4045ee102780188e827660368729f44269e8780200c1bedb280e380f1d5243,hydrophobic_moment_eisenberg,numeric,false,audit_metric_has_no_monotonic_improvement_direction,audit,dimensionless,0.2750561915542174,0.23627141934881854,-0.03878477220539886,,true,3b6a1f3a426a1c351339576d3602a88032c508e95a6e55f1eca7f40cfe067426
vegfa,f392a62b4d9bd48b1a93b49a90ba86ec01d0e4b4fdb695505d468dc8d84919b0,controlled_crossover,2947921503701248d71487d213d0d579c148f59be0855a10f613e1679f65c6c1,donor_parent,1d4045ee102780188e827660368729f44269e8780200c1bedb280e380f1d5243,hydrophobic_ratio_modlamp,numeric,false,audit_metric_has_no_monotonic_improvement_direction,audit,fraction,0.08333333333333333,0.0,-0.08333333333333333,,true,476f313badda9b4975f124a88e2bef285542d5c77e1a01ddded3d6d20dd15145
vegfa,f392a62b4d9bd48b1a93b49a90ba86ec01d0e4b4fdb695505d468dc8d84919b0,controlled_crossover,2947921503701248d71487d213d0d579c148f59be0855a10f613e1679f65c6c1,donor_parent,1d4045ee102780188e827660368729f44269e8780200c1bedb280e380f1d5243,llamp_log10_mic_um,numeric,true,same_frozen_numeric_contract,minimize,log10(uM),1.0507502555847168,0.8753677606582642,-0.17538249492645264,0.17538249492645264,true,98fa45131d1f35831c6ff8b178fc468c302d05adf9dbfe0511e355a4c2284b70
vegfa,f392a62b4d9bd48b1a93b49a90ba86ec01d0e4b4fdb695505d468dc8d84919b0,controlled_crossover,2947921503701248d71487d213d0d579c148f59be0855a10f613e1679f65c6c1,donor_parent,1d4045ee102780188e827660368729f44269e8780200c1bedb280e380f1d5243,macrel_amp_probability,numeric,true,same_frozen_numeric_contract,maximize,probability,0.505,0.416,-0.08900000000000002,-0.08900000000000002,true,cdeca3278c3f0ea95b3d0b9376e7b9645a52f38fb94281617095380f0c094a2a
vegfa,f392a62b4d9bd48b1a93b49a90ba86ec01d0e4b4fdb695505d468dc8d84919b0,controlled_crossover,2947921503701248d71487d213d0d579c148f59be0855a10f613e1679f65c6c1,donor_parent,1d4045ee102780188e827660368729f44269e8780200c1bedb280e380f1d5243,macrel_hemolysis_label,categorical,true,same_frozen_label_contract,audit,label,low,low,,,false,8edbf02a6281bf89074f02740273ba6f89db7b55c1524ea315f7d4efa13d296d
vegfa,f392a62b4d9bd48b1a93b49a90ba86ec01d0e4b4fdb695505d468dc8d84919b0,controlled_crossover,2947921503701248d71487d213d0d579c148f59be0855a10f613e1679f65c6c1,donor_parent,1d4045ee102780188e827660368729f44269e8780200c1bedb280e380f1d5243,macrel_hemolysis_probability,numeric,true,same_frozen_numeric_contract,minimize,probability,0.495,0.218,-0.277,0.277,true,57da2fe9d2c282255003ed6a8e9067e7ed18ac4dc8649be6d5ba74c5ecbd264b
vegfa,f392a62b4d9bd48b1a93b49a90ba86ec01d0e4b4fdb695505d468dc8d84919b0,controlled_crossover,2947921503701248d71487d213d0d579c148f59be0855a10f613e1679f65c6c1,donor_parent,1d4045ee102780188e827660368729f44269e8780200c1bedb280e380f1d5243,maximum_hydrophobic_run,numeric,true,same_frozen_numeric_contract,minimize,residues,1.0,0.0,-1.0,1.0,true,942282ed12e2eaec2fa64848ec5bb8defda862f037d905e91a4476f8ab8ed55f
vegfa,f392a62b4d9bd48b1a93b49a90ba86ec01d0e4b4fdb695505d468dc8d84919b0,controlled_crossover,2947921503701248d71487d213d0d579c148f59be0855a10f613e1679f65c6c1,donor_parent,1d4045ee102780188e827660368729f44269e8780200c1bedb280e380f1d5243,net_charge_ph7_4,numeric,false,audit_metric_has_no_monotonic_improvement_direction,audit,elementary_charge,8.028,8.07,0.041999999999999815,,true,43d7e9ba82abe552df3d6f1cdb21c170862fd513866ae159af358648599165e6
vegfa,f392a62b4d9bd48b1a93b49a90ba86ec01d0e4b4fdb695505d468dc8d84919b0,controlled_crossover,2947921503701248d71487d213d0d579c148f59be0855a10f613e1679f65c6c1,donor_parent,1d4045ee102780188e827660368729f44269e8780200c1bedb280e380f1d5243,toxinpred3_hybrid_score,numeric,true,same_frozen_numeric_contract,minimize,dimensionless,0.0,0.0,0.0,-0.0,false,32e44a7f6accba3c0cdcc550e5af6d4e78217f37f3ec7b0f2ef733af16609afa
vegfa,f392a62b4d9bd48b1a93b49a90ba86ec01d0e4b4fdb695505d468dc8d84919b0,controlled_crossover,2947921503701248d71487d213d0d579c148f59be0855a10f613e1679f65c6c1,donor_parent,1d4045ee102780188e827660368729f44269e8780200c1bedb280e380f1d5243,toxinpred3_label,categorical,true,same_frozen_label_contract,audit,label,Non-Toxin,Non-Toxin,,,false,ef6b08126225944cba0f3483c8ee8500085f96b9689515a997e6e39fb692b127
vegfa,01e5919fe2382e0849ad382e83fbc50697a6f71f2c4851744617718211004fe3,de_novo,4cdf49f7107dcf68f26ed1688a47450fcc6bd5f9e2a305014ffe597badf8fd8f,none,,amp_read_log10_mic_um,numeric,false,de_novo_has_no_biological_parent,,,,1.4796908680189014,,,,664638b2733ef0c9ad238ba57fa7c3d21f5ca1a8a37ddc3ea7080fee8c863eda
vegfa,01e5919fe2382e0849ad382e83fbc50697a6f71f2c4851744617718211004fe3,de_novo,4cdf49f7107dcf68f26ed1688a47450fcc6bd5f9e2a305014ffe597badf8fd8f,none,,guruprasad_instability_index,numeric,false,de_novo_has_no_biological_parent,,,,25.855000,,,,d43fdddf6be485fc432dec23949879c489f64731aede8f2f408e8fb94b14a61a
vegfa,01e5919fe2382e0849ad382e83fbc50697a6f71f2c4851744617718211004fe3,de_novo,4cdf49f7107dcf68f26ed1688a47450fcc6bd5f9e2a305014ffe597badf8fd8f,none,,hydrophobic_moment_eisenberg,numeric,false,de_novo_has_no_biological_parent,,,,0.2800633559754803,,,,b47ddc33390933b5d4cdb605d28617f5cf864cdfac0bd0ca239e1eba830b2ee1
vegfa,01e5919fe2382e0849ad382e83fbc50697a6f71f2c4851744617718211004fe3,de_novo,4cdf49f7107dcf68f26ed1688a47450fcc6bd5f9e2a305014ffe597badf8fd8f,none,,hydrophobic_ratio_modlamp,numeric,false,de_novo_has_no_biological_parent,,,,0.2,,,,7dde723a91b6b465f573a671ca61fd8436d629979bf36f8eeb0551e51cc490bf
vegfa,01e5919fe2382e0849ad382e83fbc50697a6f71f2c4851744617718211004fe3,de_novo,4cdf49f7107dcf68f26ed1688a47450fcc6bd5f9e2a305014ffe597badf8fd8f,none,,llamp_log10_mic_um,numeric,false,de_novo_has_no_biological_parent,,,,1.6891742944717407,,,,95929f3a3d7ab9443e3adbcf9ba7cba58c14914226ce9786fdc5f8e8b070a675
vegfa,01e5919fe2382e0849ad382e83fbc50697a6f71f2c4851744617718211004fe3,de_novo,4cdf49f7107dcf68f26ed1688a47450fcc6bd5f9e2a305014ffe597badf8fd8f,none,,macrel_amp_probability,numeric,false,de_novo_has_no_biological_parent,,,,0.465,,,,c9b2d19ebabcf5c54b168f0284705b6b430c9f02427c6b4683c2aad5f8516560
vegfa,01e5919fe2382e0849ad382e83fbc50697a6f71f2c4851744617718211004fe3,de_novo,4cdf49f7107dcf68f26ed1688a47450fcc6bd5f9e2a305014ffe597badf8fd8f,none,,macrel_hemolysis_label,categorical,false,de_novo_has_no_biological_parent,,,,high,,,,d40d807a419e0ec9a34f97a2e02cf4eade88e79342736cf8ed515b7120da96a3
vegfa,01e5919fe2382e0849ad382e83fbc50697a6f71f2c4851744617718211004fe3,de_novo,4cdf49f7107dcf68f26ed1688a47450fcc6bd5f9e2a305014ffe597badf8fd8f,none,,macrel_hemolysis_probability,numeric,false,de_novo_has_no_biological_parent,,,,0.733,,,,b21f3eb8c1b9e5070093360365c7638a98c7be709caf4ecf260cccd7e1b8407e
vegfa,01e5919fe2382e0849ad382e83fbc50697a6f71f2c4851744617718211004fe3,de_novo,4cdf49f7107dcf68f26ed1688a47450fcc6bd5f9e2a305014ffe597badf8fd8f,none,,maximum_hydrophobic_run,numeric,false,de_novo_has_no_biological_parent,,,,2,,,,b11e2ea1fadabab18764284122ef67ef5987cb1fd682f58a8b9426f3c59419aa
vegfa,01e5919fe2382e0849ad382e83fbc50697a6f71f2c4851744617718211004fe3,de_novo,4cdf49f7107dcf68f26ed1688a47450fcc6bd5f9e2a305014ffe597badf8fd8f,none,,net_charge_ph7_4,numeric,false,de_novo_has_no_biological_parent,,,,10.068,,,,dce0a8f2666495fe93da71937fb80b05644338346c11adeb43781270e124ad69
vegfa,01e5919fe2382e0849ad382e83fbc50697a6f71f2c4851744617718211004fe3,de_novo,4cdf49f7107dcf68f26ed1688a47450fcc6bd5f9e2a305014ffe597badf8fd8f,none,,toxinpred3_hybrid_score,numeric,false,de_novo_has_no_biological_parent,,,,0.01,,,,e2454526017d7ab8cb63e461cb61a7064ddd5178b923a15589490e825825047a
vegfa,01e5919fe2382e0849ad382e83fbc50697a6f71f2c4851744617718211004fe3,de_novo,4cdf49f7107dcf68f26ed1688a47450fcc6bd5f9e2a305014ffe597badf8fd8f,none,,toxinpred3_label,categorical,false,de_novo_has_no_biological_parent,,,,Non-Toxin,,,,acf971f48eea64b4874357466b295734a488bd5480188677dba01a78f54687e2
vegfa,1d8e0546bd56b94d89688998c2fe575c266cf303f3671b363cac5651586e6cbd,de_novo,d5a5d285bc2467eb019b3347a3e9834f1646e69201ba726cfc980213fddff4d0,none,,amp_read_log10_mic_um,numeric,false,de_novo_has_no_biological_parent,,,,1.9928543442915834,,,,d10859e3a816a1720f5d254d77123eaba4c23eca21ff67d1a0e11708e43c7c4e
vegfa,1d8e0546bd56b94d89688998c2fe575c266cf303f3671b363cac5651586e6cbd,de_novo,d5a5d285bc2467eb019b3347a3e9834f1646e69201ba726cfc980213fddff4d0,none,,guruprasad_instability_index,numeric,false,de_novo_has_no_biological_parent,,,,46.776000,,,,9c51acbcbee7e3cc1b88bf0d80bc3283667eee73398c8e2262c97abb0d144ff5
vegfa,1d8e0546bd56b94d89688998c2fe575c266cf303f3671b363cac5651586e6cbd,de_novo,d5a5d285bc2467eb019b3347a3e9834f1646e69201ba726cfc980213fddff4d0,none,,hydrophobic_moment_eisenberg,numeric,false,de_novo_has_no_biological_parent,,,,0.2430818580248511,,,,14600f77a5936264b823715903b329be703e40b47f72325485ca16b03ada82b8
vegfa,1d8e0546bd56b94d89688998c2fe575c266cf303f3671b363cac5651586e6cbd,de_novo,d5a5d285bc2467eb019b3347a3e9834f1646e69201ba726cfc980213fddff4d0,none,,hydrophobic_ratio_modlamp,numeric,false,de_novo_has_no_biological_parent,,,,0.12,,,,db60655aa60013bace6a6e74320c0044689e49b7ad99c69a42ddb35d060c9796
vegfa,1d8e0546bd56b94d89688998c2fe575c266cf303f3671b363cac5651586e6cbd,de_novo,d5a5d285bc2467eb019b3347a3e9834f1646e69201ba726cfc980213fddff4d0,none,,llamp_log10_mic_um,numeric,false,de_novo_has_no_biological_parent,,,,1.5596288442611694,,,,3dfbbebc388cba2048dbbc3820650d92c2d33ade2894ea7fa103c7ac23e496be
vegfa,1d8e0546bd56b94d89688998c2fe575c266cf303f3671b363cac5651586e6cbd,de_novo,d5a5d285bc2467eb019b3347a3e9834f1646e69201ba726cfc980213fddff4d0,none,,macrel_amp_probability,numeric,false,de_novo_has_no_biological_parent,,,,0.327,,,,f809d957e76273ea67e1a1c5e2ab5a8e445d99d57f8e1e8e5795ed976e4c6076
vegfa,1d8e0546bd56b94d89688998c2fe575c266cf303f3671b363cac5651586e6cbd,de_novo,d5a5d285bc2467eb019b3347a3e9834f1646e69201ba726cfc980213fddff4d0,none,,macrel_hemolysis_label,categorical,false,de_novo_has_no_biological_parent,,,,low,,,,508d82d823e5a9104d075048513787b9faae6279cea105c8c67250db03ad7780
vegfa,1d8e0546bd56b94d89688998c2fe575c266cf303f3671b363cac5651586e6cbd,de_novo,d5a5d285bc2467eb019b3347a3e9834f1646e69201ba726cfc980213fddff4d0,none,,macrel_hemolysis_probability,numeric,false,de_novo_has_no_biological_parent,,,,0.307,,,,1f93c22a1d1c6cb358f005b5f6b0058a17274c43fb76ddb992cf66e412cb596f
vegfa,1d8e0546bd56b94d89688998c2fe575c266cf303f3671b363cac5651586e6cbd,de_novo,d5a5d285bc2467eb019b3347a3e9834f1646e69201ba726cfc980213fddff4d0,none,,maximum_hydrophobic_run,numeric,false,de_novo_has_no_biological_parent,,,,1,,,,076bc9a6f265a2b57e66bca1a876bdd0478c2495496fd931f451beb9d84c838d
vegfa,1d8e0546bd56b94d89688998c2fe575c266cf303f3671b363cac5651586e6cbd,de_novo,d5a5d285bc2467eb019b3347a3e9834f1646e69201ba726cfc980213fddff4d0,none,,net_charge_ph7_4,numeric,false,de_novo_has_no_biological_parent,,,,9.027,,,,8568d913fc16ad6751722ba41fdfc33403e1a998027f97dfb366f689cdec2063
vegfa,1d8e0546bd56b94d89688998c2fe575c266cf303f3671b363cac5651586e6cbd,de_novo,d5a5d285bc2467eb019b3347a3e9834f1646e69201ba726cfc980213fddff4d0,none,,toxinpred3_hybrid_score,numeric,false,de_novo_has_no_biological_parent,,,,0.48,,,,74a5b2dc5128a5c679ef8f16e482881b75bb7e6c3097776a16030c7828049e8f
vegfa,1d8e0546bd56b94d89688998c2fe575c266cf303f3671b363cac5651586e6cbd,de_novo,d5a5d285bc2467eb019b3347a3e9834f1646e69201ba726cfc980213fddff4d0,none,,toxinpred3_label,categorical,false,de_novo_has_no_biological_parent,,,,Toxin,,,,e05c9fa4aa01a35d70345ef77b1a6bf2b9e08c28c06c498eab43262778e1afdd
vegfa,c41b462654265558cb1b81ba2667ed8df8c5b1ef99a9b6eb64cea09ac9f80dc0,masked_substitution,fbf8f4eafd6f73f7e83b66aa2ac04fcd9659f82f1245436593a0d74a060fb8fe,primary_parent,02e6e8a9041d1f5e02ded66ace7f1bf8353933cb460554f7d6d4f7827ee851e3,amp_read_log10_mic_um,numeric,true,same_frozen_numeric_contract,minimize,log10(uM),0.8502392420270765,0.9383255352790654,0.08808629325198891,-0.08808629325198891,true,9cdfacb6accf7dc7f7d618b7ad37908285367ebe6af403490c0ba40542ad5a78
vegfa,c41b462654265558cb1b81ba2667ed8df8c5b1ef99a9b6eb64cea09ac9f80dc0,masked_substitution,fbf8f4eafd6f73f7e83b66aa2ac04fcd9659f82f1245436593a0d74a060fb8fe,primary_parent,02e6e8a9041d1f5e02ded66ace7f1bf8353933cb460554f7d6d4f7827ee851e3,guruprasad_instability_index,numeric,true,same_frozen_numeric_contract,minimize,index,-9.308695652173913,-14.252174,-4.943478347826087,4.943478347826087,true,1998812db768798e28a7cc9bb06d28cea98ed2ac4504224a49cc6175cf885d61
vegfa,c41b462654265558cb1b81ba2667ed8df8c5b1ef99a9b6eb64cea09ac9f80dc0,masked_substitution,fbf8f4eafd6f73f7e83b66aa2ac04fcd9659f82f1245436593a0d74a060fb8fe,primary_parent,02e6e8a9041d1f5e02ded66ace7f1bf8353933cb460554f7d6d4f7827ee851e3,hydrophobic_moment_eisenberg,numeric,false,audit_metric_has_no_monotonic_improvement_direction,audit,dimensionless,0.14056582796750103,0.18689500597176176,0.04632917800426073,,true,eb192560f692122bce74b3c9489f5b6ef43a895f75a3e625d742c4bd00ce0fc5
vegfa,c41b462654265558cb1b81ba2667ed8df8c5b1ef99a9b6eb64cea09ac9f80dc0,masked_substitution,fbf8f4eafd6f73f7e83b66aa2ac04fcd9659f82f1245436593a0d74a060fb8fe,primary_parent,02e6e8a9041d1f5e02ded66ace7f1bf8353933cb460554f7d6d4f7827ee851e3,hydrophobic_ratio_modlamp,numeric,false,audit_metric_has_no_monotonic_improvement_direction,audit,fraction,0.2608695652173913,0.2608695652173913,0.0,,false,ef0e48470e92e6c78cbead7abcc4a45adb525b53f4374d5ad06326be4cba2fbf
vegfa,c41b462654265558cb1b81ba2667ed8df8c5b1ef99a9b6eb64cea09ac9f80dc0,masked_substitution,fbf8f4eafd6f73f7e83b66aa2ac04fcd9659f82f1245436593a0d74a060fb8fe,primary_parent,02e6e8a9041d1f5e02ded66ace7f1bf8353933cb460554f7d6d4f7827ee851e3,llamp_log10_mic_um,numeric,true,same_frozen_numeric_contract,minimize,log10(uM),1.3610467910766602,1.5995138883590698,0.23846709728240967,-0.23846709728240967,true,7afd0e982ad5274d35296788aa09f063a313b429d5fcd92e565504eef670b761
vegfa,c41b462654265558cb1b81ba2667ed8df8c5b1ef99a9b6eb64cea09ac9f80dc0,masked_substitution,fbf8f4eafd6f73f7e83b66aa2ac04fcd9659f82f1245436593a0d74a060fb8fe,primary_parent,02e6e8a9041d1f5e02ded66ace7f1bf8353933cb460554f7d6d4f7827ee851e3,macrel_amp_probability,numeric,true,same_frozen_numeric_contract,maximize,probability,0.584,0.594,0.010000000000000009,0.010000000000000009,true,91d69d420fa98d1e2bca57e954ed4f61895bf93cc4ce0398ecd1576c7c05ff96
vegfa,c41b462654265558cb1b81ba2667ed8df8c5b1ef99a9b6eb64cea09ac9f80dc0,masked_substitution,fbf8f4eafd6f73f7e83b66aa2ac04fcd9659f82f1245436593a0d74a060fb8fe,primary_parent,02e6e8a9041d1f5e02ded66ace7f1bf8353933cb460554f7d6d4f7827ee851e3,macrel_hemolysis_label,categorical,true,same_frozen_label_contract,audit,label,low,low,,,false,105eb83a54b6ebe79116522bae9a546b6c4535b3229d6e0179fe8440e0ebe6e8
vegfa,c41b462654265558cb1b81ba2667ed8df8c5b1ef99a9b6eb64cea09ac9f80dc0,masked_substitution,fbf8f4eafd6f73f7e83b66aa2ac04fcd9659f82f1245436593a0d74a060fb8fe,primary_parent,02e6e8a9041d1f5e02ded66ace7f1bf8353933cb460554f7d6d4f7827ee851e3,macrel_hemolysis_probability,numeric,true,same_frozen_numeric_contract,minimize,probability,0.465,0.475,0.009999999999999953,-0.009999999999999953,true,a8879b670a72527bb688bb8e4075f715c4e2e6bfd94c464105a608382be6324a
vegfa,c41b462654265558cb1b81ba2667ed8df8c5b1ef99a9b6eb64cea09ac9f80dc0,masked_substitution,fbf8f4eafd6f73f7e83b66aa2ac04fcd9659f82f1245436593a0d74a060fb8fe,primary_parent,02e6e8a9041d1f5e02ded66ace7f1bf8353933cb460554f7d6d4f7827ee851e3,maximum_hydrophobic_run,numeric,true,same_frozen_numeric_contract,minimize,residues,2.0,2.0,0.0,-0.0,false,22d980f3eb285139ed99d9347d03c0347a7d8801a07febba406ab12cb7dbb49f
vegfa,c41b462654265558cb1b81ba2667ed8df8c5b1ef99a9b6eb64cea09ac9f80dc0,masked_substitution,fbf8f4eafd6f73f7e83b66aa2ac04fcd9659f82f1245436593a0d74a060fb8fe,primary_parent,02e6e8a9041d1f5e02ded66ace7f1bf8353933cb460554f7d6d4f7827ee851e3,net_charge_ph7_4,numeric,false,audit_metric_has_no_monotonic_improvement_direction,audit,elementary_charge,6.112,7.07,0.9580000000000002,,true,45b8212e38e2eaf67195a6260ff683e9bccf3a4597aa1258842c8bea03ce4d0d
vegfa,c41b462654265558cb1b81ba2667ed8df8c5b1ef99a9b6eb64cea09ac9f80dc0,masked_substitution,fbf8f4eafd6f73f7e83b66aa2ac04fcd9659f82f1245436593a0d74a060fb8fe,primary_parent,02e6e8a9041d1f5e02ded66ace7f1bf8353933cb460554f7d6d4f7827ee851e3,toxinpred3_hybrid_score,numeric,true,same_frozen_numeric_contract,minimize,dimensionless,0.0,0.0,0.0,-0.0,false,0a078439bf229acca15c059d1728bd736c29109c371b403234aa5297187ad2b1
vegfa,c41b462654265558cb1b81ba2667ed8df8c5b1ef99a9b6eb64cea09ac9f80dc0,masked_substitution,fbf8f4eafd6f73f7e83b66aa2ac04fcd9659f82f1245436593a0d74a060fb8fe,primary_parent,02e6e8a9041d1f5e02ded66ace7f1bf8353933cb460554f7d6d4f7827ee851e3,toxinpred3_label,categorical,true,same_frozen_label_contract,audit,label,Non-Toxin,Non-Toxin,,,false,bd1ddc26d368e95a0a81e85c760254bd81b936c705e263d90490fe4a778bc45e
vegfa,9d10d05cfcd95b08affd3afad9659ad42c6ddad2070cbd4379e1d053d1ab4bb5,controlled_crossover,c65e53352abb89ac8decf3853972facf7b01fc5d901d345ba2ddc892804dea95,primary_parent,4fdf4a7cb230cf073e06540b29d2e664ef1c70b4014911561ea80ccb809bb373,amp_read_log10_mic_um,numeric,true,same_frozen_numeric_contract,minimize,log10(uM),1.3522850127934944,2.164516824710183,0.8122318119166887,-0.8122318119166887,true,72612936038ed9b0063c61b162d2cf1b2dc6a622ff5c10fa47f518bb31501055
vegfa,9d10d05cfcd95b08affd3afad9659ad42c6ddad2070cbd4379e1d053d1ab4bb5,controlled_crossover,c65e53352abb89ac8decf3853972facf7b01fc5d901d345ba2ddc892804dea95,primary_parent,4fdf4a7cb230cf073e06540b29d2e664ef1c70b4014911561ea80ccb809bb373,guruprasad_instability_index,numeric,true,same_frozen_numeric_contract,minimize,index,10.86086956521739,32.891304,22.030434434782606,-22.030434434782606,true,d66561540dc11f2b6128ece214b1b9ad154847d521ef9f1615653923480c544c
vegfa,9d10d05cfcd95b08affd3afad9659ad42c6ddad2070cbd4379e1d053d1ab4bb5,controlled_crossover,c65e53352abb89ac8decf3853972facf7b01fc5d901d345ba2ddc892804dea95,primary_parent,4fdf4a7cb230cf073e06540b29d2e664ef1c70b4014911561ea80ccb809bb373,hydrophobic_moment_eisenberg,numeric,false,audit_metric_has_no_monotonic_improvement_direction,audit,dimensionless,0.1755880918302546,0.2717937262650556,0.09620563443480101,,true,3dc17902d849009b0a39fc890cbe4d7e5c256bc324d31d5e91d144fe318d552b
vegfa,9d10d05cfcd95b08affd3afad9659ad42c6ddad2070cbd4379e1d053d1ab4bb5,controlled_crossover,c65e53352abb89ac8decf3853972facf7b01fc5d901d345ba2ddc892804dea95,primary_parent,4fdf4a7cb230cf073e06540b29d2e664ef1c70b4014911561ea80ccb809bb373,hydrophobic_ratio_modlamp,numeric,false,audit_metric_has_no_monotonic_improvement_direction,audit,fraction,0.043478260869565216,0.0,-0.043478260869565216,,true,f061c62bbf4143807fb50bc38d662911ca379f01066482169bf4f7035dd96940
vegfa,9d10d05cfcd95b08affd3afad9659ad42c6ddad2070cbd4379e1d053d1ab4bb5,controlled_crossover,c65e53352abb89ac8decf3853972facf7b01fc5d901d345ba2ddc892804dea95,primary_parent,4fdf4a7cb230cf073e06540b29d2e664ef1c70b4014911561ea80ccb809bb373,llamp_log10_mic_um,numeric,true,same_frozen_numeric_contract,minimize,log10(uM),0.9881328344345093,1.192694902420044,0.20456206798553467,-0.20456206798553467,true,38825851bd08efa9b90c085377bf316641a1c625cdd32f610e31e8c6229e107d
vegfa,9d10d05cfcd95b08affd3afad9659ad42c6ddad2070cbd4379e1d053d1ab4bb5,controlled_crossover,c65e53352abb89ac8decf3853972facf7b01fc5d901d345ba2ddc892804dea95,primary_parent,4fdf4a7cb230cf073e06540b29d2e664ef1c70b4014911561ea80ccb809bb373,macrel_amp_probability,numeric,true,same_frozen_numeric_contract,maximize,probability,0.535,0.366,-0.16900000000000004,-0.16900000000000004,true,3e1e650ee583d2f8d997e79f7770801346bfb760cccc46f90f187224bd23caf9
vegfa,9d10d05cfcd95b08affd3afad9659ad42c6ddad2070cbd4379e1d053d1ab4bb5,controlled_crossover,c65e53352abb89ac8decf3853972facf7b01fc5d901d345ba2ddc892804dea95,primary_parent,4fdf4a7cb230cf073e06540b29d2e664ef1c70b4014911561ea80ccb809bb373,macrel_hemolysis_label,categorical,true,same_frozen_label_contract,audit,label,low,low,,,false,b69686e7c631ba50c3cb05294fc1ec6949200b6adcd6d7fb0e96993f4968f577
vegfa,9d10d05cfcd95b08affd3afad9659ad42c6ddad2070cbd4379e1d053d1ab4bb5,controlled_crossover,c65e53352abb89ac8decf3853972facf7b01fc5d901d345ba2ddc892804dea95,primary_parent,4fdf4a7cb230cf073e06540b29d2e664ef1c70b4014911561ea80ccb809bb373,macrel_hemolysis_probability,numeric,true,same_frozen_numeric_contract,minimize,probability,0.455,0.356,-0.09900000000000003,0.09900000000000003,true,05364cbe203fc8d529a8d8a3eb25e097b60a78fa873baabd440ca31b192642e8
vegfa,9d10d05cfcd95b08affd3afad9659ad42c6ddad2070cbd4379e1d053d1ab4bb5,controlled_crossover,c65e53352abb89ac8decf3853972facf7b01fc5d901d345ba2ddc892804dea95,primary_parent,4fdf4a7cb230cf073e06540b29d2e664ef1c70b4014911561ea80ccb809bb373,maximum_hydrophobic_run,numeric,true,same_frozen_numeric_contract,minimize,residues,1.0,0.0,-1.0,1.0,true,39cbf02a6fef679d5a43f65dc2f5fbb3e3922e6bc0d0d2a8962cbee264966bfc
vegfa,9d10d05cfcd95b08affd3afad9659ad42c6ddad2070cbd4379e1d053d1ab4bb5,controlled_crossover,c65e53352abb89ac8decf3853972facf7b01fc5d901d345ba2ddc892804dea95,primary_parent,4fdf4a7cb230cf073e06540b29d2e664ef1c70b4014911561ea80ccb809bb373,net_charge_ph7_4,numeric,false,audit_metric_has_no_monotonic_improvement_direction,audit,elementary_charge,7.235,8.154,0.9189999999999996,,true,5ba83018f1953ae0726cd3aa6e4264982b3e0e360d63c351108b1b6f15a1f599
vegfa,9d10d05cfcd95b08affd3afad9659ad42c6ddad2070cbd4379e1d053d1ab4bb5,controlled_crossover,c65e53352abb89ac8decf3853972facf7b01fc5d901d345ba2ddc892804dea95,primary_parent,4fdf4a7cb230cf073e06540b29d2e664ef1c70b4014911561ea80ccb809bb373,toxinpred3_hybrid_score,numeric,true,same_frozen_numeric_contract,minimize,dimensionless,0.355,0.315,-0.03999999999999998,0.03999999999999998,true,4ab2a9f694dcfa8c2b60e29d1529bd9e78e680ab22e8f614bd0eaa5bcd773e6f
vegfa,9d10d05cfcd95b08affd3afad9659ad42c6ddad2070cbd4379e1d053d1ab4bb5,controlled_crossover,c65e53352abb89ac8decf3853972facf7b01fc5d901d345ba2ddc892804dea95,primary_parent,4fdf4a7cb230cf073e06540b29d2e664ef1c70b4014911561ea80ccb809bb373,toxinpred3_label,categorical,true,same_frozen_label_contract,audit,label,Non-Toxin,Non-Toxin,,,false,b4f65780580c0b182eab8bb00a4e0af2f9e1f1dbc113ac73c279c623ed104166
vegfa,9d10d05cfcd95b08affd3afad9659ad42c6ddad2070cbd4379e1d053d1ab4bb5,controlled_crossover,c65e53352abb89ac8decf3853972facf7b01fc5d901d345ba2ddc892804dea95,donor_parent,1d4045ee102780188e827660368729f44269e8780200c1bedb280e380f1d5243,amp_read_log10_mic_um,numeric,true,same_frozen_numeric_contract,minimize,log10(uM),1.2629065663007313,2.164516824710183,0.9016102584094519,-0.9016102584094519,true,8c53262a00ee6ed0b301ac1411a26321b474d27c4426845c09ce66e636bf04c6
vegfa,9d10d05cfcd95b08affd3afad9659ad42c6ddad2070cbd4379e1d053d1ab4bb5,controlled_crossover,c65e53352abb89ac8decf3853972facf7b01fc5d901d345ba2ddc892804dea95,donor_parent,1d4045ee102780188e827660368729f44269e8780200c1bedb280e380f1d5243,guruprasad_instability_index,numeric,true,same_frozen_numeric_contract,minimize,index,35.079166666666666,32.891304,-2.1878626666666676,2.1878626666666676,true,a18b070c9d26f94b9f1c2c850440466a44a45e616add19fb8889ccc636a45b24
vegfa,9d10d05cfcd95b08affd3afad9659ad42c6ddad2070cbd4379e1d053d1ab4bb5,controlled_crossover,c65e53352abb89ac8decf3853972facf7b01fc5d901d345ba2ddc892804dea95,donor_parent,1d4045ee102780188e827660368729f44269e8780200c1bedb280e380f1d5243,hydrophobic_moment_eisenberg,numeric,false,audit_metric_has_no_monotonic_improvement_direction,audit,dimensionless,0.2750561915542174,0.2717937262650556,-0.003262465289161798,,true,89c124c91a7c3fdac872de9e5afa46fa670a9278c2cc91b3ea1669a46686b507
vegfa,9d10d05cfcd95b08affd3afad9659ad42c6ddad2070cbd4379e1d053d1ab4bb5,controlled_crossover,c65e53352abb89ac8decf3853972facf7b01fc5d901d345ba2ddc892804dea95,donor_parent,1d4045ee102780188e827660368729f44269e8780200c1bedb280e380f1d5243,hydrophobic_ratio_modlamp,numeric,false,audit_metric_has_no_monotonic_improvement_direction,audit,fraction,0.08333333333333333,0.0,-0.08333333333333333,,true,8a274cbb7cbf70723c404339d1f7b08d8b559ffbf1619c3f9b0bb856a02f54c7
vegfa,9d10d05cfcd95b08affd3afad9659ad42c6ddad2070cbd4379e1d053d1ab4bb5,controlled_crossover,c65e53352abb89ac8decf3853972facf7b01fc5d901d345ba2ddc892804dea95,donor_parent,1d4045ee102780188e827660368729f44269e8780200c1bedb280e380f1d5243,llamp_log10_mic_um,numeric,true,same_frozen_numeric_contract,minimize,log10(uM),1.0507502555847168,1.192694902420044,0.14194464683532715,-0.14194464683532715,true,114fce007af0ee5a6340d1f229179960b7d32d93e87e5b98c5a26fc8904860eb
vegfa,9d10d05cfcd95b08affd3afad9659ad42c6ddad2070cbd4379e1d053d1ab4bb5,controlled_crossover,c65e53352abb89ac8decf3853972facf7b01fc5d901d345ba2ddc892804dea95,donor_parent,1d4045ee102780188e827660368729f44269e8780200c1bedb280e380f1d5243,macrel_amp_probability,numeric,true,same_frozen_numeric_contract,maximize,probability,0.505,0.366,-0.139,-0.139,true,4a20c113d47968696dde6e656d234f1dae5b2889a8e1874e468fe6d9de4e836f
vegfa,9d10d05cfcd95b08affd3afad9659ad42c6ddad2070cbd4379e1d053d1ab4bb5,controlled_crossover,c65e53352abb89ac8decf3853972facf7b01fc5d901d345ba2ddc892804dea95,donor_parent,1d4045ee102780188e827660368729f44269e8780200c1bedb280e380f1d5243,macrel_hemolysis_label,categorical,true,same_frozen_label_contract,audit,label,low,low,,,false,54c70d501519fb9c4029cd612c379d446f65c42a9ccd4e79e75b80032c7325fc
vegfa,9d10d05cfcd95b08affd3afad9659ad42c6ddad2070cbd4379e1d053d1ab4bb5,controlled_crossover,c65e53352abb89ac8decf3853972facf7b01fc5d901d345ba2ddc892804dea95,donor_parent,1d4045ee102780188e827660368729f44269e8780200c1bedb280e380f1d5243,macrel_hemolysis_probability,numeric,true,same_frozen_numeric_contract,minimize,probability,0.495,0.356,-0.139,0.139,true,9895e5dc14f37f7ed960e6399a1d73e4c1f1b15ba7390daab0b86733225b98b6
vegfa,9d10d05cfcd95b08affd3afad9659ad42c6ddad2070cbd4379e1d053d1ab4bb5,controlled_crossover,c65e53352abb89ac8decf3853972facf7b01fc5d901d345ba2ddc892804dea95,donor_parent,1d4045ee102780188e827660368729f44269e8780200c1bedb280e380f1d5243,maximum_hydrophobic_run,numeric,true,same_frozen_numeric_contract,minimize,residues,1.0,0.0,-1.0,1.0,true,248ddca9d361c1fd6e2115f9042e9f18d2f3240ec85f75c92ae356a5154a7754
vegfa,9d10d05cfcd95b08affd3afad9659ad42c6ddad2070cbd4379e1d053d1ab4bb5,controlled_crossover,c65e53352abb89ac8decf3853972facf7b01fc5d901d345ba2ddc892804dea95,donor_parent,1d4045ee102780188e827660368729f44269e8780200c1bedb280e380f1d5243,net_charge_ph7_4,numeric,false,audit_metric_has_no_monotonic_improvement_direction,audit,elementary_charge,8.028,8.154,0.12599999999999945,,true,b97cc9766e9a12cc56f378202ca126e5c9e10f22bb57af9a230353f78f419229
vegfa,9d10d05cfcd95b08affd3afad9659ad42c6ddad2070cbd4379e1d053d1ab4bb5,controlled_crossover,c65e53352abb89ac8decf3853972facf7b01fc5d901d345ba2ddc892804dea95,donor_parent,1d4045ee102780188e827660368729f44269e8780200c1bedb280e380f1d5243,toxinpred3_hybrid_score,numeric,true,same_frozen_numeric_contract,minimize,dimensionless,0.0,0.315,0.315,-0.315,true,b171b14547a3d13082f882969b9d5b7a95984026673c9bb6955cb9c1369a811c
vegfa,9d10d05cfcd95b08affd3afad9659ad42c6ddad2070cbd4379e1d053d1ab4bb5,controlled_crossover,c65e53352abb89ac8decf3853972facf7b01fc5d901d345ba2ddc892804dea95,donor_parent,1d4045ee102780188e827660368729f44269e8780200c1bedb280e380f1d5243,toxinpred3_label,categorical,true,same_frozen_label_contract,audit,label,Non-Toxin,Non-Toxin,,,false,2243be1a441166275be1be3f7a296e8795918c16f2dd32f98e10dc8382d47142
vegfa,87f6e815b4b74f5980ecbae769a1a3359368b810c24687bf7a42d3cc79d2f5c6,de_novo,fb8e148e5302e3cf3bf0c8c5c2480dcd53f9a4ef597e8bbc4eca8a28c85c5589,none,,amp_read_log10_mic_um,numeric,false,de_novo_has_no_biological_parent,,,,1.9242209079024097,,,,eb08e15042eb12361d14b4fd04ce3197c0db2b98172d6f272fb88097dc2db896
vegfa,87f6e815b4b74f5980ecbae769a1a3359368b810c24687bf7a42d3cc79d2f5c6,de_novo,fb8e148e5302e3cf3bf0c8c5c2480dcd53f9a4ef597e8bbc4eca8a28c85c5589,none,,guruprasad_instability_index,numeric,false,de_novo_has_no_biological_parent,,,,-3.160000,,,,e5674961b198ceda63e62dd8f7eccaf71200c5037330cd410f6e077faceb59cd
vegfa,87f6e815b4b74f5980ecbae769a1a3359368b810c24687bf7a42d3cc79d2f5c6,de_novo,fb8e148e5302e3cf3bf0c8c5c2480dcd53f9a4ef597e8bbc4eca8a28c85c5589,none,,hydrophobic_moment_eisenberg,numeric,false,de_novo_has_no_biological_parent,,,,0.15728143590507923,,,,8c2b366d7d6fef65048756b7604d8524bfe1b9f46ff767c0e3793c29cbef96d6
vegfa,87f6e815b4b74f5980ecbae769a1a3359368b810c24687bf7a42d3cc79d2f5c6,de_novo,fb8e148e5302e3cf3bf0c8c5c2480dcd53f9a4ef597e8bbc4eca8a28c85c5589,none,,hydrophobic_ratio_modlamp,numeric,false,de_novo_has_no_biological_parent,,,,0.12,,,,c469b4a22ed6edb5e3c8a46b7981597831d65b47d64167fc2b243d8565d00032
vegfa,87f6e815b4b74f5980ecbae769a1a3359368b810c24687bf7a42d3cc79d2f5c6,de_novo,fb8e148e5302e3cf3bf0c8c5c2480dcd53f9a4ef597e8bbc4eca8a28c85c5589,none,,llamp_log10_mic_um,numeric,false,de_novo_has_no_biological_parent,,,,1.3079156875610352,,,,8aa325f69722a902c843ad6de7524acf605d5f2f8c67f53a5b946b0d7cf58d90
vegfa,87f6e815b4b74f5980ecbae769a1a3359368b810c24687bf7a42d3cc79d2f5c6,de_novo,fb8e148e5302e3cf3bf0c8c5c2480dcd53f9a4ef597e8bbc4eca8a28c85c5589,none,,macrel_amp_probability,numeric,false,de_novo_has_no_biological_parent,,,,0.228,,,,0d2b5bf60817655fab90b90896f05c0c682081526e0fe820c9b2b47b3d2d07d5
vegfa,87f6e815b4b74f5980ecbae769a1a3359368b810c24687bf7a42d3cc79d2f5c6,de_novo,fb8e148e5302e3cf3bf0c8c5c2480dcd53f9a4ef597e8bbc4eca8a28c85c5589,none,,macrel_hemolysis_label,categorical,false,de_novo_has_no_biological_parent,,,,high,,,,3bc2f6853903beab9b44d680be65f2576f3ec8f18f9c14482fb7ce2a9d9b1f24
vegfa,87f6e815b4b74f5980ecbae769a1a3359368b810c24687bf7a42d3cc79d2f5c6,de_novo,fb8e148e5302e3cf3bf0c8c5c2480dcd53f9a4ef597e8bbc4eca8a28c85c5589,none,,macrel_hemolysis_probability,numeric,false,de_novo_has_no_biological_parent,,,,0.505,,,,59f180e2b628fd8caf2d5da95c84ec451cc11a34a71f07beb27615700d3ae72f
vegfa,87f6e815b4b74f5980ecbae769a1a3359368b810c24687bf7a42d3cc79d2f5c6,de_novo,fb8e148e5302e3cf3bf0c8c5c2480dcd53f9a4ef597e8bbc4eca8a28c85c5589,none,,maximum_hydrophobic_run,numeric,false,de_novo_has_no_biological_parent,,,,1,,,,bf6ec0b4ef472355e11c0b60146972b9360c0ee4daf0a3adf9ebcbe6b4b75ea1
vegfa,87f6e815b4b74f5980ecbae769a1a3359368b810c24687bf7a42d3cc79d2f5c6,de_novo,fb8e148e5302e3cf3bf0c8c5c2480dcd53f9a4ef597e8bbc4eca8a28c85c5589,none,,net_charge_ph7_4,numeric,false,de_novo_has_no_biological_parent,,,,8.068,,,,a48dafdd9c278effd7b87b21223e85763aa42e9cb4c1d3c9286565347c0b4e6a
vegfa,87f6e815b4b74f5980ecbae769a1a3359368b810c24687bf7a42d3cc79d2f5c6,de_novo,fb8e148e5302e3cf3bf0c8c5c2480dcd53f9a4ef597e8bbc4eca8a28c85c5589,none,,toxinpred3_hybrid_score,numeric,false,de_novo_has_no_biological_parent,,,,0.0,,,,e74d596bd254a81f4e5fe40ae0ffdef8dd1289eec66074403e7ca39457077ffe
vegfa,87f6e815b4b74f5980ecbae769a1a3359368b810c24687bf7a42d3cc79d2f5c6,de_novo,fb8e148e5302e3cf3bf0c8c5c2480dcd53f9a4ef597e8bbc4eca8a28c85c5589,none,,toxinpred3_label,categorical,false,de_novo_has_no_biological_parent,,,,Non-Toxin,,,,6a523809ef33b8829af8b43ab9fea06e69e01db58ff55d79f0809697d21d7560
vegfa,456e5d52b92ef41aca2771321af2f3d07f1304818e92cdc0d87018d17f819a3c,de_novo,246c9a71c672a1c182aa2bf9e2491e94dc06ae978ef871d0dd72ddf4cde2cf61,none,,amp_read_log10_mic_um,numeric,false,de_novo_has_no_biological_parent,,,,2.4146425386725188,,,,eeba813ca31a41286bea7c755c3b0dff4acb2d47196102533f1fbc58b2dcc631
vegfa,456e5d52b92ef41aca2771321af2f3d07f1304818e92cdc0d87018d17f819a3c,de_novo,246c9a71c672a1c182aa2bf9e2491e94dc06ae978ef871d0dd72ddf4cde2cf61,none,,guruprasad_instability_index,numeric,false,de_novo_has_no_biological_parent,,,,46.123810,,,,5d9be1fb98e7c3e4ea92e506310d723f76969ea177f2f284a994a7b60cf7db2a
vegfa,456e5d52b92ef41aca2771321af2f3d07f1304818e92cdc0d87018d17f819a3c,de_novo,246c9a71c672a1c182aa2bf9e2491e94dc06ae978ef871d0dd72ddf4cde2cf61,none,,hydrophobic_moment_eisenberg,numeric,false,de_novo_has_no_biological_parent,,,,0.29608311787176067,,,,361d8cd7078fb731654ed297058ecc2d3c477c32b96ee7a8c45f17526abbf541
vegfa,456e5d52b92ef41aca2771321af2f3d07f1304818e92cdc0d87018d17f819a3c,de_novo,246c9a71c672a1c182aa2bf9e2491e94dc06ae978ef871d0dd72ddf4cde2cf61,none,,hydrophobic_ratio_modlamp,numeric,false,de_novo_has_no_biological_parent,,,,0.14285714285714285,,,,193a253cea14cba19585389ee9d64b01f8a74c3b3ceb44b314c2006242aff897
vegfa,456e5d52b92ef41aca2771321af2f3d07f1304818e92cdc0d87018d17f819a3c,de_novo,246c9a71c672a1c182aa2bf9e2491e94dc06ae978ef871d0dd72ddf4cde2cf61,none,,llamp_log10_mic_um,numeric,false,de_novo_has_no_biological_parent,,,,1.9771722555160522,,,,8d1eda52c5cddf9354d04abc40d0bbed74fe7d67ad5f2f58d504435be451c65a
vegfa,456e5d52b92ef41aca2771321af2f3d07f1304818e92cdc0d87018d17f819a3c,de_novo,246c9a71c672a1c182aa2bf9e2491e94dc06ae978ef871d0dd72ddf4cde2cf61,none,,macrel_amp_probability,numeric,false,de_novo_has_no_biological_parent,,,,0.347,,,,16ed1fdea50182a71a18d68e5448e58a5d29845963a4f32b21899cd7fea005e3
vegfa,456e5d52b92ef41aca2771321af2f3d07f1304818e92cdc0d87018d17f819a3c,de_novo,246c9a71c672a1c182aa2bf9e2491e94dc06ae978ef871d0dd72ddf4cde2cf61,none,,macrel_hemolysis_label,categorical,false,de_novo_has_no_biological_parent,,,,low,,,,3e988c49fae4664830234e44dcd5e351dc544cf42197b5fce033ceeac4419c31
vegfa,456e5d52b92ef41aca2771321af2f3d07f1304818e92cdc0d87018d17f819a3c,de_novo,246c9a71c672a1c182aa2bf9e2491e94dc06ae978ef871d0dd72ddf4cde2cf61,none,,macrel_hemolysis_probability,numeric,false,de_novo_has_no_biological_parent,,,,0.188,,,,dd66e9fbb8ca0593bd77d3db158ab9ce89d75f49ba6e64585f0049eca8656fd0
vegfa,456e5d52b92ef41aca2771321af2f3d07f1304818e92cdc0d87018d17f819a3c,de_novo,246c9a71c672a1c182aa2bf9e2491e94dc06ae978ef871d0dd72ddf4cde2cf61,none,,maximum_hydrophobic_run,numeric,false,de_novo_has_no_biological_parent,,,,2,,,,869a6ce834509731a9af4ebf5d679743ec1b0bd2e40953631bf066ac480feab0
vegfa,456e5d52b92ef41aca2771321af2f3d07f1304818e92cdc0d87018d17f819a3c,de_novo,246c9a71c672a1c182aa2bf9e2491e94dc06ae978ef871d0dd72ddf4cde2cf61,none,,net_charge_ph7_4,numeric,false,de_novo_has_no_biological_parent,,,,4.03,,,,2ab8f162b570ed1d0322845fb60a554ec6f83800edadf9b8f5bd32b32d03ff4a
vegfa,456e5d52b92ef41aca2771321af2f3d07f1304818e92cdc0d87018d17f819a3c,de_novo,246c9a71c672a1c182aa2bf9e2491e94dc06ae978ef871d0dd72ddf4cde2cf61,none,,toxinpred3_hybrid_score,numeric,false,de_novo_has_no_biological_parent,,,,0.19,,,,e82c39a8080e41f38b6f859e02ac38a6fe7e421542d9c41def9c406927006ea4
vegfa,456e5d52b92ef41aca2771321af2f3d07f1304818e92cdc0d87018d17f819a3c,de_novo,246c9a71c672a1c182aa2bf9e2491e94dc06ae978ef871d0dd72ddf4cde2cf61,none,,toxinpred3_label,categorical,false,de_novo_has_no_biological_parent,,,,Non-Toxin,,,,38ee5f63c07e0cdd33970153822cb28c2cc945e498b15657c691cd3b6e46c062
vegfa,524fed8835f50a8d9d6b8a52fb9254e768c6ef5985b6845102bb8c6844dd05f1,masked_substitution,3771f2acf799bef20236e61d2060c5d86ed152fa7382b22ebbe7041fdd9f2d5b,primary_parent,02e6e8a9041d1f5e02ded66ace7f1bf8353933cb460554f7d6d4f7827ee851e3,amp_read_log10_mic_um,numeric,true,same_frozen_numeric_contract,minimize,log10(uM),0.8502392420270765,0.8062120676047289,-0.044027174422347604,0.044027174422347604,true,1741693e40b2e08234eaca738d9e277bbc84bf9d0f3e467b58a0d2278fbdd2f5
vegfa,524fed8835f50a8d9d6b8a52fb9254e768c6ef5985b6845102bb8c6844dd05f1,masked_substitution,3771f2acf799bef20236e61d2060c5d86ed152fa7382b22ebbe7041fdd9f2d5b,primary_parent,02e6e8a9041d1f5e02ded66ace7f1bf8353933cb460554f7d6d4f7827ee851e3,guruprasad_instability_index,numeric,true,same_frozen_numeric_contract,minimize,index,-9.308695652173913,-13.0,-3.6913043478260867,3.6913043478260867,true,d218295b7f2644f4ac48f059743a6681d56ba5811f09d56fb30a6ab412d2a4df
vegfa,524fed8835f50a8d9d6b8a52fb9254e768c6ef5985b6845102bb8c6844dd05f1,masked_substitution,3771f2acf799bef20236e61d2060c5d86ed152fa7382b22ebbe7041fdd9f2d5b,primary_parent,02e6e8a9041d1f5e02ded66ace7f1bf8353933cb460554f7d6d4f7827ee851e3,hydrophobic_moment_eisenberg,numeric,false,audit_metric_has_no_monotonic_improvement_direction,audit,dimensionless,0.14056582796750103,0.08639924778785006,-0.05416658017965097,,true,7aa26e344dacd2acd3c70d312cd31e28744abadab24188156f96fe8a46ae8c98
vegfa,524fed8835f50a8d9d6b8a52fb9254e768c6ef5985b6845102bb8c6844dd05f1,masked_substitution,3771f2acf799bef20236e61d2060c5d86ed152fa7382b22ebbe7041fdd9f2d5b,primary_parent,02e6e8a9041d1f5e02ded66ace7f1bf8353933cb460554f7d6d4f7827ee851e3,hydrophobic_ratio_modlamp,numeric,false,audit_metric_has_no_monotonic_improvement_direction,audit,fraction,0.2608695652173913,0.2608695652173913,0.0,,false,b933536bc45ae9e25562fd08fd4949b75c258039be2860f0015686dc28b9f105
vegfa,524fed8835f50a8d9d6b8a52fb9254e768c6ef5985b6845102bb8c6844dd05f1,masked_substitution,3771f2acf799bef20236e61d2060c5d86ed152fa7382b22ebbe7041fdd9f2d5b,primary_parent,02e6e8a9041d1f5e02ded66ace7f1bf8353933cb460554f7d6d4f7827ee851e3,llamp_log10_mic_um,numeric,true,same_frozen_numeric_contract,minimize,log10(uM),1.3610467910766602,1.1257866621017456,-0.23526012897491455,0.23526012897491455,true,274441d5696beae6b9776b553c57ce10024d04accc2f559611b804f3c4fc3058
vegfa,524fed8835f50a8d9d6b8a52fb9254e768c6ef5985b6845102bb8c6844dd05f1,masked_substitution,3771f2acf799bef20236e61d2060c5d86ed152fa7382b22ebbe7041fdd9f2d5b,primary_parent,02e6e8a9041d1f5e02ded66ace7f1bf8353933cb460554f7d6d4f7827ee851e3,macrel_amp_probability,numeric,true,same_frozen_numeric_contract,maximize,probability,0.584,0.545,-0.038999999999999924,-0.038999999999999924,true,36a6162baadc6a1e1f238f4859a828caefc7fcaf656f4c79cf78cd6c39aee8bc
vegfa,524fed8835f50a8d9d6b8a52fb9254e768c6ef5985b6845102bb8c6844dd05f1,masked_substitution,3771f2acf799bef20236e61d2060c5d86ed152fa7382b22ebbe7041fdd9f2d5b,primary_parent,02e6e8a9041d1f5e02ded66ace7f1bf8353933cb460554f7d6d4f7827ee851e3,macrel_hemolysis_label,categorical,true,same_frozen_label_contract,audit,label,low,low,,,false,eebc4f36e55bd1f30024db0b07aabc9fa61d2b4e0d8ba750f797c6791484031f
vegfa,524fed8835f50a8d9d6b8a52fb9254e768c6ef5985b6845102bb8c6844dd05f1,masked_substitution,3771f2acf799bef20236e61d2060c5d86ed152fa7382b22ebbe7041fdd9f2d5b,primary_parent,02e6e8a9041d1f5e02ded66ace7f1bf8353933cb460554f7d6d4f7827ee851e3,macrel_hemolysis_probability,numeric,true,same_frozen_numeric_contract,minimize,probability,0.465,0.455,-0.010000000000000009,0.010000000000000009,true,0f63cdb691ebce0386df3a1cb15d8ff0da70c44a06e45ed7f7224ea5c1f754a6
vegfa,524fed8835f50a8d9d6b8a52fb9254e768c6ef5985b6845102bb8c6844dd05f1,masked_substitution,3771f2acf799bef20236e61d2060c5d86ed152fa7382b22ebbe7041fdd9f2d5b,primary_parent,02e6e8a9041d1f5e02ded66ace7f1bf8353933cb460554f7d6d4f7827ee851e3,maximum_hydrophobic_run,numeric,true,same_frozen_numeric_contract,minimize,residues,2.0,2.0,0.0,-0.0,false,89b1d01dea6ef84afacba25865e89c2d4e4a6a8a170fb2c0f28c5139a48c027e
vegfa,524fed8835f50a8d9d6b8a52fb9254e768c6ef5985b6845102bb8c6844dd05f1,masked_substitution,3771f2acf799bef20236e61d2060c5d86ed152fa7382b22ebbe7041fdd9f2d5b,primary_parent,02e6e8a9041d1f5e02ded66ace7f1bf8353933cb460554f7d6d4f7827ee851e3,net_charge_ph7_4,numeric,false,audit_metric_has_no_monotonic_improvement_direction,audit,elementary_charge,6.112,7.111,0.9989999999999997,,true,8366f269ca1c6868e25d05fb75a0abfa14fc7d7038ae3c720054976a252ca771
vegfa,524fed8835f50a8d9d6b8a52fb9254e768c6ef5985b6845102bb8c6844dd05f1,masked_substitution,3771f2acf799bef20236e61d2060c5d86ed152fa7382b22ebbe7041fdd9f2d5b,primary_parent,02e6e8a9041d1f5e02ded66ace7f1bf8353933cb460554f7d6d4f7827ee851e3,toxinpred3_hybrid_score,numeric,true,same_frozen_numeric_contract,minimize,dimensionless,0.0,0.475,0.475,-0.475,true,f8b58a1278b6f0e772f536fb793afad3aaf14306bf41abac2e0b423f694407a1
vegfa,524fed8835f50a8d9d6b8a52fb9254e768c6ef5985b6845102bb8c6844dd05f1,masked_substitution,3771f2acf799bef20236e61d2060c5d86ed152fa7382b22ebbe7041fdd9f2d5b,primary_parent,02e6e8a9041d1f5e02ded66ace7f1bf8353933cb460554f7d6d4f7827ee851e3,toxinpred3_label,categorical,true,same_frozen_label_contract,audit,label,Non-Toxin,Toxin,,,true,bc2c7d000bb08ecb5e17afa618cfd984acb7af0ce9a8bed339939afc37ceeee1
vegfa,0ee1d1d969c1d1a8feca2a568ddeaf035310514753fc347590935fff9d533935,controlled_crossover,c90e399f09a6afe3b9d19f1415ce376f60725c6b961f482d5c5fe2c140ca3b87,primary_parent,dc6b9e097fdbb1cebc638561775ba07debfd2bcbae4b1e7dbb9a3812c90d1dda,amp_read_log10_mic_um,numeric,true,same_frozen_numeric_contract,minimize,log10(uM),1.4326805721868476,1.6273431201308381,0.19466254794399052,-0.19466254794399052,true,48874fc94e4094b8a6bd1fda109c4fdc3a552ace565ce66bb990f0a87524db81
vegfa,0ee1d1d969c1d1a8feca2a568ddeaf035310514753fc347590935fff9d533935,controlled_crossover,c90e399f09a6afe3b9d19f1415ce376f60725c6b961f482d5c5fe2c140ca3b87,primary_parent,dc6b9e097fdbb1cebc638561775ba07debfd2bcbae4b1e7dbb9a3812c90d1dda,guruprasad_instability_index,numeric,true,same_frozen_numeric_contract,minimize,index,8.988461538461536,7.496154,-1.492307538461536,1.492307538461536,true,fa04eb8d58fd3bcf90d9a277f08a2840841d4e2220c409d2d32fed4f9b6a0946
vegfa,0ee1d1d969c1d1a8feca2a568ddeaf035310514753fc347590935fff9d533935,controlled_crossover,c90e399f09a6afe3b9d19f1415ce376f60725c6b961f482d5c5fe2c140ca3b87,primary_parent,dc6b9e097fdbb1cebc638561775ba07debfd2bcbae4b1e7dbb9a3812c90d1dda,hydrophobic_moment_eisenberg,numeric,false,audit_metric_has_no_monotonic_improvement_direction,audit,dimensionless,0.05669057760399849,0.1978550041625809,0.1411644265585824,,true,6c2f3afe03c7dfcf636fc5bf61f3b7d20aee8c8dce58c5f6394ff14d88a6ac3b
vegfa,0ee1d1d969c1d1a8feca2a568ddeaf035310514753fc347590935fff9d533935,controlled_crossover,c90e399f09a6afe3b9d19f1415ce376f60725c6b961f482d5c5fe2c140ca3b87,primary_parent,dc6b9e097fdbb1cebc638561775ba07debfd2bcbae4b1e7dbb9a3812c90d1dda,hydrophobic_ratio_modlamp,numeric,false,audit_metric_has_no_monotonic_improvement_direction,audit,fraction,0.07692307692307693,0.038461538461538464,-0.038461538461538464,,true,ecc3eaaa4c3927de2d871d3b0760b4a7e54a5beb033cd0684616c9565499d7f8
vegfa,0ee1d1d969c1d1a8feca2a568ddeaf035310514753fc347590935fff9d533935,controlled_crossover,c90e399f09a6afe3b9d19f1415ce376f60725c6b961f482d5c5fe2c140ca3b87,primary_parent,dc6b9e097fdbb1cebc638561775ba07debfd2bcbae4b1e7dbb9a3812c90d1dda,llamp_log10_mic_um,numeric,true,same_frozen_numeric_contract,minimize,log10(uM),0.7191438674926758,0.6082687377929688,-0.11087512969970703,0.11087512969970703,true,17c22828163b3e78a22bee075bd04fbff04d2221753e6875a317387a51eddac8
vegfa,0ee1d1d969c1d1a8feca2a568ddeaf035310514753fc347590935fff9d533935,controlled_crossover,c90e399f09a6afe3b9d19f1415ce376f60725c6b961f482d5c5fe2c140ca3b87,primary_parent,dc6b9e097fdbb1cebc638561775ba07debfd2bcbae4b1e7dbb9a3812c90d1dda,macrel_amp_probability,numeric,true,same_frozen_numeric_contract,maximize,probability,0.535,0.564,0.028999999999999915,0.028999999999999915,true,9f85db66dc33516518b7b32ab5d4d260f1613de89522d6d23dd06871b63168be
vegfa,0ee1d1d969c1d1a8feca2a568ddeaf035310514753fc347590935fff9d533935,controlled_crossover,c90e399f09a6afe3b9d19f1415ce376f60725c6b961f482d5c5fe2c140ca3b87,primary_parent,dc6b9e097fdbb1cebc638561775ba07debfd2bcbae4b1e7dbb9a3812c90d1dda,macrel_hemolysis_label,categorical,true,same_frozen_label_contract,audit,label,low,low,,,false,fc68fed541de4b3d35b47dcac1722f634ca65b32840ad2201fafb2d1a8cfaeba
vegfa,0ee1d1d969c1d1a8feca2a568ddeaf035310514753fc347590935fff9d533935,controlled_crossover,c90e399f09a6afe3b9d19f1415ce376f60725c6b961f482d5c5fe2c140ca3b87,primary_parent,dc6b9e097fdbb1cebc638561775ba07debfd2bcbae4b1e7dbb9a3812c90d1dda,macrel_hemolysis_probability,numeric,true,same_frozen_numeric_contract,minimize,probability,0.386,0.485,0.09899999999999998,-0.09899999999999998,true,6a15ab8ab3964eb0fab89325f691204d0736582367e42cb3fc205dd14555def9
vegfa,0ee1d1d969c1d1a8feca2a568ddeaf035310514753fc347590935fff9d533935,controlled_crossover,c90e399f09a6afe3b9d19f1415ce376f60725c6b961f482d5c5fe2c140ca3b87,primary_parent,dc6b9e097fdbb1cebc638561775ba07debfd2bcbae4b1e7dbb9a3812c90d1dda,maximum_hydrophobic_run,numeric,true,same_frozen_numeric_contract,minimize,residues,2.0,1.0,-1.0,1.0,true,d31865aac675484548db7abfc042838728f1065dbd025cf7bf04707cecad2319
vegfa,0ee1d1d969c1d1a8feca2a568ddeaf035310514753fc347590935fff9d533935,controlled_crossover,c90e399f09a6afe3b9d19f1415ce376f60725c6b961f482d5c5fe2c140ca3b87,primary_parent,dc6b9e097fdbb1cebc638561775ba07debfd2bcbae4b1e7dbb9a3812c90d1dda,net_charge_ph7_4,numeric,false,audit_metric_has_no_monotonic_improvement_direction,audit,elementary_charge,9.152,9.278,0.12600000000000122,,true,588d5b797a6d89686544d22341571710f16c785c1adc2214bb652ed4c5d53f58
vegfa,0ee1d1d969c1d1a8feca2a568ddeaf035310514753fc347590935fff9d533935,controlled_crossover,c90e399f09a6afe3b9d19f1415ce376f60725c6b961f482d5c5fe2c140ca3b87,primary_parent,dc6b9e097fdbb1cebc638561775ba07debfd2bcbae4b1e7dbb9a3812c90d1dda,toxinpred3_hybrid_score,numeric,true,same_frozen_numeric_contract,minimize,dimensionless,0.015,0.375,0.36,-0.36,true,477ae1b5cfa1c72425dda38e3cf74e4110cad61bff416bfdd514b2565ab677f5
vegfa,0ee1d1d969c1d1a8feca2a568ddeaf035310514753fc347590935fff9d533935,controlled_crossover,c90e399f09a6afe3b9d19f1415ce376f60725c6b961f482d5c5fe2c140ca3b87,primary_parent,dc6b9e097fdbb1cebc638561775ba07debfd2bcbae4b1e7dbb9a3812c90d1dda,toxinpred3_label,categorical,true,same_frozen_label_contract,audit,label,Non-Toxin,Non-Toxin,,,false,85f866b476d7e2914bec9c7aa902a25ea37ecc457f1df987b2462530e47bbfa7
vegfa,0ee1d1d969c1d1a8feca2a568ddeaf035310514753fc347590935fff9d533935,controlled_crossover,c90e399f09a6afe3b9d19f1415ce376f60725c6b961f482d5c5fe2c140ca3b87,donor_parent,90426170c795adc7a19a8bcb473094cde2f6bb7dd59d350e474bf5e80ccd8d11,amp_read_log10_mic_um,numeric,true,same_frozen_numeric_contract,minimize,log10(uM),1.4839041353795337,1.6273431201308381,0.14343898475130445,-0.14343898475130445,true,0bae77453ff68561ceadb04441ac7c8a40f01dd9967cb6e8059a8054c22fd9a3
vegfa,0ee1d1d969c1d1a8feca2a568ddeaf035310514753fc347590935fff9d533935,controlled_crossover,c90e399f09a6afe3b9d19f1415ce376f60725c6b961f482d5c5fe2c140ca3b87,donor_parent,90426170c795adc7a19a8bcb473094cde2f6bb7dd59d350e474bf5e80ccd8d11,guruprasad_instability_index,numeric,true,same_frozen_numeric_contract,minimize,index,15.978260869565213,7.496154,-8.482106869565214,8.482106869565214,true,056434c386a7456e8287afe586f9fce55fac14fd27aeaa20d1988a87c10283db
vegfa,0ee1d1d969c1d1a8feca2a568ddeaf035310514753fc347590935fff9d533935,controlled_crossover,c90e399f09a6afe3b9d19f1415ce376f60725c6b961f482d5c5fe2c140ca3b87,donor_parent,90426170c795adc7a19a8bcb473094cde2f6bb7dd59d350e474bf5e80ccd8d11,hydrophobic_moment_eisenberg,numeric,false,audit_metric_has_no_monotonic_improvement_direction,audit,dimensionless,0.20680764669634763,0.1978550041625809,-0.008952642533766736,,true,e60ad65e0793b21a73c7996f2036c0cdadaea5a52942b9af5dd58d4f81194384
vegfa,0ee1d1d969c1d1a8feca2a568ddeaf035310514753fc347590935fff9d533935,controlled_crossover,c90e399f09a6afe3b9d19f1415ce376f60725c6b961f482d5c5fe2c140ca3b87,donor_parent,90426170c795adc7a19a8bcb473094cde2f6bb7dd59d350e474bf5e80ccd8d11,hydrophobic_ratio_modlamp,numeric,false,audit_metric_has_no_monotonic_improvement_direction,audit,fraction,0.043478260869565216,0.038461538461538464,-0.0050167224080267525,,true,6f1c29a7ee78b53d8086f1a82421ed98d1fd124373e7fec3645d2c4cc85bc8f2
vegfa,0ee1d1d969c1d1a8feca2a568ddeaf035310514753fc347590935fff9d533935,controlled_crossover,c90e399f09a6afe3b9d19f1415ce376f60725c6b961f482d5c5fe2c140ca3b87,donor_parent,90426170c795adc7a19a8bcb473094cde2f6bb7dd59d350e474bf5e80ccd8d11,llamp_log10_mic_um,numeric,true,same_frozen_numeric_contract,minimize,log10(uM),0.7840491533279419,0.6082687377929688,-0.17578041553497314,0.17578041553497314,true,97495ef08dd755469b31830d582fc7ecb0f0a343ad99f9746fc961ff8573619e
vegfa,0ee1d1d969c1d1a8feca2a568ddeaf035310514753fc347590935fff9d533935,controlled_crossover,c90e399f09a6afe3b9d19f1415ce376f60725c6b961f482d5c5fe2c140ca3b87,donor_parent,90426170c795adc7a19a8bcb473094cde2f6bb7dd59d350e474bf5e80ccd8d11,macrel_amp_probability,numeric,true,same_frozen_numeric_contract,maximize,probability,0.554,0.564,0.009999999999999898,0.009999999999999898,true,3f5a9f36a8ef9111e565506587c78fc6a92a0059991172778f616b6de01aadee
vegfa,0ee1d1d969c1d1a8feca2a568ddeaf035310514753fc347590935fff9d533935,controlled_crossover,c90e399f09a6afe3b9d19f1415ce376f60725c6b961f482d5c5fe2c140ca3b87,donor_parent,90426170c795adc7a19a8bcb473094cde2f6bb7dd59d350e474bf5e80ccd8d11,macrel_hemolysis_label,categorical,true,same_frozen_label_contract,audit,label,low,low,,,false,d4941345cc440584807cb632185fbbf870ec3a978d5d9010dc9609cbf5f0e6b1
vegfa,0ee1d1d969c1d1a8feca2a568ddeaf035310514753fc347590935fff9d533935,controlled_crossover,c90e399f09a6afe3b9d19f1415ce376f60725c6b961f482d5c5fe2c140ca3b87,donor_parent,90426170c795adc7a19a8bcb473094cde2f6bb7dd59d350e474bf5e80ccd8d11,macrel_hemolysis_probability,numeric,true,same_frozen_numeric_contract,minimize,probability,0.366,0.485,0.119,-0.119,true,a67c6a521db40cdda5af334b0236688d3e929eca1199552cceab36bece9f3e28
vegfa,0ee1d1d969c1d1a8feca2a568ddeaf035310514753fc347590935fff9d533935,controlled_crossover,c90e399f09a6afe3b9d19f1415ce376f60725c6b961f482d5c5fe2c140ca3b87,donor_parent,90426170c795adc7a19a8bcb473094cde2f6bb7dd59d350e474bf5e80ccd8d11,maximum_hydrophobic_run,numeric,true,same_frozen_numeric_contract,minimize,residues,1.0,1.0,0.0,-0.0,false,83168223dab0bfd87742f3d89779264940a8fc3da54cde823563654be8784844
vegfa,0ee1d1d969c1d1a8feca2a568ddeaf035310514753fc347590935fff9d533935,controlled_crossover,c90e399f09a6afe3b9d19f1415ce376f60725c6b961f482d5c5fe2c140ca3b87,donor_parent,90426170c795adc7a19a8bcb473094cde2f6bb7dd59d350e474bf5e80ccd8d11,net_charge_ph7_4,numeric,false,audit_metric_has_no_monotonic_improvement_direction,audit,elementary_charge,6.236,9.278,3.0420000000000007,,true,c7c9504b59a617f50f63a16bbcd7115039fd4b87cc404b2467fae11787c0074e
vegfa,0ee1d1d969c1d1a8feca2a568ddeaf035310514753fc347590935fff9d533935,controlled_crossover,c90e399f09a6afe3b9d19f1415ce376f60725c6b961f482d5c5fe2c140ca3b87,donor_parent,90426170c795adc7a19a8bcb473094cde2f6bb7dd59d350e474bf5e80ccd8d11,toxinpred3_hybrid_score,numeric,true,same_frozen_numeric_contract,minimize,dimensionless,0.345,0.375,0.030000000000000027,-0.030000000000000027,true,823f95a209b1bc1b3aab8ee5210a356bbc4129a2f2badf6f6cf42c16a931003b
vegfa,0ee1d1d969c1d1a8feca2a568ddeaf035310514753fc347590935fff9d533935,controlled_crossover,c90e399f09a6afe3b9d19f1415ce376f60725c6b961f482d5c5fe2c140ca3b87,donor_parent,90426170c795adc7a19a8bcb473094cde2f6bb7dd59d350e474bf5e80ccd8d11,toxinpred3_label,categorical,true,same_frozen_label_contract,audit,label,Non-Toxin,Non-Toxin,,,false,e82cbf5c494e764f6c6d55dea4679fe2f5c88c2076292573116956cc259fc519
vegfa,3ae0cdd5b9205a950b734e5840365e076b93e98d57a826b7acdaa7b1c104db55,de_novo,4235f2c42ae67237fff82636179a184c6629fb326f5529e4e3be44c698751256,none,,amp_read_log10_mic_um,numeric,false,de_novo_has_no_biological_parent,,,,2.2819869197829403,,,,d4bb569d2fb7653220ff8d932955ca26cfa310761208d3492c238b9a939dacef
vegfa,3ae0cdd5b9205a950b734e5840365e076b93e98d57a826b7acdaa7b1c104db55,de_novo,4235f2c42ae67237fff82636179a184c6629fb326f5529e4e3be44c698751256,none,,guruprasad_instability_index,numeric,false,de_novo_has_no_biological_parent,,,,32.809091,,,,b250bb1c57127485e67d299d0841283fdc10588061cb37bc41331e48b2ddf05d
vegfa,3ae0cdd5b9205a950b734e5840365e076b93e98d57a826b7acdaa7b1c104db55,de_novo,4235f2c42ae67237fff82636179a184c6629fb326f5529e4e3be44c698751256,none,,hydrophobic_moment_eisenberg,numeric,false,de_novo_has_no_biological_parent,,,,0.1590021777776483,,,,691a390c9b8a04554263a52a3e782afca511b0f3209519229756d8a5b5a395b2
vegfa,3ae0cdd5b9205a950b734e5840365e076b93e98d57a826b7acdaa7b1c104db55,de_novo,4235f2c42ae67237fff82636179a184c6629fb326f5529e4e3be44c698751256,none,,hydrophobic_ratio_modlamp,numeric,false,de_novo_has_no_biological_parent,,,,0.13636363636363635,,,,6e77a7e568fb78934612a4b9017cd50324dad8f66526cf057a4b6245f66ef2bf
vegfa,3ae0cdd5b9205a950b734e5840365e076b93e98d57a826b7acdaa7b1c104db55,de_novo,4235f2c42ae67237fff82636179a184c6629fb326f5529e4e3be44c698751256,none,,llamp_log10_mic_um,numeric,false,de_novo_has_no_biological_parent,,,,0.5443922281265259,,,,53d84e67ace21558de068fb695f1b11b4680126dea5ea2b6272f1be7eefdf41b
vegfa,3ae0cdd5b9205a950b734e5840365e076b93e98d57a826b7acdaa7b1c104db55,de_novo,4235f2c42ae67237fff82636179a184c6629fb326f5529e4e3be44c698751256,none,,macrel_amp_probability,numeric,false,de_novo_has_no_biological_parent,,,,0.228,,,,1898accdfa8c2df2259baae5600a90734a60ada406f0ca6c9be21b5e3c7d8db2
vegfa,3ae0cdd5b9205a950b734e5840365e076b93e98d57a826b7acdaa7b1c104db55,de_novo,4235f2c42ae67237fff82636179a184c6629fb326f5529e4e3be44c698751256,none,,macrel_hemolysis_label,categorical,false,de_novo_has_no_biological_parent,,,,low,,,,32dd388a14d354ce49cf8a728504d81549e98535e5cee00b4ed719662af0310a
vegfa,3ae0cdd5b9205a950b734e5840365e076b93e98d57a826b7acdaa7b1c104db55,de_novo,4235f2c42ae67237fff82636179a184c6629fb326f5529e4e3be44c698751256,none,,macrel_hemolysis_probability,numeric,false,de_novo_has_no_biological_parent,,,,0.356,,,,23c4e779f8660be529fddf0c1b2414f537845929518c295ca819162800b7f514
vegfa,3ae0cdd5b9205a950b734e5840365e076b93e98d57a826b7acdaa7b1c104db55,de_novo,4235f2c42ae67237fff82636179a184c6629fb326f5529e4e3be44c698751256,none,,maximum_hydrophobic_run,numeric,false,de_novo_has_no_biological_parent,,,,1,,,,0707a96cb956a279414c9b86cb0c8dec2a94aef1f6226ea436bcee40844f97fc
vegfa,3ae0cdd5b9205a950b734e5840365e076b93e98d57a826b7acdaa7b1c104db55,de_novo,4235f2c42ae67237fff82636179a184c6629fb326f5529e4e3be44c698751256,none,,net_charge_ph7_4,numeric,false,de_novo_has_no_biological_parent,,,,9.07,,,,480a915ed4140abff8b55493d04ee571c04375ef62224ceb4c44e8c6cd2e5f4e
vegfa,3ae0cdd5b9205a950b734e5840365e076b93e98d57a826b7acdaa7b1c104db55,de_novo,4235f2c42ae67237fff82636179a184c6629fb326f5529e4e3be44c698751256,none,,toxinpred3_hybrid_score,numeric,false,de_novo_has_no_biological_parent,,,,0.0,,,,fc8462fe78045e2992bc54f75855f11f46bbd1edee7862e4d75a13661f082709
vegfa,3ae0cdd5b9205a950b734e5840365e076b93e98d57a826b7acdaa7b1c104db55,de_novo,4235f2c42ae67237fff82636179a184c6629fb326f5529e4e3be44c698751256,none,,toxinpred3_label,categorical,false,de_novo_has_no_biological_parent,,,,Non-Toxin,,,,4ca44fc75337d36538ea58cd5dda1d984e02660abbaf1063677b7661ac878a53
vegfa,f6e57c2905149a5bcdd9860282435bf3efe3c4075364d26c8f597b9dd3f7efa9,de_novo,f767de3a0dcd07c118fbc84e14a50a667d9a3c41efbc06f32444487a520a0f21,none,,amp_read_log10_mic_um,numeric,false,de_novo_has_no_biological_parent,,,,3.1065953748687694,,,,754d497afb9266f9526ac07b3069d3f4be9b69e6d0f1cb45e132113a31fe6a66
vegfa,f6e57c2905149a5bcdd9860282435bf3efe3c4075364d26c8f597b9dd3f7efa9,de_novo,f767de3a0dcd07c118fbc84e14a50a667d9a3c41efbc06f32444487a520a0f21,none,,guruprasad_instability_index,numeric,false,de_novo_has_no_biological_parent,,,,6.923077,,,,aa3e6cfa7dad64cd098e467ff2fb5982e607c6dccc89709e4e020111dafad7a7
vegfa,f6e57c2905149a5bcdd9860282435bf3efe3c4075364d26c8f597b9dd3f7efa9,de_novo,f767de3a0dcd07c118fbc84e14a50a667d9a3c41efbc06f32444487a520a0f21,none,,hydrophobic_moment_eisenberg,numeric,false,de_novo_has_no_biological_parent,,,,0.2106130537610173,,,,d55d910f7725846a46172cadf1801ee86c4cfa3c58c658a702cf50633f34337c
vegfa,f6e57c2905149a5bcdd9860282435bf3efe3c4075364d26c8f597b9dd3f7efa9,de_novo,f767de3a0dcd07c118fbc84e14a50a667d9a3c41efbc06f32444487a520a0f21,none,,hydrophobic_ratio_modlamp,numeric,false,de_novo_has_no_biological_parent,,,,0.07692307692307693,,,,2e95dee89150ab180cbd1b981eb1d1fd7b5f3fefabcce0ce963a383980a1d0cf
vegfa,f6e57c2905149a5bcdd9860282435bf3efe3c4075364d26c8f597b9dd3f7efa9,de_novo,f767de3a0dcd07c118fbc84e14a50a667d9a3c41efbc06f32444487a520a0f21,none,,llamp_log10_mic_um,numeric,false,de_novo_has_no_biological_parent,,,,1.5493091344833374,,,,7f53f4c4ddc7c829cf84e29fe048c2a5cde4e3c994355e31e1906976a88d774f
vegfa,f6e57c2905149a5bcdd9860282435bf3efe3c4075364d26c8f597b9dd3f7efa9,de_novo,f767de3a0dcd07c118fbc84e14a50a667d9a3c41efbc06f32444487a520a0f21,none,,macrel_amp_probability,numeric,false,de_novo_has_no_biological_parent,,,,0.366,,,,d112b2f00a2df72495b1eecd11500caa46a0c0369919b5f99cf01ceab6cda580
vegfa,f6e57c2905149a5bcdd9860282435bf3efe3c4075364d26c8f597b9dd3f7efa9,de_novo,f767de3a0dcd07c118fbc84e14a50a667d9a3c41efbc06f32444487a520a0f21,none,,macrel_hemolysis_label,categorical,false,de_novo_has_no_biological_parent,,,,low,,,,f70136a0b6c48b387c135842fd96f73466580d74e2aedc7e0abee12633b06f4a
vegfa,f6e57c2905149a5bcdd9860282435bf3efe3c4075364d26c8f597b9dd3f7efa9,de_novo,f767de3a0dcd07c118fbc84e14a50a667d9a3c41efbc06f32444487a520a0f21,none,,macrel_hemolysis_probability,numeric,false,de_novo_has_no_biological_parent,,,,0.356,,,,1cd3685a98f376bfdd0111fb3ad696f6d7b9bb875d708c6b1e2703515dbea8d9
vegfa,f6e57c2905149a5bcdd9860282435bf3efe3c4075364d26c8f597b9dd3f7efa9,de_novo,f767de3a0dcd07c118fbc84e14a50a667d9a3c41efbc06f32444487a520a0f21,none,,maximum_hydrophobic_run,numeric,false,de_novo_has_no_biological_parent,,,,1,,,,ade495793e28f8c9f0932b1a4eb4b3cda20f987d269ecb1ed995b42c689e7e8d
vegfa,f6e57c2905149a5bcdd9860282435bf3efe3c4075364d26c8f597b9dd3f7efa9,de_novo,f767de3a0dcd07c118fbc84e14a50a667d9a3c41efbc06f32444487a520a0f21,none,,net_charge_ph7_4,numeric,false,de_novo_has_no_biological_parent,,,,6.071,,,,9feb6f284470d14283f97adc97fa841f13b92402b59b56da23f6eb53ac42e971
vegfa,f6e57c2905149a5bcdd9860282435bf3efe3c4075364d26c8f597b9dd3f7efa9,de_novo,f767de3a0dcd07c118fbc84e14a50a667d9a3c41efbc06f32444487a520a0f21,none,,toxinpred3_hybrid_score,numeric,false,de_novo_has_no_biological_parent,,,,0.0,,,,04de7241841446420dfb011a00381df32f741852f7226e9792988f5547028f1b
vegfa,f6e57c2905149a5bcdd9860282435bf3efe3c4075364d26c8f597b9dd3f7efa9,de_novo,f767de3a0dcd07c118fbc84e14a50a667d9a3c41efbc06f32444487a520a0f21,none,,toxinpred3_label,categorical,false,de_novo_has_no_biological_parent,,,,Non-Toxin,,,,3a9b0bd3ed39fa40bddae637b3f69e505c5e2c2c1a85efd66e53215699aa5ca6
vegfa,6015b2e00dcb4f0085a1203189cffb75aeb654c5768241401332d90e52172e5f,masked_substitution,f59b7754fe82714feea7a28564bab750c3a26c2c7113e338bf156e99a5041a62,primary_parent,02e6e8a9041d1f5e02ded66ace7f1bf8353933cb460554f7d6d4f7827ee851e3,amp_read_log10_mic_um,numeric,true,same_frozen_numeric_contract,minimize,log10(uM),0.8502392420270765,0.7712825033980739,-0.07895673862900254,0.07895673862900254,true,16bc221eba3aebd9cf66b572c7a5da825ad50d58eb07fa7095b8cb57a14127bd
vegfa,6015b2e00dcb4f0085a1203189cffb75aeb654c5768241401332d90e52172e5f,masked_substitution,f59b7754fe82714feea7a28564bab750c3a26c2c7113e338bf156e99a5041a62,primary_parent,02e6e8a9041d1f5e02ded66ace7f1bf8353933cb460554f7d6d4f7827ee851e3,guruprasad_instability_index,numeric,true,same_frozen_numeric_contract,minimize,index,-9.308695652173913,-13.0,-3.6913043478260867,3.6913043478260867,true,05b9db6b76eb71c244005b6eb15db8dc73000d5b5d92df73d372cee03fde1ba4
vegfa,6015b2e00dcb4f0085a1203189cffb75aeb654c5768241401332d90e52172e5f,masked_substitution,f59b7754fe82714feea7a28564bab750c3a26c2c7113e338bf156e99a5041a62,primary_parent,02e6e8a9041d1f5e02ded66ace7f1bf8353933cb460554f7d6d4f7827ee851e3,hydrophobic_moment_eisenberg,numeric,false,audit_metric_has_no_monotonic_improvement_direction,audit,dimensionless,0.14056582796750103,0.10642156640814647,-0.03414426155935456,,true,40ef0db061ab305e04c63a48a3b9a87ce91ecd65959ca9091cb4525d3367b6fa
vegfa,6015b2e00dcb4f0085a1203189cffb75aeb654c5768241401332d90e52172e5f,masked_substitution,f59b7754fe82714feea7a28564bab750c3a26c2c7113e338bf156e99a5041a62,primary_parent,02e6e8a9041d1f5e02ded66ace7f1bf8353933cb460554f7d6d4f7827ee851e3,hydrophobic_ratio_modlamp,numeric,false,audit_metric_has_no_monotonic_improvement_direction,audit,fraction,0.2608695652173913,0.2608695652173913,0.0,,false,8ff564d20ba66950f65dd00f804add1b2f50aedb41f470a020fccec33bbb7eff
vegfa,6015b2e00dcb4f0085a1203189cffb75aeb654c5768241401332d90e52172e5f,masked_substitution,f59b7754fe82714feea7a28564bab750c3a26c2c7113e338bf156e99a5041a62,primary_parent,02e6e8a9041d1f5e02ded66ace7f1bf8353933cb460554f7d6d4f7827ee851e3,llamp_log10_mic_um,numeric,true,same_frozen_numeric_contract,minimize,log10(uM),1.3610467910766602,1.2658692598342896,-0.0951775312423706,0.0951775312423706,true,6775e07d68ce30da23ec7e29343c9b3ca0e085ea8693f0bf5785f4e72c6aa6b3
vegfa,6015b2e00dcb4f0085a1203189cffb75aeb654c5768241401332d90e52172e5f,masked_substitution,f59b7754fe82714feea7a28564bab750c3a26c2c7113e338bf156e99a5041a62,primary_parent,02e6e8a9041d1f5e02ded66ace7f1bf8353933cb460554f7d6d4f7827ee851e3,macrel_amp_probability,numeric,true,same_frozen_numeric_contract,maximize,probability,0.584,0.485,-0.09899999999999998,-0.09899999999999998,true,0ce683fd73faece1600c0a7db3bf048e8608e0d91594f36c7e50b93b7c3847b4
vegfa,6015b2e00dcb4f0085a1203189cffb75aeb654c5768241401332d90e52172e5f,masked_substitution,f59b7754fe82714feea7a28564bab750c3a26c2c7113e338bf156e99a5041a62,primary_parent,02e6e8a9041d1f5e02ded66ace7f1bf8353933cb460554f7d6d4f7827ee851e3,macrel_hemolysis_label,categorical,true,same_frozen_label_contract,audit,label,low,high,,,true,f17906d9dd3c315582ad5aa1e6ec3506f005d019dd818f20a17f130f8b247652
vegfa,6015b2e00dcb4f0085a1203189cffb75aeb654c5768241401332d90e52172e5f,masked_substitution,f59b7754fe82714feea7a28564bab750c3a26c2c7113e338bf156e99a5041a62,primary_parent,02e6e8a9041d1f5e02ded66ace7f1bf8353933cb460554f7d6d4f7827ee851e3,macrel_hemolysis_probability,numeric,true,same_frozen_numeric_contract,minimize,probability,0.465,0.515,0.04999999999999999,-0.04999999999999999,true,7a9782140671051a128115e66941cdaa5f0c11432822a3d9a2f304e19c8accda
vegfa,6015b2e00dcb4f0085a1203189cffb75aeb654c5768241401332d90e52172e5f,masked_substitution,f59b7754fe82714feea7a28564bab750c3a26c2c7113e338bf156e99a5041a62,primary_parent,02e6e8a9041d1f5e02ded66ace7f1bf8353933cb460554f7d6d4f7827ee851e3,maximum_hydrophobic_run,numeric,true,same_frozen_numeric_contract,minimize,residues,2.0,2.0,0.0,-0.0,false,2942627dd855848672f93068b11acadc0d045b301fc8c97c2550a52625a9eeaf
vegfa,6015b2e00dcb4f0085a1203189cffb75aeb654c5768241401332d90e52172e5f,masked_substitution,f59b7754fe82714feea7a28564bab750c3a26c2c7113e338bf156e99a5041a62,primary_parent,02e6e8a9041d1f5e02ded66ace7f1bf8353933cb460554f7d6d4f7827ee851e3,net_charge_ph7_4,numeric,false,audit_metric_has_no_monotonic_improvement_direction,audit,elementary_charge,6.112,7.111,0.9989999999999997,,true,cc4d3a61a61ed6d14747a94371739221a088ce4f8ea463ce3a8b75e86bf9820a
vegfa,6015b2e00dcb4f0085a1203189cffb75aeb654c5768241401332d90e52172e5f,masked_substitution,f59b7754fe82714feea7a28564bab750c3a26c2c7113e338bf156e99a5041a62,primary_parent,02e6e8a9041d1f5e02ded66ace7f1bf8353933cb460554f7d6d4f7827ee851e3,toxinpred3_hybrid_score,numeric,true,same_frozen_numeric_contract,minimize,dimensionless,0.0,0.0,0.0,-0.0,false,dc3357df22dcfe1ee4f1f0872f042820cddfcf213be9b939f26866dcb55fae57
vegfa,6015b2e00dcb4f0085a1203189cffb75aeb654c5768241401332d90e52172e5f,masked_substitution,f59b7754fe82714feea7a28564bab750c3a26c2c7113e338bf156e99a5041a62,primary_parent,02e6e8a9041d1f5e02ded66ace7f1bf8353933cb460554f7d6d4f7827ee851e3,toxinpred3_label,categorical,true,same_frozen_label_contract,audit,label,Non-Toxin,Non-Toxin,,,false,d69c0d067068aa4de0add728c03270a65ad7265409b12c8f5e195205371deafc
vegfa,acda722eef16d9dfa3e93f2216020d6e22c7c5975ff703c8e1fd4352da5bee4c,controlled_crossover,a4dabc7b3ce58e01b730dced1c76f1b8f5314d1b26128850274b629729de1c85,primary_parent,dd641bf4505cafd6d07b207294bb7fca3279c06b4dc2c807dd8a0399ce77128d,amp_read_log10_mic_um,numeric,true,same_frozen_numeric_contract,minimize,log10(uM),1.3815580984922229,1.6038183865381217,0.2222602880458988,-0.2222602880458988,true,2316fe528b856fcd52bd0f3c76108cccb46b949c11c323e7115da138f6532dfe
vegfa,acda722eef16d9dfa3e93f2216020d6e22c7c5975ff703c8e1fd4352da5bee4c,controlled_crossover,a4dabc7b3ce58e01b730dced1c76f1b8f5314d1b26128850274b629729de1c85,primary_parent,dd641bf4505cafd6d07b207294bb7fca3279c06b4dc2c807dd8a0399ce77128d,guruprasad_instability_index,numeric,true,same_frozen_numeric_contract,minimize,index,8.988461538461536,7.496154,-1.492307538461536,1.492307538461536,true,fd19c75f5fb2429cec2fc56b6d632214d1f28c74a1e162c088057bda69e4189e
vegfa,acda722eef16d9dfa3e93f2216020d6e22c7c5975ff703c8e1fd4352da5bee4c,controlled_crossover,a4dabc7b3ce58e01b730dced1c76f1b8f5314d1b26128850274b629729de1c85,primary_parent,dd641bf4505cafd6d07b207294bb7fca3279c06b4dc2c807dd8a0399ce77128d,hydrophobic_moment_eisenberg,numeric,false,audit_metric_has_no_monotonic_improvement_direction,audit,dimensionless,0.11206580949290935,0.13519064838045664,0.02312483888754728,,true,3d8a03654065be7b66313ddbd93385eb3067a59c0805ce79f3c6ab90fb81c857
vegfa,acda722eef16d9dfa3e93f2216020d6e22c7c5975ff703c8e1fd4352da5bee4c,controlled_crossover,a4dabc7b3ce58e01b730dced1c76f1b8f5314d1b26128850274b629729de1c85,primary_parent,dd641bf4505cafd6d07b207294bb7fca3279c06b4dc2c807dd8a0399ce77128d,hydrophobic_ratio_modlamp,numeric,false,audit_metric_has_no_monotonic_improvement_direction,audit,fraction,0.07692307692307693,0.038461538461538464,-0.038461538461538464,,true,cdd5f8d6ce6e101d4792be4a71fd63849b13e172bd5aa462cd68453295fa19b9
vegfa,acda722eef16d9dfa3e93f2216020d6e22c7c5975ff703c8e1fd4352da5bee4c,controlled_crossover,a4dabc7b3ce58e01b730dced1c76f1b8f5314d1b26128850274b629729de1c85,primary_parent,dd641bf4505cafd6d07b207294bb7fca3279c06b4dc2c807dd8a0399ce77128d,llamp_log10_mic_um,numeric,true,same_frozen_numeric_contract,minimize,log10(uM),0.6327211856842041,0.5981037616729736,-0.03461742401123047,0.03461742401123047,true,4fe8e1a80055cf834633857ff787a0b29ba57ae8d9998f17717c4e837b9e1dd2
vegfa,acda722eef16d9dfa3e93f2216020d6e22c7c5975ff703c8e1fd4352da5bee4c,controlled_crossover,a4dabc7b3ce58e01b730dced1c76f1b8f5314d1b26128850274b629729de1c85,primary_parent,dd641bf4505cafd6d07b207294bb7fca3279c06b4dc2c807dd8a0399ce77128d,macrel_amp_probability,numeric,true,same_frozen_numeric_contract,maximize,probability,0.564,0.564,0.0,0.0,false,d9f30a3282f3cacf3a5212185f051575cbf1e7662ed5b68fee476cd96ce5f184
vegfa,acda722eef16d9dfa3e93f2216020d6e22c7c5975ff703c8e1fd4352da5bee4c,controlled_crossover,a4dabc7b3ce58e01b730dced1c76f1b8f5314d1b26128850274b629729de1c85,primary_parent,dd641bf4505cafd6d07b207294bb7fca3279c06b4dc2c807dd8a0399ce77128d,macrel_hemolysis_label,categorical,true,same_frozen_label_contract,audit,label,low,low,,,false,32912b70ad529a47e177149a201efccb9acd2f98d291601efcc4582274e1584d
vegfa,acda722eef16d9dfa3e93f2216020d6e22c7c5975ff703c8e1fd4352da5bee4c,controlled_crossover,a4dabc7b3ce58e01b730dced1c76f1b8f5314d1b26128850274b629729de1c85,primary_parent,dd641bf4505cafd6d07b207294bb7fca3279c06b4dc2c807dd8a0399ce77128d,macrel_hemolysis_probability,numeric,true,same_frozen_numeric_contract,minimize,probability,0.386,0.485,0.09899999999999998,-0.09899999999999998,true,aca62cb4b35bc04b78825a94cb86928274b277caff6a3415361c17a525b5af7c
vegfa,acda722eef16d9dfa3e93f2216020d6e22c7c5975ff703c8e1fd4352da5bee4c,controlled_crossover,a4dabc7b3ce58e01b730dced1c76f1b8f5314d1b26128850274b629729de1c85,primary_parent,dd641bf4505cafd6d07b207294bb7fca3279c06b4dc2c807dd8a0399ce77128d,maximum_hydrophobic_run,numeric,true,same_frozen_numeric_contract,minimize,residues,2.0,1.0,-1.0,1.0,true,a739f4343f6525a307fedc883c813be574a16e18a3540ef5d2b4478a373ffb5b
vegfa,acda722eef16d9dfa3e93f2216020d6e22c7c5975ff703c8e1fd4352da5bee4c,controlled_crossover,a4dabc7b3ce58e01b730dced1c76f1b8f5314d1b26128850274b629729de1c85,primary_parent,dd641bf4505cafd6d07b207294bb7fca3279c06b4dc2c807dd8a0399ce77128d,net_charge_ph7_4,numeric,false,audit_metric_has_no_monotonic_improvement_direction,audit,elementary_charge,9.152,9.278,0.12600000000000122,,true,e35013e2e0c44a3902c12682f106108740070c56887ecce278ff1e67cf929b5a
vegfa,acda722eef16d9dfa3e93f2216020d6e22c7c5975ff703c8e1fd4352da5bee4c,controlled_crossover,a4dabc7b3ce58e01b730dced1c76f1b8f5314d1b26128850274b629729de1c85,primary_parent,dd641bf4505cafd6d07b207294bb7fca3279c06b4dc2c807dd8a0399ce77128d,toxinpred3_hybrid_score,numeric,true,same_frozen_numeric_contract,minimize,dimensionless,0.015,0.375,0.36,-0.36,true,8bf4c9be3a4309fe03f0dfe7857a550e259c96191aa6682c30636c3722956b1d
vegfa,acda722eef16d9dfa3e93f2216020d6e22c7c5975ff703c8e1fd4352da5bee4c,controlled_crossover,a4dabc7b3ce58e01b730dced1c76f1b8f5314d1b26128850274b629729de1c85,primary_parent,dd641bf4505cafd6d07b207294bb7fca3279c06b4dc2c807dd8a0399ce77128d,toxinpred3_label,categorical,true,same_frozen_label_contract,audit,label,Non-Toxin,Non-Toxin,,,false,20558f22dc1196eca6a29873121260a3d91048285554e67d7aed5baee6525397
vegfa,acda722eef16d9dfa3e93f2216020d6e22c7c5975ff703c8e1fd4352da5bee4c,controlled_crossover,a4dabc7b3ce58e01b730dced1c76f1b8f5314d1b26128850274b629729de1c85,donor_parent,90426170c795adc7a19a8bcb473094cde2f6bb7dd59d350e474bf5e80ccd8d11,amp_read_log10_mic_um,numeric,true,same_frozen_numeric_contract,minimize,log10(uM),1.4839041353795337,1.6038183865381217,0.119914251158588,-0.119914251158588,true,879922173e77a11a8b6aa91fdbc7c59ed2d77b60da55d8d2e4829968b5a6d79a
vegfa,acda722eef16d9dfa3e93f2216020d6e22c7c5975ff703c8e1fd4352da5bee4c,controlled_crossover,a4dabc7b3ce58e01b730dced1c76f1b8f5314d1b26128850274b629729de1c85,donor_parent,90426170c795adc7a19a8bcb473094cde2f6bb7dd59d350e474bf5e80ccd8d11,guruprasad_instability_index,numeric,true,same_frozen_numeric_contract,minimize,index,15.978260869565213,7.496154,-8.482106869565214,8.482106869565214,true,df9aefa28374283d3df60a1771c94866cff1fbe46b181efe0b8e5131c8fec399
vegfa,acda722eef16d9dfa3e93f2216020d6e22c7c5975ff703c8e1fd4352da5bee4c,controlled_crossover,a4dabc7b3ce58e01b730dced1c76f1b8f5314d1b26128850274b629729de1c85,donor_parent,90426170c795adc7a19a8bcb473094cde2f6bb7dd59d350e474bf5e80ccd8d11,hydrophobic_moment_eisenberg,numeric,false,audit_metric_has_no_monotonic_improvement_direction,audit,dimensionless,0.20680764669634763,0.13519064838045664,-0.071616998315891,,true,b101646855c856cb3022b2964007e4804ada3f4f074ebb2344ff2e87e815b25d
vegfa,acda722eef16d9dfa3e93f2216020d6e22c7c5975ff703c8e1fd4352da5bee4c,controlled_crossover,a4dabc7b3ce58e01b730dced1c76f1b8f5314d1b26128850274b629729de1c85,donor_parent,90426170c795adc7a19a8bcb473094cde2f6bb7dd59d350e474bf5e80ccd8d11,hydrophobic_ratio_modlamp,numeric,false,audit_metric_has_no_monotonic_improvement_direction,audit,fraction,0.043478260869565216,0.038461538461538464,-0.0050167224080267525,,true,4c20978102af391bc5ea4dd9be5a6ce089af8950eddc76645ca626dfd4363ac4
vegfa,acda722eef16d9dfa3e93f2216020d6e22c7c5975ff703c8e1fd4352da5bee4c,controlled_crossover,a4dabc7b3ce58e01b730dced1c76f1b8f5314d1b26128850274b629729de1c85,donor_parent,90426170c795adc7a19a8bcb473094cde2f6bb7dd59d350e474bf5e80ccd8d11,llamp_log10_mic_um,numeric,true,same_frozen_numeric_contract,minimize,log10(uM),0.7840491533279419,0.5981037616729736,-0.18594539165496826,0.18594539165496826,true,9520f97fcb9b287b09d4d6f323ed692ec0de5ace69145daefcc633e07f301c24
vegfa,acda722eef16d9dfa3e93f2216020d6e22c7c5975ff703c8e1fd4352da5bee4c,controlled_crossover,a4dabc7b3ce58e01b730dced1c76f1b8f5314d1b26128850274b629729de1c85,donor_parent,90426170c795adc7a19a8bcb473094cde2f6bb7dd59d350e474bf5e80ccd8d11,macrel_amp_probability,numeric,true,same_frozen_numeric_contract,maximize,probability,0.554,0.564,0.009999999999999898,0.009999999999999898,true,21dd8084193bb2125baee98a239e87c99df4a334a59528f94c69c0936abc3438
vegfa,acda722eef16d9dfa3e93f2216020d6e22c7c5975ff703c8e1fd4352da5bee4c,controlled_crossover,a4dabc7b3ce58e01b730dced1c76f1b8f5314d1b26128850274b629729de1c85,donor_parent,90426170c795adc7a19a8bcb473094cde2f6bb7dd59d350e474bf5e80ccd8d11,macrel_hemolysis_label,categorical,true,same_frozen_label_contract,audit,label,low,low,,,false,51f76f38080c4f616976a186a61eff2e04ef46121a3c2e65c372143b4485ede7
vegfa,acda722eef16d9dfa3e93f2216020d6e22c7c5975ff703c8e1fd4352da5bee4c,controlled_crossover,a4dabc7b3ce58e01b730dced1c76f1b8f5314d1b26128850274b629729de1c85,donor_parent,90426170c795adc7a19a8bcb473094cde2f6bb7dd59d350e474bf5e80ccd8d11,macrel_hemolysis_probability,numeric,true,same_frozen_numeric_contract,minimize,probability,0.366,0.485,0.119,-0.119,true,fc02b42555c00bd0a054e512d46f78092e20648dbe4aa6e2323d21855fe69017
vegfa,acda722eef16d9dfa3e93f2216020d6e22c7c5975ff703c8e1fd4352da5bee4c,controlled_crossover,a4dabc7b3ce58e01b730dced1c76f1b8f5314d1b26128850274b629729de1c85,donor_parent,90426170c795adc7a19a8bcb473094cde2f6bb7dd59d350e474bf5e80ccd8d11,maximum_hydrophobic_run,numeric,true,same_frozen_numeric_contract,minimize,residues,1.0,1.0,0.0,-0.0,false,8eb50ee869aa195699fb92b8295c85df7df8624df614aec1899f14e56cdf797c
vegfa,acda722eef16d9dfa3e93f2216020d6e22c7c5975ff703c8e1fd4352da5bee4c,controlled_crossover,a4dabc7b3ce58e01b730dced1c76f1b8f5314d1b26128850274b629729de1c85,donor_parent,90426170c795adc7a19a8bcb473094cde2f6bb7dd59d350e474bf5e80ccd8d11,net_charge_ph7_4,numeric,false,audit_metric_has_no_monotonic_improvement_direction,audit,elementary_charge,6.236,9.278,3.0420000000000007,,true,3b5079e6f117ab5c9b0d946351d7bde7ef1064b18a98aa4e2bf670abb4ee8bb4
vegfa,acda722eef16d9dfa3e93f2216020d6e22c7c5975ff703c8e1fd4352da5bee4c,controlled_crossover,a4dabc7b3ce58e01b730dced1c76f1b8f5314d1b26128850274b629729de1c85,donor_parent,90426170c795adc7a19a8bcb473094cde2f6bb7dd59d350e474bf5e80ccd8d11,toxinpred3_hybrid_score,numeric,true,same_frozen_numeric_contract,minimize,dimensionless,0.345,0.375,0.030000000000000027,-0.030000000000000027,true,d425f5b9ec327e9ebac0314d4b8a313fbf2e03b66959513c18f5e8271e249736
vegfa,acda722eef16d9dfa3e93f2216020d6e22c7c5975ff703c8e1fd4352da5bee4c,controlled_crossover,a4dabc7b3ce58e01b730dced1c76f1b8f5314d1b26128850274b629729de1c85,donor_parent,90426170c795adc7a19a8bcb473094cde2f6bb7dd59d350e474bf5e80ccd8d11,toxinpred3_label,categorical,true,same_frozen_label_contract,audit,label,Non-Toxin,Non-Toxin,,,false,98ec20929dd6dc53b7324d097cc8a0b2aa21f86c73ab6ee595bde13df0a58c11
vegfa,aed9fb53b0d1b4e2d08da175bdfd4b2869fbb78fe00bea755e20ec53ade597e2,de_novo,b9811652e50cef280721503bc933796228b4df8b8efb51c5e77666136ef11bc0,none,,amp_read_log10_mic_um,numeric,false,de_novo_has_no_biological_parent,,,,1.7748580886364185,,,,1640d2163e379503052ec2eb97b4618c3577a8b4b134086e14455c0bb10f4dea
vegfa,aed9fb53b0d1b4e2d08da175bdfd4b2869fbb78fe00bea755e20ec53ade597e2,de_novo,b9811652e50cef280721503bc933796228b4df8b8efb51c5e77666136ef11bc0,none,,guruprasad_instability_index,numeric,false,de_novo_has_no_biological_parent,,,,-4.105000,,,,72e3fe48e9d02c7a16de263842ea43fcea9a591c7d64c6760fddf126924bcbac
vegfa,aed9fb53b0d1b4e2d08da175bdfd4b2869fbb78fe00bea755e20ec53ade597e2,de_novo,b9811652e50cef280721503bc933796228b4df8b8efb51c5e77666136ef11bc0,none,,hydrophobic_moment_eisenberg,numeric,false,de_novo_has_no_biological_parent,,,,0.17250465414743638,,,,a97d97289cd716696e1f03a23790fec07742e6c0072fa2e3afbad9763582b46b
vegfa,aed9fb53b0d1b4e2d08da175bdfd4b2869fbb78fe00bea755e20ec53ade597e2,de_novo,b9811652e50cef280721503bc933796228b4df8b8efb51c5e77666136ef11bc0,none,,hydrophobic_ratio_modlamp,numeric,false,de_novo_has_no_biological_parent,,,,0.1,,,,a599e61dc6242d380d856056a203f3715376ba30f2dbc1c662df79779608fc03
vegfa,aed9fb53b0d1b4e2d08da175bdfd4b2869fbb78fe00bea755e20ec53ade597e2,de_novo,b9811652e50cef280721503bc933796228b4df8b8efb51c5e77666136ef11bc0,none,,llamp_log10_mic_um,numeric,false,de_novo_has_no_biological_parent,,,,1.5339113473892212,,,,9e7a44bcb91aa153cc77f66997c03548eadbbaf9dd7f42f3be9897f5770d4586
vegfa,aed9fb53b0d1b4e2d08da175bdfd4b2869fbb78fe00bea755e20ec53ade597e2,de_novo,b9811652e50cef280721503bc933796228b4df8b8efb51c5e77666136ef11bc0,none,,macrel_amp_probability,numeric,false,de_novo_has_no_biological_parent,,,,0.396,,,,8691a7d202d15674a8425724864b421c035ac7f4f8c45017ca955705ac7bca86
vegfa,aed9fb53b0d1b4e2d08da175bdfd4b2869fbb78fe00bea755e20ec53ade597e2,de_novo,b9811652e50cef280721503bc933796228b4df8b8efb51c5e77666136ef11bc0,none,,macrel_hemolysis_label,categorical,false,de_novo_has_no_biological_parent,,,,low,,,,2369558a37cf5c5a15136393cce8971c0036c4ea398f0209ab8efa25c4955ede
vegfa,aed9fb53b0d1b4e2d08da175bdfd4b2869fbb78fe00bea755e20ec53ade597e2,de_novo,b9811652e50cef280721503bc933796228b4df8b8efb51c5e77666136ef11bc0,none,,macrel_hemolysis_probability,numeric,false,de_novo_has_no_biological_parent,,,,0.317,,,,672c3acdc38d2d46f6c9df46965b1fc6500a3aceeb01c2185a360ec898a144b3
vegfa,aed9fb53b0d1b4e2d08da175bdfd4b2869fbb78fe00bea755e20ec53ade597e2,de_novo,b9811652e50cef280721503bc933796228b4df8b8efb51c5e77666136ef11bc0,none,,maximum_hydrophobic_run,numeric,false,de_novo_has_no_biological_parent,,,,1,,,,f10d960e27265a171bacd415a91898ba66ef19c0b56f65e73d9615ecf2d3db38
vegfa,aed9fb53b0d1b4e2d08da175bdfd4b2869fbb78fe00bea755e20ec53ade597e2,de_novo,b9811652e50cef280721503bc933796228b4df8b8efb51c5e77666136ef11bc0,none,,net_charge_ph7_4,numeric,false,de_novo_has_no_biological_parent,,,,8.028,,,,33c990e581d9df2c93612c937b398db8227e49a0e6c13f6a7c88cd760ef31e1b
vegfa,aed9fb53b0d1b4e2d08da175bdfd4b2869fbb78fe00bea755e20ec53ade597e2,de_novo,b9811652e50cef280721503bc933796228b4df8b8efb51c5e77666136ef11bc0,none,,toxinpred3_hybrid_score,numeric,false,de_novo_has_no_biological_parent,,,,0.0,,,,6a5276a7af5bcfaf91e69f45d8ee3e865438c80aa345e0e1d4e76a7ab91e7386
vegfa,aed9fb53b0d1b4e2d08da175bdfd4b2869fbb78fe00bea755e20ec53ade597e2,de_novo,b9811652e50cef280721503bc933796228b4df8b8efb51c5e77666136ef11bc0,none,,toxinpred3_label,categorical,false,de_novo_has_no_biological_parent,,,,Non-Toxin,,,,6c8ecf73f02800106e7dc1de05f07469bdde67407c6af63ad985f713ab714aa7
vegfa,0f6fd9eb0e565b733a7a7976e75f9315853a99bd86e26d375637054670229322,de_novo,85803a6b0ed92555712949125bb4e9a08c62d14c611bf43004ae84ae498ab98e,none,,amp_read_log10_mic_um,numeric,false,de_novo_has_no_biological_parent,,,,1.4520337294478214,,,,01922c611750c715c71d5d4314f89962b261064ce193fe2423e726bd9c1e62a7
vegfa,0f6fd9eb0e565b733a7a7976e75f9315853a99bd86e26d375637054670229322,de_novo,85803a6b0ed92555712949125bb4e9a08c62d14c611bf43004ae84ae498ab98e,none,,guruprasad_instability_index,numeric,false,de_novo_has_no_biological_parent,,,,0.236000,,,,90ebd9f29842dee04deeada64621876999920bce21bf3c670d6f25b455c64133
vegfa,0f6fd9eb0e565b733a7a7976e75f9315853a99bd86e26d375637054670229322,de_novo,85803a6b0ed92555712949125bb4e9a08c62d14c611bf43004ae84ae498ab98e,none,,hydrophobic_moment_eisenberg,numeric,false,de_novo_has_no_biological_parent,,,,0.16448672682618606,,,,2c746c776373298bfea0e5914339de87119ffca96c94cd330768ee26a177ff0e
vegfa,0f6fd9eb0e565b733a7a7976e75f9315853a99bd86e26d375637054670229322,de_novo,85803a6b0ed92555712949125bb4e9a08c62d14c611bf43004ae84ae498ab98e,none,,hydrophobic_ratio_modlamp,numeric,false,de_novo_has_no_biological_parent,,,,0.12,,,,3b4fef1d4eb0cfebc8ce4c0843e2865fc5377c20aeb63e9eaeac69c4ef93bd03
vegfa,0f6fd9eb0e565b733a7a7976e75f9315853a99bd86e26d375637054670229322,de_novo,85803a6b0ed92555712949125bb4e9a08c62d14c611bf43004ae84ae498ab98e,none,,llamp_log10_mic_um,numeric,false,de_novo_has_no_biological_parent,,,,0.867531418800354,,,,52ab02fab9b22634ab3fbcce90f47466949de88e441c290b76b66efc626e668f
vegfa,0f6fd9eb0e565b733a7a7976e75f9315853a99bd86e26d375637054670229322,de_novo,85803a6b0ed92555712949125bb4e9a08c62d14c611bf43004ae84ae498ab98e,none,,macrel_amp_probability,numeric,false,de_novo_has_no_biological_parent,,,,0.307,,,,e8d1bd27ed6f0ccbb49da4bd544385bc8e90b4f8524c11f43aceaa7e562ada79
vegfa,0f6fd9eb0e565b733a7a7976e75f9315853a99bd86e26d375637054670229322,de_novo,85803a6b0ed92555712949125bb4e9a08c62d14c611bf43004ae84ae498ab98e,none,,macrel_hemolysis_label,categorical,false,de_novo_has_no_biological_parent,,,,high,,,,43ef2b7078a52255879e69aa82cc377f8fba13335dd35d9a495c554586cb0d96
vegfa,0f6fd9eb0e565b733a7a7976e75f9315853a99bd86e26d375637054670229322,de_novo,85803a6b0ed92555712949125bb4e9a08c62d14c611bf43004ae84ae498ab98e,none,,macrel_hemolysis_probability,numeric,false,de_novo_has_no_biological_parent,,,,0.515,,,,7697bbdd0f13d7a06912e9aa51194217078fde44dc7e22cc71ed8091216d5923
vegfa,0f6fd9eb0e565b733a7a7976e75f9315853a99bd86e26d375637054670229322,de_novo,85803a6b0ed92555712949125bb4e9a08c62d14c611bf43004ae84ae498ab98e,none,,maximum_hydrophobic_run,numeric,false,de_novo_has_no_biological_parent,,,,1,,,,a1b3069e0f3cab1a19e0134c80885b90aab9cef57cf32c4666ac733bc742ab3f
vegfa,0f6fd9eb0e565b733a7a7976e75f9315853a99bd86e26d375637054670229322,de_novo,85803a6b0ed92555712949125bb4e9a08c62d14c611bf43004ae84ae498ab98e,none,,net_charge_ph7_4,numeric,false,de_novo_has_no_biological_parent,,,,10.11,,,,efae0f035bdfcc8a992e8440a01d00cedd0d06cabea25a1fb4380a0d280d2cc2
vegfa,0f6fd9eb0e565b733a7a7976e75f9315853a99bd86e26d375637054670229322,de_novo,85803a6b0ed92555712949125bb4e9a08c62d14c611bf43004ae84ae498ab98e,none,,toxinpred3_hybrid_score,numeric,false,de_novo_has_no_biological_parent,,,,0.59,,,,7a92c078265c2bbb743b5294ce51b71e5bda655d4130f6134183c5c6b786623c
vegfa,0f6fd9eb0e565b733a7a7976e75f9315853a99bd86e26d375637054670229322,de_novo,85803a6b0ed92555712949125bb4e9a08c62d14c611bf43004ae84ae498ab98e,none,,toxinpred3_label,categorical,false,de_novo_has_no_biological_parent,,,,Toxin,,,,c38f5d78868a8028c61367322ef36bb22e9b0712b68bc377e587fb9a3e150844
vegfa,5cb854d8f6989a86077a17765017d2c8a3dc034ebbc69f9d74104d7930f88c4a,masked_substitution,1d82d4a210cb37d367dbaae493bb65174b793401abd602d1de2d7b5057aaf54a,primary_parent,02e6e8a9041d1f5e02ded66ace7f1bf8353933cb460554f7d6d4f7827ee851e3,amp_read_log10_mic_um,numeric,true,same_frozen_numeric_contract,minimize,log10(uM),0.8502392420270765,1.2994949921903152,0.4492557501632387,-0.4492557501632387,true,b176d05cab46a820e99da9fcc597edc6d9f5fa500cac73e55ceb4c76453a392d
vegfa,5cb854d8f6989a86077a17765017d2c8a3dc034ebbc69f9d74104d7930f88c4a,masked_substitution,1d82d4a210cb37d367dbaae493bb65174b793401abd602d1de2d7b5057aaf54a,primary_parent,02e6e8a9041d1f5e02ded66ace7f1bf8353933cb460554f7d6d4f7827ee851e3,guruprasad_instability_index,numeric,true,same_frozen_numeric_contract,minimize,index,-9.308695652173913,-12.152174,-2.843478347826087,2.843478347826087,true,45533bfac5d5fdfadb1e316a48bf0145f8565a4b3d82f0e7888a47c5d441ec8d
vegfa,5cb854d8f6989a86077a17765017d2c8a3dc034ebbc69f9d74104d7930f88c4a,masked_substitution,1d82d4a210cb37d367dbaae493bb65174b793401abd602d1de2d7b5057aaf54a,primary_parent,02e6e8a9041d1f5e02ded66ace7f1bf8353933cb460554f7d6d4f7827ee851e3,hydrophobic_moment_eisenberg,numeric,false,audit_metric_has_no_monotonic_improvement_direction,audit,dimensionless,0.14056582796750103,0.11694150340280121,-0.023624324564699817,,true,3fbd6ea5766ff3b5d33be61ac052793dd4cfdc757842da530ec058f5c45ea726
vegfa,5cb854d8f6989a86077a17765017d2c8a3dc034ebbc69f9d74104d7930f88c4a,masked_substitution,1d82d4a210cb37d367dbaae493bb65174b793401abd602d1de2d7b5057aaf54a,primary_parent,02e6e8a9041d1f5e02ded66ace7f1bf8353933cb460554f7d6d4f7827ee851e3,hydrophobic_ratio_modlamp,numeric,false,audit_metric_has_no_monotonic_improvement_direction,audit,fraction,0.2608695652173913,0.2608695652173913,0.0,,false,92d1279a08a73913020fdbb41563426c691c8df38691da22f97a1e38b1cc3845
vegfa,5cb854d8f6989a86077a17765017d2c8a3dc034ebbc69f9d74104d7930f88c4a,masked_substitution,1d82d4a210cb37d367dbaae493bb65174b793401abd602d1de2d7b5057aaf54a,primary_parent,02e6e8a9041d1f5e02ded66ace7f1bf8353933cb460554f7d6d4f7827ee851e3,llamp_log10_mic_um,numeric,true,same_frozen_numeric_contract,minimize,log10(uM),1.3610467910766602,1.4103773832321167,0.04933059215545654,-0.04933059215545654,true,6a8c048a076f3001f5614531cc614fa62abba4d7a4bc2b109033b59a4631f0fc
vegfa,5cb854d8f6989a86077a17765017d2c8a3dc034ebbc69f9d74104d7930f88c4a,masked_substitution,1d82d4a210cb37d367dbaae493bb65174b793401abd602d1de2d7b5057aaf54a,primary_parent,02e6e8a9041d1f5e02ded66ace7f1bf8353933cb460554f7d6d4f7827ee851e3,macrel_amp_probability,numeric,true,same_frozen_numeric_contract,maximize,probability,0.584,0.495,-0.08899999999999997,-0.08899999999999997,true,0e261e8c74b9ca9a6c2d35dea1671ef07892be23f126c0609914669f73fc9364
vegfa,5cb854d8f6989a86077a17765017d2c8a3dc034ebbc69f9d74104d7930f88c4a,masked_substitution,1d82d4a210cb37d367dbaae493bb65174b793401abd602d1de2d7b5057aaf54a,primary_parent,02e6e8a9041d1f5e02ded66ace7f1bf8353933cb460554f7d6d4f7827ee851e3,macrel_hemolysis_label,categorical,true,same_frozen_label_contract,audit,label,low,low,,,false,ba1cf17a93fd2c2afc67676d5dfa6d8858922cb86b7833cebc8c9bd84b29d643
vegfa,5cb854d8f6989a86077a17765017d2c8a3dc034ebbc69f9d74104d7930f88c4a,masked_substitution,1d82d4a210cb37d367dbaae493bb65174b793401abd602d1de2d7b5057aaf54a,primary_parent,02e6e8a9041d1f5e02ded66ace7f1bf8353933cb460554f7d6d4f7827ee851e3,macrel_hemolysis_probability,numeric,true,same_frozen_numeric_contract,minimize,probability,0.465,0.465,0.0,-0.0,false,e8a2716ad3d88e601de81d87838abee1d9b5cdcbe2f9de25e7b249027654a310
vegfa,5cb854d8f6989a86077a17765017d2c8a3dc034ebbc69f9d74104d7930f88c4a,masked_substitution,1d82d4a210cb37d367dbaae493bb65174b793401abd602d1de2d7b5057aaf54a,primary_parent,02e6e8a9041d1f5e02ded66ace7f1bf8353933cb460554f7d6d4f7827ee851e3,maximum_hydrophobic_run,numeric,true,same_frozen_numeric_contract,minimize,residues,2.0,2.0,0.0,-0.0,false,3d8dee69124609d0f9c6fd70ac2d319c7a7a6678e4ad8722938f82e84a57d986
vegfa,5cb854d8f6989a86077a17765017d2c8a3dc034ebbc69f9d74104d7930f88c4a,masked_substitution,1d82d4a210cb37d367dbaae493bb65174b793401abd602d1de2d7b5057aaf54a,primary_parent,02e6e8a9041d1f5e02ded66ace7f1bf8353933cb460554f7d6d4f7827ee851e3,net_charge_ph7_4,numeric,false,audit_metric_has_no_monotonic_improvement_direction,audit,elementary_charge,6.112,5.112,-1.0,,true,58c394b77dcd34752ec4fca3933766e5e11033bccaf1a109fe7f2a2c52ac56c4
vegfa,5cb854d8f6989a86077a17765017d2c8a3dc034ebbc69f9d74104d7930f88c4a,masked_substitution,1d82d4a210cb37d367dbaae493bb65174b793401abd602d1de2d7b5057aaf54a,primary_parent,02e6e8a9041d1f5e02ded66ace7f1bf8353933cb460554f7d6d4f7827ee851e3,toxinpred3_hybrid_score,numeric,true,same_frozen_numeric_contract,minimize,dimensionless,0.0,0.0,0.0,-0.0,false,2ff05e5f9fa12467c583597d8bd172fe74371b74f31cb60f418d34a56c129ade
vegfa,5cb854d8f6989a86077a17765017d2c8a3dc034ebbc69f9d74104d7930f88c4a,masked_substitution,1d82d4a210cb37d367dbaae493bb65174b793401abd602d1de2d7b5057aaf54a,primary_parent,02e6e8a9041d1f5e02ded66ace7f1bf8353933cb460554f7d6d4f7827ee851e3,toxinpred3_label,categorical,true,same_frozen_label_contract,audit,label,Non-Toxin,Non-Toxin,,,false,72925084564b7f2f31549501e20af430ff3b21800c82ba198ab7f29867eb7944
vegfa,85f3548faeb7ebd69778e7d819e083279166709a1e5dab776e5e2e740a2f93f2,controlled_crossover,b3ff8be83019a3eb94b974d05894bec21f536b7ac0be11f5ec0247d0b3118232,primary_parent,dc6b9e097fdbb1cebc638561775ba07debfd2bcbae4b1e7dbb9a3812c90d1dda,amp_read_log10_mic_um,numeric,true,same_frozen_numeric_contract,minimize,log10(uM),1.4326805721868476,1.4833420867930496,0.05066151460620194,-0.05066151460620194,true,a82180d38d5d5518924c3ecce542e0d977b54053d24c56ebfd0b5f374339c718
vegfa,85f3548faeb7ebd69778e7d819e083279166709a1e5dab776e5e2e740a2f93f2,controlled_crossover,b3ff8be83019a3eb94b974d05894bec21f536b7ac0be11f5ec0247d0b3118232,primary_parent,dc6b9e097fdbb1cebc638561775ba07debfd2bcbae4b1e7dbb9a3812c90d1dda,guruprasad_instability_index,numeric,true,same_frozen_numeric_contract,minimize,index,8.988461538461536,20.034615,11.046153461538463,-11.046153461538463,true,cc80240c1daeafe654829bde44b0ca9720467dcaaebdb8bd942704d33617e1c0
vegfa,85f3548faeb7ebd69778e7d819e083279166709a1e5dab776e5e2e740a2f93f2,controlled_crossover,b3ff8be83019a3eb94b974d05894bec21f536b7ac0be11f5ec0247d0b3118232,primary_parent,dc6b9e097fdbb1cebc638561775ba07debfd2bcbae4b1e7dbb9a3812c90d1dda,hydrophobic_moment_eisenberg,numeric,false,audit_metric_has_no_monotonic_improvement_direction,audit,dimensionless,0.05669057760399849,0.22492278516218966,0.16823220755819118,,true,76b6e4e72a7f6cb4c25eefe952248cab614854d5167a4b6701e383d769de56ab
vegfa,85f3548faeb7ebd69778e7d819e083279166709a1e5dab776e5e2e740a2f93f2,controlled_crossover,b3ff8be83019a3eb94b974d05894bec21f536b7ac0be11f5ec0247d0b3118232,primary_parent,dc6b9e097fdbb1cebc638561775ba07debfd2bcbae4b1e7dbb9a3812c90d1dda,hydrophobic_ratio_modlamp,numeric,false,audit_metric_has_no_monotonic_improvement_direction,audit,fraction,0.07692307692307693,0.038461538461538464,-0.038461538461538464,,true,787fc0dc26b304c3ad65beb12fbd0cdd1e3cac617baed78935781653e4813a3f
vegfa,85f3548faeb7ebd69778e7d819e083279166709a1e5dab776e5e2e740a2f93f2,controlled_crossover,b3ff8be83019a3eb94b974d05894bec21f536b7ac0be11f5ec0247d0b3118232,primary_parent,dc6b9e097fdbb1cebc638561775ba07debfd2bcbae4b1e7dbb9a3812c90d1dda,llamp_log10_mic_um,numeric,true,same_frozen_numeric_contract,minimize,log10(uM),0.7191438674926758,0.801954984664917,0.08281111717224121,-0.08281111717224121,true,8aa343e335502bcbaddf5391fcdb6ccce3ae89fc11b712395c138ba5b6ead612
vegfa,85f3548faeb7ebd69778e7d819e083279166709a1e5dab776e5e2e740a2f93f2,controlled_crossover,b3ff8be83019a3eb94b974d05894bec21f536b7ac0be11f5ec0247d0b3118232,primary_parent,dc6b9e097fdbb1cebc638561775ba07debfd2bcbae4b1e7dbb9a3812c90d1dda,macrel_amp_probability,numeric,true,same_frozen_numeric_contract,maximize,probability,0.535,0.535,0.0,0.0,false,d95181c07d5b0eb9e658dbda87cd1419579ad43c1e7430b38c30c77d71285aa3
vegfa,85f3548faeb7ebd69778e7d819e083279166709a1e5dab776e5e2e740a2f93f2,controlled_crossover,b3ff8be83019a3eb94b974d05894bec21f536b7ac0be11f5ec0247d0b3118232,primary_parent,dc6b9e097fdbb1cebc638561775ba07debfd2bcbae4b1e7dbb9a3812c90d1dda,macrel_hemolysis_label,categorical,true,same_frozen_label_contract,audit,label,low,high,,,true,9d4014355e9834c30de487f07e391f66f5ceb9b5860cc5af5dd0e6c00dc93118
vegfa,85f3548faeb7ebd69778e7d819e083279166709a1e5dab776e5e2e740a2f93f2,controlled_crossover,b3ff8be83019a3eb94b974d05894bec21f536b7ac0be11f5ec0247d0b3118232,primary_parent,dc6b9e097fdbb1cebc638561775ba07debfd2bcbae4b1e7dbb9a3812c90d1dda,macrel_hemolysis_probability,numeric,true,same_frozen_numeric_contract,minimize,probability,0.386,0.535,0.14900000000000002,-0.14900000000000002,true,4ef5a4665fe13fb045702b6bf59bc9fc86b407871e861bdf61858eeac638cc1b
vegfa,85f3548faeb7ebd69778e7d819e083279166709a1e5dab776e5e2e740a2f93f2,controlled_crossover,b3ff8be83019a3eb94b974d05894bec21f536b7ac0be11f5ec0247d0b3118232,primary_parent,dc6b9e097fdbb1cebc638561775ba07debfd2bcbae4b1e7dbb9a3812c90d1dda,maximum_hydrophobic_run,numeric,true,same_frozen_numeric_contract,minimize,residues,2.0,1.0,-1.0,1.0,true,74c38df767937d4e1b982ad4c7e3c136646a4ac3b44e334c964182c20b6e3be4
vegfa,85f3548faeb7ebd69778e7d819e083279166709a1e5dab776e5e2e740a2f93f2,controlled_crossover,b3ff8be83019a3eb94b974d05894bec21f536b7ac0be11f5ec0247d0b3118232,primary_parent,dc6b9e097fdbb1cebc638561775ba07debfd2bcbae4b1e7dbb9a3812c90d1dda,net_charge_ph7_4,numeric,false,audit_metric_has_no_monotonic_improvement_direction,audit,elementary_charge,9.152,10.278,1.1260000000000012,,true,6e360198020d50a639c3d6a1f8e0a81b9a76a09727c4042f6ee103bfcfa0c7b4
vegfa,85f3548faeb7ebd69778e7d819e083279166709a1e5dab776e5e2e740a2f93f2,controlled_crossover,b3ff8be83019a3eb94b974d05894bec21f536b7ac0be11f5ec0247d0b3118232,primary_parent,dc6b9e097fdbb1cebc638561775ba07debfd2bcbae4b1e7dbb9a3812c90d1dda,toxinpred3_hybrid_score,numeric,true,same_frozen_numeric_contract,minimize,dimensionless,0.015,0.425,0.41,-0.41,true,8b04ce89a34a0d17d2465d3c6b8ece6e45db14f692965f5431621a25973da33b
vegfa,85f3548faeb7ebd69778e7d819e083279166709a1e5dab776e5e2e740a2f93f2,controlled_crossover,b3ff8be83019a3eb94b974d05894bec21f536b7ac0be11f5ec0247d0b3118232,primary_parent,dc6b9e097fdbb1cebc638561775ba07debfd2bcbae4b1e7dbb9a3812c90d1dda,toxinpred3_label,categorical,true,same_frozen_label_contract,audit,label,Non-Toxin,Toxin,,,true,b75e819af2eafe6a0731b8e0e15f32df48880e3ce55c787a62d7021ec2ed6f0a
vegfa,85f3548faeb7ebd69778e7d819e083279166709a1e5dab776e5e2e740a2f93f2,controlled_crossover,b3ff8be83019a3eb94b974d05894bec21f536b7ac0be11f5ec0247d0b3118232,donor_parent,90426170c795adc7a19a8bcb473094cde2f6bb7dd59d350e474bf5e80ccd8d11,amp_read_log10_mic_um,numeric,true,same_frozen_numeric_contract,minimize,log10(uM),1.4839041353795337,1.4833420867930496,-0.0005620485864841207,0.0005620485864841207,true,ebc0bb728bed2691a792e2dab317e9e1efdba4098e00ec795d001059bdc10ed5
vegfa,85f3548faeb7ebd69778e7d819e083279166709a1e5dab776e5e2e740a2f93f2,controlled_crossover,b3ff8be83019a3eb94b974d05894bec21f536b7ac0be11f5ec0247d0b3118232,donor_parent,90426170c795adc7a19a8bcb473094cde2f6bb7dd59d350e474bf5e80ccd8d11,guruprasad_instability_index,numeric,true,same_frozen_numeric_contract,minimize,index,15.978260869565213,20.034615,4.056354130434785,-4.056354130434785,true,15b9b6bcb92ce622d9b34fe3048d7993d49593fd22df80084bdb2b05f7e9912f
vegfa,85f3548faeb7ebd69778e7d819e083279166709a1e5dab776e5e2e740a2f93f2,controlled_crossover,b3ff8be83019a3eb94b974d05894bec21f536b7ac0be11f5ec0247d0b3118232,donor_parent,90426170c795adc7a19a8bcb473094cde2f6bb7dd59d350e474bf5e80ccd8d11,hydrophobic_moment_eisenberg,numeric,false,audit_metric_has_no_monotonic_improvement_direction,audit,dimensionless,0.20680764669634763,0.22492278516218966,0.018115138465842034,,true,de69a649831daef8c3dca4612d4cfd8671a130c962f2b6547d785c8ef9d6d029
vegfa,85f3548faeb7ebd69778e7d819e083279166709a1e5dab776e5e2e740a2f93f2,controlled_crossover,b3ff8be83019a3eb94b974d05894bec21f536b7ac0be11f5ec0247d0b3118232,donor_parent,90426170c795adc7a19a8bcb473094cde2f6bb7dd59d350e474bf5e80ccd8d11,hydrophobic_ratio_modlamp,numeric,false,audit_metric_has_no_monotonic_improvement_direction,audit,fraction,0.043478260869565216,0.038461538461538464,-0.0050167224080267525,,true,7f659703f63ffc14a58541f40f15311c057a3b8c2eabe2a2974081eb4814f8d6
vegfa,85f3548faeb7ebd69778e7d819e083279166709a1e5dab776e5e2e740a2f93f2,controlled_crossover,b3ff8be83019a3eb94b974d05894bec21f536b7ac0be11f5ec0247d0b3118232,donor_parent,90426170c795adc7a19a8bcb473094cde2f6bb7dd59d350e474bf5e80ccd8d11,llamp_log10_mic_um,numeric,true,same_frozen_numeric_contract,minimize,log10(uM),0.7840491533279419,0.801954984664917,0.017905831336975098,-0.017905831336975098,true,e9b09e48c137383ea788c5e3d33b5ad71fdffb628faf68eb2450f7c6e6f5231a
vegfa,85f3548faeb7ebd69778e7d819e083279166709a1e5dab776e5e2e740a2f93f2,controlled_crossover,b3ff8be83019a3eb94b974d05894bec21f536b7ac0be11f5ec0247d0b3118232,donor_parent,90426170c795adc7a19a8bcb473094cde2f6bb7dd59d350e474bf5e80ccd8d11,macrel_amp_probability,numeric,true,same_frozen_numeric_contract,maximize,probability,0.554,0.535,-0.019000000000000017,-0.019000000000000017,true,1835f71847df718d6a72abd457cf132199c9aa0199be619e1b1635214db82356
vegfa,85f3548faeb7ebd69778e7d819e083279166709a1e5dab776e5e2e740a2f93f2,controlled_crossover,b3ff8be83019a3eb94b974d05894bec21f536b7ac0be11f5ec0247d0b3118232,donor_parent,90426170c795adc7a19a8bcb473094cde2f6bb7dd59d350e474bf5e80ccd8d11,macrel_hemolysis_label,categorical,true,same_frozen_label_contract,audit,label,low,high,,,true,5c33a55b0823d113aafa1e594dcda7976fdbfa5b4a7f732bda88bd7dde69d13d
vegfa,85f3548faeb7ebd69778e7d819e083279166709a1e5dab776e5e2e740a2f93f2,controlled_crossover,b3ff8be83019a3eb94b974d05894bec21f536b7ac0be11f5ec0247d0b3118232,donor_parent,90426170c795adc7a19a8bcb473094cde2f6bb7dd59d350e474bf5e80ccd8d11,macrel_hemolysis_probability,numeric,true,same_frozen_numeric_contract,minimize,probability,0.366,0.535,0.16900000000000004,-0.16900000000000004,true,6c27446caee235671f75f1e816177f338d7324a86f8d25e3d1ad5d82cfa2b8cc
vegfa,85f3548faeb7ebd69778e7d819e083279166709a1e5dab776e5e2e740a2f93f2,controlled_crossover,b3ff8be83019a3eb94b974d05894bec21f536b7ac0be11f5ec0247d0b3118232,donor_parent,90426170c795adc7a19a8bcb473094cde2f6bb7dd59d350e474bf5e80ccd8d11,maximum_hydrophobic_run,numeric,true,same_frozen_numeric_contract,minimize,residues,1.0,1.0,0.0,-0.0,false,14e4da06341056fecce1d5c2607998de14cec6312b99f58d387bf82855d1fc14
vegfa,85f3548faeb7ebd69778e7d819e083279166709a1e5dab776e5e2e740a2f93f2,controlled_crossover,b3ff8be83019a3eb94b974d05894bec21f536b7ac0be11f5ec0247d0b3118232,donor_parent,90426170c795adc7a19a8bcb473094cde2f6bb7dd59d350e474bf5e80ccd8d11,net_charge_ph7_4,numeric,false,audit_metric_has_no_monotonic_improvement_direction,audit,elementary_charge,6.236,10.278,4.042000000000001,,true,775b83327dbd8b8d145aa99288468bde4fec687b89fbb640e335b38891a7db6b
vegfa,85f3548faeb7ebd69778e7d819e083279166709a1e5dab776e5e2e740a2f93f2,controlled_crossover,b3ff8be83019a3eb94b974d05894bec21f536b7ac0be11f5ec0247d0b3118232,donor_parent,90426170c795adc7a19a8bcb473094cde2f6bb7dd59d350e474bf5e80ccd8d11,toxinpred3_hybrid_score,numeric,true,same_frozen_numeric_contract,minimize,dimensionless,0.345,0.425,0.08000000000000002,-0.08000000000000002,true,10b5216d9334675df268f5c0fd77acee5c0d3c98be10b6ce0106ca8da96e3f40
vegfa,85f3548faeb7ebd69778e7d819e083279166709a1e5dab776e5e2e740a2f93f2,controlled_crossover,b3ff8be83019a3eb94b974d05894bec21f536b7ac0be11f5ec0247d0b3118232,donor_parent,90426170c795adc7a19a8bcb473094cde2f6bb7dd59d350e474bf5e80ccd8d11,toxinpred3_label,categorical,true,same_frozen_label_contract,audit,label,Non-Toxin,Toxin,,,true,a792423e76bd2a070c738530e8e0951509a018451fd26bdb3307f685c2c4baaf
vegfa,1c94f38be24b3b4de23d1cd8fec60dd4d73bd0929a1da5db9358bb35b47fb8e6,de_novo,15e9ad54c50b800f45da040ca474dd51c391680aaa767e14e42f33f062783bf9,none,,amp_read_log10_mic_um,numeric,false,de_novo_has_no_biological_parent,,,,1.048463731790507,,,,c7f04d7034070bb85e3fb0a1ea0197fbfe036c0fcf3e229aa551404d562345ed
vegfa,1c94f38be24b3b4de23d1cd8fec60dd4d73bd0929a1da5db9358bb35b47fb8e6,de_novo,15e9ad54c50b800f45da040ca474dd51c391680aaa767e14e42f33f062783bf9,none,,guruprasad_instability_index,numeric,false,de_novo_has_no_biological_parent,,,,26.712500,,,,2e21335ea51896320d469a7af4eebad2146e0875638cdd286170481545ba3e21
vegfa,1c94f38be24b3b4de23d1cd8fec60dd4d73bd0929a1da5db9358bb35b47fb8e6,de_novo,15e9ad54c50b800f45da040ca474dd51c391680aaa767e14e42f33f062783bf9,none,,hydrophobic_moment_eisenberg,numeric,false,de_novo_has_no_biological_parent,,,,0.21278988416451447,,,,24c7befda390aead13b2e6a03e60df15b7a05a4038c4c4c92fa7f5334d96cc4c
vegfa,1c94f38be24b3b4de23d1cd8fec60dd4d73bd0929a1da5db9358bb35b47fb8e6,de_novo,15e9ad54c50b800f45da040ca474dd51c391680aaa767e14e42f33f062783bf9,none,,hydrophobic_ratio_modlamp,numeric,false,de_novo_has_no_biological_parent,,,,0.20833333333333334,,,,fd35f27bac14da8451253792aefd67e86303937cb417ad4721ec09ddd1cee9a2
vegfa,1c94f38be24b3b4de23d1cd8fec60dd4d73bd0929a1da5db9358bb35b47fb8e6,de_novo,15e9ad54c50b800f45da040ca474dd51c391680aaa767e14e42f33f062783bf9,none,,llamp_log10_mic_um,numeric,false,de_novo_has_no_biological_parent,,,,1.6906737089157104,,,,6928db86733be5573d8f5462a0e1141e2ae4a68b937d96cf3ebbe1ece22ee2ca
vegfa,1c94f38be24b3b4de23d1cd8fec60dd4d73bd0929a1da5db9358bb35b47fb8e6,de_novo,15e9ad54c50b800f45da040ca474dd51c391680aaa767e14e42f33f062783bf9,none,,macrel_amp_probability,numeric,false,de_novo_has_no_biological_parent,,,,0.366,,,,e5804446f0f578a6b5937ff748192c71c792d0af71cebf8baf3cf46a3fdc2975
vegfa,1c94f38be24b3b4de23d1cd8fec60dd4d73bd0929a1da5db9358bb35b47fb8e6,de_novo,15e9ad54c50b800f45da040ca474dd51c391680aaa767e14e42f33f062783bf9,none,,macrel_hemolysis_label,categorical,false,de_novo_has_no_biological_parent,,,,low,,,,7ce22d22c35a71db40a2940270a2a4fd7cd1f59b9368ad0a72b1f86feaec88d4
vegfa,1c94f38be24b3b4de23d1cd8fec60dd4d73bd0929a1da5db9358bb35b47fb8e6,de_novo,15e9ad54c50b800f45da040ca474dd51c391680aaa767e14e42f33f062783bf9,none,,macrel_hemolysis_probability,numeric,false,de_novo_has_no_biological_parent,,,,0.277,,,,1ead038fe876f6b454e767d51176d23d8593847c2e38917d0232a6a5297414cc
vegfa,1c94f38be24b3b4de23d1cd8fec60dd4d73bd0929a1da5db9358bb35b47fb8e6,de_novo,15e9ad54c50b800f45da040ca474dd51c391680aaa767e14e42f33f062783bf9,none,,maximum_hydrophobic_run,numeric,false,de_novo_has_no_biological_parent,,,,2,,,,ab4e59b04725210a94d93af9cad34b4bb21d531fed557394cdae8ce290910d83
vegfa,1c94f38be24b3b4de23d1cd8fec60dd4d73bd0929a1da5db9358bb35b47fb8e6,de_novo,15e9ad54c50b800f45da040ca474dd51c391680aaa767e14e42f33f062783bf9,none,,net_charge_ph7_4,numeric,false,de_novo_has_no_biological_parent,,,,6.07,,,,c3906a02c93fcb261634da9a700c469a72d2684e7108d11b91f9bad82ef2f5d8
vegfa,1c94f38be24b3b4de23d1cd8fec60dd4d73bd0929a1da5db9358bb35b47fb8e6,de_novo,15e9ad54c50b800f45da040ca474dd51c391680aaa767e14e42f33f062783bf9,none,,toxinpred3_hybrid_score,numeric,false,de_novo_has_no_biological_parent,,,,0.0,,,,de5ac054b32197c4e54348c2829352bd8b9a1a93743c70296d28643367aed817
vegfa,1c94f38be24b3b4de23d1cd8fec60dd4d73bd0929a1da5db9358bb35b47fb8e6,de_novo,15e9ad54c50b800f45da040ca474dd51c391680aaa767e14e42f33f062783bf9,none,,toxinpred3_label,categorical,false,de_novo_has_no_biological_parent,,,,Non-Toxin,,,,468fb003d7824aacaee12ff2f724b83805bc95efacc9bba5ad91034f456245d3
vegfa,0d847d86bdcb97e2412b9d88f9f1964d0857ffa64334dbcebd63e3169e74c395,de_novo,f4a0a69ff1b71397ccbf1fdc07dea88890ffac4524756f7e7557c5904b81755f,none,,amp_read_log10_mic_um,numeric,false,de_novo_has_no_biological_parent,,,,2.207825799813411,,,,99e80ac5e38580db5e8c7a51592ea2b19a0e5f42384d1eeb247b8d3386053342
vegfa,0d847d86bdcb97e2412b9d88f9f1964d0857ffa64334dbcebd63e3169e74c395,de_novo,f4a0a69ff1b71397ccbf1fdc07dea88890ffac4524756f7e7557c5904b81755f,none,,guruprasad_instability_index,numeric,false,de_novo_has_no_biological_parent,,,,-1.568182,,,,5319945f55383bcf4e950a7b8f8fc49b530286bdcbbe765d851a2e9b31ebd1c1
vegfa,0d847d86bdcb97e2412b9d88f9f1964d0857ffa64334dbcebd63e3169e74c395,de_novo,f4a0a69ff1b71397ccbf1fdc07dea88890ffac4524756f7e7557c5904b81755f,none,,hydrophobic_moment_eisenberg,numeric,false,de_novo_has_no_biological_parent,,,,0.1477495807105223,,,,bef73cf7dcf515d1e2a45af05baf21486c1ef43256b42e1130fa00fd2b364571
vegfa,0d847d86bdcb97e2412b9d88f9f1964d0857ffa64334dbcebd63e3169e74c395,de_novo,f4a0a69ff1b71397ccbf1fdc07dea88890ffac4524756f7e7557c5904b81755f,none,,hydrophobic_ratio_modlamp,numeric,false,de_novo_has_no_biological_parent,,,,0.09090909090909091,,,,ff4d09a1036e6f67b0a0f9106ffa2fd80143a6f56fa201a1c882de7010a8b799
vegfa,0d847d86bdcb97e2412b9d88f9f1964d0857ffa64334dbcebd63e3169e74c395,de_novo,f4a0a69ff1b71397ccbf1fdc07dea88890ffac4524756f7e7557c5904b81755f,none,,llamp_log10_mic_um,numeric,false,de_novo_has_no_biological_parent,,,,1.5040143728256226,,,,5615480002c4364b7d9d48e19ab3324524e52e7094da7e51f057873cd565d49a
vegfa,0d847d86bdcb97e2412b9d88f9f1964d0857ffa64334dbcebd63e3169e74c395,de_novo,f4a0a69ff1b71397ccbf1fdc07dea88890ffac4524756f7e7557c5904b81755f,none,,macrel_amp_probability,numeric,false,de_novo_has_no_biological_parent,,,,0.436,,,,4d636651c8bae2ca921e446d7f802ef9cf60b5c1dd1a48097c8cf74c450ef16a
vegfa,0d847d86bdcb97e2412b9d88f9f1964d0857ffa64334dbcebd63e3169e74c395,de_novo,f4a0a69ff1b71397ccbf1fdc07dea88890ffac4524756f7e7557c5904b81755f,none,,macrel_hemolysis_label,categorical,false,de_novo_has_no_biological_parent,,,,low,,,,8c53a0813add626ba7b67277928c005e96f4a601780d34326281d4f4dc3148c0
vegfa,0d847d86bdcb97e2412b9d88f9f1964d0857ffa64334dbcebd63e3169e74c395,de_novo,f4a0a69ff1b71397ccbf1fdc07dea88890ffac4524756f7e7557c5904b81755f,none,,macrel_hemolysis_probability,numeric,false,de_novo_has_no_biological_parent,,,,0.297,,,,ea994ef0264de802f71cc0b32a11686fe84a06552c9419ffe82442d4d3f7d45e
vegfa,0d847d86bdcb97e2412b9d88f9f1964d0857ffa64334dbcebd63e3169e74c395,de_novo,f4a0a69ff1b71397ccbf1fdc07dea88890ffac4524756f7e7557c5904b81755f,none,,maximum_hydrophobic_run,numeric,false,de_novo_has_no_biological_parent,,,,1,,,,f29381e4551854d3003a5c05a5a001ca258d8a3f30e72a548d8f1cb3b4b55999
vegfa,0d847d86bdcb97e2412b9d88f9f1964d0857ffa64334dbcebd63e3169e74c395,de_novo,f4a0a69ff1b71397ccbf1fdc07dea88890ffac4524756f7e7557c5904b81755f,none,,net_charge_ph7_4,numeric,false,de_novo_has_no_biological_parent,,,,7.028,,,,53af8ebd12c39851ebaa43c2a1f0815fcf2b650c355927ed5aed35254bf04621
vegfa,0d847d86bdcb97e2412b9d88f9f1964d0857ffa64334dbcebd63e3169e74c395,de_novo,f4a0a69ff1b71397ccbf1fdc07dea88890ffac4524756f7e7557c5904b81755f,none,,toxinpred3_hybrid_score,numeric,false,de_novo_has_no_biological_parent,,,,0.305,,,,8f3c81203c4e3d13abf85e4634030ae0077d314315933d6d8900c36d253c376e
vegfa,0d847d86bdcb97e2412b9d88f9f1964d0857ffa64334dbcebd63e3169e74c395,de_novo,f4a0a69ff1b71397ccbf1fdc07dea88890ffac4524756f7e7557c5904b81755f,none,,toxinpred3_label,categorical,false,de_novo_has_no_biological_parent,,,,Non-Toxin,,,,98216d1de6323c31c834d4cc229cbe3c30f35d91ebd29e31dcd6aac452a4e6ec
vegfa,e634a0de540044c963b4886d61548e10c99a3d9cfc6cbc722b17764657acb9d0,masked_substitution,222a0c22c0d4698260a33949e87c469571bed14905f41de76885881000b08c9d,primary_parent,02e6e8a9041d1f5e02ded66ace7f1bf8353933cb460554f7d6d4f7827ee851e3,amp_read_log10_mic_um,numeric,true,same_frozen_numeric_contract,minimize,log10(uM),0.8502392420270765,1.0954577324117505,0.24521849038467403,-0.24521849038467403,true,44ed185fe50d9675288f73bb0762604da38f8ad26abb538599bdcc93848da7a3
vegfa,e634a0de540044c963b4886d61548e10c99a3d9cfc6cbc722b17764657acb9d0,masked_substitution,222a0c22c0d4698260a33949e87c469571bed14905f41de76885881000b08c9d,primary_parent,02e6e8a9041d1f5e02ded66ace7f1bf8353933cb460554f7d6d4f7827ee851e3,guruprasad_instability_index,numeric,true,same_frozen_numeric_contract,minimize,index,-9.308695652173913,-12.152174,-2.843478347826087,2.843478347826087,true,6d695a4d222d0d1a50b9a0500e9471c04c986dcb36da16f8ba3d22be7e1fab1e
vegfa,e634a0de540044c963b4886d61548e10c99a3d9cfc6cbc722b17764657acb9d0,masked_substitution,222a0c22c0d4698260a33949e87c469571bed14905f41de76885881000b08c9d,primary_parent,02e6e8a9041d1f5e02ded66ace7f1bf8353933cb460554f7d6d4f7827ee851e3,hydrophobic_moment_eisenberg,numeric,false,audit_metric_has_no_monotonic_improvement_direction,audit,dimensionless,0.14056582796750103,0.11975887591855745,-0.020806952048943575,,true,4b08a47e95832926c31c9dcc00f85b458959c9f0f0061025f63fdcbd4858f061
vegfa,e634a0de540044c963b4886d61548e10c99a3d9cfc6cbc722b17764657acb9d0,masked_substitution,222a0c22c0d4698260a33949e87c469571bed14905f41de76885881000b08c9d,primary_parent,02e6e8a9041d1f5e02ded66ace7f1bf8353933cb460554f7d6d4f7827ee851e3,hydrophobic_ratio_modlamp,numeric,false,audit_metric_has_no_monotonic_improvement_direction,audit,fraction,0.2608695652173913,0.2608695652173913,0.0,,false,e442976bff3e062543db0fdfd648520fbdc8bc92af336643177a268bb4de7880
vegfa,e634a0de540044c963b4886d61548e10c99a3d9cfc6cbc722b17764657acb9d0,masked_substitution,222a0c22c0d4698260a33949e87c469571bed14905f41de76885881000b08c9d,primary_parent,02e6e8a9041d1f5e02ded66ace7f1bf8353933cb460554f7d6d4f7827ee851e3,llamp_log10_mic_um,numeric,true,same_frozen_numeric_contract,minimize,log10(uM),1.3610467910766602,1.6062664985656738,0.24521970748901367,-0.24521970748901367,true,bcb25f534d244a4364b96c48c9078868ac141cc55df0ce61a00c123a2235ea16
vegfa,e634a0de540044c963b4886d61548e10c99a3d9cfc6cbc722b17764657acb9d0,masked_substitution,222a0c22c0d4698260a33949e87c469571bed14905f41de76885881000b08c9d,primary_parent,02e6e8a9041d1f5e02ded66ace7f1bf8353933cb460554f7d6d4f7827ee851e3,macrel_amp_probability,numeric,true,same_frozen_numeric_contract,maximize,probability,0.584,0.535,-0.04899999999999993,-0.04899999999999993,true,bfa6acd0d7cdbb46e96f6dedff595d6fdde67a54241eeaefc64954606043f678
vegfa,e634a0de540044c963b4886d61548e10c99a3d9cfc6cbc722b17764657acb9d0,masked_substitution,222a0c22c0d4698260a33949e87c469571bed14905f41de76885881000b08c9d,primary_parent,02e6e8a9041d1f5e02ded66ace7f1bf8353933cb460554f7d6d4f7827ee851e3,macrel_hemolysis_label,categorical,true,same_frozen_label_contract,audit,label,low,low,,,false,60118603660ecc96c235d7d4361c08fd849f8fd300ac55a2e4d9cb65136d1e48
vegfa,e634a0de540044c963b4886d61548e10c99a3d9cfc6cbc722b17764657acb9d0,masked_substitution,222a0c22c0d4698260a33949e87c469571bed14905f41de76885881000b08c9d,primary_parent,02e6e8a9041d1f5e02ded66ace7f1bf8353933cb460554f7d6d4f7827ee851e3,macrel_hemolysis_probability,numeric,true,same_frozen_numeric_contract,minimize,probability,0.465,0.446,-0.019000000000000017,0.019000000000000017,true,2231e76731194d480a9a618e95ece1f8519ec2e475f5c63fc90033d65840a7c4
vegfa,e634a0de540044c963b4886d61548e10c99a3d9cfc6cbc722b17764657acb9d0,masked_substitution,222a0c22c0d4698260a33949e87c469571bed14905f41de76885881000b08c9d,primary_parent,02e6e8a9041d1f5e02ded66ace7f1bf8353933cb460554f7d6d4f7827ee851e3,maximum_hydrophobic_run,numeric,true,same_frozen_numeric_contract,minimize,residues,2.0,2.0,0.0,-0.0,false,8f00cbaa6df5215df7159124af84a237d9d94c6d1624910f5b0ad491f9a89fd0
vegfa,e634a0de540044c963b4886d61548e10c99a3d9cfc6cbc722b17764657acb9d0,masked_substitution,222a0c22c0d4698260a33949e87c469571bed14905f41de76885881000b08c9d,primary_parent,02e6e8a9041d1f5e02ded66ace7f1bf8353933cb460554f7d6d4f7827ee851e3,net_charge_ph7_4,numeric,false,audit_metric_has_no_monotonic_improvement_direction,audit,elementary_charge,6.112,5.112,-1.0,,true,87155322bbf2fc08f8fced255cc0c07c39de531f57b51e301ecc1bb01a5e25ae
vegfa,e634a0de540044c963b4886d61548e10c99a3d9cfc6cbc722b17764657acb9d0,masked_substitution,222a0c22c0d4698260a33949e87c469571bed14905f41de76885881000b08c9d,primary_parent,02e6e8a9041d1f5e02ded66ace7f1bf8353933cb460554f7d6d4f7827ee851e3,toxinpred3_hybrid_score,numeric,true,same_frozen_numeric_contract,minimize,dimensionless,0.0,0.0,0.0,-0.0,false,d81ba6bde80336437adab614050f41f4412417504473ded6043c3deea8e71aa0
vegfa,e634a0de540044c963b4886d61548e10c99a3d9cfc6cbc722b17764657acb9d0,masked_substitution,222a0c22c0d4698260a33949e87c469571bed14905f41de76885881000b08c9d,primary_parent,02e6e8a9041d1f5e02ded66ace7f1bf8353933cb460554f7d6d4f7827ee851e3,toxinpred3_label,categorical,true,same_frozen_label_contract,audit,label,Non-Toxin,Non-Toxin,,,false,3995249c5d970c32a8ba3a3e653990bdd28325dfff763b460bd2b4625154138f
vegfa,ab86de8d18d53713e2e2b9b03201f1e9dbfc7883819f557853b638a3159cef89,controlled_crossover,7b515f3be288f1e7a7e1da62709ff433c0659d43825b7df0bfe9459a1f727571,primary_parent,dd641bf4505cafd6d07b207294bb7fca3279c06b4dc2c807dd8a0399ce77128d,amp_read_log10_mic_um,numeric,true,same_frozen_numeric_contract,minimize,log10(uM),1.3815580984922229,1.4913814964292074,0.10982339793698448,-0.10982339793698448,true,0195f8be07eaf959b74c50b080f72ed6615a5bada527bb3513de48e652931111
vegfa,ab86de8d18d53713e2e2b9b03201f1e9dbfc7883819f557853b638a3159cef89,controlled_crossover,7b515f3be288f1e7a7e1da62709ff433c0659d43825b7df0bfe9459a1f727571,primary_parent,dd641bf4505cafd6d07b207294bb7fca3279c06b4dc2c807dd8a0399ce77128d,guruprasad_instability_index,numeric,true,same_frozen_numeric_contract,minimize,index,8.988461538461536,20.034615,11.046153461538463,-11.046153461538463,true,6d2834f76678310de9637a7ff0c996304c166332f7d75db6e78dbc9974117802
vegfa,ab86de8d18d53713e2e2b9b03201f1e9dbfc7883819f557853b638a3159cef89,controlled_crossover,7b515f3be288f1e7a7e1da62709ff433c0659d43825b7df0bfe9459a1f727571,primary_parent,dd641bf4505cafd6d07b207294bb7fca3279c06b4dc2c807dd8a0399ce77128d,hydrophobic_moment_eisenberg,numeric,false,audit_metric_has_no_monotonic_improvement_direction,audit,dimensionless,0.11206580949290935,0.16871491223923765,0.0566491027463283,,true,c5c862313ffe7c27d051a28d102e37a36ca3d80d85bd4c4d829a50e6daa332de
vegfa,ab86de8d18d53713e2e2b9b03201f1e9dbfc7883819f557853b638a3159cef89,controlled_crossover,7b515f3be288f1e7a7e1da62709ff433c0659d43825b7df0bfe9459a1f727571,primary_parent,dd641bf4505cafd6d07b207294bb7fca3279c06b4dc2c807dd8a0399ce77128d,hydrophobic_ratio_modlamp,numeric,false,audit_metric_has_no_monotonic_improvement_direction,audit,fraction,0.07692307692307693,0.038461538461538464,-0.038461538461538464,,true,9161cb6416ba46a9b9c53f0f47e12568f5c91d701ad75078190c589b4714425a
vegfa,ab86de8d18d53713e2e2b9b03201f1e9dbfc7883819f557853b638a3159cef89,controlled_crossover,7b515f3be288f1e7a7e1da62709ff433c0659d43825b7df0bfe9459a1f727571,primary_parent,dd641bf4505cafd6d07b207294bb7fca3279c06b4dc2c807dd8a0399ce77128d,llamp_log10_mic_um,numeric,true,same_frozen_numeric_contract,minimize,log10(uM),0.6327211856842041,0.8106902837753296,0.1779690980911255,-0.1779690980911255,true,ae892ee992eb8e931af9bb41e6f66fa6283eb2b3e98de6c1c036fabee5bd5159
vegfa,ab86de8d18d53713e2e2b9b03201f1e9dbfc7883819f557853b638a3159cef89,controlled_crossover,7b515f3be288f1e7a7e1da62709ff433c0659d43825b7df0bfe9459a1f727571,primary_parent,dd641bf4505cafd6d07b207294bb7fca3279c06b4dc2c807dd8a0399ce77128d,macrel_amp_probability,numeric,true,same_frozen_numeric_contract,maximize,probability,0.564,0.535,-0.028999999999999915,-0.028999999999999915,true,9ffe75dd4f8e95a227a829f1c510c2fc324489426a7bb6f5ac06f687296c7440
vegfa,ab86de8d18d53713e2e2b9b03201f1e9dbfc7883819f557853b638a3159cef89,controlled_crossover,7b515f3be288f1e7a7e1da62709ff433c0659d43825b7df0bfe9459a1f727571,primary_parent,dd641bf4505cafd6d07b207294bb7fca3279c06b4dc2c807dd8a0399ce77128d,macrel_hemolysis_label,categorical,true,same_frozen_label_contract,audit,label,low,high,,,true,268f78f153f876e93b4298955f0e06993ed78de086ad2b78786f1cf2eb8ee29d
vegfa,ab86de8d18d53713e2e2b9b03201f1e9dbfc7883819f557853b638a3159cef89,controlled_crossover,7b515f3be288f1e7a7e1da62709ff433c0659d43825b7df0bfe9459a1f727571,primary_parent,dd641bf4505cafd6d07b207294bb7fca3279c06b4dc2c807dd8a0399ce77128d,macrel_hemolysis_probability,numeric,true,same_frozen_numeric_contract,minimize,probability,0.386,0.535,0.14900000000000002,-0.14900000000000002,true,2e9c1a34d0973a7424b9c70dea6fca420e67c961b1f814f6523150274cf7a440
vegfa,ab86de8d18d53713e2e2b9b03201f1e9dbfc7883819f557853b638a3159cef89,controlled_crossover,7b515f3be288f1e7a7e1da62709ff433c0659d43825b7df0bfe9459a1f727571,primary_parent,dd641bf4505cafd6d07b207294bb7fca3279c06b4dc2c807dd8a0399ce77128d,maximum_hydrophobic_run,numeric,true,same_frozen_numeric_contract,minimize,residues,2.0,1.0,-1.0,1.0,true,c2567727bd21f0885ca73b5b0da67b64583698ed7980e6ac135e40a4d111832b
vegfa,ab86de8d18d53713e2e2b9b03201f1e9dbfc7883819f557853b638a3159cef89,controlled_crossover,7b515f3be288f1e7a7e1da62709ff433c0659d43825b7df0bfe9459a1f727571,primary_parent,dd641bf4505cafd6d07b207294bb7fca3279c06b4dc2c807dd8a0399ce77128d,net_charge_ph7_4,numeric,false,audit_metric_has_no_monotonic_improvement_direction,audit,elementary_charge,9.152,10.278,1.1260000000000012,,true,b5fd1e831a462ea1ca38b37e8bae9a3172d62f3321b1034cf19c28ace3beb853
vegfa,ab86de8d18d53713e2e2b9b03201f1e9dbfc7883819f557853b638a3159cef89,controlled_crossover,7b515f3be288f1e7a7e1da62709ff433c0659d43825b7df0bfe9459a1f727571,primary_parent,dd641bf4505cafd6d07b207294bb7fca3279c06b4dc2c807dd8a0399ce77128d,toxinpred3_hybrid_score,numeric,true,same_frozen_numeric_contract,minimize,dimensionless,0.015,0.425,0.41,-0.41,true,d96150bccf1cec1c0a4632dfcf0f6abf727ab80f305a6f0d8817c0c0fc49c15f
vegfa,ab86de8d18d53713e2e2b9b03201f1e9dbfc7883819f557853b638a3159cef89,controlled_crossover,7b515f3be288f1e7a7e1da62709ff433c0659d43825b7df0bfe9459a1f727571,primary_parent,dd641bf4505cafd6d07b207294bb7fca3279c06b4dc2c807dd8a0399ce77128d,toxinpred3_label,categorical,true,same_frozen_label_contract,audit,label,Non-Toxin,Toxin,,,true,579b87b064d5c8711eae62dba2e4b59feee0e8fa3deaa99f095ef12dee1b2c89
vegfa,ab86de8d18d53713e2e2b9b03201f1e9dbfc7883819f557853b638a3159cef89,controlled_crossover,7b515f3be288f1e7a7e1da62709ff433c0659d43825b7df0bfe9459a1f727571,donor_parent,90426170c795adc7a19a8bcb473094cde2f6bb7dd59d350e474bf5e80ccd8d11,amp_read_log10_mic_um,numeric,true,same_frozen_numeric_contract,minimize,log10(uM),1.4839041353795337,1.4913814964292074,0.00747736104967367,-0.00747736104967367,true,40d1e9f76b8219ef4a8304e0698e2afacfaf01996d30069f3d5b146e8c79a0a7
vegfa,ab86de8d18d53713e2e2b9b03201f1e9dbfc7883819f557853b638a3159cef89,controlled_crossover,7b515f3be288f1e7a7e1da62709ff433c0659d43825b7df0bfe9459a1f727571,donor_parent,90426170c795adc7a19a8bcb473094cde2f6bb7dd59d350e474bf5e80ccd8d11,guruprasad_instability_index,numeric,true,same_frozen_numeric_contract,minimize,index,15.978260869565213,20.034615,4.056354130434785,-4.056354130434785,true,88509dc1bb8d7865d4c6c2f47bca924cd982300fbdfd46390e315df934923b29
vegfa,ab86de8d18d53713e2e2b9b03201f1e9dbfc7883819f557853b638a3159cef89,controlled_crossover,7b515f3be288f1e7a7e1da62709ff433c0659d43825b7df0bfe9459a1f727571,donor_parent,90426170c795adc7a19a8bcb473094cde2f6bb7dd59d350e474bf5e80ccd8d11,hydrophobic_moment_eisenberg,numeric,false,audit_metric_has_no_monotonic_improvement_direction,audit,dimensionless,0.20680764669634763,0.16871491223923765,-0.03809273445710998,,true,0b631b87e4bff1a6f4a21edfe4a6eb3bec09be44d0dfc500682923a28662ba45
vegfa,ab86de8d18d53713e2e2b9b03201f1e9dbfc7883819f557853b638a3159cef89,controlled_crossover,7b515f3be288f1e7a7e1da62709ff433c0659d43825b7df0bfe9459a1f727571,donor_parent,90426170c795adc7a19a8bcb473094cde2f6bb7dd59d350e474bf5e80ccd8d11,hydrophobic_ratio_modlamp,numeric,false,audit_metric_has_no_monotonic_improvement_direction,audit,fraction,0.043478260869565216,0.038461538461538464,-0.0050167224080267525,,true,59d69a3b2be19e7c0ff089b373be859446068651e16f6a04d1e63d2193a94f24
vegfa,ab86de8d18d53713e2e2b9b03201f1e9dbfc7883819f557853b638a3159cef89,controlled_crossover,7b515f3be288f1e7a7e1da62709ff433c0659d43825b7df0bfe9459a1f727571,donor_parent,90426170c795adc7a19a8bcb473094cde2f6bb7dd59d350e474bf5e80ccd8d11,llamp_log10_mic_um,numeric,true,same_frozen_numeric_contract,minimize,log10(uM),0.7840491533279419,0.8106902837753296,0.026641130447387695,-0.026641130447387695,true,4c8c4b37100b8e624f255d6f8f73da5d50c752933422479169c1df7bf58fd7be
vegfa,ab86de8d18d53713e2e2b9b03201f1e9dbfc7883819f557853b638a3159cef89,controlled_crossover,7b515f3be288f1e7a7e1da62709ff433c0659d43825b7df0bfe9459a1f727571,donor_parent,90426170c795adc7a19a8bcb473094cde2f6bb7dd59d350e474bf5e80ccd8d11,macrel_amp_probability,numeric,true,same_frozen_numeric_contract,maximize,probability,0.554,0.535,-0.019000000000000017,-0.019000000000000017,true,c8ec9aae4a60de0bb86beaa42523d79b999e4c9cf041a4f7f12007b1f20259d5
vegfa,ab86de8d18d53713e2e2b9b03201f1e9dbfc7883819f557853b638a3159cef89,controlled_crossover,7b515f3be288f1e7a7e1da62709ff433c0659d43825b7df0bfe9459a1f727571,donor_parent,90426170c795adc7a19a8bcb473094cde2f6bb7dd59d350e474bf5e80ccd8d11,macrel_hemolysis_label,categorical,true,same_frozen_label_contract,audit,label,low,high,,,true,97d255be5837de4f25d6bd718572ad01c86fd2244e72ae82bc987f12cd527b4a
vegfa,ab86de8d18d53713e2e2b9b03201f1e9dbfc7883819f557853b638a3159cef89,controlled_crossover,7b515f3be288f1e7a7e1da62709ff433c0659d43825b7df0bfe9459a1f727571,donor_parent,90426170c795adc7a19a8bcb473094cde2f6bb7dd59d350e474bf5e80ccd8d11,macrel_hemolysis_probability,numeric,true,same_frozen_numeric_contract,minimize,probability,0.366,0.535,0.16900000000000004,-0.16900000000000004,true,5ea418d37430b9c3ec099b30b053d3542912b5f08c3f02801c32f40ee3933f1e
vegfa,ab86de8d18d53713e2e2b9b03201f1e9dbfc7883819f557853b638a3159cef89,controlled_crossover,7b515f3be288f1e7a7e1da62709ff433c0659d43825b7df0bfe9459a1f727571,donor_parent,90426170c795adc7a19a8bcb473094cde2f6bb7dd59d350e474bf5e80ccd8d11,maximum_hydrophobic_run,numeric,true,same_frozen_numeric_contract,minimize,residues,1.0,1.0,0.0,-0.0,false,4f08f8c91f0ae11d3797f1fac9b2b97a61cf00070ea0ef79797ebbc3d581ef41
vegfa,ab86de8d18d53713e2e2b9b03201f1e9dbfc7883819f557853b638a3159cef89,controlled_crossover,7b515f3be288f1e7a7e1da62709ff433c0659d43825b7df0bfe9459a1f727571,donor_parent,90426170c795adc7a19a8bcb473094cde2f6bb7dd59d350e474bf5e80ccd8d11,net_charge_ph7_4,numeric,false,audit_metric_has_no_monotonic_improvement_direction,audit,elementary_charge,6.236,10.278,4.042000000000001,,true,92a2889af41f1b664c49fcef84f5b457fa208d82341f1548270a26d0c658ca29
vegfa,ab86de8d18d53713e2e2b9b03201f1e9dbfc7883819f557853b638a3159cef89,controlled_crossover,7b515f3be288f1e7a7e1da62709ff433c0659d43825b7df0bfe9459a1f727571,donor_parent,90426170c795adc7a19a8bcb473094cde2f6bb7dd59d350e474bf5e80ccd8d11,toxinpred3_hybrid_score,numeric,true,same_frozen_numeric_contract,minimize,dimensionless,0.345,0.425,0.08000000000000002,-0.08000000000000002,true,5d4696f10716bd29bbcbb0809cec4f507ba53267f02371aa691d7a6dd3387820
vegfa,ab86de8d18d53713e2e2b9b03201f1e9dbfc7883819f557853b638a3159cef89,controlled_crossover,7b515f3be288f1e7a7e1da62709ff433c0659d43825b7df0bfe9459a1f727571,donor_parent,90426170c795adc7a19a8bcb473094cde2f6bb7dd59d350e474bf5e80ccd8d11,toxinpred3_label,categorical,true,same_frozen_label_contract,audit,label,Non-Toxin,Toxin,,,true,c9b9d41d58724763f62256a3e3b03776027c8bb4400f3910f4c2dbadf76260fe
vegfa,1db4597fcbc514f4346c89dfe6b3f4a03c8719eea6aa69945b91cefc5f1a5d05,de_novo,e9955c6cd15e119ba4bae39302bd44e701c3f89e76e69ee54832e86f332f3d6e,none,,amp_read_log10_mic_um,numeric,false,de_novo_has_no_biological_parent,,,,1.8971453645233836,,,,f8fb16c114ed1ff3bc68349283230fd1df1986d9fd4bf9945592e2b2f923717e
vegfa,1db4597fcbc514f4346c89dfe6b3f4a03c8719eea6aa69945b91cefc5f1a5d05,de_novo,e9955c6cd15e119ba4bae39302bd44e701c3f89e76e69ee54832e86f332f3d6e,none,,guruprasad_instability_index,numeric,false,de_novo_has_no_biological_parent,,,,1.000000,,,,94a3a88f573f099e5fc0c445a103f195a1ce29d5eb79476b3d613196f387d14e
vegfa,1db4597fcbc514f4346c89dfe6b3f4a03c8719eea6aa69945b91cefc5f1a5d05,de_novo,e9955c6cd15e119ba4bae39302bd44e701c3f89e76e69ee54832e86f332f3d6e,none,,hydrophobic_moment_eisenberg,numeric,false,de_novo_has_no_biological_parent,,,,0.20677529893319935,,,,3eb44fa4aa36783c3c49f21ea6b56280d6d2a1b3fa055cc2eaed31248fb16876
vegfa,1db4597fcbc514f4346c89dfe6b3f4a03c8719eea6aa69945b91cefc5f1a5d05,de_novo,e9955c6cd15e119ba4bae39302bd44e701c3f89e76e69ee54832e86f332f3d6e,none,,hydrophobic_ratio_modlamp,numeric,false,de_novo_has_no_biological_parent,,,,0.08695652173913043,,,,8d535a1992d77d922bb0e5e32bb1d2730e5f26ef5fa70fd018a1d57893f66d65
vegfa,1db4597fcbc514f4346c89dfe6b3f4a03c8719eea6aa69945b91cefc5f1a5d05,de_novo,e9955c6cd15e119ba4bae39302bd44e701c3f89e76e69ee54832e86f332f3d6e,none,,llamp_log10_mic_um,numeric,false,de_novo_has_no_biological_parent,,,,1.0231273174285889,,,,e6b9c572d62bd6eea1317597c820b618767faf7b229bb0ee56532f0e62948485
vegfa,1db4597fcbc514f4346c89dfe6b3f4a03c8719eea6aa69945b91cefc5f1a5d05,de_novo,e9955c6cd15e119ba4bae39302bd44e701c3f89e76e69ee54832e86f332f3d6e,none,,macrel_amp_probability,numeric,false,de_novo_has_no_biological_parent,,,,0.416,,,,7baff9ae6f33ec9d54bf16750d151a33d03a4eb19505f395a83ac43b2b65dded
vegfa,1db4597fcbc514f4346c89dfe6b3f4a03c8719eea6aa69945b91cefc5f1a5d05,de_novo,e9955c6cd15e119ba4bae39302bd44e701c3f89e76e69ee54832e86f332f3d6e,none,,macrel_hemolysis_label,categorical,false,de_novo_has_no_biological_parent,,,,high,,,,774484ee0edc2d2c8dea3db27ed6d703f81e9dd0cf8906da3837dcb47652ccfb
vegfa,1db4597fcbc514f4346c89dfe6b3f4a03c8719eea6aa69945b91cefc5f1a5d05,de_novo,e9955c6cd15e119ba4bae39302bd44e701c3f89e76e69ee54832e86f332f3d6e,none,,macrel_hemolysis_probability,numeric,false,de_novo_has_no_biological_parent,,,,0.515,,,,ea44073437e100d617f526d1f0a885a3c34c3bb0d6a487157190334811dd62f4
vegfa,1db4597fcbc514f4346c89dfe6b3f4a03c8719eea6aa69945b91cefc5f1a5d05,de_novo,e9955c6cd15e119ba4bae39302bd44e701c3f89e76e69ee54832e86f332f3d6e,none,,maximum_hydrophobic_run,numeric,false,de_novo_has_no_biological_parent,,,,1,,,,b4445c430667c7faa617c76a646989bfe408808d1c4feb2911d0c72792374aef
vegfa,1db4597fcbc514f4346c89dfe6b3f4a03c8719eea6aa69945b91cefc5f1a5d05,de_novo,e9955c6cd15e119ba4bae39302bd44e701c3f89e76e69ee54832e86f332f3d6e,none,,net_charge_ph7_4,numeric,false,de_novo_has_no_biological_parent,,,,9.069,,,,513d1514d379e08d797d532e1a1b1b3165786b3d21ce17129ae9b1509d1049f5
vegfa,1db4597fcbc514f4346c89dfe6b3f4a03c8719eea6aa69945b91cefc5f1a5d05,de_novo,e9955c6cd15e119ba4bae39302bd44e701c3f89e76e69ee54832e86f332f3d6e,none,,toxinpred3_hybrid_score,numeric,false,de_novo_has_no_biological_parent,,,,0.0,,,,f429ce07c2bbbbadf6e23661903e1e7ceb7ae110e581febb252eddee5e9d0133
vegfa,1db4597fcbc514f4346c89dfe6b3f4a03c8719eea6aa69945b91cefc5f1a5d05,de_novo,e9955c6cd15e119ba4bae39302bd44e701c3f89e76e69ee54832e86f332f3d6e,none,,toxinpred3_label,categorical,false,de_novo_has_no_biological_parent,,,,Non-Toxin,,,,69909a5e9e15f08f425a0ab0967bffcaae848e51e9541d6a22731f631c10161b
vegfa,e0150fdb71c2870aeb4bec61f279022597b0d48a1eb2d6a4c98faae903552a20,de_novo,0bac55530cf0ef1b5dae06564beb5c2ba3763bd50d4c9278c5b589c54f3d5739,none,,amp_read_log10_mic_um,numeric,false,de_novo_has_no_biological_parent,,,,3.164159459590332,,,,763553e5f6bb3f897f4688a3f4406f2f49fae3650c5f4e5c18a536020cd9b7ba
vegfa,e0150fdb71c2870aeb4bec61f279022597b0d48a1eb2d6a4c98faae903552a20,de_novo,0bac55530cf0ef1b5dae06564beb5c2ba3763bd50d4c9278c5b589c54f3d5739,none,,guruprasad_instability_index,numeric,false,de_novo_has_no_biological_parent,,,,47.200000,,,,f4490b3ffcf50e4be960e4c558eaefef7bd6c7dcadeb0db7f84e6a4cdb9effea
vegfa,e0150fdb71c2870aeb4bec61f279022597b0d48a1eb2d6a4c98faae903552a20,de_novo,0bac55530cf0ef1b5dae06564beb5c2ba3763bd50d4c9278c5b589c54f3d5739,none,,hydrophobic_moment_eisenberg,numeric,false,de_novo_has_no_biological_parent,,,,0.4642106162298561,,,,45cda01c9ee36fcd64ff420dfee35704978638cc49100f958f8e549d354b2557
vegfa,e0150fdb71c2870aeb4bec61f279022597b0d48a1eb2d6a4c98faae903552a20,de_novo,0bac55530cf0ef1b5dae06564beb5c2ba3763bd50d4c9278c5b589c54f3d5739,none,,hydrophobic_ratio_modlamp,numeric,false,de_novo_has_no_biological_parent,,,,0.21739130434782608,,,,37924026709851f5f824711195b389b7b2a63203813cd4e9fbd2c72983b8efb1
vegfa,e0150fdb71c2870aeb4bec61f279022597b0d48a1eb2d6a4c98faae903552a20,de_novo,0bac55530cf0ef1b5dae06564beb5c2ba3763bd50d4c9278c5b589c54f3d5739,none,,llamp_log10_mic_um,numeric,false,de_novo_has_no_biological_parent,,,,1.9792792797088623,,,,35c267e53ff7ae85f8ba3886bdd190939bc762578fc110c39bbe77a42242f2b7
vegfa,e0150fdb71c2870aeb4bec61f279022597b0d48a1eb2d6a4c98faae903552a20,de_novo,0bac55530cf0ef1b5dae06564beb5c2ba3763bd50d4c9278c5b589c54f3d5739,none,,macrel_amp_probability,numeric,false,de_novo_has_no_biological_parent,,,,0.287,,,,70cec541764312b6a615e92e3d1d71a11323c0ce4193a71b993850aa62ee2356
vegfa,e0150fdb71c2870aeb4bec61f279022597b0d48a1eb2d6a4c98faae903552a20,de_novo,0bac55530cf0ef1b5dae06564beb5c2ba3763bd50d4c9278c5b589c54f3d5739,none,,macrel_hemolysis_label,categorical,false,de_novo_has_no_biological_parent,,,,low,,,,548f9be276c7180270c56f64865e99ee50bb34b4eed4e183c9b1d817f0b68932
vegfa,e0150fdb71c2870aeb4bec61f279022597b0d48a1eb2d6a4c98faae903552a20,de_novo,0bac55530cf0ef1b5dae06564beb5c2ba3763bd50d4c9278c5b589c54f3d5739,none,,macrel_hemolysis_probability,numeric,false,de_novo_has_no_biological_parent,,,,0.228,,,,994c13452381384765fdd598204598f5ad159ae6e227c62e7edda862b389dd5d
vegfa,e0150fdb71c2870aeb4bec61f279022597b0d48a1eb2d6a4c98faae903552a20,de_novo,0bac55530cf0ef1b5dae06564beb5c2ba3763bd50d4c9278c5b589c54f3d5739,none,,maximum_hydrophobic_run,numeric,false,de_novo_has_no_biological_parent,,,,1,,,,831e8ed570f8b3a1103e435cada21db73422c5f9dbe74f76bbeb17de1f1de8f9
vegfa,e0150fdb71c2870aeb4bec61f279022597b0d48a1eb2d6a4c98faae903552a20,de_novo,0bac55530cf0ef1b5dae06564beb5c2ba3763bd50d4c9278c5b589c54f3d5739,none,,net_charge_ph7_4,numeric,false,de_novo_has_no_biological_parent,,,,4.073,,,,2ac26b8891d37c57f01a4f05fc407b002a756e355c663d64b9583887986e36eb
vegfa,e0150fdb71c2870aeb4bec61f279022597b0d48a1eb2d6a4c98faae903552a20,de_novo,0bac55530cf0ef1b5dae06564beb5c2ba3763bd50d4c9278c5b589c54f3d5739,none,,toxinpred3_hybrid_score,numeric,false,de_novo_has_no_biological_parent,,,,0.0,,,,27c7ae9fd30e1b63372238fe966ac7a51c64f0e30e1d7e2b0715785376e8b14b
vegfa,e0150fdb71c2870aeb4bec61f279022597b0d48a1eb2d6a4c98faae903552a20,de_novo,0bac55530cf0ef1b5dae06564beb5c2ba3763bd50d4c9278c5b589c54f3d5739,none,,toxinpred3_label,categorical,false,de_novo_has_no_biological_parent,,,,Non-Toxin,,,,1bed1058a19644f655051cf0ca93cb002a445fc46e6260b31b56dd6254e1266c
vegfa,7661d7edab94ed3bd54981b5e0dfeab2e0fe6833a21d3ab62199b82be08308ff,masked_substitution,4e42af413ff7859421c886019a4eac26402ffee97d9966d85b88a45da258cd33,primary_parent,02e6e8a9041d1f5e02ded66ace7f1bf8353933cb460554f7d6d4f7827ee851e3,amp_read_log10_mic_um,numeric,true,same_frozen_numeric_contract,minimize,log10(uM),0.8502392420270765,1.0752059162871008,0.22496667426002437,-0.22496667426002437,true,47353e2eef707396194c67d88e040c4c1f2608db47bc67b1d1f37a88e5d90006
vegfa,7661d7edab94ed3bd54981b5e0dfeab2e0fe6833a21d3ab62199b82be08308ff,masked_substitution,4e42af413ff7859421c886019a4eac26402ffee97d9966d85b88a45da258cd33,primary_parent,02e6e8a9041d1f5e02ded66ace7f1bf8353933cb460554f7d6d4f7827ee851e3,guruprasad_instability_index,numeric,true,same_frozen_numeric_contract,minimize,index,-9.308695652173913,-10.982609,-1.6739133478260868,1.6739133478260868,true,17d15e58ac23ab9197d237bc3da70692f914a39ce1c57adae3e04edb704a30d8
vegfa,7661d7edab94ed3bd54981b5e0dfeab2e0fe6833a21d3ab62199b82be08308ff,masked_substitution,4e42af413ff7859421c886019a4eac26402ffee97d9966d85b88a45da258cd33,primary_parent,02e6e8a9041d1f5e02ded66ace7f1bf8353933cb460554f7d6d4f7827ee851e3,hydrophobic_moment_eisenberg,numeric,false,audit_metric_has_no_monotonic_improvement_direction,audit,dimensionless,0.14056582796750103,0.12132069254991133,-0.019245135417589695,,true,db9f92834e027051e4cd1fbbf2ac3ed128eea617617ab723792383e5ff293fc6
vegfa,7661d7edab94ed3bd54981b5e0dfeab2e0fe6833a21d3ab62199b82be08308ff,masked_substitution,4e42af413ff7859421c886019a4eac26402ffee97d9966d85b88a45da258cd33,primary_parent,02e6e8a9041d1f5e02ded66ace7f1bf8353933cb460554f7d6d4f7827ee851e3,hydrophobic_ratio_modlamp,numeric,false,audit_metric_has_no_monotonic_improvement_direction,audit,fraction,0.2608695652173913,0.2608695652173913,0.0,,false,58d12303fae64e9c1a7fc1595fa6c0d41f6f2071136ab829a112ca53e0e9b127
vegfa,7661d7edab94ed3bd54981b5e0dfeab2e0fe6833a21d3ab62199b82be08308ff,masked_substitution,4e42af413ff7859421c886019a4eac26402ffee97d9966d85b88a45da258cd33,primary_parent,02e6e8a9041d1f5e02ded66ace7f1bf8353933cb460554f7d6d4f7827ee851e3,llamp_log10_mic_um,numeric,true,same_frozen_numeric_contract,minimize,log10(uM),1.3610467910766602,1.4135808944702148,0.05253410339355469,-0.05253410339355469,true,985195162d60bc057ceee8f00a3a8ab04208d7348def94e7c7c734e32fe8d2f8
vegfa,7661d7edab94ed3bd54981b5e0dfeab2e0fe6833a21d3ab62199b82be08308ff,masked_substitution,4e42af413ff7859421c886019a4eac26402ffee97d9966d85b88a45da258cd33,primary_parent,02e6e8a9041d1f5e02ded66ace7f1bf8353933cb460554f7d6d4f7827ee851e3,macrel_amp_probability,numeric,true,same_frozen_numeric_contract,maximize,probability,0.584,0.438,-0.14599999999999996,-0.14599999999999996,true,9ff80bb060288eceb5d8e56755d820dc78d7be5beb130dd1c7beb76d57b6d443
vegfa,7661d7edab94ed3bd54981b5e0dfeab2e0fe6833a21d3ab62199b82be08308ff,masked_substitution,4e42af413ff7859421c886019a4eac26402ffee97d9966d85b88a45da258cd33,primary_parent,02e6e8a9041d1f5e02ded66ace7f1bf8353933cb460554f7d6d4f7827ee851e3,macrel_hemolysis_label,categorical,true,same_frozen_label_contract,audit,label,low,low,,,false,b96d2e4c946c7f22a492d1c6ef1f0cd6bae82f924d2c157bd5d3dbe2a778104e
vegfa,7661d7edab94ed3bd54981b5e0dfeab2e0fe6833a21d3ab62199b82be08308ff,masked_substitution,4e42af413ff7859421c886019a4eac26402ffee97d9966d85b88a45da258cd33,primary_parent,02e6e8a9041d1f5e02ded66ace7f1bf8353933cb460554f7d6d4f7827ee851e3,macrel_hemolysis_probability,numeric,true,same_frozen_numeric_contract,minimize,probability,0.465,0.416,-0.049000000000000044,0.049000000000000044,true,fe7ff04128bdb7d8391f3f176ca34315ae052aaf73469a727ae3bbc6cc214c01
vegfa,7661d7edab94ed3bd54981b5e0dfeab2e0fe6833a21d3ab62199b82be08308ff,masked_substitution,4e42af413ff7859421c886019a4eac26402ffee97d9966d85b88a45da258cd33,primary_parent,02e6e8a9041d1f5e02ded66ace7f1bf8353933cb460554f7d6d4f7827ee851e3,maximum_hydrophobic_run,numeric,true,same_frozen_numeric_contract,minimize,residues,2.0,2.0,0.0,-0.0,false,21fea1f1ec77f682b857c6019941a327be7b983505f5d90c83e74c835957787e
vegfa,7661d7edab94ed3bd54981b5e0dfeab2e0fe6833a21d3ab62199b82be08308ff,masked_substitution,4e42af413ff7859421c886019a4eac26402ffee97d9966d85b88a45da258cd33,primary_parent,02e6e8a9041d1f5e02ded66ace7f1bf8353933cb460554f7d6d4f7827ee851e3,net_charge_ph7_4,numeric,false,audit_metric_has_no_monotonic_improvement_direction,audit,elementary_charge,6.112,6.112,0.0,,false,45529a827d00dc050f14024bea00fa208dddaa690ecc12138a5f5dd019845c67
vegfa,7661d7edab94ed3bd54981b5e0dfeab2e0fe6833a21d3ab62199b82be08308ff,masked_substitution,4e42af413ff7859421c886019a4eac26402ffee97d9966d85b88a45da258cd33,primary_parent,02e6e8a9041d1f5e02ded66ace7f1bf8353933cb460554f7d6d4f7827ee851e3,toxinpred3_hybrid_score,numeric,true,same_frozen_numeric_contract,minimize,dimensionless,0.0,0.0,0.0,-0.0,false,5d2b3bbad180cbe09e67baf4cf27dcd92309349d53f8818342bc22c103870681
vegfa,7661d7edab94ed3bd54981b5e0dfeab2e0fe6833a21d3ab62199b82be08308ff,masked_substitution,4e42af413ff7859421c886019a4eac26402ffee97d9966d85b88a45da258cd33,primary_parent,02e6e8a9041d1f5e02ded66ace7f1bf8353933cb460554f7d6d4f7827ee851e3,toxinpred3_label,categorical,true,same_frozen_label_contract,audit,label,Non-Toxin,Non-Toxin,,,false,4afdedcd143473054749124324431b1d5d7d5a8f76802f8ade6c93685d717284
vegfa,d5883b1ef6b69f8c8d93e5a2cb1108267c6974da94572a6ee0bc39c440c64ea1,controlled_crossover,8edf1b71283b3f9ffc3cae2cf5759a0411bcece7a391dea2a732f249153e954c,primary_parent,dc6b9e097fdbb1cebc638561775ba07debfd2bcbae4b1e7dbb9a3812c90d1dda,amp_read_log10_mic_um,numeric,true,same_frozen_numeric_contract,minimize,log10(uM),1.4326805721868476,1.4357441600761103,0.0030635878892626422,-0.0030635878892626422,true,b6065dfdf263eef928d0db3a925832208c6c14a9fee55d5e88f7c2405727568d
vegfa,d5883b1ef6b69f8c8d93e5a2cb1108267c6974da94572a6ee0bc39c440c64ea1,controlled_crossover,8edf1b71283b3f9ffc3cae2cf5759a0411bcece7a391dea2a732f249153e954c,primary_parent,dc6b9e097fdbb1cebc638561775ba07debfd2bcbae4b1e7dbb9a3812c90d1dda,guruprasad_instability_index,numeric,true,same_frozen_numeric_contract,minimize,index,8.988461538461536,20.611538,11.623076461538464,-11.623076461538464,true,6e1b9613de1dcaea79c2e143061941f24ff3c1ce69c98c389e896ef7629d81c8
vegfa,d5883b1ef6b69f8c8d93e5a2cb1108267c6974da94572a6ee0bc39c440c64ea1,controlled_crossover,8edf1b71283b3f9ffc3cae2cf5759a0411bcece7a391dea2a732f249153e954c,primary_parent,dc6b9e097fdbb1cebc638561775ba07debfd2bcbae4b1e7dbb9a3812c90d1dda,hydrophobic_moment_eisenberg,numeric,false,audit_metric_has_no_monotonic_improvement_direction,audit,dimensionless,0.05669057760399849,0.12184156061659221,0.06515098301259373,,true,a56c7ba20a72cbc6e54fb292cfb1672e43c09eebc030e6bd0e01ff6ba76d2ac2
vegfa,d5883b1ef6b69f8c8d93e5a2cb1108267c6974da94572a6ee0bc39c440c64ea1,controlled_crossover,8edf1b71283b3f9ffc3cae2cf5759a0411bcece7a391dea2a732f249153e954c,primary_parent,dc6b9e097fdbb1cebc638561775ba07debfd2bcbae4b1e7dbb9a3812c90d1dda,hydrophobic_ratio_modlamp,numeric,false,audit_metric_has_no_monotonic_improvement_direction,audit,fraction,0.07692307692307693,0.038461538461538464,-0.038461538461538464,,true,dc99085e80324e33733734ae43d91e65412e41d9f6069a739410ac2825d14bae
vegfa,d5883b1ef6b69f8c8d93e5a2cb1108267c6974da94572a6ee0bc39c440c64ea1,controlled_crossover,8edf1b71283b3f9ffc3cae2cf5759a0411bcece7a391dea2a732f249153e954c,primary_parent,dc6b9e097fdbb1cebc638561775ba07debfd2bcbae4b1e7dbb9a3812c90d1dda,llamp_log10_mic_um,numeric,true,same_frozen_numeric_contract,minimize,log10(uM),0.7191438674926758,0.8656628131866455,0.14651894569396973,-0.14651894569396973,true,5f95b0660f8d74a12d0ccbd9ff6560f9574520936e63afdab35556e33f29f97b
vegfa,d5883b1ef6b69f8c8d93e5a2cb1108267c6974da94572a6ee0bc39c440c64ea1,controlled_crossover,8edf1b71283b3f9ffc3cae2cf5759a0411bcece7a391dea2a732f249153e954c,primary_parent,dc6b9e097fdbb1cebc638561775ba07debfd2bcbae4b1e7dbb9a3812c90d1dda,macrel_amp_probability,numeric,true,same_frozen_numeric_contract,maximize,probability,0.535,0.475,-0.06000000000000005,-0.06000000000000005,true,eebc744d6c25cd6c33c786e1029be5c6349192a4ec9d39661b98f4dda57ebe92
vegfa,d5883b1ef6b69f8c8d93e5a2cb1108267c6974da94572a6ee0bc39c440c64ea1,controlled_crossover,8edf1b71283b3f9ffc3cae2cf5759a0411bcece7a391dea2a732f249153e954c,primary_parent,dc6b9e097fdbb1cebc638561775ba07debfd2bcbae4b1e7dbb9a3812c90d1dda,macrel_hemolysis_label,categorical,true,same_frozen_label_contract,audit,label,low,high,,,true,f6348f52fec7479e09f0c0caa7dae1d31d98473ab0d8afb98d7320fdf24244d3
vegfa,d5883b1ef6b69f8c8d93e5a2cb1108267c6974da94572a6ee0bc39c440c64ea1,controlled_crossover,8edf1b71283b3f9ffc3cae2cf5759a0411bcece7a391dea2a732f249153e954c,primary_parent,dc6b9e097fdbb1cebc638561775ba07debfd2bcbae4b1e7dbb9a3812c90d1dda,macrel_hemolysis_probability,numeric,true,same_frozen_numeric_contract,minimize,probability,0.386,0.653,0.267,-0.267,true,33537041356458b3f483ec2706adf05f2b42b4fc27131d051f02df27e2ebf5c7
vegfa,d5883b1ef6b69f8c8d93e5a2cb1108267c6974da94572a6ee0bc39c440c64ea1,controlled_crossover,8edf1b71283b3f9ffc3cae2cf5759a0411bcece7a391dea2a732f249153e954c,primary_parent,dc6b9e097fdbb1cebc638561775ba07debfd2bcbae4b1e7dbb9a3812c90d1dda,maximum_hydrophobic_run,numeric,true,same_frozen_numeric_contract,minimize,residues,2.0,1.0,-1.0,1.0,true,6caa50948e4601a0fe809f59d0ac5b91b420c276646419a47a453d5681f11f14
vegfa,d5883b1ef6b69f8c8d93e5a2cb1108267c6974da94572a6ee0bc39c440c64ea1,controlled_crossover,8edf1b71283b3f9ffc3cae2cf5759a0411bcece7a391dea2a732f249153e954c,primary_parent,dc6b9e097fdbb1cebc638561775ba07debfd2bcbae4b1e7dbb9a3812c90d1dda,net_charge_ph7_4,numeric,false,audit_metric_has_no_monotonic_improvement_direction,audit,elementary_charge,9.152,12.193,3.0410000000000004,,true,f0db00e3756ffdc66e0c8753f12154a379f7e161ac8d151464344c1606c4505e
vegfa,d5883b1ef6b69f8c8d93e5a2cb1108267c6974da94572a6ee0bc39c440c64ea1,controlled_crossover,8edf1b71283b3f9ffc3cae2cf5759a0411bcece7a391dea2a732f249153e954c,primary_parent,dc6b9e097fdbb1cebc638561775ba07debfd2bcbae4b1e7dbb9a3812c90d1dda,toxinpred3_hybrid_score,numeric,true,same_frozen_numeric_contract,minimize,dimensionless,0.015,0.0,-0.015,0.015,true,0ea4a72c0f60f68d01152870fabc8e91770498aa4d25ae5b048f74d9341dbcb7
vegfa,d5883b1ef6b69f8c8d93e5a2cb1108267c6974da94572a6ee0bc39c440c64ea1,controlled_crossover,8edf1b71283b3f9ffc3cae2cf5759a0411bcece7a391dea2a732f249153e954c,primary_parent,dc6b9e097fdbb1cebc638561775ba07debfd2bcbae4b1e7dbb9a3812c90d1dda,toxinpred3_label,categorical,true,same_frozen_label_contract,audit,label,Non-Toxin,Non-Toxin,,,false,b844a5d0847a7733f99a5e5af7d89cea7efa50358cca65f4f6764bb1cfe6a2c3
vegfa,d5883b1ef6b69f8c8d93e5a2cb1108267c6974da94572a6ee0bc39c440c64ea1,controlled_crossover,8edf1b71283b3f9ffc3cae2cf5759a0411bcece7a391dea2a732f249153e954c,donor_parent,90426170c795adc7a19a8bcb473094cde2f6bb7dd59d350e474bf5e80ccd8d11,amp_read_log10_mic_um,numeric,true,same_frozen_numeric_contract,minimize,log10(uM),1.4839041353795337,1.4357441600761103,-0.04815997530342342,0.04815997530342342,true,f20f4005bb98f9d83c8b81820564afd8758a2d107d16c01eb7aec671d68eb2e5
vegfa,d5883b1ef6b69f8c8d93e5a2cb1108267c6974da94572a6ee0bc39c440c64ea1,controlled_crossover,8edf1b71283b3f9ffc3cae2cf5759a0411bcece7a391dea2a732f249153e954c,donor_parent,90426170c795adc7a19a8bcb473094cde2f6bb7dd59d350e474bf5e80ccd8d11,guruprasad_instability_index,numeric,true,same_frozen_numeric_contract,minimize,index,15.978260869565213,20.611538,4.633277130434786,-4.633277130434786,true,daca41370da6e3f481cf02858254e819f141e3b651a1d8164a5e1892deb7084b
vegfa,d5883b1ef6b69f8c8d93e5a2cb1108267c6974da94572a6ee0bc39c440c64ea1,controlled_crossover,8edf1b71283b3f9ffc3cae2cf5759a0411bcece7a391dea2a732f249153e954c,donor_parent,90426170c795adc7a19a8bcb473094cde2f6bb7dd59d350e474bf5e80ccd8d11,hydrophobic_moment_eisenberg,numeric,false,audit_metric_has_no_monotonic_improvement_direction,audit,dimensionless,0.20680764669634763,0.12184156061659221,-0.08496608607975542,,true,c42bb6cdcaf85fb317c2883aeaa47f5e0ad26748fd17becc981393425fb070f7
vegfa,d5883b1ef6b69f8c8d93e5a2cb1108267c6974da94572a6ee0bc39c440c64ea1,controlled_crossover,8edf1b71283b3f9ffc3cae2cf5759a0411bcece7a391dea2a732f249153e954c,donor_parent,90426170c795adc7a19a8bcb473094cde2f6bb7dd59d350e474bf5e80ccd8d11,hydrophobic_ratio_modlamp,numeric,false,audit_metric_has_no_monotonic_improvement_direction,audit,fraction,0.043478260869565216,0.038461538461538464,-0.0050167224080267525,,true,f8cbd6ccc19641ef3e7fe85862441554bdd9c342da8c903cb4597303ee5cee3c
vegfa,d5883b1ef6b69f8c8d93e5a2cb1108267c6974da94572a6ee0bc39c440c64ea1,controlled_crossover,8edf1b71283b3f9ffc3cae2cf5759a0411bcece7a391dea2a732f249153e954c,donor_parent,90426170c795adc7a19a8bcb473094cde2f6bb7dd59d350e474bf5e80ccd8d11,llamp_log10_mic_um,numeric,true,same_frozen_numeric_contract,minimize,log10(uM),0.7840491533279419,0.8656628131866455,0.08161365985870361,-0.08161365985870361,true,41510ad3955ba0ae0465f851cb4782500990b85d32d73fa8fd1fc7611c4274b8
vegfa,d5883b1ef6b69f8c8d93e5a2cb1108267c6974da94572a6ee0bc39c440c64ea1,controlled_crossover,8edf1b71283b3f9ffc3cae2cf5759a0411bcece7a391dea2a732f249153e954c,donor_parent,90426170c795adc7a19a8bcb473094cde2f6bb7dd59d350e474bf5e80ccd8d11,macrel_amp_probability,numeric,true,same_frozen_numeric_contract,maximize,probability,0.554,0.475,-0.07900000000000007,-0.07900000000000007,true,9b4ba9a3fdc3f54070aa19ccd42ea1cfa460588ef08ca3b52f540ee58d21e6fd
vegfa,d5883b1ef6b69f8c8d93e5a2cb1108267c6974da94572a6ee0bc39c440c64ea1,controlled_crossover,8edf1b71283b3f9ffc3cae2cf5759a0411bcece7a391dea2a732f249153e954c,donor_parent,90426170c795adc7a19a8bcb473094cde2f6bb7dd59d350e474bf5e80ccd8d11,macrel_hemolysis_label,categorical,true,same_frozen_label_contract,audit,label,low,high,,,true,fd324b1d030588fc565fc56bc296edc60a184ed9f656c2584dfd4f41ca497367
vegfa,d5883b1ef6b69f8c8d93e5a2cb1108267c6974da94572a6ee0bc39c440c64ea1,controlled_crossover,8edf1b71283b3f9ffc3cae2cf5759a0411bcece7a391dea2a732f249153e954c,donor_parent,90426170c795adc7a19a8bcb473094cde2f6bb7dd59d350e474bf5e80ccd8d11,macrel_hemolysis_probability,numeric,true,same_frozen_numeric_contract,minimize,probability,0.366,0.653,0.28700000000000003,-0.28700000000000003,true,eaf5d225bd2cb6eb83d5e3523399270da8d313d744b3fad3598ef1832689726b
vegfa,d5883b1ef6b69f8c8d93e5a2cb1108267c6974da94572a6ee0bc39c440c64ea1,controlled_crossover,8edf1b71283b3f9ffc3cae2cf5759a0411bcece7a391dea2a732f249153e954c,donor_parent,90426170c795adc7a19a8bcb473094cde2f6bb7dd59d350e474bf5e80ccd8d11,maximum_hydrophobic_run,numeric,true,same_frozen_numeric_contract,minimize,residues,1.0,1.0,0.0,-0.0,false,dc4aeec3fc7b3df8fc0b2f91a586bcd28858f66d3a5b6fcd45036e4ec9278a17
vegfa,d5883b1ef6b69f8c8d93e5a2cb1108267c6974da94572a6ee0bc39c440c64ea1,controlled_crossover,8edf1b71283b3f9ffc3cae2cf5759a0411bcece7a391dea2a732f249153e954c,donor_parent,90426170c795adc7a19a8bcb473094cde2f6bb7dd59d350e474bf5e80ccd8d11,net_charge_ph7_4,numeric,false,audit_metric_has_no_monotonic_improvement_direction,audit,elementary_charge,6.236,12.193,5.957,,true,0b5351b76293e5e229fe13b9db8000991fd0652c74f047ec209c2daf27c5f60d
vegfa,d5883b1ef6b69f8c8d93e5a2cb1108267c6974da94572a6ee0bc39c440c64ea1,controlled_crossover,8edf1b71283b3f9ffc3cae2cf5759a0411bcece7a391dea2a732f249153e954c,donor_parent,90426170c795adc7a19a8bcb473094cde2f6bb7dd59d350e474bf5e80ccd8d11,toxinpred3_hybrid_score,numeric,true,same_frozen_numeric_contract,minimize,dimensionless,0.345,0.0,-0.345,0.345,true,3a03a17b846c6259508781c9070995824474f7dcf3a3cbc65f47e3c796251b78
vegfa,d5883b1ef6b69f8c8d93e5a2cb1108267c6974da94572a6ee0bc39c440c64ea1,controlled_crossover,8edf1b71283b3f9ffc3cae2cf5759a0411bcece7a391dea2a732f249153e954c,donor_parent,90426170c795adc7a19a8bcb473094cde2f6bb7dd59d350e474bf5e80ccd8d11,toxinpred3_label,categorical,true,same_frozen_label_contract,audit,label,Non-Toxin,Non-Toxin,,,false,86346d02ab556f301f2321eb1393a7ff296f50b053568a9c605ccd4f8ce77bd5
vegfa,1ae5065813659da1f49d827826ec984d91fe6a21435a5bf53e2a605b76012a2b,de_novo,12af41d82d37096fa6b767ff2ba047d9ed973ee160cff6edca2fdaa170756a1e,none,,amp_read_log10_mic_um,numeric,false,de_novo_has_no_biological_parent,,,,1.8596685051201618,,,,effc7830bdb0340a686a66167b4d0e218db24d918a62359f5cd4f495d69ad619
vegfa,1ae5065813659da1f49d827826ec984d91fe6a21435a5bf53e2a605b76012a2b,de_novo,12af41d82d37096fa6b767ff2ba047d9ed973ee160cff6edca2fdaa170756a1e,none,,guruprasad_instability_index,numeric,false,de_novo_has_no_biological_parent,,,,-11.254545,,,,b5b5fcc25ae590bb91726f9a84820d813d5f6eb857395bfeb4377dd97bd314a9
vegfa,1ae5065813659da1f49d827826ec984d91fe6a21435a5bf53e2a605b76012a2b,de_novo,12af41d82d37096fa6b767ff2ba047d9ed973ee160cff6edca2fdaa170756a1e,none,,hydrophobic_moment_eisenberg,numeric,false,de_novo_has_no_biological_parent,,,,0.1661209026996427,,,,a3cf44f6361f51545a07b7ae154db0bd16631f6b1fe24f7c0129085a6b62b06e
vegfa,1ae5065813659da1f49d827826ec984d91fe6a21435a5bf53e2a605b76012a2b,de_novo,12af41d82d37096fa6b767ff2ba047d9ed973ee160cff6edca2fdaa170756a1e,none,,hydrophobic_ratio_modlamp,numeric,false,de_novo_has_no_biological_parent,,,,0.13636363636363635,,,,2703d5d306d582ee7802f784e024bb5138d56f11b381919907f0111654b47ea2
vegfa,1ae5065813659da1f49d827826ec984d91fe6a21435a5bf53e2a605b76012a2b,de_novo,12af41d82d37096fa6b767ff2ba047d9ed973ee160cff6edca2fdaa170756a1e,none,,llamp_log10_mic_um,numeric,false,de_novo_has_no_biological_parent,,,,1.7562501430511475,,,,5975ba00c79db16a4c8b76b431bef5b781ba8586cb41553dcbe8200412d0f611
vegfa,1ae5065813659da1f49d827826ec984d91fe6a21435a5bf53e2a605b76012a2b,de_novo,12af41d82d37096fa6b767ff2ba047d9ed973ee160cff6edca2fdaa170756a1e,none,,macrel_amp_probability,numeric,false,de_novo_has_no_biological_parent,,,,0.347,,,,13c2516e39b45754690488aace9de96f39bc6322624a9d5bd9d68577e42af463
vegfa,1ae5065813659da1f49d827826ec984d91fe6a21435a5bf53e2a605b76012a2b,de_novo,12af41d82d37096fa6b767ff2ba047d9ed973ee160cff6edca2fdaa170756a1e,none,,macrel_hemolysis_label,categorical,false,de_novo_has_no_biological_parent,,,,low,,,,f775b8d36663ae9101103b6d1089c57032854b082d5b22abf64d2f7c157dba50
vegfa,1ae5065813659da1f49d827826ec984d91fe6a21435a5bf53e2a605b76012a2b,de_novo,12af41d82d37096fa6b767ff2ba047d9ed973ee160cff6edca2fdaa170756a1e,none,,macrel_hemolysis_probability,numeric,false,de_novo_has_no_biological_parent,,,,0.356,,,,68da75c8457d0db55e72afc1e5c32ce2235f02d6f80d1d27af6766bea3b1c46a
vegfa,1ae5065813659da1f49d827826ec984d91fe6a21435a5bf53e2a605b76012a2b,de_novo,12af41d82d37096fa6b767ff2ba047d9ed973ee160cff6edca2fdaa170756a1e,none,,maximum_hydrophobic_run,numeric,false,de_novo_has_no_biological_parent,,,,1,,,,e2460f019ca6bdb5e5fe5fef0b2aa1a10950e7bed41bfa4f6a558b81713b019f
vegfa,1ae5065813659da1f49d827826ec984d91fe6a21435a5bf53e2a605b76012a2b,de_novo,12af41d82d37096fa6b767ff2ba047d9ed973ee160cff6edca2fdaa170756a1e,none,,net_charge_ph7_4,numeric,false,de_novo_has_no_biological_parent,,,,7.986,,,,b0d9448fd90b55fd7a171604ceba35ea1564eac112fed63a731538c129a89dba
vegfa,1ae5065813659da1f49d827826ec984d91fe6a21435a5bf53e2a605b76012a2b,de_novo,12af41d82d37096fa6b767ff2ba047d9ed973ee160cff6edca2fdaa170756a1e,none,,toxinpred3_hybrid_score,numeric,false,de_novo_has_no_biological_parent,,,,0.455,,,,cd7db61eafc403b6e25863bd060a8787d1a26310763771e0db9d5665413f3a34
vegfa,1ae5065813659da1f49d827826ec984d91fe6a21435a5bf53e2a605b76012a2b,de_novo,12af41d82d37096fa6b767ff2ba047d9ed973ee160cff6edca2fdaa170756a1e,none,,toxinpred3_label,categorical,false,de_novo_has_no_biological_parent,,,,Toxin,,,,8778e1a417012905c4ffbe30c31c4fa8ba6d69f1b599eda5e0399c16f15340d8
vegfa,aa229dc111a5934cc1f18ab5468d1dc1aaf6940247868e900e31722e597dd392,de_novo,4858c479b8f99374450068584c1cf5b6d94b7e46819009c064a450a0148a380d,none,,amp_read_log10_mic_um,numeric,false,de_novo_has_no_biological_parent,,,,2.308027299771626,,,,cb89c7ee3ef0530e4a3e51b8a963aff2406750a8cb75c6db3e173eadc14d2593
vegfa,aa229dc111a5934cc1f18ab5468d1dc1aaf6940247868e900e31722e597dd392,de_novo,4858c479b8f99374450068584c1cf5b6d94b7e46819009c064a450a0148a380d,none,,guruprasad_instability_index,numeric,false,de_novo_has_no_biological_parent,,,,22.363636,,,,11cbb12f70e417808742c1e50767e2cb1a1953ee243e1b081f150b5744e7d760
vegfa,aa229dc111a5934cc1f18ab5468d1dc1aaf6940247868e900e31722e597dd392,de_novo,4858c479b8f99374450068584c1cf5b6d94b7e46819009c064a450a0148a380d,none,,hydrophobic_moment_eisenberg,numeric,false,de_novo_has_no_biological_parent,,,,0.4295561001727051,,,,025a003866cb1dc01b57a0fbdcd26d71b7a854403c0eb13ebac145ce4a17ec96
vegfa,aa229dc111a5934cc1f18ab5468d1dc1aaf6940247868e900e31722e597dd392,de_novo,4858c479b8f99374450068584c1cf5b6d94b7e46819009c064a450a0148a380d,none,,hydrophobic_ratio_modlamp,numeric,false,de_novo_has_no_biological_parent,,,,0.22727272727272727,,,,94274c95ac0b31fb101cd38f70fe8c8ec34f1b16efabffa511247588e7d719b1
vegfa,aa229dc111a5934cc1f18ab5468d1dc1aaf6940247868e900e31722e597dd392,de_novo,4858c479b8f99374450068584c1cf5b6d94b7e46819009c064a450a0148a380d,none,,llamp_log10_mic_um,numeric,false,de_novo_has_no_biological_parent,,,,2.0176634788513184,,,,562acb88deb00277023469d97edbb12a6cd1078f24d9b499346e09fe8da3bcc0
vegfa,aa229dc111a5934cc1f18ab5468d1dc1aaf6940247868e900e31722e597dd392,de_novo,4858c479b8f99374450068584c1cf5b6d94b7e46819009c064a450a0148a380d,none,,macrel_amp_probability,numeric,false,de_novo_has_no_biological_parent,,,,0.495,,,,52bbbc1f1f91f23dbf6dc34bab765d16b5ce6d0325f90f3a626af550f6a288cf
vegfa,aa229dc111a5934cc1f18ab5468d1dc1aaf6940247868e900e31722e597dd392,de_novo,4858c479b8f99374450068584c1cf5b6d94b7e46819009c064a450a0148a380d,none,,macrel_hemolysis_label,categorical,false,de_novo_has_no_biological_parent,,,,high,,,,283fe5936de55485b2731076ce9bc409af0118fe3fe97c428d5ac87c31f3f889
vegfa,aa229dc111a5934cc1f18ab5468d1dc1aaf6940247868e900e31722e597dd392,de_novo,4858c479b8f99374450068584c1cf5b6d94b7e46819009c064a450a0148a380d,none,,macrel_hemolysis_probability,numeric,false,de_novo_has_no_biological_parent,,,,0.653,,,,542d9054638fe2677ef2da1bf968ed629c0c8738a2f0bc51e13ea6dd48766ea7
vegfa,aa229dc111a5934cc1f18ab5468d1dc1aaf6940247868e900e31722e597dd392,de_novo,4858c479b8f99374450068584c1cf5b6d94b7e46819009c064a450a0148a380d,none,,maximum_hydrophobic_run,numeric,false,de_novo_has_no_biological_parent,,,,2,,,,b9d35227c307886f9a3a4097249a8d5225a21b6abe9734695487d9f7963aa0d3
vegfa,aa229dc111a5934cc1f18ab5468d1dc1aaf6940247868e900e31722e597dd392,de_novo,4858c479b8f99374450068584c1cf5b6d94b7e46819009c064a450a0148a380d,none,,net_charge_ph7_4,numeric,false,de_novo_has_no_biological_parent,,,,6.984,,,,15e09470550b0f947c046074380d99b6d299e232b7a0cbd52450faeb81b26b2d
vegfa,aa229dc111a5934cc1f18ab5468d1dc1aaf6940247868e900e31722e597dd392,de_novo,4858c479b8f99374450068584c1cf5b6d94b7e46819009c064a450a0148a380d,none,,toxinpred3_hybrid_score,numeric,false,de_novo_has_no_biological_parent,,,,0.425,,,,cc65864aab1cc528d0f0c8139d8a8444eb826260d0da764ab77a56e028d4b653
vegfa,aa229dc111a5934cc1f18ab5468d1dc1aaf6940247868e900e31722e597dd392,de_novo,4858c479b8f99374450068584c1cf5b6d94b7e46819009c064a450a0148a380d,none,,toxinpred3_label,categorical,false,de_novo_has_no_biological_parent,,,,Toxin,,,,32e8a6d6298a2abe52b552a1b22c507fb7557729002097e42c8cfda2828f8c87
