branch_key,generation,action_type,operator_id,action_sha256,parent_candidate_id,parent_sequence_sha256,parent_sequence,parent_macrel_amp_probability,family_key_80_80,family_representative_sequence,new_family_relative_to_all_references,diversity_qualified,edit_position_1based,edit,sequence,sequence_sha256,candidate_id,guruprasad_instability_index,maximum_hydrophobic_run,hydrophobic_fraction,net_charge_ph7_4,historical_exact_replay,score_all_status,molecular_weight_da,isoelectric_point,hydrophobic_ratio_modlamp,hydrophobic_moment_eisenberg,macrel_amp_probability,macrel_hemolysis_probability,macrel_hemolysis_label,toxinpred3_ml_score,toxinpred3_hybrid_score,toxinpred3_label,macrel_amp_probability_gain,safety_hard_gate_pass,macrel_gain_positive,full_score_shortlist
acea,6,masked_substitution,autoresearch-macrel-endpoint-rescue-v1,323aee8695f34c020e7de3cf6b9c96a34835bbf5f756c1c78f09c60a5da8c69e,38ce71881832b80db5c156222fe40039ff0447f844bb3b7f5a85f2889b7c8fc2,38ce71881832b80db5c156222fe40039ff0447f844bb3b7f5a85f2889b7c8fc2,WETRKKKKGKGGKGFDVRRVG,0.342,seqfam80_c0d10ee076cb2bf3d881,WETRKKKKGKGGKKFDVRRVG,false,false,13,K13F,WETRKKKKGKGGFGFDVRRVG,99b265dbccd769007f45d92326d52bf45f2663a06c69194859a387a920727c4f,activity-rescue-99b265dbccd769007f45,32.38095238095239,1,0.23809523809523808,5.988,false,search_prefilter,2436.82,11.5205078125,0.19047619047619047,0.2563530763784015,0.559,0.238,low,0.365,0.0,Non-Toxin,0.21700000000000003,true,true,true
acea,6,masked_substitution,autoresearch-macrel-endpoint-rescue-v1,19ae1a5f983f340dde3116000f7068e46036a564bfc5ddc8ca42aae699da027d,25433306e0fad434fed3662cd954138dff1440e2cbb9ceacbd696c36edbd164f,25433306e0fad434fed3662cd954138dff1440e2cbb9ceacbd696c36edbd164f,WETRKGKKGKGGKKFDVRRVG,0.332,seqfam80_c0d10ee076cb2bf3d881,WETRKKKKGKGGKKFDVRRVG,false,false,10,K10F,WETRKGKKGFGGKKFDVRRVG,7bcb6be33ffaddeeb2e22e5af943644f08801690495cf3928bc96b05eeeb415e,activity-rescue-7bcb6be33ffaddeeb2e2,28.338095238095235,1,0.23809523809523808,5.988,false,search_prefilter,2436.82,11.5205078125,0.19047619047619047,0.3045788483423998,0.54,0.248,low,0.375,0.375,Non-Toxin,0.20800000000000002,true,true,true
acea,6,masked_substitution,autoresearch-macrel-endpoint-rescue-v1,ea021ef5441c4544e87071da115b1d12f76fa27669cb4b7682219e7de5be51d5,6e01943f86dd79b1576f8e8cd4e5181743ddc553e630f2d86614cc7da2245894,6e01943f86dd79b1576f8e8cd4e5181743ddc553e630f2d86614cc7da2245894,WETRGKKKGKGGKKFDVRRVG,0.332,seqfam80_c0d10ee076cb2bf3d881,WETRKKKKGKGGKKFDVRRVG,false,false,14,K14W,WETRGKKKGKGGKWFDVRRVG,c1ff1656626aee5ea5865b938c914a84f2fe3a1b283179a0c5ba6f336a245781,activity-rescue-c1ff1656626aee5ea586,20.25238095238095,2,0.23809523809523808,5.988,false,search_prefilter,2475.86,11.5205078125,0.14285714285714285,0.15192064627750865,0.53,0.307,low,0.39,0.0,Non-Toxin,0.198,true,true,true
acea,6,masked_substitution,autoresearch-macrel-endpoint-rescue-v1,09b27687cdfcd1895ec7b3a0c8718d86ecbad34eba89fc8ccad4cc6114819cce,6e01943f86dd79b1576f8e8cd4e5181743ddc553e630f2d86614cc7da2245894,6e01943f86dd79b1576f8e8cd4e5181743ddc553e630f2d86614cc7da2245894,WETRGKKKGKGGKKFDVRRVG,0.332,seqfam80_c0d10ee076cb2bf3d881,WETRKKKKGKGGKKFDVRRVG,false,false,14,K14Y,WETRGKKKGKGGKYFDVRRVG,907bbd5fda9016cdfce3f3d1c473863157578c49c91abbfac150f6633a8d6a4b,activity-rescue-907bbd5fda9016cdfce3,20.25238095238095,2,0.23809523809523808,5.986,false,search_prefilter,2452.82,11.163330078125,0.14285714285714285,0.16735468196220116,0.53,0.307,low,0.36,0.36,Non-Toxin,0.198,true,true,true
acea,6,masked_substitution,autoresearch-macrel-endpoint-rescue-v1,e2477c06bd41e982066fdb7a74aef138fc9d224a364daec2a14cb634b513534d,25433306e0fad434fed3662cd954138dff1440e2cbb9ceacbd696c36edbd164f,25433306e0fad434fed3662cd954138dff1440e2cbb9ceacbd696c36edbd164f,WETRKGKKGKGGKKFDVRRVG,0.332,seqfam80_c0d10ee076cb2bf3d881,WETRKKKKGKGGKKFDVRRVG,false,false,13,K13Y,WETRKGKKGKGGYKFDVRRVG,69129f18c20bc6a5cf475b68178f67aca47ad736afd5f37e72a86768ffb6a05c,activity-rescue-69129f18c20bc6a5cf47,20.25238095238095,1,0.23809523809523808,5.986,false,search_prefilter,2452.82,11.163330078125,0.14285714285714285,0.31839231361051634,0.52,0.307,low,0.3,0.3,Non-Toxin,0.188,true,true,true
acea,6,masked_substitution,autoresearch-macrel-endpoint-rescue-v1,f9903f783788d5c69775ce5df3b569bb3179d0f43adbcb4d070cb9d481911db4,38ce71881832b80db5c156222fe40039ff0447f844bb3b7f5a85f2889b7c8fc2,38ce71881832b80db5c156222fe40039ff0447f844bb3b7f5a85f2889b7c8fc2,WETRKKKKGKGGKGFDVRRVG,0.342,seqfam80_c0d10ee076cb2bf3d881,WETRKKKKGKGGKKFDVRRVG,false,false,10,K10F,WETRKKKKGFGGKGFDVRRVG,b63662edd79ba2ac2bd0af09646bda56ce4e00be8f9d6eb92c34432ad27e4899,activity-rescue-b63662edd79ba2ac2bd0,32.38095238095239,1,0.23809523809523808,5.988,false,search_prefilter,2436.82,11.5205078125,0.19047619047619047,0.23201370419522788,0.52,0.238,low,0.365,0.365,Non-Toxin,0.178,true,true,true
acea,6,masked_substitution,autoresearch-macrel-endpoint-rescue-v1,c39af22146b27029717a3238488bed41b10329397b3c486907df160a34db0781,6e01943f86dd79b1576f8e8cd4e5181743ddc553e630f2d86614cc7da2245894,6e01943f86dd79b1576f8e8cd4e5181743ddc553e630f2d86614cc7da2245894,WETRGKKKGKGGKKFDVRRVG,0.332,seqfam80_c0d10ee076cb2bf3d881,WETRKKKKGKGGKKFDVRRVG,false,false,13,K13Y,WETRGKKKGKGGYKFDVRRVG,0978535dd26b77a2a53682af7992459a234b325feab9cb3d406f773504084415,activity-rescue-0978535dd26b77a2a536,20.25238095238095,1,0.23809523809523808,5.986,false,search_prefilter,2452.82,11.163330078125,0.14285714285714285,0.294612227612378,0.51,0.317,low,0.32,0.32,Non-Toxin,0.178,true,true,true
acea,6,masked_substitution,autoresearch-macrel-endpoint-rescue-v1,89075306f1eace7fa0799a4b0392c24e91dbcb20e0bdfa754a5f7dd8a258a91e,6e01943f86dd79b1576f8e8cd4e5181743ddc553e630f2d86614cc7da2245894,6e01943f86dd79b1576f8e8cd4e5181743ddc553e630f2d86614cc7da2245894,WETRGKKKGKGGKKFDVRRVG,0.332,seqfam80_c0d10ee076cb2bf3d881,WETRKKKKGKGGKKFDVRRVG,false,false,10,K10Y,WETRGKKKGYGGKKFDVRRVG,0f08fa41d00e7772e548bec6d9f986c93f6efce54620da2ffb5ddb60de4c9bef,activity-rescue-0f08fa41d00e7772e548,20.25238095238095,1,0.23809523809523808,5.986,false,search_prefilter,2452.82,11.163330078125,0.14285714285714285,0.22213991812996,0.51,0.297,low,0.335,0.335,Non-Toxin,0.178,true,true,true
acea,6,masked_substitution,autoresearch-macrel-endpoint-rescue-v1,4721589aefbecddde5499183425eb775c83714aeac7732e5777334d26c15c0ac,25433306e0fad434fed3662cd954138dff1440e2cbb9ceacbd696c36edbd164f,25433306e0fad434fed3662cd954138dff1440e2cbb9ceacbd696c36edbd164f,WETRKGKKGKGGKKFDVRRVG,0.332,seqfam80_c0d10ee076cb2bf3d881,WETRKKKKGKGGKKFDVRRVG,false,false,14,K14F,WETRKGKKGKGGKFFDVRRVG,9de8af06aafdc24629d8c3ee09477b0c52883d675b52c4557df014e7bffd4e9c,activity-rescue-9de8af06aafdc24629d8,20.25238095238095,2,0.23809523809523808,5.988,false,search_prefilter,2436.82,11.5205078125,0.19047619047619047,0.22658913319707338,0.51,0.307,low,0.375,0.375,Non-Toxin,0.178,true,true,true
acea,6,masked_substitution,autoresearch-macrel-endpoint-rescue-v1,15f2bfe046680cd9d5337ec8a42a0843163ba236e7b0356f67b5450c7daa8fb9,25433306e0fad434fed3662cd954138dff1440e2cbb9ceacbd696c36edbd164f,25433306e0fad434fed3662cd954138dff1440e2cbb9ceacbd696c36edbd164f,WETRKGKKGKGGKKFDVRRVG,0.332,seqfam80_c0d10ee076cb2bf3d881,WETRKKKKGKGGKKFDVRRVG,false,false,10,K10Y,WETRKGKKGYGGKKFDVRRVG,e09f74ce15b622e0bdcc43b5d13d1ecc1bdc1a6a98c500118306bb1135780e51,activity-rescue-e09f74ce15b622e0bdcc,20.25238095238095,1,0.23809523809523808,5.986,false,search_prefilter,2452.82,11.163330078125,0.14285714285714285,0.27573551248906564,0.51,0.297,low,0.315,0.315,Non-Toxin,0.178,true,true,true
acea,6,masked_substitution,autoresearch-macrel-endpoint-rescue-v1,35a956dcbbcdfc0001bcb4c55659ba751c98aed70bc5178c31d9de2402bb57f4,25433306e0fad434fed3662cd954138dff1440e2cbb9ceacbd696c36edbd164f,25433306e0fad434fed3662cd954138dff1440e2cbb9ceacbd696c36edbd164f,WETRKGKKGKGGKKFDVRRVG,0.332,seqfam80_c0d10ee076cb2bf3d881,WETRKKKKGKGGKKFDVRRVG,false,false,5,K5L,WETRLGKKGKGGKKFDVRRVG,45b6ef885d55ea0b1a30fcbb02ff6a849a29d0a526266a216aa5af1c3b68238b,activity-rescue-45b6ef885d55ea0b1a30,24.295238095238094,1,0.23809523809523808,5.988,false,search_prefilter,2402.8,11.5205078125,0.19047619047619047,0.30113743652331454,0.51,0.307,low,0.4,0.0,Non-Toxin,0.178,true,true,true
acea,6,masked_substitution,autoresearch-macrel-endpoint-rescue-v1,f147184b66e859cae18892a13ef974dd937213f4d136ddfdd1e934f47d6dd2a3,6e01943f86dd79b1576f8e8cd4e5181743ddc553e630f2d86614cc7da2245894,6e01943f86dd79b1576f8e8cd4e5181743ddc553e630f2d86614cc7da2245894,WETRGKKKGKGGKKFDVRRVG,0.332,seqfam80_c0d10ee076cb2bf3d881,WETRKKKKGKGGKKFDVRRVG,false,false,7,K7F,WETRGKFKGKGGKKFDVRRVG,3944be7078cabee482de362823ae5b199e48844eb146dd2d7f89bda5b766c1d9,activity-rescue-3944be7078cabee482de,13.095238095238091,1,0.23809523809523808,5.988,false,search_prefilter,2436.82,11.5205078125,0.19047619047619047,0.10988114936680578,0.505,0.386,low,0.35,0.35,Non-Toxin,0.173,true,true,true
acea,6,masked_substitution,autoresearch-macrel-endpoint-rescue-v1,552ac896ae6646fff17e3d99409ffc3d7c35ee7a5dacf13723bbbb02043425ef,6e01943f86dd79b1576f8e8cd4e5181743ddc553e630f2d86614cc7da2245894,6e01943f86dd79b1576f8e8cd4e5181743ddc553e630f2d86614cc7da2245894,WETRGKKKGKGGKKFDVRRVG,0.332,seqfam80_c0d10ee076cb2bf3d881,WETRKKKKGKGGKKFDVRRVG,false,false,7,K7Y,WETRGKYKGKGGKKFDVRRVG,e073b6246aad6f710921f434c71a7d46bebfc7c0d526dbf13f8811ac17893506,activity-rescue-e073b6246aad6f710921,20.25238095238095,1,0.23809523809523808,5.986,false,search_prefilter,2452.82,11.163330078125,0.14285714285714285,0.15023020279788413,0.505,0.347,low,0.355,0.355,Non-Toxin,0.173,true,true,true
acea,6,masked_substitution,autoresearch-macrel-endpoint-rescue-v1,4c7a3c0a0532c97f6389e0bdc98be491c847f756a745fdfced8d31f01fbfb7eb,25433306e0fad434fed3662cd954138dff1440e2cbb9ceacbd696c36edbd164f,25433306e0fad434fed3662cd954138dff1440e2cbb9ceacbd696c36edbd164f,WETRKGKKGKGGKKFDVRRVG,0.332,seqfam80_c0d10ee076cb2bf3d881,WETRKKKKGKGGKKFDVRRVG,false,false,13,K13F,WETRKGKKGKGGFKFDVRRVG,c8de9003432a82de7702c02114f7528fa495acf3f48151210d43268b045a02d4,activity-rescue-c8de9003432a82de7702,17.13809523809524,1,0.23809523809523808,5.988,false,search_prefilter,2436.82,11.5205078125,0.19047619047619047,0.36283281238629383,0.505,0.337,low,0.37,0.37,Non-Toxin,0.173,true,true,true
acea,6,masked_substitution,autoresearch-macrel-endpoint-rescue-v1,84b1d943273d12b78b690c7edfa31bb76f4c080a2e6b6ff8ac087c13e5a9ac59,25433306e0fad434fed3662cd954138dff1440e2cbb9ceacbd696c36edbd164f,25433306e0fad434fed3662cd954138dff1440e2cbb9ceacbd696c36edbd164f,WETRKGKKGKGGKKFDVRRVG,0.332,seqfam80_c0d10ee076cb2bf3d881,WETRKKKKGKGGKKFDVRRVG,false,false,8,K8Y,WETRKGKYGKGGKKFDVRRVG,473d64e7b4cec74c35f95a3ff7e78158a66f07021aa4a02baa538bfc21ef8511,activity-rescue-473d64e7b4cec74c35f9,20.25238095238095,1,0.23809523809523808,5.986,false,search_prefilter,2452.82,11.163330078125,0.14285714285714285,0.19257166451924226,0.505,0.327,low,0.34,0.34,Non-Toxin,0.173,true,true,true
acea,6,masked_substitution,autoresearch-macrel-endpoint-rescue-v1,217709ead15d66a4b349fc443bd7c3f8aa79c4ae2849967915120c01168bd413,98a7157f13468de08bb141ea0cc3b6f292d6782f2ce393d78008daa8cc099d32,98a7157f13468de08bb141ea0cc3b6f292d6782f2ce393d78008daa8cc099d32,WETRKKKAGKGGKKFDVRRVG,0.351,seqfam80_c0d10ee076cb2bf3d881,WETRKKKKGKGGKKFDVRRVG,false,false,6,K6W,WETRKWKAGKGGKKFDVRRVG,7becdb4ac5ca2f8eb73702ac60a10caa25c33e36219da52aebc0eb34bc1b8508,activity-rescue-7becdb4ac5ca2f8eb737,32.38095238095239,1,0.2857142857142857,5.988,false,search_prefilter,2489.88,11.5205078125,0.19047619047619047,0.1968094290244904,0.52,0.277,low,0.505,0.005,Non-Toxin,0.16900000000000004,true,true,true
acea,6,masked_substitution,autoresearch-macrel-endpoint-rescue-v1,5229877ed54d14d9a0f994c1517c26b64d5971701b24ec07376495e38002177d,38ce71881832b80db5c156222fe40039ff0447f844bb3b7f5a85f2889b7c8fc2,38ce71881832b80db5c156222fe40039ff0447f844bb3b7f5a85f2889b7c8fc2,WETRKKKKGKGGKGFDVRRVG,0.342,seqfam80_c0d10ee076cb2bf3d881,WETRKKKKGKGGKKFDVRRVG,false,false,4,R4L,WETLKKKKGKGGKGFDVRRVG,9562aad913a27599bd10649c6c5b0a7d3f1e09e7aca233a28ef50bdf2654a6a6,activity-rescue-9562aad913a27599bd10,20.25238095238095,1,0.23809523809523808,5.987,false,search_prefilter,2374.79,11.25537109375,0.19047619047619047,0.048698046478770414,0.51,0.317,low,0.47,0.0,Non-Toxin,0.16799999999999998,true,true,true
acea,6,masked_substitution,autoresearch-macrel-endpoint-rescue-v1,de28caed78e4a0d61f38a5b8096c970001e92db51cbea748ffd69499fd677a73,38ce71881832b80db5c156222fe40039ff0447f844bb3b7f5a85f2889b7c8fc2,38ce71881832b80db5c156222fe40039ff0447f844bb3b7f5a85f2889b7c8fc2,WETRKKKKGKGGKGFDVRRVG,0.342,seqfam80_c0d10ee076cb2bf3d881,WETRKKKKGKGGKKFDVRRVG,false,false,13,K13L,WETRKKKKGKGGLGFDVRRVG,abd1fe4fc8db867aa05cd29f8d3f2a6fb7b4a91afd67607788e4fb9e5eb47257,activity-rescue-abd1fe4fc8db867aa05c,32.38095238095239,1,0.23809523809523808,5.988,false,search_prefilter,2402.81,11.5205078125,0.19047619047619047,0.25160588533811695,0.51,0.257,low,0.38,0.0,Non-Toxin,0.16799999999999998,true,true,true
acea,6,masked_substitution,autoresearch-macrel-endpoint-rescue-v1,edb1edef2ad33c0a8518a5876bbae76fca873f2caf506a74658d21509c4b1b7d,6e01943f86dd79b1576f8e8cd4e5181743ddc553e630f2d86614cc7da2245894,6e01943f86dd79b1576f8e8cd4e5181743ddc553e630f2d86614cc7da2245894,WETRGKKKGKGGKKFDVRRVG,0.332,seqfam80_c0d10ee076cb2bf3d881,WETRKKKKGKGGKKFDVRRVG,false,false,4,R4I,WETIGKKKGKGGKKFDVRRVG,877e09fe07c9fa63f87fd16698a68ae1f15d0a450bc14a4d5eb69c9b94bd4312,activity-rescue-877e09fe07c9fa63f87f,24.295238095238094,1,0.23809523809523808,5.987,false,search_prefilter,2374.79,11.25537109375,0.19047619047619047,0.16777852079427727,0.5,0.327,low,0.375,0.375,Non-Toxin,0.16799999999999998,true,true,true
acea,6,masked_substitution,autoresearch-macrel-endpoint-rescue-v1,101491e443f0fc64a293dc2999aacd6d896bc4871afb03b8fd645b6f91129953,6e01943f86dd79b1576f8e8cd4e5181743ddc553e630f2d86614cc7da2245894,6e01943f86dd79b1576f8e8cd4e5181743ddc553e630f2d86614cc7da2245894,WETRGKKKGKGGKKFDVRRVG,0.332,seqfam80_c0d10ee076cb2bf3d881,WETRKKKKGKGGKKFDVRRVG,false,false,4,R4L,WETLGKKKGKGGKKFDVRRVG,eb2f07e4cade3c0ef14f3500efd83ddde2a11f6002c40c8ca8293e48620f0cd7,activity-rescue-eb2f07e4cade3c0ef14f,24.295238095238094,1,0.23809523809523808,5.987,false,search_prefilter,2374.79,11.25537109375,0.19047619047619047,0.16616816060118775,0.5,0.327,low,0.425,0.0,Non-Toxin,0.16799999999999998,true,true,true
acea,6,masked_substitution,autoresearch-macrel-endpoint-rescue-v1,9e68c289b0ea8c6953a7963f6f677725e2b884743f7ea2daad40fa6ac7e2a3c2,25433306e0fad434fed3662cd954138dff1440e2cbb9ceacbd696c36edbd164f,25433306e0fad434fed3662cd954138dff1440e2cbb9ceacbd696c36edbd164f,WETRKGKKGKGGKKFDVRRVG,0.332,seqfam80_c0d10ee076cb2bf3d881,WETRKKKKGKGGKKFDVRRVG,false,false,14,K14W,WETRKGKKGKGGKWFDVRRVG,caa9d8c8e966ab009fa64eee4ca4179f3d7aa1c3a6c393cd6dae608b7bd05a78,activity-rescue-caa9d8c8e966ab009fa6,20.25238095238095,2,0.23809523809523808,5.988,false,search_prefilter,2475.86,11.5205078125,0.14285714285714285,0.22337271777218645,0.5,0.307,low,0.375,0.0,Non-Toxin,0.16799999999999998,true,true,true
acea,6,masked_substitution,autoresearch-macrel-endpoint-rescue-v1,2fa88e570a64593e099a2f7ca8b95d8c36732aa3609498fab92e7ac78bb445cb,25433306e0fad434fed3662cd954138dff1440e2cbb9ceacbd696c36edbd164f,25433306e0fad434fed3662cd954138dff1440e2cbb9ceacbd696c36edbd164f,WETRKGKKGKGGKKFDVRRVG,0.332,seqfam80_c0d10ee076cb2bf3d881,WETRKKKKGKGGKKFDVRRVG,false,false,14,K14Y,WETRKGKKGKGGKYFDVRRVG,47a746b76cdbbf0127a51172efebb48e247ca17be50ff62fe9bdecf67c1acbba,activity-rescue-47a746b76cdbbf0127a5,20.25238095238095,2,0.23809523809523808,5.986,false,search_prefilter,2452.82,11.163330078125,0.14285714285714285,0.22141972129141832,0.5,0.307,low,0.325,0.325,Non-Toxin,0.16799999999999998,true,true,true
acea,6,masked_substitution,autoresearch-macrel-endpoint-rescue-v1,d780854fce9fa2c2afb296d88d2068f268d10a964c9a1ce689897afe09b6235c,25433306e0fad434fed3662cd954138dff1440e2cbb9ceacbd696c36edbd164f,25433306e0fad434fed3662cd954138dff1440e2cbb9ceacbd696c36edbd164f,WETRKGKKGKGGKKFDVRRVG,0.332,seqfam80_c0d10ee076cb2bf3d881,WETRKKKKGKGGKKFDVRRVG,false,false,10,K10L,WETRKGKKGLGGKKFDVRRVG,40822e704c9d00e31be44c184e4b625b35806d2eee7a24c8d26f1668a37b3ad7,activity-rescue-40822e704c9d00e31be4,28.338095238095235,1,0.23809523809523808,5.988,false,search_prefilter,2402.8,11.5205078125,0.19047619047619047,0.3013256359469124,0.5,0.267,low,0.38,0.0,Non-Toxin,0.16799999999999998,true,true,true
acea,6,masked_substitution,autoresearch-macrel-endpoint-rescue-v1,d4db8a89111594b5258f556707aa6a1fbeb3883b6bcf38dbdabe2bfb4e2e8751,38ce71881832b80db5c156222fe40039ff0447f844bb3b7f5a85f2889b7c8fc2,38ce71881832b80db5c156222fe40039ff0447f844bb3b7f5a85f2889b7c8fc2,WETRKKKKGKGGKGFDVRRVG,0.342,seqfam80_c0d10ee076cb2bf3d881,WETRKKKKGKGGKKFDVRRVG,false,false,7,K7Y,WETRKKYKGKGGKGFDVRRVG,71aa4222b1ecff5b04cd2d4d49196423424f033e9b7457cf0f78bbddfa286013,activity-rescue-71aa4222b1ecff5b04cd,24.295238095238094,1,0.23809523809523808,5.986,false,search_prefilter,2452.82,11.163330078125,0.14285714285714285,0.12571327487876155,0.505,0.277,low,0.35,0.35,Non-Toxin,0.16299999999999998,true,true,true
acea,6,masked_substitution,autoresearch-macrel-endpoint-rescue-v1,ba958ce5797c65243c429901a36f0f37968a7b6be10aa0a9e322946d0f1ed9ff,25433306e0fad434fed3662cd954138dff1440e2cbb9ceacbd696c36edbd164f,25433306e0fad434fed3662cd954138dff1440e2cbb9ceacbd696c36edbd164f,WETRKGKKGKGGKKFDVRRVG,0.332,seqfam80_c0d10ee076cb2bf3d881,WETRKKKKGKGGKKFDVRRVG,false,false,19,R19Y,WETRKGKKGKGGKKFDVRYVG,a869ee1759c5642f122588b03b247f75788514568589ff71e18de30546e76fee,activity-rescue-a869ee1759c5642f1225,-10.614285714285714,2,0.23809523809523808,5.985,false,search_prefilter,2424.81,10.972412109375,0.14285714285714285,0.22694967543173378,0.495,0.376,low,0.365,0.365,Non-Toxin,0.16299999999999998,true,true,true
acea,6,masked_substitution,autoresearch-macrel-endpoint-rescue-v1,c3c2f394fb01991b69f8242a1f54464fbf9cc6ff5ccba007be501564694d9b5d,8864edfedc2a5da62b6149bf7c5f420ef54060192db1f552827e3c6211471b21,8864edfedc2a5da62b6149bf7c5f420ef54060192db1f552827e3c6211471b21,WETRKKKGGKGGKKFDVRRVG,0.361,seqfam80_c0d10ee076cb2bf3d881,WETRKKKKGKGGKKFDVRRVG,false,false,10,K10F,WETRKKKGGFGGKKFDVRRVG,1e5cba2ec5659c22e3536c35751417d0b3ce6b44b24df7a84f7f151a704bbfc6,activity-rescue-1e5cba2ec5659c22e353,42.3,1,0.23809523809523808,5.988,false,search_prefilter,2436.82,11.5205078125,0.19047619047619047,0.13723694826942548,0.52,0.228,low,0.355,0.355,Non-Toxin,0.15900000000000003,true,true,true
acea,6,masked_substitution,autoresearch-macrel-endpoint-rescue-v1,960b3a87460ab0a5cfc91e9554bf59dbfbe75a1c3afe893adc4540ca7b1d6d5c,8864edfedc2a5da62b6149bf7c5f420ef54060192db1f552827e3c6211471b21,8864edfedc2a5da62b6149bf7c5f420ef54060192db1f552827e3c6211471b21,WETRKKKGGKGGKKFDVRRVG,0.361,seqfam80_c0d10ee076cb2bf3d881,WETRKKKKGKGGKKFDVRRVG,false,false,13,K13F,WETRKKKGGKGGFKFDVRRVG,28e7f604748ca1df789f41b8c6a9b2d8dd5a5adcd50f915a69c90e2e265c2159,activity-rescue-28e7f604748ca1df789f,31.099999999999998,1,0.23809523809523808,5.988,false,search_prefilter,2436.82,11.5205078125,0.19047619047619047,0.24023603987926098,0.52,0.257,low,0.355,0.355,Non-Toxin,0.15900000000000003,true,true,true
acea,6,masked_substitution,autoresearch-macrel-endpoint-rescue-v1,b4cb2576d007340653d8ad4613402f8c54e443a29efda45181e7540a72bf0ea3,98a7157f13468de08bb141ea0cc3b6f292d6782f2ce393d78008daa8cc099d32,98a7157f13468de08bb141ea0cc3b6f292d6782f2ce393d78008daa8cc099d32,WETRKKKAGKGGKKFDVRRVG,0.351,seqfam80_c0d10ee076cb2bf3d881,WETRKKKKGKGGKKFDVRRVG,false,false,19,R19W,WETRKKKAGKGGKKFDVRWVG,0d223c6e8fbef50238a59465da27845660998e0393443185057ba381f62af683,activity-rescue-0d223c6e8fbef50238a5,28.338095238095242,2,0.2857142857142857,5.987,false,search_prefilter,2461.87,11.25537109375,0.19047619047619047,0.274593891130735,0.51,0.436,low,0.52,0.02,Non-Toxin,0.15900000000000003,true,true,true
acea,6,masked_substitution,autoresearch-macrel-endpoint-rescue-v1,c9c2c6e7903b919ecda39268f1a2e03368d217cf82c515e4cc7f326d9e93b98c,38ce71881832b80db5c156222fe40039ff0447f844bb3b7f5a85f2889b7c8fc2,38ce71881832b80db5c156222fe40039ff0447f844bb3b7f5a85f2889b7c8fc2,WETRKKKKGKGGKGFDVRRVG,0.342,seqfam80_c0d10ee076cb2bf3d881,WETRKKKKGKGGKKFDVRRVG,false,false,13,K13I,WETRKKKKGKGGIGFDVRRVG,3e1a318e9a712b31c51f953f2245a93be14b25693fcb03e1f2bff4d1696e71b0,activity-rescue-3e1a318e9a712b31c51f,28.338095238095235,1,0.23809523809523808,5.988,false,search_prefilter,2402.81,11.5205078125,0.19047619047619047,0.2658490373392858,0.5,0.267,low,0.38,0.38,Non-Toxin,0.15799999999999997,true,true,true
acea,6,masked_substitution,autoresearch-macrel-endpoint-rescue-v1,0d805ebfb1a66e61b674ca1a1d1b33ddb72c4a3e88ca34a61caac83e0139c5dd,38ce71881832b80db5c156222fe40039ff0447f844bb3b7f5a85f2889b7c8fc2,38ce71881832b80db5c156222fe40039ff0447f844bb3b7f5a85f2889b7c8fc2,WETRKKKKGKGGKGFDVRRVG,0.342,seqfam80_c0d10ee076cb2bf3d881,WETRKKKKGKGGKKFDVRRVG,false,false,13,K13Y,WETRKKKKGKGGYGFDVRRVG,dbab986d154c41a4935c7f44b5c37b355269921c4d957e91ea56bc01a90d7aa0,activity-rescue-dbab986d154c41a4935c,24.295238095238094,1,0.23809523809523808,5.986,false,search_prefilter,2452.82,11.163330078125,0.14285714285714285,0.21175556800082915,0.5,0.257,low,0.325,0.325,Non-Toxin,0.15799999999999997,true,true,true
acea,6,masked_substitution,autoresearch-macrel-endpoint-rescue-v1,4132b9e7353a82ec6ff554d3a44b02a11a5c0a82dd9287b0f5d901e65ce1a79e,25433306e0fad434fed3662cd954138dff1440e2cbb9ceacbd696c36edbd164f,25433306e0fad434fed3662cd954138dff1440e2cbb9ceacbd696c36edbd164f,WETRKGKKGKGGKKFDVRRVG,0.332,seqfam80_c0d10ee076cb2bf3d881,WETRKKKKGKGGKKFDVRRVG,false,false,5,K5I,WETRIGKKGKGGKKFDVRRVG,e0ea05e71c1fff6f32814bc2ca982d1a90478c96e17aa359d2076dd53943d99c,activity-rescue-e0ea05e71c1fff6f3281,24.295238095238094,1,0.23809523809523808,5.988,false,search_prefilter,2402.8,11.5205078125,0.19047619047619047,0.3109986098950436,0.49,0.327,low,0.365,0.365,Non-Toxin,0.15799999999999997,true,true,true
acea,6,masked_substitution,autoresearch-macrel-endpoint-rescue-v1,38ca07a871cce1d44410e3e91f6f1880d731a7e1b28f0cf022a76a4542757fa4,25433306e0fad434fed3662cd954138dff1440e2cbb9ceacbd696c36edbd164f,25433306e0fad434fed3662cd954138dff1440e2cbb9ceacbd696c36edbd164f,WETRKGKKGKGGKKFDVRRVG,0.332,seqfam80_c0d10ee076cb2bf3d881,WETRKKKKGKGGKKFDVRRVG,false,false,8,K8I,WETRKGKIGKGGKKFDVRRVG,d3b26c95ac6ae6034119354549ea9484313beadeef81f582bb3c8011f768ad50,activity-rescue-d3b26c95ac6ae6034119,20.25238095238095,1,0.23809523809523808,5.988,false,search_prefilter,2402.8,11.5205078125,0.19047619047619047,0.18075906906777067,0.49,0.416,low,0.365,0.365,Non-Toxin,0.15799999999999997,true,true,true
acea,6,masked_substitution,autoresearch-macrel-endpoint-rescue-v1,ece2b6597581ff58e0f21fd086a401343595a0fd744d42777cf297bc4fc9b7f3,38ce71881832b80db5c156222fe40039ff0447f844bb3b7f5a85f2889b7c8fc2,38ce71881832b80db5c156222fe40039ff0447f844bb3b7f5a85f2889b7c8fc2,WETRKKKKGKGGKGFDVRRVG,0.342,seqfam80_c0d10ee076cb2bf3d881,WETRKKKKGKGGKKFDVRRVG,false,false,7,K7F,WETRKKFKGKGGKGFDVRRVG,963703a223a540ea308c8d5e7baa210a1fe9b4469f78a7320b4e29df0f0b731d,activity-rescue-963703a223a540ea308c,17.13809523809524,1,0.23809523809523808,5.988,false,search_prefilter,2436.82,11.5205078125,0.19047619047619047,0.14550644750360722,0.495,0.366,low,0.37,0.37,Non-Toxin,0.15299999999999997,true,true,true
acea,6,masked_substitution,autoresearch-macrel-endpoint-rescue-v1,317952412c15a5d607ed6049b003ed37588da7360dbf673a94ac8b18035a5343,38ce71881832b80db5c156222fe40039ff0447f844bb3b7f5a85f2889b7c8fc2,38ce71881832b80db5c156222fe40039ff0447f844bb3b7f5a85f2889b7c8fc2,WETRKKKKGKGGKGFDVRRVG,0.342,seqfam80_c0d10ee076cb2bf3d881,WETRKKKKGKGGKKFDVRRVG,false,false,8,K8F,WETRKKKFGKGGKGFDVRRVG,044a1f26d1c6c9846efb81d3294ae8a383255831359ba7a599aeea2e7f376528,activity-rescue-044a1f26d1c6c9846efb,28.338095238095235,1,0.23809523809523808,5.988,false,search_prefilter,2436.82,11.5205078125,0.19047619047619047,0.06887386348378592,0.495,0.386,low,0.375,0.375,Non-Toxin,0.15299999999999997,true,true,true
acea,6,masked_substitution,autoresearch-macrel-endpoint-rescue-v1,fd5ad28c1148c38d76119fdcd93ab25724d618009c299bf19faacb053929f160,38ce71881832b80db5c156222fe40039ff0447f844bb3b7f5a85f2889b7c8fc2,38ce71881832b80db5c156222fe40039ff0447f844bb3b7f5a85f2889b7c8fc2,WETRKKKKGKGGKGFDVRRVG,0.342,seqfam80_c0d10ee076cb2bf3d881,WETRKKKKGKGGKKFDVRRVG,false,false,19,R19Y,WETRKKKKGKGGKGFDVRYVG,80296cf5e15856040176dbbe955334e3a9a86c4936abc72299214c7acf6f8488,activity-rescue-80296cf5e15856040176,-6.571428571428571,2,0.23809523809523808,5.985,false,search_prefilter,2424.81,10.972412109375,0.14285714285714285,0.1121081587368977,0.495,0.356,low,0.355,0.355,Non-Toxin,0.15299999999999997,true,true,true
acea,6,masked_substitution,autoresearch-macrel-endpoint-rescue-v1,a29c7ef73bee5ee29501bcf8108e8c8eef93096e9b392ab5d07922d82545331e,38ce71881832b80db5c156222fe40039ff0447f844bb3b7f5a85f2889b7c8fc2,38ce71881832b80db5c156222fe40039ff0447f844bb3b7f5a85f2889b7c8fc2,WETRKKKKGKGGKGFDVRRVG,0.342,seqfam80_c0d10ee076cb2bf3d881,WETRKKKKGKGGKKFDVRRVG,false,false,18,R18Y,WETRKKKKGKGGKGFDVYRVG,1befa3b89e847b62d68d279319b738930d33fa0cf154df14c7255b7b499336e1,activity-rescue-1befa3b89e847b62d68d,-14.623809523809523,2,0.23809523809523808,5.985,false,search_prefilter,2424.81,10.972412109375,0.14285714285714285,0.10769677139785017,0.495,0.376,low,0.365,0.365,Non-Toxin,0.15299999999999997,true,true,true
acea,6,masked_substitution,autoresearch-macrel-endpoint-rescue-v1,f4dd3b03f84444d942e40fb6fc1a75200a8b7187d87c592b7ee88ccc04fc72e4,6e01943f86dd79b1576f8e8cd4e5181743ddc553e630f2d86614cc7da2245894,6e01943f86dd79b1576f8e8cd4e5181743ddc553e630f2d86614cc7da2245894,WETRGKKKGKGGKKFDVRRVG,0.332,seqfam80_c0d10ee076cb2bf3d881,WETRKKKKGKGGKKFDVRRVG,false,false,13,K13F,WETRGKKKGKGGFKFDVRRVG,a9304641a9a424b3920d2ae8b0744596188ee7c4988b5a986858a68d0ec1f0d7,activity-rescue-a9304641a9a424b3920d,17.13809523809524,1,0.23809523809523808,5.988,false,search_prefilter,2436.82,11.5205078125,0.19047619047619047,0.33257226071079804,0.485,0.366,low,0.38,0.38,Non-Toxin,0.15299999999999997,true,true,true
acea,6,masked_substitution,autoresearch-macrel-endpoint-rescue-v1,422c678d4a1effc8177c782bf8873d06fec95a832cbc3c7f42461a6169d675aa,6e01943f86dd79b1576f8e8cd4e5181743ddc553e630f2d86614cc7da2245894,6e01943f86dd79b1576f8e8cd4e5181743ddc553e630f2d86614cc7da2245894,WETRGKKKGKGGKKFDVRRVG,0.332,seqfam80_c0d10ee076cb2bf3d881,WETRKKKKGKGGKKFDVRRVG,false,false,14,K14I,WETRGKKKGKGGKIFDVRRVG,3727b2d35daac40ed73ad005c56f4430776f9abaa0455dcfc24c165abeac55b6,activity-rescue-3727b2d35daac40ed73a,16.20952380952381,2,0.23809523809523808,5.988,false,search_prefilter,2402.81,11.5205078125,0.19047619047619047,0.13899268810649715,0.485,0.347,low,0.37,0.37,Non-Toxin,0.15299999999999997,true,true,true
acea,6,masked_substitution,autoresearch-macrel-endpoint-rescue-v1,ce2fe001ef37a19bce9fb654e6740024efa42a098c3b8b3f580fea03f45a7335,25433306e0fad434fed3662cd954138dff1440e2cbb9ceacbd696c36edbd164f,25433306e0fad434fed3662cd954138dff1440e2cbb9ceacbd696c36edbd164f,WETRKGKKGKGGKKFDVRRVG,0.332,seqfam80_c0d10ee076cb2bf3d881,WETRKKKKGKGGKKFDVRRVG,false,false,7,K7F,WETRKGFKGKGGKKFDVRRVG,7b515f924ab2a267ac6c888aef1ea2d964c9a039c20084b0c2f256560320ff22,activity-rescue-7b515f924ab2a267ac6c,17.13809523809524,1,0.23809523809523808,5.988,false,search_prefilter,2436.82,11.5205078125,0.19047619047619047,0.18198134007646705,0.485,0.337,low,0.37,0.37,Non-Toxin,0.15299999999999997,true,true,true
acea,6,masked_substitution,autoresearch-macrel-endpoint-rescue-v1,4fa4cda8814db49955e3d02ac84510e2763e0851a55f27cd876a5c02dba17302,25433306e0fad434fed3662cd954138dff1440e2cbb9ceacbd696c36edbd164f,25433306e0fad434fed3662cd954138dff1440e2cbb9ceacbd696c36edbd164f,WETRKGKKGKGGKKFDVRRVG,0.332,seqfam80_c0d10ee076cb2bf3d881,WETRKKKKGKGGKKFDVRRVG,false,false,19,R19I,WETRKGKKGKGGKKFDVRIVG,e88743657ed32f185954434641efe9e9b135c06181ae780e76147ce8905b318c,activity-rescue-e88743657ed32f185954,-11.066666666666666,2,0.23809523809523808,5.987,false,search_prefilter,2374.79,11.25537109375,0.19047619047619047,0.2448514076400144,0.485,0.426,low,0.38,0.38,Non-Toxin,0.15299999999999997,true,true,true
acea,6,masked_substitution,autoresearch-macrel-endpoint-rescue-v1,ce1c76672b7af8fb8bfaf98d552e53fd9d17b3640b52edcea45cd20175528f0a,25433306e0fad434fed3662cd954138dff1440e2cbb9ceacbd696c36edbd164f,25433306e0fad434fed3662cd954138dff1440e2cbb9ceacbd696c36edbd164f,WETRKGKKGKGGKKFDVRRVG,0.332,seqfam80_c0d10ee076cb2bf3d881,WETRKKKKGKGGKKFDVRRVG,false,false,7,K7Y,WETRKGYKGKGGKKFDVRRVG,693c5d2f19fa4f4f144d48b894f39a8e2ad562ca238ca290daecad737bb0b12b,activity-rescue-693c5d2f19fa4f4f144d,20.25238095238095,1,0.23809523809523808,5.986,false,search_prefilter,2452.82,11.163330078125,0.14285714285714285,0.1927340513251957,0.485,0.317,low,0.3,0.3,Non-Toxin,0.15299999999999997,true,true,true
acea,6,masked_substitution,autoresearch-macrel-endpoint-rescue-v1,16557b411c385e45599573311ab85c158e50541c77a6fef75c3648950d69735b,8864edfedc2a5da62b6149bf7c5f420ef54060192db1f552827e3c6211471b21,8864edfedc2a5da62b6149bf7c5f420ef54060192db1f552827e3c6211471b21,WETRKKKGGKGGKKFDVRRVG,0.361,seqfam80_c0d10ee076cb2bf3d881,WETRKKKKGKGGKKFDVRRVG,false,false,10,K10I,WETRKKKGGIGGKKFDVRRVG,a4a95398e6fc8a0f84b6f3f33b16c3bcfcfc767b13508860c6944207293233c4,activity-rescue-a4a95398e6fc8a0f84b6,38.25714285714286,1,0.23809523809523808,5.988,false,search_prefilter,2402.8,11.5205078125,0.19047619047619047,0.14088627266943088,0.51,0.257,low,0.375,0.375,Non-Toxin,0.14900000000000002,true,true,true
acea,6,masked_substitution,autoresearch-macrel-endpoint-rescue-v1,4cd6fdbdf0cb8cc8bc7a944151cde48c53cd4fa6729901e654a9c96b67073b21,8864edfedc2a5da62b6149bf7c5f420ef54060192db1f552827e3c6211471b21,8864edfedc2a5da62b6149bf7c5f420ef54060192db1f552827e3c6211471b21,WETRKKKGGKGGKKFDVRRVG,0.361,seqfam80_c0d10ee076cb2bf3d881,WETRKKKKGKGGKKFDVRRVG,false,false,13,K13I,WETRKKKGGKGGIKFDVRRVG,2ddf0ab294c9164e878fc95834dfb65edd78a2a38b21a80f46468aeed95d9a8a,activity-rescue-2ddf0ab294c9164e878f,30.171428571428567,1,0.23809523809523808,5.988,false,search_prefilter,2402.8,11.5205078125,0.19047619047619047,0.24821013357345278,0.51,0.277,low,0.375,0.375,Non-Toxin,0.14900000000000002,true,true,true
acea,6,masked_substitution,autoresearch-macrel-endpoint-rescue-v1,16ea5b5c1c0b182cc7e1a3a3df05a0325ac0d5dbf9e70565f2816e798592c2a2,8864edfedc2a5da62b6149bf7c5f420ef54060192db1f552827e3c6211471b21,8864edfedc2a5da62b6149bf7c5f420ef54060192db1f552827e3c6211471b21,WETRKKKGGKGGKKFDVRRVG,0.361,seqfam80_c0d10ee076cb2bf3d881,WETRKKKKGKGGKKFDVRRVG,false,false,10,K10L,WETRKKKGGLGGKKFDVRRVG,dc09a68ef8cd6c3122647b009efa3c3deea70f9db7299000e25f19f5907638b8,activity-rescue-dc09a68ef8cd6c312264,42.3,1,0.23809523809523808,5.988,false,search_prefilter,2402.8,11.5205078125,0.19047619047619047,0.13562642166259192,0.51,0.248,low,0.375,0.0,Non-Toxin,0.14900000000000002,true,true,true
acea,6,masked_substitution,autoresearch-macrel-endpoint-rescue-v1,1c5c3ee0f1efda39884ee92b64053798dfd17cba35d7d07f18a4bf7cf4d1a4e0,8864edfedc2a5da62b6149bf7c5f420ef54060192db1f552827e3c6211471b21,8864edfedc2a5da62b6149bf7c5f420ef54060192db1f552827e3c6211471b21,WETRKKKGGKGGKKFDVRRVG,0.361,seqfam80_c0d10ee076cb2bf3d881,WETRKKKKGKGGKKFDVRRVG,false,false,10,K10Y,WETRKKKGGYGGKKFDVRRVG,31ecd5c030b752b8d42bde1ae82bffbb5b850d3ac487e66304b5856844823a2c,activity-rescue-31ecd5c030b752b8d42b,34.214285714285715,1,0.23809523809523808,5.986,false,search_prefilter,2452.82,11.163330078125,0.14285714285714285,0.12842737721415487,0.51,0.257,low,0.305,0.305,Non-Toxin,0.14900000000000002,true,true,true
acea,6,masked_substitution,autoresearch-macrel-endpoint-rescue-v1,f3da70391545983b37c87f49d7c9e932547809165d3bfe3a74b2caa5ec28c710,98a7157f13468de08bb141ea0cc3b6f292d6782f2ce393d78008daa8cc099d32,98a7157f13468de08bb141ea0cc3b6f292d6782f2ce393d78008daa8cc099d32,WETRKKKAGKGGKKFDVRRVG,0.351,seqfam80_c0d10ee076cb2bf3d881,WETRKKKKGKGGKKFDVRRVG,false,false,4,R4W,WETWKKKAGKGGKKFDVRRVG,49148ead856998aa4a26e94b16b3eeadb86198f0a424d1c584b75350a84df204,activity-rescue-49148ead856998aa4a26,25.223809523809525,1,0.2857142857142857,5.987,false,search_prefilter,2461.87,11.25537109375,0.19047619047619047,0.16544979475344185,0.5,0.465,low,0.495,0.0,Non-Toxin,0.14900000000000002,true,true,true
acea,6,masked_substitution,autoresearch-macrel-endpoint-rescue-v1,a503def31c82dec58bfad1c32d31d65a1624b42c1072484d5a383442eeb5fac8,bc02352bb473c92b6fcf7c42d9860343d11497d71aeccc96394fc7e5d4074476,bc02352bb473c92b6fcf7c42d9860343d11497d71aeccc96394fc7e5d4074476,NWGKKSKISRKDFKRRKKARN,0.277,seqfam80_95a309f07a26e82b65df,NWKKKSKISRKDFKRRKKARN,false,false,1,N1V,VWGKKSKISRKDFKRRKKARN,98822b9d8e659c1511f295d305b1e38b7de92e602579df0d193678d9024066a1,activity-rescue-98822b9d8e659c1511f2,43.6,2,0.23809523809523808,9.986,false,search_prefilter,2617.12,12.18994140625,0.19047619047619047,0.1985671364459669,0.426,0.446,low,0.535,0.035,Non-Toxin,0.14899999999999997,true,true,true
acea,6,masked_substitution,autoresearch-macrel-endpoint-rescue-v1,99af581b74afc6d039d6d75c3a7d9940227200513edcb5680b0d33e0d79a5a57,38ce71881832b80db5c156222fe40039ff0447f844bb3b7f5a85f2889b7c8fc2,38ce71881832b80db5c156222fe40039ff0447f844bb3b7f5a85f2889b7c8fc2,WETRKKKKGKGGKGFDVRRVG,0.342,seqfam80_c0d10ee076cb2bf3d881,WETRKKKKGKGGKKFDVRRVG,false,false,8,K8I,WETRKKKIGKGGKGFDVRRVG,49da3bdbbc07d2c3c004850ac9fe400f6268849c9dd25fb45c3c79eebb04cc3c,activity-rescue-49da3bdbbc07d2c3c004,24.295238095238094,1,0.23809523809523808,5.988,false,search_prefilter,2402.8,11.5205078125,0.19047619047619047,0.07201305371300325,0.49,0.475,low,0.38,0.38,Non-Toxin,0.14799999999999996,true,true,true
acea,6,masked_substitution,autoresearch-macrel-endpoint-rescue-v1,ea897b417d64d1dfc8b98d73a39368c064eff80654a2ee51b6c2c1fce904a6ae,38ce71881832b80db5c156222fe40039ff0447f844bb3b7f5a85f2889b7c8fc2,38ce71881832b80db5c156222fe40039ff0447f844bb3b7f5a85f2889b7c8fc2,WETRKKKKGKGGKGFDVRRVG,0.342,seqfam80_c0d10ee076cb2bf3d881,WETRKKKKGKGGKKFDVRRVG,false,false,10,K10L,WETRKKKKGLGGKGFDVRRVG,d4a73ad5e43496c602f8ccc3a9229e9e687b7ccf1bb1fa49c204277f4cbb85f1,activity-rescue-d4a73ad5e43496c602f8,32.38095238095239,1,0.23809523809523808,5.988,false,search_prefilter,2402.8,11.5205078125,0.19047619047619047,0.22772620173273714,0.49,0.257,low,0.38,0.0,Non-Toxin,0.14799999999999996,true,true,true
acea,6,masked_substitution,autoresearch-macrel-endpoint-rescue-v1,74cde6e8d466e45f854c89958b65980cbe541d155edc8823e2ae32da08e88f08,38ce71881832b80db5c156222fe40039ff0447f844bb3b7f5a85f2889b7c8fc2,38ce71881832b80db5c156222fe40039ff0447f844bb3b7f5a85f2889b7c8fc2,WETRKKKKGKGGKGFDVRRVG,0.342,seqfam80_c0d10ee076cb2bf3d881,WETRKKKKGKGGKKFDVRRVG,false,false,10,K10Y,WETRKKKKGYGGKGFDVRRVG,432e3eee8f8b0907be73af66849ebb78f83742becd872cb35830c49f2a55db67,activity-rescue-432e3eee8f8b0907be73,24.295238095238094,1,0.23809523809523808,5.986,false,search_prefilter,2452.82,11.163330078125,0.14285714285714285,0.192593242156665,0.49,0.248,low,0.325,0.325,Non-Toxin,0.14799999999999996,true,true,true
acea,6,masked_substitution,autoresearch-macrel-endpoint-rescue-v1,d217037b49867dfca1a2275d8d858aeb76720a42aac98efc9a1ad7b6852de894,6e01943f86dd79b1576f8e8cd4e5181743ddc553e630f2d86614cc7da2245894,6e01943f86dd79b1576f8e8cd4e5181743ddc553e630f2d86614cc7da2245894,WETRGKKKGKGGKKFDVRRVG,0.332,seqfam80_c0d10ee076cb2bf3d881,WETRKKKKGKGGKKFDVRRVG,false,false,10,K10L,WETRGKKKGLGGKKFDVRRVG,81276c3beae41a56b8c4328c8508a8c3526696a18f801f974e722d3ed53aee8d,activity-rescue-81276c3beae41a56b8c4,28.338095238095235,1,0.23809523809523808,5.988,false,search_prefilter,2402.8,11.5205078125,0.19047619047619047,0.2292528771006742,0.48,0.257,low,0.415,0.0,Non-Toxin,0.14799999999999996,true,true,true
acea,6,masked_substitution,autoresearch-macrel-endpoint-rescue-v1,6d2969177eeed8bc60674a1cc9b60ee7777281006d833803b8d953cd1c697323,c4177c4d22b728745d322bd123887eead290cfc4aa0ce2c9110508594e260baf,c4177c4d22b728745d322bd123887eead290cfc4aa0ce2c9110508594e260baf,WETRKKKKGKGGKKFDVRAVG,0.366,seqfam80_c0d10ee076cb2bf3d881,WETRKKKKGKGGKKFDVRRVG,false,false,5,K5W,WETRWKKKGKGGKKFDVRAVG,8ab6a3140cebf893ddfe86109f871a41cfd5f28e58a3b3dceba1cc80ca67d8bc,activity-rescue-8ab6a3140cebf893ddfe,28.338095238095228,2,0.2857142857142857,5.987,false,search_prefilter,2461.87,11.25537109375,0.19047619047619047,0.3222041691516534,0.51,0.307,low,0.47,0.0,Non-Toxin,0.14400000000000002,true,true,true
acea,6,masked_substitution,autoresearch-macrel-endpoint-rescue-v1,aa7c3e7d67db1a36f88b680f3116a673ffb851dd355f1d5ab539c21637909947,38ce71881832b80db5c156222fe40039ff0447f844bb3b7f5a85f2889b7c8fc2,38ce71881832b80db5c156222fe40039ff0447f844bb3b7f5a85f2889b7c8fc2,WETRKKKKGKGGKGFDVRRVG,0.342,seqfam80_c0d10ee076cb2bf3d881,WETRKKKKGKGGKKFDVRRVG,false,false,2,E2A,WATRKKKKGKGGKGFDVRRVG,fda3953d92d4e26fbece497cdd86624ef0eb114e3520eadc9b35c2ccbdf6cbdd,activity-rescue-fda3953d92d4e26fbece,17.13809523809524,2,0.23809523809523808,7.987,false,search_prefilter,2359.78,11.97509765625,0.19047619047619047,0.1878734092643721,0.485,0.495,low,0.365,0.365,Non-Toxin,0.14299999999999996,true,true,true
acea,6,masked_substitution,autoresearch-macrel-endpoint-rescue-v1,0780a8e621c8180640e278f122633d1b1d9f968316fda8ec7a5b3e5d0d7aea30,38ce71881832b80db5c156222fe40039ff0447f844bb3b7f5a85f2889b7c8fc2,38ce71881832b80db5c156222fe40039ff0447f844bb3b7f5a85f2889b7c8fc2,WETRKKKKGKGGKGFDVRRVG,0.342,seqfam80_c0d10ee076cb2bf3d881,WETRKKKKGKGGKKFDVRRVG,false,false,19,R19A,WETRKKKKGKGGKGFDVRAVG,aa4ed220bce26efb69dceb844ac3a3d63ef9b53d22ceb4af382cc59cf6cd1229,activity-rescue-aa4ed220bce26efb69dc,-2.9809523809523806,2,0.23809523809523808,5.987,false,search_prefilter,2332.71,11.25537109375,0.19047619047619047,0.12082499883734878,0.485,0.337,low,0.385,0.0,Non-Toxin,0.14299999999999996,true,true,true
acea,6,masked_substitution,autoresearch-macrel-endpoint-rescue-v1,fc3a3547ecf2df0a9ef6581757329e3c36a7365bf2919a25f1693c97b750d54a,38ce71881832b80db5c156222fe40039ff0447f844bb3b7f5a85f2889b7c8fc2,38ce71881832b80db5c156222fe40039ff0447f844bb3b7f5a85f2889b7c8fc2,WETRKKKKGKGGKGFDVRRVG,0.342,seqfam80_c0d10ee076cb2bf3d881,WETRKKKKGKGGKKFDVRRVG,false,false,19,R19I,WETRKKKKGKGGKGFDVRIVG,c9544ea493ad8b358ed0ab6ee15e29a59bfe4187d2d02d171741960d59704d74,activity-rescue-c9544ea493ad8b358ed0,-7.023809523809524,2,0.23809523809523808,5.987,false,search_prefilter,2374.79,11.25537109375,0.19047619047619047,0.14496308461158194,0.485,0.376,low,0.38,0.38,Non-Toxin,0.14299999999999996,true,true,true
acea,6,masked_substitution,autoresearch-macrel-endpoint-rescue-v1,3190dcb423a00301cc1bfc505f32b6209f9cad2c4c00d0fd3fd774f5dfcd77b0,25433306e0fad434fed3662cd954138dff1440e2cbb9ceacbd696c36edbd164f,25433306e0fad434fed3662cd954138dff1440e2cbb9ceacbd696c36edbd164f,WETRKGKKGKGGKKFDVRRVG,0.332,seqfam80_c0d10ee076cb2bf3d881,WETRKKKKGKGGKKFDVRRVG,false,false,4,R4L,WETLKGKKGKGGKKFDVRRVG,5334ebe75a5ab8b28d9a573445ac07a2b581646a5f3bed8554fc68c7e8095804,activity-rescue-5334ebe75a5ab8b28d9a,16.20952380952381,1,0.23809523809523808,5.987,false,search_prefilter,2374.79,11.25537109375,0.19047619047619047,0.07293127073480583,0.475,0.347,low,0.465,0.0,Non-Toxin,0.14299999999999996,true,true,true
acea,6,masked_substitution,autoresearch-macrel-endpoint-rescue-v1,a58fae5098711e8fdeac9b229eb484f2b1d63a61743f2cd977191135f0bc4134,25433306e0fad434fed3662cd954138dff1440e2cbb9ceacbd696c36edbd164f,25433306e0fad434fed3662cd954138dff1440e2cbb9ceacbd696c36edbd164f,WETRKGKKGKGGKKFDVRRVG,0.332,seqfam80_c0d10ee076cb2bf3d881,WETRKKKKGKGGKKFDVRRVG,false,false,8,K8F,WETRKGKFGKGGKKFDVRRVG,cc6fc78d9c7037c72463cbd6d6097bc724c872abc06bcfd7786309cb02bca13f,activity-rescue-cc6fc78d9c7037c72463,24.295238095238094,1,0.23809523809523808,5.988,false,search_prefilter,2436.82,11.5205078125,0.19047619047619047,0.18171742423338139,0.475,0.317,low,0.355,0.355,Non-Toxin,0.14299999999999996,true,true,true
acea,6,masked_substitution,autoresearch-macrel-endpoint-rescue-v1,d8373fd244b27c18da4a73d77a32a311784a831e05625cab18aeff113cdf3337,8864edfedc2a5da62b6149bf7c5f420ef54060192db1f552827e3c6211471b21,8864edfedc2a5da62b6149bf7c5f420ef54060192db1f552827e3c6211471b21,WETRKKKGGKGGKKFDVRRVG,0.361,seqfam80_c0d10ee076cb2bf3d881,WETRKKKKGKGGKKFDVRRVG,false,false,4,R4A,WETAKKKGGKGGKKFDVRRVG,393d38c29b41b8c8f64431ddcbc307a4ca4c3ac79c7fe581730f0fd66f44cf58,activity-rescue-393d38c29b41b8c8f644,34.214285714285715,1,0.23809523809523808,5.987,false,search_prefilter,2332.71,11.25537109375,0.19047619047619047,0.15433383086854616,0.5,0.416,low,0.36,0.36,Non-Toxin,0.139,true,true,true
acea,6,masked_substitution,autoresearch-macrel-endpoint-rescue-v1,6007dd9da00852695a8f9cc485426b69798a8c4ed8814bfe66e94945f51a84d0,8864edfedc2a5da62b6149bf7c5f420ef54060192db1f552827e3c6211471b21,8864edfedc2a5da62b6149bf7c5f420ef54060192db1f552827e3c6211471b21,WETRKKKGGKGGKKFDVRRVG,0.361,seqfam80_c0d10ee076cb2bf3d881,WETRKKKKGKGGKKFDVRRVG,false,false,4,R4I,WETIKKKGGKGGKKFDVRRVG,a4f64a858725332b5fb2f04b23a98d693f9c3d68895b433b1090cd56faa81e55,activity-rescue-a4f64a858725332b5fb2,30.171428571428567,1,0.23809523809523808,5.987,false,search_prefilter,2374.79,11.25537109375,0.19047619047619047,0.17592569208156553,0.5,0.426,low,0.38,0.38,Non-Toxin,0.139,true,true,true
acea,6,masked_substitution,autoresearch-macrel-endpoint-rescue-v1,424a706bfb3f18921e74b8d7e91d979bff08ce60c994657aaf1eeb956180ef5a,8864edfedc2a5da62b6149bf7c5f420ef54060192db1f552827e3c6211471b21,8864edfedc2a5da62b6149bf7c5f420ef54060192db1f552827e3c6211471b21,WETRKKKGGKGGKKFDVRRVG,0.361,seqfam80_c0d10ee076cb2bf3d881,WETRKKKKGKGGKKFDVRRVG,false,false,4,R4L,WETLKKKGGKGGKKFDVRRVG,b68063945f1999e82b0e99ed0bc5f5e1eb240decf685c2e93c7c20cfbe7465d8,activity-rescue-b68063945f1999e82b0e,30.171428571428567,1,0.23809523809523808,5.987,false,search_prefilter,2374.79,11.25537109375,0.19047619047619047,0.16697502159319977,0.5,0.436,low,0.45,0.0,Non-Toxin,0.139,true,true,true
acea,6,masked_substitution,autoresearch-macrel-endpoint-rescue-v1,4bd69d29a79a95d65ed66ee2ccd32e70e6224ab4abc4b892905124cd45e80e74,8864edfedc2a5da62b6149bf7c5f420ef54060192db1f552827e3c6211471b21,8864edfedc2a5da62b6149bf7c5f420ef54060192db1f552827e3c6211471b21,WETRKKKGGKGGKKFDVRRVG,0.361,seqfam80_c0d10ee076cb2bf3d881,WETRKKKKGKGGKKFDVRRVG,false,false,6,K6I,WETRKIKGGKGGKKFDVRRVG,17149c93697e099241bcd89c0e58a73599dc2a734851d501474f4f1d65721e2f,activity-rescue-17149c93697e099241bc,26.128571428571426,1,0.23809523809523808,5.988,false,search_prefilter,2402.8,11.5205078125,0.19047619047619047,0.21865840847416307,0.5,0.297,low,0.365,0.365,Non-Toxin,0.139,true,true,true
acea,6,masked_substitution,autoresearch-macrel-endpoint-rescue-v1,cec5925ff82f6fd410d481f9ffdc3428c1fbda6cf52effc5b4d6815f0b307454,8864edfedc2a5da62b6149bf7c5f420ef54060192db1f552827e3c6211471b21,8864edfedc2a5da62b6149bf7c5f420ef54060192db1f552827e3c6211471b21,WETRKKKGGKGGKKFDVRRVG,0.361,seqfam80_c0d10ee076cb2bf3d881,WETRKKKKGKGGKKFDVRRVG,false,false,14,K14F,WETRKKKGGKGGKFFDVRRVG,08aaef5372e900f55f3002378eb518afeb547c237f282e13430323e4a7a210bf,activity-rescue-08aaef5372e900f55f30,34.214285714285715,2,0.23809523809523808,5.988,false,search_prefilter,2436.82,11.5205078125,0.19047619047619047,0.04930750579141233,0.5,0.287,low,0.36,0.36,Non-Toxin,0.139,true,true,true
acea,6,masked_substitution,autoresearch-macrel-endpoint-rescue-v1,c89de97192160b69e498cbef52c0c0ec63224cbb8685feafaedbd733f302a501,98a7157f13468de08bb141ea0cc3b6f292d6782f2ce393d78008daa8cc099d32,98a7157f13468de08bb141ea0cc3b6f292d6782f2ce393d78008daa8cc099d32,WETRKKKAGKGGKKFDVRRVG,0.351,seqfam80_c0d10ee076cb2bf3d881,WETRKKKKGKGGKKFDVRRVG,false,false,10,K10F,WETRKKKAGFGGKKFDVRRVG,7e0b3129cf48a7580b5b62d0896c4ce49984ab6f88aa5d6d8aad598990f2500b,activity-rescue-7e0b3129cf48a7580b5b,40.46666666666667,1,0.2857142857142857,5.988,false,search_prefilter,2450.85,11.5205078125,0.23809523809523808,0.1329851453011765,0.49,0.248,low,0.415,0.0,Non-Toxin,0.139,true,true,true
acea,6,masked_substitution,autoresearch-macrel-endpoint-rescue-v1,04f4ab5a39bee86cdee4b8bf780593984e8ce395dcfb3e57dd07e123c88964bd,98a7157f13468de08bb141ea0cc3b6f292d6782f2ce393d78008daa8cc099d32,98a7157f13468de08bb141ea0cc3b6f292d6782f2ce393d78008daa8cc099d32,WETRKKKAGKGGKKFDVRRVG,0.351,seqfam80_c0d10ee076cb2bf3d881,WETRKKKKGKGGKKFDVRRVG,false,false,13,K13F,WETRKKKAGKGGFKFDVRRVG,bb14bfaa09c19020776a0063d47ee90f7e3d0fa70f2da7ec776d5ab54b4233b1,activity-rescue-bb14bfaa09c19020776a,29.266666666666666,1,0.2857142857142857,5.988,false,search_prefilter,2450.85,11.5205078125,0.23809523809523808,0.23845776638144148,0.49,0.277,low,0.425,0.0,Non-Toxin,0.139,true,true,true
acea,6,masked_substitution,autoresearch-macrel-endpoint-rescue-v1,96d282faf8e53377f33e2472f5c24fc2f030df814b1c0a70104efbf527b574b6,98a7157f13468de08bb141ea0cc3b6f292d6782f2ce393d78008daa8cc099d32,98a7157f13468de08bb141ea0cc3b6f292d6782f2ce393d78008daa8cc099d32,WETRKKKAGKGGKKFDVRRVG,0.351,seqfam80_c0d10ee076cb2bf3d881,WETRKKKKGKGGKKFDVRRVG,false,false,14,K14W,WETRKKKAGKGGKWFDVRRVG,af88d0e5c0005a2cb187c7abf324b1ee1474c766c50c44b17af4c11df2cb10b3,activity-rescue-af88d0e5c0005a2cb187,32.38095238095239,2,0.2857142857142857,5.988,false,search_prefilter,2489.88,11.5205078125,0.19047619047619047,0.05542333900177131,0.49,0.307,low,0.455,0.0,Non-Toxin,0.139,true,true,true
acea,6,masked_substitution,autoresearch-macrel-endpoint-rescue-v1,e8221f94d865e1c02871b6090f1d3da0669a8165674b718c50728e8a510355dd,98a7157f13468de08bb141ea0cc3b6f292d6782f2ce393d78008daa8cc099d32,98a7157f13468de08bb141ea0cc3b6f292d6782f2ce393d78008daa8cc099d32,WETRKKKAGKGGKKFDVRRVG,0.351,seqfam80_c0d10ee076cb2bf3d881,WETRKKKKGKGGKKFDVRRVG,false,false,10,K10W,WETRKKKAGWGGKKFDVRRVG,6f75bf45074c2a18ae419cc0f4180af941f7ff36a30326406459421a32e1d8a4,activity-rescue-6f75bf45074c2a18ae41,41.404761904761905,1,0.2857142857142857,5.988,false,search_prefilter,2489.88,11.5205078125,0.19047619047619047,0.1282978088282499,0.49,0.277,low,0.49,0.0,Non-Toxin,0.139,true,true,true
acea,6,masked_substitution,autoresearch-macrel-endpoint-rescue-v1,e8c3701e7bdcc82702a58323f6b0cc08f840dba2270179fbaccfdc6985176dea,bc02352bb473c92b6fcf7c42d9860343d11497d71aeccc96394fc7e5d4074476,bc02352bb473c92b6fcf7c42d9860343d11497d71aeccc96394fc7e5d4074476,NWGKKSKISRKDFKRRKKARN,0.277,seqfam80_95a309f07a26e82b65df,NWKKKSKISRKDFKRRKKARN,false,false,1,N1I,IWGKKSKISRKDFKRRKKARN,6de309c78c7a3bc0571c53c5599a16acd92a90d28375a850855661edd097f784,activity-rescue-6de309c78c7a3bc0571c,43.6,2,0.23809523809523808,9.986,false,search_prefilter,2631.14,12.18994140625,0.19047619047619047,0.20913337803839613,0.416,0.465,low,0.54,0.04,Non-Toxin,0.13899999999999996,true,true,true
acea,6,masked_substitution,autoresearch-macrel-endpoint-rescue-v1,7fb68d668be50f0df0482e366dcbbfcb8f0adc89eb1619b344c4676038b09adf,38ce71881832b80db5c156222fe40039ff0447f844bb3b7f5a85f2889b7c8fc2,38ce71881832b80db5c156222fe40039ff0447f844bb3b7f5a85f2889b7c8fc2,WETRKKKKGKGGKGFDVRRVG,0.342,seqfam80_c0d10ee076cb2bf3d881,WETRKKKKGKGGKKFDVRRVG,false,false,10,K10I,WETRKKKKGIGGKGFDVRRVG,c1d8eb406b5879af5be689f3eb62d3fde75afee90a8fb8a9799b692a053600e1,activity-rescue-c1d8eb406b5879af5be6,28.338095238095235,1,0.23809523809523808,5.988,false,search_prefilter,2402.8,11.5205078125,0.19047619047619047,0.24064223509953978,0.48,0.257,low,0.38,0.38,Non-Toxin,0.13799999999999996,true,true,true
acea,6,masked_substitution,autoresearch-macrel-endpoint-rescue-v1,5855aeb26fc143b06e2b43439755ef59afd3b3c38e89837ed421ad05ef6dc677,6e01943f86dd79b1576f8e8cd4e5181743ddc553e630f2d86614cc7da2245894,6e01943f86dd79b1576f8e8cd4e5181743ddc553e630f2d86614cc7da2245894,WETRGKKKGKGGKKFDVRRVG,0.332,seqfam80_c0d10ee076cb2bf3d881,WETRKKKKGKGGKKFDVRRVG,false,false,4,R4A,WETAGKKKGKGGKKFDVRRVG,b67c5aa4bfcd8ab944fb10bad177f5cd11d7b975d5f1144a4e4a0a173c3370dc,activity-rescue-b67c5aa4bfcd8ab944fb,24.295238095238094,1,0.23809523809523808,5.987,false,search_prefilter,2332.71,11.25537109375,0.19047619047619047,0.16613367533912296,0.47,0.297,low,0.38,0.38,Non-Toxin,0.13799999999999996,true,true,true
acea,6,masked_substitution,autoresearch-macrel-endpoint-rescue-v1,de3c558a5e8caad635596e7afc1d661e022166e0a2febda0de3125ee9f91c41c,25433306e0fad434fed3662cd954138dff1440e2cbb9ceacbd696c36edbd164f,25433306e0fad434fed3662cd954138dff1440e2cbb9ceacbd696c36edbd164f,WETRKGKKGKGGKKFDVRRVG,0.332,seqfam80_c0d10ee076cb2bf3d881,WETRKKKKGKGGKKFDVRRVG,false,false,8,K8A,WETRKGKAGKGGKKFDVRRVG,e6c4cae2749207e4ef7383deef23849d2475f3c5bdca7b5dcb38ea4471cc5481,activity-rescue-e6c4cae2749207e4ef73,24.295238095238094,1,0.23809523809523808,5.988,false,search_prefilter,2360.72,11.5205078125,0.19047619047619047,0.18722841169939144,0.47,0.277,low,0.425,0.0,Non-Toxin,0.13799999999999996,true,true,true
acea,6,masked_substitution,autoresearch-macrel-endpoint-rescue-v1,2f084f2210b89967cad15c60957afc32334c6b9b9302355a1accb7a47a984f15,8864edfedc2a5da62b6149bf7c5f420ef54060192db1f552827e3c6211471b21,8864edfedc2a5da62b6149bf7c5f420ef54060192db1f552827e3c6211471b21,WETRKKKGGKGGKKFDVRRVG,0.361,seqfam80_c0d10ee076cb2bf3d881,WETRKKKKGKGGKKFDVRRVG,false,false,6,K6F,WETRKFKGGKGGKKFDVRRVG,a68e34616e0475e8183c2e26997039d226ea715c13870386ac617278a25a9fc6,activity-rescue-a68e34616e0475e8183c,27.057142857142857,1,0.23809523809523808,5.988,false,search_prefilter,2436.82,11.5205078125,0.19047619047619047,0.21182088065176585,0.495,0.287,low,0.345,0.345,Non-Toxin,0.134,true,true,true
acea,6,masked_substitution,autoresearch-macrel-endpoint-rescue-v1,613978fdfc9efba71f73530c938e209659a81cbf5682f304b6602b5466004088,6e01943f86dd79b1576f8e8cd4e5181743ddc553e630f2d86614cc7da2245894,6e01943f86dd79b1576f8e8cd4e5181743ddc553e630f2d86614cc7da2245894,WETRGKKKGKGGKKFDVRRVG,0.332,seqfam80_c0d10ee076cb2bf3d881,WETRKKKKGKGGKKFDVRRVG,false,false,19,R19Y,WETRGKKKGKGGKKFDVRYVG,7994c73f33ce40206af6b088969bd3705f6e8764ea24982e92ee9a056ecc707b,activity-rescue-7994c73f33ce40206af6,-10.614285714285714,2,0.23809523809523808,5.985,false,search_prefilter,2424.81,10.972412109375,0.14285714285714285,0.29496825942282606,0.465,0.426,low,0.38,0.38,Non-Toxin,0.133,true,true,true
acea,6,masked_substitution,autoresearch-macrel-endpoint-rescue-v1,2f0ed4328e4b107cea2bdc21fdfbfa2102900df8a6278c433af03455c3d0dbf9,6e01943f86dd79b1576f8e8cd4e5181743ddc553e630f2d86614cc7da2245894,6e01943f86dd79b1576f8e8cd4e5181743ddc553e630f2d86614cc7da2245894,WETRGKKKGKGGKKFDVRRVG,0.332,seqfam80_c0d10ee076cb2bf3d881,WETRKKKKGKGGKKFDVRRVG,false,false,18,R18Y,WETRGKKKGKGGKKFDVYRVG,8bd93a880d9d7736e4b24f79a40b76b95a880dbb4cdecb0bf89cee19b18c52f1,activity-rescue-8bd93a880d9d7736e4b2,-18.666666666666668,2,0.23809523809523808,5.985,false,search_prefilter,2424.81,10.972412109375,0.14285714285714285,0.10047411614876783,0.465,0.426,low,0.355,0.355,Non-Toxin,0.133,true,true,true
acea,6,masked_substitution,autoresearch-macrel-endpoint-rescue-v1,e4a324ec47361bcc1666cf6b696c845aac937c217f9fb64993f81c70a62858ce,25433306e0fad434fed3662cd954138dff1440e2cbb9ceacbd696c36edbd164f,25433306e0fad434fed3662cd954138dff1440e2cbb9ceacbd696c36edbd164f,WETRKGKKGKGGKKFDVRRVG,0.332,seqfam80_c0d10ee076cb2bf3d881,WETRKKKKGKGGKKFDVRRVG,false,false,14,K14I,WETRKGKKGKGGKIFDVRRVG,3a1204cbf2c2c2601ec59e6859d246e32e8eaedcd214d346655cfc576d570794,activity-rescue-3a1204cbf2c2c2601ec5,16.20952380952381,2,0.23809523809523808,5.988,false,search_prefilter,2402.81,11.5205078125,0.19047619047619047,0.22880645919182244,0.465,0.347,low,0.335,0.335,Non-Toxin,0.133,true,true,true
acea,6,masked_substitution,autoresearch-macrel-endpoint-rescue-v1,405f903425569d3fd188acbca6cf5b0b1fd04ec54f901e0c5cd57b3e33bf3daa,25433306e0fad434fed3662cd954138dff1440e2cbb9ceacbd696c36edbd164f,25433306e0fad434fed3662cd954138dff1440e2cbb9ceacbd696c36edbd164f,WETRKGKKGKGGKKFDVRRVG,0.332,seqfam80_c0d10ee076cb2bf3d881,WETRKKKKGKGGKKFDVRRVG,false,false,18,R18Y,WETRKGKKGKGGKKFDVYRVG,f91476528c01998d834ffce1651c5f4cafd33777d9bfd7044464a49769fcb88f,activity-rescue-f91476528c01998d834f,-18.666666666666668,2,0.23809523809523808,5.985,false,search_prefilter,2424.81,10.972412109375,0.14285714285714285,0.13841704525353477,0.465,0.356,low,0.35,0.35,Non-Toxin,0.133,true,true,true
acea,6,masked_substitution,autoresearch-macrel-endpoint-rescue-v1,ecdfa16d11e5f4fd5a29856cd9d606451e3753080cc96d165d146e25ec106631,38ce71881832b80db5c156222fe40039ff0447f844bb3b7f5a85f2889b7c8fc2,38ce71881832b80db5c156222fe40039ff0447f844bb3b7f5a85f2889b7c8fc2,WETRKKKKGKGGKGFDVRRVG,0.342,seqfam80_c0d10ee076cb2bf3d881,WETRKKKKGKGGKKFDVRRVG,false,false,8,K8Y,WETRKKKYGKGGKGFDVRRVG,49dab02e8a71b2edcf76c5300c4ab02276d438643d99296a5e0e75f9cae75210,activity-rescue-49dab02e8a71b2edcf76,24.295238095238094,1,0.23809523809523808,5.986,false,search_prefilter,2452.82,11.163330078125,0.14285714285714285,0.0713783449282438,0.475,0.307,low,0.355,0.355,Non-Toxin,0.13299999999999995,true,true,true
acea,6,masked_substitution,autoresearch-macrel-endpoint-rescue-v1,a432b24a3c8466149e3a5b48e1f3b5735ce6fd57ad5ced4f293611f543bf1ef2,c4177c4d22b728745d322bd123887eead290cfc4aa0ce2c9110508594e260baf,c4177c4d22b728745d322bd123887eead290cfc4aa0ce2c9110508594e260baf,WETRKKKKGKGGKKFDVRAVG,0.366,seqfam80_c0d10ee076cb2bf3d881,WETRKKKKGKGGKKFDVRRVG,false,false,14,K14F,WETRKKKKGKGGKFFDVRAVG,e066711ccd26f091c856e46861f665fdc5a7120d2518018fd18b055e3e4d5c2c,activity-rescue-e066711ccd26f091c856,1.0619047619047612,2,0.2857142857142857,5.987,false,search_prefilter,2422.84,11.25537109375,0.23809523809523808,0.08834486664970553,0.495,0.366,low,0.45,0.0,Non-Toxin,0.129,true,true,true
acea,6,masked_substitution,autoresearch-macrel-endpoint-rescue-v1,0ecaa2a957a442904ed2b0e6241e5ad0b01c446304255d3e181df6a19e4982c1,c4177c4d22b728745d322bd123887eead290cfc4aa0ce2c9110508594e260baf,c4177c4d22b728745d322bd123887eead290cfc4aa0ce2c9110508594e260baf,WETRKKKKGKGGKKFDVRAVG,0.366,seqfam80_c0d10ee076cb2bf3d881,WETRKKKKGKGGKKFDVRRVG,false,false,14,K14W,WETRKKKKGKGGKWFDVRAVG,577b8f4beb19ec74204380a67cc3c93ce841e32bc56e996d33363ac3313e484e,activity-rescue-577b8f4beb19ec742043,1.0619047619047612,2,0.2857142857142857,5.987,false,search_prefilter,2461.87,11.25537109375,0.19047619047619047,0.10579692279252759,0.495,0.366,low,0.395,0.0,Non-Toxin,0.129,true,true,true
acea,6,masked_substitution,autoresearch-macrel-endpoint-rescue-v1,c081772aa0612bba0e457bbc122ef198d1980db206d06f630bebd528ca359dab,c4177c4d22b728745d322bd123887eead290cfc4aa0ce2c9110508594e260baf,c4177c4d22b728745d322bd123887eead290cfc4aa0ce2c9110508594e260baf,WETRKKKKGKGGKKFDVRAVG,0.366,seqfam80_c0d10ee076cb2bf3d881,WETRKKKKGKGGKKFDVRRVG,false,false,13,K13W,WETRKKKKGKGGWKFDVRAVG,fe26a6ea9fd5ae6f6be2a32c20bd32b9f06eb78e5cb6f7624b8da749c36857e2,activity-rescue-fe26a6ea9fd5ae6f6be2,10.980952380952377,2,0.2857142857142857,5.987,false,search_prefilter,2461.87,11.25537109375,0.19047619047619047,0.2696373348406401,0.495,0.386,low,0.48,0.0,Non-Toxin,0.129,true,true,true
acea,6,masked_substitution,autoresearch-macrel-endpoint-rescue-v1,9cfccb2f9fcfc80024670704ee8d833d337a03e6d21d27b47a1c474c98945f0c,8864edfedc2a5da62b6149bf7c5f420ef54060192db1f552827e3c6211471b21,8864edfedc2a5da62b6149bf7c5f420ef54060192db1f552827e3c6211471b21,WETRKKKGGKGGKKFDVRRVG,0.361,seqfam80_c0d10ee076cb2bf3d881,WETRKKKKGKGGKKFDVRRVG,false,false,14,K14I,WETRKKKGGKGGKIFDVRRVG,0abf3bea6dfbcd23e8d902ac65ee62100e66962dcb463703f9ed7bdf86b75c6e,activity-rescue-0abf3bea6dfbcd23e8d9,30.171428571428567,2,0.23809523809523808,5.988,false,search_prefilter,2402.81,11.5205078125,0.19047619047619047,0.04723529905554073,0.49,0.287,low,0.345,0.345,Non-Toxin,0.129,true,true,true
acea,6,masked_substitution,autoresearch-macrel-endpoint-rescue-v1,555e8ae37fda9818d7b95496848670daa4aa45ec6abf38a2972cb0a183f5253c,8864edfedc2a5da62b6149bf7c5f420ef54060192db1f552827e3c6211471b21,8864edfedc2a5da62b6149bf7c5f420ef54060192db1f552827e3c6211471b21,WETRKKKGGKGGKKFDVRRVG,0.361,seqfam80_c0d10ee076cb2bf3d881,WETRKKKKGKGGKKFDVRRVG,false,false,14,K14W,WETRKKKGGKGGKWFDVRRVG,18f11b39e8a957653a7a9ec619813f7daabfa9bb1c94a838841f192ec8d210d9,activity-rescue-18f11b39e8a957653a7a,34.214285714285715,2,0.23809523809523808,5.988,false,search_prefilter,2475.86,11.5205078125,0.14285714285714285,0.05781962731923779,0.49,0.297,low,0.365,0.0,Non-Toxin,0.129,true,true,true
acea,6,masked_substitution,autoresearch-macrel-endpoint-rescue-v1,0e617b4cf3350496fb34536a983be464e8d761972e5de4ef6ed06ba1c204af8f,98a7157f13468de08bb141ea0cc3b6f292d6782f2ce393d78008daa8cc099d32,98a7157f13468de08bb141ea0cc3b6f292d6782f2ce393d78008daa8cc099d32,WETRKKKAGKGGKKFDVRRVG,0.351,seqfam80_c0d10ee076cb2bf3d881,WETRKKKKGKGGKKFDVRRVG,false,false,14,K14F,WETRKKKAGKGGKFFDVRRVG,9b7a3f2a0e723f32455a686083460271d83595936c7635a81965d7b27d48b0cb,activity-rescue-9b7a3f2a0e723f32455a,32.38095238095239,2,0.2857142857142857,5.988,false,search_prefilter,2450.85,11.5205078125,0.23809523809523808,0.045122697241303675,0.48,0.307,low,0.46,0.0,Non-Toxin,0.129,true,true,true
acea,6,masked_substitution,autoresearch-macrel-endpoint-rescue-v1,cb1b205877223b787cdbb15e61c0a0cc8a55d35685a7bd584e01fc77431e58ca,98a7157f13468de08bb141ea0cc3b6f292d6782f2ce393d78008daa8cc099d32,98a7157f13468de08bb141ea0cc3b6f292d6782f2ce393d78008daa8cc099d32,WETRKKKAGKGGKKFDVRRVG,0.351,seqfam80_c0d10ee076cb2bf3d881,WETRKKKKGKGGKKFDVRRVG,false,false,13,K13W,WETRKKKAGKGGWKFDVRRVG,d897b4fab0aea0047d99324011b14da6d7b8ec798e639362685eeeaeb6678986,activity-rescue-d897b4fab0aea0047d99,42.3,1,0.2857142857142857,5.988,false,search_prefilter,2489.88,11.5205078125,0.19047619047619047,0.223558665510352,0.48,0.297,low,0.5,0.0,Non-Toxin,0.129,true,true,true
acea,6,masked_substitution,autoresearch-macrel-endpoint-rescue-v1,135ea16f832e64f6071b48878db433693bf2a90fc235da7ceef5edaf1d49f814,98a7157f13468de08bb141ea0cc3b6f292d6782f2ce393d78008daa8cc099d32,98a7157f13468de08bb141ea0cc3b6f292d6782f2ce393d78008daa8cc099d32,WETRKKKAGKGGKKFDVRRVG,0.351,seqfam80_c0d10ee076cb2bf3d881,WETRKKKKGKGGKKFDVRRVG,false,false,10,K10Y,WETRKKKAGYGGKKFDVRRVG,d44a7f8c116d37841130505462cd889de472fdce8864fd3de0ff6be6ed143895,activity-rescue-d44a7f8c116d37841130,32.38095238095239,1,0.2857142857142857,5.986,false,search_prefilter,2466.85,11.163330078125,0.19047619047619047,0.12611697958590407,0.48,0.267,low,0.365,0.0,Non-Toxin,0.129,true,true,true
acea,6,masked_substitution,autoresearch-macrel-endpoint-rescue-v1,efde6afbceb9b99925d070ba57eea91f953b4ae2fb83e3b33319c93812a4a5d2,bc02352bb473c92b6fcf7c42d9860343d11497d71aeccc96394fc7e5d4074476,bc02352bb473c92b6fcf7c42d9860343d11497d71aeccc96394fc7e5d4074476,NWGKKSKISRKDFKRRKKARN,0.277,seqfam80_95a309f07a26e82b65df,NWKKKSKISRKDFKRRKKARN,false,false,1,N1A,AWGKKSKISRKDFKRRKKARN,d0271b43bda8c9d59c12c699b834c58fb20370a53486f0a62b36dc8288f98535,activity-rescue-d0271b43bda8c9d59c12,43.6,2,0.23809523809523808,9.986,false,search_prefilter,2589.06,12.18994140625,0.19047619047619047,0.18271646848258868,0.406,0.446,low,0.525,0.025,Non-Toxin,0.129,true,true,true
acea,6,masked_substitution,autoresearch-macrel-endpoint-rescue-v1,98c6393b95a78f8b5b3bbf6e823df85374fb63564694800023ccc3cb49226bd0,bc02352bb473c92b6fcf7c42d9860343d11497d71aeccc96394fc7e5d4074476,bc02352bb473c92b6fcf7c42d9860343d11497d71aeccc96394fc7e5d4074476,NWGKKSKISRKDFKRRKKARN,0.277,seqfam80_95a309f07a26e82b65df,NWKKKSKISRKDFKRRKKARN,false,false,12,D12V,NWGKKSKISRKVFKRRKKARN,453ff99bd0d297151450e5642d1853ace4a3e703fb82f6d23684494779d4688c,activity-rescue-453ff99bd0d297151450,38.20952380952381,2,0.23809523809523808,10.986,false,search_prefilter,2616.13,12.62353515625,0.19047619047619047,0.22229185661851977,0.406,0.465,low,0.545,0.045,Non-Toxin,0.129,true,true,true
acea,6,masked_substitution,autoresearch-macrel-endpoint-rescue-v1,570f563e86b93e2eb260470c9edcaec3cd639232444b6a268f6668ad2e92ad4c,dd885e5f3c1824c9e80e5809e388263edea6ecb5efee9392fb964005614bf909,dd885e5f3c1824c9e80e5809e388263edea6ecb5efee9392fb964005614bf909,NWKGKSKISRKDFKRRKKARN,0.267,seqfam80_95a309f07a26e82b65df,NWKKKSKISRKDFKRRKKARN,false,false,12,D12V,NWKGKSKISRKVFKRRKKARN,1df9b735188bcc7858ded2cb13e9772ad44e081a7ce981686c03379257edb882,activity-rescue-1df9b735188bcc7858de,39.10476190476191,2,0.23809523809523808,10.986,false,search_prefilter,2616.13,12.62353515625,0.19047619047619047,0.30413823397801076,0.396,0.465,low,0.57,0.07,Non-Toxin,0.129,true,true,true
acea,6,masked_substitution,autoresearch-macrel-endpoint-rescue-v1,35e05b37248d2e2ad98afe7c4a63eb8628b72e1220241c081621af62b51a8101,2d7f4f34253cd3212d27d752ecec565d413b8993a382f4ac6d38edf45e9366ec,2d7f4f34253cd3212d27d752ecec565d413b8993a382f4ac6d38edf45e9366ec,NWKKKSKISRKDFGRRKKARN,0.267,seqfam80_95a309f07a26e82b65df,NWKKKSKISRKDFKRRKKARN,false,false,12,D12V,NWKKKSKISRKVFGRRKKARN,4d0039b77cc79cfbbf8adadd2144153649f20591db00c7f2cada6d1da6557fa7,activity-rescue-4d0039b77cc79cfbbf8a,38.82380952380952,2,0.23809523809523808,10.986,false,search_prefilter,2616.13,12.62353515625,0.19047619047619047,0.21345846996175077,0.396,0.465,low,0.575,0.075,Non-Toxin,0.129,true,true,true
acea,6,masked_substitution,autoresearch-macrel-endpoint-rescue-v1,368ee9a378f8810dc7f1196554754eae4d615e08c250dc2adfafb9bf69910a12,8864edfedc2a5da62b6149bf7c5f420ef54060192db1f552827e3c6211471b21,8864edfedc2a5da62b6149bf7c5f420ef54060192db1f552827e3c6211471b21,WETRKKKGGKGGKKFDVRRVG,0.361,seqfam80_c0d10ee076cb2bf3d881,WETRKKKKGKGGKKFDVRRVG,false,false,7,K7F,WETRKKFGGKGGKKFDVRRVG,26efcaf681996e7ccc9f346b0a619ddb0e05487f800b7f80e0c01155fd9f736d,activity-rescue-26efcaf681996e7ccc9f,38.25714285714286,1,0.23809523809523808,5.988,false,search_prefilter,2436.82,11.5205078125,0.19047619047619047,0.023202032417887257,0.485,0.396,low,0.365,0.365,Non-Toxin,0.124,true,true,true
acea,6,masked_substitution,autoresearch-macrel-endpoint-rescue-v1,6b01094fff8eadd877ada3f0b8cd6c1c6c108e50b7b833c13e5c5a14195d92e7,38ce71881832b80db5c156222fe40039ff0447f844bb3b7f5a85f2889b7c8fc2,38ce71881832b80db5c156222fe40039ff0447f844bb3b7f5a85f2889b7c8fc2,WETRKKKKGKGGKGFDVRRVG,0.342,seqfam80_c0d10ee076cb2bf3d881,WETRKKKKGKGGKKFDVRRVG,false,false,4,R4A,WETAKKKKGKGGKGFDVRRVG,b4d6e1283bc9f264463eae747165b1f0ac7c42ae072b3d95798cd517783e40be,activity-rescue-b4d6e1283bc9f264463e,24.295238095238094,1,0.23809523809523808,5.987,false,search_prefilter,2332.71,11.25537109375,0.19047619047619047,0.029378938827931318,0.465,0.257,low,0.355,0.355,Non-Toxin,0.123,true,true,true
acea,6,masked_substitution,autoresearch-macrel-endpoint-rescue-v1,22b8af1d34cb7a600da831fa61f30562b6c5cbebfcc8fe244743277d64ce5990,6e01943f86dd79b1576f8e8cd4e5181743ddc553e630f2d86614cc7da2245894,6e01943f86dd79b1576f8e8cd4e5181743ddc553e630f2d86614cc7da2245894,WETRGKKKGKGGKKFDVRRVG,0.332,seqfam80_c0d10ee076cb2bf3d881,WETRKKKKGKGGKKFDVRRVG,false,false,6,K6F,WETRGFKKGKGGKKFDVRRVG,84bae834dbcfee2b73b0ca541d5263b2eb0b415ab5f16832aeff30b4b655f466,activity-rescue-84bae834dbcfee2b73b0,17.13809523809524,1,0.23809523809523808,5.988,false,search_prefilter,2436.82,11.5205078125,0.19047619047619047,0.3058577395933898,0.455,0.366,low,0.38,0.38,Non-Toxin,0.123,true,true,true
acea,6,masked_substitution,autoresearch-macrel-endpoint-rescue-v1,8743f51ea711788a9407ed754c6b5de2d9f02487c8a03d061773cd2a2bccf414,6e01943f86dd79b1576f8e8cd4e5181743ddc553e630f2d86614cc7da2245894,6e01943f86dd79b1576f8e8cd4e5181743ddc553e630f2d86614cc7da2245894,WETRGKKKGKGGKKFDVRRVG,0.332,seqfam80_c0d10ee076cb2bf3d881,WETRKKKKGKGGKKFDVRRVG,false,false,19,R19A,WETRGKKKGKGGKKFDVRAVG,2488a84a8a9161f4add6206281cd4894f12d3c13c26da4bd31e41dbc5d376cfb,activity-rescue-2488a84a8a9161f4add6,-7.023809523809525,2,0.23809523809523808,5.987,false,search_prefilter,2332.71,11.25537109375,0.19047619047619047,0.306576951161963,0.455,0.396,low,0.45,0.0,Non-Toxin,0.123,true,true,true
acea,6,masked_substitution,autoresearch-macrel-endpoint-rescue-v1,e1261d8be8bc5ad3106dc96ddd8d45049cac2fb7c54d6cfb6558aa586507f2af,6e01943f86dd79b1576f8e8cd4e5181743ddc553e630f2d86614cc7da2245894,6e01943f86dd79b1576f8e8cd4e5181743ddc553e630f2d86614cc7da2245894,WETRGKKKGKGGKKFDVRRVG,0.332,seqfam80_c0d10ee076cb2bf3d881,WETRKKKKGKGGKKFDVRRVG,false,false,6,K6Y,WETRGYKKGKGGKKFDVRRVG,28fe6e90018faf43d9d7844375751d2b4262891f4efa95f74adeac1a47b3c5af,activity-rescue-28fe6e90018faf43d9d7,20.25238095238095,1,0.23809523809523808,5.986,false,search_prefilter,2452.82,11.163330078125,0.14285714285714285,0.2750978045218244,0.455,0.337,low,0.32,0.32,Non-Toxin,0.123,true,true,true
acea,6,masked_substitution,autoresearch-macrel-endpoint-rescue-v1,6289cbe41c58569781767b9b756dc0728454ae7bccf9d95bb259ab038822afd2,25433306e0fad434fed3662cd954138dff1440e2cbb9ceacbd696c36edbd164f,25433306e0fad434fed3662cd954138dff1440e2cbb9ceacbd696c36edbd164f,WETRKGKKGKGGKKFDVRRVG,0.332,seqfam80_c0d10ee076cb2bf3d881,WETRKKKKGKGGKKFDVRRVG,false,false,19,R19A,WETRKGKKGKGGKKFDVRAVG,855d828af6a49e08e5b52bc4fa8a97bc674ac1104e900caee11a0cbcf1ae024c,activity-rescue-855d828af6a49e08e5b5,-7.023809523809525,2,0.23809523809523808,5.987,false,search_prefilter,2332.71,11.25537109375,0.19047619047619047,0.23137976633067373,0.455,0.366,low,0.43,0.0,Non-Toxin,0.123,true,true,true
acea,6,masked_substitution,autoresearch-macrel-endpoint-rescue-v1,f94da4b10ec762c600e683005123c50e380d778b64991e2e6dc1015a9695909b,c4177c4d22b728745d322bd123887eead290cfc4aa0ce2c9110508594e260baf,c4177c4d22b728745d322bd123887eead290cfc4aa0ce2c9110508594e260baf,WETRKKKKGKGGKKFDVRAVG,0.366,seqfam80_c0d10ee076cb2bf3d881,WETRKKKKGKGGKKFDVRRVG,false,false,13,K13F,WETRKKKKGKGGFKFDVRAVG,1af370f324139ec9b30f3207729fd12b90a23548310d2556c57d7e00d7a6a3f4,activity-rescue-1af370f324139ec9b30f,-2.0523809523809526,2,0.2857142857142857,5.987,false,search_prefilter,2422.84,11.25537109375,0.23809523809523808,0.2823139107300817,0.485,0.396,low,0.43,0.0,Non-Toxin,0.119,true,true,true
acea,6,masked_substitution,autoresearch-macrel-endpoint-rescue-v1,8e7139592d64b4dc08dff1a8dfcb6fcef876fc58404cd97496077c1da451ca7c,c4177c4d22b728745d322bd123887eead290cfc4aa0ce2c9110508594e260baf,c4177c4d22b728745d322bd123887eead290cfc4aa0ce2c9110508594e260baf,WETRKKKKGKGGKKFDVRAVG,0.366,seqfam80_c0d10ee076cb2bf3d881,WETRKKKKGKGGKKFDVRRVG,false,false,7,K7W,WETRKKWKGKGGKKFDVRAVG,5f506e4192055505d52a742638d8b93bd40326da4e6bd9c34b0cb9fb37138f6a,activity-rescue-5f506e4192055505d52a,1.0619047619047612,2,0.2857142857142857,5.987,false,search_prefilter,2461.87,11.25537109375,0.19047619047619047,0.10723756228307006,0.485,0.406,low,0.485,0.0,Non-Toxin,0.119,true,true,true
acea,6,masked_substitution,autoresearch-macrel-endpoint-rescue-v1,45d29b1d87a14f9a0549ef3927c1cfae827db387d8391c455a8296bdc3a4ac08,c4177c4d22b728745d322bd123887eead290cfc4aa0ce2c9110508594e260baf,c4177c4d22b728745d322bd123887eead290cfc4aa0ce2c9110508594e260baf,WETRKKKKGKGGKKFDVRAVG,0.366,seqfam80_c0d10ee076cb2bf3d881,WETRKKKKGKGGKKFDVRRVG,false,false,6,K6W,WETRKWKKGKGGKKFDVRAVG,8078b8db9dd6a82816f47672da3cbf2dd9e028ba2434d9875fec9433b7ad637a,activity-rescue-8078b8db9dd6a82816f4,1.0619047619047612,2,0.2857142857142857,5.987,false,search_prefilter,2461.87,11.25537109375,0.19047619047619047,0.23795074584759177,0.485,0.396,low,0.485,0.0,Non-Toxin,0.119,true,true,true
acea,6,masked_substitution,autoresearch-macrel-endpoint-rescue-v1,d89e3407dcfc315fb9e1e18981dd4c33ff7064244342b3a6742f683bd60b4892,8864edfedc2a5da62b6149bf7c5f420ef54060192db1f552827e3c6211471b21,8864edfedc2a5da62b6149bf7c5f420ef54060192db1f552827e3c6211471b21,WETRKKKGGKGGKKFDVRRVG,0.361,seqfam80_c0d10ee076cb2bf3d881,WETRKKKKGKGGKKFDVRRVG,false,false,7,K7A,WETRKKAGGKGGKKFDVRRVG,c11308b86404f0354d029f8ecf51a097a50ae1de0c4a596c6a62d7540c6e6ea7,activity-rescue-c11308b86404f0354d02,38.25714285714286,1,0.23809523809523808,5.988,false,search_prefilter,2360.72,11.5205078125,0.19047619047619047,0.05050713810691114,0.48,0.356,low,0.43,0.0,Non-Toxin,0.119,true,true,true
acea,6,masked_substitution,autoresearch-macrel-endpoint-rescue-v1,8268976e6e33762e88ef412fb8627754f815375042e0e99ae1751896178c6ca3,8864edfedc2a5da62b6149bf7c5f420ef54060192db1f552827e3c6211471b21,8864edfedc2a5da62b6149bf7c5f420ef54060192db1f552827e3c6211471b21,WETRKKKGGKGGKKFDVRRVG,0.361,seqfam80_c0d10ee076cb2bf3d881,WETRKKKKGKGGKKFDVRRVG,false,false,14,K14Y,WETRKKKGGKGGKYFDVRRVG,aec21c3417d7be5fd98f618c10364734a09687dd3800a184c50c53c997f28928,activity-rescue-aec21c3417d7be5fd98f,34.214285714285715,2,0.23809523809523808,5.986,false,search_prefilter,2452.82,11.163330078125,0.14285714285714285,0.07616710810794321,0.48,0.297,low,0.33,0.33,Non-Toxin,0.119,true,true,true
acea,6,masked_substitution,autoresearch-macrel-endpoint-rescue-v1,012e6597f5f4c50a853110034d56acb10a95af9edbdcb145d31426bea1377d5d,8864edfedc2a5da62b6149bf7c5f420ef54060192db1f552827e3c6211471b21,8864edfedc2a5da62b6149bf7c5f420ef54060192db1f552827e3c6211471b21,WETRKKKGGKGGKKFDVRRVG,0.361,seqfam80_c0d10ee076cb2bf3d881,WETRKKKKGKGGKKFDVRRVG,false,false,13,K13Y,WETRKKKGGKGGYKFDVRRVG,65b935221c59bf0345b269a7b73609b89a596821155985ffab701054a21ac31f,activity-rescue-65b935221c59bf0345b2,34.214285714285715,1,0.23809523809523808,5.986,false,search_prefilter,2452.82,11.163330078125,0.14285714285714285,0.2045413985890303,0.48,0.287,low,0.305,0.305,Non-Toxin,0.119,true,true,true
acea,6,masked_substitution,autoresearch-macrel-endpoint-rescue-v1,e1e98ed64d80b681385e92def2f1b263c1b8f751c82842632a1fa2bfce804374,dd885e5f3c1824c9e80e5809e388263edea6ecb5efee9392fb964005614bf909,dd885e5f3c1824c9e80e5809e388263edea6ecb5efee9392fb964005614bf909,NWKGKSKISRKDFKRRKKARN,0.267,seqfam80_95a309f07a26e82b65df,NWKKKSKISRKDFKRRKKARN,false,false,12,D12A,NWKGKSKISRKAFKRRKKARN,c37cdbc5fa49fde202f05ac349f5b2f1f5bceb040669b685ecc40121660304cc,activity-rescue-c37cdbc5fa49fde202f0,43.14761904761905,2,0.23809523809523808,10.986,false,search_prefilter,2588.08,12.62353515625,0.19047619047619047,0.28132194139568273,0.386,0.436,low,0.61,0.11,Non-Toxin,0.119,true,true,true
acea,6,masked_substitution,autoresearch-macrel-endpoint-rescue-v1,88c2c516d7d132d6287f5238f67649193c38d5136215d0c5c9ea040333af7593,2d7f4f34253cd3212d27d752ecec565d413b8993a382f4ac6d38edf45e9366ec,2d7f4f34253cd3212d27d752ecec565d413b8993a382f4ac6d38edf45e9366ec,NWKKKSKISRKDFGRRKKARN,0.267,seqfam80_95a309f07a26e82b65df,NWKKKSKISRKDFKRRKKARN,false,false,12,D12A,NWKKKSKISRKAFGRRKKARN,b048446715fb77641ebaa8e12b4afea56bb33e6d3f363694d30d7d256218503f,activity-rescue-b048446715fb77641eba,42.86666666666667,2,0.23809523809523808,10.986,false,search_prefilter,2588.08,12.62353515625,0.19047619047619047,0.19236739275543538,0.386,0.426,low,0.615,0.115,Non-Toxin,0.119,true,true,true
acea,6,masked_substitution,autoresearch-macrel-endpoint-rescue-v1,b906be9d452b9747d200b3bf8b1b2ec040aa63954e733786f167ebc5943d94cb,6e60c9a8e4ed7eba0c1028b2ed920c1c089819631ee60c031da91bda6fc110db,6e60c9a8e4ed7eba0c1028b2ed920c1c089819631ee60c031da91bda6fc110db,NWKKKSKISRKDFKRRKKAGN,0.267,seqfam80_95a309f07a26e82b65df,NWKKKSKISRKDFKRRKKARN,false,false,12,D12V,NWKKKSKISRKVFKRRKKAGN,73938b16f84cc6129174671d844dc9219fc0f7f824ae4c35626ca26e48010d75,activity-rescue-73938b16f84cc6129174,37.27142857142857,2,0.23809523809523808,10.985,false,search_prefilter,2588.12,12.4833984375,0.19047619047619047,0.39978186878853367,0.386,0.475,low,0.615,0.115,Non-Toxin,0.119,true,true,true
acea,6,masked_substitution,autoresearch-macrel-endpoint-rescue-v1,dad597c2130e8aeb1ddc6889bf7723a8572c04901444c4fc00d6bebf799092ac,6e01943f86dd79b1576f8e8cd4e5181743ddc553e630f2d86614cc7da2245894,6e01943f86dd79b1576f8e8cd4e5181743ddc553e630f2d86614cc7da2245894,WETRGKKKGKGGKKFDVRRVG,0.332,seqfam80_c0d10ee076cb2bf3d881,WETRKKKKGKGGKKFDVRRVG,false,false,6,K6A,WETRGAKKGKGGKKFDVRRVG,cd75c483ff3978a1a3183bfce16b35c20d554149a3c44b932d30e48a794bff00,activity-rescue-cd75c483ff3978a1a318,20.25238095238095,1,0.23809523809523808,5.988,false,search_prefilter,2360.72,11.5205078125,0.19047619047619047,0.2864423532643404,0.45,0.307,low,0.36,0.36,Non-Toxin,0.118,true,true,true
acea,6,masked_substitution,autoresearch-macrel-endpoint-rescue-v1,440c2d2c3473a1fc324c0a484b4a33fc0068de61ed2f1a5534f5f9bf4cf24bde,6e01943f86dd79b1576f8e8cd4e5181743ddc553e630f2d86614cc7da2245894,6e01943f86dd79b1576f8e8cd4e5181743ddc553e630f2d86614cc7da2245894,WETRGKKKGKGGKKFDVRRVG,0.332,seqfam80_c0d10ee076cb2bf3d881,WETRKKKKGKGGKKFDVRRVG,false,false,13,K13A,WETRGKKKGKGGAKFDVRRVG,6dbb94de099cfa8e3ee4c9d838f7f1f9a324b02b967e5af6dab658567953910c,activity-rescue-6dbb94de099cfa8e3ee4,20.25238095238095,1,0.23809523809523808,5.988,false,search_prefilter,2360.72,11.5205078125,0.19047619047619047,0.30893499517907436,0.45,0.317,low,0.36,0.36,Non-Toxin,0.118,true,true,true
acea,6,masked_substitution,autoresearch-macrel-endpoint-rescue-v1,2dd30850e58ccb2e29ca7f5a12f79909b376057553e6d6c373169762fa43f6be,25433306e0fad434fed3662cd954138dff1440e2cbb9ceacbd696c36edbd164f,25433306e0fad434fed3662cd954138dff1440e2cbb9ceacbd696c36edbd164f,WETRKGKKGKGGKKFDVRRVG,0.332,seqfam80_c0d10ee076cb2bf3d881,WETRKKKKGKGGKKFDVRRVG,false,false,13,K13A,WETRKGKKGKGGAKFDVRRVG,52315902fbc6fb83d436f43083764734bdd2f80080d95e324a831383ff13201b,activity-rescue-52315902fbc6fb83d436,20.25238095238095,1,0.23809523809523808,5.988,false,search_prefilter,2360.72,11.5205078125,0.19047619047619047,0.33540197952294054,0.45,0.307,low,0.345,0.345,Non-Toxin,0.118,true,true,true
acea,6,masked_substitution,autoresearch-macrel-endpoint-rescue-v1,d5759fc0d764b2fd6f246237f25c701d8c15204cb9a0a34b5d775ceb6352a34a,25433306e0fad434fed3662cd954138dff1440e2cbb9ceacbd696c36edbd164f,25433306e0fad434fed3662cd954138dff1440e2cbb9ceacbd696c36edbd164f,WETRKGKKGKGGKKFDVRRVG,0.332,seqfam80_c0d10ee076cb2bf3d881,WETRKKKKGKGGKKFDVRRVG,false,false,13,K13V,WETRKGKKGKGGVKFDVRRVG,5308eec20e29be4b53baaf4258820f9910ad6586835a799a52356f47a63fd9c5,activity-rescue-5308eec20e29be4b53ba,22.92380952380952,1,0.23809523809523808,5.988,false,search_prefilter,2388.78,11.5205078125,0.19047619047619047,0.3581012942139773,0.45,0.317,low,0.375,0.0,Non-Toxin,0.118,true,true,true
acea,6,masked_substitution,autoresearch-macrel-endpoint-rescue-v1,8de45e58f39c3f5f2f378bff45882e923dd90b4de2fae6bba6bc3f9a4304c3ce,25433306e0fad434fed3662cd954138dff1440e2cbb9ceacbd696c36edbd164f,25433306e0fad434fed3662cd954138dff1440e2cbb9ceacbd696c36edbd164f,WETRKGKKGKGGKKFDVRRVG,0.332,seqfam80_c0d10ee076cb2bf3d881,WETRKKKKGKGGKKFDVRRVG,false,false,5,K5V,WETRVGKKGKGGKKFDVRRVG,ecb656109bd77dd9ea55b2df226b5da9d2a9e2ddde3f1cc60e0e98ffa028ef14,activity-rescue-ecb656109bd77dd9ea55,20.25238095238095,1,0.23809523809523808,5.988,false,search_prefilter,2388.78,11.5205078125,0.19047619047619047,0.30113743652331454,0.45,0.317,low,0.33,0.33,Non-Toxin,0.118,true,true,true
acea,6,masked_substitution,autoresearch-macrel-endpoint-rescue-v1,b3cdc61254dfefa96cd909dc78d20b8df0a4d000b676144c7d896444095ce4dd,8864edfedc2a5da62b6149bf7c5f420ef54060192db1f552827e3c6211471b21,8864edfedc2a5da62b6149bf7c5f420ef54060192db1f552827e3c6211471b21,WETRKKKGGKGGKKFDVRRVG,0.361,seqfam80_c0d10ee076cb2bf3d881,WETRKKKKGKGGKKFDVRRVG,false,false,7,K7Y,WETRKKYGGKGGKKFDVRRVG,2d6b26fdd11dbf5d9195555dc0363f6a2702e8b59ea514380407641c6aa4e129,activity-rescue-2d6b26fdd11dbf5d9195,34.214285714285715,1,0.23809523809523808,5.986,false,search_prefilter,2452.82,11.163330078125,0.14285714285714285,0.06758358315831649,0.475,0.396,low,0.355,0.355,Non-Toxin,0.11399999999999999,true,true,true
acea,6,masked_substitution,autoresearch-macrel-endpoint-rescue-v1,38fdbe9610c50a285ff8c191ad69e71cf77a31d723533f1b8ac191cd2fb34a30,25433306e0fad434fed3662cd954138dff1440e2cbb9ceacbd696c36edbd164f,25433306e0fad434fed3662cd954138dff1440e2cbb9ceacbd696c36edbd164f,WETRKGKKGKGGKKFDVRRVG,0.332,seqfam80_c0d10ee076cb2bf3d881,WETRKKKKGKGGKKFDVRRVG,false,false,3,T3L,WELRKGKKGKGGKKFDVRRVG,247cf0cab81b3fc454624efb45a22116a96efd79b72e499a2cfa17fd0ddff087,activity-rescue-247cf0cab81b3fc45462,29.42380952380952,1,0.23809523809523808,6.987,false,search_prefilter,2429.87,11.567626953125,0.19047619047619047,0.24185020444141264,0.446,0.317,low,0.38,0.38,Non-Toxin,0.11399999999999999,true,true,true
acea,6,masked_substitution,autoresearch-macrel-endpoint-rescue-v1,f2a32cd3c1e3e08535ea06772c5cbbc66f7aa6d7c8d51aba4f1740b104ba8977,25433306e0fad434fed3662cd954138dff1440e2cbb9ceacbd696c36edbd164f,25433306e0fad434fed3662cd954138dff1440e2cbb9ceacbd696c36edbd164f,WETRKGKKGKGGKKFDVRRVG,0.332,seqfam80_c0d10ee076cb2bf3d881,WETRKKKKGKGGKKFDVRRVG,false,false,19,R19V,WETRKGKKGKGGKKFDVRVVG,892087873ee45cf6f6ef0724d42a7cfe862f070a8e6f910e6c72285809612fac,activity-rescue-892087873ee45cf6f6ef,-7.023809523809525,2,0.23809523809523808,5.987,false,search_prefilter,2360.77,11.25537109375,0.19047619047619047,0.239077679356341,0.446,0.386,low,0.365,0.0,Non-Toxin,0.11399999999999999,true,true,true
acea,6,masked_substitution,autoresearch-macrel-endpoint-rescue-v1,99e9aaed46cc7447d04b8c7ebb8eef7e65287ff9353ac9969aad7e71704f9758,25433306e0fad434fed3662cd954138dff1440e2cbb9ceacbd696c36edbd164f,25433306e0fad434fed3662cd954138dff1440e2cbb9ceacbd696c36edbd164f,WETRKGKKGKGGKKFDVRRVG,0.332,seqfam80_c0d10ee076cb2bf3d881,WETRKKKKGKGGKKFDVRRVG,false,false,5,K5Y,WETRYGKKGKGGKKFDVRRVG,e594a7329cf579042a295c6af5d4b6ac0fdd99342fbf587c0aeb769bcbdef33a,activity-rescue-e594a7329cf579042a29,16.661904761904754,1,0.23809523809523808,5.986,false,search_prefilter,2452.82,11.163330078125,0.14285714285714285,0.2755963010291983,0.446,0.376,low,0.345,0.345,Non-Toxin,0.11399999999999999,true,true,true
acea,6,masked_substitution,autoresearch-macrel-endpoint-rescue-v1,b600272a90e936142a0e8b1263e90283329ea14dabb7e88d62eeb56890c8b377,38ce71881832b80db5c156222fe40039ff0447f844bb3b7f5a85f2889b7c8fc2,38ce71881832b80db5c156222fe40039ff0447f844bb3b7f5a85f2889b7c8fc2,WETRKKKKGKGGKGFDVRRVG,0.342,seqfam80_c0d10ee076cb2bf3d881,WETRKKKKGKGGKKFDVRRVG,false,false,3,T3I,WEIRKKKKGKGGKGFDVRRVG,b17e85223b3bbf4171ceca1422a438fc8e928dde4d00a9f3c033a8e8fc02a5d9,activity-rescue-b17e85223b3bbf4171ce,33.466666666666676,1,0.23809523809523808,6.987,false,search_prefilter,2429.87,11.567626953125,0.19047619047619047,0.16448176641907325,0.455,0.317,low,0.375,0.375,Non-Toxin,0.11299999999999999,true,true,true
acea,6,masked_substitution,autoresearch-macrel-endpoint-rescue-v1,c925a07749a3026576bd9530765e6e98468ad752b6856a3a9425d8c3af250fca,38ce71881832b80db5c156222fe40039ff0447f844bb3b7f5a85f2889b7c8fc2,38ce71881832b80db5c156222fe40039ff0447f844bb3b7f5a85f2889b7c8fc2,WETRKKKKGKGGKGFDVRRVG,0.342,seqfam80_c0d10ee076cb2bf3d881,WETRKKKKGKGGKKFDVRRVG,false,false,3,T3L,WELRKKKKGKGGKGFDVRRVG,ebcd088fa2283feab337053cd8dd9ead7cf3a487a5bd57d6eb80db1a58d48ead,activity-rescue-ebcd088fa2283feab337,33.466666666666676,1,0.23809523809523808,6.987,false,search_prefilter,2429.87,11.567626953125,0.19047619047619047,0.1552227585558415,0.455,0.317,low,0.365,0.365,Non-Toxin,0.11299999999999999,true,true,true
acea,6,masked_substitution,autoresearch-macrel-endpoint-rescue-v1,e4eb114b6edd43a256d01088be844680a72faeba734974fe1fd360d4702402d0,38ce71881832b80db5c156222fe40039ff0447f844bb3b7f5a85f2889b7c8fc2,38ce71881832b80db5c156222fe40039ff0447f844bb3b7f5a85f2889b7c8fc2,WETRKKKKGKGGKGFDVRRVG,0.342,seqfam80_c0d10ee076cb2bf3d881,WETRKKKKGKGGKKFDVRRVG,false,false,13,K13A,WETRKKKKGKGGAGFDVRRVG,d01a39416ee3219450dcd0276a7878db891ed63e855917ac0d7f3fe8fc115302,activity-rescue-d01a39416ee3219450dc,28.338095238095235,1,0.23809523809523808,5.988,false,search_prefilter,2360.73,11.5205078125,0.19047619047619047,0.22882787972775234,0.455,0.228,low,0.355,0.355,Non-Toxin,0.11299999999999999,true,true,true
acea,6,masked_substitution,autoresearch-macrel-endpoint-rescue-v1,4ca0ea877c5487b4092ef772a1e1b4fb1d81ae93ee23ce96ea3c0b45e8371838,38ce71881832b80db5c156222fe40039ff0447f844bb3b7f5a85f2889b7c8fc2,38ce71881832b80db5c156222fe40039ff0447f844bb3b7f5a85f2889b7c8fc2,WETRKKKKGKGGKGFDVRRVG,0.342,seqfam80_c0d10ee076cb2bf3d881,WETRKKKKGKGGKKFDVRRVG,false,false,5,K5Y,WETRYKKKGKGGKGFDVRRVG,a2c2cb310c6c4133ade5b6b48b5b52f195b07e0be08d01b27002cc39e9223793,activity-rescue-a2c2cb310c6c4133ade5,20.704761904761902,1,0.23809523809523808,5.986,false,search_prefilter,2452.82,11.163330078125,0.14285714285714285,0.15477620476139475,0.455,0.337,low,0.365,0.365,Non-Toxin,0.11299999999999999,true,true,true
acea,6,masked_substitution,autoresearch-macrel-endpoint-rescue-v1,a4faef927e5e6cfe35d17e90412327abaee7c18d2e26effe9acd3f411d401957,98a7157f13468de08bb141ea0cc3b6f292d6782f2ce393d78008daa8cc099d32,98a7157f13468de08bb141ea0cc3b6f292d6782f2ce393d78008daa8cc099d32,WETRKKKAGKGGKKFDVRRVG,0.351,seqfam80_c0d10ee076cb2bf3d881,WETRKKKKGKGGKKFDVRRVG,false,false,14,K14Y,WETRKKKAGKGGKYFDVRRVG,3ed0ab4c3d96e6704753248924d3a0f5dfafd6dc0f0242e9e8f9833094e6dbb4,activity-rescue-3ed0ab4c3d96e6704753,32.38095238095239,2,0.2857142857142857,5.986,false,search_prefilter,2466.85,11.163330078125,0.19047619047619047,0.07552925747615952,0.46,0.406,low,0.415,0.0,Non-Toxin,0.10900000000000004,true,true,true
acea,6,masked_substitution,autoresearch-macrel-endpoint-rescue-v1,d1f17785a09b4ede89da6ff4a29daf04af41dfea846e4a534906820dc6ac1013,98a7157f13468de08bb141ea0cc3b6f292d6782f2ce393d78008daa8cc099d32,98a7157f13468de08bb141ea0cc3b6f292d6782f2ce393d78008daa8cc099d32,WETRKKKAGKGGKKFDVRRVG,0.351,seqfam80_c0d10ee076cb2bf3d881,WETRKKKKGKGGKKFDVRRVG,false,false,13,K13Y,WETRKKKAGKGGYKFDVRRVG,544843d4749b6128bd0e03ae10cb9835f897f26df1ac598573fb66c7b627ec71,activity-rescue-544843d4749b6128bd0e,32.38095238095239,1,0.2857142857142857,5.986,false,search_prefilter,2466.85,11.163330078125,0.19047619047619047,0.20357585811255513,0.46,0.297,low,0.39,0.0,Non-Toxin,0.10900000000000004,true,true,true
acea,6,masked_substitution,autoresearch-macrel-endpoint-rescue-v1,07ed18b1a725b8b2e87fb8a5fb4eae59e832c4f9dc88a96755fb5d4f4b4fad1a,c4177c4d22b728745d322bd123887eead290cfc4aa0ce2c9110508594e260baf,c4177c4d22b728745d322bd123887eead290cfc4aa0ce2c9110508594e260baf,WETRKKKKGKGGKKFDVRAVG,0.366,seqfam80_c0d10ee076cb2bf3d881,WETRKKKKGKGGKKFDVRRVG,false,false,14,K14Y,WETRKKKKGKGGKYFDVRAVG,412c3fc123ca7ebfc1755dec524d375220a8aba52c5bc807c96e9a56b9ba9a4f,activity-rescue-412c3fc123ca7ebfc175,1.0619047619047612,2,0.2857142857142857,5.985,false,search_prefilter,2438.84,10.972412109375,0.19047619047619047,0.13093325682345597,0.475,0.356,low,0.37,0.0,Non-Toxin,0.10899999999999999,true,true,true
acea,6,masked_substitution,autoresearch-macrel-endpoint-rescue-v1,4b444ad9a6d6be68230c65b16f967f6af2d32f8b5a1edf5a3e46426df58526e5,8864edfedc2a5da62b6149bf7c5f420ef54060192db1f552827e3c6211471b21,8864edfedc2a5da62b6149bf7c5f420ef54060192db1f552827e3c6211471b21,WETRKKKGGKGGKKFDVRRVG,0.361,seqfam80_c0d10ee076cb2bf3d881,WETRKKKKGKGGKKFDVRRVG,false,false,5,K5V,WETRVKKGGKGGKKFDVRRVG,240ab96b8421bb4bf42f84646bdc86614968de53e761a5076c95fb1bcea3c7fe,activity-rescue-240ab96b8421bb4bf42f,32.84285714285715,1,0.23809523809523808,5.988,false,search_prefilter,2388.78,11.5205078125,0.19047619047619047,0.27172137311656425,0.47,0.495,low,0.325,0.325,Non-Toxin,0.10899999999999999,true,true,true
acea,6,masked_substitution,autoresearch-macrel-endpoint-rescue-v1,33ff494141e55964dfa0e413cdf18b54c8bdc23bb71f772086822597e32bce4a,8864edfedc2a5da62b6149bf7c5f420ef54060192db1f552827e3c6211471b21,8864edfedc2a5da62b6149bf7c5f420ef54060192db1f552827e3c6211471b21,WETRKKKGGKGGKKFDVRRVG,0.361,seqfam80_c0d10ee076cb2bf3d881,WETRKKKKGKGGKKFDVRRVG,false,false,4,R4V,WETVKKKGGKGGKKFDVRRVG,b57cc986f66d3ace1fc2636df1282cab103011b928651576471aceb2369b1eb5,activity-rescue-b57cc986f66d3ace1fc2,32.84285714285715,1,0.23809523809523808,5.987,false,search_prefilter,2360.77,11.25537109375,0.19047619047619047,0.16697502159319977,0.47,0.416,low,0.345,0.345,Non-Toxin,0.10899999999999999,true,true,true
acea,6,masked_substitution,autoresearch-macrel-endpoint-rescue-v1,350c3d9f0beb851283ba75a67a663e149753429d7d1aa08c4be08d4ca1f15448,6e01943f86dd79b1576f8e8cd4e5181743ddc553e630f2d86614cc7da2245894,6e01943f86dd79b1576f8e8cd4e5181743ddc553e630f2d86614cc7da2245894,WETRGKKKGKGGKKFDVRRVG,0.332,seqfam80_c0d10ee076cb2bf3d881,WETRKKKKGKGGKKFDVRRVG,false,false,6,K6V,WETRGVKKGKGGKKFDVRRVG,45200be28bdc0c43011a54a13743dc73ea60c4dd3b1187f70ddfa66166e9cbbb,activity-rescue-45200be28bdc0c43011a,22.92380952380952,1,0.23809523809523808,5.988,false,search_prefilter,2388.78,11.5205078125,0.19047619047619047,0.30241924604607967,0.441,0.317,low,0.375,0.375,Non-Toxin,0.10899999999999999,true,true,true
acea,6,masked_substitution,autoresearch-macrel-endpoint-rescue-v1,666eb7c0832040204a2a64c112d92dc5b2e361aa4dbf0b35f890beda82442a03,6e01943f86dd79b1576f8e8cd4e5181743ddc553e630f2d86614cc7da2245894,6e01943f86dd79b1576f8e8cd4e5181743ddc553e630f2d86614cc7da2245894,WETRGKKKGKGGKKFDVRRVG,0.332,seqfam80_c0d10ee076cb2bf3d881,WETRKKKKGKGGKKFDVRRVG,false,false,4,R4V,WETVGKKKGKGGKKFDVRRVG,1fb39a175b6cc404bbb4d5297b1088c3c4e216d9ee72545342890e63bfb6f181,activity-rescue-1fb39a175b6cc404bbb4,20.25238095238095,1,0.23809523809523808,5.987,false,search_prefilter,2360.77,11.25537109375,0.19047619047619047,0.16616816060118775,0.441,0.337,low,0.355,0.355,Non-Toxin,0.10899999999999999,true,true,true
acea,6,masked_substitution,autoresearch-macrel-endpoint-rescue-v1,49075b67525910d0d1aea642d297e791124d87be6fcdcb64dd9bc3dab91a9d9d,bc02352bb473c92b6fcf7c42d9860343d11497d71aeccc96394fc7e5d4074476,bc02352bb473c92b6fcf7c42d9860343d11497d71aeccc96394fc7e5d4074476,NWGKKSKISRKDFKRRKKARN,0.277,seqfam80_95a309f07a26e82b65df,NWKKKSKISRKDFKRRKKARN,false,false,12,D12A,NWGKKSKISRKAFKRRKKARN,bc9cac6eb2ba5ce7c1a4d96402a604b5d9e7b4230ddb573d6c3629918da0db24,activity-rescue-bc9cac6eb2ba5ce7c1a4,42.25238095238096,2,0.23809523809523808,10.986,false,search_prefilter,2588.08,12.62353515625,0.19047619047619047,0.20276661960998904,0.386,0.426,low,0.56,0.06,Non-Toxin,0.10899999999999999,true,true,true
acea,6,masked_substitution,autoresearch-macrel-endpoint-rescue-v1,6e575c662850e6a0f72bb9c24ee7a48669171aeba7d01f737e00e7560065d3cc,bc02352bb473c92b6fcf7c42d9860343d11497d71aeccc96394fc7e5d4074476,bc02352bb473c92b6fcf7c42d9860343d11497d71aeccc96394fc7e5d4074476,NWGKKSKISRKDFKRRKKARN,0.277,seqfam80_95a309f07a26e82b65df,NWKKKSKISRKDFKRRKKARN,false,false,1,N1W,WWGKKSKISRKDFKRRKKARN,eec23c6f508dd029c0cef55a60f98f2be578f25c1562b0decbad4b591c43cda8,activity-rescue-eec23c6f508dd029c0ce,43.6,2,0.23809523809523808,9.986,false,search_prefilter,2704.19,12.18994140625,0.14285714285714285,0.18881902130561118,0.386,0.475,low,0.6,0.1,Non-Toxin,0.10899999999999999,true,true,true
acea,6,masked_substitution,autoresearch-macrel-endpoint-rescue-v1,9910c484e8e7e851a4b5dd3105cb6236e4dc10c3d5538bd54c4830aacfca52a2,bc02352bb473c92b6fcf7c42d9860343d11497d71aeccc96394fc7e5d4074476,bc02352bb473c92b6fcf7c42d9860343d11497d71aeccc96394fc7e5d4074476,NWGKKSKISRKDFKRRKKARN,0.277,seqfam80_95a309f07a26e82b65df,NWKKKSKISRKDFKRRKKARN,false,false,1,N1Y,YWGKKSKISRKDFKRRKKARN,ec3a152630a1a8b353635299e9b3fe1ce5ab63eddaa332f7cfb988706696860b,activity-rescue-ec3a152630a1a8b35363,38.661904761904765,2,0.23809523809523808,9.984,false,search_prefilter,2681.16,11.854736328125,0.14285714285714285,0.17186716461925267,0.386,0.446,low,0.525,0.025,Non-Toxin,0.10899999999999999,true,true,true
acea,6,masked_substitution,autoresearch-macrel-endpoint-rescue-v1,c68f95e5fa152fd418a29c6a32ce185e6ea93dd4a22db9f17f9c683e8278e9ac,38ce71881832b80db5c156222fe40039ff0447f844bb3b7f5a85f2889b7c8fc2,38ce71881832b80db5c156222fe40039ff0447f844bb3b7f5a85f2889b7c8fc2,WETRKKKKGKGGKGFDVRRVG,0.342,seqfam80_c0d10ee076cb2bf3d881,WETRKKKKGKGGKKFDVRRVG,false,false,8,K8A,WETRKKKAGKGGKGFDVRRVG,2e944b020e804846ab54c4fef47d774be03366d345fc42b79056efd61ab7b959,activity-rescue-2e944b020e804846ab54,28.338095238095235,1,0.23809523809523808,5.988,false,search_prefilter,2360.72,11.5205078125,0.19047619047619047,0.06698413239747135,0.45,0.317,low,0.41,0.0,Non-Toxin,0.10799999999999998,true,true,true
acea,6,masked_substitution,autoresearch-macrel-endpoint-rescue-v1,5abcd8869d5b2439e10d9826757a0e28736233359a7ff70bb4a9317829d07f59,38ce71881832b80db5c156222fe40039ff0447f844bb3b7f5a85f2889b7c8fc2,38ce71881832b80db5c156222fe40039ff0447f844bb3b7f5a85f2889b7c8fc2,WETRKKKKGKGGKGFDVRRVG,0.342,seqfam80_c0d10ee076cb2bf3d881,WETRKKKKGKGGKKFDVRRVG,false,false,4,R4V,WETVKKKKGKGGKGFDVRRVG,c23ca52d5eb4a447c86addd1d2b61f7c1a11f0623fdcf6f0af62f8a607b4823e,activity-rescue-c23ca52d5eb4a447c86a,22.92380952380952,1,0.23809523809523808,5.987,false,search_prefilter,2360.77,11.25537109375,0.19047619047619047,0.048698046478770414,0.45,0.297,low,0.355,0.355,Non-Toxin,0.10799999999999998,true,true,true
acea,6,masked_substitution,autoresearch-macrel-endpoint-rescue-v1,b25d6c0272cff2e68a9fc4164ab10c04a0468e748b947736bc6372b5d9d2583a,38ce71881832b80db5c156222fe40039ff0447f844bb3b7f5a85f2889b7c8fc2,38ce71881832b80db5c156222fe40039ff0447f844bb3b7f5a85f2889b7c8fc2,WETRKKKKGKGGKGFDVRRVG,0.342,seqfam80_c0d10ee076cb2bf3d881,WETRKKKKGKGGKKFDVRRVG,false,false,5,K5F,WETRFKKKGKGGKGFDVRRVG,8097b65e9988349562236cc91146491ddbb9dc36a3339fbaff31a1f24227ff0b,activity-rescue-8097b65e998834956223,17.13809523809524,1,0.23809523809523808,5.988,false,search_prefilter,2436.82,11.5205078125,0.19047619047619047,0.1835151198897243,0.446,0.376,low,0.37,0.37,Non-Toxin,0.10399999999999998,true,true,true
acea,6,masked_substitution,autoresearch-macrel-endpoint-rescue-v1,7d70bc93ef694723585a057e29d8d11fc1f10e8e9c06d8b2291404e2e4215471,38ce71881832b80db5c156222fe40039ff0447f844bb3b7f5a85f2889b7c8fc2,38ce71881832b80db5c156222fe40039ff0447f844bb3b7f5a85f2889b7c8fc2,WETRKKKKGKGGKGFDVRRVG,0.342,seqfam80_c0d10ee076cb2bf3d881,WETRKKKKGKGGKKFDVRRVG,false,false,6,K6F,WETRKFKKGKGGKGFDVRRVG,7949901a200ecd86cd7e8ea549d50a2b4090dadd3a2fb215f3a05434ef96dd5b,activity-rescue-7949901a200ecd86cd7e,17.13809523809524,1,0.23809523809523808,5.988,false,search_prefilter,2436.82,11.5205078125,0.19047619047619047,0.2559333456915863,0.446,0.337,low,0.37,0.37,Non-Toxin,0.10399999999999998,true,true,true
acea,6,masked_substitution,autoresearch-macrel-endpoint-rescue-v1,5e3a9c3c7ce9091f009b156ed37d8b213d23556e730d575a0c8bf90d2cacf9f5,38ce71881832b80db5c156222fe40039ff0447f844bb3b7f5a85f2889b7c8fc2,38ce71881832b80db5c156222fe40039ff0447f844bb3b7f5a85f2889b7c8fc2,WETRKKKKGKGGKGFDVRRVG,0.342,seqfam80_c0d10ee076cb2bf3d881,WETRKKKKGKGGKKFDVRRVG,false,false,6,K6Y,WETRKYKKGKGGKGFDVRRVG,c9f25cabea97e01d41dffbe87520f40b35e0bac835f23e0f16c5796cf8c280d0,activity-rescue-c9f25cabea97e01d41df,24.295238095238094,1,0.23809523809523808,5.986,false,search_prefilter,2452.82,11.163330078125,0.14285714285714285,0.21142435496931872,0.446,0.277,low,0.35,0.35,Non-Toxin,0.10399999999999998,true,true,true
acea,6,masked_substitution,autoresearch-macrel-endpoint-rescue-v1,c82d09d932dea7babf067ebc83796dfb05b0195f37649e4ca713823330b8277e,38ce71881832b80db5c156222fe40039ff0447f844bb3b7f5a85f2889b7c8fc2,38ce71881832b80db5c156222fe40039ff0447f844bb3b7f5a85f2889b7c8fc2,WETRKKKKGKGGKGFDVRRVG,0.342,seqfam80_c0d10ee076cb2bf3d881,WETRKKKKGKGGKKFDVRRVG,false,false,4,R4Y,WETYKKKKGKGGKGFDVRRVG,1b606bb01970ee12c93f35b7addf4c971ae3b3fa0b57b9dde105892bc434587c,activity-rescue-1b606bb01970ee12c93f,24.295238095238094,1,0.23809523809523808,5.985,false,search_prefilter,2424.81,10.972412109375,0.14285714285714285,0.020434115327675736,0.446,0.307,low,0.36,0.36,Non-Toxin,0.10399999999999998,true,true,true
acea,6,masked_substitution,autoresearch-macrel-endpoint-rescue-v1,0424fbb85cd5d3de0077ec406a58b144a4acbb7a07b072d66de0956714c95ad2,25433306e0fad434fed3662cd954138dff1440e2cbb9ceacbd696c36edbd164f,25433306e0fad434fed3662cd954138dff1440e2cbb9ceacbd696c36edbd164f,WETRKGKKGKGGKKFDVRRVG,0.332,seqfam80_c0d10ee076cb2bf3d881,WETRKKKKGKGGKKFDVRRVG,false,false,4,R4A,WETAKGKKGKGGKKFDVRRVG,459ae67313c87cbbcac39026027f2544c4e10dd373efc6ebb23bbb132e425058,activity-rescue-459ae67313c87cbbcac3,20.25238095238095,1,0.23809523809523808,5.987,false,search_prefilter,2332.71,11.25537109375,0.19047619047619047,0.09278641398685464,0.436,0.287,low,0.36,0.36,Non-Toxin,0.10399999999999998,true,true,true
acea,6,masked_substitution,autoresearch-macrel-endpoint-rescue-v1,178ab820c30b4e22aaaaaf07b6418198f2b813e4231bcadad3183c21eeda75cf,25433306e0fad434fed3662cd954138dff1440e2cbb9ceacbd696c36edbd164f,25433306e0fad434fed3662cd954138dff1440e2cbb9ceacbd696c36edbd164f,WETRKGKKGKGGKKFDVRRVG,0.332,seqfam80_c0d10ee076cb2bf3d881,WETRKKKKGKGGKKFDVRRVG,false,false,10,K10A,WETRKGKKGAGGKKFDVRRVG,a0f9d9510420e7aaeaa9a87c23cfac2ad1d7a81438ca9a53bed89a0e2e0481ff,activity-rescue-a0f9d9510420e7aaeaa9,24.295238095238094,1,0.23809523809523808,5.988,false,search_prefilter,2360.72,11.5205078125,0.19047619047619047,0.2862987577648833,0.436,0.257,low,0.375,0.375,Non-Toxin,0.10399999999999998,true,true,true
acea,6,masked_substitution,autoresearch-macrel-endpoint-rescue-v1,20e5669ae61f92f8d99798cb81ba3f9b74e25877939795ec9c4ac4f70aabaf49,c4177c4d22b728745d322bd123887eead290cfc4aa0ce2c9110508594e260baf,c4177c4d22b728745d322bd123887eead290cfc4aa0ce2c9110508594e260baf,WETRKKKKGKGGKKFDVRAVG,0.366,seqfam80_c0d10ee076cb2bf3d881,WETRKKKKGKGGKKFDVRRVG,false,false,4,R4F,WETFKKKKGKGGKKFDVRAVG,bb3c1f60094ba63df7abf772eed94a682b7166762d105154371ddab861b00499,activity-rescue-bb3c1f60094ba63df7ab,-0.21904761904761944,2,0.2857142857142857,5.987,false,search_prefilter,2394.82,11.049560546875,0.23809523809523808,0.22825636001754454,0.465,0.446,low,0.48,0.0,Non-Toxin,0.09900000000000003,true,true,true
acea,6,masked_substitution,autoresearch-macrel-endpoint-rescue-v1,8c8d83089e7bdbc8126565bdbb92b9898e018ef2654f3c13c617f6c1b5355402,c4177c4d22b728745d322bd123887eead290cfc4aa0ce2c9110508594e260baf,c4177c4d22b728745d322bd123887eead290cfc4aa0ce2c9110508594e260baf,WETRKKKKGKGGKKFDVRAVG,0.366,seqfam80_c0d10ee076cb2bf3d881,WETRKKKKGKGGKKFDVRRVG,false,false,10,K10F,WETRKKKKGFGGKKFDVRAVG,40f69835e01573210bad681235a0467d4a12eac11681929e6acc5b99575e3c31,activity-rescue-40f69835e01573210bad,9.147619047619047,2,0.2857142857142857,5.987,false,search_prefilter,2422.84,11.25537109375,0.23809523809523808,0.16102736052346528,0.465,0.337,low,0.415,0.0,Non-Toxin,0.09900000000000003,true,true,true
acea,6,masked_substitution,autoresearch-macrel-endpoint-rescue-v1,619a4bc2697d7c3481f804eb87e9ba7409886e8cd5018bab5ef70a8264a9bb36,c4177c4d22b728745d322bd123887eead290cfc4aa0ce2c9110508594e260baf,c4177c4d22b728745d322bd123887eead290cfc4aa0ce2c9110508594e260baf,WETRKKKKGKGGKKFDVRAVG,0.366,seqfam80_c0d10ee076cb2bf3d881,WETRKKKKGKGGKKFDVRRVG,false,false,13,K13Y,WETRKKKKGKGGYKFDVRAVG,099ac7fb77ad8c75538b022679385d81a4123e9f475e65c0b1f8c9637df96faa,activity-rescue-099ac7fb77ad8c75538b,1.0619047619047612,2,0.2857142857142857,5.985,false,search_prefilter,2438.84,10.972412109375,0.19047619047619047,0.25300053906133674,0.465,0.376,low,0.365,0.0,Non-Toxin,0.09900000000000003,true,true,true
acea,6,masked_substitution,autoresearch-macrel-endpoint-rescue-v1,fbdfef5745a88457da083852a5b95457a0a723e61e0f9303fce00e4b1d463ac2,c4177c4d22b728745d322bd123887eead290cfc4aa0ce2c9110508594e260baf,c4177c4d22b728745d322bd123887eead290cfc4aa0ce2c9110508594e260baf,WETRKKKKGKGGKKFDVRAVG,0.366,seqfam80_c0d10ee076cb2bf3d881,WETRKKKKGKGGKKFDVRRVG,false,false,10,K10W,WETRKKKKGWGGKKFDVRAVG,7b7425e9e1fd5810b7b7a896bf973722074d1f19542771fb773f59e1cd7ddd2f,activity-rescue-7b7425e9e1fd5810b7b7,10.085714285714285,2,0.2857142857142857,5.987,false,search_prefilter,2461.87,11.25537109375,0.19047619047619047,0.16340113022510344,0.465,0.347,low,0.46,0.0,Non-Toxin,0.09900000000000003,true,true,true
acea,6,masked_substitution,autoresearch-macrel-endpoint-rescue-v1,c5ff5978eef63cdeb1a4be9a33d799aaa8d1a3bbd7eb92f87cded93b1cd0933d,c4177c4d22b728745d322bd123887eead290cfc4aa0ce2c9110508594e260baf,c4177c4d22b728745d322bd123887eead290cfc4aa0ce2c9110508594e260baf,WETRKKKKGKGGKKFDVRAVG,0.366,seqfam80_c0d10ee076cb2bf3d881,WETRKKKKGKGGKKFDVRRVG,false,false,4,R4W,WETWKKKKGKGGKKFDVRAVG,568fac4ec45a317baa49ce24581f5f8cfb6bb527ef314f9c9236ca8791e49d31,activity-rescue-568fac4ec45a317baa49,-6.095238095238094,2,0.2857142857142857,5.987,false,search_prefilter,2433.86,11.049560546875,0.19047619047619047,0.2201542317726799,0.465,0.406,low,0.495,0.0,Non-Toxin,0.09900000000000003,true,true,true
acea,6,masked_substitution,autoresearch-macrel-endpoint-rescue-v1,1109cfa8341cce85c2d63d721945021aedf435a2a87822ae0d414885676bb60b,8864edfedc2a5da62b6149bf7c5f420ef54060192db1f552827e3c6211471b21,8864edfedc2a5da62b6149bf7c5f420ef54060192db1f552827e3c6211471b21,WETRKKKGGKGGKKFDVRRVG,0.361,seqfam80_c0d10ee076cb2bf3d881,WETRKKKKGKGGKKFDVRRVG,false,false,10,K10A,WETRKKKGGAGGKKFDVRRVG,a0c3bbb3d40b1b677c240ad78126cdbf7d7d12d1638f034677a9cb5915fba44c,activity-rescue-a0c3bbb3d40b1b677c24,38.25714285714286,1,0.23809523809523808,5.988,false,search_prefilter,2360.72,11.5205078125,0.19047619047619047,0.13006321896269615,0.46,0.248,low,0.355,0.355,Non-Toxin,0.09900000000000003,true,true,true
acea,6,masked_substitution,autoresearch-macrel-endpoint-rescue-v1,397c676b8c0d48b4680932650aaabc4b632249d99c13f2d587696f2b88e2e6fa,38ce71881832b80db5c156222fe40039ff0447f844bb3b7f5a85f2889b7c8fc2,38ce71881832b80db5c156222fe40039ff0447f844bb3b7f5a85f2889b7c8fc2,WETRKKKKGKGGKGFDVRRVG,0.342,seqfam80_c0d10ee076cb2bf3d881,WETRKKKKGKGGKKFDVRRVG,false,false,13,K13V,WETRKKKKGKGGVGFDVRRVG,8eb38a475155bf39ff931a586713d6f13af5624e7449869e9354da9111e26511,activity-rescue-8eb38a475155bf39ff93,28.338095238095235,1,0.23809523809523808,5.988,false,search_prefilter,2388.78,11.5205078125,0.19047619047619047,0.25160588533811695,0.441,0.238,low,0.37,0.0,Non-Toxin,0.09899999999999998,true,true,true
acea,6,masked_substitution,autoresearch-macrel-endpoint-rescue-v1,03b47b91aaacbf622d84d5760fd433158b3acd51615f0bbdc8e5b2356fa41a09,38ce71881832b80db5c156222fe40039ff0447f844bb3b7f5a85f2889b7c8fc2,38ce71881832b80db5c156222fe40039ff0447f844bb3b7f5a85f2889b7c8fc2,WETRKKKKGKGGKGFDVRRVG,0.342,seqfam80_c0d10ee076cb2bf3d881,WETRKKKKGKGGKKFDVRRVG,false,false,8,K8V,WETRKKKVGKGGKGFDVRRVG,cc6312d518f65abc30b1b21d7e687c7338cdfbd581d4b646c45c542942a776a1,activity-rescue-cc6312d518f65abc30b1,20.25238095238095,1,0.23809523809523808,5.988,false,search_prefilter,2388.78,11.5205078125,0.19047619047619047,0.0677532350897223,0.441,0.426,low,0.365,0.365,Non-Toxin,0.09899999999999998,true,true,true
acea,6,masked_substitution,autoresearch-macrel-endpoint-rescue-v1,a1d2381e03977aa69c05626d4f502dc96cb6566b1a0fc55e07dc97ad3a16a640,6e01943f86dd79b1576f8e8cd4e5181743ddc553e630f2d86614cc7da2245894,6e01943f86dd79b1576f8e8cd4e5181743ddc553e630f2d86614cc7da2245894,WETRGKKKGKGGKKFDVRRVG,0.332,seqfam80_c0d10ee076cb2bf3d881,WETRKKKKGKGGKKFDVRRVG,false,false,13,K13V,WETRGKKKGKGGVKFDVRRVG,ae6952fefed931b77181187731c8bba92b000608ef4bb05489af710462f68b45,activity-rescue-ae6952fefed931b77181,22.92380952380952,1,0.23809523809523808,5.988,false,search_prefilter,2388.78,11.5205078125,0.19047619047619047,0.32845254209804764,0.431,0.347,low,0.375,0.0,Non-Toxin,0.09899999999999998,true,true,true
acea,6,masked_substitution,autoresearch-macrel-endpoint-rescue-v1,702894dfe9465d6dd39c2ea698a7ce3fc758ba9f5e86990a0858b1a4beaea951,25433306e0fad434fed3662cd954138dff1440e2cbb9ceacbd696c36edbd164f,25433306e0fad434fed3662cd954138dff1440e2cbb9ceacbd696c36edbd164f,WETRKGKKGKGGKKFDVRRVG,0.332,seqfam80_c0d10ee076cb2bf3d881,WETRKKKKGKGGKKFDVRRVG,false,false,10,K10V,WETRKGKKGVGGKKFDVRRVG,d88a7aa1285619e72366e3bf54a1a38232a70d9d45680762999f507d6c57b264,activity-rescue-d88a7aa1285619e72366,24.295238095238094,1,0.23809523809523808,5.988,false,search_prefilter,2388.78,11.5205078125,0.19047619047619047,0.3013256359469124,0.431,0.277,low,0.375,0.375,Non-Toxin,0.09899999999999998,true,true,true
acea,6,masked_substitution,autoresearch-macrel-endpoint-rescue-v1,13f93ff47512b9ef2262a905657b8a9e9ebbcdcf01a003f144378fc375b33669,6e60c9a8e4ed7eba0c1028b2ed920c1c089819631ee60c031da91bda6fc110db,6e60c9a8e4ed7eba0c1028b2ed920c1c089819631ee60c031da91bda6fc110db,NWKKKSKISRKDFKRRKKAGN,0.267,seqfam80_95a309f07a26e82b65df,NWKKKSKISRKDFKRRKKARN,false,false,12,D12A,NWKKKSKISRKAFKRRKKAGN,803a435e1ef33016edb21efb78c959f2a4906b5c49804e80edc3c5d15ec9ea97,activity-rescue-803a435e1ef33016edb2,41.31428571428572,2,0.23809523809523808,10.985,false,search_prefilter,2560.07,12.4833984375,0.19047619047619047,0.38221656468155124,0.366,0.436,low,0.64,0.14,Non-Toxin,0.09899999999999998,true,true,true
acea,6,masked_substitution,autoresearch-macrel-endpoint-rescue-v1,ed87dc792ad7e588a2f2d03a1d263d336d52b8594e361b436c494fd6bd9c3501,38ce71881832b80db5c156222fe40039ff0447f844bb3b7f5a85f2889b7c8fc2,38ce71881832b80db5c156222fe40039ff0447f844bb3b7f5a85f2889b7c8fc2,WETRKKKKGKGGKGFDVRRVG,0.342,seqfam80_c0d10ee076cb2bf3d881,WETRKKKKGKGGKKFDVRRVG,false,false,5,K5A,WETRAKKKGKGGKGFDVRRVG,3b2c2d5e2580c43393a66a7b80f6ceb06c1d07acae58acd561040b911f91baec,activity-rescue-3b2c2d5e2580c43393a6,24.295238095238094,1,0.23809523809523808,5.988,false,search_prefilter,2360.72,11.5205078125,0.19047619047619047,0.16494111509752618,0.436,0.257,low,0.345,0.345,Non-Toxin,0.09399999999999997,true,true,true
acea,6,masked_substitution,autoresearch-macrel-endpoint-rescue-v1,a4914af7c68ceaa5cf9e7c352aa7e8d9b043d87278677064dfd5f46117d05a86,38ce71881832b80db5c156222fe40039ff0447f844bb3b7f5a85f2889b7c8fc2,38ce71881832b80db5c156222fe40039ff0447f844bb3b7f5a85f2889b7c8fc2,WETRKKKKGKGGKGFDVRRVG,0.342,seqfam80_c0d10ee076cb2bf3d881,WETRKKKKGKGGKKFDVRRVG,false,false,10,K10A,WETRKKKKGAGGKGFDVRRVG,ef90e793b637f41d28681c87fe3bb703445910b18ba896cc518825c6d43ece5e,activity-rescue-ef90e793b637f41d2868,28.338095238095235,1,0.23809523809523808,5.988,false,search_prefilter,2360.72,11.5205078125,0.19047619047619047,0.2074344782684967,0.436,0.218,low,0.355,0.355,Non-Toxin,0.09399999999999997,true,true,true
acea,6,masked_substitution,autoresearch-macrel-endpoint-rescue-v1,8c5b2423615bf36e90184ef350905d274e74d49cb4dc4dab0c4910fad5112497,6e01943f86dd79b1576f8e8cd4e5181743ddc553e630f2d86614cc7da2245894,6e01943f86dd79b1576f8e8cd4e5181743ddc553e630f2d86614cc7da2245894,WETRGKKKGKGGKKFDVRRVG,0.332,seqfam80_c0d10ee076cb2bf3d881,WETRKKKKGKGGKKFDVRRVG,false,false,14,K14V,WETRGKKKGKGGKVFDVRRVG,8c6a654620ce64642a9509395f7f30ed5c97f6e5114ad9be58df1ef643206391,activity-rescue-8c6a654620ce64642a95,16.20952380952381,2,0.23809523809523808,5.988,false,search_prefilter,2388.78,11.5205078125,0.19047619047619047,0.14503109428401978,0.426,0.317,low,0.35,0.35,Non-Toxin,0.09399999999999997,true,true,true
acea,6,masked_substitution,autoresearch-macrel-endpoint-rescue-v1,33fecc74166ccef4d1541808b187557ad302721de03120516d456d25ed0cdd6d,6e01943f86dd79b1576f8e8cd4e5181743ddc553e630f2d86614cc7da2245894,6e01943f86dd79b1576f8e8cd4e5181743ddc553e630f2d86614cc7da2245894,WETRGKKKGKGGKKFDVRRVG,0.332,seqfam80_c0d10ee076cb2bf3d881,WETRKKKKGKGGKKFDVRRVG,false,false,7,K7V,WETRGKVKGKGGKKFDVRRVG,e40cdc50b8f82e4fbf411cd439a38505374149a0b511dc3e8cad855e70d73429,activity-rescue-e40cdc50b8f82e4fbf41,14.838095238095239,1,0.23809523809523808,5.988,false,search_prefilter,2388.78,11.5205078125,0.19047619047619047,0.11401713212348674,0.426,0.337,low,0.365,0.365,Non-Toxin,0.09399999999999997,true,true,true
acea,6,masked_substitution,autoresearch-macrel-endpoint-rescue-v1,6d8e403bfbeb1acc9fa7fc78c18050670cc55c424ebeea15e549325fd54049de,25433306e0fad434fed3662cd954138dff1440e2cbb9ceacbd696c36edbd164f,25433306e0fad434fed3662cd954138dff1440e2cbb9ceacbd696c36edbd164f,WETRKGKKGKGGKKFDVRRVG,0.332,seqfam80_c0d10ee076cb2bf3d881,WETRKKKKGKGGKKFDVRRVG,false,false,7,K7A,WETRKGAKGKGGKKFDVRRVG,d6a7715df51548ed2504efbb30a0ea5f96abdcf494479435fb9b24ae7e29f662,activity-rescue-d6a7715df51548ed2504,20.25238095238095,1,0.23809523809523808,5.988,false,search_prefilter,2360.72,11.5205078125,0.19047619047619047,0.18742957297997737,0.426,0.287,low,0.345,0.345,Non-Toxin,0.09399999999999997,true,true,true
acea,6,masked_substitution,autoresearch-macrel-endpoint-rescue-v1,e84dbf674076f571e740ade490a4d89189d97dd263278c750d3bbb137eccbff2,25433306e0fad434fed3662cd954138dff1440e2cbb9ceacbd696c36edbd164f,25433306e0fad434fed3662cd954138dff1440e2cbb9ceacbd696c36edbd164f,WETRKGKKGKGGKKFDVRRVG,0.332,seqfam80_c0d10ee076cb2bf3d881,WETRKKKKGKGGKKFDVRRVG,false,false,8,K8V,WETRKGKVGKGGKKFDVRRVG,2a37ed3ae0280629dd815016d8c7690c6e79a24f41b47e0c2fd43fdfd436cbee,activity-rescue-2a37ed3ae0280629dd81,16.20952380952381,1,0.23809523809523808,5.988,false,search_prefilter,2388.78,11.5205078125,0.19047619047619047,0.18238130411525974,0.426,0.366,low,0.365,0.365,Non-Toxin,0.09399999999999997,true,true,true
acea,6,masked_substitution,autoresearch-macrel-endpoint-rescue-v1,4cc81c1c6dc2e072c83736d386b17248a1e879f1132f66e20dc028fee2dfadcc,25433306e0fad434fed3662cd954138dff1440e2cbb9ceacbd696c36edbd164f,25433306e0fad434fed3662cd954138dff1440e2cbb9ceacbd696c36edbd164f,WETRKGKKGKGGKKFDVRRVG,0.332,seqfam80_c0d10ee076cb2bf3d881,WETRKKKKGKGGKKFDVRRVG,false,false,4,R4Y,WETYKGKKGKGGKKFDVRRVG,b457f531804688daba11f51f9a881528893f78a5abbaa05dcb31beadb524f848,activity-rescue-b457f531804688daba11,20.25238095238095,1,0.23809523809523808,5.985,false,search_prefilter,2424.81,10.972412109375,0.14285714285714285,0.10845641605462575,0.426,0.327,low,0.35,0.35,Non-Toxin,0.09399999999999997,true,true,true
acea,6,masked_substitution,autoresearch-macrel-endpoint-rescue-v1,d2b29ab113643503f84abc632d3c42eab321bd23f9bb1aca1d2d393605da1fbf,c4177c4d22b728745d322bd123887eead290cfc4aa0ce2c9110508594e260baf,c4177c4d22b728745d322bd123887eead290cfc4aa0ce2c9110508594e260baf,WETRKKKKGKGGKKFDVRAVG,0.366,seqfam80_c0d10ee076cb2bf3d881,WETRKKKKGKGGKKFDVRRVG,false,false,4,R4Y,WETYKKKKGKGGKKFDVRAVG,b8d987878fe67b8ed61d9e83d5f9ce43af678e60dedd552e5b9dc6803001ebf4,activity-rescue-b8d987878fe67b8ed61d,1.0619047619047612,2,0.2857142857142857,5.985,false,search_prefilter,2410.82,10.83056640625,0.19047619047619047,0.21098968419961686,0.455,0.416,low,0.43,0.0,Non-Toxin,0.08900000000000002,true,true,true
acea,6,masked_substitution,autoresearch-macrel-endpoint-rescue-v1,7321a7d93a31ef654f811d8018f6b85433953381411c9bac002e7e3031a58afa,8864edfedc2a5da62b6149bf7c5f420ef54060192db1f552827e3c6211471b21,8864edfedc2a5da62b6149bf7c5f420ef54060192db1f552827e3c6211471b21,WETRKKKGGKGGKKFDVRRVG,0.361,seqfam80_c0d10ee076cb2bf3d881,WETRKKKKGKGGKKFDVRRVG,false,false,13,K13A,WETRKKKGGKGGAKFDVRRVG,fdb6f153198f1faace806a3f20c7d56cbaa52838be60c824da0c9fa0f8182fb6,activity-rescue-fdb6f153198f1faace80,34.214285714285715,1,0.23809523809523808,5.988,false,search_prefilter,2360.72,11.5205078125,0.19047619047619047,0.21781632192544706,0.45,0.267,low,0.33,0.33,Non-Toxin,0.08900000000000002,true,true,true
acea,6,masked_substitution,autoresearch-macrel-endpoint-rescue-v1,8a1b266fc015cda44d01b3ad7095876a34456b3b30d748361af66ecc24e7ac84,8864edfedc2a5da62b6149bf7c5f420ef54060192db1f552827e3c6211471b21,8864edfedc2a5da62b6149bf7c5f420ef54060192db1f552827e3c6211471b21,WETRKKKGGKGGKKFDVRRVG,0.361,seqfam80_c0d10ee076cb2bf3d881,WETRKKKKGKGGKKFDVRRVG,false,false,10,K10V,WETRKKKGGVGGKKFDVRRVG,73ef685b06179febc82bcdc3902f56775df272908e997830c46928a40c0da4f6,activity-rescue-73ef685b06179febc82b,38.25714285714286,1,0.23809523809523808,5.988,false,search_prefilter,2388.78,11.5205078125,0.19047619047619047,0.13562642166259192,0.45,0.238,low,0.36,0.0,Non-Toxin,0.08900000000000002,true,true,true
acea,6,masked_substitution,autoresearch-macrel-endpoint-rescue-v1,895c7a7a0c0cd24a24cec4ae71e848ab2b3aaaaeacc49b697ccf0f4d5b423716,8864edfedc2a5da62b6149bf7c5f420ef54060192db1f552827e3c6211471b21,8864edfedc2a5da62b6149bf7c5f420ef54060192db1f552827e3c6211471b21,WETRKKKGGKGGKKFDVRRVG,0.361,seqfam80_c0d10ee076cb2bf3d881,WETRKKKKGKGGKKFDVRRVG,false,false,7,K7V,WETRKKVGGKGGKKFDVRRVG,719cf6c3f8cd93d89089b04f91a762972f7d7234976351eaf2c9fbdd94421a39,activity-rescue-719cf6c3f8cd93d89089,30.171428571428567,1,0.23809523809523808,5.988,false,search_prefilter,2388.78,11.5205078125,0.19047619047619047,0.02786569749735914,0.45,0.376,low,0.37,0.37,Non-Toxin,0.08900000000000002,true,true,true
acea,6,masked_substitution,autoresearch-macrel-endpoint-rescue-v1,bd2a57e1179ba5d9ac2b00085da848ceac4525d1c7a05b1f0b421b486f41c611,a2ed9560a190032a799c2e36610f401e3eb9eacfad2f8e67bb4c331761349580,a2ed9560a190032a799c2e36610f401e3eb9eacfad2f8e67bb4c331761349580,ARFHQSKSGEKKKKYHAGRKK,0.287,seqfam80_b6c690c7afa612d29c4c,ARFHQSKSGKKKKKYHAGRKK,false,false,4,H4A,ARFAQSKSGEKKKKYHAGRKK,4035a640f82d2ba99de3d373d3d4a5fe31d9eebdb8b2a6a9e40b7e99266b4854,activity-rescue-4035a640f82d2ba99de3,32.73333333333333,2,0.23809523809523808,8.026,false,search_prefilter,2433.82,11.3408203125,0.19047619047619047,0.15952981262983842,0.376,0.446,low,0.315,0.315,Non-Toxin,0.08900000000000002,true,true,true
acea,6,masked_substitution,autoresearch-macrel-endpoint-rescue-v1,15fe77fcc67e27cd1a463dcdc6c871076c29946bb09d969f7b4255a026b3954a,98a7157f13468de08bb141ea0cc3b6f292d6782f2ce393d78008daa8cc099d32,98a7157f13468de08bb141ea0cc3b6f292d6782f2ce393d78008daa8cc099d32,WETRKKKAGKGGKKFDVRRVG,0.351,seqfam80_c0d10ee076cb2bf3d881,WETRKKKKGKGGKKFDVRRVG,false,false,6,K6F,WETRKFKAGKGGKKFDVRRVG,d259e56ce226980ac140e2c9bd584b919e48557920f29fcb3b5f9d7c64d04f7b,activity-rescue-d259e56ce226980ac140,25.223809523809525,1,0.2857142857142857,5.988,false,search_prefilter,2450.85,11.5205078125,0.23809523809523808,0.20909125849867496,0.436,0.317,low,0.425,0.0,Non-Toxin,0.08500000000000002,true,true,true
acea,6,masked_substitution,autoresearch-macrel-endpoint-rescue-v1,c0db9be9c0d5cf6c8dac2b18346a5640b36b4808dade7e6555e645f6da961372,98a7157f13468de08bb141ea0cc3b6f292d6782f2ce393d78008daa8cc099d32,98a7157f13468de08bb141ea0cc3b6f292d6782f2ce393d78008daa8cc099d32,WETRKKKAGKGGKKFDVRRVG,0.351,seqfam80_c0d10ee076cb2bf3d881,WETRKKKKGKGGKKFDVRRVG,false,false,3,T3W,WEWRKKKAGKGGKKFDVRRVG,010519f74e28448b77b9775034f2d8c2aa3fdc6d956de93ed2ca08848b3102f7,activity-rescue-010519f74e28448b77b9,25.223809523809525,1,0.2857142857142857,6.987,false,search_prefilter,2516.95,11.567626953125,0.19047619047619047,0.12186415419488285,0.436,0.485,low,0.525,0.025,Non-Toxin,0.08500000000000002,true,true,true
acea,6,masked_substitution,autoresearch-macrel-endpoint-rescue-v1,2eee037864eee50ac0d609ac18ba1b15f6311bbd3533a90ecdbccb0744f8878d,38ce71881832b80db5c156222fe40039ff0447f844bb3b7f5a85f2889b7c8fc2,38ce71881832b80db5c156222fe40039ff0447f844bb3b7f5a85f2889b7c8fc2,WETRKKKKGKGGKGFDVRRVG,0.342,seqfam80_c0d10ee076cb2bf3d881,WETRKKKKGKGGKKFDVRRVG,false,false,19,R19V,WETRKKKKGKGGKGFDVRVVG,ceda6f1e7c7ccaf4d35c0c0d8f49047f12e6a58acd8418b81e8796c69473d80a,activity-rescue-ceda6f1e7c7ccaf4d35c,-2.9809523809523806,2,0.23809523809523808,5.987,false,search_prefilter,2360.77,11.25537109375,0.19047619047619047,0.1349822982587775,0.426,0.347,low,0.365,0.0,Non-Toxin,0.08399999999999996,true,true,true
acea,6,masked_substitution,autoresearch-macrel-endpoint-rescue-v1,088030cb1bdc72f387d8f449a70d40c0af727a890689704026a5bba6bda066d5,38ce71881832b80db5c156222fe40039ff0447f844bb3b7f5a85f2889b7c8fc2,38ce71881832b80db5c156222fe40039ff0447f844bb3b7f5a85f2889b7c8fc2,WETRKKKKGKGGKGFDVRRVG,0.342,seqfam80_c0d10ee076cb2bf3d881,WETRKKKKGKGGKKFDVRRVG,false,false,18,R18V,WETRKKKKGKGGKGFDVVRVG,c621532a5548a426252bbe765efe922ca7cadda54a5791d12346f3670a3394b3,activity-rescue-c621532a5548a426252b,-2.9809523809523806,2,0.23809523809523808,5.987,false,search_prefilter,2360.77,11.25537109375,0.19047619047619047,0.13021315949299317,0.426,0.347,low,0.365,0.365,Non-Toxin,0.08399999999999996,true,true,true
acea,6,masked_substitution,autoresearch-macrel-endpoint-rescue-v1,e4996814e240b7efe6919ea0771ea2a11456096c3ae877fb14992c6b0435f3c1,38ce71881832b80db5c156222fe40039ff0447f844bb3b7f5a85f2889b7c8fc2,38ce71881832b80db5c156222fe40039ff0447f844bb3b7f5a85f2889b7c8fc2,WETRKKKKGKGGKGFDVRRVG,0.342,seqfam80_c0d10ee076cb2bf3d881,WETRKKKKGKGGKKFDVRRVG,false,false,7,K7V,WETRKKVKGKGGKGFDVRRVG,2d281276e01734a2793a9dd0633a81913ac49c338b7e1afe115c24aa2788aa60,activity-rescue-2d281276e01734a2793a,18.88095238095238,1,0.23809523809523808,5.988,false,search_prefilter,2388.78,11.5205078125,0.19047619047619047,0.1428655117909307,0.426,0.337,low,0.355,0.355,Non-Toxin,0.08399999999999996,true,true,true
acea,6,masked_substitution,autoresearch-macrel-endpoint-rescue-v1,6e651fcfe0c3c4b2f714eff5fe15791348bc8b6138d8e7e7cdbc4a3615fbdf16,25433306e0fad434fed3662cd954138dff1440e2cbb9ceacbd696c36edbd164f,25433306e0fad434fed3662cd954138dff1440e2cbb9ceacbd696c36edbd164f,WETRKGKKGKGGKKFDVRRVG,0.332,seqfam80_c0d10ee076cb2bf3d881,WETRKKKKGKGGKKFDVRRVG,false,false,3,T3A,WEARKGKKGKGGKKFDVRRVG,aee5601418fe112428be992f14580cad44c2c9a90139790124a8e819405367e8,activity-rescue-aee5601418fe112428be,20.25238095238095,1,0.23809523809523808,6.987,false,search_prefilter,2387.79,11.567626953125,0.19047619047619047,0.23769608993822205,0.416,0.327,low,0.38,0.38,Non-Toxin,0.08399999999999996,true,true,true
acea,6,masked_substitution,autoresearch-macrel-endpoint-rescue-v1,f61cb166d0f41c4b455f8fed36b2609f9e31c559a88c8ff567cb106e9553c616,25433306e0fad434fed3662cd954138dff1440e2cbb9ceacbd696c36edbd164f,25433306e0fad434fed3662cd954138dff1440e2cbb9ceacbd696c36edbd164f,WETRKGKKGKGGKKFDVRRVG,0.332,seqfam80_c0d10ee076cb2bf3d881,WETRKKKKGKGGKKFDVRRVG,false,false,5,K5F,WETRFGKKGKGGKKFDVRRVG,6eda4d8efcdcd2c032f4fdf31e91596ffac3ebae569c602df5331e32d978e35e,activity-rescue-6eda4d8efcdcd2c032f4,24.295238095238094,1,0.23809523809523808,5.988,false,search_prefilter,2436.82,11.5205078125,0.19047619047619047,0.30438549696426487,0.416,0.327,low,0.37,0.37,Non-Toxin,0.08399999999999996,true,true,true
acea,6,masked_substitution,autoresearch-macrel-endpoint-rescue-v1,2dc5b15e4fb5c94b77d142abb96b7e1c8862458f6dd6d79c6cc152058a07722a,25433306e0fad434fed3662cd954138dff1440e2cbb9ceacbd696c36edbd164f,25433306e0fad434fed3662cd954138dff1440e2cbb9ceacbd696c36edbd164f,WETRKGKKGKGGKKFDVRRVG,0.332,seqfam80_c0d10ee076cb2bf3d881,WETRKKKKGKGGKKFDVRRVG,false,false,4,R4V,WETVKGKKGKGGKKFDVRRVG,d8ee1d4d9e5bcc67af7c62558fc30ab7ae7f49c2dd9dcebd5349c269b85a704a,activity-rescue-d8ee1d4d9e5bcc67af7c,18.88095238095238,1,0.23809523809523808,5.987,false,search_prefilter,2360.77,11.25537109375,0.19047619047619047,0.07293127073480583,0.416,0.317,low,0.35,0.35,Non-Toxin,0.08399999999999996,true,true,true
acea,6,masked_substitution,autoresearch-macrel-endpoint-rescue-v1,846489601238b502d24d7fe62d6467cad35e522653e38aeff1307419a478fcf2,25433306e0fad434fed3662cd954138dff1440e2cbb9ceacbd696c36edbd164f,25433306e0fad434fed3662cd954138dff1440e2cbb9ceacbd696c36edbd164f,WETRKGKKGKGGKKFDVRRVG,0.332,seqfam80_c0d10ee076cb2bf3d881,WETRKKKKGKGGKKFDVRRVG,false,false,3,T3V,WEVRKGKKGKGGKKFDVRRVG,f0058325d70521819c49dbc014046231487d766b4ad0bd92651b74d599c3c0db,activity-rescue-f0058325d70521819c49,20.25238095238095,1,0.23809523809523808,6.987,false,search_prefilter,2415.85,11.567626953125,0.19047619047619047,0.24185020444141264,0.416,0.327,low,0.34,0.34,Non-Toxin,0.08399999999999996,true,true,true
acea,6,masked_substitution,autoresearch-macrel-endpoint-rescue-v1,67dff36091b70561585ae035a2a301ee092e3ff60a66c63de5060829c8268a4e,e01a33b21e50255bac710e05def22df2bef51614058b5c3ae5b541d84502bbca,e01a33b21e50255bac710e05def22df2bef51614058b5c3ae5b541d84502bbca,ARFHQSKSGKKKKDYHAGRKK,0.267,seqfam80_b6c690c7afa612d29c4c,ARFHQSKSGKKKKKYHAGRKK,false,false,5,Q5A,ARFHASKSGKKKKDYHAGRKK,d65ff02c15bd262a91dddb1ffcce638eb575e3c7a4bbec04595482be13fe74f3,activity-rescue-d65ff02c15bd262a91dd,11.357142857142858,1,0.23809523809523808,8.068,false,search_prefilter,2428.81,11.3408203125,0.19047619047619047,0.09793820320613175,0.351,0.485,low,0.485,0.0,Non-Toxin,0.08399999999999996,true,true,true
acea,6,masked_substitution,autoresearch-macrel-endpoint-rescue-v1,9219419526a7ec426dee30346da746c7db6050538017352150bae6f1b419de17,8864edfedc2a5da62b6149bf7c5f420ef54060192db1f552827e3c6211471b21,8864edfedc2a5da62b6149bf7c5f420ef54060192db1f552827e3c6211471b21,WETRKKKGGKGGKKFDVRRVG,0.361,seqfam80_c0d10ee076cb2bf3d881,WETRKKKKGKGGKKFDVRRVG,false,false,13,K13V,WETRKKKGGKGGVKFDVRRVG,284cf960d8bcc71ce49187c9b49669efa326342e0c059add67dbe4cb08fb3371,activity-rescue-284cf960d8bcc71ce491,36.885714285714286,1,0.23809523809523808,5.988,false,search_prefilter,2388.78,11.5205078125,0.19047619047619047,0.2362920317994527,0.441,0.267,low,0.36,0.0,Non-Toxin,0.08000000000000002,true,true,true
acea,6,masked_substitution,autoresearch-macrel-endpoint-rescue-v1,2f3be23d8bfe32bf1d65265c38f02fffd40c2364c507fdbe2cb24db660b37d6b,8864edfedc2a5da62b6149bf7c5f420ef54060192db1f552827e3c6211471b21,8864edfedc2a5da62b6149bf7c5f420ef54060192db1f552827e3c6211471b21,WETRKKKGGKGGKKFDVRRVG,0.361,seqfam80_c0d10ee076cb2bf3d881,WETRKKKKGKGGKKFDVRRVG,false,false,6,K6V,WETRKVKGGKGGKKFDVRRVG,8bfa082c76960f93f74eb5d21fdc922189a41c5b160004380abaa92a29c20a07,activity-rescue-8bfa082c76960f93f74e,28.799999999999997,1,0.23809523809523808,5.988,false,search_prefilter,2388.78,11.5205078125,0.19047619047619047,0.20848118771916047,0.441,0.257,low,0.355,0.355,Non-Toxin,0.08000000000000002,true,true,true
acea,6,masked_substitution,autoresearch-macrel-endpoint-rescue-v1,860466021eac4c5f476013b062cd395536d427107af517009e8d0a9549e65357,dd885e5f3c1824c9e80e5809e388263edea6ecb5efee9392fb964005614bf909,dd885e5f3c1824c9e80e5809e388263edea6ecb5efee9392fb964005614bf909,NWKGKSKISRKDFKRRKKARN,0.267,seqfam80_95a309f07a26e82b65df,NWKKKSKISRKDFKRRKKARN,false,false,1,N1Y,YWKGKSKISRKDFKRRKKARN,21d1dfd25e6b71aa0ebf4dde1fbff2f528f53abad206c57b44e42c17fe6bf24c,activity-rescue-21d1dfd25e6b71aa0ebf,39.55714285714286,2,0.23809523809523808,9.984,false,search_prefilter,2681.16,11.854736328125,0.14285714285714285,0.2549351312021941,0.347,0.416,low,0.54,0.04,Non-Toxin,0.07999999999999996,true,true,true
acea,6,masked_substitution,autoresearch-macrel-endpoint-rescue-v1,fd781e20a8f02452ef983cbcdc5ff51d5797ec1463fa67c4b05c9f708fabf937,9a921ac5d4a5c28ebc22bef59f604e3e074da8a907c7cb4a1f596b4c86e5bd16,9a921ac5d4a5c28ebc22bef59f604e3e074da8a907c7cb4a1f596b4c86e5bd16,ARFHQSKSGDKKKKYHAGRKK,0.267,seqfam80_b6c690c7afa612d29c4c,ARFHQSKSGKKKKKYHAGRKK,false,false,4,H4A,ARFAQSKSGDKKKKYHAGRKK,9cf7c7a1416161dc978fe6b8f15f52941ecb2fb81b5f709cd4716e67094238e8,activity-rescue-9cf7c7a1416161dc978f,32.28095238095238,2,0.23809523809523808,8.026,false,search_prefilter,2419.8,11.3408203125,0.19047619047619047,0.1593926697607893,0.347,0.396,low,0.36,0.36,Non-Toxin,0.07999999999999996,true,true,true
acea,6,masked_substitution,autoresearch-macrel-endpoint-rescue-v1,2b40d12542a8920f2995277a45823b7a7d2d2588f2a5b039051530d7c80d562e,e01a33b21e50255bac710e05def22df2bef51614058b5c3ae5b541d84502bbca,e01a33b21e50255bac710e05def22df2bef51614058b5c3ae5b541d84502bbca,ARFHQSKSGKKKKDYHAGRKK,0.267,seqfam80_b6c690c7afa612d29c4c,ARFHQSKSGKKKKKYHAGRKK,false,false,4,H4A,ARFAQSKSGKKKKDYHAGRKK,01c57819190f9c7524c5e53a7254da751a211289b91460d914261c3cc06cda27,activity-rescue-01c57819190f9c7524c5,32.28095238095238,2,0.23809523809523808,8.026,false,search_prefilter,2419.8,11.3408203125,0.19047619047619047,0.17791867171167666,0.347,0.396,low,0.47,0.0,Non-Toxin,0.07999999999999996,true,true,true
acea,6,masked_substitution,autoresearch-macrel-endpoint-rescue-v1,26494df2e405041b8412402c8049152618b724050da4b60db127e6f81d822a53,37561aae864b078e0651a5136b62a3fdb385582cf7e79a65dd6f917a6bf35357,37561aae864b078e0651a5136b62a3fdb385582cf7e79a65dd6f917a6bf35357,ARFHQSKSGKKKDKYHAGRKK,0.287,seqfam80_b6c690c7afa612d29c4c,ARFHQSKSGKKKKKYHAGRKK,false,false,4,H4A,ARFAQSKSGKKKDKYHAGRKK,8a3d342ce25854541f90e919d576501932743c167d0d6e19a6781a823bc89d56,activity-rescue-8a3d342ce25854541f90,28.238095238095234,2,0.23809523809523808,8.026,false,search_prefilter,2419.8,11.3408203125,0.19047619047619047,0.13550435432333513,0.366,0.396,low,0.475,0.0,Non-Toxin,0.07900000000000001,true,true,true
acea,6,masked_substitution,autoresearch-macrel-endpoint-rescue-v1,a8f40e38bfe05bc470483e100ca6b93284b796dde0978ad535e12eac7c0109f2,38ce71881832b80db5c156222fe40039ff0447f844bb3b7f5a85f2889b7c8fc2,38ce71881832b80db5c156222fe40039ff0447f844bb3b7f5a85f2889b7c8fc2,WETRKKKKGKGGKGFDVRRVG,0.342,seqfam80_c0d10ee076cb2bf3d881,WETRKKKKGKGGKKFDVRRVG,false,false,10,K10V,WETRKKKKGVGGKGFDVRRVG,d501bc39df82ca71bb91a87a5dc6587a5f22d389a745013f2ebf4b0654132343,activity-rescue-d501bc39df82ca71bb91,28.338095238095235,1,0.23809523809523808,5.988,false,search_prefilter,2388.78,11.5205078125,0.19047619047619047,0.22772620173273714,0.421,0.238,low,0.37,0.37,Non-Toxin,0.07899999999999996,true,true,true
acea,6,masked_substitution,autoresearch-macrel-endpoint-rescue-v1,a9362a7c6697f986ee61da05c2662c95f988896706a5fa7077be4612788c2e52,38ce71881832b80db5c156222fe40039ff0447f844bb3b7f5a85f2889b7c8fc2,38ce71881832b80db5c156222fe40039ff0447f844bb3b7f5a85f2889b7c8fc2,WETRKKKKGKGGKGFDVRRVG,0.342,seqfam80_c0d10ee076cb2bf3d881,WETRKKKKGKGGKKFDVRRVG,false,false,5,K5V,WETRVKKKGKGGKGFDVRRVG,3a8affcbe43b87f215f1b1664db89d749b12bd43bd8fa1b5e7fd8e60f44db630,activity-rescue-3a8affcbe43b87f215f1,22.92380952380952,1,0.23809523809523808,5.988,false,search_prefilter,2388.78,11.5205078125,0.19047619047619047,0.1801473129125161,0.421,0.317,low,0.345,0.345,Non-Toxin,0.07899999999999996,true,true,true
acea,6,masked_substitution,autoresearch-macrel-endpoint-rescue-v1,91c24c07b1247f8bf509318096d69675f80d27da637dfa32c25099c8b39e039b,25433306e0fad434fed3662cd954138dff1440e2cbb9ceacbd696c36edbd164f,25433306e0fad434fed3662cd954138dff1440e2cbb9ceacbd696c36edbd164f,WETRKGKKGKGGKKFDVRRVG,0.332,seqfam80_c0d10ee076cb2bf3d881,WETRKKKKGKGGKKFDVRRVG,false,false,7,K7V,WETRKGVKGKGGKKFDVRRVG,d1cf51c64ac30bbdc6a4ba6294bd40ec15709c36ff87b9658a8be172b9bd1b57,activity-rescue-d1cf51c64ac30bbdc6a4,22.92380952380952,1,0.23809523809523808,5.988,false,search_prefilter,2388.78,11.5205078125,0.19047619047619047,0.18263452829276394,0.411,0.297,low,0.375,0.375,Non-Toxin,0.07899999999999996,true,true,true
acea,6,masked_substitution,autoresearch-macrel-endpoint-rescue-v1,c91231d01f1257b1e9ab347273215c5a2e40085285c8a5877cb1fd576d4d6a83,8864edfedc2a5da62b6149bf7c5f420ef54060192db1f552827e3c6211471b21,8864edfedc2a5da62b6149bf7c5f420ef54060192db1f552827e3c6211471b21,WETRKKKGGKGGKKFDVRRVG,0.361,seqfam80_c0d10ee076cb2bf3d881,WETRKKKKGKGGKKFDVRRVG,false,false,6,K6Y,WETRKYKGGKGGKKFDVRRVG,9a69e0fb3e182bd5c689025bcdcd86cdb60c47cc38e8e515203fcc88c02933a0,activity-rescue-9a69e0fb3e182bd5c689,34.214285714285715,1,0.23809523809523808,5.986,false,search_prefilter,2452.82,11.163330078125,0.14285714285714285,0.1829316022615187,0.436,0.287,low,0.33,0.33,Non-Toxin,0.07500000000000001,true,true,true
acea,6,masked_substitution,autoresearch-macrel-endpoint-rescue-v1,d89ed8f5a35d603e58f4c0516567bb9d161511bea3b057a768e9251c5500d186,6e01943f86dd79b1576f8e8cd4e5181743ddc553e630f2d86614cc7da2245894,6e01943f86dd79b1576f8e8cd4e5181743ddc553e630f2d86614cc7da2245894,WETRGKKKGKGGKKFDVRRVG,0.332,seqfam80_c0d10ee076cb2bf3d881,WETRKKKKGKGGKKFDVRRVG,false,false,19,R19V,WETRGKKKGKGGKKFDVRVVG,da66fd6b10c80fc3a01371198ea445bf83ebfeb54079d6a3a6148f1f5a1e3f60,activity-rescue-da66fd6b10c80fc3a013,-7.023809523809525,2,0.23809523809523808,5.987,false,search_prefilter,2360.77,11.25537109375,0.19047619047619047,0.32282283570687453,0.406,0.406,low,0.375,0.0,Non-Toxin,0.07400000000000001,true,true,true
acea,6,masked_substitution,autoresearch-macrel-endpoint-rescue-v1,24fe0e2b24f99dc68a1e400adfcefc8e79de56f7bf1f92290e2bba5595bcd51b,6e01943f86dd79b1576f8e8cd4e5181743ddc553e630f2d86614cc7da2245894,6e01943f86dd79b1576f8e8cd4e5181743ddc553e630f2d86614cc7da2245894,WETRGKKKGKGGKKFDVRRVG,0.332,seqfam80_c0d10ee076cb2bf3d881,WETRKKKKGKGGKKFDVRRVG,false,false,18,R18V,WETRGKKKGKGGKKFDVVRVG,4ac78f7b127d041e84c4a429caad3b9e289db8a6e7b3f0d0b394b36de369d0ca,activity-rescue-4ac78f7b127d041e84c4,-7.023809523809525,2,0.23809523809523808,5.987,false,search_prefilter,2360.77,11.25537109375,0.19047619047619047,0.06241468378876051,0.406,0.406,low,0.375,0.375,Non-Toxin,0.07400000000000001,true,true,true
acea,6,masked_substitution,autoresearch-macrel-endpoint-rescue-v1,2b4cdc123d19d17f9b073e0e08ddbf5e6defb6c10c8573850e892dd4492d62b2,25433306e0fad434fed3662cd954138dff1440e2cbb9ceacbd696c36edbd164f,25433306e0fad434fed3662cd954138dff1440e2cbb9ceacbd696c36edbd164f,WETRKGKKGKGGKKFDVRRVG,0.332,seqfam80_c0d10ee076cb2bf3d881,WETRKKKKGKGGKKFDVRRVG,false,false,14,K14V,WETRKGKKGKGGKVFDVRRVG,ed59fd033b710cd040c29c0994fcf60e54403bbf77d7a57b9367cbd07e1e4894,activity-rescue-ed59fd033b710cd040c2,16.20952380952381,2,0.23809523809523808,5.988,false,search_prefilter,2388.78,11.5205078125,0.19047619047619047,0.22562309777909795,0.406,0.317,low,0.32,0.32,Non-Toxin,0.07400000000000001,true,true,true
acea,6,masked_substitution,autoresearch-macrel-endpoint-rescue-v1,11672fd1a66ce62b5be38e52f6a18d18f4c40a4298f55920c8822e18bb6dee54,6e01943f86dd79b1576f8e8cd4e5181743ddc553e630f2d86614cc7da2245894,6e01943f86dd79b1576f8e8cd4e5181743ddc553e630f2d86614cc7da2245894,WETRGKKKGKGGKKFDVRRVG,0.332,seqfam80_c0d10ee076cb2bf3d881,WETRKKKKGKGGKKFDVRRVG,false,false,3,T3V,WEVRGKKKGKGGKKFDVRRVG,daa8641372a019599b2376fbf68a784fafb44b0e4f517d43bea12014810c3807,activity-rescue-daa8641372a019599b23,20.25238095238095,1,0.23809523809523808,6.987,false,search_prefilter,2415.85,11.567626953125,0.19047619047619047,0.20286404233709612,0.406,0.356,low,0.345,0.345,Non-Toxin,0.07400000000000001,true,true,true
acea,6,masked_substitution,autoresearch-macrel-endpoint-rescue-v1,80e933edf6302c63d2cf72f691d4f019fc678369be0e54550e1430344860ec07,38ce71881832b80db5c156222fe40039ff0447f844bb3b7f5a85f2889b7c8fc2,38ce71881832b80db5c156222fe40039ff0447f844bb3b7f5a85f2889b7c8fc2,WETRKKKKGKGGKGFDVRRVG,0.342,seqfam80_c0d10ee076cb2bf3d881,WETRKKKKGKGGKKFDVRRVG,false,false,3,T3V,WEVRKKKKGKGGKGFDVRRVG,4ae25c50edd18020b5d3fdb42dbecf67defa7f8e99fa7f2f0541f422da4f7497,activity-rescue-4ae25c50edd18020b5d3,24.295238095238094,1,0.23809523809523808,6.987,false,search_prefilter,2415.85,11.567626953125,0.19047619047619047,0.1552227585558415,0.416,0.297,low,0.35,0.35,Non-Toxin,0.07399999999999995,true,true,true
acea,6,masked_substitution,autoresearch-macrel-endpoint-rescue-v1,16aca0739c74e7f16c327dc3625f2ba9b0b3fb840f26bc342ec54d309d969b83,c4177c4d22b728745d322bd123887eead290cfc4aa0ce2c9110508594e260baf,c4177c4d22b728745d322bd123887eead290cfc4aa0ce2c9110508594e260baf,WETRKKKKGKGGKKFDVRAVG,0.366,seqfam80_c0d10ee076cb2bf3d881,WETRKKKKGKGGKKFDVRRVG,false,false,7,K7F,WETRKKFKGKGGKKFDVRAVG,01f3740d9c4af742501af433688119fd823b76521926ddd785c6ec8827f4be66,activity-rescue-01f3740d9c4af742501a,-6.095238095238094,2,0.2857142857142857,5.987,false,search_prefilter,2422.84,11.25537109375,0.23809523809523808,0.09035229181308606,0.436,0.416,low,0.44,0.0,Non-Toxin,0.07,true,true,true
acea,6,masked_substitution,autoresearch-macrel-endpoint-rescue-v1,95d948969e11ccd72c5eb1d9b726b53c545b736e9d6eabc2e1a3ef288ca4c291,c4177c4d22b728745d322bd123887eead290cfc4aa0ce2c9110508594e260baf,c4177c4d22b728745d322bd123887eead290cfc4aa0ce2c9110508594e260baf,WETRKKKKGKGGKKFDVRAVG,0.366,seqfam80_c0d10ee076cb2bf3d881,WETRKKKKGKGGKKFDVRRVG,false,false,10,K10Y,WETRKKKKGYGGKKFDVRAVG,8f453da64b5a4d721d60e6ce56f37b3a582fa8d3c8b12673b11d14f0b654ed83,activity-rescue-8f453da64b5a4d721d60,1.0619047619047612,2,0.2857142857142857,5.985,false,search_prefilter,2438.84,10.972412109375,0.19047619047619047,0.17017147099797528,0.436,0.327,low,0.37,0.0,Non-Toxin,0.07,true,true,true
acea,6,masked_substitution,autoresearch-macrel-endpoint-rescue-v1,47260b3a63cc1821d0efa4bab08e74d5299ac9170f91083ffa5021f52a1e311a,c4177c4d22b728745d322bd123887eead290cfc4aa0ce2c9110508594e260baf,c4177c4d22b728745d322bd123887eead290cfc4aa0ce2c9110508594e260baf,WETRKKKKGKGGKKFDVRAVG,0.366,seqfam80_c0d10ee076cb2bf3d881,WETRKKKKGKGGKKFDVRRVG,false,false,7,K7Y,WETRKKYKGKGGKKFDVRAVG,ee916dd848238abad679b3e9fd7d54dd7871a7ecd0e6645c9ff1aa362ca57217,activity-rescue-ee916dd848238abad679,1.0619047619047612,2,0.2857142857142857,5.985,false,search_prefilter,2438.84,10.972412109375,0.19047619047619047,0.1318231800671056,0.436,0.386,low,0.405,0.0,Non-Toxin,0.07,true,true,true
acea,6,masked_substitution,autoresearch-macrel-endpoint-rescue-v1,c98373a3feee689677902f1cb2c71fa605d8b4415ff0aaeb07f493be07d1be95,c4177c4d22b728745d322bd123887eead290cfc4aa0ce2c9110508594e260baf,c4177c4d22b728745d322bd123887eead290cfc4aa0ce2c9110508594e260baf,WETRKKKKGKGGKKFDVRAVG,0.366,seqfam80_c0d10ee076cb2bf3d881,WETRKKKKGKGGKKFDVRRVG,false,false,3,T3Y,WEYRKKKKGKGGKKFDVRAVG,297f3df4868b9afd770dc2b15c07e9f4d7f507b3e360ab96cf18d1e633941d93,activity-rescue-297f3df4868b9afd770d,-6.9904761904761905,2,0.2857142857142857,6.985,false,search_prefilter,2465.9,11.054443359375,0.19047619047619047,0.20028895483929335,0.436,0.485,low,0.475,0.0,Non-Toxin,0.07,true,true,true
acea,6,masked_substitution,autoresearch-macrel-endpoint-rescue-v1,1d620e2a11324d18c9403559696a77f2020b1ca3362e52d12deee50706d9ce50,8864edfedc2a5da62b6149bf7c5f420ef54060192db1f552827e3c6211471b21,8864edfedc2a5da62b6149bf7c5f420ef54060192db1f552827e3c6211471b21,WETRKKKGGKGGKKFDVRRVG,0.361,seqfam80_c0d10ee076cb2bf3d881,WETRKKKKGKGGKKFDVRRVG,false,false,14,K14V,WETRKKKGGKGGKVFDVRRVG,a7bad8b80ad85f9ace176f67672b8443a58187f8bd112c31f827ebe4ad650ce1,activity-rescue-a7bad8b80ad85f9ace17,30.171428571428567,2,0.23809523809523808,5.988,false,search_prefilter,2388.78,11.5205078125,0.19047619047619047,0.050983190009123686,0.431,0.277,low,0.325,0.325,Non-Toxin,0.07,true,true,true
acea,6,masked_substitution,autoresearch-macrel-endpoint-rescue-v1,31b50dfe547a79270a8b06c58607d5cece0c56b2b5722fc350c2fdf292332c47,2d7f4f34253cd3212d27d752ecec565d413b8993a382f4ac6d38edf45e9366ec,2d7f4f34253cd3212d27d752ecec565d413b8993a382f4ac6d38edf45e9366ec,NWKKKSKISRKDFGRRKKARN,0.267,seqfam80_95a309f07a26e82b65df,NWKKKSKISRKDFKRRKKARN,false,false,1,N1Y,YWKKKSKISRKDFGRRKKARN,e87508f11f84c2bfa585b442d937b293f10e1095ebd941baf87caa40f6082be9,activity-rescue-e87508f11f84c2bfa585,39.27619047619048,2,0.23809523809523808,9.984,false,search_prefilter,2681.16,11.854736328125,0.14285714285714285,0.1619498724994263,0.337,0.416,low,0.55,0.05,Non-Toxin,0.07,true,true,true
acea,6,masked_substitution,autoresearch-macrel-endpoint-rescue-v1,d6a27c00071ffbdd984841a7fdd8c919c6910b17fb3f61e52dde27016793b872,e01a33b21e50255bac710e05def22df2bef51614058b5c3ae5b541d84502bbca,e01a33b21e50255bac710e05def22df2bef51614058b5c3ae5b541d84502bbca,ARFHQSKSGKKKKDYHAGRKK,0.267,seqfam80_b6c690c7afa612d29c4c,ARFHQSKSGKKKKKYHAGRKK,false,false,4,H4F,ARFFQSKSGKKKKDYHAGRKK,2c9455c1afab2b67f619d7a56b26ab9074520c69023db3478e5f1951b3bae5e9,activity-rescue-2c9455c1afab2b67f619,32.28095238095238,2,0.23809523809523808,8.026,false,search_prefilter,2495.89,11.3408203125,0.19047619047619047,0.20280978272350825,0.337,0.495,low,0.455,0.0,Non-Toxin,0.07,true,true,true
acea,6,masked_substitution,autoresearch-macrel-endpoint-rescue-v1,bc2aa90b3d08bf791434f262394a49922ee17b261b990d7712e61a20c9cbbe06,9a921ac5d4a5c28ebc22bef59f604e3e074da8a907c7cb4a1f596b4c86e5bd16,9a921ac5d4a5c28ebc22bef59f604e3e074da8a907c7cb4a1f596b4c86e5bd16,ARFHQSKSGDKKKKYHAGRKK,0.267,seqfam80_b6c690c7afa612d29c4c,ARFHQSKSGKKKKKYHAGRKK,false,false,4,H4W,ARFWQSKSGDKKKKYHAGRKK,98e623a33d49e42eff6d231f70023f1c8b85ddd7e67c12850106016904eeb653,activity-rescue-98e623a33d49e42eff6d,32.28095238095238,2,0.23809523809523808,8.026,false,search_prefilter,2534.93,11.3408203125,0.14285714285714285,0.1673145816785154,0.337,0.495,low,0.48,0.0,Non-Toxin,0.07,true,true,true
acea,6,masked_substitution,autoresearch-macrel-endpoint-rescue-v1,f8b1256e045bc1139651fd55ab5d464967076db55d8a8202d1f8fee9d00205a6,e01a33b21e50255bac710e05def22df2bef51614058b5c3ae5b541d84502bbca,e01a33b21e50255bac710e05def22df2bef51614058b5c3ae5b541d84502bbca,ARFHQSKSGKKKKDYHAGRKK,0.267,seqfam80_b6c690c7afa612d29c4c,ARFHQSKSGKKKKKYHAGRKK,false,false,4,H4W,ARFWQSKSGKKKKDYHAGRKK,557d864c719b87b83917e5d90b507769c5abe1c9e9a4f9e58b373723a0c5fe59,activity-rescue-557d864c719b87b83917,32.28095238095238,2,0.23809523809523808,8.026,false,search_prefilter,2534.93,11.3408203125,0.14285714285714285,0.18598785041751087,0.337,0.495,low,0.485,0.0,Non-Toxin,0.07,true,true,true
acea,6,masked_substitution,autoresearch-macrel-endpoint-rescue-v1,b032dd6c95a8c5733fb75900819cac2a2f364bf2e3f00db481b08c989b8d9e01,ac063adcb4186a63a057715549705614ec42ac2f17e7bd96f3e1303cb734dfdc,ac063adcb4186a63a057715549705614ec42ac2f17e7bd96f3e1303cb734dfdc,ADFHQSKSGKKKKKYHAGRKK,0.277,seqfam80_b6c690c7afa612d29c4c,ARFHQSKSGKKKKKYHAGRKK,false,false,4,H4A,ADFAQSKSGKKKKKYHAGRKK,5de61204ad7bb41ba7a48c12630c8d71b59a3df7f7d8956d8c9868dfa57cf0e8,activity-rescue-5de61204ad7bb41ba7a4,24.64761904761904,2,0.23809523809523808,8.025,false,search_prefilter,2391.78,11.146728515625,0.19047619047619047,0.08591356332899079,0.347,0.416,low,0.38,0.38,Non-Toxin,0.06999999999999995,true,true,true
acea,6,masked_substitution,autoresearch-macrel-endpoint-rescue-v1,5cb11a57b1aec5ee7f07c69bef601b48bc71e6701e3929cc19d455937be332f5,c7e8ddd729566476a0559080ac8167aca739b36f825e50c51293c43899e0d8ec,c7e8ddd729566476a0559080ac8167aca739b36f825e50c51293c43899e0d8ec,ARFHQSKSGKKDKKYHAGRKK,0.297,seqfam80_b6c690c7afa612d29c4c,ARFHQSKSGKKKKKYHAGRKK,false,false,4,H4A,ARFAQSKSGKKDKKYHAGRKK,a3279988f0c9ea0f7015fcf016eb5cd323d3df8dd4d1bebc6e285d857533f4b6,activity-rescue-a3279988f0c9ea0f7015,28.238095238095234,2,0.23809523809523808,8.026,false,search_prefilter,2419.8,11.3408203125,0.19047619047619047,0.1598807480327506,0.366,0.396,low,0.475,0.0,Non-Toxin,0.069,true,true,true
acea,6,masked_substitution,autoresearch-macrel-endpoint-rescue-v1,f0863aedc83ffdca6b7366fdbdc28922d62352f04046fcad7dcfdfb7a0930197,37561aae864b078e0651a5136b62a3fdb385582cf7e79a65dd6f917a6bf35357,37561aae864b078e0651a5136b62a3fdb385582cf7e79a65dd6f917a6bf35357,ARFHQSKSGKKKDKYHAGRKK,0.287,seqfam80_b6c690c7afa612d29c4c,ARFHQSKSGKKKKKYHAGRKK,false,false,4,H4F,ARFFQSKSGKKKDKYHAGRKK,decaef3177e3d68b6c0ea253d9fb451a7b7d35222c53422b65f86a1f085f2137,activity-rescue-decaef3177e3d68b6c0e,28.238095238095234,2,0.23809523809523808,8.026,false,search_prefilter,2495.89,11.3408203125,0.19047619047619047,0.1612014143389993,0.356,0.495,low,0.485,0.0,Non-Toxin,0.069,true,true,true
acea,6,masked_substitution,autoresearch-macrel-endpoint-rescue-v1,5bde981e65240bdfea7b36a69c3766dd38a3d4e6ec74247f1b44720ccfa7eede,37561aae864b078e0651a5136b62a3fdb385582cf7e79a65dd6f917a6bf35357,37561aae864b078e0651a5136b62a3fdb385582cf7e79a65dd6f917a6bf35357,ARFHQSKSGKKKDKYHAGRKK,0.287,seqfam80_b6c690c7afa612d29c4c,ARFHQSKSGKKKKKYHAGRKK,false,false,4,H4W,ARFWQSKSGKKKDKYHAGRKK,2a2205b123e202ccd906703a7118665df50ed9ca5adc55ed7fcd931180917c39,activity-rescue-2a2205b123e202ccd906,28.238095238095234,2,0.23809523809523808,8.026,false,search_prefilter,2534.93,11.3408203125,0.14285714285714285,0.14384391786936276,0.356,0.495,low,0.53,0.03,Non-Toxin,0.069,true,true,true
acea,6,masked_substitution,autoresearch-macrel-endpoint-rescue-v1,4cfbc1bb4d0b4999df543443d3a2ed38c9e9d52279d13c297b3136925845c925,8864edfedc2a5da62b6149bf7c5f420ef54060192db1f552827e3c6211471b21,8864edfedc2a5da62b6149bf7c5f420ef54060192db1f552827e3c6211471b21,WETRKKKGGKGGKKFDVRRVG,0.361,seqfam80_c0d10ee076cb2bf3d881,WETRKKKKGKGGKKFDVRRVG,false,false,3,T3V,WEVRKKKGGKGGKKFDVRRVG,95c4fe0aa962f1ac65ee7277cbdc57d71e7ddb4ac9aaab51c375dcb539834f2c,activity-rescue-95c4fe0aa962f1ac65ee,34.214285714285715,1,0.23809523809523808,6.987,false,search_prefilter,2415.85,11.567626953125,0.19047619047619047,0.11330843244135154,0.426,0.436,low,0.345,0.345,Non-Toxin,0.065,true,true,true
acea,6,masked_substitution,autoresearch-macrel-endpoint-rescue-v1,54a1a6127ecda5bb1cc1e232a544b3f826700d8b65286be59d6c9a16fa6de2e7,98a7157f13468de08bb141ea0cc3b6f292d6782f2ce393d78008daa8cc099d32,98a7157f13468de08bb141ea0cc3b6f292d6782f2ce393d78008daa8cc099d32,WETRKKKAGKGGKKFDVRRVG,0.351,seqfam80_c0d10ee076cb2bf3d881,WETRKKKKGKGGKKFDVRRVG,false,false,4,R4F,WETFKKKAGKGGKKFDVRRVG,40d861f9ed72afdc91f1acb3e511e68a4bf5407764fc0c8d33961fe97469bcac,activity-rescue-40d861f9ed72afdc91f1,31.099999999999998,1,0.2857142857142857,5.987,false,search_prefilter,2422.84,11.25537109375,0.23809523809523808,0.17640843838628711,0.416,0.465,low,0.465,0.0,Non-Toxin,0.065,true,true,true
acea,6,masked_substitution,autoresearch-macrel-endpoint-rescue-v1,4d43ef91a62b858b9d8d90c48f92b47b122d2f523b3daed1e25b1576ba72d3d5,98a7157f13468de08bb141ea0cc3b6f292d6782f2ce393d78008daa8cc099d32,98a7157f13468de08bb141ea0cc3b6f292d6782f2ce393d78008daa8cc099d32,WETRKKKAGKGGKKFDVRRVG,0.351,seqfam80_c0d10ee076cb2bf3d881,WETRKKKKGKGGKKFDVRRVG,false,false,6,K6Y,WETRKYKAGKGGKKFDVRRVG,93f12dc7cc8a802f6d750f26f893c3392161e580d4b3c003167d7e25a8a6eabc,activity-rescue-93f12dc7cc8a802f6d75,32.38095238095239,1,0.2857142857142857,5.986,false,search_prefilter,2466.85,11.163330078125,0.19047619047619047,0.18131704946786162,0.416,0.307,low,0.425,0.0,Non-Toxin,0.065,true,true,true
acea,6,masked_substitution,autoresearch-macrel-endpoint-rescue-v1,ddebb3c5193a9831f0a1648a64b529404984439dd234435d8d9285a6f619b3c4,38ce71881832b80db5c156222fe40039ff0447f844bb3b7f5a85f2889b7c8fc2,38ce71881832b80db5c156222fe40039ff0447f844bb3b7f5a85f2889b7c8fc2,WETRKKKKGKGGKGFDVRRVG,0.342,seqfam80_c0d10ee076cb2bf3d881,WETRKKKKGKGGKKFDVRRVG,false,false,3,T3A,WEARKKKKGKGGKGFDVRRVG,07f71696b6aa600fa930511675b42439e898d1c56d28d596b99d891ba65982ca,activity-rescue-07f71696b6aa600fa930,24.295238095238094,1,0.23809523809523808,6.987,false,search_prefilter,2387.79,11.567626953125,0.19047619047619047,0.14215079890199758,0.406,0.297,low,0.35,0.35,Non-Toxin,0.064,true,true,true
acea,6,masked_substitution,autoresearch-macrel-endpoint-rescue-v1,90fba4a331bbafb07b6e427199f72d7a9fa075bce966f9b0bf0a94cb9895e201,38ce71881832b80db5c156222fe40039ff0447f844bb3b7f5a85f2889b7c8fc2,38ce71881832b80db5c156222fe40039ff0447f844bb3b7f5a85f2889b7c8fc2,WETRKKKKGKGGKGFDVRRVG,0.342,seqfam80_c0d10ee076cb2bf3d881,WETRKKKKGKGGKKFDVRRVG,false,false,6,K6V,WETRKVKKGKGGKGFDVRRVG,438fcaf03894fcc9481fd38e8a5111de7dcd0f52fab00c1db3d858c2f8e0672b,activity-rescue-438fcaf03894fcc9481f,18.88095238095238,1,0.23809523809523808,5.988,false,search_prefilter,2388.78,11.5205078125,0.19047619047619047,0.25119407436295577,0.406,0.317,low,0.355,0.355,Non-Toxin,0.064,true,true,true
acea,6,masked_substitution,autoresearch-macrel-endpoint-rescue-v1,703b454aa6c798ec051d28af460399f704c131f99b8a3dde8073f809b35ac946,25433306e0fad434fed3662cd954138dff1440e2cbb9ceacbd696c36edbd164f,25433306e0fad434fed3662cd954138dff1440e2cbb9ceacbd696c36edbd164f,WETRKGKKGKGGKKFDVRRVG,0.332,seqfam80_c0d10ee076cb2bf3d881,WETRKKKKGKGGKKFDVRRVG,false,false,18,R18V,WETRKGKKGKGGKKFDVVRVG,2e0f60798566ee099f60e3926a36d4fe8b9eaf0ad7d024872074ed74cdaae170,activity-rescue-2e0f60798566ee099f60,-7.023809523809525,2,0.23809523809523808,5.987,false,search_prefilter,2360.77,11.25537109375,0.19047619047619047,0.12233788612441934,0.396,0.327,low,0.365,0.365,Non-Toxin,0.064,true,true,true
acea,6,masked_substitution,autoresearch-macrel-endpoint-rescue-v1,e464fd4144e2d6c41dc3084dd8ffa2a9f741206336582492fb7e0f1b700ac37a,6e01943f86dd79b1576f8e8cd4e5181743ddc553e630f2d86614cc7da2245894,6e01943f86dd79b1576f8e8cd4e5181743ddc553e630f2d86614cc7da2245894,WETRGKKKGKGGKKFDVRRVG,0.332,seqfam80_c0d10ee076cb2bf3d881,WETRKKKKGKGGKKFDVRRVG,false,false,4,R4Y,WETYGKKKGKGGKKFDVRRVG,e0d5e34b32d4eb30d015ef384432d35187b7c002479f22e54645671c156bd4ee,activity-rescue-e0d5e34b32d4eb30d015,20.25238095238095,1,0.23809523809523808,5.985,false,search_prefilter,2424.81,10.972412109375,0.14285714285714285,0.16815920352593444,0.396,0.376,low,0.35,0.35,Non-Toxin,0.064,true,true,true
acea,6,masked_substitution,autoresearch-macrel-endpoint-rescue-v1,a9f2f4308353d400bdcca7ee75d7a4bd7248a9d5e6c943f7d5c0d73bb0894a60,c4177c4d22b728745d322bd123887eead290cfc4aa0ce2c9110508594e260baf,c4177c4d22b728745d322bd123887eead290cfc4aa0ce2c9110508594e260baf,WETRKKKKGKGGKKFDVRAVG,0.366,seqfam80_c0d10ee076cb2bf3d881,WETRKKKKGKGGKKFDVRRVG,false,false,6,K6F,WETRKFKKGKGGKKFDVRAVG,bfb418d777aa0a43d297af3e379cb78a39fa9a8ec0d33b1750c4fa5c00dff266,activity-rescue-bfb418d777aa0a43d297,-6.095238095238094,2,0.2857142857142857,5.987,false,search_prefilter,2422.84,11.25537109375,0.23809523809523808,0.24678325214737337,0.426,0.406,low,0.44,0.0,Non-Toxin,0.06,true,true,true
acea,6,masked_substitution,autoresearch-macrel-endpoint-rescue-v1,d1b257d99c0d6ba6a09cc64b68f9edb8e961e63e6b763df94225af02d5a915b0,c4177c4d22b728745d322bd123887eead290cfc4aa0ce2c9110508594e260baf,c4177c4d22b728745d322bd123887eead290cfc4aa0ce2c9110508594e260baf,WETRKKKKGKGGKKFDVRAVG,0.366,seqfam80_c0d10ee076cb2bf3d881,WETRKKKKGKGGKKFDVRRVG,false,false,6,K6Y,WETRKYKKGKGGKKFDVRAVG,59709857d93465bb42fabf0ce93f0bdd244942c87ffdd6be49e2206bde16c096,activity-rescue-59709857d93465bb42fa,1.0619047619047612,2,0.2857142857142857,5.985,false,search_prefilter,2438.84,10.972412109375,0.19047619047619047,0.22749724957241146,0.426,0.386,low,0.405,0.0,Non-Toxin,0.06,true,true,true
acea,6,masked_substitution,autoresearch-macrel-endpoint-rescue-v1,152f8c402c0315afbefbce3c1827bd7d0c7c790ea5255d97ecc5cfdcf1b84355,c7e8ddd729566476a0559080ac8167aca739b36f825e50c51293c43899e0d8ec,c7e8ddd729566476a0559080ac8167aca739b36f825e50c51293c43899e0d8ec,ARFHQSKSGKKDKKYHAGRKK,0.297,seqfam80_b6c690c7afa612d29c4c,ARFHQSKSGKKKKKYHAGRKK,false,false,4,H4F,ARFFQSKSGKKDKKYHAGRKK,1bc2ba69cd487306391130a8d2b572370639dcf49f191c2ea8962f7977ef3f59,activity-rescue-1bc2ba69cd4873063911,28.238095238095234,2,0.23809523809523808,8.026,false,search_prefilter,2495.89,11.3408203125,0.19047619047619047,0.18718602462849937,0.356,0.495,low,0.485,0.0,Non-Toxin,0.059,true,true,true
acea,6,masked_substitution,autoresearch-macrel-endpoint-rescue-v1,3c73c9618cfae54b457faeef42eee1dd35015e486fe6d650cbca81f20e0d2412,c7e8ddd729566476a0559080ac8167aca739b36f825e50c51293c43899e0d8ec,c7e8ddd729566476a0559080ac8167aca739b36f825e50c51293c43899e0d8ec,ARFHQSKSGKKDKKYHAGRKK,0.297,seqfam80_b6c690c7afa612d29c4c,ARFHQSKSGKKKKKYHAGRKK,false,false,4,H4W,ARFWQSKSGKKDKKYHAGRKK,2d4529e259ab0b10ca6b452c75b835a1b6211ad9c011abe7fb0578cb87f47726,activity-rescue-2d4529e259ab0b10ca6b,28.238095238095234,2,0.23809523809523808,8.026,false,search_prefilter,2534.93,11.3408203125,0.14285714285714285,0.1688143369231148,0.356,0.495,low,0.53,0.03,Non-Toxin,0.059,true,true,true
acea,6,masked_substitution,autoresearch-macrel-endpoint-rescue-v1,e50c12226b148ef1b1aabdd6ce42ff37e332291b2099cf058a1699a6c0a4a2b0,d92a34089d521fd7385ac28547ec6d4e2342f53b519f808f8cd061195b57feaa,d92a34089d521fd7385ac28547ec6d4e2342f53b519f808f8cd061195b57feaa,ARFHQSKSGKKKKKYHAGEKK,0.297,seqfam80_b6c690c7afa612d29c4c,ARFHQSKSGKKKKKYHAGRKK,false,false,4,H4W,ARFWQSKSGKKKKKYHAGEKK,85511988488413a817fff892696e919545bcff81afdb6d7bb30b965fe1438133,activity-rescue-85511988488413a817ff,28.690476190476186,2,0.23809523809523808,8.026,false,search_prefilter,2520.94,11.146728515625,0.14285714285714285,0.20457646222327838,0.356,0.495,low,0.445,0.0,Non-Toxin,0.059,true,true,true
acea,6,masked_substitution,autoresearch-macrel-endpoint-rescue-v1,204b7b02694b618bbaf7a20f51ad55b9fbf8c2c36e64b840c1a7f64664ff9d2e,98a7157f13468de08bb141ea0cc3b6f292d6782f2ce393d78008daa8cc099d32,98a7157f13468de08bb141ea0cc3b6f292d6782f2ce393d78008daa8cc099d32,WETRKKKAGKGGKKFDVRRVG,0.351,seqfam80_c0d10ee076cb2bf3d881,WETRKKKKGKGGKKFDVRRVG,false,false,4,R4Y,WETYKKKAGKGGKKFDVRRVG,734191a3f398a197b139ca4a87efcd5d3288dbfc88511f284cc1d31fb5501f8e,activity-rescue-734191a3f398a197b139,32.38095238095239,1,0.2857142857142857,5.985,false,search_prefilter,2438.84,10.972412109375,0.19047619047619047,0.15252122147118066,0.406,0.495,low,0.44,0.0,Non-Toxin,0.05500000000000005,true,true,true
acea,6,masked_substitution,autoresearch-macrel-endpoint-rescue-v1,bd8d2da2391175a87e045f02ac17764cf9416d6a9ff855a4112d03648310fd13,8864edfedc2a5da62b6149bf7c5f420ef54060192db1f552827e3c6211471b21,8864edfedc2a5da62b6149bf7c5f420ef54060192db1f552827e3c6211471b21,WETRKKKGGKGGKKFDVRRVG,0.361,seqfam80_c0d10ee076cb2bf3d881,WETRKKKKGKGGKKFDVRRVG,false,false,3,T3L,WELRKKKGGKGGKKFDVRRVG,b873353a978ae7bc8a14733cd438e7b03fc9548ab636c1bde4d42ff9643e2da2,activity-rescue-b873353a978ae7bc8a14,43.38571428571429,1,0.23809523809523808,6.987,false,search_prefilter,2429.87,11.567626953125,0.19047619047619047,0.11330843244135154,0.416,0.436,low,0.38,0.38,Non-Toxin,0.05499999999999999,true,true,true
acea,6,masked_substitution,autoresearch-macrel-endpoint-rescue-v1,de712818b310da15c30244fb297e4dd1735762bb28f9f5b06d46de44fbb7a194,8864edfedc2a5da62b6149bf7c5f420ef54060192db1f552827e3c6211471b21,8864edfedc2a5da62b6149bf7c5f420ef54060192db1f552827e3c6211471b21,WETRKKKGGKGGKKFDVRRVG,0.361,seqfam80_c0d10ee076cb2bf3d881,WETRKKKKGKGGKKFDVRRVG,false,false,4,R4F,WETFKKKGGKGGKKFDVRRVG,bf61845831b1e5989df17ed6f823afaa54f96f10379fb6c69b867dc77c373b98,activity-rescue-bf61845831b1e5989df1,32.93333333333334,1,0.23809523809523808,5.987,false,search_prefilter,2408.81,11.25537109375,0.19047619047619047,0.16987751507552748,0.416,0.455,low,0.375,0.375,Non-Toxin,0.05499999999999999,true,true,true
acea,6,masked_substitution,autoresearch-macrel-endpoint-rescue-v1,e662063334558bff6a07c3c0e83c8657b6837b61a8249f31edc74c724577dc8a,9a921ac5d4a5c28ebc22bef59f604e3e074da8a907c7cb4a1f596b4c86e5bd16,9a921ac5d4a5c28ebc22bef59f604e3e074da8a907c7cb4a1f596b4c86e5bd16,ARFHQSKSGDKKKKYHAGRKK,0.267,seqfam80_b6c690c7afa612d29c4c,ARFHQSKSGKKKKKYHAGRKK,false,false,14,K14A,ARFHQSKSGDKKKAYHAGRKK,93a04eddca268df3494a05da8119e89402c5f365cc06ce49b40117c7e9fccdfb,activity-rescue-93a04eddca268df3494a,32.28095238095238,2,0.23809523809523808,7.068,false,search_prefilter,2428.76,11.27783203125,0.19047619047619047,0.2081814309476108,0.322,0.416,low,0.315,0.315,Non-Toxin,0.05499999999999999,true,true,true
acea,6,masked_substitution,autoresearch-macrel-endpoint-rescue-v1,e8243a416e30acec7fef229c5098ba82d8ac03cafdc38a34285d6731b7be4ad4,e01a33b21e50255bac710e05def22df2bef51614058b5c3ae5b541d84502bbca,e01a33b21e50255bac710e05def22df2bef51614058b5c3ae5b541d84502bbca,ARFHQSKSGKKKKDYHAGRKK,0.267,seqfam80_b6c690c7afa612d29c4c,ARFHQSKSGKKKKKYHAGRKK,false,false,21,K21A,ARFHQSKSGKKKKDYHAGRKA,3fa0f44d79f6b68999003d60c52292138fd7b937a77fc6393165983157ef500b,activity-rescue-3fa0f44d79f6b6899900,32.28095238095238,1,0.23809523809523808,7.068,false,search_prefilter,2428.76,11.27783203125,0.19047619047619047,0.2035008264577925,0.322,0.416,low,0.515,0.015,Non-Toxin,0.05499999999999999,true,true,true
acea,6,masked_substitution,autoresearch-macrel-endpoint-rescue-v1,bafc2d3d49d91cbc948f3bfa5ca63ddbbc256d80ed7394a8bc8a14184e87975f,c4177c4d22b728745d322bd123887eead290cfc4aa0ce2c9110508594e260baf,c4177c4d22b728745d322bd123887eead290cfc4aa0ce2c9110508594e260baf,WETRKKKKGKGGKKFDVRAVG,0.366,seqfam80_c0d10ee076cb2bf3d881,WETRKKKKGKGGKKFDVRRVG,false,false,5,K5Y,WETRYKKKGKGGKKFDVRAVG,aba12182620b2db840c55256338830783747179d73203f63dcf034f367109b34,activity-rescue-aba12182620b2db840c5,-2.5285714285714302,2,0.2857142857142857,5.985,false,search_prefilter,2438.84,10.972412109375,0.19047619047619047,0.2961639247292561,0.416,0.436,low,0.405,0.0,Non-Toxin,0.04999999999999999,true,true,true
acea,6,masked_substitution,autoresearch-macrel-endpoint-rescue-v1,fcd7de57feb9f16b2b8f9021b1c245feba71aa3ff257a5bdc7ce1b93c6971bc6,c4177c4d22b728745d322bd123887eead290cfc4aa0ce2c9110508594e260baf,c4177c4d22b728745d322bd123887eead290cfc4aa0ce2c9110508594e260baf,WETRKKKKGKGGKKFDVRAVG,0.366,seqfam80_c0d10ee076cb2bf3d881,WETRKKKKGKGGKKFDVRRVG,false,false,3,T3W,WEWRKKKKGKGGKKFDVRAVG,50a6f4c58820fc5855bfe359df431d6e8275cad8f7b4885e898f29d8d4e71611,activity-rescue-50a6f4c58820fc5855bf,-6.095238095238094,2,0.2857142857142857,6.987,false,search_prefilter,2488.94,11.322265625,0.19047619047619047,0.17834024061806808,0.416,0.455,low,0.515,0.015,Non-Toxin,0.04999999999999999,true,true,true
acea,6,masked_substitution,autoresearch-macrel-endpoint-rescue-v1,0948a9965a349b3c650941627e02a84f208a3d53ec71ffdf5411549dd35317c6,ac063adcb4186a63a057715549705614ec42ac2f17e7bd96f3e1303cb734dfdc,ac063adcb4186a63a057715549705614ec42ac2f17e7bd96f3e1303cb734dfdc,ADFHQSKSGKKKKKYHAGRKK,0.277,seqfam80_b6c690c7afa612d29c4c,ARFHQSKSGKKKKKYHAGRKK,false,false,19,R19F,ADFHQSKSGKKKKKYHAGFKK,3380cec04917e317ff8ee088eeb38e758fd00d560c0f6938a0d7a9ab8ecad825,activity-rescue-3380cec04917e317ff8e,17.490476190476183,1,0.23809523809523808,7.067,false,search_prefilter,2448.84,10.928466796875,0.19047619047619047,0.17342117384268482,0.327,0.495,low,0.38,0.38,Non-Toxin,0.04999999999999999,true,true,true
acea,6,masked_substitution,autoresearch-macrel-endpoint-rescue-v1,51489370b87ed67978fad4b13711fa79a5d2b5698d0e8a571665eb63e985cff0,dd885e5f3c1824c9e80e5809e388263edea6ecb5efee9392fb964005614bf909,dd885e5f3c1824c9e80e5809e388263edea6ecb5efee9392fb964005614bf909,NWKGKSKISRKDFKRRKKARN,0.267,seqfam80_95a309f07a26e82b65df,NWKKKSKISRKDFKRRKKARN,false,false,1,N1V,VWKGKSKISRKDFKRRKKARN,3dccdff5c50445523140f5d6caef6935ee6e4424160ea912e2ed025c537f0e9d,activity-rescue-3dccdff5c50445523140,44.4952380952381,2,0.23809523809523808,9.986,false,search_prefilter,2617.12,12.18994140625,0.19047619047619047,0.29281718237047416,0.317,0.436,low,0.555,0.055,Non-Toxin,0.04999999999999999,true,true,true
acea,6,masked_substitution,autoresearch-macrel-endpoint-rescue-v1,d8eb810df309680a52d01857e84dcbaba362822904b0bbcceb5f534d46e3ff52,2d7f4f34253cd3212d27d752ecec565d413b8993a382f4ac6d38edf45e9366ec,2d7f4f34253cd3212d27d752ecec565d413b8993a382f4ac6d38edf45e9366ec,NWKKKSKISRKDFGRRKKARN,0.267,seqfam80_95a309f07a26e82b65df,NWKKKSKISRKDFKRRKKARN,false,false,1,N1V,VWKKKSKISRKDFGRRKKARN,cc6be82177742834c829305a1313c14fffaf46b1f28f86d6f42d9672a61d7ab5,activity-rescue-cc6be82177742834c829,44.214285714285715,2,0.23809523809523808,9.986,false,search_prefilter,2617.12,12.18994140625,0.19047619047619047,0.1934635624657251,0.317,0.396,low,0.57,0.07,Non-Toxin,0.04999999999999999,true,true,true
acea,6,masked_substitution,autoresearch-macrel-endpoint-rescue-v1,0805aada4d759fdf6664c8c51434302f6be76f92e9185374c4e0a6982c32e190,6e60c9a8e4ed7eba0c1028b2ed920c1c089819631ee60c031da91bda6fc110db,6e60c9a8e4ed7eba0c1028b2ed920c1c089819631ee60c031da91bda6fc110db,NWKKKSKISRKDFKRRKKAGN,0.267,seqfam80_95a309f07a26e82b65df,NWKKKSKISRKDFKRRKKARN,false,false,1,N1Y,YWKKKSKISRKDFKRRKKAGN,5e68ed44521b33032904dd3f48835652ec31c0eed33531081a6e35db49305c06,activity-rescue-5e68ed44521b33032904,37.72380952380953,2,0.23809523809523808,9.984,false,search_prefilter,2653.15,11.65185546875,0.14285714285714285,0.35161383394031615,0.317,0.406,low,0.55,0.05,Non-Toxin,0.04999999999999999,true,true,true
acea,6,masked_substitution,autoresearch-macrel-endpoint-rescue-v1,4d82794cbc31f7254720b71f4025af73cb70111b9da904b0494b8654e8d1f79c,e01a33b21e50255bac710e05def22df2bef51614058b5c3ae5b541d84502bbca,e01a33b21e50255bac710e05def22df2bef51614058b5c3ae5b541d84502bbca,ARFHQSKSGKKKKDYHAGRKK,0.267,seqfam80_b6c690c7afa612d29c4c,ARFHQSKSGKKKKKYHAGRKK,false,false,18,G18W,ARFHQSKSGKKKKDYHAWRKK,c195c4187713fc7d37a8e28b5b617c3859fbdbb0127d36594ad0e00da1769b88,activity-rescue-c195c4187713fc7d37a8,32.28095238095238,2,0.23809523809523808,8.068,false,search_prefilter,2615.02,11.3408203125,0.14285714285714285,0.15240531894901319,0.317,0.485,low,0.41,0.0,Non-Toxin,0.04999999999999999,true,true,true
acea,6,masked_substitution,autoresearch-macrel-endpoint-rescue-v1,5a2ed3ab948c08cb0886d032a542081bc4df8fd3270655e4d404f0706a4b1bb3,e01a33b21e50255bac710e05def22df2bef51614058b5c3ae5b541d84502bbca,e01a33b21e50255bac710e05def22df2bef51614058b5c3ae5b541d84502bbca,ARFHQSKSGKKKKDYHAGRKK,0.267,seqfam80_b6c690c7afa612d29c4c,ARFHQSKSGKKKKKYHAGRKK,false,false,9,G9W,ARFHQSKSWKKKKDYHAGRKK,9c346fdf64d1361084a248e6e55fcd64d27ce7cf59b9ced7fa1e8d1eed571a52,activity-rescue-9c346fdf64d1361084a2,36.32380952380952,1,0.23809523809523808,8.068,false,search_prefilter,2615.02,11.3408203125,0.14285714285714285,0.12102037943206423,0.317,0.485,low,0.49,0.0,Non-Toxin,0.04999999999999999,true,true,true
acea,6,masked_substitution,autoresearch-macrel-endpoint-rescue-v1,d90618253106481a9202680b9986a1d844be302dd7b54055a126f5643a9e1c7c,8864edfedc2a5da62b6149bf7c5f420ef54060192db1f552827e3c6211471b21,8864edfedc2a5da62b6149bf7c5f420ef54060192db1f552827e3c6211471b21,WETRKKKGGKGGKKFDVRRVG,0.361,seqfam80_c0d10ee076cb2bf3d881,WETRKKKKGKGGKKFDVRRVG,false,false,3,T3A,WEARKKKGGKGGKKFDVRRVG,2998237f2218adf7fc5ddc8b8f6124b010fded55b997fba008fe15d33fb0fae1,activity-rescue-2998237f2218adf7fc5d,34.214285714285715,1,0.23809523809523808,6.987,false,search_prefilter,2387.79,11.567626953125,0.19047619047619047,0.12768563181557416,0.406,0.436,low,0.375,0.375,Non-Toxin,0.04500000000000004,true,true,true
acea,6,masked_substitution,autoresearch-macrel-endpoint-rescue-v1,06898384a52de7559c71f755c0b5ad102f5afe8cb760466549b7a39d23beb2d8,8864edfedc2a5da62b6149bf7c5f420ef54060192db1f552827e3c6211471b21,8864edfedc2a5da62b6149bf7c5f420ef54060192db1f552827e3c6211471b21,WETRKKKGGKGGKKFDVRRVG,0.361,seqfam80_c0d10ee076cb2bf3d881,WETRKKKKGKGGKKFDVRRVG,false,false,4,R4Y,WETYKKKGGKGGKKFDVRRVG,6b96bc7dc78ca15fed7ca17a19fd0c6b6342023f0810ba185c171606f182e1dc,activity-rescue-6b96bc7dc78ca15fed7c,34.214285714285715,1,0.23809523809523808,5.985,false,search_prefilter,2424.81,10.972412109375,0.14285714285714285,0.14648669145065332,0.406,0.485,low,0.335,0.335,Non-Toxin,0.04500000000000004,true,true,true
acea,6,masked_substitution,autoresearch-macrel-endpoint-rescue-v1,a70eb5ba70a060f6d3e91e05b49f9221d0b463833cbead5323b23b1822a5b77b,a2ed9560a190032a799c2e36610f401e3eb9eacfad2f8e67bb4c331761349580,a2ed9560a190032a799c2e36610f401e3eb9eacfad2f8e67bb4c331761349580,ARFHQSKSGEKKKKYHAGRKK,0.287,seqfam80_b6c690c7afa612d29c4c,ARFHQSKSGKKKKKYHAGRKK,false,false,12,K12A,ARFHQSKSGEKAKKYHAGRKK,fcbe83eeeb58840c35ad62ebcd81282c1748b1638977395ef96229eaa386cb5a,activity-rescue-fcbe83eeeb58840c35ad,32.73333333333333,1,0.23809523809523808,7.069,false,search_prefilter,2442.79,11.27783203125,0.19047619047619047,0.10458756602261596,0.332,0.465,low,0.375,0.375,Non-Toxin,0.04500000000000004,true,true,true
acea,6,masked_substitution,autoresearch-macrel-endpoint-rescue-v1,d8a8737c7bd7fd88dad1d06580e50352e5443eba851037afc6b42016e726c1f4,e01a33b21e50255bac710e05def22df2bef51614058b5c3ae5b541d84502bbca,e01a33b21e50255bac710e05def22df2bef51614058b5c3ae5b541d84502bbca,ARFHQSKSGKKKKDYHAGRKK,0.267,seqfam80_b6c690c7afa612d29c4c,ARFHQSKSGKKKKKYHAGRKK,false,false,10,K10A,ARFHQSKSGAKKKDYHAGRKK,55b025f7cd83e4d6199adf0a60f40760bfb52328c00511f38566dfffe4a777f8,activity-rescue-55b025f7cd83e4d6199a,32.28095238095238,1,0.23809523809523808,7.068,false,search_prefilter,2428.76,11.27783203125,0.19047619047619047,0.1795696191945492,0.312,0.416,low,0.415,0.0,Non-Toxin,0.044999999999999984,true,true,true
acea,6,masked_substitution,autoresearch-macrel-endpoint-rescue-v1,aeaa48c83a0624d382cebb0b98a8b1466b24a26bed6e275557c749737de4d122,9a921ac5d4a5c28ebc22bef59f604e3e074da8a907c7cb4a1f596b4c86e5bd16,9a921ac5d4a5c28ebc22bef59f604e3e074da8a907c7cb4a1f596b4c86e5bd16,ARFHQSKSGDKKKKYHAGRKK,0.267,seqfam80_b6c690c7afa612d29c4c,ARFHQSKSGKKKKKYHAGRKK,false,false,11,K11A,ARFHQSKSGDAKKKYHAGRKK,03a572cd483bc256dce576d833cb90c4b180f2ad38648606c699a3a28e1451ff,activity-rescue-03a572cd483bc256dce5,36.32380952380952,1,0.23809523809523808,7.068,false,search_prefilter,2428.76,11.27783203125,0.19047619047619047,0.21682252450018763,0.312,0.406,low,0.345,0.345,Non-Toxin,0.044999999999999984,true,true,true
acea,6,masked_substitution,autoresearch-macrel-endpoint-rescue-v1,76b3337b618e6af7b69472222e346f3727665a04a757523c7a44170dfbe2111c,e01a33b21e50255bac710e05def22df2bef51614058b5c3ae5b541d84502bbca,e01a33b21e50255bac710e05def22df2bef51614058b5c3ae5b541d84502bbca,ARFHQSKSGKKKKDYHAGRKK,0.267,seqfam80_b6c690c7afa612d29c4c,ARFHQSKSGKKKKKYHAGRKK,false,false,11,K11A,ARFHQSKSGKAKKDYHAGRKK,5c18def348c901c9eeb0b4cb53b90cf2dc30cca8522fb3b24cbf3d28312cade7,activity-rescue-5c18def348c901c9eeb0,32.28095238095238,1,0.23809523809523808,7.068,false,search_prefilter,2428.76,11.27783203125,0.19047619047619047,0.23511146206245706,0.312,0.416,low,0.525,0.025,Non-Toxin,0.044999999999999984,true,true,true
acea,6,masked_substitution,autoresearch-macrel-endpoint-rescue-v1,f8a97f23daf9f25dc4dd8b0d21e5d5928ca31f2e1c31f44ad87395937c455b92,a2ed9560a190032a799c2e36610f401e3eb9eacfad2f8e67bb4c331761349580,a2ed9560a190032a799c2e36610f401e3eb9eacfad2f8e67bb4c331761349580,ARFHQSKSGEKKKKYHAGRKK,0.287,seqfam80_b6c690c7afa612d29c4c,ARFHQSKSGKKKKKYHAGRKK,false,false,13,K13Y,ARFHQSKSGEKKYKYHAGRKK,ffcf08aff8de87df3f2bc45a6d991fa50c0b4980efea06cbdfacf8bb4c42d9eb,activity-rescue-ffcf08aff8de87df3f2b,32.73333333333333,1,0.23809523809523808,7.067,false,search_prefilter,2534.88,11.003173828125,0.14285714285714285,0.08551118841769174,0.327,0.495,low,0.29,0.29,Non-Toxin,0.040000000000000036,true,true,true
acea,6,masked_substitution,autoresearch-macrel-endpoint-rescue-v1,ab3303a590b64637f74e2b4defe227e8cb28404dbe73dd15ecdbaa071a124eaa,dd885e5f3c1824c9e80e5809e388263edea6ecb5efee9392fb964005614bf909,dd885e5f3c1824c9e80e5809e388263edea6ecb5efee9392fb964005614bf909,NWKGKSKISRKDFKRRKKARN,0.267,seqfam80_95a309f07a26e82b65df,NWKKKSKISRKDFKRRKKARN,false,false,1,N1A,AWKGKSKISRKDFKRRKKARN,85d0817f11658f80eea01c1e9c07930df1670620751e49724b603477e6f79f46,activity-rescue-85d0817f11658f80eea0,44.4952380952381,2,0.23809523809523808,9.986,false,search_prefilter,2589.06,12.18994140625,0.19047619047619047,0.271095801257366,0.307,0.406,low,0.55,0.05,Non-Toxin,0.03999999999999998,true,true,true
acea,6,masked_substitution,autoresearch-macrel-endpoint-rescue-v1,e1a1c3929963e49187b3fa81d922ff76b60adb0d72a0b0903e01dad2f4b527f0,2d7f4f34253cd3212d27d752ecec565d413b8993a382f4ac6d38edf45e9366ec,2d7f4f34253cd3212d27d752ecec565d413b8993a382f4ac6d38edf45e9366ec,NWKKKSKISRKDFGRRKKARN,0.267,seqfam80_95a309f07a26e82b65df,NWKKKSKISRKDFKRRKKARN,false,false,1,N1A,AWKKKSKISRKDFGRRKKARN,9c865138a9822e90513e70de2dac6407c7ca36c3ec71badd8ec77ad181c3843c,activity-rescue-9c865138a9822e90513e,44.214285714285715,2,0.23809523809523808,9.986,false,search_prefilter,2589.06,12.18994140625,0.19047619047619047,0.17503168597765095,0.307,0.406,low,0.575,0.075,Non-Toxin,0.03999999999999998,true,true,true
acea,6,masked_substitution,autoresearch-macrel-endpoint-rescue-v1,8f4f9e716c6b10a52f560ac21170b51f4b09d736c482d1fbc08c5cab9cb7f564,e01a33b21e50255bac710e05def22df2bef51614058b5c3ae5b541d84502bbca,e01a33b21e50255bac710e05def22df2bef51614058b5c3ae5b541d84502bbca,ARFHQSKSGKKKKDYHAGRKK,0.267,seqfam80_b6c690c7afa612d29c4c,ARFHQSKSGKKKKKYHAGRKK,false,false,9,G9F,ARFHQSKSFKKKKDYHAGRKK,29b6bd8363a657db2413d35a9a468a519753307a4de476e5cb93bda01cb8e500,activity-rescue-29b6bd8363a657db2413,29.166666666666664,1,0.23809523809523808,8.068,false,search_prefilter,2575.98,11.3408203125,0.19047619047619047,0.10248730377755526,0.307,0.485,low,0.485,0.0,Non-Toxin,0.03999999999999998,true,true,true
acea,6,masked_substitution,autoresearch-macrel-endpoint-rescue-v1,29e9b599a314cb0556f1848e1a4c48b3fdc46e96353fc611bee7b6b214dd7331,9a921ac5d4a5c28ebc22bef59f604e3e074da8a907c7cb4a1f596b4c86e5bd16,9a921ac5d4a5c28ebc22bef59f604e3e074da8a907c7cb4a1f596b4c86e5bd16,ARFHQSKSGDKKKKYHAGRKK,0.267,seqfam80_b6c690c7afa612d29c4c,ARFHQSKSGKKKKKYHAGRKK,false,false,18,G18F,ARFHQSKSGDKKKKYHAFRKK,722f01425f66a27db501ddd23ee2b6747fef30639c198bd92da877d9c14eec8a,activity-rescue-722f01425f66a27db501,32.28095238095238,2,0.23809523809523808,8.068,false,search_prefilter,2575.98,11.3408203125,0.19047619047619047,0.15390543405865673,0.307,0.485,low,0.35,0.35,Non-Toxin,0.03999999999999998,true,true,true
acea,6,masked_substitution,autoresearch-macrel-endpoint-rescue-v1,67c5ac979ad9039a79bb0c058e148358fe0a5b6008b38d75460b6f27bf27ac3e,9a921ac5d4a5c28ebc22bef59f604e3e074da8a907c7cb4a1f596b4c86e5bd16,9a921ac5d4a5c28ebc22bef59f604e3e074da8a907c7cb4a1f596b4c86e5bd16,ARFHQSKSGDKKKKYHAGRKK,0.267,seqfam80_b6c690c7afa612d29c4c,ARFHQSKSGKKKKKYHAGRKK,false,false,13,K13Y,ARFHQSKSGDKKYKYHAGRKK,cab6900239639558da311181d93c7ff846837895161255ab4e49ce132145d829,activity-rescue-cab6900239639558da31,32.28095238095238,1,0.23809523809523808,7.066,false,search_prefilter,2520.86,11.003173828125,0.14285714285714285,0.07911895234595379,0.307,0.485,low,0.335,0.335,Non-Toxin,0.03999999999999998,true,true,true
acea,6,masked_substitution,autoresearch-macrel-endpoint-rescue-v1,e453bdf914d3ddac1e4a6aa56152be681a3534081959a362c530e5ca14f91893,9a921ac5d4a5c28ebc22bef59f604e3e074da8a907c7cb4a1f596b4c86e5bd16,9a921ac5d4a5c28ebc22bef59f604e3e074da8a907c7cb4a1f596b4c86e5bd16,ARFHQSKSGDKKKKYHAGRKK,0.267,seqfam80_b6c690c7afa612d29c4c,ARFHQSKSGKKKKKYHAGRKK,false,false,11,K11Y,ARFHQSKSGDYKKKYHAGRKK,f53bf3c0b47436442d56b5463d6e3c3ad6428c4db0da0423bbe8843be16228fc,activity-rescue-f53bf3c0b47436442d56,36.32380952380952,1,0.23809523809523808,7.066,false,search_prefilter,2520.86,11.003173828125,0.14285714285714285,0.20005541770187305,0.307,0.475,low,0.325,0.325,Non-Toxin,0.03999999999999998,true,true,true
acea,6,masked_substitution,autoresearch-macrel-endpoint-rescue-v1,cfa67393b36a1e45644dbbe83c2593cf12ee753eccaa308cc4c05d95f510ce26,e01a33b21e50255bac710e05def22df2bef51614058b5c3ae5b541d84502bbca,e01a33b21e50255bac710e05def22df2bef51614058b5c3ae5b541d84502bbca,ARFHQSKSGKKKKDYHAGRKK,0.267,seqfam80_b6c690c7afa612d29c4c,ARFHQSKSGKKKKKYHAGRKK,false,false,18,G18F,ARFHQSKSGKKKKDYHAFRKK,5c9178ad25e7b9be751ac1b4c751ce09e208e10394fa12bcdfb9d4cb46c7fa1f,activity-rescue-5c9178ad25e7b9be751a,32.28095238095238,2,0.23809523809523808,8.068,false,search_prefilter,2575.98,11.3408203125,0.19047619047619047,0.17095850052975192,0.307,0.485,low,0.39,0.0,Non-Toxin,0.03999999999999998,true,true,true
acea,6,masked_substitution,autoresearch-macrel-endpoint-rescue-v1,b402a0e6891a6d76d46548f977153debb77b910948856f718d79171199d44724,e01a33b21e50255bac710e05def22df2bef51614058b5c3ae5b541d84502bbca,e01a33b21e50255bac710e05def22df2bef51614058b5c3ae5b541d84502bbca,ARFHQSKSGKKKKDYHAGRKK,0.267,seqfam80_b6c690c7afa612d29c4c,ARFHQSKSGKKKKKYHAGRKK,false,false,21,K21W,ARFHQSKSGKKKKDYHAGRKW,9b4f98651c975a7a415640f4445487d9972ec8b8bb46d15169bfeac929741fc5,activity-rescue-9b4f98651c975a7a4156,32.28095238095238,1,0.23809523809523808,7.068,false,search_prefilter,2543.89,11.27783203125,0.14285714285714285,0.21081818696033908,0.307,0.495,low,0.48,0.0,Non-Toxin,0.03999999999999998,true,true,true
acea,6,masked_substitution,autoresearch-macrel-endpoint-rescue-v1,533abae8f381f11922f72e53c4e622a649eb57c1f39536bf3f51fb08e7177af0,e01a33b21e50255bac710e05def22df2bef51614058b5c3ae5b541d84502bbca,e01a33b21e50255bac710e05def22df2bef51614058b5c3ae5b541d84502bbca,ARFHQSKSGKKKKDYHAGRKK,0.267,seqfam80_b6c690c7afa612d29c4c,ARFHQSKSGKKKKKYHAGRKK,false,false,11,K11W,ARFHQSKSGKWKKDYHAGRKK,2d145200863fd910c48ee27570f19640cc64938cdd2e4eee7889c7de94f5fbab,activity-rescue-2d145200863fd910c48e,32.28095238095238,1,0.23809523809523808,7.068,false,search_prefilter,2543.89,11.27783203125,0.14285714285714285,0.24403221582932155,0.307,0.495,low,0.505,0.005,Non-Toxin,0.03999999999999998,true,true,true
acea,6,masked_substitution,autoresearch-macrel-endpoint-rescue-v1,ac23d1f66cba35a90c24fb185da67cd9364a85abd35dab697f06906bb2739b5a,e01a33b21e50255bac710e05def22df2bef51614058b5c3ae5b541d84502bbca,e01a33b21e50255bac710e05def22df2bef51614058b5c3ae5b541d84502bbca,ARFHQSKSGKKKKDYHAGRKK,0.267,seqfam80_b6c690c7afa612d29c4c,ARFHQSKSGKKKKKYHAGRKK,false,false,10,K10W,ARFHQSKSGWKKKDYHAGRKK,1fd74bfb7192c5e9c08aa8594c55ede0f207956f5077dc3207e971215977a25f,activity-rescue-1fd74bfb7192c5e9c08a,42.2,1,0.23809523809523808,7.068,false,search_prefilter,2543.89,11.27783203125,0.14285714285714285,0.18562157378390362,0.307,0.475,low,0.445,0.0,Non-Toxin,0.03999999999999998,true,true,true
acea,6,masked_substitution,autoresearch-macrel-endpoint-rescue-v1,88132668ac028fbcd927866fcb4fe89f73985992ca4f19a4a0cc4eff668e681a,e01a33b21e50255bac710e05def22df2bef51614058b5c3ae5b541d84502bbca,e01a33b21e50255bac710e05def22df2bef51614058b5c3ae5b541d84502bbca,ARFHQSKSGKKKKDYHAGRKK,0.267,seqfam80_b6c690c7afa612d29c4c,ARFHQSKSGKKKKKYHAGRKK,false,false,10,K10Y,ARFHQSKSGYKKKDYHAGRKK,78ac2122d5d8cbe20e3cf4f11276f432836898226ff27dc4be73481f370ce02b,activity-rescue-78ac2122d5d8cbe20e3c,32.28095238095238,1,0.23809523809523808,7.066,false,search_prefilter,2520.86,11.003173828125,0.14285714285714285,0.16883906823278277,0.307,0.485,low,0.38,0.0,Non-Toxin,0.03999999999999998,true,true,true
acea,6,masked_substitution,autoresearch-macrel-endpoint-rescue-v1,e0a464d178b21c689e45bde41c68e46248d074ff61ed6e18e9727e65c6b4559a,37561aae864b078e0651a5136b62a3fdb385582cf7e79a65dd6f917a6bf35357,37561aae864b078e0651a5136b62a3fdb385582cf7e79a65dd6f917a6bf35357,ARFHQSKSGKKKDKYHAGRKK,0.287,seqfam80_b6c690c7afa612d29c4c,ARFHQSKSGKKKKKYHAGRKK,false,false,10,K10A,ARFHQSKSGAKKDKYHAGRKK,bf4b2184c3442b1517169ef1daedf7cfb224a9a4e8b38a7e47076d723c92532a,activity-rescue-bf4b2184c3442b151716,28.238095238095234,1,0.23809523809523808,7.068,false,search_prefilter,2428.76,11.27783203125,0.19047619047619047,0.1437858280843393,0.322,0.416,low,0.415,0.0,Non-Toxin,0.03500000000000003,true,true,true
acea,6,masked_substitution,autoresearch-macrel-endpoint-rescue-v1,b725ba4f1c7db77f3d851d442c30cee1bcf7c22954551a8bc459845945a63836,a2ed9560a190032a799c2e36610f401e3eb9eacfad2f8e67bb4c331761349580,a2ed9560a190032a799c2e36610f401e3eb9eacfad2f8e67bb4c331761349580,ARFHQSKSGEKKKKYHAGRKK,0.287,seqfam80_b6c690c7afa612d29c4c,ARFHQSKSGKKKKKYHAGRKK,false,false,21,K21A,ARFHQSKSGEKKKKYHAGRKA,3ecfcf1e183889b3944317dbf680f2271f2240559cb5f7f145a90599dc670291,activity-rescue-3ecfcf1e183889b39443,32.73333333333333,1,0.23809523809523808,7.069,false,search_prefilter,2442.79,11.27783203125,0.19047619047619047,0.19721214209294005,0.322,0.465,low,0.355,0.355,Non-Toxin,0.03500000000000003,true,true,true
acea,6,masked_substitution,autoresearch-macrel-endpoint-rescue-v1,6882484969dafdfea16470de3077d5ffceab8b721a163156b7550d39b899128e,37561aae864b078e0651a5136b62a3fdb385582cf7e79a65dd6f917a6bf35357,37561aae864b078e0651a5136b62a3fdb385582cf7e79a65dd6f917a6bf35357,ARFHQSKSGKKKDKYHAGRKK,0.287,seqfam80_b6c690c7afa612d29c4c,ARFHQSKSGKKKKKYHAGRKK,false,false,21,K21A,ARFHQSKSGKKKDKYHAGRKA,3123981871ddbb79bf48defc98355edf1e79a46742fac3e75e1c927a9e48a9bb,activity-rescue-3123981871ddbb79bf48,28.238095238095234,1,0.23809523809523808,7.068,false,search_prefilter,2428.76,11.27783203125,0.19047619047619047,0.16418693263390888,0.322,0.416,low,0.525,0.025,Non-Toxin,0.03500000000000003,true,true,true
acea,6,masked_substitution,autoresearch-macrel-endpoint-rescue-v1,7b69adf2da61d0b22557963a7c449a5a0cc9cd127778b3b2e9b5640745476b9f,ac063adcb4186a63a057715549705614ec42ac2f17e7bd96f3e1303cb734dfdc,ac063adcb4186a63a057715549705614ec42ac2f17e7bd96f3e1303cb734dfdc,ADFHQSKSGKKKKKYHAGRKK,0.277,seqfam80_b6c690c7afa612d29c4c,ARFHQSKSGKKKKKYHAGRKK,false,false,10,K10A,ADFHQSKSGAKKKKYHAGRKK,3f409a9587cf04ac8b7cdcedc2cb1b938c16e7594d4bd1ee6d16f68472c4fe70,activity-rescue-3f409a9587cf04ac8b7c,24.64761904761904,1,0.23809523809523808,7.068,false,search_prefilter,2400.75,11.07666015625,0.19047619047619047,0.11687806780817825,0.312,0.436,low,0.34,0.34,Non-Toxin,0.034999999999999976,true,true,true
acea,6,masked_substitution,autoresearch-macrel-endpoint-rescue-v1,37f2d52d128d46c982359b5ec4d45b02da0be9b1777b20593ec15c05ffed1534,ac063adcb4186a63a057715549705614ec42ac2f17e7bd96f3e1303cb734dfdc,ac063adcb4186a63a057715549705614ec42ac2f17e7bd96f3e1303cb734dfdc,ADFHQSKSGKKKKKYHAGRKK,0.277,seqfam80_b6c690c7afa612d29c4c,ARFHQSKSGKKKKKYHAGRKK,false,false,19,R19A,ADFHQSKSGKKKKKYHAGAKK,cd81383b17f3fed982610ccfe1d4b55e81c552719c2d2b749af395c6f112021d,activity-rescue-cd81383b17f3fed98261,20.604761904761897,1,0.23809523809523808,7.067,false,search_prefilter,2372.74,10.928466796875,0.19047619047619047,0.14679064062072927,0.312,0.436,low,0.375,0.375,Non-Toxin,0.034999999999999976,true,true,true
acea,6,masked_substitution,autoresearch-macrel-endpoint-rescue-v1,1ffe0a4b65a4d69c438189e05999a9fabd5a6f1e5c899aac3cc2eb92c93b663d,9a921ac5d4a5c28ebc22bef59f604e3e074da8a907c7cb4a1f596b4c86e5bd16,9a921ac5d4a5c28ebc22bef59f604e3e074da8a907c7cb4a1f596b4c86e5bd16,ARFHQSKSGDKKKKYHAGRKK,0.267,seqfam80_b6c690c7afa612d29c4c,ARFHQSKSGKKKKKYHAGRKK,false,false,7,K7A,ARFHQSASGDKKKKYHAGRKK,ea7f90944ee3dda5f0b9d4494624b30a6988adb276d015541467631e2d48a1fd,activity-rescue-ea7f90944ee3dda5f0b9,32.28095238095238,1,0.23809523809523808,7.068,false,search_prefilter,2428.76,11.27783203125,0.19047619047619047,0.21765485550158817,0.302,0.416,low,0.405,0.0,Non-Toxin,0.034999999999999976,true,true,true
acea,6,masked_substitution,autoresearch-macrel-endpoint-rescue-v1,47b1df46c9d801361f98e281d3b0adfd179823882058b757a9c5e716875ef5dd,e01a33b21e50255bac710e05def22df2bef51614058b5c3ae5b541d84502bbca,e01a33b21e50255bac710e05def22df2bef51614058b5c3ae5b541d84502bbca,ARFHQSKSGKKKKDYHAGRKK,0.267,seqfam80_b6c690c7afa612d29c4c,ARFHQSKSGKKKKKYHAGRKK,false,false,7,K7A,ARFHQSASGKKKKDYHAGRKK,f5d38507889ef58753b69b87e563951448b3a5c9fe515863b126a738584acd8c,activity-rescue-f5d38507889ef58753b6,32.28095238095238,1,0.23809523809523808,7.068,false,search_prefilter,2428.76,11.27783203125,0.19047619047619047,0.23300087427789096,0.302,0.416,low,0.485,0.0,Non-Toxin,0.034999999999999976,true,true,true
acea,6,masked_substitution,autoresearch-macrel-endpoint-rescue-v1,8ed4c3b6be177474bba3a9f361bd73921b1baeb93f1fc60a22477d1e9071b1d5,9a921ac5d4a5c28ebc22bef59f604e3e074da8a907c7cb4a1f596b4c86e5bd16,9a921ac5d4a5c28ebc22bef59f604e3e074da8a907c7cb4a1f596b4c86e5bd16,ARFHQSKSGDKKKKYHAGRKK,0.267,seqfam80_b6c690c7afa612d29c4c,ARFHQSKSGKKKKKYHAGRKK,false,false,19,R19A,ARFHQSKSGDKKKKYHAGAKK,8f6b66877185fa7f8b89da89e99a30fe8520e7ab78fd065f3db3089ba7046a6c,activity-rescue-8f6b66877185fa7f8b89,28.23809523809523,1,0.23809523809523808,7.068,false,search_prefilter,2400.75,11.07666015625,0.19047619047619047,0.1716002054774337,0.302,0.406,low,0.36,0.36,Non-Toxin,0.034999999999999976,true,true,true
acea,6,masked_substitution,autoresearch-macrel-endpoint-rescue-v1,c403f7bc6820a8e3301b6f5e3312cd77c439044149a1afe95df88bbf552f0376,e01a33b21e50255bac710e05def22df2bef51614058b5c3ae5b541d84502bbca,e01a33b21e50255bac710e05def22df2bef51614058b5c3ae5b541d84502bbca,ARFHQSKSGKKKKDYHAGRKK,0.267,seqfam80_b6c690c7afa612d29c4c,ARFHQSKSGKKKKKYHAGRKK,false,false,19,R19A,ARFHQSKSGKKKKDYHAGAKK,830e48e5c5008dcbca206f376a43c23178631bf3afcca5c0b5ef267e58835201,activity-rescue-830e48e5c5008dcbca20,28.23809523809523,1,0.23809523809523808,7.068,false,search_prefilter,2400.75,11.07666015625,0.19047619047619047,0.18924105957979917,0.302,0.406,low,0.425,0.0,Non-Toxin,0.034999999999999976,true,true,true
acea,6,masked_substitution,autoresearch-macrel-endpoint-rescue-v1,e7fc42b417f2c303529c29946b7666aa61b2b4055fa8cd1689864a731880316c,e01a33b21e50255bac710e05def22df2bef51614058b5c3ae5b541d84502bbca,e01a33b21e50255bac710e05def22df2bef51614058b5c3ae5b541d84502bbca,ARFHQSKSGKKKKDYHAGRKK,0.267,seqfam80_b6c690c7afa612d29c4c,ARFHQSKSGKKKKKYHAGRKK,false,false,20,K20A,ARFHQSKSGKKKKDYHAGRAK,b320b2d534b21adabf8f2951df88f4803fbe71c6d81158423b23b7999c675746,activity-rescue-b320b2d534b21adabf8f,32.28095238095238,1,0.23809523809523808,7.068,false,search_prefilter,2428.76,11.27783203125,0.19047619047619047,0.04984779611551446,0.302,0.416,low,0.49,0.0,Non-Toxin,0.034999999999999976,true,true,true
acea,6,masked_substitution,autoresearch-macrel-endpoint-rescue-v1,8a618737f70c5f2e60ed4202481e9e8f6cfbba6a41e59ecab5d57cac06ff9e91,c4177c4d22b728745d322bd123887eead290cfc4aa0ce2c9110508594e260baf,c4177c4d22b728745d322bd123887eead290cfc4aa0ce2c9110508594e260baf,WETRKKKKGKGGKKFDVRAVG,0.366,seqfam80_c0d10ee076cb2bf3d881,WETRKKKKGKGGKKFDVRRVG,false,false,7,K7I,WETRKKIKGKGGKKFDVRAVG,2ef17eade572955e737e0c6fced8c04c54dae9846b13a31f3e1c35db498e8e32,activity-rescue-2ef17eade572955e737e,-7.023809523809525,2,0.2857142857142857,5.987,false,search_prefilter,2388.82,11.25537109375,0.23809523809523808,0.0819765664418332,0.396,0.426,low,0.47,0.0,Non-Toxin,0.030000000000000027,true,true,true
acea,6,masked_substitution,autoresearch-macrel-endpoint-rescue-v1,79ddbd175edf37fdb3585ee843c776e533fb513297ee1da0bd4ce3d519f79da1,a238c03f72ef83c03ef030dd5b83219f8e3cd824218f46d0d4c2e2691a207128,a238c03f72ef83c03ef030dd5b83219f8e3cd824218f46d0d4c2e2691a207128,WETRKKKKGKGGKKFDVQRVG,0.366,seqfam80_c0d10ee076cb2bf3d881,WETRKKKKGKGGKKFDVRRVG,false,false,14,K14F,WETRKKKKGKGGKFFDVQRVG,e79e797c051ef94c7eda1aec6ab8f0da4e337ba430c7896655d743d9907bc5ec,activity-rescue-e79e797c051ef94c7eda,1.0619047619047612,2,0.23809523809523808,5.987,false,search_prefilter,2479.89,11.25537109375,0.19047619047619047,0.12068844947600768,0.396,0.396,low,0.36,0.36,Non-Toxin,0.030000000000000027,true,true,true
acea,6,masked_substitution,autoresearch-macrel-endpoint-rescue-v1,6f4fe0c9425ee9476a15bfb189710063cedda50e132d060920153a4c2d01972c,c7e8ddd729566476a0559080ac8167aca739b36f825e50c51293c43899e0d8ec,c7e8ddd729566476a0559080ac8167aca739b36f825e50c51293c43899e0d8ec,ARFHQSKSGKKDKKYHAGRKK,0.297,seqfam80_b6c690c7afa612d29c4c,ARFHQSKSGKKKKKYHAGRKK,false,false,18,G18W,ARFHQSKSGKKDKKYHAWRKK,90cde904c34ce850bd402123683fa431696fdcb19eb329f9801ddaffdf98606a,activity-rescue-90cde904c34ce850bd40,28.238095238095234,2,0.23809523809523808,8.068,false,search_prefilter,2615.02,11.3408203125,0.14285714285714285,0.1264805315342148,0.327,0.485,low,0.45,0.0,Non-Toxin,0.030000000000000027,true,true,true
acea,6,masked_substitution,autoresearch-macrel-endpoint-rescue-v1,0f89c47309bc77b25ef8ed56c3ccb89bb6a3de7729ea0fea68007ec682cac0c9,c7e8ddd729566476a0559080ac8167aca739b36f825e50c51293c43899e0d8ec,c7e8ddd729566476a0559080ac8167aca739b36f825e50c51293c43899e0d8ec,ARFHQSKSGKKDKKYHAGRKK,0.297,seqfam80_b6c690c7afa612d29c4c,ARFHQSKSGKKKKKYHAGRKK,false,false,9,G9W,ARFHQSKSWKKDKKYHAGRKK,56e7fad9704e0b93265a91ccd06c0bfdc4fe652ffffcc3587fbbd97cbefa3675,activity-rescue-56e7fad9704e0b93265a,32.28095238095238,1,0.23809523809523808,8.068,false,search_prefilter,2615.02,11.3408203125,0.14285714285714285,0.09843570653163798,0.327,0.485,low,0.535,0.035,Non-Toxin,0.030000000000000027,true,true,true
acea,6,masked_substitution,autoresearch-macrel-endpoint-rescue-v1,fa752d6b647d8ee72a9759a8446a8f4aa052ff6643a5cf257a49a2706e3793f5,37561aae864b078e0651a5136b62a3fdb385582cf7e79a65dd6f917a6bf35357,37561aae864b078e0651a5136b62a3fdb385582cf7e79a65dd6f917a6bf35357,ARFHQSKSGKKKDKYHAGRKK,0.287,seqfam80_b6c690c7afa612d29c4c,ARFHQSKSGKKKKKYHAGRKK,false,false,9,G9F,ARFHQSKSFKKKDKYHAGRKK,c60b4046a675f1b3b1d892f093b511198fdf227a71436d018b9c3cbb22588bb9,activity-rescue-c60b4046a675f1b3b1d8,25.12380952380952,1,0.23809523809523808,8.068,false,search_prefilter,2575.98,11.3408203125,0.19047619047619047,0.05889940371402037,0.317,0.495,low,0.5,0.0,Non-Toxin,0.030000000000000027,true,true,true
acea,6,masked_substitution,autoresearch-macrel-endpoint-rescue-v1,80c94c0447df5a1ce517f650b433ec7be5236fa12e88c8f0988ed6ab5bfba800,a2ed9560a190032a799c2e36610f401e3eb9eacfad2f8e67bb4c331761349580,a2ed9560a190032a799c2e36610f401e3eb9eacfad2f8e67bb4c331761349580,ARFHQSKSGEKKKKYHAGRKK,0.287,seqfam80_b6c690c7afa612d29c4c,ARFHQSKSGKKKKKYHAGRKK,false,false,21,K21Y,ARFHQSKSGEKKKKYHAGRKY,f791bd2f368c14d738cfec2cda6650700f65a651fc6a22b2c8a2f235f4657d7c,activity-rescue-f791bd2f368c14d738cf,32.73333333333333,1,0.23809523809523808,7.067,false,search_prefilter,2534.88,11.003173828125,0.14285714285714285,0.18262481560463747,0.317,0.495,low,0.32,0.32,Non-Toxin,0.030000000000000027,true,true,true
acea,6,masked_substitution,autoresearch-macrel-endpoint-rescue-v1,43d8d0fb2cebbf33c401dc6dcb66ef7fb20771215ae203315f37aac0447c0600,a2ed9560a190032a799c2e36610f401e3eb9eacfad2f8e67bb4c331761349580,a2ed9560a190032a799c2e36610f401e3eb9eacfad2f8e67bb4c331761349580,ARFHQSKSGEKKKKYHAGRKK,0.287,seqfam80_b6c690c7afa612d29c4c,ARFHQSKSGKKKKKYHAGRKK,false,false,20,K20Y,ARFHQSKSGEKKKKYHAGRYK,968c8d9656dd0991484c53161f13c8b9d3b0ecf21b17b915bdbffe0ba743d2eb,activity-rescue-968c8d9656dd0991484c,29.14285714285714,1,0.23809523809523808,7.067,false,search_prefilter,2534.88,11.003173828125,0.14285714285714285,0.057291217556543754,0.317,0.495,low,0.27,0.27,Non-Toxin,0.030000000000000027,true,true,true
acea,6,masked_substitution,autoresearch-macrel-endpoint-rescue-v1,9518569a43cb66f645de5ef318e4ffe88dec576fb0907def20fc427a08b5cf7a,a2ed9560a190032a799c2e36610f401e3eb9eacfad2f8e67bb4c331761349580,a2ed9560a190032a799c2e36610f401e3eb9eacfad2f8e67bb4c331761349580,ARFHQSKSGEKKKKYHAGRKK,0.287,seqfam80_b6c690c7afa612d29c4c,ARFHQSKSGKKKKKYHAGRKK,false,false,14,K14Y,ARFHQSKSGEKKKYYHAGRKK,4b7bb1ae77e63eebbd8c4dc775daecef4bb5352e90f897dc64cbd007af2c3bea,activity-rescue-4b7bb1ae77e63eebbd8c,38.60952380952381,2,0.23809523809523808,7.067,false,search_prefilter,2534.89,11.003173828125,0.14285714285714285,0.1958709333386729,0.317,0.475,low,0.305,0.305,Non-Toxin,0.030000000000000027,true,true,true
acea,6,masked_substitution,autoresearch-macrel-endpoint-rescue-v1,c45e580e3aa47b876c371b163e2d599746596b79c397c8dad14dad371a59778e,a2ed9560a190032a799c2e36610f401e3eb9eacfad2f8e67bb4c331761349580,a2ed9560a190032a799c2e36610f401e3eb9eacfad2f8e67bb4c331761349580,ARFHQSKSGEKKKKYHAGRKK,0.287,seqfam80_b6c690c7afa612d29c4c,ARFHQSKSGKKKKKYHAGRKK,false,false,12,K12Y,ARFHQSKSGEKYKKYHAGRKK,c3fae1bf66fc3d63146917406a57d3b5c4e88223a132acbb9ea58a1d59d48c4b,activity-rescue-c3fae1bf66fc3d631469,32.73333333333333,1,0.23809523809523808,7.067,false,search_prefilter,2534.88,11.003173828125,0.14285714285714285,0.10072075656607311,0.317,0.495,low,0.29,0.29,Non-Toxin,0.030000000000000027,true,true,true
acea,6,masked_substitution,autoresearch-macrel-endpoint-rescue-v1,713125b02c78ff42e944a33e31a144a1c5a81fb2d3e39e318216fb860a381517,37561aae864b078e0651a5136b62a3fdb385582cf7e79a65dd6f917a6bf35357,37561aae864b078e0651a5136b62a3fdb385582cf7e79a65dd6f917a6bf35357,ARFHQSKSGKKKDKYHAGRKK,0.287,seqfam80_b6c690c7afa612d29c4c,ARFHQSKSGKKKKKYHAGRKK,false,false,18,G18W,ARFHQSKSGKKKDKYHAWRKK,38c3c381336b96b1969af5d2a5894efda94ed0aa5ced39d82037c688310a068a,activity-rescue-38c3c381336b96b1969a,28.238095238095234,2,0.23809523809523808,8.068,false,search_prefilter,2615.02,11.3408203125,0.14285714285714285,0.1086990190774598,0.317,0.485,low,0.45,0.0,Non-Toxin,0.030000000000000027,true,true,true
acea,6,masked_substitution,autoresearch-macrel-endpoint-rescue-v1,3a6f86f3f8225eca3836b683d58a574eed0f848afc436ec641bec45c040a6a1f,37561aae864b078e0651a5136b62a3fdb385582cf7e79a65dd6f917a6bf35357,37561aae864b078e0651a5136b62a3fdb385582cf7e79a65dd6f917a6bf35357,ARFHQSKSGKKKDKYHAGRKK,0.287,seqfam80_b6c690c7afa612d29c4c,ARFHQSKSGKKKKKYHAGRKK,false,false,9,G9W,ARFHQSKSWKKKDKYHAGRKK,7227f8bf98657caf53db772e82b467d1171d89638a8d5e9b57d26309fb435368,activity-rescue-7227f8bf98657caf53db,32.28095238095238,1,0.23809523809523808,8.068,false,search_prefilter,2615.02,11.3408203125,0.14285714285714285,0.0773662349706588,0.317,0.485,low,0.535,0.035,Non-Toxin,0.030000000000000027,true,true,true
acea,6,masked_substitution,autoresearch-macrel-endpoint-rescue-v1,b1a80e6585b614a6eac23a838380afd2b49ed748d999b8469c784d15458afd37,a2ed9560a190032a799c2e36610f401e3eb9eacfad2f8e67bb4c331761349580,a2ed9560a190032a799c2e36610f401e3eb9eacfad2f8e67bb4c331761349580,ARFHQSKSGEKKKKYHAGRKK,0.287,seqfam80_b6c690c7afa612d29c4c,ARFHQSKSGKKKKKYHAGRKK,false,false,7,K7Y,ARFHQSYSGEKKKKYHAGRKK,ad5483a8368b757e800b0849e0e89c8755f3811a4c49a703b527ade0c66e8fb1,activity-rescue-ad5483a8368b757e800b,32.73333333333333,1,0.23809523809523808,7.067,false,search_prefilter,2534.88,11.003173828125,0.14285714285714285,0.2034078296724359,0.317,0.495,low,0.345,0.345,Non-Toxin,0.030000000000000027,true,true,true
acea,6,masked_substitution,autoresearch-macrel-endpoint-rescue-v1,0c3a2a436461702d2aa9160ce39e8d26e70008eba00522aa219db754e8b112db,a2ed9560a190032a799c2e36610f401e3eb9eacfad2f8e67bb4c331761349580,a2ed9560a190032a799c2e36610f401e3eb9eacfad2f8e67bb4c331761349580,ARFHQSKSGEKKKKYHAGRKK,0.287,seqfam80_b6c690c7afa612d29c4c,ARFHQSKSGKKKKKYHAGRKK,false,false,4,H4I,ARFIQSKSGEKKKKYHAGRKK,5f42f58eaad40c48d3e9495864d25ea4a1cda5dec341feeae16d8a4a353ecf09,activity-rescue-5f42f58eaad40c48d3e9,32.73333333333333,2,0.23809523809523808,8.026,false,search_prefilter,2475.9,11.3408203125,0.19047619047619047,0.19192531369996452,0.317,0.465,low,0.36,0.36,Non-Toxin,0.030000000000000027,true,true,true
acea,6,masked_substitution,autoresearch-macrel-endpoint-rescue-v1,cffab35c9f3e7583c1bad312b5094aa2cb77fbcd37a08ee862b12e8b62ad55bf,37561aae864b078e0651a5136b62a3fdb385582cf7e79a65dd6f917a6bf35357,37561aae864b078e0651a5136b62a3fdb385582cf7e79a65dd6f917a6bf35357,ARFHQSKSGKKKDKYHAGRKK,0.287,seqfam80_b6c690c7afa612d29c4c,ARFHQSKSGKKKKKYHAGRKK,false,false,4,H4I,ARFIQSKSGKKKDKYHAGRKK,4b2adc503f80d9fd361fb3ad38ad059baf53bc12d4cd18d1744ed5d16385fc07,activity-rescue-4b2adc503f80d9fd361f,28.238095238095234,2,0.23809523809523808,8.026,false,search_prefilter,2461.88,11.3408203125,0.19047619047619047,0.17020212592440026,0.317,0.455,low,0.46,0.0,Non-Toxin,0.030000000000000027,true,true,true
acea,6,masked_substitution,autoresearch-macrel-endpoint-rescue-v1,37fc9a6d4d65da5a706502778f149b96f729aa3e617ed4f88286f333d75f5700,a2ed9560a190032a799c2e36610f401e3eb9eacfad2f8e67bb4c331761349580,a2ed9560a190032a799c2e36610f401e3eb9eacfad2f8e67bb4c331761349580,ARFHQSKSGEKKKKYHAGRKK,0.287,seqfam80_b6c690c7afa612d29c4c,ARFHQSKSGKKKKKYHAGRKK,false,false,4,H4V,ARFVQSKSGEKKKKYHAGRKK,dea8d2c93d02a3f8f182dc4ee6cc7cae07688978a4c28838137ca21b558874f4,activity-rescue-dea8d2c93d02a3f8f182,32.73333333333333,2,0.23809523809523808,8.026,false,search_prefilter,2461.88,11.3408203125,0.19047619047619047,0.17924768337522665,0.317,0.455,low,0.335,0.335,Non-Toxin,0.030000000000000027,true,true,true
