time_ps,interface_rmsd_nm,native_contact_fraction,peptide_com_shift_nm,departed
0.000000000000000000e+00,0.000000000000000000e+00,1.000000000000000000e+00,0.000000000000000000e+00,0.000000000000000000e+00
1.000000000000000000e+01,7.322210818529129028e-02,9.634146341463414309e-01,3.630846738815307617e-02,0.000000000000000000e+00
2.000000000000000000e+01,8.319577574729919434e-02,9.268292682926829729e-01,5.046156421303749084e-02,0.000000000000000000e+00
3.000000000000000000e+01,7.890237867832183838e-02,9.390243902439023849e-01,4.049834981560707092e-02,0.000000000000000000e+00
4.000000000000000000e+01,8.052564412355422974e-02,9.268292682926829729e-01,1.110750716179609299e-02,0.000000000000000000e+00
5.000000000000000000e+01,9.353440254926681519e-02,9.390243902439023849e-01,4.665359854698181152e-02,0.000000000000000000e+00
6.000000000000000000e+01,8.905809372663497925e-02,9.390243902439023849e-01,4.003369808197021484e-02,0.000000000000000000e+00
7.000000000000000000e+01,8.603279292583465576e-02,9.146341463414634498e-01,3.233331814408302307e-02,0.000000000000000000e+00
8.000000000000000000e+01,9.160028398036956787e-02,9.390243902439023849e-01,4.943834990262985229e-02,0.000000000000000000e+00
9.000000000000000000e+01,8.722008019685745239e-02,9.146341463414634498e-01,5.208408832550048828e-02,0.000000000000000000e+00
1.000000000000000000e+02,7.415051758289337158e-02,9.024390243902439268e-01,2.178140543401241302e-02,0.000000000000000000e+00
1.100000000000000000e+02,8.423928171396255493e-02,9.390243902439023849e-01,2.576155588030815125e-02,0.000000000000000000e+00
1.200000000000000000e+02,8.948181569576263428e-02,9.390243902439023849e-01,4.072028398513793945e-02,0.000000000000000000e+00
1.300000000000000000e+02,7.893586903810501099e-02,9.268292682926829729e-01,2.542467601597309113e-02,0.000000000000000000e+00
1.400000000000000000e+02,8.675625175237655640e-02,9.024390243902439268e-01,3.284292295575141907e-02,0.000000000000000000e+00
1.500000000000000000e+02,1.028777137398719788e-01,8.780487804878048808e-01,7.270402461290359497e-02,0.000000000000000000e+00
1.600000000000000000e+02,8.658129721879959106e-02,9.390243902439023849e-01,3.431927412748336792e-02,0.000000000000000000e+00
1.700000000000000000e+02,8.446707576513290405e-02,8.780487804878048808e-01,5.870506912469863892e-02,0.000000000000000000e+00
1.800000000000000000e+02,9.836407005786895752e-02,9.024390243902439268e-01,5.521251633763313293e-02,0.000000000000000000e+00
1.900000000000000000e+02,9.513280540704727173e-02,9.146341463414634498e-01,8.543033897876739502e-02,0.000000000000000000e+00
2.000000000000000000e+02,9.759675711393356323e-02,9.024390243902439268e-01,6.875196099281311035e-02,0.000000000000000000e+00
2.100000000000000000e+02,1.001831814646720886e-01,8.902439024390244038e-01,5.992292612791061401e-02,0.000000000000000000e+00
2.200000000000000000e+02,1.084029376506805420e-01,8.780487804878048808e-01,7.191225886344909668e-02,0.000000000000000000e+00
2.300000000000000000e+02,1.005662679672241211e-01,8.658536585365853577e-01,6.197324767708778381e-02,0.000000000000000000e+00
2.400000000000000000e+02,1.150224059820175171e-01,9.024390243902439268e-01,7.546200603246688843e-02,0.000000000000000000e+00
2.500000000000000000e+02,1.123959347605705261e-01,8.658536585365853577e-01,5.042199790477752686e-02,0.000000000000000000e+00
2.600000000000000000e+02,1.199649944901466370e-01,8.902439024390244038e-01,3.694856911897659302e-02,0.000000000000000000e+00
2.700000000000000000e+02,1.333246678113937378e-01,8.902439024390244038e-01,7.040251791477203369e-02,0.000000000000000000e+00
2.800000000000000000e+02,1.200733855366706848e-01,8.658536585365853577e-01,4.492787271738052368e-02,0.000000000000000000e+00
2.900000000000000000e+02,1.133056506514549255e-01,9.146341463414634498e-01,2.987057343125343323e-02,0.000000000000000000e+00
3.000000000000000000e+02,1.106695085763931274e-01,9.146341463414634498e-01,5.337589234113693237e-02,0.000000000000000000e+00
3.100000000000000000e+02,1.148532778024673462e-01,9.024390243902439268e-01,5.072919651865959167e-02,0.000000000000000000e+00
3.200000000000000000e+02,1.081445068120956421e-01,9.390243902439023849e-01,3.627504035830497742e-02,0.000000000000000000e+00
3.300000000000000000e+02,1.097446829080581665e-01,9.512195121951219079e-01,3.648984432220458984e-02,0.000000000000000000e+00
3.400000000000000000e+02,1.221686899662017822e-01,9.268292682926829729e-01,6.974671036005020142e-02,0.000000000000000000e+00
3.500000000000000000e+02,1.184188798069953918e-01,9.390243902439023849e-01,7.354103773832321167e-02,0.000000000000000000e+00
3.600000000000000000e+02,1.283989250659942627e-01,9.390243902439023849e-01,1.007212325930595398e-01,0.000000000000000000e+00
3.700000000000000000e+02,1.161329671740531921e-01,9.512195121951219079e-01,8.337239176034927368e-02,0.000000000000000000e+00
3.800000000000000000e+02,1.308695375919342041e-01,9.146341463414634498e-01,1.109952479600906372e-01,0.000000000000000000e+00
3.900000000000000000e+02,1.300671100616455078e-01,9.268292682926829729e-01,9.787726402282714844e-02,0.000000000000000000e+00
4.000000000000000000e+02,1.398290842771530151e-01,9.268292682926829729e-01,1.333746612071990967e-01,0.000000000000000000e+00
4.100000000000000000e+02,1.448293477296829224e-01,8.658536585365853577e-01,1.085791140794754028e-01,0.000000000000000000e+00
4.200000000000000000e+02,1.293052732944488525e-01,9.390243902439023849e-01,1.065257638692855835e-01,0.000000000000000000e+00
4.300000000000000000e+02,1.209636181592941284e-01,9.024390243902439268e-01,8.712712675333023071e-02,0.000000000000000000e+00
4.400000000000000000e+02,1.318127512931823730e-01,8.902439024390244038e-01,1.103571355342864990e-01,0.000000000000000000e+00
4.500000000000000000e+02,1.288214474916458130e-01,9.512195121951219079e-01,1.028273552656173706e-01,0.000000000000000000e+00
4.600000000000000000e+02,1.290302723646163940e-01,9.390243902439023849e-01,9.763533622026443481e-02,0.000000000000000000e+00
4.700000000000000000e+02,1.483553051948547363e-01,9.024390243902439268e-01,1.300291568040847778e-01,0.000000000000000000e+00
4.800000000000000000e+02,1.342363804578781128e-01,9.268292682926829729e-01,1.040662899613380432e-01,0.000000000000000000e+00
4.900000000000000000e+02,1.134579330682754517e-01,9.024390243902439268e-01,6.227332726120948792e-02,0.000000000000000000e+00
5.000000000000000000e+02,1.323720514774322510e-01,9.146341463414634498e-01,1.041338220238685608e-01,0.000000000000000000e+00
5.100000000000000000e+02,1.203815490007400513e-01,9.146341463414634498e-01,6.025238335132598877e-02,0.000000000000000000e+00
5.200000000000000000e+02,1.215275600552558899e-01,9.024390243902439268e-01,6.670472770929336548e-02,0.000000000000000000e+00
5.300000000000000000e+02,1.300686001777648926e-01,8.780487804878048808e-01,6.523808836936950684e-02,0.000000000000000000e+00
5.400000000000000000e+02,1.242068484425544739e-01,9.268292682926829729e-01,6.414569914340972900e-02,0.000000000000000000e+00
5.500000000000000000e+02,1.192526966333389282e-01,9.146341463414634498e-01,4.802475124597549438e-02,0.000000000000000000e+00
5.600000000000000000e+02,1.247468367218971252e-01,8.780487804878048808e-01,4.641748592257499695e-02,0.000000000000000000e+00
5.700000000000000000e+02,1.457075178623199463e-01,8.780487804878048808e-01,7.746942341327667236e-02,0.000000000000000000e+00
5.800000000000000000e+02,1.425495296716690063e-01,8.902439024390244038e-01,7.228200137615203857e-02,0.000000000000000000e+00
5.900000000000000000e+02,1.426531076431274414e-01,9.268292682926829729e-01,1.178421676158905029e-01,0.000000000000000000e+00
6.000000000000000000e+02,1.236963719129562378e-01,9.146341463414634498e-01,7.045277953147888184e-02,0.000000000000000000e+00
6.100000000000000000e+02,1.296938806772232056e-01,9.268292682926829729e-01,1.925921067595481873e-02,0.000000000000000000e+00
6.200000000000000000e+02,1.222624108195304871e-01,9.146341463414634498e-01,4.511258006095886230e-02,0.000000000000000000e+00
6.300000000000000000e+02,1.322928369045257568e-01,9.146341463414634498e-01,5.351696535944938660e-02,0.000000000000000000e+00
6.400000000000000000e+02,1.410987228155136108e-01,9.146341463414634498e-01,8.090674132108688354e-02,0.000000000000000000e+00
6.500000000000000000e+02,1.271794736385345459e-01,9.146341463414634498e-01,6.078521907329559326e-02,0.000000000000000000e+00
6.600000000000000000e+02,1.429059356451034546e-01,8.902439024390244038e-01,7.118325680494308472e-02,0.000000000000000000e+00
6.700000000000000000e+02,1.435334831476211548e-01,8.658536585365853577e-01,6.301288306713104248e-02,0.000000000000000000e+00
6.800000000000000000e+02,1.229334399104118347e-01,9.024390243902439268e-01,3.169738128781318665e-02,0.000000000000000000e+00
6.900000000000000000e+02,1.320632249116897583e-01,8.536585365853658347e-01,3.908027336001396179e-02,0.000000000000000000e+00
7.000000000000000000e+02,1.421174257993698120e-01,8.902439024390244038e-01,4.825918748974800110e-02,0.000000000000000000e+00
7.100000000000000000e+02,1.593432426452636719e-01,8.780487804878048808e-01,9.944713860750198364e-02,0.000000000000000000e+00
7.200000000000000000e+02,1.571720391511917114e-01,8.536585365853658347e-01,9.286677837371826172e-02,0.000000000000000000e+00
7.300000000000000000e+02,1.369755417108535767e-01,8.902439024390244038e-01,6.197748705744743347e-02,0.000000000000000000e+00
7.400000000000000000e+02,1.596962213516235352e-01,8.536585365853658347e-01,1.052173748612403870e-01,0.000000000000000000e+00
7.500000000000000000e+02,1.565140336751937866e-01,8.414634146341463117e-01,1.019662246108055115e-01,0.000000000000000000e+00
7.600000000000000000e+02,1.467738896608352661e-01,8.902439024390244038e-01,8.178934454917907715e-02,0.000000000000000000e+00
7.700000000000000000e+02,1.399828046560287476e-01,8.780487804878048808e-01,7.520986348390579224e-02,0.000000000000000000e+00
7.800000000000000000e+02,1.371184438467025757e-01,8.902439024390244038e-01,6.626942008733749390e-02,0.000000000000000000e+00
7.900000000000000000e+02,1.488590240478515625e-01,9.024390243902439268e-01,7.876887172460556030e-02,0.000000000000000000e+00
8.000000000000000000e+02,1.253439486026763916e-01,8.902439024390244038e-01,2.163463458418846130e-02,0.000000000000000000e+00
8.100000000000000000e+02,1.327872723340988159e-01,8.902439024390244038e-01,3.056190535426139832e-02,0.000000000000000000e+00
8.200000000000000000e+02,1.346963644027709961e-01,9.146341463414634498e-01,3.041028231382369995e-02,0.000000000000000000e+00
8.300000000000000000e+02,1.322480142116546631e-01,8.536585365853658347e-01,5.554066225886344910e-02,0.000000000000000000e+00
8.400000000000000000e+02,1.396729350090026855e-01,8.902439024390244038e-01,6.733933836221694946e-02,0.000000000000000000e+00
8.500000000000000000e+02,1.351828128099441528e-01,8.536585365853658347e-01,7.489545643329620361e-02,0.000000000000000000e+00
8.600000000000000000e+02,1.287085711956024170e-01,8.902439024390244038e-01,7.734800130128860474e-02,0.000000000000000000e+00
8.700000000000000000e+02,1.227781921625137329e-01,9.024390243902439268e-01,6.167266517877578735e-02,0.000000000000000000e+00
8.800000000000000000e+02,1.302601844072341919e-01,9.146341463414634498e-01,5.833679065108299255e-02,0.000000000000000000e+00
8.900000000000000000e+02,1.380934864282608032e-01,8.902439024390244038e-01,7.740549743175506592e-02,0.000000000000000000e+00
9.000000000000000000e+02,1.451810300350189209e-01,8.780487804878048808e-01,7.128795236349105835e-02,0.000000000000000000e+00
9.100000000000000000e+02,1.317490041255950928e-01,8.902439024390244038e-01,7.005726546049118042e-02,0.000000000000000000e+00
9.200000000000000000e+02,1.452884823083877563e-01,8.780487804878048808e-01,9.696673601865768433e-02,0.000000000000000000e+00
9.300000000000000000e+02,1.380223780870437622e-01,8.780487804878048808e-01,7.318801432847976685e-02,0.000000000000000000e+00
9.400000000000000000e+02,1.451618969440460205e-01,9.024390243902439268e-01,7.758672535419464111e-02,0.000000000000000000e+00
9.500000000000000000e+02,1.370642334222793579e-01,8.780487804878048808e-01,8.421440422534942627e-02,0.000000000000000000e+00
9.600000000000000000e+02,1.332450062036514282e-01,9.146341463414634498e-01,5.231525748968124390e-02,0.000000000000000000e+00
9.700000000000000000e+02,1.120196655392646790e-01,9.146341463414634498e-01,4.813946038484573364e-02,0.000000000000000000e+00
9.800000000000000000e+02,1.264268457889556885e-01,9.024390243902439268e-01,6.003540009260177612e-02,0.000000000000000000e+00
9.900000000000000000e+02,1.153998672962188721e-01,8.902439024390244038e-01,4.533562064170837402e-02,0.000000000000000000e+00
1.000000000000000000e+03,1.345369666814804077e-01,8.292682926829267887e-01,8.124163746833801270e-02,0.000000000000000000e+00
1.010000000000000000e+03,1.174997836351394653e-01,8.902439024390244038e-01,5.296687409281730652e-02,0.000000000000000000e+00
1.020000000000000000e+03,1.279308348894119263e-01,8.658536585365853577e-01,6.833240389823913574e-02,0.000000000000000000e+00
1.030000000000000000e+03,1.179934591054916382e-01,9.146341463414634498e-01,6.713687628507614136e-02,0.000000000000000000e+00
1.040000000000000000e+03,1.189860180020332336e-01,8.780487804878048808e-01,4.718065261840820312e-02,0.000000000000000000e+00
1.050000000000000000e+03,1.141621172428131104e-01,9.268292682926829729e-01,6.267153471708297729e-02,0.000000000000000000e+00
1.060000000000000000e+03,1.305884271860122681e-01,8.780487804878048808e-01,7.383663952350616455e-02,0.000000000000000000e+00
1.070000000000000000e+03,1.217054575681686401e-01,8.780487804878048808e-01,5.219393596053123474e-02,0.000000000000000000e+00
1.080000000000000000e+03,1.239315122365951538e-01,9.146341463414634498e-01,3.333833068609237671e-02,0.000000000000000000e+00
1.090000000000000000e+03,1.290057748556137085e-01,8.780487804878048808e-01,4.059708118438720703e-02,0.000000000000000000e+00
1.100000000000000000e+03,1.211735233664512634e-01,8.902439024390244038e-01,2.951321378350257874e-02,0.000000000000000000e+00
1.110000000000000000e+03,1.264472454786300659e-01,8.292682926829267887e-01,3.250502794981002808e-02,0.000000000000000000e+00
1.120000000000000000e+03,1.133161634206771851e-01,8.536585365853658347e-01,2.395762689411640167e-02,0.000000000000000000e+00
1.130000000000000000e+03,1.412355601787567139e-01,8.048780487804878536e-01,6.142580509185791016e-02,0.000000000000000000e+00
1.140000000000000000e+03,1.312876492738723755e-01,8.170731707317072656e-01,4.087727516889572144e-02,0.000000000000000000e+00
1.150000000000000000e+03,1.246145367622375488e-01,8.902439024390244038e-01,3.374750539660453796e-02,0.000000000000000000e+00
1.160000000000000000e+03,1.324592977762222290e-01,8.536585365853658347e-01,3.197342529892921448e-02,0.000000000000000000e+00
1.170000000000000000e+03,1.294461190700531006e-01,8.414634146341463117e-01,2.115786261856555939e-02,0.000000000000000000e+00
1.180000000000000000e+03,1.375817954540252686e-01,8.902439024390244038e-01,5.586534366011619568e-02,0.000000000000000000e+00
1.190000000000000000e+03,1.216824576258659363e-01,8.536585365853658347e-01,3.413186967372894287e-02,0.000000000000000000e+00
1.200000000000000000e+03,1.221919283270835876e-01,8.780487804878048808e-01,7.301010191440582275e-02,0.000000000000000000e+00
1.210000000000000000e+03,1.275044828653335571e-01,8.658536585365853577e-01,2.293444983661174774e-02,0.000000000000000000e+00
1.220000000000000000e+03,1.279268413782119751e-01,8.658536585365853577e-01,1.213787682354450226e-02,0.000000000000000000e+00
1.230000000000000000e+03,1.266957223415374756e-01,8.780487804878048808e-01,3.465107083320617676e-02,0.000000000000000000e+00
1.240000000000000000e+03,1.247460618615150452e-01,8.902439024390244038e-01,1.017978414893150330e-02,0.000000000000000000e+00
1.250000000000000000e+03,1.243301928043365479e-01,8.780487804878048808e-01,1.883025653660297394e-02,0.000000000000000000e+00
1.260000000000000000e+03,1.196587681770324707e-01,9.024390243902439268e-01,2.945636957883834839e-02,0.000000000000000000e+00
1.270000000000000000e+03,1.206929832696914673e-01,8.902439024390244038e-01,3.663237020373344421e-02,0.000000000000000000e+00
1.280000000000000000e+03,1.217560023069381714e-01,8.048780487804878536e-01,3.094712458550930023e-02,0.000000000000000000e+00
1.290000000000000000e+03,1.310472637414932251e-01,8.780487804878048808e-01,3.825373202562332153e-02,0.000000000000000000e+00
1.300000000000000000e+03,1.288871765136718750e-01,8.536585365853658347e-01,3.712027892470359802e-02,0.000000000000000000e+00
1.310000000000000000e+03,1.274829953908920288e-01,8.536585365853658347e-01,4.490642249584197998e-02,0.000000000000000000e+00
1.320000000000000000e+03,1.350298076868057251e-01,8.658536585365853577e-01,6.713458895683288574e-02,0.000000000000000000e+00
1.330000000000000000e+03,1.346902549266815186e-01,8.658536585365853577e-01,2.642003633081912994e-02,0.000000000000000000e+00
1.340000000000000000e+03,1.354272663593292236e-01,8.414634146341463117e-01,4.327357560396194458e-02,0.000000000000000000e+00
1.350000000000000000e+03,1.281262636184692383e-01,8.658536585365853577e-01,3.656521067023277283e-02,0.000000000000000000e+00
1.360000000000000000e+03,1.297802031040191650e-01,8.658536585365853577e-01,4.521510377526283264e-02,0.000000000000000000e+00
1.370000000000000000e+03,1.434936076402664185e-01,8.048780487804878536e-01,6.144711002707481384e-02,0.000000000000000000e+00
1.380000000000000000e+03,1.353343874216079712e-01,8.902439024390244038e-01,5.157247930765151978e-02,0.000000000000000000e+00
1.390000000000000000e+03,1.391219049692153931e-01,8.658536585365853577e-01,5.307087302207946777e-02,0.000000000000000000e+00
1.400000000000000000e+03,1.235664263367652893e-01,8.536585365853658347e-01,4.798815026879310608e-02,0.000000000000000000e+00
1.410000000000000000e+03,1.243916824460029602e-01,8.780487804878048808e-01,2.419157512485980988e-02,0.000000000000000000e+00
1.420000000000000000e+03,1.263646632432937622e-01,8.536585365853658347e-01,1.982488855719566345e-02,0.000000000000000000e+00
1.430000000000000000e+03,1.384909600019454956e-01,8.292682926829267887e-01,2.785165235400199890e-02,0.000000000000000000e+00
1.440000000000000000e+03,1.406047642230987549e-01,8.414634146341463117e-01,4.028275609016418457e-02,0.000000000000000000e+00
1.450000000000000000e+03,1.274880468845367432e-01,8.780487804878048808e-01,4.323127120733261108e-02,0.000000000000000000e+00
1.460000000000000000e+03,1.220083162188529968e-01,8.902439024390244038e-01,3.447585552930831909e-02,0.000000000000000000e+00
1.470000000000000000e+03,1.285474151372909546e-01,9.024390243902439268e-01,2.788303419947624207e-02,0.000000000000000000e+00
1.480000000000000000e+03,1.315678656101226807e-01,9.146341463414634498e-01,4.197770729660987854e-02,0.000000000000000000e+00
1.490000000000000000e+03,1.301726996898651123e-01,8.536585365853658347e-01,3.445267304778099060e-02,0.000000000000000000e+00
1.500000000000000000e+03,1.362584382295608521e-01,8.902439024390244038e-01,2.007199451327323914e-02,0.000000000000000000e+00
1.510000000000000000e+03,1.298387050628662109e-01,8.780487804878048808e-01,1.759625412523746490e-02,0.000000000000000000e+00
1.520000000000000000e+03,1.209197193384170532e-01,8.658536585365853577e-01,3.554237261414527893e-02,0.000000000000000000e+00
1.530000000000000000e+03,1.282708793878555298e-01,8.902439024390244038e-01,5.421089008450508118e-02,0.000000000000000000e+00
1.540000000000000000e+03,1.319876015186309814e-01,8.292682926829267887e-01,3.667309507727622986e-02,0.000000000000000000e+00
1.550000000000000000e+03,1.418460905551910400e-01,8.658536585365853577e-01,5.349803343415260315e-02,0.000000000000000000e+00
1.560000000000000000e+03,1.356747299432754517e-01,8.658536585365853577e-01,4.590157419443130493e-02,0.000000000000000000e+00
1.570000000000000000e+03,1.275399774312973022e-01,8.780487804878048808e-01,1.830728352069854736e-02,0.000000000000000000e+00
1.580000000000000000e+03,1.241079047322273254e-01,8.536585365853658347e-01,4.529104381799697876e-02,0.000000000000000000e+00
1.590000000000000000e+03,1.324507594108581543e-01,8.658536585365853577e-01,4.523898661136627197e-02,0.000000000000000000e+00
1.600000000000000000e+03,1.382235139608383179e-01,8.658536585365853577e-01,5.715132132172584534e-02,0.000000000000000000e+00
1.610000000000000000e+03,1.415025889873504639e-01,8.170731707317072656e-01,5.291536822915077209e-02,0.000000000000000000e+00
1.620000000000000000e+03,1.364563256502151489e-01,8.048780487804878536e-01,3.349402546882629395e-02,0.000000000000000000e+00
1.630000000000000000e+03,1.451151669025421143e-01,8.780487804878048808e-01,5.886396393179893494e-02,0.000000000000000000e+00
1.640000000000000000e+03,1.497757732868194580e-01,8.536585365853658347e-01,7.915182411670684814e-02,0.000000000000000000e+00
1.650000000000000000e+03,1.388154178857803345e-01,8.292682926829267887e-01,6.338735669851303101e-02,0.000000000000000000e+00
1.660000000000000000e+03,1.344704478979110718e-01,8.780487804878048808e-01,4.302544146776199341e-02,0.000000000000000000e+00
1.670000000000000000e+03,1.342325359582901001e-01,8.658536585365853577e-01,5.718532204627990723e-02,0.000000000000000000e+00
1.680000000000000000e+03,1.396275609731674194e-01,8.780487804878048808e-01,4.915362969040870667e-02,0.000000000000000000e+00
1.690000000000000000e+03,1.390829235315322876e-01,8.536585365853658347e-01,3.466450050473213196e-02,0.000000000000000000e+00
1.700000000000000000e+03,1.470084339380264282e-01,8.536585365853658347e-01,5.764412879943847656e-02,0.000000000000000000e+00
1.710000000000000000e+03,1.470883190631866455e-01,8.414634146341463117e-01,4.315400868654251099e-02,0.000000000000000000e+00
1.720000000000000000e+03,1.569810509681701660e-01,8.170731707317072656e-01,4.133456945419311523e-02,0.000000000000000000e+00
1.730000000000000000e+03,1.468123793601989746e-01,8.902439024390244038e-01,4.103736579418182373e-02,0.000000000000000000e+00
1.740000000000000000e+03,1.472518444061279297e-01,8.292682926829267887e-01,6.087834760546684265e-02,0.000000000000000000e+00
1.750000000000000000e+03,1.321953535079956055e-01,8.292682926829267887e-01,5.098748207092285156e-02,0.000000000000000000e+00
1.760000000000000000e+03,1.336452513933181763e-01,8.414634146341463117e-01,4.767314344644546509e-02,0.000000000000000000e+00
1.770000000000000000e+03,1.379466950893402100e-01,8.902439024390244038e-01,4.048729687929153442e-02,0.000000000000000000e+00
1.780000000000000000e+03,1.377867311239242554e-01,8.658536585365853577e-01,3.069410100579261780e-02,0.000000000000000000e+00
1.790000000000000000e+03,1.477025151252746582e-01,8.414634146341463117e-01,4.003624618053436279e-02,0.000000000000000000e+00
1.800000000000000000e+03,1.402991265058517456e-01,8.658536585365853577e-01,3.019978106021881104e-02,0.000000000000000000e+00
1.810000000000000000e+03,1.373506933450698853e-01,9.146341463414634498e-01,4.339908435940742493e-02,0.000000000000000000e+00
1.820000000000000000e+03,1.580665260553359985e-01,8.536585365853658347e-01,8.684694021940231323e-02,0.000000000000000000e+00
1.830000000000000000e+03,1.322862058877944946e-01,8.536585365853658347e-01,3.420088812708854675e-02,0.000000000000000000e+00
1.840000000000000000e+03,1.457105875015258789e-01,8.780487804878048808e-01,6.351453810930252075e-02,0.000000000000000000e+00
1.850000000000000000e+03,1.464834213256835938e-01,8.780487804878048808e-01,6.275928020477294922e-02,0.000000000000000000e+00
1.860000000000000000e+03,1.447260975837707520e-01,8.658536585365853577e-01,6.229843199253082275e-02,0.000000000000000000e+00
1.870000000000000000e+03,1.336871534585952759e-01,9.024390243902439268e-01,5.536838620901107788e-02,0.000000000000000000e+00
1.880000000000000000e+03,1.392360925674438477e-01,8.780487804878048808e-01,3.014371730387210846e-02,0.000000000000000000e+00
1.890000000000000000e+03,1.383272409439086914e-01,8.170731707317072656e-01,1.671601831912994385e-02,0.000000000000000000e+00
1.900000000000000000e+03,1.326139718294143677e-01,8.170731707317072656e-01,4.613306000828742981e-02,0.000000000000000000e+00
1.910000000000000000e+03,1.293092668056488037e-01,9.024390243902439268e-01,2.657174877822399139e-02,0.000000000000000000e+00
1.920000000000000000e+03,1.350448876619338989e-01,8.414634146341463117e-01,2.165157347917556763e-02,0.000000000000000000e+00
1.930000000000000000e+03,1.436365842819213867e-01,8.292682926829267887e-01,4.364278167486190796e-02,0.000000000000000000e+00
1.940000000000000000e+03,1.331512182950973511e-01,8.658536585365853577e-01,4.068917781114578247e-02,0.000000000000000000e+00
1.950000000000000000e+03,1.318533271551132202e-01,8.658536585365853577e-01,5.020195618271827698e-02,0.000000000000000000e+00
1.960000000000000000e+03,1.371672302484512329e-01,8.902439024390244038e-01,5.282758548855781555e-02,0.000000000000000000e+00
1.970000000000000000e+03,1.380528956651687622e-01,8.902439024390244038e-01,2.141927182674407959e-02,0.000000000000000000e+00
1.980000000000000000e+03,1.356049776077270508e-01,8.292682926829267887e-01,3.076172247529029846e-02,0.000000000000000000e+00
1.990000000000000000e+03,1.442612409591674805e-01,8.658536585365853577e-01,5.555049702525138855e-02,0.000000000000000000e+00
2.000000000000000000e+03,1.462437808513641357e-01,8.536585365853658347e-01,4.940607771277427673e-02,0.000000000000000000e+00
2.010000000000000000e+03,1.369231194257736206e-01,8.170731707317072656e-01,2.476932108402252197e-02,0.000000000000000000e+00
2.020000000000000000e+03,1.383005678653717041e-01,8.536585365853658347e-01,2.990970015525817871e-02,0.000000000000000000e+00
2.030000000000000000e+03,1.368876099586486816e-01,8.658536585365853577e-01,3.249737620353698730e-02,0.000000000000000000e+00
2.040000000000000000e+03,1.324798166751861572e-01,8.414634146341463117e-01,1.283311191946268082e-02,0.000000000000000000e+00
2.050000000000000000e+03,1.403814256191253662e-01,8.414634146341463117e-01,3.835942223668098450e-02,0.000000000000000000e+00
2.060000000000000000e+03,1.299546211957931519e-01,8.536585365853658347e-01,4.957510903477668762e-02,0.000000000000000000e+00
2.070000000000000000e+03,1.305812299251556396e-01,8.414634146341463117e-01,9.515881538391113281e-03,0.000000000000000000e+00
2.080000000000000000e+03,1.366409510374069214e-01,8.780487804878048808e-01,3.240984678268432617e-02,0.000000000000000000e+00
2.090000000000000000e+03,1.307464390993118286e-01,8.536585365853658347e-01,2.617064863443374634e-02,0.000000000000000000e+00
2.100000000000000000e+03,1.274380981922149658e-01,8.414634146341463117e-01,2.704874984920024872e-02,0.000000000000000000e+00
2.110000000000000000e+03,1.345398277044296265e-01,8.170731707317072656e-01,3.522422164678573608e-02,0.000000000000000000e+00
2.120000000000000000e+03,1.407305449247360229e-01,8.170731707317072656e-01,4.767739772796630859e-02,0.000000000000000000e+00
2.130000000000000000e+03,1.536387950181961060e-01,7.926829268292683306e-01,6.751038134098052979e-02,0.000000000000000000e+00
2.140000000000000000e+03,1.339594125747680664e-01,8.292682926829267887e-01,5.844162777066230774e-02,0.000000000000000000e+00
2.150000000000000000e+03,1.431591659784317017e-01,8.048780487804878536e-01,5.683637782931327820e-02,0.000000000000000000e+00
2.160000000000000000e+03,1.372770369052886963e-01,8.414634146341463117e-01,7.003784924745559692e-02,0.000000000000000000e+00
2.170000000000000000e+03,1.319202929735183716e-01,8.536585365853658347e-01,4.868769645690917969e-02,0.000000000000000000e+00
2.180000000000000000e+03,1.571503877639770508e-01,8.658536585365853577e-01,1.082047745585441589e-01,0.000000000000000000e+00
2.190000000000000000e+03,1.333964169025421143e-01,8.536585365853658347e-01,7.444487512111663818e-02,0.000000000000000000e+00
2.200000000000000000e+03,1.369009763002395630e-01,8.780487804878048808e-01,7.626471668481826782e-02,0.000000000000000000e+00
2.210000000000000000e+03,1.290750354528427124e-01,8.170731707317072656e-01,4.013489931821823120e-02,0.000000000000000000e+00
2.220000000000000000e+03,1.322914510965347290e-01,8.536585365853658347e-01,6.641487032175064087e-02,0.000000000000000000e+00
2.230000000000000000e+03,1.398811340332031250e-01,8.536585365853658347e-01,6.219410523772239685e-02,0.000000000000000000e+00
2.240000000000000000e+03,1.297084242105484009e-01,8.536585365853658347e-01,5.735004320740699768e-02,0.000000000000000000e+00
2.250000000000000000e+03,1.248356699943542480e-01,8.658536585365853577e-01,2.405044808983802795e-02,0.000000000000000000e+00
2.260000000000000000e+03,1.294758021831512451e-01,8.658536585365853577e-01,1.140193548053503036e-02,0.000000000000000000e+00
2.270000000000000000e+03,1.323475539684295654e-01,8.414634146341463117e-01,3.177483752369880676e-02,0.000000000000000000e+00
2.280000000000000000e+03,1.264414489269256592e-01,8.292682926829267887e-01,3.069052472710609436e-02,0.000000000000000000e+00
2.290000000000000000e+03,1.276918947696685791e-01,8.292682926829267887e-01,3.233671188354492188e-02,0.000000000000000000e+00
2.300000000000000000e+03,1.327788084745407104e-01,8.170731707317072656e-01,1.565430313348770142e-02,0.000000000000000000e+00
2.310000000000000000e+03,1.217269822955131531e-01,8.414634146341463117e-01,2.404809556901454926e-02,0.000000000000000000e+00
2.320000000000000000e+03,1.269923150539398193e-01,7.926829268292683306e-01,1.599442400038242340e-02,0.000000000000000000e+00
2.330000000000000000e+03,1.170790046453475952e-01,8.658536585365853577e-01,2.654146961867809296e-02,0.000000000000000000e+00
2.340000000000000000e+03,1.216430664062500000e-01,8.536585365853658347e-01,2.724819257855415344e-02,0.000000000000000000e+00
2.350000000000000000e+03,1.305695027112960815e-01,8.658536585365853577e-01,4.646542295813560486e-02,0.000000000000000000e+00
2.360000000000000000e+03,1.318033337593078613e-01,8.658536585365853577e-01,4.917640611529350281e-02,0.000000000000000000e+00
2.370000000000000000e+03,1.365398317575454712e-01,8.658536585365853577e-01,6.698008626699447632e-02,0.000000000000000000e+00
2.380000000000000000e+03,1.256114393472671509e-01,8.902439024390244038e-01,3.544504567980766296e-02,0.000000000000000000e+00
2.390000000000000000e+03,1.278864741325378418e-01,8.658536585365853577e-01,4.054565727710723877e-02,0.000000000000000000e+00
2.400000000000000000e+03,1.272514015436172485e-01,8.902439024390244038e-01,2.699626237154006958e-02,0.000000000000000000e+00
2.410000000000000000e+03,1.313841938972473145e-01,8.780487804878048808e-01,5.631309747695922852e-02,0.000000000000000000e+00
2.420000000000000000e+03,1.374586671590805054e-01,8.658536585365853577e-01,3.193137049674987793e-02,0.000000000000000000e+00
2.430000000000000000e+03,1.200657635927200317e-01,8.780487804878048808e-01,3.851084783673286438e-02,0.000000000000000000e+00
2.440000000000000000e+03,1.413071900606155396e-01,9.024390243902439268e-01,7.410537451505661011e-02,0.000000000000000000e+00
2.450000000000000000e+03,1.513666361570358276e-01,8.536585365853658347e-01,7.528088986873626709e-02,0.000000000000000000e+00
2.460000000000000000e+03,1.429232954978942871e-01,8.780487804878048808e-01,3.785347566008567810e-02,0.000000000000000000e+00
2.470000000000000000e+03,1.448344737291336060e-01,8.902439024390244038e-01,6.159642711281776428e-02,0.000000000000000000e+00
2.480000000000000000e+03,1.289427429437637329e-01,8.536585365853658347e-01,3.912721574306488037e-02,0.000000000000000000e+00
2.490000000000000000e+03,1.485524326562881470e-01,9.024390243902439268e-01,7.196294516324996948e-02,0.000000000000000000e+00
2.500000000000000000e+03,1.483256667852401733e-01,8.658536585365853577e-01,9.341043978929519653e-02,0.000000000000000000e+00
2.510000000000000000e+03,1.418801099061965942e-01,8.414634146341463117e-01,4.430804029107093811e-02,0.000000000000000000e+00
2.520000000000000000e+03,1.357957422733306885e-01,8.902439024390244038e-01,4.978383332490921021e-02,0.000000000000000000e+00
2.530000000000000000e+03,1.165312528610229492e-01,8.414634146341463117e-01,2.625695616006851196e-02,0.000000000000000000e+00
2.540000000000000000e+03,1.437717378139495850e-01,8.658536585365853577e-01,6.587242335081100464e-02,0.000000000000000000e+00
2.550000000000000000e+03,1.600502133369445801e-01,8.048780487804878536e-01,6.827047467231750488e-02,0.000000000000000000e+00
2.560000000000000000e+03,1.404622048139572144e-01,8.170731707317072656e-01,6.421845406293869019e-02,0.000000000000000000e+00
2.570000000000000000e+03,1.340155452489852905e-01,8.902439024390244038e-01,4.705791175365447998e-02,0.000000000000000000e+00
2.580000000000000000e+03,1.446555703878402710e-01,8.536585365853658347e-01,5.865034461021423340e-02,0.000000000000000000e+00
2.590000000000000000e+03,1.478597074747085571e-01,8.292682926829267887e-01,9.745664894580841064e-02,0.000000000000000000e+00
2.600000000000000000e+03,1.458205431699752808e-01,8.658536585365853577e-01,6.267130374908447266e-02,0.000000000000000000e+00
2.610000000000000000e+03,1.498676836490631104e-01,8.048780487804878536e-01,9.153719246387481689e-02,0.000000000000000000e+00
2.620000000000000000e+03,1.625697910785675049e-01,8.170731707317072656e-01,1.138844415545463562e-01,0.000000000000000000e+00
2.630000000000000000e+03,1.468344628810882568e-01,8.780487804878048808e-01,1.062205955386161804e-01,0.000000000000000000e+00
2.640000000000000000e+03,1.358163803815841675e-01,8.414634146341463117e-01,6.729640066623687744e-02,0.000000000000000000e+00
2.650000000000000000e+03,1.321429610252380371e-01,8.414634146341463117e-01,6.729728728532791138e-02,0.000000000000000000e+00
2.660000000000000000e+03,1.497781574726104736e-01,8.414634146341463117e-01,9.247152507305145264e-02,0.000000000000000000e+00
2.670000000000000000e+03,1.282875835895538330e-01,8.414634146341463117e-01,2.967166341841220856e-02,0.000000000000000000e+00
2.680000000000000000e+03,1.306923329830169678e-01,8.414634146341463117e-01,6.220972165465354919e-02,0.000000000000000000e+00
2.690000000000000000e+03,1.333928406238555908e-01,8.658536585365853577e-01,6.987007707357406616e-02,0.000000000000000000e+00
2.700000000000000000e+03,1.313858777284622192e-01,8.170731707317072656e-01,2.790657989680767059e-02,0.000000000000000000e+00
2.710000000000000000e+03,1.356484889984130859e-01,8.414634146341463117e-01,3.549949452280998230e-02,0.000000000000000000e+00
2.720000000000000000e+03,1.282494813203811646e-01,8.414634146341463117e-01,2.597845904529094696e-02,0.000000000000000000e+00
2.730000000000000000e+03,1.456557065248489380e-01,8.170731707317072656e-01,5.779238045215606689e-02,0.000000000000000000e+00
2.740000000000000000e+03,1.378156095743179321e-01,8.170731707317072656e-01,4.128033295273780823e-02,0.000000000000000000e+00
2.750000000000000000e+03,1.408617198467254639e-01,8.292682926829267887e-01,5.108074098825454712e-02,0.000000000000000000e+00
2.760000000000000000e+03,1.278480887413024902e-01,8.414634146341463117e-01,3.604123368859291077e-02,0.000000000000000000e+00
2.770000000000000000e+03,1.176482886075973511e-01,8.170731707317072656e-01,5.253147706389427185e-02,0.000000000000000000e+00
2.780000000000000000e+03,1.298244893550872803e-01,8.536585365853658347e-01,6.240346655249595642e-02,0.000000000000000000e+00
2.790000000000000000e+03,1.352024674415588379e-01,8.902439024390244038e-01,3.511985391378402710e-02,0.000000000000000000e+00
2.800000000000000000e+03,1.276511549949645996e-01,8.902439024390244038e-01,1.591843739151954651e-02,0.000000000000000000e+00
2.810000000000000000e+03,1.310305446386337280e-01,8.414634146341463117e-01,3.576144576072692871e-02,0.000000000000000000e+00
2.820000000000000000e+03,1.218778416514396667e-01,8.658536585365853577e-01,3.415736928582191467e-02,0.000000000000000000e+00
2.830000000000000000e+03,1.288552582263946533e-01,8.658536585365853577e-01,5.444878712296485901e-02,0.000000000000000000e+00
2.840000000000000000e+03,1.413709819316864014e-01,8.048780487804878536e-01,6.066541373729705811e-02,0.000000000000000000e+00
2.850000000000000000e+03,1.328057348728179932e-01,7.926829268292683306e-01,5.540953949093818665e-02,0.000000000000000000e+00
2.860000000000000000e+03,1.224938705563545227e-01,8.292682926829267887e-01,3.677750006318092346e-02,0.000000000000000000e+00
2.870000000000000000e+03,1.223899498581886292e-01,8.170731707317072656e-01,2.424613386392593384e-02,0.000000000000000000e+00
2.880000000000000000e+03,1.383864432573318481e-01,8.536585365853658347e-01,3.702360019087791443e-02,0.000000000000000000e+00
2.890000000000000000e+03,1.422071754932403564e-01,8.536585365853658347e-01,3.755925968289375305e-02,0.000000000000000000e+00
2.900000000000000000e+03,1.402246505022048950e-01,8.536585365853658347e-01,6.888070702552795410e-02,0.000000000000000000e+00
2.910000000000000000e+03,1.394781917333602905e-01,8.170731707317072656e-01,5.039988458156585693e-02,0.000000000000000000e+00
2.920000000000000000e+03,1.531743407249450684e-01,8.292682926829267887e-01,4.132203012704849243e-02,0.000000000000000000e+00
2.930000000000000000e+03,1.403326988220214844e-01,8.414634146341463117e-01,5.787699297070503235e-02,0.000000000000000000e+00
2.940000000000000000e+03,1.552698761224746704e-01,8.536585365853658347e-01,6.365875899791717529e-02,0.000000000000000000e+00
2.950000000000000000e+03,1.554616838693618774e-01,8.292682926829267887e-01,7.882306724786758423e-02,0.000000000000000000e+00
2.960000000000000000e+03,1.573049873113632202e-01,8.170731707317072656e-01,7.745904475450515747e-02,0.000000000000000000e+00
2.970000000000000000e+03,1.656201928853988647e-01,8.414634146341463117e-01,5.296869948506355286e-02,0.000000000000000000e+00
2.980000000000000000e+03,1.560818403959274292e-01,8.170731707317072656e-01,7.113912701606750488e-02,0.000000000000000000e+00
2.990000000000000000e+03,1.513058394193649292e-01,8.536585365853658347e-01,5.209527909755706787e-02,0.000000000000000000e+00
3.000000000000000000e+03,1.476293206214904785e-01,8.048780487804878536e-01,5.234307795763015747e-02,0.000000000000000000e+00
3.010000000000000000e+03,1.665090024471282959e-01,7.682926829268292845e-01,6.969558447599411011e-02,0.000000000000000000e+00
3.020000000000000000e+03,1.564377695322036743e-01,7.926829268292683306e-01,6.783015280961990356e-02,0.000000000000000000e+00
3.030000000000000000e+03,1.676471382379531860e-01,8.292682926829267887e-01,5.564655736088752747e-02,0.000000000000000000e+00
3.040000000000000000e+03,1.527700573205947876e-01,8.048780487804878536e-01,5.214317888021469116e-02,0.000000000000000000e+00
3.050000000000000000e+03,1.770194470882415771e-01,8.292682926829267887e-01,6.156581640243530273e-02,0.000000000000000000e+00
3.060000000000000000e+03,1.876220852136611938e-01,7.926829268292683306e-01,8.434592187404632568e-02,0.000000000000000000e+00
3.070000000000000000e+03,1.839135289192199707e-01,8.170731707317072656e-01,6.256117671728134155e-02,0.000000000000000000e+00
3.080000000000000000e+03,1.694327145814895630e-01,8.170731707317072656e-01,8.252924680709838867e-02,0.000000000000000000e+00
3.090000000000000000e+03,1.653713136911392212e-01,8.536585365853658347e-01,6.431691348552703857e-02,0.000000000000000000e+00
3.100000000000000000e+03,1.757479161024093628e-01,8.414634146341463117e-01,4.729780182242393494e-02,0.000000000000000000e+00
3.110000000000000000e+03,1.730499118566513062e-01,8.292682926829267887e-01,5.767625197768211365e-02,0.000000000000000000e+00
3.120000000000000000e+03,1.784211546182632446e-01,7.926829268292683306e-01,6.893374770879745483e-02,0.000000000000000000e+00
3.130000000000000000e+03,1.801630407571792603e-01,8.414634146341463117e-01,5.577256157994270325e-02,0.000000000000000000e+00
3.140000000000000000e+03,1.671383678913116455e-01,7.804878048780488076e-01,5.054146423935890198e-02,0.000000000000000000e+00
3.150000000000000000e+03,1.702807396650314331e-01,8.292682926829267887e-01,9.291899204254150391e-02,0.000000000000000000e+00
3.160000000000000000e+03,1.485040336847305298e-01,8.292682926829267887e-01,7.210647314786911011e-02,0.000000000000000000e+00
3.170000000000000000e+03,1.545933336019515991e-01,8.292682926829267887e-01,8.125691115856170654e-02,0.000000000000000000e+00
3.180000000000000000e+03,1.567033082246780396e-01,8.048780487804878536e-01,8.145270496606826782e-02,0.000000000000000000e+00
3.190000000000000000e+03,1.644143015146255493e-01,8.048780487804878536e-01,6.523684412240982056e-02,0.000000000000000000e+00
3.200000000000000000e+03,1.510041505098342896e-01,8.292682926829267887e-01,5.361610278487205505e-02,0.000000000000000000e+00
3.210000000000000000e+03,1.569326967000961304e-01,7.804878048780488076e-01,6.111248955130577087e-02,0.000000000000000000e+00
3.220000000000000000e+03,1.643310785293579102e-01,8.048780487804878536e-01,7.787925004959106445e-02,0.000000000000000000e+00
3.230000000000000000e+03,1.689441502094268799e-01,8.292682926829267887e-01,1.036728248000144958e-01,0.000000000000000000e+00
3.240000000000000000e+03,1.646547019481658936e-01,8.048780487804878536e-01,9.226730465888977051e-02,0.000000000000000000e+00
3.250000000000000000e+03,1.571764945983886719e-01,8.170731707317072656e-01,8.905282616615295410e-02,0.000000000000000000e+00
3.260000000000000000e+03,1.425792276859283447e-01,8.414634146341463117e-01,6.160490959882736206e-02,0.000000000000000000e+00
3.270000000000000000e+03,1.557265669107437134e-01,8.170731707317072656e-01,8.582693338394165039e-02,0.000000000000000000e+00
3.280000000000000000e+03,1.515021324157714844e-01,8.170731707317072656e-01,9.670022130012512207e-02,0.000000000000000000e+00
3.290000000000000000e+03,1.368365287780761719e-01,8.414634146341463117e-01,7.059599459171295166e-02,0.000000000000000000e+00
3.300000000000000000e+03,1.470485329627990723e-01,8.414634146341463117e-01,8.958159387111663818e-02,0.000000000000000000e+00
3.310000000000000000e+03,1.391422897577285767e-01,8.292682926829267887e-01,5.634953081607818604e-02,0.000000000000000000e+00
3.320000000000000000e+03,1.342703998088836670e-01,8.048780487804878536e-01,7.387889921665191650e-02,0.000000000000000000e+00
3.330000000000000000e+03,1.552290022373199463e-01,8.292682926829267887e-01,6.121344864368438721e-02,0.000000000000000000e+00
3.340000000000000000e+03,1.547866016626358032e-01,8.292682926829267887e-01,6.668374687433242798e-02,0.000000000000000000e+00
3.350000000000000000e+03,1.478879004716873169e-01,8.048780487804878536e-01,5.932380631566047668e-02,0.000000000000000000e+00
3.360000000000000000e+03,1.432166248559951782e-01,8.536585365853658347e-01,4.403074085712432861e-02,0.000000000000000000e+00
3.370000000000000000e+03,1.349212378263473511e-01,8.170731707317072656e-01,3.173445165157318115e-02,0.000000000000000000e+00
3.380000000000000000e+03,1.405836343765258789e-01,8.048780487804878536e-01,3.362024948000907898e-02,0.000000000000000000e+00
3.390000000000000000e+03,1.497594714164733887e-01,8.048780487804878536e-01,7.398840785026550293e-02,0.000000000000000000e+00
3.400000000000000000e+03,1.522855013608932495e-01,8.780487804878048808e-01,7.749655842781066895e-02,0.000000000000000000e+00
3.410000000000000000e+03,1.508980393409729004e-01,8.780487804878048808e-01,6.906614452600479126e-02,0.000000000000000000e+00
3.420000000000000000e+03,1.504869759082794189e-01,8.170731707317072656e-01,5.531344562768936157e-02,0.000000000000000000e+00
3.430000000000000000e+03,1.550487279891967773e-01,8.414634146341463117e-01,6.990939378738403320e-02,0.000000000000000000e+00
3.440000000000000000e+03,1.294227242469787598e-01,8.048780487804878536e-01,3.976375609636306763e-02,0.000000000000000000e+00
3.450000000000000000e+03,1.483809351921081543e-01,7.926829268292683306e-01,9.552779048681259155e-02,0.000000000000000000e+00
3.460000000000000000e+03,1.461727470159530640e-01,8.170731707317072656e-01,6.577330082654953003e-02,0.000000000000000000e+00
3.470000000000000000e+03,1.465292870998382568e-01,8.414634146341463117e-01,6.710755079984664917e-02,0.000000000000000000e+00
3.480000000000000000e+03,1.519821435213088989e-01,8.780487804878048808e-01,8.522140979766845703e-02,0.000000000000000000e+00
3.490000000000000000e+03,1.535726785659790039e-01,8.414634146341463117e-01,9.332954883575439453e-02,0.000000000000000000e+00
3.500000000000000000e+03,1.617575734853744507e-01,8.048780487804878536e-01,9.189344942569732666e-02,0.000000000000000000e+00
3.510000000000000000e+03,1.593186408281326294e-01,8.658536585365853577e-01,7.274756580591201782e-02,0.000000000000000000e+00
3.520000000000000000e+03,1.532254517078399658e-01,8.292682926829267887e-01,5.345651507377624512e-02,0.000000000000000000e+00
3.530000000000000000e+03,1.507368385791778564e-01,8.292682926829267887e-01,7.625707983970642090e-02,0.000000000000000000e+00
3.540000000000000000e+03,1.492786407470703125e-01,8.658536585365853577e-01,7.196966558694839478e-02,0.000000000000000000e+00
3.550000000000000000e+03,1.413475275039672852e-01,8.170731707317072656e-01,4.894730821251869202e-02,0.000000000000000000e+00
3.560000000000000000e+03,1.310943663120269775e-01,8.048780487804878536e-01,4.722370579838752747e-02,0.000000000000000000e+00
3.570000000000000000e+03,1.362981796264648438e-01,8.292682926829267887e-01,4.737220704555511475e-02,0.000000000000000000e+00
3.580000000000000000e+03,1.455267369747161865e-01,8.292682926829267887e-01,5.512955039739608765e-02,0.000000000000000000e+00
3.590000000000000000e+03,1.474401056766510010e-01,8.048780487804878536e-01,3.547649830579757690e-02,0.000000000000000000e+00
3.600000000000000000e+03,1.517041921615600586e-01,8.048780487804878536e-01,8.644029498100280762e-02,0.000000000000000000e+00
3.610000000000000000e+03,1.476060003042221069e-01,8.170731707317072656e-01,2.824127860367298126e-02,0.000000000000000000e+00
3.620000000000000000e+03,1.600529551506042480e-01,7.926829268292683306e-01,2.762811258435249329e-02,0.000000000000000000e+00
3.630000000000000000e+03,1.529220640659332275e-01,8.658536585365853577e-01,5.975408479571342468e-02,0.000000000000000000e+00
3.640000000000000000e+03,1.552057117223739624e-01,8.292682926829267887e-01,3.056573681533336639e-02,0.000000000000000000e+00
3.650000000000000000e+03,1.551774144172668457e-01,8.292682926829267887e-01,3.836305812001228333e-02,0.000000000000000000e+00
3.660000000000000000e+03,1.601283550262451172e-01,8.170731707317072656e-01,6.954391300678253174e-02,0.000000000000000000e+00
3.670000000000000000e+03,1.409625560045242310e-01,7.804878048780488076e-01,4.804514721035957336e-02,0.000000000000000000e+00
3.680000000000000000e+03,1.487730443477630615e-01,7.926829268292683306e-01,3.525184094905853271e-02,0.000000000000000000e+00
3.690000000000000000e+03,1.463612467050552368e-01,8.536585365853658347e-01,4.972027987241744995e-02,0.000000000000000000e+00
3.700000000000000000e+03,1.513261646032333374e-01,8.170731707317072656e-01,6.819806247949600220e-02,0.000000000000000000e+00
3.710000000000000000e+03,1.476959139108657837e-01,8.414634146341463117e-01,6.828656047582626343e-02,0.000000000000000000e+00
3.720000000000000000e+03,1.549686342477798462e-01,8.292682926829267887e-01,8.763109147548675537e-02,0.000000000000000000e+00
3.730000000000000000e+03,1.499556303024291992e-01,8.048780487804878536e-01,7.952637225389480591e-02,0.000000000000000000e+00
3.740000000000000000e+03,1.604975759983062744e-01,7.682926829268292845e-01,8.576263487339019775e-02,0.000000000000000000e+00
3.750000000000000000e+03,1.496122032403945923e-01,7.804878048780488076e-01,7.487135380506515503e-02,0.000000000000000000e+00
3.760000000000000000e+03,1.519157439470291138e-01,7.926829268292683306e-01,9.168336540460586548e-02,0.000000000000000000e+00
3.770000000000000000e+03,1.574088782072067261e-01,8.048780487804878536e-01,6.435390561819076538e-02,0.000000000000000000e+00
3.780000000000000000e+03,1.567388027906417847e-01,7.926829268292683306e-01,7.084213197231292725e-02,0.000000000000000000e+00
3.790000000000000000e+03,1.568679213523864746e-01,8.170731707317072656e-01,8.160221576690673828e-02,0.000000000000000000e+00
3.800000000000000000e+03,1.623217314481735229e-01,8.048780487804878536e-01,6.488177925348281860e-02,0.000000000000000000e+00
3.810000000000000000e+03,1.686629056930541992e-01,7.560975609756097615e-01,7.013134658336639404e-02,0.000000000000000000e+00
3.820000000000000000e+03,1.610193401575088501e-01,8.170731707317072656e-01,7.877647131681442261e-02,0.000000000000000000e+00
3.830000000000000000e+03,1.723168045282363892e-01,8.170731707317072656e-01,6.903254985809326172e-02,0.000000000000000000e+00
3.840000000000000000e+03,1.698504984378814697e-01,7.926829268292683306e-01,6.548321992158889771e-02,0.000000000000000000e+00
3.850000000000000000e+03,1.911840438842773438e-01,7.682926829268292845e-01,1.081628352403640747e-01,0.000000000000000000e+00
3.860000000000000000e+03,1.725681275129318237e-01,7.804878048780488076e-01,9.221019595861434937e-02,0.000000000000000000e+00
3.870000000000000000e+03,1.543502211570739746e-01,8.292682926829267887e-01,8.075994253158569336e-02,0.000000000000000000e+00
3.880000000000000000e+03,1.513390839099884033e-01,8.292682926829267887e-01,8.013965189456939697e-02,0.000000000000000000e+00
3.890000000000000000e+03,1.590628623962402344e-01,8.292682926829267887e-01,8.665730804204940796e-02,0.000000000000000000e+00
3.900000000000000000e+03,1.544436812400817871e-01,8.414634146341463117e-01,7.829338312149047852e-02,0.000000000000000000e+00
3.910000000000000000e+03,1.769213229417800903e-01,8.170731707317072656e-01,1.167082190513610840e-01,0.000000000000000000e+00
3.920000000000000000e+03,1.590813249349594116e-01,8.292682926829267887e-01,9.271743148565292358e-02,0.000000000000000000e+00
3.930000000000000000e+03,1.616957783699035645e-01,8.658536585365853577e-01,1.038167476654052734e-01,0.000000000000000000e+00
3.940000000000000000e+03,1.634180992841720581e-01,7.682926829268292845e-01,7.588426023721694946e-02,0.000000000000000000e+00
3.950000000000000000e+03,1.670242100954055786e-01,7.682926829268292845e-01,8.281473070383071899e-02,0.000000000000000000e+00
3.960000000000000000e+03,1.500406712293624878e-01,8.292682926829267887e-01,6.432130932807922363e-02,0.000000000000000000e+00
3.970000000000000000e+03,1.505825370550155640e-01,8.292682926829267887e-01,7.345315068960189819e-02,0.000000000000000000e+00
3.980000000000000000e+03,1.652433425188064575e-01,8.536585365853658347e-01,8.841843903064727783e-02,0.000000000000000000e+00
3.990000000000000000e+03,1.641191542148590088e-01,8.292682926829267887e-01,1.059457659721374512e-01,0.000000000000000000e+00
4.000000000000000000e+03,1.746803522109985352e-01,8.292682926829267887e-01,1.032062992453575134e-01,0.000000000000000000e+00
4.010000000000000000e+03,1.696160882711410522e-01,8.170731707317072656e-01,7.778020948171615601e-02,0.000000000000000000e+00
4.020000000000000000e+03,1.543336063623428345e-01,8.292682926829267887e-01,8.328188955783843994e-02,0.000000000000000000e+00
4.030000000000000000e+03,1.570385694503784180e-01,8.536585365853658347e-01,9.213890880346298218e-02,0.000000000000000000e+00
4.040000000000000000e+03,1.578129082918167114e-01,8.536585365853658347e-01,9.438290446996688843e-02,0.000000000000000000e+00
4.050000000000000000e+03,1.416287273168563843e-01,8.414634146341463117e-01,8.537540584802627563e-02,0.000000000000000000e+00
4.060000000000000000e+03,1.506887823343276978e-01,8.292682926829267887e-01,7.170997560024261475e-02,0.000000000000000000e+00
4.070000000000000000e+03,1.541547477245330811e-01,8.292682926829267887e-01,8.434815704822540283e-02,0.000000000000000000e+00
4.080000000000000000e+03,1.451489329338073730e-01,8.658536585365853577e-01,7.015174627304077148e-02,0.000000000000000000e+00
4.090000000000000000e+03,1.432978063821792603e-01,8.292682926829267887e-01,5.735547468066215515e-02,0.000000000000000000e+00
4.100000000000000000e+03,1.577491313219070435e-01,8.170731707317072656e-01,8.230560272932052612e-02,0.000000000000000000e+00
4.110000000000000000e+03,1.611031144857406616e-01,8.292682926829267887e-01,9.117857366800308228e-02,0.000000000000000000e+00
4.120000000000000000e+03,1.562063694000244141e-01,8.414634146341463117e-01,8.404900878667831421e-02,0.000000000000000000e+00
4.130000000000000000e+03,1.568855047225952148e-01,8.292682926829267887e-01,9.720653295516967773e-02,0.000000000000000000e+00
4.140000000000000000e+03,1.751551181077957153e-01,8.292682926829267887e-01,1.326370090246200562e-01,0.000000000000000000e+00
4.150000000000000000e+03,1.604227721691131592e-01,7.926829268292683306e-01,9.782429784536361694e-02,0.000000000000000000e+00
4.160000000000000000e+03,1.595691889524459839e-01,8.170731707317072656e-01,9.735050052404403687e-02,0.000000000000000000e+00
4.170000000000000000e+03,1.644283086061477661e-01,8.414634146341463117e-01,1.260958760976791382e-01,0.000000000000000000e+00
4.180000000000000000e+03,1.483056247234344482e-01,8.414634146341463117e-01,9.046499431133270264e-02,0.000000000000000000e+00
4.190000000000000000e+03,1.496684849262237549e-01,8.048780487804878536e-01,7.121661305427551270e-02,0.000000000000000000e+00
4.200000000000000000e+03,1.401644349098205566e-01,8.292682926829267887e-01,1.005852147936820984e-01,0.000000000000000000e+00
4.210000000000000000e+03,1.442703753709793091e-01,8.292682926829267887e-01,6.663640588521957397e-02,0.000000000000000000e+00
4.220000000000000000e+03,1.432821601629257202e-01,8.048780487804878536e-01,5.493140220642089844e-02,0.000000000000000000e+00
4.230000000000000000e+03,1.461957544088363647e-01,8.658536585365853577e-01,9.255284816026687622e-02,0.000000000000000000e+00
4.240000000000000000e+03,1.417145729064941406e-01,8.292682926829267887e-01,8.528228104114532471e-02,0.000000000000000000e+00
4.250000000000000000e+03,1.428464055061340332e-01,8.658536585365853577e-01,8.388526737689971924e-02,0.000000000000000000e+00
4.260000000000000000e+03,1.431269347667694092e-01,8.292682926829267887e-01,4.067782685160636902e-02,0.000000000000000000e+00
4.270000000000000000e+03,1.499414294958114624e-01,8.414634146341463117e-01,8.002451807260513306e-02,0.000000000000000000e+00
4.280000000000000000e+03,1.346758604049682617e-01,8.170731707317072656e-01,5.518782883882522583e-02,0.000000000000000000e+00
4.290000000000000000e+03,1.420135200023651123e-01,8.292682926829267887e-01,7.041250914335250854e-02,0.000000000000000000e+00
4.300000000000000000e+03,1.392583400011062622e-01,8.536585365853658347e-01,7.190132886171340942e-02,0.000000000000000000e+00
4.310000000000000000e+03,1.357498317956924438e-01,8.170731707317072656e-01,4.243300482630729675e-02,0.000000000000000000e+00
4.320000000000000000e+03,1.454786807298660278e-01,8.658536585365853577e-01,5.811071395874023438e-02,0.000000000000000000e+00
4.330000000000000000e+03,1.410162001848220825e-01,8.170731707317072656e-01,7.921542972326278687e-02,0.000000000000000000e+00
4.340000000000000000e+03,1.572978049516677856e-01,8.170731707317072656e-01,7.651787251234054565e-02,0.000000000000000000e+00
4.350000000000000000e+03,1.432279795408248901e-01,8.292682926829267887e-01,5.477287620306015015e-02,0.000000000000000000e+00
4.360000000000000000e+03,1.523870229721069336e-01,8.414634146341463117e-01,8.750322461128234863e-02,0.000000000000000000e+00
4.370000000000000000e+03,1.465977877378463745e-01,8.292682926829267887e-01,7.105673849582672119e-02,0.000000000000000000e+00
4.380000000000000000e+03,1.433733403682708740e-01,8.292682926829267887e-01,5.899895355105400085e-02,0.000000000000000000e+00
4.390000000000000000e+03,1.497272849082946777e-01,8.536585365853658347e-01,6.928854435682296753e-02,0.000000000000000000e+00
4.400000000000000000e+03,1.419160217046737671e-01,8.414634146341463117e-01,7.952446490526199341e-02,0.000000000000000000e+00
4.410000000000000000e+03,1.475236266851425171e-01,8.292682926829267887e-01,8.406551927328109741e-02,0.000000000000000000e+00
4.420000000000000000e+03,1.557243764400482178e-01,8.536585365853658347e-01,8.777960389852523804e-02,0.000000000000000000e+00
4.430000000000000000e+03,1.623655110597610474e-01,8.658536585365853577e-01,8.339102566242218018e-02,0.000000000000000000e+00
4.440000000000000000e+03,1.570307314395904541e-01,8.292682926829267887e-01,9.276630729436874390e-02,0.000000000000000000e+00
4.450000000000000000e+03,1.581274121999740601e-01,8.170731707317072656e-01,7.787816226482391357e-02,0.000000000000000000e+00
4.460000000000000000e+03,1.447751373052597046e-01,8.658536585365853577e-01,8.889153599739074707e-02,0.000000000000000000e+00
4.470000000000000000e+03,1.502467691898345947e-01,8.536585365853658347e-01,9.103687852621078491e-02,0.000000000000000000e+00
4.480000000000000000e+03,1.367783844470977783e-01,8.292682926829267887e-01,7.363186776638031006e-02,0.000000000000000000e+00
4.490000000000000000e+03,1.440179795026779175e-01,8.292682926829267887e-01,7.322023063898086548e-02,0.000000000000000000e+00
4.500000000000000000e+03,1.424234807491302490e-01,8.536585365853658347e-01,9.197638183832168579e-02,0.000000000000000000e+00
4.510000000000000000e+03,1.322927176952362061e-01,8.414634146341463117e-01,7.076412439346313477e-02,0.000000000000000000e+00
4.520000000000000000e+03,1.322526484727859497e-01,8.170731707317072656e-01,5.267076194286346436e-02,0.000000000000000000e+00
4.530000000000000000e+03,1.384982317686080933e-01,8.414634146341463117e-01,7.102531939744949341e-02,0.000000000000000000e+00
4.540000000000000000e+03,1.331334561109542847e-01,8.292682926829267887e-01,6.388109177350997925e-02,0.000000000000000000e+00
4.550000000000000000e+03,1.376125961542129517e-01,8.414634146341463117e-01,6.842285394668579102e-02,0.000000000000000000e+00
4.560000000000000000e+03,1.258695423603057861e-01,8.414634146341463117e-01,4.692982509732246399e-02,0.000000000000000000e+00
4.570000000000000000e+03,1.347587108612060547e-01,8.536585365853658347e-01,6.853397190570831299e-02,0.000000000000000000e+00
4.580000000000000000e+03,1.560306102037429810e-01,8.536585365853658347e-01,1.034443601965904236e-01,0.000000000000000000e+00
4.590000000000000000e+03,1.435055732727050781e-01,8.536585365853658347e-01,8.460516482591629028e-02,0.000000000000000000e+00
4.600000000000000000e+03,1.457251310348510742e-01,8.414634146341463117e-01,8.589898049831390381e-02,0.000000000000000000e+00
4.610000000000000000e+03,1.593428701162338257e-01,7.926829268292683306e-01,1.231179162859916687e-01,0.000000000000000000e+00
4.620000000000000000e+03,1.671361029148101807e-01,8.536585365853658347e-01,1.326595693826675415e-01,0.000000000000000000e+00
4.630000000000000000e+03,1.540307551622390747e-01,9.024390243902439268e-01,9.007611125707626343e-02,0.000000000000000000e+00
4.640000000000000000e+03,1.421586424112319946e-01,8.536585365853658347e-01,7.650452107191085815e-02,0.000000000000000000e+00
4.650000000000000000e+03,1.332751214504241943e-01,8.780487804878048808e-01,6.756435334682464600e-02,0.000000000000000000e+00
4.660000000000000000e+03,1.366419345140457153e-01,8.536585365853658347e-01,6.760799884796142578e-02,0.000000000000000000e+00
4.670000000000000000e+03,1.524846404790878296e-01,8.170731707317072656e-01,8.852975070476531982e-02,0.000000000000000000e+00
4.680000000000000000e+03,1.490110903978347778e-01,8.292682926829267887e-01,8.268955349922180176e-02,0.000000000000000000e+00
4.690000000000000000e+03,1.453358530998229980e-01,8.170731707317072656e-01,9.650596231222152710e-02,0.000000000000000000e+00
4.700000000000000000e+03,1.576987802982330322e-01,8.292682926829267887e-01,1.031747609376907349e-01,0.000000000000000000e+00
4.710000000000000000e+03,1.527853012084960938e-01,8.170731707317072656e-01,9.841080009937286377e-02,0.000000000000000000e+00
4.720000000000000000e+03,1.520337760448455811e-01,8.414634146341463117e-01,7.315860688686370850e-02,0.000000000000000000e+00
4.730000000000000000e+03,1.633517593145370483e-01,8.170731707317072656e-01,9.660686552524566650e-02,0.000000000000000000e+00
4.740000000000000000e+03,1.464927196502685547e-01,8.170731707317072656e-01,8.734674751758575439e-02,0.000000000000000000e+00
4.750000000000000000e+03,1.704993247985839844e-01,8.414634146341463117e-01,1.392115652561187744e-01,0.000000000000000000e+00
4.760000000000000000e+03,1.478652656078338623e-01,8.170731707317072656e-01,9.130316972732543945e-02,0.000000000000000000e+00
4.770000000000000000e+03,1.416259855031967163e-01,8.048780487804878536e-01,6.079657375812530518e-02,0.000000000000000000e+00
4.780000000000000000e+03,1.460918337106704712e-01,7.804878048780488076e-01,8.795282244682312012e-02,0.000000000000000000e+00
4.790000000000000000e+03,1.493418514728546143e-01,8.414634146341463117e-01,8.695767074823379517e-02,0.000000000000000000e+00
4.800000000000000000e+03,1.560555547475814819e-01,7.804878048780488076e-01,1.113518774509429932e-01,0.000000000000000000e+00
4.810000000000000000e+03,1.641174852848052979e-01,8.292682926829267887e-01,1.245475411415100098e-01,0.000000000000000000e+00
4.820000000000000000e+03,1.529621928930282593e-01,8.292682926829267887e-01,8.840069919824600220e-02,0.000000000000000000e+00
4.830000000000000000e+03,1.526602059602737427e-01,8.292682926829267887e-01,8.956594020128250122e-02,0.000000000000000000e+00
4.840000000000000000e+03,1.803746223449707031e-01,8.292682926829267887e-01,1.206838637590408325e-01,0.000000000000000000e+00
4.850000000000000000e+03,1.665901988744735718e-01,8.414634146341463117e-01,1.100575029850006104e-01,0.000000000000000000e+00
4.860000000000000000e+03,1.658633500337600708e-01,8.170731707317072656e-01,1.211954578757286072e-01,0.000000000000000000e+00
4.870000000000000000e+03,1.476325690746307373e-01,8.658536585365853577e-01,8.189673721790313721e-02,0.000000000000000000e+00
4.880000000000000000e+03,1.579649150371551514e-01,8.658536585365853577e-01,9.883230924606323242e-02,0.000000000000000000e+00
4.890000000000000000e+03,1.627104878425598145e-01,8.414634146341463117e-01,9.899227321147918701e-02,0.000000000000000000e+00
4.900000000000000000e+03,1.609015464782714844e-01,7.926829268292683306e-01,9.397042542695999146e-02,0.000000000000000000e+00
4.910000000000000000e+03,1.715521365404129028e-01,8.170731707317072656e-01,1.102699264883995056e-01,0.000000000000000000e+00
4.920000000000000000e+03,1.628852337598800659e-01,8.292682926829267887e-01,1.106757596135139465e-01,0.000000000000000000e+00
4.930000000000000000e+03,1.454341411590576172e-01,8.292682926829267887e-01,8.297704905271530151e-02,0.000000000000000000e+00
4.940000000000000000e+03,1.640739887952804565e-01,8.414634146341463117e-01,9.059976041316986084e-02,0.000000000000000000e+00
4.950000000000000000e+03,1.655287295579910278e-01,8.292682926829267887e-01,1.050763353705406189e-01,0.000000000000000000e+00
4.960000000000000000e+03,1.711579263210296631e-01,8.902439024390244038e-01,1.150210276246070862e-01,0.000000000000000000e+00
4.970000000000000000e+03,1.543229818344116211e-01,8.170731707317072656e-01,8.584180474281311035e-02,0.000000000000000000e+00
4.980000000000000000e+03,1.647714674472808838e-01,7.804878048780488076e-01,1.154482960700988770e-01,0.000000000000000000e+00
4.990000000000000000e+03,1.582884341478347778e-01,8.536585365853658347e-01,1.014205813407897949e-01,0.000000000000000000e+00
5.000000000000000000e+03,1.630469709634780884e-01,7.926829268292683306e-01,1.036835089325904846e-01,0.000000000000000000e+00
5.010000000000000000e+03,1.610196083784103394e-01,7.926829268292683306e-01,1.020058318972587585e-01,0.000000000000000000e+00
5.020000000000000000e+03,1.572460979223251343e-01,8.536585365853658347e-01,9.218593686819076538e-02,0.000000000000000000e+00
5.030000000000000000e+03,1.411609351634979248e-01,8.658536585365853577e-01,6.672392785549163818e-02,0.000000000000000000e+00
5.040000000000000000e+03,1.542304158210754395e-01,8.292682926829267887e-01,9.687153249979019165e-02,0.000000000000000000e+00
5.050000000000000000e+03,1.511835008859634399e-01,8.292682926829267887e-01,7.888889312744140625e-02,0.000000000000000000e+00
5.060000000000000000e+03,1.440493017435073853e-01,7.926829268292683306e-01,7.164059579372406006e-02,0.000000000000000000e+00
5.070000000000000000e+03,1.676781922578811646e-01,8.292682926829267887e-01,1.145398020744323730e-01,0.000000000000000000e+00
5.080000000000000000e+03,1.747430860996246338e-01,7.926829268292683306e-01,1.344986110925674438e-01,0.000000000000000000e+00
5.090000000000000000e+03,1.806066632270812988e-01,7.804878048780488076e-01,1.258830726146697998e-01,0.000000000000000000e+00
5.100000000000000000e+03,1.716000437736511230e-01,7.804878048780488076e-01,1.054454445838928223e-01,0.000000000000000000e+00
5.110000000000000000e+03,1.830485761165618896e-01,7.560975609756097615e-01,8.646932989358901978e-02,0.000000000000000000e+00
5.120000000000000000e+03,1.645331531763076782e-01,7.682926829268292845e-01,8.508027344942092896e-02,0.000000000000000000e+00
5.130000000000000000e+03,1.580967158079147339e-01,7.926829268292683306e-01,7.056741416454315186e-02,0.000000000000000000e+00
5.140000000000000000e+03,1.500337868928909302e-01,8.414634146341463117e-01,8.919540047645568848e-02,0.000000000000000000e+00
5.150000000000000000e+03,1.705962270498275757e-01,7.926829268292683306e-01,9.362938255071640015e-02,0.000000000000000000e+00
5.160000000000000000e+03,1.463153362274169922e-01,8.048780487804878536e-01,6.142774224281311035e-02,0.000000000000000000e+00
5.170000000000000000e+03,1.681718230247497559e-01,8.292682926829267887e-01,8.005090802907943726e-02,0.000000000000000000e+00
5.180000000000000000e+03,1.571738123893737793e-01,8.170731707317072656e-01,5.859123170375823975e-02,0.000000000000000000e+00
5.190000000000000000e+03,1.466900706291198730e-01,8.536585365853658347e-01,4.201000556349754333e-02,0.000000000000000000e+00
5.200000000000000000e+03,1.462848037481307983e-01,7.682926829268292845e-01,5.213530734181404114e-02,0.000000000000000000e+00
5.210000000000000000e+03,1.683724522590637207e-01,7.926829268292683306e-01,7.658515870571136475e-02,0.000000000000000000e+00
5.220000000000000000e+03,1.507233232259750366e-01,8.414634146341463117e-01,5.047079175710678101e-02,0.000000000000000000e+00
5.230000000000000000e+03,1.632457822561264038e-01,8.170731707317072656e-01,8.846456557512283325e-02,0.000000000000000000e+00
5.240000000000000000e+03,1.546851843595504761e-01,8.536585365853658347e-01,7.157848030328750610e-02,0.000000000000000000e+00
5.250000000000000000e+03,1.537401974201202393e-01,8.414634146341463117e-01,8.616930991411209106e-02,0.000000000000000000e+00
5.260000000000000000e+03,1.543186902999877930e-01,8.292682926829267887e-01,8.779478073120117188e-02,0.000000000000000000e+00
5.270000000000000000e+03,1.577031016349792480e-01,7.926829268292683306e-01,9.629131108522415161e-02,0.000000000000000000e+00
5.280000000000000000e+03,1.449472755193710327e-01,8.048780487804878536e-01,5.277955904603004456e-02,0.000000000000000000e+00
5.290000000000000000e+03,1.501445919275283813e-01,8.292682926829267887e-01,6.349970400333404541e-02,0.000000000000000000e+00
5.300000000000000000e+03,1.554864346981048584e-01,8.414634146341463117e-01,8.619515597820281982e-02,0.000000000000000000e+00
5.310000000000000000e+03,1.656265407800674438e-01,8.414634146341463117e-01,8.775329589843750000e-02,0.000000000000000000e+00
5.320000000000000000e+03,1.543528735637664795e-01,8.536585365853658347e-01,7.961929589509963989e-02,0.000000000000000000e+00
5.330000000000000000e+03,1.552952826023101807e-01,8.902439024390244038e-01,9.451874345541000366e-02,0.000000000000000000e+00
5.340000000000000000e+03,1.561428308486938477e-01,8.536585365853658347e-01,8.709108084440231323e-02,0.000000000000000000e+00
5.350000000000000000e+03,1.469706147909164429e-01,8.170731707317072656e-01,6.816240400075912476e-02,0.000000000000000000e+00
5.360000000000000000e+03,1.726012378931045532e-01,8.414634146341463117e-01,1.236621513962745667e-01,0.000000000000000000e+00
5.370000000000000000e+03,1.680022329092025757e-01,8.536585365853658347e-01,1.120698377490043640e-01,0.000000000000000000e+00
5.380000000000000000e+03,1.720492094755172729e-01,8.414634146341463117e-01,1.118645370006561279e-01,0.000000000000000000e+00
5.390000000000000000e+03,1.653198003768920898e-01,7.804878048780488076e-01,8.641339093446731567e-02,0.000000000000000000e+00
5.400000000000000000e+03,1.624270975589752197e-01,8.170731707317072656e-01,7.633478939533233643e-02,0.000000000000000000e+00
5.410000000000000000e+03,1.586856693029403687e-01,8.048780487804878536e-01,8.977058529853820801e-02,0.000000000000000000e+00
5.420000000000000000e+03,1.524537354707717896e-01,8.292682926829267887e-01,7.819569110870361328e-02,0.000000000000000000e+00
5.430000000000000000e+03,1.657437682151794434e-01,7.682926829268292845e-01,1.054727360606193542e-01,0.000000000000000000e+00
5.440000000000000000e+03,1.494328379631042480e-01,8.048780487804878536e-01,8.636292070150375366e-02,0.000000000000000000e+00
5.450000000000000000e+03,1.447314620018005371e-01,8.780487804878048808e-01,7.088905572891235352e-02,0.000000000000000000e+00
5.460000000000000000e+03,1.462519615888595581e-01,7.926829268292683306e-01,7.081387192010879517e-02,0.000000000000000000e+00
5.470000000000000000e+03,1.458306759595870972e-01,8.170731707317072656e-01,1.040734276175498962e-01,0.000000000000000000e+00
5.480000000000000000e+03,1.346733719110488892e-01,8.292682926829267887e-01,7.299500703811645508e-02,0.000000000000000000e+00
5.490000000000000000e+03,1.521921753883361816e-01,7.926829268292683306e-01,7.474035769701004028e-02,0.000000000000000000e+00
5.500000000000000000e+03,1.494310945272445679e-01,8.414634146341463117e-01,9.001792967319488525e-02,0.000000000000000000e+00
5.510000000000000000e+03,1.527851969003677368e-01,7.682926829268292845e-01,9.615070372819900513e-02,0.000000000000000000e+00
5.520000000000000000e+03,1.695208847522735596e-01,7.804878048780488076e-01,1.058702692389488220e-01,0.000000000000000000e+00
5.530000000000000000e+03,1.588745713233947754e-01,8.048780487804878536e-01,1.082182526588439941e-01,0.000000000000000000e+00
5.540000000000000000e+03,1.670583337545394897e-01,8.170731707317072656e-01,1.181856542825698853e-01,0.000000000000000000e+00
5.550000000000000000e+03,1.631830334663391113e-01,8.048780487804878536e-01,8.840034902095794678e-02,0.000000000000000000e+00
5.560000000000000000e+03,1.570490896701812744e-01,8.292682926829267887e-01,1.020370647311210632e-01,0.000000000000000000e+00
5.570000000000000000e+03,1.534558087587356567e-01,8.170731707317072656e-01,8.733154088258743286e-02,0.000000000000000000e+00
5.580000000000000000e+03,1.533053368330001831e-01,8.292682926829267887e-01,6.289730221033096313e-02,0.000000000000000000e+00
5.590000000000000000e+03,1.575220376253128052e-01,7.317073170731707155e-01,7.340726256370544434e-02,0.000000000000000000e+00
5.600000000000000000e+03,1.415967494249343872e-01,8.048780487804878536e-01,5.386134982109069824e-02,0.000000000000000000e+00
5.610000000000000000e+03,1.422991454601287842e-01,8.170731707317072656e-01,3.577151894569396973e-02,0.000000000000000000e+00
5.620000000000000000e+03,1.519062221050262451e-01,7.804878048780488076e-01,5.591126531362533569e-02,0.000000000000000000e+00
5.630000000000000000e+03,1.498530060052871704e-01,8.292682926829267887e-01,8.818374574184417725e-02,0.000000000000000000e+00
5.640000000000000000e+03,1.384587734937667847e-01,7.926829268292683306e-01,6.737718731164932251e-02,0.000000000000000000e+00
5.650000000000000000e+03,1.312130093574523926e-01,8.048780487804878536e-01,3.140640631318092346e-02,0.000000000000000000e+00
5.660000000000000000e+03,1.410001218318939209e-01,7.804878048780488076e-01,5.801169946789741516e-02,0.000000000000000000e+00
5.670000000000000000e+03,1.386674940586090088e-01,7.926829268292683306e-01,8.191733807325363159e-02,0.000000000000000000e+00
5.680000000000000000e+03,1.509381830692291260e-01,8.170731707317072656e-01,8.216284215450286865e-02,0.000000000000000000e+00
5.690000000000000000e+03,1.449937373399734497e-01,8.048780487804878536e-01,7.482107728719711304e-02,0.000000000000000000e+00
5.700000000000000000e+03,1.435779482126235962e-01,7.682926829268292845e-01,7.850965857505798340e-02,0.000000000000000000e+00
5.710000000000000000e+03,1.396923661231994629e-01,8.658536585365853577e-01,7.997770607471466064e-02,0.000000000000000000e+00
5.720000000000000000e+03,1.520311981439590454e-01,7.926829268292683306e-01,9.380378574132919312e-02,0.000000000000000000e+00
5.730000000000000000e+03,1.524794548749923706e-01,7.926829268292683306e-01,8.308587223291397095e-02,0.000000000000000000e+00
5.740000000000000000e+03,1.483584940433502197e-01,8.292682926829267887e-01,7.203847169876098633e-02,0.000000000000000000e+00
5.750000000000000000e+03,1.377981901168823242e-01,8.536585365853658347e-01,5.722359940409660339e-02,0.000000000000000000e+00
5.760000000000000000e+03,1.412271112203598022e-01,8.658536585365853577e-01,6.644067913293838501e-02,0.000000000000000000e+00
5.770000000000000000e+03,1.456705927848815918e-01,8.170731707317072656e-01,6.225049868226051331e-02,0.000000000000000000e+00
5.780000000000000000e+03,1.484288871288299561e-01,8.170731707317072656e-01,7.450740039348602295e-02,0.000000000000000000e+00
5.790000000000000000e+03,1.434809118509292603e-01,8.414634146341463117e-01,5.684940889477729797e-02,0.000000000000000000e+00
5.800000000000000000e+03,1.466887742280960083e-01,8.780487804878048808e-01,7.440841943025588989e-02,0.000000000000000000e+00
5.810000000000000000e+03,1.425834298133850098e-01,8.780487804878048808e-01,7.774160057306289673e-02,0.000000000000000000e+00
5.820000000000000000e+03,1.467497348785400391e-01,8.170731707317072656e-01,7.357562333345413208e-02,0.000000000000000000e+00
5.830000000000000000e+03,1.617995649576187134e-01,8.414634146341463117e-01,1.126791164278984070e-01,0.000000000000000000e+00
5.840000000000000000e+03,1.551377028226852417e-01,8.170731707317072656e-01,9.733769297599792480e-02,0.000000000000000000e+00
5.850000000000000000e+03,1.593081504106521606e-01,8.658536585365853577e-01,9.607982635498046875e-02,0.000000000000000000e+00
5.860000000000000000e+03,1.633640378713607788e-01,8.170731707317072656e-01,8.521246910095214844e-02,0.000000000000000000e+00
5.870000000000000000e+03,1.452912241220474243e-01,8.658536585365853577e-01,7.756517827510833740e-02,0.000000000000000000e+00
5.880000000000000000e+03,1.536042690277099609e-01,8.780487804878048808e-01,1.039268523454666138e-01,0.000000000000000000e+00
5.890000000000000000e+03,1.560524851083755493e-01,8.536585365853658347e-01,9.988787770271301270e-02,0.000000000000000000e+00
5.900000000000000000e+03,1.567352414131164551e-01,8.780487804878048808e-01,1.113261654973030090e-01,0.000000000000000000e+00
5.910000000000000000e+03,1.634122580289840698e-01,8.658536585365853577e-01,1.359110027551651001e-01,0.000000000000000000e+00
5.920000000000000000e+03,1.749840676784515381e-01,8.414634146341463117e-01,1.232403963804244995e-01,0.000000000000000000e+00
5.930000000000000000e+03,1.449661254882812500e-01,7.926829268292683306e-01,7.871118187904357910e-02,0.000000000000000000e+00
5.940000000000000000e+03,1.603776514530181885e-01,8.170731707317072656e-01,7.369997352361679077e-02,0.000000000000000000e+00
5.950000000000000000e+03,1.555091440677642822e-01,8.170731707317072656e-01,8.631192892789840698e-02,0.000000000000000000e+00
5.960000000000000000e+03,1.570608913898468018e-01,8.658536585365853577e-01,8.853480219841003418e-02,0.000000000000000000e+00
5.970000000000000000e+03,1.515485644340515137e-01,8.414634146341463117e-01,9.231434017419815063e-02,0.000000000000000000e+00
5.980000000000000000e+03,1.520377695560455322e-01,8.292682926829267887e-01,6.998343765735626221e-02,0.000000000000000000e+00
5.990000000000000000e+03,1.477926969528198242e-01,8.414634146341463117e-01,5.160438641905784607e-02,0.000000000000000000e+00
6.000000000000000000e+03,1.455061733722686768e-01,8.292682926829267887e-01,6.625851243734359741e-02,0.000000000000000000e+00
6.010000000000000000e+03,1.621195375919342041e-01,8.414634146341463117e-01,7.528196275234222412e-02,0.000000000000000000e+00
6.020000000000000000e+03,1.399081200361251831e-01,8.170731707317072656e-01,7.029999792575836182e-02,0.000000000000000000e+00
6.030000000000000000e+03,1.559620797634124756e-01,8.048780487804878536e-01,9.370698034763336182e-02,0.000000000000000000e+00
6.040000000000000000e+03,1.503825187683105469e-01,8.414634146341463117e-01,9.561882168054580688e-02,0.000000000000000000e+00
6.050000000000000000e+03,1.501461267471313477e-01,8.414634146341463117e-01,6.323561817407608032e-02,0.000000000000000000e+00
6.060000000000000000e+03,1.662809103727340698e-01,7.560975609756097615e-01,7.988826185464859009e-02,0.000000000000000000e+00
6.070000000000000000e+03,1.544081866741180420e-01,8.414634146341463117e-01,4.387063160538673401e-02,0.000000000000000000e+00
6.080000000000000000e+03,1.508260220289230347e-01,8.292682926829267887e-01,5.673355236649513245e-02,0.000000000000000000e+00
6.090000000000000000e+03,1.604920178651809692e-01,8.414634146341463117e-01,6.723109632730484009e-02,0.000000000000000000e+00
6.100000000000000000e+03,1.339662075042724609e-01,7.926829268292683306e-01,5.021037906408309937e-02,0.000000000000000000e+00
6.110000000000000000e+03,1.566404104232788086e-01,8.170731707317072656e-01,8.185029774904251099e-02,0.000000000000000000e+00
6.120000000000000000e+03,1.521203070878982544e-01,8.292682926829267887e-01,8.473259955644607544e-02,0.000000000000000000e+00
6.130000000000000000e+03,1.403028517961502075e-01,8.170731707317072656e-01,5.907815322279930115e-02,0.000000000000000000e+00
6.140000000000000000e+03,1.442690193653106689e-01,8.170731707317072656e-01,6.568872183561325073e-02,0.000000000000000000e+00
6.150000000000000000e+03,1.431912928819656372e-01,8.414634146341463117e-01,9.196267277002334595e-02,0.000000000000000000e+00
6.160000000000000000e+03,1.514063030481338501e-01,8.048780487804878536e-01,7.650325447320938110e-02,0.000000000000000000e+00
6.170000000000000000e+03,1.492313146591186523e-01,8.048780487804878536e-01,9.315949678421020508e-02,0.000000000000000000e+00
6.180000000000000000e+03,1.303584128618240356e-01,8.170731707317072656e-01,6.054898351430892944e-02,0.000000000000000000e+00
6.190000000000000000e+03,1.410143524408340454e-01,8.780487804878048808e-01,6.413192301988601685e-02,0.000000000000000000e+00
6.200000000000000000e+03,1.370255500078201294e-01,8.414634146341463117e-01,5.822376161813735962e-02,0.000000000000000000e+00
6.210000000000000000e+03,1.375245451927185059e-01,8.292682926829267887e-01,2.031850814819335938e-02,0.000000000000000000e+00
6.220000000000000000e+03,1.409244984388351440e-01,7.926829268292683306e-01,5.156640708446502686e-02,0.000000000000000000e+00
6.230000000000000000e+03,1.335832029581069946e-01,7.804878048780488076e-01,2.250751480460166931e-02,0.000000000000000000e+00
6.240000000000000000e+03,1.366364061832427979e-01,7.560975609756097615e-01,2.732063457369804382e-02,0.000000000000000000e+00
6.250000000000000000e+03,1.346310526132583618e-01,8.048780487804878536e-01,4.181222245097160339e-02,0.000000000000000000e+00
6.260000000000000000e+03,1.333593577146530151e-01,8.414634146341463117e-01,3.137157112360000610e-02,0.000000000000000000e+00
6.270000000000000000e+03,1.227336749434471130e-01,8.170731707317072656e-01,1.970506273210048676e-02,0.000000000000000000e+00
6.280000000000000000e+03,1.326079666614532471e-01,8.170731707317072656e-01,1.891862601041793823e-02,0.000000000000000000e+00
6.290000000000000000e+03,1.357199698686599731e-01,7.804878048780488076e-01,3.335272893309593201e-02,0.000000000000000000e+00
6.300000000000000000e+03,1.374966055154800415e-01,8.048780487804878536e-01,5.460857599973678589e-02,0.000000000000000000e+00
6.310000000000000000e+03,1.435035169124603271e-01,8.292682926829267887e-01,4.766660928726196289e-02,0.000000000000000000e+00
6.320000000000000000e+03,1.500332504510879517e-01,8.414634146341463117e-01,6.297689676284790039e-02,0.000000000000000000e+00
6.330000000000000000e+03,1.455807536840438843e-01,8.048780487804878536e-01,7.569333910942077637e-02,0.000000000000000000e+00
6.340000000000000000e+03,1.365337371826171875e-01,8.292682926829267887e-01,6.174522638320922852e-02,0.000000000000000000e+00
6.350000000000000000e+03,1.398301571607589722e-01,8.658536585365853577e-01,4.273856431245803833e-02,0.000000000000000000e+00
6.360000000000000000e+03,1.390370726585388184e-01,8.292682926829267887e-01,5.824308842420578003e-02,0.000000000000000000e+00
6.370000000000000000e+03,1.451360136270523071e-01,8.170731707317072656e-01,4.521563649177551270e-02,0.000000000000000000e+00
6.380000000000000000e+03,1.383124589920043945e-01,8.658536585365853577e-01,4.949278384447097778e-02,0.000000000000000000e+00
6.390000000000000000e+03,1.518982201814651489e-01,8.414634146341463117e-01,2.670967951416969299e-02,0.000000000000000000e+00
6.400000000000000000e+03,1.451086848974227905e-01,8.292682926829267887e-01,5.935630947351455688e-02,0.000000000000000000e+00
6.410000000000000000e+03,1.656015515327453613e-01,8.292682926829267887e-01,8.781770616769790649e-02,0.000000000000000000e+00
6.420000000000000000e+03,1.486893594264984131e-01,8.292682926829267887e-01,4.558632895350456238e-02,0.000000000000000000e+00
6.430000000000000000e+03,1.517459005117416382e-01,8.292682926829267887e-01,5.713525786995887756e-02,0.000000000000000000e+00
6.440000000000000000e+03,1.534757912158966064e-01,8.170731707317072656e-01,5.760623514652252197e-02,0.000000000000000000e+00
6.450000000000000000e+03,1.516641229391098022e-01,8.536585365853658347e-01,9.073155000805854797e-03,0.000000000000000000e+00
6.460000000000000000e+03,1.369233876466751099e-01,8.170731707317072656e-01,3.486568108201026917e-02,0.000000000000000000e+00
6.470000000000000000e+03,1.465243101119995117e-01,8.292682926829267887e-01,4.323740303516387939e-02,0.000000000000000000e+00
6.480000000000000000e+03,1.455289572477340698e-01,8.292682926829267887e-01,4.564791172742843628e-02,0.000000000000000000e+00
6.490000000000000000e+03,1.405509114265441895e-01,8.902439024390244038e-01,3.250942006707191467e-02,0.000000000000000000e+00
6.500000000000000000e+03,1.630848497152328491e-01,8.780487804878048808e-01,7.681116461753845215e-02,0.000000000000000000e+00
6.510000000000000000e+03,1.771406382322311401e-01,8.170731707317072656e-01,7.968997210264205933e-02,0.000000000000000000e+00
6.520000000000000000e+03,1.756453663110733032e-01,8.414634146341463117e-01,8.963970094919204712e-02,0.000000000000000000e+00
6.530000000000000000e+03,1.766713857650756836e-01,7.926829268292683306e-01,8.513219654560089111e-02,0.000000000000000000e+00
6.540000000000000000e+03,1.644734740257263184e-01,8.170731707317072656e-01,6.691405177116394043e-02,0.000000000000000000e+00
6.550000000000000000e+03,1.697075664997100830e-01,7.317073170731707155e-01,8.259110897779464722e-02,0.000000000000000000e+00
6.560000000000000000e+03,1.749297529458999634e-01,8.048780487804878536e-01,7.400650531053543091e-02,0.000000000000000000e+00
6.570000000000000000e+03,1.622185558080673218e-01,7.804878048780488076e-01,7.341371476650238037e-02,0.000000000000000000e+00
6.580000000000000000e+03,1.578450798988342285e-01,8.048780487804878536e-01,5.027081072330474854e-02,0.000000000000000000e+00
6.590000000000000000e+03,1.590848565101623535e-01,8.414634146341463117e-01,5.781218782067298889e-02,0.000000000000000000e+00
6.600000000000000000e+03,1.479432135820388794e-01,8.292682926829267887e-01,2.579483017325401306e-02,0.000000000000000000e+00
6.610000000000000000e+03,1.589065790176391602e-01,8.170731707317072656e-01,4.908787086606025696e-02,0.000000000000000000e+00
6.620000000000000000e+03,1.633285284042358398e-01,8.414634146341463117e-01,5.273614823818206787e-02,0.000000000000000000e+00
6.630000000000000000e+03,1.512236893177032471e-01,8.292682926829267887e-01,3.236114233732223511e-02,0.000000000000000000e+00
6.640000000000000000e+03,1.578531414270401001e-01,8.292682926829267887e-01,5.200998857617378235e-02,0.000000000000000000e+00
6.650000000000000000e+03,1.497436910867691040e-01,8.414634146341463117e-01,4.980934038758277893e-02,0.000000000000000000e+00
6.660000000000000000e+03,1.476590335369110107e-01,8.170731707317072656e-01,4.239122197031974792e-02,0.000000000000000000e+00
6.670000000000000000e+03,1.568837612867355347e-01,8.292682926829267887e-01,4.715406894683837891e-02,0.000000000000000000e+00
6.680000000000000000e+03,1.690375953912734985e-01,8.048780487804878536e-01,4.916471615433692932e-02,0.000000000000000000e+00
6.690000000000000000e+03,1.583679318428039551e-01,8.048780487804878536e-01,1.960565708577632904e-02,0.000000000000000000e+00
6.700000000000000000e+03,1.686604917049407959e-01,8.658536585365853577e-01,6.275551021099090576e-02,0.000000000000000000e+00
6.710000000000000000e+03,1.667919307947158813e-01,8.292682926829267887e-01,3.633971884846687317e-02,0.000000000000000000e+00
6.720000000000000000e+03,1.667911857366561890e-01,7.682926829268292845e-01,8.106391876935958862e-02,0.000000000000000000e+00
6.730000000000000000e+03,1.644101738929748535e-01,8.536585365853658347e-01,6.059730052947998047e-02,0.000000000000000000e+00
6.740000000000000000e+03,1.560007035732269287e-01,7.926829268292683306e-01,4.971618205308914185e-02,0.000000000000000000e+00
6.750000000000000000e+03,1.645937860012054443e-01,8.414634146341463117e-01,9.859650582075119019e-02,0.000000000000000000e+00
6.760000000000000000e+03,1.456951797008514404e-01,8.780487804878048808e-01,4.939325526356697083e-02,0.000000000000000000e+00
6.770000000000000000e+03,1.565449684858322144e-01,8.292682926829267887e-01,6.475509703159332275e-02,0.000000000000000000e+00
6.780000000000000000e+03,1.569050103425979614e-01,8.292682926829267887e-01,7.094293832778930664e-02,0.000000000000000000e+00
6.790000000000000000e+03,1.611064672470092773e-01,8.414634146341463117e-01,7.401577383279800415e-02,0.000000000000000000e+00
6.800000000000000000e+03,1.605324745178222656e-01,8.414634146341463117e-01,9.518671035766601562e-02,0.000000000000000000e+00
6.810000000000000000e+03,1.535727232694625854e-01,8.658536585365853577e-01,8.716211467981338501e-02,0.000000000000000000e+00
6.820000000000000000e+03,1.600536108016967773e-01,8.414634146341463117e-01,8.952642232179641724e-02,0.000000000000000000e+00
6.830000000000000000e+03,1.663462966680526733e-01,8.536585365853658347e-01,8.271956443786621094e-02,0.000000000000000000e+00
6.840000000000000000e+03,1.720990538597106934e-01,8.292682926829267887e-01,1.104622930288314819e-01,0.000000000000000000e+00
6.850000000000000000e+03,1.801108568906784058e-01,8.414634146341463117e-01,1.103824153542518616e-01,0.000000000000000000e+00
6.860000000000000000e+03,1.620483994483947754e-01,8.414634146341463117e-01,5.692360177636146545e-02,0.000000000000000000e+00
6.870000000000000000e+03,1.610379666090011597e-01,7.926829268292683306e-01,7.497362792491912842e-02,0.000000000000000000e+00
6.880000000000000000e+03,1.737386882305145264e-01,8.536585365853658347e-01,9.888304024934768677e-02,0.000000000000000000e+00
6.890000000000000000e+03,1.672350019216537476e-01,8.292682926829267887e-01,8.754415065050125122e-02,0.000000000000000000e+00
6.900000000000000000e+03,1.747952103614807129e-01,8.780487804878048808e-01,6.886725872755050659e-02,0.000000000000000000e+00
6.910000000000000000e+03,1.658262610435485840e-01,8.902439024390244038e-01,8.749193698167800903e-02,0.000000000000000000e+00
6.920000000000000000e+03,1.655316799879074097e-01,8.658536585365853577e-01,8.516962826251983643e-02,0.000000000000000000e+00
6.930000000000000000e+03,1.631612479686737061e-01,8.536585365853658347e-01,8.226194232702255249e-02,0.000000000000000000e+00
6.940000000000000000e+03,1.595557928085327148e-01,8.414634146341463117e-01,7.507968693971633911e-02,0.000000000000000000e+00
6.950000000000000000e+03,1.697553992271423340e-01,8.170731707317072656e-01,7.747934013605117798e-02,0.000000000000000000e+00
6.960000000000000000e+03,1.503525376319885254e-01,8.414634146341463117e-01,4.605308547616004944e-02,0.000000000000000000e+00
6.970000000000000000e+03,1.571516394615173340e-01,8.536585365853658347e-01,5.117982253432273865e-02,0.000000000000000000e+00
6.980000000000000000e+03,1.521026641130447388e-01,8.414634146341463117e-01,6.564170122146606445e-02,0.000000000000000000e+00
6.990000000000000000e+03,1.502931565046310425e-01,8.658536585365853577e-01,5.383519828319549561e-02,0.000000000000000000e+00
7.000000000000000000e+03,1.619518101215362549e-01,8.292682926829267887e-01,5.739266425371170044e-02,0.000000000000000000e+00
7.010000000000000000e+03,1.421358436346054077e-01,8.536585365853658347e-01,3.708266839385032654e-02,0.000000000000000000e+00
7.020000000000000000e+03,1.385697722434997559e-01,8.170731707317072656e-01,3.599220886826515198e-02,0.000000000000000000e+00
7.030000000000000000e+03,1.488132774829864502e-01,8.658536585365853577e-01,2.116368338465690613e-02,0.000000000000000000e+00
7.040000000000000000e+03,1.513360142707824707e-01,8.292682926829267887e-01,5.943346396088600159e-02,0.000000000000000000e+00
7.050000000000000000e+03,1.384207904338836670e-01,8.536585365853658347e-01,5.798923969268798828e-02,0.000000000000000000e+00
7.060000000000000000e+03,1.500087678432464600e-01,8.536585365853658347e-01,8.151000738143920898e-02,0.000000000000000000e+00
7.070000000000000000e+03,1.544679999351501465e-01,8.536585365853658347e-01,1.005756407976150513e-01,0.000000000000000000e+00
7.080000000000000000e+03,1.436640173196792603e-01,9.024390243902439268e-01,7.801724970340728760e-02,0.000000000000000000e+00
7.090000000000000000e+03,1.476096063852310181e-01,8.536585365853658347e-01,6.940467655658721924e-02,0.000000000000000000e+00
7.100000000000000000e+03,1.497385501861572266e-01,8.536585365853658347e-01,7.715694606304168701e-02,0.000000000000000000e+00
7.110000000000000000e+03,1.541104912757873535e-01,8.536585365853658347e-01,4.794135689735412598e-02,0.000000000000000000e+00
7.120000000000000000e+03,1.436433941125869751e-01,8.170731707317072656e-01,5.402908101677894592e-02,0.000000000000000000e+00
7.130000000000000000e+03,1.471057087182998657e-01,7.682926829268292845e-01,4.921527951955795288e-02,0.000000000000000000e+00
7.140000000000000000e+03,1.338893473148345947e-01,8.292682926829267887e-01,3.683495521545410156e-02,0.000000000000000000e+00
7.150000000000000000e+03,1.387223452329635620e-01,8.536585365853658347e-01,4.689785465598106384e-02,0.000000000000000000e+00
7.160000000000000000e+03,1.397790163755416870e-01,8.414634146341463117e-01,4.741425067186355591e-02,0.000000000000000000e+00
7.170000000000000000e+03,1.492772996425628662e-01,8.292682926829267887e-01,5.278141796588897705e-02,0.000000000000000000e+00
7.180000000000000000e+03,1.346110403537750244e-01,8.414634146341463117e-01,4.355747997760772705e-02,0.000000000000000000e+00
7.190000000000000000e+03,1.450443565845489502e-01,8.536585365853658347e-01,5.329116433858871460e-02,0.000000000000000000e+00
7.200000000000000000e+03,1.340941935777664185e-01,8.292682926829267887e-01,3.501304984092712402e-02,0.000000000000000000e+00
7.210000000000000000e+03,1.269587129354476929e-01,8.414634146341463117e-01,9.216334670782089233e-03,0.000000000000000000e+00
7.220000000000000000e+03,1.359196156263351440e-01,8.414634146341463117e-01,3.317451104521751404e-02,0.000000000000000000e+00
7.230000000000000000e+03,1.308849453926086426e-01,8.048780487804878536e-01,4.648616537451744080e-02,0.000000000000000000e+00
7.240000000000000000e+03,1.306561380624771118e-01,8.292682926829267887e-01,2.490746602416038513e-02,0.000000000000000000e+00
7.250000000000000000e+03,1.369609236717224121e-01,8.292682926829267887e-01,6.129100173711776733e-02,0.000000000000000000e+00
7.260000000000000000e+03,1.402409374713897705e-01,8.414634146341463117e-01,5.134670063853263855e-02,0.000000000000000000e+00
7.270000000000000000e+03,1.508663296699523926e-01,8.414634146341463117e-01,7.842087745666503906e-02,0.000000000000000000e+00
7.280000000000000000e+03,1.492583006620407104e-01,8.536585365853658347e-01,7.446717470884323120e-02,0.000000000000000000e+00
7.290000000000000000e+03,1.575034558773040771e-01,8.536585365853658347e-01,7.139349728822708130e-02,0.000000000000000000e+00
7.300000000000000000e+03,1.894941478967666626e-01,8.536585365853658347e-01,9.277338534593582153e-02,0.000000000000000000e+00
7.310000000000000000e+03,1.710008531808853149e-01,8.292682926829267887e-01,9.290589392185211182e-02,0.000000000000000000e+00
7.320000000000000000e+03,1.571912318468093872e-01,8.170731707317072656e-01,7.303629070520401001e-02,0.000000000000000000e+00
7.330000000000000000e+03,1.671155542135238647e-01,8.414634146341463117e-01,8.700278401374816895e-02,0.000000000000000000e+00
7.340000000000000000e+03,1.708697378635406494e-01,8.292682926829267887e-01,1.143874600529670715e-01,0.000000000000000000e+00
7.350000000000000000e+03,1.596944332122802734e-01,8.292682926829267887e-01,8.894219994544982910e-02,0.000000000000000000e+00
7.360000000000000000e+03,1.620364338159561157e-01,8.170731707317072656e-01,9.225902706384658813e-02,0.000000000000000000e+00
7.370000000000000000e+03,1.593416333198547363e-01,8.414634146341463117e-01,8.934392035007476807e-02,0.000000000000000000e+00
7.380000000000000000e+03,1.730115264654159546e-01,8.048780487804878536e-01,1.331344246864318848e-01,0.000000000000000000e+00
7.390000000000000000e+03,1.714732050895690918e-01,8.292682926829267887e-01,1.148071214556694031e-01,0.000000000000000000e+00
7.400000000000000000e+03,1.693357676267623901e-01,8.536585365853658347e-01,1.102711930871009827e-01,0.000000000000000000e+00
7.410000000000000000e+03,1.574206948280334473e-01,8.170731707317072656e-01,8.392349630594253540e-02,0.000000000000000000e+00
7.420000000000000000e+03,1.749422103166580200e-01,8.414634146341463117e-01,1.178507730364799500e-01,0.000000000000000000e+00
7.430000000000000000e+03,1.719449460506439209e-01,8.536585365853658347e-01,7.367048412561416626e-02,0.000000000000000000e+00
7.440000000000000000e+03,1.675029397010803223e-01,8.048780487804878536e-01,9.150395542383193970e-02,0.000000000000000000e+00
7.450000000000000000e+03,1.560452878475189209e-01,8.292682926829267887e-01,6.236776709556579590e-02,0.000000000000000000e+00
7.460000000000000000e+03,1.664918214082717896e-01,8.170731707317072656e-01,9.298865497112274170e-02,0.000000000000000000e+00
7.470000000000000000e+03,1.764007806777954102e-01,8.414634146341463117e-01,1.115540936589241028e-01,0.000000000000000000e+00
7.480000000000000000e+03,1.861285269260406494e-01,8.658536585365853577e-01,9.910948574542999268e-02,0.000000000000000000e+00
7.490000000000000000e+03,1.917271167039871216e-01,8.170731707317072656e-01,1.229619830846786499e-01,0.000000000000000000e+00
7.500000000000000000e+03,1.809946596622467041e-01,8.414634146341463117e-01,1.058084592223167419e-01,0.000000000000000000e+00
7.510000000000000000e+03,1.828954964876174927e-01,8.536585365853658347e-01,9.798606485128402710e-02,0.000000000000000000e+00
7.520000000000000000e+03,1.721320748329162598e-01,8.536585365853658347e-01,7.039835304021835327e-02,0.000000000000000000e+00
7.530000000000000000e+03,1.747935414314270020e-01,8.536585365853658347e-01,1.057679653167724609e-01,0.000000000000000000e+00
7.540000000000000000e+03,1.984777599573135376e-01,8.536585365853658347e-01,1.408511102199554443e-01,0.000000000000000000e+00
7.550000000000000000e+03,1.750408560037612915e-01,8.414634146341463117e-01,1.098504215478897095e-01,0.000000000000000000e+00
7.560000000000000000e+03,1.709205955266952515e-01,7.926829268292683306e-01,1.194276735186576843e-01,0.000000000000000000e+00
7.570000000000000000e+03,1.838009208440780640e-01,7.439024390243902385e-01,1.476749479770660400e-01,0.000000000000000000e+00
7.580000000000000000e+03,1.850732713937759399e-01,7.926829268292683306e-01,1.404752433300018311e-01,0.000000000000000000e+00
7.590000000000000000e+03,1.694699972867965698e-01,8.414634146341463117e-01,1.178916320204734802e-01,0.000000000000000000e+00
7.600000000000000000e+03,1.759584397077560425e-01,8.414634146341463117e-01,1.040240898728370667e-01,0.000000000000000000e+00
7.610000000000000000e+03,1.775838434696197510e-01,8.170731707317072656e-01,1.141195222735404968e-01,0.000000000000000000e+00
7.620000000000000000e+03,1.918288320302963257e-01,8.414634146341463117e-01,1.313983052968978882e-01,0.000000000000000000e+00
7.630000000000000000e+03,1.834305822849273682e-01,8.292682926829267887e-01,1.302489042282104492e-01,0.000000000000000000e+00
7.640000000000000000e+03,1.646691709756851196e-01,8.414634146341463117e-01,8.770590275526046753e-02,0.000000000000000000e+00
7.650000000000000000e+03,1.631614416837692261e-01,8.414634146341463117e-01,8.166101574897766113e-02,0.000000000000000000e+00
7.660000000000000000e+03,1.715481430292129517e-01,8.414634146341463117e-01,9.181550145149230957e-02,0.000000000000000000e+00
7.670000000000000000e+03,1.584773957729339600e-01,8.048780487804878536e-01,5.281155556440353394e-02,0.000000000000000000e+00
7.680000000000000000e+03,1.704764813184738159e-01,8.292682926829267887e-01,7.729269564151763916e-02,0.000000000000000000e+00
7.690000000000000000e+03,1.690297275781631470e-01,7.682926829268292845e-01,8.839506655931472778e-02,0.000000000000000000e+00
7.700000000000000000e+03,1.556792855262756348e-01,8.536585365853658347e-01,6.620930880308151245e-02,0.000000000000000000e+00
7.710000000000000000e+03,1.600989550352096558e-01,8.170731707317072656e-01,1.079308614134788513e-01,0.000000000000000000e+00
7.720000000000000000e+03,1.485387235879898071e-01,7.804878048780488076e-01,3.854170814156532288e-02,0.000000000000000000e+00
7.730000000000000000e+03,1.534764766693115234e-01,8.048780487804878536e-01,7.711805403232574463e-02,0.000000000000000000e+00
7.740000000000000000e+03,1.604068875312805176e-01,8.048780487804878536e-01,6.993179023265838623e-02,0.000000000000000000e+00
7.750000000000000000e+03,1.506820917129516602e-01,8.048780487804878536e-01,5.604269355535507202e-02,0.000000000000000000e+00
7.760000000000000000e+03,1.566352397203445435e-01,8.170731707317072656e-01,6.305488944053649902e-02,0.000000000000000000e+00
7.770000000000000000e+03,1.502261012792587280e-01,8.170731707317072656e-01,5.944137275218963623e-02,0.000000000000000000e+00
7.780000000000000000e+03,1.611491441726684570e-01,8.048780487804878536e-01,7.428961992263793945e-02,0.000000000000000000e+00
7.790000000000000000e+03,1.595774739980697632e-01,8.170731707317072656e-01,6.732521951198577881e-02,0.000000000000000000e+00
7.800000000000000000e+03,1.536101996898651123e-01,8.170731707317072656e-01,1.633898355066776276e-02,0.000000000000000000e+00
7.810000000000000000e+03,1.369052827358245850e-01,8.536585365853658347e-01,2.056565321981906891e-02,0.000000000000000000e+00
7.820000000000000000e+03,1.556800305843353271e-01,8.414634146341463117e-01,7.980756461620330811e-02,0.000000000000000000e+00
7.830000000000000000e+03,1.519313454627990723e-01,7.804878048780488076e-01,9.475458413362503052e-02,0.000000000000000000e+00
7.840000000000000000e+03,1.595885902643203735e-01,7.682926829268292845e-01,9.229113906621932983e-02,0.000000000000000000e+00
7.850000000000000000e+03,1.446529030799865723e-01,8.048780487804878536e-01,7.046072185039520264e-02,0.000000000000000000e+00
7.860000000000000000e+03,1.592299342155456543e-01,8.658536585365853577e-01,8.767159283161163330e-02,0.000000000000000000e+00
7.870000000000000000e+03,1.576033085584640503e-01,8.170731707317072656e-01,7.196651399135589600e-02,0.000000000000000000e+00
7.880000000000000000e+03,1.578846126794815063e-01,8.170731707317072656e-01,1.003475785255432129e-01,0.000000000000000000e+00
7.890000000000000000e+03,1.673537343740463257e-01,8.170731707317072656e-01,1.199623495340347290e-01,0.000000000000000000e+00
7.900000000000000000e+03,1.828394532203674316e-01,8.292682926829267887e-01,9.382327646017074585e-02,0.000000000000000000e+00
7.910000000000000000e+03,1.684325784444808960e-01,8.048780487804878536e-01,9.181037545204162598e-02,0.000000000000000000e+00
7.920000000000000000e+03,1.654610484838485718e-01,7.926829268292683306e-01,9.082282334566116333e-02,0.000000000000000000e+00
7.930000000000000000e+03,1.797836869955062866e-01,8.292682926829267887e-01,9.902360290288925171e-02,0.000000000000000000e+00
7.940000000000000000e+03,1.845121383666992188e-01,7.804878048780488076e-01,1.238240823149681091e-01,0.000000000000000000e+00
7.950000000000000000e+03,1.723781675100326538e-01,8.292682926829267887e-01,9.894153475761413574e-02,0.000000000000000000e+00
7.960000000000000000e+03,1.929691582918167114e-01,7.804878048780488076e-01,1.328590512275695801e-01,0.000000000000000000e+00
7.970000000000000000e+03,1.871668994426727295e-01,8.292682926829267887e-01,1.226103976368904114e-01,0.000000000000000000e+00
7.980000000000000000e+03,1.999280899763107300e-01,8.414634146341463117e-01,1.379596590995788574e-01,0.000000000000000000e+00
7.990000000000000000e+03,1.818611323833465576e-01,8.414634146341463117e-01,1.047159433364868164e-01,0.000000000000000000e+00
8.000000000000000000e+03,1.755441278219223022e-01,8.536585365853658347e-01,1.049110367894172668e-01,0.000000000000000000e+00
8.010000000000000000e+03,1.785859018564224243e-01,8.536585365853658347e-01,9.300889074802398682e-02,0.000000000000000000e+00
8.020000000000000000e+03,1.728175133466720581e-01,8.292682926829267887e-01,1.022212654352188110e-01,0.000000000000000000e+00
8.030000000000000000e+03,1.715636700391769409e-01,8.170731707317072656e-01,1.133108064532279968e-01,0.000000000000000000e+00
8.040000000000000000e+03,1.790366321802139282e-01,7.926829268292683306e-01,9.967377036809921265e-02,0.000000000000000000e+00
8.050000000000000000e+03,1.692099273204803467e-01,8.170731707317072656e-01,8.703541755676269531e-02,0.000000000000000000e+00
8.060000000000000000e+03,1.723178029060363770e-01,8.048780487804878536e-01,8.545034378767013550e-02,0.000000000000000000e+00
8.070000000000000000e+03,1.635443568229675293e-01,8.048780487804878536e-01,7.208205759525299072e-02,0.000000000000000000e+00
8.080000000000000000e+03,1.722805798053741455e-01,8.292682926829267887e-01,8.255781978368759155e-02,0.000000000000000000e+00
8.090000000000000000e+03,1.585590392351150513e-01,8.658536585365853577e-01,6.655367463827133179e-02,0.000000000000000000e+00
8.100000000000000000e+03,1.536213010549545288e-01,8.170731707317072656e-01,6.825355440378189087e-02,0.000000000000000000e+00
8.110000000000000000e+03,1.403565555810928345e-01,8.048780487804878536e-01,3.760510310530662537e-02,0.000000000000000000e+00
8.120000000000000000e+03,1.393774002790451050e-01,8.536585365853658347e-01,6.296058744192123413e-02,0.000000000000000000e+00
8.130000000000000000e+03,1.468080133199691772e-01,8.170731707317072656e-01,4.909054562449455261e-02,0.000000000000000000e+00
8.140000000000000000e+03,1.431219726800918579e-01,8.414634146341463117e-01,5.624018609523773193e-02,0.000000000000000000e+00
8.150000000000000000e+03,1.609734296798706055e-01,8.048780487804878536e-01,7.020602375268936157e-02,0.000000000000000000e+00
8.160000000000000000e+03,1.482387334108352661e-01,8.170731707317072656e-01,4.786112904548645020e-02,0.000000000000000000e+00
8.170000000000000000e+03,1.506130099296569824e-01,7.926829268292683306e-01,3.237165138125419617e-02,0.000000000000000000e+00
8.180000000000000000e+03,1.435972303152084351e-01,8.536585365853658347e-01,6.161005795001983643e-02,0.000000000000000000e+00
8.190000000000000000e+03,1.633078157901763916e-01,7.926829268292683306e-01,8.600670099258422852e-02,0.000000000000000000e+00
8.200000000000000000e+03,1.470905691385269165e-01,8.048780487804878536e-01,6.890804320573806763e-02,0.000000000000000000e+00
8.210000000000000000e+03,1.535458862781524658e-01,8.170731707317072656e-01,5.933817848563194275e-02,0.000000000000000000e+00
8.220000000000000000e+03,1.671397984027862549e-01,8.414634146341463117e-01,6.306666135787963867e-02,0.000000000000000000e+00
8.230000000000000000e+03,1.675301343202590942e-01,7.804878048780488076e-01,6.500672549009323120e-02,0.000000000000000000e+00
8.240000000000000000e+03,1.609511822462081909e-01,8.170731707317072656e-01,8.451103419065475464e-02,0.000000000000000000e+00
8.250000000000000000e+03,1.563225835561752319e-01,8.170731707317072656e-01,7.360154390335083008e-02,0.000000000000000000e+00
8.260000000000000000e+03,1.520533859729766846e-01,8.292682926829267887e-01,9.562728554010391235e-02,0.000000000000000000e+00
8.270000000000000000e+03,1.790694594383239746e-01,7.560975609756097615e-01,1.121848523616790771e-01,0.000000000000000000e+00
8.280000000000000000e+03,1.671579927206039429e-01,7.560975609756097615e-01,9.408444911241531372e-02,0.000000000000000000e+00
8.290000000000000000e+03,1.614585369825363159e-01,7.560975609756097615e-01,6.976822763681411743e-02,0.000000000000000000e+00
8.300000000000000000e+03,1.582506597042083740e-01,7.926829268292683306e-01,6.437122076749801636e-02,0.000000000000000000e+00
8.310000000000000000e+03,1.605892330408096313e-01,7.926829268292683306e-01,9.475955367088317871e-02,0.000000000000000000e+00
8.320000000000000000e+03,1.559613049030303955e-01,8.292682926829267887e-01,8.878970891237258911e-02,0.000000000000000000e+00
8.330000000000000000e+03,1.572778522968292236e-01,7.560975609756097615e-01,8.179156482219696045e-02,0.000000000000000000e+00
8.340000000000000000e+03,1.576067805290222168e-01,7.682926829268292845e-01,9.244852513074874878e-02,0.000000000000000000e+00
8.350000000000000000e+03,1.879171133041381836e-01,7.926829268292683306e-01,1.343356519937515259e-01,0.000000000000000000e+00
8.360000000000000000e+03,1.769149005413055420e-01,8.048780487804878536e-01,8.446823805570602417e-02,0.000000000000000000e+00
8.370000000000000000e+03,1.649529784917831421e-01,8.048780487804878536e-01,7.357759773731231689e-02,0.000000000000000000e+00
8.380000000000000000e+03,1.695785820484161377e-01,7.804878048780488076e-01,8.237867057323455811e-02,0.000000000000000000e+00
8.390000000000000000e+03,1.774474978446960449e-01,7.926829268292683306e-01,1.129991263151168823e-01,0.000000000000000000e+00
8.400000000000000000e+03,1.842659115791320801e-01,7.804878048780488076e-01,1.275091022253036499e-01,0.000000000000000000e+00
8.410000000000000000e+03,1.908934861421585083e-01,7.804878048780488076e-01,1.219729483127593994e-01,0.000000000000000000e+00
8.420000000000000000e+03,1.754755079746246338e-01,7.804878048780488076e-01,9.540160745382308960e-02,0.000000000000000000e+00
8.430000000000000000e+03,1.907888352870941162e-01,8.048780487804878536e-01,8.852881193161010742e-02,0.000000000000000000e+00
8.440000000000000000e+03,1.992002874612808228e-01,7.560975609756097615e-01,1.045236587524414062e-01,0.000000000000000000e+00
8.450000000000000000e+03,1.853827238082885742e-01,7.926829268292683306e-01,8.619450032711029053e-02,0.000000000000000000e+00
8.460000000000000000e+03,2.034100443124771118e-01,8.048780487804878536e-01,1.250150054693222046e-01,0.000000000000000000e+00
8.470000000000000000e+03,1.755860149860382080e-01,7.926829268292683306e-01,4.284542426466941833e-02,0.000000000000000000e+00
8.480000000000000000e+03,1.800025850534439087e-01,8.048780487804878536e-01,4.476204887032508850e-02,0.000000000000000000e+00
8.490000000000000000e+03,1.835096776485443115e-01,8.170731707317072656e-01,7.060576975345611572e-02,0.000000000000000000e+00
8.500000000000000000e+03,1.823550015687942505e-01,7.560975609756097615e-01,7.015388458967208862e-02,0.000000000000000000e+00
8.510000000000000000e+03,1.702546328306198120e-01,8.292682926829267887e-01,4.190955311059951782e-02,0.000000000000000000e+00
8.520000000000000000e+03,1.815661936998367310e-01,7.804878048780488076e-01,9.074284881353378296e-02,0.000000000000000000e+00
8.530000000000000000e+03,1.831146478652954102e-01,8.048780487804878536e-01,6.852628290653228760e-02,0.000000000000000000e+00
8.540000000000000000e+03,1.765028536319732666e-01,8.292682926829267887e-01,5.921389535069465637e-02,0.000000000000000000e+00
8.550000000000000000e+03,1.905023753643035889e-01,8.170731707317072656e-01,6.469568610191345215e-02,0.000000000000000000e+00
8.560000000000000000e+03,1.788956075906753540e-01,8.170731707317072656e-01,6.851290166378021240e-02,0.000000000000000000e+00
8.570000000000000000e+03,1.868514865636825562e-01,8.048780487804878536e-01,9.586801379919052124e-02,0.000000000000000000e+00
8.580000000000000000e+03,1.759061813354492188e-01,8.170731707317072656e-01,7.433303445577621460e-02,0.000000000000000000e+00
8.590000000000000000e+03,1.628085523843765259e-01,8.170731707317072656e-01,3.634399175643920898e-02,0.000000000000000000e+00
8.600000000000000000e+03,1.761719435453414917e-01,8.048780487804878536e-01,8.365583419799804688e-02,0.000000000000000000e+00
8.610000000000000000e+03,1.859125792980194092e-01,7.926829268292683306e-01,7.978175580501556396e-02,0.000000000000000000e+00
8.620000000000000000e+03,1.770844310522079468e-01,7.560975609756097615e-01,6.636043637990951538e-02,0.000000000000000000e+00
8.630000000000000000e+03,1.700014919042587280e-01,7.682926829268292845e-01,9.620154649019241333e-02,0.000000000000000000e+00
8.640000000000000000e+03,1.772133708000183105e-01,7.560975609756097615e-01,1.043501868844032288e-01,0.000000000000000000e+00
8.650000000000000000e+03,1.634406298398971558e-01,7.682926829268292845e-01,1.046911478042602539e-01,0.000000000000000000e+00
8.660000000000000000e+03,1.713175922632217407e-01,7.804878048780488076e-01,8.965597301721572876e-02,0.000000000000000000e+00
8.670000000000000000e+03,1.575433164834976196e-01,7.560975609756097615e-01,7.308712601661682129e-02,0.000000000000000000e+00
8.680000000000000000e+03,1.605028212070465088e-01,7.560975609756097615e-01,1.073391586542129517e-01,0.000000000000000000e+00
8.690000000000000000e+03,1.910985410213470459e-01,7.439024390243902385e-01,1.504729539155960083e-01,0.000000000000000000e+00
8.700000000000000000e+03,1.866447329521179199e-01,7.439024390243902385e-01,1.286879181861877441e-01,0.000000000000000000e+00
8.710000000000000000e+03,1.826138943433761597e-01,7.317073170731707155e-01,1.352586448192596436e-01,0.000000000000000000e+00
8.720000000000000000e+03,2.141893953084945679e-01,7.439024390243902385e-01,1.675310283899307251e-01,0.000000000000000000e+00
8.730000000000000000e+03,1.899750828742980957e-01,7.560975609756097615e-01,1.298607438802719116e-01,0.000000000000000000e+00
8.740000000000000000e+03,2.073603272438049316e-01,7.560975609756097615e-01,1.596390008926391602e-01,0.000000000000000000e+00
8.750000000000000000e+03,1.905011236667633057e-01,7.560975609756097615e-01,1.380449682474136353e-01,0.000000000000000000e+00
8.760000000000000000e+03,1.955918967723846436e-01,7.439024390243902385e-01,1.414790153503417969e-01,0.000000000000000000e+00
8.770000000000000000e+03,1.955678761005401611e-01,7.439024390243902385e-01,1.354468613862991333e-01,0.000000000000000000e+00
8.780000000000000000e+03,2.021495699882507324e-01,7.073170731707316694e-01,1.485335379838943481e-01,0.000000000000000000e+00
8.790000000000000000e+03,1.984282582998275757e-01,7.560975609756097615e-01,1.251374185085296631e-01,0.000000000000000000e+00
8.800000000000000000e+03,2.133337855339050293e-01,7.317073170731707155e-01,1.625219583511352539e-01,0.000000000000000000e+00
8.810000000000000000e+03,2.070509642362594604e-01,7.439024390243902385e-01,1.615667641162872314e-01,0.000000000000000000e+00
8.820000000000000000e+03,2.134404331445693970e-01,7.439024390243902385e-01,1.794870048761367798e-01,0.000000000000000000e+00
8.830000000000000000e+03,2.339888960123062134e-01,7.560975609756097615e-01,1.893095523118972778e-01,0.000000000000000000e+00
8.840000000000000000e+03,2.413852512836456299e-01,7.317073170731707155e-01,2.136092483997344971e-01,0.000000000000000000e+00
8.850000000000000000e+03,2.483758926391601562e-01,7.317073170731707155e-01,2.342934608459472656e-01,0.000000000000000000e+00
8.860000000000000000e+03,2.496512234210968018e-01,7.317073170731707155e-01,2.146996557712554932e-01,0.000000000000000000e+00
8.870000000000000000e+03,2.631137371063232422e-01,6.951219512195121464e-01,2.560606300830841064e-01,0.000000000000000000e+00
8.880000000000000000e+03,2.590352594852447510e-01,7.439024390243902385e-01,2.385946214199066162e-01,0.000000000000000000e+00
8.890000000000000000e+03,2.702742516994476318e-01,6.951219512195121464e-01,2.697785794734954834e-01,0.000000000000000000e+00
8.900000000000000000e+03,2.673195898532867432e-01,7.804878048780488076e-01,2.707824110984802246e-01,0.000000000000000000e+00
8.910000000000000000e+03,2.696082293987274170e-01,7.073170731707316694e-01,2.759581506252288818e-01,0.000000000000000000e+00
8.920000000000000000e+03,2.581941783428192139e-01,7.439024390243902385e-01,2.490566968917846680e-01,0.000000000000000000e+00
8.930000000000000000e+03,2.451536059379577637e-01,7.439024390243902385e-01,2.361240237951278687e-01,0.000000000000000000e+00
8.940000000000000000e+03,2.887528538703918457e-01,7.560975609756097615e-01,2.854745090007781982e-01,0.000000000000000000e+00
8.950000000000000000e+03,2.932784855365753174e-01,7.439024390243902385e-01,3.137083649635314941e-01,0.000000000000000000e+00
8.960000000000000000e+03,2.763627469539642334e-01,7.560975609756097615e-01,2.907050848007202148e-01,0.000000000000000000e+00
8.970000000000000000e+03,2.956326603889465332e-01,7.439024390243902385e-01,3.184374868869781494e-01,0.000000000000000000e+00
8.980000000000000000e+03,3.057485222816467285e-01,7.195121951219511924e-01,3.424191474914550781e-01,0.000000000000000000e+00
8.990000000000000000e+03,2.918320298194885254e-01,7.195121951219511924e-01,3.150371015071868896e-01,0.000000000000000000e+00
9.000000000000000000e+03,2.839249670505523682e-01,7.560975609756097615e-01,3.036025166511535645e-01,0.000000000000000000e+00
9.010000000000000000e+03,2.836846411228179932e-01,7.317073170731707155e-01,3.144836723804473877e-01,0.000000000000000000e+00
9.020000000000000000e+03,2.957551777362823486e-01,7.317073170731707155e-01,3.178221583366394043e-01,0.000000000000000000e+00
9.030000000000000000e+03,2.767026126384735107e-01,7.682926829268292845e-01,2.848702967166900635e-01,0.000000000000000000e+00
9.040000000000000000e+03,3.030726015567779541e-01,7.317073170731707155e-01,3.335107564926147461e-01,0.000000000000000000e+00
9.050000000000000000e+03,2.735722362995147705e-01,7.195121951219511924e-01,2.848080992698669434e-01,0.000000000000000000e+00
9.060000000000000000e+03,3.028834462165832520e-01,7.317073170731707155e-01,3.300130665302276611e-01,0.000000000000000000e+00
9.070000000000000000e+03,3.163509070873260498e-01,7.317073170731707155e-01,3.278047442436218262e-01,0.000000000000000000e+00
9.080000000000000000e+03,3.497201502323150635e-01,7.560975609756097615e-01,3.654867410659790039e-01,0.000000000000000000e+00
9.090000000000000000e+03,3.767831921577453613e-01,6.951219512195121464e-01,4.035579860210418701e-01,0.000000000000000000e+00
9.100000000000000000e+03,3.474832177162170410e-01,7.317073170731707155e-01,3.852906823158264160e-01,0.000000000000000000e+00
9.110000000000000000e+03,3.390939235687255859e-01,7.317073170731707155e-01,3.648935556411743164e-01,0.000000000000000000e+00
9.120000000000000000e+03,3.551729321479797363e-01,7.439024390243902385e-01,3.843608498573303223e-01,0.000000000000000000e+00
9.130000000000000000e+03,3.201566934585571289e-01,7.439024390243902385e-01,3.308785259723663330e-01,0.000000000000000000e+00
9.140000000000000000e+03,3.064748942852020264e-01,7.926829268292683306e-01,3.253741860389709473e-01,0.000000000000000000e+00
9.150000000000000000e+03,3.147380650043487549e-01,7.439024390243902385e-01,3.384519517421722412e-01,0.000000000000000000e+00
9.160000000000000000e+03,3.545282483100891113e-01,7.317073170731707155e-01,3.715270459651947021e-01,0.000000000000000000e+00
9.170000000000000000e+03,3.579254746437072754e-01,7.682926829268292845e-01,3.707607984542846680e-01,0.000000000000000000e+00
9.180000000000000000e+03,3.328387737274169922e-01,7.682926829268292845e-01,3.483300507068634033e-01,0.000000000000000000e+00
9.190000000000000000e+03,3.198395371437072754e-01,7.682926829268292845e-01,3.272010982036590576e-01,0.000000000000000000e+00
9.200000000000000000e+03,3.325541615486145020e-01,7.682926829268292845e-01,3.458603322505950928e-01,0.000000000000000000e+00
9.210000000000000000e+03,3.443925082683563232e-01,7.439024390243902385e-01,3.638170361518859863e-01,0.000000000000000000e+00
9.220000000000000000e+03,3.424868881702423096e-01,7.317073170731707155e-01,3.664746880531311035e-01,0.000000000000000000e+00
9.230000000000000000e+03,3.247783184051513672e-01,7.317073170731707155e-01,3.620876371860504150e-01,0.000000000000000000e+00
9.240000000000000000e+03,2.783418893814086914e-01,7.317073170731707155e-01,2.956958413124084473e-01,0.000000000000000000e+00
9.250000000000000000e+03,2.991765141487121582e-01,7.317073170731707155e-01,3.155739903450012207e-01,0.000000000000000000e+00
9.260000000000000000e+03,3.164361715316772461e-01,7.804878048780488076e-01,3.332387804985046387e-01,0.000000000000000000e+00
9.270000000000000000e+03,3.441098034381866455e-01,7.317073170731707155e-01,3.701604306697845459e-01,0.000000000000000000e+00
9.280000000000000000e+03,3.482972979545593262e-01,7.317073170731707155e-01,3.711961507797241211e-01,0.000000000000000000e+00
9.290000000000000000e+03,3.160075843334197998e-01,7.317073170731707155e-01,3.391586840152740479e-01,0.000000000000000000e+00
9.300000000000000000e+03,3.059652447700500488e-01,7.317073170731707155e-01,3.271701037883758545e-01,0.000000000000000000e+00
9.310000000000000000e+03,3.076350986957550049e-01,7.682926829268292845e-01,3.168963491916656494e-01,0.000000000000000000e+00
9.320000000000000000e+03,3.181846439838409424e-01,7.195121951219511924e-01,3.241547942161560059e-01,0.000000000000000000e+00
9.330000000000000000e+03,2.775292098522186279e-01,7.195121951219511924e-01,2.828222811222076416e-01,0.000000000000000000e+00
9.340000000000000000e+03,3.121230006217956543e-01,6.829268292682927344e-01,2.986980378627777100e-01,0.000000000000000000e+00
9.350000000000000000e+03,2.780210673809051514e-01,7.073170731707316694e-01,2.559478580951690674e-01,0.000000000000000000e+00
9.360000000000000000e+03,2.839219272136688232e-01,7.195121951219511924e-01,2.622020542621612549e-01,0.000000000000000000e+00
9.370000000000000000e+03,2.678952217102050781e-01,7.560975609756097615e-01,2.541409134864807129e-01,0.000000000000000000e+00
9.380000000000000000e+03,2.532846629619598389e-01,7.195121951219511924e-01,2.208037674427032471e-01,0.000000000000000000e+00
9.390000000000000000e+03,2.526700496673583984e-01,7.317073170731707155e-01,1.968241333961486816e-01,0.000000000000000000e+00
9.400000000000000000e+03,2.774209082126617432e-01,7.317073170731707155e-01,2.344129681587219238e-01,0.000000000000000000e+00
9.410000000000000000e+03,2.742423415184020996e-01,7.560975609756097615e-01,2.199998944997787476e-01,0.000000000000000000e+00
9.420000000000000000e+03,2.702387869358062744e-01,7.804878048780488076e-01,2.460394799709320068e-01,0.000000000000000000e+00
9.430000000000000000e+03,2.327119261026382446e-01,7.682926829268292845e-01,2.051895409822463989e-01,0.000000000000000000e+00
9.440000000000000000e+03,2.447960078716278076e-01,7.439024390243902385e-01,1.995917409658432007e-01,0.000000000000000000e+00
9.450000000000000000e+03,2.958615720272064209e-01,7.682926829268292845e-01,2.874480783939361572e-01,0.000000000000000000e+00
9.460000000000000000e+03,2.759735584259033203e-01,7.926829268292683306e-01,2.509767413139343262e-01,0.000000000000000000e+00
9.470000000000000000e+03,2.843884825706481934e-01,7.804878048780488076e-01,2.433568984270095825e-01,0.000000000000000000e+00
9.480000000000000000e+03,2.668924927711486816e-01,8.170731707317072656e-01,2.433403432369232178e-01,0.000000000000000000e+00
9.490000000000000000e+03,2.532983422279357910e-01,7.560975609756097615e-01,2.221718728542327881e-01,0.000000000000000000e+00
9.500000000000000000e+03,2.743047773838043213e-01,8.048780487804878536e-01,2.352482080459594727e-01,0.000000000000000000e+00
9.510000000000000000e+03,2.906755805015563965e-01,7.926829268292683306e-01,2.592895627021789551e-01,0.000000000000000000e+00
9.520000000000000000e+03,2.840787768363952637e-01,8.048780487804878536e-01,2.384688258171081543e-01,0.000000000000000000e+00
9.530000000000000000e+03,2.597519457340240479e-01,7.926829268292683306e-01,2.015226632356643677e-01,0.000000000000000000e+00
9.540000000000000000e+03,3.058900833129882812e-01,8.170731707317072656e-01,2.646310925483703613e-01,0.000000000000000000e+00
9.550000000000000000e+03,3.129825592041015625e-01,8.170731707317072656e-01,2.736877799034118652e-01,0.000000000000000000e+00
9.560000000000000000e+03,2.931964993476867676e-01,8.048780487804878536e-01,2.477729022502899170e-01,0.000000000000000000e+00
9.570000000000000000e+03,3.117030262947082520e-01,7.926829268292683306e-01,2.638313174247741699e-01,0.000000000000000000e+00
9.580000000000000000e+03,3.322069048881530762e-01,8.170731707317072656e-01,3.034889101982116699e-01,0.000000000000000000e+00
9.590000000000000000e+03,3.212586939334869385e-01,7.804878048780488076e-01,2.775292694568634033e-01,0.000000000000000000e+00
9.600000000000000000e+03,3.211452066898345947e-01,7.804878048780488076e-01,2.927029728889465332e-01,0.000000000000000000e+00
9.610000000000000000e+03,3.426076173782348633e-01,8.048780487804878536e-01,3.110380768775939941e-01,0.000000000000000000e+00
9.620000000000000000e+03,3.209427297115325928e-01,7.804878048780488076e-01,2.864152491092681885e-01,0.000000000000000000e+00
9.630000000000000000e+03,3.241265416145324707e-01,7.560975609756097615e-01,2.971613705158233643e-01,0.000000000000000000e+00
9.640000000000000000e+03,3.103561401367187500e-01,7.926829268292683306e-01,2.648695409297943115e-01,0.000000000000000000e+00
9.650000000000000000e+03,2.837664186954498291e-01,7.073170731707316694e-01,2.374544292688369751e-01,0.000000000000000000e+00
9.660000000000000000e+03,2.807759642601013184e-01,7.682926829268292845e-01,2.424551248550415039e-01,0.000000000000000000e+00
9.670000000000000000e+03,2.964282333850860596e-01,7.804878048780488076e-01,2.405949681997299194e-01,0.000000000000000000e+00
9.680000000000000000e+03,3.311810195446014404e-01,7.682926829268292845e-01,2.741495370864868164e-01,0.000000000000000000e+00
9.690000000000000000e+03,3.114746510982513428e-01,8.170731707317072656e-01,2.668764889240264893e-01,0.000000000000000000e+00
9.700000000000000000e+03,3.341569304466247559e-01,7.439024390243902385e-01,2.883260846138000488e-01,0.000000000000000000e+00
9.710000000000000000e+03,3.115918934345245361e-01,7.804878048780488076e-01,2.688409388065338135e-01,0.000000000000000000e+00
9.720000000000000000e+03,3.082069754600524902e-01,7.804878048780488076e-01,2.241831868886947632e-01,0.000000000000000000e+00
9.730000000000000000e+03,3.045945465564727783e-01,7.682926829268292845e-01,2.725376784801483154e-01,0.000000000000000000e+00
9.740000000000000000e+03,2.753794491291046143e-01,7.804878048780488076e-01,2.157905250787734985e-01,0.000000000000000000e+00
9.750000000000000000e+03,2.883032560348510742e-01,8.292682926829267887e-01,2.304310500621795654e-01,0.000000000000000000e+00
9.760000000000000000e+03,2.870560884475708008e-01,7.926829268292683306e-01,2.211600989103317261e-01,0.000000000000000000e+00
9.770000000000000000e+03,3.030266463756561279e-01,8.292682926829267887e-01,2.332644760608673096e-01,0.000000000000000000e+00
9.780000000000000000e+03,3.013336062431335449e-01,8.048780487804878536e-01,2.137658447027206421e-01,0.000000000000000000e+00
9.790000000000000000e+03,2.868546247482299805e-01,7.560975609756097615e-01,2.204639911651611328e-01,0.000000000000000000e+00
9.800000000000000000e+03,3.154677152633666992e-01,7.804878048780488076e-01,2.565324008464813232e-01,0.000000000000000000e+00
9.810000000000000000e+03,3.303914964199066162e-01,7.926829268292683306e-01,2.485504150390625000e-01,0.000000000000000000e+00
9.820000000000000000e+03,3.095538318157196045e-01,8.292682926829267887e-01,2.451131790876388550e-01,0.000000000000000000e+00
9.830000000000000000e+03,3.233544528484344482e-01,7.682926829268292845e-01,2.785308659076690674e-01,0.000000000000000000e+00
9.840000000000000000e+03,3.190917670726776123e-01,8.170731707317072656e-01,2.517088353633880615e-01,0.000000000000000000e+00
9.850000000000000000e+03,3.191608786582946777e-01,7.926829268292683306e-01,2.476870864629745483e-01,0.000000000000000000e+00
9.860000000000000000e+03,3.093343675136566162e-01,8.170731707317072656e-01,2.522396445274353027e-01,0.000000000000000000e+00
9.870000000000000000e+03,3.281882405281066895e-01,7.926829268292683306e-01,2.623638510704040527e-01,0.000000000000000000e+00
9.880000000000000000e+03,3.536454141139984131e-01,8.048780487804878536e-01,2.861697077751159668e-01,0.000000000000000000e+00
9.890000000000000000e+03,3.801416456699371338e-01,8.170731707317072656e-01,3.084220886230468750e-01,0.000000000000000000e+00
9.900000000000000000e+03,4.088084697723388672e-01,7.804878048780488076e-01,3.139696717262268066e-01,0.000000000000000000e+00
9.910000000000000000e+03,3.904200494289398193e-01,7.926829268292683306e-01,3.092519044876098633e-01,0.000000000000000000e+00
9.920000000000000000e+03,3.892028927803039551e-01,7.804878048780488076e-01,3.285694420337677002e-01,0.000000000000000000e+00
9.930000000000000000e+03,3.840580880641937256e-01,7.682926829268292845e-01,3.539514541625976562e-01,0.000000000000000000e+00
9.940000000000000000e+03,3.967565298080444336e-01,7.926829268292683306e-01,3.438249230384826660e-01,0.000000000000000000e+00
9.950000000000000000e+03,3.927496969699859619e-01,7.804878048780488076e-01,3.342366218566894531e-01,0.000000000000000000e+00
9.960000000000000000e+03,3.878350853919982910e-01,7.926829268292683306e-01,3.334612250328063965e-01,0.000000000000000000e+00
9.970000000000000000e+03,4.067894220352172852e-01,7.682926829268292845e-01,3.474150002002716064e-01,0.000000000000000000e+00
9.980000000000000000e+03,4.265119135379791260e-01,8.048780487804878536e-01,3.669691085815429688e-01,0.000000000000000000e+00
9.990000000000000000e+03,3.986334800720214844e-01,7.926829268292683306e-01,3.495670855045318604e-01,0.000000000000000000e+00
1.000000000000000000e+04,3.872115314006805420e-01,7.804878048780488076e-01,3.302212357521057129e-01,0.000000000000000000e+00
1.001000000000000000e+04,3.817676007747650146e-01,7.804878048780488076e-01,3.136939108371734619e-01,0.000000000000000000e+00
1.002000000000000000e+04,3.741598725318908691e-01,7.926829268292683306e-01,3.148627281188964844e-01,0.000000000000000000e+00
1.003000000000000000e+04,3.616462647914886475e-01,7.682926829268292845e-01,3.172161281108856201e-01,0.000000000000000000e+00
1.004000000000000000e+04,3.498760759830474854e-01,7.804878048780488076e-01,2.895501255989074707e-01,0.000000000000000000e+00
1.005000000000000000e+04,3.635801970958709717e-01,8.048780487804878536e-01,3.042620718479156494e-01,0.000000000000000000e+00
1.006000000000000000e+04,3.892253041267395020e-01,7.682926829268292845e-01,3.215366601943969727e-01,0.000000000000000000e+00
1.007000000000000000e+04,3.712986111640930176e-01,7.560975609756097615e-01,3.132122457027435303e-01,0.000000000000000000e+00
1.008000000000000000e+04,3.530933856964111328e-01,7.804878048780488076e-01,2.903219759464263916e-01,0.000000000000000000e+00
1.009000000000000000e+04,3.430363535881042480e-01,7.560975609756097615e-01,2.662574350833892822e-01,0.000000000000000000e+00
1.010000000000000000e+04,3.737780451774597168e-01,7.439024390243902385e-01,3.020386695861816406e-01,0.000000000000000000e+00
1.011000000000000000e+04,3.807821571826934814e-01,7.560975609756097615e-01,3.297323286533355713e-01,0.000000000000000000e+00
1.012000000000000000e+04,3.800318837165832520e-01,7.560975609756097615e-01,3.387340009212493896e-01,0.000000000000000000e+00
1.013000000000000000e+04,3.937649130821228027e-01,7.560975609756097615e-01,3.272877931594848633e-01,0.000000000000000000e+00
1.014000000000000000e+04,3.955663740634918213e-01,7.804878048780488076e-01,3.419064581394195557e-01,0.000000000000000000e+00
1.015000000000000000e+04,3.928655385971069336e-01,7.439024390243902385e-01,3.591127395629882812e-01,0.000000000000000000e+00
1.016000000000000000e+04,4.074457585811614990e-01,7.439024390243902385e-01,3.527944386005401611e-01,0.000000000000000000e+00
1.017000000000000000e+04,3.943780660629272461e-01,6.951219512195121464e-01,3.046448230743408203e-01,0.000000000000000000e+00
1.018000000000000000e+04,4.151205122470855713e-01,7.560975609756097615e-01,3.359248042106628418e-01,0.000000000000000000e+00
1.019000000000000000e+04,4.071664512157440186e-01,7.560975609756097615e-01,3.426265120506286621e-01,0.000000000000000000e+00
1.020000000000000000e+04,4.097606241703033447e-01,7.195121951219511924e-01,3.466161191463470459e-01,0.000000000000000000e+00
1.021000000000000000e+04,3.974815309047698975e-01,7.317073170731707155e-01,3.469197452068328857e-01,0.000000000000000000e+00
1.022000000000000000e+04,3.849042952060699463e-01,7.073170731707316694e-01,3.282633423805236816e-01,0.000000000000000000e+00
1.023000000000000000e+04,4.178003966808319092e-01,7.560975609756097615e-01,3.488659262657165527e-01,0.000000000000000000e+00
1.024000000000000000e+04,4.077562391757965088e-01,7.439024390243902385e-01,3.334862291812896729e-01,0.000000000000000000e+00
1.025000000000000000e+04,3.974280059337615967e-01,7.439024390243902385e-01,3.020704090595245361e-01,0.000000000000000000e+00
1.026000000000000000e+04,4.117569923400878906e-01,7.804878048780488076e-01,3.266811966896057129e-01,0.000000000000000000e+00
1.027000000000000000e+04,4.095170199871063232e-01,7.560975609756097615e-01,3.185693025588989258e-01,0.000000000000000000e+00
1.028000000000000000e+04,4.068875312805175781e-01,7.195121951219511924e-01,3.153540194034576416e-01,0.000000000000000000e+00
1.029000000000000000e+04,4.062472581863403320e-01,7.439024390243902385e-01,3.385585844516754150e-01,0.000000000000000000e+00
1.030000000000000000e+04,4.013650417327880859e-01,7.195121951219511924e-01,3.042492866516113281e-01,0.000000000000000000e+00
1.031000000000000000e+04,3.888855874538421631e-01,7.682926829268292845e-01,2.966539561748504639e-01,0.000000000000000000e+00
1.032000000000000000e+04,3.833228647708892822e-01,7.682926829268292845e-01,3.097855150699615479e-01,0.000000000000000000e+00
1.033000000000000000e+04,3.895594179630279541e-01,7.560975609756097615e-01,2.772993147373199463e-01,0.000000000000000000e+00
1.034000000000000000e+04,3.467665016651153564e-01,7.317073170731707155e-01,2.793979644775390625e-01,0.000000000000000000e+00
1.035000000000000000e+04,3.599579930305480957e-01,7.439024390243902385e-01,2.947313785552978516e-01,0.000000000000000000e+00
1.036000000000000000e+04,3.347135484218597412e-01,7.560975609756097615e-01,2.300850003957748413e-01,0.000000000000000000e+00
1.037000000000000000e+04,3.657276928424835205e-01,7.682926829268292845e-01,2.902134060859680176e-01,0.000000000000000000e+00
1.038000000000000000e+04,3.673473894596099854e-01,7.682926829268292845e-01,2.838002741336822510e-01,0.000000000000000000e+00
1.039000000000000000e+04,3.589153289794921875e-01,7.560975609756097615e-01,2.465914934873580933e-01,0.000000000000000000e+00
1.040000000000000000e+04,3.796443343162536621e-01,7.195121951219511924e-01,3.007413744926452637e-01,0.000000000000000000e+00
1.041000000000000000e+04,3.755708336830139160e-01,7.439024390243902385e-01,2.893476486206054688e-01,0.000000000000000000e+00
1.042000000000000000e+04,3.852583467960357666e-01,7.682926829268292845e-01,2.869297564029693604e-01,0.000000000000000000e+00
1.043000000000000000e+04,3.946810960769653320e-01,7.682926829268292845e-01,3.022552132606506348e-01,0.000000000000000000e+00
1.044000000000000000e+04,4.084438681602478027e-01,7.804878048780488076e-01,3.170801699161529541e-01,0.000000000000000000e+00
1.045000000000000000e+04,4.041845202445983887e-01,7.804878048780488076e-01,3.225859105587005615e-01,0.000000000000000000e+00
1.046000000000000000e+04,3.721474707126617432e-01,7.439024390243902385e-01,3.183036744594573975e-01,0.000000000000000000e+00
1.047000000000000000e+04,3.576715290546417236e-01,7.195121951219511924e-01,2.866784930229187012e-01,0.000000000000000000e+00
1.048000000000000000e+04,3.917890489101409912e-01,7.804878048780488076e-01,3.243756294250488281e-01,0.000000000000000000e+00
1.049000000000000000e+04,3.855032324790954590e-01,8.170731707317072656e-01,3.179832696914672852e-01,0.000000000000000000e+00
1.050000000000000000e+04,3.859558403491973877e-01,8.048780487804878536e-01,3.185961246490478516e-01,0.000000000000000000e+00
1.051000000000000000e+04,4.017187356948852539e-01,8.170731707317072656e-01,3.125514090061187744e-01,0.000000000000000000e+00
1.052000000000000000e+04,3.867805600166320801e-01,7.682926829268292845e-01,3.282762169837951660e-01,0.000000000000000000e+00
1.053000000000000000e+04,3.600949347019195557e-01,7.682926829268292845e-01,2.694335877895355225e-01,0.000000000000000000e+00
1.054000000000000000e+04,3.563554286956787109e-01,7.560975609756097615e-01,2.843839824199676514e-01,0.000000000000000000e+00
1.055000000000000000e+04,3.542904555797576904e-01,8.048780487804878536e-01,2.875228226184844971e-01,0.000000000000000000e+00
1.056000000000000000e+04,3.352266848087310791e-01,7.926829268292683306e-01,2.677162885665893555e-01,0.000000000000000000e+00
1.057000000000000000e+04,3.408813476562500000e-01,8.048780487804878536e-01,2.951428294181823730e-01,0.000000000000000000e+00
1.058000000000000000e+04,3.450372517108917236e-01,7.439024390243902385e-01,2.762928307056427002e-01,0.000000000000000000e+00
1.059000000000000000e+04,3.653014302253723145e-01,7.560975609756097615e-01,3.360684514045715332e-01,0.000000000000000000e+00
1.060000000000000000e+04,3.402728438377380371e-01,7.317073170731707155e-01,2.969890534877777100e-01,0.000000000000000000e+00
1.061000000000000000e+04,3.597115576267242432e-01,7.560975609756097615e-01,2.798947691917419434e-01,0.000000000000000000e+00
1.062000000000000000e+04,3.663594126701354980e-01,7.317073170731707155e-01,2.832978963851928711e-01,0.000000000000000000e+00
1.063000000000000000e+04,3.354025185108184814e-01,8.048780487804878536e-01,2.662648558616638184e-01,0.000000000000000000e+00
1.064000000000000000e+04,3.514964580535888672e-01,7.804878048780488076e-01,3.095244765281677246e-01,0.000000000000000000e+00
1.065000000000000000e+04,3.484830558300018311e-01,7.682926829268292845e-01,2.723057270050048828e-01,0.000000000000000000e+00
1.066000000000000000e+04,3.821687698364257812e-01,7.682926829268292845e-01,3.354129195213317871e-01,0.000000000000000000e+00
1.067000000000000000e+04,3.798415362834930420e-01,7.682926829268292845e-01,3.105497956275939941e-01,0.000000000000000000e+00
1.068000000000000000e+04,3.860915303230285645e-01,7.804878048780488076e-01,3.068250715732574463e-01,0.000000000000000000e+00
1.069000000000000000e+04,3.859421908855438232e-01,7.682926829268292845e-01,2.955395877361297607e-01,0.000000000000000000e+00
1.070000000000000000e+04,3.834085762500762939e-01,7.682926829268292845e-01,3.030126690864562988e-01,0.000000000000000000e+00
1.071000000000000000e+04,3.826077878475189209e-01,7.682926829268292845e-01,3.013760745525360107e-01,0.000000000000000000e+00
1.072000000000000000e+04,3.874345719814300537e-01,7.560975609756097615e-01,2.954996824264526367e-01,0.000000000000000000e+00
1.073000000000000000e+04,3.751194477081298828e-01,7.560975609756097615e-01,3.080695271492004395e-01,0.000000000000000000e+00
1.074000000000000000e+04,3.885193467140197754e-01,7.560975609756097615e-01,3.058961629867553711e-01,0.000000000000000000e+00
1.075000000000000000e+04,3.795037567615509033e-01,7.439024390243902385e-01,2.926881611347198486e-01,0.000000000000000000e+00
1.076000000000000000e+04,3.797528147697448730e-01,7.804878048780488076e-01,2.978450059890747070e-01,0.000000000000000000e+00
1.077000000000000000e+04,3.883328139781951904e-01,7.682926829268292845e-01,3.156247437000274658e-01,0.000000000000000000e+00
1.078000000000000000e+04,3.633910715579986572e-01,7.804878048780488076e-01,2.835634648799896240e-01,0.000000000000000000e+00
1.079000000000000000e+04,3.647464811801910400e-01,7.804878048780488076e-01,2.769186198711395264e-01,0.000000000000000000e+00
1.080000000000000000e+04,3.723819553852081299e-01,7.682926829268292845e-01,2.854632139205932617e-01,0.000000000000000000e+00
1.081000000000000000e+04,3.811809122562408447e-01,7.804878048780488076e-01,3.105285167694091797e-01,0.000000000000000000e+00
1.082000000000000000e+04,3.652621209621429443e-01,7.560975609756097615e-01,2.933289110660552979e-01,0.000000000000000000e+00
1.083000000000000000e+04,3.610070049762725830e-01,7.560975609756097615e-01,2.927244305610656738e-01,0.000000000000000000e+00
1.084000000000000000e+04,3.463819622993469238e-01,7.804878048780488076e-01,3.001098334789276123e-01,0.000000000000000000e+00
1.085000000000000000e+04,3.828145563602447510e-01,7.682926829268292845e-01,3.352577388286590576e-01,0.000000000000000000e+00
1.086000000000000000e+04,3.663156628608703613e-01,7.682926829268292845e-01,2.941709160804748535e-01,0.000000000000000000e+00
1.087000000000000000e+04,3.715592622756958008e-01,7.804878048780488076e-01,3.085188567638397217e-01,0.000000000000000000e+00
1.088000000000000000e+04,3.565573990345001221e-01,7.682926829268292845e-01,2.711883783340454102e-01,0.000000000000000000e+00
1.089000000000000000e+04,3.847692906856536865e-01,7.560975609756097615e-01,3.189280927181243896e-01,0.000000000000000000e+00
1.090000000000000000e+04,4.027541875839233398e-01,7.439024390243902385e-01,3.109494745731353760e-01,0.000000000000000000e+00
1.091000000000000000e+04,3.421911895275115967e-01,7.439024390243902385e-01,2.502052187919616699e-01,0.000000000000000000e+00
1.092000000000000000e+04,3.667978644371032715e-01,7.317073170731707155e-01,2.850384712219238281e-01,0.000000000000000000e+00
1.093000000000000000e+04,3.239328861236572266e-01,7.317073170731707155e-01,2.617611289024353027e-01,0.000000000000000000e+00
1.094000000000000000e+04,3.392196595668792725e-01,7.439024390243902385e-01,2.589007616043090820e-01,0.000000000000000000e+00
1.095000000000000000e+04,3.325856029987335205e-01,7.682926829268292845e-01,2.541947662830352783e-01,0.000000000000000000e+00
1.096000000000000000e+04,3.390575647354125977e-01,7.317073170731707155e-01,2.645336389541625977e-01,0.000000000000000000e+00
1.097000000000000000e+04,3.612148761749267578e-01,7.195121951219511924e-01,2.910948693752288818e-01,0.000000000000000000e+00
1.098000000000000000e+04,3.649741411209106445e-01,7.439024390243902385e-01,3.053416609764099121e-01,0.000000000000000000e+00
1.099000000000000000e+04,3.396638035774230957e-01,7.439024390243902385e-01,2.519877851009368896e-01,0.000000000000000000e+00
1.100000000000000000e+04,3.560047745704650879e-01,7.682926829268292845e-01,2.732839584350585938e-01,0.000000000000000000e+00
1.101000000000000000e+04,3.451774418354034424e-01,7.439024390243902385e-01,2.860192358493804932e-01,0.000000000000000000e+00
1.102000000000000000e+04,3.418847918510437012e-01,7.439024390243902385e-01,2.819260358810424805e-01,0.000000000000000000e+00
1.103000000000000000e+04,3.675057888031005859e-01,7.804878048780488076e-01,3.001935482025146484e-01,0.000000000000000000e+00
1.104000000000000000e+04,3.659180104732513428e-01,7.560975609756097615e-01,3.000020980834960938e-01,0.000000000000000000e+00
1.105000000000000000e+04,3.569260239601135254e-01,7.682926829268292845e-01,2.432845979928970337e-01,0.000000000000000000e+00
1.106000000000000000e+04,3.746011853218078613e-01,7.439024390243902385e-01,2.566981911659240723e-01,0.000000000000000000e+00
1.107000000000000000e+04,3.531078696250915527e-01,7.195121951219511924e-01,2.698592841625213623e-01,0.000000000000000000e+00
1.108000000000000000e+04,3.645683228969573975e-01,7.439024390243902385e-01,2.695235311985015869e-01,0.000000000000000000e+00
1.109000000000000000e+04,3.747124671936035156e-01,7.926829268292683306e-01,2.890208959579467773e-01,0.000000000000000000e+00
1.110000000000000000e+04,3.823724091053009033e-01,7.682926829268292845e-01,3.159047961235046387e-01,0.000000000000000000e+00
1.111000000000000000e+04,3.758480548858642578e-01,7.682926829268292845e-01,2.694350183010101318e-01,0.000000000000000000e+00
1.112000000000000000e+04,3.857196569442749023e-01,7.560975609756097615e-01,3.108022212982177734e-01,0.000000000000000000e+00
1.113000000000000000e+04,3.717941045761108398e-01,7.560975609756097615e-01,2.700490057468414307e-01,0.000000000000000000e+00
1.114000000000000000e+04,3.995487987995147705e-01,7.804878048780488076e-01,2.763997912406921387e-01,0.000000000000000000e+00
1.115000000000000000e+04,3.892703950405120850e-01,7.682926829268292845e-01,2.811747491359710693e-01,0.000000000000000000e+00
1.116000000000000000e+04,3.810954988002777100e-01,7.560975609756097615e-01,2.849287688732147217e-01,0.000000000000000000e+00
1.117000000000000000e+04,3.873326480388641357e-01,7.195121951219511924e-01,3.016379177570343018e-01,0.000000000000000000e+00
1.118000000000000000e+04,3.753091990947723389e-01,7.439024390243902385e-01,2.761183381080627441e-01,0.000000000000000000e+00
1.119000000000000000e+04,3.986021280288696289e-01,7.195121951219511924e-01,2.901231050491333008e-01,0.000000000000000000e+00
1.120000000000000000e+04,3.930594921112060547e-01,7.439024390243902385e-01,2.914309203624725342e-01,0.000000000000000000e+00
1.121000000000000000e+04,4.145202338695526123e-01,7.439024390243902385e-01,3.303650617599487305e-01,0.000000000000000000e+00
1.122000000000000000e+04,4.085591733455657959e-01,7.439024390243902385e-01,3.105486929416656494e-01,0.000000000000000000e+00
1.123000000000000000e+04,4.182451963424682617e-01,7.682926829268292845e-01,3.119390904903411865e-01,0.000000000000000000e+00
1.124000000000000000e+04,4.028048217296600342e-01,7.195121951219511924e-01,3.283974528312683105e-01,0.000000000000000000e+00
1.125000000000000000e+04,4.006700813770294189e-01,7.560975609756097615e-01,2.991775274276733398e-01,0.000000000000000000e+00
1.126000000000000000e+04,3.970455527305603027e-01,7.560975609756097615e-01,3.293932378292083740e-01,0.000000000000000000e+00
1.127000000000000000e+04,3.718606829643249512e-01,7.560975609756097615e-01,3.063482046127319336e-01,0.000000000000000000e+00
1.128000000000000000e+04,3.584728240966796875e-01,7.560975609756097615e-01,3.001470565795898438e-01,0.000000000000000000e+00
1.129000000000000000e+04,3.407472968101501465e-01,7.560975609756097615e-01,2.757357060909271240e-01,0.000000000000000000e+00
1.130000000000000000e+04,3.536414802074432373e-01,7.317073170731707155e-01,3.037903010845184326e-01,0.000000000000000000e+00
1.131000000000000000e+04,3.342847228050231934e-01,7.682926829268292845e-01,2.690741717815399170e-01,0.000000000000000000e+00
1.132000000000000000e+04,3.564389646053314209e-01,7.804878048780488076e-01,2.937225401401519775e-01,0.000000000000000000e+00
1.133000000000000000e+04,3.610920310020446777e-01,7.439024390243902385e-01,2.890188395977020264e-01,0.000000000000000000e+00
1.134000000000000000e+04,3.388326168060302734e-01,7.560975609756097615e-01,2.858278155326843262e-01,0.000000000000000000e+00
1.135000000000000000e+04,3.452799618244171143e-01,7.560975609756097615e-01,3.022950589656829834e-01,0.000000000000000000e+00
1.136000000000000000e+04,3.829736411571502686e-01,7.682926829268292845e-01,3.196112811565399170e-01,0.000000000000000000e+00
1.137000000000000000e+04,3.685798346996307373e-01,7.560975609756097615e-01,2.959608137607574463e-01,0.000000000000000000e+00
1.138000000000000000e+04,3.791067302227020264e-01,7.439024390243902385e-01,3.282105326652526855e-01,0.000000000000000000e+00
1.139000000000000000e+04,3.732186853885650635e-01,7.073170731707316694e-01,3.073058128356933594e-01,0.000000000000000000e+00
1.140000000000000000e+04,3.599568903446197510e-01,7.560975609756097615e-01,2.842195630073547363e-01,0.000000000000000000e+00
1.141000000000000000e+04,3.827925920486450195e-01,7.073170731707316694e-01,3.156077563762664795e-01,0.000000000000000000e+00
1.142000000000000000e+04,3.944193124771118164e-01,7.439024390243902385e-01,3.182921409606933594e-01,0.000000000000000000e+00
1.143000000000000000e+04,3.901780843734741211e-01,7.317073170731707155e-01,2.808827161788940430e-01,0.000000000000000000e+00
1.144000000000000000e+04,3.760483264923095703e-01,7.073170731707316694e-01,3.141521513462066650e-01,0.000000000000000000e+00
1.145000000000000000e+04,4.016042351722717285e-01,7.073170731707316694e-01,3.089417815208435059e-01,0.000000000000000000e+00
1.146000000000000000e+04,3.782132863998413086e-01,7.317073170731707155e-01,2.649079859256744385e-01,0.000000000000000000e+00
1.147000000000000000e+04,3.745242059230804443e-01,7.195121951219511924e-01,2.806599736213684082e-01,0.000000000000000000e+00
1.148000000000000000e+04,3.613884150981903076e-01,6.951219512195121464e-01,2.880841195583343506e-01,0.000000000000000000e+00
1.149000000000000000e+04,3.697978258132934570e-01,7.317073170731707155e-01,2.735441029071807861e-01,0.000000000000000000e+00
1.150000000000000000e+04,3.803787231445312500e-01,7.195121951219511924e-01,2.929524779319763184e-01,0.000000000000000000e+00
1.151000000000000000e+04,3.920498490333557129e-01,7.317073170731707155e-01,3.076723814010620117e-01,0.000000000000000000e+00
1.152000000000000000e+04,4.053377807140350342e-01,7.195121951219511924e-01,3.209506571292877197e-01,0.000000000000000000e+00
1.153000000000000000e+04,3.956847786903381348e-01,7.439024390243902385e-01,2.948427796363830566e-01,0.000000000000000000e+00
1.154000000000000000e+04,3.825540542602539062e-01,7.317073170731707155e-01,2.821743786334991455e-01,0.000000000000000000e+00
1.155000000000000000e+04,3.711299002170562744e-01,7.317073170731707155e-01,2.812133729457855225e-01,0.000000000000000000e+00
1.156000000000000000e+04,3.768048882484436035e-01,7.073170731707316694e-01,3.095934987068176270e-01,0.000000000000000000e+00
1.157000000000000000e+04,3.666019737720489502e-01,7.195121951219511924e-01,2.790687382221221924e-01,0.000000000000000000e+00
1.158000000000000000e+04,3.741527795791625977e-01,6.585365853658536883e-01,2.971469461917877197e-01,0.000000000000000000e+00
1.159000000000000000e+04,3.670291006565093994e-01,7.195121951219511924e-01,2.974355220794677734e-01,0.000000000000000000e+00
1.160000000000000000e+04,3.759032487869262695e-01,6.951219512195121464e-01,3.069028854370117188e-01,0.000000000000000000e+00
1.161000000000000000e+04,3.752757906913757324e-01,7.195121951219511924e-01,3.177138268947601318e-01,0.000000000000000000e+00
1.162000000000000000e+04,3.965064287185668945e-01,7.195121951219511924e-01,3.269181251525878906e-01,0.000000000000000000e+00
1.163000000000000000e+04,3.956084549427032471e-01,7.195121951219511924e-01,3.137890100479125977e-01,0.000000000000000000e+00
1.164000000000000000e+04,3.771831393241882324e-01,6.951219512195121464e-01,3.033565282821655273e-01,0.000000000000000000e+00
1.165000000000000000e+04,3.608573973178863525e-01,7.195121951219511924e-01,2.724251449108123779e-01,0.000000000000000000e+00
1.166000000000000000e+04,3.862899243831634521e-01,7.439024390243902385e-01,2.987392842769622803e-01,0.000000000000000000e+00
1.167000000000000000e+04,3.765197694301605225e-01,6.951219512195121464e-01,2.850803732872009277e-01,0.000000000000000000e+00
1.168000000000000000e+04,4.013991057872772217e-01,7.317073170731707155e-01,2.544828355312347412e-01,0.000000000000000000e+00
1.169000000000000000e+04,4.001433253288269043e-01,7.073170731707316694e-01,2.862976789474487305e-01,0.000000000000000000e+00
1.170000000000000000e+04,4.233418107032775879e-01,6.951219512195121464e-01,2.975895106792449951e-01,0.000000000000000000e+00
1.171000000000000000e+04,4.019758403301239014e-01,7.073170731707316694e-01,2.631037831306457520e-01,0.000000000000000000e+00
1.172000000000000000e+04,3.859472274780273438e-01,7.195121951219511924e-01,2.367007136344909668e-01,0.000000000000000000e+00
1.173000000000000000e+04,4.078159332275390625e-01,7.317073170731707155e-01,2.594040334224700928e-01,0.000000000000000000e+00
1.174000000000000000e+04,3.992200791835784912e-01,7.073170731707316694e-01,3.094214797019958496e-01,0.000000000000000000e+00
1.175000000000000000e+04,4.012652635574340820e-01,6.951219512195121464e-01,2.704985737800598145e-01,0.000000000000000000e+00
1.176000000000000000e+04,3.983302116394042969e-01,7.195121951219511924e-01,2.464002966880798340e-01,0.000000000000000000e+00
1.177000000000000000e+04,4.016543030738830566e-01,7.195121951219511924e-01,2.723296284675598145e-01,0.000000000000000000e+00
1.178000000000000000e+04,3.912651836872100830e-01,6.951219512195121464e-01,2.645785212516784668e-01,0.000000000000000000e+00
1.179000000000000000e+04,4.020664393901824951e-01,7.195121951219511924e-01,2.989143729209899902e-01,0.000000000000000000e+00
1.180000000000000000e+04,3.973627984523773193e-01,7.195121951219511924e-01,2.823280990123748779e-01,0.000000000000000000e+00
1.181000000000000000e+04,3.811540305614471436e-01,7.195121951219511924e-01,2.495930641889572144e-01,0.000000000000000000e+00
1.182000000000000000e+04,3.730489015579223633e-01,7.073170731707316694e-01,2.786179482936859131e-01,0.000000000000000000e+00
1.183000000000000000e+04,4.024333953857421875e-01,7.073170731707316694e-01,3.181535005569458008e-01,0.000000000000000000e+00
1.184000000000000000e+04,3.800507485866546631e-01,7.317073170731707155e-01,2.474353909492492676e-01,0.000000000000000000e+00
1.185000000000000000e+04,3.601212501525878906e-01,7.073170731707316694e-01,2.637286186218261719e-01,0.000000000000000000e+00
1.186000000000000000e+04,3.832423090934753418e-01,7.073170731707316694e-01,2.988104522228240967e-01,0.000000000000000000e+00
1.187000000000000000e+04,4.083773195743560791e-01,7.073170731707316694e-01,3.082866966724395752e-01,0.000000000000000000e+00
1.188000000000000000e+04,3.803765177726745605e-01,7.073170731707316694e-01,2.739160656929016113e-01,0.000000000000000000e+00
1.189000000000000000e+04,3.710278272628784180e-01,6.951219512195121464e-01,2.797191739082336426e-01,0.000000000000000000e+00
1.190000000000000000e+04,3.625000119209289551e-01,7.195121951219511924e-01,2.973996400833129883e-01,0.000000000000000000e+00
1.191000000000000000e+04,3.802570998668670654e-01,7.073170731707316694e-01,3.102785646915435791e-01,0.000000000000000000e+00
1.192000000000000000e+04,3.778342306613922119e-01,7.195121951219511924e-01,2.874671816825866699e-01,0.000000000000000000e+00
1.193000000000000000e+04,3.559957146644592285e-01,7.560975609756097615e-01,2.843750119209289551e-01,0.000000000000000000e+00
1.194000000000000000e+04,3.568365275859832764e-01,7.560975609756097615e-01,2.802558541297912598e-01,0.000000000000000000e+00
1.195000000000000000e+04,3.739958405494689941e-01,6.951219512195121464e-01,2.722038924694061279e-01,0.000000000000000000e+00
1.196000000000000000e+04,3.505594134330749512e-01,7.317073170731707155e-01,2.525795102119445801e-01,0.000000000000000000e+00
1.197000000000000000e+04,3.801492452621459961e-01,7.195121951219511924e-01,2.911899983882904053e-01,0.000000000000000000e+00
1.198000000000000000e+04,3.579632639884948730e-01,7.195121951219511924e-01,2.718948125839233398e-01,0.000000000000000000e+00
1.199000000000000000e+04,3.671118319034576416e-01,7.195121951219511924e-01,2.875648736953735352e-01,0.000000000000000000e+00
1.200000000000000000e+04,3.664463460445404053e-01,7.073170731707316694e-01,2.984711229801177979e-01,0.000000000000000000e+00
1.201000000000000000e+04,3.801840543746948242e-01,6.951219512195121464e-01,3.155379593372344971e-01,0.000000000000000000e+00
1.202000000000000000e+04,3.921484649181365967e-01,7.073170731707316694e-01,2.722225189208984375e-01,0.000000000000000000e+00
1.203000000000000000e+04,3.724467456340789795e-01,7.195121951219511924e-01,2.611557543277740479e-01,0.000000000000000000e+00
1.204000000000000000e+04,4.186326265335083008e-01,7.195121951219511924e-01,3.165068328380584717e-01,0.000000000000000000e+00
1.205000000000000000e+04,3.876649141311645508e-01,7.073170731707316694e-01,2.834885418415069580e-01,0.000000000000000000e+00
1.206000000000000000e+04,3.650791347026824951e-01,7.195121951219511924e-01,2.596780955791473389e-01,0.000000000000000000e+00
1.207000000000000000e+04,3.559905290603637695e-01,7.195121951219511924e-01,2.472912073135375977e-01,0.000000000000000000e+00
1.208000000000000000e+04,4.019934535026550293e-01,7.439024390243902385e-01,2.796837985515594482e-01,0.000000000000000000e+00
1.209000000000000000e+04,4.088144302368164062e-01,6.951219512195121464e-01,3.095436990261077881e-01,0.000000000000000000e+00
1.210000000000000000e+04,3.973367214202880859e-01,7.073170731707316694e-01,3.021509051322937012e-01,0.000000000000000000e+00
1.211000000000000000e+04,3.895134627819061279e-01,7.073170731707316694e-01,2.947021424770355225e-01,0.000000000000000000e+00
1.212000000000000000e+04,4.005277752876281738e-01,7.073170731707316694e-01,3.040036559104919434e-01,0.000000000000000000e+00
1.213000000000000000e+04,3.931939303874969482e-01,7.073170731707316694e-01,2.674362361431121826e-01,0.000000000000000000e+00
1.214000000000000000e+04,3.597641885280609131e-01,7.317073170731707155e-01,2.492317110300064087e-01,0.000000000000000000e+00
1.215000000000000000e+04,4.000234007835388184e-01,7.195121951219511924e-01,2.941415309906005859e-01,0.000000000000000000e+00
1.216000000000000000e+04,3.627743721008300781e-01,6.707317073170732113e-01,2.457653135061264038e-01,0.000000000000000000e+00
1.217000000000000000e+04,3.376091122627258301e-01,7.195121951219511924e-01,2.709795832633972168e-01,0.000000000000000000e+00
1.218000000000000000e+04,3.624100089073181152e-01,7.195121951219511924e-01,2.674389481544494629e-01,0.000000000000000000e+00
1.219000000000000000e+04,3.617790639400482178e-01,7.439024390243902385e-01,2.375264614820480347e-01,0.000000000000000000e+00
1.220000000000000000e+04,3.566678166389465332e-01,7.073170731707316694e-01,2.748948335647583008e-01,0.000000000000000000e+00
1.221000000000000000e+04,3.773545622825622559e-01,7.195121951219511924e-01,2.986243963241577148e-01,0.000000000000000000e+00
1.222000000000000000e+04,3.326690196990966797e-01,7.195121951219511924e-01,2.434848546981811523e-01,0.000000000000000000e+00
1.223000000000000000e+04,3.259263336658477783e-01,7.073170731707316694e-01,2.335745841264724731e-01,0.000000000000000000e+00
1.224000000000000000e+04,3.151553869247436523e-01,7.073170731707316694e-01,2.380686104297637939e-01,0.000000000000000000e+00
1.225000000000000000e+04,3.445173203945159912e-01,6.829268292682927344e-01,2.570235729217529297e-01,0.000000000000000000e+00
1.226000000000000000e+04,3.377772271633148193e-01,7.073170731707316694e-01,2.455229461193084717e-01,0.000000000000000000e+00
1.227000000000000000e+04,3.553207516670227051e-01,7.195121951219511924e-01,2.576440274715423584e-01,0.000000000000000000e+00
1.228000000000000000e+04,3.502084016799926758e-01,6.951219512195121464e-01,2.477200925350189209e-01,0.000000000000000000e+00
1.229000000000000000e+04,3.612677454948425293e-01,7.195121951219511924e-01,2.594015002250671387e-01,0.000000000000000000e+00
1.230000000000000000e+04,3.625093698501586914e-01,7.073170731707316694e-01,2.602428495883941650e-01,0.000000000000000000e+00
1.231000000000000000e+04,3.534337580204010010e-01,7.195121951219511924e-01,2.516584992408752441e-01,0.000000000000000000e+00
1.232000000000000000e+04,3.850009739398956299e-01,7.195121951219511924e-01,2.702108621597290039e-01,0.000000000000000000e+00
1.233000000000000000e+04,3.794839084148406982e-01,6.951219512195121464e-01,2.726368308067321777e-01,0.000000000000000000e+00
1.234000000000000000e+04,3.928613364696502686e-01,6.951219512195121464e-01,2.829543352127075195e-01,0.000000000000000000e+00
1.235000000000000000e+04,3.686977922916412354e-01,6.707317073170732113e-01,2.669473588466644287e-01,0.000000000000000000e+00
1.236000000000000000e+04,3.655517399311065674e-01,6.829268292682927344e-01,2.504435479640960693e-01,0.000000000000000000e+00
1.237000000000000000e+04,3.691356778144836426e-01,7.317073170731707155e-01,2.589579522609710693e-01,0.000000000000000000e+00
1.238000000000000000e+04,3.744065761566162109e-01,6.829268292682927344e-01,2.691744267940521240e-01,0.000000000000000000e+00
1.239000000000000000e+04,3.770175874233245850e-01,6.951219512195121464e-01,2.358073592185974121e-01,0.000000000000000000e+00
1.240000000000000000e+04,4.073679149150848389e-01,6.585365853658536883e-01,2.708752751350402832e-01,0.000000000000000000e+00
1.241000000000000000e+04,4.461871087551116943e-01,6.585365853658536883e-01,3.405774533748626709e-01,0.000000000000000000e+00
1.242000000000000000e+04,4.092531800270080566e-01,6.829268292682927344e-01,2.780384421348571777e-01,0.000000000000000000e+00
1.243000000000000000e+04,4.118493199348449707e-01,6.707317073170732113e-01,3.010277152061462402e-01,0.000000000000000000e+00
1.244000000000000000e+04,4.213450849056243896e-01,6.829268292682927344e-01,3.040973246097564697e-01,0.000000000000000000e+00
1.245000000000000000e+04,4.116746187210083008e-01,6.585365853658536883e-01,2.917838990688323975e-01,0.000000000000000000e+00
1.246000000000000000e+04,4.074089825153350830e-01,6.829268292682927344e-01,3.036947846412658691e-01,0.000000000000000000e+00
1.247000000000000000e+04,4.308704137802124023e-01,7.195121951219511924e-01,3.059828579425811768e-01,0.000000000000000000e+00
1.248000000000000000e+04,4.203640818595886230e-01,6.951219512195121464e-01,3.043042421340942383e-01,0.000000000000000000e+00
1.249000000000000000e+04,4.158410429954528809e-01,6.951219512195121464e-01,3.289799988269805908e-01,0.000000000000000000e+00
1.250000000000000000e+04,4.480386376380920410e-01,6.951219512195121464e-01,3.660302758216857910e-01,0.000000000000000000e+00
1.251000000000000000e+04,4.321222603321075439e-01,6.829268292682927344e-01,3.472422659397125244e-01,0.000000000000000000e+00
1.252000000000000000e+04,4.316033422946929932e-01,6.585365853658536883e-01,3.532738387584686279e-01,0.000000000000000000e+00
1.253000000000000000e+04,4.249150156974792480e-01,6.951219512195121464e-01,3.548004031181335449e-01,0.000000000000000000e+00
1.254000000000000000e+04,4.338782429695129395e-01,6.829268292682927344e-01,3.583411574363708496e-01,0.000000000000000000e+00
1.255000000000000000e+04,4.438496232032775879e-01,7.317073170731707155e-01,3.879253566265106201e-01,0.000000000000000000e+00
1.256000000000000000e+04,4.467718601226806641e-01,7.073170731707316694e-01,3.581514656543731689e-01,0.000000000000000000e+00
1.257000000000000000e+04,4.634127616882324219e-01,6.829268292682927344e-01,3.984090983867645264e-01,0.000000000000000000e+00
1.258000000000000000e+04,4.484940171241760254e-01,7.317073170731707155e-01,3.688916265964508057e-01,0.000000000000000000e+00
1.259000000000000000e+04,4.173040390014648438e-01,6.829268292682927344e-01,3.530977666378021240e-01,0.000000000000000000e+00
1.260000000000000000e+04,4.304937720298767090e-01,6.707317073170732113e-01,3.711191117763519287e-01,0.000000000000000000e+00
1.261000000000000000e+04,4.239779710769653320e-01,7.073170731707316694e-01,3.368823528289794922e-01,0.000000000000000000e+00
1.262000000000000000e+04,3.854815363883972168e-01,7.073170731707316694e-01,3.268452882766723633e-01,0.000000000000000000e+00
1.263000000000000000e+04,4.101135134696960449e-01,6.585365853658536883e-01,3.113857209682464600e-01,0.000000000000000000e+00
1.264000000000000000e+04,4.031280577182769775e-01,7.073170731707316694e-01,2.940850257873535156e-01,0.000000000000000000e+00
1.265000000000000000e+04,4.128942489624023438e-01,6.951219512195121464e-01,3.095549941062927246e-01,0.000000000000000000e+00
1.266000000000000000e+04,3.906122744083404541e-01,7.073170731707316694e-01,3.057173192501068115e-01,0.000000000000000000e+00
1.267000000000000000e+04,3.761835694313049316e-01,6.829268292682927344e-01,2.975114583969116211e-01,0.000000000000000000e+00
1.268000000000000000e+04,3.890692591667175293e-01,7.073170731707316694e-01,3.239434957504272461e-01,0.000000000000000000e+00
1.269000000000000000e+04,3.823123276233673096e-01,6.829268292682927344e-01,2.717063724994659424e-01,0.000000000000000000e+00
1.270000000000000000e+04,3.841058313846588135e-01,7.073170731707316694e-01,2.657749652862548828e-01,0.000000000000000000e+00
1.271000000000000000e+04,3.709629774093627930e-01,7.195121951219511924e-01,2.821731567382812500e-01,0.000000000000000000e+00
1.272000000000000000e+04,3.876711428165435791e-01,7.195121951219511924e-01,2.933852076530456543e-01,0.000000000000000000e+00
1.273000000000000000e+04,3.971239030361175537e-01,7.195121951219511924e-01,2.999028265476226807e-01,0.000000000000000000e+00
1.274000000000000000e+04,4.129284024238586426e-01,7.195121951219511924e-01,3.277801573276519775e-01,0.000000000000000000e+00
1.275000000000000000e+04,3.933014273643493652e-01,7.073170731707316694e-01,3.185081183910369873e-01,0.000000000000000000e+00
1.276000000000000000e+04,3.947160542011260986e-01,7.073170731707316694e-01,3.042830824851989746e-01,0.000000000000000000e+00
1.277000000000000000e+04,4.021266698837280273e-01,6.951219512195121464e-01,3.113769292831420898e-01,0.000000000000000000e+00
1.278000000000000000e+04,3.950603008270263672e-01,7.195121951219511924e-01,3.124580681324005127e-01,0.000000000000000000e+00
1.279000000000000000e+04,3.515359759330749512e-01,7.439024390243902385e-01,2.640492320060729980e-01,0.000000000000000000e+00
1.280000000000000000e+04,3.507324755191802979e-01,7.439024390243902385e-01,2.478153854608535767e-01,0.000000000000000000e+00
1.281000000000000000e+04,3.921339213848114014e-01,7.317073170731707155e-01,2.855995595455169678e-01,0.000000000000000000e+00
1.282000000000000000e+04,3.834579885005950928e-01,7.317073170731707155e-01,2.678909301757812500e-01,0.000000000000000000e+00
1.283000000000000000e+04,3.899418115615844727e-01,7.439024390243902385e-01,2.817031741142272949e-01,0.000000000000000000e+00
1.284000000000000000e+04,3.909665048122406006e-01,7.073170731707316694e-01,2.754736542701721191e-01,0.000000000000000000e+00
1.285000000000000000e+04,3.812512457370758057e-01,7.317073170731707155e-01,2.767680287361145020e-01,0.000000000000000000e+00
1.286000000000000000e+04,3.677510619163513184e-01,7.439024390243902385e-01,2.666127979755401611e-01,0.000000000000000000e+00
1.287000000000000000e+04,3.913072645664215088e-01,7.317073170731707155e-01,2.917343080043792725e-01,0.000000000000000000e+00
1.288000000000000000e+04,3.756737709045410156e-01,7.560975609756097615e-01,2.673417627811431885e-01,0.000000000000000000e+00
1.289000000000000000e+04,3.709878027439117432e-01,7.317073170731707155e-01,2.710840404033660889e-01,0.000000000000000000e+00
1.290000000000000000e+04,3.379048109054565430e-01,7.317073170731707155e-01,2.437981218099594116e-01,0.000000000000000000e+00
1.291000000000000000e+04,3.234568238258361816e-01,7.439024390243902385e-01,2.308531999588012695e-01,0.000000000000000000e+00
1.292000000000000000e+04,3.359068930149078369e-01,7.560975609756097615e-01,2.523178160190582275e-01,0.000000000000000000e+00
1.293000000000000000e+04,3.488008677959442139e-01,7.317073170731707155e-01,2.681149840354919434e-01,0.000000000000000000e+00
1.294000000000000000e+04,3.830931186676025391e-01,7.560975609756097615e-01,2.945172190666198730e-01,0.000000000000000000e+00
1.295000000000000000e+04,3.711849153041839600e-01,7.560975609756097615e-01,2.943598926067352295e-01,0.000000000000000000e+00
1.296000000000000000e+04,3.402447700500488281e-01,7.439024390243902385e-01,2.495897710323333740e-01,0.000000000000000000e+00
1.297000000000000000e+04,3.619871139526367188e-01,7.682926829268292845e-01,2.552056014537811279e-01,0.000000000000000000e+00
1.298000000000000000e+04,3.546743094921112061e-01,7.682926829268292845e-01,2.872533202171325684e-01,0.000000000000000000e+00
1.299000000000000000e+04,3.572825193405151367e-01,7.317073170731707155e-01,2.906865775585174561e-01,0.000000000000000000e+00
1.300000000000000000e+04,3.647680580615997314e-01,7.317073170731707155e-01,3.030730187892913818e-01,0.000000000000000000e+00
1.301000000000000000e+04,3.457972705364227295e-01,7.317073170731707155e-01,2.676573693752288818e-01,0.000000000000000000e+00
1.302000000000000000e+04,3.537018597126007080e-01,7.073170731707316694e-01,2.624941170215606689e-01,0.000000000000000000e+00
1.303000000000000000e+04,3.550700843334197998e-01,7.195121951219511924e-01,2.701426446437835693e-01,0.000000000000000000e+00
1.304000000000000000e+04,3.589982986450195312e-01,7.073170731707316694e-01,3.027626276016235352e-01,0.000000000000000000e+00
1.305000000000000000e+04,3.253800570964813232e-01,7.317073170731707155e-01,2.483524531126022339e-01,0.000000000000000000e+00
1.306000000000000000e+04,3.382501006126403809e-01,7.195121951219511924e-01,2.323471754789352417e-01,0.000000000000000000e+00
1.307000000000000000e+04,3.363531231880187988e-01,7.560975609756097615e-01,2.607493996620178223e-01,0.000000000000000000e+00
1.308000000000000000e+04,3.589204847812652588e-01,7.073170731707316694e-01,2.637487947940826416e-01,0.000000000000000000e+00
1.309000000000000000e+04,3.706122040748596191e-01,6.951219512195121464e-01,2.935312986373901367e-01,0.000000000000000000e+00
1.310000000000000000e+04,4.070706963539123535e-01,7.073170731707316694e-01,3.281088471412658691e-01,0.000000000000000000e+00
1.311000000000000000e+04,3.730759620666503906e-01,7.317073170731707155e-01,2.970978319644927979e-01,0.000000000000000000e+00
1.312000000000000000e+04,3.713011443614959717e-01,7.439024390243902385e-01,3.144665360450744629e-01,0.000000000000000000e+00
1.313000000000000000e+04,3.742268681526184082e-01,7.560975609756097615e-01,3.110526204109191895e-01,0.000000000000000000e+00
1.314000000000000000e+04,3.426015973091125488e-01,7.439024390243902385e-01,2.634500861167907715e-01,0.000000000000000000e+00
1.315000000000000000e+04,3.538316786289215088e-01,7.317073170731707155e-01,2.830520272254943848e-01,0.000000000000000000e+00
1.316000000000000000e+04,3.246760070323944092e-01,7.317073170731707155e-01,2.401059567928314209e-01,0.000000000000000000e+00
1.317000000000000000e+04,3.377414643764495850e-01,7.317073170731707155e-01,2.704276144504547119e-01,0.000000000000000000e+00
1.318000000000000000e+04,3.513013124465942383e-01,7.195121951219511924e-01,2.755806744098663330e-01,0.000000000000000000e+00
1.319000000000000000e+04,3.600956797599792480e-01,7.682926829268292845e-01,2.844078540802001953e-01,0.000000000000000000e+00
1.320000000000000000e+04,3.755543231964111328e-01,7.073170731707316694e-01,3.043112158775329590e-01,0.000000000000000000e+00
1.321000000000000000e+04,3.679646551609039307e-01,6.707317073170732113e-01,2.999167442321777344e-01,0.000000000000000000e+00
1.322000000000000000e+04,3.435928821563720703e-01,7.073170731707316694e-01,2.794983386993408203e-01,0.000000000000000000e+00
1.323000000000000000e+04,3.577096164226531982e-01,7.195121951219511924e-01,3.049393892288208008e-01,0.000000000000000000e+00
1.324000000000000000e+04,3.619144260883331299e-01,7.439024390243902385e-01,2.883120477199554443e-01,0.000000000000000000e+00
1.325000000000000000e+04,3.492394387722015381e-01,7.317073170731707155e-01,2.904722094535827637e-01,0.000000000000000000e+00
1.326000000000000000e+04,3.353888392448425293e-01,7.073170731707316694e-01,2.472787052392959595e-01,0.000000000000000000e+00
1.327000000000000000e+04,3.185500800609588623e-01,7.560975609756097615e-01,2.204539179801940918e-01,0.000000000000000000e+00
1.328000000000000000e+04,3.109087944030761719e-01,7.439024390243902385e-01,2.269712239503860474e-01,0.000000000000000000e+00
1.329000000000000000e+04,3.280297815799713135e-01,7.073170731707316694e-01,2.575065493583679199e-01,0.000000000000000000e+00
1.330000000000000000e+04,3.476617038249969482e-01,7.439024390243902385e-01,2.714262604713439941e-01,0.000000000000000000e+00
1.331000000000000000e+04,3.429833352565765381e-01,6.829268292682927344e-01,2.676009535789489746e-01,0.000000000000000000e+00
1.332000000000000000e+04,3.405412137508392334e-01,7.195121951219511924e-01,2.795638740062713623e-01,0.000000000000000000e+00
1.333000000000000000e+04,3.475021719932556152e-01,7.195121951219511924e-01,2.679063081741333008e-01,0.000000000000000000e+00
1.334000000000000000e+04,3.666969239711761475e-01,7.317073170731707155e-01,3.012011051177978516e-01,0.000000000000000000e+00
1.335000000000000000e+04,3.630813956260681152e-01,7.195121951219511924e-01,2.934826314449310303e-01,0.000000000000000000e+00
1.336000000000000000e+04,3.873071372509002686e-01,6.951219512195121464e-01,3.364827334880828857e-01,0.000000000000000000e+00
1.337000000000000000e+04,3.720774650573730469e-01,7.195121951219511924e-01,3.144281506538391113e-01,0.000000000000000000e+00
1.338000000000000000e+04,3.706528842449188232e-01,6.951219512195121464e-01,3.066961765289306641e-01,0.000000000000000000e+00
1.339000000000000000e+04,3.741587996482849121e-01,6.707317073170732113e-01,3.192097246646881104e-01,0.000000000000000000e+00
1.340000000000000000e+04,3.688684105873107910e-01,7.073170731707316694e-01,3.404282629489898682e-01,0.000000000000000000e+00
1.341000000000000000e+04,3.416441977024078369e-01,7.439024390243902385e-01,2.999243736267089844e-01,0.000000000000000000e+00
1.342000000000000000e+04,3.542383015155792236e-01,7.195121951219511924e-01,3.156633079051971436e-01,0.000000000000000000e+00
1.343000000000000000e+04,3.354447185993194580e-01,6.829268292682927344e-01,3.024363815784454346e-01,0.000000000000000000e+00
1.344000000000000000e+04,3.362153470516204834e-01,7.195121951219511924e-01,3.053402006626129150e-01,0.000000000000000000e+00
1.345000000000000000e+04,3.173756003379821777e-01,7.073170731707316694e-01,2.814284861087799072e-01,0.000000000000000000e+00
1.346000000000000000e+04,3.406013846397399902e-01,7.195121951219511924e-01,3.122591376304626465e-01,0.000000000000000000e+00
1.347000000000000000e+04,3.333151042461395264e-01,6.829268292682927344e-01,3.132831156253814697e-01,0.000000000000000000e+00
1.348000000000000000e+04,3.383273184299468994e-01,6.829268292682927344e-01,3.282664716243743896e-01,0.000000000000000000e+00
1.349000000000000000e+04,3.103087246417999268e-01,6.951219512195121464e-01,2.717456519603729248e-01,0.000000000000000000e+00
1.350000000000000000e+04,3.006801009178161621e-01,7.195121951219511924e-01,2.555226385593414307e-01,0.000000000000000000e+00
1.351000000000000000e+04,2.973964512348175049e-01,7.073170731707316694e-01,2.664850652217864990e-01,0.000000000000000000e+00
1.352000000000000000e+04,3.332271873950958252e-01,7.073170731707316694e-01,2.982402741909027100e-01,0.000000000000000000e+00
1.353000000000000000e+04,3.104746639728546143e-01,6.951219512195121464e-01,2.934563755989074707e-01,0.000000000000000000e+00
1.354000000000000000e+04,3.474853932857513428e-01,7.073170731707316694e-01,3.244248032569885254e-01,0.000000000000000000e+00
1.355000000000000000e+04,3.393217623233795166e-01,7.439024390243902385e-01,3.259506225585937500e-01,0.000000000000000000e+00
1.356000000000000000e+04,3.654466569423675537e-01,6.951219512195121464e-01,3.389190733432769775e-01,0.000000000000000000e+00
1.357000000000000000e+04,3.644527196884155273e-01,7.073170731707316694e-01,3.482552170753479004e-01,0.000000000000000000e+00
1.358000000000000000e+04,3.551776111125946045e-01,6.829268292682927344e-01,3.307385742664337158e-01,0.000000000000000000e+00
1.359000000000000000e+04,3.330979347229003906e-01,7.073170731707316694e-01,3.162996470928192139e-01,0.000000000000000000e+00
1.360000000000000000e+04,3.239721357822418213e-01,7.073170731707316694e-01,2.990126907825469971e-01,0.000000000000000000e+00
1.361000000000000000e+04,3.213678002357482910e-01,7.439024390243902385e-01,2.917366325855255127e-01,0.000000000000000000e+00
1.362000000000000000e+04,3.513771593570709229e-01,7.073170731707316694e-01,3.375544250011444092e-01,0.000000000000000000e+00
1.363000000000000000e+04,3.338066637516021729e-01,7.560975609756097615e-01,3.042355179786682129e-01,0.000000000000000000e+00
1.364000000000000000e+04,3.583638668060302734e-01,7.195121951219511924e-01,3.308517932891845703e-01,0.000000000000000000e+00
1.365000000000000000e+04,3.581485450267791748e-01,7.439024390243902385e-01,3.481058776378631592e-01,0.000000000000000000e+00
1.366000000000000000e+04,3.930564820766448975e-01,6.707317073170732113e-01,4.098384678363800049e-01,0.000000000000000000e+00
1.367000000000000000e+04,3.621170520782470703e-01,7.439024390243902385e-01,3.585259020328521729e-01,0.000000000000000000e+00
1.368000000000000000e+04,3.596354722976684570e-01,7.195121951219511924e-01,3.602744638919830322e-01,0.000000000000000000e+00
1.369000000000000000e+04,3.673661053180694580e-01,6.951219512195121464e-01,3.661922812461853027e-01,0.000000000000000000e+00
1.370000000000000000e+04,3.538494408130645752e-01,7.682926829268292845e-01,3.632158041000366211e-01,0.000000000000000000e+00
1.371000000000000000e+04,3.540612757205963135e-01,7.073170731707316694e-01,3.432868719100952148e-01,0.000000000000000000e+00
1.372000000000000000e+04,3.475839793682098389e-01,6.951219512195121464e-01,3.448947370052337646e-01,0.000000000000000000e+00
1.373000000000000000e+04,3.600221574306488037e-01,7.073170731707316694e-01,3.507883250713348389e-01,0.000000000000000000e+00
1.374000000000000000e+04,3.654695749282836914e-01,7.073170731707316694e-01,3.688727319240570068e-01,0.000000000000000000e+00
1.375000000000000000e+04,3.517237901687622070e-01,6.829268292682927344e-01,3.589109182357788086e-01,0.000000000000000000e+00
1.376000000000000000e+04,3.166688084602355957e-01,7.073170731707316694e-01,3.412887752056121826e-01,0.000000000000000000e+00
1.377000000000000000e+04,3.320451378822326660e-01,6.829268292682927344e-01,3.418930172920227051e-01,0.000000000000000000e+00
1.378000000000000000e+04,3.237643241882324219e-01,7.073170731707316694e-01,3.292535841464996338e-01,0.000000000000000000e+00
1.379000000000000000e+04,2.693316042423248291e-01,7.195121951219511924e-01,2.651590406894683838e-01,0.000000000000000000e+00
1.380000000000000000e+04,3.074302971363067627e-01,6.951219512195121464e-01,3.086549937725067139e-01,0.000000000000000000e+00
1.381000000000000000e+04,2.895502746105194092e-01,7.317073170731707155e-01,2.863910794258117676e-01,0.000000000000000000e+00
1.382000000000000000e+04,3.057688474655151367e-01,7.073170731707316694e-01,3.170380294322967529e-01,0.000000000000000000e+00
1.383000000000000000e+04,2.852537035942077637e-01,6.951219512195121464e-01,2.790005505084991455e-01,0.000000000000000000e+00
1.384000000000000000e+04,2.403776198625564575e-01,7.073170731707316694e-01,2.243651747703552246e-01,0.000000000000000000e+00
1.385000000000000000e+04,2.597920596599578857e-01,6.829268292682927344e-01,2.235132902860641479e-01,0.000000000000000000e+00
1.386000000000000000e+04,2.534821331501007080e-01,6.951219512195121464e-01,2.364021539688110352e-01,0.000000000000000000e+00
1.387000000000000000e+04,2.489158511161804199e-01,7.073170731707316694e-01,2.076906263828277588e-01,0.000000000000000000e+00
1.388000000000000000e+04,2.293592393398284912e-01,7.195121951219511924e-01,1.800792217254638672e-01,0.000000000000000000e+00
1.389000000000000000e+04,2.155797630548477173e-01,7.073170731707316694e-01,1.556985080242156982e-01,0.000000000000000000e+00
1.390000000000000000e+04,2.357623428106307983e-01,7.073170731707316694e-01,2.035072892904281616e-01,0.000000000000000000e+00
1.391000000000000000e+04,2.309883534908294678e-01,6.829268292682927344e-01,1.705605536699295044e-01,0.000000000000000000e+00
1.392000000000000000e+04,2.115657925605773926e-01,7.073170731707316694e-01,1.877570450305938721e-01,0.000000000000000000e+00
1.393000000000000000e+04,2.212225645780563354e-01,7.560975609756097615e-01,2.113084644079208374e-01,0.000000000000000000e+00
1.394000000000000000e+04,2.288125306367874146e-01,7.073170731707316694e-01,2.041964232921600342e-01,0.000000000000000000e+00
1.395000000000000000e+04,2.183306664228439331e-01,6.707317073170732113e-01,2.096522003412246704e-01,0.000000000000000000e+00
1.396000000000000000e+04,2.107924073934555054e-01,7.317073170731707155e-01,1.833649426698684692e-01,0.000000000000000000e+00
1.397000000000000000e+04,2.029765397310256958e-01,7.439024390243902385e-01,1.682418286800384521e-01,0.000000000000000000e+00
1.398000000000000000e+04,2.031551450490951538e-01,7.195121951219511924e-01,1.794362962245941162e-01,0.000000000000000000e+00
1.399000000000000000e+04,2.138644158840179443e-01,7.560975609756097615e-01,1.897579133510589600e-01,0.000000000000000000e+00
1.400000000000000000e+04,2.045502364635467529e-01,7.439024390243902385e-01,1.655576676130294800e-01,0.000000000000000000e+00
1.401000000000000000e+04,2.033603042364120483e-01,7.317073170731707155e-01,1.713260263204574585e-01,0.000000000000000000e+00
1.402000000000000000e+04,2.154357433319091797e-01,7.317073170731707155e-01,1.837742179632186890e-01,0.000000000000000000e+00
1.403000000000000000e+04,2.099576294422149658e-01,7.073170731707316694e-01,1.773894280195236206e-01,0.000000000000000000e+00
1.404000000000000000e+04,2.026631087064743042e-01,6.829268292682927344e-01,1.680613458156585693e-01,0.000000000000000000e+00
1.405000000000000000e+04,2.120472937822341919e-01,7.682926829268292845e-01,1.908580511808395386e-01,0.000000000000000000e+00
1.406000000000000000e+04,2.244818210601806641e-01,7.195121951219511924e-01,2.011196613311767578e-01,0.000000000000000000e+00
1.407000000000000000e+04,2.176789045333862305e-01,7.439024390243902385e-01,2.038210481405258179e-01,0.000000000000000000e+00
1.408000000000000000e+04,2.148872315883636475e-01,7.560975609756097615e-01,2.002264857292175293e-01,0.000000000000000000e+00
1.409000000000000000e+04,2.099837809801101685e-01,7.073170731707316694e-01,1.890757381916046143e-01,0.000000000000000000e+00
1.410000000000000000e+04,2.226762920618057251e-01,7.073170731707316694e-01,2.017726451158523560e-01,0.000000000000000000e+00
1.411000000000000000e+04,2.142584174871444702e-01,7.317073170731707155e-01,2.006622105836868286e-01,0.000000000000000000e+00
1.412000000000000000e+04,2.050806730985641479e-01,7.195121951219511924e-01,1.614814102649688721e-01,0.000000000000000000e+00
1.413000000000000000e+04,1.909542232751846313e-01,7.317073170731707155e-01,1.484338492155075073e-01,0.000000000000000000e+00
1.414000000000000000e+04,2.067466676235198975e-01,7.804878048780488076e-01,1.887506991624832153e-01,0.000000000000000000e+00
1.415000000000000000e+04,2.278363555669784546e-01,7.317073170731707155e-01,2.194126248359680176e-01,0.000000000000000000e+00
1.416000000000000000e+04,2.152303010225296021e-01,7.439024390243902385e-01,2.043548971414566040e-01,0.000000000000000000e+00
1.417000000000000000e+04,2.153247892856597900e-01,7.560975609756097615e-01,1.963209807872772217e-01,0.000000000000000000e+00
1.418000000000000000e+04,2.306342869997024536e-01,7.317073170731707155e-01,2.151292264461517334e-01,0.000000000000000000e+00
1.419000000000000000e+04,2.365340888500213623e-01,6.951219512195121464e-01,2.284983843564987183e-01,0.000000000000000000e+00
1.420000000000000000e+04,2.464600354433059692e-01,7.073170731707316694e-01,2.524305582046508789e-01,0.000000000000000000e+00
1.421000000000000000e+04,2.453917860984802246e-01,6.829268292682927344e-01,2.347281128168106079e-01,0.000000000000000000e+00
1.422000000000000000e+04,2.374329119920730591e-01,7.195121951219511924e-01,2.394693940877914429e-01,0.000000000000000000e+00
1.423000000000000000e+04,2.503807544708251953e-01,7.317073170731707155e-01,2.508077323436737061e-01,0.000000000000000000e+00
1.424000000000000000e+04,2.743733227252960205e-01,6.951219512195121464e-01,2.801345288753509521e-01,0.000000000000000000e+00
1.425000000000000000e+04,2.775861918926239014e-01,6.951219512195121464e-01,2.814744710922241211e-01,0.000000000000000000e+00
1.426000000000000000e+04,2.769001722335815430e-01,7.317073170731707155e-01,2.696775794029235840e-01,0.000000000000000000e+00
1.427000000000000000e+04,2.979331314563751221e-01,6.707317073170732113e-01,2.953105568885803223e-01,0.000000000000000000e+00
1.428000000000000000e+04,3.218662142753601074e-01,6.707317073170732113e-01,3.377777636051177979e-01,0.000000000000000000e+00
1.429000000000000000e+04,2.831652760505676270e-01,6.707317073170732113e-01,2.819194495677947998e-01,0.000000000000000000e+00
1.430000000000000000e+04,3.189991116523742676e-01,7.317073170731707155e-01,3.505888283252716064e-01,0.000000000000000000e+00
1.431000000000000000e+04,3.164813220500946045e-01,6.585365853658536883e-01,3.243323564529418945e-01,0.000000000000000000e+00
1.432000000000000000e+04,2.961438894271850586e-01,7.073170731707316694e-01,2.896004617214202881e-01,0.000000000000000000e+00
1.433000000000000000e+04,2.904548346996307373e-01,6.829268292682927344e-01,2.907982170581817627e-01,0.000000000000000000e+00
1.434000000000000000e+04,2.819411754608154297e-01,6.829268292682927344e-01,2.760297060012817383e-01,0.000000000000000000e+00
1.435000000000000000e+04,2.864409089088439941e-01,6.829268292682927344e-01,2.802999019622802734e-01,0.000000000000000000e+00
1.436000000000000000e+04,2.764822244644165039e-01,6.707317073170732113e-01,2.617836892604827881e-01,0.000000000000000000e+00
1.437000000000000000e+04,2.681583166122436523e-01,6.707317073170732113e-01,2.313899248838424683e-01,0.000000000000000000e+00
1.438000000000000000e+04,2.573827505111694336e-01,7.195121951219511924e-01,2.331659346818923950e-01,0.000000000000000000e+00
1.439000000000000000e+04,2.803338468074798584e-01,7.195121951219511924e-01,2.643199861049652100e-01,0.000000000000000000e+00
1.440000000000000000e+04,2.881397604942321777e-01,7.195121951219511924e-01,2.867802679538726807e-01,0.000000000000000000e+00
1.441000000000000000e+04,2.869902253150939941e-01,7.195121951219511924e-01,2.946904301643371582e-01,0.000000000000000000e+00
1.442000000000000000e+04,2.894462943077087402e-01,7.073170731707316694e-01,2.886020839214324951e-01,0.000000000000000000e+00
1.443000000000000000e+04,3.122121691703796387e-01,6.951219512195121464e-01,3.186033368110656738e-01,0.000000000000000000e+00
1.444000000000000000e+04,2.929556965827941895e-01,7.073170731707316694e-01,2.932544946670532227e-01,0.000000000000000000e+00
1.445000000000000000e+04,3.102829754352569580e-01,7.195121951219511924e-01,3.135467767715454102e-01,0.000000000000000000e+00
1.446000000000000000e+04,2.967809736728668213e-01,6.951219512195121464e-01,2.756487429141998291e-01,0.000000000000000000e+00
1.447000000000000000e+04,2.639838755130767822e-01,6.707317073170732113e-01,2.225331068038940430e-01,0.000000000000000000e+00
1.448000000000000000e+04,2.874215841293334961e-01,7.195121951219511924e-01,2.751221358776092529e-01,0.000000000000000000e+00
1.449000000000000000e+04,2.787983715534210205e-01,6.829268292682927344e-01,2.741501331329345703e-01,0.000000000000000000e+00
1.450000000000000000e+04,2.787158787250518799e-01,6.707317073170732113e-01,2.679310142993927002e-01,0.000000000000000000e+00
1.451000000000000000e+04,2.709082961082458496e-01,6.951219512195121464e-01,2.400543093681335449e-01,0.000000000000000000e+00
1.452000000000000000e+04,2.507821619510650635e-01,6.951219512195121464e-01,2.087876945734024048e-01,0.000000000000000000e+00
1.453000000000000000e+04,2.956346571445465088e-01,7.439024390243902385e-01,2.880839705467224121e-01,0.000000000000000000e+00
1.454000000000000000e+04,2.795284390449523926e-01,7.073170731707316694e-01,2.333170920610427856e-01,0.000000000000000000e+00
1.455000000000000000e+04,2.620351016521453857e-01,6.951219512195121464e-01,2.115714251995086670e-01,0.000000000000000000e+00
1.456000000000000000e+04,2.829796671867370605e-01,7.195121951219511924e-01,2.524221837520599365e-01,0.000000000000000000e+00
1.457000000000000000e+04,2.633069455623626709e-01,6.707317073170732113e-01,2.344951778650283813e-01,0.000000000000000000e+00
1.458000000000000000e+04,2.910211682319641113e-01,7.073170731707316694e-01,2.697286605834960938e-01,0.000000000000000000e+00
1.459000000000000000e+04,2.915489375591278076e-01,6.585365853658536883e-01,2.480952441692352295e-01,0.000000000000000000e+00
1.460000000000000000e+04,2.568036615848541260e-01,7.195121951219511924e-01,2.200872451066970825e-01,0.000000000000000000e+00
1.461000000000000000e+04,2.609394788742065430e-01,7.317073170731707155e-01,2.135927975177764893e-01,0.000000000000000000e+00
1.462000000000000000e+04,2.856615781784057617e-01,6.707317073170732113e-01,2.603429555892944336e-01,0.000000000000000000e+00
1.463000000000000000e+04,3.090664446353912354e-01,7.195121951219511924e-01,2.837786078453063965e-01,0.000000000000000000e+00
1.464000000000000000e+04,3.119246661663055420e-01,6.585365853658536883e-01,2.974402308464050293e-01,0.000000000000000000e+00
1.465000000000000000e+04,3.116841018199920654e-01,7.073170731707316694e-01,3.009888529777526855e-01,0.000000000000000000e+00
1.466000000000000000e+04,3.257892727851867676e-01,6.707317073170732113e-01,3.085088133811950684e-01,0.000000000000000000e+00
1.467000000000000000e+04,3.549947738647460938e-01,7.195121951219511924e-01,3.561121821403503418e-01,0.000000000000000000e+00
1.468000000000000000e+04,3.430855274200439453e-01,7.073170731707316694e-01,3.256027102470397949e-01,0.000000000000000000e+00
1.469000000000000000e+04,3.497612476348876953e-01,6.951219512195121464e-01,3.438749611377716064e-01,0.000000000000000000e+00
1.470000000000000000e+04,3.439218103885650635e-01,6.951219512195121464e-01,3.254860639572143555e-01,0.000000000000000000e+00
1.471000000000000000e+04,3.369149267673492432e-01,7.317073170731707155e-01,3.140252530574798584e-01,0.000000000000000000e+00
1.472000000000000000e+04,3.585131764411926270e-01,6.707317073170732113e-01,3.370914459228515625e-01,0.000000000000000000e+00
1.473000000000000000e+04,3.272526562213897705e-01,7.073170731707316694e-01,3.106928765773773193e-01,0.000000000000000000e+00
1.474000000000000000e+04,3.127348721027374268e-01,6.463414634146341653e-01,2.872408032417297363e-01,0.000000000000000000e+00
1.475000000000000000e+04,3.113335967063903809e-01,6.829268292682927344e-01,2.778585851192474365e-01,0.000000000000000000e+00
1.476000000000000000e+04,3.284710645675659180e-01,6.707317073170732113e-01,3.120192885398864746e-01,0.000000000000000000e+00
1.477000000000000000e+04,3.182207942008972168e-01,7.073170731707316694e-01,3.140637278556823730e-01,0.000000000000000000e+00
1.478000000000000000e+04,3.165263533592224121e-01,6.585365853658536883e-01,3.133344948291778564e-01,0.000000000000000000e+00
1.479000000000000000e+04,3.123176395893096924e-01,6.707317073170732113e-01,2.994485795497894287e-01,0.000000000000000000e+00
1.480000000000000000e+04,3.018335402011871338e-01,7.317073170731707155e-01,2.712431550025939941e-01,0.000000000000000000e+00
1.481000000000000000e+04,3.026181161403656006e-01,6.951219512195121464e-01,2.684894502162933350e-01,0.000000000000000000e+00
1.482000000000000000e+04,3.247472345829010010e-01,7.317073170731707155e-01,2.981763184070587158e-01,0.000000000000000000e+00
1.483000000000000000e+04,3.164091110229492188e-01,6.829268292682927344e-01,2.862744033336639404e-01,0.000000000000000000e+00
1.484000000000000000e+04,3.238980472087860107e-01,7.073170731707316694e-01,2.932497262954711914e-01,0.000000000000000000e+00
1.485000000000000000e+04,3.273543417453765869e-01,7.195121951219511924e-01,3.093312680721282959e-01,0.000000000000000000e+00
1.486000000000000000e+04,3.188421130180358887e-01,6.829268292682927344e-01,3.007645905017852783e-01,0.000000000000000000e+00
1.487000000000000000e+04,3.491740524768829346e-01,6.829268292682927344e-01,3.479472100734710693e-01,0.000000000000000000e+00
1.488000000000000000e+04,2.949659228324890137e-01,7.073170731707316694e-01,2.637644708156585693e-01,0.000000000000000000e+00
1.489000000000000000e+04,3.059182167053222656e-01,6.829268292682927344e-01,2.883709669113159180e-01,0.000000000000000000e+00
1.490000000000000000e+04,3.346461355686187744e-01,6.829268292682927344e-01,3.268640935420989990e-01,0.000000000000000000e+00
1.491000000000000000e+04,3.321276903152465820e-01,7.195121951219511924e-01,3.347653746604919434e-01,0.000000000000000000e+00
1.492000000000000000e+04,3.184993863105773926e-01,6.585365853658536883e-01,3.048133254051208496e-01,0.000000000000000000e+00
1.493000000000000000e+04,3.167053163051605225e-01,7.073170731707316694e-01,3.217602670192718506e-01,0.000000000000000000e+00
1.494000000000000000e+04,3.211119174957275391e-01,6.707317073170732113e-01,3.155342042446136475e-01,0.000000000000000000e+00
1.495000000000000000e+04,2.973865866661071777e-01,7.195121951219511924e-01,2.642999887466430664e-01,0.000000000000000000e+00
1.496000000000000000e+04,3.222853541374206543e-01,7.073170731707316694e-01,3.087602853775024414e-01,0.000000000000000000e+00
1.497000000000000000e+04,3.084388673305511475e-01,7.195121951219511924e-01,2.914288341999053955e-01,0.000000000000000000e+00
1.498000000000000000e+04,3.263057470321655273e-01,6.951219512195121464e-01,2.826051414012908936e-01,0.000000000000000000e+00
1.499000000000000000e+04,3.391717374324798584e-01,6.829268292682927344e-01,3.077260553836822510e-01,0.000000000000000000e+00
1.500000000000000000e+04,3.329812884330749512e-01,6.951219512195121464e-01,3.083021044731140137e-01,0.000000000000000000e+00
1.501000000000000000e+04,3.244786560535430908e-01,6.951219512195121464e-01,2.987858355045318604e-01,0.000000000000000000e+00
1.502000000000000000e+04,3.196947872638702393e-01,7.317073170731707155e-01,3.018209934234619141e-01,0.000000000000000000e+00
1.503000000000000000e+04,3.281496763229370117e-01,6.829268292682927344e-01,3.045378923416137695e-01,0.000000000000000000e+00
1.504000000000000000e+04,3.219913840293884277e-01,7.073170731707316694e-01,2.810628116130828857e-01,0.000000000000000000e+00
1.505000000000000000e+04,3.482452929019927979e-01,6.829268292682927344e-01,3.206320106983184814e-01,0.000000000000000000e+00
1.506000000000000000e+04,3.069673478603363037e-01,6.951219512195121464e-01,2.740860879421234131e-01,0.000000000000000000e+00
1.507000000000000000e+04,2.659756541252136230e-01,7.195121951219511924e-01,2.194427996873855591e-01,0.000000000000000000e+00
1.508000000000000000e+04,2.909581661224365234e-01,7.439024390243902385e-01,2.503164112567901611e-01,0.000000000000000000e+00
1.509000000000000000e+04,2.689122557640075684e-01,6.341463414634146423e-01,2.129611372947692871e-01,0.000000000000000000e+00
1.510000000000000000e+04,2.701008021831512451e-01,7.073170731707316694e-01,2.362209856510162354e-01,0.000000000000000000e+00
1.511000000000000000e+04,3.075236082077026367e-01,7.195121951219511924e-01,2.690195143222808838e-01,0.000000000000000000e+00
1.512000000000000000e+04,2.961281538009643555e-01,7.073170731707316694e-01,2.420788854360580444e-01,0.000000000000000000e+00
1.513000000000000000e+04,2.888860702514648438e-01,7.073170731707316694e-01,2.435208708047866821e-01,0.000000000000000000e+00
1.514000000000000000e+04,3.051812648773193359e-01,7.073170731707316694e-01,2.555090785026550293e-01,0.000000000000000000e+00
1.515000000000000000e+04,2.851568758487701416e-01,7.195121951219511924e-01,2.676362395286560059e-01,0.000000000000000000e+00
1.516000000000000000e+04,2.972431480884552002e-01,6.829268292682927344e-01,2.546768486499786377e-01,0.000000000000000000e+00
1.517000000000000000e+04,2.905328869819641113e-01,6.829268292682927344e-01,2.613481879234313965e-01,0.000000000000000000e+00
1.518000000000000000e+04,2.809302806854248047e-01,6.951219512195121464e-01,2.378832846879959106e-01,0.000000000000000000e+00
1.519000000000000000e+04,2.776694595813751221e-01,7.073170731707316694e-01,2.242022156715393066e-01,0.000000000000000000e+00
1.520000000000000000e+04,2.832576930522918701e-01,7.073170731707316694e-01,2.290590256452560425e-01,0.000000000000000000e+00
1.521000000000000000e+04,2.727597057819366455e-01,7.073170731707316694e-01,2.191402614116668701e-01,0.000000000000000000e+00
1.522000000000000000e+04,2.724084556102752686e-01,6.707317073170732113e-01,2.040495127439498901e-01,0.000000000000000000e+00
1.523000000000000000e+04,2.644932270050048828e-01,6.829268292682927344e-01,2.042343616485595703e-01,0.000000000000000000e+00
1.524000000000000000e+04,2.861263453960418701e-01,7.073170731707316694e-01,2.361735999584197998e-01,0.000000000000000000e+00
1.525000000000000000e+04,2.826162278652191162e-01,7.317073170731707155e-01,2.314919084310531616e-01,0.000000000000000000e+00
1.526000000000000000e+04,2.697118520736694336e-01,6.951219512195121464e-01,2.182840257883071899e-01,0.000000000000000000e+00
1.527000000000000000e+04,2.769068777561187744e-01,7.317073170731707155e-01,2.218200415372848511e-01,0.000000000000000000e+00
1.528000000000000000e+04,2.714289724826812744e-01,7.073170731707316694e-01,2.208727598190307617e-01,0.000000000000000000e+00
1.529000000000000000e+04,2.734024822711944580e-01,7.439024390243902385e-01,2.355682700872421265e-01,0.000000000000000000e+00
1.530000000000000000e+04,2.870602011680603027e-01,6.585365853658536883e-01,2.555845975875854492e-01,0.000000000000000000e+00
1.531000000000000000e+04,2.682044804096221924e-01,6.829268292682927344e-01,2.310249954462051392e-01,0.000000000000000000e+00
1.532000000000000000e+04,2.734186947345733643e-01,6.585365853658536883e-01,2.566363513469696045e-01,0.000000000000000000e+00
1.533000000000000000e+04,3.096968233585357666e-01,6.585365853658536883e-01,2.848959863185882568e-01,0.000000000000000000e+00
1.534000000000000000e+04,3.041193783283233643e-01,6.463414634146341653e-01,2.796702682971954346e-01,0.000000000000000000e+00
1.535000000000000000e+04,3.293946087360382080e-01,6.463414634146341653e-01,3.051320612430572510e-01,0.000000000000000000e+00
1.536000000000000000e+04,3.267492353916168213e-01,6.829268292682927344e-01,3.097586631774902344e-01,0.000000000000000000e+00
1.537000000000000000e+04,2.947992086410522461e-01,7.073170731707316694e-01,2.612516880035400391e-01,0.000000000000000000e+00
1.538000000000000000e+04,2.762168645858764648e-01,7.073170731707316694e-01,2.362556904554367065e-01,0.000000000000000000e+00
1.539000000000000000e+04,3.116703927516937256e-01,7.073170731707316694e-01,3.010693788528442383e-01,0.000000000000000000e+00
1.540000000000000000e+04,2.746735811233520508e-01,7.195121951219511924e-01,2.237787097692489624e-01,0.000000000000000000e+00
1.541000000000000000e+04,3.037540912628173828e-01,6.951219512195121464e-01,2.845054864883422852e-01,0.000000000000000000e+00
1.542000000000000000e+04,3.050386011600494385e-01,6.707317073170732113e-01,2.642819583415985107e-01,0.000000000000000000e+00
1.543000000000000000e+04,2.912010848522186279e-01,6.707317073170732113e-01,2.555468082427978516e-01,0.000000000000000000e+00
1.544000000000000000e+04,3.147559165954589844e-01,6.829268292682927344e-01,2.924583852291107178e-01,0.000000000000000000e+00
1.545000000000000000e+04,2.829755246639251709e-01,6.829268292682927344e-01,2.256013751029968262e-01,0.000000000000000000e+00
1.546000000000000000e+04,2.733729779720306396e-01,7.195121951219511924e-01,2.136282026767730713e-01,0.000000000000000000e+00
1.547000000000000000e+04,2.839700877666473389e-01,6.951219512195121464e-01,2.149963378906250000e-01,0.000000000000000000e+00
1.548000000000000000e+04,2.704059779644012451e-01,6.707317073170732113e-01,2.260685265064239502e-01,0.000000000000000000e+00
1.549000000000000000e+04,2.831618785858154297e-01,7.317073170731707155e-01,2.429531067609786987e-01,0.000000000000000000e+00
1.550000000000000000e+04,2.795223295688629150e-01,7.073170731707316694e-01,2.262154817581176758e-01,0.000000000000000000e+00
1.551000000000000000e+04,2.670292258262634277e-01,6.829268292682927344e-01,2.051870822906494141e-01,0.000000000000000000e+00
1.552000000000000000e+04,2.624577581882476807e-01,7.317073170731707155e-01,1.980357319116592407e-01,0.000000000000000000e+00
1.553000000000000000e+04,2.750650048255920410e-01,7.073170731707316694e-01,2.326524555683135986e-01,0.000000000000000000e+00
1.554000000000000000e+04,2.652295231819152832e-01,6.951219512195121464e-01,1.830262839794158936e-01,0.000000000000000000e+00
1.555000000000000000e+04,2.718099653720855713e-01,6.707317073170732113e-01,2.141076326370239258e-01,0.000000000000000000e+00
1.556000000000000000e+04,2.920638024806976318e-01,6.829268292682927344e-01,2.289821952581405640e-01,0.000000000000000000e+00
1.557000000000000000e+04,3.115731477737426758e-01,6.463414634146341653e-01,2.723983824253082275e-01,0.000000000000000000e+00
1.558000000000000000e+04,2.833710908889770508e-01,7.073170731707316694e-01,2.320618331432342529e-01,0.000000000000000000e+00
1.559000000000000000e+04,2.953484654426574707e-01,6.829268292682927344e-01,1.993888616561889648e-01,0.000000000000000000e+00
1.560000000000000000e+04,3.067721128463745117e-01,6.951219512195121464e-01,2.456265836954116821e-01,0.000000000000000000e+00
1.561000000000000000e+04,3.062076568603515625e-01,6.707317073170732113e-01,2.371221482753753662e-01,0.000000000000000000e+00
1.562000000000000000e+04,2.844516336917877197e-01,6.829268292682927344e-01,2.188263535499572754e-01,0.000000000000000000e+00
1.563000000000000000e+04,2.937710583209991455e-01,7.073170731707316694e-01,2.115777879953384399e-01,0.000000000000000000e+00
1.564000000000000000e+04,2.935615777969360352e-01,6.951219512195121464e-01,2.232765257358551025e-01,0.000000000000000000e+00
1.565000000000000000e+04,2.856920957565307617e-01,6.585365853658536883e-01,1.960214078426361084e-01,0.000000000000000000e+00
1.566000000000000000e+04,2.942862212657928467e-01,7.195121951219511924e-01,2.124857902526855469e-01,0.000000000000000000e+00
1.567000000000000000e+04,2.958241999149322510e-01,6.463414634146341653e-01,2.146337628364562988e-01,0.000000000000000000e+00
1.568000000000000000e+04,2.796097695827484131e-01,6.707317073170732113e-01,1.987058967351913452e-01,0.000000000000000000e+00
1.569000000000000000e+04,2.858175933361053467e-01,6.707317073170732113e-01,2.083261013031005859e-01,0.000000000000000000e+00
1.570000000000000000e+04,2.852623462677001953e-01,6.585365853658536883e-01,2.080089598894119263e-01,0.000000000000000000e+00
1.571000000000000000e+04,2.884832918643951416e-01,7.073170731707316694e-01,2.110466808080673218e-01,0.000000000000000000e+00
1.572000000000000000e+04,2.850599586963653564e-01,6.829268292682927344e-01,2.024072408676147461e-01,0.000000000000000000e+00
1.573000000000000000e+04,2.843880355358123779e-01,6.829268292682927344e-01,1.874038428068161011e-01,0.000000000000000000e+00
1.574000000000000000e+04,2.763801515102386475e-01,6.707317073170732113e-01,1.871606558561325073e-01,0.000000000000000000e+00
1.575000000000000000e+04,2.990154922008514404e-01,6.707317073170732113e-01,2.346164286136627197e-01,0.000000000000000000e+00
1.576000000000000000e+04,2.909887135028839111e-01,6.463414634146341653e-01,1.967215389013290405e-01,0.000000000000000000e+00
1.577000000000000000e+04,2.809322476387023926e-01,6.707317073170732113e-01,1.889023333787918091e-01,0.000000000000000000e+00
1.578000000000000000e+04,2.687930166721343994e-01,7.195121951219511924e-01,1.747843772172927856e-01,0.000000000000000000e+00
1.579000000000000000e+04,2.926894724369049072e-01,6.951219512195121464e-01,2.193495035171508789e-01,0.000000000000000000e+00
1.580000000000000000e+04,2.972253859043121338e-01,6.463414634146341653e-01,2.301444858312606812e-01,0.000000000000000000e+00
1.581000000000000000e+04,2.910791039466857910e-01,6.707317073170732113e-01,2.188149392604827881e-01,0.000000000000000000e+00
1.582000000000000000e+04,2.867538034915924072e-01,6.707317073170732113e-01,2.012176215648651123e-01,0.000000000000000000e+00
1.583000000000000000e+04,2.832038700580596924e-01,6.951219512195121464e-01,1.873951107263565063e-01,0.000000000000000000e+00
1.584000000000000000e+04,2.845670580863952637e-01,6.829268292682927344e-01,2.031490355730056763e-01,0.000000000000000000e+00
1.585000000000000000e+04,2.978105843067169189e-01,6.585365853658536883e-01,2.154114097356796265e-01,0.000000000000000000e+00
1.586000000000000000e+04,2.997321486473083496e-01,6.707317073170732113e-01,2.359290570020675659e-01,0.000000000000000000e+00
1.587000000000000000e+04,2.980852723121643066e-01,6.585365853658536883e-01,2.452052533626556396e-01,0.000000000000000000e+00
1.588000000000000000e+04,2.874958217144012451e-01,6.341463414634146423e-01,2.268513739109039307e-01,0.000000000000000000e+00
1.589000000000000000e+04,2.618263959884643555e-01,6.463414634146341653e-01,1.921991109848022461e-01,0.000000000000000000e+00
1.590000000000000000e+04,2.740222513675689697e-01,6.829268292682927344e-01,2.164629399776458740e-01,0.000000000000000000e+00
1.591000000000000000e+04,2.835714221000671387e-01,6.585365853658536883e-01,1.859183758497238159e-01,0.000000000000000000e+00
1.592000000000000000e+04,2.796073555946350098e-01,6.829268292682927344e-01,1.871765106916427612e-01,0.000000000000000000e+00
1.593000000000000000e+04,2.770955562591552734e-01,6.097560975609755962e-01,1.671290844678878784e-01,0.000000000000000000e+00
1.594000000000000000e+04,2.577661871910095215e-01,6.707317073170732113e-01,1.580490618944168091e-01,0.000000000000000000e+00
1.595000000000000000e+04,2.694333493709564209e-01,7.073170731707316694e-01,1.556394994258880615e-01,0.000000000000000000e+00
1.596000000000000000e+04,2.816886007785797119e-01,6.829268292682927344e-01,2.091152518987655640e-01,0.000000000000000000e+00
1.597000000000000000e+04,2.840641140937805176e-01,6.463414634146341653e-01,2.130343914031982422e-01,0.000000000000000000e+00
1.598000000000000000e+04,2.745979428291320801e-01,7.073170731707316694e-01,1.845399141311645508e-01,0.000000000000000000e+00
1.599000000000000000e+04,2.920774519443511963e-01,6.707317073170732113e-01,2.038878053426742554e-01,0.000000000000000000e+00
1.600000000000000000e+04,2.847273051738739014e-01,6.585365853658536883e-01,1.883292347192764282e-01,0.000000000000000000e+00
1.601000000000000000e+04,2.895739376544952393e-01,7.073170731707316694e-01,2.061964571475982666e-01,0.000000000000000000e+00
1.602000000000000000e+04,3.032584488391876221e-01,6.585365853658536883e-01,2.157601863145828247e-01,0.000000000000000000e+00
1.603000000000000000e+04,2.993167936801910400e-01,6.341463414634146423e-01,2.396658957004547119e-01,0.000000000000000000e+00
1.604000000000000000e+04,2.992790043354034424e-01,6.097560975609755962e-01,2.265297621488571167e-01,0.000000000000000000e+00
1.605000000000000000e+04,3.041837215423583984e-01,6.829268292682927344e-01,2.422409355640411377e-01,0.000000000000000000e+00
1.606000000000000000e+04,2.899105250835418701e-01,7.073170731707316694e-01,2.059312909841537476e-01,0.000000000000000000e+00
1.607000000000000000e+04,3.155531883239746094e-01,6.707317073170732113e-01,2.604534029960632324e-01,0.000000000000000000e+00
1.608000000000000000e+04,3.168589472770690918e-01,6.219512195121951192e-01,2.586426734924316406e-01,0.000000000000000000e+00
1.609000000000000000e+04,3.358599245548248291e-01,6.585365853658536883e-01,2.866244614124298096e-01,0.000000000000000000e+00
1.610000000000000000e+04,3.123079538345336914e-01,6.341463414634146423e-01,2.419072091579437256e-01,0.000000000000000000e+00
1.611000000000000000e+04,3.287112116813659668e-01,6.707317073170732113e-01,2.829929888248443604e-01,0.000000000000000000e+00
1.612000000000000000e+04,3.145498931407928467e-01,6.463414634146341653e-01,2.483097463846206665e-01,0.000000000000000000e+00
1.613000000000000000e+04,3.334268927574157715e-01,6.097560975609755962e-01,2.830887138843536377e-01,0.000000000000000000e+00
1.614000000000000000e+04,3.173749148845672607e-01,6.341463414634146423e-01,2.679474055767059326e-01,0.000000000000000000e+00
1.615000000000000000e+04,3.139458894729614258e-01,6.219512195121951192e-01,2.660618722438812256e-01,0.000000000000000000e+00
1.616000000000000000e+04,2.990548312664031982e-01,5.975609756097560732e-01,2.283637821674346924e-01,0.000000000000000000e+00
1.617000000000000000e+04,3.029851019382476807e-01,6.097560975609755962e-01,2.381449490785598755e-01,0.000000000000000000e+00
1.618000000000000000e+04,2.800143361091613770e-01,6.585365853658536883e-01,2.200240939855575562e-01,0.000000000000000000e+00
1.619000000000000000e+04,3.160876333713531494e-01,6.829268292682927344e-01,2.695392668247222900e-01,0.000000000000000000e+00
1.620000000000000000e+04,3.405969738960266113e-01,6.097560975609755962e-01,3.099238276481628418e-01,0.000000000000000000e+00
1.621000000000000000e+04,3.312972784042358398e-01,6.585365853658536883e-01,2.801519930362701416e-01,0.000000000000000000e+00
1.622000000000000000e+04,3.413957655429840088e-01,6.341463414634146423e-01,3.186702430248260498e-01,0.000000000000000000e+00
1.623000000000000000e+04,3.375760912895202637e-01,6.829268292682927344e-01,3.053085803985595703e-01,0.000000000000000000e+00
1.624000000000000000e+04,3.412906825542449951e-01,6.219512195121951192e-01,3.153803944587707520e-01,0.000000000000000000e+00
1.625000000000000000e+04,3.432776331901550293e-01,6.097560975609755962e-01,3.024630546569824219e-01,0.000000000000000000e+00
1.626000000000000000e+04,3.458319008350372314e-01,6.463414634146341653e-01,3.242814838886260986e-01,0.000000000000000000e+00
1.627000000000000000e+04,3.405911624431610107e-01,6.707317073170732113e-01,3.105222880840301514e-01,0.000000000000000000e+00
1.628000000000000000e+04,3.371523618698120117e-01,6.463414634146341653e-01,3.257989585399627686e-01,0.000000000000000000e+00
1.629000000000000000e+04,3.543727397918701172e-01,7.073170731707316694e-01,3.444951176643371582e-01,0.000000000000000000e+00
1.630000000000000000e+04,3.493463695049285889e-01,6.585365853658536883e-01,3.456289470195770264e-01,0.000000000000000000e+00
1.631000000000000000e+04,3.459762632846832275e-01,6.829268292682927344e-01,3.371123969554901123e-01,0.000000000000000000e+00
1.632000000000000000e+04,3.758754432201385498e-01,6.463414634146341653e-01,3.888829946517944336e-01,0.000000000000000000e+00
1.633000000000000000e+04,3.585277497768402100e-01,6.219512195121951192e-01,3.510597646236419678e-01,0.000000000000000000e+00
1.634000000000000000e+04,3.425084054470062256e-01,6.829268292682927344e-01,3.187546730041503906e-01,0.000000000000000000e+00
1.635000000000000000e+04,3.363643884658813477e-01,6.585365853658536883e-01,3.216248154640197754e-01,0.000000000000000000e+00
1.636000000000000000e+04,3.369024991989135742e-01,6.585365853658536883e-01,3.017692565917968750e-01,0.000000000000000000e+00
1.637000000000000000e+04,3.599135577678680420e-01,6.951219512195121464e-01,3.405965268611907959e-01,0.000000000000000000e+00
1.638000000000000000e+04,3.564907610416412354e-01,6.463414634146341653e-01,3.298230171203613281e-01,0.000000000000000000e+00
1.639000000000000000e+04,3.370240330696105957e-01,6.585365853658536883e-01,2.984273433685302734e-01,0.000000000000000000e+00
1.640000000000000000e+04,3.312439024448394775e-01,6.585365853658536883e-01,2.929118573665618896e-01,0.000000000000000000e+00
1.641000000000000000e+04,3.359617292881011963e-01,6.219512195121951192e-01,3.254968523979187012e-01,0.000000000000000000e+00
1.642000000000000000e+04,3.581392467021942139e-01,6.097560975609755962e-01,3.322907388210296631e-01,0.000000000000000000e+00
1.643000000000000000e+04,3.513330221176147461e-01,6.341463414634146423e-01,3.398732244968414307e-01,0.000000000000000000e+00
1.644000000000000000e+04,3.427611291408538818e-01,6.341463414634146423e-01,3.237089514732360840e-01,0.000000000000000000e+00
1.645000000000000000e+04,3.652092516422271729e-01,6.097560975609755962e-01,3.445649445056915283e-01,0.000000000000000000e+00
1.646000000000000000e+04,3.633436858654022217e-01,6.463414634146341653e-01,3.335785865783691406e-01,0.000000000000000000e+00
1.647000000000000000e+04,3.574034571647644043e-01,6.219512195121951192e-01,3.133238852024078369e-01,0.000000000000000000e+00
1.648000000000000000e+04,3.455729186534881592e-01,6.341463414634146423e-01,3.040127158164978027e-01,0.000000000000000000e+00
1.649000000000000000e+04,3.283114731311798096e-01,6.463414634146341653e-01,2.912739515304565430e-01,0.000000000000000000e+00
1.650000000000000000e+04,3.047660291194915771e-01,6.707317073170732113e-01,2.447408884763717651e-01,0.000000000000000000e+00
1.651000000000000000e+04,2.847159504890441895e-01,6.829268292682927344e-01,2.237749844789505005e-01,0.000000000000000000e+00
1.652000000000000000e+04,3.057555854320526123e-01,6.829268292682927344e-01,2.515500485897064209e-01,0.000000000000000000e+00
1.653000000000000000e+04,2.952130734920501709e-01,6.707317073170732113e-01,2.419337034225463867e-01,0.000000000000000000e+00
1.654000000000000000e+04,3.044081330299377441e-01,6.219512195121951192e-01,2.540812492370605469e-01,0.000000000000000000e+00
1.655000000000000000e+04,2.985014617443084717e-01,6.585365853658536883e-01,2.441553771495819092e-01,0.000000000000000000e+00
1.656000000000000000e+04,3.018286228179931641e-01,6.341463414634146423e-01,2.573797404766082764e-01,0.000000000000000000e+00
1.657000000000000000e+04,3.001279532909393311e-01,6.341463414634146423e-01,2.653401196002960205e-01,0.000000000000000000e+00
1.658000000000000000e+04,3.163790404796600342e-01,5.975609756097560732e-01,2.924171388149261475e-01,0.000000000000000000e+00
1.659000000000000000e+04,3.086076676845550537e-01,6.707317073170732113e-01,2.674228549003601074e-01,0.000000000000000000e+00
1.660000000000000000e+04,3.068136572837829590e-01,6.341463414634146423e-01,2.639256715774536133e-01,0.000000000000000000e+00
1.661000000000000000e+04,3.152287900447845459e-01,6.341463414634146423e-01,2.626059651374816895e-01,0.000000000000000000e+00
1.662000000000000000e+04,2.963452339172363281e-01,6.707317073170732113e-01,2.379947453737258911e-01,0.000000000000000000e+00
1.663000000000000000e+04,3.109216988086700439e-01,6.585365853658536883e-01,2.674746215343475342e-01,0.000000000000000000e+00
1.664000000000000000e+04,3.100078403949737549e-01,6.463414634146341653e-01,2.474297732114791870e-01,0.000000000000000000e+00
1.665000000000000000e+04,3.013425171375274658e-01,6.951219512195121464e-01,2.362310737371444702e-01,0.000000000000000000e+00
1.666000000000000000e+04,3.115679621696472168e-01,6.707317073170732113e-01,2.746087014675140381e-01,0.000000000000000000e+00
1.667000000000000000e+04,3.104765117168426514e-01,6.585365853658536883e-01,2.671443223953247070e-01,0.000000000000000000e+00
1.668000000000000000e+04,3.183921277523040771e-01,6.463414634146341653e-01,2.615548074245452881e-01,0.000000000000000000e+00
1.669000000000000000e+04,3.255838453769683838e-01,6.219512195121951192e-01,2.792752385139465332e-01,0.000000000000000000e+00
1.670000000000000000e+04,3.108696341514587402e-01,6.585365853658536883e-01,2.679910957813262939e-01,0.000000000000000000e+00
1.671000000000000000e+04,3.284923136234283447e-01,6.341463414634146423e-01,2.873060107231140137e-01,0.000000000000000000e+00
1.672000000000000000e+04,3.341366052627563477e-01,5.975609756097560732e-01,2.749244272708892822e-01,0.000000000000000000e+00
1.673000000000000000e+04,3.159023523330688477e-01,5.975609756097560732e-01,2.756083011627197266e-01,0.000000000000000000e+00
1.674000000000000000e+04,3.145419061183929443e-01,6.097560975609755962e-01,2.861697673797607422e-01,0.000000000000000000e+00
1.675000000000000000e+04,3.198510408401489258e-01,6.341463414634146423e-01,2.982730567455291748e-01,0.000000000000000000e+00
1.676000000000000000e+04,2.987897694110870361e-01,6.219512195121951192e-01,2.659427821636199951e-01,0.000000000000000000e+00
1.677000000000000000e+04,3.051504194736480713e-01,6.585365853658536883e-01,2.528618276119232178e-01,0.000000000000000000e+00
1.678000000000000000e+04,3.109633326530456543e-01,5.853658536585365502e-01,2.814818024635314941e-01,0.000000000000000000e+00
1.679000000000000000e+04,3.096662759780883789e-01,6.463414634146341653e-01,2.761191725730895996e-01,0.000000000000000000e+00
1.680000000000000000e+04,2.996273934841156006e-01,6.585365853658536883e-01,2.702301740646362305e-01,0.000000000000000000e+00
1.681000000000000000e+04,3.005161583423614502e-01,6.585365853658536883e-01,2.378588914871215820e-01,0.000000000000000000e+00
1.682000000000000000e+04,3.009125292301177979e-01,6.707317073170732113e-01,2.674042284488677979e-01,0.000000000000000000e+00
1.683000000000000000e+04,3.125760853290557861e-01,5.975609756097560732e-01,2.836442291736602783e-01,0.000000000000000000e+00
1.684000000000000000e+04,3.480489552021026611e-01,6.341463414634146423e-01,3.286464512348175049e-01,0.000000000000000000e+00
1.685000000000000000e+04,3.427132070064544678e-01,5.975609756097560732e-01,3.220068514347076416e-01,0.000000000000000000e+00
1.686000000000000000e+04,3.412556648254394531e-01,6.585365853658536883e-01,3.141608536243438721e-01,0.000000000000000000e+00
1.687000000000000000e+04,3.230924606323242188e-01,6.829268292682927344e-01,2.828665971755981445e-01,0.000000000000000000e+00
1.688000000000000000e+04,3.331403434276580811e-01,6.341463414634146423e-01,2.850319147109985352e-01,0.000000000000000000e+00
1.689000000000000000e+04,3.175744414329528809e-01,6.707317073170732113e-01,2.804267406463623047e-01,0.000000000000000000e+00
1.690000000000000000e+04,3.387430906295776367e-01,6.829268292682927344e-01,3.000707030296325684e-01,0.000000000000000000e+00
1.691000000000000000e+04,3.390254080295562744e-01,6.585365853658536883e-01,2.980673909187316895e-01,0.000000000000000000e+00
1.692000000000000000e+04,3.454636037349700928e-01,6.585365853658536883e-01,3.345028162002563477e-01,0.000000000000000000e+00
1.693000000000000000e+04,3.581200540065765381e-01,6.341463414634146423e-01,3.350749909877777100e-01,0.000000000000000000e+00
1.694000000000000000e+04,3.387745320796966553e-01,6.463414634146341653e-01,2.930946350097656250e-01,0.000000000000000000e+00
1.695000000000000000e+04,3.480269610881805420e-01,6.707317073170732113e-01,3.118815720081329346e-01,0.000000000000000000e+00
1.696000000000000000e+04,3.553243577480316162e-01,6.219512195121951192e-01,2.822283804416656494e-01,0.000000000000000000e+00
1.697000000000000000e+04,3.425357341766357422e-01,6.219512195121951192e-01,2.863244116306304932e-01,0.000000000000000000e+00
1.698000000000000000e+04,3.314017653465270996e-01,6.097560975609755962e-01,2.747558057308197021e-01,0.000000000000000000e+00
1.699000000000000000e+04,3.248950839042663574e-01,6.097560975609755962e-01,2.721134722232818604e-01,0.000000000000000000e+00
1.700000000000000000e+04,3.447475135326385498e-01,6.463414634146341653e-01,3.002378940582275391e-01,0.000000000000000000e+00
1.701000000000000000e+04,3.424822688102722168e-01,6.463414634146341653e-01,2.841848433017730713e-01,0.000000000000000000e+00
1.702000000000000000e+04,3.564686775207519531e-01,6.219512195121951192e-01,3.176591098308563232e-01,0.000000000000000000e+00
1.703000000000000000e+04,3.466283679008483887e-01,6.341463414634146423e-01,3.119241893291473389e-01,0.000000000000000000e+00
1.704000000000000000e+04,3.475401997566223145e-01,6.341463414634146423e-01,3.307018280029296875e-01,0.000000000000000000e+00
1.705000000000000000e+04,3.448159396648406982e-01,5.975609756097560732e-01,3.061249852180480957e-01,0.000000000000000000e+00
1.706000000000000000e+04,3.237726390361785889e-01,5.975609756097560732e-01,2.563087344169616699e-01,0.000000000000000000e+00
1.707000000000000000e+04,3.442247509956359863e-01,6.219512195121951192e-01,2.770887017250061035e-01,0.000000000000000000e+00
1.708000000000000000e+04,3.419979214668273926e-01,6.219512195121951192e-01,2.838214337825775146e-01,0.000000000000000000e+00
1.709000000000000000e+04,3.597690761089324951e-01,6.585365853658536883e-01,2.995197176933288574e-01,0.000000000000000000e+00
1.710000000000000000e+04,3.999212086200714111e-01,5.853658536585365502e-01,3.609614670276641846e-01,0.000000000000000000e+00
1.711000000000000000e+04,4.137403368949890137e-01,5.975609756097560732e-01,3.885893523693084717e-01,0.000000000000000000e+00
1.712000000000000000e+04,4.012707173824310303e-01,5.975609756097560732e-01,3.718092739582061768e-01,0.000000000000000000e+00
1.713000000000000000e+04,4.002192914485931396e-01,6.341463414634146423e-01,3.824279904365539551e-01,0.000000000000000000e+00
1.714000000000000000e+04,3.963311612606048584e-01,6.219512195121951192e-01,3.891135156154632568e-01,0.000000000000000000e+00
1.715000000000000000e+04,4.009040892124176025e-01,5.609756097560976151e-01,3.735568225383758545e-01,0.000000000000000000e+00
1.716000000000000000e+04,4.009191989898681641e-01,6.341463414634146423e-01,3.738377988338470459e-01,0.000000000000000000e+00
1.717000000000000000e+04,4.421400129795074463e-01,6.219512195121951192e-01,4.503759443759918213e-01,0.000000000000000000e+00
1.718000000000000000e+04,4.242144525051116943e-01,6.097560975609755962e-01,4.242115914821624756e-01,0.000000000000000000e+00
1.719000000000000000e+04,4.202263057231903076e-01,5.975609756097560732e-01,4.137393832206726074e-01,0.000000000000000000e+00
1.720000000000000000e+04,4.076792597770690918e-01,6.097560975609755962e-01,4.021250605583190918e-01,0.000000000000000000e+00
1.721000000000000000e+04,4.039939641952514648e-01,6.463414634146341653e-01,3.890745341777801514e-01,0.000000000000000000e+00
1.722000000000000000e+04,3.899628520011901855e-01,6.341463414634146423e-01,3.782972693443298340e-01,0.000000000000000000e+00
1.723000000000000000e+04,3.673033714294433594e-01,6.097560975609755962e-01,3.415476083755493164e-01,0.000000000000000000e+00
1.724000000000000000e+04,3.792636096477508545e-01,6.219512195121951192e-01,3.313398361206054688e-01,0.000000000000000000e+00
1.725000000000000000e+04,3.982891440391540527e-01,6.097560975609755962e-01,3.576835095882415771e-01,0.000000000000000000e+00
1.726000000000000000e+04,4.032464623451232910e-01,5.975609756097560732e-01,3.792364895343780518e-01,0.000000000000000000e+00
1.727000000000000000e+04,3.958078920841217041e-01,6.097560975609755962e-01,3.645219802856445312e-01,0.000000000000000000e+00
1.728000000000000000e+04,4.056246280670166016e-01,5.853658536585365502e-01,3.858255445957183838e-01,0.000000000000000000e+00
1.729000000000000000e+04,4.114637374877929688e-01,5.853658536585365502e-01,3.948642611503601074e-01,0.000000000000000000e+00
1.730000000000000000e+04,4.364641606807708740e-01,5.731707317073170271e-01,4.211901724338531494e-01,0.000000000000000000e+00
1.731000000000000000e+04,4.476075470447540283e-01,5.853658536585365502e-01,4.320338368415832520e-01,0.000000000000000000e+00
1.732000000000000000e+04,4.077372252941131592e-01,6.219512195121951192e-01,3.946399688720703125e-01,0.000000000000000000e+00
1.733000000000000000e+04,4.200019836425781250e-01,6.219512195121951192e-01,4.232465624809265137e-01,0.000000000000000000e+00
1.734000000000000000e+04,3.922482728958129883e-01,6.097560975609755962e-01,3.733655214309692383e-01,0.000000000000000000e+00
1.735000000000000000e+04,4.171566963195800781e-01,5.853658536585365502e-01,4.211947321891784668e-01,0.000000000000000000e+00
1.736000000000000000e+04,4.091267585754394531e-01,6.097560975609755962e-01,3.968442380428314209e-01,0.000000000000000000e+00
1.737000000000000000e+04,4.188220798969268799e-01,6.341463414634146423e-01,4.150550663471221924e-01,0.000000000000000000e+00
1.738000000000000000e+04,4.154093563556671143e-01,6.341463414634146423e-01,4.116052091121673584e-01,0.000000000000000000e+00
1.739000000000000000e+04,4.314413070678710938e-01,6.463414634146341653e-01,4.291819334030151367e-01,0.000000000000000000e+00
1.740000000000000000e+04,4.307427108287811279e-01,6.219512195121951192e-01,4.380541741847991943e-01,0.000000000000000000e+00
1.741000000000000000e+04,4.258009195327758789e-01,6.219512195121951192e-01,4.124233722686767578e-01,0.000000000000000000e+00
1.742000000000000000e+04,4.291160106658935547e-01,6.219512195121951192e-01,4.210550785064697266e-01,0.000000000000000000e+00
1.743000000000000000e+04,4.323985874652862549e-01,5.609756097560976151e-01,4.235770702362060547e-01,0.000000000000000000e+00
1.744000000000000000e+04,4.616498053073883057e-01,5.975609756097560732e-01,4.567195177078247070e-01,0.000000000000000000e+00
1.745000000000000000e+04,4.433223307132720947e-01,6.341463414634146423e-01,4.423917829990386963e-01,0.000000000000000000e+00
1.746000000000000000e+04,4.243223965167999268e-01,5.731707317073170271e-01,4.140437841415405273e-01,0.000000000000000000e+00
1.747000000000000000e+04,4.341994822025299072e-01,6.585365853658536883e-01,4.249794483184814453e-01,0.000000000000000000e+00
1.748000000000000000e+04,4.409705400466918945e-01,6.341463414634146423e-01,4.331389069557189941e-01,0.000000000000000000e+00
1.749000000000000000e+04,3.827858865261077881e-01,6.097560975609755962e-01,3.586080372333526611e-01,0.000000000000000000e+00
1.750000000000000000e+04,3.826255202293395996e-01,6.219512195121951192e-01,3.478211164474487305e-01,0.000000000000000000e+00
1.751000000000000000e+04,4.010407328605651855e-01,5.975609756097560732e-01,3.743584752082824707e-01,0.000000000000000000e+00
1.752000000000000000e+04,3.816207349300384521e-01,5.731707317073170271e-01,3.546556234359741211e-01,0.000000000000000000e+00
1.753000000000000000e+04,3.915926218032836914e-01,5.853658536585365502e-01,3.425037562847137451e-01,0.000000000000000000e+00
1.754000000000000000e+04,4.092974662780761719e-01,5.853658536585365502e-01,3.563905954360961914e-01,0.000000000000000000e+00
1.755000000000000000e+04,3.850143253803253174e-01,6.097560975609755962e-01,3.299453854560852051e-01,0.000000000000000000e+00
1.756000000000000000e+04,4.038988351821899414e-01,6.097560975609755962e-01,3.798469305038452148e-01,0.000000000000000000e+00
1.757000000000000000e+04,4.474725723266601562e-01,5.975609756097560732e-01,4.311135411262512207e-01,0.000000000000000000e+00
1.758000000000000000e+04,4.544151723384857178e-01,5.975609756097560732e-01,4.498609900474548340e-01,0.000000000000000000e+00
1.759000000000000000e+04,4.486019313335418701e-01,5.853658536585365502e-01,4.387028515338897705e-01,0.000000000000000000e+00
1.760000000000000000e+04,4.368698596954345703e-01,5.853658536585365502e-01,4.202028214931488037e-01,0.000000000000000000e+00
1.761000000000000000e+04,4.560645818710327148e-01,5.975609756097560732e-01,4.497169554233551025e-01,0.000000000000000000e+00
1.762000000000000000e+04,4.351066052913665771e-01,6.097560975609755962e-01,4.062019884586334229e-01,0.000000000000000000e+00
1.763000000000000000e+04,4.270239174365997314e-01,6.219512195121951192e-01,4.195529222488403320e-01,0.000000000000000000e+00
1.764000000000000000e+04,4.299666583538055420e-01,5.731707317073170271e-01,4.337873756885528564e-01,0.000000000000000000e+00
1.765000000000000000e+04,4.224730730056762695e-01,5.975609756097560732e-01,4.187171757221221924e-01,0.000000000000000000e+00
1.766000000000000000e+04,4.294837415218353271e-01,5.975609756097560732e-01,4.310133755207061768e-01,0.000000000000000000e+00
1.767000000000000000e+04,4.045393466949462891e-01,5.975609756097560732e-01,3.888681232929229736e-01,0.000000000000000000e+00
1.768000000000000000e+04,4.204610884189605713e-01,5.975609756097560732e-01,4.113542139530181885e-01,0.000000000000000000e+00
1.769000000000000000e+04,4.408891797065734863e-01,6.219512195121951192e-01,4.279508292675018311e-01,0.000000000000000000e+00
1.770000000000000000e+04,4.400295615196228027e-01,6.219512195121951192e-01,4.288775324821472168e-01,0.000000000000000000e+00
1.771000000000000000e+04,4.264826178550720215e-01,5.853658536585365502e-01,4.127229154109954834e-01,0.000000000000000000e+00
1.772000000000000000e+04,3.938587009906768799e-01,5.975609756097560732e-01,3.734796941280364990e-01,0.000000000000000000e+00
1.773000000000000000e+04,4.047681689262390137e-01,5.853658536585365502e-01,3.860173821449279785e-01,0.000000000000000000e+00
1.774000000000000000e+04,3.931240141391754150e-01,6.097560975609755962e-01,3.749079108238220215e-01,0.000000000000000000e+00
1.775000000000000000e+04,4.107308983802795410e-01,5.975609756097560732e-01,3.961708545684814453e-01,0.000000000000000000e+00
1.776000000000000000e+04,3.982715308666229248e-01,6.341463414634146423e-01,3.791941702365875244e-01,0.000000000000000000e+00
1.777000000000000000e+04,3.836503922939300537e-01,6.219512195121951192e-01,3.186467885971069336e-01,0.000000000000000000e+00
1.778000000000000000e+04,3.536216318607330322e-01,6.097560975609755962e-01,3.086458742618560791e-01,0.000000000000000000e+00
1.779000000000000000e+04,3.568620383739471436e-01,6.585365853658536883e-01,3.061993718147277832e-01,0.000000000000000000e+00
1.780000000000000000e+04,3.514875769615173340e-01,6.097560975609755962e-01,2.957200109958648682e-01,0.000000000000000000e+00
1.781000000000000000e+04,3.556821346282958984e-01,6.097560975609755962e-01,3.077502250671386719e-01,0.000000000000000000e+00
1.782000000000000000e+04,3.322521448135375977e-01,5.853658536585365502e-01,2.513604164123535156e-01,0.000000000000000000e+00
1.783000000000000000e+04,3.790055513381958008e-01,6.097560975609755962e-01,3.321000933647155762e-01,0.000000000000000000e+00
1.784000000000000000e+04,3.647293746471405029e-01,5.975609756097560732e-01,2.997660040855407715e-01,0.000000000000000000e+00
1.785000000000000000e+04,3.494949042797088623e-01,6.219512195121951192e-01,2.759357988834381104e-01,0.000000000000000000e+00
1.786000000000000000e+04,3.602567613124847412e-01,6.341463414634146423e-01,2.930364310741424561e-01,0.000000000000000000e+00
1.787000000000000000e+04,3.490041494369506836e-01,6.097560975609755962e-01,2.859124839305877686e-01,0.000000000000000000e+00
1.788000000000000000e+04,3.486956954002380371e-01,5.975609756097560732e-01,2.827168703079223633e-01,0.000000000000000000e+00
1.789000000000000000e+04,3.580562174320220947e-01,6.097560975609755962e-01,2.978591322898864746e-01,0.000000000000000000e+00
1.790000000000000000e+04,3.625203967094421387e-01,5.853658536585365502e-01,3.214630484580993652e-01,0.000000000000000000e+00
1.791000000000000000e+04,3.615249395370483398e-01,5.975609756097560732e-01,3.091319799423217773e-01,0.000000000000000000e+00
1.792000000000000000e+04,3.442096412181854248e-01,6.097560975609755962e-01,2.703843414783477783e-01,0.000000000000000000e+00
1.793000000000000000e+04,3.387348651885986328e-01,5.609756097560976151e-01,2.546597719192504883e-01,0.000000000000000000e+00
1.794000000000000000e+04,3.300483226776123047e-01,6.097560975609755962e-01,2.401907294988632202e-01,0.000000000000000000e+00
1.795000000000000000e+04,3.382699787616729736e-01,6.219512195121951192e-01,2.659054994583129883e-01,0.000000000000000000e+00
1.796000000000000000e+04,3.336470425128936768e-01,5.731707317073170271e-01,2.559480965137481689e-01,0.000000000000000000e+00
1.797000000000000000e+04,3.365023732185363770e-01,5.853658536585365502e-01,2.568454444408416748e-01,0.000000000000000000e+00
1.798000000000000000e+04,3.365429341793060303e-01,6.097560975609755962e-01,2.648564875125885010e-01,0.000000000000000000e+00
1.799000000000000000e+04,3.369348943233489990e-01,5.731707317073170271e-01,2.707877457141876221e-01,0.000000000000000000e+00
1.800000000000000000e+04,3.491665124893188477e-01,5.853658536585365502e-01,2.859113216400146484e-01,0.000000000000000000e+00
1.801000000000000000e+04,3.313392996788024902e-01,6.219512195121951192e-01,2.523481249809265137e-01,0.000000000000000000e+00
1.802000000000000000e+04,3.427239656448364258e-01,5.853658536585365502e-01,2.707488238811492920e-01,0.000000000000000000e+00
1.803000000000000000e+04,3.467432558536529541e-01,5.853658536585365502e-01,2.600464820861816406e-01,0.000000000000000000e+00
1.804000000000000000e+04,3.392631709575653076e-01,5.853658536585365502e-01,2.693642079830169678e-01,0.000000000000000000e+00
1.805000000000000000e+04,3.240309953689575195e-01,6.219512195121951192e-01,2.723482251167297363e-01,0.000000000000000000e+00
1.806000000000000000e+04,3.265636265277862549e-01,5.975609756097560732e-01,2.639736831188201904e-01,0.000000000000000000e+00
1.807000000000000000e+04,3.470614850521087646e-01,5.487804878048780921e-01,3.004564344882965088e-01,0.000000000000000000e+00
1.808000000000000000e+04,3.526069223880767822e-01,5.609756097560976151e-01,3.095757067203521729e-01,0.000000000000000000e+00
1.809000000000000000e+04,3.678461909294128418e-01,5.731707317073170271e-01,3.136872053146362305e-01,0.000000000000000000e+00
1.810000000000000000e+04,3.703081011772155762e-01,5.365853658536585691e-01,3.291437923908233643e-01,0.000000000000000000e+00
1.811000000000000000e+04,3.603147268295288086e-01,5.853658536585365502e-01,3.147626817226409912e-01,0.000000000000000000e+00
1.812000000000000000e+04,3.577339053153991699e-01,5.731707317073170271e-01,2.907381057739257812e-01,0.000000000000000000e+00
1.813000000000000000e+04,3.544338941574096680e-01,5.609756097560976151e-01,3.156914114952087402e-01,0.000000000000000000e+00
1.814000000000000000e+04,3.468397259712219238e-01,5.487804878048780921e-01,3.044341802597045898e-01,0.000000000000000000e+00
1.815000000000000000e+04,3.650202453136444092e-01,5.975609756097560732e-01,3.172217309474945068e-01,0.000000000000000000e+00
1.816000000000000000e+04,3.623530566692352295e-01,5.487804878048780921e-01,3.017103075981140137e-01,0.000000000000000000e+00
1.817000000000000000e+04,3.705743253231048584e-01,5.365853658536585691e-01,3.188282251358032227e-01,0.000000000000000000e+00
1.818000000000000000e+04,3.768064677715301514e-01,5.365853658536585691e-01,3.313996791839599609e-01,0.000000000000000000e+00
1.819000000000000000e+04,3.698576390743255615e-01,5.731707317073170271e-01,3.020232915878295898e-01,0.000000000000000000e+00
1.820000000000000000e+04,3.636338412761688232e-01,5.365853658536585691e-01,2.902154624462127686e-01,0.000000000000000000e+00
1.821000000000000000e+04,3.530413508415222168e-01,6.097560975609755962e-01,2.653577923774719238e-01,0.000000000000000000e+00
1.822000000000000000e+04,3.756316006183624268e-01,5.853658536585365502e-01,2.798039615154266357e-01,0.000000000000000000e+00
1.823000000000000000e+04,3.810186088085174561e-01,5.975609756097560732e-01,2.954696118831634521e-01,0.000000000000000000e+00
1.824000000000000000e+04,3.965162932872772217e-01,5.487804878048780921e-01,3.164663016796112061e-01,0.000000000000000000e+00
1.825000000000000000e+04,4.059400856494903564e-01,6.219512195121951192e-01,3.423796892166137695e-01,0.000000000000000000e+00
1.826000000000000000e+04,3.998485207557678223e-01,5.853658536585365502e-01,3.367210626602172852e-01,0.000000000000000000e+00
1.827000000000000000e+04,4.027827680110931396e-01,5.731707317073170271e-01,3.243805468082427979e-01,0.000000000000000000e+00
1.828000000000000000e+04,3.924945890903472900e-01,5.975609756097560732e-01,3.444360494613647461e-01,0.000000000000000000e+00
1.829000000000000000e+04,3.923391699790954590e-01,5.487804878048780921e-01,3.216988742351531982e-01,0.000000000000000000e+00
1.830000000000000000e+04,3.848703801631927490e-01,5.609756097560976151e-01,2.937555909156799316e-01,0.000000000000000000e+00
1.831000000000000000e+04,3.817780911922454834e-01,5.487804878048780921e-01,3.040843904018402100e-01,0.000000000000000000e+00
1.832000000000000000e+04,3.807220458984375000e-01,5.609756097560976151e-01,3.034456074237823486e-01,0.000000000000000000e+00
1.833000000000000000e+04,3.623450100421905518e-01,5.243902439024390461e-01,2.568829357624053955e-01,0.000000000000000000e+00
1.834000000000000000e+04,3.505813181400299072e-01,5.609756097560976151e-01,2.701053321361541748e-01,0.000000000000000000e+00
1.835000000000000000e+04,3.669252693653106689e-01,5.853658536585365502e-01,2.876106798648834229e-01,0.000000000000000000e+00
1.836000000000000000e+04,3.737893998622894287e-01,5.487804878048780921e-01,3.052619695663452148e-01,0.000000000000000000e+00
1.837000000000000000e+04,3.628055453300476074e-01,5.000000000000000000e-01,2.499870210886001587e-01,0.000000000000000000e+00
1.838000000000000000e+04,3.460512459278106689e-01,5.121951219512195230e-01,2.629281580448150635e-01,0.000000000000000000e+00
1.839000000000000000e+04,3.592734336853027344e-01,5.121951219512195230e-01,2.585932016372680664e-01,0.000000000000000000e+00
1.840000000000000000e+04,3.395318090915679932e-01,5.000000000000000000e-01,2.430727183818817139e-01,0.000000000000000000e+00
1.841000000000000000e+04,3.589621484279632568e-01,5.243902439024390461e-01,2.502075135707855225e-01,0.000000000000000000e+00
1.842000000000000000e+04,3.546862006187438965e-01,5.121951219512195230e-01,2.528470754623413086e-01,0.000000000000000000e+00
1.843000000000000000e+04,3.671408593654632568e-01,5.243902439024390461e-01,2.849622368812561035e-01,0.000000000000000000e+00
1.844000000000000000e+04,3.810241818428039551e-01,5.731707317073170271e-01,2.738818526268005371e-01,0.000000000000000000e+00
1.845000000000000000e+04,4.021095633506774902e-01,5.365853658536585691e-01,2.889752388000488281e-01,0.000000000000000000e+00
1.846000000000000000e+04,3.813330233097076416e-01,5.365853658536585691e-01,2.725781500339508057e-01,0.000000000000000000e+00
1.847000000000000000e+04,3.637693524360656738e-01,5.365853658536585691e-01,2.550799250602722168e-01,0.000000000000000000e+00
1.848000000000000000e+04,3.654772639274597168e-01,5.365853658536585691e-01,2.760086655616760254e-01,0.000000000000000000e+00
1.849000000000000000e+04,3.919375836849212646e-01,5.487804878048780921e-01,3.019578158855438232e-01,0.000000000000000000e+00
1.850000000000000000e+04,3.775119185447692871e-01,5.243902439024390461e-01,2.929444313049316406e-01,0.000000000000000000e+00
1.851000000000000000e+04,3.842792510986328125e-01,5.121951219512195230e-01,2.704799175262451172e-01,0.000000000000000000e+00
1.852000000000000000e+04,4.024597108364105225e-01,5.243902439024390461e-01,3.530307710170745850e-01,0.000000000000000000e+00
1.853000000000000000e+04,4.218118488788604736e-01,5.365853658536585691e-01,3.803988695144653320e-01,0.000000000000000000e+00
1.854000000000000000e+04,4.061814844608306885e-01,5.487804878048780921e-01,3.501947820186614990e-01,0.000000000000000000e+00
1.855000000000000000e+04,3.811316788196563721e-01,5.365853658536585691e-01,3.054082989692687988e-01,0.000000000000000000e+00
1.856000000000000000e+04,3.718544244766235352e-01,5.487804878048780921e-01,3.089706003665924072e-01,0.000000000000000000e+00
1.857000000000000000e+04,3.735687434673309326e-01,5.487804878048780921e-01,3.385809659957885742e-01,0.000000000000000000e+00
1.858000000000000000e+04,4.095074534416198730e-01,5.365853658536585691e-01,3.884848654270172119e-01,0.000000000000000000e+00
1.859000000000000000e+04,4.045418500900268555e-01,5.853658536585365502e-01,3.712834417819976807e-01,0.000000000000000000e+00
1.860000000000000000e+04,4.007416367530822754e-01,5.731707317073170271e-01,3.508220911026000977e-01,0.000000000000000000e+00
1.861000000000000000e+04,3.781980276107788086e-01,5.609756097560976151e-01,3.249690234661102295e-01,0.000000000000000000e+00
1.862000000000000000e+04,3.994353115558624268e-01,5.609756097560976151e-01,3.577653467655181885e-01,0.000000000000000000e+00
1.863000000000000000e+04,3.872778713703155518e-01,5.609756097560976151e-01,3.403709828853607178e-01,0.000000000000000000e+00
1.864000000000000000e+04,3.728243708610534668e-01,5.609756097560976151e-01,3.254019618034362793e-01,0.000000000000000000e+00
1.865000000000000000e+04,3.656497299671173096e-01,5.365853658536585691e-01,3.183089494705200195e-01,0.000000000000000000e+00
1.866000000000000000e+04,3.830810189247131348e-01,5.365853658536585691e-01,3.415395915508270264e-01,0.000000000000000000e+00
1.867000000000000000e+04,3.619225323200225830e-01,5.487804878048780921e-01,2.960618436336517334e-01,0.000000000000000000e+00
1.868000000000000000e+04,3.604561388492584229e-01,5.609756097560976151e-01,2.934773564338684082e-01,0.000000000000000000e+00
1.869000000000000000e+04,3.929236829280853271e-01,5.609756097560976151e-01,3.444040417671203613e-01,0.000000000000000000e+00
1.870000000000000000e+04,3.813626468181610107e-01,5.853658536585365502e-01,3.245319724082946777e-01,0.000000000000000000e+00
1.871000000000000000e+04,3.572618067264556885e-01,5.975609756097560732e-01,3.152461946010589600e-01,0.000000000000000000e+00
1.872000000000000000e+04,3.750040531158447266e-01,5.731707317073170271e-01,3.249471187591552734e-01,0.000000000000000000e+00
1.873000000000000000e+04,3.541649878025054932e-01,5.853658536585365502e-01,3.140210211277008057e-01,0.000000000000000000e+00
1.874000000000000000e+04,3.698636889457702637e-01,5.975609756097560732e-01,3.302941918373107910e-01,0.000000000000000000e+00
1.875000000000000000e+04,3.977760970592498779e-01,5.975609756097560732e-01,3.556166887283325195e-01,0.000000000000000000e+00
1.876000000000000000e+04,3.568115234375000000e-01,5.975609756097560732e-01,2.962200641632080078e-01,0.000000000000000000e+00
1.877000000000000000e+04,3.643286526203155518e-01,6.097560975609755962e-01,3.082269728183746338e-01,0.000000000000000000e+00
1.878000000000000000e+04,3.536089062690734863e-01,6.219512195121951192e-01,2.930084168910980225e-01,0.000000000000000000e+00
1.879000000000000000e+04,3.636686205863952637e-01,5.487804878048780921e-01,3.133073151111602783e-01,0.000000000000000000e+00
1.880000000000000000e+04,3.674377501010894775e-01,5.853658536585365502e-01,3.261679410934448242e-01,0.000000000000000000e+00
1.881000000000000000e+04,3.652113974094390869e-01,5.975609756097560732e-01,3.350091576576232910e-01,0.000000000000000000e+00
1.882000000000000000e+04,3.667278289794921875e-01,5.609756097560976151e-01,3.328626155853271484e-01,0.000000000000000000e+00
1.883000000000000000e+04,3.658660352230072021e-01,5.853658536585365502e-01,3.276638388633728027e-01,0.000000000000000000e+00
1.884000000000000000e+04,3.657943308353424072e-01,5.609756097560976151e-01,3.356676101684570312e-01,0.000000000000000000e+00
1.885000000000000000e+04,3.717262148857116699e-01,5.609756097560976151e-01,3.484359681606292725e-01,0.000000000000000000e+00
1.886000000000000000e+04,3.352626264095306396e-01,6.097560975609755962e-01,3.171531856060028076e-01,0.000000000000000000e+00
1.887000000000000000e+04,3.318623900413513184e-01,5.975609756097560732e-01,2.971082925796508789e-01,0.000000000000000000e+00
1.888000000000000000e+04,2.984121739864349365e-01,6.219512195121951192e-01,2.248761653900146484e-01,0.000000000000000000e+00
1.889000000000000000e+04,3.178107440471649170e-01,6.341463414634146423e-01,2.531202137470245361e-01,0.000000000000000000e+00
1.890000000000000000e+04,3.096567392349243164e-01,6.097560975609755962e-01,2.471797764301300049e-01,0.000000000000000000e+00
1.891000000000000000e+04,3.272917568683624268e-01,5.975609756097560732e-01,2.867810726165771484e-01,0.000000000000000000e+00
1.892000000000000000e+04,3.448811471462249756e-01,5.975609756097560732e-01,3.275773525238037109e-01,0.000000000000000000e+00
1.893000000000000000e+04,3.539760708808898926e-01,6.097560975609755962e-01,3.384588360786437988e-01,0.000000000000000000e+00
1.894000000000000000e+04,3.432123661041259766e-01,5.731707317073170271e-01,3.267005980014801025e-01,0.000000000000000000e+00
1.895000000000000000e+04,3.389857709407806396e-01,5.975609756097560732e-01,3.085207939147949219e-01,0.000000000000000000e+00
1.896000000000000000e+04,3.585298061370849609e-01,5.609756097560976151e-01,3.299034535884857178e-01,0.000000000000000000e+00
1.897000000000000000e+04,3.554331362247467041e-01,5.609756097560976151e-01,3.359939157962799072e-01,0.000000000000000000e+00
1.898000000000000000e+04,3.587142527103424072e-01,5.731707317073170271e-01,3.297030031681060791e-01,0.000000000000000000e+00
1.899000000000000000e+04,3.547153174877166748e-01,5.487804878048780921e-01,3.304149806499481201e-01,0.000000000000000000e+00
1.900000000000000000e+04,3.543947935104370117e-01,5.731707317073170271e-01,3.201062381267547607e-01,0.000000000000000000e+00
1.901000000000000000e+04,3.401541411876678467e-01,5.731707317073170271e-01,2.929222881793975830e-01,0.000000000000000000e+00
1.902000000000000000e+04,3.487150371074676514e-01,5.609756097560976151e-01,3.103535771369934082e-01,0.000000000000000000e+00
1.903000000000000000e+04,3.723766803741455078e-01,5.731707317073170271e-01,3.228795528411865234e-01,0.000000000000000000e+00
1.904000000000000000e+04,3.441273272037506104e-01,5.853658536585365502e-01,2.838847935199737549e-01,0.000000000000000000e+00
1.905000000000000000e+04,3.518237769603729248e-01,5.853658536585365502e-01,3.045670390129089355e-01,0.000000000000000000e+00
1.906000000000000000e+04,3.884015679359436035e-01,5.487804878048780921e-01,3.642809987068176270e-01,0.000000000000000000e+00
1.907000000000000000e+04,3.622946143150329590e-01,5.853658536585365502e-01,3.352470099925994873e-01,0.000000000000000000e+00
1.908000000000000000e+04,3.522343933582305908e-01,5.853658536585365502e-01,3.104943335056304932e-01,0.000000000000000000e+00
1.909000000000000000e+04,3.878183364868164062e-01,5.365853658536585691e-01,3.430456519126892090e-01,0.000000000000000000e+00
1.910000000000000000e+04,3.702279329299926758e-01,5.975609756097560732e-01,3.027969300746917725e-01,0.000000000000000000e+00
1.911000000000000000e+04,3.726432919502258301e-01,5.731707317073170271e-01,3.120813369750976562e-01,0.000000000000000000e+00
1.912000000000000000e+04,3.835439383983612061e-01,5.243902439024390461e-01,3.523552119731903076e-01,0.000000000000000000e+00
1.913000000000000000e+04,3.559937179088592529e-01,5.731707317073170271e-01,2.995327115058898926e-01,0.000000000000000000e+00
1.914000000000000000e+04,3.706544339656829834e-01,5.609756097560976151e-01,3.311846852302551270e-01,0.000000000000000000e+00
1.915000000000000000e+04,3.704187273979187012e-01,5.487804878048780921e-01,3.287346959114074707e-01,0.000000000000000000e+00
1.916000000000000000e+04,3.935560286045074463e-01,5.487804878048780921e-01,3.386842608451843262e-01,0.000000000000000000e+00
1.917000000000000000e+04,3.824077546596527100e-01,5.487804878048780921e-01,3.322956264019012451e-01,0.000000000000000000e+00
1.918000000000000000e+04,3.639846742153167725e-01,5.853658536585365502e-01,3.024855852127075195e-01,0.000000000000000000e+00
1.919000000000000000e+04,3.535600304603576660e-01,5.731707317073170271e-01,2.783007323741912842e-01,0.000000000000000000e+00
1.920000000000000000e+04,3.695580363273620605e-01,5.975609756097560732e-01,2.953754365444183350e-01,0.000000000000000000e+00
1.921000000000000000e+04,3.555245101451873779e-01,5.731707317073170271e-01,2.873552143573760986e-01,0.000000000000000000e+00
1.922000000000000000e+04,3.473736643791198730e-01,5.487804878048780921e-01,2.757682800292968750e-01,0.000000000000000000e+00
1.923000000000000000e+04,3.509585261344909668e-01,5.609756097560976151e-01,2.781139016151428223e-01,0.000000000000000000e+00
1.924000000000000000e+04,3.842945396900177002e-01,5.731707317073170271e-01,3.458017110824584961e-01,0.000000000000000000e+00
1.925000000000000000e+04,3.879270255565643311e-01,5.731707317073170271e-01,3.505480289459228516e-01,0.000000000000000000e+00
1.926000000000000000e+04,3.994977474212646484e-01,5.609756097560976151e-01,3.650299608707427979e-01,0.000000000000000000e+00
1.927000000000000000e+04,3.838163316249847412e-01,6.097560975609755962e-01,3.354378342628479004e-01,0.000000000000000000e+00
1.928000000000000000e+04,3.805736899375915527e-01,5.975609756097560732e-01,3.195947408676147461e-01,0.000000000000000000e+00
1.929000000000000000e+04,3.891504704952239990e-01,5.609756097560976151e-01,3.437521159648895264e-01,0.000000000000000000e+00
1.930000000000000000e+04,3.756431937217712402e-01,5.731707317073170271e-01,2.996767461299896240e-01,0.000000000000000000e+00
1.931000000000000000e+04,3.663672208786010742e-01,5.853658536585365502e-01,2.843113839626312256e-01,0.000000000000000000e+00
1.932000000000000000e+04,3.678427338600158691e-01,6.097560975609755962e-01,2.766974866390228271e-01,0.000000000000000000e+00
1.933000000000000000e+04,3.633670508861541748e-01,5.609756097560976151e-01,2.781465351581573486e-01,0.000000000000000000e+00
1.934000000000000000e+04,4.046756029129028320e-01,5.853658536585365502e-01,3.242855668067932129e-01,0.000000000000000000e+00
1.935000000000000000e+04,4.155743122100830078e-01,5.365853658536585691e-01,3.411351442337036133e-01,0.000000000000000000e+00
1.936000000000000000e+04,4.112793505191802979e-01,5.731707317073170271e-01,3.397782444953918457e-01,0.000000000000000000e+00
1.937000000000000000e+04,4.199222028255462646e-01,5.853658536585365502e-01,3.632847368717193604e-01,0.000000000000000000e+00
1.938000000000000000e+04,4.264271259307861328e-01,5.487804878048780921e-01,3.567648530006408691e-01,0.000000000000000000e+00
1.939000000000000000e+04,4.204386770725250244e-01,5.487804878048780921e-01,3.658686578273773193e-01,0.000000000000000000e+00
1.940000000000000000e+04,4.283117055892944336e-01,5.487804878048780921e-01,3.689014017581939697e-01,0.000000000000000000e+00
1.941000000000000000e+04,3.896338045597076416e-01,5.853658536585365502e-01,3.188261091709136963e-01,0.000000000000000000e+00
1.942000000000000000e+04,3.910407423973083496e-01,5.609756097560976151e-01,3.254553079605102539e-01,0.000000000000000000e+00
1.943000000000000000e+04,3.798843920230865479e-01,5.487804878048780921e-01,3.145728707313537598e-01,0.000000000000000000e+00
1.944000000000000000e+04,3.739512860774993896e-01,5.731707317073170271e-01,3.104346990585327148e-01,0.000000000000000000e+00
1.945000000000000000e+04,3.546949326992034912e-01,5.487804878048780921e-01,2.859688103199005127e-01,0.000000000000000000e+00
1.946000000000000000e+04,3.820813000202178955e-01,5.731707317073170271e-01,3.286187350749969482e-01,0.000000000000000000e+00
1.947000000000000000e+04,3.765915334224700928e-01,5.853658536585365502e-01,3.251404464244842529e-01,0.000000000000000000e+00
1.948000000000000000e+04,3.926431536674499512e-01,5.000000000000000000e-01,3.447103500366210938e-01,0.000000000000000000e+00
1.949000000000000000e+04,4.047003984451293945e-01,5.365853658536585691e-01,3.573305904865264893e-01,0.000000000000000000e+00
1.950000000000000000e+04,4.006400406360626221e-01,5.365853658536585691e-01,3.561168313026428223e-01,0.000000000000000000e+00
1.951000000000000000e+04,4.035842716693878174e-01,5.243902439024390461e-01,3.609130084514617920e-01,0.000000000000000000e+00
1.952000000000000000e+04,4.003232121467590332e-01,5.121951219512195230e-01,3.620864450931549072e-01,0.000000000000000000e+00
1.953000000000000000e+04,4.359332621097564697e-01,5.609756097560976151e-01,4.097612798213958740e-01,0.000000000000000000e+00
1.954000000000000000e+04,3.839711546897888184e-01,5.365853658536585691e-01,3.288954198360443115e-01,0.000000000000000000e+00
1.955000000000000000e+04,3.712696135044097900e-01,5.243902439024390461e-01,2.949813008308410645e-01,0.000000000000000000e+00
1.956000000000000000e+04,3.888871371746063232e-01,5.487804878048780921e-01,3.399221897125244141e-01,0.000000000000000000e+00
1.957000000000000000e+04,3.879895806312561035e-01,5.487804878048780921e-01,3.404690921306610107e-01,0.000000000000000000e+00
1.958000000000000000e+04,3.793441057205200195e-01,5.609756097560976151e-01,3.066894412040710449e-01,0.000000000000000000e+00
1.959000000000000000e+04,3.546359539031982422e-01,5.000000000000000000e-01,2.567835152149200439e-01,0.000000000000000000e+00
1.960000000000000000e+04,3.701975941658020020e-01,5.731707317073170271e-01,3.062420189380645752e-01,0.000000000000000000e+00
1.961000000000000000e+04,3.534034192562103271e-01,5.609756097560976151e-01,2.928386032581329346e-01,0.000000000000000000e+00
1.962000000000000000e+04,3.518688082695007324e-01,5.487804878048780921e-01,2.669300436973571777e-01,0.000000000000000000e+00
1.963000000000000000e+04,3.592886030673980713e-01,5.853658536585365502e-01,2.767097949981689453e-01,0.000000000000000000e+00
1.964000000000000000e+04,3.437170088291168213e-01,5.853658536585365502e-01,2.674708068370819092e-01,0.000000000000000000e+00
1.965000000000000000e+04,3.504588305950164795e-01,5.365853658536585691e-01,2.649135291576385498e-01,0.000000000000000000e+00
1.966000000000000000e+04,3.695310652256011963e-01,5.731707317073170271e-01,2.961823940277099609e-01,0.000000000000000000e+00
1.967000000000000000e+04,3.725603222846984863e-01,5.731707317073170271e-01,3.037874102592468262e-01,0.000000000000000000e+00
1.968000000000000000e+04,3.793383538722991943e-01,5.609756097560976151e-01,3.089569509029388428e-01,0.000000000000000000e+00
1.969000000000000000e+04,3.783506751060485840e-01,5.853658536585365502e-01,3.027571737766265869e-01,0.000000000000000000e+00
1.970000000000000000e+04,3.969917595386505127e-01,5.365853658536585691e-01,3.458244502544403076e-01,0.000000000000000000e+00
1.971000000000000000e+04,3.446514308452606201e-01,5.975609756097560732e-01,2.857333719730377197e-01,0.000000000000000000e+00
1.972000000000000000e+04,3.381392061710357666e-01,5.853658536585365502e-01,2.963832020759582520e-01,0.000000000000000000e+00
1.973000000000000000e+04,3.415172994136810303e-01,5.731707317073170271e-01,2.831168770790100098e-01,0.000000000000000000e+00
1.974000000000000000e+04,3.560593426227569580e-01,5.975609756097560732e-01,2.977149486541748047e-01,0.000000000000000000e+00
1.975000000000000000e+04,3.371282219886779785e-01,5.609756097560976151e-01,2.630360722541809082e-01,0.000000000000000000e+00
1.976000000000000000e+04,3.485565781593322754e-01,5.609756097560976151e-01,2.791011929512023926e-01,0.000000000000000000e+00
1.977000000000000000e+04,3.301841616630554199e-01,5.853658536585365502e-01,2.566261887550354004e-01,0.000000000000000000e+00
1.978000000000000000e+04,3.297890126705169678e-01,5.853658536585365502e-01,2.556801438331604004e-01,0.000000000000000000e+00
1.979000000000000000e+04,3.372560441493988037e-01,5.365853658536585691e-01,2.747065126895904541e-01,0.000000000000000000e+00
1.980000000000000000e+04,3.422841131687164307e-01,5.731707317073170271e-01,2.786242961883544922e-01,0.000000000000000000e+00
1.981000000000000000e+04,3.451400995254516602e-01,5.975609756097560732e-01,2.793558239936828613e-01,0.000000000000000000e+00
1.982000000000000000e+04,3.427529036998748779e-01,5.853658536585365502e-01,2.675552964210510254e-01,0.000000000000000000e+00
1.983000000000000000e+04,3.524031937122344971e-01,5.487804878048780921e-01,2.969338595867156982e-01,0.000000000000000000e+00
1.984000000000000000e+04,3.266310989856719971e-01,5.975609756097560732e-01,2.667485475540161133e-01,0.000000000000000000e+00
1.985000000000000000e+04,3.238390684127807617e-01,5.853658536585365502e-01,2.424971014261245728e-01,0.000000000000000000e+00
1.986000000000000000e+04,3.276671171188354492e-01,5.853658536585365502e-01,2.575509548187255859e-01,0.000000000000000000e+00
1.987000000000000000e+04,3.300759792327880859e-01,5.731707317073170271e-01,2.367964982986450195e-01,0.000000000000000000e+00
1.988000000000000000e+04,3.242943584918975830e-01,5.975609756097560732e-01,2.310574203729629517e-01,0.000000000000000000e+00
1.989000000000000000e+04,3.265040218830108643e-01,5.731707317073170271e-01,2.371893674135208130e-01,0.000000000000000000e+00
1.990000000000000000e+04,3.236679732799530029e-01,5.853658536585365502e-01,2.011258155107498169e-01,0.000000000000000000e+00
1.991000000000000000e+04,3.283198773860931396e-01,5.731707317073170271e-01,2.380694448947906494e-01,0.000000000000000000e+00
1.992000000000000000e+04,3.470412790775299072e-01,5.487804878048780921e-01,2.494745105504989624e-01,0.000000000000000000e+00
1.993000000000000000e+04,3.503483235836029053e-01,5.975609756097560732e-01,2.703453600406646729e-01,0.000000000000000000e+00
1.994000000000000000e+04,3.614024519920349121e-01,5.487804878048780921e-01,2.743618190288543701e-01,0.000000000000000000e+00
1.995000000000000000e+04,3.449141681194305420e-01,5.731707317073170271e-01,2.576285898685455322e-01,0.000000000000000000e+00
1.996000000000000000e+04,3.602979779243469238e-01,5.731707317073170271e-01,2.893586158752441406e-01,0.000000000000000000e+00
1.997000000000000000e+04,3.506349027156829834e-01,5.731707317073170271e-01,2.671729922294616699e-01,0.000000000000000000e+00
1.998000000000000000e+04,3.678583502769470215e-01,5.487804878048780921e-01,2.999315857887268066e-01,0.000000000000000000e+00
1.999000000000000000e+04,3.497996628284454346e-01,5.975609756097560732e-01,2.791068255901336670e-01,0.000000000000000000e+00
2.000000000000000000e+04,3.493137955665588379e-01,5.243902439024390461e-01,2.802352905273437500e-01,0.000000000000000000e+00
2.001000000000000000e+04,3.283157348632812500e-01,5.853658536585365502e-01,2.416338324546813965e-01,0.000000000000000000e+00
2.002000000000000000e+04,3.110264241695404053e-01,6.219512195121951192e-01,2.284610569477081299e-01,0.000000000000000000e+00
2.003000000000000000e+04,3.335196077823638916e-01,5.609756097560976151e-01,2.659267783164978027e-01,0.000000000000000000e+00
2.004000000000000000e+04,3.475386798381805420e-01,5.853658536585365502e-01,2.786171734333038330e-01,0.000000000000000000e+00
2.005000000000000000e+04,3.402376174926757812e-01,5.853658536585365502e-01,2.474323809146881104e-01,0.000000000000000000e+00
2.006000000000000000e+04,3.404130935668945312e-01,5.487804878048780921e-01,2.724463641643524170e-01,0.000000000000000000e+00
2.007000000000000000e+04,3.521535098552703857e-01,5.609756097560976151e-01,2.828690409660339355e-01,0.000000000000000000e+00
2.008000000000000000e+04,3.450250029563903809e-01,5.731707317073170271e-01,2.957444190979003906e-01,0.000000000000000000e+00
2.009000000000000000e+04,3.204407095909118652e-01,5.975609756097560732e-01,2.678046822547912598e-01,0.000000000000000000e+00
2.010000000000000000e+04,3.261672854423522949e-01,6.341463414634146423e-01,2.511113286018371582e-01,0.000000000000000000e+00
2.011000000000000000e+04,3.453260362148284912e-01,5.853658536585365502e-01,2.793913781642913818e-01,0.000000000000000000e+00
2.012000000000000000e+04,3.232759237289428711e-01,5.731707317073170271e-01,2.586420178413391113e-01,0.000000000000000000e+00
2.013000000000000000e+04,3.319842815399169922e-01,5.487804878048780921e-01,2.683172225952148438e-01,0.000000000000000000e+00
2.014000000000000000e+04,3.458484709262847900e-01,5.731707317073170271e-01,2.743569612503051758e-01,0.000000000000000000e+00
2.015000000000000000e+04,3.587866723537445068e-01,5.487804878048780921e-01,2.953430116176605225e-01,0.000000000000000000e+00
2.016000000000000000e+04,3.554136157035827637e-01,6.097560975609755962e-01,2.869306206703186035e-01,0.000000000000000000e+00
2.017000000000000000e+04,3.607901036739349365e-01,5.975609756097560732e-01,2.768324017524719238e-01,0.000000000000000000e+00
2.018000000000000000e+04,3.619169890880584717e-01,5.609756097560976151e-01,2.717854082584381104e-01,0.000000000000000000e+00
2.019000000000000000e+04,3.542866706848144531e-01,5.731707317073170271e-01,2.951530814170837402e-01,0.000000000000000000e+00
2.020000000000000000e+04,3.608923554420471191e-01,5.853658536585365502e-01,3.025134205818176270e-01,0.000000000000000000e+00
2.021000000000000000e+04,3.538170456886291504e-01,5.000000000000000000e-01,2.890066504478454590e-01,0.000000000000000000e+00
2.022000000000000000e+04,3.475513756275177002e-01,6.097560975609755962e-01,2.868872880935668945e-01,0.000000000000000000e+00
2.023000000000000000e+04,3.627063632011413574e-01,5.731707317073170271e-01,3.058131039142608643e-01,0.000000000000000000e+00
2.024000000000000000e+04,3.515480160713195801e-01,5.731707317073170271e-01,2.755017280578613281e-01,0.000000000000000000e+00
2.025000000000000000e+04,3.615843951702117920e-01,5.243902439024390461e-01,3.006910085678100586e-01,0.000000000000000000e+00
2.026000000000000000e+04,3.816418051719665527e-01,5.853658536585365502e-01,3.240695893764495850e-01,0.000000000000000000e+00
2.027000000000000000e+04,3.841427564620971680e-01,5.609756097560976151e-01,3.255955278873443604e-01,0.000000000000000000e+00
2.028000000000000000e+04,3.832582235336303711e-01,5.609756097560976151e-01,3.230956494808197021e-01,0.000000000000000000e+00
2.029000000000000000e+04,3.917053341865539551e-01,5.365853658536585691e-01,3.245093226432800293e-01,0.000000000000000000e+00
2.030000000000000000e+04,3.852839469909667969e-01,5.121951219512195230e-01,3.351938426494598389e-01,0.000000000000000000e+00
2.031000000000000000e+04,3.955091834068298340e-01,5.365853658536585691e-01,3.286719322204589844e-01,0.000000000000000000e+00
2.032000000000000000e+04,4.067818522453308105e-01,5.121951219512195230e-01,3.468531072139739990e-01,0.000000000000000000e+00
2.033000000000000000e+04,4.121250212192535400e-01,5.365853658536585691e-01,3.390564322471618652e-01,0.000000000000000000e+00
2.034000000000000000e+04,4.204178452491760254e-01,5.000000000000000000e-01,3.724808394908905029e-01,0.000000000000000000e+00
2.035000000000000000e+04,3.967706263065338135e-01,5.609756097560976151e-01,3.398632705211639404e-01,0.000000000000000000e+00
2.036000000000000000e+04,4.239160120487213135e-01,5.121951219512195230e-01,3.972776830196380615e-01,0.000000000000000000e+00
2.037000000000000000e+04,4.308361709117889404e-01,5.487804878048780921e-01,3.756056427955627441e-01,0.000000000000000000e+00
2.038000000000000000e+04,3.951224386692047119e-01,5.487804878048780921e-01,3.390806913375854492e-01,0.000000000000000000e+00
2.039000000000000000e+04,4.152196049690246582e-01,5.853658536585365502e-01,3.523494005203247070e-01,0.000000000000000000e+00
2.040000000000000000e+04,3.740403354167938232e-01,5.365853658536585691e-01,2.941701710224151611e-01,0.000000000000000000e+00
2.041000000000000000e+04,3.811140060424804688e-01,5.609756097560976151e-01,2.986071705818176270e-01,0.000000000000000000e+00
2.042000000000000000e+04,3.796263039112091064e-01,5.365853658536585691e-01,2.923174798488616943e-01,0.000000000000000000e+00
2.043000000000000000e+04,3.711283504962921143e-01,5.731707317073170271e-01,2.946711778640747070e-01,0.000000000000000000e+00
2.044000000000000000e+04,3.845788836479187012e-01,5.365853658536585691e-01,3.099231123924255371e-01,0.000000000000000000e+00
2.045000000000000000e+04,3.577863574028015137e-01,5.609756097560976151e-01,2.822799384593963623e-01,0.000000000000000000e+00
2.046000000000000000e+04,3.765460550785064697e-01,5.487804878048780921e-01,3.138182461261749268e-01,0.000000000000000000e+00
2.047000000000000000e+04,3.638956248760223389e-01,5.609756097560976151e-01,2.906783819198608398e-01,0.000000000000000000e+00
2.048000000000000000e+04,3.372861146926879883e-01,5.731707317073170271e-01,2.471608668565750122e-01,0.000000000000000000e+00
2.049000000000000000e+04,3.644706010818481445e-01,5.853658536585365502e-01,2.877365946769714355e-01,0.000000000000000000e+00
2.050000000000000000e+04,3.738043606281280518e-01,5.609756097560976151e-01,3.214362561702728271e-01,0.000000000000000000e+00
2.051000000000000000e+04,3.792961537837982178e-01,5.121951219512195230e-01,3.172151446342468262e-01,0.000000000000000000e+00
2.052000000000000000e+04,3.709487617015838623e-01,5.000000000000000000e-01,3.061741292476654053e-01,0.000000000000000000e+00
2.053000000000000000e+04,3.872632682323455811e-01,5.243902439024390461e-01,3.316549658775329590e-01,0.000000000000000000e+00
2.054000000000000000e+04,3.799952268600463867e-01,5.365853658536585691e-01,3.250105082988739014e-01,0.000000000000000000e+00
2.055000000000000000e+04,3.816422522068023682e-01,5.121951219512195230e-01,3.256357908248901367e-01,0.000000000000000000e+00
2.056000000000000000e+04,4.116323292255401611e-01,5.243902439024390461e-01,3.758176267147064209e-01,0.000000000000000000e+00
2.057000000000000000e+04,3.907499909400939941e-01,5.121951219512195230e-01,3.543421626091003418e-01,0.000000000000000000e+00
2.058000000000000000e+04,3.977456390857696533e-01,4.878048780487804770e-01,3.706471920013427734e-01,0.000000000000000000e+00
2.059000000000000000e+04,4.397153258323669434e-01,5.243902439024390461e-01,4.135296940803527832e-01,0.000000000000000000e+00
2.060000000000000000e+04,4.351601898670196533e-01,5.121951219512195230e-01,4.227102994918823242e-01,0.000000000000000000e+00
2.061000000000000000e+04,4.242150187492370605e-01,5.731707317073170271e-01,4.016395211219787598e-01,0.000000000000000000e+00
2.062000000000000000e+04,4.204438328742980957e-01,5.365853658536585691e-01,3.936019241809844971e-01,0.000000000000000000e+00
2.063000000000000000e+04,3.664845824241638184e-01,5.487804878048780921e-01,3.110250830650329590e-01,0.000000000000000000e+00
2.064000000000000000e+04,3.370696604251861572e-01,5.487804878048780921e-01,2.676637768745422363e-01,0.000000000000000000e+00
2.065000000000000000e+04,3.611990213394165039e-01,5.487804878048780921e-01,3.175897896289825439e-01,0.000000000000000000e+00
2.066000000000000000e+04,3.753556609153747559e-01,5.853658536585365502e-01,2.987565398216247559e-01,0.000000000000000000e+00
2.067000000000000000e+04,3.752388656139373779e-01,5.487804878048780921e-01,3.161240518093109131e-01,0.000000000000000000e+00
2.068000000000000000e+04,3.781047761440277100e-01,5.121951219512195230e-01,3.291963636875152588e-01,0.000000000000000000e+00
2.069000000000000000e+04,3.819527626037597656e-01,5.243902439024390461e-01,3.289220631122589111e-01,0.000000000000000000e+00
2.070000000000000000e+04,3.753307759761810303e-01,5.609756097560976151e-01,3.049547672271728516e-01,0.000000000000000000e+00
2.071000000000000000e+04,3.907970190048217773e-01,5.365853658536585691e-01,3.531141579151153564e-01,0.000000000000000000e+00
2.072000000000000000e+04,4.184604585170745850e-01,5.000000000000000000e-01,3.547074198722839355e-01,0.000000000000000000e+00
2.073000000000000000e+04,4.099277257919311523e-01,5.243902439024390461e-01,3.689741790294647217e-01,0.000000000000000000e+00
2.074000000000000000e+04,4.048082828521728516e-01,5.243902439024390461e-01,3.599941432476043701e-01,0.000000000000000000e+00
2.075000000000000000e+04,4.053382873535156250e-01,5.243902439024390461e-01,3.473649919033050537e-01,0.000000000000000000e+00
2.076000000000000000e+04,4.573863446712493896e-01,5.121951219512195230e-01,4.332786500453948975e-01,0.000000000000000000e+00
2.077000000000000000e+04,4.533199071884155273e-01,5.365853658536585691e-01,4.197884202003479004e-01,0.000000000000000000e+00
2.078000000000000000e+04,4.264925420284271240e-01,5.121951219512195230e-01,4.006963968276977539e-01,0.000000000000000000e+00
2.079000000000000000e+04,4.229058027267456055e-01,5.609756097560976151e-01,3.923292756080627441e-01,0.000000000000000000e+00
2.080000000000000000e+04,3.903418779373168945e-01,5.243902439024390461e-01,3.541223704814910889e-01,0.000000000000000000e+00
2.081000000000000000e+04,3.804206252098083496e-01,5.487804878048780921e-01,3.574618697166442871e-01,0.000000000000000000e+00
2.082000000000000000e+04,3.893719315528869629e-01,5.121951219512195230e-01,3.635115623474121094e-01,0.000000000000000000e+00
2.083000000000000000e+04,3.977665305137634277e-01,5.365853658536585691e-01,3.155686259269714355e-01,0.000000000000000000e+00
2.084000000000000000e+04,4.142110347747802734e-01,5.000000000000000000e-01,3.629474043846130371e-01,0.000000000000000000e+00
2.085000000000000000e+04,4.034365713596343994e-01,5.731707317073170271e-01,3.645658493041992188e-01,0.000000000000000000e+00
2.086000000000000000e+04,4.170797467231750488e-01,5.365853658536585691e-01,3.755860924720764160e-01,0.000000000000000000e+00
2.087000000000000000e+04,4.251237213611602783e-01,4.756097560975609539e-01,3.742048144340515137e-01,0.000000000000000000e+00
2.088000000000000000e+04,3.843946158885955811e-01,5.365853658536585691e-01,3.028164207935333252e-01,0.000000000000000000e+00
2.089000000000000000e+04,4.226467609405517578e-01,5.609756097560976151e-01,3.674897253513336182e-01,0.000000000000000000e+00
2.090000000000000000e+04,4.346623420715332031e-01,5.121951219512195230e-01,4.112439453601837158e-01,0.000000000000000000e+00
2.091000000000000000e+04,4.280746281147003174e-01,5.487804878048780921e-01,3.801845014095306396e-01,0.000000000000000000e+00
2.092000000000000000e+04,4.178664386272430420e-01,5.487804878048780921e-01,3.673809170722961426e-01,0.000000000000000000e+00
2.093000000000000000e+04,4.550641179084777832e-01,5.243902439024390461e-01,4.144020378589630127e-01,0.000000000000000000e+00
2.094000000000000000e+04,4.724377989768981934e-01,5.365853658536585691e-01,4.297323822975158691e-01,0.000000000000000000e+00
2.095000000000000000e+04,4.713737666606903076e-01,5.365853658536585691e-01,4.309837222099304199e-01,0.000000000000000000e+00
2.096000000000000000e+04,4.610508382320404053e-01,5.000000000000000000e-01,4.207048416137695312e-01,0.000000000000000000e+00
2.097000000000000000e+04,4.322392344474792480e-01,5.000000000000000000e-01,3.869153559207916260e-01,0.000000000000000000e+00
2.098000000000000000e+04,4.263957440853118896e-01,5.609756097560976151e-01,3.738360106945037842e-01,0.000000000000000000e+00
2.099000000000000000e+04,4.217348098754882812e-01,5.121951219512195230e-01,3.798984587192535400e-01,0.000000000000000000e+00
2.100000000000000000e+04,4.232426583766937256e-01,5.609756097560976151e-01,3.601458668708801270e-01,0.000000000000000000e+00
2.101000000000000000e+04,4.019598364830017090e-01,5.243902439024390461e-01,3.170495331287384033e-01,0.000000000000000000e+00
2.102000000000000000e+04,4.389231204986572266e-01,5.121951219512195230e-01,3.793573081493377686e-01,0.000000000000000000e+00
2.103000000000000000e+04,4.478923678398132324e-01,5.000000000000000000e-01,3.932599127292633057e-01,0.000000000000000000e+00
2.104000000000000000e+04,4.339060783386230469e-01,5.609756097560976151e-01,3.681268095970153809e-01,0.000000000000000000e+00
2.105000000000000000e+04,4.410654902458190918e-01,5.609756097560976151e-01,4.020400047302246094e-01,0.000000000000000000e+00
2.106000000000000000e+04,4.452383220195770264e-01,5.487804878048780921e-01,4.059978425502777100e-01,0.000000000000000000e+00
2.107000000000000000e+04,4.657051563262939453e-01,5.121951219512195230e-01,4.247645437717437744e-01,0.000000000000000000e+00
2.108000000000000000e+04,4.865631461143493652e-01,5.000000000000000000e-01,4.593579769134521484e-01,0.000000000000000000e+00
2.109000000000000000e+04,4.572819173336029053e-01,5.243902439024390461e-01,4.135365784168243408e-01,0.000000000000000000e+00
2.110000000000000000e+04,4.279434382915496826e-01,5.365853658536585691e-01,3.626325726509094238e-01,0.000000000000000000e+00
2.111000000000000000e+04,4.338642358779907227e-01,5.365853658536585691e-01,3.806847035884857178e-01,0.000000000000000000e+00
2.112000000000000000e+04,4.348480403423309326e-01,5.365853658536585691e-01,3.904903829097747803e-01,0.000000000000000000e+00
2.113000000000000000e+04,4.173783957958221436e-01,5.243902439024390461e-01,3.588132262229919434e-01,0.000000000000000000e+00
2.114000000000000000e+04,4.315400421619415283e-01,5.365853658536585691e-01,3.971962332725524902e-01,0.000000000000000000e+00
2.115000000000000000e+04,4.347083866596221924e-01,5.365853658536585691e-01,3.899355828762054443e-01,0.000000000000000000e+00
2.116000000000000000e+04,4.325488507747650146e-01,5.487804878048780921e-01,3.914748430252075195e-01,0.000000000000000000e+00
2.117000000000000000e+04,4.275581240653991699e-01,5.243902439024390461e-01,3.822992444038391113e-01,0.000000000000000000e+00
2.118000000000000000e+04,4.150339663028717041e-01,5.243902439024390461e-01,3.442193567752838135e-01,0.000000000000000000e+00
2.119000000000000000e+04,3.912215232849121094e-01,5.121951219512195230e-01,3.341308534145355225e-01,0.000000000000000000e+00
2.120000000000000000e+04,3.881018459796905518e-01,5.487804878048780921e-01,3.153684437274932861e-01,0.000000000000000000e+00
2.121000000000000000e+04,3.991942703723907471e-01,5.243902439024390461e-01,3.332634568214416504e-01,0.000000000000000000e+00
2.122000000000000000e+04,4.150498807430267334e-01,5.365853658536585691e-01,3.592023551464080811e-01,0.000000000000000000e+00
2.123000000000000000e+04,4.116332530975341797e-01,5.365853658536585691e-01,3.719111382961273193e-01,0.000000000000000000e+00
2.124000000000000000e+04,4.081728458404541016e-01,5.487804878048780921e-01,3.679368793964385986e-01,0.000000000000000000e+00
2.125000000000000000e+04,4.342555999755859375e-01,5.121951219512195230e-01,4.020626544952392578e-01,0.000000000000000000e+00
2.126000000000000000e+04,4.434844553470611572e-01,5.365853658536585691e-01,4.225859344005584717e-01,0.000000000000000000e+00
2.127000000000000000e+04,4.426399767398834229e-01,5.487804878048780921e-01,4.278406500816345215e-01,0.000000000000000000e+00
2.128000000000000000e+04,4.013141691684722900e-01,5.731707317073170271e-01,3.659584820270538330e-01,0.000000000000000000e+00
2.129000000000000000e+04,4.316086173057556152e-01,5.609756097560976151e-01,4.032470285892486572e-01,0.000000000000000000e+00
2.130000000000000000e+04,4.363205134868621826e-01,5.609756097560976151e-01,4.140481650829315186e-01,0.000000000000000000e+00
2.131000000000000000e+04,4.590519666671752930e-01,5.731707317073170271e-01,4.365574419498443604e-01,0.000000000000000000e+00
2.132000000000000000e+04,4.342695474624633789e-01,5.365853658536585691e-01,4.189103245735168457e-01,0.000000000000000000e+00
2.133000000000000000e+04,4.457051157951354980e-01,5.609756097560976151e-01,4.159460365772247314e-01,0.000000000000000000e+00
2.134000000000000000e+04,4.464274048805236816e-01,5.487804878048780921e-01,4.038051366806030273e-01,0.000000000000000000e+00
2.135000000000000000e+04,4.491158425807952881e-01,5.487804878048780921e-01,4.163093864917755127e-01,0.000000000000000000e+00
2.136000000000000000e+04,4.466263949871063232e-01,5.487804878048780921e-01,4.079033732414245605e-01,0.000000000000000000e+00
2.137000000000000000e+04,4.679294526576995850e-01,5.853658536585365502e-01,4.505584836006164551e-01,0.000000000000000000e+00
2.138000000000000000e+04,5.009291768074035645e-01,5.609756097560976151e-01,4.872340857982635498e-01,0.000000000000000000e+00
2.139000000000000000e+04,5.095323920249938965e-01,5.243902439024390461e-01,5.019361972808837891e-01,0.000000000000000000e+00
2.140000000000000000e+04,5.216990709304809570e-01,5.243902439024390461e-01,5.252145528793334961e-01,0.000000000000000000e+00
2.141000000000000000e+04,5.244278311729431152e-01,5.365853658536585691e-01,5.127702951431274414e-01,0.000000000000000000e+00
2.142000000000000000e+04,5.390243530273437500e-01,5.121951219512195230e-01,5.348595380783081055e-01,0.000000000000000000e+00
2.143000000000000000e+04,5.496364831924438477e-01,5.365853658536585691e-01,5.545301437377929688e-01,0.000000000000000000e+00
2.144000000000000000e+04,5.304172635078430176e-01,5.609756097560976151e-01,5.299471616744995117e-01,0.000000000000000000e+00
2.145000000000000000e+04,5.247223377227783203e-01,5.121951219512195230e-01,5.006749629974365234e-01,0.000000000000000000e+00
2.146000000000000000e+04,5.451199412345886230e-01,5.243902439024390461e-01,5.326700806617736816e-01,0.000000000000000000e+00
2.147000000000000000e+04,5.064107775688171387e-01,5.487804878048780921e-01,4.919717907905578613e-01,0.000000000000000000e+00
2.148000000000000000e+04,4.952332973480224609e-01,5.121951219512195230e-01,4.946252107620239258e-01,0.000000000000000000e+00
2.149000000000000000e+04,4.764363169670104980e-01,5.243902439024390461e-01,4.500199854373931885e-01,0.000000000000000000e+00
2.150000000000000000e+04,5.064660906791687012e-01,5.609756097560976151e-01,4.713794589042663574e-01,0.000000000000000000e+00
2.151000000000000000e+04,5.123037695884704590e-01,5.000000000000000000e-01,4.858884513378143311e-01,0.000000000000000000e+00
2.152000000000000000e+04,5.180143117904663086e-01,5.121951219512195230e-01,4.900415837764739990e-01,0.000000000000000000e+00
2.153000000000000000e+04,5.289501547813415527e-01,5.243902439024390461e-01,4.923161268234252930e-01,0.000000000000000000e+00
2.154000000000000000e+04,5.045642256736755371e-01,5.243902439024390461e-01,4.926131069660186768e-01,0.000000000000000000e+00
2.155000000000000000e+04,4.708739817142486572e-01,5.243902439024390461e-01,4.296755492687225342e-01,0.000000000000000000e+00
2.156000000000000000e+04,4.703421890735626221e-01,5.609756097560976151e-01,4.430485963821411133e-01,0.000000000000000000e+00
2.157000000000000000e+04,4.976651072502136230e-01,5.121951219512195230e-01,4.698527157306671143e-01,0.000000000000000000e+00
2.158000000000000000e+04,4.979777932167053223e-01,5.243902439024390461e-01,4.728351235389709473e-01,0.000000000000000000e+00
2.159000000000000000e+04,5.064175724983215332e-01,5.243902439024390461e-01,4.710329771041870117e-01,0.000000000000000000e+00
2.160000000000000000e+04,4.876014590263366699e-01,5.243902439024390461e-01,4.619522988796234131e-01,0.000000000000000000e+00
2.161000000000000000e+04,4.984753727912902832e-01,5.487804878048780921e-01,4.703218042850494385e-01,0.000000000000000000e+00
2.162000000000000000e+04,5.169625878334045410e-01,5.000000000000000000e-01,5.038470029830932617e-01,0.000000000000000000e+00
2.163000000000000000e+04,4.981571733951568604e-01,5.365853658536585691e-01,4.832742810249328613e-01,0.000000000000000000e+00
2.164000000000000000e+04,5.596925616264343262e-01,5.121951219512195230e-01,5.597698688507080078e-01,0.000000000000000000e+00
2.165000000000000000e+04,5.600690841674804688e-01,5.609756097560976151e-01,5.652568936347961426e-01,0.000000000000000000e+00
2.166000000000000000e+04,5.496596693992614746e-01,5.487804878048780921e-01,5.607073307037353516e-01,0.000000000000000000e+00
2.167000000000000000e+04,5.262218117713928223e-01,5.487804878048780921e-01,5.534496307373046875e-01,0.000000000000000000e+00
2.168000000000000000e+04,5.159806609153747559e-01,5.365853658536585691e-01,5.216322541236877441e-01,0.000000000000000000e+00
2.169000000000000000e+04,5.272747874259948730e-01,5.121951219512195230e-01,5.308480262756347656e-01,0.000000000000000000e+00
2.170000000000000000e+04,5.131406188011169434e-01,5.365853658536585691e-01,5.181478261947631836e-01,0.000000000000000000e+00
2.171000000000000000e+04,5.194606184959411621e-01,5.487804878048780921e-01,5.169922113418579102e-01,0.000000000000000000e+00
2.172000000000000000e+04,5.263188481330871582e-01,5.365853658536585691e-01,5.238254070281982422e-01,0.000000000000000000e+00
2.173000000000000000e+04,5.144102573394775391e-01,5.243902439024390461e-01,5.126451253890991211e-01,0.000000000000000000e+00
2.174000000000000000e+04,5.002728104591369629e-01,5.731707317073170271e-01,4.941295683383941650e-01,0.000000000000000000e+00
2.175000000000000000e+04,5.167282223701477051e-01,5.487804878048780921e-01,5.229134559631347656e-01,0.000000000000000000e+00
2.176000000000000000e+04,4.904518723487854004e-01,5.731707317073170271e-01,4.939053356647491455e-01,0.000000000000000000e+00
2.177000000000000000e+04,5.307689309120178223e-01,5.609756097560976151e-01,5.511410236358642578e-01,0.000000000000000000e+00
2.178000000000000000e+04,5.673099756240844727e-01,5.609756097560976151e-01,5.849954485893249512e-01,0.000000000000000000e+00
2.179000000000000000e+04,5.694734454154968262e-01,5.609756097560976151e-01,5.977522730827331543e-01,0.000000000000000000e+00
2.180000000000000000e+04,5.530180335044860840e-01,5.487804878048780921e-01,5.898066759109497070e-01,0.000000000000000000e+00
2.181000000000000000e+04,5.622029304504394531e-01,5.487804878048780921e-01,5.706776380538940430e-01,0.000000000000000000e+00
2.182000000000000000e+04,5.564031600952148438e-01,5.609756097560976151e-01,5.843185186386108398e-01,0.000000000000000000e+00
2.183000000000000000e+04,5.370727181434631348e-01,5.853658536585365502e-01,5.470385551452636719e-01,0.000000000000000000e+00
2.184000000000000000e+04,5.508714318275451660e-01,5.487804878048780921e-01,5.532822608947753906e-01,0.000000000000000000e+00
2.185000000000000000e+04,5.546530485153198242e-01,5.365853658536585691e-01,5.583990216255187988e-01,0.000000000000000000e+00
2.186000000000000000e+04,5.620011687278747559e-01,5.365853658536585691e-01,5.749641656875610352e-01,0.000000000000000000e+00
2.187000000000000000e+04,5.338230133056640625e-01,5.609756097560976151e-01,5.438122153282165527e-01,0.000000000000000000e+00
2.188000000000000000e+04,5.568352341651916504e-01,5.487804878048780921e-01,5.695533156394958496e-01,0.000000000000000000e+00
2.189000000000000000e+04,5.289366841316223145e-01,5.487804878048780921e-01,5.385932326316833496e-01,0.000000000000000000e+00
2.190000000000000000e+04,5.566188097000122070e-01,5.609756097560976151e-01,5.744469761848449707e-01,0.000000000000000000e+00
2.191000000000000000e+04,5.522871017456054688e-01,5.121951219512195230e-01,5.566506981849670410e-01,0.000000000000000000e+00
2.192000000000000000e+04,5.586310625076293945e-01,5.365853658536585691e-01,5.784444212913513184e-01,0.000000000000000000e+00
2.193000000000000000e+04,5.381186008453369141e-01,5.487804878048780921e-01,5.650546550750732422e-01,0.000000000000000000e+00
2.194000000000000000e+04,5.433579683303833008e-01,5.243902439024390461e-01,5.725237727165222168e-01,0.000000000000000000e+00
2.195000000000000000e+04,5.428513884544372559e-01,5.487804878048780921e-01,5.586470365524291992e-01,0.000000000000000000e+00
2.196000000000000000e+04,5.732711553573608398e-01,5.365853658536585691e-01,6.158760190010070801e-01,0.000000000000000000e+00
2.197000000000000000e+04,6.001755595207214355e-01,5.243902439024390461e-01,6.322978138923645020e-01,0.000000000000000000e+00
2.198000000000000000e+04,5.806285738945007324e-01,5.243902439024390461e-01,6.078138947486877441e-01,0.000000000000000000e+00
2.199000000000000000e+04,5.418774485588073730e-01,5.487804878048780921e-01,5.391384959220886230e-01,0.000000000000000000e+00
2.200000000000000000e+04,5.561156868934631348e-01,5.609756097560976151e-01,5.578552484512329102e-01,0.000000000000000000e+00
2.201000000000000000e+04,5.726150274276733398e-01,5.487804878048780921e-01,5.865845680236816406e-01,0.000000000000000000e+00
2.202000000000000000e+04,5.839518904685974121e-01,5.243902439024390461e-01,6.082914471626281738e-01,0.000000000000000000e+00
2.203000000000000000e+04,5.463324189186096191e-01,5.243902439024390461e-01,5.555022954940795898e-01,0.000000000000000000e+00
2.204000000000000000e+04,5.312863588333129883e-01,5.121951219512195230e-01,5.368169546127319336e-01,0.000000000000000000e+00
2.205000000000000000e+04,5.398958325386047363e-01,5.365853658536585691e-01,5.187339782714843750e-01,0.000000000000000000e+00
2.206000000000000000e+04,5.516440868377685547e-01,5.243902439024390461e-01,5.384749174118041992e-01,0.000000000000000000e+00
2.207000000000000000e+04,5.507289767265319824e-01,5.365853658536585691e-01,5.522021055221557617e-01,0.000000000000000000e+00
2.208000000000000000e+04,5.540577173233032227e-01,5.121951219512195230e-01,5.659077763557434082e-01,0.000000000000000000e+00
2.209000000000000000e+04,5.644749402999877930e-01,5.487804878048780921e-01,5.750020742416381836e-01,0.000000000000000000e+00
2.210000000000000000e+04,5.733850002288818359e-01,5.243902439024390461e-01,5.744989514350891113e-01,0.000000000000000000e+00
2.211000000000000000e+04,6.129206418991088867e-01,5.000000000000000000e-01,6.210079789161682129e-01,0.000000000000000000e+00
2.212000000000000000e+04,6.045376658439636230e-01,5.365853658536585691e-01,6.161122322082519531e-01,0.000000000000000000e+00
2.213000000000000000e+04,5.540664196014404297e-01,5.609756097560976151e-01,5.506961941719055176e-01,0.000000000000000000e+00
2.214000000000000000e+04,5.408086776733398438e-01,5.365853658536585691e-01,5.301843881607055664e-01,0.000000000000000000e+00
2.215000000000000000e+04,5.237647891044616699e-01,5.487804878048780921e-01,5.232428312301635742e-01,0.000000000000000000e+00
2.216000000000000000e+04,5.583276748657226562e-01,5.609756097560976151e-01,5.582570433616638184e-01,0.000000000000000000e+00
2.217000000000000000e+04,5.540980100631713867e-01,5.365853658536585691e-01,5.563700199127197266e-01,0.000000000000000000e+00
2.218000000000000000e+04,5.956842899322509766e-01,5.121951219512195230e-01,6.062602400779724121e-01,0.000000000000000000e+00
2.219000000000000000e+04,6.064835190773010254e-01,5.487804878048780921e-01,6.148687601089477539e-01,0.000000000000000000e+00
2.220000000000000000e+04,6.301251053810119629e-01,5.243902439024390461e-01,6.511029005050659180e-01,0.000000000000000000e+00
2.221000000000000000e+04,6.205658316612243652e-01,5.365853658536585691e-01,6.307193636894226074e-01,0.000000000000000000e+00
2.222000000000000000e+04,6.361207962036132812e-01,5.609756097560976151e-01,6.427873373031616211e-01,0.000000000000000000e+00
2.223000000000000000e+04,5.810616612434387207e-01,5.243902439024390461e-01,5.804570317268371582e-01,0.000000000000000000e+00
2.224000000000000000e+04,6.080316305160522461e-01,5.365853658536585691e-01,6.022465229034423828e-01,0.000000000000000000e+00
2.225000000000000000e+04,5.864664316177368164e-01,5.243902439024390461e-01,5.882709622383117676e-01,0.000000000000000000e+00
2.226000000000000000e+04,5.827516317367553711e-01,5.243902439024390461e-01,5.902256965637207031e-01,0.000000000000000000e+00
2.227000000000000000e+04,5.776585340499877930e-01,5.731707317073170271e-01,5.766276121139526367e-01,0.000000000000000000e+00
2.228000000000000000e+04,5.646639466285705566e-01,5.365853658536585691e-01,5.421540141105651855e-01,0.000000000000000000e+00
2.229000000000000000e+04,5.686360001564025879e-01,5.365853658536585691e-01,5.524802803993225098e-01,0.000000000000000000e+00
2.230000000000000000e+04,5.880905985832214355e-01,5.121951219512195230e-01,6.066700220108032227e-01,0.000000000000000000e+00
2.231000000000000000e+04,5.607255101203918457e-01,5.365853658536585691e-01,5.666480660438537598e-01,0.000000000000000000e+00
2.232000000000000000e+04,5.436576604843139648e-01,5.365853658536585691e-01,5.469433665275573730e-01,0.000000000000000000e+00
2.233000000000000000e+04,5.283132791519165039e-01,5.000000000000000000e-01,5.276647806167602539e-01,0.000000000000000000e+00
2.234000000000000000e+04,5.091729164123535156e-01,5.365853658536585691e-01,4.940343201160430908e-01,0.000000000000000000e+00
2.235000000000000000e+04,4.920585453510284424e-01,5.243902439024390461e-01,4.720130860805511475e-01,0.000000000000000000e+00
2.236000000000000000e+04,5.056241154670715332e-01,5.609756097560976151e-01,4.857767820358276367e-01,0.000000000000000000e+00
2.237000000000000000e+04,4.917756319046020508e-01,5.609756097560976151e-01,4.900650680065155029e-01,0.000000000000000000e+00
2.238000000000000000e+04,5.297919511795043945e-01,5.121951219512195230e-01,5.231009721755981445e-01,0.000000000000000000e+00
2.239000000000000000e+04,4.871148467063903809e-01,5.609756097560976151e-01,4.782435894012451172e-01,0.000000000000000000e+00
2.240000000000000000e+04,4.671739041805267334e-01,5.365853658536585691e-01,4.493474960327148438e-01,0.000000000000000000e+00
2.241000000000000000e+04,4.858614802360534668e-01,5.487804878048780921e-01,4.329843223094940186e-01,0.000000000000000000e+00
2.242000000000000000e+04,4.649831354618072510e-01,5.731707317073170271e-01,4.275026321411132812e-01,0.000000000000000000e+00
2.243000000000000000e+04,4.785207509994506836e-01,5.487804878048780921e-01,4.128151237964630127e-01,0.000000000000000000e+00
2.244000000000000000e+04,4.759472012519836426e-01,5.121951219512195230e-01,4.427779912948608398e-01,0.000000000000000000e+00
2.245000000000000000e+04,4.513495862483978271e-01,5.365853658536585691e-01,3.808602392673492432e-01,0.000000000000000000e+00
2.246000000000000000e+04,4.622200429439544678e-01,5.243902439024390461e-01,4.022656977176666260e-01,0.000000000000000000e+00
2.247000000000000000e+04,4.710081219673156738e-01,5.731707317073170271e-01,4.007396996021270752e-01,0.000000000000000000e+00
2.248000000000000000e+04,4.459383189678192139e-01,5.365853658536585691e-01,3.865137100219726562e-01,0.000000000000000000e+00
2.249000000000000000e+04,4.648536741733551025e-01,5.487804878048780921e-01,4.213867783546447754e-01,0.000000000000000000e+00
2.250000000000000000e+04,4.960130751132965088e-01,5.000000000000000000e-01,4.558383524417877197e-01,0.000000000000000000e+00
2.251000000000000000e+04,5.028789043426513672e-01,5.731707317073170271e-01,4.536608159542083740e-01,0.000000000000000000e+00
2.252000000000000000e+04,5.312978625297546387e-01,5.243902439024390461e-01,4.904462397098541260e-01,0.000000000000000000e+00
2.253000000000000000e+04,5.280230641365051270e-01,5.365853658536585691e-01,4.868110120296478271e-01,0.000000000000000000e+00
2.254000000000000000e+04,4.999883770942687988e-01,5.609756097560976151e-01,4.510522186756134033e-01,0.000000000000000000e+00
2.255000000000000000e+04,4.869188070297241211e-01,5.243902439024390461e-01,4.354776442050933838e-01,0.000000000000000000e+00
2.256000000000000000e+04,5.066085457801818848e-01,5.487804878048780921e-01,4.445314705371856689e-01,0.000000000000000000e+00
2.257000000000000000e+04,5.322271585464477539e-01,5.487804878048780921e-01,5.091985464096069336e-01,0.000000000000000000e+00
2.258000000000000000e+04,5.324538946151733398e-01,5.365853658536585691e-01,5.172095894813537598e-01,0.000000000000000000e+00
2.259000000000000000e+04,4.999313354492187500e-01,5.609756097560976151e-01,4.657726883888244629e-01,0.000000000000000000e+00
2.260000000000000000e+04,4.702392518520355225e-01,5.243902439024390461e-01,4.572678208351135254e-01,0.000000000000000000e+00
2.261000000000000000e+04,4.570497870445251465e-01,5.487804878048780921e-01,4.251019656658172607e-01,0.000000000000000000e+00
2.262000000000000000e+04,4.428425133228302002e-01,5.365853658536585691e-01,4.122664928436279297e-01,0.000000000000000000e+00
2.263000000000000000e+04,4.720600843429565430e-01,5.609756097560976151e-01,4.249699711799621582e-01,0.000000000000000000e+00
2.264000000000000000e+04,4.670141041278839111e-01,5.365853658536585691e-01,4.187995493412017822e-01,0.000000000000000000e+00
2.265000000000000000e+04,4.659852683544158936e-01,5.121951219512195230e-01,4.370787441730499268e-01,0.000000000000000000e+00
2.266000000000000000e+04,4.803025722503662109e-01,5.243902439024390461e-01,4.659750163555145264e-01,0.000000000000000000e+00
2.267000000000000000e+04,4.667725861072540283e-01,5.487804878048780921e-01,4.527778029441833496e-01,0.000000000000000000e+00
2.268000000000000000e+04,4.665404558181762695e-01,5.609756097560976151e-01,4.368583261966705322e-01,0.000000000000000000e+00
2.269000000000000000e+04,4.498274624347686768e-01,5.609756097560976151e-01,3.962498903274536133e-01,0.000000000000000000e+00
2.270000000000000000e+04,4.517813920974731445e-01,5.731707317073170271e-01,4.130903780460357666e-01,0.000000000000000000e+00
2.271000000000000000e+04,4.588576853275299072e-01,5.365853658536585691e-01,4.216342270374298096e-01,0.000000000000000000e+00
2.272000000000000000e+04,4.865242242813110352e-01,5.243902439024390461e-01,4.418161809444427490e-01,0.000000000000000000e+00
2.273000000000000000e+04,4.515193402767181396e-01,5.609756097560976151e-01,4.018856287002563477e-01,0.000000000000000000e+00
2.274000000000000000e+04,4.768843352794647217e-01,5.365853658536585691e-01,4.513474404811859131e-01,0.000000000000000000e+00
2.275000000000000000e+04,4.621765017509460449e-01,5.609756097560976151e-01,4.115037918090820312e-01,0.000000000000000000e+00
2.276000000000000000e+04,4.481946229934692383e-01,5.487804878048780921e-01,4.002815186977386475e-01,0.000000000000000000e+00
2.277000000000000000e+04,4.351850748062133789e-01,5.487804878048780921e-01,3.759713470935821533e-01,0.000000000000000000e+00
2.278000000000000000e+04,4.279550015926361084e-01,5.365853658536585691e-01,3.712137341499328613e-01,0.000000000000000000e+00
2.279000000000000000e+04,4.386693239212036133e-01,5.487804878048780921e-01,3.947679996490478516e-01,0.000000000000000000e+00
2.280000000000000000e+04,4.460278749465942383e-01,5.243902439024390461e-01,3.879090249538421631e-01,0.000000000000000000e+00
2.281000000000000000e+04,4.558958411216735840e-01,5.731707317073170271e-01,4.132895171642303467e-01,0.000000000000000000e+00
2.282000000000000000e+04,4.901496767997741699e-01,5.487804878048780921e-01,4.604324996471405029e-01,0.000000000000000000e+00
2.283000000000000000e+04,4.850245118141174316e-01,5.365853658536585691e-01,4.593283236026763916e-01,0.000000000000000000e+00
2.284000000000000000e+04,5.501911640167236328e-01,5.487804878048780921e-01,5.416117906570434570e-01,0.000000000000000000e+00
2.285000000000000000e+04,5.392992496490478516e-01,5.121951219512195230e-01,5.148729681968688965e-01,0.000000000000000000e+00
2.286000000000000000e+04,5.406725406646728516e-01,5.609756097560976151e-01,5.284218788146972656e-01,0.000000000000000000e+00
2.287000000000000000e+04,5.682076215744018555e-01,5.487804878048780921e-01,5.417016148567199707e-01,0.000000000000000000e+00
2.288000000000000000e+04,5.634726881980895996e-01,5.487804878048780921e-01,5.469309687614440918e-01,0.000000000000000000e+00
2.289000000000000000e+04,5.670920014381408691e-01,5.853658536585365502e-01,5.426155924797058105e-01,0.000000000000000000e+00
2.290000000000000000e+04,5.656889677047729492e-01,5.731707317073170271e-01,5.457316040992736816e-01,0.000000000000000000e+00
2.291000000000000000e+04,5.353403687477111816e-01,5.609756097560976151e-01,5.027979612350463867e-01,0.000000000000000000e+00
2.292000000000000000e+04,5.560038089752197266e-01,5.975609756097560732e-01,5.535122752189636230e-01,0.000000000000000000e+00
2.293000000000000000e+04,5.919352769851684570e-01,5.975609756097560732e-01,5.922101140022277832e-01,0.000000000000000000e+00
2.294000000000000000e+04,5.767513513565063477e-01,5.731707317073170271e-01,5.557152032852172852e-01,0.000000000000000000e+00
2.295000000000000000e+04,5.892476439476013184e-01,5.609756097560976151e-01,5.885929465293884277e-01,0.000000000000000000e+00
2.296000000000000000e+04,5.991767644882202148e-01,5.609756097560976151e-01,5.942371487617492676e-01,0.000000000000000000e+00
2.297000000000000000e+04,5.874396562576293945e-01,5.609756097560976151e-01,5.700613260269165039e-01,0.000000000000000000e+00
2.298000000000000000e+04,5.919208526611328125e-01,5.731707317073170271e-01,5.826669335365295410e-01,0.000000000000000000e+00
2.299000000000000000e+04,5.996640324592590332e-01,5.609756097560976151e-01,5.798299908638000488e-01,0.000000000000000000e+00
2.300000000000000000e+04,6.045026779174804688e-01,5.731707317073170271e-01,5.745474100112915039e-01,0.000000000000000000e+00
2.301000000000000000e+04,6.032316684722900391e-01,5.487804878048780921e-01,5.735043287277221680e-01,0.000000000000000000e+00
2.302000000000000000e+04,6.126054525375366211e-01,5.487804878048780921e-01,5.711396336555480957e-01,0.000000000000000000e+00
2.303000000000000000e+04,5.988829731941223145e-01,5.365853658536585691e-01,5.551177263259887695e-01,0.000000000000000000e+00
2.304000000000000000e+04,5.701335668563842773e-01,5.243902439024390461e-01,5.349125862121582031e-01,0.000000000000000000e+00
2.305000000000000000e+04,5.475690960884094238e-01,5.365853658536585691e-01,5.327884554862976074e-01,0.000000000000000000e+00
2.306000000000000000e+04,5.439544916152954102e-01,5.487804878048780921e-01,5.229036211967468262e-01,0.000000000000000000e+00
2.307000000000000000e+04,5.550422072410583496e-01,5.487804878048780921e-01,5.080747008323669434e-01,0.000000000000000000e+00
2.308000000000000000e+04,5.348897576332092285e-01,5.731707317073170271e-01,4.829378426074981689e-01,0.000000000000000000e+00
2.309000000000000000e+04,5.383074283599853516e-01,5.731707317073170271e-01,4.895562529563903809e-01,0.000000000000000000e+00
2.310000000000000000e+04,5.546796321868896484e-01,5.609756097560976151e-01,5.292499661445617676e-01,0.000000000000000000e+00
2.311000000000000000e+04,5.488782525062561035e-01,5.609756097560976151e-01,5.190833806991577148e-01,0.000000000000000000e+00
2.312000000000000000e+04,5.212222933769226074e-01,5.365853658536585691e-01,4.753928780555725098e-01,0.000000000000000000e+00
2.313000000000000000e+04,5.244856476783752441e-01,5.365853658536585691e-01,4.935548603534698486e-01,0.000000000000000000e+00
2.314000000000000000e+04,5.447872877120971680e-01,5.365853658536585691e-01,5.072803497314453125e-01,0.000000000000000000e+00
2.315000000000000000e+04,5.690779685974121094e-01,5.365853658536585691e-01,5.316836833953857422e-01,0.000000000000000000e+00
2.316000000000000000e+04,5.769261717796325684e-01,5.487804878048780921e-01,5.679561495780944824e-01,0.000000000000000000e+00
2.317000000000000000e+04,5.571868419647216797e-01,5.487804878048780921e-01,5.144452452659606934e-01,0.000000000000000000e+00
2.318000000000000000e+04,5.579007863998413086e-01,5.365853658536585691e-01,5.434676408767700195e-01,0.000000000000000000e+00
2.319000000000000000e+04,5.600838661193847656e-01,5.243902439024390461e-01,5.182741284370422363e-01,0.000000000000000000e+00
2.320000000000000000e+04,5.697283148765563965e-01,5.487804878048780921e-01,5.591363906860351562e-01,0.000000000000000000e+00
2.321000000000000000e+04,5.560995936393737793e-01,5.365853658536585691e-01,5.225228071212768555e-01,0.000000000000000000e+00
2.322000000000000000e+04,5.285831689834594727e-01,5.243902439024390461e-01,4.909351468086242676e-01,0.000000000000000000e+00
2.323000000000000000e+04,5.221261978149414062e-01,5.609756097560976151e-01,4.973087310791015625e-01,0.000000000000000000e+00
2.324000000000000000e+04,4.972031116485595703e-01,5.365853658536585691e-01,4.653256535530090332e-01,0.000000000000000000e+00
2.325000000000000000e+04,5.293304324150085449e-01,5.487804878048780921e-01,5.097010731697082520e-01,0.000000000000000000e+00
2.326000000000000000e+04,5.296947360038757324e-01,5.609756097560976151e-01,5.009871125221252441e-01,0.000000000000000000e+00
2.327000000000000000e+04,5.602602958679199219e-01,5.609756097560976151e-01,5.606845617294311523e-01,0.000000000000000000e+00
2.328000000000000000e+04,5.505153536796569824e-01,5.731707317073170271e-01,5.282633304595947266e-01,0.000000000000000000e+00
2.329000000000000000e+04,5.311506390571594238e-01,6.219512195121951192e-01,5.046507120132446289e-01,0.000000000000000000e+00
2.330000000000000000e+04,5.413942933082580566e-01,5.853658536585365502e-01,5.163320302963256836e-01,0.000000000000000000e+00
2.331000000000000000e+04,5.528272390365600586e-01,5.975609756097560732e-01,5.321049690246582031e-01,0.000000000000000000e+00
2.332000000000000000e+04,5.664159059524536133e-01,6.097560975609755962e-01,5.439884662628173828e-01,0.000000000000000000e+00
2.333000000000000000e+04,5.525295138359069824e-01,5.731707317073170271e-01,5.178962349891662598e-01,0.000000000000000000e+00
2.334000000000000000e+04,5.559548139572143555e-01,5.853658536585365502e-01,5.139048099517822266e-01,0.000000000000000000e+00
2.335000000000000000e+04,5.463735461235046387e-01,5.609756097560976151e-01,5.044860839843750000e-01,0.000000000000000000e+00
2.336000000000000000e+04,4.969498813152313232e-01,6.219512195121951192e-01,4.264734983444213867e-01,0.000000000000000000e+00
2.337000000000000000e+04,4.914132058620452881e-01,5.609756097560976151e-01,3.918543457984924316e-01,0.000000000000000000e+00
2.338000000000000000e+04,4.957824051380157471e-01,5.975609756097560732e-01,4.278559684753417969e-01,0.000000000000000000e+00
2.339000000000000000e+04,4.580774009227752686e-01,5.853658536585365502e-01,3.751606047153472900e-01,0.000000000000000000e+00
2.340000000000000000e+04,4.653588831424713135e-01,5.853658536585365502e-01,3.939895629882812500e-01,0.000000000000000000e+00
2.341000000000000000e+04,4.771590828895568848e-01,5.853658536585365502e-01,4.075917899608612061e-01,0.000000000000000000e+00
2.342000000000000000e+04,4.806293845176696777e-01,5.853658536585365502e-01,4.308091998100280762e-01,0.000000000000000000e+00
2.343000000000000000e+04,4.754682481288909912e-01,5.853658536585365502e-01,4.053821861743927002e-01,0.000000000000000000e+00
2.344000000000000000e+04,4.879742562770843506e-01,5.731707317073170271e-01,4.337073266506195068e-01,0.000000000000000000e+00
2.345000000000000000e+04,4.989773631095886230e-01,5.731707317073170271e-01,4.340842664241790771e-01,0.000000000000000000e+00
2.346000000000000000e+04,5.003630518913269043e-01,5.731707317073170271e-01,4.433587789535522461e-01,0.000000000000000000e+00
2.347000000000000000e+04,5.152068734169006348e-01,5.487804878048780921e-01,4.635795950889587402e-01,0.000000000000000000e+00
2.348000000000000000e+04,4.748301506042480469e-01,5.609756097560976151e-01,3.857183754444122314e-01,0.000000000000000000e+00
2.349000000000000000e+04,4.948959052562713623e-01,5.731707317073170271e-01,4.437060952186584473e-01,0.000000000000000000e+00
2.350000000000000000e+04,5.099332928657531738e-01,5.975609756097560732e-01,4.524944126605987549e-01,0.000000000000000000e+00
2.351000000000000000e+04,4.703575968742370605e-01,5.731707317073170271e-01,4.099927246570587158e-01,0.000000000000000000e+00
2.352000000000000000e+04,5.001254677772521973e-01,5.487804878048780921e-01,4.281661510467529297e-01,0.000000000000000000e+00
2.353000000000000000e+04,5.096624493598937988e-01,5.853658536585365502e-01,4.507040083408355713e-01,0.000000000000000000e+00
2.354000000000000000e+04,5.136553049087524414e-01,5.853658536585365502e-01,4.646380543708801270e-01,0.000000000000000000e+00
2.355000000000000000e+04,5.082073807716369629e-01,5.731707317073170271e-01,4.667467474937438965e-01,0.000000000000000000e+00
2.356000000000000000e+04,5.401479601860046387e-01,5.243902439024390461e-01,5.125166773796081543e-01,0.000000000000000000e+00
2.357000000000000000e+04,5.246706008911132812e-01,5.975609756097560732e-01,4.806344509124755859e-01,0.000000000000000000e+00
2.358000000000000000e+04,5.220352411270141602e-01,5.731707317073170271e-01,4.789255857467651367e-01,0.000000000000000000e+00
2.359000000000000000e+04,5.090273618698120117e-01,5.243902439024390461e-01,4.577373266220092773e-01,0.000000000000000000e+00
2.360000000000000000e+04,5.207497477531433105e-01,5.487804878048780921e-01,4.942756891250610352e-01,0.000000000000000000e+00
2.361000000000000000e+04,5.389792323112487793e-01,5.243902439024390461e-01,5.021175742149353027e-01,0.000000000000000000e+00
2.362000000000000000e+04,5.378166437149047852e-01,5.365853658536585691e-01,4.895260035991668701e-01,0.000000000000000000e+00
2.363000000000000000e+04,5.204972624778747559e-01,5.731707317073170271e-01,4.443242549896240234e-01,0.000000000000000000e+00
2.364000000000000000e+04,5.489584803581237793e-01,5.731707317073170271e-01,4.757645130157470703e-01,0.000000000000000000e+00
2.365000000000000000e+04,5.648617744445800781e-01,5.487804878048780921e-01,5.289977192878723145e-01,0.000000000000000000e+00
2.366000000000000000e+04,5.483539700508117676e-01,5.609756097560976151e-01,5.055154561996459961e-01,0.000000000000000000e+00
2.367000000000000000e+04,5.486508011817932129e-01,5.121951219512195230e-01,5.368474721908569336e-01,0.000000000000000000e+00
2.368000000000000000e+04,5.475380420684814453e-01,5.365853658536585691e-01,5.472280383110046387e-01,0.000000000000000000e+00
2.369000000000000000e+04,5.501172542572021484e-01,5.487804878048780921e-01,5.388222336769104004e-01,0.000000000000000000e+00
2.370000000000000000e+04,5.404152274131774902e-01,5.243902439024390461e-01,5.369334816932678223e-01,0.000000000000000000e+00
2.371000000000000000e+04,5.177502036094665527e-01,5.365853658536585691e-01,4.903925657272338867e-01,0.000000000000000000e+00
2.372000000000000000e+04,5.358688831329345703e-01,5.243902439024390461e-01,4.935936331748962402e-01,0.000000000000000000e+00
2.373000000000000000e+04,5.105773210525512695e-01,5.487804878048780921e-01,4.574424326419830322e-01,0.000000000000000000e+00
2.374000000000000000e+04,4.635128676891326904e-01,5.609756097560976151e-01,4.045889079570770264e-01,0.000000000000000000e+00
2.375000000000000000e+04,4.739271700382232666e-01,6.097560975609755962e-01,4.139141738414764404e-01,0.000000000000000000e+00
2.376000000000000000e+04,4.212663173675537109e-01,5.243902439024390461e-01,3.417393565177917480e-01,0.000000000000000000e+00
2.377000000000000000e+04,4.491935074329376221e-01,5.365853658536585691e-01,3.997042775154113770e-01,0.000000000000000000e+00
2.378000000000000000e+04,4.528172910213470459e-01,5.609756097560976151e-01,3.850843906402587891e-01,0.000000000000000000e+00
2.379000000000000000e+04,4.841181039810180664e-01,5.243902439024390461e-01,4.305115044116973877e-01,0.000000000000000000e+00
2.380000000000000000e+04,4.822626709938049316e-01,5.609756097560976151e-01,4.311475753784179688e-01,0.000000000000000000e+00
2.381000000000000000e+04,4.547190666198730469e-01,5.609756097560976151e-01,4.106695652008056641e-01,0.000000000000000000e+00
2.382000000000000000e+04,4.745582938194274902e-01,5.487804878048780921e-01,4.357282221317291260e-01,0.000000000000000000e+00
2.383000000000000000e+04,4.889442026615142822e-01,5.853658536585365502e-01,4.529908001422882080e-01,0.000000000000000000e+00
2.384000000000000000e+04,4.995472133159637451e-01,5.365853658536585691e-01,4.624007940292358398e-01,0.000000000000000000e+00
2.385000000000000000e+04,4.972024261951446533e-01,5.487804878048780921e-01,4.556642174720764160e-01,0.000000000000000000e+00
2.386000000000000000e+04,4.955290257930755615e-01,5.121951219512195230e-01,4.699671268463134766e-01,0.000000000000000000e+00
2.387000000000000000e+04,4.904748499393463135e-01,5.609756097560976151e-01,4.491552412509918213e-01,0.000000000000000000e+00
2.388000000000000000e+04,4.976556897163391113e-01,5.609756097560976151e-01,4.510777294635772705e-01,0.000000000000000000e+00
2.389000000000000000e+04,4.880742430686950684e-01,5.731707317073170271e-01,4.474662244319915771e-01,0.000000000000000000e+00
2.390000000000000000e+04,4.560848176479339600e-01,5.243902439024390461e-01,4.099033176898956299e-01,0.000000000000000000e+00
2.391000000000000000e+04,5.245451927185058594e-01,5.609756097560976151e-01,5.233406424522399902e-01,0.000000000000000000e+00
2.392000000000000000e+04,5.414765477180480957e-01,5.609756097560976151e-01,5.246219038963317871e-01,0.000000000000000000e+00
2.393000000000000000e+04,5.176090002059936523e-01,5.243902439024390461e-01,5.038375258445739746e-01,0.000000000000000000e+00
2.394000000000000000e+04,5.094433426856994629e-01,5.365853658536585691e-01,4.933123886585235596e-01,0.000000000000000000e+00
2.395000000000000000e+04,5.074623227119445801e-01,5.731707317073170271e-01,5.058271884918212891e-01,0.000000000000000000e+00
2.396000000000000000e+04,5.196626186370849609e-01,5.853658536585365502e-01,5.343809723854064941e-01,0.000000000000000000e+00
2.397000000000000000e+04,4.882863759994506836e-01,5.609756097560976151e-01,4.657529592514038086e-01,0.000000000000000000e+00
2.398000000000000000e+04,4.697571694850921631e-01,5.609756097560976151e-01,4.728347957134246826e-01,0.000000000000000000e+00
2.399000000000000000e+04,4.797172844409942627e-01,5.609756097560976151e-01,4.701449275016784668e-01,0.000000000000000000e+00
2.400000000000000000e+04,5.181241035461425781e-01,5.609756097560976151e-01,5.114244222640991211e-01,0.000000000000000000e+00
2.401000000000000000e+04,5.004352927207946777e-01,5.365853658536585691e-01,4.829286336898803711e-01,0.000000000000000000e+00
2.402000000000000000e+04,4.848498106002807617e-01,5.365853658536585691e-01,4.428208172321319580e-01,0.000000000000000000e+00
2.403000000000000000e+04,5.140767693519592285e-01,5.609756097560976151e-01,4.815302491188049316e-01,0.000000000000000000e+00
2.404000000000000000e+04,4.856091737747192383e-01,5.853658536585365502e-01,4.648710191249847412e-01,0.000000000000000000e+00
2.405000000000000000e+04,4.662137329578399658e-01,5.487804878048780921e-01,4.285794198513031006e-01,0.000000000000000000e+00
2.406000000000000000e+04,4.713639318943023682e-01,5.609756097560976151e-01,4.444214403629302979e-01,0.000000000000000000e+00
2.407000000000000000e+04,4.584398269653320312e-01,5.609756097560976151e-01,4.190512597560882568e-01,0.000000000000000000e+00
2.408000000000000000e+04,4.639733135700225830e-01,5.609756097560976151e-01,4.269642829895019531e-01,0.000000000000000000e+00
2.409000000000000000e+04,4.792328178882598877e-01,5.365853658536585691e-01,4.501765668392181396e-01,0.000000000000000000e+00
2.410000000000000000e+04,4.983877837657928467e-01,5.487804878048780921e-01,4.834820032119750977e-01,0.000000000000000000e+00
2.411000000000000000e+04,5.155320167541503906e-01,5.487804878048780921e-01,5.216686725616455078e-01,0.000000000000000000e+00
2.412000000000000000e+04,4.768185615539550781e-01,5.365853658536585691e-01,4.857667684555053711e-01,0.000000000000000000e+00
2.413000000000000000e+04,4.837172925472259521e-01,5.121951219512195230e-01,4.962659478187561035e-01,0.000000000000000000e+00
2.414000000000000000e+04,4.994787871837615967e-01,5.975609756097560732e-01,4.947279691696166992e-01,0.000000000000000000e+00
2.415000000000000000e+04,4.777753651142120361e-01,5.853658536585365502e-01,4.630257487297058105e-01,0.000000000000000000e+00
2.416000000000000000e+04,4.955807328224182129e-01,5.853658536585365502e-01,4.945289790630340576e-01,0.000000000000000000e+00
2.417000000000000000e+04,4.578464925289154053e-01,6.097560975609755962e-01,4.414799511432647705e-01,0.000000000000000000e+00
2.418000000000000000e+04,4.605399966239929199e-01,5.731707317073170271e-01,4.376924932003021240e-01,0.000000000000000000e+00
2.419000000000000000e+04,4.854613244533538818e-01,5.853658536585365502e-01,4.848501384258270264e-01,0.000000000000000000e+00
2.420000000000000000e+04,4.736556708812713623e-01,5.853658536585365502e-01,4.646038413047790527e-01,0.000000000000000000e+00
2.421000000000000000e+04,4.875401556491851807e-01,5.609756097560976151e-01,4.585415720939636230e-01,0.000000000000000000e+00
2.422000000000000000e+04,4.696236848831176758e-01,5.731707317073170271e-01,4.415537714958190918e-01,0.000000000000000000e+00
2.423000000000000000e+04,5.083717703819274902e-01,5.853658536585365502e-01,5.061856508255004883e-01,0.000000000000000000e+00
2.424000000000000000e+04,5.159079432487487793e-01,5.975609756097560732e-01,4.967917799949645996e-01,0.000000000000000000e+00
2.425000000000000000e+04,5.101864933967590332e-01,5.487804878048780921e-01,5.218642354011535645e-01,0.000000000000000000e+00
2.426000000000000000e+04,5.177106857299804688e-01,5.975609756097560732e-01,5.180090665817260742e-01,0.000000000000000000e+00
2.427000000000000000e+04,5.346538424491882324e-01,5.731707317073170271e-01,5.424444675445556641e-01,0.000000000000000000e+00
2.428000000000000000e+04,4.802794456481933594e-01,5.975609756097560732e-01,4.657346010208129883e-01,0.000000000000000000e+00
2.429000000000000000e+04,4.738214910030364990e-01,5.853658536585365502e-01,4.753089547157287598e-01,0.000000000000000000e+00
2.430000000000000000e+04,4.768014848232269287e-01,5.731707317073170271e-01,4.674508273601531982e-01,0.000000000000000000e+00
2.431000000000000000e+04,5.031697154045104980e-01,5.731707317073170271e-01,4.992742240428924561e-01,0.000000000000000000e+00
2.432000000000000000e+04,4.839105010032653809e-01,5.609756097560976151e-01,4.652336835861206055e-01,0.000000000000000000e+00
2.433000000000000000e+04,4.913821518421173096e-01,5.853658536585365502e-01,4.790091514587402344e-01,0.000000000000000000e+00
2.434000000000000000e+04,5.052910447120666504e-01,5.487804878048780921e-01,4.997682571411132812e-01,0.000000000000000000e+00
2.435000000000000000e+04,5.025506615638732910e-01,5.487804878048780921e-01,4.999667406082153320e-01,0.000000000000000000e+00
2.436000000000000000e+04,4.827691614627838135e-01,5.487804878048780921e-01,4.702439308166503906e-01,0.000000000000000000e+00
2.437000000000000000e+04,4.620234668254852295e-01,5.487804878048780921e-01,4.506007432937622070e-01,0.000000000000000000e+00
2.438000000000000000e+04,5.098230242729187012e-01,5.731707317073170271e-01,4.810058772563934326e-01,0.000000000000000000e+00
2.439000000000000000e+04,4.931384623050689697e-01,5.731707317073170271e-01,4.634600877761840820e-01,0.000000000000000000e+00
2.440000000000000000e+04,5.272520184516906738e-01,5.609756097560976151e-01,4.954631328582763672e-01,0.000000000000000000e+00
2.441000000000000000e+04,5.298600792884826660e-01,5.487804878048780921e-01,5.129538178443908691e-01,0.000000000000000000e+00
2.442000000000000000e+04,5.050426721572875977e-01,5.731707317073170271e-01,5.043942928314208984e-01,0.000000000000000000e+00
2.443000000000000000e+04,4.884209632873535156e-01,5.121951219512195230e-01,4.769420027732849121e-01,0.000000000000000000e+00
2.444000000000000000e+04,5.240991711616516113e-01,5.975609756097560732e-01,4.871247410774230957e-01,0.000000000000000000e+00
2.445000000000000000e+04,5.108970999717712402e-01,5.609756097560976151e-01,4.832946956157684326e-01,0.000000000000000000e+00
2.446000000000000000e+04,5.057225823402404785e-01,5.731707317073170271e-01,4.940614998340606689e-01,0.000000000000000000e+00
2.447000000000000000e+04,4.893241822719573975e-01,5.487804878048780921e-01,4.712099730968475342e-01,0.000000000000000000e+00
2.448000000000000000e+04,4.980473220348358154e-01,5.853658536585365502e-01,4.642354249954223633e-01,0.000000000000000000e+00
2.449000000000000000e+04,4.915311634540557861e-01,5.853658536585365502e-01,4.675619006156921387e-01,0.000000000000000000e+00
2.450000000000000000e+04,4.933519065380096436e-01,5.609756097560976151e-01,4.585631191730499268e-01,0.000000000000000000e+00
2.451000000000000000e+04,4.934658110141754150e-01,5.853658536585365502e-01,4.708070456981658936e-01,0.000000000000000000e+00
2.452000000000000000e+04,4.721833467483520508e-01,6.097560975609755962e-01,4.507079124450683594e-01,0.000000000000000000e+00
2.453000000000000000e+04,5.008265376091003418e-01,5.243902439024390461e-01,5.071747303009033203e-01,0.000000000000000000e+00
2.454000000000000000e+04,4.821137189865112305e-01,5.731707317073170271e-01,4.750236868858337402e-01,0.000000000000000000e+00
2.455000000000000000e+04,4.686945974826812744e-01,5.853658536585365502e-01,4.516835510730743408e-01,0.000000000000000000e+00
2.456000000000000000e+04,4.849530160427093506e-01,5.853658536585365502e-01,4.830296337604522705e-01,0.000000000000000000e+00
2.457000000000000000e+04,4.676810204982757568e-01,5.609756097560976151e-01,4.619092941284179688e-01,0.000000000000000000e+00
2.458000000000000000e+04,4.543988108634948730e-01,5.975609756097560732e-01,4.370028674602508545e-01,0.000000000000000000e+00
2.459000000000000000e+04,4.660044610500335693e-01,5.975609756097560732e-01,4.471898674964904785e-01,0.000000000000000000e+00
2.460000000000000000e+04,4.538394510746002197e-01,6.097560975609755962e-01,4.243793785572052002e-01,0.000000000000000000e+00
2.461000000000000000e+04,4.672320187091827393e-01,5.731707317073170271e-01,4.391063749790191650e-01,0.000000000000000000e+00
2.462000000000000000e+04,4.723947644233703613e-01,5.487804878048780921e-01,4.397988915443420410e-01,0.000000000000000000e+00
2.463000000000000000e+04,4.643311798572540283e-01,5.853658536585365502e-01,4.219854176044464111e-01,0.000000000000000000e+00
2.464000000000000000e+04,4.582428038120269775e-01,5.487804878048780921e-01,4.299939274787902832e-01,0.000000000000000000e+00
2.465000000000000000e+04,4.883396029472351074e-01,5.609756097560976151e-01,4.676707684993743896e-01,0.000000000000000000e+00
2.466000000000000000e+04,4.566547572612762451e-01,5.975609756097560732e-01,4.397349357604980469e-01,0.000000000000000000e+00
2.467000000000000000e+04,4.634696245193481445e-01,5.487804878048780921e-01,4.334344267845153809e-01,0.000000000000000000e+00
2.468000000000000000e+04,4.585851430892944336e-01,5.975609756097560732e-01,4.467231631278991699e-01,0.000000000000000000e+00
2.469000000000000000e+04,4.826360642910003662e-01,6.097560975609755962e-01,4.733422994613647461e-01,0.000000000000000000e+00
2.470000000000000000e+04,4.890471696853637695e-01,6.097560975609755962e-01,4.840124547481536865e-01,0.000000000000000000e+00
2.471000000000000000e+04,4.897658228874206543e-01,5.853658536585365502e-01,4.676601886749267578e-01,0.000000000000000000e+00
2.472000000000000000e+04,4.713568985462188721e-01,5.853658536585365502e-01,4.610327780246734619e-01,0.000000000000000000e+00
2.473000000000000000e+04,4.596351087093353271e-01,6.097560975609755962e-01,4.295935630798339844e-01,0.000000000000000000e+00
2.474000000000000000e+04,4.650811553001403809e-01,5.731707317073170271e-01,4.486654996871948242e-01,0.000000000000000000e+00
2.475000000000000000e+04,4.588665962219238281e-01,5.853658536585365502e-01,4.426669180393218994e-01,0.000000000000000000e+00
2.476000000000000000e+04,4.501594603061676025e-01,5.975609756097560732e-01,4.134467542171478271e-01,0.000000000000000000e+00
2.477000000000000000e+04,4.747907221317291260e-01,5.731707317073170271e-01,4.652105271816253662e-01,0.000000000000000000e+00
2.478000000000000000e+04,4.819876849651336670e-01,5.975609756097560732e-01,4.696451723575592041e-01,0.000000000000000000e+00
2.479000000000000000e+04,4.591548442840576172e-01,5.853658536585365502e-01,4.245532155036926270e-01,0.000000000000000000e+00
2.480000000000000000e+04,4.534371793270111084e-01,5.487804878048780921e-01,4.283068478107452393e-01,0.000000000000000000e+00
2.481000000000000000e+04,4.542688727378845215e-01,5.975609756097560732e-01,4.150539934635162354e-01,0.000000000000000000e+00
2.482000000000000000e+04,4.613725244998931885e-01,6.097560975609755962e-01,4.397348165512084961e-01,0.000000000000000000e+00
2.483000000000000000e+04,4.789547026157379150e-01,5.731707317073170271e-01,4.564231932163238525e-01,0.000000000000000000e+00
2.484000000000000000e+04,4.540179967880249023e-01,5.975609756097560732e-01,4.267017543315887451e-01,0.000000000000000000e+00
2.485000000000000000e+04,4.625787138938903809e-01,5.975609756097560732e-01,4.468858242034912109e-01,0.000000000000000000e+00
2.486000000000000000e+04,4.507499337196350098e-01,5.609756097560976151e-01,4.108516871929168701e-01,0.000000000000000000e+00
2.487000000000000000e+04,4.295209646224975586e-01,6.097560975609755962e-01,4.041554927825927734e-01,0.000000000000000000e+00
2.488000000000000000e+04,4.339936375617980957e-01,5.731707317073170271e-01,3.905356824398040771e-01,0.000000000000000000e+00
2.489000000000000000e+04,4.497720003128051758e-01,5.731707317073170271e-01,4.198300540447235107e-01,0.000000000000000000e+00
2.490000000000000000e+04,4.256419241428375244e-01,6.097560975609755962e-01,4.020384252071380615e-01,0.000000000000000000e+00
2.491000000000000000e+04,4.289778470993041992e-01,5.731707317073170271e-01,4.000069499015808105e-01,0.000000000000000000e+00
2.492000000000000000e+04,4.568099081516265869e-01,5.853658536585365502e-01,4.449568092823028564e-01,0.000000000000000000e+00
2.493000000000000000e+04,4.587981998920440674e-01,5.731707317073170271e-01,4.453592300415039062e-01,0.000000000000000000e+00
2.494000000000000000e+04,4.768674969673156738e-01,5.853658536585365502e-01,4.712716341018676758e-01,0.000000000000000000e+00
2.495000000000000000e+04,4.597668647766113281e-01,5.975609756097560732e-01,4.431914091110229492e-01,0.000000000000000000e+00
2.496000000000000000e+04,4.868066012859344482e-01,5.731707317073170271e-01,4.722709059715270996e-01,0.000000000000000000e+00
2.497000000000000000e+04,4.601198136806488037e-01,5.853658536585365502e-01,4.273956418037414551e-01,0.000000000000000000e+00
2.498000000000000000e+04,4.935048520565032959e-01,5.609756097560976151e-01,4.785112738609313965e-01,0.000000000000000000e+00
2.499000000000000000e+04,4.831079542636871338e-01,5.731707317073170271e-01,4.572858214378356934e-01,0.000000000000000000e+00
2.500000000000000000e+04,4.667793810367584229e-01,6.097560975609755962e-01,4.385605752468109131e-01,0.000000000000000000e+00
2.501000000000000000e+04,4.698167145252227783e-01,5.975609756097560732e-01,4.471207857131958008e-01,0.000000000000000000e+00
2.502000000000000000e+04,4.266287088394165039e-01,5.731707317073170271e-01,3.904671072959899902e-01,0.000000000000000000e+00
2.503000000000000000e+04,4.476585984230041504e-01,6.219512195121951192e-01,4.200409352779388428e-01,0.000000000000000000e+00
2.504000000000000000e+04,4.436219334602355957e-01,5.975609756097560732e-01,4.307548403739929199e-01,0.000000000000000000e+00
2.505000000000000000e+04,4.399071037769317627e-01,5.975609756097560732e-01,4.225169420242309570e-01,0.000000000000000000e+00
2.506000000000000000e+04,4.345737993717193604e-01,6.219512195121951192e-01,3.992997109889984131e-01,0.000000000000000000e+00
2.507000000000000000e+04,4.343851506710052490e-01,5.975609756097560732e-01,4.126933515071868896e-01,0.000000000000000000e+00
2.508000000000000000e+04,4.573160111904144287e-01,5.853658536585365502e-01,4.435647726058959961e-01,0.000000000000000000e+00
2.509000000000000000e+04,4.574103951454162598e-01,5.975609756097560732e-01,4.371900260448455811e-01,0.000000000000000000e+00
2.510000000000000000e+04,4.271721541881561279e-01,6.097560975609755962e-01,3.858990967273712158e-01,0.000000000000000000e+00
2.511000000000000000e+04,4.424550533294677734e-01,6.341463414634146423e-01,4.159260094165802002e-01,0.000000000000000000e+00
2.512000000000000000e+04,4.233263134956359863e-01,5.975609756097560732e-01,3.923131823539733887e-01,0.000000000000000000e+00
2.513000000000000000e+04,4.364490807056427002e-01,5.609756097560976151e-01,4.077248871326446533e-01,0.000000000000000000e+00
2.514000000000000000e+04,4.231928288936614990e-01,5.731707317073170271e-01,3.929286599159240723e-01,0.000000000000000000e+00
2.515000000000000000e+04,4.424504041671752930e-01,5.853658536585365502e-01,4.128575325012207031e-01,0.000000000000000000e+00
2.516000000000000000e+04,4.619509875774383545e-01,5.975609756097560732e-01,4.394065439701080322e-01,0.000000000000000000e+00
2.517000000000000000e+04,4.521363079547882080e-01,5.609756097560976151e-01,4.221976101398468018e-01,0.000000000000000000e+00
2.518000000000000000e+04,4.433407187461853027e-01,5.609756097560976151e-01,4.080994725227355957e-01,0.000000000000000000e+00
2.519000000000000000e+04,4.468269646167755127e-01,5.365853658536585691e-01,4.044136106967926025e-01,0.000000000000000000e+00
2.520000000000000000e+04,4.624982178211212158e-01,5.609756097560976151e-01,4.393698573112487793e-01,0.000000000000000000e+00
2.521000000000000000e+04,4.526469409465789795e-01,5.365853658536585691e-01,4.048561751842498779e-01,0.000000000000000000e+00
2.522000000000000000e+04,4.503333866596221924e-01,5.853658536585365502e-01,4.070412814617156982e-01,0.000000000000000000e+00
2.523000000000000000e+04,4.354542493820190430e-01,5.731707317073170271e-01,3.803828358650207520e-01,0.000000000000000000e+00
2.524000000000000000e+04,4.644994139671325684e-01,5.853658536585365502e-01,4.207281172275543213e-01,0.000000000000000000e+00
2.525000000000000000e+04,4.879090189933776855e-01,5.853658536585365502e-01,4.478579759597778320e-01,0.000000000000000000e+00
2.526000000000000000e+04,4.752870798110961914e-01,6.097560975609755962e-01,4.599866867065429688e-01,0.000000000000000000e+00
2.527000000000000000e+04,4.619314670562744141e-01,5.609756097560976151e-01,4.420092999935150146e-01,0.000000000000000000e+00
2.528000000000000000e+04,4.355950653553009033e-01,5.853658536585365502e-01,3.934645652770996094e-01,0.000000000000000000e+00
2.529000000000000000e+04,4.535002708435058594e-01,5.731707317073170271e-01,4.127976000308990479e-01,0.000000000000000000e+00
2.530000000000000000e+04,4.504254162311553955e-01,5.853658536585365502e-01,3.899852335453033447e-01,0.000000000000000000e+00
2.531000000000000000e+04,4.420167803764343262e-01,6.097560975609755962e-01,4.131861627101898193e-01,0.000000000000000000e+00
2.532000000000000000e+04,4.708492159843444824e-01,6.097560975609755962e-01,4.474442601203918457e-01,0.000000000000000000e+00
2.533000000000000000e+04,4.689287841320037842e-01,5.975609756097560732e-01,4.330842792987823486e-01,0.000000000000000000e+00
2.534000000000000000e+04,4.435598850250244141e-01,6.219512195121951192e-01,3.946071565151214600e-01,0.000000000000000000e+00
2.535000000000000000e+04,4.412824809551239014e-01,6.097560975609755962e-01,3.883033692836761475e-01,0.000000000000000000e+00
2.536000000000000000e+04,4.445134997367858887e-01,6.219512195121951192e-01,3.984093964099884033e-01,0.000000000000000000e+00
2.537000000000000000e+04,4.462732970714569092e-01,6.097560975609755962e-01,3.901532590389251709e-01,0.000000000000000000e+00
2.538000000000000000e+04,4.586148560047149658e-01,5.975609756097560732e-01,3.961279988288879395e-01,0.000000000000000000e+00
2.539000000000000000e+04,4.417903125286102295e-01,5.731707317073170271e-01,3.788219094276428223e-01,0.000000000000000000e+00
2.540000000000000000e+04,4.734619259834289551e-01,5.609756097560976151e-01,4.399993419647216797e-01,0.000000000000000000e+00
2.541000000000000000e+04,4.458058774471282959e-01,5.243902439024390461e-01,3.870612680912017822e-01,0.000000000000000000e+00
2.542000000000000000e+04,4.540120661258697510e-01,5.731707317073170271e-01,3.995503187179565430e-01,0.000000000000000000e+00
2.543000000000000000e+04,4.467736780643463135e-01,6.097560975609755962e-01,3.864577710628509521e-01,0.000000000000000000e+00
2.544000000000000000e+04,4.363432526588439941e-01,5.731707317073170271e-01,3.750740587711334229e-01,0.000000000000000000e+00
2.545000000000000000e+04,4.633741676807403564e-01,6.097560975609755962e-01,4.380083084106445312e-01,0.000000000000000000e+00
2.546000000000000000e+04,4.850343465805053711e-01,5.853658536585365502e-01,4.454489648342132568e-01,0.000000000000000000e+00
2.547000000000000000e+04,4.639768600463867188e-01,5.975609756097560732e-01,4.102154970169067383e-01,0.000000000000000000e+00
2.548000000000000000e+04,4.749312400817871094e-01,5.975609756097560732e-01,4.270294606685638428e-01,0.000000000000000000e+00
2.549000000000000000e+04,4.507352411746978760e-01,5.731707317073170271e-01,4.224396646022796631e-01,0.000000000000000000e+00
2.550000000000000000e+04,4.648468792438507080e-01,5.853658536585365502e-01,4.211209118366241455e-01,0.000000000000000000e+00
2.551000000000000000e+04,4.546390473842620850e-01,5.853658536585365502e-01,4.072229862213134766e-01,0.000000000000000000e+00
2.552000000000000000e+04,4.531643688678741455e-01,5.853658536585365502e-01,3.873018920421600342e-01,0.000000000000000000e+00
2.553000000000000000e+04,4.575526118278503418e-01,5.487804878048780921e-01,4.086100459098815918e-01,0.000000000000000000e+00
2.554000000000000000e+04,4.438732266426086426e-01,5.609756097560976151e-01,3.897227644920349121e-01,0.000000000000000000e+00
2.555000000000000000e+04,4.203812777996063232e-01,5.853658536585365502e-01,3.642383217811584473e-01,0.000000000000000000e+00
2.556000000000000000e+04,4.286465644836425781e-01,5.975609756097560732e-01,3.984915614128112793e-01,0.000000000000000000e+00
2.557000000000000000e+04,4.248499572277069092e-01,6.097560975609755962e-01,3.533053100109100342e-01,0.000000000000000000e+00
2.558000000000000000e+04,4.048753976821899414e-01,5.975609756097560732e-01,3.517718315124511719e-01,0.000000000000000000e+00
2.559000000000000000e+04,4.129188358783721924e-01,5.853658536585365502e-01,3.663251399993896484e-01,0.000000000000000000e+00
2.560000000000000000e+04,4.197821319103240967e-01,5.975609756097560732e-01,3.655000925064086914e-01,0.000000000000000000e+00
2.561000000000000000e+04,4.396131634712219238e-01,6.097560975609755962e-01,4.176692366600036621e-01,0.000000000000000000e+00
2.562000000000000000e+04,4.232149422168731689e-01,5.975609756097560732e-01,3.692501187324523926e-01,0.000000000000000000e+00
2.563000000000000000e+04,4.087399840354919434e-01,5.975609756097560732e-01,3.386045396327972412e-01,0.000000000000000000e+00
2.564000000000000000e+04,4.163831174373626709e-01,5.731707317073170271e-01,3.907630741596221924e-01,0.000000000000000000e+00
2.565000000000000000e+04,4.310555458068847656e-01,5.853658536585365502e-01,3.858195245265960693e-01,0.000000000000000000e+00
2.566000000000000000e+04,4.237862825393676758e-01,5.853658536585365502e-01,3.866795599460601807e-01,0.000000000000000000e+00
2.567000000000000000e+04,4.321355521678924561e-01,5.487804878048780921e-01,3.848608732223510742e-01,0.000000000000000000e+00
2.568000000000000000e+04,4.588640630245208740e-01,5.731707317073170271e-01,4.140842258930206299e-01,0.000000000000000000e+00
2.569000000000000000e+04,4.467003345489501953e-01,5.731707317073170271e-01,3.959617614746093750e-01,0.000000000000000000e+00
2.570000000000000000e+04,4.445773065090179443e-01,5.365853658536585691e-01,4.013554453849792480e-01,0.000000000000000000e+00
2.571000000000000000e+04,4.358424842357635498e-01,5.487804878048780921e-01,3.878710269927978516e-01,0.000000000000000000e+00
2.572000000000000000e+04,4.615581631660461426e-01,5.975609756097560732e-01,4.231920540332794189e-01,0.000000000000000000e+00
2.573000000000000000e+04,4.576637446880340576e-01,5.731707317073170271e-01,4.020822048187255859e-01,0.000000000000000000e+00
2.574000000000000000e+04,4.359292089939117432e-01,5.853658536585365502e-01,3.595435619354248047e-01,0.000000000000000000e+00
2.575000000000000000e+04,4.599496126174926758e-01,5.975609756097560732e-01,3.938346505165100098e-01,0.000000000000000000e+00
2.576000000000000000e+04,4.472724497318267822e-01,5.853658536585365502e-01,3.963505327701568604e-01,0.000000000000000000e+00
2.577000000000000000e+04,4.652080833911895752e-01,5.609756097560976151e-01,4.196199178695678711e-01,0.000000000000000000e+00
2.578000000000000000e+04,4.679150283336639404e-01,5.975609756097560732e-01,4.222914576530456543e-01,0.000000000000000000e+00
2.579000000000000000e+04,4.610917270183563232e-01,5.609756097560976151e-01,4.400392472743988037e-01,0.000000000000000000e+00
2.580000000000000000e+04,4.456448256969451904e-01,5.853658536585365502e-01,4.037691056728363037e-01,0.000000000000000000e+00
2.581000000000000000e+04,4.668357372283935547e-01,5.731707317073170271e-01,4.108736217021942139e-01,0.000000000000000000e+00
2.582000000000000000e+04,4.507168829441070557e-01,5.731707317073170271e-01,4.147158861160278320e-01,0.000000000000000000e+00
2.583000000000000000e+04,4.548409581184387207e-01,5.731707317073170271e-01,4.051751196384429932e-01,0.000000000000000000e+00
2.584000000000000000e+04,4.655041694641113281e-01,5.853658536585365502e-01,4.277767837047576904e-01,0.000000000000000000e+00
2.585000000000000000e+04,4.607643485069274902e-01,5.731707317073170271e-01,4.110165834426879883e-01,0.000000000000000000e+00
2.586000000000000000e+04,4.595237374305725098e-01,5.609756097560976151e-01,4.273410141468048096e-01,0.000000000000000000e+00
2.587000000000000000e+04,4.438267648220062256e-01,5.853658536585365502e-01,3.912564218044281006e-01,0.000000000000000000e+00
2.588000000000000000e+04,4.605534672737121582e-01,5.487804878048780921e-01,4.000497162342071533e-01,0.000000000000000000e+00
2.589000000000000000e+04,4.535585343837738037e-01,5.365853658536585691e-01,4.157283306121826172e-01,0.000000000000000000e+00
2.590000000000000000e+04,4.498605132102966309e-01,5.609756097560976151e-01,4.019716978073120117e-01,0.000000000000000000e+00
2.591000000000000000e+04,4.222882390022277832e-01,5.609756097560976151e-01,3.652750253677368164e-01,0.000000000000000000e+00
2.592000000000000000e+04,4.265419840812683105e-01,5.365853658536585691e-01,3.687469661235809326e-01,0.000000000000000000e+00
2.593000000000000000e+04,4.064176678657531738e-01,5.853658536585365502e-01,3.573814034461975098e-01,0.000000000000000000e+00
2.594000000000000000e+04,4.347731769084930420e-01,5.853658536585365502e-01,3.824489116668701172e-01,0.000000000000000000e+00
2.595000000000000000e+04,4.291602075099945068e-01,5.609756097560976151e-01,3.582875430583953857e-01,0.000000000000000000e+00
2.596000000000000000e+04,4.208937883377075195e-01,5.487804878048780921e-01,3.568330407142639160e-01,0.000000000000000000e+00
2.597000000000000000e+04,4.207733869552612305e-01,5.365853658536585691e-01,3.573952019214630127e-01,0.000000000000000000e+00
2.598000000000000000e+04,4.402360320091247559e-01,5.853658536585365502e-01,3.706614077091217041e-01,0.000000000000000000e+00
2.599000000000000000e+04,4.300369918346405029e-01,5.365853658536585691e-01,3.814828395843505859e-01,0.000000000000000000e+00
2.600000000000000000e+04,4.341317713260650635e-01,5.609756097560976151e-01,3.904833793640136719e-01,0.000000000000000000e+00
2.601000000000000000e+04,4.273564219474792480e-01,5.731707317073170271e-01,3.751865923404693604e-01,0.000000000000000000e+00
2.602000000000000000e+04,4.284462928771972656e-01,5.975609756097560732e-01,3.684912919998168945e-01,0.000000000000000000e+00
2.603000000000000000e+04,4.652847051620483398e-01,5.609756097560976151e-01,4.153342843055725098e-01,0.000000000000000000e+00
2.604000000000000000e+04,4.547736048698425293e-01,5.853658536585365502e-01,4.078303277492523193e-01,0.000000000000000000e+00
2.605000000000000000e+04,4.679403305053710938e-01,5.853658536585365502e-01,4.407559931278228760e-01,0.000000000000000000e+00
2.606000000000000000e+04,4.576550722122192383e-01,5.975609756097560732e-01,4.195466339588165283e-01,0.000000000000000000e+00
2.607000000000000000e+04,4.531608819961547852e-01,5.609756097560976151e-01,4.175144433975219727e-01,0.000000000000000000e+00
2.608000000000000000e+04,4.575515985488891602e-01,5.853658536585365502e-01,4.073588252067565918e-01,0.000000000000000000e+00
2.609000000000000000e+04,4.365378320217132568e-01,5.731707317073170271e-01,4.088350236415863037e-01,0.000000000000000000e+00
2.610000000000000000e+04,4.507722258567810059e-01,5.609756097560976151e-01,4.044472575187683105e-01,0.000000000000000000e+00
2.611000000000000000e+04,4.426088631153106689e-01,5.975609756097560732e-01,3.864766657352447510e-01,0.000000000000000000e+00
2.612000000000000000e+04,4.470463395118713379e-01,5.853658536585365502e-01,4.053361117839813232e-01,0.000000000000000000e+00
2.613000000000000000e+04,4.408048689365386963e-01,5.731707317073170271e-01,3.994608819484710693e-01,0.000000000000000000e+00
2.614000000000000000e+04,4.526090919971466064e-01,6.097560975609755962e-01,4.162927269935607910e-01,0.000000000000000000e+00
2.615000000000000000e+04,4.667154848575592041e-01,5.853658536585365502e-01,4.386723935604095459e-01,0.000000000000000000e+00
2.616000000000000000e+04,4.614781439304351807e-01,5.853658536585365502e-01,4.221028685569763184e-01,0.000000000000000000e+00
2.617000000000000000e+04,4.624694287776947021e-01,5.731707317073170271e-01,4.291706085205078125e-01,0.000000000000000000e+00
2.618000000000000000e+04,4.557465612888336182e-01,5.731707317073170271e-01,4.049673080444335938e-01,0.000000000000000000e+00
2.619000000000000000e+04,4.707041680812835693e-01,5.487804878048780921e-01,4.197024405002593994e-01,0.000000000000000000e+00
2.620000000000000000e+04,4.683432281017303467e-01,5.975609756097560732e-01,4.514003694057464600e-01,0.000000000000000000e+00
2.621000000000000000e+04,4.467364847660064697e-01,5.731707317073170271e-01,3.974213600158691406e-01,0.000000000000000000e+00
2.622000000000000000e+04,4.457727074623107910e-01,5.853658536585365502e-01,3.951510190963745117e-01,0.000000000000000000e+00
2.623000000000000000e+04,4.593518078327178955e-01,5.975609756097560732e-01,4.427683353424072266e-01,0.000000000000000000e+00
2.624000000000000000e+04,4.511933326721191406e-01,6.219512195121951192e-01,4.075902998447418213e-01,0.000000000000000000e+00
2.625000000000000000e+04,4.695881009101867676e-01,5.853658536585365502e-01,4.388713240623474121e-01,0.000000000000000000e+00
2.626000000000000000e+04,4.607199430465698242e-01,5.731707317073170271e-01,4.282882511615753174e-01,0.000000000000000000e+00
2.627000000000000000e+04,4.585291445255279541e-01,5.731707317073170271e-01,4.272061884403228760e-01,0.000000000000000000e+00
2.628000000000000000e+04,4.609215557575225830e-01,5.975609756097560732e-01,4.360624849796295166e-01,0.000000000000000000e+00
2.629000000000000000e+04,4.676942527294158936e-01,5.853658536585365502e-01,4.604212343692779541e-01,0.000000000000000000e+00
2.630000000000000000e+04,4.622374773025512695e-01,5.609756097560976151e-01,4.279411435127258301e-01,0.000000000000000000e+00
2.631000000000000000e+04,4.609979391098022461e-01,5.731707317073170271e-01,4.515099227428436279e-01,0.000000000000000000e+00
2.632000000000000000e+04,4.495409727096557617e-01,5.975609756097560732e-01,4.247724711894989014e-01,0.000000000000000000e+00
2.633000000000000000e+04,4.664779305458068848e-01,6.097560975609755962e-01,4.489199817180633545e-01,0.000000000000000000e+00
2.634000000000000000e+04,4.566741287708282471e-01,5.975609756097560732e-01,4.335160553455352783e-01,0.000000000000000000e+00
2.635000000000000000e+04,4.381931126117706299e-01,5.609756097560976151e-01,4.045957922935485840e-01,0.000000000000000000e+00
2.636000000000000000e+04,4.853341281414031982e-01,5.487804878048780921e-01,4.711080193519592285e-01,0.000000000000000000e+00
2.637000000000000000e+04,4.793339669704437256e-01,5.609756097560976151e-01,4.466450810432434082e-01,0.000000000000000000e+00
2.638000000000000000e+04,4.837408661842346191e-01,5.853658536585365502e-01,4.663448631763458252e-01,0.000000000000000000e+00
2.639000000000000000e+04,4.843134284019470215e-01,6.219512195121951192e-01,4.664744436740875244e-01,0.000000000000000000e+00
2.640000000000000000e+04,4.889119863510131836e-01,5.731707317073170271e-01,4.522909522056579590e-01,0.000000000000000000e+00
2.641000000000000000e+04,4.616213738918304443e-01,5.487804878048780921e-01,4.404804408550262451e-01,0.000000000000000000e+00
2.642000000000000000e+04,4.813266098499298096e-01,5.853658536585365502e-01,4.544260799884796143e-01,0.000000000000000000e+00
2.643000000000000000e+04,4.757899641990661621e-01,5.487804878048780921e-01,4.379833042621612549e-01,0.000000000000000000e+00
2.644000000000000000e+04,4.798349142074584961e-01,5.975609756097560732e-01,4.414513409137725830e-01,0.000000000000000000e+00
2.645000000000000000e+04,4.489844739437103271e-01,5.365853658536585691e-01,4.269247949123382568e-01,0.000000000000000000e+00
2.646000000000000000e+04,4.694499075412750244e-01,5.365853658536585691e-01,4.518905580043792725e-01,0.000000000000000000e+00
2.647000000000000000e+04,4.670787453651428223e-01,5.731707317073170271e-01,4.389422237873077393e-01,0.000000000000000000e+00
2.648000000000000000e+04,4.887100756168365479e-01,5.731707317073170271e-01,4.762405157089233398e-01,0.000000000000000000e+00
2.649000000000000000e+04,4.655045866966247559e-01,5.853658536585365502e-01,4.603201746940612793e-01,0.000000000000000000e+00
2.650000000000000000e+04,4.532431066036224365e-01,5.487804878048780921e-01,4.251651465892791748e-01,0.000000000000000000e+00
2.651000000000000000e+04,4.708468616008758545e-01,5.731707317073170271e-01,4.571170210838317871e-01,0.000000000000000000e+00
2.652000000000000000e+04,4.691129028797149658e-01,5.487804878048780921e-01,4.350552260875701904e-01,0.000000000000000000e+00
2.653000000000000000e+04,4.759898781776428223e-01,5.975609756097560732e-01,4.688319265842437744e-01,0.000000000000000000e+00
2.654000000000000000e+04,4.876723587512969971e-01,5.609756097560976151e-01,4.667919874191284180e-01,0.000000000000000000e+00
2.655000000000000000e+04,4.929249286651611328e-01,5.731707317073170271e-01,4.779910743236541748e-01,0.000000000000000000e+00
2.656000000000000000e+04,4.827542603015899658e-01,5.731707317073170271e-01,4.667042791843414307e-01,0.000000000000000000e+00
2.657000000000000000e+04,4.785404801368713379e-01,5.731707317073170271e-01,4.717132449150085449e-01,0.000000000000000000e+00
2.658000000000000000e+04,4.894470870494842529e-01,6.097560975609755962e-01,4.865404665470123291e-01,0.000000000000000000e+00
2.659000000000000000e+04,4.922241568565368652e-01,5.975609756097560732e-01,4.852691590785980225e-01,0.000000000000000000e+00
2.660000000000000000e+04,4.770062863826751709e-01,5.365853658536585691e-01,4.551281332969665527e-01,0.000000000000000000e+00
2.661000000000000000e+04,4.798893034458160400e-01,5.487804878048780921e-01,4.503578841686248779e-01,0.000000000000000000e+00
2.662000000000000000e+04,4.857680499553680420e-01,5.731707317073170271e-01,4.575913548469543457e-01,0.000000000000000000e+00
2.663000000000000000e+04,4.670631289482116699e-01,5.731707317073170271e-01,4.093225002288818359e-01,0.000000000000000000e+00
2.664000000000000000e+04,4.893326163291931152e-01,5.731707317073170271e-01,4.695630073547363281e-01,0.000000000000000000e+00
2.665000000000000000e+04,4.604883491992950439e-01,5.853658536585365502e-01,4.435321986675262451e-01,0.000000000000000000e+00
2.666000000000000000e+04,4.489448368549346924e-01,5.731707317073170271e-01,4.430105984210968018e-01,0.000000000000000000e+00
2.667000000000000000e+04,4.725457131862640381e-01,5.731707317073170271e-01,4.579432308673858643e-01,0.000000000000000000e+00
2.668000000000000000e+04,4.710819125175476074e-01,5.731707317073170271e-01,4.595549702644348145e-01,0.000000000000000000e+00
2.669000000000000000e+04,4.468893706798553467e-01,5.731707317073170271e-01,4.206197559833526611e-01,0.000000000000000000e+00
2.670000000000000000e+04,4.953576326370239258e-01,5.609756097560976151e-01,4.943217337131500244e-01,0.000000000000000000e+00
2.671000000000000000e+04,4.863904714584350586e-01,5.609756097560976151e-01,4.721817970275878906e-01,0.000000000000000000e+00
2.672000000000000000e+04,4.748596847057342529e-01,5.853658536585365502e-01,4.387030303478240967e-01,0.000000000000000000e+00
2.673000000000000000e+04,4.782538712024688721e-01,5.609756097560976151e-01,4.282349646091461182e-01,0.000000000000000000e+00
2.674000000000000000e+04,4.964753687381744385e-01,5.609756097560976151e-01,4.720534384250640869e-01,0.000000000000000000e+00
2.675000000000000000e+04,4.930776059627532959e-01,5.853658536585365502e-01,4.767319858074188232e-01,0.000000000000000000e+00
2.676000000000000000e+04,5.063667893409729004e-01,5.731707317073170271e-01,4.883203804492950439e-01,0.000000000000000000e+00
2.677000000000000000e+04,4.819793999195098877e-01,5.853658536585365502e-01,4.580805599689483643e-01,0.000000000000000000e+00
2.678000000000000000e+04,4.717885851860046387e-01,5.609756097560976151e-01,4.642443060874938965e-01,0.000000000000000000e+00
2.679000000000000000e+04,5.006448030471801758e-01,5.975609756097560732e-01,4.834358096122741699e-01,0.000000000000000000e+00
2.680000000000000000e+04,4.687581658363342285e-01,5.609756097560976151e-01,4.337525069713592529e-01,0.000000000000000000e+00
2.681000000000000000e+04,4.589112699031829834e-01,5.731707317073170271e-01,4.275091290473937988e-01,0.000000000000000000e+00
2.682000000000000000e+04,4.801334440708160400e-01,5.853658536585365502e-01,4.406675696372985840e-01,0.000000000000000000e+00
2.683000000000000000e+04,4.530258178710937500e-01,5.975609756097560732e-01,4.085130989551544189e-01,0.000000000000000000e+00
2.684000000000000000e+04,4.748287200927734375e-01,5.853658536585365502e-01,4.309066236019134521e-01,0.000000000000000000e+00
2.685000000000000000e+04,4.780145883560180664e-01,5.853658536585365502e-01,4.529733657836914062e-01,0.000000000000000000e+00
2.686000000000000000e+04,4.615709781646728516e-01,5.853658536585365502e-01,4.119344055652618408e-01,0.000000000000000000e+00
2.687000000000000000e+04,4.921234250068664551e-01,5.853658536585365502e-01,4.675060212612152100e-01,0.000000000000000000e+00
2.688000000000000000e+04,4.700306653976440430e-01,5.853658536585365502e-01,4.406843185424804688e-01,0.000000000000000000e+00
2.689000000000000000e+04,5.104850530624389648e-01,5.731707317073170271e-01,5.051214098930358887e-01,0.000000000000000000e+00
2.690000000000000000e+04,4.629100263118743896e-01,5.487804878048780921e-01,4.309154748916625977e-01,0.000000000000000000e+00
2.691000000000000000e+04,5.036545395851135254e-01,5.365853658536585691e-01,4.852114915847778320e-01,0.000000000000000000e+00
2.692000000000000000e+04,5.164126157760620117e-01,5.609756097560976151e-01,4.945177733898162842e-01,0.000000000000000000e+00
2.693000000000000000e+04,5.396496653556823730e-01,5.731707317073170271e-01,5.393918156623840332e-01,0.000000000000000000e+00
2.694000000000000000e+04,5.473312735557556152e-01,5.731707317073170271e-01,5.241239070892333984e-01,0.000000000000000000e+00
2.695000000000000000e+04,5.205769538879394531e-01,5.853658536585365502e-01,4.895870685577392578e-01,0.000000000000000000e+00
2.696000000000000000e+04,5.582082271575927734e-01,5.731707317073170271e-01,5.601062178611755371e-01,0.000000000000000000e+00
2.697000000000000000e+04,5.362826585769653320e-01,6.097560975609755962e-01,5.189288854598999023e-01,0.000000000000000000e+00
2.698000000000000000e+04,5.438124537467956543e-01,6.097560975609755962e-01,5.315506458282470703e-01,0.000000000000000000e+00
2.699000000000000000e+04,4.970058202743530273e-01,5.975609756097560732e-01,4.676594734191894531e-01,0.000000000000000000e+00
2.700000000000000000e+04,4.817695319652557373e-01,5.975609756097560732e-01,4.670031666755676270e-01,0.000000000000000000e+00
2.701000000000000000e+04,4.815325736999511719e-01,5.731707317073170271e-01,4.506738781929016113e-01,0.000000000000000000e+00
2.702000000000000000e+04,4.503229856491088867e-01,5.731707317073170271e-01,4.167427420616149902e-01,0.000000000000000000e+00
2.703000000000000000e+04,4.644415378570556641e-01,5.487804878048780921e-01,4.300789535045623779e-01,0.000000000000000000e+00
2.704000000000000000e+04,4.662152528762817383e-01,5.853658536585365502e-01,4.334180355072021484e-01,0.000000000000000000e+00
2.705000000000000000e+04,4.727401733398437500e-01,5.731707317073170271e-01,4.562750756740570068e-01,0.000000000000000000e+00
2.706000000000000000e+04,4.627109169960021973e-01,5.853658536585365502e-01,4.486106932163238525e-01,0.000000000000000000e+00
2.707000000000000000e+04,4.598172008991241455e-01,5.731707317073170271e-01,4.388563632965087891e-01,0.000000000000000000e+00
2.708000000000000000e+04,4.725075960159301758e-01,5.609756097560976151e-01,4.505962729454040527e-01,0.000000000000000000e+00
2.709000000000000000e+04,4.736445248126983643e-01,5.975609756097560732e-01,4.664533138275146484e-01,0.000000000000000000e+00
2.710000000000000000e+04,4.675022065639495850e-01,5.487804878048780921e-01,4.523347616195678711e-01,0.000000000000000000e+00
2.711000000000000000e+04,4.738728404045104980e-01,5.853658536585365502e-01,4.460509121417999268e-01,0.000000000000000000e+00
2.712000000000000000e+04,4.619846343994140625e-01,5.731707317073170271e-01,4.419729709625244141e-01,0.000000000000000000e+00
2.713000000000000000e+04,4.574772417545318604e-01,5.487804878048780921e-01,4.300933182239532471e-01,0.000000000000000000e+00
2.714000000000000000e+04,4.589516222476959229e-01,5.975609756097560732e-01,4.481928944587707520e-01,0.000000000000000000e+00
2.715000000000000000e+04,4.930682182312011719e-01,5.731707317073170271e-01,4.761930704116821289e-01,0.000000000000000000e+00
2.716000000000000000e+04,4.747130274772644043e-01,5.609756097560976151e-01,4.435190856456756592e-01,0.000000000000000000e+00
2.717000000000000000e+04,4.430011510848999023e-01,5.731707317073170271e-01,4.158898890018463135e-01,0.000000000000000000e+00
2.718000000000000000e+04,4.524081051349639893e-01,5.731707317073170271e-01,4.138441085815429688e-01,0.000000000000000000e+00
2.719000000000000000e+04,4.810740053653717041e-01,5.609756097560976151e-01,4.514746367931365967e-01,0.000000000000000000e+00
2.720000000000000000e+04,4.755522012710571289e-01,5.975609756097560732e-01,4.709309339523315430e-01,0.000000000000000000e+00
2.721000000000000000e+04,4.664767682552337646e-01,5.975609756097560732e-01,4.422413706779479980e-01,0.000000000000000000e+00
2.722000000000000000e+04,4.804725050926208496e-01,5.731707317073170271e-01,4.694675505161285400e-01,0.000000000000000000e+00
2.723000000000000000e+04,5.101343989372253418e-01,5.975609756097560732e-01,4.820203185081481934e-01,0.000000000000000000e+00
2.724000000000000000e+04,4.748795330524444580e-01,5.975609756097560732e-01,4.520743191242218018e-01,0.000000000000000000e+00
2.725000000000000000e+04,4.768733978271484375e-01,5.975609756097560732e-01,4.595555663108825684e-01,0.000000000000000000e+00
2.726000000000000000e+04,4.683203697204589844e-01,5.731707317073170271e-01,4.399105608463287354e-01,0.000000000000000000e+00
2.727000000000000000e+04,4.660651683807373047e-01,5.975609756097560732e-01,4.666329920291900635e-01,0.000000000000000000e+00
2.728000000000000000e+04,5.106396675109863281e-01,5.975609756097560732e-01,5.096775293350219727e-01,0.000000000000000000e+00
2.729000000000000000e+04,5.025576949119567871e-01,5.853658536585365502e-01,4.887444078922271729e-01,0.000000000000000000e+00
2.730000000000000000e+04,5.193133354187011719e-01,5.487804878048780921e-01,4.989904761314392090e-01,0.000000000000000000e+00
2.731000000000000000e+04,5.257618427276611328e-01,6.097560975609755962e-01,5.220768451690673828e-01,0.000000000000000000e+00
2.732000000000000000e+04,5.239033699035644531e-01,5.609756097560976151e-01,5.177453756332397461e-01,0.000000000000000000e+00
2.733000000000000000e+04,5.243844985961914062e-01,5.609756097560976151e-01,4.930849969387054443e-01,0.000000000000000000e+00
2.734000000000000000e+04,5.322899222373962402e-01,5.731707317073170271e-01,5.411658287048339844e-01,0.000000000000000000e+00
2.735000000000000000e+04,4.975725710391998291e-01,5.853658536585365502e-01,4.946068227291107178e-01,0.000000000000000000e+00
2.736000000000000000e+04,4.932491779327392578e-01,5.609756097560976151e-01,4.706487953662872314e-01,0.000000000000000000e+00
2.737000000000000000e+04,5.043593645095825195e-01,5.853658536585365502e-01,4.889638721942901611e-01,0.000000000000000000e+00
2.738000000000000000e+04,5.042021870613098145e-01,5.365853658536585691e-01,4.774995744228363037e-01,0.000000000000000000e+00
2.739000000000000000e+04,4.881875813007354736e-01,5.853658536585365502e-01,4.687479734420776367e-01,0.000000000000000000e+00
2.740000000000000000e+04,4.778311252593994141e-01,5.731707317073170271e-01,4.548198878765106201e-01,0.000000000000000000e+00
2.741000000000000000e+04,4.674744307994842529e-01,5.731707317073170271e-01,4.276598095893859863e-01,0.000000000000000000e+00
2.742000000000000000e+04,4.820481240749359131e-01,5.975609756097560732e-01,4.437908828258514404e-01,0.000000000000000000e+00
2.743000000000000000e+04,4.602924883365631104e-01,5.731707317073170271e-01,4.363467097282409668e-01,0.000000000000000000e+00
2.744000000000000000e+04,4.703440964221954346e-01,5.487804878048780921e-01,4.311362802982330322e-01,0.000000000000000000e+00
2.745000000000000000e+04,4.565175473690032959e-01,5.487804878048780921e-01,4.267827570438385010e-01,0.000000000000000000e+00
2.746000000000000000e+04,4.786686301231384277e-01,5.365853658536585691e-01,4.511530697345733643e-01,0.000000000000000000e+00
2.747000000000000000e+04,5.008572936058044434e-01,6.097560975609755962e-01,4.736568927764892578e-01,0.000000000000000000e+00
2.748000000000000000e+04,4.665113687515258789e-01,5.975609756097560732e-01,4.278487563133239746e-01,0.000000000000000000e+00
2.749000000000000000e+04,4.622212052345275879e-01,5.487804878048780921e-01,4.446178376674652100e-01,0.000000000000000000e+00
2.750000000000000000e+04,4.569783806800842285e-01,5.731707317073170271e-01,4.396276772022247314e-01,0.000000000000000000e+00
2.751000000000000000e+04,4.760794639587402344e-01,5.731707317073170271e-01,4.445607662200927734e-01,0.000000000000000000e+00
2.752000000000000000e+04,4.768292009830474854e-01,5.975609756097560732e-01,4.476461410522460938e-01,0.000000000000000000e+00
2.753000000000000000e+04,5.012329816818237305e-01,5.853658536585365502e-01,4.667933881282806396e-01,0.000000000000000000e+00
2.754000000000000000e+04,5.101076364517211914e-01,5.487804878048780921e-01,4.693216383457183838e-01,0.000000000000000000e+00
2.755000000000000000e+04,5.020387768745422363e-01,5.609756097560976151e-01,4.696781635284423828e-01,0.000000000000000000e+00
2.756000000000000000e+04,4.861737787723541260e-01,5.975609756097560732e-01,4.186984002590179443e-01,0.000000000000000000e+00
2.757000000000000000e+04,4.556863605976104736e-01,6.097560975609755962e-01,3.950013816356658936e-01,0.000000000000000000e+00
2.758000000000000000e+04,4.714904725551605225e-01,5.731707317073170271e-01,4.161486029624938965e-01,0.000000000000000000e+00
2.759000000000000000e+04,5.032243728637695312e-01,5.487804878048780921e-01,4.631970226764678955e-01,0.000000000000000000e+00
2.760000000000000000e+04,5.022005438804626465e-01,5.731707317073170271e-01,4.499886929988861084e-01,0.000000000000000000e+00
2.761000000000000000e+04,4.995096921920776367e-01,5.975609756097560732e-01,4.822856783866882324e-01,0.000000000000000000e+00
2.762000000000000000e+04,4.784482121467590332e-01,5.487804878048780921e-01,4.386234283447265625e-01,0.000000000000000000e+00
2.763000000000000000e+04,4.853308200836181641e-01,6.097560975609755962e-01,4.556286036968231201e-01,0.000000000000000000e+00
2.764000000000000000e+04,4.600550532341003418e-01,6.097560975609755962e-01,4.213061630725860596e-01,0.000000000000000000e+00
2.765000000000000000e+04,4.931013584136962891e-01,5.731707317073170271e-01,4.588622450828552246e-01,0.000000000000000000e+00
2.766000000000000000e+04,5.162897706031799316e-01,5.853658536585365502e-01,4.646011888980865479e-01,0.000000000000000000e+00
2.767000000000000000e+04,5.032603740692138672e-01,5.731707317073170271e-01,4.613044261932373047e-01,0.000000000000000000e+00
2.768000000000000000e+04,5.147379040718078613e-01,5.853658536585365502e-01,4.562954008579254150e-01,0.000000000000000000e+00
2.769000000000000000e+04,4.730581641197204590e-01,5.853658536585365502e-01,4.128346443176269531e-01,0.000000000000000000e+00
2.770000000000000000e+04,5.016227960586547852e-01,5.365853658536585691e-01,4.590006768703460693e-01,0.000000000000000000e+00
2.771000000000000000e+04,4.558067619800567627e-01,5.609756097560976151e-01,4.098900258541107178e-01,0.000000000000000000e+00
2.772000000000000000e+04,4.520139396190643311e-01,5.609756097560976151e-01,3.972862958908081055e-01,0.000000000000000000e+00
2.773000000000000000e+04,4.570955932140350342e-01,5.365853658536585691e-01,3.855077624320983887e-01,0.000000000000000000e+00
2.774000000000000000e+04,4.340342879295349121e-01,5.609756097560976151e-01,3.535902202129364014e-01,0.000000000000000000e+00
2.775000000000000000e+04,4.474329054355621338e-01,5.365853658536585691e-01,3.763420283794403076e-01,0.000000000000000000e+00
2.776000000000000000e+04,4.709949195384979248e-01,5.853658536585365502e-01,4.202233850955963135e-01,0.000000000000000000e+00
2.777000000000000000e+04,4.420135915279388428e-01,5.853658536585365502e-01,3.972104191780090332e-01,0.000000000000000000e+00
2.778000000000000000e+04,4.616585373878479004e-01,5.731707317073170271e-01,4.060510694980621338e-01,0.000000000000000000e+00
2.779000000000000000e+04,4.497290551662445068e-01,5.975609756097560732e-01,3.965302407741546631e-01,0.000000000000000000e+00
2.780000000000000000e+04,4.491384625434875488e-01,5.609756097560976151e-01,3.852519094944000244e-01,0.000000000000000000e+00
2.781000000000000000e+04,4.596265554428100586e-01,5.853658536585365502e-01,4.005282223224639893e-01,0.000000000000000000e+00
2.782000000000000000e+04,4.715687930583953857e-01,5.243902439024390461e-01,4.324984848499298096e-01,0.000000000000000000e+00
2.783000000000000000e+04,4.437748789787292480e-01,5.975609756097560732e-01,3.758558928966522217e-01,0.000000000000000000e+00
2.784000000000000000e+04,4.646702110767364502e-01,5.487804878048780921e-01,4.197516739368438721e-01,0.000000000000000000e+00
2.785000000000000000e+04,4.447919726371765137e-01,5.487804878048780921e-01,4.385385513305664062e-01,0.000000000000000000e+00
2.786000000000000000e+04,4.621207416057586670e-01,5.731707317073170271e-01,4.432174563407897949e-01,0.000000000000000000e+00
2.787000000000000000e+04,4.723717570304870605e-01,5.609756097560976151e-01,4.585918486118316650e-01,0.000000000000000000e+00
2.788000000000000000e+04,5.130860209465026855e-01,5.243902439024390461e-01,5.072975158691406250e-01,0.000000000000000000e+00
2.789000000000000000e+04,4.879337251186370850e-01,5.609756097560976151e-01,4.873590767383575439e-01,0.000000000000000000e+00
2.790000000000000000e+04,4.727580249309539795e-01,5.487804878048780921e-01,4.652926921844482422e-01,0.000000000000000000e+00
2.791000000000000000e+04,4.747081100940704346e-01,5.853658536585365502e-01,4.543692469596862793e-01,0.000000000000000000e+00
2.792000000000000000e+04,4.834894239902496338e-01,5.609756097560976151e-01,4.857075810432434082e-01,0.000000000000000000e+00
2.793000000000000000e+04,4.707968235015869141e-01,5.609756097560976151e-01,4.506870210170745850e-01,0.000000000000000000e+00
2.794000000000000000e+04,4.629354476928710938e-01,5.487804878048780921e-01,4.359040558338165283e-01,0.000000000000000000e+00
2.795000000000000000e+04,4.430515170097351074e-01,6.219512195121951192e-01,4.317919909954071045e-01,0.000000000000000000e+00
2.796000000000000000e+04,4.488223195075988770e-01,5.609756097560976151e-01,4.221151769161224365e-01,0.000000000000000000e+00
2.797000000000000000e+04,4.974018633365631104e-01,5.731707317073170271e-01,4.802083373069763184e-01,0.000000000000000000e+00
2.798000000000000000e+04,4.525601267814636230e-01,5.853658536585365502e-01,4.232038557529449463e-01,0.000000000000000000e+00
2.799000000000000000e+04,4.370484650135040283e-01,6.097560975609755962e-01,4.016837775707244873e-01,0.000000000000000000e+00
2.800000000000000000e+04,4.413281381130218506e-01,6.097560975609755962e-01,4.140883684158325195e-01,0.000000000000000000e+00
2.801000000000000000e+04,4.244708418846130371e-01,5.853658536585365502e-01,4.063583612442016602e-01,0.000000000000000000e+00
2.802000000000000000e+04,4.612368941307067871e-01,5.975609756097560732e-01,4.422507584095001221e-01,0.000000000000000000e+00
2.803000000000000000e+04,4.600228965282440186e-01,6.097560975609755962e-01,4.498425126075744629e-01,0.000000000000000000e+00
2.804000000000000000e+04,4.443532228469848633e-01,5.731707317073170271e-01,4.296210110187530518e-01,0.000000000000000000e+00
2.805000000000000000e+04,4.523651301860809326e-01,5.853658536585365502e-01,4.484122097492218018e-01,0.000000000000000000e+00
2.806000000000000000e+04,4.842250943183898926e-01,5.853658536585365502e-01,4.707484245300292969e-01,0.000000000000000000e+00
2.807000000000000000e+04,4.986750483512878418e-01,5.853658536585365502e-01,4.952237308025360107e-01,0.000000000000000000e+00
2.808000000000000000e+04,4.866603910923004150e-01,5.487804878048780921e-01,4.835352599620819092e-01,0.000000000000000000e+00
2.809000000000000000e+04,4.756532311439514160e-01,5.731707317073170271e-01,4.606359302997589111e-01,0.000000000000000000e+00
2.810000000000000000e+04,5.015782117843627930e-01,5.853658536585365502e-01,5.048127174377441406e-01,0.000000000000000000e+00
2.811000000000000000e+04,5.000037550926208496e-01,5.609756097560976151e-01,4.913518726825714111e-01,0.000000000000000000e+00
2.812000000000000000e+04,4.879381954669952393e-01,5.487804878048780921e-01,4.731318652629852295e-01,0.000000000000000000e+00
2.813000000000000000e+04,4.732256531715393066e-01,5.609756097560976151e-01,4.828051626682281494e-01,0.000000000000000000e+00
2.814000000000000000e+04,5.098585486412048340e-01,5.365853658536585691e-01,4.973412454128265381e-01,0.000000000000000000e+00
2.815000000000000000e+04,5.088585019111633301e-01,5.487804878048780921e-01,5.205974578857421875e-01,0.000000000000000000e+00
2.816000000000000000e+04,4.892867505550384521e-01,5.853658536585365502e-01,4.929371476173400879e-01,0.000000000000000000e+00
2.817000000000000000e+04,4.604939222335815430e-01,5.609756097560976151e-01,4.415591061115264893e-01,0.000000000000000000e+00
2.818000000000000000e+04,4.678832590579986572e-01,5.609756097560976151e-01,4.563564658164978027e-01,0.000000000000000000e+00
2.819000000000000000e+04,4.429956674575805664e-01,5.731707317073170271e-01,4.125142991542816162e-01,0.000000000000000000e+00
2.820000000000000000e+04,4.572077989578247070e-01,5.731707317073170271e-01,4.322124123573303223e-01,0.000000000000000000e+00
2.821000000000000000e+04,4.572254717350006104e-01,5.487804878048780921e-01,4.155019223690032959e-01,0.000000000000000000e+00
2.822000000000000000e+04,4.609576165676116943e-01,5.609756097560976151e-01,4.344956278800964355e-01,0.000000000000000000e+00
2.823000000000000000e+04,4.453466236591339111e-01,5.853658536585365502e-01,4.172605276107788086e-01,0.000000000000000000e+00
2.824000000000000000e+04,4.706698656082153320e-01,5.731707317073170271e-01,4.551471769809722900e-01,0.000000000000000000e+00
2.825000000000000000e+04,4.530045390129089355e-01,5.853658536585365502e-01,4.191186726093292236e-01,0.000000000000000000e+00
2.826000000000000000e+04,4.759429097175598145e-01,5.731707317073170271e-01,4.658682048320770264e-01,0.000000000000000000e+00
2.827000000000000000e+04,4.407477676868438721e-01,5.975609756097560732e-01,3.973593711853027344e-01,0.000000000000000000e+00
2.828000000000000000e+04,4.535122215747833252e-01,6.097560975609755962e-01,4.304212927818298340e-01,0.000000000000000000e+00
2.829000000000000000e+04,4.278029203414916992e-01,5.853658536585365502e-01,4.267656207084655762e-01,0.000000000000000000e+00
2.830000000000000000e+04,4.226575493812561035e-01,5.487804878048780921e-01,4.116967916488647461e-01,0.000000000000000000e+00
2.831000000000000000e+04,4.352810978889465332e-01,5.853658536585365502e-01,4.144279956817626953e-01,0.000000000000000000e+00
2.832000000000000000e+04,4.578692615032196045e-01,5.853658536585365502e-01,4.600535929203033447e-01,0.000000000000000000e+00
2.833000000000000000e+04,4.395497441291809082e-01,5.975609756097560732e-01,4.177147150039672852e-01,0.000000000000000000e+00
2.834000000000000000e+04,4.266425669193267822e-01,6.097560975609755962e-01,4.018606245517730713e-01,0.000000000000000000e+00
2.835000000000000000e+04,4.312730133533477783e-01,6.097560975609755962e-01,4.061932861804962158e-01,0.000000000000000000e+00
2.836000000000000000e+04,4.432992935180664062e-01,5.853658536585365502e-01,4.205477833747863770e-01,0.000000000000000000e+00
2.837000000000000000e+04,4.419823288917541504e-01,6.097560975609755962e-01,4.249387383460998535e-01,0.000000000000000000e+00
2.838000000000000000e+04,4.479046165943145752e-01,5.731707317073170271e-01,4.144344329833984375e-01,0.000000000000000000e+00
2.839000000000000000e+04,4.307262897491455078e-01,6.219512195121951192e-01,3.869589865207672119e-01,0.000000000000000000e+00
2.840000000000000000e+04,4.553640186786651611e-01,6.341463414634146423e-01,4.430435299873352051e-01,0.000000000000000000e+00
2.841000000000000000e+04,4.589860737323760986e-01,5.975609756097560732e-01,4.323448538780212402e-01,0.000000000000000000e+00
2.842000000000000000e+04,4.270292520523071289e-01,5.853658536585365502e-01,4.026475846767425537e-01,0.000000000000000000e+00
2.843000000000000000e+04,4.323559105396270752e-01,6.097560975609755962e-01,3.953090310096740723e-01,0.000000000000000000e+00
2.844000000000000000e+04,4.111069440841674805e-01,5.975609756097560732e-01,3.936025202274322510e-01,0.000000000000000000e+00
2.845000000000000000e+04,4.358514547348022461e-01,5.853658536585365502e-01,3.884978592395782471e-01,0.000000000000000000e+00
2.846000000000000000e+04,4.244742989540100098e-01,5.731707317073170271e-01,3.761521875858306885e-01,0.000000000000000000e+00
2.847000000000000000e+04,4.379004240036010742e-01,6.219512195121951192e-01,4.133225381374359131e-01,0.000000000000000000e+00
2.848000000000000000e+04,4.371302425861358643e-01,5.487804878048780921e-01,3.929633796215057373e-01,0.000000000000000000e+00
2.849000000000000000e+04,4.217102229595184326e-01,5.853658536585365502e-01,3.817884325981140137e-01,0.000000000000000000e+00
2.850000000000000000e+04,4.373576939105987549e-01,5.609756097560976151e-01,3.900084197521209717e-01,0.000000000000000000e+00
2.851000000000000000e+04,4.398919939994812012e-01,5.609756097560976151e-01,3.835697770118713379e-01,0.000000000000000000e+00
2.852000000000000000e+04,4.261068403720855713e-01,5.609756097560976151e-01,3.717427551746368408e-01,0.000000000000000000e+00
2.853000000000000000e+04,4.648345410823822021e-01,5.731707317073170271e-01,4.303559362888336182e-01,0.000000000000000000e+00
2.854000000000000000e+04,4.717764258384704590e-01,5.609756097560976151e-01,4.462659657001495361e-01,0.000000000000000000e+00
2.855000000000000000e+04,4.735913872718811035e-01,5.609756097560976151e-01,4.365088343620300293e-01,0.000000000000000000e+00
2.856000000000000000e+04,4.571178555488586426e-01,5.609756097560976151e-01,4.094497561454772949e-01,0.000000000000000000e+00
2.857000000000000000e+04,4.611810147762298584e-01,5.731707317073170271e-01,4.429466128349304199e-01,0.000000000000000000e+00
2.858000000000000000e+04,4.663653969764709473e-01,5.609756097560976151e-01,4.444419443607330322e-01,0.000000000000000000e+00
2.859000000000000000e+04,4.635981917381286621e-01,5.975609756097560732e-01,4.439950287342071533e-01,0.000000000000000000e+00
2.860000000000000000e+04,4.648275077342987061e-01,5.609756097560976151e-01,4.513403773307800293e-01,0.000000000000000000e+00
2.861000000000000000e+04,4.679225683212280273e-01,5.487804878048780921e-01,4.393557012081146240e-01,0.000000000000000000e+00
2.862000000000000000e+04,4.422004520893096924e-01,5.731707317073170271e-01,4.029591977596282959e-01,0.000000000000000000e+00
2.863000000000000000e+04,4.874643683433532715e-01,5.609756097560976151e-01,4.659574627876281738e-01,0.000000000000000000e+00
2.864000000000000000e+04,4.857261776924133301e-01,6.097560975609755962e-01,4.737844467163085938e-01,0.000000000000000000e+00
2.865000000000000000e+04,4.835211932659149170e-01,5.609756097560976151e-01,4.441053867340087891e-01,0.000000000000000000e+00
2.866000000000000000e+04,4.901643693447113037e-01,5.853658536585365502e-01,4.392648935317993164e-01,0.000000000000000000e+00
2.867000000000000000e+04,5.037022829055786133e-01,5.731707317073170271e-01,4.794883728027343750e-01,0.000000000000000000e+00
2.868000000000000000e+04,4.959064424037933350e-01,5.487804878048780921e-01,4.694009423255920410e-01,0.000000000000000000e+00
2.869000000000000000e+04,4.743878543376922607e-01,5.731707317073170271e-01,4.432105123996734619e-01,0.000000000000000000e+00
2.870000000000000000e+04,4.729732871055603027e-01,5.243902439024390461e-01,4.282195866107940674e-01,0.000000000000000000e+00
2.871000000000000000e+04,4.769041240215301514e-01,5.853658536585365502e-01,4.458170235157012939e-01,0.000000000000000000e+00
2.872000000000000000e+04,4.539073705673217773e-01,5.975609756097560732e-01,4.052694737911224365e-01,0.000000000000000000e+00
2.873000000000000000e+04,4.986500442028045654e-01,5.975609756097560732e-01,4.787088930606842041e-01,0.000000000000000000e+00
2.874000000000000000e+04,5.054250359535217285e-01,5.975609756097560732e-01,4.719699621200561523e-01,0.000000000000000000e+00
2.875000000000000000e+04,4.773097932338714600e-01,5.853658536585365502e-01,4.494574666023254395e-01,0.000000000000000000e+00
2.876000000000000000e+04,4.833811223506927490e-01,5.731707317073170271e-01,4.480882883071899414e-01,0.000000000000000000e+00
2.877000000000000000e+04,4.977186918258666992e-01,5.975609756097560732e-01,4.726328551769256592e-01,0.000000000000000000e+00
2.878000000000000000e+04,4.866602718830108643e-01,5.731707317073170271e-01,4.721322059631347656e-01,0.000000000000000000e+00
2.879000000000000000e+04,4.913141727447509766e-01,5.975609756097560732e-01,4.677605628967285156e-01,0.000000000000000000e+00
2.880000000000000000e+04,4.796679317951202393e-01,5.609756097560976151e-01,4.475509226322174072e-01,0.000000000000000000e+00
2.881000000000000000e+04,4.816854596138000488e-01,5.975609756097560732e-01,4.510434865951538086e-01,0.000000000000000000e+00
2.882000000000000000e+04,4.530264139175415039e-01,5.975609756097560732e-01,4.267543554306030273e-01,0.000000000000000000e+00
2.883000000000000000e+04,4.642812609672546387e-01,5.853658536585365502e-01,4.447318613529205322e-01,0.000000000000000000e+00
2.884000000000000000e+04,4.619845151901245117e-01,5.975609756097560732e-01,4.431146979331970215e-01,0.000000000000000000e+00
2.885000000000000000e+04,4.788286387920379639e-01,5.731707317073170271e-01,4.714021980762481689e-01,0.000000000000000000e+00
2.886000000000000000e+04,4.888859689235687256e-01,5.609756097560976151e-01,4.872726500034332275e-01,0.000000000000000000e+00
2.887000000000000000e+04,4.725820124149322510e-01,5.609756097560976151e-01,4.642614126205444336e-01,0.000000000000000000e+00
2.888000000000000000e+04,4.725274145603179932e-01,5.853658536585365502e-01,4.381746947765350342e-01,0.000000000000000000e+00
2.889000000000000000e+04,4.672009646892547607e-01,5.853658536585365502e-01,4.610081315040588379e-01,0.000000000000000000e+00
2.890000000000000000e+04,4.633026123046875000e-01,5.853658536585365502e-01,4.335487484931945801e-01,0.000000000000000000e+00
2.891000000000000000e+04,4.731549322605133057e-01,5.853658536585365502e-01,4.542075991630554199e-01,0.000000000000000000e+00
2.892000000000000000e+04,4.658112227916717529e-01,6.097560975609755962e-01,4.580931067466735840e-01,0.000000000000000000e+00
2.893000000000000000e+04,4.633044898509979248e-01,5.975609756097560732e-01,4.312189817428588867e-01,0.000000000000000000e+00
2.894000000000000000e+04,4.658507406711578369e-01,5.975609756097560732e-01,4.369076192378997803e-01,0.000000000000000000e+00
2.895000000000000000e+04,4.806474149227142334e-01,6.097560975609755962e-01,4.706071019172668457e-01,0.000000000000000000e+00
2.896000000000000000e+04,4.799720048904418945e-01,6.097560975609755962e-01,4.747847318649291992e-01,0.000000000000000000e+00
2.897000000000000000e+04,4.950220286846160889e-01,6.097560975609755962e-01,4.894759058952331543e-01,0.000000000000000000e+00
2.898000000000000000e+04,4.991237521171569824e-01,5.853658536585365502e-01,5.067712664604187012e-01,0.000000000000000000e+00
2.899000000000000000e+04,4.859541058540344238e-01,5.853658536585365502e-01,4.739387035369873047e-01,0.000000000000000000e+00
2.900000000000000000e+04,5.022794604301452637e-01,6.097560975609755962e-01,5.172097682952880859e-01,0.000000000000000000e+00
2.901000000000000000e+04,5.053485035896301270e-01,5.487804878048780921e-01,5.096263289451599121e-01,0.000000000000000000e+00
2.902000000000000000e+04,4.593452513217926025e-01,5.853658536585365502e-01,4.476141333580017090e-01,0.000000000000000000e+00
2.903000000000000000e+04,4.540424346923828125e-01,6.219512195121951192e-01,4.316306412220001221e-01,0.000000000000000000e+00
2.904000000000000000e+04,4.274289906024932861e-01,5.975609756097560732e-01,3.933247029781341553e-01,0.000000000000000000e+00
2.905000000000000000e+04,4.291969835758209229e-01,5.731707317073170271e-01,3.886784315109252930e-01,0.000000000000000000e+00
2.906000000000000000e+04,4.519167244434356689e-01,5.609756097560976151e-01,3.952934145927429199e-01,0.000000000000000000e+00
2.907000000000000000e+04,4.645864069461822510e-01,5.731707317073170271e-01,4.491570889949798584e-01,0.000000000000000000e+00
2.908000000000000000e+04,4.762421250343322754e-01,5.609756097560976151e-01,4.251850843429565430e-01,0.000000000000000000e+00
2.909000000000000000e+04,4.844553470611572266e-01,5.609756097560976151e-01,4.705855250358581543e-01,0.000000000000000000e+00
2.910000000000000000e+04,4.810094833374023438e-01,5.609756097560976151e-01,4.356897771358489990e-01,0.000000000000000000e+00
2.911000000000000000e+04,4.881121814250946045e-01,6.097560975609755962e-01,4.480471312999725342e-01,0.000000000000000000e+00
2.912000000000000000e+04,5.088495016098022461e-01,6.463414634146341653e-01,4.749516844749450684e-01,0.000000000000000000e+00
2.913000000000000000e+04,4.898843169212341309e-01,6.219512195121951192e-01,4.553363025188446045e-01,0.000000000000000000e+00
2.914000000000000000e+04,4.835310578346252441e-01,5.731707317073170271e-01,4.508652687072753906e-01,0.000000000000000000e+00
2.915000000000000000e+04,4.999978244304656982e-01,5.853658536585365502e-01,4.712029397487640381e-01,0.000000000000000000e+00
2.916000000000000000e+04,5.028343796730041504e-01,5.975609756097560732e-01,4.605724811553955078e-01,0.000000000000000000e+00
2.917000000000000000e+04,5.252950787544250488e-01,5.853658536585365502e-01,4.854693114757537842e-01,0.000000000000000000e+00
2.918000000000000000e+04,4.924905598163604736e-01,6.097560975609755962e-01,4.650743007659912109e-01,0.000000000000000000e+00
2.919000000000000000e+04,5.120254158973693848e-01,5.609756097560976151e-01,5.030109882354736328e-01,0.000000000000000000e+00
2.920000000000000000e+04,4.635386168956756592e-01,5.975609756097560732e-01,4.259243607521057129e-01,0.000000000000000000e+00
2.921000000000000000e+04,4.923518598079681396e-01,5.853658536585365502e-01,4.759976863861083984e-01,0.000000000000000000e+00
2.922000000000000000e+04,5.032767653465270996e-01,5.975609756097560732e-01,5.001423954963684082e-01,0.000000000000000000e+00
2.923000000000000000e+04,5.146490335464477539e-01,5.731707317073170271e-01,5.102714896202087402e-01,0.000000000000000000e+00
2.924000000000000000e+04,5.293481945991516113e-01,5.609756097560976151e-01,4.972328841686248779e-01,0.000000000000000000e+00
2.925000000000000000e+04,5.185715556144714355e-01,5.853658536585365502e-01,5.034734010696411133e-01,0.000000000000000000e+00
2.926000000000000000e+04,5.142316818237304688e-01,5.731707317073170271e-01,4.805783927440643311e-01,0.000000000000000000e+00
2.927000000000000000e+04,4.972689449787139893e-01,5.975609756097560732e-01,4.798736274242401123e-01,0.000000000000000000e+00
2.928000000000000000e+04,4.989251494407653809e-01,5.853658536585365502e-01,4.712572991847991943e-01,0.000000000000000000e+00
2.929000000000000000e+04,4.891594052314758301e-01,5.853658536585365502e-01,4.589980244636535645e-01,0.000000000000000000e+00
2.930000000000000000e+04,4.897328913211822510e-01,6.097560975609755962e-01,4.623476266860961914e-01,0.000000000000000000e+00
2.931000000000000000e+04,4.904233515262603760e-01,5.853658536585365502e-01,4.694705605506896973e-01,0.000000000000000000e+00
2.932000000000000000e+04,4.990704655647277832e-01,5.853658536585365502e-01,4.621184170246124268e-01,0.000000000000000000e+00
2.933000000000000000e+04,4.972504973411560059e-01,6.097560975609755962e-01,4.631001949310302734e-01,0.000000000000000000e+00
2.934000000000000000e+04,4.866598546504974365e-01,5.975609756097560732e-01,4.461979568004608154e-01,0.000000000000000000e+00
2.935000000000000000e+04,4.883705079555511475e-01,6.097560975609755962e-01,4.747596383094787598e-01,0.000000000000000000e+00
2.936000000000000000e+04,4.912497699260711670e-01,5.487804878048780921e-01,4.692603051662445068e-01,0.000000000000000000e+00
2.937000000000000000e+04,4.829415678977966309e-01,5.731707317073170271e-01,4.549488723278045654e-01,0.000000000000000000e+00
2.938000000000000000e+04,4.913761317729949951e-01,5.853658536585365502e-01,4.681898057460784912e-01,0.000000000000000000e+00
2.939000000000000000e+04,4.728680253028869629e-01,6.219512195121951192e-01,4.277604818344116211e-01,0.000000000000000000e+00
2.940000000000000000e+04,4.879207313060760498e-01,5.487804878048780921e-01,4.756653308868408203e-01,0.000000000000000000e+00
2.941000000000000000e+04,4.973582327365875244e-01,5.609756097560976151e-01,4.648902714252471924e-01,0.000000000000000000e+00
2.942000000000000000e+04,4.880137145519256592e-01,5.609756097560976151e-01,4.551460444927215576e-01,0.000000000000000000e+00
2.943000000000000000e+04,4.637452065944671631e-01,5.365853658536585691e-01,4.317735433578491211e-01,0.000000000000000000e+00
2.944000000000000000e+04,4.961365759372711182e-01,5.731707317073170271e-01,4.800431132316589355e-01,0.000000000000000000e+00
2.945000000000000000e+04,5.164548158645629883e-01,5.609756097560976151e-01,4.861138164997100830e-01,0.000000000000000000e+00
2.946000000000000000e+04,5.005625486373901367e-01,5.487804878048780921e-01,4.865693747997283936e-01,0.000000000000000000e+00
2.947000000000000000e+04,5.009157657623291016e-01,5.731707317073170271e-01,4.794510900974273682e-01,0.000000000000000000e+00
2.948000000000000000e+04,5.191956758499145508e-01,5.243902439024390461e-01,5.000008940696716309e-01,0.000000000000000000e+00
2.949000000000000000e+04,5.187125802040100098e-01,6.341463414634146423e-01,4.947337806224822998e-01,0.000000000000000000e+00
2.950000000000000000e+04,4.905205667018890381e-01,5.853658536585365502e-01,4.669943153858184814e-01,0.000000000000000000e+00
2.951000000000000000e+04,4.898857176303863525e-01,6.219512195121951192e-01,4.393334388732910156e-01,0.000000000000000000e+00
2.952000000000000000e+04,4.910923838615417480e-01,5.853658536585365502e-01,4.414898157119750977e-01,0.000000000000000000e+00
2.953000000000000000e+04,4.826622009277343750e-01,5.853658536585365502e-01,4.453451633453369141e-01,0.000000000000000000e+00
2.954000000000000000e+04,5.013039708137512207e-01,6.341463414634146423e-01,4.858508408069610596e-01,0.000000000000000000e+00
2.955000000000000000e+04,5.019111037254333496e-01,5.975609756097560732e-01,4.793789684772491455e-01,0.000000000000000000e+00
2.956000000000000000e+04,5.214625000953674316e-01,6.097560975609755962e-01,4.993513822555541992e-01,0.000000000000000000e+00
2.957000000000000000e+04,4.811699092388153076e-01,5.487804878048780921e-01,4.563416540622711182e-01,0.000000000000000000e+00
2.958000000000000000e+04,5.015620589256286621e-01,5.243902439024390461e-01,4.849132895469665527e-01,0.000000000000000000e+00
2.959000000000000000e+04,4.999134540557861328e-01,5.731707317073170271e-01,4.910317659378051758e-01,0.000000000000000000e+00
2.960000000000000000e+04,4.865837097167968750e-01,5.365853658536585691e-01,4.831293523311614990e-01,0.000000000000000000e+00
2.961000000000000000e+04,4.613912999629974365e-01,5.731707317073170271e-01,4.397272467613220215e-01,0.000000000000000000e+00
2.962000000000000000e+04,4.791296124458312988e-01,5.609756097560976151e-01,4.549259245395660400e-01,0.000000000000000000e+00
2.963000000000000000e+04,4.820214807987213135e-01,6.097560975609755962e-01,4.574310183525085449e-01,0.000000000000000000e+00
2.964000000000000000e+04,4.770506918430328369e-01,5.853658536585365502e-01,4.665031731128692627e-01,0.000000000000000000e+00
2.965000000000000000e+04,4.784593582153320312e-01,6.219512195121951192e-01,5.015035271644592285e-01,0.000000000000000000e+00
2.966000000000000000e+04,4.709927141666412354e-01,5.609756097560976151e-01,4.777600467205047607e-01,0.000000000000000000e+00
2.967000000000000000e+04,4.812593758106231689e-01,5.853658536585365502e-01,4.800922572612762451e-01,0.000000000000000000e+00
2.968000000000000000e+04,4.912350773811340332e-01,6.219512195121951192e-01,4.839254617691040039e-01,0.000000000000000000e+00
2.969000000000000000e+04,4.990723431110382080e-01,5.975609756097560732e-01,4.918432235717773438e-01,0.000000000000000000e+00
2.970000000000000000e+04,4.898356199264526367e-01,5.853658536585365502e-01,4.610098302364349365e-01,0.000000000000000000e+00
2.971000000000000000e+04,4.879299104213714600e-01,5.975609756097560732e-01,4.594576954841613770e-01,0.000000000000000000e+00
2.972000000000000000e+04,4.656984210014343262e-01,5.731707317073170271e-01,4.526508152484893799e-01,0.000000000000000000e+00
2.973000000000000000e+04,4.771676957607269287e-01,5.487804878048780921e-01,4.523240923881530762e-01,0.000000000000000000e+00
2.974000000000000000e+04,4.934304952621459961e-01,6.097560975609755962e-01,4.933434128761291504e-01,0.000000000000000000e+00
2.975000000000000000e+04,4.782363474369049072e-01,5.731707317073170271e-01,4.457769095897674561e-01,0.000000000000000000e+00
2.976000000000000000e+04,4.682641327381134033e-01,5.975609756097560732e-01,4.456380903720855713e-01,0.000000000000000000e+00
2.977000000000000000e+04,4.629965722560882568e-01,6.097560975609755962e-01,4.374775290489196777e-01,0.000000000000000000e+00
2.978000000000000000e+04,4.876862168312072754e-01,5.853658536585365502e-01,4.739225506782531738e-01,0.000000000000000000e+00
2.979000000000000000e+04,4.999917149543762207e-01,5.731707317073170271e-01,4.872708022594451904e-01,0.000000000000000000e+00
2.980000000000000000e+04,4.927038252353668213e-01,5.731707317073170271e-01,4.843317568302154541e-01,0.000000000000000000e+00
2.981000000000000000e+04,5.042764544486999512e-01,5.487804878048780921e-01,4.883349835872650146e-01,0.000000000000000000e+00
2.982000000000000000e+04,4.930091202259063721e-01,5.975609756097560732e-01,4.647794067859649658e-01,0.000000000000000000e+00
2.983000000000000000e+04,4.978365898132324219e-01,5.487804878048780921e-01,4.705145061016082764e-01,0.000000000000000000e+00
2.984000000000000000e+04,5.078033804893493652e-01,5.853658536585365502e-01,4.683597385883331299e-01,0.000000000000000000e+00
2.985000000000000000e+04,5.125598311424255371e-01,6.097560975609755962e-01,5.113472342491149902e-01,0.000000000000000000e+00
2.986000000000000000e+04,5.076435208320617676e-01,6.219512195121951192e-01,4.955521225929260254e-01,0.000000000000000000e+00
2.987000000000000000e+04,4.686835110187530518e-01,5.975609756097560732e-01,4.471412301063537598e-01,0.000000000000000000e+00
2.988000000000000000e+04,4.947172701358795166e-01,5.853658536585365502e-01,4.632404744625091553e-01,0.000000000000000000e+00
2.989000000000000000e+04,4.946386814117431641e-01,5.853658536585365502e-01,4.813007712364196777e-01,0.000000000000000000e+00
2.990000000000000000e+04,4.834380447864532471e-01,6.341463414634146423e-01,4.676594436168670654e-01,0.000000000000000000e+00
2.991000000000000000e+04,4.899089336395263672e-01,5.731707317073170271e-01,4.696340858936309814e-01,0.000000000000000000e+00
2.992000000000000000e+04,5.039763450622558594e-01,5.853658536585365502e-01,5.118132829666137695e-01,0.000000000000000000e+00
2.993000000000000000e+04,4.859717786312103271e-01,5.975609756097560732e-01,4.859087765216827393e-01,0.000000000000000000e+00
2.994000000000000000e+04,4.861269891262054443e-01,5.853658536585365502e-01,4.856126606464385986e-01,0.000000000000000000e+00
2.995000000000000000e+04,4.819252490997314453e-01,6.219512195121951192e-01,4.956636726856231689e-01,0.000000000000000000e+00
2.996000000000000000e+04,4.954449534416198730e-01,6.463414634146341653e-01,5.201697349548339844e-01,0.000000000000000000e+00
2.997000000000000000e+04,5.064307451248168945e-01,6.097560975609755962e-01,5.219663977622985840e-01,0.000000000000000000e+00
2.998000000000000000e+04,5.170895457267761230e-01,6.463414634146341653e-01,5.109452009201049805e-01,0.000000000000000000e+00
2.999000000000000000e+04,4.990948438644409180e-01,5.975609756097560732e-01,4.909920990467071533e-01,0.000000000000000000e+00
3.000000000000000000e+04,4.993538558483123779e-01,6.097560975609755962e-01,4.951189458370208740e-01,0.000000000000000000e+00
3.001000000000000000e+04,4.985023438930511475e-01,6.097560975609755962e-01,4.878485202789306641e-01,0.000000000000000000e+00
3.002000000000000000e+04,5.060345530509948730e-01,6.463414634146341653e-01,4.909380674362182617e-01,0.000000000000000000e+00
3.003000000000000000e+04,5.200353264808654785e-01,6.219512195121951192e-01,5.055629014968872070e-01,0.000000000000000000e+00
3.004000000000000000e+04,5.364795327186584473e-01,6.463414634146341653e-01,5.426432490348815918e-01,0.000000000000000000e+00
3.005000000000000000e+04,4.875887632369995117e-01,6.097560975609755962e-01,4.677322506904602051e-01,0.000000000000000000e+00
3.006000000000000000e+04,5.094304084777832031e-01,5.853658536585365502e-01,5.090714693069458008e-01,0.000000000000000000e+00
3.007000000000000000e+04,5.124503970146179199e-01,6.341463414634146423e-01,5.046381950378417969e-01,0.000000000000000000e+00
3.008000000000000000e+04,5.214337110519409180e-01,6.097560975609755962e-01,5.247567892074584961e-01,0.000000000000000000e+00
3.009000000000000000e+04,5.349023342132568359e-01,6.097560975609755962e-01,5.551823377609252930e-01,0.000000000000000000e+00
3.010000000000000000e+04,5.472289323806762695e-01,6.097560975609755962e-01,5.624293088912963867e-01,0.000000000000000000e+00
3.011000000000000000e+04,5.440173149108886719e-01,6.341463414634146423e-01,5.453749895095825195e-01,0.000000000000000000e+00
3.012000000000000000e+04,5.352038741111755371e-01,5.731707317073170271e-01,5.416355729103088379e-01,0.000000000000000000e+00
3.013000000000000000e+04,5.357524156570434570e-01,6.219512195121951192e-01,5.534581542015075684e-01,0.000000000000000000e+00
3.014000000000000000e+04,5.035706758499145508e-01,6.463414634146341653e-01,5.081357359886169434e-01,0.000000000000000000e+00
3.015000000000000000e+04,5.182008147239685059e-01,6.341463414634146423e-01,5.060589909553527832e-01,0.000000000000000000e+00
3.016000000000000000e+04,5.299464464187622070e-01,6.097560975609755962e-01,5.297041535377502441e-01,0.000000000000000000e+00
3.017000000000000000e+04,5.322920680046081543e-01,5.731707317073170271e-01,5.240437984466552734e-01,0.000000000000000000e+00
3.018000000000000000e+04,5.130333304405212402e-01,5.975609756097560732e-01,5.001235604286193848e-01,0.000000000000000000e+00
3.019000000000000000e+04,5.091528892517089844e-01,5.975609756097560732e-01,5.068398118019104004e-01,0.000000000000000000e+00
3.020000000000000000e+04,5.172294974327087402e-01,5.975609756097560732e-01,5.180261135101318359e-01,0.000000000000000000e+00
3.021000000000000000e+04,5.306770801544189453e-01,5.853658536585365502e-01,5.488690733909606934e-01,0.000000000000000000e+00
3.022000000000000000e+04,5.278591513633728027e-01,5.975609756097560732e-01,5.380714535713195801e-01,0.000000000000000000e+00
3.023000000000000000e+04,5.382826924324035645e-01,5.731707317073170271e-01,5.515683889389038086e-01,0.000000000000000000e+00
3.024000000000000000e+04,5.332112908363342285e-01,5.853658536585365502e-01,5.459923744201660156e-01,0.000000000000000000e+00
3.025000000000000000e+04,5.268431901931762695e-01,6.097560975609755962e-01,5.419214367866516113e-01,0.000000000000000000e+00
3.026000000000000000e+04,5.266045331954956055e-01,5.853658536585365502e-01,5.446630716323852539e-01,0.000000000000000000e+00
3.027000000000000000e+04,5.308863520622253418e-01,6.097560975609755962e-01,5.315372943878173828e-01,0.000000000000000000e+00
3.028000000000000000e+04,5.738860964775085449e-01,5.975609756097560732e-01,5.813758373260498047e-01,0.000000000000000000e+00
3.029000000000000000e+04,5.743122100830078125e-01,5.975609756097560732e-01,5.917366147041320801e-01,0.000000000000000000e+00
3.030000000000000000e+04,5.374316573143005371e-01,6.341463414634146423e-01,5.465361475944519043e-01,0.000000000000000000e+00
3.031000000000000000e+04,5.794186592102050781e-01,6.097560975609755962e-01,6.093903779983520508e-01,0.000000000000000000e+00
3.032000000000000000e+04,5.485583543777465820e-01,5.853658536585365502e-01,5.834723114967346191e-01,0.000000000000000000e+00
3.033000000000000000e+04,5.272945761680603027e-01,5.853658536585365502e-01,5.528981685638427734e-01,0.000000000000000000e+00
3.034000000000000000e+04,5.231849551200866699e-01,6.341463414634146423e-01,5.462140440940856934e-01,0.000000000000000000e+00
3.035000000000000000e+04,5.372822880744934082e-01,6.219512195121951192e-01,5.515832901000976562e-01,0.000000000000000000e+00
3.036000000000000000e+04,5.286884307861328125e-01,6.341463414634146423e-01,5.389677882194519043e-01,0.000000000000000000e+00
3.037000000000000000e+04,5.277544856071472168e-01,5.853658536585365502e-01,5.368489027023315430e-01,0.000000000000000000e+00
3.038000000000000000e+04,5.283804535865783691e-01,6.097560975609755962e-01,5.408484339714050293e-01,0.000000000000000000e+00
3.039000000000000000e+04,5.389797687530517578e-01,6.097560975609755962e-01,5.383421182632446289e-01,0.000000000000000000e+00
3.040000000000000000e+04,5.593364238739013672e-01,5.975609756097560732e-01,5.625194311141967773e-01,0.000000000000000000e+00
3.041000000000000000e+04,5.580553412437438965e-01,5.853658536585365502e-01,5.699251294136047363e-01,0.000000000000000000e+00
3.042000000000000000e+04,5.611957907676696777e-01,6.097560975609755962e-01,5.782236456871032715e-01,0.000000000000000000e+00
3.043000000000000000e+04,5.587621331214904785e-01,6.341463414634146423e-01,5.722981095314025879e-01,0.000000000000000000e+00
3.044000000000000000e+04,5.298672318458557129e-01,6.341463414634146423e-01,5.296592712402343750e-01,0.000000000000000000e+00
3.045000000000000000e+04,5.226355791091918945e-01,5.975609756097560732e-01,5.450717806816101074e-01,0.000000000000000000e+00
3.046000000000000000e+04,5.436803698539733887e-01,5.853658536585365502e-01,5.435281395912170410e-01,0.000000000000000000e+00
3.047000000000000000e+04,5.358797311782836914e-01,5.731707317073170271e-01,5.471899509429931641e-01,0.000000000000000000e+00
3.048000000000000000e+04,5.337635874748229980e-01,6.097560975609755962e-01,5.406115055084228516e-01,0.000000000000000000e+00
3.049000000000000000e+04,5.265334844589233398e-01,5.609756097560976151e-01,5.372684597969055176e-01,0.000000000000000000e+00
3.050000000000000000e+04,5.437683463096618652e-01,6.097560975609755962e-01,5.586188435554504395e-01,0.000000000000000000e+00
3.051000000000000000e+04,5.554565787315368652e-01,5.487804878048780921e-01,5.432890057563781738e-01,0.000000000000000000e+00
3.052000000000000000e+04,5.806005001068115234e-01,5.853658536585365502e-01,6.026008725166320801e-01,0.000000000000000000e+00
3.053000000000000000e+04,5.831115841865539551e-01,6.097560975609755962e-01,5.820876359939575195e-01,0.000000000000000000e+00
3.054000000000000000e+04,5.674450993537902832e-01,5.853658536585365502e-01,5.636285543441772461e-01,0.000000000000000000e+00
3.055000000000000000e+04,5.258166193962097168e-01,5.853658536585365502e-01,5.033518671989440918e-01,0.000000000000000000e+00
3.056000000000000000e+04,5.440136790275573730e-01,6.097560975609755962e-01,5.316376090049743652e-01,0.000000000000000000e+00
3.057000000000000000e+04,5.299444794654846191e-01,6.097560975609755962e-01,5.171449780464172363e-01,0.000000000000000000e+00
3.058000000000000000e+04,5.475440025329589844e-01,6.097560975609755962e-01,5.470414161682128906e-01,0.000000000000000000e+00
3.059000000000000000e+04,5.709488987922668457e-01,5.975609756097560732e-01,5.914086699485778809e-01,0.000000000000000000e+00
3.060000000000000000e+04,5.839294791221618652e-01,5.975609756097560732e-01,6.149332523345947266e-01,0.000000000000000000e+00
3.061000000000000000e+04,5.977764129638671875e-01,5.731707317073170271e-01,6.186296343803405762e-01,0.000000000000000000e+00
3.062000000000000000e+04,5.930234193801879883e-01,5.853658536585365502e-01,6.104639768600463867e-01,0.000000000000000000e+00
3.063000000000000000e+04,5.596058964729309082e-01,5.975609756097560732e-01,5.615363717079162598e-01,0.000000000000000000e+00
3.064000000000000000e+04,5.418751835823059082e-01,5.609756097560976151e-01,5.373300909996032715e-01,0.000000000000000000e+00
3.065000000000000000e+04,5.728958845138549805e-01,5.731707317073170271e-01,6.025043129920959473e-01,0.000000000000000000e+00
3.066000000000000000e+04,5.594962239265441895e-01,6.097560975609755962e-01,5.647916197776794434e-01,0.000000000000000000e+00
3.067000000000000000e+04,5.578770637512207031e-01,5.975609756097560732e-01,5.786869525909423828e-01,0.000000000000000000e+00
3.068000000000000000e+04,5.389316082000732422e-01,5.731707317073170271e-01,5.556678175926208496e-01,0.000000000000000000e+00
3.069000000000000000e+04,5.699194669723510742e-01,5.731707317073170271e-01,5.605505108833312988e-01,0.000000000000000000e+00
3.070000000000000000e+04,5.598762631416320801e-01,5.731707317073170271e-01,5.470070838928222656e-01,0.000000000000000000e+00
3.071000000000000000e+04,5.427561402320861816e-01,6.219512195121951192e-01,5.250622034072875977e-01,0.000000000000000000e+00
3.072000000000000000e+04,5.132161974906921387e-01,5.975609756097560732e-01,5.026062726974487305e-01,0.000000000000000000e+00
3.073000000000000000e+04,5.640807747840881348e-01,5.853658536585365502e-01,5.786991715431213379e-01,0.000000000000000000e+00
3.074000000000000000e+04,5.562536120414733887e-01,5.853658536585365502e-01,5.492990612983703613e-01,0.000000000000000000e+00
3.075000000000000000e+04,5.768554806709289551e-01,5.731707317073170271e-01,6.136553883552551270e-01,0.000000000000000000e+00
3.076000000000000000e+04,5.715557932853698730e-01,5.853658536585365502e-01,6.041986346244812012e-01,0.000000000000000000e+00
3.077000000000000000e+04,5.697259306907653809e-01,5.975609756097560732e-01,6.037755608558654785e-01,0.000000000000000000e+00
3.078000000000000000e+04,5.617416501045227051e-01,5.853658536585365502e-01,6.052391529083251953e-01,0.000000000000000000e+00
3.079000000000000000e+04,5.627487301826477051e-01,5.731707317073170271e-01,5.948989987373352051e-01,0.000000000000000000e+00
3.080000000000000000e+04,5.144519209861755371e-01,6.097560975609755962e-01,5.233342051506042480e-01,0.000000000000000000e+00
3.081000000000000000e+04,5.221988558769226074e-01,5.975609756097560732e-01,5.274342894554138184e-01,0.000000000000000000e+00
3.082000000000000000e+04,5.217369794845581055e-01,6.219512195121951192e-01,5.268124341964721680e-01,0.000000000000000000e+00
3.083000000000000000e+04,5.691812038421630859e-01,6.097560975609755962e-01,5.990866422653198242e-01,0.000000000000000000e+00
3.084000000000000000e+04,5.626740455627441406e-01,5.853658536585365502e-01,5.902448296546936035e-01,0.000000000000000000e+00
3.085000000000000000e+04,5.204428434371948242e-01,6.219512195121951192e-01,5.268321633338928223e-01,0.000000000000000000e+00
3.086000000000000000e+04,5.257568359375000000e-01,5.975609756097560732e-01,5.374192595481872559e-01,0.000000000000000000e+00
3.087000000000000000e+04,5.481166839599609375e-01,5.853658536585365502e-01,5.734114050865173340e-01,0.000000000000000000e+00
3.088000000000000000e+04,5.484344959259033203e-01,6.219512195121951192e-01,5.467951297760009766e-01,0.000000000000000000e+00
3.089000000000000000e+04,5.314589738845825195e-01,5.975609756097560732e-01,5.487025380134582520e-01,0.000000000000000000e+00
3.090000000000000000e+04,5.279434919357299805e-01,6.219512195121951192e-01,5.297675728797912598e-01,0.000000000000000000e+00
3.091000000000000000e+04,5.637409090995788574e-01,5.609756097560976151e-01,5.651075839996337891e-01,0.000000000000000000e+00
3.092000000000000000e+04,5.697447061538696289e-01,5.853658536585365502e-01,5.841373801231384277e-01,0.000000000000000000e+00
3.093000000000000000e+04,5.719212889671325684e-01,6.219512195121951192e-01,5.811638832092285156e-01,0.000000000000000000e+00
3.094000000000000000e+04,5.507588386535644531e-01,6.097560975609755962e-01,5.303757190704345703e-01,0.000000000000000000e+00
3.095000000000000000e+04,5.199541449546813965e-01,6.097560975609755962e-01,4.906555712223052979e-01,0.000000000000000000e+00
3.096000000000000000e+04,5.175920128822326660e-01,6.097560975609755962e-01,5.076724886894226074e-01,0.000000000000000000e+00
3.097000000000000000e+04,5.325127840042114258e-01,6.341463414634146423e-01,5.333906412124633789e-01,0.000000000000000000e+00
3.098000000000000000e+04,5.470138192176818848e-01,5.853658536585365502e-01,5.496790409088134766e-01,0.000000000000000000e+00
3.099000000000000000e+04,5.483000874519348145e-01,5.853658536585365502e-01,5.381164550781250000e-01,0.000000000000000000e+00
3.100000000000000000e+04,5.025411844253540039e-01,5.975609756097560732e-01,4.700873196125030518e-01,0.000000000000000000e+00
3.101000000000000000e+04,5.106939673423767090e-01,5.853658536585365502e-01,4.960707426071166992e-01,0.000000000000000000e+00
3.102000000000000000e+04,5.194647312164306641e-01,5.731707317073170271e-01,5.073768496513366699e-01,0.000000000000000000e+00
3.103000000000000000e+04,5.208176374435424805e-01,5.853658536585365502e-01,5.079357028007507324e-01,0.000000000000000000e+00
3.104000000000000000e+04,5.007082223892211914e-01,5.975609756097560732e-01,4.854840338230133057e-01,0.000000000000000000e+00
3.105000000000000000e+04,4.980973303318023682e-01,5.731707317073170271e-01,4.924675226211547852e-01,0.000000000000000000e+00
3.106000000000000000e+04,4.954456686973571777e-01,6.097560975609755962e-01,4.639362692832946777e-01,0.000000000000000000e+00
3.107000000000000000e+04,4.948101043701171875e-01,5.731707317073170271e-01,4.733778238296508789e-01,0.000000000000000000e+00
3.108000000000000000e+04,5.008181333541870117e-01,6.097560975609755962e-01,4.607822597026824951e-01,0.000000000000000000e+00
3.109000000000000000e+04,5.073691010475158691e-01,5.853658536585365502e-01,4.776148498058319092e-01,0.000000000000000000e+00
3.110000000000000000e+04,5.507059097290039062e-01,5.609756097560976151e-01,5.096157193183898926e-01,0.000000000000000000e+00
3.111000000000000000e+04,5.679776072502136230e-01,5.975609756097560732e-01,5.389610528945922852e-01,0.000000000000000000e+00
3.112000000000000000e+04,6.000283956527709961e-01,6.341463414634146423e-01,6.112052798271179199e-01,0.000000000000000000e+00
3.113000000000000000e+04,5.641755461692810059e-01,6.097560975609755962e-01,5.390073657035827637e-01,0.000000000000000000e+00
3.114000000000000000e+04,5.897582769393920898e-01,5.853658536585365502e-01,5.747385025024414062e-01,0.000000000000000000e+00
3.115000000000000000e+04,5.402814149856567383e-01,5.975609756097560732e-01,5.125262141227722168e-01,0.000000000000000000e+00
3.116000000000000000e+04,5.526595115661621094e-01,6.097560975609755962e-01,5.342010259628295898e-01,0.000000000000000000e+00
3.117000000000000000e+04,5.614625215530395508e-01,5.975609756097560732e-01,5.198366045951843262e-01,0.000000000000000000e+00
3.118000000000000000e+04,5.779172182083129883e-01,5.853658536585365502e-01,5.486927628517150879e-01,0.000000000000000000e+00
3.119000000000000000e+04,5.744538903236389160e-01,5.975609756097560732e-01,5.469014644622802734e-01,0.000000000000000000e+00
3.120000000000000000e+04,5.628083348274230957e-01,6.097560975609755962e-01,5.383579134941101074e-01,0.000000000000000000e+00
3.121000000000000000e+04,5.378462672233581543e-01,5.975609756097560732e-01,5.098111629486083984e-01,0.000000000000000000e+00
3.122000000000000000e+04,5.366994738578796387e-01,5.731707317073170271e-01,5.153523683547973633e-01,0.000000000000000000e+00
3.123000000000000000e+04,5.426503419876098633e-01,5.853658536585365502e-01,5.085433721542358398e-01,0.000000000000000000e+00
3.124000000000000000e+04,5.732882618904113770e-01,5.731707317073170271e-01,5.527789592742919922e-01,0.000000000000000000e+00
3.125000000000000000e+04,5.481402873992919922e-01,5.853658536585365502e-01,5.241500139236450195e-01,0.000000000000000000e+00
3.126000000000000000e+04,5.598167777061462402e-01,5.731707317073170271e-01,5.301615595817565918e-01,0.000000000000000000e+00
3.127000000000000000e+04,5.590063929557800293e-01,5.731707317073170271e-01,5.423740148544311523e-01,0.000000000000000000e+00
3.128000000000000000e+04,5.768521428108215332e-01,5.853658536585365502e-01,5.388224124908447266e-01,0.000000000000000000e+00
3.129000000000000000e+04,5.679737329483032227e-01,5.975609756097560732e-01,5.357905626296997070e-01,0.000000000000000000e+00
3.130000000000000000e+04,5.628059506416320801e-01,5.975609756097560732e-01,5.467671155929565430e-01,0.000000000000000000e+00
3.131000000000000000e+04,5.568254590034484863e-01,5.731707317073170271e-01,5.406065583229064941e-01,0.000000000000000000e+00
3.132000000000000000e+04,5.959393978118896484e-01,5.731707317073170271e-01,5.864569544792175293e-01,0.000000000000000000e+00
3.133000000000000000e+04,5.933025479316711426e-01,5.609756097560976151e-01,5.940598845481872559e-01,0.000000000000000000e+00
3.134000000000000000e+04,6.276785135269165039e-01,5.609756097560976151e-01,6.235451698303222656e-01,0.000000000000000000e+00
3.135000000000000000e+04,6.200451254844665527e-01,5.731707317073170271e-01,6.119121909141540527e-01,0.000000000000000000e+00
3.136000000000000000e+04,5.916589498519897461e-01,5.975609756097560732e-01,5.763525962829589844e-01,0.000000000000000000e+00
3.137000000000000000e+04,5.978233218193054199e-01,5.731707317073170271e-01,5.914020538330078125e-01,0.000000000000000000e+00
3.138000000000000000e+04,6.032509803771972656e-01,5.609756097560976151e-01,5.820433497428894043e-01,0.000000000000000000e+00
3.139000000000000000e+04,5.861145257949829102e-01,5.731707317073170271e-01,5.730050802230834961e-01,0.000000000000000000e+00
3.140000000000000000e+04,5.770110487937927246e-01,5.487804878048780921e-01,5.565698742866516113e-01,0.000000000000000000e+00
3.141000000000000000e+04,6.027287840843200684e-01,5.853658536585365502e-01,5.923222899436950684e-01,0.000000000000000000e+00
3.142000000000000000e+04,5.865687727928161621e-01,5.121951219512195230e-01,5.641658306121826172e-01,0.000000000000000000e+00
3.143000000000000000e+04,5.430313944816589355e-01,5.975609756097560732e-01,5.173239111900329590e-01,0.000000000000000000e+00
3.144000000000000000e+04,5.728193521499633789e-01,5.731707317073170271e-01,5.441995859146118164e-01,0.000000000000000000e+00
3.145000000000000000e+04,5.871785879135131836e-01,5.609756097560976151e-01,5.693170428276062012e-01,0.000000000000000000e+00
3.146000000000000000e+04,5.695562958717346191e-01,5.731707317073170271e-01,5.599500536918640137e-01,0.000000000000000000e+00
3.147000000000000000e+04,5.528969764709472656e-01,5.853658536585365502e-01,5.141779780387878418e-01,0.000000000000000000e+00
3.148000000000000000e+04,5.597950816154479980e-01,5.853658536585365502e-01,5.374630093574523926e-01,0.000000000000000000e+00
3.149000000000000000e+04,5.610860586166381836e-01,5.731707317073170271e-01,5.362767577171325684e-01,0.000000000000000000e+00
3.150000000000000000e+04,5.677958726882934570e-01,5.487804878048780921e-01,5.571753382682800293e-01,0.000000000000000000e+00
3.151000000000000000e+04,5.662953853607177734e-01,5.731707317073170271e-01,5.279191136360168457e-01,0.000000000000000000e+00
3.152000000000000000e+04,5.588305592536926270e-01,5.853658536585365502e-01,5.080597996711730957e-01,0.000000000000000000e+00
3.153000000000000000e+04,5.885210633277893066e-01,5.731707317073170271e-01,5.578726530075073242e-01,0.000000000000000000e+00
3.154000000000000000e+04,5.954042673110961914e-01,5.487804878048780921e-01,5.584952831268310547e-01,0.000000000000000000e+00
3.155000000000000000e+04,5.969923138618469238e-01,5.487804878048780921e-01,5.749138593673706055e-01,0.000000000000000000e+00
3.156000000000000000e+04,6.054193973541259766e-01,5.365853658536585691e-01,5.858495235443115234e-01,0.000000000000000000e+00
3.157000000000000000e+04,5.932635068893432617e-01,5.487804878048780921e-01,5.495181083679199219e-01,0.000000000000000000e+00
3.158000000000000000e+04,6.169841289520263672e-01,5.731707317073170271e-01,5.890144109725952148e-01,0.000000000000000000e+00
3.159000000000000000e+04,6.009064316749572754e-01,5.243902439024390461e-01,5.802962779998779297e-01,0.000000000000000000e+00
3.160000000000000000e+04,5.696149468421936035e-01,5.487804878048780921e-01,5.253262519836425781e-01,0.000000000000000000e+00
3.161000000000000000e+04,5.532608032226562500e-01,5.731707317073170271e-01,5.438973307609558105e-01,0.000000000000000000e+00
3.162000000000000000e+04,6.029470562934875488e-01,5.731707317073170271e-01,5.960769653320312500e-01,0.000000000000000000e+00
3.163000000000000000e+04,5.949187278747558594e-01,5.365853658536585691e-01,5.848461389541625977e-01,0.000000000000000000e+00
3.164000000000000000e+04,6.081880331039428711e-01,5.487804878048780921e-01,5.965158939361572266e-01,0.000000000000000000e+00
3.165000000000000000e+04,5.800309181213378906e-01,5.731707317073170271e-01,5.571790337562561035e-01,0.000000000000000000e+00
3.166000000000000000e+04,5.848652124404907227e-01,5.853658536585365502e-01,5.557620525360107422e-01,0.000000000000000000e+00
3.167000000000000000e+04,5.948718786239624023e-01,5.487804878048780921e-01,5.556391477584838867e-01,0.000000000000000000e+00
3.168000000000000000e+04,5.783920884132385254e-01,5.609756097560976151e-01,5.394769906997680664e-01,0.000000000000000000e+00
3.169000000000000000e+04,5.489064455032348633e-01,5.731707317073170271e-01,5.001667737960815430e-01,0.000000000000000000e+00
3.170000000000000000e+04,5.308086872100830078e-01,5.731707317073170271e-01,4.864444136619567871e-01,0.000000000000000000e+00
3.171000000000000000e+04,5.661697983741760254e-01,5.853658536585365502e-01,5.227442979812622070e-01,0.000000000000000000e+00
3.172000000000000000e+04,5.598488450050354004e-01,5.609756097560976151e-01,5.097620487213134766e-01,0.000000000000000000e+00
3.173000000000000000e+04,5.599282979965209961e-01,5.487804878048780921e-01,5.224018096923828125e-01,0.000000000000000000e+00
3.174000000000000000e+04,5.578175783157348633e-01,5.609756097560976151e-01,5.097181797027587891e-01,0.000000000000000000e+00
3.175000000000000000e+04,5.669758319854736328e-01,5.853658536585365502e-01,5.161608457565307617e-01,0.000000000000000000e+00
3.176000000000000000e+04,5.340973734855651855e-01,5.731707317073170271e-01,4.731660485267639160e-01,0.000000000000000000e+00
3.177000000000000000e+04,5.530787706375122070e-01,5.487804878048780921e-01,5.111562013626098633e-01,0.000000000000000000e+00
3.178000000000000000e+04,5.276362299919128418e-01,5.609756097560976151e-01,4.743248820304870605e-01,0.000000000000000000e+00
3.179000000000000000e+04,5.215981602668762207e-01,5.487804878048780921e-01,4.676558375358581543e-01,0.000000000000000000e+00
3.180000000000000000e+04,5.060894489288330078e-01,5.731707317073170271e-01,4.570350348949432373e-01,0.000000000000000000e+00
3.181000000000000000e+04,5.345231890678405762e-01,5.853658536585365502e-01,5.115326642990112305e-01,0.000000000000000000e+00
3.182000000000000000e+04,5.299333333969116211e-01,5.609756097560976151e-01,4.840385615825653076e-01,0.000000000000000000e+00
3.183000000000000000e+04,5.333554148674011230e-01,5.609756097560976151e-01,4.923042058944702148e-01,0.000000000000000000e+00
3.184000000000000000e+04,5.300523042678833008e-01,5.487804878048780921e-01,5.130695104598999023e-01,0.000000000000000000e+00
3.185000000000000000e+04,4.998326301574707031e-01,5.853658536585365502e-01,4.664399623870849609e-01,0.000000000000000000e+00
3.186000000000000000e+04,5.174688696861267090e-01,5.487804878048780921e-01,4.961996078491210938e-01,0.000000000000000000e+00
3.187000000000000000e+04,5.233290195465087891e-01,5.487804878048780921e-01,5.027253031730651855e-01,0.000000000000000000e+00
3.188000000000000000e+04,5.591925382614135742e-01,5.731707317073170271e-01,5.474717617034912109e-01,0.000000000000000000e+00
3.189000000000000000e+04,5.587763190269470215e-01,5.487804878048780921e-01,5.346385240554809570e-01,0.000000000000000000e+00
3.190000000000000000e+04,5.839373469352722168e-01,5.243902439024390461e-01,5.750741958618164062e-01,0.000000000000000000e+00
3.191000000000000000e+04,5.568333864212036133e-01,5.365853658536585691e-01,5.337802171707153320e-01,0.000000000000000000e+00
3.192000000000000000e+04,5.711149573326110840e-01,5.731707317073170271e-01,5.552543401718139648e-01,0.000000000000000000e+00
3.193000000000000000e+04,5.488492250442504883e-01,5.609756097560976151e-01,5.221107602119445801e-01,0.000000000000000000e+00
3.194000000000000000e+04,5.535301566123962402e-01,5.487804878048780921e-01,5.164871811866760254e-01,0.000000000000000000e+00
3.195000000000000000e+04,5.859671831130981445e-01,5.365853658536585691e-01,5.715076327323913574e-01,0.000000000000000000e+00
3.196000000000000000e+04,5.799832940101623535e-01,5.609756097560976151e-01,5.581068992614746094e-01,0.000000000000000000e+00
3.197000000000000000e+04,5.786581635475158691e-01,5.243902439024390461e-01,5.700688362121582031e-01,0.000000000000000000e+00
3.198000000000000000e+04,5.812544822692871094e-01,5.243902439024390461e-01,5.809218883514404297e-01,0.000000000000000000e+00
3.199000000000000000e+04,6.063351631164550781e-01,6.219512195121951192e-01,5.809360146522521973e-01,0.000000000000000000e+00
3.200000000000000000e+04,6.195061802864074707e-01,5.731707317073170271e-01,5.985460281372070312e-01,0.000000000000000000e+00
3.201000000000000000e+04,6.450564861297607422e-01,5.731707317073170271e-01,6.180043816566467285e-01,0.000000000000000000e+00
3.202000000000000000e+04,6.540340781211853027e-01,5.609756097560976151e-01,6.443520188331604004e-01,0.000000000000000000e+00
3.203000000000000000e+04,5.970181822776794434e-01,5.487804878048780921e-01,5.916174054145812988e-01,0.000000000000000000e+00
3.204000000000000000e+04,5.849881768226623535e-01,5.487804878048780921e-01,5.588381886482238770e-01,0.000000000000000000e+00
3.205000000000000000e+04,6.113507151603698730e-01,5.487804878048780921e-01,5.821298360824584961e-01,0.000000000000000000e+00
3.206000000000000000e+04,6.257153749465942383e-01,5.731707317073170271e-01,5.984898209571838379e-01,0.000000000000000000e+00
3.207000000000000000e+04,6.190277338027954102e-01,5.731707317073170271e-01,5.983551740646362305e-01,0.000000000000000000e+00
3.208000000000000000e+04,6.295155882835388184e-01,5.487804878048780921e-01,6.199173331260681152e-01,0.000000000000000000e+00
3.209000000000000000e+04,6.551342010498046875e-01,5.365853658536585691e-01,6.668770909309387207e-01,0.000000000000000000e+00
3.210000000000000000e+04,6.279670000076293945e-01,5.487804878048780921e-01,6.409955024719238281e-01,0.000000000000000000e+00
3.211000000000000000e+04,6.281200051307678223e-01,5.731707317073170271e-01,6.347882151603698730e-01,0.000000000000000000e+00
3.212000000000000000e+04,6.485530138015747070e-01,4.756097560975609539e-01,6.493486166000366211e-01,0.000000000000000000e+00
3.213000000000000000e+04,6.686111688613891602e-01,5.853658536585365502e-01,6.657339334487915039e-01,0.000000000000000000e+00
3.214000000000000000e+04,6.283945441246032715e-01,5.487804878048780921e-01,6.293240189552307129e-01,0.000000000000000000e+00
3.215000000000000000e+04,6.216596961021423340e-01,5.975609756097560732e-01,6.387261152267456055e-01,0.000000000000000000e+00
3.216000000000000000e+04,5.872528553009033203e-01,5.609756097560976151e-01,5.989637374877929688e-01,0.000000000000000000e+00
3.217000000000000000e+04,6.067939996719360352e-01,5.975609756097560732e-01,6.022034287452697754e-01,0.000000000000000000e+00
3.218000000000000000e+04,5.857517719268798828e-01,5.853658536585365502e-01,5.789976716041564941e-01,0.000000000000000000e+00
3.219000000000000000e+04,6.225498318672180176e-01,5.365853658536585691e-01,6.361787915229797363e-01,0.000000000000000000e+00
3.220000000000000000e+04,5.793239474296569824e-01,5.609756097560976151e-01,5.767464041709899902e-01,0.000000000000000000e+00
3.221000000000000000e+04,5.904706120491027832e-01,5.853658536585365502e-01,5.889419913291931152e-01,0.000000000000000000e+00
3.222000000000000000e+04,5.858317613601684570e-01,5.487804878048780921e-01,5.953275561332702637e-01,0.000000000000000000e+00
3.223000000000000000e+04,5.887429118156433105e-01,5.853658536585365502e-01,6.043291091918945312e-01,0.000000000000000000e+00
3.224000000000000000e+04,5.837788581848144531e-01,5.609756097560976151e-01,5.873233079910278320e-01,0.000000000000000000e+00
3.225000000000000000e+04,5.920196771621704102e-01,5.853658536585365502e-01,5.990948081016540527e-01,0.000000000000000000e+00
3.226000000000000000e+04,6.027799248695373535e-01,5.731707317073170271e-01,6.177964210510253906e-01,0.000000000000000000e+00
3.227000000000000000e+04,5.946356654167175293e-01,5.487804878048780921e-01,6.238545775413513184e-01,0.000000000000000000e+00
3.228000000000000000e+04,6.051054596900939941e-01,5.853658536585365502e-01,6.388701200485229492e-01,0.000000000000000000e+00
3.229000000000000000e+04,6.148141026496887207e-01,5.853658536585365502e-01,6.304805278778076172e-01,0.000000000000000000e+00
3.230000000000000000e+04,6.061331033706665039e-01,5.731707317073170271e-01,6.230722665786743164e-01,0.000000000000000000e+00
3.231000000000000000e+04,6.226000785827636719e-01,5.853658536585365502e-01,6.321998834609985352e-01,0.000000000000000000e+00
3.232000000000000000e+04,6.480763554573059082e-01,5.975609756097560732e-01,6.926242709159851074e-01,0.000000000000000000e+00
3.233000000000000000e+04,6.320799589157104492e-01,5.975609756097560732e-01,6.635676026344299316e-01,0.000000000000000000e+00
3.234000000000000000e+04,6.014237999916076660e-01,5.731707317073170271e-01,6.201629638671875000e-01,0.000000000000000000e+00
3.235000000000000000e+04,6.052244305610656738e-01,5.731707317073170271e-01,6.371731758117675781e-01,0.000000000000000000e+00
3.236000000000000000e+04,6.266588568687438965e-01,5.853658536585365502e-01,6.459857225418090820e-01,0.000000000000000000e+00
3.237000000000000000e+04,6.229788064956665039e-01,6.219512195121951192e-01,6.659740209579467773e-01,0.000000000000000000e+00
3.238000000000000000e+04,6.088842749595642090e-01,6.097560975609755962e-01,6.294515132904052734e-01,0.000000000000000000e+00
3.239000000000000000e+04,5.951789021492004395e-01,6.097560975609755962e-01,5.791217684745788574e-01,0.000000000000000000e+00
3.240000000000000000e+04,5.806165933609008789e-01,6.097560975609755962e-01,5.983579158782958984e-01,0.000000000000000000e+00
3.241000000000000000e+04,5.543149709701538086e-01,6.585365853658536883e-01,5.551290512084960938e-01,0.000000000000000000e+00
3.242000000000000000e+04,5.769313573837280273e-01,5.853658536585365502e-01,5.687125921249389648e-01,0.000000000000000000e+00
3.243000000000000000e+04,5.685357451438903809e-01,6.341463414634146423e-01,5.590884685516357422e-01,0.000000000000000000e+00
3.244000000000000000e+04,5.406762957572937012e-01,6.219512195121951192e-01,5.476818680763244629e-01,0.000000000000000000e+00
3.245000000000000000e+04,5.943229198455810547e-01,5.487804878048780921e-01,6.141749024391174316e-01,0.000000000000000000e+00
3.246000000000000000e+04,5.823174118995666504e-01,5.731707317073170271e-01,6.032549142837524414e-01,0.000000000000000000e+00
3.247000000000000000e+04,5.476822853088378906e-01,5.609756097560976151e-01,5.555917620658874512e-01,0.000000000000000000e+00
3.248000000000000000e+04,5.376533865928649902e-01,5.853658536585365502e-01,5.328701138496398926e-01,0.000000000000000000e+00
3.249000000000000000e+04,5.581347346305847168e-01,6.097560975609755962e-01,5.546697378158569336e-01,0.000000000000000000e+00
3.250000000000000000e+04,5.541989207267761230e-01,5.731707317073170271e-01,5.515607595443725586e-01,0.000000000000000000e+00
3.251000000000000000e+04,5.906866192817687988e-01,5.853658536585365502e-01,6.097024083137512207e-01,0.000000000000000000e+00
3.252000000000000000e+04,5.716881155967712402e-01,5.853658536585365502e-01,5.845630764961242676e-01,0.000000000000000000e+00
3.253000000000000000e+04,5.654011964797973633e-01,5.853658536585365502e-01,5.728787183761596680e-01,0.000000000000000000e+00
3.254000000000000000e+04,5.810390710830688477e-01,5.853658536585365502e-01,5.804275274276733398e-01,0.000000000000000000e+00
3.255000000000000000e+04,5.710883140563964844e-01,5.731707317073170271e-01,5.741562843322753906e-01,0.000000000000000000e+00
3.256000000000000000e+04,5.497099161148071289e-01,5.731707317073170271e-01,5.628514885902404785e-01,0.000000000000000000e+00
3.257000000000000000e+04,5.631073117256164551e-01,5.975609756097560732e-01,5.789393186569213867e-01,0.000000000000000000e+00
3.258000000000000000e+04,5.827099680900573730e-01,5.609756097560976151e-01,6.074005961418151855e-01,0.000000000000000000e+00
3.259000000000000000e+04,5.438519120216369629e-01,5.609756097560976151e-01,5.445126295089721680e-01,0.000000000000000000e+00
3.260000000000000000e+04,5.712338685989379883e-01,5.853658536585365502e-01,5.937492847442626953e-01,0.000000000000000000e+00
3.261000000000000000e+04,5.380259752273559570e-01,5.853658536585365502e-01,5.503024458885192871e-01,0.000000000000000000e+00
3.262000000000000000e+04,5.349360704421997070e-01,5.853658536585365502e-01,5.459190011024475098e-01,0.000000000000000000e+00
3.263000000000000000e+04,5.461226105690002441e-01,5.975609756097560732e-01,5.586779713630676270e-01,0.000000000000000000e+00
3.264000000000000000e+04,5.961396098136901855e-01,5.853658536585365502e-01,5.970701575279235840e-01,0.000000000000000000e+00
3.265000000000000000e+04,6.267059445381164551e-01,5.731707317073170271e-01,6.443249583244323730e-01,0.000000000000000000e+00
3.266000000000000000e+04,6.289631724357604980e-01,5.975609756097560732e-01,6.635035276412963867e-01,0.000000000000000000e+00
3.267000000000000000e+04,5.834128260612487793e-01,5.853658536585365502e-01,5.986867547035217285e-01,0.000000000000000000e+00
3.268000000000000000e+04,5.950682759284973145e-01,6.097560975609755962e-01,6.216375827789306641e-01,0.000000000000000000e+00
3.269000000000000000e+04,5.326181650161743164e-01,5.731707317073170271e-01,5.469120144844055176e-01,0.000000000000000000e+00
3.270000000000000000e+04,5.502554774284362793e-01,5.853658536585365502e-01,5.721178650856018066e-01,0.000000000000000000e+00
3.271000000000000000e+04,6.018963456153869629e-01,5.487804878048780921e-01,6.493642926216125488e-01,0.000000000000000000e+00
3.272000000000000000e+04,5.861293673515319824e-01,5.975609756097560732e-01,6.167742609977722168e-01,0.000000000000000000e+00
3.273000000000000000e+04,5.778772830963134766e-01,5.975609756097560732e-01,5.955455899238586426e-01,0.000000000000000000e+00
3.274000000000000000e+04,5.602927803993225098e-01,5.609756097560976151e-01,5.733600258827209473e-01,0.000000000000000000e+00
3.275000000000000000e+04,5.723543763160705566e-01,5.365853658536585691e-01,5.835787057876586914e-01,0.000000000000000000e+00
3.276000000000000000e+04,5.410817861557006836e-01,5.731707317073170271e-01,5.750408768653869629e-01,0.000000000000000000e+00
3.277000000000000000e+04,5.257613062858581543e-01,5.487804878048780921e-01,5.255816578865051270e-01,0.000000000000000000e+00
3.278000000000000000e+04,5.477820634841918945e-01,5.731707317073170271e-01,5.607340931892395020e-01,0.000000000000000000e+00
3.279000000000000000e+04,5.529891848564147949e-01,5.853658536585365502e-01,5.582166314125061035e-01,0.000000000000000000e+00
3.280000000000000000e+04,5.753493309020996094e-01,5.731707317073170271e-01,6.026709675788879395e-01,0.000000000000000000e+00
3.281000000000000000e+04,5.964492559432983398e-01,5.975609756097560732e-01,6.102421879768371582e-01,0.000000000000000000e+00
3.282000000000000000e+04,5.983009934425354004e-01,5.731707317073170271e-01,6.262175440788269043e-01,0.000000000000000000e+00
3.283000000000000000e+04,5.932193398475646973e-01,5.975609756097560732e-01,6.029371619224548340e-01,0.000000000000000000e+00
3.284000000000000000e+04,5.865954756736755371e-01,5.731707317073170271e-01,6.180157661437988281e-01,0.000000000000000000e+00
3.285000000000000000e+04,5.298486351966857910e-01,5.853658536585365502e-01,5.317748785018920898e-01,0.000000000000000000e+00
3.286000000000000000e+04,5.485231280326843262e-01,5.853658536585365502e-01,5.521229505538940430e-01,0.000000000000000000e+00
3.287000000000000000e+04,5.438584685325622559e-01,5.609756097560976151e-01,5.259447097778320312e-01,0.000000000000000000e+00
3.288000000000000000e+04,5.349186658859252930e-01,5.609756097560976151e-01,5.355719923973083496e-01,0.000000000000000000e+00
3.289000000000000000e+04,5.428406000137329102e-01,5.853658536585365502e-01,5.662534236907958984e-01,0.000000000000000000e+00
3.290000000000000000e+04,5.209570527076721191e-01,5.731707317073170271e-01,5.055494308471679688e-01,0.000000000000000000e+00
3.291000000000000000e+04,5.138988494873046875e-01,5.609756097560976151e-01,4.708655178546905518e-01,0.000000000000000000e+00
3.292000000000000000e+04,5.403665304183959961e-01,5.609756097560976151e-01,5.500832200050354004e-01,0.000000000000000000e+00
3.293000000000000000e+04,5.250293612480163574e-01,5.853658536585365502e-01,5.073996186256408691e-01,0.000000000000000000e+00
3.294000000000000000e+04,5.594215393066406250e-01,5.487804878048780921e-01,5.776205658912658691e-01,0.000000000000000000e+00
3.295000000000000000e+04,5.319671630859375000e-01,5.975609756097560732e-01,5.210170745849609375e-01,0.000000000000000000e+00
3.296000000000000000e+04,5.495676994323730469e-01,5.365853658536585691e-01,5.503214001655578613e-01,0.000000000000000000e+00
3.297000000000000000e+04,5.272799730300903320e-01,5.731707317073170271e-01,5.302388668060302734e-01,0.000000000000000000e+00
3.298000000000000000e+04,5.458829402923583984e-01,5.609756097560976151e-01,5.497957468032836914e-01,0.000000000000000000e+00
3.299000000000000000e+04,5.348097085952758789e-01,5.243902439024390461e-01,5.474256277084350586e-01,0.000000000000000000e+00
3.300000000000000000e+04,5.670605897903442383e-01,5.731707317073170271e-01,5.894469022750854492e-01,0.000000000000000000e+00
3.301000000000000000e+04,5.406504273414611816e-01,5.487804878048780921e-01,5.478132367134094238e-01,0.000000000000000000e+00
3.302000000000000000e+04,5.418469905853271484e-01,5.609756097560976151e-01,5.416432023048400879e-01,0.000000000000000000e+00
3.303000000000000000e+04,5.447539687156677246e-01,5.731707317073170271e-01,5.049459934234619141e-01,0.000000000000000000e+00
3.304000000000000000e+04,5.243889689445495605e-01,5.731707317073170271e-01,5.066899657249450684e-01,0.000000000000000000e+00
3.305000000000000000e+04,5.059072971343994141e-01,5.609756097560976151e-01,4.741273820400238037e-01,0.000000000000000000e+00
3.306000000000000000e+04,5.274180769920349121e-01,5.731707317073170271e-01,5.021038651466369629e-01,0.000000000000000000e+00
3.307000000000000000e+04,5.005347728729248047e-01,5.609756097560976151e-01,4.595417976379394531e-01,0.000000000000000000e+00
3.308000000000000000e+04,5.220497846603393555e-01,5.609756097560976151e-01,4.836324751377105713e-01,0.000000000000000000e+00
3.309000000000000000e+04,5.306100845336914062e-01,5.731707317073170271e-01,4.986461997032165527e-01,0.000000000000000000e+00
3.310000000000000000e+04,5.316381454467773438e-01,5.975609756097560732e-01,5.218878984451293945e-01,0.000000000000000000e+00
3.311000000000000000e+04,5.573306083679199219e-01,5.853658536585365502e-01,5.517286658287048340e-01,0.000000000000000000e+00
3.312000000000000000e+04,5.501644015312194824e-01,5.609756097560976151e-01,5.181881189346313477e-01,0.000000000000000000e+00
3.313000000000000000e+04,5.713080167770385742e-01,5.731707317073170271e-01,5.810324549674987793e-01,0.000000000000000000e+00
3.314000000000000000e+04,5.811560750007629395e-01,5.609756097560976151e-01,5.945603251457214355e-01,0.000000000000000000e+00
3.315000000000000000e+04,5.817576050758361816e-01,5.853658536585365502e-01,5.863180160522460938e-01,0.000000000000000000e+00
3.316000000000000000e+04,5.656581521034240723e-01,5.853658536585365502e-01,5.545179247856140137e-01,0.000000000000000000e+00
3.317000000000000000e+04,5.666698813438415527e-01,6.097560975609755962e-01,5.543405413627624512e-01,0.000000000000000000e+00
3.318000000000000000e+04,5.495414733886718750e-01,5.853658536585365502e-01,5.404525399208068848e-01,0.000000000000000000e+00
3.319000000000000000e+04,5.464569926261901855e-01,5.487804878048780921e-01,5.340991020202636719e-01,0.000000000000000000e+00
3.320000000000000000e+04,5.252768993377685547e-01,5.853658536585365502e-01,4.988376200199127197e-01,0.000000000000000000e+00
3.321000000000000000e+04,5.238085985183715820e-01,5.609756097560976151e-01,5.076336860656738281e-01,0.000000000000000000e+00
3.322000000000000000e+04,5.319750905036926270e-01,5.487804878048780921e-01,5.238066911697387695e-01,0.000000000000000000e+00
3.323000000000000000e+04,5.376189351081848145e-01,5.731707317073170271e-01,5.203811526298522949e-01,0.000000000000000000e+00
3.324000000000000000e+04,5.195586681365966797e-01,5.609756097560976151e-01,5.079694390296936035e-01,0.000000000000000000e+00
3.325000000000000000e+04,5.209990143775939941e-01,5.853658536585365502e-01,5.300465822219848633e-01,0.000000000000000000e+00
3.326000000000000000e+04,5.282971262931823730e-01,5.731707317073170271e-01,5.185396075248718262e-01,0.000000000000000000e+00
3.327000000000000000e+04,5.564743876457214355e-01,5.243902439024390461e-01,5.714573860168457031e-01,0.000000000000000000e+00
3.328000000000000000e+04,5.341874361038208008e-01,5.853658536585365502e-01,5.589350461959838867e-01,0.000000000000000000e+00
3.329000000000000000e+04,5.242708325386047363e-01,5.853658536585365502e-01,5.224567055702209473e-01,0.000000000000000000e+00
3.330000000000000000e+04,5.341706871986389160e-01,5.731707317073170271e-01,5.581406354904174805e-01,0.000000000000000000e+00
3.331000000000000000e+04,5.419796109199523926e-01,6.097560975609755962e-01,5.486761927604675293e-01,0.000000000000000000e+00
3.332000000000000000e+04,5.197649598121643066e-01,5.853658536585365502e-01,5.220193862915039062e-01,0.000000000000000000e+00
3.333000000000000000e+04,5.004636049270629883e-01,5.731707317073170271e-01,5.035954117774963379e-01,0.000000000000000000e+00
3.334000000000000000e+04,5.227921605110168457e-01,5.609756097560976151e-01,5.043389201164245605e-01,0.000000000000000000e+00
3.335000000000000000e+04,5.353628993034362793e-01,5.487804878048780921e-01,5.315729975700378418e-01,0.000000000000000000e+00
3.336000000000000000e+04,5.070589184761047363e-01,5.975609756097560732e-01,5.035268664360046387e-01,0.000000000000000000e+00
3.337000000000000000e+04,5.190768241882324219e-01,5.487804878048780921e-01,5.135689973831176758e-01,0.000000000000000000e+00
3.338000000000000000e+04,5.169453620910644531e-01,5.975609756097560732e-01,5.148499608039855957e-01,0.000000000000000000e+00
3.339000000000000000e+04,5.390854477882385254e-01,5.975609756097560732e-01,5.420746207237243652e-01,0.000000000000000000e+00
3.340000000000000000e+04,5.402647256851196289e-01,5.609756097560976151e-01,5.312041640281677246e-01,0.000000000000000000e+00
3.341000000000000000e+04,5.336278676986694336e-01,5.609756097560976151e-01,5.316172838211059570e-01,0.000000000000000000e+00
3.342000000000000000e+04,5.408901572227478027e-01,5.853658536585365502e-01,5.338854789733886719e-01,0.000000000000000000e+00
3.343000000000000000e+04,5.362573266029357910e-01,5.731707317073170271e-01,5.460469126701354980e-01,0.000000000000000000e+00
3.344000000000000000e+04,5.363638997077941895e-01,5.731707317073170271e-01,5.530744194984436035e-01,0.000000000000000000e+00
3.345000000000000000e+04,5.274841785430908203e-01,5.609756097560976151e-01,5.309493541717529297e-01,0.000000000000000000e+00
3.346000000000000000e+04,5.054654479026794434e-01,5.731707317073170271e-01,4.787056148052215576e-01,0.000000000000000000e+00
3.347000000000000000e+04,5.095245242118835449e-01,5.609756097560976151e-01,4.735599160194396973e-01,0.000000000000000000e+00
3.348000000000000000e+04,5.480400919914245605e-01,5.609756097560976151e-01,5.487222671508789062e-01,0.000000000000000000e+00
3.349000000000000000e+04,5.452740788459777832e-01,5.609756097560976151e-01,5.426834821701049805e-01,0.000000000000000000e+00
3.350000000000000000e+04,5.557640790939331055e-01,5.731707317073170271e-01,5.423811078071594238e-01,0.000000000000000000e+00
3.351000000000000000e+04,5.472579598426818848e-01,5.731707317073170271e-01,5.407570600509643555e-01,0.000000000000000000e+00
3.352000000000000000e+04,5.579882860183715820e-01,5.731707317073170271e-01,5.641748905181884766e-01,0.000000000000000000e+00
3.353000000000000000e+04,5.591329336166381836e-01,5.609756097560976151e-01,5.636956691741943359e-01,0.000000000000000000e+00
3.354000000000000000e+04,5.851116180419921875e-01,5.853658536585365502e-01,5.955137014389038086e-01,0.000000000000000000e+00
3.355000000000000000e+04,5.433224439620971680e-01,6.097560975609755962e-01,5.257079005241394043e-01,0.000000000000000000e+00
3.356000000000000000e+04,5.495001077651977539e-01,6.097560975609755962e-01,5.424999594688415527e-01,0.000000000000000000e+00
3.357000000000000000e+04,5.547041296958923340e-01,5.731707317073170271e-01,5.541542768478393555e-01,0.000000000000000000e+00
3.358000000000000000e+04,5.489423871040344238e-01,5.731707317073170271e-01,5.477442145347595215e-01,0.000000000000000000e+00
3.359000000000000000e+04,5.608018040657043457e-01,5.853658536585365502e-01,5.429548025131225586e-01,0.000000000000000000e+00
3.360000000000000000e+04,5.246811509132385254e-01,5.609756097560976151e-01,4.982330799102783203e-01,0.000000000000000000e+00
3.361000000000000000e+04,5.389713644981384277e-01,5.487804878048780921e-01,5.038760900497436523e-01,0.000000000000000000e+00
3.362000000000000000e+04,5.287744402885437012e-01,5.853658536585365502e-01,5.091900229454040527e-01,0.000000000000000000e+00
3.363000000000000000e+04,5.413787961006164551e-01,5.853658536585365502e-01,5.124055743217468262e-01,0.000000000000000000e+00
3.364000000000000000e+04,5.414386987686157227e-01,5.487804878048780921e-01,5.355131626129150391e-01,0.000000000000000000e+00
3.365000000000000000e+04,5.403439998626708984e-01,5.243902439024390461e-01,5.276508927345275879e-01,0.000000000000000000e+00
3.366000000000000000e+04,5.218897461891174316e-01,5.609756097560976151e-01,4.981422722339630127e-01,0.000000000000000000e+00
3.367000000000000000e+04,5.054630637168884277e-01,5.487804878048780921e-01,4.825068712234497070e-01,0.000000000000000000e+00
3.368000000000000000e+04,5.540775656700134277e-01,5.975609756097560732e-01,5.459643602371215820e-01,0.000000000000000000e+00
3.369000000000000000e+04,5.582823753356933594e-01,5.731707317073170271e-01,5.403966903686523438e-01,0.000000000000000000e+00
3.370000000000000000e+04,5.274151563644409180e-01,5.609756097560976151e-01,4.796481132507324219e-01,0.000000000000000000e+00
3.371000000000000000e+04,5.442485213279724121e-01,6.097560975609755962e-01,5.011485815048217773e-01,0.000000000000000000e+00
3.372000000000000000e+04,5.490401983261108398e-01,5.487804878048780921e-01,5.149081945419311523e-01,0.000000000000000000e+00
3.373000000000000000e+04,5.160342454910278320e-01,5.975609756097560732e-01,4.797224700450897217e-01,0.000000000000000000e+00
3.374000000000000000e+04,5.574420690536499023e-01,5.731707317073170271e-01,5.508991479873657227e-01,0.000000000000000000e+00
3.375000000000000000e+04,5.545439124107360840e-01,5.487804878048780921e-01,5.336644053459167480e-01,0.000000000000000000e+00
3.376000000000000000e+04,5.313962101936340332e-01,5.731707317073170271e-01,4.813805222511291504e-01,0.000000000000000000e+00
3.377000000000000000e+04,5.513859987258911133e-01,5.487804878048780921e-01,5.252693295478820801e-01,0.000000000000000000e+00
3.378000000000000000e+04,5.446991324424743652e-01,5.609756097560976151e-01,5.146436691284179688e-01,0.000000000000000000e+00
3.379000000000000000e+04,5.511837601661682129e-01,5.853658536585365502e-01,5.246000885963439941e-01,0.000000000000000000e+00
3.380000000000000000e+04,5.735478401184082031e-01,5.853658536585365502e-01,5.611398220062255859e-01,0.000000000000000000e+00
3.381000000000000000e+04,5.389037728309631348e-01,5.731707317073170271e-01,4.967099726200103760e-01,0.000000000000000000e+00
3.382000000000000000e+04,5.230351686477661133e-01,5.731707317073170271e-01,4.958711266517639160e-01,0.000000000000000000e+00
3.383000000000000000e+04,5.740971565246582031e-01,5.487804878048780921e-01,5.734453201293945312e-01,0.000000000000000000e+00
3.384000000000000000e+04,5.868889689445495605e-01,5.609756097560976151e-01,5.594246387481689453e-01,0.000000000000000000e+00
3.385000000000000000e+04,5.821204781532287598e-01,6.097560975609755962e-01,5.589065551757812500e-01,0.000000000000000000e+00
3.386000000000000000e+04,5.492845773696899414e-01,6.219512195121951192e-01,5.162461400032043457e-01,0.000000000000000000e+00
3.387000000000000000e+04,5.441059470176696777e-01,5.853658536585365502e-01,5.195274353027343750e-01,0.000000000000000000e+00
3.388000000000000000e+04,5.741989612579345703e-01,5.731707317073170271e-01,5.663334131240844727e-01,0.000000000000000000e+00
3.389000000000000000e+04,5.673264265060424805e-01,5.853658536585365502e-01,5.389707684516906738e-01,0.000000000000000000e+00
3.390000000000000000e+04,5.696640014648437500e-01,5.487804878048780921e-01,5.337444543838500977e-01,0.000000000000000000e+00
3.391000000000000000e+04,5.439684987068176270e-01,5.853658536585365502e-01,5.176358222961425781e-01,0.000000000000000000e+00
3.392000000000000000e+04,5.483455657958984375e-01,5.731707317073170271e-01,5.195227265357971191e-01,0.000000000000000000e+00
3.393000000000000000e+04,6.075091958045959473e-01,5.609756097560976151e-01,5.842120051383972168e-01,0.000000000000000000e+00
3.394000000000000000e+04,5.819520950317382812e-01,5.731707317073170271e-01,5.320674180984497070e-01,0.000000000000000000e+00
3.395000000000000000e+04,5.921506881713867188e-01,5.609756097560976151e-01,5.319394469261169434e-01,0.000000000000000000e+00
3.396000000000000000e+04,5.941113829612731934e-01,5.609756097560976151e-01,5.557860136032104492e-01,0.000000000000000000e+00
3.397000000000000000e+04,6.165841817855834961e-01,5.853658536585365502e-01,5.904584527015686035e-01,0.000000000000000000e+00
3.398000000000000000e+04,6.050268411636352539e-01,5.853658536585365502e-01,5.735678672790527344e-01,0.000000000000000000e+00
3.399000000000000000e+04,6.060256958007812500e-01,5.975609756097560732e-01,5.875715017318725586e-01,0.000000000000000000e+00
3.400000000000000000e+04,5.839108228683471680e-01,5.853658536585365502e-01,5.592083930969238281e-01,0.000000000000000000e+00
3.401000000000000000e+04,5.816915631294250488e-01,5.975609756097560732e-01,5.616294145584106445e-01,0.000000000000000000e+00
3.402000000000000000e+04,5.773849487304687500e-01,5.731707317073170271e-01,5.468314290046691895e-01,0.000000000000000000e+00
3.403000000000000000e+04,5.744971036911010742e-01,5.975609756097560732e-01,5.486497282981872559e-01,0.000000000000000000e+00
3.404000000000000000e+04,5.988898277282714844e-01,5.853658536585365502e-01,5.907593965530395508e-01,0.000000000000000000e+00
3.405000000000000000e+04,6.074448823928833008e-01,5.853658536585365502e-01,5.842124819755554199e-01,0.000000000000000000e+00
3.406000000000000000e+04,6.145054101943969727e-01,5.731707317073170271e-01,5.872795581817626953e-01,0.000000000000000000e+00
3.407000000000000000e+04,5.877014398574829102e-01,5.609756097560976151e-01,5.791385173797607422e-01,0.000000000000000000e+00
3.408000000000000000e+04,5.927839279174804688e-01,5.975609756097560732e-01,5.782885551452636719e-01,0.000000000000000000e+00
3.409000000000000000e+04,5.712926387786865234e-01,5.975609756097560732e-01,5.489489436149597168e-01,0.000000000000000000e+00
3.410000000000000000e+04,5.960460305213928223e-01,5.853658536585365502e-01,5.494312047958374023e-01,0.000000000000000000e+00
3.411000000000000000e+04,5.869519710540771484e-01,5.121951219512195230e-01,5.496261715888977051e-01,0.000000000000000000e+00
3.412000000000000000e+04,5.794416666030883789e-01,5.853658536585365502e-01,5.420452952384948730e-01,0.000000000000000000e+00
3.413000000000000000e+04,5.951660275459289551e-01,5.731707317073170271e-01,5.543271899223327637e-01,0.000000000000000000e+00
3.414000000000000000e+04,5.928303003311157227e-01,5.853658536585365502e-01,5.485517978668212891e-01,0.000000000000000000e+00
3.415000000000000000e+04,5.893987417221069336e-01,5.975609756097560732e-01,5.726974606513977051e-01,0.000000000000000000e+00
3.416000000000000000e+04,6.177604198455810547e-01,5.975609756097560732e-01,6.028591990470886230e-01,0.000000000000000000e+00
3.417000000000000000e+04,6.099919676780700684e-01,5.365853658536585691e-01,5.794607400894165039e-01,0.000000000000000000e+00
3.418000000000000000e+04,5.829026699066162109e-01,5.853658536585365502e-01,5.496858954429626465e-01,0.000000000000000000e+00
3.419000000000000000e+04,5.891196131706237793e-01,5.365853658536585691e-01,5.788615942001342773e-01,0.000000000000000000e+00
3.420000000000000000e+04,6.003013253211975098e-01,5.609756097560976151e-01,5.836108326911926270e-01,0.000000000000000000e+00
3.421000000000000000e+04,6.139436364173889160e-01,5.609756097560976151e-01,5.804258584976196289e-01,0.000000000000000000e+00
3.422000000000000000e+04,6.030094027519226074e-01,5.731707317073170271e-01,5.752957463264465332e-01,0.000000000000000000e+00
3.423000000000000000e+04,6.256284117698669434e-01,5.609756097560976151e-01,5.828225016593933105e-01,0.000000000000000000e+00
3.424000000000000000e+04,6.331556439399719238e-01,5.365853658536585691e-01,5.954480767250061035e-01,0.000000000000000000e+00
3.425000000000000000e+04,6.047567725181579590e-01,5.731707317073170271e-01,5.712167024612426758e-01,0.000000000000000000e+00
3.426000000000000000e+04,5.824370384216308594e-01,5.853658536585365502e-01,5.182885527610778809e-01,0.000000000000000000e+00
3.427000000000000000e+04,6.273305416107177734e-01,5.731707317073170271e-01,5.931963920593261719e-01,0.000000000000000000e+00
3.428000000000000000e+04,6.256268024444580078e-01,5.853658536585365502e-01,5.846358537673950195e-01,0.000000000000000000e+00
3.429000000000000000e+04,5.929825305938720703e-01,5.853658536585365502e-01,5.418214201927185059e-01,0.000000000000000000e+00
3.430000000000000000e+04,5.849242806434631348e-01,5.609756097560976151e-01,5.375096797943115234e-01,0.000000000000000000e+00
3.431000000000000000e+04,5.721316933631896973e-01,5.975609756097560732e-01,5.374349951744079590e-01,0.000000000000000000e+00
3.432000000000000000e+04,5.789656639099121094e-01,5.731707317073170271e-01,5.405498743057250977e-01,0.000000000000000000e+00
3.433000000000000000e+04,5.924955606460571289e-01,5.609756097560976151e-01,5.520384311676025391e-01,0.000000000000000000e+00
3.434000000000000000e+04,6.291207671165466309e-01,5.487804878048780921e-01,6.027240753173828125e-01,0.000000000000000000e+00
3.435000000000000000e+04,6.230147480964660645e-01,5.853658536585365502e-01,5.957366824150085449e-01,0.000000000000000000e+00
3.436000000000000000e+04,6.159239411354064941e-01,5.853658536585365502e-01,5.859290361404418945e-01,0.000000000000000000e+00
3.437000000000000000e+04,6.382462382316589355e-01,5.121951219512195230e-01,5.979254841804504395e-01,0.000000000000000000e+00
3.438000000000000000e+04,6.255773901939392090e-01,5.853658536585365502e-01,6.109727025032043457e-01,0.000000000000000000e+00
3.439000000000000000e+04,5.829694271087646484e-01,5.853658536585365502e-01,5.292436480522155762e-01,0.000000000000000000e+00
3.440000000000000000e+04,5.854178071022033691e-01,5.487804878048780921e-01,5.571060180664062500e-01,0.000000000000000000e+00
3.441000000000000000e+04,5.713545083999633789e-01,5.853658536585365502e-01,5.252833962440490723e-01,0.000000000000000000e+00
3.442000000000000000e+04,5.713305473327636719e-01,5.609756097560976151e-01,5.348856449127197266e-01,0.000000000000000000e+00
3.443000000000000000e+04,6.047943830490112305e-01,5.609756097560976151e-01,5.684844851493835449e-01,0.000000000000000000e+00
3.444000000000000000e+04,5.688911080360412598e-01,5.609756097560976151e-01,5.314283370971679688e-01,0.000000000000000000e+00
3.445000000000000000e+04,5.603693127632141113e-01,5.975609756097560732e-01,4.855341911315917969e-01,0.000000000000000000e+00
3.446000000000000000e+04,5.624974966049194336e-01,6.097560975609755962e-01,5.007505416870117188e-01,0.000000000000000000e+00
3.447000000000000000e+04,5.643407106399536133e-01,5.975609756097560732e-01,5.271379351615905762e-01,0.000000000000000000e+00
3.448000000000000000e+04,6.011509895324707031e-01,5.731707317073170271e-01,5.468021631240844727e-01,0.000000000000000000e+00
3.449000000000000000e+04,6.000859141349792480e-01,5.975609756097560732e-01,5.581511259078979492e-01,0.000000000000000000e+00
3.450000000000000000e+04,5.777078866958618164e-01,5.853658536585365502e-01,5.438875555992126465e-01,0.000000000000000000e+00
3.451000000000000000e+04,5.775681138038635254e-01,5.975609756097560732e-01,5.472471714019775391e-01,0.000000000000000000e+00
3.452000000000000000e+04,5.793685913085937500e-01,5.609756097560976151e-01,5.560440421104431152e-01,0.000000000000000000e+00
3.453000000000000000e+04,6.040822267532348633e-01,6.097560975609755962e-01,5.835024118423461914e-01,0.000000000000000000e+00
3.454000000000000000e+04,6.018794775009155273e-01,5.731707317073170271e-01,6.013823151588439941e-01,0.000000000000000000e+00
3.455000000000000000e+04,5.838529467582702637e-01,5.853658536585365502e-01,5.504760146141052246e-01,0.000000000000000000e+00
3.456000000000000000e+04,6.054302453994750977e-01,5.609756097560976151e-01,6.065012812614440918e-01,0.000000000000000000e+00
3.457000000000000000e+04,5.700802206993103027e-01,5.609756097560976151e-01,5.364269018173217773e-01,0.000000000000000000e+00
3.458000000000000000e+04,5.814533829689025879e-01,5.243902439024390461e-01,5.517921447753906250e-01,0.000000000000000000e+00
3.459000000000000000e+04,5.733896493911743164e-01,5.731707317073170271e-01,5.471879839897155762e-01,0.000000000000000000e+00
3.460000000000000000e+04,5.725488662719726562e-01,5.609756097560976151e-01,5.498213768005371094e-01,0.000000000000000000e+00
3.461000000000000000e+04,5.919482111930847168e-01,5.853658536585365502e-01,5.422313809394836426e-01,0.000000000000000000e+00
3.462000000000000000e+04,6.028474569320678711e-01,5.853658536585365502e-01,5.620419383049011230e-01,0.000000000000000000e+00
3.463000000000000000e+04,5.713527202606201172e-01,5.609756097560976151e-01,5.253388285636901855e-01,0.000000000000000000e+00
3.464000000000000000e+04,5.970166921615600586e-01,5.487804878048780921e-01,5.613223314285278320e-01,0.000000000000000000e+00
3.465000000000000000e+04,5.761102437973022461e-01,5.609756097560976151e-01,5.239367485046386719e-01,0.000000000000000000e+00
3.466000000000000000e+04,5.630546808242797852e-01,5.487804878048780921e-01,5.088824629783630371e-01,0.000000000000000000e+00
3.467000000000000000e+04,5.693421959877014160e-01,5.975609756097560732e-01,4.931595623493194580e-01,0.000000000000000000e+00
3.468000000000000000e+04,5.505921840667724609e-01,5.975609756097560732e-01,4.853802323341369629e-01,0.000000000000000000e+00
3.469000000000000000e+04,5.671684741973876953e-01,5.853658536585365502e-01,5.005326271057128906e-01,0.000000000000000000e+00
3.470000000000000000e+04,5.537165403366088867e-01,5.609756097560976151e-01,5.114240646362304688e-01,0.000000000000000000e+00
3.471000000000000000e+04,5.715762376785278320e-01,5.731707317073170271e-01,5.155666470527648926e-01,0.000000000000000000e+00
3.472000000000000000e+04,5.711861252784729004e-01,5.853658536585365502e-01,5.345257520675659180e-01,0.000000000000000000e+00
3.473000000000000000e+04,5.772583484649658203e-01,5.243902439024390461e-01,5.024845600128173828e-01,0.000000000000000000e+00
3.474000000000000000e+04,5.728312134742736816e-01,5.975609756097560732e-01,5.182007551193237305e-01,0.000000000000000000e+00
3.475000000000000000e+04,5.769814848899841309e-01,5.731707317073170271e-01,5.124335289001464844e-01,0.000000000000000000e+00
3.476000000000000000e+04,5.808066725730895996e-01,5.731707317073170271e-01,5.428152084350585938e-01,0.000000000000000000e+00
3.477000000000000000e+04,5.831770300865173340e-01,5.975609756097560732e-01,5.336934328079223633e-01,0.000000000000000000e+00
3.478000000000000000e+04,6.010894775390625000e-01,5.731707317073170271e-01,5.731157660484313965e-01,0.000000000000000000e+00
3.479000000000000000e+04,5.744049549102783203e-01,5.853658536585365502e-01,5.360020399093627930e-01,0.000000000000000000e+00
3.480000000000000000e+04,5.648139119148254395e-01,5.731707317073170271e-01,5.204123258590698242e-01,0.000000000000000000e+00
3.481000000000000000e+04,6.113551855087280273e-01,5.609756097560976151e-01,5.732840299606323242e-01,0.000000000000000000e+00
3.482000000000000000e+04,5.802894830703735352e-01,5.731707317073170271e-01,5.321934819221496582e-01,0.000000000000000000e+00
3.483000000000000000e+04,5.978593826293945312e-01,5.609756097560976151e-01,5.950700044631958008e-01,0.000000000000000000e+00
3.484000000000000000e+04,5.949637293815612793e-01,5.975609756097560732e-01,5.754867196083068848e-01,0.000000000000000000e+00
3.485000000000000000e+04,5.923826694488525391e-01,5.731707317073170271e-01,6.043910980224609375e-01,0.000000000000000000e+00
3.486000000000000000e+04,5.869390368461608887e-01,5.487804878048780921e-01,5.731154084205627441e-01,0.000000000000000000e+00
3.487000000000000000e+04,5.838696360588073730e-01,5.609756097560976151e-01,5.598754882812500000e-01,0.000000000000000000e+00
3.488000000000000000e+04,5.878738760948181152e-01,5.853658536585365502e-01,5.650069117546081543e-01,0.000000000000000000e+00
3.489000000000000000e+04,5.948636531829833984e-01,5.365853658536585691e-01,6.098328232765197754e-01,0.000000000000000000e+00
3.490000000000000000e+04,5.846636295318603516e-01,5.853658536585365502e-01,5.655698776245117188e-01,0.000000000000000000e+00
3.491000000000000000e+04,5.803215503692626953e-01,5.853658536585365502e-01,5.617905855178833008e-01,0.000000000000000000e+00
3.492000000000000000e+04,5.824328064918518066e-01,5.609756097560976151e-01,5.676612854003906250e-01,0.000000000000000000e+00
3.493000000000000000e+04,6.306323409080505371e-01,5.609756097560976151e-01,6.382998228073120117e-01,0.000000000000000000e+00
3.494000000000000000e+04,6.001338362693786621e-01,5.121951219512195230e-01,6.010967493057250977e-01,0.000000000000000000e+00
3.495000000000000000e+04,5.888555645942687988e-01,5.365853658536585691e-01,5.906936526298522949e-01,0.000000000000000000e+00
3.496000000000000000e+04,5.887430906295776367e-01,5.243902439024390461e-01,5.890504121780395508e-01,0.000000000000000000e+00
3.497000000000000000e+04,6.010861396789550781e-01,5.853658536585365502e-01,6.174901723861694336e-01,0.000000000000000000e+00
3.498000000000000000e+04,6.494598984718322754e-01,5.365853658536585691e-01,6.681936979293823242e-01,0.000000000000000000e+00
3.499000000000000000e+04,6.520972847938537598e-01,5.365853658536585691e-01,6.711191534996032715e-01,0.000000000000000000e+00
3.500000000000000000e+04,6.454715132713317871e-01,5.487804878048780921e-01,6.554444432258605957e-01,0.000000000000000000e+00
3.501000000000000000e+04,6.391738653182983398e-01,5.731707317073170271e-01,6.423997282981872559e-01,0.000000000000000000e+00
3.502000000000000000e+04,6.314648985862731934e-01,5.487804878048780921e-01,6.340420842170715332e-01,0.000000000000000000e+00
3.503000000000000000e+04,6.012101769447326660e-01,5.487804878048780921e-01,6.180987358093261719e-01,0.000000000000000000e+00
3.504000000000000000e+04,6.042071580886840820e-01,5.365853658536585691e-01,5.992881655693054199e-01,0.000000000000000000e+00
3.505000000000000000e+04,6.232733726501464844e-01,5.609756097560976151e-01,6.227273344993591309e-01,0.000000000000000000e+00
3.506000000000000000e+04,5.872762799263000488e-01,5.853658536585365502e-01,5.902935862541198730e-01,0.000000000000000000e+00
3.507000000000000000e+04,5.871419906616210938e-01,5.365853658536585691e-01,5.931925177574157715e-01,0.000000000000000000e+00
3.508000000000000000e+04,5.886366367340087891e-01,5.609756097560976151e-01,5.854132175445556641e-01,0.000000000000000000e+00
3.509000000000000000e+04,6.273090243339538574e-01,5.487804878048780921e-01,6.446509957313537598e-01,0.000000000000000000e+00
3.510000000000000000e+04,6.270546317100524902e-01,5.853658536585365502e-01,6.320257782936096191e-01,0.000000000000000000e+00
3.511000000000000000e+04,6.167983412742614746e-01,5.975609756097560732e-01,6.193130016326904297e-01,0.000000000000000000e+00
3.512000000000000000e+04,6.514522433280944824e-01,5.853658536585365502e-01,6.522815823554992676e-01,0.000000000000000000e+00
3.513000000000000000e+04,6.542181372642517090e-01,5.853658536585365502e-01,6.666387915611267090e-01,0.000000000000000000e+00
3.514000000000000000e+04,6.908441185951232910e-01,5.853658536585365502e-01,7.187160849571228027e-01,0.000000000000000000e+00
3.515000000000000000e+04,7.113569378852844238e-01,5.731707317073170271e-01,7.464734315872192383e-01,0.000000000000000000e+00
3.516000000000000000e+04,7.068738341331481934e-01,5.975609756097560732e-01,7.187604308128356934e-01,0.000000000000000000e+00
3.517000000000000000e+04,6.668259501457214355e-01,5.975609756097560732e-01,7.093743681907653809e-01,0.000000000000000000e+00
3.518000000000000000e+04,6.627835035324096680e-01,5.853658536585365502e-01,6.814476251602172852e-01,0.000000000000000000e+00
3.519000000000000000e+04,7.243959903717041016e-01,5.975609756097560732e-01,7.699597477912902832e-01,0.000000000000000000e+00
3.520000000000000000e+04,7.157452106475830078e-01,5.365853658536585691e-01,7.357569336891174316e-01,0.000000000000000000e+00
3.521000000000000000e+04,6.881558895111083984e-01,5.609756097560976151e-01,6.939087510108947754e-01,0.000000000000000000e+00
3.522000000000000000e+04,6.685397028923034668e-01,5.609756097560976151e-01,6.891599297523498535e-01,0.000000000000000000e+00
3.523000000000000000e+04,6.367850899696350098e-01,5.487804878048780921e-01,6.703491210937500000e-01,0.000000000000000000e+00
3.524000000000000000e+04,6.218502521514892578e-01,5.731707317073170271e-01,6.530924439430236816e-01,0.000000000000000000e+00
3.525000000000000000e+04,5.819055438041687012e-01,5.487804878048780921e-01,5.971505641937255859e-01,0.000000000000000000e+00
3.526000000000000000e+04,5.660492777824401855e-01,5.487804878048780921e-01,5.668836832046508789e-01,0.000000000000000000e+00
3.527000000000000000e+04,5.599219202995300293e-01,5.609756097560976151e-01,5.751999020576477051e-01,0.000000000000000000e+00
3.528000000000000000e+04,6.373617053031921387e-01,5.853658536585365502e-01,6.753804087638854980e-01,0.000000000000000000e+00
3.529000000000000000e+04,6.491714119911193848e-01,5.975609756097560732e-01,6.787344813346862793e-01,0.000000000000000000e+00
3.530000000000000000e+04,6.582118868827819824e-01,6.097560975609755962e-01,6.976401209831237793e-01,0.000000000000000000e+00
3.531000000000000000e+04,6.363280415534973145e-01,5.731707317073170271e-01,6.672244071960449219e-01,0.000000000000000000e+00
3.532000000000000000e+04,6.303085088729858398e-01,5.975609756097560732e-01,6.790105104446411133e-01,0.000000000000000000e+00
3.533000000000000000e+04,6.092763543128967285e-01,5.731707317073170271e-01,6.305717825889587402e-01,0.000000000000000000e+00
3.534000000000000000e+04,5.526275038719177246e-01,5.365853658536585691e-01,5.474130511283874512e-01,0.000000000000000000e+00
3.535000000000000000e+04,5.592535138130187988e-01,5.487804878048780921e-01,5.860672593116760254e-01,0.000000000000000000e+00
3.536000000000000000e+04,5.972186923027038574e-01,5.731707317073170271e-01,6.350506544113159180e-01,0.000000000000000000e+00
3.537000000000000000e+04,5.655513405799865723e-01,5.731707317073170271e-01,5.627809166908264160e-01,0.000000000000000000e+00
3.538000000000000000e+04,5.486857891082763672e-01,5.731707317073170271e-01,5.389607548713684082e-01,0.000000000000000000e+00
3.539000000000000000e+04,5.488359332084655762e-01,5.731707317073170271e-01,5.370161533355712891e-01,0.000000000000000000e+00
3.540000000000000000e+04,5.633827447891235352e-01,5.609756097560976151e-01,5.488742589950561523e-01,0.000000000000000000e+00
3.541000000000000000e+04,5.901845693588256836e-01,5.731707317073170271e-01,5.774319767951965332e-01,0.000000000000000000e+00
3.542000000000000000e+04,5.654663443565368652e-01,5.731707317073170271e-01,5.781655907630920410e-01,0.000000000000000000e+00
3.543000000000000000e+04,5.368243455886840820e-01,5.731707317073170271e-01,5.249006748199462891e-01,0.000000000000000000e+00
3.544000000000000000e+04,5.868926644325256348e-01,5.487804878048780921e-01,5.754033923149108887e-01,0.000000000000000000e+00
3.545000000000000000e+04,5.906519889831542969e-01,5.609756097560976151e-01,5.718501210212707520e-01,0.000000000000000000e+00
3.546000000000000000e+04,6.025900840759277344e-01,5.365853658536585691e-01,5.726274847984313965e-01,0.000000000000000000e+00
3.547000000000000000e+04,5.985422730445861816e-01,5.365853658536585691e-01,5.736453533172607422e-01,0.000000000000000000e+00
3.548000000000000000e+04,6.173123121261596680e-01,5.121951219512195230e-01,5.880889892578125000e-01,0.000000000000000000e+00
3.549000000000000000e+04,6.008730530738830566e-01,5.609756097560976151e-01,5.779212117195129395e-01,0.000000000000000000e+00
3.550000000000000000e+04,6.347212791442871094e-01,5.609756097560976151e-01,6.331776380538940430e-01,0.000000000000000000e+00
3.551000000000000000e+04,6.399900317192077637e-01,5.487804878048780921e-01,6.521453857421875000e-01,0.000000000000000000e+00
3.552000000000000000e+04,5.963656306266784668e-01,5.609756097560976151e-01,5.962934494018554688e-01,0.000000000000000000e+00
3.553000000000000000e+04,5.583792328834533691e-01,5.243902439024390461e-01,5.099527835845947266e-01,0.000000000000000000e+00
3.554000000000000000e+04,5.288089513778686523e-01,5.365853658536585691e-01,5.069032907485961914e-01,0.000000000000000000e+00
3.555000000000000000e+04,5.609181523323059082e-01,5.609756097560976151e-01,5.421436429023742676e-01,0.000000000000000000e+00
3.556000000000000000e+04,5.468189120292663574e-01,5.487804878048780921e-01,5.268850922584533691e-01,0.000000000000000000e+00
3.557000000000000000e+04,5.534122586250305176e-01,5.609756097560976151e-01,5.418597459793090820e-01,0.000000000000000000e+00
3.558000000000000000e+04,5.614533424377441406e-01,5.853658536585365502e-01,5.479015707969665527e-01,0.000000000000000000e+00
3.559000000000000000e+04,5.976484417915344238e-01,5.731707317073170271e-01,6.217908263206481934e-01,0.000000000000000000e+00
3.560000000000000000e+04,5.741934776306152344e-01,6.097560975609755962e-01,5.794665813446044922e-01,0.000000000000000000e+00
3.561000000000000000e+04,5.784777998924255371e-01,5.975609756097560732e-01,5.824156403541564941e-01,0.000000000000000000e+00
3.562000000000000000e+04,5.924223065376281738e-01,5.731707317073170271e-01,6.071739792823791504e-01,0.000000000000000000e+00
3.563000000000000000e+04,5.982680320739746094e-01,5.487804878048780921e-01,6.030632257461547852e-01,0.000000000000000000e+00
3.564000000000000000e+04,6.191982030868530273e-01,5.243902439024390461e-01,6.364182829856872559e-01,0.000000000000000000e+00
3.565000000000000000e+04,6.241719722747802734e-01,5.853658536585365502e-01,6.361327171325683594e-01,0.000000000000000000e+00
3.566000000000000000e+04,5.976035594940185547e-01,5.975609756097560732e-01,5.824835896492004395e-01,0.000000000000000000e+00
3.567000000000000000e+04,5.710660219192504883e-01,5.609756097560976151e-01,5.650678277015686035e-01,0.000000000000000000e+00
3.568000000000000000e+04,5.744426250457763672e-01,5.609756097560976151e-01,5.628506541252136230e-01,0.000000000000000000e+00
3.569000000000000000e+04,5.651888847351074219e-01,5.731707317073170271e-01,5.621255040168762207e-01,0.000000000000000000e+00
3.570000000000000000e+04,6.016608476638793945e-01,5.731707317073170271e-01,6.060155630111694336e-01,0.000000000000000000e+00
3.571000000000000000e+04,5.950977206230163574e-01,5.975609756097560732e-01,5.907101631164550781e-01,0.000000000000000000e+00
3.572000000000000000e+04,5.897350311279296875e-01,5.975609756097560732e-01,5.856163501739501953e-01,0.000000000000000000e+00
3.573000000000000000e+04,5.900723934173583984e-01,5.487804878048780921e-01,5.663306117057800293e-01,0.000000000000000000e+00
3.574000000000000000e+04,5.495995283126831055e-01,5.731707317073170271e-01,5.347437858581542969e-01,0.000000000000000000e+00
3.575000000000000000e+04,5.847540497779846191e-01,5.487804878048780921e-01,6.033648252487182617e-01,0.000000000000000000e+00
3.576000000000000000e+04,5.692569017410278320e-01,5.731707317073170271e-01,5.724540352821350098e-01,0.000000000000000000e+00
3.577000000000000000e+04,6.049385666847229004e-01,5.487804878048780921e-01,6.007572412490844727e-01,0.000000000000000000e+00
3.578000000000000000e+04,5.634018182754516602e-01,5.609756097560976151e-01,5.363625884056091309e-01,0.000000000000000000e+00
3.579000000000000000e+04,5.695270299911499023e-01,5.243902439024390461e-01,5.410921573638916016e-01,0.000000000000000000e+00
3.580000000000000000e+04,5.269586443901062012e-01,5.731707317073170271e-01,4.815049767494201660e-01,0.000000000000000000e+00
3.581000000000000000e+04,5.218314528465270996e-01,5.853658536585365502e-01,4.798436760902404785e-01,0.000000000000000000e+00
3.582000000000000000e+04,5.254083275794982910e-01,5.853658536585365502e-01,4.639699161052703857e-01,0.000000000000000000e+00
3.583000000000000000e+04,5.277522802352905273e-01,5.609756097560976151e-01,4.753072857856750488e-01,0.000000000000000000e+00
3.584000000000000000e+04,5.387580990791320801e-01,5.975609756097560732e-01,5.034986734390258789e-01,0.000000000000000000e+00
3.585000000000000000e+04,5.286042094230651855e-01,5.731707317073170271e-01,4.862208664417266846e-01,0.000000000000000000e+00
3.586000000000000000e+04,5.485207438468933105e-01,5.243902439024390461e-01,5.167102217674255371e-01,0.000000000000000000e+00
3.587000000000000000e+04,5.431340336799621582e-01,5.731707317073170271e-01,5.034698843955993652e-01,0.000000000000000000e+00
3.588000000000000000e+04,5.665686130523681641e-01,5.853658536585365502e-01,5.261070132255554199e-01,0.000000000000000000e+00
3.589000000000000000e+04,5.534018278121948242e-01,5.731707317073170271e-01,4.977887868881225586e-01,0.000000000000000000e+00
3.590000000000000000e+04,5.599015355110168457e-01,5.731707317073170271e-01,5.231049060821533203e-01,0.000000000000000000e+00
3.591000000000000000e+04,5.951059460639953613e-01,5.609756097560976151e-01,5.727344751358032227e-01,0.000000000000000000e+00
3.592000000000000000e+04,5.712549686431884766e-01,5.487804878048780921e-01,5.372130274772644043e-01,0.000000000000000000e+00
3.593000000000000000e+04,5.649614334106445312e-01,5.609756097560976151e-01,5.237078070640563965e-01,0.000000000000000000e+00
3.594000000000000000e+04,5.290377140045166016e-01,5.853658536585365502e-01,4.864801168441772461e-01,0.000000000000000000e+00
3.595000000000000000e+04,5.715332031250000000e-01,5.487804878048780921e-01,5.352094173431396484e-01,0.000000000000000000e+00
3.596000000000000000e+04,5.400457382202148438e-01,5.365853658536585691e-01,5.056812167167663574e-01,0.000000000000000000e+00
3.597000000000000000e+04,5.340785980224609375e-01,5.731707317073170271e-01,5.015839934349060059e-01,0.000000000000000000e+00
3.598000000000000000e+04,5.309580564498901367e-01,5.731707317073170271e-01,5.014586448669433594e-01,0.000000000000000000e+00
3.599000000000000000e+04,5.205095410346984863e-01,5.609756097560976151e-01,4.865354001522064209e-01,0.000000000000000000e+00
3.600000000000000000e+04,5.254450440406799316e-01,5.853658536585365502e-01,4.758152961730957031e-01,0.000000000000000000e+00
3.601000000000000000e+04,5.247226357460021973e-01,5.853658536585365502e-01,4.859994351863861084e-01,0.000000000000000000e+00
3.602000000000000000e+04,5.628093481063842773e-01,5.487804878048780921e-01,5.459786057472229004e-01,0.000000000000000000e+00
3.603000000000000000e+04,5.184521675109863281e-01,6.097560975609755962e-01,4.752820730209350586e-01,0.000000000000000000e+00
3.604000000000000000e+04,4.854475259780883789e-01,5.609756097560976151e-01,4.446102380752563477e-01,0.000000000000000000e+00
3.605000000000000000e+04,4.938201308250427246e-01,5.975609756097560732e-01,4.669792056083679199e-01,0.000000000000000000e+00
3.606000000000000000e+04,5.044315457344055176e-01,5.731707317073170271e-01,4.543278217315673828e-01,0.000000000000000000e+00
3.607000000000000000e+04,5.120459794998168945e-01,6.097560975609755962e-01,4.804695844650268555e-01,0.000000000000000000e+00
3.608000000000000000e+04,5.210058093070983887e-01,5.853658536585365502e-01,4.926589429378509521e-01,0.000000000000000000e+00
3.609000000000000000e+04,5.165777206420898438e-01,5.975609756097560732e-01,4.823310971260070801e-01,0.000000000000000000e+00
3.610000000000000000e+04,5.359253883361816406e-01,5.975609756097560732e-01,5.110857486724853516e-01,0.000000000000000000e+00
3.611000000000000000e+04,5.565765500068664551e-01,5.853658536585365502e-01,5.345596671104431152e-01,0.000000000000000000e+00
3.612000000000000000e+04,5.657679438591003418e-01,6.097560975609755962e-01,5.577506422996520996e-01,0.000000000000000000e+00
3.613000000000000000e+04,5.383732318878173828e-01,5.975609756097560732e-01,5.277023911476135254e-01,0.000000000000000000e+00
3.614000000000000000e+04,5.025545954704284668e-01,6.097560975609755962e-01,4.694111943244934082e-01,0.000000000000000000e+00
3.615000000000000000e+04,5.134917497634887695e-01,6.219512195121951192e-01,4.820347130298614502e-01,0.000000000000000000e+00
3.616000000000000000e+04,5.178257822990417480e-01,6.341463414634146423e-01,4.649014770984649658e-01,0.000000000000000000e+00
3.617000000000000000e+04,5.563001036643981934e-01,6.097560975609755962e-01,5.190770626068115234e-01,0.000000000000000000e+00
3.618000000000000000e+04,5.590753555297851562e-01,5.609756097560976151e-01,5.307099223136901855e-01,0.000000000000000000e+00
3.619000000000000000e+04,5.590465664863586426e-01,6.097560975609755962e-01,5.253942608833312988e-01,0.000000000000000000e+00
3.620000000000000000e+04,5.529493093490600586e-01,5.975609756097560732e-01,5.240312218666076660e-01,0.000000000000000000e+00
3.621000000000000000e+04,5.263095498085021973e-01,5.731707317073170271e-01,4.791401922702789307e-01,0.000000000000000000e+00
3.622000000000000000e+04,5.688034296035766602e-01,5.609756097560976151e-01,5.297966599464416504e-01,0.000000000000000000e+00
3.623000000000000000e+04,5.584871172904968262e-01,5.975609756097560732e-01,5.268474221229553223e-01,0.000000000000000000e+00
3.624000000000000000e+04,5.431895852088928223e-01,6.097560975609755962e-01,5.010384321212768555e-01,0.000000000000000000e+00
3.625000000000000000e+04,5.377228856086730957e-01,6.097560975609755962e-01,4.889103472232818604e-01,0.000000000000000000e+00
3.626000000000000000e+04,5.177280902862548828e-01,6.097560975609755962e-01,4.763735234737396240e-01,0.000000000000000000e+00
3.627000000000000000e+04,5.329290628433227539e-01,5.853658536585365502e-01,5.083941817283630371e-01,0.000000000000000000e+00
3.628000000000000000e+04,5.258711576461791992e-01,6.463414634146341653e-01,4.954904019832611084e-01,0.000000000000000000e+00
3.629000000000000000e+04,5.130679607391357422e-01,5.853658536585365502e-01,4.742951095104217529e-01,0.000000000000000000e+00
3.630000000000000000e+04,5.229683518409729004e-01,6.097560975609755962e-01,4.882014989852905273e-01,0.000000000000000000e+00
3.631000000000000000e+04,5.163617134094238281e-01,5.731707317073170271e-01,4.498098194599151611e-01,0.000000000000000000e+00
3.632000000000000000e+04,5.191477537155151367e-01,5.853658536585365502e-01,4.782180190086364746e-01,0.000000000000000000e+00
3.633000000000000000e+04,5.092692375183105469e-01,5.853658536585365502e-01,4.550308585166931152e-01,0.000000000000000000e+00
3.634000000000000000e+04,5.399761199951171875e-01,5.853658536585365502e-01,4.883784353733062744e-01,0.000000000000000000e+00
3.635000000000000000e+04,5.052521228790283203e-01,6.219512195121951192e-01,4.502679407596588135e-01,0.000000000000000000e+00
3.636000000000000000e+04,5.185483098030090332e-01,6.097560975609755962e-01,4.419035315513610840e-01,0.000000000000000000e+00
3.637000000000000000e+04,5.227069258689880371e-01,5.853658536585365502e-01,4.752909839153289795e-01,0.000000000000000000e+00
3.638000000000000000e+04,5.088438391685485840e-01,5.853658536585365502e-01,4.453369677066802979e-01,0.000000000000000000e+00
3.639000000000000000e+04,5.080581903457641602e-01,5.975609756097560732e-01,4.482095837593078613e-01,0.000000000000000000e+00
3.640000000000000000e+04,5.050553083419799805e-01,5.975609756097560732e-01,4.550940990447998047e-01,0.000000000000000000e+00
3.641000000000000000e+04,4.899909496307373047e-01,5.975609756097560732e-01,4.225389361381530762e-01,0.000000000000000000e+00
3.642000000000000000e+04,5.322262048721313477e-01,5.853658536585365502e-01,4.667145609855651855e-01,0.000000000000000000e+00
3.643000000000000000e+04,5.134131312370300293e-01,5.975609756097560732e-01,4.865003526210784912e-01,0.000000000000000000e+00
3.644000000000000000e+04,5.081346035003662109e-01,6.341463414634146423e-01,4.445012509822845459e-01,0.000000000000000000e+00
3.645000000000000000e+04,5.007575750350952148e-01,6.097560975609755962e-01,4.324288666248321533e-01,0.000000000000000000e+00
3.646000000000000000e+04,5.007038712501525879e-01,6.219512195121951192e-01,4.382515251636505127e-01,0.000000000000000000e+00
3.647000000000000000e+04,5.002339482307434082e-01,6.097560975609755962e-01,4.607731401920318604e-01,0.000000000000000000e+00
3.648000000000000000e+04,5.061303377151489258e-01,5.975609756097560732e-01,4.575080871582031250e-01,0.000000000000000000e+00
3.649000000000000000e+04,4.857413172721862793e-01,6.219512195121951192e-01,4.484291374683380127e-01,0.000000000000000000e+00
3.650000000000000000e+04,4.806698858737945557e-01,6.097560975609755962e-01,4.225535094738006592e-01,0.000000000000000000e+00
3.651000000000000000e+04,5.305321216583251953e-01,5.853658536585365502e-01,4.965373277664184570e-01,0.000000000000000000e+00
3.652000000000000000e+04,5.195689797401428223e-01,5.731707317073170271e-01,4.806319475173950195e-01,0.000000000000000000e+00
3.653000000000000000e+04,5.289472341537475586e-01,5.731707317073170271e-01,4.970743656158447266e-01,0.000000000000000000e+00
3.654000000000000000e+04,5.303845405578613281e-01,5.975609756097560732e-01,4.848784804344177246e-01,0.000000000000000000e+00
3.655000000000000000e+04,5.370509028434753418e-01,5.853658536585365502e-01,5.057836174964904785e-01,0.000000000000000000e+00
3.656000000000000000e+04,5.280125737190246582e-01,5.853658536585365502e-01,4.889415502548217773e-01,0.000000000000000000e+00
3.657000000000000000e+04,5.115019679069519043e-01,5.731707317073170271e-01,5.183649063110351562e-01,0.000000000000000000e+00
3.658000000000000000e+04,5.103371143341064453e-01,5.609756097560976151e-01,4.771369695663452148e-01,0.000000000000000000e+00
3.659000000000000000e+04,4.828076660633087158e-01,5.975609756097560732e-01,4.614294767379760742e-01,0.000000000000000000e+00
3.660000000000000000e+04,4.918535053730010986e-01,6.097560975609755962e-01,4.768826663494110107e-01,0.000000000000000000e+00
3.661000000000000000e+04,4.969314336776733398e-01,5.975609756097560732e-01,4.837557971477508545e-01,0.000000000000000000e+00
3.662000000000000000e+04,5.094653367996215820e-01,6.463414634146341653e-01,5.076813697814941406e-01,0.000000000000000000e+00
3.663000000000000000e+04,5.221647024154663086e-01,5.731707317073170271e-01,5.153661370277404785e-01,0.000000000000000000e+00
3.664000000000000000e+04,5.034896731376647949e-01,5.975609756097560732e-01,4.982908964157104492e-01,0.000000000000000000e+00
3.665000000000000000e+04,5.053299069404602051e-01,6.097560975609755962e-01,4.984274208545684814e-01,0.000000000000000000e+00
3.666000000000000000e+04,5.205187201499938965e-01,5.975609756097560732e-01,5.317302942276000977e-01,0.000000000000000000e+00
3.667000000000000000e+04,5.091986656188964844e-01,6.097560975609755962e-01,5.019682049751281738e-01,0.000000000000000000e+00
3.668000000000000000e+04,5.031259059906005859e-01,5.853658536585365502e-01,4.970894157886505127e-01,0.000000000000000000e+00
3.669000000000000000e+04,5.023838877677917480e-01,6.097560975609755962e-01,4.707483351230621338e-01,0.000000000000000000e+00
3.670000000000000000e+04,5.495208501815795898e-01,5.975609756097560732e-01,5.429921150207519531e-01,0.000000000000000000e+00
3.671000000000000000e+04,5.452562570571899414e-01,5.975609756097560732e-01,5.272334218025207520e-01,0.000000000000000000e+00
3.672000000000000000e+04,5.139571428298950195e-01,6.463414634146341653e-01,4.611383974552154541e-01,0.000000000000000000e+00
3.673000000000000000e+04,5.200991630554199219e-01,6.219512195121951192e-01,4.878506064414978027e-01,0.000000000000000000e+00
3.674000000000000000e+04,5.232282876968383789e-01,6.097560975609755962e-01,4.615864455699920654e-01,0.000000000000000000e+00
3.675000000000000000e+04,5.162336826324462891e-01,6.219512195121951192e-01,4.782346487045288086e-01,0.000000000000000000e+00
3.676000000000000000e+04,5.176120400428771973e-01,5.853658536585365502e-01,5.004968047142028809e-01,0.000000000000000000e+00
3.677000000000000000e+04,5.324199199676513672e-01,6.097560975609755962e-01,5.006314516067504883e-01,0.000000000000000000e+00
3.678000000000000000e+04,5.480923652648925781e-01,5.975609756097560732e-01,5.121003389358520508e-01,0.000000000000000000e+00
3.679000000000000000e+04,5.436187386512756348e-01,6.097560975609755962e-01,4.897851049900054932e-01,0.000000000000000000e+00
3.680000000000000000e+04,5.472284555435180664e-01,5.731707317073170271e-01,4.987985491752624512e-01,0.000000000000000000e+00
3.681000000000000000e+04,5.284877419471740723e-01,5.975609756097560732e-01,4.904657602310180664e-01,0.000000000000000000e+00
3.682000000000000000e+04,5.090174674987792969e-01,6.097560975609755962e-01,4.542790353298187256e-01,0.000000000000000000e+00
3.683000000000000000e+04,5.054959654808044434e-01,5.975609756097560732e-01,4.448723793029785156e-01,0.000000000000000000e+00
3.684000000000000000e+04,4.964618980884552002e-01,6.219512195121951192e-01,4.386610984802246094e-01,0.000000000000000000e+00
3.685000000000000000e+04,5.151939392089843750e-01,5.853658536585365502e-01,4.601165354251861572e-01,0.000000000000000000e+00
3.686000000000000000e+04,5.193729400634765625e-01,6.097560975609755962e-01,4.691343605518341064e-01,0.000000000000000000e+00
3.687000000000000000e+04,5.168647766113281250e-01,6.341463414634146423e-01,4.704029560089111328e-01,0.000000000000000000e+00
3.688000000000000000e+04,5.284056663513183594e-01,5.609756097560976151e-01,4.864754676818847656e-01,0.000000000000000000e+00
3.689000000000000000e+04,5.031528472900390625e-01,6.097560975609755962e-01,4.680455327033996582e-01,0.000000000000000000e+00
3.690000000000000000e+04,5.106306076049804688e-01,5.853658536585365502e-01,4.686640202999114990e-01,0.000000000000000000e+00
3.691000000000000000e+04,4.833593666553497314e-01,5.731707317073170271e-01,4.134528040885925293e-01,0.000000000000000000e+00
3.692000000000000000e+04,4.689724743366241455e-01,6.219512195121951192e-01,3.963032662868499756e-01,0.000000000000000000e+00
3.693000000000000000e+04,4.700374603271484375e-01,5.853658536585365502e-01,4.167022109031677246e-01,0.000000000000000000e+00
3.694000000000000000e+04,4.860284030437469482e-01,5.975609756097560732e-01,4.506079554557800293e-01,0.000000000000000000e+00
3.695000000000000000e+04,4.596612453460693359e-01,5.975609756097560732e-01,4.096896350383758545e-01,0.000000000000000000e+00
3.696000000000000000e+04,4.777081906795501709e-01,5.731707317073170271e-01,4.246706664562225342e-01,0.000000000000000000e+00
3.697000000000000000e+04,4.912334978580474854e-01,5.731707317073170271e-01,4.551819264888763428e-01,0.000000000000000000e+00
3.698000000000000000e+04,4.734780192375183105e-01,6.219512195121951192e-01,4.135926067829132080e-01,0.000000000000000000e+00
3.699000000000000000e+04,4.710963666439056396e-01,5.853658536585365502e-01,4.192939996719360352e-01,0.000000000000000000e+00
3.700000000000000000e+04,4.548009634017944336e-01,5.853658536585365502e-01,3.639412224292755127e-01,0.000000000000000000e+00
3.701000000000000000e+04,4.873637855052947998e-01,5.609756097560976151e-01,4.396572709083557129e-01,0.000000000000000000e+00
3.702000000000000000e+04,5.006605982780456543e-01,5.853658536585365502e-01,4.409462213516235352e-01,0.000000000000000000e+00
3.703000000000000000e+04,4.837868809700012207e-01,6.219512195121951192e-01,4.311818778514862061e-01,0.000000000000000000e+00
3.704000000000000000e+04,4.767108261585235596e-01,5.975609756097560732e-01,4.158989787101745605e-01,0.000000000000000000e+00
3.705000000000000000e+04,4.826141595840454102e-01,6.097560975609755962e-01,4.162825047969818115e-01,0.000000000000000000e+00
3.706000000000000000e+04,4.827999174594879150e-01,6.219512195121951192e-01,4.412806332111358643e-01,0.000000000000000000e+00
3.707000000000000000e+04,4.727754592895507812e-01,6.341463414634146423e-01,4.290557205677032471e-01,0.000000000000000000e+00
3.708000000000000000e+04,4.713885188102722168e-01,5.975609756097560732e-01,4.127601385116577148e-01,0.000000000000000000e+00
3.709000000000000000e+04,4.850223958492279053e-01,5.731707317073170271e-01,4.387625157833099365e-01,0.000000000000000000e+00
3.710000000000000000e+04,4.880706965923309326e-01,5.731707317073170271e-01,4.243613481521606445e-01,0.000000000000000000e+00
3.711000000000000000e+04,5.004236102104187012e-01,5.975609756097560732e-01,4.556235074996948242e-01,0.000000000000000000e+00
3.712000000000000000e+04,5.069873929023742676e-01,5.853658536585365502e-01,4.703227579593658447e-01,0.000000000000000000e+00
3.713000000000000000e+04,5.333728194236755371e-01,5.975609756097560732e-01,4.967594444751739502e-01,0.000000000000000000e+00
3.714000000000000000e+04,5.293498039245605469e-01,5.853658536585365502e-01,5.007240176200866699e-01,0.000000000000000000e+00
3.715000000000000000e+04,5.344655513763427734e-01,5.853658536585365502e-01,5.465540885925292969e-01,0.000000000000000000e+00
3.716000000000000000e+04,5.090796947479248047e-01,5.365853658536585691e-01,4.861912429332733154e-01,0.000000000000000000e+00
3.717000000000000000e+04,5.377342104911804199e-01,5.975609756097560732e-01,5.170484185218811035e-01,0.000000000000000000e+00
3.718000000000000000e+04,5.067611932754516602e-01,5.853658536585365502e-01,4.778149425983428955e-01,0.000000000000000000e+00
3.719000000000000000e+04,4.832437336444854736e-01,6.097560975609755962e-01,4.475957751274108887e-01,0.000000000000000000e+00
3.720000000000000000e+04,4.930621683597564697e-01,5.975609756097560732e-01,4.669677019119262695e-01,0.000000000000000000e+00
3.721000000000000000e+04,4.778790175914764404e-01,5.975609756097560732e-01,4.543149471282958984e-01,0.000000000000000000e+00
3.722000000000000000e+04,4.569409787654876709e-01,5.243902439024390461e-01,4.185653924942016602e-01,0.000000000000000000e+00
3.723000000000000000e+04,4.646968543529510498e-01,6.219512195121951192e-01,4.138452112674713135e-01,0.000000000000000000e+00
3.724000000000000000e+04,4.653612375259399414e-01,6.097560975609755962e-01,4.069434702396392822e-01,0.000000000000000000e+00
3.725000000000000000e+04,5.204017758369445801e-01,6.097560975609755962e-01,4.899420738220214844e-01,0.000000000000000000e+00
3.726000000000000000e+04,5.007719993591308594e-01,6.341463414634146423e-01,4.691158831119537354e-01,0.000000000000000000e+00
3.727000000000000000e+04,5.148369669914245605e-01,6.097560975609755962e-01,4.686171412467956543e-01,0.000000000000000000e+00
3.728000000000000000e+04,5.055224895477294922e-01,5.975609756097560732e-01,4.438069164752960205e-01,0.000000000000000000e+00
3.729000000000000000e+04,5.050016045570373535e-01,5.609756097560976151e-01,4.416106045246124268e-01,0.000000000000000000e+00
3.730000000000000000e+04,4.748655855655670166e-01,6.219512195121951192e-01,4.148994386196136475e-01,0.000000000000000000e+00
3.731000000000000000e+04,4.502155482769012451e-01,6.341463414634146423e-01,4.027300477027893066e-01,0.000000000000000000e+00
3.732000000000000000e+04,4.539635181427001953e-01,5.853658536585365502e-01,3.928601145744323730e-01,0.000000000000000000e+00
3.733000000000000000e+04,4.431401491165161133e-01,5.853658536585365502e-01,3.867782354354858398e-01,0.000000000000000000e+00
3.734000000000000000e+04,4.342877864837646484e-01,5.487804878048780921e-01,3.731746673583984375e-01,0.000000000000000000e+00
3.735000000000000000e+04,4.439584910869598389e-01,5.853658536585365502e-01,3.811719119548797607e-01,0.000000000000000000e+00
3.736000000000000000e+04,4.555027484893798828e-01,5.731707317073170271e-01,3.995300233364105225e-01,0.000000000000000000e+00
3.737000000000000000e+04,4.779077172279357910e-01,6.219512195121951192e-01,4.325796365737915039e-01,0.000000000000000000e+00
3.738000000000000000e+04,4.809559285640716553e-01,5.609756097560976151e-01,4.305852651596069336e-01,0.000000000000000000e+00
3.739000000000000000e+04,4.696327447891235352e-01,6.097560975609755962e-01,4.305360913276672363e-01,0.000000000000000000e+00
3.740000000000000000e+04,4.666275084018707275e-01,6.219512195121951192e-01,4.053163826465606689e-01,0.000000000000000000e+00
3.741000000000000000e+04,4.510608315467834473e-01,6.097560975609755962e-01,3.833076357841491699e-01,0.000000000000000000e+00
3.742000000000000000e+04,4.768311977386474609e-01,5.487804878048780921e-01,4.415279328823089600e-01,0.000000000000000000e+00
3.743000000000000000e+04,4.638714790344238281e-01,5.731707317073170271e-01,4.049484431743621826e-01,0.000000000000000000e+00
3.744000000000000000e+04,4.769053459167480469e-01,5.853658536585365502e-01,4.337272644042968750e-01,0.000000000000000000e+00
3.745000000000000000e+04,4.977400004863739014e-01,5.731707317073170271e-01,4.621671736240386963e-01,0.000000000000000000e+00
3.746000000000000000e+04,4.875220954418182373e-01,5.975609756097560732e-01,4.473505616188049316e-01,0.000000000000000000e+00
3.747000000000000000e+04,4.811346828937530518e-01,6.097560975609755962e-01,4.405237734317779541e-01,0.000000000000000000e+00
3.748000000000000000e+04,4.962702691555023193e-01,5.609756097560976151e-01,4.431601166725158691e-01,0.000000000000000000e+00
3.749000000000000000e+04,4.952696859836578369e-01,5.731707317073170271e-01,4.518981575965881348e-01,0.000000000000000000e+00
3.750000000000000000e+04,5.125584602355957031e-01,5.365853658536585691e-01,4.628528952598571777e-01,0.000000000000000000e+00
3.751000000000000000e+04,5.137788653373718262e-01,4.878048780487804770e-01,4.698309600353240967e-01,0.000000000000000000e+00
3.752000000000000000e+04,4.943547248840332031e-01,5.609756097560976151e-01,4.573225975036621094e-01,0.000000000000000000e+00
3.753000000000000000e+04,4.809939265251159668e-01,5.731707317073170271e-01,4.289259910583496094e-01,0.000000000000000000e+00
3.754000000000000000e+04,4.690024554729461670e-01,5.853658536585365502e-01,4.121203720569610596e-01,0.000000000000000000e+00
3.755000000000000000e+04,5.098123550415039062e-01,5.731707317073170271e-01,4.676584601402282715e-01,0.000000000000000000e+00
3.756000000000000000e+04,4.863603711128234863e-01,6.097560975609755962e-01,4.458993673324584961e-01,0.000000000000000000e+00
3.757000000000000000e+04,4.904441237449645996e-01,6.463414634146341653e-01,4.392611384391784668e-01,0.000000000000000000e+00
3.758000000000000000e+04,5.086752772331237793e-01,5.975609756097560732e-01,4.546296298503875732e-01,0.000000000000000000e+00
3.759000000000000000e+04,4.890412688255310059e-01,5.853658536585365502e-01,4.170618951320648193e-01,0.000000000000000000e+00
3.760000000000000000e+04,4.847391843795776367e-01,5.609756097560976151e-01,4.166723191738128662e-01,0.000000000000000000e+00
3.761000000000000000e+04,4.944521486759185791e-01,5.731707317073170271e-01,4.253243803977966309e-01,0.000000000000000000e+00
3.762000000000000000e+04,4.783237874507904053e-01,6.219512195121951192e-01,3.994410336017608643e-01,0.000000000000000000e+00
3.763000000000000000e+04,4.953562319278717041e-01,5.853658536585365502e-01,4.270370602607727051e-01,0.000000000000000000e+00
3.764000000000000000e+04,4.981336295604705811e-01,5.853658536585365502e-01,4.396229088306427002e-01,0.000000000000000000e+00
3.765000000000000000e+04,4.916880726814270020e-01,5.731707317073170271e-01,4.186481535434722900e-01,0.000000000000000000e+00
3.766000000000000000e+04,4.849387407302856445e-01,5.853658536585365502e-01,4.169749617576599121e-01,0.000000000000000000e+00
3.767000000000000000e+04,4.842413663864135742e-01,5.731707317073170271e-01,4.442434310913085938e-01,0.000000000000000000e+00
3.768000000000000000e+04,4.881323277950286865e-01,6.219512195121951192e-01,4.240475594997406006e-01,0.000000000000000000e+00
3.769000000000000000e+04,4.943070411682128906e-01,6.219512195121951192e-01,4.424289762973785400e-01,0.000000000000000000e+00
3.770000000000000000e+04,4.999850392341613770e-01,5.975609756097560732e-01,4.449104368686676025e-01,0.000000000000000000e+00
3.771000000000000000e+04,5.035195350646972656e-01,5.975609756097560732e-01,4.429811537265777588e-01,0.000000000000000000e+00
3.772000000000000000e+04,4.830004870891571045e-01,6.097560975609755962e-01,4.330078065395355225e-01,0.000000000000000000e+00
3.773000000000000000e+04,4.915728867053985596e-01,6.097560975609755962e-01,4.224339425563812256e-01,0.000000000000000000e+00
3.774000000000000000e+04,5.073973536491394043e-01,6.097560975609755962e-01,4.604721367359161377e-01,0.000000000000000000e+00
3.775000000000000000e+04,4.987460374832153320e-01,6.219512195121951192e-01,4.265181124210357666e-01,0.000000000000000000e+00
3.776000000000000000e+04,5.169715285301208496e-01,6.341463414634146423e-01,4.580960273742675781e-01,0.000000000000000000e+00
3.777000000000000000e+04,5.551766157150268555e-01,5.975609756097560732e-01,5.214914083480834961e-01,0.000000000000000000e+00
3.778000000000000000e+04,5.133371949195861816e-01,6.097560975609755962e-01,4.631528258323669434e-01,0.000000000000000000e+00
3.779000000000000000e+04,5.307260155677795410e-01,5.853658536585365502e-01,4.536715745925903320e-01,0.000000000000000000e+00
3.780000000000000000e+04,5.189697146415710449e-01,6.219512195121951192e-01,4.454658031463623047e-01,0.000000000000000000e+00
3.781000000000000000e+04,5.228310227394104004e-01,6.097560975609755962e-01,4.688369631767272949e-01,0.000000000000000000e+00
3.782000000000000000e+04,5.354431867599487305e-01,5.975609756097560732e-01,4.894846975803375244e-01,0.000000000000000000e+00
3.783000000000000000e+04,5.203393697738647461e-01,5.975609756097560732e-01,4.523513317108154297e-01,0.000000000000000000e+00
3.784000000000000000e+04,5.152099728584289551e-01,5.853658536585365502e-01,4.583529531955718994e-01,0.000000000000000000e+00
3.785000000000000000e+04,5.507010221481323242e-01,6.097560975609755962e-01,4.829598367214202881e-01,0.000000000000000000e+00
3.786000000000000000e+04,5.209906697273254395e-01,6.219512195121951192e-01,4.516701102256774902e-01,0.000000000000000000e+00
3.787000000000000000e+04,4.893794357776641846e-01,6.219512195121951192e-01,4.377633631229400635e-01,0.000000000000000000e+00
3.788000000000000000e+04,5.035943388938903809e-01,5.975609756097560732e-01,4.590047001838684082e-01,0.000000000000000000e+00
3.789000000000000000e+04,4.926288723945617676e-01,6.097560975609755962e-01,4.121527373790740967e-01,0.000000000000000000e+00
3.790000000000000000e+04,5.223976373672485352e-01,6.097560975609755962e-01,4.700304865837097168e-01,0.000000000000000000e+00
3.791000000000000000e+04,5.202945470809936523e-01,6.097560975609755962e-01,4.963733255863189697e-01,0.000000000000000000e+00
3.792000000000000000e+04,4.780854582786560059e-01,5.731707317073170271e-01,4.226962327957153320e-01,0.000000000000000000e+00
3.793000000000000000e+04,4.997509419918060303e-01,5.609756097560976151e-01,4.803274273872375488e-01,0.000000000000000000e+00
3.794000000000000000e+04,4.988751411437988281e-01,5.609756097560976151e-01,4.833592474460601807e-01,0.000000000000000000e+00
3.795000000000000000e+04,5.022391676902770996e-01,5.487804878048780921e-01,4.789506196975708008e-01,0.000000000000000000e+00
3.796000000000000000e+04,4.935328364372253418e-01,5.487804878048780921e-01,4.445065259933471680e-01,0.000000000000000000e+00
3.797000000000000000e+04,5.097929239273071289e-01,5.731707317073170271e-01,4.768782258033752441e-01,0.000000000000000000e+00
3.798000000000000000e+04,4.914610087871551514e-01,5.487804878048780921e-01,4.355014264583587646e-01,0.000000000000000000e+00
3.799000000000000000e+04,4.761165082454681396e-01,6.097560975609755962e-01,4.072286784648895264e-01,0.000000000000000000e+00
3.800000000000000000e+04,4.939275681972503662e-01,6.097560975609755962e-01,4.002141356468200684e-01,0.000000000000000000e+00
3.801000000000000000e+04,5.261434912681579590e-01,5.731707317073170271e-01,4.505936205387115479e-01,0.000000000000000000e+00
3.802000000000000000e+04,5.521432161331176758e-01,5.853658536585365502e-01,4.932863414287567139e-01,0.000000000000000000e+00
3.803000000000000000e+04,5.550668835639953613e-01,5.609756097560976151e-01,5.019981861114501953e-01,0.000000000000000000e+00
3.804000000000000000e+04,5.681918263435363770e-01,5.365853658536585691e-01,5.364455580711364746e-01,0.000000000000000000e+00
3.805000000000000000e+04,5.603225231170654297e-01,5.731707317073170271e-01,5.270361304283142090e-01,0.000000000000000000e+00
3.806000000000000000e+04,5.835438966751098633e-01,5.731707317073170271e-01,5.625409483909606934e-01,0.000000000000000000e+00
3.807000000000000000e+04,5.621888041496276855e-01,5.853658536585365502e-01,5.257527232170104980e-01,0.000000000000000000e+00
3.808000000000000000e+04,5.503315925598144531e-01,5.975609756097560732e-01,5.185576081275939941e-01,0.000000000000000000e+00
3.809000000000000000e+04,5.615754127502441406e-01,5.609756097560976151e-01,5.251901149749755859e-01,0.000000000000000000e+00
3.810000000000000000e+04,5.488655567169189453e-01,5.975609756097560732e-01,5.074190497398376465e-01,0.000000000000000000e+00
3.811000000000000000e+04,5.749541521072387695e-01,5.853658536585365502e-01,5.309177041053771973e-01,0.000000000000000000e+00
3.812000000000000000e+04,5.653604269027709961e-01,5.975609756097560732e-01,5.101669430732727051e-01,0.000000000000000000e+00
3.813000000000000000e+04,5.728891491889953613e-01,5.609756097560976151e-01,5.334120988845825195e-01,0.000000000000000000e+00
3.814000000000000000e+04,5.651121139526367188e-01,5.731707317073170271e-01,5.365628600120544434e-01,0.000000000000000000e+00
3.815000000000000000e+04,5.660275816917419434e-01,5.487804878048780921e-01,5.093755125999450684e-01,0.000000000000000000e+00
3.816000000000000000e+04,5.305254459381103516e-01,5.731707317073170271e-01,4.726524055004119873e-01,0.000000000000000000e+00
3.817000000000000000e+04,5.150970220565795898e-01,5.975609756097560732e-01,4.372440278530120850e-01,0.000000000000000000e+00
3.818000000000000000e+04,5.185983180999755859e-01,6.097560975609755962e-01,4.521101713180541992e-01,0.000000000000000000e+00
3.819000000000000000e+04,5.213013291358947754e-01,5.853658536585365502e-01,4.432302117347717285e-01,0.000000000000000000e+00
3.820000000000000000e+04,5.072455406188964844e-01,6.097560975609755962e-01,4.525362849235534668e-01,0.000000000000000000e+00
3.821000000000000000e+04,4.843156933784484863e-01,6.463414634146341653e-01,4.126679897308349609e-01,0.000000000000000000e+00
3.822000000000000000e+04,4.832164347171783447e-01,5.975609756097560732e-01,4.145536720752716064e-01,0.000000000000000000e+00
3.823000000000000000e+04,5.003449320793151855e-01,5.487804878048780921e-01,4.646958410739898682e-01,0.000000000000000000e+00
3.824000000000000000e+04,5.058436989784240723e-01,6.097560975609755962e-01,4.467008411884307861e-01,0.000000000000000000e+00
3.825000000000000000e+04,5.250414013862609863e-01,5.853658536585365502e-01,4.861082732677459717e-01,0.000000000000000000e+00
3.826000000000000000e+04,5.082578659057617188e-01,5.731707317073170271e-01,4.550097584724426270e-01,0.000000000000000000e+00
3.827000000000000000e+04,5.270274877548217773e-01,5.609756097560976151e-01,4.576800763607025146e-01,0.000000000000000000e+00
3.828000000000000000e+04,4.852490127086639404e-01,5.975609756097560732e-01,4.117176532745361328e-01,0.000000000000000000e+00
3.829000000000000000e+04,5.059385895729064941e-01,5.975609756097560732e-01,4.448339939117431641e-01,0.000000000000000000e+00
3.830000000000000000e+04,4.996632337570190430e-01,5.731707317073170271e-01,4.235038459300994873e-01,0.000000000000000000e+00
3.831000000000000000e+04,5.237386822700500488e-01,6.219512195121951192e-01,4.395199418067932129e-01,0.000000000000000000e+00
3.832000000000000000e+04,5.374789834022521973e-01,5.609756097560976151e-01,4.596485495567321777e-01,0.000000000000000000e+00
3.833000000000000000e+04,5.173153281211853027e-01,6.097560975609755962e-01,4.604809582233428955e-01,0.000000000000000000e+00
3.834000000000000000e+04,5.283774137496948242e-01,5.731707317073170271e-01,4.537406265735626221e-01,0.000000000000000000e+00
3.835000000000000000e+04,5.045234560966491699e-01,5.975609756097560732e-01,4.388642609119415283e-01,0.000000000000000000e+00
3.836000000000000000e+04,4.952427744865417480e-01,5.853658536585365502e-01,4.290138781070709229e-01,0.000000000000000000e+00
3.837000000000000000e+04,4.977319240570068359e-01,5.975609756097560732e-01,4.387813508510589600e-01,0.000000000000000000e+00
3.838000000000000000e+04,4.512836337089538574e-01,5.853658536585365502e-01,3.538055717945098877e-01,0.000000000000000000e+00
3.839000000000000000e+04,4.695733189582824707e-01,6.219512195121951192e-01,3.962238430976867676e-01,0.000000000000000000e+00
3.840000000000000000e+04,4.728042185306549072e-01,5.731707317073170271e-01,4.048437476158142090e-01,0.000000000000000000e+00
3.841000000000000000e+04,4.544604718685150146e-01,5.975609756097560732e-01,3.682550489902496338e-01,0.000000000000000000e+00
3.842000000000000000e+04,4.396873414516448975e-01,5.731707317073170271e-01,3.476127386093139648e-01,0.000000000000000000e+00
3.843000000000000000e+04,4.520449042320251465e-01,5.731707317073170271e-01,3.666481971740722656e-01,0.000000000000000000e+00
3.844000000000000000e+04,4.706207513809204102e-01,6.097560975609755962e-01,4.152791798114776611e-01,0.000000000000000000e+00
3.845000000000000000e+04,4.514703750610351562e-01,5.731707317073170271e-01,3.494380414485931396e-01,0.000000000000000000e+00
3.846000000000000000e+04,4.625935554504394531e-01,6.341463414634146423e-01,3.843353390693664551e-01,0.000000000000000000e+00
3.847000000000000000e+04,4.995699226856231689e-01,5.853658536585365502e-01,4.242951869964599609e-01,0.000000000000000000e+00
3.848000000000000000e+04,4.920443296432495117e-01,5.975609756097560732e-01,4.262493848800659180e-01,0.000000000000000000e+00
3.849000000000000000e+04,5.009694099426269531e-01,5.609756097560976151e-01,4.102370142936706543e-01,0.000000000000000000e+00
3.850000000000000000e+04,4.923294484615325928e-01,5.853658536585365502e-01,4.031937718391418457e-01,0.000000000000000000e+00
3.851000000000000000e+04,4.780203402042388916e-01,5.975609756097560732e-01,3.926738500595092773e-01,0.000000000000000000e+00
3.852000000000000000e+04,4.910752177238464355e-01,6.219512195121951192e-01,4.178144335746765137e-01,0.000000000000000000e+00
3.853000000000000000e+04,4.929074347019195557e-01,5.975609756097560732e-01,4.092448055744171143e-01,0.000000000000000000e+00
3.854000000000000000e+04,4.799770414829254150e-01,5.609756097560976151e-01,4.219068288803100586e-01,0.000000000000000000e+00
3.855000000000000000e+04,4.717108309268951416e-01,6.341463414634146423e-01,3.940784633159637451e-01,0.000000000000000000e+00
3.856000000000000000e+04,4.633111655712127686e-01,5.975609756097560732e-01,3.843043446540832520e-01,0.000000000000000000e+00
3.857000000000000000e+04,4.754796922206878662e-01,6.097560975609755962e-01,4.002461731433868408e-01,0.000000000000000000e+00
3.858000000000000000e+04,5.180572271347045898e-01,5.609756097560976151e-01,4.954239726066589355e-01,0.000000000000000000e+00
3.859000000000000000e+04,4.895691275596618652e-01,5.487804878048780921e-01,4.195641279220581055e-01,0.000000000000000000e+00
3.860000000000000000e+04,4.734204113483428955e-01,5.609756097560976151e-01,4.186350703239440918e-01,0.000000000000000000e+00
3.861000000000000000e+04,4.582256972789764404e-01,5.731707317073170271e-01,4.042601287364959717e-01,0.000000000000000000e+00
3.862000000000000000e+04,4.654725193977355957e-01,5.975609756097560732e-01,4.152187108993530273e-01,0.000000000000000000e+00
3.863000000000000000e+04,4.464361071586608887e-01,5.731707317073170271e-01,3.911802470684051514e-01,0.000000000000000000e+00
3.864000000000000000e+04,4.542812705039978027e-01,5.853658536585365502e-01,4.109343886375427246e-01,0.000000000000000000e+00
3.865000000000000000e+04,4.717513322830200195e-01,5.853658536585365502e-01,4.308549165725708008e-01,0.000000000000000000e+00
3.866000000000000000e+04,4.761072993278503418e-01,5.731707317073170271e-01,4.178927242755889893e-01,0.000000000000000000e+00
3.867000000000000000e+04,4.846557378768920898e-01,5.243902439024390461e-01,4.373131692409515381e-01,0.000000000000000000e+00
3.868000000000000000e+04,4.921925663948059082e-01,5.731707317073170271e-01,4.377562105655670166e-01,0.000000000000000000e+00
3.869000000000000000e+04,5.004575252532958984e-01,5.609756097560976151e-01,4.513278007507324219e-01,0.000000000000000000e+00
3.870000000000000000e+04,5.161691904067993164e-01,5.853658536585365502e-01,4.858304560184478760e-01,0.000000000000000000e+00
3.871000000000000000e+04,4.876170158386230469e-01,5.853658536585365502e-01,4.249682128429412842e-01,0.000000000000000000e+00
3.872000000000000000e+04,5.106668472290039062e-01,5.609756097560976151e-01,4.571893215179443359e-01,0.000000000000000000e+00
3.873000000000000000e+04,4.966206550598144531e-01,5.975609756097560732e-01,4.260549843311309814e-01,0.000000000000000000e+00
3.874000000000000000e+04,5.151966214179992676e-01,5.731707317073170271e-01,4.576001763343811035e-01,0.000000000000000000e+00
3.875000000000000000e+04,4.936072528362274170e-01,5.975609756097560732e-01,4.544633328914642334e-01,0.000000000000000000e+00
3.876000000000000000e+04,5.005134940147399902e-01,5.853658536585365502e-01,4.407862424850463867e-01,0.000000000000000000e+00
3.877000000000000000e+04,5.026233196258544922e-01,5.853658536585365502e-01,4.650646150112152100e-01,0.000000000000000000e+00
3.878000000000000000e+04,4.862934052944183350e-01,5.975609756097560732e-01,4.513946473598480225e-01,0.000000000000000000e+00
3.879000000000000000e+04,4.844177365303039551e-01,5.853658536585365502e-01,4.407147467136383057e-01,0.000000000000000000e+00
3.880000000000000000e+04,5.023154616355895996e-01,5.731707317073170271e-01,4.730118215084075928e-01,0.000000000000000000e+00
3.881000000000000000e+04,4.959054887294769287e-01,5.975609756097560732e-01,4.711681604385375977e-01,0.000000000000000000e+00
3.882000000000000000e+04,4.606885910034179688e-01,5.853658536585365502e-01,4.290714859962463379e-01,0.000000000000000000e+00
3.883000000000000000e+04,4.497442543506622314e-01,6.219512195121951192e-01,3.918432593345642090e-01,0.000000000000000000e+00
3.884000000000000000e+04,4.475319981575012207e-01,6.219512195121951192e-01,3.639939725399017334e-01,0.000000000000000000e+00
3.885000000000000000e+04,4.726496636867523193e-01,6.219512195121951192e-01,3.917647004127502441e-01,0.000000000000000000e+00
3.886000000000000000e+04,4.479557275772094727e-01,5.853658536585365502e-01,3.777000904083251953e-01,0.000000000000000000e+00
3.887000000000000000e+04,5.145651102066040039e-01,6.219512195121951192e-01,4.893568158149719238e-01,0.000000000000000000e+00
3.888000000000000000e+04,4.771250188350677490e-01,6.097560975609755962e-01,4.082266390323638916e-01,0.000000000000000000e+00
3.889000000000000000e+04,4.912284314632415771e-01,5.975609756097560732e-01,4.590422511100769043e-01,0.000000000000000000e+00
3.890000000000000000e+04,5.337972640991210938e-01,5.853658536585365502e-01,5.236055850982666016e-01,0.000000000000000000e+00
3.891000000000000000e+04,5.024690628051757812e-01,5.853658536585365502e-01,4.831086397171020508e-01,0.000000000000000000e+00
3.892000000000000000e+04,5.007358193397521973e-01,6.097560975609755962e-01,4.958314895629882812e-01,0.000000000000000000e+00
3.893000000000000000e+04,4.738527834415435791e-01,5.731707317073170271e-01,4.522218704223632812e-01,0.000000000000000000e+00
3.894000000000000000e+04,4.751141965389251709e-01,5.975609756097560732e-01,4.336257278919219971e-01,0.000000000000000000e+00
3.895000000000000000e+04,4.635877311229705811e-01,5.609756097560976151e-01,4.193478524684906006e-01,0.000000000000000000e+00
3.896000000000000000e+04,4.501484334468841553e-01,5.487804878048780921e-01,3.836987912654876709e-01,0.000000000000000000e+00
3.897000000000000000e+04,4.569427073001861572e-01,5.609756097560976151e-01,3.976450860500335693e-01,0.000000000000000000e+00
3.898000000000000000e+04,4.641608595848083496e-01,5.975609756097560732e-01,4.041344821453094482e-01,0.000000000000000000e+00
3.899000000000000000e+04,4.351104497909545898e-01,5.853658536585365502e-01,3.463562726974487305e-01,0.000000000000000000e+00
3.900000000000000000e+04,4.739581942558288574e-01,5.853658536585365502e-01,3.841664493083953857e-01,0.000000000000000000e+00
3.901000000000000000e+04,4.601503312587738037e-01,5.609756097560976151e-01,3.755365312099456787e-01,0.000000000000000000e+00
3.902000000000000000e+04,4.569890499114990234e-01,5.731707317073170271e-01,3.683345317840576172e-01,0.000000000000000000e+00
3.903000000000000000e+04,4.807900488376617432e-01,5.975609756097560732e-01,3.870954811573028564e-01,0.000000000000000000e+00
3.904000000000000000e+04,5.115047693252563477e-01,5.609756097560976151e-01,4.403561651706695557e-01,0.000000000000000000e+00
3.905000000000000000e+04,4.873667657375335693e-01,6.097560975609755962e-01,4.076845943927764893e-01,0.000000000000000000e+00
3.906000000000000000e+04,4.732150137424468994e-01,6.097560975609755962e-01,3.877998888492584229e-01,0.000000000000000000e+00
3.907000000000000000e+04,4.944147467613220215e-01,6.097560975609755962e-01,4.116168320178985596e-01,0.000000000000000000e+00
3.908000000000000000e+04,4.746125340461730957e-01,5.731707317073170271e-01,3.947851359844207764e-01,0.000000000000000000e+00
3.909000000000000000e+04,4.616629183292388916e-01,5.975609756097560732e-01,3.818154633045196533e-01,0.000000000000000000e+00
3.910000000000000000e+04,4.617448747158050537e-01,6.341463414634146423e-01,4.091166853904724121e-01,0.000000000000000000e+00
3.911000000000000000e+04,4.720866680145263672e-01,6.341463414634146423e-01,4.098045229911804199e-01,0.000000000000000000e+00
3.912000000000000000e+04,4.917941093444824219e-01,5.853658536585365502e-01,4.353173077106475830e-01,0.000000000000000000e+00
3.913000000000000000e+04,4.906188249588012695e-01,6.097560975609755962e-01,4.333286583423614502e-01,0.000000000000000000e+00
3.914000000000000000e+04,4.708390235900878906e-01,5.853658536585365502e-01,4.250749051570892334e-01,0.000000000000000000e+00
3.915000000000000000e+04,4.582445323467254639e-01,5.975609756097560732e-01,4.173426926136016846e-01,0.000000000000000000e+00
3.916000000000000000e+04,4.626698195934295654e-01,6.097560975609755962e-01,4.157876074314117432e-01,0.000000000000000000e+00
3.917000000000000000e+04,4.830818176269531250e-01,5.975609756097560732e-01,4.210009276866912842e-01,0.000000000000000000e+00
3.918000000000000000e+04,4.973391592502593994e-01,6.219512195121951192e-01,4.684452712535858154e-01,0.000000000000000000e+00
3.919000000000000000e+04,4.959560036659240723e-01,5.853658536585365502e-01,4.493912160396575928e-01,0.000000000000000000e+00
3.920000000000000000e+04,4.876718819141387939e-01,5.853658536585365502e-01,4.236230254173278809e-01,0.000000000000000000e+00
3.921000000000000000e+04,4.803819954395294189e-01,6.219512195121951192e-01,4.028391838073730469e-01,0.000000000000000000e+00
3.922000000000000000e+04,5.149706006050109863e-01,5.853658536585365502e-01,4.540760219097137451e-01,0.000000000000000000e+00
3.923000000000000000e+04,4.810660481452941895e-01,6.097560975609755962e-01,4.025211036205291748e-01,0.000000000000000000e+00
3.924000000000000000e+04,4.844847023487091064e-01,5.975609756097560732e-01,4.004579782485961914e-01,0.000000000000000000e+00
3.925000000000000000e+04,4.916008412837982178e-01,5.975609756097560732e-01,4.545541107654571533e-01,0.000000000000000000e+00
3.926000000000000000e+04,5.184662342071533203e-01,5.975609756097560732e-01,4.704172611236572266e-01,0.000000000000000000e+00
3.927000000000000000e+04,4.909562170505523682e-01,5.975609756097560732e-01,4.320308864116668701e-01,0.000000000000000000e+00
3.928000000000000000e+04,5.025447010993957520e-01,5.975609756097560732e-01,4.258574247360229492e-01,0.000000000000000000e+00
3.929000000000000000e+04,5.039915442466735840e-01,6.219512195121951192e-01,4.400518238544464111e-01,0.000000000000000000e+00
3.930000000000000000e+04,4.849762916564941406e-01,5.853658536585365502e-01,4.022762179374694824e-01,0.000000000000000000e+00
3.931000000000000000e+04,4.754403233528137207e-01,5.975609756097560732e-01,3.648285567760467529e-01,0.000000000000000000e+00
3.932000000000000000e+04,4.947673976421356201e-01,5.853658536585365502e-01,3.850406408309936523e-01,0.000000000000000000e+00
3.933000000000000000e+04,5.098176598548889160e-01,6.463414634146341653e-01,4.174814224243164062e-01,0.000000000000000000e+00
3.934000000000000000e+04,5.184741020202636719e-01,5.975609756097560732e-01,4.148098528385162354e-01,0.000000000000000000e+00
3.935000000000000000e+04,5.183752775192260742e-01,5.975609756097560732e-01,4.201150536537170410e-01,0.000000000000000000e+00
3.936000000000000000e+04,4.916592240333557129e-01,6.585365853658536883e-01,3.922119140625000000e-01,0.000000000000000000e+00
3.937000000000000000e+04,5.073118209838867188e-01,5.731707317073170271e-01,4.314003288745880127e-01,0.000000000000000000e+00
3.938000000000000000e+04,5.003703832626342773e-01,5.609756097560976151e-01,4.229523837566375732e-01,0.000000000000000000e+00
3.939000000000000000e+04,4.820883572101593018e-01,6.097560975609755962e-01,3.857507705688476562e-01,0.000000000000000000e+00
3.940000000000000000e+04,4.679966568946838379e-01,6.219512195121951192e-01,3.760682940483093262e-01,0.000000000000000000e+00
3.941000000000000000e+04,4.456835389137268066e-01,5.975609756097560732e-01,3.481569886207580566e-01,0.000000000000000000e+00
3.942000000000000000e+04,4.670723676681518555e-01,6.097560975609755962e-01,3.596291244029998779e-01,0.000000000000000000e+00
3.943000000000000000e+04,4.706729352474212646e-01,5.975609756097560732e-01,3.618416786193847656e-01,0.000000000000000000e+00
3.944000000000000000e+04,4.589759707450866699e-01,5.731707317073170271e-01,3.617368638515472412e-01,0.000000000000000000e+00
3.945000000000000000e+04,4.769223630428314209e-01,5.853658536585365502e-01,3.809012174606323242e-01,0.000000000000000000e+00
3.946000000000000000e+04,4.831776618957519531e-01,5.853658536585365502e-01,4.205864667892456055e-01,0.000000000000000000e+00
3.947000000000000000e+04,4.893004298210144043e-01,5.731707317073170271e-01,4.074362814426422119e-01,0.000000000000000000e+00
3.948000000000000000e+04,5.060451030731201172e-01,5.731707317073170271e-01,4.341027736663818359e-01,0.000000000000000000e+00
3.949000000000000000e+04,4.906043708324432373e-01,5.609756097560976151e-01,3.870732486248016357e-01,0.000000000000000000e+00
3.950000000000000000e+04,4.958094060420989990e-01,6.219512195121951192e-01,3.947018086910247803e-01,0.000000000000000000e+00
3.951000000000000000e+04,5.054677128791809082e-01,5.975609756097560732e-01,4.066682159900665283e-01,0.000000000000000000e+00
3.952000000000000000e+04,5.257663726806640625e-01,6.097560975609755962e-01,4.562761187553405762e-01,0.000000000000000000e+00
3.953000000000000000e+04,4.792084395885467529e-01,6.097560975609755962e-01,4.256876111030578613e-01,0.000000000000000000e+00
3.954000000000000000e+04,5.334167480468750000e-01,5.731707317073170271e-01,4.943137764930725098e-01,0.000000000000000000e+00
3.955000000000000000e+04,5.320499539375305176e-01,6.097560975609755962e-01,4.805434644222259521e-01,0.000000000000000000e+00
3.956000000000000000e+04,5.156692266464233398e-01,6.463414634146341653e-01,4.697576463222503662e-01,0.000000000000000000e+00
3.957000000000000000e+04,5.235713720321655273e-01,6.341463414634146423e-01,4.605822563171386719e-01,0.000000000000000000e+00
3.958000000000000000e+04,5.110399723052978516e-01,6.341463414634146423e-01,4.380543231964111328e-01,0.000000000000000000e+00
3.959000000000000000e+04,5.163320899009704590e-01,6.097560975609755962e-01,4.624712765216827393e-01,0.000000000000000000e+00
3.960000000000000000e+04,5.386944413185119629e-01,6.219512195121951192e-01,4.820020794868469238e-01,0.000000000000000000e+00
3.961000000000000000e+04,5.247254371643066406e-01,5.975609756097560732e-01,4.566998779773712158e-01,0.000000000000000000e+00
3.962000000000000000e+04,5.458386540412902832e-01,5.853658536585365502e-01,4.716951549053192139e-01,0.000000000000000000e+00
3.963000000000000000e+04,5.216350555419921875e-01,6.341463414634146423e-01,4.484199285507202148e-01,0.000000000000000000e+00
3.964000000000000000e+04,5.455340147018432617e-01,5.975609756097560732e-01,4.882248938083648682e-01,0.000000000000000000e+00
3.965000000000000000e+04,5.080942511558532715e-01,5.609756097560976151e-01,4.434185028076171875e-01,0.000000000000000000e+00
3.966000000000000000e+04,5.213979482650756836e-01,6.341463414634146423e-01,4.801250994205474854e-01,0.000000000000000000e+00
3.967000000000000000e+04,5.093252658843994141e-01,5.853658536585365502e-01,4.602031409740447998e-01,0.000000000000000000e+00
3.968000000000000000e+04,4.923457801342010498e-01,6.219512195121951192e-01,4.426923990249633789e-01,0.000000000000000000e+00
3.969000000000000000e+04,5.068185329437255859e-01,6.219512195121951192e-01,4.509913325309753418e-01,0.000000000000000000e+00
3.970000000000000000e+04,4.874848425388336182e-01,6.219512195121951192e-01,4.465454518795013428e-01,0.000000000000000000e+00
3.971000000000000000e+04,5.003918409347534180e-01,6.219512195121951192e-01,4.424278140068054199e-01,0.000000000000000000e+00
3.972000000000000000e+04,5.081751346588134766e-01,5.975609756097560732e-01,4.430835545063018799e-01,0.000000000000000000e+00
3.973000000000000000e+04,5.343954563140869141e-01,5.975609756097560732e-01,4.805047810077667236e-01,0.000000000000000000e+00
3.974000000000000000e+04,5.298615694046020508e-01,5.731707317073170271e-01,4.865584671497344971e-01,0.000000000000000000e+00
3.975000000000000000e+04,5.204361677169799805e-01,5.975609756097560732e-01,4.650499820709228516e-01,0.000000000000000000e+00
3.976000000000000000e+04,5.375784039497375488e-01,5.731707317073170271e-01,4.741232097148895264e-01,0.000000000000000000e+00
3.977000000000000000e+04,4.905053079128265381e-01,5.853658536585365502e-01,4.307613372802734375e-01,0.000000000000000000e+00
3.978000000000000000e+04,4.949939846992492676e-01,6.219512195121951192e-01,4.307653903961181641e-01,0.000000000000000000e+00
3.979000000000000000e+04,5.088675618171691895e-01,5.853658536585365502e-01,4.401581287384033203e-01,0.000000000000000000e+00
3.980000000000000000e+04,4.886292219161987305e-01,5.853658536585365502e-01,4.128893017768859863e-01,0.000000000000000000e+00
3.981000000000000000e+04,4.778206050395965576e-01,5.731707317073170271e-01,4.128700792789459229e-01,0.000000000000000000e+00
3.982000000000000000e+04,4.949874579906463623e-01,6.097560975609755962e-01,4.396332502365112305e-01,0.000000000000000000e+00
3.983000000000000000e+04,4.754922091960906982e-01,6.585365853658536883e-01,3.946902155876159668e-01,0.000000000000000000e+00
3.984000000000000000e+04,4.838103055953979492e-01,6.219512195121951192e-01,3.853967487812042236e-01,0.000000000000000000e+00
3.985000000000000000e+04,4.763796031475067139e-01,6.097560975609755962e-01,4.141727387905120850e-01,0.000000000000000000e+00
3.986000000000000000e+04,4.745839238166809082e-01,6.097560975609755962e-01,4.400752484798431396e-01,0.000000000000000000e+00
3.987000000000000000e+04,4.897809624671936035e-01,5.731707317073170271e-01,4.380470812320709229e-01,0.000000000000000000e+00
3.988000000000000000e+04,4.734744727611541748e-01,5.853658536585365502e-01,4.005691409111022949e-01,0.000000000000000000e+00
3.989000000000000000e+04,4.880788028240203857e-01,5.975609756097560732e-01,4.261318445205688477e-01,0.000000000000000000e+00
3.990000000000000000e+04,5.028566718101501465e-01,5.975609756097560732e-01,4.456894695758819580e-01,0.000000000000000000e+00
3.991000000000000000e+04,4.662190675735473633e-01,5.609756097560976151e-01,4.185098111629486084e-01,0.000000000000000000e+00
3.992000000000000000e+04,4.839724302291870117e-01,6.097560975609755962e-01,4.282326400279998779e-01,0.000000000000000000e+00
3.993000000000000000e+04,4.975729584693908691e-01,5.975609756097560732e-01,4.352485239505767822e-01,0.000000000000000000e+00
3.994000000000000000e+04,5.053868889808654785e-01,5.853658536585365502e-01,4.435413777828216553e-01,0.000000000000000000e+00
3.995000000000000000e+04,5.146183967590332031e-01,5.853658536585365502e-01,4.371552169322967529e-01,0.000000000000000000e+00
3.996000000000000000e+04,5.224295258522033691e-01,5.975609756097560732e-01,4.565439820289611816e-01,0.000000000000000000e+00
3.997000000000000000e+04,4.985744953155517578e-01,5.731707317073170271e-01,4.223276376724243164e-01,0.000000000000000000e+00
3.998000000000000000e+04,5.154989957809448242e-01,5.975609756097560732e-01,4.606508612632751465e-01,0.000000000000000000e+00
3.999000000000000000e+04,5.065528154373168945e-01,5.609756097560976151e-01,4.398525655269622803e-01,0.000000000000000000e+00
4.000000000000000000e+04,5.009066462516784668e-01,5.853658536585365502e-01,4.384043812751770020e-01,0.000000000000000000e+00
4.001000000000000000e+04,4.871483445167541504e-01,5.731707317073170271e-01,4.151903092861175537e-01,0.000000000000000000e+00
4.002000000000000000e+04,4.941287636756896973e-01,5.609756097560976151e-01,4.285042285919189453e-01,0.000000000000000000e+00
4.003000000000000000e+04,4.887110888957977295e-01,5.853658536585365502e-01,3.965410590171813965e-01,0.000000000000000000e+00
4.004000000000000000e+04,4.868721067905426025e-01,5.975609756097560732e-01,3.961822688579559326e-01,0.000000000000000000e+00
4.005000000000000000e+04,4.688889980316162109e-01,5.853658536585365502e-01,3.763226270675659180e-01,0.000000000000000000e+00
4.006000000000000000e+04,4.818954467773437500e-01,6.097560975609755962e-01,3.486255407333374023e-01,0.000000000000000000e+00
4.007000000000000000e+04,4.867025911808013916e-01,5.975609756097560732e-01,4.012458324432373047e-01,0.000000000000000000e+00
4.008000000000000000e+04,5.053818225860595703e-01,5.853658536585365502e-01,4.170125424861907959e-01,0.000000000000000000e+00
4.009000000000000000e+04,5.254773497581481934e-01,5.975609756097560732e-01,4.725974798202514648e-01,0.000000000000000000e+00
4.010000000000000000e+04,5.299362540245056152e-01,5.853658536585365502e-01,4.647156298160552979e-01,0.000000000000000000e+00
4.011000000000000000e+04,5.007392168045043945e-01,6.219512195121951192e-01,4.205509126186370850e-01,0.000000000000000000e+00
4.012000000000000000e+04,4.927233457565307617e-01,6.341463414634146423e-01,4.315391778945922852e-01,0.000000000000000000e+00
4.013000000000000000e+04,5.099643468856811523e-01,6.341463414634146423e-01,4.348719120025634766e-01,0.000000000000000000e+00
4.014000000000000000e+04,4.931887686252593994e-01,6.341463414634146423e-01,4.426845908164978027e-01,0.000000000000000000e+00
4.015000000000000000e+04,5.250410437583923340e-01,5.487804878048780921e-01,4.684323668479919434e-01,0.000000000000000000e+00
4.016000000000000000e+04,5.340871810913085938e-01,5.975609756097560732e-01,5.016546845436096191e-01,0.000000000000000000e+00
4.017000000000000000e+04,5.114828348159790039e-01,5.853658536585365502e-01,4.635308980941772461e-01,0.000000000000000000e+00
4.018000000000000000e+04,5.284164547920227051e-01,6.097560975609755962e-01,4.688502848148345947e-01,0.000000000000000000e+00
4.019000000000000000e+04,5.542206168174743652e-01,5.853658536585365502e-01,4.970161020755767822e-01,0.000000000000000000e+00
4.020000000000000000e+04,5.570060014724731445e-01,6.219512195121951192e-01,5.170130133628845215e-01,0.000000000000000000e+00
4.021000000000000000e+04,5.627825260162353516e-01,6.097560975609755962e-01,5.304457545280456543e-01,0.000000000000000000e+00
4.022000000000000000e+04,5.478883385658264160e-01,5.853658536585365502e-01,5.205063819885253906e-01,0.000000000000000000e+00
4.023000000000000000e+04,5.398824214935302734e-01,6.219512195121951192e-01,4.699083566665649414e-01,0.000000000000000000e+00
4.024000000000000000e+04,5.346158742904663086e-01,6.463414634146341653e-01,4.821044504642486572e-01,0.000000000000000000e+00
4.025000000000000000e+04,5.178896188735961914e-01,6.097560975609755962e-01,4.767066836357116699e-01,0.000000000000000000e+00
4.026000000000000000e+04,5.114290714263916016e-01,5.975609756097560732e-01,4.740763008594512939e-01,0.000000000000000000e+00
4.027000000000000000e+04,4.870831966400146484e-01,6.585365853658536883e-01,4.572740495204925537e-01,0.000000000000000000e+00
4.028000000000000000e+04,5.078101158142089844e-01,6.219512195121951192e-01,4.736080765724182129e-01,0.000000000000000000e+00
4.029000000000000000e+04,4.933441877365112305e-01,6.341463414634146423e-01,4.456093311309814453e-01,0.000000000000000000e+00
4.030000000000000000e+04,4.913845360279083252e-01,6.219512195121951192e-01,4.229572117328643799e-01,0.000000000000000000e+00
4.031000000000000000e+04,5.454373359680175781e-01,5.975609756097560732e-01,5.045709609985351562e-01,0.000000000000000000e+00
4.032000000000000000e+04,5.142070055007934570e-01,6.097560975609755962e-01,4.521034061908721924e-01,0.000000000000000000e+00
4.033000000000000000e+04,4.951734542846679688e-01,6.341463414634146423e-01,4.267960786819458008e-01,0.000000000000000000e+00
4.034000000000000000e+04,4.991677701473236084e-01,5.975609756097560732e-01,4.456537067890167236e-01,0.000000000000000000e+00
4.035000000000000000e+04,4.925493896007537842e-01,6.097560975609755962e-01,4.447776079177856445e-01,0.000000000000000000e+00
4.036000000000000000e+04,5.567892789840698242e-01,6.097560975609755962e-01,5.093884468078613281e-01,0.000000000000000000e+00
4.037000000000000000e+04,4.999970197677612305e-01,6.097560975609755962e-01,4.230770468711853027e-01,0.000000000000000000e+00
4.038000000000000000e+04,5.521070957183837891e-01,6.341463414634146423e-01,4.860023260116577148e-01,0.000000000000000000e+00
4.039000000000000000e+04,5.424557328224182129e-01,6.463414634146341653e-01,4.785080552101135254e-01,0.000000000000000000e+00
4.040000000000000000e+04,5.291122198104858398e-01,6.341463414634146423e-01,4.888882935047149658e-01,0.000000000000000000e+00
4.041000000000000000e+04,5.017753839492797852e-01,6.341463414634146423e-01,4.653654098510742188e-01,0.000000000000000000e+00
4.042000000000000000e+04,5.090162754058837891e-01,6.097560975609755962e-01,4.774784743785858154e-01,0.000000000000000000e+00
4.043000000000000000e+04,5.164822340011596680e-01,6.341463414634146423e-01,4.743711054325103760e-01,0.000000000000000000e+00
4.044000000000000000e+04,4.997628033161163330e-01,6.097560975609755962e-01,4.612745344638824463e-01,0.000000000000000000e+00
4.045000000000000000e+04,5.029295086860656738e-01,6.219512195121951192e-01,4.517440199851989746e-01,0.000000000000000000e+00
4.046000000000000000e+04,5.014080405235290527e-01,5.975609756097560732e-01,4.794042408466339111e-01,0.000000000000000000e+00
4.047000000000000000e+04,4.877187609672546387e-01,6.219512195121951192e-01,4.579772651195526123e-01,0.000000000000000000e+00
4.048000000000000000e+04,5.235211253166198730e-01,6.219512195121951192e-01,4.899112582206726074e-01,0.000000000000000000e+00
4.049000000000000000e+04,5.279560089111328125e-01,6.097560975609755962e-01,4.985884130001068115e-01,0.000000000000000000e+00
4.050000000000000000e+04,5.309006571769714355e-01,6.097560975609755962e-01,5.177067518234252930e-01,0.000000000000000000e+00
4.051000000000000000e+04,4.959872663021087646e-01,6.219512195121951192e-01,4.546702206134796143e-01,0.000000000000000000e+00
4.052000000000000000e+04,5.065087676048278809e-01,6.219512195121951192e-01,4.887998700141906738e-01,0.000000000000000000e+00
4.053000000000000000e+04,5.003353357315063477e-01,6.219512195121951192e-01,4.699475765228271484e-01,0.000000000000000000e+00
4.054000000000000000e+04,5.328230261802673340e-01,5.975609756097560732e-01,5.006555318832397461e-01,0.000000000000000000e+00
4.055000000000000000e+04,4.866986274719238281e-01,5.853658536585365502e-01,4.442400038242340088e-01,0.000000000000000000e+00
4.056000000000000000e+04,5.134775042533874512e-01,6.219512195121951192e-01,5.093246698379516602e-01,0.000000000000000000e+00
4.057000000000000000e+04,4.929510951042175293e-01,5.975609756097560732e-01,4.597671031951904297e-01,0.000000000000000000e+00
4.058000000000000000e+04,5.024702548980712891e-01,6.463414634146341653e-01,4.807124137878417969e-01,0.000000000000000000e+00
4.059000000000000000e+04,4.799891710281372070e-01,5.975609756097560732e-01,4.186860918998718262e-01,0.000000000000000000e+00
4.060000000000000000e+04,4.764741957187652588e-01,5.731707317073170271e-01,4.236431717872619629e-01,0.000000000000000000e+00
4.061000000000000000e+04,4.884195625782012939e-01,6.097560975609755962e-01,4.742626547813415527e-01,0.000000000000000000e+00
4.062000000000000000e+04,4.890852868556976318e-01,5.975609756097560732e-01,4.531849026679992676e-01,0.000000000000000000e+00
4.063000000000000000e+04,4.842738211154937744e-01,6.219512195121951192e-01,4.346929788589477539e-01,0.000000000000000000e+00
4.064000000000000000e+04,5.011728405952453613e-01,6.097560975609755962e-01,4.715381264686584473e-01,0.000000000000000000e+00
4.065000000000000000e+04,5.203890204429626465e-01,5.975609756097560732e-01,4.907061755657196045e-01,0.000000000000000000e+00
4.066000000000000000e+04,4.936096668243408203e-01,5.975609756097560732e-01,4.641759991645812988e-01,0.000000000000000000e+00
4.067000000000000000e+04,4.879407882690429688e-01,6.219512195121951192e-01,4.633832275867462158e-01,0.000000000000000000e+00
4.068000000000000000e+04,4.937577843666076660e-01,6.097560975609755962e-01,4.760059118270874023e-01,0.000000000000000000e+00
4.069000000000000000e+04,4.772460162639617920e-01,6.097560975609755962e-01,4.581717848777770996e-01,0.000000000000000000e+00
4.070000000000000000e+04,5.088731050491333008e-01,6.097560975609755962e-01,4.903832077980041504e-01,0.000000000000000000e+00
4.071000000000000000e+04,4.952599108219146729e-01,5.975609756097560732e-01,4.472071528434753418e-01,0.000000000000000000e+00
4.072000000000000000e+04,4.865971207618713379e-01,6.097560975609755962e-01,4.427641034126281738e-01,0.000000000000000000e+00
4.073000000000000000e+04,4.759618639945983887e-01,6.219512195121951192e-01,4.331903755664825439e-01,0.000000000000000000e+00
4.074000000000000000e+04,4.520962536334991455e-01,6.219512195121951192e-01,4.066707193851470947e-01,0.000000000000000000e+00
4.075000000000000000e+04,4.648385047912597656e-01,6.097560975609755962e-01,4.339171350002288818e-01,0.000000000000000000e+00
4.076000000000000000e+04,4.925811886787414551e-01,6.219512195121951192e-01,4.738917350769042969e-01,0.000000000000000000e+00
4.077000000000000000e+04,5.059608817100524902e-01,5.731707317073170271e-01,4.645828008651733398e-01,0.000000000000000000e+00
4.078000000000000000e+04,4.862770736217498779e-01,6.463414634146341653e-01,4.350147247314453125e-01,0.000000000000000000e+00
4.079000000000000000e+04,4.724835753440856934e-01,6.463414634146341653e-01,4.247286915779113770e-01,0.000000000000000000e+00
4.080000000000000000e+04,4.987257719039916992e-01,5.975609756097560732e-01,4.640531539916992188e-01,0.000000000000000000e+00
4.081000000000000000e+04,5.087293386459350586e-01,5.975609756097560732e-01,4.826154708862304688e-01,0.000000000000000000e+00
4.082000000000000000e+04,5.064787864685058594e-01,5.975609756097560732e-01,4.921214878559112549e-01,0.000000000000000000e+00
4.083000000000000000e+04,5.107417106628417969e-01,6.219512195121951192e-01,5.027526617050170898e-01,0.000000000000000000e+00
4.084000000000000000e+04,5.331423282623291016e-01,6.097560975609755962e-01,5.103365778923034668e-01,0.000000000000000000e+00
4.085000000000000000e+04,5.409321188926696777e-01,6.219512195121951192e-01,5.090956091880798340e-01,0.000000000000000000e+00
4.086000000000000000e+04,5.234063267707824707e-01,6.585365853658536883e-01,4.980004131793975830e-01,0.000000000000000000e+00
4.087000000000000000e+04,5.138695240020751953e-01,6.707317073170732113e-01,4.575119018554687500e-01,0.000000000000000000e+00
4.088000000000000000e+04,5.023254752159118652e-01,6.219512195121951192e-01,4.521937966346740723e-01,0.000000000000000000e+00
4.089000000000000000e+04,5.221028327941894531e-01,5.853658536585365502e-01,4.825039207935333252e-01,0.000000000000000000e+00
4.090000000000000000e+04,4.781284034252166748e-01,6.097560975609755962e-01,4.311904013156890869e-01,0.000000000000000000e+00
4.091000000000000000e+04,4.809292256832122803e-01,6.341463414634146423e-01,4.429265856742858887e-01,0.000000000000000000e+00
4.092000000000000000e+04,4.799141287803649902e-01,6.463414634146341653e-01,4.387070834636688232e-01,0.000000000000000000e+00
4.093000000000000000e+04,4.751392602920532227e-01,6.585365853658536883e-01,4.261838197708129883e-01,0.000000000000000000e+00
4.094000000000000000e+04,4.714639484882354736e-01,6.341463414634146423e-01,4.452140033245086670e-01,0.000000000000000000e+00
4.095000000000000000e+04,4.590622782707214355e-01,6.097560975609755962e-01,4.081100523471832275e-01,0.000000000000000000e+00
4.096000000000000000e+04,4.792947173118591309e-01,6.463414634146341653e-01,4.358169436454772949e-01,0.000000000000000000e+00
4.097000000000000000e+04,4.717372059822082520e-01,6.097560975609755962e-01,4.328110516071319580e-01,0.000000000000000000e+00
4.098000000000000000e+04,4.711455702781677246e-01,5.975609756097560732e-01,4.308413565158843994e-01,0.000000000000000000e+00
4.099000000000000000e+04,4.849469363689422607e-01,6.341463414634146423e-01,4.543689489364624023e-01,0.000000000000000000e+00
4.100000000000000000e+04,4.572618901729583740e-01,6.097560975609755962e-01,4.119827151298522949e-01,0.000000000000000000e+00
4.101000000000000000e+04,4.826854169368743896e-01,6.219512195121951192e-01,4.540734589099884033e-01,0.000000000000000000e+00
4.102000000000000000e+04,4.796671569347381592e-01,6.219512195121951192e-01,4.506283998489379883e-01,0.000000000000000000e+00
4.103000000000000000e+04,5.064901113510131836e-01,6.463414634146341653e-01,4.769102334976196289e-01,0.000000000000000000e+00
4.104000000000000000e+04,4.896540045738220215e-01,6.341463414634146423e-01,4.421926736831665039e-01,0.000000000000000000e+00
4.105000000000000000e+04,4.842328131198883057e-01,5.975609756097560732e-01,4.314453005790710449e-01,0.000000000000000000e+00
4.106000000000000000e+04,4.816890656948089600e-01,6.219512195121951192e-01,4.197357296943664551e-01,0.000000000000000000e+00
4.107000000000000000e+04,4.948305189609527588e-01,6.097560975609755962e-01,4.535793960094451904e-01,0.000000000000000000e+00
4.108000000000000000e+04,5.036983489990234375e-01,6.219512195121951192e-01,4.721574485301971436e-01,0.000000000000000000e+00
4.109000000000000000e+04,5.005113482475280762e-01,6.097560975609755962e-01,4.695818722248077393e-01,0.000000000000000000e+00
4.110000000000000000e+04,4.846150875091552734e-01,6.219512195121951192e-01,4.587759971618652344e-01,0.000000000000000000e+00
4.111000000000000000e+04,4.844216406345367432e-01,5.975609756097560732e-01,4.350888431072235107e-01,0.000000000000000000e+00
4.112000000000000000e+04,4.654932618141174316e-01,5.975609756097560732e-01,4.258719980716705322e-01,0.000000000000000000e+00
4.113000000000000000e+04,4.632005393505096436e-01,6.097560975609755962e-01,4.180066883563995361e-01,0.000000000000000000e+00
4.114000000000000000e+04,4.464625716209411621e-01,5.975609756097560732e-01,3.801370561122894287e-01,0.000000000000000000e+00
4.115000000000000000e+04,4.607587754726409912e-01,6.341463414634146423e-01,4.036805629730224609e-01,0.000000000000000000e+00
4.116000000000000000e+04,4.557987153530120850e-01,6.097560975609755962e-01,3.965173363685607910e-01,0.000000000000000000e+00
4.117000000000000000e+04,4.570830464363098145e-01,5.975609756097560732e-01,3.877443969249725342e-01,0.000000000000000000e+00
4.118000000000000000e+04,4.397732615470886230e-01,6.097560975609755962e-01,3.975282311439514160e-01,0.000000000000000000e+00
4.119000000000000000e+04,4.561449289321899414e-01,6.097560975609755962e-01,3.788129687309265137e-01,0.000000000000000000e+00
4.120000000000000000e+04,4.690300524234771729e-01,6.097560975609755962e-01,4.096222519874572754e-01,0.000000000000000000e+00
4.121000000000000000e+04,4.669217765331268311e-01,5.975609756097560732e-01,3.923770189285278320e-01,0.000000000000000000e+00
4.122000000000000000e+04,5.075886249542236328e-01,6.097560975609755962e-01,4.430546462535858154e-01,0.000000000000000000e+00
4.123000000000000000e+04,4.741001427173614502e-01,6.341463414634146423e-01,4.216330051422119141e-01,0.000000000000000000e+00
4.124000000000000000e+04,4.818486273288726807e-01,5.853658536585365502e-01,4.244613349437713623e-01,0.000000000000000000e+00
4.125000000000000000e+04,4.608510434627532959e-01,5.853658536585365502e-01,4.003095924854278564e-01,0.000000000000000000e+00
4.126000000000000000e+04,4.954845309257507324e-01,6.341463414634146423e-01,4.560739398002624512e-01,0.000000000000000000e+00
4.127000000000000000e+04,4.955019056797027588e-01,6.097560975609755962e-01,4.625643193721771240e-01,0.000000000000000000e+00
4.128000000000000000e+04,4.882500171661376953e-01,6.585365853658536883e-01,4.603647589683532715e-01,0.000000000000000000e+00
4.129000000000000000e+04,4.987051188945770264e-01,6.463414634146341653e-01,4.585258960723876953e-01,0.000000000000000000e+00
4.130000000000000000e+04,4.869431257247924805e-01,6.219512195121951192e-01,4.336785376071929932e-01,0.000000000000000000e+00
4.131000000000000000e+04,4.906920194625854492e-01,5.975609756097560732e-01,4.514398276805877686e-01,0.000000000000000000e+00
4.132000000000000000e+04,4.846458435058593750e-01,6.585365853658536883e-01,4.366070628166198730e-01,0.000000000000000000e+00
4.133000000000000000e+04,4.877020418643951416e-01,5.975609756097560732e-01,4.498503208160400391e-01,0.000000000000000000e+00
4.134000000000000000e+04,4.881601035594940186e-01,6.219512195121951192e-01,4.211365878582000732e-01,0.000000000000000000e+00
4.135000000000000000e+04,5.278443694114685059e-01,6.097560975609755962e-01,5.037901997566223145e-01,0.000000000000000000e+00
4.136000000000000000e+04,5.433637499809265137e-01,5.975609756097560732e-01,5.275013446807861328e-01,0.000000000000000000e+00
4.137000000000000000e+04,5.183333754539489746e-01,6.341463414634146423e-01,5.100830197334289551e-01,0.000000000000000000e+00
4.138000000000000000e+04,4.867071211338043213e-01,5.975609756097560732e-01,4.695348441600799561e-01,0.000000000000000000e+00
4.139000000000000000e+04,4.845922589302062988e-01,5.853658536585365502e-01,4.776801168918609619e-01,0.000000000000000000e+00
4.140000000000000000e+04,5.193989276885986328e-01,5.731707317073170271e-01,4.959767758846282959e-01,0.000000000000000000e+00
4.141000000000000000e+04,4.919730424880981445e-01,5.731707317073170271e-01,4.739232063293457031e-01,0.000000000000000000e+00
4.142000000000000000e+04,4.847483634948730469e-01,6.219512195121951192e-01,4.538974463939666748e-01,0.000000000000000000e+00
4.143000000000000000e+04,4.751423597335815430e-01,5.853658536585365502e-01,4.829734563827514648e-01,0.000000000000000000e+00
4.144000000000000000e+04,4.881559312343597412e-01,5.731707317073170271e-01,4.895840585231781006e-01,0.000000000000000000e+00
4.145000000000000000e+04,4.696781039237976074e-01,5.853658536585365502e-01,4.519774019718170166e-01,0.000000000000000000e+00
4.146000000000000000e+04,4.857341051101684570e-01,5.975609756097560732e-01,4.719802439212799072e-01,0.000000000000000000e+00
4.147000000000000000e+04,4.707304835319519043e-01,5.365853658536585691e-01,4.346710741519927979e-01,0.000000000000000000e+00
4.148000000000000000e+04,4.811940193176269531e-01,6.219512195121951192e-01,4.569290280342102051e-01,0.000000000000000000e+00
4.149000000000000000e+04,4.861333072185516357e-01,6.097560975609755962e-01,4.598925709724426270e-01,0.000000000000000000e+00
4.150000000000000000e+04,4.843237698078155518e-01,6.219512195121951192e-01,4.444525241851806641e-01,0.000000000000000000e+00
4.151000000000000000e+04,4.984807372093200684e-01,5.975609756097560732e-01,4.852299094200134277e-01,0.000000000000000000e+00
4.152000000000000000e+04,4.582988321781158447e-01,5.975609756097560732e-01,4.204796254634857178e-01,0.000000000000000000e+00
4.153000000000000000e+04,4.672862589359283447e-01,6.219512195121951192e-01,4.309827387332916260e-01,0.000000000000000000e+00
4.154000000000000000e+04,4.673842787742614746e-01,6.097560975609755962e-01,4.333332777023315430e-01,0.000000000000000000e+00
4.155000000000000000e+04,4.857959449291229248e-01,6.463414634146341653e-01,4.801345169544219971e-01,0.000000000000000000e+00
4.156000000000000000e+04,4.860613942146301270e-01,6.219512195121951192e-01,4.692023992538452148e-01,0.000000000000000000e+00
4.157000000000000000e+04,4.822877943515777588e-01,5.853658536585365502e-01,4.542483091354370117e-01,0.000000000000000000e+00
4.158000000000000000e+04,4.635913372039794922e-01,5.853658536585365502e-01,4.352872967720031738e-01,0.000000000000000000e+00
4.159000000000000000e+04,4.577968418598175049e-01,6.219512195121951192e-01,4.132327139377593994e-01,0.000000000000000000e+00
4.160000000000000000e+04,4.524928927421569824e-01,5.731707317073170271e-01,4.012610912322998047e-01,0.000000000000000000e+00
4.161000000000000000e+04,4.740166068077087402e-01,5.853658536585365502e-01,4.318030476570129395e-01,0.000000000000000000e+00
4.162000000000000000e+04,4.628992974758148193e-01,5.853658536585365502e-01,3.996022641658782959e-01,0.000000000000000000e+00
4.163000000000000000e+04,4.654320776462554932e-01,5.731707317073170271e-01,4.121066927909851074e-01,0.000000000000000000e+00
4.164000000000000000e+04,4.480676651000976562e-01,5.609756097560976151e-01,3.841832876205444336e-01,0.000000000000000000e+00
4.165000000000000000e+04,4.558989405632019043e-01,5.731707317073170271e-01,3.764183223247528076e-01,0.000000000000000000e+00
4.166000000000000000e+04,4.821289181709289551e-01,5.731707317073170271e-01,4.207825064659118652e-01,0.000000000000000000e+00
4.167000000000000000e+04,4.596642553806304932e-01,5.975609756097560732e-01,4.082185924053192139e-01,0.000000000000000000e+00
4.168000000000000000e+04,4.560024738311767578e-01,6.097560975609755962e-01,3.986414074897766113e-01,0.000000000000000000e+00
4.169000000000000000e+04,4.680191278457641602e-01,6.463414634146341653e-01,4.033016264438629150e-01,0.000000000000000000e+00
4.170000000000000000e+04,4.630182087421417236e-01,5.853658536585365502e-01,3.997533917427062988e-01,0.000000000000000000e+00
4.171000000000000000e+04,4.490554928779602051e-01,5.975609756097560732e-01,3.672315180301666260e-01,0.000000000000000000e+00
4.172000000000000000e+04,4.613713324069976807e-01,5.975609756097560732e-01,4.283868670463562012e-01,0.000000000000000000e+00
4.173000000000000000e+04,4.601852893829345703e-01,5.853658536585365502e-01,4.022698700428009033e-01,0.000000000000000000e+00
4.174000000000000000e+04,4.550986886024475098e-01,6.097560975609755962e-01,3.803545832633972168e-01,0.000000000000000000e+00
4.175000000000000000e+04,4.848426878452301025e-01,6.097560975609755962e-01,4.172067940235137939e-01,0.000000000000000000e+00
4.176000000000000000e+04,4.712864160537719727e-01,5.609756097560976151e-01,4.019270539283752441e-01,0.000000000000000000e+00
4.177000000000000000e+04,4.471563696861267090e-01,5.975609756097560732e-01,3.714449703693389893e-01,0.000000000000000000e+00
4.178000000000000000e+04,4.528819024562835693e-01,6.219512195121951192e-01,3.634204864501953125e-01,0.000000000000000000e+00
4.179000000000000000e+04,4.304529726505279541e-01,6.219512195121951192e-01,3.450917601585388184e-01,0.000000000000000000e+00
4.180000000000000000e+04,4.493661522865295410e-01,5.853658536585365502e-01,3.727101981639862061e-01,0.000000000000000000e+00
4.181000000000000000e+04,4.365226328372955322e-01,6.097560975609755962e-01,3.416649401187896729e-01,0.000000000000000000e+00
4.182000000000000000e+04,4.286107122898101807e-01,5.975609756097560732e-01,3.538000285625457764e-01,0.000000000000000000e+00
4.183000000000000000e+04,4.332947432994842529e-01,5.731707317073170271e-01,3.645825684070587158e-01,0.000000000000000000e+00
4.184000000000000000e+04,4.656703174114227295e-01,5.731707317073170271e-01,4.152069687843322754e-01,0.000000000000000000e+00
4.185000000000000000e+04,4.380077421665191650e-01,5.487804878048780921e-01,3.826313912868499756e-01,0.000000000000000000e+00
4.186000000000000000e+04,4.380499422550201416e-01,6.097560975609755962e-01,3.859547078609466553e-01,0.000000000000000000e+00
4.187000000000000000e+04,4.532212316989898682e-01,5.609756097560976151e-01,4.087684452533721924e-01,0.000000000000000000e+00
4.188000000000000000e+04,4.367002844810485840e-01,6.097560975609755962e-01,3.792201578617095947e-01,0.000000000000000000e+00
4.189000000000000000e+04,4.628868997097015381e-01,5.853658536585365502e-01,4.509119093418121338e-01,0.000000000000000000e+00
4.190000000000000000e+04,4.455075562000274658e-01,5.609756097560976151e-01,4.010331332683563232e-01,0.000000000000000000e+00
4.191000000000000000e+04,4.540455639362335205e-01,5.975609756097560732e-01,4.158388376235961914e-01,0.000000000000000000e+00
4.192000000000000000e+04,4.636524319648742676e-01,6.097560975609755962e-01,4.376864135265350342e-01,0.000000000000000000e+00
4.193000000000000000e+04,4.510879516601562500e-01,5.853658536585365502e-01,4.250785410404205322e-01,0.000000000000000000e+00
4.194000000000000000e+04,4.517986178398132324e-01,5.853658536585365502e-01,4.206839203834533691e-01,0.000000000000000000e+00
4.195000000000000000e+04,4.415681958198547363e-01,5.731707317073170271e-01,4.169053435325622559e-01,0.000000000000000000e+00
4.196000000000000000e+04,4.561831653118133545e-01,6.097560975609755962e-01,4.421298801898956299e-01,0.000000000000000000e+00
4.197000000000000000e+04,4.655545949935913086e-01,6.219512195121951192e-01,4.631488323211669922e-01,0.000000000000000000e+00
4.198000000000000000e+04,4.485412836074829102e-01,6.097560975609755962e-01,4.515433609485626221e-01,0.000000000000000000e+00
4.199000000000000000e+04,4.683539271354675293e-01,6.097560975609755962e-01,4.752432405948638916e-01,0.000000000000000000e+00
4.200000000000000000e+04,4.839152693748474121e-01,5.731707317073170271e-01,4.771651029586791992e-01,0.000000000000000000e+00
4.201000000000000000e+04,4.573370218276977539e-01,5.853658536585365502e-01,4.691140949726104736e-01,0.000000000000000000e+00
4.202000000000000000e+04,4.682857990264892578e-01,6.219512195121951192e-01,4.433948993682861328e-01,0.000000000000000000e+00
4.203000000000000000e+04,4.513559937477111816e-01,6.097560975609755962e-01,4.336258172988891602e-01,0.000000000000000000e+00
4.204000000000000000e+04,4.353019893169403076e-01,6.341463414634146423e-01,4.047786891460418701e-01,0.000000000000000000e+00
4.205000000000000000e+04,4.331268370151519775e-01,6.097560975609755962e-01,3.817766308784484863e-01,0.000000000000000000e+00
4.206000000000000000e+04,4.308473765850067139e-01,5.975609756097560732e-01,4.188008308410644531e-01,0.000000000000000000e+00
4.207000000000000000e+04,4.354816377162933350e-01,6.219512195121951192e-01,4.233489334583282471e-01,0.000000000000000000e+00
4.208000000000000000e+04,4.577085971832275391e-01,6.097560975609755962e-01,4.393761157989501953e-01,0.000000000000000000e+00
4.209000000000000000e+04,4.719521403312683105e-01,5.853658536585365502e-01,4.469003975391387939e-01,0.000000000000000000e+00
4.210000000000000000e+04,4.555197954177856445e-01,6.097560975609755962e-01,4.497166275978088379e-01,0.000000000000000000e+00
4.211000000000000000e+04,4.761117696762084961e-01,6.097560975609755962e-01,4.672251641750335693e-01,0.000000000000000000e+00
4.212000000000000000e+04,4.797350168228149414e-01,6.219512195121951192e-01,4.566753804683685303e-01,0.000000000000000000e+00
4.213000000000000000e+04,4.655751585960388184e-01,6.097560975609755962e-01,4.401654303073883057e-01,0.000000000000000000e+00
4.214000000000000000e+04,4.908889830112457275e-01,5.853658536585365502e-01,4.637441635131835938e-01,0.000000000000000000e+00
4.215000000000000000e+04,4.935769736766815186e-01,6.097560975609755962e-01,4.681302011013031006e-01,0.000000000000000000e+00
4.216000000000000000e+04,4.761312901973724365e-01,5.853658536585365502e-01,4.537561833858489990e-01,0.000000000000000000e+00
4.217000000000000000e+04,4.812406897544860840e-01,5.609756097560976151e-01,4.411617815494537354e-01,0.000000000000000000e+00
4.218000000000000000e+04,4.881236851215362549e-01,6.097560975609755962e-01,4.634360373020172119e-01,0.000000000000000000e+00
4.219000000000000000e+04,4.663007557392120361e-01,6.097560975609755962e-01,4.470225274562835693e-01,0.000000000000000000e+00
4.220000000000000000e+04,4.758069217205047607e-01,5.853658536585365502e-01,4.492922425270080566e-01,0.000000000000000000e+00
4.221000000000000000e+04,4.709689915180206299e-01,5.853658536585365502e-01,4.551025927066802979e-01,0.000000000000000000e+00
4.222000000000000000e+04,4.675433635711669922e-01,6.219512195121951192e-01,4.322322607040405273e-01,0.000000000000000000e+00
4.223000000000000000e+04,4.576736986637115479e-01,5.853658536585365502e-01,4.240162372589111328e-01,0.000000000000000000e+00
4.224000000000000000e+04,4.440205991268157959e-01,6.219512195121951192e-01,4.103237390518188477e-01,0.000000000000000000e+00
4.225000000000000000e+04,4.455865621566772461e-01,6.097560975609755962e-01,4.014989137649536133e-01,0.000000000000000000e+00
4.226000000000000000e+04,4.625369310379028320e-01,6.097560975609755962e-01,4.423386454582214355e-01,0.000000000000000000e+00
4.227000000000000000e+04,4.548531472682952881e-01,5.975609756097560732e-01,4.556219577789306641e-01,0.000000000000000000e+00
4.228000000000000000e+04,4.507793486118316650e-01,5.975609756097560732e-01,4.295070171356201172e-01,0.000000000000000000e+00
4.229000000000000000e+04,4.513433873653411865e-01,6.463414634146341653e-01,4.342510998249053955e-01,0.000000000000000000e+00
4.230000000000000000e+04,4.611554145812988281e-01,6.219512195121951192e-01,4.547696113586425781e-01,0.000000000000000000e+00
4.231000000000000000e+04,4.539934098720550537e-01,5.975609756097560732e-01,4.459542334079742432e-01,0.000000000000000000e+00
4.232000000000000000e+04,4.626952707767486572e-01,6.219512195121951192e-01,4.403349459171295166e-01,0.000000000000000000e+00
4.233000000000000000e+04,4.561510384082794189e-01,6.341463414634146423e-01,4.406110942363739014e-01,0.000000000000000000e+00
4.234000000000000000e+04,4.246021211147308350e-01,6.341463414634146423e-01,3.835968375205993652e-01,0.000000000000000000e+00
4.235000000000000000e+04,4.464443624019622803e-01,6.097560975609755962e-01,3.849796354770660400e-01,0.000000000000000000e+00
4.236000000000000000e+04,4.459702968597412109e-01,6.097560975609755962e-01,4.204597473144531250e-01,0.000000000000000000e+00
4.237000000000000000e+04,4.289587140083312988e-01,6.585365853658536883e-01,3.983678817749023438e-01,0.000000000000000000e+00
4.238000000000000000e+04,4.702098071575164795e-01,6.463414634146341653e-01,4.327054619789123535e-01,0.000000000000000000e+00
4.239000000000000000e+04,4.721504449844360352e-01,6.585365853658536883e-01,4.570289552211761475e-01,0.000000000000000000e+00
4.240000000000000000e+04,4.532791972160339355e-01,6.463414634146341653e-01,4.166502356529235840e-01,0.000000000000000000e+00
4.241000000000000000e+04,4.573128819465637207e-01,6.463414634146341653e-01,4.130866229534149170e-01,0.000000000000000000e+00
4.242000000000000000e+04,4.292698204517364502e-01,6.341463414634146423e-01,3.583306670188903809e-01,0.000000000000000000e+00
4.243000000000000000e+04,4.742758870124816895e-01,6.097560975609755962e-01,4.370651543140411377e-01,0.000000000000000000e+00
4.244000000000000000e+04,4.590657651424407959e-01,6.585365853658536883e-01,3.993594944477081299e-01,0.000000000000000000e+00
4.245000000000000000e+04,4.629385173320770264e-01,6.585365853658536883e-01,4.304933249950408936e-01,0.000000000000000000e+00
4.246000000000000000e+04,4.734915196895599365e-01,6.585365853658536883e-01,4.527344703674316406e-01,0.000000000000000000e+00
4.247000000000000000e+04,4.596846997737884521e-01,6.585365853658536883e-01,4.399223029613494873e-01,0.000000000000000000e+00
4.248000000000000000e+04,4.706678390502929688e-01,6.341463414634146423e-01,4.466571509838104248e-01,0.000000000000000000e+00
4.249000000000000000e+04,4.562167525291442871e-01,6.585365853658536883e-01,4.080029428005218506e-01,0.000000000000000000e+00
4.250000000000000000e+04,4.393315017223358154e-01,6.463414634146341653e-01,3.893335461616516113e-01,0.000000000000000000e+00
4.251000000000000000e+04,4.460644125938415527e-01,6.219512195121951192e-01,4.101947247982025146e-01,0.000000000000000000e+00
4.252000000000000000e+04,4.804249107837677002e-01,6.219512195121951192e-01,4.397825598716735840e-01,0.000000000000000000e+00
4.253000000000000000e+04,4.549426436424255371e-01,6.097560975609755962e-01,4.035309851169586182e-01,0.000000000000000000e+00
4.254000000000000000e+04,4.547821283340454102e-01,6.463414634146341653e-01,4.204429388046264648e-01,0.000000000000000000e+00
4.255000000000000000e+04,4.588118195533752441e-01,6.219512195121951192e-01,4.228746294975280762e-01,0.000000000000000000e+00
4.256000000000000000e+04,4.650342762470245361e-01,5.975609756097560732e-01,4.492927193641662598e-01,0.000000000000000000e+00
4.257000000000000000e+04,4.403185844421386719e-01,6.585365853658536883e-01,4.097614288330078125e-01,0.000000000000000000e+00
4.258000000000000000e+04,4.434734284877777100e-01,6.585365853658536883e-01,3.939372897148132324e-01,0.000000000000000000e+00
4.259000000000000000e+04,4.366730749607086182e-01,6.707317073170732113e-01,3.917961120605468750e-01,0.000000000000000000e+00
4.260000000000000000e+04,4.508954584598541260e-01,6.585365853658536883e-01,4.083251655101776123e-01,0.000000000000000000e+00
4.261000000000000000e+04,4.509060680866241455e-01,6.707317073170732113e-01,4.117263257503509521e-01,0.000000000000000000e+00
4.262000000000000000e+04,4.460107088088989258e-01,6.463414634146341653e-01,4.188332855701446533e-01,0.000000000000000000e+00
4.263000000000000000e+04,4.678994715213775635e-01,6.585365853658536883e-01,4.296042025089263916e-01,0.000000000000000000e+00
4.264000000000000000e+04,4.593638777732849121e-01,6.463414634146341653e-01,4.350252449512481689e-01,0.000000000000000000e+00
4.265000000000000000e+04,4.334686398506164551e-01,6.585365853658536883e-01,3.930966556072235107e-01,0.000000000000000000e+00
4.266000000000000000e+04,4.662585258483886719e-01,6.707317073170732113e-01,4.383777379989624023e-01,0.000000000000000000e+00
4.267000000000000000e+04,4.656478166580200195e-01,6.585365853658536883e-01,4.431092739105224609e-01,0.000000000000000000e+00
4.268000000000000000e+04,4.531146287918090820e-01,6.463414634146341653e-01,4.175138473510742188e-01,0.000000000000000000e+00
4.269000000000000000e+04,4.646538794040679932e-01,6.707317073170732113e-01,4.287759363651275635e-01,0.000000000000000000e+00
4.270000000000000000e+04,4.621500670909881592e-01,6.585365853658536883e-01,4.162160456180572510e-01,0.000000000000000000e+00
4.271000000000000000e+04,4.750595092773437500e-01,6.463414634146341653e-01,4.246011376380920410e-01,0.000000000000000000e+00
4.272000000000000000e+04,4.626450538635253906e-01,6.585365853658536883e-01,4.274702668190002441e-01,0.000000000000000000e+00
4.273000000000000000e+04,4.678072035312652588e-01,6.951219512195121464e-01,4.182736873626708984e-01,0.000000000000000000e+00
4.274000000000000000e+04,4.671007096767425537e-01,6.707317073170732113e-01,4.288810789585113525e-01,0.000000000000000000e+00
4.275000000000000000e+04,4.918509721755981445e-01,6.463414634146341653e-01,4.689298272132873535e-01,0.000000000000000000e+00
4.276000000000000000e+04,4.706783294677734375e-01,5.975609756097560732e-01,4.496648609638214111e-01,0.000000000000000000e+00
4.277000000000000000e+04,4.877962172031402588e-01,6.341463414634146423e-01,4.828098714351654053e-01,0.000000000000000000e+00
4.278000000000000000e+04,4.873784482479095459e-01,6.463414634146341653e-01,4.847094714641571045e-01,0.000000000000000000e+00
4.279000000000000000e+04,4.815287292003631592e-01,6.585365853658536883e-01,4.594798684120178223e-01,0.000000000000000000e+00
4.280000000000000000e+04,4.762144684791564941e-01,6.829268292682927344e-01,4.708704650402069092e-01,0.000000000000000000e+00
4.281000000000000000e+04,4.796602725982666016e-01,6.463414634146341653e-01,4.531373977661132812e-01,0.000000000000000000e+00
4.282000000000000000e+04,4.995677173137664795e-01,6.951219512195121464e-01,4.667422473430633545e-01,0.000000000000000000e+00
4.283000000000000000e+04,4.809805750846862793e-01,6.463414634146341653e-01,4.531332552433013916e-01,0.000000000000000000e+00
4.284000000000000000e+04,5.033820867538452148e-01,6.463414634146341653e-01,4.964689910411834717e-01,0.000000000000000000e+00
4.285000000000000000e+04,4.787390828132629395e-01,6.707317073170732113e-01,4.684313535690307617e-01,0.000000000000000000e+00
4.286000000000000000e+04,4.788812994956970215e-01,6.585365853658536883e-01,4.503543972969055176e-01,0.000000000000000000e+00
4.287000000000000000e+04,4.766709506511688232e-01,6.341463414634146423e-01,4.606701433658599854e-01,0.000000000000000000e+00
4.288000000000000000e+04,4.577738344669342041e-01,6.585365853658536883e-01,4.349226057529449463e-01,0.000000000000000000e+00
4.289000000000000000e+04,4.694978296756744385e-01,6.463414634146341653e-01,4.573865234851837158e-01,0.000000000000000000e+00
4.290000000000000000e+04,4.825476706027984619e-01,6.829268292682927344e-01,4.591193497180938721e-01,0.000000000000000000e+00
4.291000000000000000e+04,4.638590812683105469e-01,6.585365853658536883e-01,4.181655049324035645e-01,0.000000000000000000e+00
4.292000000000000000e+04,4.626077711582183838e-01,6.707317073170732113e-01,3.981144726276397705e-01,0.000000000000000000e+00
4.293000000000000000e+04,4.850108921527862549e-01,6.219512195121951192e-01,4.678188562393188477e-01,0.000000000000000000e+00
4.294000000000000000e+04,5.096349716186523438e-01,6.463414634146341653e-01,4.948025643825531006e-01,0.000000000000000000e+00
4.295000000000000000e+04,4.755906164646148682e-01,6.341463414634146423e-01,4.778966605663299561e-01,0.000000000000000000e+00
4.296000000000000000e+04,5.068705081939697266e-01,6.829268292682927344e-01,5.060427784919738770e-01,0.000000000000000000e+00
4.297000000000000000e+04,4.817861914634704590e-01,6.585365853658536883e-01,4.761874675750732422e-01,0.000000000000000000e+00
4.298000000000000000e+04,4.857913851737976074e-01,6.951219512195121464e-01,4.736969769001007080e-01,0.000000000000000000e+00
4.299000000000000000e+04,4.960989654064178467e-01,6.707317073170732113e-01,4.722184538841247559e-01,0.000000000000000000e+00
4.300000000000000000e+04,5.190667510032653809e-01,6.463414634146341653e-01,5.088565945625305176e-01,0.000000000000000000e+00
4.301000000000000000e+04,4.870169758796691895e-01,6.463414634146341653e-01,4.832137823104858398e-01,0.000000000000000000e+00
4.302000000000000000e+04,4.850761294364929199e-01,6.585365853658536883e-01,4.679197371006011963e-01,0.000000000000000000e+00
4.303000000000000000e+04,4.885605573654174805e-01,6.341463414634146423e-01,4.473714828491210938e-01,0.000000000000000000e+00
4.304000000000000000e+04,4.986546635627746582e-01,6.585365853658536883e-01,4.618555903434753418e-01,0.000000000000000000e+00
4.305000000000000000e+04,4.741468727588653564e-01,6.585365853658536883e-01,4.447426199913024902e-01,0.000000000000000000e+00
4.306000000000000000e+04,4.737149178981781006e-01,6.585365853658536883e-01,4.494959115982055664e-01,0.000000000000000000e+00
4.307000000000000000e+04,4.722443819046020508e-01,6.097560975609755962e-01,4.299623668193817139e-01,0.000000000000000000e+00
4.308000000000000000e+04,4.718355834484100342e-01,6.341463414634146423e-01,4.605911374092102051e-01,0.000000000000000000e+00
4.309000000000000000e+04,4.734017848968505859e-01,6.097560975609755962e-01,4.598111510276794434e-01,0.000000000000000000e+00
4.310000000000000000e+04,4.913801550865173340e-01,6.097560975609755962e-01,4.560942351818084717e-01,0.000000000000000000e+00
4.311000000000000000e+04,4.658512473106384277e-01,6.341463414634146423e-01,4.329884946346282959e-01,0.000000000000000000e+00
4.312000000000000000e+04,4.825523495674133301e-01,6.585365853658536883e-01,4.638790488243103027e-01,0.000000000000000000e+00
4.313000000000000000e+04,4.652115106582641602e-01,6.585365853658536883e-01,4.543927609920501709e-01,0.000000000000000000e+00
4.314000000000000000e+04,4.473217129707336426e-01,6.219512195121951192e-01,4.267041981220245361e-01,0.000000000000000000e+00
4.315000000000000000e+04,4.741855561733245850e-01,6.463414634146341653e-01,4.641226232051849365e-01,0.000000000000000000e+00
4.316000000000000000e+04,4.743314087390899658e-01,6.463414634146341653e-01,4.439913332462310791e-01,0.000000000000000000e+00
4.317000000000000000e+04,4.917704761028289795e-01,6.463414634146341653e-01,4.815494418144226074e-01,0.000000000000000000e+00
4.318000000000000000e+04,4.807179868221282959e-01,6.341463414634146423e-01,4.909691214561462402e-01,0.000000000000000000e+00
4.319000000000000000e+04,4.566962122917175293e-01,6.585365853658536883e-01,4.354449808597564697e-01,0.000000000000000000e+00
4.320000000000000000e+04,4.836682379245758057e-01,6.097560975609755962e-01,4.493041634559631348e-01,0.000000000000000000e+00
4.321000000000000000e+04,4.639576077461242676e-01,6.219512195121951192e-01,4.405904412269592285e-01,0.000000000000000000e+00
4.322000000000000000e+04,4.935552477836608887e-01,6.707317073170732113e-01,4.706382453441619873e-01,0.000000000000000000e+00
4.323000000000000000e+04,4.433831870555877686e-01,6.219512195121951192e-01,4.056451320648193359e-01,0.000000000000000000e+00
4.324000000000000000e+04,4.289686381816864014e-01,6.463414634146341653e-01,4.038419127464294434e-01,0.000000000000000000e+00
4.325000000000000000e+04,4.531891345977783203e-01,6.829268292682927344e-01,4.304928183555603027e-01,0.000000000000000000e+00
4.326000000000000000e+04,4.716189801692962646e-01,6.341463414634146423e-01,4.440727531909942627e-01,0.000000000000000000e+00
4.327000000000000000e+04,4.512040317058563232e-01,6.341463414634146423e-01,4.183538556098937988e-01,0.000000000000000000e+00
4.328000000000000000e+04,4.709429144859313965e-01,6.585365853658536883e-01,4.332706034183502197e-01,0.000000000000000000e+00
4.329000000000000000e+04,4.780647754669189453e-01,6.219512195121951192e-01,4.222541451454162598e-01,0.000000000000000000e+00
4.330000000000000000e+04,4.807488918304443359e-01,6.463414634146341653e-01,3.999921977519989014e-01,0.000000000000000000e+00
4.331000000000000000e+04,4.661061763763427734e-01,6.585365853658536883e-01,4.210783839225769043e-01,0.000000000000000000e+00
4.332000000000000000e+04,4.640605747699737549e-01,6.707317073170732113e-01,4.120492935180664062e-01,0.000000000000000000e+00
4.333000000000000000e+04,4.769119024276733398e-01,6.707317073170732113e-01,4.429447948932647705e-01,0.000000000000000000e+00
4.334000000000000000e+04,4.692847132682800293e-01,6.585365853658536883e-01,4.292142093181610107e-01,0.000000000000000000e+00
4.335000000000000000e+04,4.469191133975982666e-01,6.707317073170732113e-01,3.920167386531829834e-01,0.000000000000000000e+00
4.336000000000000000e+04,4.582643210887908936e-01,6.219512195121951192e-01,4.344789683818817139e-01,0.000000000000000000e+00
4.337000000000000000e+04,4.592150151729583740e-01,6.341463414634146423e-01,4.291222095489501953e-01,0.000000000000000000e+00
4.338000000000000000e+04,4.327182471752166748e-01,6.585365853658536883e-01,3.669046163558959961e-01,0.000000000000000000e+00
4.339000000000000000e+04,4.294647574424743652e-01,6.341463414634146423e-01,3.798279464244842529e-01,0.000000000000000000e+00
4.340000000000000000e+04,4.467132091522216797e-01,6.341463414634146423e-01,4.012018740177154541e-01,0.000000000000000000e+00
4.341000000000000000e+04,4.502877295017242432e-01,6.585365853658536883e-01,3.856569230556488037e-01,0.000000000000000000e+00
4.342000000000000000e+04,4.441843926906585693e-01,6.463414634146341653e-01,3.706749379634857178e-01,0.000000000000000000e+00
4.343000000000000000e+04,4.607430994510650635e-01,6.585365853658536883e-01,4.008665382862091064e-01,0.000000000000000000e+00
4.344000000000000000e+04,4.629242718219757080e-01,6.463414634146341653e-01,4.053589999675750732e-01,0.000000000000000000e+00
4.345000000000000000e+04,4.624152183532714844e-01,6.585365853658536883e-01,4.255293607711791992e-01,0.000000000000000000e+00
4.346000000000000000e+04,4.554821848869323730e-01,6.463414634146341653e-01,4.073294401168823242e-01,0.000000000000000000e+00
4.347000000000000000e+04,4.685001671314239502e-01,6.585365853658536883e-01,4.023813009262084961e-01,0.000000000000000000e+00
4.348000000000000000e+04,4.801775217056274414e-01,6.829268292682927344e-01,4.219040274620056152e-01,0.000000000000000000e+00
4.349000000000000000e+04,5.052838325500488281e-01,5.975609756097560732e-01,4.693601429462432861e-01,0.000000000000000000e+00
4.350000000000000000e+04,5.076016187667846680e-01,6.341463414634146423e-01,4.834834039211273193e-01,0.000000000000000000e+00
4.351000000000000000e+04,5.078772902488708496e-01,6.341463414634146423e-01,4.860455691814422607e-01,0.000000000000000000e+00
4.352000000000000000e+04,4.940753579139709473e-01,6.463414634146341653e-01,4.689039289951324463e-01,0.000000000000000000e+00
4.353000000000000000e+04,4.709788858890533447e-01,6.829268292682927344e-01,4.281490147113800049e-01,0.000000000000000000e+00
4.354000000000000000e+04,4.582339227199554443e-01,6.341463414634146423e-01,4.284738898277282715e-01,0.000000000000000000e+00
4.355000000000000000e+04,4.634597897529602051e-01,6.829268292682927344e-01,4.368231594562530518e-01,0.000000000000000000e+00
4.356000000000000000e+04,4.680784046649932861e-01,6.097560975609755962e-01,4.373478293418884277e-01,0.000000000000000000e+00
4.357000000000000000e+04,4.431181550025939941e-01,6.341463414634146423e-01,4.024135768413543701e-01,0.000000000000000000e+00
4.358000000000000000e+04,4.275202155113220215e-01,6.341463414634146423e-01,3.899983763694763184e-01,0.000000000000000000e+00
4.359000000000000000e+04,4.050433933734893799e-01,6.463414634146341653e-01,3.411972820758819580e-01,0.000000000000000000e+00
4.360000000000000000e+04,4.469936192035675049e-01,6.219512195121951192e-01,4.088927507400512695e-01,0.000000000000000000e+00
4.361000000000000000e+04,4.361949563026428223e-01,6.219512195121951192e-01,3.924195766448974609e-01,0.000000000000000000e+00
4.362000000000000000e+04,4.645515084266662598e-01,6.585365853658536883e-01,4.048321545124053955e-01,0.000000000000000000e+00
4.363000000000000000e+04,4.438900351524353027e-01,6.585365853658536883e-01,4.013155102729797363e-01,0.000000000000000000e+00
4.364000000000000000e+04,4.662312865257263184e-01,6.463414634146341653e-01,4.144705832004547119e-01,0.000000000000000000e+00
4.365000000000000000e+04,4.696352779865264893e-01,6.463414634146341653e-01,4.222320020198822021e-01,0.000000000000000000e+00
4.366000000000000000e+04,4.610863924026489258e-01,6.341463414634146423e-01,4.239122867584228516e-01,0.000000000000000000e+00
4.367000000000000000e+04,4.429403245449066162e-01,6.463414634146341653e-01,3.880051672458648682e-01,0.000000000000000000e+00
4.368000000000000000e+04,4.589880406856536865e-01,6.341463414634146423e-01,4.173431694507598877e-01,0.000000000000000000e+00
4.369000000000000000e+04,4.492144286632537842e-01,6.341463414634146423e-01,4.065548181533813477e-01,0.000000000000000000e+00
4.370000000000000000e+04,4.505775272846221924e-01,6.341463414634146423e-01,4.231343269348144531e-01,0.000000000000000000e+00
4.371000000000000000e+04,4.468511939048767090e-01,6.463414634146341653e-01,4.004377126693725586e-01,0.000000000000000000e+00
4.372000000000000000e+04,4.646656513214111328e-01,6.707317073170732113e-01,4.062058925628662109e-01,0.000000000000000000e+00
4.373000000000000000e+04,4.740993976593017578e-01,6.585365853658536883e-01,4.161021709442138672e-01,0.000000000000000000e+00
4.374000000000000000e+04,4.533223211765289307e-01,6.585365853658536883e-01,3.921781182289123535e-01,0.000000000000000000e+00
4.375000000000000000e+04,4.750784337520599365e-01,6.219512195121951192e-01,4.478960335254669189e-01,0.000000000000000000e+00
4.376000000000000000e+04,4.504660367965698242e-01,6.463414634146341653e-01,4.102022349834442139e-01,0.000000000000000000e+00
4.377000000000000000e+04,4.449794590473175049e-01,6.463414634146341653e-01,4.005509912967681885e-01,0.000000000000000000e+00
4.378000000000000000e+04,4.385423362255096436e-01,6.951219512195121464e-01,3.857665359973907471e-01,0.000000000000000000e+00
4.379000000000000000e+04,4.600292742252349854e-01,6.585365853658536883e-01,3.791269659996032715e-01,0.000000000000000000e+00
4.380000000000000000e+04,4.333255589008331299e-01,6.585365853658536883e-01,3.802232742309570312e-01,0.000000000000000000e+00
4.381000000000000000e+04,4.441983103752136230e-01,6.463414634146341653e-01,3.865671455860137939e-01,0.000000000000000000e+00
4.382000000000000000e+04,4.469000995159149170e-01,6.585365853658536883e-01,3.898732364177703857e-01,0.000000000000000000e+00
4.383000000000000000e+04,4.598760306835174561e-01,6.341463414634146423e-01,3.763209879398345947e-01,0.000000000000000000e+00
4.384000000000000000e+04,4.578702747821807861e-01,6.463414634146341653e-01,3.973020911216735840e-01,0.000000000000000000e+00
4.385000000000000000e+04,4.543339908123016357e-01,6.585365853658536883e-01,3.960847854614257812e-01,0.000000000000000000e+00
4.386000000000000000e+04,4.190457165241241455e-01,6.341463414634146423e-01,3.380566835403442383e-01,0.000000000000000000e+00
4.387000000000000000e+04,4.308196604251861572e-01,6.219512195121951192e-01,3.539727330207824707e-01,0.000000000000000000e+00
4.388000000000000000e+04,4.571518898010253906e-01,6.463414634146341653e-01,3.908576667308807373e-01,0.000000000000000000e+00
4.389000000000000000e+04,4.377993941307067871e-01,6.585365853658536883e-01,3.715369403362274170e-01,0.000000000000000000e+00
4.390000000000000000e+04,4.348651170730590820e-01,6.341463414634146423e-01,3.721096813678741455e-01,0.000000000000000000e+00
4.391000000000000000e+04,4.706309437751770020e-01,6.341463414634146423e-01,4.345856010913848877e-01,0.000000000000000000e+00
4.392000000000000000e+04,4.501640796661376953e-01,6.219512195121951192e-01,4.162895083427429199e-01,0.000000000000000000e+00
4.393000000000000000e+04,4.500816464424133301e-01,6.341463414634146423e-01,4.340096414089202881e-01,0.000000000000000000e+00
4.394000000000000000e+04,4.392062127590179443e-01,6.463414634146341653e-01,3.969312608242034912e-01,0.000000000000000000e+00
4.395000000000000000e+04,4.359943866729736328e-01,5.853658536585365502e-01,3.918948769569396973e-01,0.000000000000000000e+00
4.396000000000000000e+04,4.158021211624145508e-01,5.975609756097560732e-01,3.499552309513092041e-01,0.000000000000000000e+00
4.397000000000000000e+04,4.388403594493865967e-01,6.341463414634146423e-01,3.959228098392486572e-01,0.000000000000000000e+00
4.398000000000000000e+04,4.505992233753204346e-01,6.341463414634146423e-01,3.907800614833831787e-01,0.000000000000000000e+00
4.399000000000000000e+04,4.557052552700042725e-01,6.829268292682927344e-01,4.015408158302307129e-01,0.000000000000000000e+00
4.400000000000000000e+04,4.444490671157836914e-01,6.219512195121951192e-01,4.000566601753234863e-01,0.000000000000000000e+00
4.401000000000000000e+04,4.396975338459014893e-01,6.707317073170732113e-01,3.854321539402008057e-01,0.000000000000000000e+00
4.402000000000000000e+04,4.730834364891052246e-01,6.463414634146341653e-01,4.268097877502441406e-01,0.000000000000000000e+00
4.403000000000000000e+04,4.317330718040466309e-01,6.341463414634146423e-01,3.710245192050933838e-01,0.000000000000000000e+00
4.404000000000000000e+04,4.492858052253723145e-01,6.219512195121951192e-01,4.272112250328063965e-01,0.000000000000000000e+00
4.405000000000000000e+04,4.343884885311126709e-01,6.219512195121951192e-01,3.897816240787506104e-01,0.000000000000000000e+00
4.406000000000000000e+04,4.677698612213134766e-01,6.341463414634146423e-01,4.306259453296661377e-01,0.000000000000000000e+00
4.407000000000000000e+04,4.486117959022521973e-01,6.097560975609755962e-01,4.021510779857635498e-01,0.000000000000000000e+00
4.408000000000000000e+04,4.402408003807067871e-01,5.975609756097560732e-01,3.811624050140380859e-01,0.000000000000000000e+00
4.409000000000000000e+04,4.608953595161437988e-01,6.097560975609755962e-01,4.193417429924011230e-01,0.000000000000000000e+00
4.410000000000000000e+04,4.608115255832672119e-01,5.975609756097560732e-01,4.291107356548309326e-01,0.000000000000000000e+00
4.411000000000000000e+04,4.621275365352630615e-01,6.219512195121951192e-01,4.308177232742309570e-01,0.000000000000000000e+00
4.412000000000000000e+04,4.500149488449096680e-01,6.097560975609755962e-01,4.173240065574645996e-01,0.000000000000000000e+00
4.413000000000000000e+04,4.622008800506591797e-01,5.731707317073170271e-01,4.477073848247528076e-01,0.000000000000000000e+00
4.414000000000000000e+04,4.362893700599670410e-01,6.341463414634146423e-01,4.083955287933349609e-01,0.000000000000000000e+00
4.415000000000000000e+04,4.608088433742523193e-01,6.219512195121951192e-01,4.537835121154785156e-01,0.000000000000000000e+00
4.416000000000000000e+04,4.407518506050109863e-01,6.097560975609755962e-01,4.415765702724456787e-01,0.000000000000000000e+00
4.417000000000000000e+04,4.275843799114227295e-01,6.341463414634146423e-01,4.348029494285583496e-01,0.000000000000000000e+00
4.418000000000000000e+04,4.466317892074584961e-01,6.341463414634146423e-01,4.365551173686981201e-01,0.000000000000000000e+00
4.419000000000000000e+04,4.418151378631591797e-01,6.219512195121951192e-01,4.086600840091705322e-01,0.000000000000000000e+00
4.420000000000000000e+04,4.580519795417785645e-01,6.097560975609755962e-01,4.339627623558044434e-01,0.000000000000000000e+00
4.421000000000000000e+04,4.271803796291351318e-01,6.219512195121951192e-01,3.831222355365753174e-01,0.000000000000000000e+00
4.422000000000000000e+04,4.374861121177673340e-01,6.463414634146341653e-01,3.889632523059844971e-01,0.000000000000000000e+00
4.423000000000000000e+04,4.403838217258453369e-01,6.341463414634146423e-01,3.981698155403137207e-01,0.000000000000000000e+00
4.424000000000000000e+04,4.372924268245697021e-01,6.341463414634146423e-01,3.914572000503540039e-01,0.000000000000000000e+00
4.425000000000000000e+04,4.254033863544464111e-01,5.853658536585365502e-01,3.844100236892700195e-01,0.000000000000000000e+00
4.426000000000000000e+04,4.227302074432373047e-01,5.975609756097560732e-01,4.069662690162658691e-01,0.000000000000000000e+00
4.427000000000000000e+04,4.148364961147308350e-01,6.341463414634146423e-01,3.916833996772766113e-01,0.000000000000000000e+00
4.428000000000000000e+04,4.605880677700042725e-01,6.097560975609755962e-01,4.347487390041351318e-01,0.000000000000000000e+00
4.429000000000000000e+04,4.107887446880340576e-01,6.463414634146341653e-01,3.823153674602508545e-01,0.000000000000000000e+00
4.430000000000000000e+04,4.335315525531768799e-01,6.463414634146341653e-01,3.952729701995849609e-01,0.000000000000000000e+00
4.431000000000000000e+04,4.344181716442108154e-01,6.341463414634146423e-01,4.126411676406860352e-01,0.000000000000000000e+00
4.432000000000000000e+04,4.525836110115051270e-01,6.463414634146341653e-01,4.216676056385040283e-01,0.000000000000000000e+00
4.433000000000000000e+04,4.633841514587402344e-01,6.341463414634146423e-01,4.363599419593811035e-01,0.000000000000000000e+00
4.434000000000000000e+04,4.370563924312591553e-01,6.585365853658536883e-01,4.023091197013854980e-01,0.000000000000000000e+00
4.435000000000000000e+04,4.450021386146545410e-01,6.341463414634146423e-01,4.094963073730468750e-01,0.000000000000000000e+00
4.436000000000000000e+04,4.513701498508453369e-01,6.219512195121951192e-01,4.143916964530944824e-01,0.000000000000000000e+00
4.437000000000000000e+04,4.250886142253875732e-01,6.219512195121951192e-01,3.769509494304656982e-01,0.000000000000000000e+00
4.438000000000000000e+04,4.118885397911071777e-01,5.975609756097560732e-01,3.746166229248046875e-01,0.000000000000000000e+00
4.439000000000000000e+04,4.195572435855865479e-01,6.463414634146341653e-01,3.654456138610839844e-01,0.000000000000000000e+00
4.440000000000000000e+04,4.066863358020782471e-01,6.097560975609755962e-01,3.500372171401977539e-01,0.000000000000000000e+00
4.441000000000000000e+04,3.855068683624267578e-01,6.097560975609755962e-01,3.410865962505340576e-01,0.000000000000000000e+00
4.442000000000000000e+04,3.883539140224456787e-01,6.219512195121951192e-01,3.447723686695098877e-01,0.000000000000000000e+00
4.443000000000000000e+04,4.059232473373413086e-01,6.219512195121951192e-01,3.839941918849945068e-01,0.000000000000000000e+00
4.444000000000000000e+04,4.159408211708068848e-01,6.219512195121951192e-01,3.838227987289428711e-01,0.000000000000000000e+00
4.445000000000000000e+04,4.092769622802734375e-01,6.219512195121951192e-01,3.963063359260559082e-01,0.000000000000000000e+00
4.446000000000000000e+04,4.405779540538787842e-01,6.219512195121951192e-01,4.385710060596466064e-01,0.000000000000000000e+00
4.447000000000000000e+04,4.417602121829986572e-01,5.975609756097560732e-01,4.339630901813507080e-01,0.000000000000000000e+00
4.448000000000000000e+04,4.307139813899993896e-01,6.097560975609755962e-01,4.330943524837493896e-01,0.000000000000000000e+00
4.449000000000000000e+04,4.289589226245880127e-01,6.097560975609755962e-01,4.264089763164520264e-01,0.000000000000000000e+00
4.450000000000000000e+04,4.147745668888092041e-01,5.975609756097560732e-01,3.924113810062408447e-01,0.000000000000000000e+00
4.451000000000000000e+04,4.002324044704437256e-01,6.097560975609755962e-01,3.808145821094512939e-01,0.000000000000000000e+00
4.452000000000000000e+04,4.147495031356811523e-01,6.341463414634146423e-01,3.955340981483459473e-01,0.000000000000000000e+00
4.453000000000000000e+04,4.073653817176818848e-01,6.219512195121951192e-01,3.853952586650848389e-01,0.000000000000000000e+00
4.454000000000000000e+04,4.436994791030883789e-01,6.097560975609755962e-01,4.277179837226867676e-01,0.000000000000000000e+00
4.455000000000000000e+04,4.218817353248596191e-01,6.097560975609755962e-01,3.891541957855224609e-01,0.000000000000000000e+00
4.456000000000000000e+04,3.959534764289855957e-01,6.585365853658536883e-01,3.519163131713867188e-01,0.000000000000000000e+00
4.457000000000000000e+04,4.152865409851074219e-01,6.219512195121951192e-01,3.847266733646392822e-01,0.000000000000000000e+00
4.458000000000000000e+04,4.374585449695587158e-01,6.219512195121951192e-01,3.921133279800415039e-01,0.000000000000000000e+00
4.459000000000000000e+04,4.417612850666046143e-01,6.341463414634146423e-01,3.976736664772033691e-01,0.000000000000000000e+00
4.460000000000000000e+04,4.551996290683746338e-01,6.097560975609755962e-01,3.993740975856781006e-01,0.000000000000000000e+00
4.461000000000000000e+04,4.308477938175201416e-01,6.341463414634146423e-01,3.906399309635162354e-01,0.000000000000000000e+00
4.462000000000000000e+04,4.494353830814361572e-01,6.463414634146341653e-01,4.086509048938751221e-01,0.000000000000000000e+00
4.463000000000000000e+04,4.167082011699676514e-01,6.463414634146341653e-01,3.709819912910461426e-01,0.000000000000000000e+00
4.464000000000000000e+04,4.485837817192077637e-01,6.219512195121951192e-01,4.147300720214843750e-01,0.000000000000000000e+00
4.465000000000000000e+04,4.213625788688659668e-01,6.585365853658536883e-01,3.947064578533172607e-01,0.000000000000000000e+00
4.466000000000000000e+04,4.215029478073120117e-01,6.463414634146341653e-01,3.867805004119873047e-01,0.000000000000000000e+00
4.467000000000000000e+04,4.324099719524383545e-01,6.463414634146341653e-01,4.010579288005828857e-01,0.000000000000000000e+00
4.468000000000000000e+04,4.458868801593780518e-01,6.341463414634146423e-01,4.152778685092926025e-01,0.000000000000000000e+00
4.469000000000000000e+04,4.373416006565093994e-01,6.463414634146341653e-01,4.042122662067413330e-01,0.000000000000000000e+00
4.470000000000000000e+04,4.156346321105957031e-01,6.585365853658536883e-01,3.678667843341827393e-01,0.000000000000000000e+00
4.471000000000000000e+04,4.178661406040191650e-01,6.585365853658536883e-01,4.003473222255706787e-01,0.000000000000000000e+00
4.472000000000000000e+04,4.151125550270080566e-01,6.463414634146341653e-01,3.914923369884490967e-01,0.000000000000000000e+00
4.473000000000000000e+04,3.882658481597900391e-01,6.585365853658536883e-01,3.472940027713775635e-01,0.000000000000000000e+00
4.474000000000000000e+04,3.979661762714385986e-01,6.219512195121951192e-01,3.574462532997131348e-01,0.000000000000000000e+00
4.475000000000000000e+04,4.166693091392517090e-01,6.463414634146341653e-01,3.842025101184844971e-01,0.000000000000000000e+00
4.476000000000000000e+04,4.024770855903625488e-01,6.585365853658536883e-01,3.720274269580841064e-01,0.000000000000000000e+00
4.477000000000000000e+04,4.132879674434661865e-01,6.585365853658536883e-01,3.913222253322601318e-01,0.000000000000000000e+00
4.478000000000000000e+04,4.124116301536560059e-01,6.951219512195121464e-01,3.636639714241027832e-01,0.000000000000000000e+00
4.479000000000000000e+04,4.031555652618408203e-01,6.463414634146341653e-01,3.521478474140167236e-01,0.000000000000000000e+00
4.480000000000000000e+04,4.108094573020935059e-01,6.707317073170732113e-01,3.768544793128967285e-01,0.000000000000000000e+00
4.481000000000000000e+04,3.797688782215118408e-01,6.707317073170732113e-01,3.248647451400756836e-01,0.000000000000000000e+00
4.482000000000000000e+04,3.885862827301025391e-01,6.829268292682927344e-01,3.228812515735626221e-01,0.000000000000000000e+00
4.483000000000000000e+04,4.008572101593017578e-01,6.219512195121951192e-01,3.643203079700469971e-01,0.000000000000000000e+00
4.484000000000000000e+04,4.160140454769134521e-01,5.853658536585365502e-01,3.582013845443725586e-01,0.000000000000000000e+00
4.485000000000000000e+04,4.000742733478546143e-01,6.463414634146341653e-01,3.311965763568878174e-01,0.000000000000000000e+00
4.486000000000000000e+04,4.047566354274749756e-01,6.219512195121951192e-01,3.416005074977874756e-01,0.000000000000000000e+00
4.487000000000000000e+04,4.278583824634552002e-01,5.975609756097560732e-01,3.992081582546234131e-01,0.000000000000000000e+00
4.488000000000000000e+04,4.179015159606933594e-01,6.463414634146341653e-01,3.880966603755950928e-01,0.000000000000000000e+00
4.489000000000000000e+04,4.216193258762359619e-01,6.097560975609755962e-01,4.168841242790222168e-01,0.000000000000000000e+00
4.490000000000000000e+04,4.374378025531768799e-01,6.219512195121951192e-01,4.094446003437042236e-01,0.000000000000000000e+00
4.491000000000000000e+04,4.304431974887847900e-01,6.219512195121951192e-01,4.048378467559814453e-01,0.000000000000000000e+00
4.492000000000000000e+04,4.318883121013641357e-01,6.341463414634146423e-01,4.107606410980224609e-01,0.000000000000000000e+00
4.493000000000000000e+04,4.186082482337951660e-01,6.707317073170732113e-01,3.934563696384429932e-01,0.000000000000000000e+00
4.494000000000000000e+04,4.428320527076721191e-01,6.341463414634146423e-01,4.129554629325866699e-01,0.000000000000000000e+00
4.495000000000000000e+04,4.317083954811096191e-01,6.707317073170732113e-01,4.195341169834136963e-01,0.000000000000000000e+00
4.496000000000000000e+04,4.442045390605926514e-01,6.219512195121951192e-01,4.067634344100952148e-01,0.000000000000000000e+00
4.497000000000000000e+04,4.328074455261230469e-01,6.219512195121951192e-01,3.926413059234619141e-01,0.000000000000000000e+00
4.498000000000000000e+04,4.388453662395477295e-01,6.341463414634146423e-01,3.975337147712707520e-01,0.000000000000000000e+00
4.499000000000000000e+04,4.219590425491333008e-01,6.707317073170732113e-01,3.782662451267242432e-01,0.000000000000000000e+00
4.500000000000000000e+04,4.369279742240905762e-01,6.463414634146341653e-01,4.118165671825408936e-01,0.000000000000000000e+00
4.501000000000000000e+04,4.355371296405792236e-01,6.341463414634146423e-01,4.014078974723815918e-01,0.000000000000000000e+00
4.502000000000000000e+04,4.233921170234680176e-01,6.341463414634146423e-01,3.855347633361816406e-01,0.000000000000000000e+00
4.503000000000000000e+04,4.399647414684295654e-01,6.219512195121951192e-01,4.240826964378356934e-01,0.000000000000000000e+00
4.504000000000000000e+04,4.607617557048797607e-01,6.463414634146341653e-01,4.390463531017303467e-01,0.000000000000000000e+00
4.505000000000000000e+04,4.460472464561462402e-01,6.585365853658536883e-01,4.246334433555603027e-01,0.000000000000000000e+00
4.506000000000000000e+04,4.177376925945281982e-01,6.341463414634146423e-01,3.869934082031250000e-01,0.000000000000000000e+00
4.507000000000000000e+04,4.495917558670043945e-01,6.829268292682927344e-01,4.214088320732116699e-01,0.000000000000000000e+00
4.508000000000000000e+04,4.339144527912139893e-01,6.707317073170732113e-01,3.952482640743255615e-01,0.000000000000000000e+00
4.509000000000000000e+04,4.426018297672271729e-01,6.585365853658536883e-01,3.896676301956176758e-01,0.000000000000000000e+00
4.510000000000000000e+04,4.329440295696258545e-01,6.341463414634146423e-01,4.057980775833129883e-01,0.000000000000000000e+00
4.511000000000000000e+04,4.254888594150543213e-01,6.829268292682927344e-01,3.984579443931579590e-01,0.000000000000000000e+00
4.512000000000000000e+04,4.052782356739044189e-01,6.097560975609755962e-01,3.767872452735900879e-01,0.000000000000000000e+00
4.513000000000000000e+04,4.040276408195495605e-01,6.707317073170732113e-01,3.843910694122314453e-01,0.000000000000000000e+00
4.514000000000000000e+04,4.129005968570709229e-01,6.463414634146341653e-01,3.757854700088500977e-01,0.000000000000000000e+00
4.515000000000000000e+04,3.959827721118927002e-01,6.463414634146341653e-01,3.526746034622192383e-01,0.000000000000000000e+00
4.516000000000000000e+04,3.984062373638153076e-01,6.219512195121951192e-01,3.683104217052459717e-01,0.000000000000000000e+00
4.517000000000000000e+04,4.197391569614410400e-01,6.341463414634146423e-01,3.848595619201660156e-01,0.000000000000000000e+00
4.518000000000000000e+04,4.244142770767211914e-01,6.219512195121951192e-01,3.898512125015258789e-01,0.000000000000000000e+00
4.519000000000000000e+04,4.094720482826232910e-01,6.097560975609755962e-01,3.562119901180267334e-01,0.000000000000000000e+00
4.520000000000000000e+04,4.470351934432983398e-01,6.463414634146341653e-01,4.095654785633087158e-01,0.000000000000000000e+00
4.521000000000000000e+04,4.422136545181274414e-01,6.097560975609755962e-01,4.118794500827789307e-01,0.000000000000000000e+00
4.522000000000000000e+04,4.201588928699493408e-01,6.463414634146341653e-01,3.930061757564544678e-01,0.000000000000000000e+00
4.523000000000000000e+04,4.156224131584167480e-01,6.219512195121951192e-01,4.036945998668670654e-01,0.000000000000000000e+00
4.524000000000000000e+04,4.210916161537170410e-01,6.097560975609755962e-01,4.005961120128631592e-01,0.000000000000000000e+00
4.525000000000000000e+04,4.693266749382019043e-01,6.097560975609755962e-01,4.556082487106323242e-01,0.000000000000000000e+00
4.526000000000000000e+04,4.320509731769561768e-01,6.341463414634146423e-01,4.131108224391937256e-01,0.000000000000000000e+00
4.527000000000000000e+04,4.259462058544158936e-01,6.219512195121951192e-01,3.941310346126556396e-01,0.000000000000000000e+00
4.528000000000000000e+04,4.408422708511352539e-01,6.097560975609755962e-01,4.153070747852325439e-01,0.000000000000000000e+00
4.529000000000000000e+04,4.511213004589080811e-01,6.585365853658536883e-01,4.328536093235015869e-01,0.000000000000000000e+00
4.530000000000000000e+04,4.377476572990417480e-01,6.097560975609755962e-01,4.223678410053253174e-01,0.000000000000000000e+00
4.531000000000000000e+04,4.317276775836944580e-01,5.975609756097560732e-01,4.255695044994354248e-01,0.000000000000000000e+00
4.532000000000000000e+04,4.468937814235687256e-01,5.853658536585365502e-01,4.277185797691345215e-01,0.000000000000000000e+00
4.533000000000000000e+04,4.771310687065124512e-01,5.609756097560976151e-01,4.886265099048614502e-01,0.000000000000000000e+00
4.534000000000000000e+04,4.354139864444732666e-01,5.609756097560976151e-01,4.438790380954742432e-01,0.000000000000000000e+00
4.535000000000000000e+04,4.449385106563568115e-01,5.975609756097560732e-01,4.329236745834350586e-01,0.000000000000000000e+00
4.536000000000000000e+04,4.148730039596557617e-01,6.341463414634146423e-01,3.881184458732604980e-01,0.000000000000000000e+00
4.537000000000000000e+04,4.434310793876647949e-01,6.219512195121951192e-01,4.251485466957092285e-01,0.000000000000000000e+00
4.538000000000000000e+04,4.209061264991760254e-01,6.341463414634146423e-01,3.879952728748321533e-01,0.000000000000000000e+00
4.539000000000000000e+04,4.329890310764312744e-01,5.975609756097560732e-01,4.271251261234283447e-01,0.000000000000000000e+00
4.540000000000000000e+04,4.618203938007354736e-01,6.219512195121951192e-01,4.531683623790740967e-01,0.000000000000000000e+00
4.541000000000000000e+04,4.511677920818328857e-01,6.219512195121951192e-01,4.442171752452850342e-01,0.000000000000000000e+00
4.542000000000000000e+04,4.567257165908813477e-01,6.219512195121951192e-01,4.470847845077514648e-01,0.000000000000000000e+00
4.543000000000000000e+04,4.542729556560516357e-01,6.097560975609755962e-01,4.281784296035766602e-01,0.000000000000000000e+00
4.544000000000000000e+04,4.464012384414672852e-01,6.219512195121951192e-01,4.367623329162597656e-01,0.000000000000000000e+00
4.545000000000000000e+04,4.442252218723297119e-01,6.463414634146341653e-01,4.361497759819030762e-01,0.000000000000000000e+00
4.546000000000000000e+04,4.504510462284088135e-01,6.463414634146341653e-01,4.274165630340576172e-01,0.000000000000000000e+00
4.547000000000000000e+04,4.389200806617736816e-01,5.975609756097560732e-01,4.307337701320648193e-01,0.000000000000000000e+00
4.548000000000000000e+04,4.171306490898132324e-01,6.219512195121951192e-01,3.980685472488403320e-01,0.000000000000000000e+00
4.549000000000000000e+04,4.135647714138031006e-01,6.219512195121951192e-01,3.782675564289093018e-01,0.000000000000000000e+00
4.550000000000000000e+04,4.279222190380096436e-01,5.975609756097560732e-01,4.287566840648651123e-01,0.000000000000000000e+00
4.551000000000000000e+04,4.074011743068695068e-01,6.585365853658536883e-01,3.875684440135955811e-01,0.000000000000000000e+00
4.552000000000000000e+04,4.609965980052947998e-01,6.341463414634146423e-01,4.550842940807342529e-01,0.000000000000000000e+00
4.553000000000000000e+04,4.384608566761016846e-01,6.463414634146341653e-01,4.310421347618103027e-01,0.000000000000000000e+00
4.554000000000000000e+04,4.357136785984039307e-01,6.097560975609755962e-01,4.212596118450164795e-01,0.000000000000000000e+00
4.555000000000000000e+04,4.325376152992248535e-01,5.975609756097560732e-01,4.400972723960876465e-01,0.000000000000000000e+00
4.556000000000000000e+04,4.417736828327178955e-01,6.707317073170732113e-01,4.490640163421630859e-01,0.000000000000000000e+00
4.557000000000000000e+04,4.497878849506378174e-01,6.097560975609755962e-01,4.347111284732818604e-01,0.000000000000000000e+00
4.558000000000000000e+04,4.381338655948638916e-01,6.219512195121951192e-01,3.967513144016265869e-01,0.000000000000000000e+00
4.559000000000000000e+04,4.258303642272949219e-01,6.463414634146341653e-01,4.004724919795989990e-01,0.000000000000000000e+00
4.560000000000000000e+04,4.332129955291748047e-01,5.975609756097560732e-01,4.141547381877899170e-01,0.000000000000000000e+00
4.561000000000000000e+04,4.249648749828338623e-01,6.463414634146341653e-01,3.935407698154449463e-01,0.000000000000000000e+00
4.562000000000000000e+04,4.285245537757873535e-01,6.463414634146341653e-01,4.011078476905822754e-01,0.000000000000000000e+00
4.563000000000000000e+04,4.262110590934753418e-01,6.219512195121951192e-01,3.915928602218627930e-01,0.000000000000000000e+00
4.564000000000000000e+04,4.235039353370666504e-01,6.707317073170732113e-01,4.107131958007812500e-01,0.000000000000000000e+00
4.565000000000000000e+04,4.249181747436523438e-01,6.585365853658536883e-01,4.046516418457031250e-01,0.000000000000000000e+00
4.566000000000000000e+04,4.500666260719299316e-01,6.341463414634146423e-01,4.352212846279144287e-01,0.000000000000000000e+00
4.567000000000000000e+04,4.147949814796447754e-01,6.219512195121951192e-01,4.074233472347259521e-01,0.000000000000000000e+00
4.568000000000000000e+04,4.313833713531494141e-01,6.341463414634146423e-01,4.297073781490325928e-01,0.000000000000000000e+00
4.569000000000000000e+04,4.108302295207977295e-01,6.097560975609755962e-01,3.993188142776489258e-01,0.000000000000000000e+00
4.570000000000000000e+04,4.396128654479980469e-01,6.097560975609755962e-01,4.142812192440032959e-01,0.000000000000000000e+00
4.571000000000000000e+04,4.182343184947967529e-01,6.341463414634146423e-01,3.824969232082366943e-01,0.000000000000000000e+00
4.572000000000000000e+04,4.448270201683044434e-01,5.975609756097560732e-01,4.309382438659667969e-01,0.000000000000000000e+00
4.573000000000000000e+04,4.286705553531646729e-01,6.341463414634146423e-01,4.253444671630859375e-01,0.000000000000000000e+00
4.574000000000000000e+04,4.124296903610229492e-01,6.097560975609755962e-01,3.933463692665100098e-01,0.000000000000000000e+00
4.575000000000000000e+04,4.291749000549316406e-01,5.975609756097560732e-01,4.126304388046264648e-01,0.000000000000000000e+00
4.576000000000000000e+04,4.100653529167175293e-01,6.097560975609755962e-01,3.999526798725128174e-01,0.000000000000000000e+00
4.577000000000000000e+04,4.303244054317474365e-01,6.097560975609755962e-01,4.207904636859893799e-01,0.000000000000000000e+00
4.578000000000000000e+04,4.184061884880065918e-01,6.463414634146341653e-01,3.942571282386779785e-01,0.000000000000000000e+00
4.579000000000000000e+04,4.142224788665771484e-01,5.975609756097560732e-01,3.925103247165679932e-01,0.000000000000000000e+00
4.580000000000000000e+04,4.435900151729583740e-01,6.341463414634146423e-01,4.422600865364074707e-01,0.000000000000000000e+00
4.581000000000000000e+04,4.265368282794952393e-01,6.219512195121951192e-01,3.979108035564422607e-01,0.000000000000000000e+00
4.582000000000000000e+04,4.315833747386932373e-01,6.463414634146341653e-01,4.234046339988708496e-01,0.000000000000000000e+00
4.583000000000000000e+04,4.112648665904998779e-01,6.463414634146341653e-01,4.015595018863677979e-01,0.000000000000000000e+00
4.584000000000000000e+04,4.350125193595886230e-01,6.097560975609755962e-01,4.296134412288665771e-01,0.000000000000000000e+00
4.585000000000000000e+04,4.290273785591125488e-01,6.097560975609755962e-01,4.334107935428619385e-01,0.000000000000000000e+00
4.586000000000000000e+04,4.227892458438873291e-01,5.975609756097560732e-01,4.008898437023162842e-01,0.000000000000000000e+00
4.587000000000000000e+04,4.324394166469573975e-01,6.463414634146341653e-01,4.211188554763793945e-01,0.000000000000000000e+00
4.588000000000000000e+04,4.166759848594665527e-01,6.097560975609755962e-01,4.007218480110168457e-01,0.000000000000000000e+00
4.589000000000000000e+04,4.391108453273773193e-01,6.463414634146341653e-01,4.421325325965881348e-01,0.000000000000000000e+00
4.590000000000000000e+04,4.253882765769958496e-01,6.219512195121951192e-01,4.173004031181335449e-01,0.000000000000000000e+00
4.591000000000000000e+04,4.435984790325164795e-01,6.097560975609755962e-01,4.552670121192932129e-01,0.000000000000000000e+00
4.592000000000000000e+04,4.233134686946868896e-01,5.975609756097560732e-01,4.163886308670043945e-01,0.000000000000000000e+00
4.593000000000000000e+04,4.314681291580200195e-01,5.975609756097560732e-01,4.263771772384643555e-01,0.000000000000000000e+00
4.594000000000000000e+04,3.990781605243682861e-01,6.341463414634146423e-01,3.825353980064392090e-01,0.000000000000000000e+00
4.595000000000000000e+04,4.160565733909606934e-01,5.975609756097560732e-01,4.194797873497009277e-01,0.000000000000000000e+00
4.596000000000000000e+04,4.229839146137237549e-01,5.853658536585365502e-01,4.365137219429016113e-01,0.000000000000000000e+00
4.597000000000000000e+04,4.244207143783569336e-01,6.219512195121951192e-01,4.176639020442962646e-01,0.000000000000000000e+00
4.598000000000000000e+04,4.282138049602508545e-01,6.219512195121951192e-01,4.306838214397430420e-01,0.000000000000000000e+00
4.599000000000000000e+04,4.327499270439147949e-01,5.975609756097560732e-01,4.312505125999450684e-01,0.000000000000000000e+00
4.600000000000000000e+04,4.472332894802093506e-01,6.219512195121951192e-01,4.515641927719116211e-01,0.000000000000000000e+00
4.601000000000000000e+04,4.396298825740814209e-01,6.341463414634146423e-01,4.359233677387237549e-01,0.000000000000000000e+00
4.602000000000000000e+04,4.516425430774688721e-01,6.219512195121951192e-01,4.569344818592071533e-01,0.000000000000000000e+00
4.603000000000000000e+04,4.247607886791229248e-01,6.341463414634146423e-01,4.046460986137390137e-01,0.000000000000000000e+00
4.604000000000000000e+04,4.423970580101013184e-01,6.097560975609755962e-01,4.286560118198394775e-01,0.000000000000000000e+00
4.605000000000000000e+04,4.315587580204010010e-01,6.341463414634146423e-01,4.241923987865447998e-01,0.000000000000000000e+00
4.606000000000000000e+04,4.602906405925750732e-01,6.219512195121951192e-01,4.773283898830413818e-01,0.000000000000000000e+00
4.607000000000000000e+04,4.799340367317199707e-01,6.219512195121951192e-01,4.908260107040405273e-01,0.000000000000000000e+00
4.608000000000000000e+04,4.678610265254974365e-01,6.341463414634146423e-01,4.641020894050598145e-01,0.000000000000000000e+00
4.609000000000000000e+04,4.617487788200378418e-01,6.097560975609755962e-01,4.485153853893280029e-01,0.000000000000000000e+00
4.610000000000000000e+04,4.668153226375579834e-01,6.463414634146341653e-01,4.573138058185577393e-01,0.000000000000000000e+00
4.611000000000000000e+04,4.629857540130615234e-01,6.219512195121951192e-01,4.437819719314575195e-01,0.000000000000000000e+00
4.612000000000000000e+04,4.375993311405181885e-01,6.219512195121951192e-01,4.333630800247192383e-01,0.000000000000000000e+00
4.613000000000000000e+04,4.271949827671051025e-01,5.731707317073170271e-01,4.105196595191955566e-01,0.000000000000000000e+00
4.614000000000000000e+04,4.325222969055175781e-01,6.097560975609755962e-01,4.017444550991058350e-01,0.000000000000000000e+00
4.615000000000000000e+04,4.361827671527862549e-01,6.219512195121951192e-01,4.025606215000152588e-01,0.000000000000000000e+00
4.616000000000000000e+04,4.174290299415588379e-01,5.975609756097560732e-01,3.786894977092742920e-01,0.000000000000000000e+00
4.617000000000000000e+04,4.441717863082885742e-01,5.853658536585365502e-01,4.109784960746765137e-01,0.000000000000000000e+00
4.618000000000000000e+04,4.482006430625915527e-01,6.219512195121951192e-01,4.123188853263854980e-01,0.000000000000000000e+00
4.619000000000000000e+04,4.295775890350341797e-01,5.975609756097560732e-01,3.921433687210083008e-01,0.000000000000000000e+00
4.620000000000000000e+04,4.369813501834869385e-01,6.341463414634146423e-01,4.191231131553649902e-01,0.000000000000000000e+00
4.621000000000000000e+04,4.276175200939178467e-01,6.463414634146341653e-01,4.098927080631256104e-01,0.000000000000000000e+00
4.622000000000000000e+04,4.104028642177581787e-01,6.097560975609755962e-01,3.937326967716217041e-01,0.000000000000000000e+00
4.623000000000000000e+04,4.034567773342132568e-01,5.975609756097560732e-01,3.715201020240783691e-01,0.000000000000000000e+00
4.624000000000000000e+04,4.329386353492736816e-01,6.219512195121951192e-01,4.281390905380249023e-01,0.000000000000000000e+00
4.625000000000000000e+04,4.191874861717224121e-01,5.975609756097560732e-01,4.096415638923645020e-01,0.000000000000000000e+00
4.626000000000000000e+04,4.221465587615966797e-01,6.463414634146341653e-01,4.015079140663146973e-01,0.000000000000000000e+00
4.627000000000000000e+04,4.002949595451354980e-01,6.219512195121951192e-01,3.635812699794769287e-01,0.000000000000000000e+00
4.628000000000000000e+04,3.959411084651947021e-01,6.219512195121951192e-01,3.774589598178863525e-01,0.000000000000000000e+00
4.629000000000000000e+04,3.946096003055572510e-01,6.097560975609755962e-01,3.634193241596221924e-01,0.000000000000000000e+00
4.630000000000000000e+04,4.111022651195526123e-01,5.975609756097560732e-01,3.712345063686370850e-01,0.000000000000000000e+00
4.631000000000000000e+04,4.176855385303497314e-01,6.341463414634146423e-01,3.927445113658905029e-01,0.000000000000000000e+00
4.632000000000000000e+04,4.077706038951873779e-01,6.341463414634146423e-01,3.551934063434600830e-01,0.000000000000000000e+00
4.633000000000000000e+04,4.135755002498626709e-01,5.853658536585365502e-01,3.945532441139221191e-01,0.000000000000000000e+00
4.634000000000000000e+04,4.149070382118225098e-01,6.341463414634146423e-01,3.753431439399719238e-01,0.000000000000000000e+00
4.635000000000000000e+04,4.397799074649810791e-01,6.097560975609755962e-01,4.249043166637420654e-01,0.000000000000000000e+00
4.636000000000000000e+04,4.179785847663879395e-01,6.219512195121951192e-01,3.998083472251892090e-01,0.000000000000000000e+00
4.637000000000000000e+04,4.210031628608703613e-01,6.463414634146341653e-01,4.159622490406036377e-01,0.000000000000000000e+00
4.638000000000000000e+04,4.341692924499511719e-01,6.219512195121951192e-01,4.412773549556732178e-01,0.000000000000000000e+00
4.639000000000000000e+04,4.496806859970092773e-01,5.975609756097560732e-01,4.503087103366851807e-01,0.000000000000000000e+00
4.640000000000000000e+04,4.601087570190429688e-01,5.975609756097560732e-01,4.785071909427642822e-01,0.000000000000000000e+00
4.641000000000000000e+04,4.102638959884643555e-01,6.219512195121951192e-01,3.876698017120361328e-01,0.000000000000000000e+00
4.642000000000000000e+04,4.342983961105346680e-01,6.097560975609755962e-01,4.284278154373168945e-01,0.000000000000000000e+00
4.643000000000000000e+04,4.223894476890563965e-01,6.219512195121951192e-01,4.051675200462341309e-01,0.000000000000000000e+00
4.644000000000000000e+04,4.029806256294250488e-01,6.219512195121951192e-01,3.847556114196777344e-01,0.000000000000000000e+00
4.645000000000000000e+04,4.169370234012603760e-01,6.219512195121951192e-01,3.977245390415191650e-01,0.000000000000000000e+00
4.646000000000000000e+04,4.146993458271026611e-01,6.219512195121951192e-01,3.995802104473114014e-01,0.000000000000000000e+00
4.647000000000000000e+04,4.126463532447814941e-01,6.341463414634146423e-01,3.776848018169403076e-01,0.000000000000000000e+00
4.648000000000000000e+04,4.246208369731903076e-01,6.219512195121951192e-01,3.981391191482543945e-01,0.000000000000000000e+00
4.649000000000000000e+04,4.035646617412567139e-01,5.975609756097560732e-01,3.817090392112731934e-01,0.000000000000000000e+00
4.650000000000000000e+04,4.117642045021057129e-01,5.853658536585365502e-01,3.866561353206634521e-01,0.000000000000000000e+00
4.651000000000000000e+04,4.085130095481872559e-01,5.731707317073170271e-01,3.862757682800292969e-01,0.000000000000000000e+00
4.652000000000000000e+04,4.284805059432983398e-01,6.219512195121951192e-01,4.088083803653717041e-01,0.000000000000000000e+00
4.653000000000000000e+04,4.182147979736328125e-01,5.853658536585365502e-01,3.902344107627868652e-01,0.000000000000000000e+00
4.654000000000000000e+04,4.120064675807952881e-01,5.731707317073170271e-01,4.015837013721466064e-01,0.000000000000000000e+00
4.655000000000000000e+04,4.117088317871093750e-01,5.365853658536585691e-01,3.920411169528961182e-01,0.000000000000000000e+00
4.656000000000000000e+04,4.383955895900726318e-01,6.219512195121951192e-01,4.091605544090270996e-01,0.000000000000000000e+00
4.657000000000000000e+04,4.329008162021636963e-01,6.341463414634146423e-01,4.083495438098907471e-01,0.000000000000000000e+00
4.658000000000000000e+04,4.415377676486968994e-01,6.341463414634146423e-01,4.288768470287322998e-01,0.000000000000000000e+00
4.659000000000000000e+04,4.176601767539978027e-01,5.975609756097560732e-01,4.198481142520904541e-01,0.000000000000000000e+00
4.660000000000000000e+04,4.186640977859497070e-01,6.341463414634146423e-01,4.057741165161132812e-01,0.000000000000000000e+00
4.661000000000000000e+04,4.162436425685882568e-01,6.219512195121951192e-01,4.027306139469146729e-01,0.000000000000000000e+00
4.662000000000000000e+04,4.353854060173034668e-01,6.219512195121951192e-01,4.259227216243743896e-01,0.000000000000000000e+00
4.663000000000000000e+04,4.334094822406768799e-01,6.341463414634146423e-01,4.308220446109771729e-01,0.000000000000000000e+00
4.664000000000000000e+04,4.466987550258636475e-01,5.975609756097560732e-01,4.291949570178985596e-01,0.000000000000000000e+00
4.665000000000000000e+04,4.500278234481811523e-01,6.097560975609755962e-01,4.476343095302581787e-01,0.000000000000000000e+00
4.666000000000000000e+04,4.224108755588531494e-01,5.975609756097560732e-01,4.081967771053314209e-01,0.000000000000000000e+00
4.667000000000000000e+04,4.369022548198699951e-01,6.219512195121951192e-01,4.386324286460876465e-01,0.000000000000000000e+00
4.668000000000000000e+04,4.539015889167785645e-01,6.219512195121951192e-01,4.552380740642547607e-01,0.000000000000000000e+00
4.669000000000000000e+04,4.267073869705200195e-01,6.097560975609755962e-01,4.189893305301666260e-01,0.000000000000000000e+00
4.670000000000000000e+04,4.151317775249481201e-01,6.341463414634146423e-01,4.040891826152801514e-01,0.000000000000000000e+00
4.671000000000000000e+04,4.203993380069732666e-01,5.975609756097560732e-01,4.116123616695404053e-01,0.000000000000000000e+00
4.672000000000000000e+04,4.220143258571624756e-01,6.219512195121951192e-01,4.091056585311889648e-01,0.000000000000000000e+00
4.673000000000000000e+04,4.366870820522308350e-01,5.731707317073170271e-01,4.213441908359527588e-01,0.000000000000000000e+00
4.674000000000000000e+04,4.537342190742492676e-01,5.975609756097560732e-01,4.400077760219573975e-01,0.000000000000000000e+00
4.675000000000000000e+04,4.815574884414672852e-01,5.975609756097560732e-01,4.650946855545043945e-01,0.000000000000000000e+00
4.676000000000000000e+04,4.618553221225738525e-01,6.097560975609755962e-01,4.555991590023040771e-01,0.000000000000000000e+00
4.677000000000000000e+04,4.637774825096130371e-01,5.853658536585365502e-01,4.500200748443603516e-01,0.000000000000000000e+00
4.678000000000000000e+04,4.675290882587432861e-01,6.097560975609755962e-01,4.549291729927062988e-01,0.000000000000000000e+00
4.679000000000000000e+04,4.358565211296081543e-01,5.975609756097560732e-01,4.195063710212707520e-01,0.000000000000000000e+00
4.680000000000000000e+04,4.605759084224700928e-01,6.097560975609755962e-01,4.278977215290069580e-01,0.000000000000000000e+00
4.681000000000000000e+04,4.631126224994659424e-01,6.097560975609755962e-01,4.171458482742309570e-01,0.000000000000000000e+00
4.682000000000000000e+04,4.619887769222259521e-01,5.853658536585365502e-01,4.106147289276123047e-01,0.000000000000000000e+00
4.683000000000000000e+04,4.688628911972045898e-01,5.853658536585365502e-01,4.501271843910217285e-01,0.000000000000000000e+00
4.684000000000000000e+04,4.369983375072479248e-01,6.463414634146341653e-01,4.107075929641723633e-01,0.000000000000000000e+00
4.685000000000000000e+04,4.292970895767211914e-01,5.975609756097560732e-01,3.885602355003356934e-01,0.000000000000000000e+00
4.686000000000000000e+04,4.260281622409820557e-01,6.097560975609755962e-01,4.009580016136169434e-01,0.000000000000000000e+00
4.687000000000000000e+04,4.135460555553436279e-01,6.341463414634146423e-01,3.947043120861053467e-01,0.000000000000000000e+00
4.688000000000000000e+04,4.379489421844482422e-01,6.219512195121951192e-01,4.135030210018157959e-01,0.000000000000000000e+00
4.689000000000000000e+04,4.012367725372314453e-01,6.219512195121951192e-01,3.653861880302429199e-01,0.000000000000000000e+00
4.690000000000000000e+04,4.282749295234680176e-01,6.341463414634146423e-01,4.172925651073455811e-01,0.000000000000000000e+00
4.691000000000000000e+04,4.220094978809356689e-01,6.219512195121951192e-01,4.084734320640563965e-01,0.000000000000000000e+00
4.692000000000000000e+04,4.212045073509216309e-01,6.097560975609755962e-01,3.951910138130187988e-01,0.000000000000000000e+00
4.693000000000000000e+04,4.181832671165466309e-01,6.097560975609755962e-01,3.853864073753356934e-01,0.000000000000000000e+00
4.694000000000000000e+04,4.386542141437530518e-01,6.219512195121951192e-01,4.156789481639862061e-01,0.000000000000000000e+00
4.695000000000000000e+04,4.363005459308624268e-01,6.097560975609755962e-01,4.002641737461090088e-01,0.000000000000000000e+00
4.696000000000000000e+04,4.214762449264526367e-01,6.219512195121951192e-01,3.719020187854766846e-01,0.000000000000000000e+00
4.697000000000000000e+04,4.415436685085296631e-01,6.219512195121951192e-01,4.127536416053771973e-01,0.000000000000000000e+00
4.698000000000000000e+04,4.569532573223114014e-01,6.341463414634146423e-01,4.381111264228820801e-01,0.000000000000000000e+00
4.699000000000000000e+04,4.491131901741027832e-01,6.097560975609755962e-01,4.291606247425079346e-01,0.000000000000000000e+00
4.700000000000000000e+04,4.755188226699829102e-01,5.975609756097560732e-01,4.302355349063873291e-01,0.000000000000000000e+00
4.701000000000000000e+04,4.789083302021026611e-01,6.097560975609755962e-01,4.517018198966979980e-01,0.000000000000000000e+00
4.702000000000000000e+04,5.190386176109313965e-01,6.097560975609755962e-01,5.071908831596374512e-01,0.000000000000000000e+00
4.703000000000000000e+04,5.216854214668273926e-01,6.219512195121951192e-01,5.129191279411315918e-01,0.000000000000000000e+00
4.704000000000000000e+04,4.920859336853027344e-01,6.097560975609755962e-01,4.627472162246704102e-01,0.000000000000000000e+00
4.705000000000000000e+04,4.893027842044830322e-01,5.975609756097560732e-01,4.729859530925750732e-01,0.000000000000000000e+00
4.706000000000000000e+04,4.844494760036468506e-01,6.463414634146341653e-01,4.483989775180816650e-01,0.000000000000000000e+00
4.707000000000000000e+04,4.638754725456237793e-01,6.219512195121951192e-01,4.198188185691833496e-01,0.000000000000000000e+00
4.708000000000000000e+04,4.919798970222473145e-01,6.341463414634146423e-01,4.845545589923858643e-01,0.000000000000000000e+00
4.709000000000000000e+04,4.436198174953460693e-01,6.463414634146341653e-01,4.327342808246612549e-01,0.000000000000000000e+00
4.710000000000000000e+04,4.676420688629150391e-01,6.341463414634146423e-01,4.589460790157318115e-01,0.000000000000000000e+00
4.711000000000000000e+04,4.609625935554504395e-01,5.853658536585365502e-01,4.605984389781951904e-01,0.000000000000000000e+00
4.712000000000000000e+04,4.546913802623748779e-01,6.097560975609755962e-01,4.423699378967285156e-01,0.000000000000000000e+00
4.713000000000000000e+04,4.642183184623718262e-01,6.219512195121951192e-01,4.580310881137847900e-01,0.000000000000000000e+00
4.714000000000000000e+04,4.739135801792144775e-01,5.853658536585365502e-01,4.764902591705322266e-01,0.000000000000000000e+00
4.715000000000000000e+04,4.632225036621093750e-01,6.341463414634146423e-01,4.464183747768402100e-01,0.000000000000000000e+00
4.716000000000000000e+04,4.479639232158660889e-01,6.097560975609755962e-01,4.108942449092864990e-01,0.000000000000000000e+00
4.717000000000000000e+04,4.566342234611511230e-01,6.585365853658536883e-01,4.383495748043060303e-01,0.000000000000000000e+00
4.718000000000000000e+04,4.470729231834411621e-01,6.219512195121951192e-01,4.149990677833557129e-01,0.000000000000000000e+00
4.719000000000000000e+04,4.299381673336029053e-01,6.219512195121951192e-01,4.025135338306427002e-01,0.000000000000000000e+00
4.720000000000000000e+04,4.126718938350677490e-01,6.463414634146341653e-01,3.802518248558044434e-01,0.000000000000000000e+00
4.721000000000000000e+04,4.402863085269927979e-01,6.219512195121951192e-01,4.192250669002532959e-01,0.000000000000000000e+00
4.722000000000000000e+04,4.594384729862213135e-01,6.463414634146341653e-01,4.544295668601989746e-01,0.000000000000000000e+00
4.723000000000000000e+04,4.406917691230773926e-01,6.097560975609755962e-01,4.216852784156799316e-01,0.000000000000000000e+00
4.724000000000000000e+04,4.617740213871002197e-01,6.219512195121951192e-01,4.403385818004608154e-01,0.000000000000000000e+00
4.725000000000000000e+04,4.368363022804260254e-01,6.463414634146341653e-01,4.095843732357025146e-01,0.000000000000000000e+00
4.726000000000000000e+04,4.568774402141571045e-01,6.219512195121951192e-01,4.369025528430938721e-01,0.000000000000000000e+00
4.727000000000000000e+04,4.426267445087432861e-01,5.853658536585365502e-01,4.300617873668670654e-01,0.000000000000000000e+00
4.728000000000000000e+04,4.602665901184082031e-01,6.219512195121951192e-01,4.426226913928985596e-01,0.000000000000000000e+00
4.729000000000000000e+04,4.576583504676818848e-01,5.975609756097560732e-01,4.440155327320098877e-01,0.000000000000000000e+00
4.730000000000000000e+04,4.567202627658843994e-01,6.219512195121951192e-01,4.368610382080078125e-01,0.000000000000000000e+00
4.731000000000000000e+04,4.450801014900207520e-01,6.341463414634146423e-01,4.102614223957061768e-01,0.000000000000000000e+00
4.732000000000000000e+04,4.617198407649993896e-01,5.975609756097560732e-01,4.457641243934631348e-01,0.000000000000000000e+00
4.733000000000000000e+04,4.509857296943664551e-01,6.097560975609755962e-01,4.105562865734100342e-01,0.000000000000000000e+00
4.734000000000000000e+04,4.623434841632843018e-01,5.975609756097560732e-01,4.176571369171142578e-01,0.000000000000000000e+00
4.735000000000000000e+04,4.574505984783172607e-01,6.341463414634146423e-01,4.287997484207153320e-01,0.000000000000000000e+00
4.736000000000000000e+04,4.502778947353363037e-01,6.219512195121951192e-01,4.233549237251281738e-01,0.000000000000000000e+00
4.737000000000000000e+04,4.666565358638763428e-01,6.341463414634146423e-01,4.268409311771392822e-01,0.000000000000000000e+00
4.738000000000000000e+04,4.767404198646545410e-01,6.097560975609755962e-01,4.668810963630676270e-01,0.000000000000000000e+00
4.739000000000000000e+04,4.533076882362365723e-01,6.219512195121951192e-01,4.452424943447113037e-01,0.000000000000000000e+00
4.740000000000000000e+04,4.636492133140563965e-01,6.219512195121951192e-01,4.479671418666839600e-01,0.000000000000000000e+00
4.741000000000000000e+04,4.710301756858825684e-01,6.219512195121951192e-01,4.712021946907043457e-01,0.000000000000000000e+00
4.742000000000000000e+04,5.033283233642578125e-01,5.975609756097560732e-01,5.082020163536071777e-01,0.000000000000000000e+00
4.743000000000000000e+04,4.417183995246887207e-01,5.853658536585365502e-01,4.191944003105163574e-01,0.000000000000000000e+00
4.744000000000000000e+04,4.614852666854858398e-01,5.853658536585365502e-01,4.366939961910247803e-01,0.000000000000000000e+00
4.745000000000000000e+04,4.671310484409332275e-01,6.341463414634146423e-01,4.509055018424987793e-01,0.000000000000000000e+00
4.746000000000000000e+04,4.530279636383056641e-01,5.975609756097560732e-01,4.277864694595336914e-01,0.000000000000000000e+00
4.747000000000000000e+04,4.415085315704345703e-01,6.097560975609755962e-01,4.171554446220397949e-01,0.000000000000000000e+00
4.748000000000000000e+04,4.501994550228118896e-01,6.219512195121951192e-01,4.128751158714294434e-01,0.000000000000000000e+00
4.749000000000000000e+04,4.307172596454620361e-01,5.975609756097560732e-01,4.166873395442962646e-01,0.000000000000000000e+00
4.750000000000000000e+04,4.578100144863128662e-01,5.975609756097560732e-01,4.202723503112792969e-01,0.000000000000000000e+00
4.751000000000000000e+04,4.592751860618591309e-01,6.585365853658536883e-01,4.374086856842041016e-01,0.000000000000000000e+00
4.752000000000000000e+04,4.225553870201110840e-01,5.975609756097560732e-01,3.974104225635528564e-01,0.000000000000000000e+00
4.753000000000000000e+04,4.279631376266479492e-01,6.097560975609755962e-01,4.066942334175109863e-01,0.000000000000000000e+00
4.754000000000000000e+04,4.385852813720703125e-01,6.219512195121951192e-01,4.300387203693389893e-01,0.000000000000000000e+00
4.755000000000000000e+04,4.339274168014526367e-01,6.463414634146341653e-01,4.128868877887725830e-01,0.000000000000000000e+00
4.756000000000000000e+04,4.296145439147949219e-01,6.341463414634146423e-01,4.052109718322753906e-01,0.000000000000000000e+00
4.757000000000000000e+04,4.426560401916503906e-01,6.219512195121951192e-01,4.327881038188934326e-01,0.000000000000000000e+00
4.758000000000000000e+04,4.407624602317810059e-01,6.341463414634146423e-01,4.309804737567901611e-01,0.000000000000000000e+00
4.759000000000000000e+04,4.092177152633666992e-01,6.463414634146341653e-01,3.846950829029083252e-01,0.000000000000000000e+00
4.760000000000000000e+04,4.349204003810882568e-01,6.707317073170732113e-01,4.275967776775360107e-01,0.000000000000000000e+00
4.761000000000000000e+04,4.364176690578460693e-01,6.585365853658536883e-01,4.451566934585571289e-01,0.000000000000000000e+00
4.762000000000000000e+04,4.157659411430358887e-01,6.341463414634146423e-01,4.101051688194274902e-01,0.000000000000000000e+00
4.763000000000000000e+04,4.357951879501342773e-01,6.463414634146341653e-01,4.366626441478729248e-01,0.000000000000000000e+00
4.764000000000000000e+04,4.417544901371002197e-01,6.585365853658536883e-01,4.486638307571411133e-01,0.000000000000000000e+00
4.765000000000000000e+04,4.509548246860504150e-01,6.341463414634146423e-01,4.653390944004058838e-01,0.000000000000000000e+00
4.766000000000000000e+04,4.693340659141540527e-01,6.585365853658536883e-01,4.988943040370941162e-01,0.000000000000000000e+00
4.767000000000000000e+04,4.331677854061126709e-01,6.097560975609755962e-01,4.411783516407012939e-01,0.000000000000000000e+00
4.768000000000000000e+04,4.215083420276641846e-01,6.097560975609755962e-01,4.372285902500152588e-01,0.000000000000000000e+00
4.769000000000000000e+04,4.559721052646636963e-01,6.585365853658536883e-01,4.492397904396057129e-01,0.000000000000000000e+00
4.770000000000000000e+04,4.451605677604675293e-01,6.585365853658536883e-01,4.582946002483367920e-01,0.000000000000000000e+00
4.771000000000000000e+04,4.734636843204498291e-01,6.097560975609755962e-01,4.867877364158630371e-01,0.000000000000000000e+00
4.772000000000000000e+04,4.615175127983093262e-01,6.097560975609755962e-01,4.504442811012268066e-01,0.000000000000000000e+00
4.773000000000000000e+04,4.750945568084716797e-01,6.219512195121951192e-01,4.922878444194793701e-01,0.000000000000000000e+00
4.774000000000000000e+04,4.306619167327880859e-01,6.341463414634146423e-01,4.245141744613647461e-01,0.000000000000000000e+00
4.775000000000000000e+04,4.405692517757415771e-01,6.463414634146341653e-01,4.417868256568908691e-01,0.000000000000000000e+00
4.776000000000000000e+04,4.515835046768188477e-01,6.219512195121951192e-01,4.400773942470550537e-01,0.000000000000000000e+00
4.777000000000000000e+04,4.723749160766601562e-01,5.975609756097560732e-01,4.762011468410491943e-01,0.000000000000000000e+00
4.778000000000000000e+04,4.710374474525451660e-01,6.097560975609755962e-01,4.748586416244506836e-01,0.000000000000000000e+00
4.779000000000000000e+04,4.382789433002471924e-01,6.463414634146341653e-01,4.209240972995758057e-01,0.000000000000000000e+00
4.780000000000000000e+04,4.539536237716674805e-01,6.463414634146341653e-01,4.361588954925537109e-01,0.000000000000000000e+00
4.781000000000000000e+04,4.248444736003875732e-01,6.097560975609755962e-01,4.153400957584381104e-01,0.000000000000000000e+00
4.782000000000000000e+04,4.176393151283264160e-01,6.341463414634146423e-01,3.909723162651062012e-01,0.000000000000000000e+00
4.783000000000000000e+04,4.443538188934326172e-01,6.097560975609755962e-01,4.338381588459014893e-01,0.000000000000000000e+00
4.784000000000000000e+04,4.452308714389801025e-01,5.975609756097560732e-01,4.418124258518218994e-01,0.000000000000000000e+00
4.785000000000000000e+04,4.630053043365478516e-01,6.341463414634146423e-01,4.649933278560638428e-01,0.000000000000000000e+00
4.786000000000000000e+04,4.486752152442932129e-01,5.731707317073170271e-01,4.397490024566650391e-01,0.000000000000000000e+00
4.787000000000000000e+04,4.441578388214111328e-01,6.219512195121951192e-01,4.270346760749816895e-01,0.000000000000000000e+00
4.788000000000000000e+04,4.542865455150604248e-01,6.097560975609755962e-01,4.417208135128021240e-01,0.000000000000000000e+00
4.789000000000000000e+04,4.415536224842071533e-01,5.853658536585365502e-01,4.192635715007781982e-01,0.000000000000000000e+00
4.790000000000000000e+04,4.484630823135375977e-01,6.097560975609755962e-01,4.253582954406738281e-01,0.000000000000000000e+00
4.791000000000000000e+04,4.363487958908081055e-01,6.341463414634146423e-01,4.083690345287322998e-01,0.000000000000000000e+00
4.792000000000000000e+04,4.355448186397552490e-01,6.097560975609755962e-01,4.275485873222351074e-01,0.000000000000000000e+00
4.793000000000000000e+04,4.559812247753143311e-01,6.341463414634146423e-01,4.722675979137420654e-01,0.000000000000000000e+00
4.794000000000000000e+04,4.455133378505706787e-01,5.975609756097560732e-01,4.521522521972656250e-01,0.000000000000000000e+00
4.795000000000000000e+04,4.565363526344299316e-01,6.219512195121951192e-01,4.765949249267578125e-01,0.000000000000000000e+00
4.796000000000000000e+04,4.613469243049621582e-01,6.219512195121951192e-01,4.761607944965362549e-01,0.000000000000000000e+00
4.797000000000000000e+04,4.459234774112701416e-01,6.097560975609755962e-01,4.566984474658966064e-01,0.000000000000000000e+00
4.798000000000000000e+04,4.496852159500122070e-01,6.341463414634146423e-01,4.638269245624542236e-01,0.000000000000000000e+00
4.799000000000000000e+04,4.402740597724914551e-01,5.975609756097560732e-01,4.418586194515228271e-01,0.000000000000000000e+00
4.800000000000000000e+04,4.448512494564056396e-01,6.219512195121951192e-01,4.464290738105773926e-01,0.000000000000000000e+00
4.801000000000000000e+04,4.307510256767272949e-01,6.097560975609755962e-01,4.460737109184265137e-01,0.000000000000000000e+00
4.802000000000000000e+04,4.454489350318908691e-01,5.975609756097560732e-01,4.729655086994171143e-01,0.000000000000000000e+00
4.803000000000000000e+04,4.450921714305877686e-01,5.853658536585365502e-01,4.754731655120849609e-01,0.000000000000000000e+00
4.804000000000000000e+04,4.441669583320617676e-01,6.219512195121951192e-01,4.439669549465179443e-01,0.000000000000000000e+00
4.805000000000000000e+04,4.604611992835998535e-01,6.219512195121951192e-01,4.942214190959930420e-01,0.000000000000000000e+00
4.806000000000000000e+04,4.667097926139831543e-01,5.731707317073170271e-01,5.045794248580932617e-01,0.000000000000000000e+00
4.807000000000000000e+04,4.600913822650909424e-01,6.097560975609755962e-01,4.822121262550354004e-01,0.000000000000000000e+00
4.808000000000000000e+04,4.481727480888366699e-01,5.975609756097560732e-01,4.634653627872467041e-01,0.000000000000000000e+00
4.809000000000000000e+04,4.606637358665466309e-01,6.219512195121951192e-01,4.938463270664215088e-01,0.000000000000000000e+00
4.810000000000000000e+04,4.841696023941040039e-01,5.975609756097560732e-01,5.445517897605895996e-01,0.000000000000000000e+00
4.811000000000000000e+04,4.637799859046936035e-01,5.975609756097560732e-01,5.048951506614685059e-01,0.000000000000000000e+00
4.812000000000000000e+04,4.716280996799468994e-01,6.097560975609755962e-01,4.891979694366455078e-01,0.000000000000000000e+00
4.813000000000000000e+04,4.673401415348052979e-01,6.219512195121951192e-01,4.881200492382049561e-01,0.000000000000000000e+00
4.814000000000000000e+04,4.655398130416870117e-01,6.219512195121951192e-01,4.987057745456695557e-01,0.000000000000000000e+00
4.815000000000000000e+04,4.815811514854431152e-01,6.585365853658536883e-01,5.166493058204650879e-01,0.000000000000000000e+00
4.816000000000000000e+04,4.661215841770172119e-01,5.975609756097560732e-01,4.969767630100250244e-01,0.000000000000000000e+00
4.817000000000000000e+04,4.798542857170104980e-01,5.487804878048780921e-01,5.108575820922851562e-01,0.000000000000000000e+00
4.818000000000000000e+04,4.850745499134063721e-01,5.731707317073170271e-01,5.144326686859130859e-01,0.000000000000000000e+00
4.819000000000000000e+04,4.797461032867431641e-01,6.219512195121951192e-01,4.893796741962432861e-01,0.000000000000000000e+00
4.820000000000000000e+04,4.795095622539520264e-01,5.975609756097560732e-01,5.009928941726684570e-01,0.000000000000000000e+00
4.821000000000000000e+04,4.747295975685119629e-01,5.731707317073170271e-01,5.014929771423339844e-01,0.000000000000000000e+00
4.822000000000000000e+04,4.539459943771362305e-01,6.341463414634146423e-01,4.686770141124725342e-01,0.000000000000000000e+00
4.823000000000000000e+04,4.455895125865936279e-01,6.341463414634146423e-01,4.732733964920043945e-01,0.000000000000000000e+00
4.824000000000000000e+04,4.749475717544555664e-01,6.219512195121951192e-01,5.039769411087036133e-01,0.000000000000000000e+00
4.825000000000000000e+04,4.746491909027099609e-01,6.097560975609755962e-01,4.980061352252960205e-01,0.000000000000000000e+00
4.826000000000000000e+04,4.641128778457641602e-01,6.707317073170732113e-01,4.858027994632720947e-01,0.000000000000000000e+00
4.827000000000000000e+04,4.655696451663970947e-01,6.341463414634146423e-01,4.832328557968139648e-01,0.000000000000000000e+00
4.828000000000000000e+04,4.328955411911010742e-01,6.219512195121951192e-01,4.554118216037750244e-01,0.000000000000000000e+00
4.829000000000000000e+04,4.253721535205841064e-01,5.975609756097560732e-01,4.177545309066772461e-01,0.000000000000000000e+00
4.830000000000000000e+04,4.462699890136718750e-01,6.341463414634146423e-01,4.424355924129486084e-01,0.000000000000000000e+00
4.831000000000000000e+04,4.632189571857452393e-01,6.463414634146341653e-01,4.954014122486114502e-01,0.000000000000000000e+00
4.832000000000000000e+04,4.523605406284332275e-01,6.341463414634146423e-01,4.582712054252624512e-01,0.000000000000000000e+00
4.833000000000000000e+04,4.461057782173156738e-01,6.219512195121951192e-01,4.471170008182525635e-01,0.000000000000000000e+00
4.834000000000000000e+04,4.323950111865997314e-01,6.585365853658536883e-01,4.179223179817199707e-01,0.000000000000000000e+00
4.835000000000000000e+04,4.354146718978881836e-01,6.463414634146341653e-01,4.164353609085083008e-01,0.000000000000000000e+00
4.836000000000000000e+04,4.412216246128082275e-01,6.341463414634146423e-01,4.358687698841094971e-01,0.000000000000000000e+00
4.837000000000000000e+04,4.443799257278442383e-01,6.463414634146341653e-01,4.410782754421234131e-01,0.000000000000000000e+00
4.838000000000000000e+04,4.443482756614685059e-01,6.341463414634146423e-01,4.459730088710784912e-01,0.000000000000000000e+00
4.839000000000000000e+04,4.403374791145324707e-01,6.341463414634146423e-01,4.461834728717803955e-01,0.000000000000000000e+00
4.840000000000000000e+04,4.463614225387573242e-01,6.463414634146341653e-01,4.386553466320037842e-01,0.000000000000000000e+00
4.841000000000000000e+04,4.726019203662872314e-01,5.853658536585365502e-01,4.685086011886596680e-01,0.000000000000000000e+00
4.842000000000000000e+04,4.540058672428131104e-01,6.097560975609755962e-01,4.579052329063415527e-01,0.000000000000000000e+00
4.843000000000000000e+04,4.566307067871093750e-01,5.731707317073170271e-01,4.554618895053863525e-01,0.000000000000000000e+00
4.844000000000000000e+04,4.332678020000457764e-01,6.219512195121951192e-01,4.217065870761871338e-01,0.000000000000000000e+00
4.845000000000000000e+04,4.185997843742370605e-01,5.975609756097560732e-01,4.152803421020507812e-01,0.000000000000000000e+00
4.846000000000000000e+04,4.229644238948822021e-01,5.731707317073170271e-01,4.205119609832763672e-01,0.000000000000000000e+00
4.847000000000000000e+04,4.306730031967163086e-01,5.975609756097560732e-01,4.436314702033996582e-01,0.000000000000000000e+00
4.848000000000000000e+04,4.231065213680267334e-01,6.341463414634146423e-01,4.103229045867919922e-01,0.000000000000000000e+00
4.849000000000000000e+04,4.068716168403625488e-01,5.975609756097560732e-01,3.887932598590850830e-01,0.000000000000000000e+00
4.850000000000000000e+04,4.211474359035491943e-01,6.341463414634146423e-01,4.167390465736389160e-01,0.000000000000000000e+00
4.851000000000000000e+04,4.292007386684417725e-01,6.585365853658536883e-01,4.024634063243865967e-01,0.000000000000000000e+00
4.852000000000000000e+04,4.559127390384674072e-01,6.463414634146341653e-01,4.640016257762908936e-01,0.000000000000000000e+00
4.853000000000000000e+04,4.385181963443756104e-01,6.341463414634146423e-01,4.302875101566314697e-01,0.000000000000000000e+00
4.854000000000000000e+04,4.468627870082855225e-01,6.097560975609755962e-01,4.422083497047424316e-01,0.000000000000000000e+00
4.855000000000000000e+04,4.504731595516204834e-01,6.707317073170732113e-01,4.174143373966217041e-01,0.000000000000000000e+00
4.856000000000000000e+04,4.369339048862457275e-01,6.463414634146341653e-01,4.148162007331848145e-01,0.000000000000000000e+00
4.857000000000000000e+04,4.458411037921905518e-01,6.463414634146341653e-01,4.222694337368011475e-01,0.000000000000000000e+00
4.858000000000000000e+04,4.435581266880035400e-01,6.585365853658536883e-01,4.311070740222930908e-01,0.000000000000000000e+00
4.859000000000000000e+04,4.257022738456726074e-01,6.463414634146341653e-01,4.243170320987701416e-01,0.000000000000000000e+00
4.860000000000000000e+04,4.500596821308135986e-01,6.463414634146341653e-01,4.237706363201141357e-01,0.000000000000000000e+00
4.861000000000000000e+04,4.271968007087707520e-01,6.585365853658536883e-01,4.046293795108795166e-01,0.000000000000000000e+00
4.862000000000000000e+04,4.299518167972564697e-01,6.341463414634146423e-01,4.041013419628143311e-01,0.000000000000000000e+00
4.863000000000000000e+04,4.182334840297698975e-01,5.975609756097560732e-01,3.732624948024749756e-01,0.000000000000000000e+00
4.864000000000000000e+04,4.206091463565826416e-01,6.707317073170732113e-01,3.969145715236663818e-01,0.000000000000000000e+00
4.865000000000000000e+04,4.075160920619964600e-01,6.219512195121951192e-01,3.668458163738250732e-01,0.000000000000000000e+00
4.866000000000000000e+04,4.349179565906524658e-01,5.853658536585365502e-01,4.115017950534820557e-01,0.000000000000000000e+00
4.867000000000000000e+04,4.536591172218322754e-01,6.097560975609755962e-01,4.317061007022857666e-01,0.000000000000000000e+00
4.868000000000000000e+04,4.181095063686370850e-01,6.219512195121951192e-01,4.157626032829284668e-01,0.000000000000000000e+00
4.869000000000000000e+04,4.331676959991455078e-01,6.463414634146341653e-01,4.023460149765014648e-01,0.000000000000000000e+00
4.870000000000000000e+04,4.153537452220916748e-01,6.097560975609755962e-01,3.832713961601257324e-01,0.000000000000000000e+00
4.871000000000000000e+04,4.422199428081512451e-01,6.097560975609755962e-01,4.067412018775939941e-01,0.000000000000000000e+00
4.872000000000000000e+04,4.269580543041229248e-01,6.097560975609755962e-01,3.937959074974060059e-01,0.000000000000000000e+00
4.873000000000000000e+04,4.180259704589843750e-01,5.853658536585365502e-01,3.822374641895294189e-01,0.000000000000000000e+00
4.874000000000000000e+04,4.488009512424468994e-01,6.463414634146341653e-01,4.431688785552978516e-01,0.000000000000000000e+00
4.875000000000000000e+04,4.337432384490966797e-01,6.341463414634146423e-01,4.406010508537292480e-01,0.000000000000000000e+00
4.876000000000000000e+04,4.407958686351776123e-01,6.341463414634146423e-01,4.265294671058654785e-01,0.000000000000000000e+00
4.877000000000000000e+04,4.255069196224212646e-01,5.975609756097560732e-01,4.210498034954071045e-01,0.000000000000000000e+00
4.878000000000000000e+04,4.396651983261108398e-01,6.097560975609755962e-01,4.038408696651458740e-01,0.000000000000000000e+00
4.879000000000000000e+04,4.532442688941955566e-01,6.219512195121951192e-01,4.172037243843078613e-01,0.000000000000000000e+00
4.880000000000000000e+04,4.393835663795471191e-01,6.341463414634146423e-01,4.081618487834930420e-01,0.000000000000000000e+00
4.881000000000000000e+04,4.482511878013610840e-01,6.097560975609755962e-01,4.295203089714050293e-01,0.000000000000000000e+00
4.882000000000000000e+04,4.256935119628906250e-01,6.341463414634146423e-01,3.749575316905975342e-01,0.000000000000000000e+00
4.883000000000000000e+04,4.246014058589935303e-01,6.341463414634146423e-01,3.820621669292449951e-01,0.000000000000000000e+00
4.884000000000000000e+04,4.207533299922943115e-01,6.341463414634146423e-01,3.714579641819000244e-01,0.000000000000000000e+00
4.885000000000000000e+04,4.170411825180053711e-01,5.975609756097560732e-01,3.918720483779907227e-01,0.000000000000000000e+00
4.886000000000000000e+04,4.361278116703033447e-01,5.975609756097560732e-01,4.198857247829437256e-01,0.000000000000000000e+00
4.887000000000000000e+04,4.638079702854156494e-01,5.975609756097560732e-01,4.395465850830078125e-01,0.000000000000000000e+00
4.888000000000000000e+04,4.606035351753234863e-01,6.341463414634146423e-01,4.567248225212097168e-01,0.000000000000000000e+00
4.889000000000000000e+04,4.524326026439666748e-01,6.219512195121951192e-01,4.420310556888580322e-01,0.000000000000000000e+00
4.890000000000000000e+04,4.512412846088409424e-01,6.097560975609755962e-01,4.718905687332153320e-01,0.000000000000000000e+00
4.891000000000000000e+04,4.542136490345001221e-01,5.975609756097560732e-01,4.640857577323913574e-01,0.000000000000000000e+00
4.892000000000000000e+04,4.771127104759216309e-01,5.975609756097560732e-01,4.883874952793121338e-01,0.000000000000000000e+00
4.893000000000000000e+04,4.812334775924682617e-01,6.219512195121951192e-01,4.697437286376953125e-01,0.000000000000000000e+00
4.894000000000000000e+04,4.650831222534179688e-01,6.097560975609755962e-01,4.606076776981353760e-01,0.000000000000000000e+00
4.895000000000000000e+04,4.744808375835418701e-01,5.853658536585365502e-01,4.654893875122070312e-01,0.000000000000000000e+00
4.896000000000000000e+04,4.759992063045501709e-01,5.731707317073170271e-01,4.614847004413604736e-01,0.000000000000000000e+00
4.897000000000000000e+04,4.502753019332885742e-01,6.341463414634146423e-01,4.111272394657135010e-01,0.000000000000000000e+00
4.898000000000000000e+04,4.611420631408691406e-01,6.219512195121951192e-01,4.328775405883789062e-01,0.000000000000000000e+00
4.899000000000000000e+04,4.498639702796936035e-01,5.853658536585365502e-01,4.358403682708740234e-01,0.000000000000000000e+00
4.900000000000000000e+04,4.697345197200775146e-01,5.975609756097560732e-01,4.556570053100585938e-01,0.000000000000000000e+00
4.901000000000000000e+04,4.596095085144042969e-01,6.219512195121951192e-01,4.498454034328460693e-01,0.000000000000000000e+00
4.902000000000000000e+04,4.517840147018432617e-01,5.853658536585365502e-01,4.311279058456420898e-01,0.000000000000000000e+00
4.903000000000000000e+04,4.435212314128875732e-01,5.853658536585365502e-01,4.011514782905578613e-01,0.000000000000000000e+00
4.904000000000000000e+04,4.497902393341064453e-01,6.341463414634146423e-01,4.156515002250671387e-01,0.000000000000000000e+00
4.905000000000000000e+04,4.487604200839996338e-01,5.975609756097560732e-01,4.311648905277252197e-01,0.000000000000000000e+00
4.906000000000000000e+04,4.574510455131530762e-01,5.853658536585365502e-01,4.303631186485290527e-01,0.000000000000000000e+00
4.907000000000000000e+04,4.505378007888793945e-01,6.097560975609755962e-01,4.161188900470733643e-01,0.000000000000000000e+00
4.908000000000000000e+04,4.332474768161773682e-01,5.975609756097560732e-01,3.841089010238647461e-01,0.000000000000000000e+00
4.909000000000000000e+04,4.514114558696746826e-01,5.609756097560976151e-01,4.245955646038055420e-01,0.000000000000000000e+00
4.910000000000000000e+04,4.700801372528076172e-01,6.097560975609755962e-01,4.466030299663543701e-01,0.000000000000000000e+00
4.911000000000000000e+04,4.575769007205963135e-01,5.731707317073170271e-01,4.099670648574829102e-01,0.000000000000000000e+00
4.912000000000000000e+04,4.442100822925567627e-01,6.341463414634146423e-01,4.002088308334350586e-01,0.000000000000000000e+00
4.913000000000000000e+04,4.537816047668457031e-01,6.463414634146341653e-01,4.328799545764923096e-01,0.000000000000000000e+00
4.914000000000000000e+04,4.654532968997955322e-01,5.853658536585365502e-01,4.444366097450256348e-01,0.000000000000000000e+00
4.915000000000000000e+04,4.809859097003936768e-01,6.097560975609755962e-01,4.729926288127899170e-01,0.000000000000000000e+00
4.916000000000000000e+04,4.554698467254638672e-01,6.219512195121951192e-01,4.255694746971130371e-01,0.000000000000000000e+00
4.917000000000000000e+04,4.539289474487304688e-01,5.975609756097560732e-01,4.298032820224761963e-01,0.000000000000000000e+00
4.918000000000000000e+04,4.367947578430175781e-01,5.975609756097560732e-01,4.285224080085754395e-01,0.000000000000000000e+00
4.919000000000000000e+04,4.805901646614074707e-01,6.097560975609755962e-01,4.809699058532714844e-01,0.000000000000000000e+00
4.920000000000000000e+04,4.710114300251007080e-01,6.097560975609755962e-01,4.635874927043914795e-01,0.000000000000000000e+00
4.921000000000000000e+04,4.416112601757049561e-01,5.975609756097560732e-01,4.146541059017181396e-01,0.000000000000000000e+00
4.922000000000000000e+04,4.380548298358917236e-01,5.975609756097560732e-01,4.051346778869628906e-01,0.000000000000000000e+00
4.923000000000000000e+04,4.448130726814270020e-01,6.097560975609755962e-01,4.182441830635070801e-01,0.000000000000000000e+00
4.924000000000000000e+04,4.391224384307861328e-01,6.097560975609755962e-01,4.046441912651062012e-01,0.000000000000000000e+00
4.925000000000000000e+04,4.410927593708038330e-01,6.097560975609755962e-01,4.210842251777648926e-01,0.000000000000000000e+00
4.926000000000000000e+04,4.010488390922546387e-01,5.975609756097560732e-01,3.458283543586730957e-01,0.000000000000000000e+00
4.927000000000000000e+04,4.150678813457489014e-01,6.341463414634146423e-01,3.553527593612670898e-01,0.000000000000000000e+00
4.928000000000000000e+04,4.685037136077880859e-01,6.219512195121951192e-01,4.120753109455108643e-01,0.000000000000000000e+00
4.929000000000000000e+04,4.259809255599975586e-01,6.341463414634146423e-01,3.692226111888885498e-01,0.000000000000000000e+00
4.930000000000000000e+04,4.326799511909484863e-01,6.219512195121951192e-01,3.738192021846771240e-01,0.000000000000000000e+00
4.931000000000000000e+04,4.424275159835815430e-01,6.341463414634146423e-01,3.948192000389099121e-01,0.000000000000000000e+00
4.932000000000000000e+04,4.330011308193206787e-01,6.097560975609755962e-01,3.932008445262908936e-01,0.000000000000000000e+00
4.933000000000000000e+04,4.476576447486877441e-01,5.975609756097560732e-01,4.394897818565368652e-01,0.000000000000000000e+00
4.934000000000000000e+04,4.464440047740936279e-01,5.975609756097560732e-01,4.144519865512847900e-01,0.000000000000000000e+00
4.935000000000000000e+04,4.318112432956695557e-01,6.341463414634146423e-01,3.838220238685607910e-01,0.000000000000000000e+00
4.936000000000000000e+04,4.492854773998260498e-01,5.975609756097560732e-01,4.280883967876434326e-01,0.000000000000000000e+00
4.937000000000000000e+04,4.288499951362609863e-01,6.097560975609755962e-01,3.973607718944549561e-01,0.000000000000000000e+00
4.938000000000000000e+04,4.097511768341064453e-01,6.219512195121951192e-01,3.746782243251800537e-01,0.000000000000000000e+00
4.939000000000000000e+04,4.438333213329315186e-01,6.097560975609755962e-01,4.313049614429473877e-01,0.000000000000000000e+00
4.940000000000000000e+04,4.332318007946014404e-01,6.219512195121951192e-01,3.971269428730010986e-01,0.000000000000000000e+00
4.941000000000000000e+04,4.458575546741485596e-01,6.219512195121951192e-01,3.944073617458343506e-01,0.000000000000000000e+00
4.942000000000000000e+04,4.683884978294372559e-01,5.975609756097560732e-01,4.603048563003540039e-01,0.000000000000000000e+00
4.943000000000000000e+04,4.450886249542236328e-01,5.975609756097560732e-01,4.223726391792297363e-01,0.000000000000000000e+00
4.944000000000000000e+04,4.400795996189117432e-01,6.097560975609755962e-01,4.254626631736755371e-01,0.000000000000000000e+00
4.945000000000000000e+04,4.165651202201843262e-01,5.975609756097560732e-01,3.756000995635986328e-01,0.000000000000000000e+00
4.946000000000000000e+04,4.267188012599945068e-01,6.219512195121951192e-01,3.969217240810394287e-01,0.000000000000000000e+00
4.947000000000000000e+04,4.306481480598449707e-01,5.853658536585365502e-01,3.798681199550628662e-01,0.000000000000000000e+00
4.948000000000000000e+04,4.013161659240722656e-01,5.853658536585365502e-01,3.543112277984619141e-01,0.000000000000000000e+00
4.949000000000000000e+04,3.970297574996948242e-01,5.853658536585365502e-01,3.601950705051422119e-01,0.000000000000000000e+00
4.950000000000000000e+04,3.926233351230621338e-01,5.853658536585365502e-01,3.478649258613586426e-01,0.000000000000000000e+00
4.951000000000000000e+04,4.257113337516784668e-01,5.609756097560976151e-01,3.944520056247711182e-01,0.000000000000000000e+00
4.952000000000000000e+04,4.275575280189514160e-01,6.097560975609755962e-01,3.969652652740478516e-01,0.000000000000000000e+00
4.953000000000000000e+04,4.270561337471008301e-01,5.853658536585365502e-01,4.014382362365722656e-01,0.000000000000000000e+00
4.954000000000000000e+04,4.356216490268707275e-01,6.097560975609755962e-01,4.088287949562072754e-01,0.000000000000000000e+00
4.955000000000000000e+04,4.360097944736480713e-01,6.097560975609755962e-01,4.205949306488037109e-01,0.000000000000000000e+00
4.956000000000000000e+04,4.386053681373596191e-01,6.097560975609755962e-01,4.249007403850555420e-01,0.000000000000000000e+00
4.957000000000000000e+04,4.274375140666961670e-01,5.975609756097560732e-01,4.122755825519561768e-01,0.000000000000000000e+00
4.958000000000000000e+04,4.540987014770507812e-01,6.219512195121951192e-01,4.255156815052032471e-01,0.000000000000000000e+00
4.959000000000000000e+04,4.573342800140380859e-01,6.463414634146341653e-01,4.396638572216033936e-01,0.000000000000000000e+00
4.960000000000000000e+04,4.396904110908508301e-01,6.097560975609755962e-01,4.050854444503784180e-01,0.000000000000000000e+00
4.961000000000000000e+04,4.407751262187957764e-01,6.097560975609755962e-01,4.189310669898986816e-01,0.000000000000000000e+00
4.962000000000000000e+04,4.536575376987457275e-01,6.219512195121951192e-01,4.477720558643341064e-01,0.000000000000000000e+00
4.963000000000000000e+04,4.467509388923645020e-01,6.219512195121951192e-01,4.343111217021942139e-01,0.000000000000000000e+00
4.964000000000000000e+04,4.306676983833312988e-01,6.219512195121951192e-01,4.011525511741638184e-01,0.000000000000000000e+00
4.965000000000000000e+04,4.305304288864135742e-01,5.609756097560976151e-01,4.039835929870605469e-01,0.000000000000000000e+00
4.966000000000000000e+04,4.221082031726837158e-01,5.853658536585365502e-01,4.013824760913848877e-01,0.000000000000000000e+00
4.967000000000000000e+04,4.281421303749084473e-01,6.463414634146341653e-01,4.117939770221710205e-01,0.000000000000000000e+00
4.968000000000000000e+04,4.233096837997436523e-01,6.341463414634146423e-01,4.057933092117309570e-01,0.000000000000000000e+00
4.969000000000000000e+04,4.312661886215209961e-01,6.097560975609755962e-01,4.181859493255615234e-01,0.000000000000000000e+00
4.970000000000000000e+04,4.162909090518951416e-01,6.097560975609755962e-01,4.063678085803985596e-01,0.000000000000000000e+00
4.971000000000000000e+04,4.267905056476593018e-01,5.975609756097560732e-01,4.016550183296203613e-01,0.000000000000000000e+00
4.972000000000000000e+04,4.287062883377075195e-01,6.219512195121951192e-01,4.124653339385986328e-01,0.000000000000000000e+00
4.973000000000000000e+04,4.081349074840545654e-01,6.097560975609755962e-01,3.959423303604125977e-01,0.000000000000000000e+00
4.974000000000000000e+04,4.514414072036743164e-01,5.731707317073170271e-01,4.352658987045288086e-01,0.000000000000000000e+00
4.975000000000000000e+04,4.528480470180511475e-01,6.219512195121951192e-01,4.479179978370666504e-01,0.000000000000000000e+00
4.976000000000000000e+04,4.397069513797760010e-01,6.097560975609755962e-01,4.426039457321166992e-01,0.000000000000000000e+00
4.977000000000000000e+04,4.241553843021392822e-01,6.097560975609755962e-01,4.129287004470825195e-01,0.000000000000000000e+00
4.978000000000000000e+04,4.339536726474761963e-01,6.341463414634146423e-01,4.316682219505310059e-01,0.000000000000000000e+00
4.979000000000000000e+04,4.320929944515228271e-01,6.341463414634146423e-01,4.198905229568481445e-01,0.000000000000000000e+00
4.980000000000000000e+04,4.373954832553863525e-01,6.219512195121951192e-01,4.278129339218139648e-01,0.000000000000000000e+00
4.981000000000000000e+04,4.484396576881408691e-01,5.731707317073170271e-01,4.417794048786163330e-01,0.000000000000000000e+00
4.982000000000000000e+04,4.223214983940124512e-01,5.975609756097560732e-01,3.982604742050170898e-01,0.000000000000000000e+00
4.983000000000000000e+04,4.192430973052978516e-01,5.975609756097560732e-01,4.058707058429718018e-01,0.000000000000000000e+00
4.984000000000000000e+04,4.231030642986297607e-01,6.219512195121951192e-01,3.850226104259490967e-01,0.000000000000000000e+00
4.985000000000000000e+04,4.048947989940643311e-01,5.853658536585365502e-01,3.713627755641937256e-01,0.000000000000000000e+00
4.986000000000000000e+04,4.444704055786132812e-01,6.097560975609755962e-01,4.174948930740356445e-01,0.000000000000000000e+00
4.987000000000000000e+04,4.680160582065582275e-01,6.219512195121951192e-01,4.659942090511322021e-01,0.000000000000000000e+00
4.988000000000000000e+04,4.767885804176330566e-01,6.341463414634146423e-01,4.656940698623657227e-01,0.000000000000000000e+00
4.989000000000000000e+04,4.830119311809539795e-01,6.097560975609755962e-01,5.062777400016784668e-01,0.000000000000000000e+00
4.990000000000000000e+04,4.765156507492065430e-01,6.097560975609755962e-01,4.720326066017150879e-01,0.000000000000000000e+00
4.991000000000000000e+04,4.565395116806030273e-01,5.853658536585365502e-01,4.645774960517883301e-01,0.000000000000000000e+00
4.992000000000000000e+04,4.625745415687561035e-01,5.975609756097560732e-01,4.425060153007507324e-01,0.000000000000000000e+00
4.993000000000000000e+04,4.840839505195617676e-01,6.097560975609755962e-01,4.886150658130645752e-01,0.000000000000000000e+00
4.994000000000000000e+04,4.546442031860351562e-01,6.219512195121951192e-01,4.444749355316162109e-01,0.000000000000000000e+00
4.995000000000000000e+04,4.417179822921752930e-01,5.975609756097560732e-01,4.099995791912078857e-01,0.000000000000000000e+00
4.996000000000000000e+04,4.323008656501770020e-01,6.341463414634146423e-01,4.030014574527740479e-01,0.000000000000000000e+00
4.997000000000000000e+04,4.493795633316040039e-01,6.219512195121951192e-01,4.199374914169311523e-01,0.000000000000000000e+00
4.998000000000000000e+04,4.454186260700225830e-01,6.219512195121951192e-01,4.354233443737030029e-01,0.000000000000000000e+00
4.999000000000000000e+04,4.370612502098083496e-01,6.341463414634146423e-01,4.103055298328399658e-01,0.000000000000000000e+00
