time_ps,interface_rmsd_nm,native_contact_fraction,peptide_com_shift_nm,departed
0.000000000000000000e+00,0.000000000000000000e+00,1.000000000000000000e+00,0.000000000000000000e+00,0.000000000000000000e+00
1.000000000000000000e+01,7.000885903835296631e-02,8.962264150943396457e-01,2.235276065766811371e-02,0.000000000000000000e+00
2.000000000000000000e+01,7.196031510829925537e-02,9.339622641509434109e-01,3.614695370197296143e-02,0.000000000000000000e+00
3.000000000000000000e+01,7.023555785417556763e-02,9.433962264150943522e-01,1.218063104897737503e-02,0.000000000000000000e+00
4.000000000000000000e+01,7.849153131246566772e-02,9.056603773584905870e-01,5.194927379488945007e-02,0.000000000000000000e+00
5.000000000000000000e+01,8.800864964723587036e-02,8.679245283018868218e-01,2.483514137566089630e-02,0.000000000000000000e+00
6.000000000000000000e+01,7.796115428209304810e-02,9.056603773584905870e-01,2.988837473094463348e-02,0.000000000000000000e+00
7.000000000000000000e+01,8.898258209228515625e-02,8.962264150943396457e-01,3.279634565114974976e-02,0.000000000000000000e+00
8.000000000000000000e+01,9.394908696413040161e-02,8.962264150943396457e-01,6.616908311843872070e-02,0.000000000000000000e+00
9.000000000000000000e+01,9.185584634542465210e-02,8.773584905660377631e-01,5.874701216816902161e-02,0.000000000000000000e+00
1.000000000000000000e+02,8.372319489717483521e-02,9.245283018867924696e-01,4.875871911644935608e-02,0.000000000000000000e+00
1.100000000000000000e+02,8.438103646039962769e-02,8.962264150943396457e-01,3.535270690917968750e-02,0.000000000000000000e+00
1.200000000000000000e+02,8.455281704664230347e-02,8.867924528301887044e-01,8.332489058375358582e-03,0.000000000000000000e+00
1.300000000000000000e+02,8.714237064123153687e-02,9.339622641509434109e-01,3.019482269883155823e-02,0.000000000000000000e+00
1.400000000000000000e+02,8.489512652158737183e-02,8.490566037735849392e-01,4.325543344020843506e-02,0.000000000000000000e+00
1.500000000000000000e+02,9.438979625701904297e-02,8.773584905660377631e-01,4.443668201565742493e-02,0.000000000000000000e+00
1.600000000000000000e+02,9.642823040485382080e-02,8.773584905660377631e-01,4.321566224098205566e-02,0.000000000000000000e+00
1.700000000000000000e+02,1.078902184963226318e-01,8.679245283018868218e-01,6.009562686085700989e-02,0.000000000000000000e+00
1.800000000000000000e+02,8.432085812091827393e-02,8.584905660377358805e-01,2.738749049603939056e-02,0.000000000000000000e+00
1.900000000000000000e+02,8.080110698938369751e-02,8.584905660377358805e-01,2.852961607277393341e-02,0.000000000000000000e+00
2.000000000000000000e+02,7.883331924676895142e-02,8.962264150943396457e-01,2.514303475618362427e-02,0.000000000000000000e+00
2.100000000000000000e+02,8.369723707437515259e-02,8.867924528301887044e-01,1.260762754827737808e-02,0.000000000000000000e+00
2.200000000000000000e+02,8.398074656724929810e-02,8.679245283018868218e-01,2.237174846231937408e-02,0.000000000000000000e+00
2.300000000000000000e+02,8.059645444154739380e-02,8.679245283018868218e-01,2.464950457215309143e-02,0.000000000000000000e+00
2.400000000000000000e+02,8.486889302730560303e-02,8.962264150943396457e-01,3.094731643795967102e-02,0.000000000000000000e+00
2.500000000000000000e+02,1.005795747041702271e-01,8.584905660377358805e-01,2.161875925958156586e-02,0.000000000000000000e+00
2.600000000000000000e+02,8.965182304382324219e-02,8.679245283018868218e-01,1.304767932742834091e-02,0.000000000000000000e+00
2.700000000000000000e+02,1.018254682421684265e-01,9.056603773584905870e-01,5.143807455897331238e-02,0.000000000000000000e+00
2.800000000000000000e+02,9.987802803516387939e-02,8.584905660377358805e-01,7.703683804720640182e-03,0.000000000000000000e+00
2.900000000000000000e+02,1.059952527284622192e-01,8.679245283018868218e-01,5.309991911053657532e-02,0.000000000000000000e+00
3.000000000000000000e+02,1.013468205928802490e-01,8.962264150943396457e-01,4.676371440291404724e-02,0.000000000000000000e+00
3.100000000000000000e+02,9.671221673488616943e-02,8.584905660377358805e-01,4.715969040989875793e-02,0.000000000000000000e+00
3.200000000000000000e+02,1.032187715172767639e-01,8.301886792452830566e-01,4.064133018255233765e-02,0.000000000000000000e+00
3.300000000000000000e+02,9.902005642652511597e-02,8.018867924528302327e-01,6.386546790599822998e-02,0.000000000000000000e+00
3.400000000000000000e+02,1.030573844909667969e-01,8.018867924528302327e-01,3.884376585483551025e-02,0.000000000000000000e+00
3.500000000000000000e+02,9.092714637517929077e-02,8.490566037735849392e-01,3.520443290472030640e-02,0.000000000000000000e+00
3.600000000000000000e+02,9.375716000795364380e-02,8.773584905660377631e-01,1.255360059440135956e-02,0.000000000000000000e+00
3.700000000000000000e+02,9.461644291877746582e-02,8.679245283018868218e-01,1.263271272182464600e-02,0.000000000000000000e+00
3.800000000000000000e+02,9.411162137985229492e-02,8.018867924528302327e-01,3.147562220692634583e-02,0.000000000000000000e+00
3.900000000000000000e+02,1.122411862015724182e-01,8.490566037735849392e-01,6.106736883521080017e-02,0.000000000000000000e+00
4.000000000000000000e+02,9.013564139604568481e-02,8.490566037735849392e-01,4.393530264496803284e-02,0.000000000000000000e+00
4.100000000000000000e+02,9.560204297304153442e-02,8.490566037735849392e-01,3.538171947002410889e-02,0.000000000000000000e+00
4.200000000000000000e+02,9.575404226779937744e-02,8.113207547169811740e-01,5.449750646948814392e-02,0.000000000000000000e+00
4.300000000000000000e+02,9.069280326366424561e-02,8.773584905660377631e-01,2.770440094172954559e-02,0.000000000000000000e+00
4.400000000000000000e+02,8.918895572423934937e-02,9.150943396226415283e-01,3.759125992655754089e-02,0.000000000000000000e+00
4.500000000000000000e+02,9.482230991125106812e-02,8.867924528301887044e-01,2.407133951783180237e-02,0.000000000000000000e+00
4.600000000000000000e+02,9.599290043115615845e-02,8.679245283018868218e-01,3.345674276351928711e-02,0.000000000000000000e+00
4.700000000000000000e+02,8.967282623052597046e-02,8.679245283018868218e-01,2.770593948662281036e-02,0.000000000000000000e+00
4.800000000000000000e+02,1.007530167698860168e-01,8.773584905660377631e-01,2.143252268433570862e-02,0.000000000000000000e+00
4.900000000000000000e+02,8.750180155038833618e-02,8.679245283018868218e-01,5.096194799989461899e-03,0.000000000000000000e+00
5.000000000000000000e+02,8.953815698623657227e-02,8.773584905660377631e-01,3.373954072594642639e-02,0.000000000000000000e+00
5.100000000000000000e+02,8.832075446844100952e-02,8.584905660377358805e-01,2.967655286192893982e-02,0.000000000000000000e+00
5.200000000000000000e+02,9.470996260643005371e-02,8.396226415094339979e-01,2.122644148766994476e-02,0.000000000000000000e+00
5.300000000000000000e+02,8.942941576242446899e-02,8.584905660377358805e-01,1.156830135732889175e-02,0.000000000000000000e+00
5.400000000000000000e+02,8.969110250473022461e-02,8.396226415094339979e-01,2.274737693369388580e-02,0.000000000000000000e+00
5.500000000000000000e+02,9.303220361471176147e-02,8.584905660377358805e-01,1.692670956254005432e-02,0.000000000000000000e+00
5.600000000000000000e+02,8.426280319690704346e-02,8.490566037735849392e-01,2.194648049771785736e-02,0.000000000000000000e+00
5.700000000000000000e+02,8.940159529447555542e-02,8.584905660377358805e-01,1.178716868162155151e-02,0.000000000000000000e+00
5.800000000000000000e+02,9.433642029762268066e-02,8.301886792452830566e-01,2.181151136755943298e-02,0.000000000000000000e+00
5.900000000000000000e+02,9.249001741409301758e-02,8.396226415094339979e-01,1.325759198516607285e-02,0.000000000000000000e+00
6.000000000000000000e+02,9.165287017822265625e-02,8.773584905660377631e-01,1.926882006227970123e-02,0.000000000000000000e+00
6.100000000000000000e+02,9.358561784029006958e-02,8.867924528301887044e-01,2.721020951867103577e-02,0.000000000000000000e+00
6.200000000000000000e+02,9.826454520225524902e-02,8.679245283018868218e-01,2.448334358632564545e-02,0.000000000000000000e+00
6.300000000000000000e+02,9.331650286912918091e-02,8.867924528301887044e-01,2.308746613562107086e-02,0.000000000000000000e+00
6.400000000000000000e+02,9.679943323135375977e-02,8.962264150943396457e-01,1.521512307226657867e-02,0.000000000000000000e+00
6.500000000000000000e+02,9.631443768739700317e-02,8.867924528301887044e-01,1.770696602761745453e-02,0.000000000000000000e+00
6.600000000000000000e+02,1.035816818475723267e-01,8.584905660377358805e-01,2.839778549969196320e-02,0.000000000000000000e+00
6.700000000000000000e+02,1.206596717238426208e-01,8.584905660377358805e-01,3.076073341071605682e-02,0.000000000000000000e+00
6.800000000000000000e+02,1.026437878608703613e-01,8.584905660377358805e-01,3.305915370583534241e-02,0.000000000000000000e+00
6.900000000000000000e+02,1.081618294119834900e-01,8.679245283018868218e-01,1.905718445777893066e-02,0.000000000000000000e+00
7.000000000000000000e+02,9.811798483133316040e-02,8.584905660377358805e-01,1.688998192548751831e-02,0.000000000000000000e+00
7.100000000000000000e+02,9.343548864126205444e-02,8.018867924528302327e-01,2.856484428048133850e-02,0.000000000000000000e+00
7.200000000000000000e+02,9.963304549455642700e-02,8.396226415094339979e-01,1.148247439414262772e-02,0.000000000000000000e+00
7.300000000000000000e+02,1.022873744368553162e-01,8.773584905660377631e-01,3.509358316659927368e-02,0.000000000000000000e+00
7.400000000000000000e+02,1.045692712068557739e-01,8.490566037735849392e-01,2.927602827548980713e-02,0.000000000000000000e+00
7.500000000000000000e+02,1.044345945119857788e-01,8.679245283018868218e-01,3.866202384233474731e-02,0.000000000000000000e+00
7.600000000000000000e+02,9.761006385087966919e-02,8.679245283018868218e-01,6.418090779334306717e-03,0.000000000000000000e+00
7.700000000000000000e+02,9.309610724449157715e-02,9.056603773584905870e-01,4.352222383022308350e-02,0.000000000000000000e+00
7.800000000000000000e+02,1.034826114773750305e-01,9.150943396226415283e-01,2.118630334734916687e-02,0.000000000000000000e+00
7.900000000000000000e+02,9.979672729969024658e-02,8.962264150943396457e-01,3.156687691807746887e-02,0.000000000000000000e+00
8.000000000000000000e+02,1.035926714539527893e-01,8.962264150943396457e-01,2.396220900118350983e-02,0.000000000000000000e+00
8.100000000000000000e+02,1.135677471756935120e-01,8.867924528301887044e-01,2.990166656672954559e-02,0.000000000000000000e+00
8.200000000000000000e+02,1.004605814814567566e-01,8.584905660377358805e-01,4.066944122314453125e-02,0.000000000000000000e+00
8.300000000000000000e+02,9.006657451391220093e-02,8.396226415094339979e-01,2.249654009938240051e-02,0.000000000000000000e+00
8.400000000000000000e+02,8.887827396392822266e-02,8.490566037735849392e-01,2.942955680191516876e-02,0.000000000000000000e+00
8.500000000000000000e+02,9.596632421016693115e-02,8.962264150943396457e-01,1.947741582989692688e-02,0.000000000000000000e+00
8.600000000000000000e+02,8.834001421928405762e-02,8.962264150943396457e-01,2.201546542346477509e-02,0.000000000000000000e+00
8.700000000000000000e+02,8.676055073738098145e-02,9.150943396226415283e-01,3.911773115396499634e-02,0.000000000000000000e+00
8.800000000000000000e+02,9.103190898895263672e-02,8.773584905660377631e-01,2.206892333924770355e-02,0.000000000000000000e+00
8.900000000000000000e+02,9.618363529443740845e-02,8.301886792452830566e-01,2.941745892167091370e-02,0.000000000000000000e+00
9.000000000000000000e+02,1.041493192315101624e-01,8.396226415094339979e-01,5.407151579856872559e-02,0.000000000000000000e+00
9.100000000000000000e+02,9.444273263216018677e-02,8.679245283018868218e-01,2.709074132144451141e-02,0.000000000000000000e+00
9.200000000000000000e+02,1.069583371281623840e-01,8.396226415094339979e-01,3.658112883567810059e-02,0.000000000000000000e+00
9.300000000000000000e+02,8.794583380222320557e-02,8.773584905660377631e-01,2.697684057056903839e-02,0.000000000000000000e+00
9.400000000000000000e+02,8.675704151391983032e-02,8.962264150943396457e-01,2.468024380505084991e-02,0.000000000000000000e+00
9.500000000000000000e+02,9.540285170078277588e-02,8.584905660377358805e-01,3.789515420794487000e-02,0.000000000000000000e+00
9.600000000000000000e+02,9.948338568210601807e-02,8.113207547169811740e-01,3.595965355634689331e-02,0.000000000000000000e+00
9.700000000000000000e+02,9.909094125032424927e-02,7.924528301886792914e-01,4.511442407965660095e-02,0.000000000000000000e+00
9.800000000000000000e+02,9.350256621837615967e-02,7.924528301886792914e-01,3.432942181825637817e-02,0.000000000000000000e+00
9.900000000000000000e+02,9.598519653081893921e-02,8.679245283018868218e-01,4.434853419661521912e-02,0.000000000000000000e+00
1.000000000000000000e+03,9.897468239068984985e-02,8.584905660377358805e-01,4.506731033325195312e-02,0.000000000000000000e+00
1.010000000000000000e+03,9.625210613012313843e-02,8.584905660377358805e-01,5.939276516437530518e-02,0.000000000000000000e+00
1.020000000000000000e+03,1.251096129417419434e-01,8.679245283018868218e-01,8.814094215631484985e-02,0.000000000000000000e+00
1.030000000000000000e+03,1.138206049799919128e-01,8.773584905660377631e-01,6.692021340131759644e-02,0.000000000000000000e+00
1.040000000000000000e+03,1.284022480249404907e-01,8.773584905660377631e-01,7.712002098560333252e-02,0.000000000000000000e+00
1.050000000000000000e+03,1.159638911485671997e-01,8.584905660377358805e-01,5.852996930480003357e-02,0.000000000000000000e+00
1.060000000000000000e+03,1.078841760754585266e-01,8.396226415094339979e-01,6.458810716867446899e-02,0.000000000000000000e+00
1.070000000000000000e+03,1.123660504817962646e-01,8.301886792452830566e-01,5.820597708225250244e-02,0.000000000000000000e+00
1.080000000000000000e+03,1.121636554598808289e-01,8.962264150943396457e-01,8.209279924631118774e-02,0.000000000000000000e+00
1.090000000000000000e+03,1.136897429823875427e-01,8.396226415094339979e-01,4.830035939812660217e-02,0.000000000000000000e+00
1.100000000000000000e+03,1.288279294967651367e-01,8.584905660377358805e-01,7.507185637950897217e-02,0.000000000000000000e+00
1.110000000000000000e+03,1.419932246208190918e-01,8.584905660377358805e-01,7.133676856756210327e-02,0.000000000000000000e+00
1.120000000000000000e+03,1.321037709712982178e-01,8.301886792452830566e-01,6.955377012491226196e-02,0.000000000000000000e+00
1.130000000000000000e+03,1.233368813991546631e-01,8.301886792452830566e-01,8.054934442043304443e-02,0.000000000000000000e+00
1.140000000000000000e+03,1.273484975099563599e-01,8.396226415094339979e-01,7.340294122695922852e-02,0.000000000000000000e+00
1.150000000000000000e+03,1.188075244426727295e-01,8.773584905660377631e-01,7.467231154441833496e-02,0.000000000000000000e+00
1.160000000000000000e+03,1.294769942760467529e-01,8.490566037735849392e-01,7.130096852779388428e-02,0.000000000000000000e+00
1.170000000000000000e+03,1.315045952796936035e-01,8.773584905660377631e-01,7.212907075881958008e-02,0.000000000000000000e+00
1.180000000000000000e+03,1.201187297701835632e-01,8.773584905660377631e-01,6.463460624217987061e-02,0.000000000000000000e+00
1.190000000000000000e+03,1.443019658327102661e-01,8.867924528301887044e-01,9.641341865062713623e-02,0.000000000000000000e+00
1.200000000000000000e+03,1.340162754058837891e-01,8.396226415094339979e-01,8.487132191658020020e-02,0.000000000000000000e+00
1.210000000000000000e+03,1.304137706756591797e-01,8.773584905660377631e-01,9.239555150270462036e-02,0.000000000000000000e+00
1.220000000000000000e+03,1.389117389917373657e-01,8.018867924528302327e-01,1.001333966851234436e-01,0.000000000000000000e+00
1.230000000000000000e+03,1.455468833446502686e-01,7.830188679245283501e-01,8.422152698040008545e-02,0.000000000000000000e+00
1.240000000000000000e+03,1.479325294494628906e-01,8.396226415094339979e-01,1.269579976797103882e-01,0.000000000000000000e+00
1.250000000000000000e+03,1.483602225780487061e-01,8.584905660377358805e-01,9.353809803724288940e-02,0.000000000000000000e+00
1.260000000000000000e+03,1.338268220424652100e-01,8.773584905660377631e-01,8.425232023000717163e-02,0.000000000000000000e+00
1.270000000000000000e+03,1.382030248641967773e-01,8.301886792452830566e-01,9.064126759767532349e-02,0.000000000000000000e+00
1.280000000000000000e+03,1.360269635915756226e-01,8.490566037735849392e-01,6.308611482381820679e-02,0.000000000000000000e+00
1.290000000000000000e+03,1.588920205831527710e-01,8.490566037735849392e-01,8.495755493640899658e-02,0.000000000000000000e+00
1.300000000000000000e+03,1.379650831222534180e-01,8.490566037735849392e-01,7.197337597608566284e-02,0.000000000000000000e+00
1.310000000000000000e+03,1.391424089670181274e-01,8.773584905660377631e-01,6.809295713901519775e-02,0.000000000000000000e+00
1.320000000000000000e+03,1.255975663661956787e-01,8.207547169811321153e-01,5.927215516567230225e-02,0.000000000000000000e+00
1.330000000000000000e+03,1.164400726556777954e-01,8.396226415094339979e-01,5.162512511014938354e-02,0.000000000000000000e+00
1.340000000000000000e+03,1.172290667891502380e-01,8.396226415094339979e-01,5.862129852175712585e-02,0.000000000000000000e+00
1.350000000000000000e+03,1.282325088977813721e-01,8.396226415094339979e-01,6.241958215832710266e-02,0.000000000000000000e+00
1.360000000000000000e+03,1.428378522396087646e-01,8.207547169811321153e-01,8.210416138172149658e-02,0.000000000000000000e+00
1.370000000000000000e+03,1.637712419033050537e-01,8.867924528301887044e-01,8.116065710783004761e-02,0.000000000000000000e+00
1.380000000000000000e+03,1.246809139847755432e-01,8.490566037735849392e-01,4.457847774028778076e-02,0.000000000000000000e+00
1.390000000000000000e+03,1.528404653072357178e-01,8.396226415094339979e-01,5.067197233438491821e-02,0.000000000000000000e+00
1.400000000000000000e+03,1.400406658649444580e-01,8.490566037735849392e-01,5.666309967637062073e-02,0.000000000000000000e+00
1.410000000000000000e+03,1.301970630884170532e-01,8.584905660377358805e-01,6.580828130245208740e-02,0.000000000000000000e+00
1.420000000000000000e+03,1.394809484481811523e-01,8.490566037735849392e-01,5.378020182251930237e-02,0.000000000000000000e+00
1.430000000000000000e+03,1.376743465662002563e-01,8.113207547169811740e-01,7.778841257095336914e-02,0.000000000000000000e+00
1.440000000000000000e+03,1.328423917293548584e-01,8.490566037735849392e-01,7.875188440084457397e-02,0.000000000000000000e+00
1.450000000000000000e+03,1.360990703105926514e-01,8.679245283018868218e-01,9.180293977260589600e-02,0.000000000000000000e+00
1.460000000000000000e+03,1.511531323194503784e-01,8.773584905660377631e-01,7.561372965574264526e-02,0.000000000000000000e+00
1.470000000000000000e+03,1.514438092708587646e-01,8.867924528301887044e-01,7.708560675382614136e-02,0.000000000000000000e+00
1.480000000000000000e+03,1.387368887662887573e-01,8.773584905660377631e-01,7.685036957263946533e-02,0.000000000000000000e+00
1.490000000000000000e+03,1.360013186931610107e-01,8.584905660377358805e-01,4.592734202742576599e-02,0.000000000000000000e+00
1.500000000000000000e+03,1.396078467369079590e-01,8.584905660377358805e-01,7.620203495025634766e-02,0.000000000000000000e+00
1.510000000000000000e+03,1.425464004278182983e-01,8.301886792452830566e-01,6.643392145633697510e-02,0.000000000000000000e+00
1.520000000000000000e+03,1.376087069511413574e-01,7.924528301886792914e-01,4.946340247988700867e-02,0.000000000000000000e+00
1.530000000000000000e+03,1.450172215700149536e-01,8.490566037735849392e-01,6.183868274092674255e-02,0.000000000000000000e+00
1.540000000000000000e+03,1.350645124912261963e-01,8.679245283018868218e-01,5.703281983733177185e-02,0.000000000000000000e+00
1.550000000000000000e+03,1.493849605321884155e-01,8.490566037735849392e-01,5.525403097271919250e-02,0.000000000000000000e+00
1.560000000000000000e+03,1.540964543819427490e-01,8.867924528301887044e-01,6.911303848028182983e-02,0.000000000000000000e+00
1.570000000000000000e+03,1.742649227380752563e-01,8.679245283018868218e-01,5.364604666829109192e-02,0.000000000000000000e+00
1.580000000000000000e+03,1.746941059827804565e-01,9.150943396226415283e-01,6.879069656133651733e-02,0.000000000000000000e+00
1.590000000000000000e+03,1.740835607051849365e-01,8.301886792452830566e-01,8.611658960580825806e-02,0.000000000000000000e+00
1.600000000000000000e+03,1.686058044433593750e-01,8.773584905660377631e-01,6.868486106395721436e-02,0.000000000000000000e+00
1.610000000000000000e+03,1.742096841335296631e-01,8.396226415094339979e-01,7.373513281345367432e-02,0.000000000000000000e+00
1.620000000000000000e+03,1.500495076179504395e-01,8.584905660377358805e-01,7.642935216426849365e-02,0.000000000000000000e+00
1.630000000000000000e+03,1.630849540233612061e-01,8.490566037735849392e-01,9.216723591089248657e-02,0.000000000000000000e+00
1.640000000000000000e+03,1.651068031787872314e-01,8.490566037735849392e-01,9.626848250627517700e-02,0.000000000000000000e+00
1.650000000000000000e+03,1.781714409589767456e-01,8.301886792452830566e-01,8.468558639287948608e-02,0.000000000000000000e+00
1.660000000000000000e+03,1.950622051954269409e-01,8.584905660377358805e-01,1.073831915855407715e-01,0.000000000000000000e+00
1.670000000000000000e+03,1.764827519655227661e-01,8.584905660377358805e-01,9.229905158281326294e-02,0.000000000000000000e+00
1.680000000000000000e+03,1.642592698335647583e-01,8.018867924528302327e-01,7.567930221557617188e-02,0.000000000000000000e+00
1.690000000000000000e+03,1.725555956363677979e-01,8.584905660377358805e-01,7.761639356613159180e-02,0.000000000000000000e+00
1.700000000000000000e+03,1.501738578081130981e-01,8.584905660377358805e-01,7.080888003110885620e-02,0.000000000000000000e+00
1.710000000000000000e+03,1.567541062831878662e-01,8.490566037735849392e-01,5.623876675963401794e-02,0.000000000000000000e+00
1.720000000000000000e+03,1.533128172159194946e-01,7.924528301886792914e-01,6.832180917263031006e-02,0.000000000000000000e+00
1.730000000000000000e+03,1.579508483409881592e-01,8.207547169811321153e-01,6.029931083321571350e-02,0.000000000000000000e+00
1.740000000000000000e+03,1.576944887638092041e-01,8.584905660377358805e-01,6.977739185094833374e-02,0.000000000000000000e+00
1.750000000000000000e+03,1.595328897237777710e-01,8.396226415094339979e-01,6.618551164865493774e-02,0.000000000000000000e+00
1.760000000000000000e+03,1.738427281379699707e-01,8.301886792452830566e-01,8.138909935951232910e-02,0.000000000000000000e+00
1.770000000000000000e+03,1.447935104370117188e-01,8.396226415094339979e-01,5.992184951901435852e-02,0.000000000000000000e+00
1.780000000000000000e+03,1.446604132652282715e-01,7.924528301886792914e-01,4.703761637210845947e-02,0.000000000000000000e+00
1.790000000000000000e+03,1.410209834575653076e-01,8.490566037735849392e-01,5.207646638154983521e-02,0.000000000000000000e+00
1.800000000000000000e+03,1.574380695819854736e-01,8.584905660377358805e-01,6.520192325115203857e-02,0.000000000000000000e+00
1.810000000000000000e+03,1.499368399381637573e-01,8.490566037735849392e-01,7.748133689165115356e-02,0.000000000000000000e+00
1.820000000000000000e+03,1.267280876636505127e-01,8.301886792452830566e-01,4.041570797562599182e-02,0.000000000000000000e+00
1.830000000000000000e+03,1.550305038690567017e-01,8.867924528301887044e-01,6.630464643239974976e-02,0.000000000000000000e+00
1.840000000000000000e+03,1.619085520505905151e-01,8.867924528301887044e-01,3.274469450116157532e-02,0.000000000000000000e+00
1.850000000000000000e+03,1.509734094142913818e-01,8.584905660377358805e-01,5.295489728450775146e-02,0.000000000000000000e+00
1.860000000000000000e+03,1.731151938438415527e-01,8.301886792452830566e-01,7.322247326374053955e-02,0.000000000000000000e+00
1.870000000000000000e+03,1.491169184446334839e-01,8.490566037735849392e-01,5.236469209194183350e-02,0.000000000000000000e+00
1.880000000000000000e+03,1.728609055280685425e-01,8.301886792452830566e-01,6.225784495472908020e-02,0.000000000000000000e+00
1.890000000000000000e+03,1.549066305160522461e-01,8.396226415094339979e-01,5.135574191808700562e-02,0.000000000000000000e+00
1.900000000000000000e+03,1.634920537471771240e-01,8.584905660377358805e-01,8.396290242671966553e-02,0.000000000000000000e+00
1.910000000000000000e+03,1.466523110866546631e-01,8.396226415094339979e-01,5.698339641094207764e-02,0.000000000000000000e+00
1.920000000000000000e+03,1.471953839063644409e-01,8.018867924528302327e-01,3.757303208112716675e-02,0.000000000000000000e+00
1.930000000000000000e+03,1.495274305343627930e-01,7.641509433962264675e-01,3.247494995594024658e-02,0.000000000000000000e+00
1.940000000000000000e+03,1.470568478107452393e-01,7.924528301886792914e-01,4.642689973115921021e-02,0.000000000000000000e+00
1.950000000000000000e+03,1.459130346775054932e-01,8.113207547169811740e-01,5.745497345924377441e-02,0.000000000000000000e+00
1.960000000000000000e+03,1.630441546440124512e-01,7.735849056603774088e-01,6.071817129850387573e-02,0.000000000000000000e+00
1.970000000000000000e+03,1.566104888916015625e-01,7.924528301886792914e-01,4.871768504381179810e-02,0.000000000000000000e+00
1.980000000000000000e+03,1.657060533761978149e-01,8.207547169811321153e-01,4.904247447848320007e-02,0.000000000000000000e+00
1.990000000000000000e+03,1.851780116558074951e-01,7.830188679245283501e-01,7.032261043787002563e-02,0.000000000000000000e+00
2.000000000000000000e+03,1.796887516975402832e-01,7.735849056603774088e-01,5.695793405175209045e-02,0.000000000000000000e+00
2.010000000000000000e+03,1.879760771989822388e-01,7.924528301886792914e-01,4.872598126530647278e-02,0.000000000000000000e+00
2.020000000000000000e+03,1.897611618041992188e-01,8.018867924528302327e-01,4.187268018722534180e-02,0.000000000000000000e+00
2.030000000000000000e+03,1.713228225708007812e-01,8.207547169811321153e-01,5.366401001811027527e-02,0.000000000000000000e+00
2.040000000000000000e+03,1.866141557693481445e-01,8.018867924528302327e-01,6.296146661043167114e-02,0.000000000000000000e+00
2.050000000000000000e+03,1.980003118515014648e-01,8.396226415094339979e-01,4.857900366187095642e-02,0.000000000000000000e+00
2.060000000000000000e+03,1.808350086212158203e-01,8.113207547169811740e-01,3.087572939693927765e-02,0.000000000000000000e+00
2.070000000000000000e+03,1.891533583402633667e-01,8.301886792452830566e-01,4.683311283588409424e-02,0.000000000000000000e+00
2.080000000000000000e+03,1.873170584440231323e-01,8.301886792452830566e-01,4.210935160517692566e-02,0.000000000000000000e+00
2.090000000000000000e+03,1.712438762187957764e-01,8.113207547169811740e-01,5.972434952855110168e-02,0.000000000000000000e+00
2.100000000000000000e+03,1.904761344194412231e-01,8.679245283018868218e-01,5.107675865292549133e-02,0.000000000000000000e+00
2.110000000000000000e+03,1.855231076478958130e-01,8.113207547169811740e-01,5.522688105702400208e-02,0.000000000000000000e+00
2.120000000000000000e+03,1.715445071458816528e-01,8.018867924528302327e-01,4.550983756780624390e-02,0.000000000000000000e+00
2.130000000000000000e+03,1.585447341203689575e-01,7.924528301886792914e-01,3.961892053484916687e-02,0.000000000000000000e+00
2.140000000000000000e+03,1.440539658069610596e-01,8.018867924528302327e-01,4.631199315190315247e-02,0.000000000000000000e+00
2.150000000000000000e+03,1.519978344440460205e-01,8.018867924528302327e-01,4.676751792430877686e-02,0.000000000000000000e+00
2.160000000000000000e+03,1.478971242904663086e-01,8.113207547169811740e-01,4.458514600992202759e-02,0.000000000000000000e+00
2.170000000000000000e+03,1.672135293483734131e-01,8.301886792452830566e-01,6.967661529779434204e-02,0.000000000000000000e+00
2.180000000000000000e+03,1.653776913881301880e-01,8.113207547169811740e-01,6.837265938520431519e-02,0.000000000000000000e+00
2.190000000000000000e+03,1.573585867881774902e-01,8.396226415094339979e-01,2.889722771942615509e-02,0.000000000000000000e+00
2.200000000000000000e+03,1.624279469251632690e-01,8.584905660377358805e-01,5.065587162971496582e-02,0.000000000000000000e+00
2.210000000000000000e+03,1.645871102809906006e-01,8.301886792452830566e-01,4.363020509481430054e-02,0.000000000000000000e+00
2.220000000000000000e+03,1.574206650257110596e-01,8.584905660377358805e-01,4.304882884025573730e-02,0.000000000000000000e+00
2.230000000000000000e+03,1.522139161825180054e-01,8.301886792452830566e-01,4.451691359281539917e-02,0.000000000000000000e+00
2.240000000000000000e+03,1.560196131467819214e-01,8.301886792452830566e-01,3.441434726119041443e-02,0.000000000000000000e+00
2.250000000000000000e+03,1.516244113445281982e-01,8.113207547169811740e-01,5.006326735019683838e-02,0.000000000000000000e+00
2.260000000000000000e+03,1.620018780231475830e-01,8.018867924528302327e-01,5.697469040751457214e-02,0.000000000000000000e+00
2.270000000000000000e+03,1.625689864158630371e-01,8.207547169811321153e-01,6.592068821191787720e-02,0.000000000000000000e+00
2.280000000000000000e+03,1.672433465719223022e-01,8.113207547169811740e-01,9.324155002832412720e-02,0.000000000000000000e+00
2.290000000000000000e+03,1.554318517446517944e-01,8.396226415094339979e-01,6.511349976062774658e-02,0.000000000000000000e+00
2.300000000000000000e+03,1.401958465576171875e-01,8.301886792452830566e-01,6.013261526823043823e-02,0.000000000000000000e+00
2.310000000000000000e+03,1.465898603200912476e-01,8.207547169811321153e-01,2.230878360569477081e-02,0.000000000000000000e+00
2.320000000000000000e+03,1.656023710966110229e-01,7.641509433962264675e-01,4.478236660361289978e-02,0.000000000000000000e+00
2.330000000000000000e+03,1.832940131425857544e-01,8.207547169811321153e-01,5.331503972411155701e-02,0.000000000000000000e+00
2.340000000000000000e+03,1.736063063144683838e-01,7.735849056603774088e-01,5.464610084891319275e-02,0.000000000000000000e+00
2.350000000000000000e+03,1.683256328105926514e-01,8.018867924528302327e-01,4.808372259140014648e-02,0.000000000000000000e+00
2.360000000000000000e+03,1.775102764368057251e-01,7.735849056603774088e-01,3.392080962657928467e-02,0.000000000000000000e+00
2.370000000000000000e+03,1.652684807777404785e-01,8.018867924528302327e-01,2.766764909029006958e-02,0.000000000000000000e+00
2.380000000000000000e+03,1.663515567779541016e-01,7.735849056603774088e-01,5.155693367123603821e-02,0.000000000000000000e+00
2.390000000000000000e+03,1.615530550479888916e-01,8.301886792452830566e-01,1.966405101120471954e-02,0.000000000000000000e+00
2.400000000000000000e+03,1.582207530736923218e-01,8.207547169811321153e-01,4.214011505246162415e-02,0.000000000000000000e+00
2.410000000000000000e+03,1.579298526048660278e-01,8.490566037735849392e-01,3.673966601490974426e-02,0.000000000000000000e+00
2.420000000000000000e+03,1.679509878158569336e-01,8.018867924528302327e-01,4.645425826311111450e-02,0.000000000000000000e+00
2.430000000000000000e+03,1.678062230348587036e-01,7.924528301886792914e-01,3.668244928121566772e-02,0.000000000000000000e+00
2.440000000000000000e+03,1.601847708225250244e-01,7.924528301886792914e-01,4.419112950563430786e-02,0.000000000000000000e+00
2.450000000000000000e+03,1.455095410346984863e-01,7.641509433962264675e-01,1.975382678210735321e-02,0.000000000000000000e+00
2.460000000000000000e+03,1.393435150384902954e-01,7.735849056603774088e-01,2.200139313936233521e-02,0.000000000000000000e+00
2.470000000000000000e+03,1.402412056922912598e-01,8.207547169811321153e-01,3.266940265893936157e-02,0.000000000000000000e+00
2.480000000000000000e+03,1.647905558347702026e-01,7.735849056603774088e-01,3.935872390866279602e-02,0.000000000000000000e+00
2.490000000000000000e+03,1.663254052400588989e-01,7.924528301886792914e-01,3.468608111143112183e-02,0.000000000000000000e+00
2.500000000000000000e+03,1.452152281999588013e-01,7.924528301886792914e-01,6.723969243466854095e-03,0.000000000000000000e+00
2.510000000000000000e+03,1.487774550914764404e-01,8.018867924528302327e-01,3.952886909246444702e-02,0.000000000000000000e+00
2.520000000000000000e+03,1.503527313470840454e-01,7.924528301886792914e-01,3.472251445055007935e-02,0.000000000000000000e+00
2.530000000000000000e+03,1.549309194087982178e-01,8.113207547169811740e-01,3.078148327767848969e-02,0.000000000000000000e+00
2.540000000000000000e+03,1.634145230054855347e-01,7.924528301886792914e-01,3.198406100273132324e-02,0.000000000000000000e+00
2.550000000000000000e+03,1.494681686162948608e-01,8.207547169811321153e-01,4.498501494526863098e-02,0.000000000000000000e+00
2.560000000000000000e+03,1.477039009332656860e-01,7.924528301886792914e-01,3.654884919524192810e-02,0.000000000000000000e+00
2.570000000000000000e+03,1.493067145347595215e-01,8.113207547169811740e-01,2.999112010002136230e-02,0.000000000000000000e+00
2.580000000000000000e+03,1.432570070028305054e-01,7.735849056603774088e-01,2.492893673479557037e-02,0.000000000000000000e+00
2.590000000000000000e+03,1.639724224805831909e-01,7.641509433962264675e-01,5.240529403090476990e-02,0.000000000000000000e+00
2.600000000000000000e+03,1.707490831613540649e-01,7.358490566037735325e-01,3.724915906786918640e-02,0.000000000000000000e+00
2.610000000000000000e+03,1.877139806747436523e-01,7.924528301886792914e-01,4.433390870690345764e-02,0.000000000000000000e+00
2.620000000000000000e+03,1.870049834251403809e-01,7.735849056603774088e-01,3.887375816702842712e-02,0.000000000000000000e+00
2.630000000000000000e+03,1.895309239625930786e-01,7.735849056603774088e-01,7.057544589042663574e-02,0.000000000000000000e+00
2.640000000000000000e+03,1.870543062686920166e-01,7.547169811320755262e-01,6.947284936904907227e-02,0.000000000000000000e+00
2.650000000000000000e+03,1.807879507541656494e-01,7.924528301886792914e-01,6.396173685789108276e-02,0.000000000000000000e+00
2.660000000000000000e+03,1.746367365121841431e-01,7.452830188679244738e-01,6.511768698692321777e-02,0.000000000000000000e+00
2.670000000000000000e+03,1.872682273387908936e-01,7.641509433962264675e-01,7.496877014636993408e-02,0.000000000000000000e+00
2.680000000000000000e+03,2.271306961774826050e-01,7.547169811320755262e-01,1.088248044252395630e-01,0.000000000000000000e+00
2.690000000000000000e+03,1.979579776525497437e-01,7.452830188679244738e-01,1.078660562634468079e-01,0.000000000000000000e+00
2.700000000000000000e+03,1.874023377895355225e-01,7.547169811320755262e-01,9.869344532489776611e-02,0.000000000000000000e+00
2.710000000000000000e+03,2.087717354297637939e-01,7.358490566037735325e-01,8.836424350738525391e-02,0.000000000000000000e+00
2.720000000000000000e+03,2.136454731225967407e-01,7.452830188679244738e-01,1.093800738453865051e-01,0.000000000000000000e+00
2.730000000000000000e+03,2.105856686830520630e-01,7.264150943396225912e-01,7.415308803319931030e-02,0.000000000000000000e+00
2.740000000000000000e+03,2.423674166202545166e-01,7.547169811320755262e-01,9.529806673526763916e-02,0.000000000000000000e+00
2.750000000000000000e+03,2.287665903568267822e-01,7.264150943396225912e-01,8.208761364221572876e-02,0.000000000000000000e+00
2.760000000000000000e+03,2.193528860807418823e-01,7.547169811320755262e-01,9.787473082542419434e-02,0.000000000000000000e+00
2.770000000000000000e+03,2.289967685937881470e-01,7.452830188679244738e-01,1.096235662698745728e-01,0.000000000000000000e+00
2.780000000000000000e+03,2.258474081754684448e-01,7.452830188679244738e-01,1.257275044918060303e-01,0.000000000000000000e+00
2.790000000000000000e+03,2.192924171686172485e-01,7.264150943396225912e-01,1.389167606830596924e-01,0.000000000000000000e+00
2.800000000000000000e+03,1.982566416263580322e-01,7.547169811320755262e-01,9.212914854288101196e-02,0.000000000000000000e+00
2.810000000000000000e+03,1.963239908218383789e-01,7.358490566037735325e-01,9.805648028850555420e-02,0.000000000000000000e+00
2.820000000000000000e+03,2.212649583816528320e-01,7.075471698113207086e-01,9.973698854446411133e-02,0.000000000000000000e+00
2.830000000000000000e+03,2.245526760816574097e-01,6.792452830188678847e-01,1.204157322645187378e-01,0.000000000000000000e+00
2.840000000000000000e+03,2.054011672735214233e-01,7.169811320754716499e-01,1.234738156199455261e-01,0.000000000000000000e+00
2.850000000000000000e+03,2.049410492181777954e-01,7.358490566037735325e-01,1.045747622847557068e-01,0.000000000000000000e+00
2.860000000000000000e+03,1.803072243928909302e-01,7.547169811320755262e-01,9.672398120164871216e-02,0.000000000000000000e+00
2.870000000000000000e+03,1.767783164978027344e-01,7.641509433962264675e-01,7.947927713394165039e-02,0.000000000000000000e+00
2.880000000000000000e+03,1.909687221050262451e-01,7.358490566037735325e-01,9.163244068622589111e-02,0.000000000000000000e+00
2.890000000000000000e+03,1.942876130342483521e-01,7.547169811320755262e-01,9.362307935953140259e-02,0.000000000000000000e+00
2.900000000000000000e+03,2.062471807003021240e-01,7.547169811320755262e-01,9.401933103799819946e-02,0.000000000000000000e+00
2.910000000000000000e+03,1.956048160791397095e-01,7.735849056603774088e-01,9.772486239671707153e-02,0.000000000000000000e+00
2.920000000000000000e+03,2.077260613441467285e-01,7.547169811320755262e-01,1.241810098290443420e-01,0.000000000000000000e+00
2.930000000000000000e+03,2.025237232446670532e-01,7.358490566037735325e-01,7.539892941713333130e-02,0.000000000000000000e+00
2.940000000000000000e+03,2.086719721555709839e-01,7.169811320754716499e-01,9.227582812309265137e-02,0.000000000000000000e+00
2.950000000000000000e+03,2.076876610517501831e-01,7.735849056603774088e-01,9.245153516530990601e-02,0.000000000000000000e+00
2.960000000000000000e+03,2.058035582304000854e-01,7.547169811320755262e-01,8.460350334644317627e-02,0.000000000000000000e+00
2.970000000000000000e+03,2.122800052165985107e-01,7.735849056603774088e-01,8.088061958551406860e-02,0.000000000000000000e+00
2.980000000000000000e+03,2.135532051324844360e-01,6.981132075471697673e-01,9.127649664878845215e-02,0.000000000000000000e+00
2.990000000000000000e+03,1.968806833028793335e-01,7.641509433962264675e-01,7.304174453020095825e-02,0.000000000000000000e+00
3.000000000000000000e+03,2.151522636413574219e-01,7.169811320754716499e-01,7.719079405069351196e-02,0.000000000000000000e+00
3.010000000000000000e+03,2.226423770189285278e-01,7.452830188679244738e-01,7.241353392601013184e-02,0.000000000000000000e+00
3.020000000000000000e+03,2.078583389520645142e-01,7.547169811320755262e-01,9.888020157814025879e-02,0.000000000000000000e+00
3.030000000000000000e+03,2.292609959840774536e-01,7.264150943396225912e-01,1.140963658690452576e-01,0.000000000000000000e+00
3.040000000000000000e+03,2.020220309495925903e-01,7.641509433962264675e-01,9.333070367574691772e-02,0.000000000000000000e+00
3.050000000000000000e+03,1.973799765110015869e-01,7.735849056603774088e-01,8.698081225156784058e-02,0.000000000000000000e+00
3.060000000000000000e+03,2.150872945785522461e-01,7.264150943396225912e-01,8.841603994369506836e-02,0.000000000000000000e+00
3.070000000000000000e+03,2.367608398199081421e-01,7.169811320754716499e-01,7.271960377693176270e-02,0.000000000000000000e+00
3.080000000000000000e+03,2.167828083038330078e-01,7.547169811320755262e-01,8.476581424474716187e-02,0.000000000000000000e+00
3.090000000000000000e+03,2.261205166578292847e-01,7.075471698113207086e-01,9.588270634412765503e-02,0.000000000000000000e+00
3.100000000000000000e+03,2.263693362474441528e-01,7.641509433962264675e-01,8.316411077976226807e-02,0.000000000000000000e+00
3.110000000000000000e+03,2.074969559907913208e-01,7.641509433962264675e-01,9.711462259292602539e-02,0.000000000000000000e+00
3.120000000000000000e+03,2.054909765720367432e-01,7.641509433962264675e-01,9.750708192586898804e-02,0.000000000000000000e+00
3.130000000000000000e+03,2.188428789377212524e-01,7.075471698113207086e-01,1.055647879838943481e-01,0.000000000000000000e+00
3.140000000000000000e+03,2.339333295822143555e-01,7.264150943396225912e-01,1.130652949213981628e-01,0.000000000000000000e+00
3.150000000000000000e+03,2.242103219032287598e-01,6.886792452830188260e-01,9.161022305488586426e-02,0.000000000000000000e+00
3.160000000000000000e+03,2.136581987142562866e-01,7.169811320754716499e-01,9.829793125391006470e-02,0.000000000000000000e+00
3.170000000000000000e+03,2.167823463678359985e-01,7.452830188679244738e-01,8.398775011301040649e-02,0.000000000000000000e+00
3.180000000000000000e+03,2.403270006179809570e-01,7.358490566037735325e-01,1.164395064115524292e-01,0.000000000000000000e+00
3.190000000000000000e+03,2.350898534059524536e-01,7.452830188679244738e-01,1.045321077108383179e-01,0.000000000000000000e+00
3.200000000000000000e+03,2.526565194129943848e-01,7.075471698113207086e-01,1.062611266970634460e-01,0.000000000000000000e+00
3.210000000000000000e+03,2.416876703500747681e-01,7.169811320754716499e-01,9.954814612865447998e-02,0.000000000000000000e+00
3.220000000000000000e+03,2.384640574455261230e-01,6.981132075471697673e-01,9.177684038877487183e-02,0.000000000000000000e+00
3.230000000000000000e+03,2.453880757093429565e-01,7.358490566037735325e-01,8.373430371284484863e-02,0.000000000000000000e+00
3.240000000000000000e+03,2.487901002168655396e-01,6.603773584905660021e-01,1.171156689524650574e-01,0.000000000000000000e+00
3.250000000000000000e+03,2.235735505819320679e-01,7.169811320754716499e-01,1.051665171980857849e-01,0.000000000000000000e+00
3.260000000000000000e+03,2.318706810474395752e-01,7.358490566037735325e-01,7.665376365184783936e-02,0.000000000000000000e+00
3.270000000000000000e+03,2.260944247245788574e-01,7.169811320754716499e-01,1.054035201668739319e-01,0.000000000000000000e+00
3.280000000000000000e+03,2.259519547224044800e-01,7.169811320754716499e-01,8.343072980642318726e-02,0.000000000000000000e+00
3.290000000000000000e+03,2.325542420148849487e-01,7.358490566037735325e-01,1.036135554313659668e-01,0.000000000000000000e+00
3.300000000000000000e+03,2.304542064666748047e-01,7.452830188679244738e-01,9.461097419261932373e-02,0.000000000000000000e+00
3.310000000000000000e+03,2.256609350442886353e-01,7.547169811320755262e-01,8.579596132040023804e-02,0.000000000000000000e+00
3.320000000000000000e+03,2.224674075841903687e-01,7.452830188679244738e-01,9.199856966733932495e-02,0.000000000000000000e+00
3.330000000000000000e+03,2.355899363756179810e-01,7.547169811320755262e-01,1.022968888282775879e-01,0.000000000000000000e+00
3.340000000000000000e+03,2.235389351844787598e-01,7.169811320754716499e-01,7.112257927656173706e-02,0.000000000000000000e+00
3.350000000000000000e+03,2.209328114986419678e-01,7.358490566037735325e-01,8.600882440805435181e-02,0.000000000000000000e+00
3.360000000000000000e+03,2.327841669321060181e-01,7.452830188679244738e-01,9.185911715030670166e-02,0.000000000000000000e+00
3.370000000000000000e+03,2.009689956903457642e-01,7.452830188679244738e-01,9.440966695547103882e-02,0.000000000000000000e+00
3.380000000000000000e+03,2.020568847656250000e-01,7.264150943396225912e-01,6.031865254044532776e-02,0.000000000000000000e+00
3.390000000000000000e+03,2.206384390592575073e-01,7.452830188679244738e-01,9.601106494665145874e-02,0.000000000000000000e+00
3.400000000000000000e+03,2.340083420276641846e-01,7.075471698113207086e-01,8.659885823726654053e-02,0.000000000000000000e+00
3.410000000000000000e+03,2.367483079433441162e-01,7.169811320754716499e-01,9.477946162223815918e-02,0.000000000000000000e+00
3.420000000000000000e+03,2.027969956398010254e-01,7.264150943396225912e-01,7.728701084852218628e-02,0.000000000000000000e+00
3.430000000000000000e+03,2.274152189493179321e-01,7.075471698113207086e-01,8.490990847349166870e-02,0.000000000000000000e+00
3.440000000000000000e+03,2.259705215692520142e-01,7.264150943396225912e-01,7.214122265577316284e-02,0.000000000000000000e+00
3.450000000000000000e+03,2.104301303625106812e-01,7.264150943396225912e-01,7.093618810176849365e-02,0.000000000000000000e+00
3.460000000000000000e+03,2.198025733232498169e-01,6.886792452830188260e-01,7.145541161298751831e-02,0.000000000000000000e+00
3.470000000000000000e+03,2.176989167928695679e-01,7.264150943396225912e-01,8.969589322805404663e-02,0.000000000000000000e+00
3.480000000000000000e+03,2.096174657344818115e-01,7.547169811320755262e-01,6.413302570581436157e-02,0.000000000000000000e+00
3.490000000000000000e+03,2.201202064752578735e-01,6.792452830188678847e-01,8.293279260396957397e-02,0.000000000000000000e+00
3.500000000000000000e+03,2.325930297374725342e-01,6.886792452830188260e-01,9.082010388374328613e-02,0.000000000000000000e+00
3.510000000000000000e+03,2.181821167469024658e-01,7.358490566037735325e-01,7.018780708312988281e-02,0.000000000000000000e+00
3.520000000000000000e+03,2.220300287008285522e-01,7.075471698113207086e-01,7.401596754789352417e-02,0.000000000000000000e+00
3.530000000000000000e+03,2.227411568164825439e-01,6.981132075471697673e-01,6.741722673177719116e-02,0.000000000000000000e+00
3.540000000000000000e+03,2.248302847146987915e-01,7.169811320754716499e-01,4.679071158170700073e-02,0.000000000000000000e+00
3.550000000000000000e+03,2.281753718852996826e-01,7.169811320754716499e-01,6.379420310258865356e-02,0.000000000000000000e+00
3.560000000000000000e+03,2.425619363784790039e-01,6.698113207547169434e-01,7.771964371204376221e-02,0.000000000000000000e+00
3.570000000000000000e+03,2.398392260074615479e-01,7.264150943396225912e-01,7.612004131078720093e-02,0.000000000000000000e+00
3.580000000000000000e+03,2.510853707790374756e-01,7.452830188679244738e-01,8.883895725011825562e-02,0.000000000000000000e+00
3.590000000000000000e+03,2.441951632499694824e-01,7.075471698113207086e-01,6.229262799024581909e-02,0.000000000000000000e+00
3.600000000000000000e+03,2.601619958877563477e-01,6.792452830188678847e-01,7.445867359638214111e-02,0.000000000000000000e+00
3.610000000000000000e+03,2.517837882041931152e-01,7.264150943396225912e-01,6.011240929365158081e-02,0.000000000000000000e+00
3.620000000000000000e+03,2.559601068496704102e-01,6.981132075471697673e-01,7.047449052333831787e-02,0.000000000000000000e+00
3.630000000000000000e+03,2.544670701026916504e-01,7.075471698113207086e-01,7.763310521841049194e-02,0.000000000000000000e+00
3.640000000000000000e+03,2.765478491783142090e-01,6.886792452830188260e-01,7.556585222482681274e-02,0.000000000000000000e+00
3.650000000000000000e+03,2.691452503204345703e-01,6.981132075471697673e-01,8.621890097856521606e-02,0.000000000000000000e+00
3.660000000000000000e+03,2.749606966972351074e-01,6.792452830188678847e-01,8.374786376953125000e-02,0.000000000000000000e+00
3.670000000000000000e+03,2.857978641986846924e-01,6.886792452830188260e-01,1.044024825096130371e-01,0.000000000000000000e+00
3.680000000000000000e+03,2.873893380165100098e-01,6.981132075471697673e-01,9.312473237514495850e-02,0.000000000000000000e+00
3.690000000000000000e+03,2.770534157752990723e-01,6.886792452830188260e-01,9.413434565067291260e-02,0.000000000000000000e+00
3.700000000000000000e+03,2.741317152976989746e-01,7.075471698113207086e-01,9.287022799253463745e-02,0.000000000000000000e+00
3.710000000000000000e+03,2.824679613113403320e-01,6.886792452830188260e-01,9.888252615928649902e-02,0.000000000000000000e+00
3.720000000000000000e+03,2.818499803543090820e-01,7.075471698113207086e-01,8.945646136999130249e-02,0.000000000000000000e+00
3.730000000000000000e+03,2.820405960083007812e-01,7.169811320754716499e-01,1.046632975339889526e-01,0.000000000000000000e+00
3.740000000000000000e+03,2.876458764076232910e-01,7.358490566037735325e-01,9.756070375442504883e-02,0.000000000000000000e+00
3.750000000000000000e+03,2.704901993274688721e-01,7.264150943396225912e-01,9.927136451005935669e-02,0.000000000000000000e+00
3.760000000000000000e+03,2.833391726016998291e-01,7.169811320754716499e-01,1.219075545668601990e-01,0.000000000000000000e+00
3.770000000000000000e+03,2.734282612800598145e-01,7.169811320754716499e-01,9.918091446161270142e-02,0.000000000000000000e+00
3.780000000000000000e+03,2.926589846611022949e-01,7.358490566037735325e-01,8.013353496789932251e-02,0.000000000000000000e+00
3.790000000000000000e+03,2.819121479988098145e-01,7.264150943396225912e-01,1.247792020440101624e-01,0.000000000000000000e+00
3.800000000000000000e+03,2.716685235500335693e-01,6.981132075471697673e-01,1.086100339889526367e-01,0.000000000000000000e+00
3.810000000000000000e+03,2.580702602863311768e-01,6.698113207547169434e-01,8.713911473751068115e-02,0.000000000000000000e+00
3.820000000000000000e+03,2.692469060420989990e-01,7.075471698113207086e-01,1.121263504028320312e-01,0.000000000000000000e+00
3.830000000000000000e+03,2.545899748802185059e-01,7.358490566037735325e-01,1.051197126507759094e-01,0.000000000000000000e+00
3.840000000000000000e+03,2.488515675067901611e-01,7.358490566037735325e-01,9.273856878280639648e-02,0.000000000000000000e+00
3.850000000000000000e+03,2.747060954570770264e-01,7.358490566037735325e-01,9.214773774147033691e-02,0.000000000000000000e+00
3.860000000000000000e+03,2.383210062980651855e-01,7.264150943396225912e-01,9.852372109889984131e-02,0.000000000000000000e+00
3.870000000000000000e+03,2.430791556835174561e-01,6.792452830188678847e-01,7.885818928480148315e-02,0.000000000000000000e+00
3.880000000000000000e+03,2.603208124637603760e-01,6.792452830188678847e-01,1.190589815378189087e-01,0.000000000000000000e+00
3.890000000000000000e+03,2.680401206016540527e-01,7.169811320754716499e-01,1.085885837674140930e-01,0.000000000000000000e+00
3.900000000000000000e+03,2.819387316703796387e-01,7.169811320754716499e-01,8.763691037893295288e-02,0.000000000000000000e+00
3.910000000000000000e+03,2.839002013206481934e-01,6.886792452830188260e-01,1.210088953375816345e-01,0.000000000000000000e+00
3.920000000000000000e+03,2.667150795459747314e-01,6.886792452830188260e-01,1.180445924401283264e-01,0.000000000000000000e+00
3.930000000000000000e+03,2.639579772949218750e-01,6.981132075471697673e-01,1.084617599844932556e-01,0.000000000000000000e+00
3.940000000000000000e+03,2.723076641559600830e-01,6.792452830188678847e-01,9.443217515945434570e-02,0.000000000000000000e+00
3.950000000000000000e+03,2.691510319709777832e-01,6.886792452830188260e-01,1.197538524866104126e-01,0.000000000000000000e+00
3.960000000000000000e+03,2.510643303394317627e-01,7.169811320754716499e-01,1.084828525781631470e-01,0.000000000000000000e+00
3.970000000000000000e+03,2.369816154241561890e-01,7.169811320754716499e-01,7.165767252445220947e-02,0.000000000000000000e+00
3.980000000000000000e+03,2.270258218050003052e-01,6.886792452830188260e-01,6.025937944650650024e-02,0.000000000000000000e+00
3.990000000000000000e+03,2.328300923109054565e-01,6.981132075471697673e-01,6.525631248950958252e-02,0.000000000000000000e+00
4.000000000000000000e+03,2.304206639528274536e-01,6.981132075471697673e-01,8.551369607448577881e-02,0.000000000000000000e+00
4.010000000000000000e+03,2.292506396770477295e-01,6.509433962264150608e-01,7.080537825822830200e-02,0.000000000000000000e+00
4.020000000000000000e+03,2.347043752670288086e-01,6.792452830188678847e-01,7.568350434303283691e-02,0.000000000000000000e+00
4.030000000000000000e+03,2.418086379766464233e-01,6.981132075471697673e-01,8.515913784503936768e-02,0.000000000000000000e+00
4.040000000000000000e+03,2.240699529647827148e-01,6.698113207547169434e-01,8.246985077857971191e-02,0.000000000000000000e+00
4.050000000000000000e+03,2.430569827556610107e-01,6.886792452830188260e-01,1.032802686095237732e-01,0.000000000000000000e+00
4.060000000000000000e+03,2.333444952964782715e-01,6.509433962264150608e-01,1.102417707443237305e-01,0.000000000000000000e+00
4.070000000000000000e+03,2.413811385631561279e-01,6.792452830188678847e-01,7.954277098178863525e-02,0.000000000000000000e+00
4.080000000000000000e+03,2.312931120395660400e-01,6.981132075471697673e-01,8.071377128362655640e-02,0.000000000000000000e+00
4.090000000000000000e+03,2.369998246431350708e-01,7.358490566037735325e-01,7.845828682184219360e-02,0.000000000000000000e+00
4.100000000000000000e+03,2.267425358295440674e-01,6.509433962264150608e-01,9.049557149410247803e-02,0.000000000000000000e+00
4.110000000000000000e+03,2.414665967226028442e-01,6.792452830188678847e-01,8.804082870483398438e-02,0.000000000000000000e+00
4.120000000000000000e+03,2.353036254644393921e-01,6.886792452830188260e-01,8.064585924148559570e-02,0.000000000000000000e+00
4.130000000000000000e+03,2.330086827278137207e-01,7.358490566037735325e-01,1.011025384068489075e-01,0.000000000000000000e+00
4.140000000000000000e+03,2.403072416782379150e-01,6.981132075471697673e-01,7.042496651411056519e-02,0.000000000000000000e+00
4.150000000000000000e+03,2.208931595087051392e-01,7.075471698113207086e-01,7.098340988159179688e-02,0.000000000000000000e+00
4.160000000000000000e+03,2.283763885498046875e-01,6.981132075471697673e-01,8.232606202363967896e-02,0.000000000000000000e+00
4.170000000000000000e+03,2.172427773475646973e-01,6.981132075471697673e-01,7.556156069040298462e-02,0.000000000000000000e+00
4.180000000000000000e+03,2.206640690565109253e-01,7.169811320754716499e-01,1.125600486993789673e-01,0.000000000000000000e+00
4.190000000000000000e+03,2.312659472227096558e-01,6.981132075471697673e-01,7.698734104633331299e-02,0.000000000000000000e+00
4.200000000000000000e+03,2.472628057003021240e-01,6.886792452830188260e-01,1.137438416481018066e-01,0.000000000000000000e+00
4.210000000000000000e+03,2.334479391574859619e-01,7.075471698113207086e-01,7.269723713397979736e-02,0.000000000000000000e+00
4.220000000000000000e+03,2.315821945667266846e-01,7.169811320754716499e-01,9.649907052516937256e-02,0.000000000000000000e+00
4.230000000000000000e+03,2.411695718765258789e-01,6.886792452830188260e-01,1.010003089904785156e-01,0.000000000000000000e+00
4.240000000000000000e+03,2.332373112440109253e-01,7.452830188679244738e-01,1.036028116941452026e-01,0.000000000000000000e+00
4.250000000000000000e+03,2.339715659618377686e-01,6.792452830188678847e-01,9.020119905471801758e-02,0.000000000000000000e+00
4.260000000000000000e+03,2.241535633802413940e-01,7.075471698113207086e-01,8.142955601215362549e-02,0.000000000000000000e+00
4.270000000000000000e+03,2.551924288272857666e-01,7.264150943396225912e-01,1.046225577592849731e-01,0.000000000000000000e+00
4.280000000000000000e+03,2.281831502914428711e-01,7.169811320754716499e-01,8.418820798397064209e-02,0.000000000000000000e+00
4.290000000000000000e+03,2.439596652984619141e-01,7.075471698113207086e-01,1.015829518437385559e-01,0.000000000000000000e+00
4.300000000000000000e+03,2.330145537853240967e-01,6.981132075471697673e-01,7.548806071281433105e-02,0.000000000000000000e+00
4.310000000000000000e+03,2.341390699148178101e-01,7.075471698113207086e-01,6.173245236277580261e-02,0.000000000000000000e+00
4.320000000000000000e+03,2.385825812816619873e-01,6.886792452830188260e-01,7.169564813375473022e-02,0.000000000000000000e+00
4.330000000000000000e+03,2.418913692235946655e-01,6.886792452830188260e-01,6.396140903234481812e-02,0.000000000000000000e+00
4.340000000000000000e+03,2.556812465190887451e-01,6.886792452830188260e-01,9.393956512212753296e-02,0.000000000000000000e+00
4.350000000000000000e+03,2.456049025058746338e-01,6.886792452830188260e-01,8.358403295278549194e-02,0.000000000000000000e+00
4.360000000000000000e+03,2.650890350341796875e-01,7.075471698113207086e-01,9.847315400838851929e-02,0.000000000000000000e+00
4.370000000000000000e+03,2.563787102699279785e-01,6.886792452830188260e-01,7.648473232984542847e-02,0.000000000000000000e+00
4.380000000000000000e+03,2.414883971214294434e-01,7.264150943396225912e-01,8.560513705015182495e-02,0.000000000000000000e+00
4.390000000000000000e+03,2.504276335239410400e-01,6.981132075471697673e-01,8.373152464628219604e-02,0.000000000000000000e+00
4.400000000000000000e+03,2.692079544067382812e-01,6.981132075471697673e-01,1.124011799693107605e-01,0.000000000000000000e+00
4.410000000000000000e+03,2.581720650196075439e-01,6.981132075471697673e-01,9.731011837720870972e-02,0.000000000000000000e+00
4.420000000000000000e+03,2.560551762580871582e-01,6.886792452830188260e-01,7.662422955036163330e-02,0.000000000000000000e+00
4.430000000000000000e+03,2.571982443332672119e-01,6.792452830188678847e-01,9.124425053596496582e-02,0.000000000000000000e+00
4.440000000000000000e+03,2.648241221904754639e-01,6.886792452830188260e-01,1.114322096109390259e-01,0.000000000000000000e+00
4.450000000000000000e+03,2.513171732425689697e-01,6.509433962264150608e-01,9.487559646368026733e-02,0.000000000000000000e+00
4.460000000000000000e+03,2.437228411436080933e-01,6.603773584905660021e-01,1.014167889952659607e-01,0.000000000000000000e+00
4.470000000000000000e+03,2.397290915250778198e-01,6.698113207547169434e-01,8.107566833496093750e-02,0.000000000000000000e+00
4.480000000000000000e+03,2.386651039123535156e-01,7.075471698113207086e-01,9.266797453165054321e-02,0.000000000000000000e+00
4.490000000000000000e+03,2.655928432941436768e-01,6.320754716981131782e-01,1.086683347821235657e-01,0.000000000000000000e+00
4.500000000000000000e+03,2.421009838581085205e-01,6.981132075471697673e-01,9.408918768167495728e-02,0.000000000000000000e+00
4.510000000000000000e+03,2.294098138809204102e-01,7.264150943396225912e-01,7.902674376964569092e-02,0.000000000000000000e+00
4.520000000000000000e+03,2.408869564533233643e-01,6.509433962264150608e-01,9.929274022579193115e-02,0.000000000000000000e+00
4.530000000000000000e+03,2.221732586622238159e-01,6.698113207547169434e-01,6.925413012504577637e-02,0.000000000000000000e+00
4.540000000000000000e+03,2.207090407609939575e-01,6.981132075471697673e-01,8.985125273466110229e-02,0.000000000000000000e+00
4.550000000000000000e+03,2.332515865564346313e-01,7.169811320754716499e-01,8.472801744937896729e-02,0.000000000000000000e+00
4.560000000000000000e+03,2.296219021081924438e-01,6.981132075471697673e-01,9.754154831171035767e-02,0.000000000000000000e+00
4.570000000000000000e+03,2.387724816799163818e-01,7.169811320754716499e-01,9.633881598711013794e-02,0.000000000000000000e+00
4.580000000000000000e+03,2.316498309373855591e-01,7.075471698113207086e-01,1.045085564255714417e-01,0.000000000000000000e+00
4.590000000000000000e+03,2.226435989141464233e-01,6.886792452830188260e-01,8.303004503250122070e-02,0.000000000000000000e+00
4.600000000000000000e+03,2.157211899757385254e-01,6.698113207547169434e-01,8.251617848873138428e-02,0.000000000000000000e+00
4.610000000000000000e+03,2.032453864812850952e-01,6.886792452830188260e-01,5.896521359682083130e-02,0.000000000000000000e+00
4.620000000000000000e+03,2.055598795413970947e-01,7.075471698113207086e-01,7.775576412677764893e-02,0.000000000000000000e+00
4.630000000000000000e+03,2.216388285160064697e-01,6.792452830188678847e-01,9.778083860874176025e-02,0.000000000000000000e+00
4.640000000000000000e+03,2.466183900833129883e-01,7.075471698113207086e-01,9.769252687692642212e-02,0.000000000000000000e+00
4.650000000000000000e+03,2.312891781330108643e-01,6.981132075471697673e-01,7.353842258453369141e-02,0.000000000000000000e+00
4.660000000000000000e+03,2.483964115381240845e-01,6.509433962264150608e-01,1.027257964015007019e-01,0.000000000000000000e+00
4.670000000000000000e+03,2.512076199054718018e-01,6.603773584905660021e-01,7.268366962671279907e-02,0.000000000000000000e+00
4.680000000000000000e+03,2.596910297870635986e-01,6.698113207547169434e-01,1.118432283401489258e-01,0.000000000000000000e+00
4.690000000000000000e+03,2.517089247703552246e-01,6.603773584905660021e-01,8.585099130868911743e-02,0.000000000000000000e+00
4.700000000000000000e+03,2.479186207056045532e-01,6.698113207547169434e-01,9.678848087787628174e-02,0.000000000000000000e+00
4.710000000000000000e+03,2.494523972272872925e-01,6.698113207547169434e-01,9.063386172056198120e-02,0.000000000000000000e+00
4.720000000000000000e+03,2.373494058847427368e-01,6.886792452830188260e-01,7.760827988386154175e-02,0.000000000000000000e+00
4.730000000000000000e+03,2.422653883695602417e-01,7.075471698113207086e-01,8.792059868574142456e-02,0.000000000000000000e+00
4.740000000000000000e+03,2.427331805229187012e-01,6.603773584905660021e-01,5.870550870895385742e-02,0.000000000000000000e+00
4.750000000000000000e+03,2.263081818819046021e-01,7.075471698113207086e-01,6.510704010725021362e-02,0.000000000000000000e+00
4.760000000000000000e+03,2.315891683101654053e-01,7.075471698113207086e-01,7.268588989973068237e-02,0.000000000000000000e+00
4.770000000000000000e+03,2.340600788593292236e-01,6.792452830188678847e-01,4.457314684987068176e-02,0.000000000000000000e+00
4.780000000000000000e+03,2.374687194824218750e-01,6.981132075471697673e-01,4.834327101707458496e-02,0.000000000000000000e+00
4.790000000000000000e+03,2.280250340700149536e-01,7.075471698113207086e-01,4.861848801374435425e-02,0.000000000000000000e+00
4.800000000000000000e+03,2.122053951025009155e-01,7.169811320754716499e-01,5.086061730980873108e-02,0.000000000000000000e+00
4.810000000000000000e+03,1.993113607168197632e-01,7.075471698113207086e-01,5.838012322783470154e-02,0.000000000000000000e+00
4.820000000000000000e+03,2.206388115882873535e-01,7.169811320754716499e-01,8.459823578596115112e-02,0.000000000000000000e+00
4.830000000000000000e+03,2.025380283594131470e-01,6.981132075471697673e-01,6.888845562934875488e-02,0.000000000000000000e+00
4.840000000000000000e+03,2.103368788957595825e-01,7.075471698113207086e-01,3.514371439814567566e-02,0.000000000000000000e+00
4.850000000000000000e+03,2.150675356388092041e-01,7.169811320754716499e-01,4.389463365077972412e-02,0.000000000000000000e+00
4.860000000000000000e+03,2.236810922622680664e-01,6.981132075471697673e-01,7.539435476064682007e-02,0.000000000000000000e+00
4.870000000000000000e+03,2.170759290456771851e-01,7.075471698113207086e-01,7.516377419233322144e-02,0.000000000000000000e+00
4.880000000000000000e+03,2.011199295520782471e-01,7.169811320754716499e-01,5.948245525360107422e-02,0.000000000000000000e+00
4.890000000000000000e+03,2.215789854526519775e-01,7.264150943396225912e-01,6.849592179059982300e-02,0.000000000000000000e+00
4.900000000000000000e+03,2.070807665586471558e-01,6.981132075471697673e-01,5.903277918696403503e-02,0.000000000000000000e+00
4.910000000000000000e+03,2.320058941841125488e-01,7.452830188679244738e-01,7.236684858798980713e-02,0.000000000000000000e+00
4.920000000000000000e+03,2.405788302421569824e-01,6.886792452830188260e-01,7.582885771989822388e-02,0.000000000000000000e+00
4.930000000000000000e+03,2.175658792257308960e-01,7.358490566037735325e-01,7.296357303857803345e-02,0.000000000000000000e+00
4.940000000000000000e+03,2.165949344635009766e-01,6.981132075471697673e-01,5.158572271466255188e-02,0.000000000000000000e+00
4.950000000000000000e+03,2.181499749422073364e-01,7.075471698113207086e-01,5.734656006097793579e-02,0.000000000000000000e+00
4.960000000000000000e+03,2.294141948223114014e-01,7.169811320754716499e-01,4.242132604122161865e-02,0.000000000000000000e+00
4.970000000000000000e+03,2.430333495140075684e-01,7.169811320754716499e-01,6.362363696098327637e-02,0.000000000000000000e+00
4.980000000000000000e+03,2.274793833494186401e-01,7.358490566037735325e-01,6.361901015043258667e-02,0.000000000000000000e+00
4.990000000000000000e+03,2.432761192321777344e-01,7.358490566037735325e-01,8.434802293777465820e-02,0.000000000000000000e+00
5.000000000000000000e+03,2.408341765403747559e-01,6.886792452830188260e-01,6.886949390172958374e-02,0.000000000000000000e+00
5.010000000000000000e+03,2.296202629804611206e-01,6.886792452830188260e-01,5.283825844526290894e-02,0.000000000000000000e+00
5.020000000000000000e+03,2.204315364360809326e-01,6.886792452830188260e-01,5.312133952975273132e-02,0.000000000000000000e+00
5.030000000000000000e+03,2.426611036062240601e-01,6.981132075471697673e-01,4.467210173606872559e-02,0.000000000000000000e+00
5.040000000000000000e+03,2.480558604001998901e-01,6.320754716981131782e-01,4.727770760655403137e-02,0.000000000000000000e+00
5.050000000000000000e+03,2.429364919662475586e-01,7.075471698113207086e-01,6.377737969160079956e-02,0.000000000000000000e+00
5.060000000000000000e+03,2.389213293790817261e-01,6.792452830188678847e-01,4.149778559803962708e-02,0.000000000000000000e+00
5.070000000000000000e+03,2.347303032875061035e-01,6.792452830188678847e-01,5.392082780599594116e-02,0.000000000000000000e+00
5.080000000000000000e+03,2.514941990375518799e-01,6.981132075471697673e-01,7.335302978754043579e-02,0.000000000000000000e+00
5.090000000000000000e+03,2.303860336542129517e-01,7.169811320754716499e-01,7.756316661834716797e-02,0.000000000000000000e+00
5.100000000000000000e+03,2.199924141168594360e-01,6.981132075471697673e-01,5.342881754040718079e-02,0.000000000000000000e+00
5.110000000000000000e+03,2.082253396511077881e-01,7.075471698113207086e-01,3.766165673732757568e-02,0.000000000000000000e+00
5.120000000000000000e+03,2.456127703189849854e-01,7.547169811320755262e-01,5.617375299334526062e-02,0.000000000000000000e+00
5.130000000000000000e+03,2.268116921186447144e-01,6.886792452830188260e-01,5.672651156783103943e-02,0.000000000000000000e+00
5.140000000000000000e+03,2.208123952150344849e-01,7.358490566037735325e-01,5.213110148906707764e-02,0.000000000000000000e+00
5.150000000000000000e+03,2.341285645961761475e-01,6.981132075471697673e-01,5.746986716985702515e-02,0.000000000000000000e+00
5.160000000000000000e+03,2.579467594623565674e-01,7.264150943396225912e-01,5.034875124692916870e-02,0.000000000000000000e+00
5.170000000000000000e+03,2.480331212282180786e-01,6.886792452830188260e-01,7.775887846946716309e-02,0.000000000000000000e+00
5.180000000000000000e+03,2.483972311019897461e-01,7.075471698113207086e-01,8.110095560550689697e-02,0.000000000000000000e+00
5.190000000000000000e+03,2.474322319030761719e-01,7.075471698113207086e-01,5.370955169200897217e-02,0.000000000000000000e+00
5.200000000000000000e+03,2.503450512886047363e-01,6.981132075471697673e-01,7.594620436429977417e-02,0.000000000000000000e+00
5.210000000000000000e+03,2.707757055759429932e-01,6.981132075471697673e-01,8.179361373186111450e-02,0.000000000000000000e+00
5.220000000000000000e+03,2.460333853960037231e-01,7.169811320754716499e-01,7.145743817090988159e-02,0.000000000000000000e+00
5.230000000000000000e+03,2.436508238315582275e-01,6.981132075471697673e-01,5.726759880781173706e-02,0.000000000000000000e+00
5.240000000000000000e+03,2.507211267948150635e-01,7.169811320754716499e-01,6.114485487341880798e-02,0.000000000000000000e+00
5.250000000000000000e+03,2.469714432954788208e-01,6.603773584905660021e-01,4.597272723913192749e-02,0.000000000000000000e+00
5.260000000000000000e+03,2.671545147895812988e-01,7.169811320754716499e-01,8.455447852611541748e-02,0.000000000000000000e+00
5.270000000000000000e+03,2.468656450510025024e-01,7.452830188679244738e-01,6.152567639946937561e-02,0.000000000000000000e+00
5.280000000000000000e+03,2.585489153861999512e-01,7.169811320754716499e-01,5.738140270113945007e-02,0.000000000000000000e+00
5.290000000000000000e+03,2.795653641223907471e-01,7.264150943396225912e-01,5.982655286788940430e-02,0.000000000000000000e+00
5.300000000000000000e+03,2.723241448402404785e-01,7.264150943396225912e-01,7.905652374029159546e-02,0.000000000000000000e+00
5.310000000000000000e+03,2.491528689861297607e-01,7.075471698113207086e-01,6.864207237958908081e-02,0.000000000000000000e+00
5.320000000000000000e+03,2.196367233991622925e-01,7.358490566037735325e-01,5.544793233275413513e-02,0.000000000000000000e+00
5.330000000000000000e+03,2.407362461090087891e-01,7.075471698113207086e-01,6.716193258762359619e-02,0.000000000000000000e+00
5.340000000000000000e+03,2.601953148841857910e-01,7.358490566037735325e-01,7.225310802459716797e-02,0.000000000000000000e+00
5.350000000000000000e+03,2.518042325973510742e-01,7.075471698113207086e-01,6.972680240869522095e-02,0.000000000000000000e+00
5.360000000000000000e+03,2.661993503570556641e-01,7.075471698113207086e-01,6.197122856974601746e-02,0.000000000000000000e+00
5.370000000000000000e+03,2.755725979804992676e-01,7.264150943396225912e-01,5.411840230226516724e-02,0.000000000000000000e+00
5.380000000000000000e+03,2.894293069839477539e-01,7.169811320754716499e-01,4.856715723872184753e-02,0.000000000000000000e+00
5.390000000000000000e+03,2.878105938434600830e-01,7.075471698113207086e-01,6.315064430236816406e-02,0.000000000000000000e+00
5.400000000000000000e+03,2.973735332489013672e-01,6.886792452830188260e-01,6.837026774883270264e-02,0.000000000000000000e+00
5.410000000000000000e+03,2.852308154106140137e-01,6.886792452830188260e-01,8.360470831394195557e-02,0.000000000000000000e+00
5.420000000000000000e+03,3.021437227725982666e-01,6.886792452830188260e-01,9.866960346698760986e-02,0.000000000000000000e+00
5.430000000000000000e+03,3.036537766456604004e-01,7.075471698113207086e-01,8.346471190452575684e-02,0.000000000000000000e+00
5.440000000000000000e+03,3.177684843540191650e-01,6.886792452830188260e-01,1.033823117613792419e-01,0.000000000000000000e+00
5.450000000000000000e+03,3.071475923061370850e-01,6.698113207547169434e-01,1.178115457296371460e-01,0.000000000000000000e+00
5.460000000000000000e+03,3.288357555866241455e-01,6.603773584905660021e-01,1.155453547835350037e-01,0.000000000000000000e+00
5.470000000000000000e+03,3.280916512012481689e-01,6.981132075471697673e-01,9.909998625516891479e-02,0.000000000000000000e+00
5.480000000000000000e+03,3.204112946987152100e-01,6.886792452830188260e-01,1.098068580031394958e-01,0.000000000000000000e+00
5.490000000000000000e+03,3.198569118976593018e-01,6.509433962264150608e-01,1.217884272336959839e-01,0.000000000000000000e+00
5.500000000000000000e+03,3.147998452186584473e-01,6.886792452830188260e-01,1.151419281959533691e-01,0.000000000000000000e+00
5.510000000000000000e+03,3.217044174671173096e-01,6.981132075471697673e-01,1.162052750587463379e-01,0.000000000000000000e+00
5.520000000000000000e+03,3.306451439857482910e-01,6.792452830188678847e-01,1.288060843944549561e-01,0.000000000000000000e+00
5.530000000000000000e+03,3.244310021400451660e-01,7.169811320754716499e-01,1.260569393634796143e-01,0.000000000000000000e+00
5.540000000000000000e+03,3.160330951213836670e-01,6.792452830188678847e-01,1.272928565740585327e-01,0.000000000000000000e+00
5.550000000000000000e+03,3.046110570430755615e-01,7.452830188679244738e-01,7.956817746162414551e-02,0.000000000000000000e+00
5.560000000000000000e+03,2.910422384738922119e-01,6.886792452830188260e-01,8.651414513587951660e-02,0.000000000000000000e+00
5.570000000000000000e+03,3.053088486194610596e-01,6.886792452830188260e-01,9.591107815504074097e-02,0.000000000000000000e+00
5.580000000000000000e+03,3.122165203094482422e-01,6.886792452830188260e-01,8.379631489515304565e-02,0.000000000000000000e+00
5.590000000000000000e+03,3.063036799430847168e-01,7.075471698113207086e-01,8.888102322816848755e-02,0.000000000000000000e+00
5.600000000000000000e+03,3.151737749576568604e-01,6.792452830188678847e-01,1.093512624502182007e-01,0.000000000000000000e+00
5.610000000000000000e+03,3.130909204483032227e-01,6.792452830188678847e-01,9.606865048408508301e-02,0.000000000000000000e+00
5.620000000000000000e+03,3.051287829875946045e-01,6.415094339622641195e-01,7.249155640602111816e-02,0.000000000000000000e+00
5.630000000000000000e+03,3.379279077053070068e-01,6.886792452830188260e-01,9.254567325115203857e-02,0.000000000000000000e+00
5.640000000000000000e+03,3.404954671859741211e-01,6.792452830188678847e-01,9.583021700382232666e-02,0.000000000000000000e+00
5.650000000000000000e+03,3.234759867191314697e-01,6.509433962264150608e-01,7.241388410329818726e-02,0.000000000000000000e+00
5.660000000000000000e+03,3.444840312004089355e-01,6.792452830188678847e-01,1.113871484994888306e-01,0.000000000000000000e+00
5.670000000000000000e+03,3.416475355625152588e-01,6.698113207547169434e-01,9.103841334581375122e-02,0.000000000000000000e+00
5.680000000000000000e+03,3.420982360839843750e-01,6.792452830188678847e-01,7.946747541427612305e-02,0.000000000000000000e+00
5.690000000000000000e+03,3.676266670227050781e-01,6.415094339622641195e-01,9.820157289505004883e-02,0.000000000000000000e+00
5.700000000000000000e+03,3.511944711208343506e-01,6.603773584905660021e-01,1.042786315083503723e-01,0.000000000000000000e+00
5.710000000000000000e+03,3.625383377075195312e-01,6.698113207547169434e-01,1.335206180810928345e-01,0.000000000000000000e+00
5.720000000000000000e+03,3.302466571331024170e-01,6.981132075471697673e-01,1.278808861970901489e-01,0.000000000000000000e+00
5.730000000000000000e+03,3.209654688835144043e-01,6.698113207547169434e-01,1.234904453158378601e-01,0.000000000000000000e+00
5.740000000000000000e+03,3.216886818408966064e-01,6.981132075471697673e-01,8.921699225902557373e-02,0.000000000000000000e+00
5.750000000000000000e+03,3.297126889228820801e-01,6.886792452830188260e-01,1.132773458957672119e-01,0.000000000000000000e+00
5.760000000000000000e+03,3.308335840702056885e-01,6.886792452830188260e-01,8.585079014301300049e-02,0.000000000000000000e+00
5.770000000000000000e+03,3.381391763687133789e-01,6.509433962264150608e-01,9.868217259645462036e-02,0.000000000000000000e+00
5.780000000000000000e+03,3.652219176292419434e-01,6.698113207547169434e-01,1.316430717706680298e-01,0.000000000000000000e+00
5.790000000000000000e+03,3.715077936649322510e-01,6.698113207547169434e-01,1.244785338640213013e-01,0.000000000000000000e+00
5.800000000000000000e+03,3.483242392539978027e-01,6.792452830188678847e-01,1.128840446472167969e-01,0.000000000000000000e+00
5.810000000000000000e+03,3.443094193935394287e-01,7.075471698113207086e-01,1.018763631582260132e-01,0.000000000000000000e+00
5.820000000000000000e+03,3.508025109767913818e-01,6.981132075471697673e-01,9.142082184553146362e-02,0.000000000000000000e+00
5.830000000000000000e+03,3.551661074161529541e-01,6.698113207547169434e-01,1.004556044936180115e-01,0.000000000000000000e+00
5.840000000000000000e+03,3.543226420879364014e-01,6.698113207547169434e-01,1.098344698548316956e-01,0.000000000000000000e+00
5.850000000000000000e+03,3.447889089584350586e-01,7.075471698113207086e-01,8.672834932804107666e-02,0.000000000000000000e+00
5.860000000000000000e+03,3.382350206375122070e-01,6.886792452830188260e-01,6.290213763713836670e-02,0.000000000000000000e+00
5.870000000000000000e+03,3.662742376327514648e-01,6.886792452830188260e-01,7.884187996387481689e-02,0.000000000000000000e+00
5.880000000000000000e+03,3.341835737228393555e-01,6.698113207547169434e-01,7.939875870943069458e-02,0.000000000000000000e+00
5.890000000000000000e+03,3.525761663913726807e-01,6.603773584905660021e-01,5.651583895087242126e-02,0.000000000000000000e+00
5.900000000000000000e+03,3.747738003730773926e-01,7.169811320754716499e-01,7.911199331283569336e-02,0.000000000000000000e+00
5.910000000000000000e+03,3.635742664337158203e-01,6.698113207547169434e-01,1.067471280694007874e-01,0.000000000000000000e+00
5.920000000000000000e+03,3.682242333889007568e-01,6.886792452830188260e-01,8.218290656805038452e-02,0.000000000000000000e+00
5.930000000000000000e+03,3.683881461620330811e-01,6.603773584905660021e-01,1.104894652962684631e-01,0.000000000000000000e+00
5.940000000000000000e+03,3.733637928962707520e-01,6.886792452830188260e-01,1.261642277240753174e-01,0.000000000000000000e+00
5.950000000000000000e+03,3.781697154045104980e-01,6.792452830188678847e-01,1.126749515533447266e-01,0.000000000000000000e+00
5.960000000000000000e+03,3.726386427879333496e-01,6.886792452830188260e-01,1.331671327352523804e-01,0.000000000000000000e+00
5.970000000000000000e+03,3.678207695484161377e-01,6.603773584905660021e-01,1.211752220988273621e-01,0.000000000000000000e+00
5.980000000000000000e+03,4.000274837017059326e-01,7.075471698113207086e-01,1.062605082988739014e-01,0.000000000000000000e+00
5.990000000000000000e+03,4.149160981178283691e-01,7.075471698113207086e-01,1.186568588018417358e-01,0.000000000000000000e+00
6.000000000000000000e+03,3.980312943458557129e-01,7.075471698113207086e-01,1.425339728593826294e-01,0.000000000000000000e+00
6.010000000000000000e+03,3.851443231105804443e-01,6.886792452830188260e-01,1.072078794240951538e-01,0.000000000000000000e+00
6.020000000000000000e+03,3.745940029621124268e-01,7.264150943396225912e-01,8.460422605276107788e-02,0.000000000000000000e+00
6.030000000000000000e+03,3.714572787284851074e-01,6.698113207547169434e-01,9.526774287223815918e-02,0.000000000000000000e+00
6.040000000000000000e+03,3.722400963306427002e-01,6.981132075471697673e-01,9.552893787622451782e-02,0.000000000000000000e+00
6.050000000000000000e+03,3.820610940456390381e-01,6.981132075471697673e-01,8.277087658643722534e-02,0.000000000000000000e+00
6.060000000000000000e+03,3.993342816829681396e-01,7.075471698113207086e-01,9.090438485145568848e-02,0.000000000000000000e+00
6.070000000000000000e+03,4.088639020919799805e-01,6.981132075471697673e-01,1.162892282009124756e-01,0.000000000000000000e+00
6.080000000000000000e+03,4.217188954353332520e-01,6.698113207547169434e-01,1.234703361988067627e-01,0.000000000000000000e+00
6.090000000000000000e+03,4.116916060447692871e-01,6.886792452830188260e-01,1.573850661516189575e-01,0.000000000000000000e+00
6.100000000000000000e+03,3.929154276847839355e-01,7.075471698113207086e-01,1.063999682664871216e-01,0.000000000000000000e+00
6.110000000000000000e+03,3.903196454048156738e-01,6.981132075471697673e-01,1.187853887677192688e-01,0.000000000000000000e+00
6.120000000000000000e+03,3.858734965324401855e-01,7.075471698113207086e-01,1.016658544540405273e-01,0.000000000000000000e+00
6.130000000000000000e+03,3.961957693099975586e-01,6.792452830188678847e-01,1.026663780212402344e-01,0.000000000000000000e+00
6.140000000000000000e+03,3.818226158618927002e-01,6.698113207547169434e-01,9.100487828254699707e-02,0.000000000000000000e+00
6.150000000000000000e+03,3.752333521842956543e-01,6.886792452830188260e-01,9.604840725660324097e-02,0.000000000000000000e+00
6.160000000000000000e+03,3.801396489143371582e-01,6.698113207547169434e-01,1.004636436700820923e-01,0.000000000000000000e+00
6.170000000000000000e+03,4.116458594799041748e-01,6.886792452830188260e-01,1.022403165698051453e-01,0.000000000000000000e+00
6.180000000000000000e+03,4.097476005554199219e-01,6.981132075471697673e-01,1.005271747708320618e-01,0.000000000000000000e+00
6.190000000000000000e+03,3.798748254776000977e-01,7.075471698113207086e-01,1.130363345146179199e-01,0.000000000000000000e+00
6.200000000000000000e+03,3.931958675384521484e-01,6.415094339622641195e-01,1.176921054720878601e-01,0.000000000000000000e+00
6.210000000000000000e+03,3.840733766555786133e-01,6.603773584905660021e-01,1.003034114837646484e-01,0.000000000000000000e+00
6.220000000000000000e+03,3.805208802223205566e-01,6.886792452830188260e-01,1.184847429394721985e-01,0.000000000000000000e+00
6.230000000000000000e+03,3.869600892066955566e-01,6.981132075471697673e-01,9.351822733879089355e-02,0.000000000000000000e+00
6.240000000000000000e+03,3.852055668830871582e-01,6.886792452830188260e-01,1.470102667808532715e-01,0.000000000000000000e+00
6.250000000000000000e+03,3.680414855480194092e-01,6.792452830188678847e-01,1.051315292716026306e-01,0.000000000000000000e+00
6.260000000000000000e+03,3.731849491596221924e-01,6.792452830188678847e-01,7.916519790887832642e-02,0.000000000000000000e+00
6.270000000000000000e+03,3.568395972251892090e-01,6.603773584905660021e-01,7.381846010684967041e-02,0.000000000000000000e+00
6.280000000000000000e+03,3.373753130435943604e-01,6.792452830188678847e-01,9.851213544607162476e-02,0.000000000000000000e+00
6.290000000000000000e+03,3.465746045112609863e-01,6.698113207547169434e-01,9.755572676658630371e-02,0.000000000000000000e+00
6.300000000000000000e+03,3.538312315940856934e-01,6.320754716981131782e-01,9.077049046754837036e-02,0.000000000000000000e+00
6.310000000000000000e+03,3.305530548095703125e-01,6.415094339622641195e-01,8.170389384031295776e-02,0.000000000000000000e+00
6.320000000000000000e+03,3.317891359329223633e-01,6.603773584905660021e-01,8.896216005086898804e-02,0.000000000000000000e+00
6.330000000000000000e+03,3.244599103927612305e-01,6.886792452830188260e-01,6.784750521183013916e-02,0.000000000000000000e+00
6.340000000000000000e+03,3.381000757217407227e-01,6.603773584905660021e-01,9.677964448928833008e-02,0.000000000000000000e+00
6.350000000000000000e+03,3.426803946495056152e-01,6.509433962264150608e-01,1.099031940102577209e-01,0.000000000000000000e+00
6.360000000000000000e+03,3.333517909049987793e-01,6.320754716981131782e-01,7.774753868579864502e-02,0.000000000000000000e+00
6.370000000000000000e+03,3.340080082416534424e-01,6.603773584905660021e-01,8.581078052520751953e-02,0.000000000000000000e+00
6.380000000000000000e+03,3.218416273593902588e-01,6.698113207547169434e-01,1.029331609606742859e-01,0.000000000000000000e+00
6.390000000000000000e+03,3.223747014999389648e-01,6.886792452830188260e-01,1.225759014487266541e-01,0.000000000000000000e+00
6.400000000000000000e+03,3.321577012538909912e-01,6.886792452830188260e-01,1.153013929724693298e-01,0.000000000000000000e+00
6.410000000000000000e+03,3.394161164760589600e-01,6.981132075471697673e-01,9.829661995172500610e-02,0.000000000000000000e+00
6.420000000000000000e+03,3.188101351261138916e-01,7.358490566037735325e-01,7.969857007265090942e-02,0.000000000000000000e+00
6.430000000000000000e+03,3.217742741107940674e-01,7.075471698113207086e-01,1.090118288993835449e-01,0.000000000000000000e+00
6.440000000000000000e+03,3.293821811676025391e-01,7.075471698113207086e-01,9.790775179862976074e-02,0.000000000000000000e+00
6.450000000000000000e+03,3.224973976612091064e-01,6.792452830188678847e-01,9.591069072484970093e-02,0.000000000000000000e+00
6.460000000000000000e+03,3.281912505626678467e-01,6.698113207547169434e-01,9.564357250928878784e-02,0.000000000000000000e+00
6.470000000000000000e+03,3.308050036430358887e-01,6.886792452830188260e-01,1.152695044875144958e-01,0.000000000000000000e+00
6.480000000000000000e+03,3.236767351627349854e-01,6.886792452830188260e-01,1.129767224192619324e-01,0.000000000000000000e+00
6.490000000000000000e+03,3.512937128543853760e-01,6.792452830188678847e-01,1.304554045200347900e-01,0.000000000000000000e+00
6.500000000000000000e+03,3.529220819473266602e-01,6.886792452830188260e-01,1.179322153329849243e-01,0.000000000000000000e+00
6.510000000000000000e+03,3.533802628517150879e-01,6.509433962264150608e-01,1.214647442102432251e-01,0.000000000000000000e+00
6.520000000000000000e+03,3.593613505363464355e-01,6.792452830188678847e-01,1.267354637384414673e-01,0.000000000000000000e+00
6.530000000000000000e+03,3.216186165809631348e-01,6.698113207547169434e-01,1.102448999881744385e-01,0.000000000000000000e+00
6.540000000000000000e+03,3.343966305255889893e-01,6.792452830188678847e-01,1.072122901678085327e-01,0.000000000000000000e+00
6.550000000000000000e+03,3.401086032390594482e-01,6.886792452830188260e-01,1.214007660746574402e-01,0.000000000000000000e+00
6.560000000000000000e+03,3.401737809181213379e-01,6.792452830188678847e-01,1.077377572655677795e-01,0.000000000000000000e+00
6.570000000000000000e+03,3.556059896945953369e-01,6.792452830188678847e-01,1.512113958597183228e-01,0.000000000000000000e+00
6.580000000000000000e+03,3.576756715774536133e-01,6.415094339622641195e-01,1.273211538791656494e-01,0.000000000000000000e+00
6.590000000000000000e+03,3.718461394309997559e-01,6.981132075471697673e-01,1.221257671713829041e-01,0.000000000000000000e+00
6.600000000000000000e+03,3.609513342380523682e-01,6.981132075471697673e-01,1.449303328990936279e-01,0.000000000000000000e+00
6.610000000000000000e+03,3.500586748123168945e-01,6.698113207547169434e-01,1.508764028549194336e-01,0.000000000000000000e+00
6.620000000000000000e+03,3.439631462097167969e-01,6.698113207547169434e-01,1.381276398897171021e-01,0.000000000000000000e+00
6.630000000000000000e+03,3.458076715469360352e-01,6.226415094339622369e-01,1.517554521560668945e-01,0.000000000000000000e+00
6.640000000000000000e+03,3.606953918933868408e-01,6.415094339622641195e-01,1.770332455635070801e-01,0.000000000000000000e+00
6.650000000000000000e+03,3.382436335086822510e-01,6.509433962264150608e-01,1.524076759815216064e-01,0.000000000000000000e+00
6.660000000000000000e+03,3.498322069644927979e-01,6.698113207547169434e-01,1.473431140184402466e-01,0.000000000000000000e+00
6.670000000000000000e+03,3.487265110015869141e-01,6.603773584905660021e-01,1.264768689870834351e-01,0.000000000000000000e+00
6.680000000000000000e+03,3.636829853057861328e-01,6.886792452830188260e-01,1.373388469219207764e-01,0.000000000000000000e+00
6.690000000000000000e+03,3.784735798835754395e-01,6.698113207547169434e-01,1.480768620967864990e-01,0.000000000000000000e+00
6.700000000000000000e+03,3.847031295299530029e-01,6.509433962264150608e-01,1.536228805780410767e-01,0.000000000000000000e+00
6.710000000000000000e+03,3.658787012100219727e-01,6.698113207547169434e-01,1.362888216972351074e-01,0.000000000000000000e+00
6.720000000000000000e+03,3.921657502651214600e-01,6.509433962264150608e-01,1.577608436346054077e-01,0.000000000000000000e+00
6.730000000000000000e+03,3.660844862461090088e-01,6.509433962264150608e-01,1.362489312887191772e-01,0.000000000000000000e+00
6.740000000000000000e+03,3.892354369163513184e-01,6.132075471698112956e-01,1.356855630874633789e-01,0.000000000000000000e+00
6.750000000000000000e+03,3.798243999481201172e-01,6.320754716981131782e-01,1.358267217874526978e-01,0.000000000000000000e+00
6.760000000000000000e+03,3.890284895896911621e-01,6.226415094339622369e-01,1.613485515117645264e-01,0.000000000000000000e+00
6.770000000000000000e+03,4.003397524356842041e-01,6.226415094339622369e-01,1.460314095020294189e-01,0.000000000000000000e+00
6.780000000000000000e+03,4.048827588558197021e-01,5.943396226415094130e-01,1.736275702714920044e-01,0.000000000000000000e+00
6.790000000000000000e+03,3.982737064361572266e-01,6.132075471698112956e-01,1.548496186733245850e-01,0.000000000000000000e+00
6.800000000000000000e+03,3.926209807395935059e-01,6.415094339622641195e-01,1.568543910980224609e-01,0.000000000000000000e+00
6.810000000000000000e+03,4.007007777690887451e-01,6.698113207547169434e-01,1.882120966911315918e-01,0.000000000000000000e+00
6.820000000000000000e+03,4.002290666103363037e-01,6.320754716981131782e-01,1.470715254545211792e-01,0.000000000000000000e+00
6.830000000000000000e+03,4.072731137275695801e-01,6.226415094339622369e-01,1.617034971714019775e-01,0.000000000000000000e+00
6.840000000000000000e+03,4.207713603973388672e-01,6.320754716981131782e-01,1.942003071308135986e-01,0.000000000000000000e+00
6.850000000000000000e+03,4.210892617702484131e-01,6.037735849056603543e-01,1.882002651691436768e-01,0.000000000000000000e+00
6.860000000000000000e+03,4.233075082302093506e-01,6.132075471698112956e-01,1.927088648080825806e-01,0.000000000000000000e+00
6.870000000000000000e+03,4.175550639629364014e-01,6.226415094339622369e-01,2.021065503358840942e-01,0.000000000000000000e+00
6.880000000000000000e+03,4.083841145038604736e-01,6.320754716981131782e-01,2.034048438072204590e-01,0.000000000000000000e+00
6.890000000000000000e+03,4.078008830547332764e-01,6.037735849056603543e-01,1.882006525993347168e-01,0.000000000000000000e+00
6.900000000000000000e+03,3.864659965038299561e-01,6.320754716981131782e-01,1.876484900712966919e-01,0.000000000000000000e+00
6.910000000000000000e+03,3.892768025398254395e-01,6.415094339622641195e-01,1.613368988037109375e-01,0.000000000000000000e+00
6.920000000000000000e+03,3.823392093181610107e-01,6.226415094339622369e-01,1.663365215063095093e-01,0.000000000000000000e+00
6.930000000000000000e+03,3.858172297477722168e-01,6.320754716981131782e-01,1.873499900102615356e-01,0.000000000000000000e+00
6.940000000000000000e+03,4.058672189712524414e-01,5.943396226415094130e-01,1.885785609483718872e-01,0.000000000000000000e+00
6.950000000000000000e+03,3.902609348297119141e-01,6.132075471698112956e-01,1.672449111938476562e-01,0.000000000000000000e+00
6.960000000000000000e+03,3.975853025913238525e-01,6.132075471698112956e-01,1.942057907581329346e-01,0.000000000000000000e+00
6.970000000000000000e+03,3.816590011119842529e-01,6.415094339622641195e-01,1.618739217519760132e-01,0.000000000000000000e+00
6.980000000000000000e+03,3.882779479026794434e-01,6.320754716981131782e-01,1.755252629518508911e-01,0.000000000000000000e+00
6.990000000000000000e+03,4.159875810146331787e-01,6.509433962264150608e-01,1.756447106599807739e-01,0.000000000000000000e+00
7.000000000000000000e+03,3.919963538646697998e-01,6.320754716981131782e-01,1.549102813005447388e-01,0.000000000000000000e+00
7.010000000000000000e+03,4.091019332408905029e-01,6.320754716981131782e-01,1.636646389961242676e-01,0.000000000000000000e+00
7.020000000000000000e+03,4.092463552951812744e-01,6.698113207547169434e-01,1.672442704439163208e-01,0.000000000000000000e+00
7.030000000000000000e+03,4.209794700145721436e-01,6.132075471698112956e-01,1.710340827703475952e-01,0.000000000000000000e+00
7.040000000000000000e+03,3.927814960479736328e-01,6.320754716981131782e-01,1.613191962242126465e-01,0.000000000000000000e+00
7.050000000000000000e+03,3.915088474750518799e-01,6.037735849056603543e-01,1.443566977977752686e-01,0.000000000000000000e+00
7.060000000000000000e+03,3.935757279396057129e-01,5.943396226415094130e-01,1.534670889377593994e-01,0.000000000000000000e+00
7.070000000000000000e+03,3.967424631118774414e-01,6.320754716981131782e-01,1.286980211734771729e-01,0.000000000000000000e+00
7.080000000000000000e+03,4.014180898666381836e-01,6.037735849056603543e-01,1.431356072425842285e-01,0.000000000000000000e+00
7.090000000000000000e+03,4.019288718700408936e-01,5.943396226415094130e-01,1.332391351461410522e-01,0.000000000000000000e+00
7.100000000000000000e+03,4.047459959983825684e-01,6.226415094339622369e-01,1.500426530838012695e-01,0.000000000000000000e+00
7.110000000000000000e+03,4.106254577636718750e-01,6.132075471698112956e-01,1.567633152008056641e-01,0.000000000000000000e+00
7.120000000000000000e+03,4.014042317867279053e-01,6.037735849056603543e-01,1.556923389434814453e-01,0.000000000000000000e+00
7.130000000000000000e+03,4.152292013168334961e-01,6.132075471698112956e-01,1.674000322818756104e-01,0.000000000000000000e+00
7.140000000000000000e+03,4.041053652763366699e-01,6.037735849056603543e-01,1.788578033447265625e-01,0.000000000000000000e+00
7.150000000000000000e+03,3.865486681461334229e-01,6.037735849056603543e-01,1.454855203628540039e-01,0.000000000000000000e+00
7.160000000000000000e+03,3.769919574260711670e-01,6.509433962264150608e-01,1.336981207132339478e-01,0.000000000000000000e+00
7.170000000000000000e+03,3.754363656044006348e-01,6.226415094339622369e-01,1.406925618648529053e-01,0.000000000000000000e+00
7.180000000000000000e+03,3.661845326423645020e-01,6.320754716981131782e-01,1.374105811119079590e-01,0.000000000000000000e+00
7.190000000000000000e+03,3.578431010246276855e-01,6.132075471698112956e-01,1.327494233846664429e-01,0.000000000000000000e+00
7.200000000000000000e+03,3.633684515953063965e-01,6.226415094339622369e-01,1.438253819942474365e-01,0.000000000000000000e+00
7.210000000000000000e+03,3.842511773109436035e-01,6.132075471698112956e-01,1.582511663436889648e-01,0.000000000000000000e+00
7.220000000000000000e+03,3.820295333862304688e-01,6.320754716981131782e-01,1.377889811992645264e-01,0.000000000000000000e+00
7.230000000000000000e+03,3.765698671340942383e-01,6.132075471698112956e-01,1.228801682591438293e-01,0.000000000000000000e+00
7.240000000000000000e+03,3.762592375278472900e-01,6.320754716981131782e-01,1.500623524188995361e-01,0.000000000000000000e+00
7.250000000000000000e+03,3.819069564342498779e-01,6.226415094339622369e-01,1.498095095157623291e-01,0.000000000000000000e+00
7.260000000000000000e+03,3.873540759086608887e-01,6.132075471698112956e-01,1.508104056119918823e-01,0.000000000000000000e+00
7.270000000000000000e+03,3.895530998706817627e-01,6.320754716981131782e-01,1.518897414207458496e-01,0.000000000000000000e+00
7.280000000000000000e+03,3.898106217384338379e-01,6.320754716981131782e-01,1.521644890308380127e-01,0.000000000000000000e+00
7.290000000000000000e+03,3.908339142799377441e-01,6.320754716981131782e-01,1.568165272474288940e-01,0.000000000000000000e+00
7.300000000000000000e+03,3.946210443973541260e-01,6.415094339622641195e-01,1.569775640964508057e-01,0.000000000000000000e+00
7.310000000000000000e+03,3.845438957214355469e-01,6.320754716981131782e-01,1.317885667085647583e-01,0.000000000000000000e+00
7.320000000000000000e+03,4.170576035976409912e-01,6.320754716981131782e-01,1.579413115978240967e-01,0.000000000000000000e+00
7.330000000000000000e+03,4.061919748783111572e-01,6.603773584905660021e-01,1.762989759445190430e-01,0.000000000000000000e+00
7.340000000000000000e+03,4.112759530544281006e-01,6.132075471698112956e-01,1.679139882326126099e-01,0.000000000000000000e+00
7.350000000000000000e+03,4.149795770645141602e-01,6.037735849056603543e-01,1.861881911754608154e-01,0.000000000000000000e+00
7.360000000000000000e+03,3.971611559391021729e-01,6.037735849056603543e-01,1.565890014171600342e-01,0.000000000000000000e+00
7.370000000000000000e+03,3.925494253635406494e-01,6.226415094339622369e-01,1.541944295167922974e-01,0.000000000000000000e+00
7.380000000000000000e+03,3.992617130279541016e-01,5.660377358490565891e-01,1.479094177484512329e-01,0.000000000000000000e+00
7.390000000000000000e+03,4.010179638862609863e-01,6.132075471698112956e-01,1.534458547830581665e-01,0.000000000000000000e+00
7.400000000000000000e+03,3.837752342224121094e-01,5.849056603773584717e-01,1.362240165472030640e-01,0.000000000000000000e+00
7.410000000000000000e+03,3.981893360614776611e-01,6.037735849056603543e-01,1.468392908573150635e-01,0.000000000000000000e+00
7.420000000000000000e+03,3.935755789279937744e-01,6.037735849056603543e-01,1.631141901016235352e-01,0.000000000000000000e+00
7.430000000000000000e+03,3.953498005867004395e-01,6.226415094339622369e-01,1.592677831649780273e-01,0.000000000000000000e+00
7.440000000000000000e+03,3.775611221790313721e-01,6.226415094339622369e-01,1.652843058109283447e-01,0.000000000000000000e+00
7.450000000000000000e+03,3.951099514961242676e-01,6.037735849056603543e-01,1.755427569150924683e-01,0.000000000000000000e+00
7.460000000000000000e+03,3.775051534175872803e-01,6.132075471698112956e-01,1.401626020669937134e-01,0.000000000000000000e+00
7.470000000000000000e+03,3.896228969097137451e-01,6.037735849056603543e-01,1.350880563259124756e-01,0.000000000000000000e+00
7.480000000000000000e+03,3.880982995033264160e-01,5.943396226415094130e-01,1.562148183584213257e-01,0.000000000000000000e+00
7.490000000000000000e+03,3.964954912662506104e-01,6.320754716981131782e-01,1.575511097908020020e-01,0.000000000000000000e+00
7.500000000000000000e+03,4.054014384746551514e-01,6.037735849056603543e-01,1.564793437719345093e-01,0.000000000000000000e+00
7.510000000000000000e+03,4.086794555187225342e-01,5.943396226415094130e-01,1.605671346187591553e-01,0.000000000000000000e+00
7.520000000000000000e+03,4.066252708435058594e-01,6.509433962264150608e-01,1.624351292848587036e-01,0.000000000000000000e+00
7.530000000000000000e+03,3.927781879901885986e-01,6.415094339622641195e-01,1.831867843866348267e-01,0.000000000000000000e+00
7.540000000000000000e+03,3.777754604816436768e-01,6.132075471698112956e-01,1.546125113964080811e-01,0.000000000000000000e+00
7.550000000000000000e+03,3.910381495952606201e-01,6.226415094339622369e-01,1.721070259809494019e-01,0.000000000000000000e+00
7.560000000000000000e+03,3.906080126762390137e-01,6.415094339622641195e-01,1.660176068544387817e-01,0.000000000000000000e+00
7.570000000000000000e+03,3.987510502338409424e-01,6.226415094339622369e-01,1.599873900413513184e-01,0.000000000000000000e+00
7.580000000000000000e+03,3.974529206752777100e-01,6.509433962264150608e-01,1.568913459777832031e-01,0.000000000000000000e+00
7.590000000000000000e+03,3.999588489532470703e-01,6.320754716981131782e-01,1.813572049140930176e-01,0.000000000000000000e+00
7.600000000000000000e+03,3.941918015480041504e-01,6.320754716981131782e-01,1.361078023910522461e-01,0.000000000000000000e+00
7.610000000000000000e+03,3.996158540248870850e-01,6.132075471698112956e-01,1.404057294130325317e-01,0.000000000000000000e+00
7.620000000000000000e+03,3.939083814620971680e-01,6.320754716981131782e-01,1.423549354076385498e-01,0.000000000000000000e+00
7.630000000000000000e+03,3.925288319587707520e-01,6.320754716981131782e-01,1.592261791229248047e-01,0.000000000000000000e+00
7.640000000000000000e+03,3.839760720729827881e-01,6.509433962264150608e-01,1.493940204381942749e-01,0.000000000000000000e+00
7.650000000000000000e+03,3.914931416511535645e-01,6.132075471698112956e-01,1.222794204950332642e-01,0.000000000000000000e+00
7.660000000000000000e+03,3.897290825843811035e-01,6.415094339622641195e-01,1.478736698627471924e-01,0.000000000000000000e+00
7.670000000000000000e+03,3.858985602855682373e-01,6.509433962264150608e-01,1.485725045204162598e-01,0.000000000000000000e+00
7.680000000000000000e+03,3.949412703514099121e-01,6.415094339622641195e-01,1.644794940948486328e-01,0.000000000000000000e+00
7.690000000000000000e+03,4.080239236354827881e-01,6.415094339622641195e-01,1.618982851505279541e-01,0.000000000000000000e+00
7.700000000000000000e+03,4.240493774414062500e-01,6.132075471698112956e-01,1.629741936922073364e-01,0.000000000000000000e+00
7.710000000000000000e+03,4.014869630336761475e-01,6.320754716981131782e-01,1.567175984382629395e-01,0.000000000000000000e+00
7.720000000000000000e+03,4.125071763992309570e-01,6.698113207547169434e-01,1.510874032974243164e-01,0.000000000000000000e+00
7.730000000000000000e+03,4.163666963577270508e-01,6.509433962264150608e-01,1.408332586288452148e-01,0.000000000000000000e+00
7.740000000000000000e+03,3.888410627841949463e-01,6.226415094339622369e-01,1.422317773103713989e-01,0.000000000000000000e+00
7.750000000000000000e+03,4.018101394176483154e-01,6.792452830188678847e-01,1.363076418638229370e-01,0.000000000000000000e+00
7.760000000000000000e+03,4.306211173534393311e-01,6.415094339622641195e-01,1.573947817087173462e-01,0.000000000000000000e+00
7.770000000000000000e+03,4.059918820858001709e-01,6.509433962264150608e-01,1.588915288448333740e-01,0.000000000000000000e+00
7.780000000000000000e+03,4.341030418872833252e-01,6.226415094339622369e-01,2.002321481704711914e-01,0.000000000000000000e+00
7.790000000000000000e+03,4.029615223407745361e-01,6.509433962264150608e-01,1.733510941267013550e-01,0.000000000000000000e+00
7.800000000000000000e+03,3.850032687187194824e-01,6.226415094339622369e-01,1.614331305027008057e-01,0.000000000000000000e+00
7.810000000000000000e+03,4.021727740764617920e-01,6.509433962264150608e-01,1.769272834062576294e-01,0.000000000000000000e+00
7.820000000000000000e+03,4.155506789684295654e-01,6.132075471698112956e-01,2.070874571800231934e-01,0.000000000000000000e+00
7.830000000000000000e+03,4.126249849796295166e-01,6.320754716981131782e-01,1.965945661067962646e-01,0.000000000000000000e+00
7.840000000000000000e+03,4.133224487304687500e-01,6.226415094339622369e-01,1.730983108282089233e-01,0.000000000000000000e+00
7.850000000000000000e+03,4.084589481353759766e-01,6.415094339622641195e-01,1.685448139905929565e-01,0.000000000000000000e+00
7.860000000000000000e+03,4.281964600086212158e-01,6.415094339622641195e-01,1.838109642267227173e-01,0.000000000000000000e+00
7.870000000000000000e+03,4.327514469623565674e-01,6.509433962264150608e-01,1.808432787656784058e-01,0.000000000000000000e+00
7.880000000000000000e+03,4.291467666625976562e-01,6.415094339622641195e-01,1.752666085958480835e-01,0.000000000000000000e+00
7.890000000000000000e+03,4.316075444221496582e-01,6.603773584905660021e-01,1.709870398044586182e-01,0.000000000000000000e+00
7.900000000000000000e+03,4.388133287429809570e-01,6.415094339622641195e-01,1.825192421674728394e-01,0.000000000000000000e+00
7.910000000000000000e+03,4.225253760814666748e-01,6.132075471698112956e-01,1.469378322362899780e-01,0.000000000000000000e+00
7.920000000000000000e+03,4.402657747268676758e-01,6.226415094339622369e-01,1.918709874153137207e-01,0.000000000000000000e+00
7.930000000000000000e+03,4.247267246246337891e-01,6.509433962264150608e-01,1.899311095476150513e-01,0.000000000000000000e+00
7.940000000000000000e+03,4.294613897800445557e-01,6.037735849056603543e-01,1.846581846475601196e-01,0.000000000000000000e+00
7.950000000000000000e+03,3.884798288345336914e-01,6.320754716981131782e-01,1.411631256341934204e-01,0.000000000000000000e+00
7.960000000000000000e+03,3.891679048538208008e-01,6.415094339622641195e-01,1.519905477762222290e-01,0.000000000000000000e+00
7.970000000000000000e+03,3.939436674118041992e-01,6.698113207547169434e-01,1.626233011484146118e-01,0.000000000000000000e+00
7.980000000000000000e+03,4.037322103977203369e-01,6.603773584905660021e-01,1.517221778631210327e-01,0.000000000000000000e+00
7.990000000000000000e+03,4.169597625732421875e-01,6.698113207547169434e-01,1.593766659498214722e-01,0.000000000000000000e+00
8.000000000000000000e+03,4.183625578880310059e-01,6.320754716981131782e-01,1.702854484319686890e-01,0.000000000000000000e+00
8.010000000000000000e+03,4.119762182235717773e-01,6.320754716981131782e-01,1.366594582796096802e-01,0.000000000000000000e+00
8.020000000000000000e+03,4.230732917785644531e-01,6.698113207547169434e-01,1.792012602090835571e-01,0.000000000000000000e+00
8.030000000000000000e+03,4.570997059345245361e-01,6.132075471698112956e-01,2.062674015760421753e-01,0.000000000000000000e+00
8.040000000000000000e+03,4.424203634262084961e-01,6.792452830188678847e-01,1.691050529479980469e-01,0.000000000000000000e+00
8.050000000000000000e+03,4.284696877002716064e-01,6.698113207547169434e-01,1.819154173135757446e-01,0.000000000000000000e+00
8.060000000000000000e+03,4.572401940822601318e-01,6.792452830188678847e-01,1.751620173454284668e-01,0.000000000000000000e+00
8.070000000000000000e+03,4.438121318817138672e-01,6.698113207547169434e-01,1.748837828636169434e-01,0.000000000000000000e+00
8.080000000000000000e+03,4.407776892185211182e-01,6.320754716981131782e-01,1.528126448392868042e-01,0.000000000000000000e+00
8.090000000000000000e+03,4.293541312217712402e-01,6.603773584905660021e-01,1.761720329523086548e-01,0.000000000000000000e+00
8.100000000000000000e+03,4.298492074012756348e-01,6.603773584905660021e-01,1.789297908544540405e-01,0.000000000000000000e+00
8.110000000000000000e+03,4.297700822353363037e-01,6.415094339622641195e-01,1.799181848764419556e-01,0.000000000000000000e+00
8.120000000000000000e+03,4.150190055370330811e-01,6.132075471698112956e-01,1.734901517629623413e-01,0.000000000000000000e+00
8.130000000000000000e+03,4.079155623912811279e-01,5.943396226415094130e-01,1.879676431417465210e-01,0.000000000000000000e+00
8.140000000000000000e+03,4.004271030426025391e-01,6.415094339622641195e-01,1.664210855960845947e-01,0.000000000000000000e+00
8.150000000000000000e+03,4.244865775108337402e-01,6.886792452830188260e-01,1.791848242282867432e-01,0.000000000000000000e+00
8.160000000000000000e+03,4.392470419406890869e-01,6.603773584905660021e-01,1.974979043006896973e-01,0.000000000000000000e+00
8.170000000000000000e+03,4.385790526866912842e-01,6.415094339622641195e-01,1.954828351736068726e-01,0.000000000000000000e+00
8.180000000000000000e+03,4.182915389537811279e-01,6.698113207547169434e-01,1.814518868923187256e-01,0.000000000000000000e+00
8.190000000000000000e+03,4.364426732063293457e-01,5.943396226415094130e-01,1.850336939096450806e-01,0.000000000000000000e+00
8.200000000000000000e+03,4.235253334045410156e-01,5.943396226415094130e-01,1.678197383880615234e-01,0.000000000000000000e+00
8.210000000000000000e+03,4.118456840515136719e-01,6.226415094339622369e-01,1.733442395925521851e-01,0.000000000000000000e+00
8.220000000000000000e+03,4.123505651950836182e-01,6.603773584905660021e-01,1.767797470092773438e-01,0.000000000000000000e+00
8.230000000000000000e+03,3.983344137668609619e-01,6.698113207547169434e-01,1.656889766454696655e-01,0.000000000000000000e+00
8.240000000000000000e+03,4.179004430770874023e-01,6.698113207547169434e-01,1.755055338144302368e-01,0.000000000000000000e+00
8.250000000000000000e+03,4.050066173076629639e-01,6.415094339622641195e-01,1.804142296314239502e-01,0.000000000000000000e+00
8.260000000000000000e+03,3.990592360496520996e-01,6.132075471698112956e-01,1.571744978427886963e-01,0.000000000000000000e+00
8.270000000000000000e+03,3.925161659717559814e-01,6.037735849056603543e-01,1.869611740112304688e-01,0.000000000000000000e+00
8.280000000000000000e+03,3.820578455924987793e-01,6.320754716981131782e-01,1.674191057682037354e-01,0.000000000000000000e+00
8.290000000000000000e+03,3.981188237667083740e-01,6.698113207547169434e-01,1.625637561082839966e-01,0.000000000000000000e+00
8.300000000000000000e+03,3.968253433704376221e-01,6.509433962264150608e-01,1.815083771944046021e-01,0.000000000000000000e+00
8.310000000000000000e+03,4.224540591239929199e-01,5.943396226415094130e-01,1.879025101661682129e-01,0.000000000000000000e+00
8.320000000000000000e+03,4.003399610519409180e-01,6.320754716981131782e-01,1.582089662551879883e-01,0.000000000000000000e+00
8.330000000000000000e+03,4.195834994316101074e-01,6.037735849056603543e-01,1.740050017833709717e-01,0.000000000000000000e+00
8.340000000000000000e+03,4.059187471866607666e-01,6.415094339622641195e-01,1.488672047853469849e-01,0.000000000000000000e+00
8.350000000000000000e+03,4.182608723640441895e-01,6.603773584905660021e-01,1.526558846235275269e-01,0.000000000000000000e+00
8.360000000000000000e+03,4.411858618259429932e-01,6.698113207547169434e-01,1.421931087970733643e-01,0.000000000000000000e+00
8.370000000000000000e+03,4.348506033420562744e-01,6.603773584905660021e-01,1.600749939680099487e-01,0.000000000000000000e+00
8.380000000000000000e+03,4.410665035247802734e-01,5.943396226415094130e-01,1.975361555814743042e-01,0.000000000000000000e+00
8.390000000000000000e+03,4.382914006710052490e-01,6.415094339622641195e-01,1.597794592380523682e-01,0.000000000000000000e+00
8.400000000000000000e+03,4.115097224712371826e-01,6.415094339622641195e-01,1.575899422168731689e-01,0.000000000000000000e+00
8.410000000000000000e+03,4.174486100673675537e-01,6.509433962264150608e-01,1.891373991966247559e-01,0.000000000000000000e+00
8.420000000000000000e+03,4.185930788516998291e-01,6.132075471698112956e-01,1.833916753530502319e-01,0.000000000000000000e+00
8.430000000000000000e+03,4.245055019855499268e-01,6.226415094339622369e-01,2.071236222982406616e-01,0.000000000000000000e+00
8.440000000000000000e+03,4.216174483299255371e-01,6.792452830188678847e-01,1.856807470321655273e-01,0.000000000000000000e+00
8.450000000000000000e+03,4.204922318458557129e-01,6.415094339622641195e-01,1.961387991905212402e-01,0.000000000000000000e+00
8.460000000000000000e+03,4.059586524963378906e-01,6.320754716981131782e-01,1.689213514328002930e-01,0.000000000000000000e+00
8.470000000000000000e+03,4.044026732444763184e-01,6.886792452830188260e-01,1.608602702617645264e-01,0.000000000000000000e+00
8.480000000000000000e+03,4.163681566715240479e-01,6.509433962264150608e-01,1.721285730600357056e-01,0.000000000000000000e+00
8.490000000000000000e+03,4.150009155273437500e-01,6.886792452830188260e-01,1.613309681415557861e-01,0.000000000000000000e+00
8.500000000000000000e+03,4.136537015438079834e-01,6.698113207547169434e-01,1.441798061132431030e-01,0.000000000000000000e+00
8.510000000000000000e+03,4.354992210865020752e-01,6.603773584905660021e-01,1.628904193639755249e-01,0.000000000000000000e+00
8.520000000000000000e+03,4.372307658195495605e-01,6.603773584905660021e-01,1.714276820421218872e-01,0.000000000000000000e+00
8.530000000000000000e+03,4.685406088829040527e-01,6.698113207547169434e-01,1.726249605417251587e-01,0.000000000000000000e+00
8.540000000000000000e+03,4.357958734035491943e-01,7.075471698113207086e-01,1.665764749050140381e-01,0.000000000000000000e+00
8.550000000000000000e+03,4.396209418773651123e-01,6.698113207547169434e-01,1.601499468088150024e-01,0.000000000000000000e+00
8.560000000000000000e+03,4.275754988193511963e-01,6.698113207547169434e-01,1.581583470106124878e-01,0.000000000000000000e+00
8.570000000000000000e+03,4.201581478118896484e-01,6.698113207547169434e-01,1.499792188405990601e-01,0.000000000000000000e+00
8.580000000000000000e+03,4.332876801490783691e-01,6.886792452830188260e-01,1.414109021425247192e-01,0.000000000000000000e+00
8.590000000000000000e+03,4.208812415599822998e-01,6.415094339622641195e-01,1.642550081014633179e-01,0.000000000000000000e+00
8.600000000000000000e+03,4.117701649665832520e-01,7.075471698113207086e-01,1.723817437887191772e-01,0.000000000000000000e+00
8.610000000000000000e+03,4.198243319988250732e-01,6.226415094339622369e-01,1.740269809961318970e-01,0.000000000000000000e+00
8.620000000000000000e+03,4.142929911613464355e-01,6.509433962264150608e-01,1.720249950885772705e-01,0.000000000000000000e+00
8.630000000000000000e+03,3.817480504512786865e-01,6.509433962264150608e-01,1.577562391757965088e-01,0.000000000000000000e+00
8.640000000000000000e+03,3.908088207244873047e-01,6.132075471698112956e-01,1.625338196754455566e-01,0.000000000000000000e+00
8.650000000000000000e+03,3.898606598377227783e-01,6.415094339622641195e-01,1.421143561601638794e-01,0.000000000000000000e+00
8.660000000000000000e+03,3.997326791286468506e-01,6.509433962264150608e-01,1.526965796947479248e-01,0.000000000000000000e+00
8.670000000000000000e+03,4.022689163684844971e-01,6.509433962264150608e-01,1.604274362325668335e-01,0.000000000000000000e+00
8.680000000000000000e+03,4.123948216438293457e-01,6.415094339622641195e-01,1.560534834861755371e-01,0.000000000000000000e+00
8.690000000000000000e+03,4.139811992645263672e-01,6.886792452830188260e-01,1.669300794601440430e-01,0.000000000000000000e+00
8.700000000000000000e+03,4.227549135684967041e-01,6.415094339622641195e-01,1.667151302099227905e-01,0.000000000000000000e+00
8.710000000000000000e+03,4.269567728042602539e-01,6.415094339622641195e-01,1.740066111087799072e-01,0.000000000000000000e+00
8.720000000000000000e+03,4.150126874446868896e-01,6.603773584905660021e-01,1.666415482759475708e-01,0.000000000000000000e+00
8.730000000000000000e+03,4.256825745105743408e-01,6.320754716981131782e-01,1.636633425951004028e-01,0.000000000000000000e+00
8.740000000000000000e+03,4.447410106658935547e-01,6.132075471698112956e-01,1.783140301704406738e-01,0.000000000000000000e+00
8.750000000000000000e+03,4.294111728668212891e-01,6.320754716981131782e-01,1.673993617296218872e-01,0.000000000000000000e+00
8.760000000000000000e+03,4.192397594451904297e-01,6.415094339622641195e-01,1.328766196966171265e-01,0.000000000000000000e+00
8.770000000000000000e+03,4.445962607860565186e-01,6.226415094339622369e-01,1.344439983367919922e-01,0.000000000000000000e+00
8.780000000000000000e+03,4.457528591156005859e-01,6.320754716981131782e-01,1.481142342090606689e-01,0.000000000000000000e+00
8.790000000000000000e+03,4.591871201992034912e-01,5.754716981132075304e-01,1.667429506778717041e-01,0.000000000000000000e+00
8.800000000000000000e+03,4.320524036884307861e-01,6.320754716981131782e-01,1.546041220426559448e-01,0.000000000000000000e+00
8.810000000000000000e+03,4.186644256114959717e-01,6.792452830188678847e-01,1.389200091361999512e-01,0.000000000000000000e+00
8.820000000000000000e+03,4.491519033908843994e-01,6.792452830188678847e-01,1.557509750127792358e-01,0.000000000000000000e+00
8.830000000000000000e+03,4.459090232849121094e-01,6.792452830188678847e-01,1.388005912303924561e-01,0.000000000000000000e+00
8.840000000000000000e+03,4.512711167335510254e-01,6.698113207547169434e-01,1.429090052843093872e-01,0.000000000000000000e+00
8.850000000000000000e+03,4.264693260192871094e-01,6.415094339622641195e-01,1.555437892675399780e-01,0.000000000000000000e+00
8.860000000000000000e+03,4.382823407649993896e-01,6.792452830188678847e-01,1.694716662168502808e-01,0.000000000000000000e+00
8.870000000000000000e+03,4.378544390201568604e-01,6.509433962264150608e-01,1.750555932521820068e-01,0.000000000000000000e+00
8.880000000000000000e+03,4.469429552555084229e-01,6.320754716981131782e-01,1.642655283212661743e-01,0.000000000000000000e+00
8.890000000000000000e+03,4.523792564868927002e-01,6.037735849056603543e-01,1.597170978784561157e-01,0.000000000000000000e+00
8.900000000000000000e+03,4.592492878437042236e-01,6.415094339622641195e-01,1.876868903636932373e-01,0.000000000000000000e+00
8.910000000000000000e+03,4.361323118209838867e-01,6.037735849056603543e-01,1.758287101984024048e-01,0.000000000000000000e+00
8.920000000000000000e+03,4.383976459503173828e-01,6.226415094339622369e-01,1.773911118507385254e-01,0.000000000000000000e+00
8.930000000000000000e+03,4.499174654483795166e-01,6.037735849056603543e-01,1.798520237207412720e-01,0.000000000000000000e+00
8.940000000000000000e+03,4.299802482128143311e-01,6.226415094339622369e-01,1.829079985618591309e-01,0.000000000000000000e+00
8.950000000000000000e+03,4.165668189525604248e-01,6.415094339622641195e-01,1.587305963039398193e-01,0.000000000000000000e+00
8.960000000000000000e+03,4.389527738094329834e-01,5.943396226415094130e-01,1.763607710599899292e-01,0.000000000000000000e+00
8.970000000000000000e+03,4.220851361751556396e-01,6.226415094339622369e-01,1.903876364231109619e-01,0.000000000000000000e+00
8.980000000000000000e+03,4.330879151821136475e-01,6.226415094339622369e-01,1.782286167144775391e-01,0.000000000000000000e+00
8.990000000000000000e+03,4.550596475601196289e-01,6.037735849056603543e-01,1.931943297386169434e-01,0.000000000000000000e+00
9.000000000000000000e+03,4.348486959934234619e-01,6.132075471698112956e-01,1.736684441566467285e-01,0.000000000000000000e+00
9.010000000000000000e+03,4.217751026153564453e-01,6.037735849056603543e-01,1.738460212945938110e-01,0.000000000000000000e+00
9.020000000000000000e+03,4.333300590515136719e-01,5.943396226415094130e-01,2.024485766887664795e-01,0.000000000000000000e+00
9.030000000000000000e+03,4.205693006515502930e-01,5.754716981132075304e-01,1.989900022745132446e-01,0.000000000000000000e+00
9.040000000000000000e+03,4.278510212898254395e-01,6.037735849056603543e-01,1.980669796466827393e-01,0.000000000000000000e+00
9.050000000000000000e+03,4.277182221412658691e-01,5.943396226415094130e-01,1.852705180644989014e-01,0.000000000000000000e+00
9.060000000000000000e+03,4.164768457412719727e-01,6.037735849056603543e-01,1.694465875625610352e-01,0.000000000000000000e+00
9.070000000000000000e+03,4.312410056591033936e-01,6.415094339622641195e-01,1.697814017534255981e-01,0.000000000000000000e+00
9.080000000000000000e+03,4.381495714187622070e-01,6.132075471698112956e-01,1.505891829729080200e-01,0.000000000000000000e+00
9.090000000000000000e+03,4.256688654422760010e-01,6.226415094339622369e-01,1.573169231414794922e-01,0.000000000000000000e+00
9.100000000000000000e+03,4.310072064399719238e-01,6.415094339622641195e-01,1.596500873565673828e-01,0.000000000000000000e+00
9.110000000000000000e+03,4.279760122299194336e-01,6.415094339622641195e-01,1.511482000350952148e-01,0.000000000000000000e+00
9.120000000000000000e+03,4.414093196392059326e-01,6.509433962264150608e-01,1.779971867799758911e-01,0.000000000000000000e+00
9.130000000000000000e+03,4.288291931152343750e-01,6.509433962264150608e-01,1.511429697275161743e-01,0.000000000000000000e+00
9.140000000000000000e+03,4.397995769977569580e-01,6.132075471698112956e-01,1.787345558404922485e-01,0.000000000000000000e+00
9.150000000000000000e+03,4.491384327411651611e-01,6.226415094339622369e-01,1.696690171957015991e-01,0.000000000000000000e+00
9.160000000000000000e+03,4.393203556537628174e-01,5.943396226415094130e-01,1.706201732158660889e-01,0.000000000000000000e+00
9.170000000000000000e+03,4.385918676853179932e-01,6.132075471698112956e-01,1.982688158750534058e-01,0.000000000000000000e+00
9.180000000000000000e+03,4.264115393161773682e-01,6.509433962264150608e-01,1.784016638994216919e-01,0.000000000000000000e+00
9.190000000000000000e+03,4.185195267200469971e-01,6.415094339622641195e-01,1.755643784999847412e-01,0.000000000000000000e+00
9.200000000000000000e+03,4.214299917221069336e-01,6.698113207547169434e-01,1.687811613082885742e-01,0.000000000000000000e+00
9.210000000000000000e+03,4.338519275188446045e-01,6.415094339622641195e-01,1.513715088367462158e-01,0.000000000000000000e+00
9.220000000000000000e+03,4.308997094631195068e-01,6.320754716981131782e-01,1.865823417901992798e-01,0.000000000000000000e+00
9.230000000000000000e+03,4.225963950157165527e-01,6.415094339622641195e-01,1.668164134025573730e-01,0.000000000000000000e+00
9.240000000000000000e+03,4.253885447978973389e-01,6.415094339622641195e-01,1.471455842256546021e-01,0.000000000000000000e+00
9.250000000000000000e+03,4.416382908821105957e-01,6.226415094339622369e-01,1.651814579963684082e-01,0.000000000000000000e+00
9.260000000000000000e+03,4.449833035469055176e-01,6.226415094339622369e-01,1.653834730386734009e-01,0.000000000000000000e+00
9.270000000000000000e+03,4.381059706211090088e-01,6.320754716981131782e-01,1.732398122549057007e-01,0.000000000000000000e+00
9.280000000000000000e+03,4.245330691337585449e-01,6.603773584905660021e-01,1.789921224117279053e-01,0.000000000000000000e+00
9.290000000000000000e+03,4.214509725570678711e-01,6.509433962264150608e-01,1.646662652492523193e-01,0.000000000000000000e+00
9.300000000000000000e+03,4.293532371520996094e-01,6.132075471698112956e-01,1.408843100070953369e-01,0.000000000000000000e+00
9.310000000000000000e+03,4.285645782947540283e-01,6.132075471698112956e-01,1.685090959072113037e-01,0.000000000000000000e+00
9.320000000000000000e+03,4.308399260044097900e-01,6.603773584905660021e-01,1.524631679058074951e-01,0.000000000000000000e+00
9.330000000000000000e+03,4.258095026016235352e-01,6.981132075471697673e-01,1.305618882179260254e-01,0.000000000000000000e+00
9.340000000000000000e+03,4.300538301467895508e-01,6.509433962264150608e-01,1.592037081718444824e-01,0.000000000000000000e+00
9.350000000000000000e+03,4.354379177093505859e-01,6.320754716981131782e-01,1.590448468923568726e-01,0.000000000000000000e+00
9.360000000000000000e+03,4.526165127754211426e-01,6.415094339622641195e-01,1.796286106109619141e-01,0.000000000000000000e+00
9.370000000000000000e+03,4.474498331546783447e-01,6.415094339622641195e-01,1.531435400247573853e-01,0.000000000000000000e+00
9.380000000000000000e+03,4.757829606533050537e-01,5.754716981132075304e-01,1.725444048643112183e-01,0.000000000000000000e+00
9.390000000000000000e+03,4.574989974498748779e-01,6.603773584905660021e-01,1.413849592208862305e-01,0.000000000000000000e+00
9.400000000000000000e+03,4.713966548442840576e-01,6.226415094339622369e-01,1.737839132547378540e-01,0.000000000000000000e+00
9.410000000000000000e+03,4.695029854774475098e-01,6.132075471698112956e-01,1.548418551683425903e-01,0.000000000000000000e+00
9.420000000000000000e+03,4.860355556011199951e-01,6.037735849056603543e-01,1.615904122591018677e-01,0.000000000000000000e+00
9.430000000000000000e+03,4.886541962623596191e-01,6.792452830188678847e-01,1.546621322631835938e-01,0.000000000000000000e+00
9.440000000000000000e+03,4.951290488243103027e-01,6.509433962264150608e-01,1.470715552568435669e-01,0.000000000000000000e+00
9.450000000000000000e+03,5.041875243186950684e-01,6.415094339622641195e-01,1.779134720563888550e-01,0.000000000000000000e+00
9.460000000000000000e+03,4.998675286769866943e-01,6.509433962264150608e-01,1.675709784030914307e-01,0.000000000000000000e+00
9.470000000000000000e+03,5.007277131080627441e-01,6.226415094339622369e-01,1.911997199058532715e-01,0.000000000000000000e+00
9.480000000000000000e+03,5.176434516906738281e-01,6.037735849056603543e-01,1.956556439399719238e-01,0.000000000000000000e+00
9.490000000000000000e+03,4.988856315612792969e-01,6.226415094339622369e-01,1.722378730773925781e-01,0.000000000000000000e+00
9.500000000000000000e+03,4.810289442539215088e-01,6.886792452830188260e-01,1.575499624013900757e-01,0.000000000000000000e+00
9.510000000000000000e+03,5.156735777854919434e-01,6.415094339622641195e-01,1.377431303262710571e-01,0.000000000000000000e+00
9.520000000000000000e+03,4.959125816822052002e-01,6.320754716981131782e-01,1.586725711822509766e-01,0.000000000000000000e+00
9.530000000000000000e+03,5.196095705032348633e-01,5.943396226415094130e-01,1.937453895807266235e-01,0.000000000000000000e+00
9.540000000000000000e+03,5.080070495605468750e-01,6.132075471698112956e-01,1.988563388586044312e-01,0.000000000000000000e+00
9.550000000000000000e+03,5.194219946861267090e-01,5.943396226415094130e-01,2.141769528388977051e-01,0.000000000000000000e+00
9.560000000000000000e+03,4.969638288021087646e-01,6.415094339622641195e-01,2.040441334247589111e-01,0.000000000000000000e+00
9.570000000000000000e+03,5.027415156364440918e-01,6.132075471698112956e-01,1.861224025487899780e-01,0.000000000000000000e+00
9.580000000000000000e+03,5.017722249031066895e-01,6.226415094339622369e-01,1.662089526653289795e-01,0.000000000000000000e+00
9.590000000000000000e+03,5.081941485404968262e-01,6.320754716981131782e-01,1.801108121871948242e-01,0.000000000000000000e+00
9.600000000000000000e+03,4.892405271530151367e-01,6.320754716981131782e-01,1.685798168182373047e-01,0.000000000000000000e+00
9.610000000000000000e+03,4.908770918846130371e-01,6.320754716981131782e-01,1.427287757396697998e-01,0.000000000000000000e+00
9.620000000000000000e+03,4.868849217891693115e-01,6.320754716981131782e-01,1.693750023841857910e-01,0.000000000000000000e+00
9.630000000000000000e+03,4.817880094051361084e-01,6.132075471698112956e-01,1.421643346548080444e-01,0.000000000000000000e+00
9.640000000000000000e+03,4.851986765861511230e-01,6.603773584905660021e-01,1.315427571535110474e-01,0.000000000000000000e+00
9.650000000000000000e+03,5.108165144920349121e-01,5.943396226415094130e-01,1.588964164257049561e-01,0.000000000000000000e+00
9.660000000000000000e+03,4.940391778945922852e-01,6.603773584905660021e-01,1.687267720699310303e-01,0.000000000000000000e+00
9.670000000000000000e+03,4.718311429023742676e-01,6.226415094339622369e-01,1.483823657035827637e-01,0.000000000000000000e+00
9.680000000000000000e+03,4.933647513389587402e-01,6.226415094339622369e-01,1.740159839391708374e-01,0.000000000000000000e+00
9.690000000000000000e+03,4.730016291141510010e-01,6.226415094339622369e-01,1.604263484477996826e-01,0.000000000000000000e+00
9.700000000000000000e+03,4.846548736095428467e-01,5.943396226415094130e-01,1.551718711853027344e-01,0.000000000000000000e+00
9.710000000000000000e+03,4.696179628372192383e-01,6.603773584905660021e-01,1.638948172330856323e-01,0.000000000000000000e+00
9.720000000000000000e+03,4.666909277439117432e-01,6.320754716981131782e-01,1.671394109725952148e-01,0.000000000000000000e+00
9.730000000000000000e+03,4.492205679416656494e-01,6.509433962264150608e-01,1.490549147129058838e-01,0.000000000000000000e+00
9.740000000000000000e+03,4.613125622272491455e-01,6.509433962264150608e-01,1.573600322008132935e-01,0.000000000000000000e+00
9.750000000000000000e+03,4.645549058914184570e-01,6.415094339622641195e-01,1.778845787048339844e-01,0.000000000000000000e+00
9.760000000000000000e+03,4.473957121372222900e-01,6.603773584905660021e-01,1.557393819093704224e-01,0.000000000000000000e+00
9.770000000000000000e+03,4.514285027980804443e-01,6.698113207547169434e-01,1.808135360479354858e-01,0.000000000000000000e+00
9.780000000000000000e+03,4.547720849514007568e-01,6.226415094339622369e-01,1.527897119522094727e-01,0.000000000000000000e+00
9.790000000000000000e+03,4.410751163959503174e-01,6.792452830188678847e-01,1.339344680309295654e-01,0.000000000000000000e+00
9.800000000000000000e+03,4.470151066780090332e-01,6.226415094339622369e-01,1.491701155900955200e-01,0.000000000000000000e+00
9.810000000000000000e+03,4.569905996322631836e-01,6.886792452830188260e-01,1.604878157377243042e-01,0.000000000000000000e+00
9.820000000000000000e+03,4.579435586929321289e-01,6.698113207547169434e-01,1.686062812805175781e-01,0.000000000000000000e+00
9.830000000000000000e+03,4.427751600742340088e-01,6.415094339622641195e-01,1.738440096378326416e-01,0.000000000000000000e+00
9.840000000000000000e+03,4.361490011215209961e-01,6.698113207547169434e-01,1.516437977552413940e-01,0.000000000000000000e+00
9.850000000000000000e+03,4.402589201927185059e-01,6.886792452830188260e-01,1.674308329820632935e-01,0.000000000000000000e+00
9.860000000000000000e+03,4.598985612392425537e-01,6.603773584905660021e-01,1.750300675630569458e-01,0.000000000000000000e+00
9.870000000000000000e+03,4.553014934062957764e-01,6.981132075471697673e-01,1.652812361717224121e-01,0.000000000000000000e+00
9.880000000000000000e+03,4.523662030696868896e-01,6.792452830188678847e-01,1.486709564924240112e-01,0.000000000000000000e+00
9.890000000000000000e+03,4.691020548343658447e-01,6.603773584905660021e-01,1.619617342948913574e-01,0.000000000000000000e+00
9.900000000000000000e+03,4.479217827320098877e-01,6.792452830188678847e-01,1.707159280776977539e-01,0.000000000000000000e+00
9.910000000000000000e+03,4.392155706882476807e-01,6.698113207547169434e-01,1.866329014301300049e-01,0.000000000000000000e+00
9.920000000000000000e+03,4.446851611137390137e-01,6.698113207547169434e-01,1.847415417432785034e-01,0.000000000000000000e+00
9.930000000000000000e+03,4.615027010440826416e-01,6.603773584905660021e-01,1.881712824106216431e-01,0.000000000000000000e+00
9.940000000000000000e+03,4.468090236186981201e-01,6.792452830188678847e-01,1.595634222030639648e-01,0.000000000000000000e+00
9.950000000000000000e+03,4.521867632865905762e-01,6.320754716981131782e-01,1.639238893985748291e-01,0.000000000000000000e+00
9.960000000000000000e+03,4.596477150917053223e-01,6.509433962264150608e-01,1.848336905241012573e-01,0.000000000000000000e+00
9.970000000000000000e+03,4.668941497802734375e-01,6.320754716981131782e-01,1.882686614990234375e-01,0.000000000000000000e+00
9.980000000000000000e+03,4.641801416873931885e-01,6.226415094339622369e-01,1.878047436475753784e-01,0.000000000000000000e+00
9.990000000000000000e+03,4.626727402210235596e-01,6.415094339622641195e-01,1.628046482801437378e-01,0.000000000000000000e+00
1.000000000000000000e+04,4.852636158466339111e-01,6.603773584905660021e-01,1.921841949224472046e-01,0.000000000000000000e+00
1.001000000000000000e+04,4.671978652477264404e-01,6.226415094339622369e-01,1.674527525901794434e-01,0.000000000000000000e+00
1.002000000000000000e+04,4.872960448265075684e-01,6.320754716981131782e-01,1.760618835687637329e-01,0.000000000000000000e+00
1.003000000000000000e+04,4.779686033725738525e-01,6.698113207547169434e-01,1.920143514871597290e-01,0.000000000000000000e+00
1.004000000000000000e+04,4.610037505626678467e-01,6.698113207547169434e-01,1.831375956535339355e-01,0.000000000000000000e+00
1.005000000000000000e+04,4.670386016368865967e-01,6.509433962264150608e-01,1.583518981933593750e-01,0.000000000000000000e+00
1.006000000000000000e+04,4.599835872650146484e-01,6.698113207547169434e-01,1.696836799383163452e-01,0.000000000000000000e+00
1.007000000000000000e+04,4.765154123306274414e-01,6.603773584905660021e-01,1.712673753499984741e-01,0.000000000000000000e+00
1.008000000000000000e+04,4.574114084243774414e-01,6.603773584905660021e-01,1.648461967706680298e-01,0.000000000000000000e+00
1.009000000000000000e+04,4.757736027240753174e-01,6.509433962264150608e-01,1.651512533426284790e-01,0.000000000000000000e+00
1.010000000000000000e+04,4.677468240261077881e-01,6.320754716981131782e-01,1.540510654449462891e-01,0.000000000000000000e+00
1.011000000000000000e+04,4.740566313266754150e-01,6.415094339622641195e-01,1.682531833648681641e-01,0.000000000000000000e+00
1.012000000000000000e+04,4.694075286388397217e-01,6.509433962264150608e-01,1.769771426916122437e-01,0.000000000000000000e+00
1.013000000000000000e+04,4.594791829586029053e-01,6.698113207547169434e-01,1.960321068763732910e-01,0.000000000000000000e+00
1.014000000000000000e+04,4.538513123989105225e-01,6.698113207547169434e-01,1.738105416297912598e-01,0.000000000000000000e+00
1.015000000000000000e+04,4.644196927547454834e-01,6.698113207547169434e-01,1.811248809099197388e-01,0.000000000000000000e+00
1.016000000000000000e+04,4.332034885883331299e-01,6.509433962264150608e-01,1.575649678707122803e-01,0.000000000000000000e+00
1.017000000000000000e+04,4.420931041240692139e-01,6.509433962264150608e-01,1.617391407489776611e-01,0.000000000000000000e+00
1.018000000000000000e+04,4.371802210807800293e-01,6.509433962264150608e-01,1.672414243221282959e-01,0.000000000000000000e+00
1.019000000000000000e+04,4.303503334522247314e-01,6.509433962264150608e-01,1.812072992324829102e-01,0.000000000000000000e+00
1.020000000000000000e+04,4.413074851036071777e-01,6.509433962264150608e-01,1.703182458877563477e-01,0.000000000000000000e+00
1.021000000000000000e+04,4.521971642971038818e-01,6.698113207547169434e-01,1.941489279270172119e-01,0.000000000000000000e+00
1.022000000000000000e+04,4.330785572528839111e-01,6.792452830188678847e-01,1.686583757400512695e-01,0.000000000000000000e+00
1.023000000000000000e+04,4.436701536178588867e-01,6.509433962264150608e-01,1.874653697013854980e-01,0.000000000000000000e+00
1.024000000000000000e+04,4.486145079135894775e-01,6.603773584905660021e-01,1.723846644163131714e-01,0.000000000000000000e+00
1.025000000000000000e+04,4.446797072887420654e-01,6.603773584905660021e-01,1.546198725700378418e-01,0.000000000000000000e+00
1.026000000000000000e+04,4.479468762874603271e-01,6.415094339622641195e-01,1.597646772861480713e-01,0.000000000000000000e+00
1.027000000000000000e+04,4.655695855617523193e-01,6.509433962264150608e-01,1.883332282304763794e-01,0.000000000000000000e+00
1.028000000000000000e+04,4.570566415786743164e-01,6.603773584905660021e-01,1.901286840438842773e-01,0.000000000000000000e+00
1.029000000000000000e+04,4.594170749187469482e-01,6.509433962264150608e-01,1.727818846702575684e-01,0.000000000000000000e+00
1.030000000000000000e+04,4.573647975921630859e-01,6.509433962264150608e-01,1.595390290021896362e-01,0.000000000000000000e+00
1.031000000000000000e+04,4.630492031574249268e-01,6.415094339622641195e-01,1.646909713745117188e-01,0.000000000000000000e+00
1.032000000000000000e+04,4.566515386104583740e-01,6.603773584905660021e-01,1.896225214004516602e-01,0.000000000000000000e+00
1.033000000000000000e+04,4.419047236442565918e-01,6.792452830188678847e-01,1.944633424282073975e-01,0.000000000000000000e+00
1.034000000000000000e+04,4.547379314899444580e-01,6.698113207547169434e-01,1.913706958293914795e-01,0.000000000000000000e+00
1.035000000000000000e+04,4.404483139514923096e-01,6.320754716981131782e-01,1.958621144294738770e-01,0.000000000000000000e+00
1.036000000000000000e+04,4.446831941604614258e-01,6.320754716981131782e-01,1.721252650022506714e-01,0.000000000000000000e+00
1.037000000000000000e+04,4.286157190799713135e-01,6.509433962264150608e-01,1.779698282480239868e-01,0.000000000000000000e+00
1.038000000000000000e+04,4.387068152427673340e-01,6.603773584905660021e-01,1.538442373275756836e-01,0.000000000000000000e+00
1.039000000000000000e+04,4.364345073699951172e-01,6.509433962264150608e-01,1.684758961200714111e-01,0.000000000000000000e+00
1.040000000000000000e+04,4.576457440853118896e-01,6.509433962264150608e-01,2.031170576810836792e-01,0.000000000000000000e+00
1.041000000000000000e+04,4.573684334754943848e-01,6.320754716981131782e-01,1.948830485343933105e-01,0.000000000000000000e+00
1.042000000000000000e+04,4.568372964859008789e-01,6.603773584905660021e-01,1.991752386093139648e-01,0.000000000000000000e+00
1.043000000000000000e+04,4.512886404991149902e-01,6.698113207547169434e-01,1.811202466487884521e-01,0.000000000000000000e+00
1.044000000000000000e+04,4.362169206142425537e-01,6.037735849056603543e-01,1.731636673212051392e-01,0.000000000000000000e+00
1.045000000000000000e+04,4.389801025390625000e-01,6.509433962264150608e-01,1.626557856798171997e-01,0.000000000000000000e+00
1.046000000000000000e+04,4.381311237812042236e-01,6.509433962264150608e-01,1.804142594337463379e-01,0.000000000000000000e+00
1.047000000000000000e+04,4.268880784511566162e-01,6.509433962264150608e-01,1.854241788387298584e-01,0.000000000000000000e+00
1.048000000000000000e+04,4.261936843395233154e-01,6.698113207547169434e-01,1.713820844888687134e-01,0.000000000000000000e+00
1.049000000000000000e+04,4.329924881458282471e-01,6.698113207547169434e-01,1.734962314367294312e-01,0.000000000000000000e+00
1.050000000000000000e+04,4.460203647613525391e-01,6.037735849056603543e-01,1.851173192262649536e-01,0.000000000000000000e+00
1.051000000000000000e+04,4.484996199607849121e-01,6.132075471698112956e-01,1.936147958040237427e-01,0.000000000000000000e+00
1.052000000000000000e+04,4.398535490036010742e-01,6.320754716981131782e-01,1.812908202409744263e-01,0.000000000000000000e+00
1.053000000000000000e+04,4.574455618858337402e-01,6.509433962264150608e-01,1.912951022386550903e-01,0.000000000000000000e+00
1.054000000000000000e+04,4.526290297508239746e-01,6.320754716981131782e-01,1.654640287160873413e-01,0.000000000000000000e+00
1.055000000000000000e+04,4.594116508960723877e-01,6.320754716981131782e-01,1.874979734420776367e-01,0.000000000000000000e+00
1.056000000000000000e+04,4.425645172595977783e-01,6.792452830188678847e-01,1.769085228443145752e-01,0.000000000000000000e+00
1.057000000000000000e+04,4.492943286895751953e-01,6.509433962264150608e-01,1.857057213783264160e-01,0.000000000000000000e+00
1.058000000000000000e+04,4.480190575122833252e-01,6.415094339622641195e-01,1.924891173839569092e-01,0.000000000000000000e+00
1.059000000000000000e+04,4.412889778614044189e-01,6.603773584905660021e-01,1.944484859704971313e-01,0.000000000000000000e+00
1.060000000000000000e+04,4.463202953338623047e-01,6.886792452830188260e-01,2.048384994268417358e-01,0.000000000000000000e+00
1.061000000000000000e+04,4.245488941669464111e-01,6.886792452830188260e-01,1.797914654016494751e-01,0.000000000000000000e+00
1.062000000000000000e+04,4.312820434570312500e-01,6.509433962264150608e-01,1.705923378467559814e-01,0.000000000000000000e+00
1.063000000000000000e+04,4.513241052627563477e-01,6.320754716981131782e-01,1.833549886941909790e-01,0.000000000000000000e+00
1.064000000000000000e+04,4.302112460136413574e-01,6.509433962264150608e-01,1.892791092395782471e-01,0.000000000000000000e+00
1.065000000000000000e+04,4.263443648815155029e-01,6.603773584905660021e-01,1.832559257745742798e-01,0.000000000000000000e+00
1.066000000000000000e+04,4.128456115722656250e-01,6.509433962264150608e-01,1.740317642688751221e-01,0.000000000000000000e+00
1.067000000000000000e+04,4.090572297573089600e-01,6.603773584905660021e-01,1.700676530599594116e-01,0.000000000000000000e+00
1.068000000000000000e+04,4.250026643276214600e-01,6.415094339622641195e-01,2.148860841989517212e-01,0.000000000000000000e+00
1.069000000000000000e+04,4.016695618629455566e-01,6.320754716981131782e-01,1.830190271139144897e-01,0.000000000000000000e+00
1.070000000000000000e+04,4.263197183609008789e-01,6.415094339622641195e-01,1.870286315679550171e-01,0.000000000000000000e+00
1.071000000000000000e+04,4.214890301227569580e-01,6.226415094339622369e-01,2.005362659692764282e-01,0.000000000000000000e+00
1.072000000000000000e+04,4.215872883796691895e-01,6.509433962264150608e-01,2.107529789209365845e-01,0.000000000000000000e+00
1.073000000000000000e+04,4.174332320690155029e-01,6.226415094339622369e-01,2.178364694118499756e-01,0.000000000000000000e+00
1.074000000000000000e+04,4.097731709480285645e-01,6.603773584905660021e-01,1.956369727849960327e-01,0.000000000000000000e+00
1.075000000000000000e+04,4.266905486583709717e-01,6.320754716981131782e-01,2.120493501424789429e-01,0.000000000000000000e+00
1.076000000000000000e+04,4.226815104484558105e-01,6.415094339622641195e-01,2.074907869100570679e-01,0.000000000000000000e+00
1.077000000000000000e+04,4.044204056262969971e-01,6.132075471698112956e-01,1.826132088899612427e-01,0.000000000000000000e+00
1.078000000000000000e+04,3.999602198600769043e-01,6.132075471698112956e-01,1.979942470788955688e-01,0.000000000000000000e+00
1.079000000000000000e+04,4.060142040252685547e-01,6.320754716981131782e-01,1.954237669706344604e-01,0.000000000000000000e+00
1.080000000000000000e+04,4.224249422550201416e-01,6.603773584905660021e-01,2.044707089662551880e-01,0.000000000000000000e+00
1.081000000000000000e+04,4.091851115226745605e-01,6.698113207547169434e-01,1.861154288053512573e-01,0.000000000000000000e+00
1.082000000000000000e+04,4.303830862045288086e-01,6.415094339622641195e-01,2.100917696952819824e-01,0.000000000000000000e+00
1.083000000000000000e+04,4.345947504043579102e-01,6.226415094339622369e-01,2.166360467672348022e-01,0.000000000000000000e+00
1.084000000000000000e+04,4.135127961635589600e-01,6.603773584905660021e-01,1.881831586360931396e-01,0.000000000000000000e+00
1.085000000000000000e+04,4.261569380760192871e-01,6.603773584905660021e-01,1.832929551601409912e-01,0.000000000000000000e+00
1.086000000000000000e+04,4.143834114074707031e-01,6.320754716981131782e-01,1.879089176654815674e-01,0.000000000000000000e+00
1.087000000000000000e+04,4.393301606178283691e-01,6.509433962264150608e-01,1.739884465932846069e-01,0.000000000000000000e+00
1.088000000000000000e+04,4.153751730918884277e-01,6.603773584905660021e-01,1.558654904365539551e-01,0.000000000000000000e+00
1.089000000000000000e+04,4.047177731990814209e-01,6.698113207547169434e-01,1.648339778184890747e-01,0.000000000000000000e+00
1.090000000000000000e+04,4.162682592868804932e-01,6.415094339622641195e-01,1.584924012422561646e-01,0.000000000000000000e+00
1.091000000000000000e+04,4.206489026546478271e-01,6.226415094339622369e-01,1.794379055500030518e-01,0.000000000000000000e+00
1.092000000000000000e+04,4.247347414493560791e-01,6.132075471698112956e-01,1.644171625375747681e-01,0.000000000000000000e+00
1.093000000000000000e+04,4.455255568027496338e-01,6.132075471698112956e-01,1.616763621568679810e-01,0.000000000000000000e+00
1.094000000000000000e+04,4.276765882968902588e-01,6.415094339622641195e-01,1.424157470464706421e-01,0.000000000000000000e+00
1.095000000000000000e+04,4.272002875804901123e-01,6.037735849056603543e-01,1.754729300737380981e-01,0.000000000000000000e+00
1.096000000000000000e+04,4.310358464717864990e-01,6.132075471698112956e-01,1.670589745044708252e-01,0.000000000000000000e+00
1.097000000000000000e+04,4.225175380706787109e-01,6.037735849056603543e-01,1.804882138967514038e-01,0.000000000000000000e+00
1.098000000000000000e+04,4.215529263019561768e-01,6.415094339622641195e-01,1.665349304676055908e-01,0.000000000000000000e+00
1.099000000000000000e+04,4.358234107494354248e-01,5.943396226415094130e-01,1.727347075939178467e-01,0.000000000000000000e+00
1.100000000000000000e+04,4.107288122177124023e-01,6.698113207547169434e-01,1.550876796245574951e-01,0.000000000000000000e+00
1.101000000000000000e+04,4.416993558406829834e-01,6.226415094339622369e-01,1.734718829393386841e-01,0.000000000000000000e+00
1.102000000000000000e+04,4.357513189315795898e-01,6.415094339622641195e-01,1.775723844766616821e-01,0.000000000000000000e+00
1.103000000000000000e+04,4.263970255851745605e-01,6.226415094339622369e-01,1.778127849102020264e-01,0.000000000000000000e+00
1.104000000000000000e+04,4.333506822586059570e-01,6.320754716981131782e-01,1.800181567668914795e-01,0.000000000000000000e+00
1.105000000000000000e+04,4.134599566459655762e-01,6.320754716981131782e-01,1.703478097915649414e-01,0.000000000000000000e+00
1.106000000000000000e+04,4.531880915164947510e-01,6.320754716981131782e-01,1.842956244945526123e-01,0.000000000000000000e+00
1.107000000000000000e+04,4.133225381374359131e-01,6.226415094339622369e-01,1.729938536882400513e-01,0.000000000000000000e+00
1.108000000000000000e+04,4.160707890987396240e-01,6.698113207547169434e-01,1.778298914432525635e-01,0.000000000000000000e+00
1.109000000000000000e+04,4.359429776668548584e-01,6.698113207547169434e-01,1.849709451198577881e-01,0.000000000000000000e+00
1.110000000000000000e+04,4.374047815799713135e-01,6.415094339622641195e-01,1.732962280511856079e-01,0.000000000000000000e+00
1.111000000000000000e+04,4.572264850139617920e-01,6.509433962264150608e-01,1.865028887987136841e-01,0.000000000000000000e+00
1.112000000000000000e+04,4.459922313690185547e-01,6.415094339622641195e-01,1.718702614307403564e-01,0.000000000000000000e+00
1.113000000000000000e+04,4.479544758796691895e-01,6.415094339622641195e-01,1.954010725021362305e-01,0.000000000000000000e+00
1.114000000000000000e+04,4.511075913906097412e-01,6.509433962264150608e-01,1.846171170473098755e-01,0.000000000000000000e+00
1.115000000000000000e+04,4.496150910854339600e-01,6.509433962264150608e-01,1.878090500831604004e-01,0.000000000000000000e+00
1.116000000000000000e+04,4.322806000709533691e-01,6.415094339622641195e-01,1.715198159217834473e-01,0.000000000000000000e+00
1.117000000000000000e+04,4.634445011615753174e-01,6.132075471698112956e-01,1.815108507871627808e-01,0.000000000000000000e+00
1.118000000000000000e+04,4.483952522277832031e-01,6.132075471698112956e-01,1.882456839084625244e-01,0.000000000000000000e+00
1.119000000000000000e+04,4.469237923622131348e-01,6.698113207547169434e-01,1.679989099502563477e-01,0.000000000000000000e+00
1.120000000000000000e+04,4.365982115268707275e-01,6.320754716981131782e-01,1.780801862478256226e-01,0.000000000000000000e+00
1.121000000000000000e+04,4.133066833019256592e-01,6.037735849056603543e-01,1.628320962190628052e-01,0.000000000000000000e+00
1.122000000000000000e+04,4.195421636104583740e-01,6.603773584905660021e-01,1.769245862960815430e-01,0.000000000000000000e+00
1.123000000000000000e+04,4.071158170700073242e-01,6.320754716981131782e-01,1.864137947559356689e-01,0.000000000000000000e+00
1.124000000000000000e+04,4.108762145042419434e-01,6.509433962264150608e-01,1.845491230487823486e-01,0.000000000000000000e+00
1.125000000000000000e+04,4.004271626472473145e-01,6.603773584905660021e-01,1.607581973075866699e-01,0.000000000000000000e+00
1.126000000000000000e+04,4.180466532707214355e-01,6.698113207547169434e-01,1.977634131908416748e-01,0.000000000000000000e+00
1.127000000000000000e+04,4.269195497035980225e-01,6.792452830188678847e-01,1.882793754339218140e-01,0.000000000000000000e+00
1.128000000000000000e+04,4.132819771766662598e-01,6.698113207547169434e-01,1.719333082437515259e-01,0.000000000000000000e+00
1.129000000000000000e+04,4.139900803565979004e-01,6.132075471698112956e-01,1.836607158184051514e-01,0.000000000000000000e+00
1.130000000000000000e+04,4.202070534229278564e-01,6.509433962264150608e-01,1.828866451978683472e-01,0.000000000000000000e+00
1.131000000000000000e+04,4.449909925460815430e-01,6.037735849056603543e-01,1.806402653455734253e-01,0.000000000000000000e+00
1.132000000000000000e+04,4.317371249198913574e-01,6.415094339622641195e-01,2.076956778764724731e-01,0.000000000000000000e+00
1.133000000000000000e+04,4.327183663845062256e-01,6.415094339622641195e-01,2.096553444862365723e-01,0.000000000000000000e+00
1.134000000000000000e+04,4.469802379608154297e-01,6.792452830188678847e-01,2.075272649526596069e-01,0.000000000000000000e+00
1.135000000000000000e+04,4.424439072608947754e-01,6.509433962264150608e-01,2.005427032709121704e-01,0.000000000000000000e+00
1.136000000000000000e+04,4.358557760715484619e-01,6.698113207547169434e-01,1.935700774192810059e-01,0.000000000000000000e+00
1.137000000000000000e+04,4.510868489742279053e-01,6.792452830188678847e-01,2.214154899120330811e-01,0.000000000000000000e+00
1.138000000000000000e+04,4.226430356502532959e-01,6.792452830188678847e-01,1.742975562810897827e-01,0.000000000000000000e+00
1.139000000000000000e+04,4.395324885845184326e-01,6.698113207547169434e-01,1.854022741317749023e-01,0.000000000000000000e+00
1.140000000000000000e+04,4.561671316623687744e-01,6.981132075471697673e-01,1.946209818124771118e-01,0.000000000000000000e+00
1.141000000000000000e+04,4.560688436031341553e-01,6.415094339622641195e-01,1.960593611001968384e-01,0.000000000000000000e+00
1.142000000000000000e+04,4.349755644798278809e-01,6.603773584905660021e-01,1.800740510225296021e-01,0.000000000000000000e+00
1.143000000000000000e+04,4.339953958988189697e-01,6.415094339622641195e-01,1.788728386163711548e-01,0.000000000000000000e+00
1.144000000000000000e+04,4.353798925876617432e-01,6.698113207547169434e-01,1.689509004354476929e-01,0.000000000000000000e+00
1.145000000000000000e+04,4.390239417552947998e-01,6.320754716981131782e-01,1.692055463790893555e-01,0.000000000000000000e+00
1.146000000000000000e+04,4.421800076961517334e-01,6.320754716981131782e-01,1.720583438873291016e-01,0.000000000000000000e+00
1.147000000000000000e+04,4.300981760025024414e-01,6.509433962264150608e-01,1.824311017990112305e-01,0.000000000000000000e+00
1.148000000000000000e+04,4.369255602359771729e-01,6.037735849056603543e-01,1.605878621339797974e-01,0.000000000000000000e+00
1.149000000000000000e+04,4.449462294578552246e-01,6.415094339622641195e-01,1.618957966566085815e-01,0.000000000000000000e+00
1.150000000000000000e+04,4.188098907470703125e-01,6.415094339622641195e-01,1.676533073186874390e-01,0.000000000000000000e+00
1.151000000000000000e+04,4.007972180843353271e-01,6.226415094339622369e-01,1.566336750984191895e-01,0.000000000000000000e+00
1.152000000000000000e+04,3.904995024204254150e-01,6.603773584905660021e-01,1.378826200962066650e-01,0.000000000000000000e+00
1.153000000000000000e+04,3.830059766769409180e-01,6.509433962264150608e-01,1.410382539033889771e-01,0.000000000000000000e+00
1.154000000000000000e+04,3.783674538135528564e-01,6.698113207547169434e-01,1.118340268731117249e-01,0.000000000000000000e+00
1.155000000000000000e+04,3.958149850368499756e-01,6.698113207547169434e-01,1.509997993707656860e-01,0.000000000000000000e+00
1.156000000000000000e+04,3.917960822582244873e-01,6.792452830188678847e-01,1.482556611299514771e-01,0.000000000000000000e+00
1.157000000000000000e+04,3.740367889404296875e-01,6.886792452830188260e-01,1.399477869272232056e-01,0.000000000000000000e+00
1.158000000000000000e+04,3.886680603027343750e-01,6.886792452830188260e-01,1.531717777252197266e-01,0.000000000000000000e+00
1.159000000000000000e+04,4.002014994621276855e-01,6.509433962264150608e-01,1.634186357259750366e-01,0.000000000000000000e+00
1.160000000000000000e+04,3.879428505897521973e-01,6.603773584905660021e-01,1.631818115711212158e-01,0.000000000000000000e+00
1.161000000000000000e+04,4.146246910095214844e-01,6.792452830188678847e-01,1.592904329299926758e-01,0.000000000000000000e+00
1.162000000000000000e+04,4.114509224891662598e-01,6.886792452830188260e-01,1.434885114431381226e-01,0.000000000000000000e+00
1.163000000000000000e+04,4.124224483966827393e-01,6.698113207547169434e-01,1.498697996139526367e-01,0.000000000000000000e+00
1.164000000000000000e+04,4.041022658348083496e-01,6.792452830188678847e-01,1.494314521551132202e-01,0.000000000000000000e+00
1.165000000000000000e+04,4.014015495777130127e-01,6.886792452830188260e-01,1.489586830139160156e-01,0.000000000000000000e+00
1.166000000000000000e+04,4.029729366302490234e-01,6.792452830188678847e-01,1.633570790290832520e-01,0.000000000000000000e+00
1.167000000000000000e+04,4.089678227901458740e-01,6.698113207547169434e-01,1.565801054239273071e-01,0.000000000000000000e+00
1.168000000000000000e+04,3.925691246986389160e-01,6.698113207547169434e-01,1.535074412822723389e-01,0.000000000000000000e+00
1.169000000000000000e+04,3.969308137893676758e-01,6.792452830188678847e-01,1.668475568294525146e-01,0.000000000000000000e+00
1.170000000000000000e+04,4.112447798252105713e-01,6.792452830188678847e-01,1.418609321117401123e-01,0.000000000000000000e+00
1.171000000000000000e+04,4.090545475482940674e-01,6.698113207547169434e-01,1.392154246568679810e-01,0.000000000000000000e+00
1.172000000000000000e+04,4.094626009464263916e-01,6.698113207547169434e-01,1.425010263919830322e-01,0.000000000000000000e+00
1.173000000000000000e+04,4.000346660614013672e-01,6.792452830188678847e-01,1.569479703903198242e-01,0.000000000000000000e+00
1.174000000000000000e+04,4.230142533779144287e-01,6.792452830188678847e-01,1.474340260028839111e-01,0.000000000000000000e+00
1.175000000000000000e+04,4.183249771595001221e-01,6.792452830188678847e-01,1.694275289773941040e-01,0.000000000000000000e+00
1.176000000000000000e+04,4.305489957332611084e-01,6.415094339622641195e-01,1.498431861400604248e-01,0.000000000000000000e+00
1.177000000000000000e+04,4.315811693668365479e-01,6.320754716981131782e-01,1.427228152751922607e-01,0.000000000000000000e+00
1.178000000000000000e+04,4.375865757465362549e-01,6.886792452830188260e-01,1.665475964546203613e-01,0.000000000000000000e+00
1.179000000000000000e+04,4.402922391891479492e-01,6.886792452830188260e-01,1.524778753519058228e-01,0.000000000000000000e+00
1.180000000000000000e+04,4.491102397441864014e-01,6.509433962264150608e-01,1.555666625499725342e-01,0.000000000000000000e+00
1.181000000000000000e+04,4.356333017349243164e-01,6.698113207547169434e-01,1.648600101470947266e-01,0.000000000000000000e+00
1.182000000000000000e+04,4.364222884178161621e-01,6.698113207547169434e-01,1.667169630527496338e-01,0.000000000000000000e+00
1.183000000000000000e+04,4.249875545501708984e-01,7.075471698113207086e-01,1.539232432842254639e-01,0.000000000000000000e+00
1.184000000000000000e+04,4.062876999378204346e-01,6.792452830188678847e-01,1.293145269155502319e-01,0.000000000000000000e+00
1.185000000000000000e+04,4.042040109634399414e-01,6.886792452830188260e-01,1.426168829202651978e-01,0.000000000000000000e+00
1.186000000000000000e+04,4.353122115135192871e-01,6.792452830188678847e-01,1.629516780376434326e-01,0.000000000000000000e+00
1.187000000000000000e+04,4.532555341720581055e-01,6.792452830188678847e-01,1.661552637815475464e-01,0.000000000000000000e+00
1.188000000000000000e+04,4.396173059940338135e-01,6.698113207547169434e-01,1.335820555686950684e-01,0.000000000000000000e+00
1.189000000000000000e+04,4.358440339565277100e-01,6.698113207547169434e-01,1.485733836889266968e-01,0.000000000000000000e+00
1.190000000000000000e+04,4.285672903060913086e-01,6.603773584905660021e-01,1.437740921974182129e-01,0.000000000000000000e+00
1.191000000000000000e+04,4.424111545085906982e-01,6.698113207547169434e-01,1.498826295137405396e-01,0.000000000000000000e+00
1.192000000000000000e+04,4.546983540058135986e-01,6.415094339622641195e-01,1.697579026222229004e-01,0.000000000000000000e+00
1.193000000000000000e+04,4.337203204631805420e-01,7.169811320754716499e-01,1.421990096569061279e-01,0.000000000000000000e+00
1.194000000000000000e+04,4.354723393917083740e-01,6.415094339622641195e-01,1.467558294534683228e-01,0.000000000000000000e+00
1.195000000000000000e+04,4.122115075588226318e-01,6.320754716981131782e-01,1.235911324620246887e-01,0.000000000000000000e+00
1.196000000000000000e+04,4.246166348457336426e-01,6.132075471698112956e-01,1.566564887762069702e-01,0.000000000000000000e+00
1.197000000000000000e+04,3.997633755207061768e-01,6.698113207547169434e-01,1.387301683425903320e-01,0.000000000000000000e+00
1.198000000000000000e+04,3.997517824172973633e-01,7.075471698113207086e-01,1.170432493090629578e-01,0.000000000000000000e+00
1.199000000000000000e+04,4.110229015350341797e-01,6.698113207547169434e-01,1.143726557493209839e-01,0.000000000000000000e+00
1.200000000000000000e+04,3.960931003093719482e-01,6.792452830188678847e-01,1.267620027065277100e-01,0.000000000000000000e+00
1.201000000000000000e+04,4.016781747341156006e-01,6.698113207547169434e-01,1.156007573008537292e-01,0.000000000000000000e+00
1.202000000000000000e+04,4.079389870166778564e-01,5.943396226415094130e-01,1.439502537250518799e-01,0.000000000000000000e+00
1.203000000000000000e+04,3.905040621757507324e-01,6.792452830188678847e-01,1.478045880794525146e-01,0.000000000000000000e+00
1.204000000000000000e+04,4.002256989479064941e-01,6.981132075471697673e-01,1.405404806137084961e-01,0.000000000000000000e+00
1.205000000000000000e+04,3.899738788604736328e-01,6.698113207547169434e-01,1.398258507251739502e-01,0.000000000000000000e+00
1.206000000000000000e+04,3.805298507213592529e-01,6.603773584905660021e-01,1.213443204760551453e-01,0.000000000000000000e+00
1.207000000000000000e+04,3.851907253265380859e-01,6.698113207547169434e-01,1.372651904821395874e-01,0.000000000000000000e+00
1.208000000000000000e+04,3.881999254226684570e-01,6.792452830188678847e-01,1.384288817644119263e-01,0.000000000000000000e+00
1.209000000000000000e+04,3.842806518077850342e-01,6.792452830188678847e-01,1.589612364768981934e-01,0.000000000000000000e+00
1.210000000000000000e+04,3.807533979415893555e-01,6.792452830188678847e-01,1.495008170604705811e-01,0.000000000000000000e+00
1.211000000000000000e+04,3.846258223056793213e-01,6.981132075471697673e-01,1.474901437759399414e-01,0.000000000000000000e+00
1.212000000000000000e+04,3.970962762832641602e-01,6.698113207547169434e-01,1.394701600074768066e-01,0.000000000000000000e+00
1.213000000000000000e+04,4.032310545444488525e-01,6.981132075471697673e-01,1.398120373487472534e-01,0.000000000000000000e+00
1.214000000000000000e+04,4.066494405269622803e-01,6.981132075471697673e-01,1.554331183433532715e-01,0.000000000000000000e+00
1.215000000000000000e+04,4.155571162700653076e-01,7.075471698113207086e-01,1.468083709478378296e-01,0.000000000000000000e+00
1.216000000000000000e+04,4.063272178173065186e-01,6.886792452830188260e-01,1.332392543554306030e-01,0.000000000000000000e+00
1.217000000000000000e+04,4.176585376262664795e-01,6.886792452830188260e-01,1.358467340469360352e-01,0.000000000000000000e+00
1.218000000000000000e+04,4.286384582519531250e-01,6.698113207547169434e-01,1.773920357227325439e-01,0.000000000000000000e+00
1.219000000000000000e+04,4.108648002147674561e-01,6.698113207547169434e-01,1.472847312688827515e-01,0.000000000000000000e+00
1.220000000000000000e+04,4.128177762031555176e-01,6.415094339622641195e-01,1.691143214702606201e-01,0.000000000000000000e+00
1.221000000000000000e+04,3.967939913272857666e-01,6.603773584905660021e-01,1.343263238668441772e-01,0.000000000000000000e+00
1.222000000000000000e+04,3.927292823791503906e-01,6.320754716981131782e-01,1.661743819713592529e-01,0.000000000000000000e+00
1.223000000000000000e+04,4.174197912216186523e-01,6.320754716981131782e-01,1.711961179971694946e-01,0.000000000000000000e+00
1.224000000000000000e+04,4.225386679172515869e-01,6.792452830188678847e-01,1.717188358306884766e-01,0.000000000000000000e+00
1.225000000000000000e+04,4.361436963081359863e-01,6.132075471698112956e-01,1.851110905408859253e-01,0.000000000000000000e+00
1.226000000000000000e+04,4.215051829814910889e-01,6.037735849056603543e-01,1.541791558265686035e-01,0.000000000000000000e+00
1.227000000000000000e+04,4.491981267929077148e-01,6.509433962264150608e-01,1.798025369644165039e-01,0.000000000000000000e+00
1.228000000000000000e+04,4.459053874015808105e-01,6.415094339622641195e-01,1.780498176813125610e-01,0.000000000000000000e+00
1.229000000000000000e+04,4.373657107353210449e-01,6.886792452830188260e-01,1.675582528114318848e-01,0.000000000000000000e+00
1.230000000000000000e+04,4.349734187126159668e-01,6.509433962264150608e-01,1.802753955125808716e-01,0.000000000000000000e+00
1.231000000000000000e+04,4.071334898471832275e-01,6.981132075471697673e-01,1.692155301570892334e-01,0.000000000000000000e+00
1.232000000000000000e+04,4.011102318763732910e-01,6.886792452830188260e-01,1.557150334119796753e-01,0.000000000000000000e+00
1.233000000000000000e+04,4.063763022422790527e-01,6.886792452830188260e-01,1.566075533628463745e-01,0.000000000000000000e+00
1.234000000000000000e+04,4.039262235164642334e-01,6.792452830188678847e-01,1.565176695585250854e-01,0.000000000000000000e+00
1.235000000000000000e+04,4.019562602043151855e-01,6.792452830188678847e-01,1.724413931369781494e-01,0.000000000000000000e+00
1.236000000000000000e+04,3.988800644874572754e-01,6.981132075471697673e-01,1.575532853603363037e-01,0.000000000000000000e+00
1.237000000000000000e+04,4.197583198547363281e-01,6.603773584905660021e-01,1.660538464784622192e-01,0.000000000000000000e+00
1.238000000000000000e+04,4.136556982994079590e-01,6.792452830188678847e-01,1.646283864974975586e-01,0.000000000000000000e+00
1.239000000000000000e+04,4.159497916698455811e-01,6.886792452830188260e-01,1.634190678596496582e-01,0.000000000000000000e+00
1.240000000000000000e+04,4.073752760887145996e-01,6.415094339622641195e-01,1.715826839208602905e-01,0.000000000000000000e+00
1.241000000000000000e+04,3.883171379566192627e-01,6.792452830188678847e-01,1.541017442941665649e-01,0.000000000000000000e+00
1.242000000000000000e+04,3.713053464889526367e-01,6.981132075471697673e-01,1.352785080671310425e-01,0.000000000000000000e+00
1.243000000000000000e+04,3.741900026798248291e-01,7.169811320754716499e-01,1.422116011381149292e-01,0.000000000000000000e+00
1.244000000000000000e+04,3.751232624053955078e-01,6.792452830188678847e-01,1.413392275571823120e-01,0.000000000000000000e+00
1.245000000000000000e+04,3.959990739822387695e-01,6.792452830188678847e-01,1.611070185899734497e-01,0.000000000000000000e+00
1.246000000000000000e+04,4.124734401702880859e-01,7.169811320754716499e-01,1.590377837419509888e-01,0.000000000000000000e+00
1.247000000000000000e+04,3.811625242233276367e-01,7.075471698113207086e-01,1.353240162134170532e-01,0.000000000000000000e+00
1.248000000000000000e+04,4.024651646614074707e-01,6.698113207547169434e-01,1.667598336935043335e-01,0.000000000000000000e+00
1.249000000000000000e+04,4.030908346176147461e-01,6.792452830188678847e-01,1.595003902912139893e-01,0.000000000000000000e+00
1.250000000000000000e+04,3.883676528930664062e-01,7.075471698113207086e-01,1.521350145339965820e-01,0.000000000000000000e+00
1.251000000000000000e+04,3.944111466407775879e-01,6.698113207547169434e-01,1.851921677589416504e-01,0.000000000000000000e+00
1.252000000000000000e+04,4.196993112564086914e-01,6.509433962264150608e-01,1.795582026243209839e-01,0.000000000000000000e+00
1.253000000000000000e+04,3.946309983730316162e-01,6.981132075471697673e-01,1.713675856590270996e-01,0.000000000000000000e+00
1.254000000000000000e+04,3.732073009014129639e-01,6.698113207547169434e-01,1.284874230623245239e-01,0.000000000000000000e+00
1.255000000000000000e+04,3.818854689598083496e-01,6.886792452830188260e-01,1.487166136503219604e-01,0.000000000000000000e+00
1.256000000000000000e+04,3.721420466899871826e-01,6.698113207547169434e-01,1.439649015665054321e-01,0.000000000000000000e+00
1.257000000000000000e+04,3.741753101348876953e-01,6.603773584905660021e-01,1.436250209808349609e-01,0.000000000000000000e+00
1.258000000000000000e+04,3.652055561542510986e-01,6.603773584905660021e-01,9.702964127063751221e-02,0.000000000000000000e+00
1.259000000000000000e+04,3.961302340030670166e-01,7.075471698113207086e-01,1.014499962329864502e-01,0.000000000000000000e+00
1.260000000000000000e+04,3.949009776115417480e-01,6.603773584905660021e-01,1.290720403194427490e-01,0.000000000000000000e+00
1.261000000000000000e+04,3.944655656814575195e-01,6.792452830188678847e-01,1.220963895320892334e-01,0.000000000000000000e+00
1.262000000000000000e+04,3.837443590164184570e-01,7.075471698113207086e-01,1.028815060853958130e-01,0.000000000000000000e+00
1.263000000000000000e+04,3.902751803398132324e-01,7.075471698113207086e-01,1.283813118934631348e-01,0.000000000000000000e+00
1.264000000000000000e+04,3.972447514533996582e-01,6.792452830188678847e-01,1.386612057685852051e-01,0.000000000000000000e+00
1.265000000000000000e+04,4.075912237167358398e-01,6.981132075471697673e-01,1.365291327238082886e-01,0.000000000000000000e+00
1.266000000000000000e+04,4.182894825935363770e-01,6.886792452830188260e-01,1.324021816253662109e-01,0.000000000000000000e+00
1.267000000000000000e+04,4.085178077220916748e-01,7.075471698113207086e-01,1.297234445810317993e-01,0.000000000000000000e+00
1.268000000000000000e+04,4.087391495704650879e-01,7.075471698113207086e-01,1.336386054754257202e-01,0.000000000000000000e+00
1.269000000000000000e+04,4.254615604877471924e-01,6.698113207547169434e-01,1.440878659486770630e-01,0.000000000000000000e+00
1.270000000000000000e+04,4.100050330162048340e-01,6.886792452830188260e-01,1.164345443248748779e-01,0.000000000000000000e+00
1.271000000000000000e+04,4.060992002487182617e-01,6.886792452830188260e-01,1.243087425827980042e-01,0.000000000000000000e+00
1.272000000000000000e+04,4.375897347927093506e-01,7.075471698113207086e-01,1.574537158012390137e-01,0.000000000000000000e+00
1.273000000000000000e+04,4.083449542522430420e-01,6.981132075471697673e-01,1.494273841381072998e-01,0.000000000000000000e+00
1.274000000000000000e+04,4.035674929618835449e-01,6.603773584905660021e-01,1.592031419277191162e-01,0.000000000000000000e+00
1.275000000000000000e+04,4.161588251590728760e-01,6.792452830188678847e-01,1.342355012893676758e-01,0.000000000000000000e+00
1.276000000000000000e+04,3.984388709068298340e-01,6.981132075471697673e-01,1.250033527612686157e-01,0.000000000000000000e+00
1.277000000000000000e+04,4.074744284152984619e-01,6.981132075471697673e-01,1.221130564808845520e-01,0.000000000000000000e+00
1.278000000000000000e+04,4.148964583873748779e-01,6.886792452830188260e-01,1.101398766040802002e-01,0.000000000000000000e+00
1.279000000000000000e+04,3.956058323383331299e-01,6.792452830188678847e-01,1.235060915350914001e-01,0.000000000000000000e+00
1.280000000000000000e+04,4.074001610279083252e-01,7.169811320754716499e-01,1.356478035449981689e-01,0.000000000000000000e+00
1.281000000000000000e+04,4.112727940082550049e-01,6.603773584905660021e-01,1.242123767733573914e-01,0.000000000000000000e+00
1.282000000000000000e+04,4.281711280345916748e-01,6.698113207547169434e-01,1.428309977054595947e-01,0.000000000000000000e+00
1.283000000000000000e+04,4.213752150535583496e-01,6.886792452830188260e-01,1.413811147212982178e-01,0.000000000000000000e+00
1.284000000000000000e+04,4.260710775852203369e-01,6.603773584905660021e-01,1.383120119571685791e-01,0.000000000000000000e+00
1.285000000000000000e+04,4.296249151229858398e-01,7.075471698113207086e-01,1.466382145881652832e-01,0.000000000000000000e+00
1.286000000000000000e+04,4.158981740474700928e-01,6.698113207547169434e-01,1.390889883041381836e-01,0.000000000000000000e+00
1.287000000000000000e+04,4.080158770084381104e-01,6.698113207547169434e-01,1.311472952365875244e-01,0.000000000000000000e+00
1.288000000000000000e+04,4.151051640510559082e-01,6.886792452830188260e-01,1.431432515382766724e-01,0.000000000000000000e+00
1.289000000000000000e+04,3.784603476524353027e-01,6.981132075471697673e-01,1.231931522488594055e-01,0.000000000000000000e+00
1.290000000000000000e+04,4.040235280990600586e-01,6.981132075471697673e-01,1.539622545242309570e-01,0.000000000000000000e+00
1.291000000000000000e+04,4.077748954296112061e-01,6.415094339622641195e-01,1.369931101799011230e-01,0.000000000000000000e+00
1.292000000000000000e+04,4.146529138088226318e-01,6.509433962264150608e-01,1.319881528615951538e-01,0.000000000000000000e+00
1.293000000000000000e+04,3.951421678066253662e-01,6.886792452830188260e-01,1.348487734794616699e-01,0.000000000000000000e+00
1.294000000000000000e+04,3.992106616497039795e-01,6.415094339622641195e-01,1.265551000833511353e-01,0.000000000000000000e+00
1.295000000000000000e+04,4.105252623558044434e-01,6.792452830188678847e-01,1.333568245172500610e-01,0.000000000000000000e+00
1.296000000000000000e+04,3.850852251052856445e-01,6.603773584905660021e-01,1.181263998150825500e-01,0.000000000000000000e+00
1.297000000000000000e+04,3.867138624191284180e-01,6.603773584905660021e-01,1.049676239490509033e-01,0.000000000000000000e+00
1.298000000000000000e+04,4.133874475955963135e-01,6.792452830188678847e-01,1.079229786992073059e-01,0.000000000000000000e+00
1.299000000000000000e+04,4.054423868656158447e-01,6.415094339622641195e-01,9.090653061866760254e-02,0.000000000000000000e+00
1.300000000000000000e+04,4.056640565395355225e-01,6.037735849056603543e-01,1.078150048851966858e-01,0.000000000000000000e+00
1.301000000000000000e+04,3.851942718029022217e-01,6.698113207547169434e-01,1.207158863544464111e-01,0.000000000000000000e+00
1.302000000000000000e+04,3.878915011882781982e-01,6.792452830188678847e-01,1.157525330781936646e-01,0.000000000000000000e+00
1.303000000000000000e+04,4.071356654167175293e-01,6.603773584905660021e-01,1.062982529401779175e-01,0.000000000000000000e+00
1.304000000000000000e+04,4.264881908893585205e-01,6.603773584905660021e-01,1.332751512527465820e-01,0.000000000000000000e+00
1.305000000000000000e+04,4.072735309600830078e-01,6.226415094339622369e-01,1.486431062221527100e-01,0.000000000000000000e+00
1.306000000000000000e+04,4.200214743614196777e-01,6.415094339622641195e-01,1.364088356494903564e-01,0.000000000000000000e+00
1.307000000000000000e+04,4.176203906536102295e-01,6.320754716981131782e-01,1.585853099822998047e-01,0.000000000000000000e+00
1.308000000000000000e+04,4.083923995494842529e-01,6.509433962264150608e-01,1.317291259765625000e-01,0.000000000000000000e+00
1.309000000000000000e+04,4.269146621227264404e-01,6.603773584905660021e-01,1.389240771532058716e-01,0.000000000000000000e+00
1.310000000000000000e+04,4.140570759773254395e-01,6.698113207547169434e-01,1.210823059082031250e-01,0.000000000000000000e+00
1.311000000000000000e+04,4.165499210357666016e-01,6.509433962264150608e-01,1.274013221263885498e-01,0.000000000000000000e+00
1.312000000000000000e+04,4.431587457656860352e-01,6.886792452830188260e-01,1.246756762266159058e-01,0.000000000000000000e+00
1.313000000000000000e+04,4.197436869144439697e-01,6.792452830188678847e-01,1.023982763290405273e-01,0.000000000000000000e+00
1.314000000000000000e+04,4.130412638187408447e-01,6.698113207547169434e-01,1.107800975441932678e-01,0.000000000000000000e+00
1.315000000000000000e+04,4.073480069637298584e-01,6.698113207547169434e-01,1.134276166558265686e-01,0.000000000000000000e+00
1.316000000000000000e+04,3.972021043300628662e-01,6.792452830188678847e-01,1.158452779054641724e-01,0.000000000000000000e+00
1.317000000000000000e+04,4.086400568485260010e-01,6.415094339622641195e-01,1.258624643087387085e-01,0.000000000000000000e+00
1.318000000000000000e+04,3.910136818885803223e-01,6.981132075471697673e-01,1.135457903146743774e-01,0.000000000000000000e+00
1.319000000000000000e+04,3.858355581760406494e-01,6.886792452830188260e-01,9.934137016534805298e-02,0.000000000000000000e+00
1.320000000000000000e+04,4.032800495624542236e-01,6.792452830188678847e-01,1.123116016387939453e-01,0.000000000000000000e+00
1.321000000000000000e+04,4.209877252578735352e-01,6.603773584905660021e-01,1.218222603201866150e-01,0.000000000000000000e+00
1.322000000000000000e+04,4.042189121246337891e-01,6.603773584905660021e-01,9.462428838014602661e-02,0.000000000000000000e+00
1.323000000000000000e+04,3.920561969280242920e-01,6.603773584905660021e-01,7.695756107568740845e-02,0.000000000000000000e+00
1.324000000000000000e+04,3.987272381782531738e-01,6.603773584905660021e-01,9.117038547992706299e-02,0.000000000000000000e+00
1.325000000000000000e+04,4.242703616619110107e-01,6.132075471698112956e-01,1.016011014580726624e-01,0.000000000000000000e+00
1.326000000000000000e+04,4.056547880172729492e-01,6.698113207547169434e-01,8.219902217388153076e-02,0.000000000000000000e+00
1.327000000000000000e+04,3.935953974723815918e-01,6.603773584905660021e-01,5.472436547279357910e-02,0.000000000000000000e+00
1.328000000000000000e+04,4.062949717044830322e-01,6.603773584905660021e-01,8.423777669668197632e-02,0.000000000000000000e+00
1.329000000000000000e+04,4.008333683013916016e-01,6.603773584905660021e-01,7.581558823585510254e-02,0.000000000000000000e+00
1.330000000000000000e+04,3.856890797615051270e-01,6.886792452830188260e-01,8.595671504735946655e-02,0.000000000000000000e+00
1.331000000000000000e+04,4.077596962451934814e-01,6.886792452830188260e-01,9.351246058940887451e-02,0.000000000000000000e+00
1.332000000000000000e+04,3.884718418121337891e-01,6.886792452830188260e-01,1.034150570631027222e-01,0.000000000000000000e+00
1.333000000000000000e+04,4.046153426170349121e-01,6.886792452830188260e-01,8.862592279911041260e-02,0.000000000000000000e+00
1.334000000000000000e+04,3.966446816921234131e-01,6.415094339622641195e-01,1.241407319903373718e-01,0.000000000000000000e+00
1.335000000000000000e+04,3.904305994510650635e-01,6.320754716981131782e-01,8.964914828538894653e-02,0.000000000000000000e+00
1.336000000000000000e+04,3.985076248645782471e-01,6.415094339622641195e-01,8.051022142171859741e-02,0.000000000000000000e+00
1.337000000000000000e+04,3.847264349460601807e-01,6.792452830188678847e-01,9.242577105760574341e-02,0.000000000000000000e+00
1.338000000000000000e+04,3.684389889240264893e-01,6.509433962264150608e-01,7.780556380748748779e-02,0.000000000000000000e+00
1.339000000000000000e+04,3.865836560726165771e-01,6.698113207547169434e-01,7.902688533067703247e-02,0.000000000000000000e+00
1.340000000000000000e+04,3.859015107154846191e-01,6.509433962264150608e-01,9.535892307758331299e-02,0.000000000000000000e+00
1.341000000000000000e+04,3.705116808414459229e-01,6.698113207547169434e-01,8.061809837818145752e-02,0.000000000000000000e+00
1.342000000000000000e+04,3.674160540103912354e-01,6.603773584905660021e-01,9.081367403268814087e-02,0.000000000000000000e+00
1.343000000000000000e+04,3.908712565898895264e-01,6.698113207547169434e-01,7.805197685956954956e-02,0.000000000000000000e+00
1.344000000000000000e+04,3.974080383777618408e-01,6.886792452830188260e-01,9.351452440023422241e-02,0.000000000000000000e+00
1.345000000000000000e+04,3.967154622077941895e-01,6.603773584905660021e-01,9.204205125570297241e-02,0.000000000000000000e+00
1.346000000000000000e+04,4.117254018783569336e-01,6.698113207547169434e-01,9.103389829397201538e-02,0.000000000000000000e+00
1.347000000000000000e+04,4.109095036983489990e-01,6.320754716981131782e-01,1.214249804615974426e-01,0.000000000000000000e+00
1.348000000000000000e+04,3.936587274074554443e-01,6.698113207547169434e-01,1.003939434885978699e-01,0.000000000000000000e+00
1.349000000000000000e+04,3.991019129753112793e-01,6.792452830188678847e-01,1.263816207647323608e-01,0.000000000000000000e+00
1.350000000000000000e+04,4.162284731864929199e-01,6.886792452830188260e-01,1.209438443183898926e-01,0.000000000000000000e+00
1.351000000000000000e+04,4.083158969879150391e-01,6.132075471698112956e-01,1.320197731256484985e-01,0.000000000000000000e+00
1.352000000000000000e+04,3.991251289844512939e-01,6.509433962264150608e-01,1.239738315343856812e-01,0.000000000000000000e+00
1.353000000000000000e+04,4.010550379753112793e-01,6.698113207547169434e-01,1.064627319574356079e-01,0.000000000000000000e+00
1.354000000000000000e+04,4.043588340282440186e-01,6.415094339622641195e-01,1.152064651250839233e-01,0.000000000000000000e+00
1.355000000000000000e+04,3.849459588527679443e-01,6.603773584905660021e-01,1.228923052549362183e-01,0.000000000000000000e+00
1.356000000000000000e+04,4.114109575748443604e-01,6.603773584905660021e-01,1.179577186703681946e-01,0.000000000000000000e+00
1.357000000000000000e+04,4.284711480140686035e-01,6.792452830188678847e-01,1.127913966774940491e-01,0.000000000000000000e+00
1.358000000000000000e+04,4.088962376117706299e-01,6.792452830188678847e-01,1.109725981950759888e-01,0.000000000000000000e+00
1.359000000000000000e+04,4.447471797466278076e-01,6.415094339622641195e-01,1.186475083231925964e-01,0.000000000000000000e+00
1.360000000000000000e+04,4.322934150695800781e-01,6.415094339622641195e-01,1.116164624691009521e-01,0.000000000000000000e+00
1.361000000000000000e+04,4.259568154811859131e-01,6.603773584905660021e-01,1.087112501263618469e-01,0.000000000000000000e+00
1.362000000000000000e+04,4.244338572025299072e-01,6.603773584905660021e-01,9.705136716365814209e-02,0.000000000000000000e+00
1.363000000000000000e+04,4.068215191364288330e-01,6.415094339622641195e-01,1.345438212156295776e-01,0.000000000000000000e+00
1.364000000000000000e+04,4.375709593296051025e-01,6.792452830188678847e-01,1.244295611977577209e-01,0.000000000000000000e+00
1.365000000000000000e+04,4.493745267391204834e-01,6.603773584905660021e-01,1.286278665065765381e-01,0.000000000000000000e+00
1.366000000000000000e+04,4.643746614456176758e-01,6.415094339622641195e-01,1.396170854568481445e-01,0.000000000000000000e+00
1.367000000000000000e+04,4.463045299053192139e-01,6.132075471698112956e-01,1.443904787302017212e-01,0.000000000000000000e+00
1.368000000000000000e+04,4.456670284271240234e-01,6.415094339622641195e-01,1.475107222795486450e-01,0.000000000000000000e+00
1.369000000000000000e+04,4.416497051715850830e-01,6.792452830188678847e-01,1.464423239231109619e-01,0.000000000000000000e+00
1.370000000000000000e+04,4.258326590061187744e-01,6.698113207547169434e-01,1.495046466588973999e-01,0.000000000000000000e+00
1.371000000000000000e+04,4.204259216785430908e-01,6.698113207547169434e-01,1.329500377178192139e-01,0.000000000000000000e+00
1.372000000000000000e+04,4.255425035953521729e-01,6.698113207547169434e-01,1.126897037029266357e-01,0.000000000000000000e+00
1.373000000000000000e+04,3.936039209365844727e-01,6.981132075471697673e-01,1.282400637865066528e-01,0.000000000000000000e+00
1.374000000000000000e+04,3.954680860042572021e-01,6.509433962264150608e-01,1.258328706026077271e-01,0.000000000000000000e+00
1.375000000000000000e+04,3.964981436729431152e-01,6.792452830188678847e-01,1.343204230070114136e-01,0.000000000000000000e+00
1.376000000000000000e+04,3.864700496196746826e-01,6.415094339622641195e-01,1.284282058477401733e-01,0.000000000000000000e+00
1.377000000000000000e+04,3.861696124076843262e-01,6.792452830188678847e-01,1.203773841261863708e-01,0.000000000000000000e+00
1.378000000000000000e+04,3.999762237071990967e-01,6.603773584905660021e-01,1.216865628957748413e-01,0.000000000000000000e+00
1.379000000000000000e+04,4.201374948024749756e-01,6.886792452830188260e-01,1.347155421972274780e-01,0.000000000000000000e+00
1.380000000000000000e+04,4.135513305664062500e-01,6.603773584905660021e-01,1.347504854202270508e-01,0.000000000000000000e+00
1.381000000000000000e+04,4.033021032810211182e-01,6.792452830188678847e-01,1.320126503705978394e-01,0.000000000000000000e+00
1.382000000000000000e+04,3.918659090995788574e-01,6.603773584905660021e-01,1.517500430345535278e-01,0.000000000000000000e+00
1.383000000000000000e+04,4.011341333389282227e-01,6.415094339622641195e-01,1.676045656204223633e-01,0.000000000000000000e+00
1.384000000000000000e+04,3.773495554924011230e-01,6.603773584905660021e-01,1.276052892208099365e-01,0.000000000000000000e+00
1.385000000000000000e+04,3.732705712318420410e-01,6.698113207547169434e-01,1.434601247310638428e-01,0.000000000000000000e+00
1.386000000000000000e+04,3.904750347137451172e-01,6.698113207547169434e-01,1.242447569966316223e-01,0.000000000000000000e+00
1.387000000000000000e+04,3.753975629806518555e-01,6.226415094339622369e-01,1.290423870086669922e-01,0.000000000000000000e+00
1.388000000000000000e+04,3.619477152824401855e-01,6.698113207547169434e-01,1.149598360061645508e-01,0.000000000000000000e+00
1.389000000000000000e+04,3.747387528419494629e-01,6.886792452830188260e-01,1.280013322830200195e-01,0.000000000000000000e+00
1.390000000000000000e+04,3.705937266349792480e-01,6.415094339622641195e-01,1.425577849149703979e-01,0.000000000000000000e+00
1.391000000000000000e+04,3.678270280361175537e-01,6.698113207547169434e-01,1.133158653974533081e-01,0.000000000000000000e+00
1.392000000000000000e+04,4.133949875831604004e-01,6.415094339622641195e-01,1.337182223796844482e-01,0.000000000000000000e+00
1.393000000000000000e+04,3.851490020751953125e-01,6.603773584905660021e-01,1.385739743709564209e-01,0.000000000000000000e+00
1.394000000000000000e+04,3.921892940998077393e-01,6.792452830188678847e-01,1.110220253467559814e-01,0.000000000000000000e+00
1.395000000000000000e+04,3.918701410293579102e-01,6.698113207547169434e-01,1.063827425241470337e-01,0.000000000000000000e+00
1.396000000000000000e+04,3.846923112869262695e-01,7.075471698113207086e-01,1.132722496986389160e-01,0.000000000000000000e+00
1.397000000000000000e+04,3.711781799793243408e-01,6.886792452830188260e-01,1.016795039176940918e-01,0.000000000000000000e+00
1.398000000000000000e+04,3.830207586288452148e-01,6.698113207547169434e-01,1.120100021362304688e-01,0.000000000000000000e+00
1.399000000000000000e+04,3.826439678668975830e-01,6.226415094339622369e-01,1.086212322115898132e-01,0.000000000000000000e+00
1.400000000000000000e+04,3.768280744552612305e-01,6.698113207547169434e-01,1.068698465824127197e-01,0.000000000000000000e+00
1.401000000000000000e+04,3.905207216739654541e-01,6.509433962264150608e-01,1.172665506601333618e-01,0.000000000000000000e+00
1.402000000000000000e+04,3.865859508514404297e-01,6.415094339622641195e-01,1.335921883583068848e-01,0.000000000000000000e+00
1.403000000000000000e+04,4.130930900573730469e-01,6.509433962264150608e-01,1.345995068550109863e-01,0.000000000000000000e+00
1.404000000000000000e+04,4.123051166534423828e-01,6.603773584905660021e-01,1.181675195693969727e-01,0.000000000000000000e+00
1.405000000000000000e+04,3.988733589649200439e-01,6.603773584905660021e-01,1.535582095384597778e-01,0.000000000000000000e+00
1.406000000000000000e+04,3.786984980106353760e-01,6.603773584905660021e-01,1.192249059677124023e-01,0.000000000000000000e+00
1.407000000000000000e+04,3.875030577182769775e-01,6.226415094339622369e-01,1.174283474683761597e-01,0.000000000000000000e+00
1.408000000000000000e+04,3.684853613376617432e-01,6.603773584905660021e-01,1.057976409792900085e-01,0.000000000000000000e+00
1.409000000000000000e+04,3.560747206211090088e-01,6.603773584905660021e-01,8.252077549695968628e-02,0.000000000000000000e+00
1.410000000000000000e+04,3.678370416164398193e-01,6.792452830188678847e-01,9.833811968564987183e-02,0.000000000000000000e+00
1.411000000000000000e+04,3.858146369457244873e-01,6.603773584905660021e-01,1.125136986374855042e-01,0.000000000000000000e+00
1.412000000000000000e+04,3.710782229900360107e-01,6.886792452830188260e-01,8.027737587690353394e-02,0.000000000000000000e+00
1.413000000000000000e+04,3.584828376770019531e-01,6.603773584905660021e-01,8.700112998485565186e-02,0.000000000000000000e+00
1.414000000000000000e+04,3.681940734386444092e-01,6.509433962264150608e-01,1.033855751156806946e-01,0.000000000000000000e+00
1.415000000000000000e+04,3.744498193264007568e-01,6.132075471698112956e-01,8.041058480739593506e-02,0.000000000000000000e+00
1.416000000000000000e+04,3.876003324985504150e-01,6.415094339622641195e-01,8.572987467050552368e-02,0.000000000000000000e+00
1.417000000000000000e+04,3.758643567562103271e-01,6.509433962264150608e-01,1.060831472277641296e-01,0.000000000000000000e+00
1.418000000000000000e+04,3.688228726387023926e-01,6.792452830188678847e-01,1.331730633974075317e-01,0.000000000000000000e+00
1.419000000000000000e+04,3.856766521930694580e-01,6.698113207547169434e-01,1.091360151767730713e-01,0.000000000000000000e+00
1.420000000000000000e+04,3.652137517929077148e-01,6.792452830188678847e-01,9.453494846820831299e-02,0.000000000000000000e+00
1.421000000000000000e+04,3.748796284198760986e-01,6.792452830188678847e-01,9.040029346942901611e-02,0.000000000000000000e+00
1.422000000000000000e+04,3.885581195354461670e-01,6.886792452830188260e-01,9.076339006423950195e-02,0.000000000000000000e+00
1.423000000000000000e+04,3.805488049983978271e-01,6.698113207547169434e-01,6.721375882625579834e-02,0.000000000000000000e+00
1.424000000000000000e+04,3.832817375659942627e-01,6.698113207547169434e-01,5.993300676345825195e-02,0.000000000000000000e+00
1.425000000000000000e+04,3.858777284622192383e-01,6.886792452830188260e-01,6.032665818929672241e-02,0.000000000000000000e+00
1.426000000000000000e+04,3.867439627647399902e-01,6.886792452830188260e-01,6.133497133851051331e-02,0.000000000000000000e+00
1.427000000000000000e+04,3.939913511276245117e-01,7.169811320754716499e-01,8.140862733125686646e-02,0.000000000000000000e+00
1.428000000000000000e+04,3.931856155395507812e-01,6.603773584905660021e-01,9.768515825271606445e-02,0.000000000000000000e+00
1.429000000000000000e+04,3.872452676296234131e-01,6.792452830188678847e-01,1.009960845112800598e-01,0.000000000000000000e+00
1.430000000000000000e+04,3.973768055438995361e-01,6.415094339622641195e-01,1.288832873106002808e-01,0.000000000000000000e+00
1.431000000000000000e+04,4.081054329872131348e-01,6.981132075471697673e-01,1.419800817966461182e-01,0.000000000000000000e+00
1.432000000000000000e+04,4.187135994434356689e-01,7.075471698113207086e-01,1.345434635877609253e-01,0.000000000000000000e+00
1.433000000000000000e+04,4.110190868377685547e-01,6.698113207547169434e-01,1.239984557032585144e-01,0.000000000000000000e+00
1.434000000000000000e+04,3.979816138744354248e-01,7.075471698113207086e-01,1.354151219129562378e-01,0.000000000000000000e+00
1.435000000000000000e+04,3.930096924304962158e-01,7.075471698113207086e-01,1.366546452045440674e-01,0.000000000000000000e+00
1.436000000000000000e+04,3.890819251537322998e-01,6.886792452830188260e-01,1.323153525590896606e-01,0.000000000000000000e+00
1.437000000000000000e+04,3.917970061302185059e-01,7.075471698113207086e-01,1.398479491472244263e-01,0.000000000000000000e+00
1.438000000000000000e+04,4.090228974819183350e-01,6.981132075471697673e-01,1.203467771410942078e-01,0.000000000000000000e+00
1.439000000000000000e+04,4.134505093097686768e-01,7.075471698113207086e-01,1.463443487882614136e-01,0.000000000000000000e+00
1.440000000000000000e+04,4.097845554351806641e-01,6.603773584905660021e-01,1.540499329566955566e-01,0.000000000000000000e+00
1.441000000000000000e+04,4.127222299575805664e-01,6.603773584905660021e-01,1.499447226524353027e-01,0.000000000000000000e+00
1.442000000000000000e+04,3.960193395614624023e-01,6.981132075471697673e-01,1.175806298851966858e-01,0.000000000000000000e+00
1.443000000000000000e+04,3.947042524814605713e-01,6.698113207547169434e-01,1.314115226268768311e-01,0.000000000000000000e+00
1.444000000000000000e+04,4.044079184532165527e-01,6.509433962264150608e-01,1.264559924602508545e-01,0.000000000000000000e+00
1.445000000000000000e+04,4.042062759399414062e-01,6.509433962264150608e-01,1.280758380889892578e-01,0.000000000000000000e+00
1.446000000000000000e+04,4.197275340557098389e-01,6.415094339622641195e-01,1.336997002363204956e-01,0.000000000000000000e+00
1.447000000000000000e+04,3.959478437900543213e-01,6.603773584905660021e-01,1.121741011738777161e-01,0.000000000000000000e+00
1.448000000000000000e+04,4.029874801635742188e-01,6.886792452830188260e-01,1.029523089528083801e-01,0.000000000000000000e+00
1.449000000000000000e+04,4.134522378444671631e-01,6.320754716981131782e-01,1.383485347032546997e-01,0.000000000000000000e+00
1.450000000000000000e+04,4.063381850719451904e-01,6.603773584905660021e-01,1.102514341473579407e-01,0.000000000000000000e+00
1.451000000000000000e+04,4.209474921226501465e-01,6.415094339622641195e-01,1.205169484019279480e-01,0.000000000000000000e+00
1.452000000000000000e+04,4.166014790534973145e-01,6.698113207547169434e-01,1.424231827259063721e-01,0.000000000000000000e+00
1.453000000000000000e+04,4.051411151885986328e-01,6.320754716981131782e-01,1.231177821755409241e-01,0.000000000000000000e+00
1.454000000000000000e+04,4.223080873489379883e-01,6.603773584905660021e-01,1.237597465515136719e-01,0.000000000000000000e+00
1.455000000000000000e+04,4.269522428512573242e-01,6.415094339622641195e-01,1.170359104871749878e-01,0.000000000000000000e+00
1.456000000000000000e+04,4.115709364414215088e-01,6.415094339622641195e-01,1.342143416404724121e-01,0.000000000000000000e+00
1.457000000000000000e+04,4.051932990550994873e-01,6.415094339622641195e-01,1.282287240028381348e-01,0.000000000000000000e+00
1.458000000000000000e+04,3.836685717105865479e-01,6.603773584905660021e-01,1.237949356436729431e-01,0.000000000000000000e+00
1.459000000000000000e+04,4.124242067337036133e-01,6.792452830188678847e-01,1.372305899858474731e-01,0.000000000000000000e+00
1.460000000000000000e+04,3.878448307514190674e-01,6.603773584905660021e-01,1.014191433787345886e-01,0.000000000000000000e+00
1.461000000000000000e+04,3.919339776039123535e-01,6.603773584905660021e-01,9.924494475126266479e-02,0.000000000000000000e+00
1.462000000000000000e+04,4.056964516639709473e-01,6.603773584905660021e-01,9.688929468393325806e-02,0.000000000000000000e+00
1.463000000000000000e+04,3.990678191184997559e-01,6.603773584905660021e-01,1.216183528304100037e-01,0.000000000000000000e+00
1.464000000000000000e+04,3.977305889129638672e-01,6.603773584905660021e-01,1.292490065097808838e-01,0.000000000000000000e+00
1.465000000000000000e+04,4.152184724807739258e-01,6.320754716981131782e-01,1.419081240892410278e-01,0.000000000000000000e+00
1.466000000000000000e+04,4.061536490917205811e-01,6.603773584905660021e-01,1.222226321697235107e-01,0.000000000000000000e+00
1.467000000000000000e+04,3.838587403297424316e-01,6.792452830188678847e-01,1.040487438440322876e-01,0.000000000000000000e+00
1.468000000000000000e+04,3.987291157245635986e-01,6.698113207547169434e-01,1.286525428295135498e-01,0.000000000000000000e+00
1.469000000000000000e+04,4.221133291721343994e-01,6.886792452830188260e-01,1.456499993801116943e-01,0.000000000000000000e+00
1.470000000000000000e+04,4.075596630573272705e-01,6.698113207547169434e-01,1.420408934354782104e-01,0.000000000000000000e+00
1.471000000000000000e+04,4.001403450965881348e-01,6.792452830188678847e-01,1.372122317552566528e-01,0.000000000000000000e+00
1.472000000000000000e+04,3.941592276096343994e-01,6.509433962264150608e-01,1.387372463941574097e-01,0.000000000000000000e+00
1.473000000000000000e+04,3.930778205394744873e-01,6.509433962264150608e-01,1.397722363471984863e-01,0.000000000000000000e+00
1.474000000000000000e+04,3.875870108604431152e-01,6.603773584905660021e-01,1.274630129337310791e-01,0.000000000000000000e+00
1.475000000000000000e+04,4.199610948562622070e-01,6.698113207547169434e-01,1.631346344947814941e-01,0.000000000000000000e+00
1.476000000000000000e+04,4.066385626792907715e-01,6.698113207547169434e-01,1.891831904649734497e-01,0.000000000000000000e+00
1.477000000000000000e+04,3.908683955669403076e-01,6.509433962264150608e-01,1.334023773670196533e-01,0.000000000000000000e+00
1.478000000000000000e+04,3.987553417682647705e-01,6.509433962264150608e-01,1.423195749521255493e-01,0.000000000000000000e+00
1.479000000000000000e+04,4.288191497325897217e-01,6.509433962264150608e-01,1.580974310636520386e-01,0.000000000000000000e+00
1.480000000000000000e+04,4.332742094993591309e-01,6.037735849056603543e-01,1.449127495288848877e-01,0.000000000000000000e+00
1.481000000000000000e+04,4.072330594062805176e-01,6.792452830188678847e-01,1.259790509939193726e-01,0.000000000000000000e+00
1.482000000000000000e+04,4.152224957942962646e-01,6.415094339622641195e-01,1.360512822866439819e-01,0.000000000000000000e+00
1.483000000000000000e+04,4.083477556705474854e-01,5.943396226415094130e-01,1.500399112701416016e-01,0.000000000000000000e+00
1.484000000000000000e+04,4.117876291275024414e-01,6.792452830188678847e-01,1.531229317188262939e-01,0.000000000000000000e+00
1.485000000000000000e+04,4.325509667396545410e-01,6.509433962264150608e-01,1.588342636823654175e-01,0.000000000000000000e+00
1.486000000000000000e+04,4.197848737239837646e-01,6.792452830188678847e-01,1.547985970973968506e-01,0.000000000000000000e+00
1.487000000000000000e+04,4.236814975738525391e-01,6.509433962264150608e-01,1.555277705192565918e-01,0.000000000000000000e+00
1.488000000000000000e+04,4.420503675937652588e-01,6.603773584905660021e-01,1.247091293334960938e-01,0.000000000000000000e+00
1.489000000000000000e+04,4.150761961936950684e-01,6.320754716981131782e-01,1.416398286819458008e-01,0.000000000000000000e+00
1.490000000000000000e+04,4.372144937515258789e-01,6.226415094339622369e-01,1.333735138177871704e-01,0.000000000000000000e+00
1.491000000000000000e+04,4.459597170352935791e-01,6.320754716981131782e-01,1.500618457794189453e-01,0.000000000000000000e+00
1.492000000000000000e+04,4.303784072399139404e-01,5.943396226415094130e-01,1.381625086069107056e-01,0.000000000000000000e+00
1.493000000000000000e+04,4.344546198844909668e-01,6.320754716981131782e-01,1.681868284940719604e-01,0.000000000000000000e+00
1.494000000000000000e+04,4.333130419254302979e-01,6.698113207547169434e-01,1.205686032772064209e-01,0.000000000000000000e+00
1.495000000000000000e+04,4.360351264476776123e-01,6.603773584905660021e-01,1.352252066135406494e-01,0.000000000000000000e+00
1.496000000000000000e+04,4.212540090084075928e-01,6.792452830188678847e-01,9.807790070772171021e-02,0.000000000000000000e+00
1.497000000000000000e+04,4.028712809085845947e-01,6.603773584905660021e-01,8.979978412389755249e-02,0.000000000000000000e+00
1.498000000000000000e+04,4.030714333057403564e-01,6.415094339622641195e-01,1.220878288149833679e-01,0.000000000000000000e+00
1.499000000000000000e+04,4.085561037063598633e-01,6.226415094339622369e-01,1.070055440068244934e-01,0.000000000000000000e+00
1.500000000000000000e+04,4.086236655712127686e-01,6.415094339622641195e-01,1.314865797758102417e-01,0.000000000000000000e+00
1.501000000000000000e+04,3.994858264923095703e-01,6.320754716981131782e-01,9.767671674489974976e-02,0.000000000000000000e+00
1.502000000000000000e+04,3.924506306648254395e-01,6.509433962264150608e-01,8.791422843933105469e-02,0.000000000000000000e+00
1.503000000000000000e+04,4.237079024314880371e-01,6.886792452830188260e-01,9.490545839071273804e-02,0.000000000000000000e+00
1.504000000000000000e+04,4.023668169975280762e-01,6.603773584905660021e-01,1.113100871443748474e-01,0.000000000000000000e+00
1.505000000000000000e+04,4.278038442134857178e-01,6.509433962264150608e-01,1.053465306758880615e-01,0.000000000000000000e+00
1.506000000000000000e+04,4.395999014377593994e-01,6.320754716981131782e-01,1.113318204879760742e-01,0.000000000000000000e+00
1.507000000000000000e+04,4.152631759643554688e-01,6.415094339622641195e-01,1.223156973719596863e-01,0.000000000000000000e+00
1.508000000000000000e+04,4.108691513538360596e-01,6.603773584905660021e-01,1.298677176237106323e-01,0.000000000000000000e+00
1.509000000000000000e+04,3.900910317897796631e-01,6.698113207547169434e-01,1.148154214024543762e-01,0.000000000000000000e+00
1.510000000000000000e+04,3.982475697994232178e-01,6.792452830188678847e-01,1.115129515528678894e-01,0.000000000000000000e+00
1.511000000000000000e+04,3.882973194122314453e-01,6.603773584905660021e-01,1.148076280951499939e-01,0.000000000000000000e+00
1.512000000000000000e+04,4.046415686607360840e-01,6.603773584905660021e-01,1.042355895042419434e-01,0.000000000000000000e+00
1.513000000000000000e+04,3.801778554916381836e-01,6.792452830188678847e-01,1.073808148503303528e-01,0.000000000000000000e+00
1.514000000000000000e+04,3.811509311199188232e-01,6.603773584905660021e-01,8.111304789781570435e-02,0.000000000000000000e+00
1.515000000000000000e+04,3.713036179542541504e-01,6.792452830188678847e-01,6.112753227353096008e-02,0.000000000000000000e+00
1.516000000000000000e+04,3.816370964050292969e-01,6.509433962264150608e-01,1.240370348095893860e-01,0.000000000000000000e+00
1.517000000000000000e+04,3.777394294738769531e-01,6.603773584905660021e-01,7.778198271989822388e-02,0.000000000000000000e+00
1.518000000000000000e+04,3.691545128822326660e-01,6.226415094339622369e-01,9.280023723840713501e-02,0.000000000000000000e+00
1.519000000000000000e+04,3.658112585544586182e-01,6.698113207547169434e-01,1.053981482982635498e-01,0.000000000000000000e+00
1.520000000000000000e+04,3.699453175067901611e-01,6.320754716981131782e-01,1.153700053691864014e-01,0.000000000000000000e+00
1.521000000000000000e+04,3.501416742801666260e-01,6.603773584905660021e-01,8.414307236671447754e-02,0.000000000000000000e+00
1.522000000000000000e+04,3.559455871582031250e-01,6.320754716981131782e-01,1.008876040577888489e-01,0.000000000000000000e+00
1.523000000000000000e+04,3.640014231204986572e-01,6.509433962264150608e-01,7.269718497991561890e-02,0.000000000000000000e+00
1.524000000000000000e+04,3.742828965187072754e-01,6.792452830188678847e-01,7.716252654790878296e-02,0.000000000000000000e+00
1.525000000000000000e+04,3.605250418186187744e-01,6.603773584905660021e-01,6.927024573087692261e-02,0.000000000000000000e+00
1.526000000000000000e+04,3.538497686386108398e-01,6.603773584905660021e-01,9.561930596828460693e-02,0.000000000000000000e+00
1.527000000000000000e+04,3.521825373172760010e-01,6.320754716981131782e-01,7.584262639284133911e-02,0.000000000000000000e+00
1.528000000000000000e+04,3.535441160202026367e-01,6.320754716981131782e-01,9.925337135791778564e-02,0.000000000000000000e+00
1.529000000000000000e+04,3.576810657978057861e-01,6.415094339622641195e-01,8.263627439737319946e-02,0.000000000000000000e+00
1.530000000000000000e+04,3.616962432861328125e-01,5.754716981132075304e-01,9.413917362689971924e-02,0.000000000000000000e+00
1.531000000000000000e+04,3.653171956539154053e-01,6.226415094339622369e-01,8.511041104793548584e-02,0.000000000000000000e+00
1.532000000000000000e+04,3.748650848865509033e-01,6.415094339622641195e-01,1.076950207352638245e-01,0.000000000000000000e+00
1.533000000000000000e+04,3.910937905311584473e-01,6.037735849056603543e-01,9.405763447284698486e-02,0.000000000000000000e+00
1.534000000000000000e+04,3.938619494438171387e-01,6.226415094339622369e-01,1.053855791687965393e-01,0.000000000000000000e+00
1.535000000000000000e+04,3.858988285064697266e-01,6.415094339622641195e-01,9.416693449020385742e-02,0.000000000000000000e+00
1.536000000000000000e+04,3.890154361724853516e-01,6.320754716981131782e-01,1.133323982357978821e-01,0.000000000000000000e+00
1.537000000000000000e+04,3.803070485591888428e-01,6.132075471698112956e-01,1.055349558591842651e-01,0.000000000000000000e+00
1.538000000000000000e+04,3.773216903209686279e-01,5.943396226415094130e-01,9.269576519727706909e-02,0.000000000000000000e+00
1.539000000000000000e+04,3.817287981510162354e-01,5.660377358490565891e-01,1.081413775682449341e-01,0.000000000000000000e+00
1.540000000000000000e+04,3.943305015563964844e-01,6.132075471698112956e-01,1.118179559707641602e-01,0.000000000000000000e+00
1.541000000000000000e+04,3.816153705120086670e-01,6.132075471698112956e-01,1.243096292018890381e-01,0.000000000000000000e+00
1.542000000000000000e+04,3.853475153446197510e-01,6.037735849056603543e-01,1.239025443792343140e-01,0.000000000000000000e+00
1.543000000000000000e+04,3.892755806446075439e-01,5.943396226415094130e-01,1.174441725015640259e-01,0.000000000000000000e+00
1.544000000000000000e+04,3.848969340324401855e-01,6.320754716981131782e-01,8.228491991758346558e-02,0.000000000000000000e+00
1.545000000000000000e+04,3.844585120677947998e-01,6.132075471698112956e-01,1.289050132036209106e-01,0.000000000000000000e+00
1.546000000000000000e+04,3.881781399250030518e-01,6.132075471698112956e-01,1.160460188984870911e-01,0.000000000000000000e+00
1.547000000000000000e+04,3.774214982986450195e-01,6.037735849056603543e-01,1.414751112461090088e-01,0.000000000000000000e+00
1.548000000000000000e+04,3.989362418651580811e-01,6.320754716981131782e-01,1.195693835616111755e-01,0.000000000000000000e+00
1.549000000000000000e+04,3.937629163265228271e-01,6.132075471698112956e-01,1.683531403541564941e-01,0.000000000000000000e+00
1.550000000000000000e+04,3.904024064540863037e-01,5.943396226415094130e-01,1.598647534847259521e-01,0.000000000000000000e+00
1.551000000000000000e+04,4.073495566844940186e-01,5.943396226415094130e-01,1.681049764156341553e-01,0.000000000000000000e+00
1.552000000000000000e+04,4.012744128704071045e-01,6.132075471698112956e-01,1.401319056749343872e-01,0.000000000000000000e+00
1.553000000000000000e+04,3.994221091270446777e-01,6.132075471698112956e-01,1.368939131498336792e-01,0.000000000000000000e+00
1.554000000000000000e+04,3.984781503677368164e-01,6.037735849056603543e-01,1.507633775472640991e-01,0.000000000000000000e+00
1.555000000000000000e+04,4.195792376995086670e-01,6.320754716981131782e-01,1.527705490589141846e-01,0.000000000000000000e+00
1.556000000000000000e+04,4.089660346508026123e-01,6.320754716981131782e-01,1.362394690513610840e-01,0.000000000000000000e+00
1.557000000000000000e+04,4.106940329074859619e-01,6.132075471698112956e-01,1.191132962703704834e-01,0.000000000000000000e+00
1.558000000000000000e+04,4.018416106700897217e-01,6.037735849056603543e-01,1.318643987178802490e-01,0.000000000000000000e+00
1.559000000000000000e+04,4.395413994789123535e-01,6.415094339622641195e-01,1.489688307046890259e-01,0.000000000000000000e+00
1.560000000000000000e+04,4.284370839595794678e-01,6.132075471698112956e-01,1.440276503562927246e-01,0.000000000000000000e+00
1.561000000000000000e+04,4.228381812572479248e-01,6.132075471698112956e-01,1.438788622617721558e-01,0.000000000000000000e+00
1.562000000000000000e+04,4.042064547538757324e-01,6.320754716981131782e-01,1.487849205732345581e-01,0.000000000000000000e+00
1.563000000000000000e+04,4.023079574108123779e-01,6.320754716981131782e-01,1.602098047733306885e-01,0.000000000000000000e+00
1.564000000000000000e+04,4.131894111633300781e-01,6.132075471698112956e-01,1.595854014158248901e-01,0.000000000000000000e+00
1.565000000000000000e+04,3.973177671432495117e-01,6.226415094339622369e-01,1.616517901420593262e-01,0.000000000000000000e+00
1.566000000000000000e+04,4.027260243892669678e-01,6.037735849056603543e-01,1.893550455570220947e-01,0.000000000000000000e+00
1.567000000000000000e+04,4.011794030666351318e-01,6.320754716981131782e-01,1.805652230978012085e-01,0.000000000000000000e+00
1.568000000000000000e+04,4.054059386253356934e-01,6.320754716981131782e-01,1.862499713897705078e-01,0.000000000000000000e+00
1.569000000000000000e+04,4.138827323913574219e-01,6.226415094339622369e-01,1.694764792919158936e-01,0.000000000000000000e+00
1.570000000000000000e+04,3.888248801231384277e-01,6.320754716981131782e-01,1.478667110204696655e-01,0.000000000000000000e+00
1.571000000000000000e+04,3.719890117645263672e-01,5.754716981132075304e-01,1.417127400636672974e-01,0.000000000000000000e+00
1.572000000000000000e+04,3.688975274562835693e-01,6.415094339622641195e-01,1.567440629005432129e-01,0.000000000000000000e+00
1.573000000000000000e+04,3.792696595191955566e-01,6.320754716981131782e-01,1.550128906965255737e-01,0.000000000000000000e+00
1.574000000000000000e+04,3.424402475357055664e-01,6.132075471698112956e-01,1.304969489574432373e-01,0.000000000000000000e+00
1.575000000000000000e+04,3.567541241645812988e-01,6.415094339622641195e-01,1.436970680952072144e-01,0.000000000000000000e+00
1.576000000000000000e+04,3.433247208595275879e-01,6.132075471698112956e-01,1.166677251458168030e-01,0.000000000000000000e+00
1.577000000000000000e+04,3.438618779182434082e-01,6.603773584905660021e-01,1.250965297222137451e-01,0.000000000000000000e+00
1.578000000000000000e+04,3.459625840187072754e-01,6.698113207547169434e-01,9.820171445608139038e-02,0.000000000000000000e+00
1.579000000000000000e+04,3.501022160053253174e-01,6.132075471698112956e-01,1.483430415391921997e-01,0.000000000000000000e+00
1.580000000000000000e+04,3.734433054924011230e-01,6.132075471698112956e-01,1.449283212423324585e-01,0.000000000000000000e+00
1.581000000000000000e+04,3.714427351951599121e-01,6.509433962264150608e-01,1.467196047306060791e-01,0.000000000000000000e+00
1.582000000000000000e+04,3.679848909378051758e-01,6.415094339622641195e-01,1.561017930507659912e-01,0.000000000000000000e+00
1.583000000000000000e+04,3.912571966648101807e-01,5.943396226415094130e-01,1.499100923538208008e-01,0.000000000000000000e+00
1.584000000000000000e+04,4.029194712638854980e-01,6.132075471698112956e-01,1.416628062725067139e-01,0.000000000000000000e+00
1.585000000000000000e+04,3.985425531864166260e-01,6.226415094339622369e-01,1.531445980072021484e-01,0.000000000000000000e+00
1.586000000000000000e+04,3.866505920886993408e-01,6.132075471698112956e-01,1.288742274045944214e-01,0.000000000000000000e+00
1.587000000000000000e+04,3.769869804382324219e-01,6.415094339622641195e-01,1.414298862218856812e-01,0.000000000000000000e+00
1.588000000000000000e+04,3.854137957096099854e-01,6.226415094339622369e-01,1.208754479885101318e-01,0.000000000000000000e+00
1.589000000000000000e+04,3.857245445251464844e-01,6.320754716981131782e-01,1.382155865430831909e-01,0.000000000000000000e+00
1.590000000000000000e+04,3.738946020603179932e-01,6.509433962264150608e-01,1.259393990039825439e-01,0.000000000000000000e+00
1.591000000000000000e+04,3.684848546981811523e-01,6.415094339622641195e-01,1.454442739486694336e-01,0.000000000000000000e+00
1.592000000000000000e+04,3.745371103286743164e-01,6.415094339622641195e-01,1.428218781948089600e-01,0.000000000000000000e+00
1.593000000000000000e+04,3.886813819408416748e-01,6.415094339622641195e-01,1.481544822454452515e-01,0.000000000000000000e+00
1.594000000000000000e+04,3.758957087993621826e-01,6.509433962264150608e-01,1.335199475288391113e-01,0.000000000000000000e+00
1.595000000000000000e+04,4.031424820423126221e-01,6.509433962264150608e-01,1.529932171106338501e-01,0.000000000000000000e+00
1.596000000000000000e+04,4.039081931114196777e-01,6.509433962264150608e-01,1.409297287464141846e-01,0.000000000000000000e+00
1.597000000000000000e+04,3.912654519081115723e-01,6.226415094339622369e-01,1.082352250814437866e-01,0.000000000000000000e+00
1.598000000000000000e+04,3.986766934394836426e-01,6.226415094339622369e-01,1.277982145547866821e-01,0.000000000000000000e+00
1.599000000000000000e+04,3.974268436431884766e-01,6.415094339622641195e-01,1.415242403745651245e-01,0.000000000000000000e+00
1.600000000000000000e+04,4.003860950469970703e-01,5.754716981132075304e-01,1.321816742420196533e-01,0.000000000000000000e+00
1.601000000000000000e+04,3.755491971969604492e-01,6.132075471698112956e-01,1.171837672591209412e-01,0.000000000000000000e+00
1.602000000000000000e+04,3.617429137229919434e-01,6.415094339622641195e-01,1.120728999376296997e-01,0.000000000000000000e+00
1.603000000000000000e+04,3.806957304477691650e-01,6.132075471698112956e-01,9.966205805540084839e-02,0.000000000000000000e+00
1.604000000000000000e+04,3.850145339965820312e-01,6.037735849056603543e-01,1.288845390081405640e-01,0.000000000000000000e+00
1.605000000000000000e+04,3.946984708309173584e-01,6.415094339622641195e-01,1.337970346212387085e-01,0.000000000000000000e+00
1.606000000000000000e+04,3.799866139888763428e-01,5.943396226415094130e-01,1.221438646316528320e-01,0.000000000000000000e+00
1.607000000000000000e+04,4.044839441776275635e-01,6.320754716981131782e-01,1.536454558372497559e-01,0.000000000000000000e+00
1.608000000000000000e+04,4.122161567211151123e-01,6.320754716981131782e-01,1.591745615005493164e-01,0.000000000000000000e+00
1.609000000000000000e+04,4.379366040229797363e-01,6.037735849056603543e-01,1.903905421495437622e-01,0.000000000000000000e+00
1.610000000000000000e+04,4.495044052600860596e-01,5.566037735849056478e-01,1.782582551240921021e-01,0.000000000000000000e+00
1.611000000000000000e+04,4.402217566967010498e-01,6.132075471698112956e-01,1.676093339920043945e-01,0.000000000000000000e+00
1.612000000000000000e+04,4.315775930881500244e-01,6.037735849056603543e-01,1.891572177410125732e-01,0.000000000000000000e+00
1.613000000000000000e+04,4.210754930973052979e-01,5.943396226415094130e-01,1.424302458763122559e-01,0.000000000000000000e+00
1.614000000000000000e+04,4.121573865413665771e-01,6.037735849056603543e-01,1.527846008539199829e-01,0.000000000000000000e+00
1.615000000000000000e+04,4.171319305896759033e-01,5.943396226415094130e-01,1.956533193588256836e-01,0.000000000000000000e+00
1.616000000000000000e+04,4.304186999797821045e-01,5.660377358490565891e-01,2.126901596784591675e-01,0.000000000000000000e+00
1.617000000000000000e+04,4.310046434402465820e-01,5.754716981132075304e-01,2.040197551250457764e-01,0.000000000000000000e+00
1.618000000000000000e+04,4.117995202541351318e-01,5.943396226415094130e-01,1.852775216102600098e-01,0.000000000000000000e+00
1.619000000000000000e+04,4.306716620922088623e-01,5.660377358490565891e-01,1.823282092809677124e-01,0.000000000000000000e+00
1.620000000000000000e+04,4.171869456768035889e-01,5.660377358490565891e-01,1.706499606370925903e-01,0.000000000000000000e+00
1.621000000000000000e+04,4.063738584518432617e-01,6.037735849056603543e-01,1.690814793109893799e-01,0.000000000000000000e+00
1.622000000000000000e+04,3.970093727111816406e-01,5.849056603773584717e-01,1.634131222963333130e-01,0.000000000000000000e+00
1.623000000000000000e+04,4.219701588153839111e-01,5.943396226415094130e-01,1.853975951671600342e-01,0.000000000000000000e+00
1.624000000000000000e+04,3.977278172969818115e-01,6.226415094339622369e-01,1.606014966964721680e-01,0.000000000000000000e+00
1.625000000000000000e+04,4.040134251117706299e-01,5.660377358490565891e-01,1.787814050912857056e-01,0.000000000000000000e+00
1.626000000000000000e+04,4.206497669219970703e-01,6.037735849056603543e-01,1.965882182121276855e-01,0.000000000000000000e+00
1.627000000000000000e+04,4.038509428501129150e-01,5.849056603773584717e-01,1.723997145891189575e-01,0.000000000000000000e+00
1.628000000000000000e+04,4.359909594058990479e-01,6.226415094339622369e-01,2.058939784765243530e-01,0.000000000000000000e+00
1.629000000000000000e+04,4.376449286937713623e-01,6.132075471698112956e-01,2.156055867671966553e-01,0.000000000000000000e+00
1.630000000000000000e+04,4.526998400688171387e-01,5.471698113207547065e-01,2.347803860902786255e-01,0.000000000000000000e+00
1.631000000000000000e+04,4.388116598129272461e-01,6.037735849056603543e-01,2.088452279567718506e-01,0.000000000000000000e+00
1.632000000000000000e+04,4.486089944839477539e-01,6.037735849056603543e-01,2.032106220722198486e-01,0.000000000000000000e+00
1.633000000000000000e+04,4.501964449882507324e-01,6.132075471698112956e-01,2.301008850336074829e-01,0.000000000000000000e+00
1.634000000000000000e+04,4.499522149562835693e-01,5.849056603773584717e-01,2.419078052043914795e-01,0.000000000000000000e+00
1.635000000000000000e+04,4.567690193653106689e-01,5.943396226415094130e-01,2.164394706487655640e-01,0.000000000000000000e+00
1.636000000000000000e+04,4.813789129257202148e-01,5.849056603773584717e-01,2.600563466548919678e-01,0.000000000000000000e+00
1.637000000000000000e+04,4.621113836765289307e-01,5.943396226415094130e-01,2.098804116249084473e-01,0.000000000000000000e+00
1.638000000000000000e+04,4.660132825374603271e-01,5.754716981132075304e-01,2.488065958023071289e-01,0.000000000000000000e+00
1.639000000000000000e+04,4.683079421520233154e-01,5.943396226415094130e-01,2.402770668268203735e-01,0.000000000000000000e+00
1.640000000000000000e+04,4.442386031150817871e-01,5.660377358490565891e-01,2.272061407566070557e-01,0.000000000000000000e+00
1.641000000000000000e+04,4.307731688022613525e-01,5.566037735849056478e-01,2.261348664760589600e-01,0.000000000000000000e+00
1.642000000000000000e+04,4.468988776206970215e-01,5.943396226415094130e-01,2.084187567234039307e-01,0.000000000000000000e+00
1.643000000000000000e+04,4.406959712505340576e-01,6.132075471698112956e-01,2.074179649353027344e-01,0.000000000000000000e+00
1.644000000000000000e+04,4.401649236679077148e-01,5.943396226415094130e-01,2.076915651559829712e-01,0.000000000000000000e+00
1.645000000000000000e+04,4.452397227287292480e-01,5.754716981132075304e-01,2.294110357761383057e-01,0.000000000000000000e+00
1.646000000000000000e+04,4.369934797286987305e-01,5.849056603773584717e-01,2.060719579458236694e-01,0.000000000000000000e+00
1.647000000000000000e+04,4.401248693466186523e-01,5.849056603773584717e-01,2.242486923933029175e-01,0.000000000000000000e+00
1.648000000000000000e+04,4.328659176826477051e-01,5.471698113207547065e-01,2.112923562526702881e-01,0.000000000000000000e+00
1.649000000000000000e+04,4.389160573482513428e-01,5.943396226415094130e-01,1.984971165657043457e-01,0.000000000000000000e+00
1.650000000000000000e+04,4.214972555637359619e-01,5.754716981132075304e-01,1.818434745073318481e-01,0.000000000000000000e+00
1.651000000000000000e+04,4.350503087043762207e-01,5.283018867924528239e-01,2.091550081968307495e-01,0.000000000000000000e+00
1.652000000000000000e+04,4.313234090805053711e-01,6.037735849056603543e-01,2.017333954572677612e-01,0.000000000000000000e+00
1.653000000000000000e+04,4.294884204864501953e-01,5.849056603773584717e-01,1.808957457542419434e-01,0.000000000000000000e+00
1.654000000000000000e+04,4.146251976490020752e-01,6.037735849056603543e-01,1.737328916788101196e-01,0.000000000000000000e+00
1.655000000000000000e+04,4.214200675487518311e-01,5.660377358490565891e-01,1.852805316448211670e-01,0.000000000000000000e+00
1.656000000000000000e+04,4.072008430957794189e-01,5.943396226415094130e-01,2.113656699657440186e-01,0.000000000000000000e+00
1.657000000000000000e+04,3.997858166694641113e-01,6.132075471698112956e-01,1.699873805046081543e-01,0.000000000000000000e+00
1.658000000000000000e+04,3.967830538749694824e-01,5.943396226415094130e-01,1.856472939252853394e-01,0.000000000000000000e+00
1.659000000000000000e+04,4.110708236694335938e-01,5.754716981132075304e-01,1.911924332380294800e-01,0.000000000000000000e+00
1.660000000000000000e+04,3.987235426902770996e-01,5.754716981132075304e-01,1.739174872636795044e-01,0.000000000000000000e+00
1.661000000000000000e+04,4.058912694454193115e-01,5.754716981132075304e-01,1.834321320056915283e-01,0.000000000000000000e+00
1.662000000000000000e+04,4.115357697010040283e-01,5.943396226415094130e-01,1.690072715282440186e-01,0.000000000000000000e+00
1.663000000000000000e+04,4.229022264480590820e-01,5.754716981132075304e-01,1.974318921566009521e-01,0.000000000000000000e+00
1.664000000000000000e+04,4.190667569637298584e-01,6.132075471698112956e-01,1.821469813585281372e-01,0.000000000000000000e+00
1.665000000000000000e+04,4.577096104621887207e-01,5.660377358490565891e-01,2.336712628602981567e-01,0.000000000000000000e+00
1.666000000000000000e+04,4.506664872169494629e-01,5.849056603773584717e-01,2.296124845743179321e-01,0.000000000000000000e+00
1.667000000000000000e+04,4.445954263210296631e-01,5.754716981132075304e-01,2.131781727075576782e-01,0.000000000000000000e+00
1.668000000000000000e+04,4.468566179275512695e-01,5.943396226415094130e-01,2.230209559202194214e-01,0.000000000000000000e+00
1.669000000000000000e+04,4.447981715202331543e-01,5.849056603773584717e-01,2.271218597888946533e-01,0.000000000000000000e+00
1.670000000000000000e+04,4.420041441917419434e-01,5.566037735849056478e-01,2.209891825914382935e-01,0.000000000000000000e+00
1.671000000000000000e+04,4.196672737598419189e-01,5.849056603773584717e-01,1.965065449476242065e-01,0.000000000000000000e+00
1.672000000000000000e+04,4.344999492168426514e-01,5.566037735849056478e-01,2.061427086591720581e-01,0.000000000000000000e+00
1.673000000000000000e+04,4.141903519630432129e-01,5.849056603773584717e-01,1.983173638582229614e-01,0.000000000000000000e+00
1.674000000000000000e+04,4.131628274917602539e-01,5.849056603773584717e-01,1.891802400350570679e-01,0.000000000000000000e+00
1.675000000000000000e+04,4.088468849658966064e-01,5.754716981132075304e-01,1.670735478401184082e-01,0.000000000000000000e+00
1.676000000000000000e+04,4.228065311908721924e-01,5.943396226415094130e-01,1.953906863927841187e-01,0.000000000000000000e+00
1.677000000000000000e+04,4.383854269981384277e-01,5.471698113207547065e-01,1.704829484224319458e-01,0.000000000000000000e+00
1.678000000000000000e+04,4.318791627883911133e-01,5.849056603773584717e-01,1.757623404264450073e-01,0.000000000000000000e+00
1.679000000000000000e+04,4.309559464454650879e-01,5.943396226415094130e-01,1.705737262964248657e-01,0.000000000000000000e+00
1.680000000000000000e+04,4.385360181331634521e-01,6.415094339622641195e-01,1.629610061645507812e-01,0.000000000000000000e+00
1.681000000000000000e+04,4.248867034912109375e-01,5.943396226415094130e-01,1.739724278450012207e-01,0.000000000000000000e+00
1.682000000000000000e+04,4.317243397235870361e-01,5.849056603773584717e-01,1.834740489721298218e-01,0.000000000000000000e+00
1.683000000000000000e+04,4.114597737789154053e-01,5.943396226415094130e-01,1.527344137430191040e-01,0.000000000000000000e+00
1.684000000000000000e+04,4.195800423622131348e-01,5.849056603773584717e-01,1.560091078281402588e-01,0.000000000000000000e+00
1.685000000000000000e+04,4.380574822425842285e-01,5.660377358490565891e-01,1.808210462331771851e-01,0.000000000000000000e+00
1.686000000000000000e+04,4.440103471279144287e-01,5.660377358490565891e-01,1.906502693891525269e-01,0.000000000000000000e+00
1.687000000000000000e+04,4.455386102199554443e-01,5.849056603773584717e-01,1.654780209064483643e-01,0.000000000000000000e+00
1.688000000000000000e+04,4.300920367240905762e-01,5.660377358490565891e-01,1.600537896156311035e-01,0.000000000000000000e+00
1.689000000000000000e+04,4.381684660911560059e-01,5.943396226415094130e-01,1.530387848615646362e-01,0.000000000000000000e+00
1.690000000000000000e+04,4.479517042636871338e-01,5.754716981132075304e-01,1.854312270879745483e-01,0.000000000000000000e+00
1.691000000000000000e+04,4.718357920646667480e-01,5.754716981132075304e-01,2.161029875278472900e-01,0.000000000000000000e+00
1.692000000000000000e+04,4.349015355110168457e-01,5.566037735849056478e-01,1.824271231889724731e-01,0.000000000000000000e+00
1.693000000000000000e+04,4.146350920200347900e-01,5.849056603773584717e-01,1.821044087409973145e-01,0.000000000000000000e+00
1.694000000000000000e+04,4.193127751350402832e-01,5.566037735849056478e-01,1.862962096929550171e-01,0.000000000000000000e+00
1.695000000000000000e+04,4.239003658294677734e-01,5.943396226415094130e-01,1.637083888053894043e-01,0.000000000000000000e+00
1.696000000000000000e+04,4.336379170417785645e-01,5.943396226415094130e-01,1.743133068084716797e-01,0.000000000000000000e+00
1.697000000000000000e+04,4.377223849296569824e-01,6.132075471698112956e-01,1.816706061363220215e-01,0.000000000000000000e+00
1.698000000000000000e+04,4.182434082031250000e-01,6.037735849056603543e-01,1.646139025688171387e-01,0.000000000000000000e+00
1.699000000000000000e+04,4.117286801338195801e-01,6.226415094339622369e-01,1.488469094038009644e-01,0.000000000000000000e+00
1.700000000000000000e+04,4.426457285881042480e-01,6.037735849056603543e-01,1.652731150388717651e-01,0.000000000000000000e+00
1.701000000000000000e+04,4.327761232852935791e-01,6.037735849056603543e-01,1.683691889047622681e-01,0.000000000000000000e+00
1.702000000000000000e+04,4.539493620395660400e-01,5.471698113207547065e-01,2.053376436233520508e-01,0.000000000000000000e+00
1.703000000000000000e+04,4.466464519500732422e-01,5.943396226415094130e-01,1.726045161485671997e-01,0.000000000000000000e+00
1.704000000000000000e+04,4.201791286468505859e-01,6.037735849056603543e-01,1.491118073463439941e-01,0.000000000000000000e+00
1.705000000000000000e+04,4.372944533824920654e-01,5.849056603773584717e-01,1.552154421806335449e-01,0.000000000000000000e+00
1.706000000000000000e+04,4.349272549152374268e-01,5.943396226415094130e-01,1.423501223325729370e-01,0.000000000000000000e+00
1.707000000000000000e+04,4.334248304367065430e-01,5.849056603773584717e-01,1.849626004695892334e-01,0.000000000000000000e+00
1.708000000000000000e+04,4.219334125518798828e-01,6.037735849056603543e-01,1.723414957523345947e-01,0.000000000000000000e+00
1.709000000000000000e+04,4.216902256011962891e-01,5.849056603773584717e-01,1.839305162429809570e-01,0.000000000000000000e+00
1.710000000000000000e+04,4.249726831912994385e-01,5.849056603773584717e-01,1.743950694799423218e-01,0.000000000000000000e+00
1.711000000000000000e+04,4.136053025722503662e-01,6.037735849056603543e-01,1.814844310283660889e-01,0.000000000000000000e+00
1.712000000000000000e+04,4.271399378776550293e-01,5.754716981132075304e-01,1.884071081876754761e-01,0.000000000000000000e+00
1.713000000000000000e+04,4.330600798130035400e-01,5.849056603773584717e-01,1.944197863340377808e-01,0.000000000000000000e+00
1.714000000000000000e+04,4.385622441768646240e-01,5.849056603773584717e-01,1.972233802080154419e-01,0.000000000000000000e+00
1.715000000000000000e+04,4.146032333374023438e-01,5.471698113207547065e-01,1.941165030002593994e-01,0.000000000000000000e+00
1.716000000000000000e+04,4.332063198089599609e-01,6.037735849056603543e-01,2.085052728652954102e-01,0.000000000000000000e+00
1.717000000000000000e+04,4.186090528964996338e-01,6.037735849056603543e-01,2.026002556085586548e-01,0.000000000000000000e+00
1.718000000000000000e+04,4.278601109981536865e-01,6.226415094339622369e-01,2.178863286972045898e-01,0.000000000000000000e+00
1.719000000000000000e+04,4.127958416938781738e-01,5.943396226415094130e-01,1.896687597036361694e-01,0.000000000000000000e+00
1.720000000000000000e+04,4.322258532047271729e-01,5.943396226415094130e-01,1.950421035289764404e-01,0.000000000000000000e+00
1.721000000000000000e+04,4.333195090293884277e-01,5.849056603773584717e-01,1.864004433155059814e-01,0.000000000000000000e+00
1.722000000000000000e+04,4.347623288631439209e-01,5.566037735849056478e-01,1.960114389657974243e-01,0.000000000000000000e+00
1.723000000000000000e+04,4.238353967666625977e-01,5.849056603773584717e-01,1.861856281757354736e-01,0.000000000000000000e+00
1.724000000000000000e+04,4.334035515785217285e-01,5.754716981132075304e-01,1.927668303251266479e-01,0.000000000000000000e+00
1.725000000000000000e+04,4.181298911571502686e-01,5.754716981132075304e-01,1.735326796770095825e-01,0.000000000000000000e+00
1.726000000000000000e+04,4.138116538524627686e-01,5.849056603773584717e-01,1.433618962764739990e-01,0.000000000000000000e+00
1.727000000000000000e+04,4.195406436920166016e-01,5.471698113207547065e-01,1.749465763568878174e-01,0.000000000000000000e+00
1.728000000000000000e+04,4.286690950393676758e-01,5.943396226415094130e-01,1.816101074218750000e-01,0.000000000000000000e+00
1.729000000000000000e+04,4.202735126018524170e-01,5.660377358490565891e-01,1.927328109741210938e-01,0.000000000000000000e+00
1.730000000000000000e+04,4.219419360160827637e-01,5.849056603773584717e-01,1.955108791589736938e-01,0.000000000000000000e+00
1.731000000000000000e+04,4.221137464046478271e-01,5.754716981132075304e-01,1.915795207023620605e-01,0.000000000000000000e+00
1.732000000000000000e+04,4.224700629711151123e-01,5.660377358490565891e-01,1.893764436244964600e-01,0.000000000000000000e+00
1.733000000000000000e+04,4.243687093257904053e-01,5.849056603773584717e-01,1.890304833650588989e-01,0.000000000000000000e+00
1.734000000000000000e+04,4.288122653961181641e-01,6.037735849056603543e-01,1.762148588895797729e-01,0.000000000000000000e+00
1.735000000000000000e+04,4.415977299213409424e-01,5.754716981132075304e-01,2.182684391736984253e-01,0.000000000000000000e+00
1.736000000000000000e+04,4.223708808422088623e-01,6.037735849056603543e-01,1.879468262195587158e-01,0.000000000000000000e+00
1.737000000000000000e+04,4.285979568958282471e-01,5.943396226415094130e-01,1.911219954490661621e-01,0.000000000000000000e+00
1.738000000000000000e+04,4.139468967914581299e-01,6.320754716981131782e-01,1.562233269214630127e-01,0.000000000000000000e+00
1.739000000000000000e+04,4.308107793331146240e-01,6.037735849056603543e-01,1.798839718103408813e-01,0.000000000000000000e+00
1.740000000000000000e+04,4.316808879375457764e-01,5.849056603773584717e-01,1.763564646244049072e-01,0.000000000000000000e+00
1.741000000000000000e+04,4.316749274730682373e-01,5.943396226415094130e-01,1.741967946290969849e-01,0.000000000000000000e+00
1.742000000000000000e+04,4.281688928604125977e-01,6.132075471698112956e-01,1.641152203083038330e-01,0.000000000000000000e+00
1.743000000000000000e+04,4.242160022258758545e-01,6.132075471698112956e-01,1.890743970870971680e-01,0.000000000000000000e+00
1.744000000000000000e+04,4.328070580959320068e-01,5.943396226415094130e-01,1.998157352209091187e-01,0.000000000000000000e+00
1.745000000000000000e+04,4.408351182937622070e-01,6.037735849056603543e-01,2.213442772626876831e-01,0.000000000000000000e+00
1.746000000000000000e+04,4.412406384944915771e-01,5.754716981132075304e-01,2.252788245677947998e-01,0.000000000000000000e+00
1.747000000000000000e+04,4.467680454254150391e-01,5.566037735849056478e-01,1.992217451333999634e-01,0.000000000000000000e+00
1.748000000000000000e+04,4.248411357402801514e-01,5.943396226415094130e-01,2.094185650348663330e-01,0.000000000000000000e+00
1.749000000000000000e+04,4.363243579864501953e-01,5.566037735849056478e-01,2.115235328674316406e-01,0.000000000000000000e+00
1.750000000000000000e+04,4.365230798721313477e-01,6.132075471698112956e-01,2.151194065809249878e-01,0.000000000000000000e+00
1.751000000000000000e+04,4.231437742710113525e-01,5.943396226415094130e-01,2.081897556781768799e-01,0.000000000000000000e+00
1.752000000000000000e+04,4.072936177253723145e-01,5.849056603773584717e-01,1.980650573968887329e-01,0.000000000000000000e+00
1.753000000000000000e+04,4.112941324710845947e-01,5.943396226415094130e-01,2.021827548742294312e-01,0.000000000000000000e+00
1.754000000000000000e+04,4.102726280689239502e-01,5.943396226415094130e-01,2.034621089696884155e-01,0.000000000000000000e+00
1.755000000000000000e+04,4.079192280769348145e-01,6.037735849056603543e-01,2.374698966741561890e-01,0.000000000000000000e+00
1.756000000000000000e+04,4.101520478725433350e-01,5.943396226415094130e-01,2.285047620534896851e-01,0.000000000000000000e+00
1.757000000000000000e+04,3.877488076686859131e-01,6.132075471698112956e-01,2.022456526756286621e-01,0.000000000000000000e+00
1.758000000000000000e+04,4.124077260494232178e-01,6.226415094339622369e-01,2.079530507326126099e-01,0.000000000000000000e+00
1.759000000000000000e+04,4.298453927040100098e-01,6.226415094339622369e-01,2.247028946876525879e-01,0.000000000000000000e+00
1.760000000000000000e+04,4.236001074314117432e-01,6.037735849056603543e-01,2.014983445405960083e-01,0.000000000000000000e+00
1.761000000000000000e+04,4.189361035823822021e-01,5.660377358490565891e-01,2.164886891841888428e-01,0.000000000000000000e+00
1.762000000000000000e+04,4.091679155826568604e-01,6.037735849056603543e-01,2.121600955724716187e-01,0.000000000000000000e+00
1.763000000000000000e+04,4.302831888198852539e-01,5.849056603773584717e-01,2.146195769309997559e-01,0.000000000000000000e+00
1.764000000000000000e+04,4.210958480834960938e-01,5.849056603773584717e-01,2.131016105413436890e-01,0.000000000000000000e+00
1.765000000000000000e+04,4.078497588634490967e-01,6.037735849056603543e-01,2.100781798362731934e-01,0.000000000000000000e+00
1.766000000000000000e+04,4.098078608512878418e-01,6.320754716981131782e-01,2.124392092227935791e-01,0.000000000000000000e+00
1.767000000000000000e+04,3.981578350067138672e-01,5.849056603773584717e-01,1.998072117567062378e-01,0.000000000000000000e+00
1.768000000000000000e+04,4.185763001441955566e-01,5.943396226415094130e-01,1.931481063365936279e-01,0.000000000000000000e+00
1.769000000000000000e+04,4.186338782310485840e-01,5.943396226415094130e-01,1.896284222602844238e-01,0.000000000000000000e+00
1.770000000000000000e+04,4.162645637989044189e-01,5.943396226415094130e-01,1.823332458734512329e-01,0.000000000000000000e+00
1.771000000000000000e+04,4.324349164962768555e-01,5.660377358490565891e-01,1.894111335277557373e-01,0.000000000000000000e+00
1.772000000000000000e+04,4.576038420200347900e-01,6.132075471698112956e-01,1.867491453886032104e-01,0.000000000000000000e+00
1.773000000000000000e+04,4.232071936130523682e-01,5.849056603773584717e-01,1.738223880529403687e-01,0.000000000000000000e+00
1.774000000000000000e+04,4.150982201099395752e-01,5.849056603773584717e-01,1.929871737957000732e-01,0.000000000000000000e+00
1.775000000000000000e+04,4.101098477840423584e-01,6.037735849056603543e-01,1.793657243251800537e-01,0.000000000000000000e+00
1.776000000000000000e+04,4.120086729526519775e-01,6.132075471698112956e-01,1.623079031705856323e-01,0.000000000000000000e+00
1.777000000000000000e+04,4.396930038928985596e-01,5.943396226415094130e-01,1.874221712350845337e-01,0.000000000000000000e+00
1.778000000000000000e+04,4.704712033271789551e-01,6.132075471698112956e-01,1.965731680393218994e-01,0.000000000000000000e+00
1.779000000000000000e+04,4.586306214332580566e-01,6.037735849056603543e-01,1.893867403268814087e-01,0.000000000000000000e+00
1.780000000000000000e+04,4.397538602352142334e-01,5.943396226415094130e-01,1.755139678716659546e-01,0.000000000000000000e+00
1.781000000000000000e+04,4.350178539752960205e-01,6.037735849056603543e-01,1.754904240369796753e-01,0.000000000000000000e+00
1.782000000000000000e+04,4.324054718017578125e-01,6.037735849056603543e-01,1.852037012577056885e-01,0.000000000000000000e+00
1.783000000000000000e+04,4.412095546722412109e-01,6.132075471698112956e-01,1.569705009460449219e-01,0.000000000000000000e+00
1.784000000000000000e+04,4.315119683742523193e-01,6.226415094339622369e-01,1.613471955060958862e-01,0.000000000000000000e+00
1.785000000000000000e+04,4.364272952079772949e-01,6.132075471698112956e-01,1.723056584596633911e-01,0.000000000000000000e+00
1.786000000000000000e+04,4.102793335914611816e-01,6.320754716981131782e-01,1.677285879850387573e-01,0.000000000000000000e+00
1.787000000000000000e+04,4.220003485679626465e-01,6.226415094339622369e-01,1.810029298067092896e-01,0.000000000000000000e+00
1.788000000000000000e+04,4.242268502712249756e-01,6.037735849056603543e-01,1.892005205154418945e-01,0.000000000000000000e+00
1.789000000000000000e+04,3.811329901218414307e-01,6.415094339622641195e-01,1.552157402038574219e-01,0.000000000000000000e+00
1.790000000000000000e+04,3.842800855636596680e-01,6.415094339622641195e-01,1.736719757318496704e-01,0.000000000000000000e+00
1.791000000000000000e+04,3.957406282424926758e-01,5.943396226415094130e-01,1.749934703111648560e-01,0.000000000000000000e+00
1.792000000000000000e+04,4.065071940422058105e-01,6.132075471698112956e-01,1.890614628791809082e-01,0.000000000000000000e+00
1.793000000000000000e+04,3.967462182044982910e-01,6.037735849056603543e-01,1.837355494499206543e-01,0.000000000000000000e+00
1.794000000000000000e+04,4.019187390804290771e-01,5.849056603773584717e-01,1.905945837497711182e-01,0.000000000000000000e+00
1.795000000000000000e+04,3.937101066112518311e-01,6.037735849056603543e-01,1.778143793344497681e-01,0.000000000000000000e+00
1.796000000000000000e+04,4.110207557678222656e-01,6.226415094339622369e-01,1.971494108438491821e-01,0.000000000000000000e+00
1.797000000000000000e+04,4.096296727657318115e-01,6.320754716981131782e-01,1.823842972517013550e-01,0.000000000000000000e+00
1.798000000000000000e+04,4.269151985645294189e-01,6.037735849056603543e-01,2.037885338068008423e-01,0.000000000000000000e+00
1.799000000000000000e+04,4.057759642601013184e-01,6.132075471698112956e-01,1.775450110435485840e-01,0.000000000000000000e+00
1.800000000000000000e+04,4.136327803134918213e-01,5.849056603773584717e-01,1.892433911561965942e-01,0.000000000000000000e+00
1.801000000000000000e+04,4.172690510749816895e-01,6.320754716981131782e-01,2.022240459918975830e-01,0.000000000000000000e+00
1.802000000000000000e+04,4.116868376731872559e-01,6.320754716981131782e-01,1.913947910070419312e-01,0.000000000000000000e+00
1.803000000000000000e+04,4.350293576717376709e-01,6.132075471698112956e-01,1.812372952699661255e-01,0.000000000000000000e+00
1.804000000000000000e+04,4.144624471664428711e-01,6.037735849056603543e-01,1.689904183149337769e-01,0.000000000000000000e+00
1.805000000000000000e+04,4.193379580974578857e-01,5.943396226415094130e-01,1.807616353034973145e-01,0.000000000000000000e+00
1.806000000000000000e+04,4.273142516613006592e-01,6.037735849056603543e-01,1.745906621217727661e-01,0.000000000000000000e+00
1.807000000000000000e+04,4.197493791580200195e-01,5.943396226415094130e-01,1.778700351715087891e-01,0.000000000000000000e+00
1.808000000000000000e+04,4.261064231395721436e-01,6.037735849056603543e-01,1.835790425539016724e-01,0.000000000000000000e+00
1.809000000000000000e+04,4.181411266326904297e-01,5.943396226415094130e-01,1.851255297660827637e-01,0.000000000000000000e+00
1.810000000000000000e+04,4.191684722900390625e-01,6.132075471698112956e-01,1.740597188472747803e-01,0.000000000000000000e+00
1.811000000000000000e+04,4.226678013801574707e-01,5.943396226415094130e-01,1.905625164508819580e-01,0.000000000000000000e+00
1.812000000000000000e+04,3.878609836101531982e-01,6.226415094339622369e-01,1.619538217782974243e-01,0.000000000000000000e+00
1.813000000000000000e+04,3.996469080448150635e-01,5.849056603773584717e-01,1.642048358917236328e-01,0.000000000000000000e+00
1.814000000000000000e+04,4.223183989524841309e-01,5.943396226415094130e-01,1.780526936054229736e-01,0.000000000000000000e+00
1.815000000000000000e+04,4.103710055351257324e-01,5.943396226415094130e-01,1.779573708772659302e-01,0.000000000000000000e+00
1.816000000000000000e+04,4.040750563144683838e-01,5.566037735849056478e-01,1.813309341669082642e-01,0.000000000000000000e+00
1.817000000000000000e+04,4.247171282768249512e-01,5.660377358490565891e-01,1.926213204860687256e-01,0.000000000000000000e+00
1.818000000000000000e+04,4.101560115814208984e-01,5.849056603773584717e-01,1.845647692680358887e-01,0.000000000000000000e+00
1.819000000000000000e+04,3.990979194641113281e-01,6.037735849056603543e-01,1.890934109687805176e-01,0.000000000000000000e+00
1.820000000000000000e+04,4.063676297664642334e-01,5.849056603773584717e-01,1.597247272729873657e-01,0.000000000000000000e+00
1.821000000000000000e+04,4.156180322170257568e-01,6.132075471698112956e-01,1.734012514352798462e-01,0.000000000000000000e+00
1.822000000000000000e+04,4.244863092899322510e-01,6.037735849056603543e-01,1.801222264766693115e-01,0.000000000000000000e+00
1.823000000000000000e+04,4.350148141384124756e-01,6.132075471698112956e-01,1.739604324102401733e-01,0.000000000000000000e+00
1.824000000000000000e+04,4.346714615821838379e-01,6.037735849056603543e-01,1.850651800632476807e-01,0.000000000000000000e+00
1.825000000000000000e+04,4.170142412185668945e-01,5.660377358490565891e-01,1.898528784513473511e-01,0.000000000000000000e+00
1.826000000000000000e+04,4.156860709190368652e-01,6.037735849056603543e-01,1.913853138685226440e-01,0.000000000000000000e+00
1.827000000000000000e+04,4.030004739761352539e-01,5.849056603773584717e-01,1.777743548154830933e-01,0.000000000000000000e+00
1.828000000000000000e+04,4.052186012268066406e-01,5.754716981132075304e-01,1.774165630340576172e-01,0.000000000000000000e+00
1.829000000000000000e+04,3.871708810329437256e-01,5.849056603773584717e-01,1.679780930280685425e-01,0.000000000000000000e+00
1.830000000000000000e+04,3.798868358135223389e-01,6.037735849056603543e-01,1.639423370361328125e-01,0.000000000000000000e+00
1.831000000000000000e+04,4.000183343887329102e-01,5.754716981132075304e-01,1.921515315771102905e-01,0.000000000000000000e+00
1.832000000000000000e+04,3.946296870708465576e-01,5.660377358490565891e-01,1.702036410570144653e-01,0.000000000000000000e+00
1.833000000000000000e+04,3.830005824565887451e-01,6.037735849056603543e-01,1.747724413871765137e-01,0.000000000000000000e+00
1.834000000000000000e+04,3.773065507411956787e-01,5.943396226415094130e-01,1.506836265325546265e-01,0.000000000000000000e+00
1.835000000000000000e+04,3.799388408660888672e-01,5.754716981132075304e-01,1.847802996635437012e-01,0.000000000000000000e+00
1.836000000000000000e+04,3.955172598361968994e-01,6.132075471698112956e-01,1.687828004360198975e-01,0.000000000000000000e+00
1.837000000000000000e+04,3.835373818874359131e-01,5.849056603773584717e-01,1.866212040185928345e-01,0.000000000000000000e+00
1.838000000000000000e+04,3.822435736656188965e-01,5.566037735849056478e-01,1.785848885774612427e-01,0.000000000000000000e+00
1.839000000000000000e+04,3.750888109207153320e-01,6.132075471698112956e-01,1.751910299062728882e-01,0.000000000000000000e+00
1.840000000000000000e+04,3.780623078346252441e-01,5.849056603773584717e-01,1.744142025709152222e-01,0.000000000000000000e+00
1.841000000000000000e+04,3.932426571846008301e-01,6.037735849056603543e-01,1.821596026420593262e-01,0.000000000000000000e+00
1.842000000000000000e+04,3.890154957771301270e-01,6.132075471698112956e-01,1.804251819849014282e-01,0.000000000000000000e+00
1.843000000000000000e+04,3.956380784511566162e-01,6.320754716981131782e-01,1.985696405172348022e-01,0.000000000000000000e+00
1.844000000000000000e+04,3.931636810302734375e-01,6.132075471698112956e-01,1.812666505575180054e-01,0.000000000000000000e+00
1.845000000000000000e+04,3.576965034008026123e-01,6.037735849056603543e-01,1.665676087141036987e-01,0.000000000000000000e+00
1.846000000000000000e+04,3.635058999061584473e-01,6.037735849056603543e-01,1.510980874300003052e-01,0.000000000000000000e+00
1.847000000000000000e+04,3.697622716426849365e-01,5.566037735849056478e-01,1.578965783119201660e-01,0.000000000000000000e+00
1.848000000000000000e+04,3.835066258907318115e-01,6.132075471698112956e-01,1.861827522516250610e-01,0.000000000000000000e+00
1.849000000000000000e+04,3.702830374240875244e-01,6.037735849056603543e-01,1.620799303054809570e-01,0.000000000000000000e+00
1.850000000000000000e+04,3.768330812454223633e-01,5.943396226415094130e-01,1.791389286518096924e-01,0.000000000000000000e+00
1.851000000000000000e+04,3.735073208808898926e-01,5.754716981132075304e-01,1.887768805027008057e-01,0.000000000000000000e+00
1.852000000000000000e+04,3.745524585247039795e-01,6.132075471698112956e-01,1.761102974414825439e-01,0.000000000000000000e+00
1.853000000000000000e+04,3.527107536792755127e-01,6.132075471698112956e-01,1.583098024129867554e-01,0.000000000000000000e+00
1.854000000000000000e+04,3.646152913570404053e-01,6.132075471698112956e-01,1.656521260738372803e-01,0.000000000000000000e+00
1.855000000000000000e+04,3.477780818939208984e-01,6.226415094339622369e-01,1.518432646989822388e-01,0.000000000000000000e+00
1.856000000000000000e+04,3.495225310325622559e-01,6.037735849056603543e-01,1.422567665576934814e-01,0.000000000000000000e+00
1.857000000000000000e+04,3.366511762142181396e-01,5.849056603773584717e-01,1.452254205942153931e-01,0.000000000000000000e+00
1.858000000000000000e+04,3.515953719615936279e-01,5.943396226415094130e-01,1.670425683259963989e-01,0.000000000000000000e+00
1.859000000000000000e+04,3.585035800933837891e-01,6.320754716981131782e-01,1.525155603885650635e-01,0.000000000000000000e+00
1.860000000000000000e+04,3.596661984920501709e-01,6.037735849056603543e-01,1.609764844179153442e-01,0.000000000000000000e+00
1.861000000000000000e+04,3.667967319488525391e-01,6.037735849056603543e-01,1.440123021602630615e-01,0.000000000000000000e+00
1.862000000000000000e+04,3.577247560024261475e-01,5.849056603773584717e-01,1.421779841184616089e-01,0.000000000000000000e+00
1.863000000000000000e+04,3.842570483684539795e-01,6.320754716981131782e-01,1.652196794748306274e-01,0.000000000000000000e+00
1.864000000000000000e+04,4.010817706584930420e-01,5.943396226415094130e-01,1.845822185277938843e-01,0.000000000000000000e+00
1.865000000000000000e+04,3.828553259372711182e-01,5.943396226415094130e-01,1.576989740133285522e-01,0.000000000000000000e+00
1.866000000000000000e+04,3.922466039657592773e-01,5.754716981132075304e-01,1.721945703029632568e-01,0.000000000000000000e+00
1.867000000000000000e+04,4.111947715282440186e-01,5.754716981132075304e-01,1.784971356391906738e-01,0.000000000000000000e+00
1.868000000000000000e+04,4.155436158180236816e-01,5.943396226415094130e-01,1.913421154022216797e-01,0.000000000000000000e+00
1.869000000000000000e+04,3.993585705757141113e-01,5.660377358490565891e-01,1.736463457345962524e-01,0.000000000000000000e+00
1.870000000000000000e+04,4.173637926578521729e-01,5.754716981132075304e-01,2.232035845518112183e-01,0.000000000000000000e+00
1.871000000000000000e+04,4.154066741466522217e-01,5.943396226415094130e-01,2.060299515724182129e-01,0.000000000000000000e+00
1.872000000000000000e+04,3.974636495113372803e-01,6.132075471698112956e-01,1.891408711671829224e-01,0.000000000000000000e+00
1.873000000000000000e+04,4.145729839801788330e-01,6.132075471698112956e-01,1.806252002716064453e-01,0.000000000000000000e+00
1.874000000000000000e+04,3.952159881591796875e-01,6.132075471698112956e-01,1.639852225780487061e-01,0.000000000000000000e+00
1.875000000000000000e+04,4.017583429813385010e-01,5.849056603773584717e-01,1.794424206018447876e-01,0.000000000000000000e+00
1.876000000000000000e+04,4.079475998878479004e-01,6.226415094339622369e-01,1.801902800798416138e-01,0.000000000000000000e+00
1.877000000000000000e+04,4.200850129127502441e-01,5.943396226415094130e-01,1.798729598522186279e-01,0.000000000000000000e+00
1.878000000000000000e+04,4.220698475837707520e-01,5.754716981132075304e-01,1.540244072675704956e-01,0.000000000000000000e+00
1.879000000000000000e+04,4.134033024311065674e-01,6.226415094339622369e-01,1.912090629339218140e-01,0.000000000000000000e+00
1.880000000000000000e+04,4.106227159500122070e-01,5.943396226415094130e-01,1.779115796089172363e-01,0.000000000000000000e+00
1.881000000000000000e+04,3.968520760536193848e-01,6.226415094339622369e-01,1.436306387186050415e-01,0.000000000000000000e+00
1.882000000000000000e+04,4.081768691539764404e-01,6.037735849056603543e-01,1.794060617685317993e-01,0.000000000000000000e+00
1.883000000000000000e+04,4.254161417484283447e-01,6.037735849056603543e-01,1.692043542861938477e-01,0.000000000000000000e+00
1.884000000000000000e+04,4.191397130489349365e-01,5.754716981132075304e-01,1.841067969799041748e-01,0.000000000000000000e+00
1.885000000000000000e+04,4.207201898097991943e-01,6.132075471698112956e-01,1.726034730672836304e-01,0.000000000000000000e+00
1.886000000000000000e+04,3.959262371063232422e-01,6.037735849056603543e-01,2.002516835927963257e-01,0.000000000000000000e+00
1.887000000000000000e+04,3.782919645309448242e-01,6.132075471698112956e-01,1.463498920202255249e-01,0.000000000000000000e+00
1.888000000000000000e+04,3.918572068214416504e-01,5.849056603773584717e-01,1.562208384275436401e-01,0.000000000000000000e+00
1.889000000000000000e+04,3.935332298278808594e-01,6.132075471698112956e-01,1.474121809005737305e-01,0.000000000000000000e+00
1.890000000000000000e+04,3.852389156818389893e-01,6.132075471698112956e-01,1.208566427230834961e-01,0.000000000000000000e+00
1.891000000000000000e+04,3.993172943592071533e-01,6.226415094339622369e-01,1.556538790464401245e-01,0.000000000000000000e+00
1.892000000000000000e+04,3.836804926395416260e-01,5.943396226415094130e-01,1.300908327102661133e-01,0.000000000000000000e+00
1.893000000000000000e+04,4.055389761924743652e-01,5.943396226415094130e-01,1.603000015020370483e-01,0.000000000000000000e+00
1.894000000000000000e+04,4.123228490352630615e-01,5.754716981132075304e-01,1.748639494180679321e-01,0.000000000000000000e+00
1.895000000000000000e+04,4.295507669448852539e-01,5.754716981132075304e-01,1.909525841474533081e-01,0.000000000000000000e+00
1.896000000000000000e+04,4.150812923908233643e-01,6.132075471698112956e-01,1.666630506515502930e-01,0.000000000000000000e+00
1.897000000000000000e+04,4.196815788745880127e-01,5.943396226415094130e-01,1.710441112518310547e-01,0.000000000000000000e+00
1.898000000000000000e+04,4.301680326461791992e-01,5.566037735849056478e-01,1.922837346792221069e-01,0.000000000000000000e+00
1.899000000000000000e+04,4.201968908309936523e-01,6.132075471698112956e-01,2.011544704437255859e-01,0.000000000000000000e+00
1.900000000000000000e+04,4.048389196395874023e-01,6.132075471698112956e-01,1.818579733371734619e-01,0.000000000000000000e+00
1.901000000000000000e+04,3.857981860637664795e-01,5.849056603773584717e-01,1.684231311082839966e-01,0.000000000000000000e+00
1.902000000000000000e+04,3.920389413833618164e-01,5.849056603773584717e-01,1.724438667297363281e-01,0.000000000000000000e+00
1.903000000000000000e+04,3.958196043968200684e-01,5.849056603773584717e-01,1.834606379270553589e-01,0.000000000000000000e+00
1.904000000000000000e+04,4.040658771991729736e-01,5.849056603773584717e-01,1.915219575166702271e-01,0.000000000000000000e+00
1.905000000000000000e+04,3.983397185802459717e-01,5.943396226415094130e-01,1.709302067756652832e-01,0.000000000000000000e+00
1.906000000000000000e+04,4.090324938297271729e-01,5.943396226415094130e-01,1.869118958711624146e-01,0.000000000000000000e+00
1.907000000000000000e+04,3.897766470909118652e-01,6.132075471698112956e-01,1.832222491502761841e-01,0.000000000000000000e+00
1.908000000000000000e+04,3.987432718276977539e-01,5.754716981132075304e-01,1.725271046161651611e-01,0.000000000000000000e+00
1.909000000000000000e+04,3.946962058544158936e-01,6.226415094339622369e-01,1.805775761604309082e-01,0.000000000000000000e+00
1.910000000000000000e+04,3.826922476291656494e-01,6.320754716981131782e-01,1.685962527990341187e-01,0.000000000000000000e+00
1.911000000000000000e+04,3.861391544342041016e-01,6.320754716981131782e-01,1.737643331289291382e-01,0.000000000000000000e+00
1.912000000000000000e+04,3.983861207962036133e-01,5.943396226415094130e-01,1.782599389553070068e-01,0.000000000000000000e+00
1.913000000000000000e+04,4.175658226013183594e-01,6.226415094339622369e-01,1.770178675651550293e-01,0.000000000000000000e+00
1.914000000000000000e+04,4.076487421989440918e-01,6.037735849056603543e-01,1.821455508470535278e-01,0.000000000000000000e+00
1.915000000000000000e+04,4.253086149692535400e-01,5.943396226415094130e-01,1.999145448207855225e-01,0.000000000000000000e+00
1.916000000000000000e+04,4.177103042602539062e-01,6.132075471698112956e-01,1.797436922788619995e-01,0.000000000000000000e+00
1.917000000000000000e+04,3.933121860027313232e-01,6.132075471698112956e-01,1.599356830120086670e-01,0.000000000000000000e+00
1.918000000000000000e+04,4.129870831966400146e-01,6.226415094339622369e-01,1.723628640174865723e-01,0.000000000000000000e+00
1.919000000000000000e+04,4.166603684425354004e-01,6.132075471698112956e-01,1.847707927227020264e-01,0.000000000000000000e+00
1.920000000000000000e+04,4.031095802783966064e-01,5.943396226415094130e-01,1.643257588148117065e-01,0.000000000000000000e+00
1.921000000000000000e+04,3.986073434352874756e-01,6.509433962264150608e-01,1.684023141860961914e-01,0.000000000000000000e+00
1.922000000000000000e+04,4.010970890522003174e-01,6.320754716981131782e-01,1.489705890417098999e-01,0.000000000000000000e+00
1.923000000000000000e+04,4.010543227195739746e-01,5.943396226415094130e-01,1.502496600151062012e-01,0.000000000000000000e+00
1.924000000000000000e+04,4.235506653785705566e-01,6.037735849056603543e-01,1.778230369091033936e-01,0.000000000000000000e+00
1.925000000000000000e+04,4.063499867916107178e-01,5.849056603773584717e-01,1.820421665906906128e-01,0.000000000000000000e+00
1.926000000000000000e+04,4.037467837333679199e-01,6.037735849056603543e-01,1.776122152805328369e-01,0.000000000000000000e+00
1.927000000000000000e+04,4.013391733169555664e-01,5.943396226415094130e-01,1.833622306585311890e-01,0.000000000000000000e+00
1.928000000000000000e+04,4.164804220199584961e-01,5.943396226415094130e-01,1.976991146802902222e-01,0.000000000000000000e+00
1.929000000000000000e+04,4.185803830623626709e-01,5.943396226415094130e-01,1.924663335084915161e-01,0.000000000000000000e+00
1.930000000000000000e+04,4.156553149223327637e-01,5.943396226415094130e-01,1.845673173666000366e-01,0.000000000000000000e+00
1.931000000000000000e+04,4.011715352535247803e-01,6.320754716981131782e-01,2.017184048891067505e-01,0.000000000000000000e+00
1.932000000000000000e+04,4.070599973201751709e-01,5.943396226415094130e-01,1.784454882144927979e-01,0.000000000000000000e+00
1.933000000000000000e+04,3.920103609561920166e-01,6.415094339622641195e-01,1.710745990276336670e-01,0.000000000000000000e+00
1.934000000000000000e+04,4.072859287261962891e-01,6.226415094339622369e-01,1.749609708786010742e-01,0.000000000000000000e+00
1.935000000000000000e+04,4.110638201236724854e-01,5.943396226415094130e-01,1.923274248838424683e-01,0.000000000000000000e+00
1.936000000000000000e+04,4.036905765533447266e-01,6.037735849056603543e-01,1.546256244182586670e-01,0.000000000000000000e+00
1.937000000000000000e+04,4.037487208843231201e-01,6.132075471698112956e-01,1.783197522163391113e-01,0.000000000000000000e+00
1.938000000000000000e+04,3.928400576114654541e-01,6.320754716981131782e-01,1.714648306369781494e-01,0.000000000000000000e+00
1.939000000000000000e+04,4.127239882946014404e-01,5.849056603773584717e-01,1.882957071065902710e-01,0.000000000000000000e+00
1.940000000000000000e+04,3.761104047298431396e-01,6.320754716981131782e-01,1.411917507648468018e-01,0.000000000000000000e+00
1.941000000000000000e+04,3.587346374988555908e-01,6.698113207547169434e-01,1.193013414740562439e-01,0.000000000000000000e+00
1.942000000000000000e+04,3.818304836750030518e-01,6.509433962264150608e-01,1.507686972618103027e-01,0.000000000000000000e+00
1.943000000000000000e+04,3.902652561664581299e-01,5.849056603773584717e-01,1.470302194356918335e-01,0.000000000000000000e+00
1.944000000000000000e+04,3.820348083972930908e-01,6.132075471698112956e-01,1.315812319517135620e-01,0.000000000000000000e+00
1.945000000000000000e+04,4.058497846126556396e-01,6.132075471698112956e-01,1.617558598518371582e-01,0.000000000000000000e+00
1.946000000000000000e+04,4.087093770503997803e-01,6.037735849056603543e-01,1.704482287168502808e-01,0.000000000000000000e+00
1.947000000000000000e+04,4.116090238094329834e-01,6.037735849056603543e-01,1.695685982704162598e-01,0.000000000000000000e+00
1.948000000000000000e+04,4.007236659526824951e-01,6.037735849056603543e-01,1.823637485504150391e-01,0.000000000000000000e+00
1.949000000000000000e+04,4.100676178932189941e-01,6.132075471698112956e-01,1.661717891693115234e-01,0.000000000000000000e+00
1.950000000000000000e+04,3.964695036411285400e-01,6.226415094339622369e-01,1.852253675460815430e-01,0.000000000000000000e+00
1.951000000000000000e+04,3.950198888778686523e-01,6.132075471698112956e-01,1.721746474504470825e-01,0.000000000000000000e+00
1.952000000000000000e+04,3.856398165225982666e-01,5.754716981132075304e-01,1.708682328462600708e-01,0.000000000000000000e+00
1.953000000000000000e+04,3.829604983329772949e-01,6.132075471698112956e-01,1.873902827501296997e-01,0.000000000000000000e+00
1.954000000000000000e+04,3.898258805274963379e-01,5.849056603773584717e-01,1.787578165531158447e-01,0.000000000000000000e+00
1.955000000000000000e+04,3.758880198001861572e-01,6.037735849056603543e-01,1.758499890565872192e-01,0.000000000000000000e+00
1.956000000000000000e+04,3.674642145633697510e-01,6.037735849056603543e-01,1.513184905052185059e-01,0.000000000000000000e+00
1.957000000000000000e+04,3.723873198032379150e-01,6.320754716981131782e-01,1.599425077438354492e-01,0.000000000000000000e+00
1.958000000000000000e+04,3.876526653766632080e-01,6.132075471698112956e-01,1.838784068822860718e-01,0.000000000000000000e+00
1.959000000000000000e+04,3.781040906906127930e-01,6.037735849056603543e-01,1.691939532756805420e-01,0.000000000000000000e+00
1.960000000000000000e+04,3.806795179843902588e-01,5.849056603773584717e-01,1.820065230131149292e-01,0.000000000000000000e+00
1.961000000000000000e+04,3.505574166774749756e-01,6.226415094339622369e-01,1.515603065490722656e-01,0.000000000000000000e+00
1.962000000000000000e+04,3.426506221294403076e-01,6.226415094339622369e-01,1.472461968660354614e-01,0.000000000000000000e+00
1.963000000000000000e+04,3.556974530220031738e-01,5.943396226415094130e-01,1.594166457653045654e-01,0.000000000000000000e+00
1.964000000000000000e+04,3.712266385555267334e-01,6.320754716981131782e-01,1.635796278715133667e-01,0.000000000000000000e+00
1.965000000000000000e+04,3.856983482837677002e-01,6.320754716981131782e-01,1.804874539375305176e-01,0.000000000000000000e+00
1.966000000000000000e+04,3.759818673133850098e-01,6.132075471698112956e-01,1.695244908332824707e-01,0.000000000000000000e+00
1.967000000000000000e+04,3.748210370540618896e-01,6.320754716981131782e-01,1.372306495904922485e-01,0.000000000000000000e+00
1.968000000000000000e+04,4.042437672615051270e-01,5.943396226415094130e-01,1.824502646923065186e-01,0.000000000000000000e+00
1.969000000000000000e+04,4.048279225826263428e-01,5.849056603773584717e-01,1.990056931972503662e-01,0.000000000000000000e+00
1.970000000000000000e+04,4.051803946495056152e-01,6.226415094339622369e-01,2.052880972623825073e-01,0.000000000000000000e+00
1.971000000000000000e+04,4.174863994121551514e-01,5.943396226415094130e-01,2.126995176076889038e-01,0.000000000000000000e+00
1.972000000000000000e+04,4.213638603687286377e-01,6.226415094339622369e-01,1.865918040275573730e-01,0.000000000000000000e+00
1.973000000000000000e+04,4.395610988140106201e-01,5.943396226415094130e-01,2.187370955944061279e-01,0.000000000000000000e+00
1.974000000000000000e+04,4.309597313404083252e-01,6.132075471698112956e-01,1.837956011295318604e-01,0.000000000000000000e+00
1.975000000000000000e+04,4.302465021610260010e-01,5.754716981132075304e-01,1.710036098957061768e-01,0.000000000000000000e+00
1.976000000000000000e+04,4.198798835277557373e-01,5.754716981132075304e-01,1.661172509193420410e-01,0.000000000000000000e+00
1.977000000000000000e+04,4.208611249923706055e-01,6.226415094339622369e-01,1.604247689247131348e-01,0.000000000000000000e+00
1.978000000000000000e+04,4.138169586658477783e-01,5.943396226415094130e-01,1.768060922622680664e-01,0.000000000000000000e+00
1.979000000000000000e+04,3.960803449153900146e-01,5.849056603773584717e-01,1.593630164861679077e-01,0.000000000000000000e+00
1.980000000000000000e+04,3.987775444984436035e-01,5.943396226415094130e-01,1.891564726829528809e-01,0.000000000000000000e+00
1.981000000000000000e+04,4.090748429298400879e-01,5.943396226415094130e-01,1.581526696681976318e-01,0.000000000000000000e+00
1.982000000000000000e+04,4.135213196277618408e-01,6.226415094339622369e-01,1.783867925405502319e-01,0.000000000000000000e+00
1.983000000000000000e+04,4.375654160976409912e-01,5.754716981132075304e-01,1.854695677757263184e-01,0.000000000000000000e+00
1.984000000000000000e+04,4.194966554641723633e-01,6.132075471698112956e-01,1.663969308137893677e-01,0.000000000000000000e+00
1.985000000000000000e+04,4.201566278934478760e-01,6.037735849056603543e-01,1.883780509233474731e-01,0.000000000000000000e+00
1.986000000000000000e+04,3.902068138122558594e-01,6.132075471698112956e-01,1.745413988828659058e-01,0.000000000000000000e+00
1.987000000000000000e+04,3.836891055107116699e-01,5.849056603773584717e-01,1.425313055515289307e-01,0.000000000000000000e+00
1.988000000000000000e+04,3.904705941677093506e-01,5.849056603773584717e-01,1.429609805345535278e-01,0.000000000000000000e+00
1.989000000000000000e+04,4.078747928142547607e-01,5.943396226415094130e-01,1.768623590469360352e-01,0.000000000000000000e+00
1.990000000000000000e+04,4.017366468906402588e-01,5.849056603773584717e-01,1.668192893266677856e-01,0.000000000000000000e+00
1.991000000000000000e+04,4.253823459148406982e-01,6.132075471698112956e-01,1.639805883169174194e-01,0.000000000000000000e+00
1.992000000000000000e+04,4.239382743835449219e-01,5.754716981132075304e-01,1.631697863340377808e-01,0.000000000000000000e+00
1.993000000000000000e+04,4.058300852775573730e-01,5.754716981132075304e-01,1.722262203693389893e-01,0.000000000000000000e+00
1.994000000000000000e+04,4.070196151733398438e-01,6.226415094339622369e-01,1.782460808753967285e-01,0.000000000000000000e+00
1.995000000000000000e+04,3.937016129493713379e-01,6.320754716981131782e-01,1.750531196594238281e-01,0.000000000000000000e+00
1.996000000000000000e+04,3.813982605934143066e-01,5.660377358490565891e-01,1.630190163850784302e-01,0.000000000000000000e+00
1.997000000000000000e+04,3.895893394947052002e-01,6.037735849056603543e-01,1.549496352672576904e-01,0.000000000000000000e+00
1.998000000000000000e+04,3.944092988967895508e-01,5.754716981132075304e-01,1.776879429817199707e-01,0.000000000000000000e+00
1.999000000000000000e+04,3.799904882907867432e-01,6.226415094339622369e-01,1.607483327388763428e-01,0.000000000000000000e+00
2.000000000000000000e+04,3.789747059345245361e-01,6.037735849056603543e-01,1.244480535387992859e-01,0.000000000000000000e+00
2.001000000000000000e+04,3.896308541297912598e-01,5.754716981132075304e-01,1.532562077045440674e-01,0.000000000000000000e+00
2.002000000000000000e+04,3.893964886665344238e-01,6.415094339622641195e-01,1.746982336044311523e-01,0.000000000000000000e+00
2.003000000000000000e+04,4.285313189029693604e-01,5.849056603773584717e-01,2.216368466615676880e-01,0.000000000000000000e+00
2.004000000000000000e+04,4.388971626758575439e-01,6.037735849056603543e-01,2.138092815876007080e-01,0.000000000000000000e+00
2.005000000000000000e+04,4.429390132427215576e-01,5.849056603773584717e-01,2.326308339834213257e-01,0.000000000000000000e+00
2.006000000000000000e+04,4.372023046016693115e-01,5.943396226415094130e-01,2.466989159584045410e-01,0.000000000000000000e+00
2.007000000000000000e+04,4.192298948764801025e-01,6.037735849056603543e-01,2.336046397686004639e-01,0.000000000000000000e+00
2.008000000000000000e+04,4.068372845649719238e-01,6.037735849056603543e-01,2.071795910596847534e-01,0.000000000000000000e+00
2.009000000000000000e+04,4.221095144748687744e-01,5.566037735849056478e-01,2.215913087129592896e-01,0.000000000000000000e+00
2.010000000000000000e+04,4.375927746295928955e-01,5.943396226415094130e-01,2.501710653305053711e-01,0.000000000000000000e+00
2.011000000000000000e+04,4.580426216125488281e-01,5.754716981132075304e-01,2.494269311428070068e-01,0.000000000000000000e+00
2.012000000000000000e+04,4.441239535808563232e-01,6.132075471698112956e-01,2.608999311923980713e-01,0.000000000000000000e+00
2.013000000000000000e+04,4.695579707622528076e-01,5.849056603773584717e-01,2.387464344501495361e-01,0.000000000000000000e+00
2.014000000000000000e+04,4.511336982250213623e-01,5.754716981132075304e-01,2.278837263584136963e-01,0.000000000000000000e+00
2.015000000000000000e+04,4.313740432262420654e-01,5.943396226415094130e-01,2.238883227109909058e-01,0.000000000000000000e+00
2.016000000000000000e+04,4.180023074150085449e-01,6.037735849056603543e-01,2.163225263357162476e-01,0.000000000000000000e+00
2.017000000000000000e+04,4.199274182319641113e-01,6.226415094339622369e-01,2.091252952814102173e-01,0.000000000000000000e+00
2.018000000000000000e+04,4.137595295906066895e-01,6.132075471698112956e-01,2.054790705442428589e-01,0.000000000000000000e+00
2.019000000000000000e+04,4.211572706699371338e-01,6.132075471698112956e-01,1.996655911207199097e-01,0.000000000000000000e+00
2.020000000000000000e+04,4.439131915569305420e-01,6.037735849056603543e-01,2.267428040504455566e-01,0.000000000000000000e+00
2.021000000000000000e+04,4.235211610794067383e-01,5.849056603773584717e-01,2.382851392030715942e-01,0.000000000000000000e+00
2.022000000000000000e+04,4.180691838264465332e-01,5.943396226415094130e-01,2.448041737079620361e-01,0.000000000000000000e+00
2.023000000000000000e+04,4.259559512138366699e-01,5.660377358490565891e-01,2.334647029638290405e-01,0.000000000000000000e+00
2.024000000000000000e+04,4.255127608776092529e-01,5.943396226415094130e-01,2.403751164674758911e-01,0.000000000000000000e+00
2.025000000000000000e+04,4.115107655525207520e-01,5.660377358490565891e-01,2.356774061918258667e-01,0.000000000000000000e+00
2.026000000000000000e+04,4.036161303520202637e-01,5.943396226415094130e-01,2.156246155500411987e-01,0.000000000000000000e+00
2.027000000000000000e+04,4.067166745662689209e-01,5.943396226415094130e-01,2.139174938201904297e-01,0.000000000000000000e+00
2.028000000000000000e+04,4.027256667613983154e-01,6.132075471698112956e-01,2.374738603830337524e-01,0.000000000000000000e+00
2.029000000000000000e+04,4.292187094688415527e-01,6.037735849056603543e-01,2.259450852870941162e-01,0.000000000000000000e+00
2.030000000000000000e+04,4.308716952800750732e-01,6.037735849056603543e-01,2.327954918146133423e-01,0.000000000000000000e+00
2.031000000000000000e+04,4.295951724052429199e-01,6.132075471698112956e-01,2.414045333862304688e-01,0.000000000000000000e+00
2.032000000000000000e+04,4.551278054714202881e-01,6.226415094339622369e-01,2.485457956790924072e-01,0.000000000000000000e+00
2.033000000000000000e+04,4.323293864727020264e-01,6.037735849056603543e-01,2.347995191812515259e-01,0.000000000000000000e+00
2.034000000000000000e+04,4.414202570915222168e-01,5.943396226415094130e-01,2.336424291133880615e-01,0.000000000000000000e+00
2.035000000000000000e+04,4.489252865314483643e-01,6.037735849056603543e-01,2.412866652011871338e-01,0.000000000000000000e+00
2.036000000000000000e+04,4.522378444671630859e-01,6.037735849056603543e-01,2.509297430515289307e-01,0.000000000000000000e+00
2.037000000000000000e+04,4.414332211017608643e-01,5.754716981132075304e-01,2.416005432605743408e-01,0.000000000000000000e+00
2.038000000000000000e+04,4.554945826530456543e-01,5.754716981132075304e-01,2.464263737201690674e-01,0.000000000000000000e+00
2.039000000000000000e+04,4.505030512809753418e-01,5.943396226415094130e-01,2.347267568111419678e-01,0.000000000000000000e+00
2.040000000000000000e+04,4.581351280212402344e-01,5.660377358490565891e-01,2.526847422122955322e-01,0.000000000000000000e+00
2.041000000000000000e+04,4.658963978290557861e-01,5.943396226415094130e-01,2.490586787462234497e-01,0.000000000000000000e+00
2.042000000000000000e+04,4.712134897708892822e-01,5.377358490566037652e-01,2.792592644691467285e-01,0.000000000000000000e+00
2.043000000000000000e+04,4.597454965114593506e-01,5.849056603773584717e-01,2.416365593671798706e-01,0.000000000000000000e+00
2.044000000000000000e+04,4.536672234535217285e-01,5.754716981132075304e-01,2.500303685665130615e-01,0.000000000000000000e+00
2.045000000000000000e+04,4.795784652233123779e-01,6.037735849056603543e-01,2.660058736801147461e-01,0.000000000000000000e+00
2.046000000000000000e+04,4.712135791778564453e-01,5.754716981132075304e-01,2.481064051389694214e-01,0.000000000000000000e+00
2.047000000000000000e+04,4.735302627086639404e-01,5.943396226415094130e-01,2.797027230262756348e-01,0.000000000000000000e+00
2.048000000000000000e+04,4.622478485107421875e-01,5.849056603773584717e-01,2.614152431488037109e-01,0.000000000000000000e+00
2.049000000000000000e+04,4.497246444225311279e-01,5.849056603773584717e-01,2.621454000473022461e-01,0.000000000000000000e+00
2.050000000000000000e+04,4.404729902744293213e-01,5.849056603773584717e-01,2.377511858940124512e-01,0.000000000000000000e+00
2.051000000000000000e+04,4.553019702434539795e-01,5.660377358490565891e-01,2.436411082744598389e-01,0.000000000000000000e+00
2.052000000000000000e+04,4.492471516132354736e-01,5.849056603773584717e-01,2.240436822175979614e-01,0.000000000000000000e+00
2.053000000000000000e+04,4.374921023845672607e-01,5.754716981132075304e-01,2.343036830425262451e-01,0.000000000000000000e+00
2.054000000000000000e+04,4.542347192764282227e-01,5.566037735849056478e-01,2.536039352416992188e-01,0.000000000000000000e+00
2.055000000000000000e+04,4.641307592391967773e-01,5.754716981132075304e-01,2.853220105171203613e-01,0.000000000000000000e+00
2.056000000000000000e+04,4.784948229789733887e-01,5.943396226415094130e-01,2.909311354160308838e-01,0.000000000000000000e+00
2.057000000000000000e+04,4.637316763401031494e-01,6.037735849056603543e-01,2.516827583312988281e-01,0.000000000000000000e+00
2.058000000000000000e+04,4.613429307937622070e-01,5.849056603773584717e-01,2.937906086444854736e-01,0.000000000000000000e+00
2.059000000000000000e+04,4.402945935726165771e-01,5.566037735849056478e-01,2.498767077922821045e-01,0.000000000000000000e+00
2.060000000000000000e+04,4.403683543205261230e-01,5.754716981132075304e-01,2.680350244045257568e-01,0.000000000000000000e+00
2.061000000000000000e+04,4.479265213012695312e-01,5.849056603773584717e-01,2.708270549774169922e-01,0.000000000000000000e+00
2.062000000000000000e+04,4.366666078567504883e-01,5.849056603773584717e-01,2.542511522769927979e-01,0.000000000000000000e+00
2.063000000000000000e+04,4.620992839336395264e-01,5.377358490566037652e-01,2.676684260368347168e-01,0.000000000000000000e+00
2.064000000000000000e+04,4.565814435482025146e-01,5.471698113207547065e-01,2.795431613922119141e-01,0.000000000000000000e+00
2.065000000000000000e+04,4.608777761459350586e-01,5.660377358490565891e-01,2.770169973373413086e-01,0.000000000000000000e+00
2.066000000000000000e+04,4.542815387248992920e-01,5.943396226415094130e-01,2.510752081871032715e-01,0.000000000000000000e+00
2.067000000000000000e+04,4.469031393527984619e-01,5.566037735849056478e-01,2.675759494304656982e-01,0.000000000000000000e+00
2.068000000000000000e+04,4.710349142551422119e-01,5.943396226415094130e-01,2.815223336219787598e-01,0.000000000000000000e+00
2.069000000000000000e+04,4.491961598396301270e-01,5.849056603773584717e-01,2.729519903659820557e-01,0.000000000000000000e+00
2.070000000000000000e+04,4.388570785522460938e-01,5.943396226415094130e-01,2.422683835029602051e-01,0.000000000000000000e+00
2.071000000000000000e+04,4.190670847892761230e-01,5.849056603773584717e-01,2.363384068012237549e-01,0.000000000000000000e+00
2.072000000000000000e+04,4.359056055545806885e-01,5.660377358490565891e-01,2.391885817050933838e-01,0.000000000000000000e+00
2.073000000000000000e+04,4.322420954704284668e-01,6.132075471698112956e-01,2.558219730854034424e-01,0.000000000000000000e+00
2.074000000000000000e+04,4.423880875110626221e-01,6.037735849056603543e-01,2.729381322860717773e-01,0.000000000000000000e+00
2.075000000000000000e+04,4.288817644119262695e-01,5.943396226415094130e-01,2.501376867294311523e-01,0.000000000000000000e+00
2.076000000000000000e+04,4.420547485351562500e-01,6.132075471698112956e-01,2.416364997625350952e-01,0.000000000000000000e+00
2.077000000000000000e+04,4.389868378639221191e-01,6.226415094339622369e-01,2.240910828113555908e-01,0.000000000000000000e+00
2.078000000000000000e+04,4.471133351325988770e-01,6.226415094339622369e-01,2.405755519866943359e-01,0.000000000000000000e+00
2.079000000000000000e+04,4.264793694019317627e-01,5.943396226415094130e-01,2.137044519186019897e-01,0.000000000000000000e+00
2.080000000000000000e+04,4.308693706989288330e-01,5.849056603773584717e-01,2.200102806091308594e-01,0.000000000000000000e+00
2.081000000000000000e+04,4.250339269638061523e-01,6.037735849056603543e-01,2.456726133823394775e-01,0.000000000000000000e+00
2.082000000000000000e+04,4.216059148311614990e-01,5.754716981132075304e-01,2.332223951816558838e-01,0.000000000000000000e+00
2.083000000000000000e+04,4.118118286132812500e-01,6.037735849056603543e-01,2.299342006444931030e-01,0.000000000000000000e+00
2.084000000000000000e+04,4.119708538055419922e-01,5.849056603773584717e-01,2.223039269447326660e-01,0.000000000000000000e+00
2.085000000000000000e+04,3.875578343868255615e-01,5.849056603773584717e-01,2.380657494068145752e-01,0.000000000000000000e+00
2.086000000000000000e+04,3.867338299751281738e-01,5.566037735849056478e-01,2.086924463510513306e-01,0.000000000000000000e+00
2.087000000000000000e+04,3.953177928924560547e-01,5.754716981132075304e-01,2.268318235874176025e-01,0.000000000000000000e+00
2.088000000000000000e+04,3.961847424507141113e-01,6.132075471698112956e-01,2.303198575973510742e-01,0.000000000000000000e+00
2.089000000000000000e+04,4.170513451099395752e-01,5.849056603773584717e-01,2.494319379329681396e-01,0.000000000000000000e+00
2.090000000000000000e+04,4.077888727188110352e-01,5.566037735849056478e-01,2.329220771789550781e-01,0.000000000000000000e+00
2.091000000000000000e+04,4.193356633186340332e-01,5.754716981132075304e-01,2.292585074901580811e-01,0.000000000000000000e+00
2.092000000000000000e+04,4.115194082260131836e-01,5.660377358490565891e-01,2.222213000059127808e-01,0.000000000000000000e+00
2.093000000000000000e+04,4.324138462543487549e-01,5.566037735849056478e-01,2.550171315670013428e-01,0.000000000000000000e+00
2.094000000000000000e+04,4.265539050102233887e-01,5.754716981132075304e-01,2.286760658025741577e-01,0.000000000000000000e+00
2.095000000000000000e+04,4.405162036418914795e-01,5.471698113207547065e-01,2.280403077602386475e-01,0.000000000000000000e+00
2.096000000000000000e+04,4.180691540241241455e-01,6.037735849056603543e-01,2.407153993844985962e-01,0.000000000000000000e+00
2.097000000000000000e+04,4.117724001407623291e-01,6.037735849056603543e-01,2.115124315023422241e-01,0.000000000000000000e+00
2.098000000000000000e+04,4.215360879898071289e-01,5.566037735849056478e-01,2.364858835935592651e-01,0.000000000000000000e+00
2.099000000000000000e+04,4.019191265106201172e-01,5.754716981132075304e-01,2.245623171329498291e-01,0.000000000000000000e+00
2.100000000000000000e+04,4.137987792491912842e-01,6.037735849056603543e-01,2.349471896886825562e-01,0.000000000000000000e+00
2.101000000000000000e+04,4.240303635597229004e-01,5.943396226415094130e-01,2.270782887935638428e-01,0.000000000000000000e+00
2.102000000000000000e+04,4.114033281803131104e-01,5.754716981132075304e-01,2.139910757541656494e-01,0.000000000000000000e+00
2.103000000000000000e+04,3.969853222370147705e-01,6.226415094339622369e-01,2.093834429979324341e-01,0.000000000000000000e+00
2.104000000000000000e+04,3.963041901588439941e-01,5.943396226415094130e-01,2.196189314126968384e-01,0.000000000000000000e+00
2.105000000000000000e+04,3.881919384002685547e-01,5.754716981132075304e-01,1.990334242582321167e-01,0.000000000000000000e+00
2.106000000000000000e+04,4.065531194210052490e-01,5.660377358490565891e-01,2.266445904970169067e-01,0.000000000000000000e+00
2.107000000000000000e+04,4.026345312595367432e-01,5.943396226415094130e-01,2.190348654985427856e-01,0.000000000000000000e+00
2.108000000000000000e+04,3.999560475349426270e-01,5.943396226415094130e-01,2.302270382642745972e-01,0.000000000000000000e+00
2.109000000000000000e+04,4.065265357494354248e-01,5.660377358490565891e-01,2.358955591917037964e-01,0.000000000000000000e+00
2.110000000000000000e+04,4.109068214893341064e-01,5.849056603773584717e-01,2.283244282007217407e-01,0.000000000000000000e+00
2.111000000000000000e+04,4.049479067325592041e-01,6.037735849056603543e-01,2.305099368095397949e-01,0.000000000000000000e+00
2.112000000000000000e+04,4.241424202919006348e-01,5.849056603773584717e-01,2.468698322772979736e-01,0.000000000000000000e+00
2.113000000000000000e+04,4.122098684310913086e-01,5.849056603773584717e-01,2.326874732971191406e-01,0.000000000000000000e+00
2.114000000000000000e+04,4.122190177440643311e-01,6.132075471698112956e-01,2.427069395780563354e-01,0.000000000000000000e+00
2.115000000000000000e+04,4.060677587985992432e-01,6.226415094339622369e-01,2.259115725755691528e-01,0.000000000000000000e+00
2.116000000000000000e+04,3.868827521800994873e-01,5.849056603773584717e-01,1.932096928358078003e-01,0.000000000000000000e+00
2.117000000000000000e+04,3.878787159919738770e-01,5.943396226415094130e-01,2.016348987817764282e-01,0.000000000000000000e+00
2.118000000000000000e+04,3.984104096889495850e-01,5.943396226415094130e-01,1.985179185867309570e-01,0.000000000000000000e+00
2.119000000000000000e+04,3.996065855026245117e-01,5.566037735849056478e-01,2.056533694267272949e-01,0.000000000000000000e+00
2.120000000000000000e+04,4.125554263591766357e-01,5.849056603773584717e-01,2.094658464193344116e-01,0.000000000000000000e+00
2.121000000000000000e+04,4.035675823688507080e-01,5.849056603773584717e-01,2.032390236854553223e-01,0.000000000000000000e+00
2.122000000000000000e+04,4.012928605079650879e-01,6.226415094339622369e-01,2.035961598157882690e-01,0.000000000000000000e+00
2.123000000000000000e+04,3.940728902816772461e-01,5.943396226415094130e-01,2.098817378282546997e-01,0.000000000000000000e+00
2.124000000000000000e+04,3.923107087612152100e-01,6.037735849056603543e-01,2.358272820711135864e-01,0.000000000000000000e+00
2.125000000000000000e+04,4.008440673351287842e-01,5.849056603773584717e-01,2.041038423776626587e-01,0.000000000000000000e+00
2.126000000000000000e+04,3.880467414855957031e-01,5.943396226415094130e-01,2.160918712615966797e-01,0.000000000000000000e+00
2.127000000000000000e+04,4.120396077632904053e-01,6.037735849056603543e-01,2.367955297231674194e-01,0.000000000000000000e+00
2.128000000000000000e+04,4.167241752147674561e-01,5.754716981132075304e-01,2.437294274568557739e-01,0.000000000000000000e+00
2.129000000000000000e+04,4.149812459945678711e-01,6.132075471698112956e-01,2.389682829380035400e-01,0.000000000000000000e+00
2.130000000000000000e+04,3.983016014099121094e-01,6.132075471698112956e-01,2.079063355922698975e-01,0.000000000000000000e+00
2.131000000000000000e+04,3.942814469337463379e-01,5.754716981132075304e-01,2.012298405170440674e-01,0.000000000000000000e+00
2.132000000000000000e+04,3.909574747085571289e-01,6.037735849056603543e-01,2.038464993238449097e-01,0.000000000000000000e+00
2.133000000000000000e+04,4.087325036525726318e-01,5.849056603773584717e-01,2.339027822017669678e-01,0.000000000000000000e+00
2.134000000000000000e+04,4.030129611492156982e-01,5.566037735849056478e-01,2.408927679061889648e-01,0.000000000000000000e+00
2.135000000000000000e+04,4.518804848194122314e-01,5.849056603773584717e-01,2.577852308750152588e-01,0.000000000000000000e+00
2.136000000000000000e+04,4.436370432376861572e-01,5.566037735849056478e-01,2.542723119258880615e-01,0.000000000000000000e+00
2.137000000000000000e+04,4.448144435882568359e-01,6.132075471698112956e-01,2.577072381973266602e-01,0.000000000000000000e+00
2.138000000000000000e+04,4.505638480186462402e-01,5.849056603773584717e-01,2.634963691234588623e-01,0.000000000000000000e+00
2.139000000000000000e+04,4.475161433219909668e-01,5.754716981132075304e-01,2.502771317958831787e-01,0.000000000000000000e+00
2.140000000000000000e+04,4.475165009498596191e-01,5.754716981132075304e-01,2.429530620574951172e-01,0.000000000000000000e+00
2.141000000000000000e+04,4.470707774162292480e-01,6.132075471698112956e-01,2.652351260185241699e-01,0.000000000000000000e+00
2.142000000000000000e+04,4.312852025032043457e-01,6.037735849056603543e-01,2.402128428220748901e-01,0.000000000000000000e+00
2.143000000000000000e+04,4.397626221179962158e-01,5.566037735849056478e-01,2.432796359062194824e-01,0.000000000000000000e+00
2.144000000000000000e+04,4.452452957630157471e-01,5.566037735849056478e-01,2.638100385665893555e-01,0.000000000000000000e+00
2.145000000000000000e+04,4.407949745655059814e-01,5.849056603773584717e-01,2.665700614452362061e-01,0.000000000000000000e+00
2.146000000000000000e+04,4.420029819011688232e-01,5.754716981132075304e-01,2.608273327350616455e-01,0.000000000000000000e+00
2.147000000000000000e+04,4.411272406578063965e-01,5.754716981132075304e-01,2.662950456142425537e-01,0.000000000000000000e+00
2.148000000000000000e+04,4.648442566394805908e-01,5.754716981132075304e-01,2.850927114486694336e-01,0.000000000000000000e+00
2.149000000000000000e+04,4.832109510898590088e-01,5.943396226415094130e-01,2.927617728710174561e-01,0.000000000000000000e+00
2.150000000000000000e+04,4.637392163276672363e-01,5.849056603773584717e-01,2.909555435180664062e-01,0.000000000000000000e+00
2.151000000000000000e+04,4.405610561370849609e-01,5.754716981132075304e-01,2.761856019496917725e-01,0.000000000000000000e+00
2.152000000000000000e+04,4.708524048328399658e-01,5.754716981132075304e-01,3.037813007831573486e-01,0.000000000000000000e+00
2.153000000000000000e+04,4.372867047786712646e-01,5.849056603773584717e-01,2.847451567649841309e-01,0.000000000000000000e+00
2.154000000000000000e+04,4.543403685092926025e-01,5.849056603773584717e-01,2.687838971614837646e-01,0.000000000000000000e+00
2.155000000000000000e+04,4.483199417591094971e-01,5.849056603773584717e-01,2.820586860179901123e-01,0.000000000000000000e+00
2.156000000000000000e+04,4.415815770626068115e-01,5.283018867924528239e-01,2.785431146621704102e-01,0.000000000000000000e+00
2.157000000000000000e+04,4.592765867710113525e-01,6.037735849056603543e-01,2.815376520156860352e-01,0.000000000000000000e+00
2.158000000000000000e+04,4.678948521614074707e-01,5.754716981132075304e-01,2.859309017658233643e-01,0.000000000000000000e+00
2.159000000000000000e+04,4.585727453231811523e-01,6.132075471698112956e-01,2.596821188926696777e-01,0.000000000000000000e+00
2.160000000000000000e+04,4.407622516155242920e-01,5.754716981132075304e-01,2.596838176250457764e-01,0.000000000000000000e+00
2.161000000000000000e+04,4.509991109371185303e-01,5.754716981132075304e-01,2.688630819320678711e-01,0.000000000000000000e+00
2.162000000000000000e+04,4.480546712875366211e-01,6.037735849056603543e-01,2.506355643272399902e-01,0.000000000000000000e+00
2.163000000000000000e+04,4.601272344589233398e-01,5.754716981132075304e-01,2.788115739822387695e-01,0.000000000000000000e+00
2.164000000000000000e+04,4.805321991443634033e-01,5.849056603773584717e-01,3.148696720600128174e-01,0.000000000000000000e+00
2.165000000000000000e+04,4.753134548664093018e-01,5.660377358490565891e-01,2.898243665695190430e-01,0.000000000000000000e+00
2.166000000000000000e+04,4.589040577411651611e-01,5.849056603773584717e-01,2.540303468704223633e-01,0.000000000000000000e+00
2.167000000000000000e+04,4.643238484859466553e-01,5.566037735849056478e-01,2.927542328834533691e-01,0.000000000000000000e+00
2.168000000000000000e+04,4.768391549587249756e-01,5.849056603773584717e-01,2.938682734966278076e-01,0.000000000000000000e+00
2.169000000000000000e+04,4.720754325389862061e-01,5.471698113207547065e-01,2.842077612876892090e-01,0.000000000000000000e+00
2.170000000000000000e+04,5.208231210708618164e-01,5.566037735849056478e-01,3.353890478610992432e-01,0.000000000000000000e+00
2.171000000000000000e+04,5.101147890090942383e-01,5.660377358490565891e-01,3.204197883605957031e-01,0.000000000000000000e+00
2.172000000000000000e+04,4.920532703399658203e-01,5.566037735849056478e-01,3.381382226943969727e-01,0.000000000000000000e+00
2.173000000000000000e+04,4.966419637203216553e-01,5.566037735849056478e-01,3.297044932842254639e-01,0.000000000000000000e+00
2.174000000000000000e+04,4.824773669242858887e-01,5.754716981132075304e-01,3.246423602104187012e-01,0.000000000000000000e+00
2.175000000000000000e+04,4.840707480907440186e-01,5.471698113207547065e-01,3.155908882617950439e-01,0.000000000000000000e+00
2.176000000000000000e+04,4.955008924007415771e-01,5.660377358490565891e-01,3.348581492900848389e-01,0.000000000000000000e+00
2.177000000000000000e+04,4.917638301849365234e-01,5.660377358490565891e-01,3.401795923709869385e-01,0.000000000000000000e+00
2.178000000000000000e+04,4.584611356258392334e-01,6.037735849056603543e-01,2.973189651966094971e-01,0.000000000000000000e+00
2.179000000000000000e+04,4.839875102043151855e-01,5.566037735849056478e-01,3.085235655307769775e-01,0.000000000000000000e+00
2.180000000000000000e+04,4.829032123088836670e-01,5.849056603773584717e-01,3.302771747112274170e-01,0.000000000000000000e+00
2.181000000000000000e+04,4.728600978851318359e-01,5.849056603773584717e-01,3.162864148616790771e-01,0.000000000000000000e+00
2.182000000000000000e+04,4.580051600933074951e-01,5.754716981132075304e-01,3.014728426933288574e-01,0.000000000000000000e+00
2.183000000000000000e+04,4.650075733661651611e-01,5.754716981132075304e-01,2.998387515544891357e-01,0.000000000000000000e+00
2.184000000000000000e+04,4.584239721298217773e-01,5.849056603773584717e-01,2.857885658740997314e-01,0.000000000000000000e+00
2.185000000000000000e+04,4.840551316738128662e-01,5.754716981132075304e-01,2.870318889617919922e-01,0.000000000000000000e+00
2.186000000000000000e+04,4.600866138935089111e-01,5.471698113207547065e-01,2.846143245697021484e-01,0.000000000000000000e+00
2.187000000000000000e+04,4.403628110885620117e-01,5.660377358490565891e-01,2.758359611034393311e-01,0.000000000000000000e+00
2.188000000000000000e+04,4.136339724063873291e-01,5.754716981132075304e-01,2.613794803619384766e-01,0.000000000000000000e+00
2.189000000000000000e+04,4.543832242488861084e-01,5.754716981132075304e-01,2.766326963901519775e-01,0.000000000000000000e+00
2.190000000000000000e+04,4.424575567245483398e-01,5.943396226415094130e-01,2.652236223220825195e-01,0.000000000000000000e+00
2.191000000000000000e+04,4.479023516178131104e-01,5.943396226415094130e-01,2.551581263542175293e-01,0.000000000000000000e+00
2.192000000000000000e+04,4.432149529457092285e-01,5.660377358490565891e-01,2.644217908382415771e-01,0.000000000000000000e+00
2.193000000000000000e+04,4.549280107021331787e-01,6.037735849056603543e-01,2.920779883861541748e-01,0.000000000000000000e+00
2.194000000000000000e+04,4.349737167358398438e-01,6.037735849056603543e-01,2.516640424728393555e-01,0.000000000000000000e+00
2.195000000000000000e+04,4.422054290771484375e-01,5.094339622641509413e-01,2.653195858001708984e-01,0.000000000000000000e+00
2.196000000000000000e+04,4.470149576663970947e-01,5.566037735849056478e-01,2.588892281055450439e-01,0.000000000000000000e+00
2.197000000000000000e+04,4.362868964672088623e-01,5.660377358490565891e-01,2.390310466289520264e-01,0.000000000000000000e+00
2.198000000000000000e+04,4.617865085601806641e-01,5.943396226415094130e-01,2.626610994338989258e-01,0.000000000000000000e+00
2.199000000000000000e+04,4.794949889183044434e-01,5.849056603773584717e-01,2.602987587451934814e-01,0.000000000000000000e+00
2.200000000000000000e+04,4.719829857349395752e-01,5.754716981132075304e-01,2.682418823242187500e-01,0.000000000000000000e+00
2.201000000000000000e+04,4.658428728580474854e-01,5.849056603773584717e-01,2.651707530021667480e-01,0.000000000000000000e+00
2.202000000000000000e+04,4.488049745559692383e-01,6.132075471698112956e-01,2.580140829086303711e-01,0.000000000000000000e+00
2.203000000000000000e+04,4.513010978698730469e-01,5.849056603773584717e-01,2.754246890544891357e-01,0.000000000000000000e+00
2.204000000000000000e+04,4.502317607402801514e-01,6.037735849056603543e-01,2.073317319154739380e-01,0.000000000000000000e+00
2.205000000000000000e+04,4.509778320789337158e-01,5.566037735849056478e-01,2.493528574705123901e-01,0.000000000000000000e+00
2.206000000000000000e+04,4.630202353000640869e-01,6.037735849056603543e-01,2.632167339324951172e-01,0.000000000000000000e+00
2.207000000000000000e+04,4.607482254505157471e-01,5.660377358490565891e-01,2.513246536254882812e-01,0.000000000000000000e+00
2.208000000000000000e+04,4.643850028514862061e-01,5.566037735849056478e-01,2.654175460338592529e-01,0.000000000000000000e+00
2.209000000000000000e+04,4.744064509868621826e-01,5.754716981132075304e-01,2.499158084392547607e-01,0.000000000000000000e+00
2.210000000000000000e+04,4.474048018455505371e-01,5.754716981132075304e-01,2.358167916536331177e-01,0.000000000000000000e+00
2.211000000000000000e+04,4.551536738872528076e-01,5.754716981132075304e-01,2.424672544002532959e-01,0.000000000000000000e+00
2.212000000000000000e+04,4.610146582126617432e-01,5.943396226415094130e-01,2.485686540603637695e-01,0.000000000000000000e+00
2.213000000000000000e+04,4.884850978851318359e-01,5.754716981132075304e-01,2.430427819490432739e-01,0.000000000000000000e+00
2.214000000000000000e+04,4.746379256248474121e-01,5.754716981132075304e-01,2.368568480014801025e-01,0.000000000000000000e+00
2.215000000000000000e+04,4.781658947467803955e-01,5.943396226415094130e-01,2.257687598466873169e-01,0.000000000000000000e+00
2.216000000000000000e+04,4.842666983604431152e-01,5.849056603773584717e-01,2.274278402328491211e-01,0.000000000000000000e+00
2.217000000000000000e+04,4.946689903736114502e-01,5.849056603773584717e-01,2.394850701093673706e-01,0.000000000000000000e+00
2.218000000000000000e+04,4.897837042808532715e-01,5.660377358490565891e-01,2.312542498111724854e-01,0.000000000000000000e+00
2.219000000000000000e+04,4.997569322586059570e-01,5.471698113207547065e-01,2.379399538040161133e-01,0.000000000000000000e+00
2.220000000000000000e+04,4.863864779472351074e-01,5.566037735849056478e-01,2.375182211399078369e-01,0.000000000000000000e+00
2.221000000000000000e+04,4.743007719516754150e-01,5.471698113207547065e-01,2.297240793704986572e-01,0.000000000000000000e+00
2.222000000000000000e+04,4.667803347110748291e-01,5.849056603773584717e-01,2.245568782091140747e-01,0.000000000000000000e+00
2.223000000000000000e+04,4.650778770446777344e-01,5.943396226415094130e-01,2.114089727401733398e-01,0.000000000000000000e+00
2.224000000000000000e+04,4.585409462451934814e-01,6.037735849056603543e-01,2.380809336900711060e-01,0.000000000000000000e+00
2.225000000000000000e+04,4.647011756896972656e-01,5.660377358490565891e-01,2.353332340717315674e-01,0.000000000000000000e+00
2.226000000000000000e+04,4.845364689826965332e-01,5.660377358490565891e-01,2.682537734508514404e-01,0.000000000000000000e+00
2.227000000000000000e+04,4.863685369491577148e-01,5.943396226415094130e-01,2.504235804080963135e-01,0.000000000000000000e+00
2.228000000000000000e+04,4.599568843841552734e-01,5.754716981132075304e-01,2.342189848423004150e-01,0.000000000000000000e+00
2.229000000000000000e+04,4.399458467960357666e-01,5.849056603773584717e-01,2.145152091979980469e-01,0.000000000000000000e+00
2.230000000000000000e+04,4.542654156684875488e-01,5.660377358490565891e-01,2.209887653589248657e-01,0.000000000000000000e+00
2.231000000000000000e+04,4.663865864276885986e-01,5.566037735849056478e-01,2.295358926057815552e-01,0.000000000000000000e+00
2.232000000000000000e+04,4.661453068256378174e-01,5.754716981132075304e-01,2.355348169803619385e-01,0.000000000000000000e+00
2.233000000000000000e+04,4.703702032566070557e-01,5.754716981132075304e-01,2.442919462919235229e-01,0.000000000000000000e+00
2.234000000000000000e+04,4.428516030311584473e-01,5.754716981132075304e-01,1.923749595880508423e-01,0.000000000000000000e+00
2.235000000000000000e+04,4.475421905517578125e-01,5.943396226415094130e-01,2.049733400344848633e-01,0.000000000000000000e+00
2.236000000000000000e+04,4.566106498241424561e-01,6.226415094339622369e-01,2.000530064105987549e-01,0.000000000000000000e+00
2.237000000000000000e+04,4.484118521213531494e-01,5.754716981132075304e-01,1.950460523366928101e-01,0.000000000000000000e+00
2.238000000000000000e+04,4.408204853534698486e-01,5.943396226415094130e-01,1.733974963426589966e-01,0.000000000000000000e+00
2.239000000000000000e+04,4.600368440151214600e-01,5.849056603773584717e-01,2.002116143703460693e-01,0.000000000000000000e+00
2.240000000000000000e+04,4.526793360710144043e-01,5.943396226415094130e-01,1.974911540746688843e-01,0.000000000000000000e+00
2.241000000000000000e+04,4.531352221965789795e-01,5.754716981132075304e-01,2.320271283388137817e-01,0.000000000000000000e+00
2.242000000000000000e+04,4.568470418453216553e-01,5.849056603773584717e-01,2.386472523212432861e-01,0.000000000000000000e+00
2.243000000000000000e+04,4.533200562000274658e-01,5.849056603773584717e-01,2.210515290498733521e-01,0.000000000000000000e+00
2.244000000000000000e+04,4.554590284824371338e-01,5.471698113207547065e-01,2.113673835992813110e-01,0.000000000000000000e+00
2.245000000000000000e+04,4.744679927825927734e-01,5.943396226415094130e-01,2.236577421426773071e-01,0.000000000000000000e+00
2.246000000000000000e+04,4.614832103252410889e-01,5.754716981132075304e-01,2.286242246627807617e-01,0.000000000000000000e+00
2.247000000000000000e+04,4.662400186061859131e-01,6.037735849056603543e-01,2.368814051151275635e-01,0.000000000000000000e+00
2.248000000000000000e+04,4.746501445770263672e-01,5.754716981132075304e-01,2.336734533309936523e-01,0.000000000000000000e+00
2.249000000000000000e+04,4.530659317970275879e-01,5.566037735849056478e-01,2.261473834514617920e-01,0.000000000000000000e+00
2.250000000000000000e+04,4.579777121543884277e-01,5.754716981132075304e-01,2.217881679534912109e-01,0.000000000000000000e+00
2.251000000000000000e+04,4.659058153629302979e-01,5.754716981132075304e-01,2.350097894668579102e-01,0.000000000000000000e+00
2.252000000000000000e+04,4.650202393531799316e-01,5.943396226415094130e-01,2.243340909481048584e-01,0.000000000000000000e+00
2.253000000000000000e+04,4.552154242992401123e-01,5.849056603773584717e-01,2.281580865383148193e-01,0.000000000000000000e+00
2.254000000000000000e+04,4.716642498970031738e-01,5.754716981132075304e-01,2.361694574356079102e-01,0.000000000000000000e+00
2.255000000000000000e+04,4.647261798381805420e-01,6.037735849056603543e-01,2.218713909387588501e-01,0.000000000000000000e+00
2.256000000000000000e+04,4.566546380519866943e-01,5.660377358490565891e-01,2.189198136329650879e-01,0.000000000000000000e+00
2.257000000000000000e+04,4.692519903182983398e-01,5.754716981132075304e-01,2.222163081169128418e-01,0.000000000000000000e+00
2.258000000000000000e+04,4.975768923759460449e-01,5.849056603773584717e-01,2.468489110469818115e-01,0.000000000000000000e+00
2.259000000000000000e+04,4.764025807380676270e-01,6.037735849056603543e-01,2.614384889602661133e-01,0.000000000000000000e+00
2.260000000000000000e+04,4.822253584861755371e-01,6.037735849056603543e-01,2.380337119102478027e-01,0.000000000000000000e+00
2.261000000000000000e+04,4.804417192935943604e-01,5.754716981132075304e-01,2.399036735296249390e-01,0.000000000000000000e+00
2.262000000000000000e+04,4.826634824275970459e-01,5.849056603773584717e-01,2.456181049346923828e-01,0.000000000000000000e+00
2.263000000000000000e+04,4.904361963272094727e-01,5.471698113207547065e-01,2.319088876247406006e-01,0.000000000000000000e+00
2.264000000000000000e+04,5.023267269134521484e-01,5.566037735849056478e-01,2.697087526321411133e-01,0.000000000000000000e+00
2.265000000000000000e+04,5.148791074752807617e-01,5.754716981132075304e-01,2.498207986354827881e-01,0.000000000000000000e+00
2.266000000000000000e+04,4.831152260303497314e-01,5.754716981132075304e-01,2.337218075990676880e-01,0.000000000000000000e+00
2.267000000000000000e+04,4.759224355220794678e-01,6.132075471698112956e-01,2.095749229192733765e-01,0.000000000000000000e+00
2.268000000000000000e+04,4.755938947200775146e-01,5.849056603773584717e-01,2.492693364620208740e-01,0.000000000000000000e+00
2.269000000000000000e+04,4.816153049468994141e-01,5.660377358490565891e-01,2.357407063245773315e-01,0.000000000000000000e+00
2.270000000000000000e+04,4.675151109695434570e-01,6.132075471698112956e-01,2.348335683345794678e-01,0.000000000000000000e+00
2.271000000000000000e+04,4.743790626525878906e-01,5.754716981132075304e-01,2.461917400360107422e-01,0.000000000000000000e+00
2.272000000000000000e+04,4.693249166011810303e-01,5.849056603773584717e-01,2.312660515308380127e-01,0.000000000000000000e+00
2.273000000000000000e+04,4.658665060997009277e-01,5.754716981132075304e-01,2.371125221252441406e-01,0.000000000000000000e+00
2.274000000000000000e+04,4.481807947158813477e-01,5.943396226415094130e-01,2.209933847188949585e-01,0.000000000000000000e+00
2.275000000000000000e+04,4.605130553245544434e-01,5.943396226415094130e-01,2.013133317232131958e-01,0.000000000000000000e+00
2.276000000000000000e+04,4.816724061965942383e-01,5.754716981132075304e-01,2.254891097545623779e-01,0.000000000000000000e+00
2.277000000000000000e+04,4.561503529548645020e-01,5.660377358490565891e-01,2.113642245531082153e-01,0.000000000000000000e+00
2.278000000000000000e+04,4.574725627899169922e-01,6.132075471698112956e-01,2.045609652996063232e-01,0.000000000000000000e+00
2.279000000000000000e+04,4.689942002296447754e-01,6.037735849056603543e-01,2.495858073234558105e-01,0.000000000000000000e+00
2.280000000000000000e+04,4.856415390968322754e-01,6.037735849056603543e-01,2.285647094249725342e-01,0.000000000000000000e+00
2.281000000000000000e+04,4.825873672962188721e-01,6.037735849056603543e-01,2.357607185840606689e-01,0.000000000000000000e+00
2.282000000000000000e+04,4.739384353160858154e-01,5.943396226415094130e-01,2.443082779645919800e-01,0.000000000000000000e+00
2.283000000000000000e+04,4.815402030944824219e-01,5.660377358490565891e-01,2.479114383459091187e-01,0.000000000000000000e+00
2.284000000000000000e+04,4.835248291492462158e-01,6.037735849056603543e-01,2.492857575416564941e-01,0.000000000000000000e+00
2.285000000000000000e+04,4.750933647155761719e-01,5.943396226415094130e-01,2.249662727117538452e-01,0.000000000000000000e+00
2.286000000000000000e+04,4.691900908946990967e-01,5.754716981132075304e-01,2.185222208499908447e-01,0.000000000000000000e+00
2.287000000000000000e+04,4.663147330284118652e-01,6.226415094339622369e-01,2.337963581085205078e-01,0.000000000000000000e+00
2.288000000000000000e+04,4.803353548049926758e-01,5.566037735849056478e-01,2.498328238725662231e-01,0.000000000000000000e+00
2.289000000000000000e+04,4.462829828262329102e-01,5.943396226415094130e-01,2.313423901796340942e-01,0.000000000000000000e+00
2.290000000000000000e+04,4.560235142707824707e-01,6.132075471698112956e-01,2.260138094425201416e-01,0.000000000000000000e+00
2.291000000000000000e+04,4.549133777618408203e-01,5.849056603773584717e-01,2.385779619216918945e-01,0.000000000000000000e+00
2.292000000000000000e+04,4.520719945430755615e-01,6.320754716981131782e-01,2.092916518449783325e-01,0.000000000000000000e+00
2.293000000000000000e+04,4.501703679561614990e-01,6.037735849056603543e-01,2.145831733942031860e-01,0.000000000000000000e+00
2.294000000000000000e+04,4.527319073677062988e-01,6.132075471698112956e-01,2.284721881151199341e-01,0.000000000000000000e+00
2.295000000000000000e+04,4.568409919738769531e-01,5.660377358490565891e-01,2.173862159252166748e-01,0.000000000000000000e+00
2.296000000000000000e+04,4.394088089466094971e-01,6.226415094339622369e-01,2.081626653671264648e-01,0.000000000000000000e+00
2.297000000000000000e+04,4.578657448291778564e-01,6.320754716981131782e-01,1.900271773338317871e-01,0.000000000000000000e+00
2.298000000000000000e+04,4.550767540931701660e-01,6.132075471698112956e-01,1.956367343664169312e-01,0.000000000000000000e+00
2.299000000000000000e+04,4.789438843727111816e-01,5.849056603773584717e-01,2.399390041828155518e-01,0.000000000000000000e+00
2.300000000000000000e+04,4.496498405933380127e-01,5.849056603773584717e-01,1.926046311855316162e-01,0.000000000000000000e+00
2.301000000000000000e+04,4.547700583934783936e-01,6.415094339622641195e-01,1.777952164411544800e-01,0.000000000000000000e+00
2.302000000000000000e+04,4.423916637897491455e-01,6.132075471698112956e-01,1.996359974145889282e-01,0.000000000000000000e+00
2.303000000000000000e+04,4.385790228843688965e-01,6.037735849056603543e-01,2.066525071859359741e-01,0.000000000000000000e+00
2.304000000000000000e+04,4.389745593070983887e-01,6.037735849056603543e-01,2.113309055566787720e-01,0.000000000000000000e+00
2.305000000000000000e+04,4.295056164264678955e-01,5.849056603773584717e-01,2.002569288015365601e-01,0.000000000000000000e+00
2.306000000000000000e+04,4.422604739665985107e-01,6.226415094339622369e-01,2.061252593994140625e-01,0.000000000000000000e+00
2.307000000000000000e+04,4.215827286243438721e-01,6.037735849056603543e-01,1.765301823616027832e-01,0.000000000000000000e+00
2.308000000000000000e+04,4.154806435108184814e-01,6.226415094339622369e-01,1.896440535783767700e-01,0.000000000000000000e+00
2.309000000000000000e+04,4.127531349658966064e-01,6.037735849056603543e-01,2.103724479675292969e-01,0.000000000000000000e+00
2.310000000000000000e+04,4.152422845363616943e-01,6.037735849056603543e-01,1.803528964519500732e-01,0.000000000000000000e+00
2.311000000000000000e+04,4.019296765327453613e-01,6.320754716981131782e-01,1.601615697145462036e-01,0.000000000000000000e+00
2.312000000000000000e+04,3.914490342140197754e-01,6.509433962264150608e-01,1.636560112237930298e-01,0.000000000000000000e+00
2.313000000000000000e+04,4.108010232448577881e-01,6.415094339622641195e-01,1.599729508161544800e-01,0.000000000000000000e+00
2.314000000000000000e+04,4.232427477836608887e-01,6.320754716981131782e-01,1.711906939744949341e-01,0.000000000000000000e+00
2.315000000000000000e+04,4.014541506767272949e-01,6.509433962264150608e-01,1.693482249975204468e-01,0.000000000000000000e+00
2.316000000000000000e+04,4.085107445716857910e-01,6.415094339622641195e-01,1.716908365488052368e-01,0.000000000000000000e+00
2.317000000000000000e+04,4.048838317394256592e-01,6.415094339622641195e-01,1.685153543949127197e-01,0.000000000000000000e+00
2.318000000000000000e+04,4.014923274517059326e-01,6.415094339622641195e-01,1.390140652656555176e-01,0.000000000000000000e+00
2.319000000000000000e+04,3.948242962360382080e-01,6.603773584905660021e-01,1.581580340862274170e-01,0.000000000000000000e+00
2.320000000000000000e+04,3.623194098472595215e-01,6.132075471698112956e-01,1.599462181329727173e-01,0.000000000000000000e+00
2.321000000000000000e+04,3.886377513408660889e-01,6.320754716981131782e-01,1.598558872938156128e-01,0.000000000000000000e+00
2.322000000000000000e+04,4.062541127204895020e-01,6.226415094339622369e-01,1.829996109008789062e-01,0.000000000000000000e+00
2.323000000000000000e+04,4.049457311630249023e-01,6.415094339622641195e-01,1.658242344856262207e-01,0.000000000000000000e+00
2.324000000000000000e+04,4.089972376823425293e-01,6.226415094339622369e-01,1.712146997451782227e-01,0.000000000000000000e+00
2.325000000000000000e+04,4.110399186611175537e-01,5.943396226415094130e-01,1.856952607631683350e-01,0.000000000000000000e+00
2.326000000000000000e+04,4.028395414352416992e-01,5.943396226415094130e-01,1.829969137907028198e-01,0.000000000000000000e+00
2.327000000000000000e+04,4.056938588619232178e-01,6.320754716981131782e-01,1.705060452222824097e-01,0.000000000000000000e+00
2.328000000000000000e+04,4.334004819393157959e-01,6.320754716981131782e-01,1.668342500925064087e-01,0.000000000000000000e+00
2.329000000000000000e+04,4.337457716464996338e-01,6.226415094339622369e-01,1.785233914852142334e-01,0.000000000000000000e+00
2.330000000000000000e+04,4.404651820659637451e-01,5.943396226415094130e-01,2.089539766311645508e-01,0.000000000000000000e+00
2.331000000000000000e+04,4.432063996791839600e-01,5.754716981132075304e-01,1.972302198410034180e-01,0.000000000000000000e+00
2.332000000000000000e+04,4.407974779605865479e-01,5.943396226415094130e-01,2.097533047199249268e-01,0.000000000000000000e+00
2.333000000000000000e+04,4.197686314582824707e-01,6.132075471698112956e-01,1.757298558950424194e-01,0.000000000000000000e+00
2.334000000000000000e+04,4.296141564846038818e-01,6.037735849056603543e-01,2.061125934123992920e-01,0.000000000000000000e+00
2.335000000000000000e+04,4.341593682765960693e-01,6.132075471698112956e-01,1.873271018266677856e-01,0.000000000000000000e+00
2.336000000000000000e+04,4.426629245281219482e-01,6.037735849056603543e-01,1.736505180597305298e-01,0.000000000000000000e+00
2.337000000000000000e+04,4.377121627330780029e-01,5.849056603773584717e-01,1.774202436208724976e-01,0.000000000000000000e+00
2.338000000000000000e+04,4.425619840621948242e-01,6.226415094339622369e-01,1.846562772989273071e-01,0.000000000000000000e+00
2.339000000000000000e+04,4.353782534599304199e-01,6.037735849056603543e-01,1.778373420238494873e-01,0.000000000000000000e+00
2.340000000000000000e+04,4.659245610237121582e-01,6.037735849056603543e-01,2.025974839925765991e-01,0.000000000000000000e+00
2.341000000000000000e+04,4.652578532695770264e-01,5.754716981132075304e-01,1.976274698972702026e-01,0.000000000000000000e+00
2.342000000000000000e+04,4.722563624382019043e-01,5.754716981132075304e-01,1.977859288454055786e-01,0.000000000000000000e+00
2.343000000000000000e+04,4.592272937297821045e-01,5.849056603773584717e-01,1.914263367652893066e-01,0.000000000000000000e+00
2.344000000000000000e+04,4.535886049270629883e-01,5.943396226415094130e-01,1.967177689075469971e-01,0.000000000000000000e+00
2.345000000000000000e+04,4.758952856063842773e-01,5.943396226415094130e-01,2.203636020421981812e-01,0.000000000000000000e+00
2.346000000000000000e+04,4.652236998081207275e-01,6.132075471698112956e-01,2.027005255222320557e-01,0.000000000000000000e+00
2.347000000000000000e+04,4.691512584686279297e-01,5.943396226415094130e-01,2.002155631780624390e-01,0.000000000000000000e+00
2.348000000000000000e+04,4.639127552509307861e-01,6.132075471698112956e-01,2.045239508152008057e-01,0.000000000000000000e+00
2.349000000000000000e+04,4.575510919094085693e-01,5.943396226415094130e-01,2.220667451620101929e-01,0.000000000000000000e+00
2.350000000000000000e+04,4.579114615917205811e-01,6.037735849056603543e-01,2.180410921573638916e-01,0.000000000000000000e+00
2.351000000000000000e+04,4.939077198505401611e-01,5.754716981132075304e-01,2.393376231193542480e-01,0.000000000000000000e+00
2.352000000000000000e+04,4.752103388309478760e-01,5.943396226415094130e-01,2.209726572036743164e-01,0.000000000000000000e+00
2.353000000000000000e+04,4.906992018222808838e-01,5.566037735849056478e-01,2.121271938085556030e-01,0.000000000000000000e+00
2.354000000000000000e+04,4.947499334812164307e-01,5.754716981132075304e-01,2.245824933052062988e-01,0.000000000000000000e+00
2.355000000000000000e+04,5.034441351890563965e-01,5.754716981132075304e-01,2.275116890668869019e-01,0.000000000000000000e+00
2.356000000000000000e+04,4.935410320758819580e-01,5.849056603773584717e-01,2.119881510734558105e-01,0.000000000000000000e+00
2.357000000000000000e+04,5.126662850379943848e-01,5.849056603773584717e-01,2.372014820575714111e-01,0.000000000000000000e+00
2.358000000000000000e+04,5.144526958465576172e-01,5.566037735849056478e-01,2.433064877986907959e-01,0.000000000000000000e+00
2.359000000000000000e+04,5.091016888618469238e-01,5.660377358490565891e-01,2.332915216684341431e-01,0.000000000000000000e+00
2.360000000000000000e+04,4.909670948982238770e-01,5.849056603773584717e-01,2.366760373115539551e-01,0.000000000000000000e+00
2.361000000000000000e+04,4.787390530109405518e-01,5.849056603773584717e-01,2.349863797426223755e-01,0.000000000000000000e+00
2.362000000000000000e+04,4.700639247894287109e-01,6.132075471698112956e-01,2.249819785356521606e-01,0.000000000000000000e+00
2.363000000000000000e+04,4.844950437545776367e-01,5.566037735849056478e-01,2.388198375701904297e-01,0.000000000000000000e+00
2.364000000000000000e+04,4.944884777069091797e-01,5.943396226415094130e-01,2.234038412570953369e-01,0.000000000000000000e+00
2.365000000000000000e+04,4.942224025726318359e-01,5.849056603773584717e-01,2.535426914691925049e-01,0.000000000000000000e+00
2.366000000000000000e+04,4.920097291469573975e-01,5.754716981132075304e-01,2.445225566625595093e-01,0.000000000000000000e+00
2.367000000000000000e+04,4.823182225227355957e-01,5.849056603773584717e-01,2.437032014131546021e-01,0.000000000000000000e+00
2.368000000000000000e+04,4.962975680828094482e-01,5.471698113207547065e-01,2.326720505952835083e-01,0.000000000000000000e+00
2.369000000000000000e+04,4.876786172389984131e-01,5.471698113207547065e-01,2.147932052612304688e-01,0.000000000000000000e+00
2.370000000000000000e+04,5.143610239028930664e-01,5.660377358490565891e-01,2.564412951469421387e-01,0.000000000000000000e+00
2.371000000000000000e+04,5.248818993568420410e-01,5.471698113207547065e-01,2.358290851116180420e-01,0.000000000000000000e+00
2.372000000000000000e+04,5.084433555603027344e-01,5.754716981132075304e-01,2.445700913667678833e-01,0.000000000000000000e+00
2.373000000000000000e+04,4.934634864330291748e-01,5.660377358490565891e-01,2.439649850130081177e-01,0.000000000000000000e+00
2.374000000000000000e+04,4.754405319690704346e-01,5.377358490566037652e-01,2.302125841379165649e-01,0.000000000000000000e+00
2.375000000000000000e+04,4.731486737728118896e-01,6.132075471698112956e-01,2.137778699398040771e-01,0.000000000000000000e+00
2.376000000000000000e+04,4.768051207065582275e-01,5.471698113207547065e-01,2.494593113660812378e-01,0.000000000000000000e+00
2.377000000000000000e+04,4.664861857891082764e-01,6.132075471698112956e-01,2.150680571794509888e-01,0.000000000000000000e+00
2.378000000000000000e+04,4.720782935619354248e-01,5.754716981132075304e-01,2.216598391532897949e-01,0.000000000000000000e+00
2.379000000000000000e+04,4.906508028507232666e-01,5.943396226415094130e-01,2.465350329875946045e-01,0.000000000000000000e+00
2.380000000000000000e+04,4.931109845638275146e-01,5.943396226415094130e-01,2.402361184358596802e-01,0.000000000000000000e+00
2.381000000000000000e+04,4.798811674118041992e-01,6.132075471698112956e-01,2.426127791404724121e-01,0.000000000000000000e+00
2.382000000000000000e+04,4.790789186954498291e-01,5.943396226415094130e-01,2.440603226423263550e-01,0.000000000000000000e+00
2.383000000000000000e+04,4.862575829029083252e-01,6.037735849056603543e-01,2.331802845001220703e-01,0.000000000000000000e+00
2.384000000000000000e+04,4.919282197952270508e-01,5.660377358490565891e-01,2.454643100500106812e-01,0.000000000000000000e+00
2.385000000000000000e+04,4.914702475070953369e-01,6.037735849056603543e-01,2.491245567798614502e-01,0.000000000000000000e+00
2.386000000000000000e+04,4.822709560394287109e-01,5.660377358490565891e-01,2.523702979087829590e-01,0.000000000000000000e+00
2.387000000000000000e+04,5.066347718238830566e-01,6.132075471698112956e-01,2.136312127113342285e-01,0.000000000000000000e+00
2.388000000000000000e+04,4.928456246852874756e-01,6.037735849056603543e-01,2.415190041065216064e-01,0.000000000000000000e+00
2.389000000000000000e+04,4.840744435787200928e-01,5.754716981132075304e-01,2.268003076314926147e-01,0.000000000000000000e+00
2.390000000000000000e+04,4.750667214393615723e-01,5.849056603773584717e-01,2.084717899560928345e-01,0.000000000000000000e+00
2.391000000000000000e+04,4.951027929782867432e-01,5.660377358490565891e-01,2.163597643375396729e-01,0.000000000000000000e+00
2.392000000000000000e+04,4.816642701625823975e-01,5.754716981132075304e-01,2.196585536003112793e-01,0.000000000000000000e+00
2.393000000000000000e+04,4.774402976036071777e-01,5.754716981132075304e-01,2.084790617227554321e-01,0.000000000000000000e+00
2.394000000000000000e+04,4.732550084590911865e-01,6.037735849056603543e-01,2.071414738893508911e-01,0.000000000000000000e+00
2.395000000000000000e+04,4.598005414009094238e-01,5.943396226415094130e-01,1.917135268449783325e-01,0.000000000000000000e+00
2.396000000000000000e+04,4.720937907695770264e-01,6.226415094339622369e-01,1.976916193962097168e-01,0.000000000000000000e+00
2.397000000000000000e+04,4.770104885101318359e-01,5.754716981132075304e-01,2.016292065382003784e-01,0.000000000000000000e+00
2.398000000000000000e+04,4.714703559875488281e-01,5.754716981132075304e-01,2.088616937398910522e-01,0.000000000000000000e+00
2.399000000000000000e+04,4.840679466724395752e-01,5.943396226415094130e-01,2.588481307029724121e-01,0.000000000000000000e+00
2.400000000000000000e+04,4.837417900562286377e-01,6.132075471698112956e-01,2.438790798187255859e-01,0.000000000000000000e+00
2.401000000000000000e+04,4.827987849712371826e-01,5.943396226415094130e-01,2.311534136533737183e-01,0.000000000000000000e+00
2.402000000000000000e+04,4.634629189968109131e-01,6.132075471698112956e-01,1.994519978761672974e-01,0.000000000000000000e+00
2.403000000000000000e+04,4.816515743732452393e-01,5.849056603773584717e-01,2.135653346776962280e-01,0.000000000000000000e+00
2.404000000000000000e+04,4.820615947246551514e-01,6.037735849056603543e-01,2.202773988246917725e-01,0.000000000000000000e+00
2.405000000000000000e+04,4.774110913276672363e-01,6.132075471698112956e-01,2.095326185226440430e-01,0.000000000000000000e+00
2.406000000000000000e+04,4.841478168964385986e-01,5.849056603773584717e-01,2.571366727352142334e-01,0.000000000000000000e+00
2.407000000000000000e+04,4.943971335887908936e-01,5.849056603773584717e-01,2.545029520988464355e-01,0.000000000000000000e+00
2.408000000000000000e+04,5.009903907775878906e-01,5.849056603773584717e-01,2.498670965433120728e-01,0.000000000000000000e+00
2.409000000000000000e+04,5.063560009002685547e-01,6.037735849056603543e-01,2.348316758871078491e-01,0.000000000000000000e+00
2.410000000000000000e+04,4.960849583148956299e-01,6.037735849056603543e-01,2.292518317699432373e-01,0.000000000000000000e+00
2.411000000000000000e+04,5.252997279167175293e-01,5.566037735849056478e-01,2.547313868999481201e-01,0.000000000000000000e+00
2.412000000000000000e+04,5.146747827529907227e-01,6.037735849056603543e-01,2.457077801227569580e-01,0.000000000000000000e+00
2.413000000000000000e+04,5.179498195648193359e-01,5.754716981132075304e-01,2.549164593219757080e-01,0.000000000000000000e+00
2.414000000000000000e+04,5.088818073272705078e-01,5.660377358490565891e-01,2.584796249866485596e-01,0.000000000000000000e+00
2.415000000000000000e+04,5.004195570945739746e-01,5.943396226415094130e-01,2.460633218288421631e-01,0.000000000000000000e+00
2.416000000000000000e+04,4.889007806777954102e-01,5.849056603773584717e-01,2.455781102180480957e-01,0.000000000000000000e+00
2.417000000000000000e+04,4.861554503440856934e-01,6.037735849056603543e-01,2.754409611225128174e-01,0.000000000000000000e+00
2.418000000000000000e+04,4.944332838058471680e-01,6.132075471698112956e-01,2.489487230777740479e-01,0.000000000000000000e+00
2.419000000000000000e+04,5.033693909645080566e-01,5.754716981132075304e-01,2.415637671947479248e-01,0.000000000000000000e+00
2.420000000000000000e+04,4.977531433105468750e-01,6.132075471698112956e-01,2.421128004789352417e-01,0.000000000000000000e+00
2.421000000000000000e+04,4.780100882053375244e-01,5.754716981132075304e-01,2.330682426691055298e-01,0.000000000000000000e+00
2.422000000000000000e+04,4.774798452854156494e-01,5.849056603773584717e-01,2.327105700969696045e-01,0.000000000000000000e+00
2.423000000000000000e+04,4.761452078819274902e-01,6.037735849056603543e-01,2.156560122966766357e-01,0.000000000000000000e+00
2.424000000000000000e+04,4.947319328784942627e-01,5.754716981132075304e-01,2.184138000011444092e-01,0.000000000000000000e+00
2.425000000000000000e+04,4.787384867668151855e-01,5.849056603773584717e-01,2.278358489274978638e-01,0.000000000000000000e+00
2.426000000000000000e+04,4.650987386703491211e-01,5.849056603773584717e-01,2.147145420312881470e-01,0.000000000000000000e+00
2.427000000000000000e+04,4.605916738510131836e-01,6.226415094339622369e-01,2.052194774150848389e-01,0.000000000000000000e+00
2.428000000000000000e+04,4.782419800758361816e-01,6.037735849056603543e-01,2.191465348005294800e-01,0.000000000000000000e+00
2.429000000000000000e+04,5.051407814025878906e-01,5.754716981132075304e-01,2.437359243631362915e-01,0.000000000000000000e+00
2.430000000000000000e+04,4.723502099514007568e-01,6.415094339622641195e-01,2.149415463209152222e-01,0.000000000000000000e+00
2.431000000000000000e+04,4.993847310543060303e-01,5.943396226415094130e-01,2.312894761562347412e-01,0.000000000000000000e+00
2.432000000000000000e+04,4.993280470371246338e-01,5.754716981132075304e-01,2.177498191595077515e-01,0.000000000000000000e+00
2.433000000000000000e+04,5.005711913108825684e-01,6.226415094339622369e-01,2.200057804584503174e-01,0.000000000000000000e+00
2.434000000000000000e+04,5.052613615989685059e-01,5.943396226415094130e-01,2.181011140346527100e-01,0.000000000000000000e+00
2.435000000000000000e+04,5.073333978652954102e-01,5.943396226415094130e-01,2.284085154533386230e-01,0.000000000000000000e+00
2.436000000000000000e+04,5.073987841606140137e-01,5.377358490566037652e-01,2.275139987468719482e-01,0.000000000000000000e+00
2.437000000000000000e+04,4.997414946556091309e-01,5.754716981132075304e-01,2.297772318124771118e-01,0.000000000000000000e+00
2.438000000000000000e+04,5.011360049247741699e-01,5.660377358490565891e-01,2.732836008071899414e-01,0.000000000000000000e+00
2.439000000000000000e+04,4.906220138072967529e-01,5.943396226415094130e-01,2.363442182540893555e-01,0.000000000000000000e+00
2.440000000000000000e+04,4.926923513412475586e-01,5.943396226415094130e-01,2.395960241556167603e-01,0.000000000000000000e+00
2.441000000000000000e+04,5.240684151649475098e-01,5.566037735849056478e-01,2.530948519706726074e-01,0.000000000000000000e+00
2.442000000000000000e+04,4.982295632362365723e-01,5.754716981132075304e-01,2.380571514368057251e-01,0.000000000000000000e+00
2.443000000000000000e+04,4.776226282119750977e-01,5.943396226415094130e-01,2.426192611455917358e-01,0.000000000000000000e+00
2.444000000000000000e+04,4.832763373851776123e-01,5.754716981132075304e-01,2.576248347759246826e-01,0.000000000000000000e+00
2.445000000000000000e+04,4.711926281452178955e-01,5.566037735849056478e-01,2.225272953510284424e-01,0.000000000000000000e+00
2.446000000000000000e+04,4.813274741172790527e-01,6.132075471698112956e-01,2.094869613647460938e-01,0.000000000000000000e+00
2.447000000000000000e+04,4.879377782344818115e-01,5.754716981132075304e-01,2.110823243856430054e-01,0.000000000000000000e+00
2.448000000000000000e+04,4.694902598857879639e-01,5.943396226415094130e-01,1.991085857152938843e-01,0.000000000000000000e+00
2.449000000000000000e+04,4.691222906112670898e-01,5.849056603773584717e-01,2.115515023469924927e-01,0.000000000000000000e+00
2.450000000000000000e+04,4.651965200901031494e-01,6.037735849056603543e-01,2.222241312265396118e-01,0.000000000000000000e+00
2.451000000000000000e+04,4.743647873401641846e-01,6.037735849056603543e-01,2.130136191844940186e-01,0.000000000000000000e+00
2.452000000000000000e+04,4.751249849796295166e-01,6.037735849056603543e-01,2.166027277708053589e-01,0.000000000000000000e+00
2.453000000000000000e+04,4.732927381992340088e-01,5.754716981132075304e-01,2.198092043399810791e-01,0.000000000000000000e+00
2.454000000000000000e+04,4.924901425838470459e-01,6.037735849056603543e-01,2.253664135932922363e-01,0.000000000000000000e+00
2.455000000000000000e+04,4.820978343486785889e-01,6.037735849056603543e-01,2.252500206232070923e-01,0.000000000000000000e+00
2.456000000000000000e+04,4.900437593460083008e-01,6.037735849056603543e-01,2.035171538591384888e-01,0.000000000000000000e+00
2.457000000000000000e+04,4.770696759223937988e-01,6.132075471698112956e-01,2.036995440721511841e-01,0.000000000000000000e+00
2.458000000000000000e+04,4.919161498546600342e-01,5.754716981132075304e-01,2.231247127056121826e-01,0.000000000000000000e+00
2.459000000000000000e+04,4.675819575786590576e-01,6.037735849056603543e-01,2.103272229433059692e-01,0.000000000000000000e+00
2.460000000000000000e+04,4.754716455936431885e-01,6.037735849056603543e-01,2.104449123144149780e-01,0.000000000000000000e+00
2.461000000000000000e+04,4.798212349414825439e-01,5.754716981132075304e-01,2.206552624702453613e-01,0.000000000000000000e+00
2.462000000000000000e+04,4.721879363059997559e-01,5.849056603773584717e-01,2.236826717853546143e-01,0.000000000000000000e+00
2.463000000000000000e+04,4.919393062591552734e-01,6.037735849056603543e-01,2.342559546232223511e-01,0.000000000000000000e+00
2.464000000000000000e+04,4.994657635688781738e-01,6.132075471698112956e-01,2.306245565414428711e-01,0.000000000000000000e+00
2.465000000000000000e+04,5.092767477035522461e-01,5.849056603773584717e-01,2.535463571548461914e-01,0.000000000000000000e+00
2.466000000000000000e+04,4.887949824333190918e-01,5.943396226415094130e-01,2.359748333692550659e-01,0.000000000000000000e+00
2.467000000000000000e+04,4.968296885490417480e-01,5.943396226415094130e-01,2.467249929904937744e-01,0.000000000000000000e+00
2.468000000000000000e+04,4.878632128238677979e-01,5.943396226415094130e-01,2.219831049442291260e-01,0.000000000000000000e+00
2.469000000000000000e+04,4.851493537425994873e-01,6.132075471698112956e-01,2.125076949596405029e-01,0.000000000000000000e+00
2.470000000000000000e+04,4.785798490047454834e-01,6.037735849056603543e-01,2.098681628704071045e-01,0.000000000000000000e+00
2.471000000000000000e+04,4.668350815773010254e-01,5.660377358490565891e-01,2.099346369504928589e-01,0.000000000000000000e+00
2.472000000000000000e+04,4.660941958427429199e-01,6.132075471698112956e-01,2.074592262506484985e-01,0.000000000000000000e+00
2.473000000000000000e+04,4.538008868694305420e-01,6.037735849056603543e-01,1.987547874450683594e-01,0.000000000000000000e+00
2.474000000000000000e+04,4.724805653095245361e-01,5.849056603773584717e-01,1.808323562145233154e-01,0.000000000000000000e+00
2.475000000000000000e+04,4.596627056598663330e-01,6.132075471698112956e-01,1.713614463806152344e-01,0.000000000000000000e+00
2.476000000000000000e+04,4.556728601455688477e-01,6.037735849056603543e-01,1.792916357517242432e-01,0.000000000000000000e+00
2.477000000000000000e+04,4.534289836883544922e-01,6.226415094339622369e-01,1.695118546485900879e-01,0.000000000000000000e+00
2.478000000000000000e+04,4.534522891044616699e-01,5.849056603773584717e-01,1.932281702756881714e-01,0.000000000000000000e+00
2.479000000000000000e+04,4.436458349227905273e-01,5.849056603773584717e-01,2.004205733537673950e-01,0.000000000000000000e+00
2.480000000000000000e+04,4.651067554950714111e-01,5.660377358490565891e-01,2.003934532403945923e-01,0.000000000000000000e+00
2.481000000000000000e+04,4.954278767108917236e-01,6.226415094339622369e-01,2.025484740734100342e-01,0.000000000000000000e+00
2.482000000000000000e+04,4.932047128677368164e-01,5.849056603773584717e-01,2.273444533348083496e-01,0.000000000000000000e+00
2.483000000000000000e+04,5.135012865066528320e-01,6.037735849056603543e-01,2.263120412826538086e-01,0.000000000000000000e+00
2.484000000000000000e+04,4.991973042488098145e-01,5.849056603773584717e-01,2.359237074851989746e-01,0.000000000000000000e+00
2.485000000000000000e+04,5.098935365676879883e-01,5.754716981132075304e-01,2.445793598890304565e-01,0.000000000000000000e+00
2.486000000000000000e+04,5.109096765518188477e-01,6.037735849056603543e-01,2.389602512121200562e-01,0.000000000000000000e+00
2.487000000000000000e+04,5.082485079765319824e-01,6.226415094339622369e-01,2.332531213760375977e-01,0.000000000000000000e+00
2.488000000000000000e+04,5.018764734268188477e-01,6.037735849056603543e-01,2.323195040225982666e-01,0.000000000000000000e+00
2.489000000000000000e+04,4.999893903732299805e-01,6.132075471698112956e-01,2.343764752149581909e-01,0.000000000000000000e+00
2.490000000000000000e+04,5.062545537948608398e-01,6.226415094339622369e-01,2.455924451351165771e-01,0.000000000000000000e+00
2.491000000000000000e+04,5.310124754905700684e-01,6.037735849056603543e-01,2.737097144126892090e-01,0.000000000000000000e+00
2.492000000000000000e+04,5.237056612968444824e-01,5.943396226415094130e-01,2.494624406099319458e-01,0.000000000000000000e+00
2.493000000000000000e+04,5.176231861114501953e-01,5.660377358490565891e-01,2.552913725376129150e-01,0.000000000000000000e+00
2.494000000000000000e+04,4.936313629150390625e-01,6.037735849056603543e-01,2.405243217945098877e-01,0.000000000000000000e+00
2.495000000000000000e+04,5.005739331245422363e-01,6.037735849056603543e-01,2.300952523946762085e-01,0.000000000000000000e+00
2.496000000000000000e+04,4.835985600948333740e-01,5.943396226415094130e-01,1.879960298538208008e-01,0.000000000000000000e+00
2.497000000000000000e+04,4.817008078098297119e-01,5.754716981132075304e-01,2.118550091981887817e-01,0.000000000000000000e+00
2.498000000000000000e+04,4.855278432369232178e-01,6.132075471698112956e-01,1.822268813848495483e-01,0.000000000000000000e+00
2.499000000000000000e+04,4.688430726528167725e-01,6.226415094339622369e-01,1.760748028755187988e-01,0.000000000000000000e+00
2.500000000000000000e+04,4.821441471576690674e-01,6.132075471698112956e-01,2.022104412317276001e-01,0.000000000000000000e+00
2.501000000000000000e+04,4.994243383407592773e-01,6.037735849056603543e-01,2.319852262735366821e-01,0.000000000000000000e+00
2.502000000000000000e+04,5.075691342353820801e-01,5.754716981132075304e-01,2.235686480998992920e-01,0.000000000000000000e+00
2.503000000000000000e+04,4.812692999839782715e-01,5.754716981132075304e-01,2.112273573875427246e-01,0.000000000000000000e+00
2.504000000000000000e+04,4.874373078346252441e-01,5.754716981132075304e-01,2.045818865299224854e-01,0.000000000000000000e+00
2.505000000000000000e+04,4.869614243507385254e-01,5.849056603773584717e-01,2.081922888755798340e-01,0.000000000000000000e+00
2.506000000000000000e+04,4.870247244834899902e-01,5.943396226415094130e-01,2.074765264987945557e-01,0.000000000000000000e+00
2.507000000000000000e+04,4.735691845417022705e-01,6.037735849056603543e-01,1.743532270193099976e-01,0.000000000000000000e+00
2.508000000000000000e+04,4.899829030036926270e-01,6.132075471698112956e-01,2.060573995113372803e-01,0.000000000000000000e+00
2.509000000000000000e+04,4.833468496799468994e-01,6.132075471698112956e-01,1.879850775003433228e-01,0.000000000000000000e+00
2.510000000000000000e+04,4.947287440299987793e-01,6.037735849056603543e-01,2.250613123178482056e-01,0.000000000000000000e+00
2.511000000000000000e+04,4.769648611545562744e-01,5.943396226415094130e-01,1.965844631195068359e-01,0.000000000000000000e+00
2.512000000000000000e+04,4.758166670799255371e-01,5.943396226415094130e-01,1.783569455146789551e-01,0.000000000000000000e+00
2.513000000000000000e+04,4.888973236083984375e-01,5.849056603773584717e-01,1.967993229627609253e-01,0.000000000000000000e+00
2.514000000000000000e+04,4.940688014030456543e-01,5.754716981132075304e-01,2.130039632320404053e-01,0.000000000000000000e+00
2.515000000000000000e+04,5.031198859214782715e-01,6.132075471698112956e-01,1.774059832096099854e-01,0.000000000000000000e+00
2.516000000000000000e+04,5.012788176536560059e-01,6.132075471698112956e-01,1.988185197114944458e-01,0.000000000000000000e+00
2.517000000000000000e+04,4.973320960998535156e-01,5.849056603773584717e-01,2.027256637811660767e-01,0.000000000000000000e+00
2.518000000000000000e+04,5.012359023094177246e-01,6.226415094339622369e-01,2.015365362167358398e-01,0.000000000000000000e+00
2.519000000000000000e+04,4.899343252182006836e-01,6.037735849056603543e-01,2.092309892177581787e-01,0.000000000000000000e+00
2.520000000000000000e+04,4.821814298629760742e-01,5.849056603773584717e-01,1.972996145486831665e-01,0.000000000000000000e+00
2.521000000000000000e+04,4.795632064342498779e-01,5.943396226415094130e-01,1.878574341535568237e-01,0.000000000000000000e+00
2.522000000000000000e+04,4.729775190353393555e-01,6.226415094339622369e-01,2.113589942455291748e-01,0.000000000000000000e+00
2.523000000000000000e+04,4.808478355407714844e-01,6.037735849056603543e-01,2.317318767309188843e-01,0.000000000000000000e+00
2.524000000000000000e+04,4.793718159198760986e-01,5.943396226415094130e-01,2.013567537069320679e-01,0.000000000000000000e+00
2.525000000000000000e+04,4.671033024787902832e-01,5.943396226415094130e-01,1.895692199468612671e-01,0.000000000000000000e+00
2.526000000000000000e+04,4.900308549404144287e-01,5.754716981132075304e-01,2.012789100408554077e-01,0.000000000000000000e+00
2.527000000000000000e+04,4.813582897186279297e-01,5.943396226415094130e-01,1.939550936222076416e-01,0.000000000000000000e+00
2.528000000000000000e+04,4.813098013401031494e-01,5.943396226415094130e-01,1.869060248136520386e-01,0.000000000000000000e+00
2.529000000000000000e+04,4.873545467853546143e-01,6.132075471698112956e-01,1.815523803234100342e-01,0.000000000000000000e+00
2.530000000000000000e+04,4.931359887123107910e-01,6.320754716981131782e-01,1.931197047233581543e-01,0.000000000000000000e+00
2.531000000000000000e+04,4.832295179367065430e-01,6.132075471698112956e-01,1.888482421636581421e-01,0.000000000000000000e+00
2.532000000000000000e+04,4.779155552387237549e-01,6.226415094339622369e-01,2.025473862886428833e-01,0.000000000000000000e+00
2.533000000000000000e+04,4.865857362747192383e-01,6.226415094339622369e-01,1.720392853021621704e-01,0.000000000000000000e+00
2.534000000000000000e+04,5.078939199447631836e-01,5.849056603773584717e-01,2.103434503078460693e-01,0.000000000000000000e+00
2.535000000000000000e+04,4.759256839752197266e-01,5.943396226415094130e-01,2.052539736032485962e-01,0.000000000000000000e+00
2.536000000000000000e+04,5.022635459899902344e-01,5.943396226415094130e-01,2.185371220111846924e-01,0.000000000000000000e+00
2.537000000000000000e+04,4.882336854934692383e-01,5.943396226415094130e-01,2.430009543895721436e-01,0.000000000000000000e+00
2.538000000000000000e+04,4.727443754673004150e-01,5.660377358490565891e-01,2.212507426738739014e-01,0.000000000000000000e+00
2.539000000000000000e+04,4.900456964969635010e-01,5.660377358490565891e-01,2.197344005107879639e-01,0.000000000000000000e+00
2.540000000000000000e+04,4.978230595588684082e-01,6.320754716981131782e-01,2.204540222883224487e-01,0.000000000000000000e+00
2.541000000000000000e+04,5.103363394737243652e-01,5.849056603773584717e-01,2.360954135656356812e-01,0.000000000000000000e+00
2.542000000000000000e+04,5.031793713569641113e-01,6.132075471698112956e-01,2.322394251823425293e-01,0.000000000000000000e+00
2.543000000000000000e+04,4.900777935981750488e-01,5.943396226415094130e-01,2.295227944850921631e-01,0.000000000000000000e+00
2.544000000000000000e+04,4.996182620525360107e-01,6.132075471698112956e-01,2.064920514822006226e-01,0.000000000000000000e+00
2.545000000000000000e+04,4.926942288875579834e-01,6.226415094339622369e-01,2.164029628038406372e-01,0.000000000000000000e+00
2.546000000000000000e+04,4.914990961551666260e-01,6.226415094339622369e-01,2.155404537916183472e-01,0.000000000000000000e+00
2.547000000000000000e+04,4.912072420120239258e-01,5.943396226415094130e-01,2.285085469484329224e-01,0.000000000000000000e+00
2.548000000000000000e+04,5.071998834609985352e-01,6.037735849056603543e-01,2.235324382781982422e-01,0.000000000000000000e+00
2.549000000000000000e+04,4.966938495635986328e-01,6.037735849056603543e-01,2.337566763162612915e-01,0.000000000000000000e+00
2.550000000000000000e+04,5.032606720924377441e-01,5.754716981132075304e-01,2.254017889499664307e-01,0.000000000000000000e+00
2.551000000000000000e+04,5.001403689384460449e-01,6.037735849056603543e-01,2.163602709770202637e-01,0.000000000000000000e+00
2.552000000000000000e+04,4.899046123027801514e-01,5.943396226415094130e-01,2.103998661041259766e-01,0.000000000000000000e+00
2.553000000000000000e+04,5.052414536476135254e-01,5.943396226415094130e-01,2.179387807846069336e-01,0.000000000000000000e+00
2.554000000000000000e+04,5.046054124832153320e-01,5.943396226415094130e-01,2.150749862194061279e-01,0.000000000000000000e+00
2.555000000000000000e+04,5.170417428016662598e-01,6.037735849056603543e-01,2.090726196765899658e-01,0.000000000000000000e+00
2.556000000000000000e+04,5.131323337554931641e-01,5.943396226415094130e-01,2.420174777507781982e-01,0.000000000000000000e+00
2.557000000000000000e+04,5.169538259506225586e-01,6.037735849056603543e-01,2.284015268087387085e-01,0.000000000000000000e+00
2.558000000000000000e+04,5.214417576789855957e-01,6.037735849056603543e-01,2.454736232757568359e-01,0.000000000000000000e+00
2.559000000000000000e+04,5.092127323150634766e-01,6.226415094339622369e-01,2.225238829851150513e-01,0.000000000000000000e+00
2.560000000000000000e+04,5.199819207191467285e-01,5.943396226415094130e-01,2.403121590614318848e-01,0.000000000000000000e+00
2.561000000000000000e+04,5.227687954902648926e-01,6.132075471698112956e-01,2.652323246002197266e-01,0.000000000000000000e+00
2.562000000000000000e+04,5.033197999000549316e-01,5.849056603773584717e-01,2.344299405813217163e-01,0.000000000000000000e+00
2.563000000000000000e+04,5.097596049308776855e-01,5.849056603773584717e-01,2.586485445499420166e-01,0.000000000000000000e+00
2.564000000000000000e+04,4.969688653945922852e-01,6.037735849056603543e-01,2.672069370746612549e-01,0.000000000000000000e+00
2.565000000000000000e+04,5.023351907730102539e-01,6.226415094339622369e-01,2.363478392362594604e-01,0.000000000000000000e+00
2.566000000000000000e+04,4.900678694248199463e-01,5.943396226415094130e-01,2.332731485366821289e-01,0.000000000000000000e+00
2.567000000000000000e+04,4.957073032855987549e-01,5.849056603773584717e-01,2.484335899353027344e-01,0.000000000000000000e+00
2.568000000000000000e+04,4.898423552513122559e-01,5.849056603773584717e-01,2.353259027004241943e-01,0.000000000000000000e+00
2.569000000000000000e+04,4.959923326969146729e-01,6.132075471698112956e-01,2.254995554685592651e-01,0.000000000000000000e+00
2.570000000000000000e+04,4.920614957809448242e-01,5.849056603773584717e-01,2.454646825790405273e-01,0.000000000000000000e+00
2.571000000000000000e+04,4.958413839340209961e-01,6.320754716981131782e-01,2.286261320114135742e-01,0.000000000000000000e+00
2.572000000000000000e+04,5.084381103515625000e-01,5.754716981132075304e-01,2.472549229860305786e-01,0.000000000000000000e+00
2.573000000000000000e+04,5.243551731109619141e-01,5.849056603773584717e-01,2.611009478569030762e-01,0.000000000000000000e+00
2.574000000000000000e+04,5.040935873985290527e-01,6.037735849056603543e-01,2.431702166795730591e-01,0.000000000000000000e+00
2.575000000000000000e+04,4.890738725662231445e-01,5.754716981132075304e-01,2.192308604717254639e-01,0.000000000000000000e+00
2.576000000000000000e+04,4.902591705322265625e-01,5.943396226415094130e-01,2.209960073232650757e-01,0.000000000000000000e+00
2.577000000000000000e+04,4.926132857799530029e-01,6.037735849056603543e-01,2.041596472263336182e-01,0.000000000000000000e+00
2.578000000000000000e+04,5.086142420768737793e-01,6.132075471698112956e-01,2.107355445623397827e-01,0.000000000000000000e+00
2.579000000000000000e+04,4.982940554618835449e-01,6.132075471698112956e-01,2.206120938062667847e-01,0.000000000000000000e+00
2.580000000000000000e+04,4.926999509334564209e-01,5.754716981132075304e-01,2.291603982448577881e-01,0.000000000000000000e+00
2.581000000000000000e+04,4.909867644309997559e-01,5.943396226415094130e-01,2.418748736381530762e-01,0.000000000000000000e+00
2.582000000000000000e+04,5.026619434356689453e-01,5.849056603773584717e-01,2.429141104221343994e-01,0.000000000000000000e+00
2.583000000000000000e+04,4.886437654495239258e-01,5.943396226415094130e-01,2.234717160463333130e-01,0.000000000000000000e+00
2.584000000000000000e+04,4.873549640178680420e-01,6.037735849056603543e-01,2.508710026741027832e-01,0.000000000000000000e+00
2.585000000000000000e+04,4.679867923259735107e-01,6.320754716981131782e-01,2.238826900720596313e-01,0.000000000000000000e+00
2.586000000000000000e+04,4.941252171993255615e-01,5.943396226415094130e-01,2.440835833549499512e-01,0.000000000000000000e+00
2.587000000000000000e+04,5.041420459747314453e-01,5.754716981132075304e-01,2.585092186927795410e-01,0.000000000000000000e+00
2.588000000000000000e+04,4.880042076110839844e-01,6.132075471698112956e-01,2.274025380611419678e-01,0.000000000000000000e+00
2.589000000000000000e+04,4.652160108089447021e-01,5.849056603773584717e-01,1.974472701549530029e-01,0.000000000000000000e+00
2.590000000000000000e+04,4.866011440753936768e-01,6.132075471698112956e-01,1.739291995763778687e-01,0.000000000000000000e+00
2.591000000000000000e+04,4.945208132266998291e-01,5.943396226415094130e-01,2.219008356332778931e-01,0.000000000000000000e+00
2.592000000000000000e+04,4.990983605384826660e-01,5.849056603773584717e-01,2.190405875444412231e-01,0.000000000000000000e+00
2.593000000000000000e+04,5.042677521705627441e-01,6.415094339622641195e-01,2.092484086751937866e-01,0.000000000000000000e+00
2.594000000000000000e+04,4.865139424800872803e-01,6.037735849056603543e-01,1.811661422252655029e-01,0.000000000000000000e+00
2.595000000000000000e+04,4.926695227622985840e-01,6.037735849056603543e-01,2.283571660518646240e-01,0.000000000000000000e+00
2.596000000000000000e+04,4.727649688720703125e-01,6.132075471698112956e-01,2.158349603414535522e-01,0.000000000000000000e+00
2.597000000000000000e+04,4.901563823223114014e-01,5.849056603773584717e-01,2.015846669673919678e-01,0.000000000000000000e+00
2.598000000000000000e+04,4.989718794822692871e-01,5.943396226415094130e-01,2.001034170389175415e-01,0.000000000000000000e+00
2.599000000000000000e+04,4.921714663505554199e-01,5.849056603773584717e-01,2.233538925647735596e-01,0.000000000000000000e+00
2.600000000000000000e+04,4.866012334823608398e-01,6.037735849056603543e-01,1.913007944822311401e-01,0.000000000000000000e+00
2.601000000000000000e+04,4.998423457145690918e-01,6.132075471698112956e-01,1.754410713911056519e-01,0.000000000000000000e+00
2.602000000000000000e+04,5.012257695198059082e-01,6.132075471698112956e-01,2.034261375665664673e-01,0.000000000000000000e+00
2.603000000000000000e+04,5.042158365249633789e-01,6.037735849056603543e-01,2.115112543106079102e-01,0.000000000000000000e+00
2.604000000000000000e+04,5.002239942550659180e-01,6.132075471698112956e-01,2.118641585111618042e-01,0.000000000000000000e+00
2.605000000000000000e+04,4.974079430103302002e-01,6.037735849056603543e-01,2.199303358793258667e-01,0.000000000000000000e+00
2.606000000000000000e+04,4.811255931854248047e-01,6.226415094339622369e-01,2.117737382650375366e-01,0.000000000000000000e+00
2.607000000000000000e+04,5.097846984863281250e-01,5.849056603773584717e-01,2.285648584365844727e-01,0.000000000000000000e+00
2.608000000000000000e+04,5.033841729164123535e-01,6.132075471698112956e-01,2.130929380655288696e-01,0.000000000000000000e+00
2.609000000000000000e+04,4.696359634399414062e-01,5.943396226415094130e-01,1.844270974397659302e-01,0.000000000000000000e+00
2.610000000000000000e+04,4.657451212406158447e-01,5.754716981132075304e-01,1.901226937770843506e-01,0.000000000000000000e+00
2.611000000000000000e+04,4.676595330238342285e-01,6.226415094339622369e-01,1.767160594463348389e-01,0.000000000000000000e+00
2.612000000000000000e+04,4.707228243350982666e-01,6.226415094339622369e-01,1.702983826398849487e-01,0.000000000000000000e+00
2.613000000000000000e+04,4.739063084125518799e-01,6.037735849056603543e-01,1.763677448034286499e-01,0.000000000000000000e+00
2.614000000000000000e+04,4.726221263408660889e-01,5.943396226415094130e-01,1.766631901264190674e-01,0.000000000000000000e+00
2.615000000000000000e+04,4.725815057754516602e-01,6.320754716981131782e-01,1.706667244434356689e-01,0.000000000000000000e+00
2.616000000000000000e+04,4.729122519493103027e-01,6.132075471698112956e-01,1.785111129283905029e-01,0.000000000000000000e+00
2.617000000000000000e+04,4.661521911621093750e-01,6.037735849056603543e-01,1.691016256809234619e-01,0.000000000000000000e+00
2.618000000000000000e+04,4.806681573390960693e-01,5.754716981132075304e-01,1.928015649318695068e-01,0.000000000000000000e+00
2.619000000000000000e+04,4.775984883308410645e-01,6.226415094339622369e-01,1.737940162420272827e-01,0.000000000000000000e+00
2.620000000000000000e+04,4.778267741203308105e-01,6.132075471698112956e-01,1.915248036384582520e-01,0.000000000000000000e+00
2.621000000000000000e+04,4.791503548622131348e-01,6.037735849056603543e-01,1.756293773651123047e-01,0.000000000000000000e+00
2.622000000000000000e+04,4.828788340091705322e-01,6.037735849056603543e-01,1.992405951023101807e-01,0.000000000000000000e+00
2.623000000000000000e+04,4.695014059543609619e-01,5.943396226415094130e-01,1.950199306011199951e-01,0.000000000000000000e+00
2.624000000000000000e+04,4.894004166126251221e-01,6.226415094339622369e-01,1.969804465770721436e-01,0.000000000000000000e+00
2.625000000000000000e+04,4.647411108016967773e-01,5.849056603773584717e-01,1.882241666316986084e-01,0.000000000000000000e+00
2.626000000000000000e+04,4.696349799633026123e-01,6.037735849056603543e-01,1.873809099197387695e-01,0.000000000000000000e+00
2.627000000000000000e+04,4.802272617816925049e-01,6.132075471698112956e-01,1.820304691791534424e-01,0.000000000000000000e+00
2.628000000000000000e+04,4.947818815708160400e-01,5.943396226415094130e-01,1.889712363481521606e-01,0.000000000000000000e+00
2.629000000000000000e+04,4.905574023723602295e-01,6.132075471698112956e-01,2.015952169895172119e-01,0.000000000000000000e+00
2.630000000000000000e+04,4.893925786018371582e-01,6.037735849056603543e-01,1.963160336017608643e-01,0.000000000000000000e+00
2.631000000000000000e+04,4.838668107986450195e-01,6.226415094339622369e-01,2.061984241008758545e-01,0.000000000000000000e+00
2.632000000000000000e+04,4.773703217506408691e-01,6.320754716981131782e-01,1.979580223560333252e-01,0.000000000000000000e+00
2.633000000000000000e+04,5.062414407730102539e-01,6.320754716981131782e-01,2.351492494344711304e-01,0.000000000000000000e+00
2.634000000000000000e+04,5.032203197479248047e-01,6.132075471698112956e-01,2.355481982231140137e-01,0.000000000000000000e+00
2.635000000000000000e+04,4.985337555408477783e-01,6.037735849056603543e-01,2.246319949626922607e-01,0.000000000000000000e+00
2.636000000000000000e+04,5.052440762519836426e-01,6.132075471698112956e-01,2.480414658784866333e-01,0.000000000000000000e+00
2.637000000000000000e+04,4.809543192386627197e-01,6.037735849056603543e-01,2.223410010337829590e-01,0.000000000000000000e+00
2.638000000000000000e+04,4.961684644222259521e-01,6.132075471698112956e-01,2.394761294126510620e-01,0.000000000000000000e+00
2.639000000000000000e+04,4.586309790611267090e-01,5.943396226415094130e-01,1.868665814399719238e-01,0.000000000000000000e+00
2.640000000000000000e+04,4.638975560665130615e-01,6.037735849056603543e-01,1.748538315296173096e-01,0.000000000000000000e+00
2.641000000000000000e+04,4.665946066379547119e-01,6.132075471698112956e-01,1.835946440696716309e-01,0.000000000000000000e+00
2.642000000000000000e+04,4.648367166519165039e-01,5.849056603773584717e-01,1.893743574619293213e-01,0.000000000000000000e+00
2.643000000000000000e+04,4.651598036289215088e-01,5.754716981132075304e-01,1.856166869401931763e-01,0.000000000000000000e+00
2.644000000000000000e+04,4.755860269069671631e-01,5.943396226415094130e-01,1.862819194793701172e-01,0.000000000000000000e+00
2.645000000000000000e+04,4.882423281669616699e-01,6.415094339622641195e-01,1.781574636697769165e-01,0.000000000000000000e+00
2.646000000000000000e+04,4.857480227947235107e-01,6.132075471698112956e-01,1.743315160274505615e-01,0.000000000000000000e+00
2.647000000000000000e+04,4.990596175193786621e-01,6.415094339622641195e-01,1.895104050636291504e-01,0.000000000000000000e+00
2.648000000000000000e+04,4.983556866645812988e-01,6.132075471698112956e-01,1.843719631433486938e-01,0.000000000000000000e+00
2.649000000000000000e+04,4.893717765808105469e-01,6.415094339622641195e-01,1.709828376770019531e-01,0.000000000000000000e+00
2.650000000000000000e+04,4.843832552433013916e-01,5.943396226415094130e-01,1.415223330259323120e-01,0.000000000000000000e+00
2.651000000000000000e+04,4.775049984455108643e-01,6.226415094339622369e-01,1.870633959770202637e-01,0.000000000000000000e+00
2.652000000000000000e+04,4.691990315914154053e-01,6.132075471698112956e-01,1.653752326965332031e-01,0.000000000000000000e+00
2.653000000000000000e+04,4.847518801689147949e-01,6.132075471698112956e-01,1.747338622808456421e-01,0.000000000000000000e+00
2.654000000000000000e+04,4.774353206157684326e-01,6.132075471698112956e-01,1.599119305610656738e-01,0.000000000000000000e+00
2.655000000000000000e+04,4.683586955070495605e-01,6.037735849056603543e-01,1.618560850620269775e-01,0.000000000000000000e+00
2.656000000000000000e+04,4.758841693401336670e-01,6.226415094339622369e-01,1.544942259788513184e-01,0.000000000000000000e+00
2.657000000000000000e+04,4.657171666622161865e-01,6.132075471698112956e-01,1.662930250167846680e-01,0.000000000000000000e+00
2.658000000000000000e+04,4.788582324981689453e-01,6.226415094339622369e-01,1.908279508352279663e-01,0.000000000000000000e+00
2.659000000000000000e+04,4.832241237163543701e-01,5.943396226415094130e-01,1.792267709970474243e-01,0.000000000000000000e+00
2.660000000000000000e+04,5.061888098716735840e-01,5.943396226415094130e-01,2.115558236837387085e-01,0.000000000000000000e+00
2.661000000000000000e+04,4.789159297943115234e-01,6.037735849056603543e-01,2.078220099210739136e-01,0.000000000000000000e+00
2.662000000000000000e+04,4.972193241119384766e-01,5.849056603773584717e-01,2.329616248607635498e-01,0.000000000000000000e+00
2.663000000000000000e+04,4.753020703792572021e-01,6.226415094339622369e-01,2.094452679157257080e-01,0.000000000000000000e+00
2.664000000000000000e+04,5.002551674842834473e-01,6.037735849056603543e-01,2.197229862213134766e-01,0.000000000000000000e+00
2.665000000000000000e+04,4.848909974098205566e-01,6.226415094339622369e-01,1.838629543781280518e-01,0.000000000000000000e+00
2.666000000000000000e+04,4.883347451686859131e-01,5.943396226415094130e-01,2.099019736051559448e-01,0.000000000000000000e+00
2.667000000000000000e+04,4.677277803421020508e-01,6.226415094339622369e-01,1.792636662721633911e-01,0.000000000000000000e+00
2.668000000000000000e+04,4.639146924018859863e-01,6.132075471698112956e-01,1.672023236751556396e-01,0.000000000000000000e+00
2.669000000000000000e+04,4.766225814819335938e-01,6.132075471698112956e-01,1.904510408639907837e-01,0.000000000000000000e+00
2.670000000000000000e+04,4.783293604850769043e-01,6.037735849056603543e-01,1.973816305398941040e-01,0.000000000000000000e+00
2.671000000000000000e+04,4.721661806106567383e-01,6.415094339622641195e-01,1.823018491268157959e-01,0.000000000000000000e+00
2.672000000000000000e+04,4.590429961681365967e-01,6.226415094339622369e-01,1.683690100908279419e-01,0.000000000000000000e+00
2.673000000000000000e+04,4.714947640895843506e-01,5.943396226415094130e-01,1.834501773118972778e-01,0.000000000000000000e+00
2.674000000000000000e+04,4.765479266643524170e-01,6.132075471698112956e-01,1.894390285015106201e-01,0.000000000000000000e+00
2.675000000000000000e+04,4.705343842506408691e-01,5.754716981132075304e-01,1.974296867847442627e-01,0.000000000000000000e+00
2.676000000000000000e+04,4.632882177829742432e-01,5.943396226415094130e-01,1.838108748197555542e-01,0.000000000000000000e+00
2.677000000000000000e+04,4.768216907978057861e-01,6.132075471698112956e-01,2.077537178993225098e-01,0.000000000000000000e+00
2.678000000000000000e+04,4.701654911041259766e-01,5.943396226415094130e-01,2.086381763219833374e-01,0.000000000000000000e+00
2.679000000000000000e+04,4.380320608615875244e-01,6.226415094339622369e-01,1.698999553918838501e-01,0.000000000000000000e+00
2.680000000000000000e+04,4.611908495426177979e-01,5.943396226415094130e-01,2.014592885971069336e-01,0.000000000000000000e+00
2.681000000000000000e+04,4.723988771438598633e-01,5.943396226415094130e-01,2.092343866825103760e-01,0.000000000000000000e+00
2.682000000000000000e+04,4.844563007354736328e-01,5.943396226415094130e-01,2.102021574974060059e-01,0.000000000000000000e+00
2.683000000000000000e+04,4.728464186191558838e-01,5.943396226415094130e-01,2.097975164651870728e-01,0.000000000000000000e+00
2.684000000000000000e+04,4.804034829139709473e-01,5.754716981132075304e-01,2.221085131168365479e-01,0.000000000000000000e+00
2.685000000000000000e+04,4.915986359119415283e-01,6.037735849056603543e-01,2.364577353000640869e-01,0.000000000000000000e+00
2.686000000000000000e+04,4.884097576141357422e-01,5.943396226415094130e-01,2.379938811063766479e-01,0.000000000000000000e+00
2.687000000000000000e+04,4.687106311321258545e-01,5.754716981132075304e-01,2.161906957626342773e-01,0.000000000000000000e+00
2.688000000000000000e+04,4.550651609897613525e-01,6.132075471698112956e-01,2.027018070220947266e-01,0.000000000000000000e+00
2.689000000000000000e+04,4.556646347045898438e-01,6.037735849056603543e-01,2.027760148048400879e-01,0.000000000000000000e+00
2.690000000000000000e+04,4.677781760692596436e-01,5.849056603773584717e-01,2.207057476043701172e-01,0.000000000000000000e+00
2.691000000000000000e+04,4.735951721668243408e-01,6.132075471698112956e-01,2.271120995283126831e-01,0.000000000000000000e+00
2.692000000000000000e+04,4.744798839092254639e-01,6.132075471698112956e-01,2.523843348026275635e-01,0.000000000000000000e+00
2.693000000000000000e+04,4.743018746376037598e-01,6.320754716981131782e-01,2.253957390785217285e-01,0.000000000000000000e+00
2.694000000000000000e+04,4.651762247085571289e-01,5.754716981132075304e-01,2.051549702882766724e-01,0.000000000000000000e+00
2.695000000000000000e+04,4.672106802463531494e-01,5.943396226415094130e-01,2.225838154554367065e-01,0.000000000000000000e+00
2.696000000000000000e+04,4.593374133110046387e-01,5.566037735849056478e-01,2.007047086954116821e-01,0.000000000000000000e+00
2.697000000000000000e+04,4.611085057258605957e-01,5.943396226415094130e-01,2.035902589559555054e-01,0.000000000000000000e+00
2.698000000000000000e+04,4.687295854091644287e-01,5.943396226415094130e-01,2.121858149766921997e-01,0.000000000000000000e+00
2.699000000000000000e+04,4.626250863075256348e-01,5.943396226415094130e-01,2.260749042034149170e-01,0.000000000000000000e+00
2.700000000000000000e+04,4.765113294124603271e-01,5.660377358490565891e-01,2.377784699201583862e-01,0.000000000000000000e+00
2.701000000000000000e+04,4.709109961986541748e-01,5.754716981132075304e-01,2.504966259002685547e-01,0.000000000000000000e+00
2.702000000000000000e+04,4.476467370986938477e-01,5.754716981132075304e-01,2.315441966056823730e-01,0.000000000000000000e+00
2.703000000000000000e+04,4.420802593231201172e-01,6.132075471698112956e-01,2.089251279830932617e-01,0.000000000000000000e+00
2.704000000000000000e+04,4.659585058689117432e-01,6.037735849056603543e-01,2.396279126405715942e-01,0.000000000000000000e+00
2.705000000000000000e+04,4.721194505691528320e-01,5.566037735849056478e-01,2.543929219245910645e-01,0.000000000000000000e+00
2.706000000000000000e+04,4.689041376113891602e-01,5.754716981132075304e-01,2.342777550220489502e-01,0.000000000000000000e+00
2.707000000000000000e+04,4.876207411289215088e-01,5.849056603773584717e-01,2.514791786670684814e-01,0.000000000000000000e+00
2.708000000000000000e+04,4.927220046520233154e-01,5.849056603773584717e-01,2.609330415725708008e-01,0.000000000000000000e+00
2.709000000000000000e+04,4.582619667053222656e-01,6.226415094339622369e-01,2.307664304971694946e-01,0.000000000000000000e+00
2.710000000000000000e+04,4.680195152759552002e-01,5.754716981132075304e-01,2.397530227899551392e-01,0.000000000000000000e+00
2.711000000000000000e+04,4.652553498744964600e-01,5.943396226415094130e-01,2.553398609161376953e-01,0.000000000000000000e+00
2.712000000000000000e+04,4.482986927032470703e-01,6.132075471698112956e-01,1.848109811544418335e-01,0.000000000000000000e+00
2.713000000000000000e+04,4.630058705806732178e-01,6.037735849056603543e-01,2.137702107429504395e-01,0.000000000000000000e+00
2.714000000000000000e+04,4.923443496227264404e-01,6.037735849056603543e-01,2.403352409601211548e-01,0.000000000000000000e+00
2.715000000000000000e+04,4.797531962394714355e-01,5.943396226415094130e-01,2.077285051345825195e-01,0.000000000000000000e+00
2.716000000000000000e+04,4.805634617805480957e-01,5.754716981132075304e-01,2.407643496990203857e-01,0.000000000000000000e+00
2.717000000000000000e+04,4.605511426925659180e-01,5.943396226415094130e-01,2.119002193212509155e-01,0.000000000000000000e+00
2.718000000000000000e+04,4.776993691921234131e-01,5.943396226415094130e-01,2.211292684078216553e-01,0.000000000000000000e+00
2.719000000000000000e+04,4.768041670322418213e-01,5.754716981132075304e-01,2.282939404249191284e-01,0.000000000000000000e+00
2.720000000000000000e+04,4.683005809783935547e-01,6.132075471698112956e-01,2.123334556818008423e-01,0.000000000000000000e+00
2.721000000000000000e+04,4.686181545257568359e-01,6.320754716981131782e-01,2.184802442789077759e-01,0.000000000000000000e+00
2.722000000000000000e+04,4.813753664493560791e-01,6.132075471698112956e-01,2.237122952938079834e-01,0.000000000000000000e+00
2.723000000000000000e+04,4.644579291343688965e-01,5.660377358490565891e-01,2.258726656436920166e-01,0.000000000000000000e+00
2.724000000000000000e+04,4.546523392200469971e-01,6.037735849056603543e-01,2.067088186740875244e-01,0.000000000000000000e+00
2.725000000000000000e+04,4.520135521888732910e-01,6.132075471698112956e-01,2.096970528364181519e-01,0.000000000000000000e+00
2.726000000000000000e+04,4.631388187408447266e-01,5.943396226415094130e-01,1.899641305208206177e-01,0.000000000000000000e+00
2.727000000000000000e+04,4.661282896995544434e-01,5.849056603773584717e-01,2.160629332065582275e-01,0.000000000000000000e+00
2.728000000000000000e+04,4.684101343154907227e-01,6.132075471698112956e-01,2.160290479660034180e-01,0.000000000000000000e+00
2.729000000000000000e+04,4.582179784774780273e-01,6.320754716981131782e-01,2.041051089763641357e-01,0.000000000000000000e+00
2.730000000000000000e+04,4.452458322048187256e-01,6.132075471698112956e-01,2.085057646036148071e-01,0.000000000000000000e+00
2.731000000000000000e+04,4.596278369426727295e-01,5.943396226415094130e-01,2.062824368476867676e-01,0.000000000000000000e+00
2.732000000000000000e+04,4.589796066284179688e-01,6.320754716981131782e-01,2.193736582994461060e-01,0.000000000000000000e+00
2.733000000000000000e+04,4.625101387500762939e-01,6.226415094339622369e-01,2.037160694599151611e-01,0.000000000000000000e+00
2.734000000000000000e+04,4.529675245285034180e-01,6.226415094339622369e-01,1.845369935035705566e-01,0.000000000000000000e+00
2.735000000000000000e+04,4.495220184326171875e-01,6.037735849056603543e-01,2.184421122074127197e-01,0.000000000000000000e+00
2.736000000000000000e+04,4.755710363388061523e-01,6.037735849056603543e-01,2.236352413892745972e-01,0.000000000000000000e+00
2.737000000000000000e+04,4.686246812343597412e-01,5.943396226415094130e-01,2.395674735307693481e-01,0.000000000000000000e+00
2.738000000000000000e+04,4.820277988910675049e-01,5.943396226415094130e-01,2.491872608661651611e-01,0.000000000000000000e+00
2.739000000000000000e+04,4.673385918140411377e-01,6.037735849056603543e-01,2.054576575756072998e-01,0.000000000000000000e+00
2.740000000000000000e+04,4.648647606372833252e-01,6.132075471698112956e-01,2.117787301540374756e-01,0.000000000000000000e+00
2.741000000000000000e+04,4.590701460838317871e-01,6.226415094339622369e-01,1.789098531007766724e-01,0.000000000000000000e+00
2.742000000000000000e+04,4.530001282691955566e-01,6.037735849056603543e-01,1.820040345191955566e-01,0.000000000000000000e+00
2.743000000000000000e+04,4.446212947368621826e-01,6.037735849056603543e-01,1.953453570604324341e-01,0.000000000000000000e+00
2.744000000000000000e+04,4.805383384227752686e-01,6.226415094339622369e-01,1.921712160110473633e-01,0.000000000000000000e+00
2.745000000000000000e+04,4.816440939903259277e-01,6.037735849056603543e-01,2.125233411788940430e-01,0.000000000000000000e+00
2.746000000000000000e+04,4.807214140892028809e-01,5.849056603773584717e-01,1.789532303810119629e-01,0.000000000000000000e+00
2.747000000000000000e+04,4.962297976016998291e-01,5.754716981132075304e-01,2.017549127340316772e-01,0.000000000000000000e+00
2.748000000000000000e+04,4.571509957313537598e-01,6.226415094339622369e-01,1.603264361619949341e-01,0.000000000000000000e+00
2.749000000000000000e+04,4.603851735591888428e-01,6.226415094339622369e-01,1.563389003276824951e-01,0.000000000000000000e+00
2.750000000000000000e+04,4.788176417350769043e-01,5.943396226415094130e-01,1.912291198968887329e-01,0.000000000000000000e+00
2.751000000000000000e+04,4.769295454025268555e-01,5.849056603773584717e-01,1.960103362798690796e-01,0.000000000000000000e+00
2.752000000000000000e+04,4.719407558441162109e-01,6.037735849056603543e-01,1.899552941322326660e-01,0.000000000000000000e+00
2.753000000000000000e+04,4.631687998771667480e-01,5.849056603773584717e-01,1.844325661659240723e-01,0.000000000000000000e+00
2.754000000000000000e+04,4.548241496086120605e-01,6.226415094339622369e-01,2.044372707605361938e-01,0.000000000000000000e+00
2.755000000000000000e+04,4.779445230960845947e-01,5.943396226415094130e-01,2.299792766571044922e-01,0.000000000000000000e+00
2.756000000000000000e+04,4.743210077285766602e-01,5.849056603773584717e-01,2.239962518215179443e-01,0.000000000000000000e+00
2.757000000000000000e+04,4.769774973392486572e-01,5.660377358490565891e-01,2.156841456890106201e-01,0.000000000000000000e+00
2.758000000000000000e+04,4.716257452964782715e-01,6.226415094339622369e-01,1.960054188966751099e-01,0.000000000000000000e+00
2.759000000000000000e+04,4.666543006896972656e-01,5.754716981132075304e-01,2.059642672538757324e-01,0.000000000000000000e+00
2.760000000000000000e+04,4.642653763294219971e-01,5.754716981132075304e-01,2.047515660524368286e-01,0.000000000000000000e+00
2.761000000000000000e+04,4.527495503425598145e-01,6.037735849056603543e-01,1.988120377063751221e-01,0.000000000000000000e+00
2.762000000000000000e+04,4.536933004856109619e-01,5.849056603773584717e-01,2.007865309715270996e-01,0.000000000000000000e+00
2.763000000000000000e+04,4.432415366172790527e-01,6.132075471698112956e-01,1.768661290407180786e-01,0.000000000000000000e+00
2.764000000000000000e+04,4.787853658199310303e-01,6.037735849056603543e-01,2.129650413990020752e-01,0.000000000000000000e+00
2.765000000000000000e+04,4.593465924263000488e-01,6.037735849056603543e-01,2.152129858732223511e-01,0.000000000000000000e+00
2.766000000000000000e+04,4.467627108097076416e-01,6.132075471698112956e-01,2.018912732601165771e-01,0.000000000000000000e+00
2.767000000000000000e+04,4.670244157314300537e-01,6.226415094339622369e-01,2.208690345287322998e-01,0.000000000000000000e+00
2.768000000000000000e+04,4.653672873973846436e-01,6.037735849056603543e-01,2.067126780748367310e-01,0.000000000000000000e+00
2.769000000000000000e+04,4.550706446170806885e-01,6.037735849056603543e-01,1.832112520933151245e-01,0.000000000000000000e+00
2.770000000000000000e+04,4.627371728420257568e-01,6.037735849056603543e-01,1.905481368303298950e-01,0.000000000000000000e+00
2.771000000000000000e+04,4.722034931182861328e-01,6.037735849056603543e-01,2.237000018358230591e-01,0.000000000000000000e+00
2.772000000000000000e+04,4.637757837772369385e-01,5.943396226415094130e-01,2.135221958160400391e-01,0.000000000000000000e+00
2.773000000000000000e+04,4.639746546745300293e-01,5.849056603773584717e-01,2.009183466434478760e-01,0.000000000000000000e+00
2.774000000000000000e+04,4.578664004802703857e-01,6.037735849056603543e-01,2.148565649986267090e-01,0.000000000000000000e+00
2.775000000000000000e+04,4.614057242870330811e-01,6.226415094339622369e-01,2.019532769918441772e-01,0.000000000000000000e+00
2.776000000000000000e+04,4.596053659915924072e-01,5.943396226415094130e-01,1.996722817420959473e-01,0.000000000000000000e+00
2.777000000000000000e+04,4.861426651477813721e-01,5.943396226415094130e-01,2.077422589063644409e-01,0.000000000000000000e+00
2.778000000000000000e+04,4.894274473190307617e-01,5.943396226415094130e-01,2.101755440235137939e-01,0.000000000000000000e+00
2.779000000000000000e+04,4.911899864673614502e-01,6.037735849056603543e-01,2.109705954790115356e-01,0.000000000000000000e+00
2.780000000000000000e+04,4.808589220046997070e-01,6.132075471698112956e-01,1.920631974935531616e-01,0.000000000000000000e+00
2.781000000000000000e+04,4.787976443767547607e-01,5.943396226415094130e-01,2.013950794935226440e-01,0.000000000000000000e+00
2.782000000000000000e+04,4.722870588302612305e-01,6.132075471698112956e-01,2.124145627021789551e-01,0.000000000000000000e+00
2.783000000000000000e+04,4.729171097278594971e-01,6.037735849056603543e-01,2.123754322528839111e-01,0.000000000000000000e+00
2.784000000000000000e+04,4.804199635982513428e-01,5.849056603773584717e-01,2.158940434455871582e-01,0.000000000000000000e+00
2.785000000000000000e+04,4.691374301910400391e-01,6.037735849056603543e-01,2.233621776103973389e-01,0.000000000000000000e+00
2.786000000000000000e+04,4.842916131019592285e-01,6.132075471698112956e-01,2.245199829339981079e-01,0.000000000000000000e+00
2.787000000000000000e+04,4.798981845378875732e-01,5.849056603773584717e-01,2.409326881170272827e-01,0.000000000000000000e+00
2.788000000000000000e+04,4.947060942649841309e-01,5.849056603773584717e-01,2.575617432594299316e-01,0.000000000000000000e+00
2.789000000000000000e+04,4.936286509037017822e-01,6.037735849056603543e-01,2.256482690572738647e-01,0.000000000000000000e+00
2.790000000000000000e+04,5.062893033027648926e-01,6.037735849056603543e-01,2.395349740982055664e-01,0.000000000000000000e+00
2.791000000000000000e+04,4.917825162410736084e-01,6.226415094339622369e-01,2.318456172943115234e-01,0.000000000000000000e+00
2.792000000000000000e+04,4.945503473281860352e-01,5.849056603773584717e-01,2.380606830120086670e-01,0.000000000000000000e+00
2.793000000000000000e+04,4.772113561630249023e-01,6.132075471698112956e-01,2.247667610645294189e-01,0.000000000000000000e+00
2.794000000000000000e+04,4.888760745525360107e-01,6.132075471698112956e-01,2.194688767194747925e-01,0.000000000000000000e+00
2.795000000000000000e+04,4.595710039138793945e-01,5.943396226415094130e-01,2.174847871065139771e-01,0.000000000000000000e+00
2.796000000000000000e+04,4.728618860244750977e-01,6.132075471698112956e-01,2.287267148494720459e-01,0.000000000000000000e+00
2.797000000000000000e+04,4.698553979396820068e-01,6.037735849056603543e-01,1.947651058435440063e-01,0.000000000000000000e+00
2.798000000000000000e+04,4.869513511657714844e-01,6.226415094339622369e-01,2.157608717679977417e-01,0.000000000000000000e+00
2.799000000000000000e+04,4.949907660484313965e-01,5.754716981132075304e-01,2.117177546024322510e-01,0.000000000000000000e+00
2.800000000000000000e+04,4.783493876457214355e-01,6.037735849056603543e-01,2.105994671583175659e-01,0.000000000000000000e+00
2.801000000000000000e+04,4.738122522830963135e-01,6.132075471698112956e-01,2.046308815479278564e-01,0.000000000000000000e+00
2.802000000000000000e+04,4.861186444759368896e-01,5.943396226415094130e-01,2.119600325822830200e-01,0.000000000000000000e+00
2.803000000000000000e+04,5.154041051864624023e-01,5.754716981132075304e-01,2.775292694568634033e-01,0.000000000000000000e+00
2.804000000000000000e+04,5.088421702384948730e-01,5.660377358490565891e-01,2.423651069402694702e-01,0.000000000000000000e+00
2.805000000000000000e+04,5.032769441604614258e-01,5.849056603773584717e-01,2.271514534950256348e-01,0.000000000000000000e+00
2.806000000000000000e+04,4.891759157180786133e-01,6.037735849056603543e-01,2.251728177070617676e-01,0.000000000000000000e+00
2.807000000000000000e+04,4.797255992889404297e-01,6.037735849056603543e-01,2.154346257448196411e-01,0.000000000000000000e+00
2.808000000000000000e+04,4.834949076175689697e-01,6.037735849056603543e-01,2.413917183876037598e-01,0.000000000000000000e+00
2.809000000000000000e+04,4.880936741828918457e-01,5.849056603773584717e-01,2.337612509727478027e-01,0.000000000000000000e+00
2.810000000000000000e+04,4.783836007118225098e-01,6.132075471698112956e-01,2.453270554542541504e-01,0.000000000000000000e+00
2.811000000000000000e+04,4.923518598079681396e-01,5.849056603773584717e-01,2.449913322925567627e-01,0.000000000000000000e+00
2.812000000000000000e+04,4.611293673515319824e-01,5.849056603773584717e-01,2.180092185735702515e-01,0.000000000000000000e+00
2.813000000000000000e+04,4.811254739761352539e-01,6.037735849056603543e-01,2.404733747243881226e-01,0.000000000000000000e+00
2.814000000000000000e+04,4.824662208557128906e-01,5.849056603773584717e-01,2.344747632741928101e-01,0.000000000000000000e+00
2.815000000000000000e+04,4.918559491634368896e-01,5.754716981132075304e-01,2.451761513948440552e-01,0.000000000000000000e+00
2.816000000000000000e+04,4.958466291427612305e-01,6.037735849056603543e-01,2.299117445945739746e-01,0.000000000000000000e+00
2.817000000000000000e+04,4.942922294139862061e-01,5.754716981132075304e-01,2.393302023410797119e-01,0.000000000000000000e+00
2.818000000000000000e+04,4.857442677021026611e-01,5.943396226415094130e-01,2.309883981943130493e-01,0.000000000000000000e+00
2.819000000000000000e+04,5.049584507942199707e-01,5.943396226415094130e-01,2.648848891258239746e-01,0.000000000000000000e+00
2.820000000000000000e+04,5.070210099220275879e-01,5.660377358490565891e-01,2.596538960933685303e-01,0.000000000000000000e+00
2.821000000000000000e+04,5.132669806480407715e-01,5.754716981132075304e-01,2.674193084239959717e-01,0.000000000000000000e+00
2.822000000000000000e+04,4.906843900680541992e-01,5.754716981132075304e-01,2.261887192726135254e-01,0.000000000000000000e+00
2.823000000000000000e+04,5.098477602005004883e-01,5.849056603773584717e-01,2.442775964736938477e-01,0.000000000000000000e+00
2.824000000000000000e+04,5.084905624389648438e-01,5.943396226415094130e-01,2.470208108425140381e-01,0.000000000000000000e+00
2.825000000000000000e+04,5.073103308677673340e-01,5.943396226415094130e-01,2.428762912750244141e-01,0.000000000000000000e+00
2.826000000000000000e+04,4.930197894573211670e-01,5.943396226415094130e-01,2.281595915555953979e-01,0.000000000000000000e+00
2.827000000000000000e+04,4.853949248790740967e-01,5.849056603773584717e-01,2.268451601266860962e-01,0.000000000000000000e+00
2.828000000000000000e+04,4.852973222732543945e-01,5.849056603773584717e-01,2.419930696487426758e-01,0.000000000000000000e+00
2.829000000000000000e+04,4.954931735992431641e-01,6.132075471698112956e-01,2.439530491828918457e-01,0.000000000000000000e+00
2.830000000000000000e+04,5.017215013504028320e-01,5.754716981132075304e-01,2.258360981941223145e-01,0.000000000000000000e+00
2.831000000000000000e+04,5.014228820800781250e-01,5.943396226415094130e-01,2.573133111000061035e-01,0.000000000000000000e+00
2.832000000000000000e+04,5.050288438796997070e-01,5.377358490566037652e-01,2.645939588546752930e-01,0.000000000000000000e+00
2.833000000000000000e+04,4.770532250404357910e-01,5.660377358490565891e-01,2.421874552965164185e-01,0.000000000000000000e+00
2.834000000000000000e+04,4.857895076274871826e-01,5.943396226415094130e-01,2.190876603126525879e-01,0.000000000000000000e+00
2.835000000000000000e+04,5.023577213287353516e-01,6.037735849056603543e-01,2.318017482757568359e-01,0.000000000000000000e+00
2.836000000000000000e+04,4.998406171798706055e-01,5.849056603773584717e-01,2.449161708354949951e-01,0.000000000000000000e+00
2.837000000000000000e+04,5.010161399841308594e-01,6.037735849056603543e-01,2.310586124658584595e-01,0.000000000000000000e+00
2.838000000000000000e+04,4.987193644046783447e-01,5.754716981132075304e-01,2.316191643476486206e-01,0.000000000000000000e+00
2.839000000000000000e+04,4.848637580871582031e-01,5.754716981132075304e-01,2.244388610124588013e-01,0.000000000000000000e+00
2.840000000000000000e+04,4.961586594581604004e-01,6.226415094339622369e-01,2.260482013225555420e-01,0.000000000000000000e+00
2.841000000000000000e+04,4.860471487045288086e-01,5.660377358490565891e-01,2.450218349695205688e-01,0.000000000000000000e+00
2.842000000000000000e+04,4.981583654880523682e-01,5.849056603773584717e-01,2.565739452838897705e-01,0.000000000000000000e+00
2.843000000000000000e+04,4.859036207199096680e-01,5.754716981132075304e-01,2.554729878902435303e-01,0.000000000000000000e+00
2.844000000000000000e+04,4.751839041709899902e-01,5.849056603773584717e-01,2.128951400518417358e-01,0.000000000000000000e+00
2.845000000000000000e+04,4.712942838668823242e-01,5.754716981132075304e-01,2.415691018104553223e-01,0.000000000000000000e+00
2.846000000000000000e+04,4.762480258941650391e-01,6.132075471698112956e-01,2.320676445960998535e-01,0.000000000000000000e+00
2.847000000000000000e+04,4.732257127761840820e-01,6.132075471698112956e-01,2.396831959486007690e-01,0.000000000000000000e+00
2.848000000000000000e+04,4.915943145751953125e-01,5.943396226415094130e-01,2.602344453334808350e-01,0.000000000000000000e+00
2.849000000000000000e+04,4.873177409172058105e-01,5.660377358490565891e-01,2.497038692235946655e-01,0.000000000000000000e+00
2.850000000000000000e+04,5.042465329170227051e-01,5.943396226415094130e-01,2.597483694553375244e-01,0.000000000000000000e+00
2.851000000000000000e+04,4.819207787513732910e-01,6.226415094339622369e-01,2.440486401319503784e-01,0.000000000000000000e+00
2.852000000000000000e+04,4.783761203289031982e-01,6.132075471698112956e-01,2.285855114459991455e-01,0.000000000000000000e+00
2.853000000000000000e+04,4.846839606761932373e-01,5.943396226415094130e-01,2.527945935726165771e-01,0.000000000000000000e+00
2.854000000000000000e+04,4.991314411163330078e-01,6.037735849056603543e-01,2.518925070762634277e-01,0.000000000000000000e+00
2.855000000000000000e+04,4.724538922309875488e-01,5.943396226415094130e-01,2.176711410284042358e-01,0.000000000000000000e+00
2.856000000000000000e+04,4.598545730113983154e-01,6.226415094339622369e-01,2.174091935157775879e-01,0.000000000000000000e+00
2.857000000000000000e+04,4.705224633216857910e-01,5.943396226415094130e-01,2.090179771184921265e-01,0.000000000000000000e+00
2.858000000000000000e+04,4.764665663242340088e-01,6.320754716981131782e-01,2.144651114940643311e-01,0.000000000000000000e+00
2.859000000000000000e+04,4.636679291725158691e-01,6.037735849056603543e-01,2.187657058238983154e-01,0.000000000000000000e+00
2.860000000000000000e+04,4.653010368347167969e-01,6.037735849056603543e-01,2.087532430887222290e-01,0.000000000000000000e+00
2.861000000000000000e+04,4.712567627429962158e-01,6.132075471698112956e-01,2.124346792697906494e-01,0.000000000000000000e+00
2.862000000000000000e+04,4.726166129112243652e-01,5.849056603773584717e-01,2.189588099718093872e-01,0.000000000000000000e+00
2.863000000000000000e+04,4.734626710414886475e-01,6.037735849056603543e-01,2.133282721042633057e-01,0.000000000000000000e+00
2.864000000000000000e+04,4.888947606086730957e-01,5.943396226415094130e-01,2.320013642311096191e-01,0.000000000000000000e+00
2.865000000000000000e+04,5.027937293052673340e-01,6.037735849056603543e-01,2.654972672462463379e-01,0.000000000000000000e+00
2.866000000000000000e+04,5.030596256256103516e-01,5.943396226415094130e-01,2.381144911050796509e-01,0.000000000000000000e+00
2.867000000000000000e+04,4.859161674976348877e-01,5.943396226415094130e-01,2.374159246683120728e-01,0.000000000000000000e+00
2.868000000000000000e+04,4.909922480583190918e-01,6.132075471698112956e-01,2.147988379001617432e-01,0.000000000000000000e+00
2.869000000000000000e+04,4.860535562038421631e-01,6.037735849056603543e-01,2.256929725408554077e-01,0.000000000000000000e+00
2.870000000000000000e+04,4.718452692031860352e-01,5.660377358490565891e-01,2.152027785778045654e-01,0.000000000000000000e+00
2.871000000000000000e+04,4.629497826099395752e-01,6.132075471698112956e-01,2.122481018304824829e-01,0.000000000000000000e+00
2.872000000000000000e+04,4.607514441013336182e-01,6.226415094339622369e-01,1.846434175968170166e-01,0.000000000000000000e+00
2.873000000000000000e+04,4.529162943363189697e-01,6.132075471698112956e-01,1.821899116039276123e-01,0.000000000000000000e+00
2.874000000000000000e+04,4.710207879543304443e-01,5.849056603773584717e-01,2.008793652057647705e-01,0.000000000000000000e+00
2.875000000000000000e+04,4.468539655208587646e-01,6.226415094339622369e-01,1.836865991353988647e-01,0.000000000000000000e+00
2.876000000000000000e+04,4.592547416687011719e-01,5.943396226415094130e-01,1.787111908197402954e-01,0.000000000000000000e+00
2.877000000000000000e+04,4.539831578731536865e-01,6.226415094339622369e-01,1.911991089582443237e-01,0.000000000000000000e+00
2.878000000000000000e+04,4.485066533088684082e-01,6.037735849056603543e-01,1.817759126424789429e-01,0.000000000000000000e+00
2.879000000000000000e+04,4.579561650753021240e-01,6.226415094339622369e-01,1.659808754920959473e-01,0.000000000000000000e+00
2.880000000000000000e+04,4.638447761535644531e-01,6.415094339622641195e-01,1.819541603326797485e-01,0.000000000000000000e+00
2.881000000000000000e+04,4.560561478137969971e-01,6.509433962264150608e-01,1.819120645523071289e-01,0.000000000000000000e+00
2.882000000000000000e+04,4.432410597801208496e-01,6.509433962264150608e-01,1.680746376514434814e-01,0.000000000000000000e+00
2.883000000000000000e+04,4.423058629035949707e-01,6.320754716981131782e-01,1.775496602058410645e-01,0.000000000000000000e+00
2.884000000000000000e+04,4.427807033061981201e-01,6.132075471698112956e-01,1.328149735927581787e-01,0.000000000000000000e+00
2.885000000000000000e+04,4.585311114788055420e-01,6.320754716981131782e-01,1.732387989759445190e-01,0.000000000000000000e+00
2.886000000000000000e+04,4.459981024265289307e-01,6.415094339622641195e-01,1.497598290443420410e-01,0.000000000000000000e+00
2.887000000000000000e+04,4.724631309509277344e-01,5.660377358490565891e-01,2.071385085582733154e-01,0.000000000000000000e+00
2.888000000000000000e+04,4.612044095993041992e-01,5.849056603773584717e-01,1.922043710947036743e-01,0.000000000000000000e+00
2.889000000000000000e+04,4.840650558471679688e-01,5.849056603773584717e-01,2.177641540765762329e-01,0.000000000000000000e+00
2.890000000000000000e+04,4.687926769256591797e-01,6.037735849056603543e-01,1.952387094497680664e-01,0.000000000000000000e+00
2.891000000000000000e+04,4.776095449924468994e-01,5.849056603773584717e-01,2.087486535310745239e-01,0.000000000000000000e+00
2.892000000000000000e+04,4.750327765941619873e-01,6.037735849056603543e-01,2.228613346815109253e-01,0.000000000000000000e+00
2.893000000000000000e+04,4.638172388076782227e-01,5.943396226415094130e-01,2.275524735450744629e-01,0.000000000000000000e+00
2.894000000000000000e+04,4.535082876682281494e-01,6.037735849056603543e-01,1.895747780799865723e-01,0.000000000000000000e+00
2.895000000000000000e+04,4.579981863498687744e-01,5.849056603773584717e-01,2.048473209142684937e-01,0.000000000000000000e+00
2.896000000000000000e+04,4.578392505645751953e-01,5.754716981132075304e-01,2.019950598478317261e-01,0.000000000000000000e+00
2.897000000000000000e+04,4.659119546413421631e-01,5.943396226415094130e-01,2.020069509744644165e-01,0.000000000000000000e+00
2.898000000000000000e+04,4.586685597896575928e-01,5.754716981132075304e-01,2.015712857246398926e-01,0.000000000000000000e+00
2.899000000000000000e+04,4.698305428028106689e-01,5.754716981132075304e-01,2.283790111541748047e-01,0.000000000000000000e+00
2.900000000000000000e+04,4.753193557262420654e-01,5.849056603773584717e-01,2.252926230430603027e-01,0.000000000000000000e+00
2.901000000000000000e+04,4.707600772380828857e-01,5.849056603773584717e-01,2.099293768405914307e-01,0.000000000000000000e+00
2.902000000000000000e+04,4.795093834400177002e-01,5.943396226415094130e-01,2.235680967569351196e-01,0.000000000000000000e+00
2.903000000000000000e+04,4.652621150016784668e-01,5.660377358490565891e-01,2.183076441287994385e-01,0.000000000000000000e+00
2.904000000000000000e+04,4.763363599777221680e-01,5.943396226415094130e-01,2.146255820989608765e-01,0.000000000000000000e+00
2.905000000000000000e+04,4.708983600139617920e-01,6.132075471698112956e-01,2.171885371208190918e-01,0.000000000000000000e+00
2.906000000000000000e+04,4.646591246128082275e-01,5.754716981132075304e-01,2.101071476936340332e-01,0.000000000000000000e+00
2.907000000000000000e+04,4.615043997764587402e-01,5.849056603773584717e-01,2.034364193677902222e-01,0.000000000000000000e+00
2.908000000000000000e+04,4.507965743541717529e-01,5.943396226415094130e-01,1.987483948469161987e-01,0.000000000000000000e+00
2.909000000000000000e+04,4.531765878200531006e-01,6.037735849056603543e-01,1.855264902114868164e-01,0.000000000000000000e+00
2.910000000000000000e+04,4.547967910766601562e-01,5.943396226415094130e-01,1.835098713636398315e-01,0.000000000000000000e+00
2.911000000000000000e+04,4.611527025699615479e-01,5.754716981132075304e-01,2.211251705884933472e-01,0.000000000000000000e+00
2.912000000000000000e+04,4.572916328907012939e-01,5.754716981132075304e-01,1.971498131752014160e-01,0.000000000000000000e+00
2.913000000000000000e+04,4.670065045356750488e-01,5.660377358490565891e-01,2.112598717212677002e-01,0.000000000000000000e+00
2.914000000000000000e+04,4.495376348495483398e-01,5.943396226415094130e-01,2.094802558422088623e-01,0.000000000000000000e+00
2.915000000000000000e+04,4.617620408535003662e-01,6.037735849056603543e-01,1.983532011508941650e-01,0.000000000000000000e+00
2.916000000000000000e+04,4.715547561645507812e-01,5.754716981132075304e-01,2.023622989654541016e-01,0.000000000000000000e+00
2.917000000000000000e+04,4.700281620025634766e-01,5.849056603773584717e-01,2.296590209007263184e-01,0.000000000000000000e+00
2.918000000000000000e+04,4.631428718566894531e-01,6.132075471698112956e-01,2.083293199539184570e-01,0.000000000000000000e+00
2.919000000000000000e+04,4.630467295646667480e-01,6.226415094339622369e-01,2.100127637386322021e-01,0.000000000000000000e+00
2.920000000000000000e+04,4.713328182697296143e-01,5.754716981132075304e-01,2.136305421590805054e-01,0.000000000000000000e+00
2.921000000000000000e+04,4.642066657543182373e-01,6.037735849056603543e-01,2.100222259759902954e-01,0.000000000000000000e+00
2.922000000000000000e+04,4.722902774810791016e-01,6.037735849056603543e-01,2.180535644292831421e-01,0.000000000000000000e+00
2.923000000000000000e+04,4.641868174076080322e-01,6.132075471698112956e-01,1.932151168584823608e-01,0.000000000000000000e+00
2.924000000000000000e+04,4.709833264350891113e-01,6.320754716981131782e-01,2.006667405366897583e-01,0.000000000000000000e+00
2.925000000000000000e+04,4.834168255329132080e-01,5.943396226415094130e-01,2.071852982044219971e-01,0.000000000000000000e+00
2.926000000000000000e+04,4.938418567180633545e-01,5.943396226415094130e-01,2.451379150152206421e-01,0.000000000000000000e+00
2.927000000000000000e+04,4.896592199802398682e-01,6.037735849056603543e-01,2.311704158782958984e-01,0.000000000000000000e+00
2.928000000000000000e+04,4.874619543552398682e-01,5.849056603773584717e-01,2.338809520006179810e-01,0.000000000000000000e+00
2.929000000000000000e+04,4.871731400489807129e-01,6.037735849056603543e-01,2.319504320621490479e-01,0.000000000000000000e+00
2.930000000000000000e+04,4.991841316223144531e-01,5.754716981132075304e-01,2.502239942550659180e-01,0.000000000000000000e+00
2.931000000000000000e+04,4.970952272415161133e-01,5.943396226415094130e-01,2.619099617004394531e-01,0.000000000000000000e+00
2.932000000000000000e+04,4.856939017772674561e-01,5.849056603773584717e-01,2.338913530111312866e-01,0.000000000000000000e+00
2.933000000000000000e+04,4.769574105739593506e-01,5.660377358490565891e-01,2.378924787044525146e-01,0.000000000000000000e+00
2.934000000000000000e+04,4.860147237777709961e-01,5.660377358490565891e-01,2.421555966138839722e-01,0.000000000000000000e+00
2.935000000000000000e+04,5.052318572998046875e-01,5.754716981132075304e-01,2.577015161514282227e-01,0.000000000000000000e+00
2.936000000000000000e+04,4.987359344959259033e-01,5.943396226415094130e-01,2.557502090930938721e-01,0.000000000000000000e+00
2.937000000000000000e+04,5.171647667884826660e-01,5.660377358490565891e-01,2.840365171432495117e-01,0.000000000000000000e+00
2.938000000000000000e+04,5.295950770378112793e-01,5.660377358490565891e-01,3.088129162788391113e-01,0.000000000000000000e+00
2.939000000000000000e+04,5.244457125663757324e-01,5.943396226415094130e-01,2.796581089496612549e-01,0.000000000000000000e+00
2.940000000000000000e+04,5.054481625556945801e-01,5.660377358490565891e-01,2.686760723590850830e-01,0.000000000000000000e+00
2.941000000000000000e+04,5.006819367408752441e-01,5.660377358490565891e-01,2.572661340236663818e-01,0.000000000000000000e+00
2.942000000000000000e+04,4.993749856948852539e-01,5.849056603773584717e-01,2.594417333602905273e-01,0.000000000000000000e+00
2.943000000000000000e+04,5.061224102973937988e-01,5.660377358490565891e-01,2.705571651458740234e-01,0.000000000000000000e+00
2.944000000000000000e+04,5.090581774711608887e-01,5.754716981132075304e-01,2.697710394859313965e-01,0.000000000000000000e+00
2.945000000000000000e+04,4.867520034313201904e-01,5.754716981132075304e-01,2.479003667831420898e-01,0.000000000000000000e+00
2.946000000000000000e+04,4.839853346347808838e-01,5.754716981132075304e-01,2.389980554580688477e-01,0.000000000000000000e+00
2.947000000000000000e+04,4.902273714542388916e-01,5.566037735849056478e-01,2.602677345275878906e-01,0.000000000000000000e+00
2.948000000000000000e+04,4.840162992477416992e-01,5.471698113207547065e-01,2.476084381341934204e-01,0.000000000000000000e+00
2.949000000000000000e+04,5.013863444328308105e-01,5.660377358490565891e-01,2.591660320758819580e-01,0.000000000000000000e+00
2.950000000000000000e+04,5.043198466300964355e-01,5.471698113207547065e-01,2.609393000602722168e-01,0.000000000000000000e+00
2.951000000000000000e+04,4.924920797348022461e-01,5.660377358490565891e-01,2.326814383268356323e-01,0.000000000000000000e+00
2.952000000000000000e+04,4.779995977878570557e-01,6.037735849056603543e-01,2.192325443029403687e-01,0.000000000000000000e+00
2.953000000000000000e+04,4.799059629440307617e-01,5.849056603773584717e-01,2.234556525945663452e-01,0.000000000000000000e+00
2.954000000000000000e+04,5.031885504722595215e-01,5.849056603773584717e-01,2.614512443542480469e-01,0.000000000000000000e+00
2.955000000000000000e+04,4.884443581104278564e-01,5.943396226415094130e-01,2.597600817680358887e-01,0.000000000000000000e+00
2.956000000000000000e+04,4.971223771572113037e-01,5.660377358490565891e-01,2.516852915287017822e-01,0.000000000000000000e+00
2.957000000000000000e+04,5.179839134216308594e-01,5.849056603773584717e-01,2.811103463172912598e-01,0.000000000000000000e+00
2.958000000000000000e+04,5.079341530799865723e-01,5.849056603773584717e-01,2.729184329509735107e-01,0.000000000000000000e+00
2.959000000000000000e+04,5.323060750961303711e-01,5.943396226415094130e-01,2.879781723022460938e-01,0.000000000000000000e+00
2.960000000000000000e+04,5.252271294593811035e-01,5.754716981132075304e-01,2.795495688915252686e-01,0.000000000000000000e+00
2.961000000000000000e+04,5.513137578964233398e-01,5.660377358490565891e-01,3.107156157493591309e-01,0.000000000000000000e+00
2.962000000000000000e+04,5.222535729408264160e-01,5.660377358490565891e-01,2.810254096984863281e-01,0.000000000000000000e+00
2.963000000000000000e+04,5.276147127151489258e-01,5.754716981132075304e-01,3.004922270774841309e-01,0.000000000000000000e+00
2.964000000000000000e+04,4.903683364391326904e-01,5.849056603773584717e-01,2.623470425605773926e-01,0.000000000000000000e+00
2.965000000000000000e+04,5.087985396385192871e-01,5.849056603773584717e-01,2.679443657398223877e-01,0.000000000000000000e+00
2.966000000000000000e+04,5.074025392532348633e-01,5.754716981132075304e-01,2.452127039432525635e-01,0.000000000000000000e+00
2.967000000000000000e+04,4.962972700595855713e-01,5.754716981132075304e-01,2.428322434425354004e-01,0.000000000000000000e+00
2.968000000000000000e+04,5.246767401695251465e-01,5.566037735849056478e-01,2.524830102920532227e-01,0.000000000000000000e+00
2.969000000000000000e+04,5.032842755317687988e-01,5.566037735849056478e-01,2.549243867397308350e-01,0.000000000000000000e+00
2.970000000000000000e+04,5.035113096237182617e-01,5.660377358490565891e-01,2.550739049911499023e-01,0.000000000000000000e+00
2.971000000000000000e+04,5.188515186309814453e-01,5.849056603773584717e-01,2.788086831569671631e-01,0.000000000000000000e+00
2.972000000000000000e+04,5.150455236434936523e-01,5.849056603773584717e-01,2.456033676862716675e-01,0.000000000000000000e+00
2.973000000000000000e+04,5.015743374824523926e-01,6.037735849056603543e-01,2.580644488334655762e-01,0.000000000000000000e+00
2.974000000000000000e+04,5.010355114936828613e-01,6.037735849056603543e-01,2.539885938167572021e-01,0.000000000000000000e+00
2.975000000000000000e+04,5.168137550354003906e-01,5.943396226415094130e-01,2.633402943611145020e-01,0.000000000000000000e+00
2.976000000000000000e+04,5.128679275512695312e-01,5.849056603773584717e-01,2.682769894599914551e-01,0.000000000000000000e+00
2.977000000000000000e+04,5.046098828315734863e-01,5.943396226415094130e-01,2.518111467361450195e-01,0.000000000000000000e+00
2.978000000000000000e+04,5.015774369239807129e-01,5.754716981132075304e-01,2.447469979524612427e-01,0.000000000000000000e+00
2.979000000000000000e+04,4.968841373920440674e-01,5.471698113207547065e-01,2.454475611448287964e-01,0.000000000000000000e+00
2.980000000000000000e+04,5.056654810905456543e-01,5.943396226415094130e-01,2.564970254898071289e-01,0.000000000000000000e+00
2.981000000000000000e+04,5.165634155273437500e-01,5.754716981132075304e-01,2.485138028860092163e-01,0.000000000000000000e+00
2.982000000000000000e+04,5.269098877906799316e-01,5.566037735849056478e-01,2.761985659599304199e-01,0.000000000000000000e+00
2.983000000000000000e+04,5.317161679267883301e-01,5.566037735849056478e-01,2.904366850852966309e-01,0.000000000000000000e+00
2.984000000000000000e+04,5.124243497848510742e-01,5.566037735849056478e-01,2.695052623748779297e-01,0.000000000000000000e+00
2.985000000000000000e+04,5.152144432067871094e-01,5.754716981132075304e-01,2.726432681083679199e-01,0.000000000000000000e+00
2.986000000000000000e+04,5.135144591331481934e-01,5.566037735849056478e-01,2.745902538299560547e-01,0.000000000000000000e+00
2.987000000000000000e+04,5.252863168716430664e-01,5.566037735849056478e-01,2.816341221332550049e-01,0.000000000000000000e+00
2.988000000000000000e+04,5.204752087593078613e-01,5.566037735849056478e-01,2.672590315341949463e-01,0.000000000000000000e+00
2.989000000000000000e+04,5.142385959625244141e-01,5.566037735849056478e-01,2.862986028194427490e-01,0.000000000000000000e+00
2.990000000000000000e+04,4.865189790725708008e-01,5.660377358490565891e-01,2.251491695642471313e-01,0.000000000000000000e+00
2.991000000000000000e+04,5.174227356910705566e-01,5.754716981132075304e-01,2.736027240753173828e-01,0.000000000000000000e+00
2.992000000000000000e+04,5.159612894058227539e-01,5.660377358490565891e-01,2.819101810455322266e-01,0.000000000000000000e+00
2.993000000000000000e+04,5.137275457382202148e-01,5.660377358490565891e-01,2.721018493175506592e-01,0.000000000000000000e+00
2.994000000000000000e+04,5.009875297546386719e-01,5.849056603773584717e-01,2.540896236896514893e-01,0.000000000000000000e+00
2.995000000000000000e+04,5.039206743240356445e-01,5.849056603773584717e-01,2.670708894729614258e-01,0.000000000000000000e+00
2.996000000000000000e+04,4.967742562294006348e-01,5.566037735849056478e-01,2.723063230514526367e-01,0.000000000000000000e+00
2.997000000000000000e+04,5.035685896873474121e-01,5.660377358490565891e-01,2.702207863330841064e-01,0.000000000000000000e+00
2.998000000000000000e+04,5.018347501754760742e-01,5.943396226415094130e-01,2.692947387695312500e-01,0.000000000000000000e+00
2.999000000000000000e+04,5.081017017364501953e-01,6.037735849056603543e-01,2.605731487274169922e-01,0.000000000000000000e+00
3.000000000000000000e+04,5.302148461341857910e-01,5.754716981132075304e-01,2.882178723812103271e-01,0.000000000000000000e+00
3.001000000000000000e+04,5.154746174812316895e-01,5.566037735849056478e-01,2.715885043144226074e-01,0.000000000000000000e+00
3.002000000000000000e+04,5.179281234741210938e-01,5.471698113207547065e-01,2.845192551612854004e-01,0.000000000000000000e+00
3.003000000000000000e+04,4.971977174282073975e-01,5.754716981132075304e-01,2.435490936040878296e-01,0.000000000000000000e+00
3.004000000000000000e+04,5.045104622840881348e-01,5.849056603773584717e-01,2.657118737697601318e-01,0.000000000000000000e+00
3.005000000000000000e+04,4.923005402088165283e-01,5.849056603773584717e-01,2.543213665485382080e-01,0.000000000000000000e+00
3.006000000000000000e+04,4.827365875244140625e-01,5.660377358490565891e-01,2.232026606798171997e-01,0.000000000000000000e+00
3.007000000000000000e+04,4.900286197662353516e-01,5.849056603773584717e-01,2.399079054594039917e-01,0.000000000000000000e+00
3.008000000000000000e+04,4.932887256145477295e-01,5.849056603773584717e-01,2.454908043146133423e-01,0.000000000000000000e+00
3.009000000000000000e+04,4.985276162624359131e-01,6.037735849056603543e-01,2.337961941957473755e-01,0.000000000000000000e+00
3.010000000000000000e+04,4.880459010601043701e-01,5.754716981132075304e-01,2.452844530344009399e-01,0.000000000000000000e+00
3.011000000000000000e+04,4.934556186199188232e-01,5.943396226415094130e-01,2.500160038471221924e-01,0.000000000000000000e+00
3.012000000000000000e+04,4.964090883731842041e-01,5.660377358490565891e-01,2.486692517995834351e-01,0.000000000000000000e+00
3.013000000000000000e+04,4.928998351097106934e-01,5.849056603773584717e-01,2.435931712388992310e-01,0.000000000000000000e+00
3.014000000000000000e+04,4.952704608440399170e-01,5.849056603773584717e-01,2.670453190803527832e-01,0.000000000000000000e+00
3.015000000000000000e+04,4.977776110172271729e-01,5.660377358490565891e-01,2.503720223903656006e-01,0.000000000000000000e+00
3.016000000000000000e+04,4.876178801059722900e-01,5.754716981132075304e-01,2.374863177537918091e-01,0.000000000000000000e+00
3.017000000000000000e+04,4.873459041118621826e-01,5.849056603773584717e-01,2.518286108970642090e-01,0.000000000000000000e+00
3.018000000000000000e+04,5.005885958671569824e-01,5.660377358490565891e-01,2.761612832546234131e-01,0.000000000000000000e+00
3.019000000000000000e+04,5.234547853469848633e-01,5.471698113207547065e-01,3.146248161792755127e-01,0.000000000000000000e+00
3.020000000000000000e+04,5.192915797233581543e-01,5.471698113207547065e-01,3.071546554565429688e-01,0.000000000000000000e+00
3.021000000000000000e+04,5.024346113204956055e-01,5.754716981132075304e-01,2.675726115703582764e-01,0.000000000000000000e+00
3.022000000000000000e+04,5.006672739982604980e-01,5.754716981132075304e-01,2.630454301834106445e-01,0.000000000000000000e+00
3.023000000000000000e+04,5.134369730949401855e-01,5.660377358490565891e-01,2.811079025268554688e-01,0.000000000000000000e+00
3.024000000000000000e+04,5.134192109107971191e-01,5.849056603773584717e-01,2.807011306285858154e-01,0.000000000000000000e+00
3.025000000000000000e+04,5.157628655433654785e-01,5.660377358490565891e-01,2.726881206035614014e-01,0.000000000000000000e+00
3.026000000000000000e+04,5.336695909500122070e-01,5.754716981132075304e-01,3.096110224723815918e-01,0.000000000000000000e+00
3.027000000000000000e+04,5.205674171447753906e-01,5.754716981132075304e-01,2.668105363845825195e-01,0.000000000000000000e+00
3.028000000000000000e+04,5.160902142524719238e-01,5.566037735849056478e-01,2.835904359817504883e-01,0.000000000000000000e+00
3.029000000000000000e+04,5.029042959213256836e-01,5.754716981132075304e-01,2.845596671104431152e-01,0.000000000000000000e+00
3.030000000000000000e+04,5.009036660194396973e-01,5.566037735849056478e-01,2.632517814636230469e-01,0.000000000000000000e+00
3.031000000000000000e+04,4.797395467758178711e-01,5.660377358490565891e-01,2.520905733108520508e-01,0.000000000000000000e+00
3.032000000000000000e+04,4.804754257202148438e-01,5.754716981132075304e-01,2.289935648441314697e-01,0.000000000000000000e+00
3.033000000000000000e+04,4.835673570632934570e-01,5.754716981132075304e-01,2.295146733522415161e-01,0.000000000000000000e+00
3.034000000000000000e+04,4.899689257144927979e-01,5.754716981132075304e-01,2.565137445926666260e-01,0.000000000000000000e+00
3.035000000000000000e+04,4.866685569286346436e-01,5.849056603773584717e-01,2.587941884994506836e-01,0.000000000000000000e+00
3.036000000000000000e+04,5.009324550628662109e-01,5.566037735849056478e-01,2.878010272979736328e-01,0.000000000000000000e+00
3.037000000000000000e+04,4.891194105148315430e-01,5.660377358490565891e-01,2.374481260776519775e-01,0.000000000000000000e+00
3.038000000000000000e+04,4.853995144367218018e-01,5.943396226415094130e-01,2.535141110420227051e-01,0.000000000000000000e+00
3.039000000000000000e+04,4.943435192108154297e-01,5.943396226415094130e-01,2.636764645576477051e-01,0.000000000000000000e+00
3.040000000000000000e+04,5.024439096450805664e-01,5.849056603773584717e-01,2.555900812149047852e-01,0.000000000000000000e+00
3.041000000000000000e+04,4.846730828285217285e-01,5.849056603773584717e-01,2.498161345720291138e-01,0.000000000000000000e+00
3.042000000000000000e+04,4.815940856933593750e-01,5.754716981132075304e-01,2.563335299491882324e-01,0.000000000000000000e+00
3.043000000000000000e+04,4.891243875026702881e-01,5.943396226415094130e-01,2.627820372581481934e-01,0.000000000000000000e+00
3.044000000000000000e+04,4.807979464530944824e-01,5.660377358490565891e-01,2.674130797386169434e-01,0.000000000000000000e+00
3.045000000000000000e+04,4.911529123783111572e-01,5.566037735849056478e-01,2.525583207607269287e-01,0.000000000000000000e+00
3.046000000000000000e+04,4.811330139636993408e-01,5.943396226415094130e-01,2.391172200441360474e-01,0.000000000000000000e+00
3.047000000000000000e+04,4.835527837276458740e-01,5.754716981132075304e-01,2.483345717191696167e-01,0.000000000000000000e+00
3.048000000000000000e+04,4.808090031147003174e-01,5.849056603773584717e-01,2.811685800552368164e-01,0.000000000000000000e+00
3.049000000000000000e+04,5.021793246269226074e-01,5.849056603773584717e-01,2.826442718505859375e-01,0.000000000000000000e+00
3.050000000000000000e+04,5.020238757133483887e-01,5.754716981132075304e-01,2.854405641555786133e-01,0.000000000000000000e+00
3.051000000000000000e+04,5.031524300575256348e-01,5.660377358490565891e-01,3.012373447418212891e-01,0.000000000000000000e+00
3.052000000000000000e+04,4.934488534927368164e-01,5.849056603773584717e-01,2.813573181629180908e-01,0.000000000000000000e+00
3.053000000000000000e+04,5.045503377914428711e-01,5.943396226415094130e-01,2.764359414577484131e-01,0.000000000000000000e+00
3.054000000000000000e+04,4.891790151596069336e-01,5.849056603773584717e-01,2.687005996704101562e-01,0.000000000000000000e+00
3.055000000000000000e+04,4.867892265319824219e-01,5.849056603773584717e-01,2.450579255819320679e-01,0.000000000000000000e+00
3.056000000000000000e+04,4.743717014789581299e-01,6.132075471698112956e-01,2.555255889892578125e-01,0.000000000000000000e+00
3.057000000000000000e+04,4.956989884376525879e-01,5.943396226415094130e-01,2.778367102146148682e-01,0.000000000000000000e+00
3.058000000000000000e+04,5.012018680572509766e-01,5.943396226415094130e-01,2.767266929149627686e-01,0.000000000000000000e+00
3.059000000000000000e+04,4.940894544124603271e-01,5.849056603773584717e-01,2.793979942798614502e-01,0.000000000000000000e+00
3.060000000000000000e+04,4.818656742572784424e-01,5.943396226415094130e-01,2.540687322616577148e-01,0.000000000000000000e+00
3.061000000000000000e+04,4.872525632381439209e-01,5.849056603773584717e-01,2.446083873510360718e-01,0.000000000000000000e+00
3.062000000000000000e+04,4.811142981052398682e-01,6.037735849056603543e-01,2.368824034929275513e-01,0.000000000000000000e+00
3.063000000000000000e+04,4.724066257476806641e-01,5.849056603773584717e-01,2.597702145576477051e-01,0.000000000000000000e+00
3.064000000000000000e+04,4.689880907535552979e-01,5.943396226415094130e-01,2.340255975723266602e-01,0.000000000000000000e+00
3.065000000000000000e+04,4.558244943618774414e-01,5.943396226415094130e-01,2.264614403247833252e-01,0.000000000000000000e+00
3.066000000000000000e+04,4.766837060451507568e-01,5.849056603773584717e-01,2.510079443454742432e-01,0.000000000000000000e+00
3.067000000000000000e+04,4.689395129680633545e-01,6.132075471698112956e-01,2.468886524438858032e-01,0.000000000000000000e+00
3.068000000000000000e+04,4.842533171176910400e-01,5.754716981132075304e-01,2.565643191337585449e-01,0.000000000000000000e+00
3.069000000000000000e+04,4.759753048419952393e-01,6.037735849056603543e-01,2.438107579946517944e-01,0.000000000000000000e+00
3.070000000000000000e+04,4.857064783573150635e-01,5.943396226415094130e-01,2.682254910469055176e-01,0.000000000000000000e+00
3.071000000000000000e+04,5.053224563598632812e-01,5.566037735849056478e-01,2.783656716346740723e-01,0.000000000000000000e+00
3.072000000000000000e+04,4.905598163604736328e-01,6.226415094339622369e-01,2.407707422971725464e-01,0.000000000000000000e+00
3.073000000000000000e+04,4.774543046951293945e-01,5.943396226415094130e-01,2.333122342824935913e-01,0.000000000000000000e+00
3.074000000000000000e+04,4.766534268856048584e-01,5.943396226415094130e-01,2.518013119697570801e-01,0.000000000000000000e+00
3.075000000000000000e+04,4.672827124595642090e-01,5.943396226415094130e-01,2.349147051572799683e-01,0.000000000000000000e+00
3.076000000000000000e+04,4.712733924388885498e-01,5.849056603773584717e-01,2.226153910160064697e-01,0.000000000000000000e+00
3.077000000000000000e+04,4.912872016429901123e-01,5.660377358490565891e-01,2.551265656948089600e-01,0.000000000000000000e+00
3.078000000000000000e+04,4.920385479927062988e-01,5.849056603773584717e-01,2.359836250543594360e-01,0.000000000000000000e+00
3.079000000000000000e+04,4.846507012844085693e-01,5.660377358490565891e-01,2.518652975559234619e-01,0.000000000000000000e+00
3.080000000000000000e+04,4.776517748832702637e-01,5.849056603773584717e-01,2.372075468301773071e-01,0.000000000000000000e+00
3.081000000000000000e+04,4.658952057361602783e-01,6.132075471698112956e-01,1.730962097644805908e-01,0.000000000000000000e+00
3.082000000000000000e+04,4.540429413318634033e-01,5.849056603773584717e-01,1.824771165847778320e-01,0.000000000000000000e+00
3.083000000000000000e+04,4.669795036315917969e-01,6.132075471698112956e-01,2.000228464603424072e-01,0.000000000000000000e+00
3.084000000000000000e+04,4.728600978851318359e-01,5.754716981132075304e-01,2.158332616090774536e-01,0.000000000000000000e+00
3.085000000000000000e+04,4.686864912509918213e-01,5.754716981132075304e-01,2.254182398319244385e-01,0.000000000000000000e+00
3.086000000000000000e+04,4.555891454219818115e-01,5.754716981132075304e-01,1.859787255525588989e-01,0.000000000000000000e+00
3.087000000000000000e+04,4.513188004493713379e-01,6.037735849056603543e-01,1.843722611665725708e-01,0.000000000000000000e+00
3.088000000000000000e+04,4.544607400894165039e-01,5.943396226415094130e-01,1.995037347078323364e-01,0.000000000000000000e+00
3.089000000000000000e+04,4.710136353969573975e-01,5.849056603773584717e-01,2.307652980089187622e-01,0.000000000000000000e+00
3.090000000000000000e+04,4.850880801677703857e-01,5.849056603773584717e-01,2.467596977949142456e-01,0.000000000000000000e+00
3.091000000000000000e+04,4.668070077896118164e-01,5.943396226415094130e-01,2.115050107240676880e-01,0.000000000000000000e+00
3.092000000000000000e+04,4.536973237991333008e-01,5.849056603773584717e-01,2.035450190305709839e-01,0.000000000000000000e+00
3.093000000000000000e+04,4.606237411499023438e-01,6.132075471698112956e-01,2.098297923803329468e-01,0.000000000000000000e+00
3.094000000000000000e+04,4.658111333847045898e-01,5.754716981132075304e-01,2.063071727752685547e-01,0.000000000000000000e+00
3.095000000000000000e+04,4.570735096931457520e-01,6.037735849056603543e-01,1.805181205272674561e-01,0.000000000000000000e+00
3.096000000000000000e+04,4.656849205493927002e-01,5.849056603773584717e-01,1.935398280620574951e-01,0.000000000000000000e+00
3.097000000000000000e+04,4.525305330753326416e-01,6.037735849056603543e-01,1.922870576381683350e-01,0.000000000000000000e+00
3.098000000000000000e+04,4.470538496971130371e-01,5.943396226415094130e-01,1.655812263488769531e-01,0.000000000000000000e+00
3.099000000000000000e+04,4.433871209621429443e-01,5.943396226415094130e-01,1.891683787107467651e-01,0.000000000000000000e+00
3.100000000000000000e+04,4.501656293869018555e-01,5.754716981132075304e-01,1.780852675437927246e-01,0.000000000000000000e+00
3.101000000000000000e+04,4.509677290916442871e-01,5.660377358490565891e-01,2.000737190246582031e-01,0.000000000000000000e+00
3.102000000000000000e+04,4.383833110332489014e-01,6.132075471698112956e-01,1.616774350404739380e-01,0.000000000000000000e+00
3.103000000000000000e+04,4.505130648612976074e-01,5.660377358490565891e-01,1.547375619411468506e-01,0.000000000000000000e+00
3.104000000000000000e+04,4.585762917995452881e-01,5.660377358490565891e-01,2.082682698965072632e-01,0.000000000000000000e+00
3.105000000000000000e+04,4.613298177719116211e-01,5.754716981132075304e-01,2.170905172824859619e-01,0.000000000000000000e+00
3.106000000000000000e+04,4.500572681427001953e-01,6.132075471698112956e-01,1.968122422695159912e-01,0.000000000000000000e+00
3.107000000000000000e+04,4.782577753067016602e-01,6.037735849056603543e-01,2.395306229591369629e-01,0.000000000000000000e+00
3.108000000000000000e+04,4.811723828315734863e-01,5.943396226415094130e-01,2.468997389078140259e-01,0.000000000000000000e+00
3.109000000000000000e+04,4.763261675834655762e-01,5.849056603773584717e-01,2.173056304454803467e-01,0.000000000000000000e+00
3.110000000000000000e+04,4.742712676525115967e-01,5.943396226415094130e-01,2.279494404792785645e-01,0.000000000000000000e+00
3.111000000000000000e+04,4.782831966876983643e-01,5.943396226415094130e-01,2.177792191505432129e-01,0.000000000000000000e+00
3.112000000000000000e+04,5.087414979934692383e-01,5.754716981132075304e-01,2.791109383106231689e-01,0.000000000000000000e+00
3.113000000000000000e+04,5.018424987792968750e-01,6.037735849056603543e-01,2.565000355243682861e-01,0.000000000000000000e+00
3.114000000000000000e+04,4.993251860141754150e-01,5.754716981132075304e-01,2.478260546922683716e-01,0.000000000000000000e+00
3.115000000000000000e+04,4.954161345958709717e-01,5.754716981132075304e-01,2.152540385723114014e-01,0.000000000000000000e+00
3.116000000000000000e+04,4.834529757499694824e-01,5.754716981132075304e-01,2.187563627958297729e-01,0.000000000000000000e+00
3.117000000000000000e+04,4.704155027866363525e-01,5.471698113207547065e-01,2.052266299724578857e-01,0.000000000000000000e+00
3.118000000000000000e+04,4.796276390552520752e-01,5.660377358490565891e-01,2.141614109277725220e-01,0.000000000000000000e+00
3.119000000000000000e+04,4.780805706977844238e-01,5.754716981132075304e-01,2.196744531393051147e-01,0.000000000000000000e+00
3.120000000000000000e+04,4.751428663730621338e-01,5.754716981132075304e-01,2.184013873338699341e-01,0.000000000000000000e+00
3.121000000000000000e+04,4.545574486255645752e-01,5.849056603773584717e-01,2.055652886629104614e-01,0.000000000000000000e+00
3.122000000000000000e+04,4.563564062118530273e-01,6.037735849056603543e-01,1.823068261146545410e-01,0.000000000000000000e+00
3.123000000000000000e+04,4.504009187221527100e-01,6.037735849056603543e-01,1.962335854768753052e-01,0.000000000000000000e+00
3.124000000000000000e+04,4.584014117717742920e-01,6.132075471698112956e-01,2.094258368015289307e-01,0.000000000000000000e+00
3.125000000000000000e+04,4.368467628955841064e-01,5.849056603773584717e-01,1.778808385133743286e-01,0.000000000000000000e+00
3.126000000000000000e+04,4.312976002693176270e-01,6.037735849056603543e-01,1.636970043182373047e-01,0.000000000000000000e+00
3.127000000000000000e+04,4.427226483821868896e-01,6.037735849056603543e-01,1.716082841157913208e-01,0.000000000000000000e+00
3.128000000000000000e+04,4.343581497669219971e-01,6.132075471698112956e-01,1.523569226264953613e-01,0.000000000000000000e+00
3.129000000000000000e+04,4.474944174289703369e-01,6.037735849056603543e-01,1.618765592575073242e-01,0.000000000000000000e+00
3.130000000000000000e+04,4.594588875770568848e-01,6.320754716981131782e-01,1.636938154697418213e-01,0.000000000000000000e+00
3.131000000000000000e+04,4.758810997009277344e-01,5.943396226415094130e-01,1.918253600597381592e-01,0.000000000000000000e+00
3.132000000000000000e+04,4.718555808067321777e-01,6.132075471698112956e-01,1.837211400270462036e-01,0.000000000000000000e+00
3.133000000000000000e+04,4.541232883930206299e-01,6.037735849056603543e-01,1.634963750839233398e-01,0.000000000000000000e+00
3.134000000000000000e+04,4.470272660255432129e-01,5.849056603773584717e-01,1.569869369268417358e-01,0.000000000000000000e+00
3.135000000000000000e+04,4.754457473754882812e-01,6.132075471698112956e-01,1.885848492383956909e-01,0.000000000000000000e+00
3.136000000000000000e+04,4.691105186939239502e-01,6.037735849056603543e-01,1.962023824453353882e-01,0.000000000000000000e+00
3.137000000000000000e+04,4.608845412731170654e-01,5.943396226415094130e-01,1.833986043930053711e-01,0.000000000000000000e+00
3.138000000000000000e+04,4.588988721370697021e-01,5.849056603773584717e-01,1.976373046636581421e-01,0.000000000000000000e+00
3.139000000000000000e+04,4.483285844326019287e-01,6.226415094339622369e-01,1.826178133487701416e-01,0.000000000000000000e+00
3.140000000000000000e+04,4.684728682041168213e-01,6.132075471698112956e-01,2.079415023326873779e-01,0.000000000000000000e+00
3.141000000000000000e+04,4.637096822261810303e-01,5.943396226415094130e-01,1.922846883535385132e-01,0.000000000000000000e+00
3.142000000000000000e+04,4.790077507495880127e-01,6.037735849056603543e-01,2.195639312267303467e-01,0.000000000000000000e+00
3.143000000000000000e+04,4.575141668319702148e-01,5.754716981132075304e-01,2.235391736030578613e-01,0.000000000000000000e+00
3.144000000000000000e+04,4.662553668022155762e-01,5.849056603773584717e-01,2.015838474035263062e-01,0.000000000000000000e+00
3.145000000000000000e+04,4.615172743797302246e-01,5.849056603773584717e-01,2.074279189109802246e-01,0.000000000000000000e+00
3.146000000000000000e+04,4.449601471424102783e-01,6.037735849056603543e-01,1.928642690181732178e-01,0.000000000000000000e+00
3.147000000000000000e+04,4.555440843105316162e-01,6.226415094339622369e-01,1.973759531974792480e-01,0.000000000000000000e+00
3.148000000000000000e+04,4.371516108512878418e-01,6.037735849056603543e-01,1.789845377206802368e-01,0.000000000000000000e+00
3.149000000000000000e+04,4.666259884834289551e-01,6.132075471698112956e-01,2.016247361898422241e-01,0.000000000000000000e+00
3.150000000000000000e+04,4.678242206573486328e-01,6.037735849056603543e-01,2.048510313034057617e-01,0.000000000000000000e+00
3.151000000000000000e+04,4.699262976646423340e-01,6.226415094339622369e-01,2.020833492279052734e-01,0.000000000000000000e+00
3.152000000000000000e+04,4.900152981281280518e-01,6.132075471698112956e-01,1.915183961391448975e-01,0.000000000000000000e+00
3.153000000000000000e+04,4.822699725627899170e-01,5.943396226415094130e-01,1.745692491531372070e-01,0.000000000000000000e+00
3.154000000000000000e+04,4.766065180301666260e-01,5.849056603773584717e-01,1.925261616706848145e-01,0.000000000000000000e+00
3.155000000000000000e+04,4.774690270423889160e-01,6.037735849056603543e-01,1.898012459278106689e-01,0.000000000000000000e+00
3.156000000000000000e+04,4.664226472377777100e-01,5.943396226415094130e-01,2.192752361297607422e-01,0.000000000000000000e+00
3.157000000000000000e+04,4.675072133541107178e-01,6.037735849056603543e-01,2.028784155845642090e-01,0.000000000000000000e+00
3.158000000000000000e+04,4.384118616580963135e-01,5.943396226415094130e-01,2.067362070083618164e-01,0.000000000000000000e+00
3.159000000000000000e+04,4.562290310859680176e-01,6.037735849056603543e-01,1.774867027997970581e-01,0.000000000000000000e+00
3.160000000000000000e+04,4.506328403949737549e-01,6.132075471698112956e-01,1.898576766252517700e-01,0.000000000000000000e+00
3.161000000000000000e+04,4.434294998645782471e-01,6.320754716981131782e-01,1.824748069047927856e-01,0.000000000000000000e+00
3.162000000000000000e+04,4.605498015880584717e-01,5.943396226415094130e-01,1.977408081293106079e-01,0.000000000000000000e+00
3.163000000000000000e+04,4.797082245349884033e-01,5.943396226415094130e-01,2.109481543302536011e-01,0.000000000000000000e+00
3.164000000000000000e+04,4.726473391056060791e-01,5.943396226415094130e-01,2.051351964473724365e-01,0.000000000000000000e+00
3.165000000000000000e+04,4.838750660419464111e-01,6.226415094339622369e-01,2.111184149980545044e-01,0.000000000000000000e+00
3.166000000000000000e+04,4.712983965873718262e-01,6.132075471698112956e-01,2.066099047660827637e-01,0.000000000000000000e+00
3.167000000000000000e+04,4.907142519950866699e-01,5.754716981132075304e-01,2.243376523256301880e-01,0.000000000000000000e+00
3.168000000000000000e+04,5.075755715370178223e-01,5.849056603773584717e-01,2.247654795646667480e-01,0.000000000000000000e+00
3.169000000000000000e+04,4.910264313220977783e-01,5.660377358490565891e-01,2.458249628543853760e-01,0.000000000000000000e+00
3.170000000000000000e+04,4.728455841541290283e-01,6.037735849056603543e-01,2.058516293764114380e-01,0.000000000000000000e+00
3.171000000000000000e+04,4.856543838977813721e-01,5.849056603773584717e-01,2.255706936120986938e-01,0.000000000000000000e+00
3.172000000000000000e+04,4.908892512321472168e-01,5.849056603773584717e-01,2.567425370216369629e-01,0.000000000000000000e+00
3.173000000000000000e+04,4.543901681900024414e-01,6.132075471698112956e-01,1.954590529203414917e-01,0.000000000000000000e+00
3.174000000000000000e+04,4.594645202159881592e-01,5.943396226415094130e-01,2.240923941135406494e-01,0.000000000000000000e+00
3.175000000000000000e+04,4.502107203006744385e-01,6.226415094339622369e-01,1.851995438337326050e-01,0.000000000000000000e+00
3.176000000000000000e+04,4.553882777690887451e-01,6.037735849056603543e-01,1.842109411954879761e-01,0.000000000000000000e+00
3.177000000000000000e+04,4.452590048313140869e-01,6.132075471698112956e-01,1.729989498853683472e-01,0.000000000000000000e+00
3.178000000000000000e+04,4.654700458049774170e-01,6.037735849056603543e-01,2.058039605617523193e-01,0.000000000000000000e+00
3.179000000000000000e+04,4.619579017162322998e-01,5.943396226415094130e-01,1.899171918630599976e-01,0.000000000000000000e+00
3.180000000000000000e+04,4.597689211368560791e-01,6.037735849056603543e-01,1.845159083604812622e-01,0.000000000000000000e+00
3.181000000000000000e+04,4.779880046844482422e-01,5.849056603773584717e-01,2.217379808425903320e-01,0.000000000000000000e+00
3.182000000000000000e+04,4.765065610408782959e-01,6.037735849056603543e-01,2.190274596214294434e-01,0.000000000000000000e+00
3.183000000000000000e+04,4.738358259201049805e-01,6.037735849056603543e-01,2.062552124261856079e-01,0.000000000000000000e+00
3.184000000000000000e+04,4.614460468292236328e-01,6.226415094339622369e-01,1.786410957574844360e-01,0.000000000000000000e+00
3.185000000000000000e+04,4.700806438922882080e-01,5.943396226415094130e-01,2.188177555799484253e-01,0.000000000000000000e+00
3.186000000000000000e+04,4.812962114810943604e-01,5.849056603773584717e-01,2.217642068862915039e-01,0.000000000000000000e+00
3.187000000000000000e+04,4.630661010742187500e-01,5.943396226415094130e-01,2.068266421556472778e-01,0.000000000000000000e+00
3.188000000000000000e+04,4.695331752300262451e-01,6.132075471698112956e-01,2.016365677118301392e-01,0.000000000000000000e+00
3.189000000000000000e+04,4.686901271343231201e-01,5.943396226415094130e-01,2.115354090929031372e-01,0.000000000000000000e+00
3.190000000000000000e+04,4.868658185005187988e-01,5.943396226415094130e-01,2.326929867267608643e-01,0.000000000000000000e+00
3.191000000000000000e+04,5.033439993858337402e-01,6.132075471698112956e-01,2.453207522630691528e-01,0.000000000000000000e+00
3.192000000000000000e+04,4.696382880210876465e-01,6.132075471698112956e-01,1.913342028856277466e-01,0.000000000000000000e+00
3.193000000000000000e+04,4.709839820861816406e-01,5.943396226415094130e-01,2.194094806909561157e-01,0.000000000000000000e+00
3.194000000000000000e+04,4.694030284881591797e-01,6.037735849056603543e-01,2.163610905408859253e-01,0.000000000000000000e+00
3.195000000000000000e+04,4.667423665523529053e-01,5.943396226415094130e-01,1.853954344987869263e-01,0.000000000000000000e+00
3.196000000000000000e+04,4.553840458393096924e-01,6.132075471698112956e-01,1.900327950716018677e-01,0.000000000000000000e+00
3.197000000000000000e+04,4.875758588314056396e-01,5.660377358490565891e-01,2.304494082927703857e-01,0.000000000000000000e+00
3.198000000000000000e+04,4.868188500404357910e-01,5.754716981132075304e-01,2.234559804201126099e-01,0.000000000000000000e+00
3.199000000000000000e+04,4.711791872978210449e-01,6.037735849056603543e-01,2.158059477806091309e-01,0.000000000000000000e+00
3.200000000000000000e+04,4.568812847137451172e-01,6.037735849056603543e-01,2.003881782293319702e-01,0.000000000000000000e+00
3.201000000000000000e+04,4.439083039760589600e-01,6.132075471698112956e-01,1.597707420587539673e-01,0.000000000000000000e+00
3.202000000000000000e+04,4.509214162826538086e-01,6.132075471698112956e-01,1.857815980911254883e-01,0.000000000000000000e+00
3.203000000000000000e+04,4.650954008102416992e-01,5.660377358490565891e-01,1.970982998609542847e-01,0.000000000000000000e+00
3.204000000000000000e+04,4.720978438854217529e-01,6.037735849056603543e-01,2.081645876169204712e-01,0.000000000000000000e+00
3.205000000000000000e+04,4.582199156284332275e-01,6.226415094339622369e-01,1.902212649583816528e-01,0.000000000000000000e+00
3.206000000000000000e+04,4.533324837684631348e-01,6.320754716981131782e-01,1.794805377721786499e-01,0.000000000000000000e+00
3.207000000000000000e+04,4.697806537151336670e-01,6.320754716981131782e-01,1.799510568380355835e-01,0.000000000000000000e+00
3.208000000000000000e+04,4.548549652099609375e-01,6.132075471698112956e-01,1.883579939603805542e-01,0.000000000000000000e+00
3.209000000000000000e+04,4.736286699771881104e-01,6.132075471698112956e-01,1.965294033288955688e-01,0.000000000000000000e+00
3.210000000000000000e+04,4.589888155460357666e-01,6.132075471698112956e-01,1.836289912462234497e-01,0.000000000000000000e+00
3.211000000000000000e+04,4.625056982040405273e-01,5.849056603773584717e-01,2.050896435976028442e-01,0.000000000000000000e+00
3.212000000000000000e+04,4.690960943698883057e-01,6.226415094339622369e-01,2.024886310100555420e-01,0.000000000000000000e+00
3.213000000000000000e+04,4.732302725315093994e-01,5.943396226415094130e-01,1.988323181867599487e-01,0.000000000000000000e+00
3.214000000000000000e+04,4.870930910110473633e-01,6.226415094339622369e-01,2.125266939401626587e-01,0.000000000000000000e+00
3.215000000000000000e+04,4.955902397632598877e-01,5.849056603773584717e-01,2.279495894908905029e-01,0.000000000000000000e+00
3.216000000000000000e+04,4.817002713680267334e-01,5.849056603773584717e-01,2.168928384780883789e-01,0.000000000000000000e+00
3.217000000000000000e+04,4.931539893150329590e-01,5.849056603773584717e-01,2.441228032112121582e-01,0.000000000000000000e+00
3.218000000000000000e+04,5.032532811164855957e-01,5.566037735849056478e-01,2.344179898500442505e-01,0.000000000000000000e+00
3.219000000000000000e+04,4.861930906772613525e-01,5.754716981132075304e-01,2.239340990781784058e-01,0.000000000000000000e+00
3.220000000000000000e+04,4.773955345153808594e-01,5.943396226415094130e-01,2.177155464887619019e-01,0.000000000000000000e+00
3.221000000000000000e+04,5.074528455734252930e-01,5.849056603773584717e-01,2.356151044368743896e-01,0.000000000000000000e+00
3.222000000000000000e+04,4.991219639778137207e-01,5.849056603773584717e-01,2.283198833465576172e-01,0.000000000000000000e+00
3.223000000000000000e+04,5.107280015945434570e-01,5.943396226415094130e-01,2.601483464241027832e-01,0.000000000000000000e+00
3.224000000000000000e+04,5.131745338439941406e-01,5.566037735849056478e-01,2.598679661750793457e-01,0.000000000000000000e+00
3.225000000000000000e+04,4.895554780960083008e-01,5.849056603773584717e-01,2.463119328022003174e-01,0.000000000000000000e+00
3.226000000000000000e+04,4.899998009204864502e-01,6.037735849056603543e-01,2.231016010046005249e-01,0.000000000000000000e+00
3.227000000000000000e+04,4.757308661937713623e-01,5.849056603773584717e-01,2.360850125551223755e-01,0.000000000000000000e+00
3.228000000000000000e+04,4.712635278701782227e-01,5.849056603773584717e-01,2.182199358940124512e-01,0.000000000000000000e+00
3.229000000000000000e+04,4.710019528865814209e-01,5.849056603773584717e-01,2.052008062601089478e-01,0.000000000000000000e+00
3.230000000000000000e+04,4.700459241867065430e-01,6.132075471698112956e-01,1.850636452436447144e-01,0.000000000000000000e+00
3.231000000000000000e+04,4.577744007110595703e-01,6.320754716981131782e-01,1.985424309968948364e-01,0.000000000000000000e+00
3.232000000000000000e+04,4.777773618698120117e-01,6.037735849056603543e-01,2.108150422573089600e-01,0.000000000000000000e+00
3.233000000000000000e+04,4.788393676280975342e-01,6.132075471698112956e-01,2.086834013462066650e-01,0.000000000000000000e+00
3.234000000000000000e+04,4.681371450424194336e-01,6.132075471698112956e-01,1.943523734807968140e-01,0.000000000000000000e+00
3.235000000000000000e+04,4.820858240127563477e-01,6.132075471698112956e-01,1.939302682876586914e-01,0.000000000000000000e+00
3.236000000000000000e+04,5.057281851768493652e-01,5.943396226415094130e-01,2.270618826150894165e-01,0.000000000000000000e+00
3.237000000000000000e+04,4.643678963184356689e-01,6.132075471698112956e-01,1.462830156087875366e-01,0.000000000000000000e+00
3.238000000000000000e+04,4.840172231197357178e-01,5.943396226415094130e-01,1.668833792209625244e-01,0.000000000000000000e+00
3.239000000000000000e+04,4.812585115432739258e-01,6.415094339622641195e-01,1.810129433870315552e-01,0.000000000000000000e+00
3.240000000000000000e+04,4.477592408657073975e-01,6.226415094339622369e-01,1.748610883951187134e-01,0.000000000000000000e+00
3.241000000000000000e+04,4.640398323535919189e-01,6.037735849056603543e-01,2.006208151578903198e-01,0.000000000000000000e+00
3.242000000000000000e+04,4.767299592494964600e-01,5.849056603773584717e-01,2.034948319196701050e-01,0.000000000000000000e+00
3.243000000000000000e+04,4.658460021018981934e-01,5.754716981132075304e-01,1.719258129596710205e-01,0.000000000000000000e+00
3.244000000000000000e+04,4.672464728355407715e-01,6.132075471698112956e-01,2.024406492710113525e-01,0.000000000000000000e+00
3.245000000000000000e+04,4.802841544151306152e-01,5.754716981132075304e-01,2.305426746606826782e-01,0.000000000000000000e+00
3.246000000000000000e+04,4.701739251613616943e-01,5.943396226415094130e-01,2.097755372524261475e-01,0.000000000000000000e+00
3.247000000000000000e+04,4.868242740631103516e-01,6.037735849056603543e-01,2.377665936946868896e-01,0.000000000000000000e+00
3.248000000000000000e+04,4.813913404941558838e-01,5.943396226415094130e-01,2.238556593656539917e-01,0.000000000000000000e+00
3.249000000000000000e+04,4.796834290027618408e-01,5.849056603773584717e-01,2.181529700756072998e-01,0.000000000000000000e+00
3.250000000000000000e+04,4.831050336360931396e-01,5.566037735849056478e-01,2.157254964113235474e-01,0.000000000000000000e+00
3.251000000000000000e+04,4.748104512691497803e-01,6.132075471698112956e-01,1.824422478675842285e-01,0.000000000000000000e+00
3.252000000000000000e+04,4.849423170089721680e-01,5.849056603773584717e-01,2.044771611690521240e-01,0.000000000000000000e+00
3.253000000000000000e+04,4.867057800292968750e-01,5.849056603773584717e-01,2.128422856330871582e-01,0.000000000000000000e+00
3.254000000000000000e+04,4.678497612476348877e-01,6.037735849056603543e-01,1.956353038549423218e-01,0.000000000000000000e+00
3.255000000000000000e+04,4.561122357845306396e-01,6.132075471698112956e-01,1.918646693229675293e-01,0.000000000000000000e+00
3.256000000000000000e+04,4.769265055656433105e-01,5.566037735849056478e-01,2.202272266149520874e-01,0.000000000000000000e+00
3.257000000000000000e+04,4.518359899520874023e-01,6.037735849056603543e-01,1.877627521753311157e-01,0.000000000000000000e+00
3.258000000000000000e+04,4.363006353378295898e-01,6.037735849056603543e-01,1.812591552734375000e-01,0.000000000000000000e+00
3.259000000000000000e+04,4.649980962276458740e-01,5.849056603773584717e-01,2.151508778333663940e-01,0.000000000000000000e+00
3.260000000000000000e+04,4.440702795982360840e-01,5.849056603773584717e-01,2.033912837505340576e-01,0.000000000000000000e+00
3.261000000000000000e+04,4.521873891353607178e-01,5.849056603773584717e-01,2.059370130300521851e-01,0.000000000000000000e+00
3.262000000000000000e+04,4.587751924991607666e-01,5.849056603773584717e-01,1.930279284715652466e-01,0.000000000000000000e+00
3.263000000000000000e+04,4.738585054874420166e-01,5.849056603773584717e-01,2.332828044891357422e-01,0.000000000000000000e+00
3.264000000000000000e+04,4.572267830371856689e-01,6.132075471698112956e-01,2.269020527601242065e-01,0.000000000000000000e+00
3.265000000000000000e+04,4.700497686862945557e-01,5.849056603773584717e-01,2.015489488840103149e-01,0.000000000000000000e+00
3.266000000000000000e+04,4.735960662364959717e-01,5.943396226415094130e-01,2.089613974094390869e-01,0.000000000000000000e+00
3.267000000000000000e+04,4.864352345466613770e-01,6.037735849056603543e-01,2.088299989700317383e-01,0.000000000000000000e+00
3.268000000000000000e+04,4.588589072227478027e-01,6.226415094339622369e-01,1.822567433118820190e-01,0.000000000000000000e+00
3.269000000000000000e+04,4.723922908306121826e-01,6.226415094339622369e-01,1.970546096563339233e-01,0.000000000000000000e+00
3.270000000000000000e+04,4.636320173740386963e-01,6.132075471698112956e-01,1.730815917253494263e-01,0.000000000000000000e+00
3.271000000000000000e+04,4.384384453296661377e-01,6.226415094339622369e-01,1.575724631547927856e-01,0.000000000000000000e+00
3.272000000000000000e+04,4.494731426239013672e-01,5.943396226415094130e-01,1.667388379573822021e-01,0.000000000000000000e+00
3.273000000000000000e+04,4.392671585083007812e-01,6.320754716981131782e-01,1.562110185623168945e-01,0.000000000000000000e+00
3.274000000000000000e+04,4.600760042667388916e-01,5.943396226415094130e-01,1.886466592550277710e-01,0.000000000000000000e+00
3.275000000000000000e+04,4.380067288875579834e-01,6.320754716981131782e-01,1.616205871105194092e-01,0.000000000000000000e+00
3.276000000000000000e+04,4.578203260898590088e-01,6.132075471698112956e-01,1.774207502603530884e-01,0.000000000000000000e+00
3.277000000000000000e+04,4.496083557605743408e-01,6.132075471698112956e-01,1.606823652982711792e-01,0.000000000000000000e+00
3.278000000000000000e+04,4.609156250953674316e-01,6.320754716981131782e-01,1.995717287063598633e-01,0.000000000000000000e+00
3.279000000000000000e+04,4.659847021102905273e-01,6.226415094339622369e-01,1.968629360198974609e-01,0.000000000000000000e+00
3.280000000000000000e+04,4.515448212623596191e-01,6.226415094339622369e-01,2.018436789512634277e-01,0.000000000000000000e+00
3.281000000000000000e+04,4.602025449275970459e-01,5.849056603773584717e-01,1.745860725641250610e-01,0.000000000000000000e+00
3.282000000000000000e+04,4.480623900890350342e-01,5.849056603773584717e-01,1.612539887428283691e-01,0.000000000000000000e+00
3.283000000000000000e+04,4.410802125930786133e-01,5.943396226415094130e-01,1.722662150859832764e-01,0.000000000000000000e+00
3.284000000000000000e+04,4.701840877532958984e-01,5.943396226415094130e-01,1.789971739053726196e-01,0.000000000000000000e+00
3.285000000000000000e+04,4.410701394081115723e-01,6.132075471698112956e-01,1.806903332471847534e-01,0.000000000000000000e+00
3.286000000000000000e+04,4.403354227542877197e-01,5.849056603773584717e-01,1.770946383476257324e-01,0.000000000000000000e+00
3.287000000000000000e+04,4.574088752269744873e-01,5.660377358490565891e-01,1.899933516979217529e-01,0.000000000000000000e+00
3.288000000000000000e+04,4.716579318046569824e-01,5.943396226415094130e-01,2.005907744169235229e-01,0.000000000000000000e+00
3.289000000000000000e+04,4.744997322559356689e-01,5.943396226415094130e-01,2.209547907114028931e-01,0.000000000000000000e+00
3.290000000000000000e+04,4.639048278331756592e-01,5.943396226415094130e-01,1.879345178604125977e-01,0.000000000000000000e+00
3.291000000000000000e+04,4.710032045841217041e-01,5.849056603773584717e-01,1.951273381710052490e-01,0.000000000000000000e+00
3.292000000000000000e+04,4.521594643592834473e-01,5.754716981132075304e-01,1.774030327796936035e-01,0.000000000000000000e+00
3.293000000000000000e+04,4.744010567665100098e-01,6.132075471698112956e-01,1.658488065004348755e-01,0.000000000000000000e+00
3.294000000000000000e+04,4.504132568836212158e-01,5.849056603773584717e-01,1.725667417049407959e-01,0.000000000000000000e+00
3.295000000000000000e+04,4.612750113010406494e-01,5.943396226415094130e-01,1.898806095123291016e-01,0.000000000000000000e+00
3.296000000000000000e+04,4.646053612232208252e-01,6.037735849056603543e-01,1.907780766487121582e-01,0.000000000000000000e+00
3.297000000000000000e+04,4.428640305995941162e-01,5.943396226415094130e-01,1.714272052049636841e-01,0.000000000000000000e+00
3.298000000000000000e+04,4.267021715641021729e-01,6.037735849056603543e-01,1.634051352739334106e-01,0.000000000000000000e+00
3.299000000000000000e+04,4.446056187152862549e-01,6.037735849056603543e-01,2.006789147853851318e-01,0.000000000000000000e+00
3.300000000000000000e+04,4.467643499374389648e-01,5.754716981132075304e-01,1.825576275587081909e-01,0.000000000000000000e+00
3.301000000000000000e+04,4.429631829261779785e-01,5.849056603773584717e-01,2.007764130830764771e-01,0.000000000000000000e+00
3.302000000000000000e+04,4.404409229755401611e-01,6.037735849056603543e-01,1.875273734331130981e-01,0.000000000000000000e+00
3.303000000000000000e+04,4.695417284965515137e-01,5.943396226415094130e-01,2.120805233716964722e-01,0.000000000000000000e+00
3.304000000000000000e+04,4.826229810714721680e-01,5.943396226415094130e-01,2.281167656183242798e-01,0.000000000000000000e+00
3.305000000000000000e+04,4.924900531768798828e-01,5.849056603773584717e-01,2.434693574905395508e-01,0.000000000000000000e+00
3.306000000000000000e+04,4.957499504089355469e-01,6.037735849056603543e-01,2.340820282697677612e-01,0.000000000000000000e+00
3.307000000000000000e+04,4.730645120143890381e-01,6.037735849056603543e-01,2.080468386411666870e-01,0.000000000000000000e+00
3.308000000000000000e+04,4.720036089420318604e-01,6.037735849056603543e-01,2.324564605951309204e-01,0.000000000000000000e+00
3.309000000000000000e+04,4.858712852001190186e-01,5.471698113207547065e-01,2.575178742408752441e-01,0.000000000000000000e+00
3.310000000000000000e+04,4.661837220191955566e-01,5.943396226415094130e-01,2.190829813480377197e-01,0.000000000000000000e+00
3.311000000000000000e+04,4.998433291912078857e-01,5.754716981132075304e-01,2.291838824748992920e-01,0.000000000000000000e+00
3.312000000000000000e+04,4.931416809558868408e-01,5.754716981132075304e-01,2.321869283914566040e-01,0.000000000000000000e+00
3.313000000000000000e+04,5.140234231948852539e-01,5.754716981132075304e-01,2.586660981178283691e-01,0.000000000000000000e+00
3.314000000000000000e+04,5.039351582527160645e-01,5.660377358490565891e-01,2.613784074783325195e-01,0.000000000000000000e+00
3.315000000000000000e+04,5.155894756317138672e-01,5.754716981132075304e-01,2.699576318264007568e-01,0.000000000000000000e+00
3.316000000000000000e+04,5.130612254142761230e-01,5.754716981132075304e-01,2.670482993125915527e-01,0.000000000000000000e+00
3.317000000000000000e+04,4.923934042453765869e-01,6.226415094339622369e-01,2.159910649061203003e-01,0.000000000000000000e+00
3.318000000000000000e+04,5.040621161460876465e-01,5.943396226415094130e-01,2.341458201408386230e-01,0.000000000000000000e+00
3.319000000000000000e+04,5.064494013786315918e-01,5.943396226415094130e-01,2.234958410263061523e-01,0.000000000000000000e+00
3.320000000000000000e+04,5.070559382438659668e-01,5.754716981132075304e-01,2.481428533792495728e-01,0.000000000000000000e+00
3.321000000000000000e+04,5.060092806816101074e-01,5.754716981132075304e-01,2.472953647375106812e-01,0.000000000000000000e+00
3.322000000000000000e+04,5.056954026222229004e-01,6.132075471698112956e-01,2.233610600233078003e-01,0.000000000000000000e+00
3.323000000000000000e+04,5.036269426345825195e-01,5.566037735849056478e-01,2.328393757343292236e-01,0.000000000000000000e+00
3.324000000000000000e+04,5.164224505424499512e-01,5.849056603773584717e-01,2.205187678337097168e-01,0.000000000000000000e+00
3.325000000000000000e+04,4.888178706169128418e-01,6.037735849056603543e-01,2.184543013572692871e-01,0.000000000000000000e+00
3.326000000000000000e+04,4.809527695178985596e-01,5.849056603773584717e-01,2.160831242799758911e-01,0.000000000000000000e+00
3.327000000000000000e+04,4.762435853481292725e-01,6.226415094339622369e-01,2.037208527326583862e-01,0.000000000000000000e+00
3.328000000000000000e+04,4.883050322532653809e-01,5.943396226415094130e-01,2.030389904975891113e-01,0.000000000000000000e+00
3.329000000000000000e+04,4.801655709743499756e-01,5.943396226415094130e-01,2.064499109983444214e-01,0.000000000000000000e+00
3.330000000000000000e+04,4.816747605800628662e-01,5.943396226415094130e-01,2.006262391805648804e-01,0.000000000000000000e+00
3.331000000000000000e+04,4.916275441646575928e-01,5.754716981132075304e-01,2.092009335756301880e-01,0.000000000000000000e+00
3.332000000000000000e+04,4.853338301181793213e-01,5.754716981132075304e-01,2.216854542493820190e-01,0.000000000000000000e+00
3.333000000000000000e+04,4.782157838344573975e-01,5.849056603773584717e-01,1.877157986164093018e-01,0.000000000000000000e+00
3.334000000000000000e+04,4.787376224994659424e-01,6.037735849056603543e-01,2.118054479360580444e-01,0.000000000000000000e+00
3.335000000000000000e+04,4.936111569404602051e-01,5.849056603773584717e-01,2.057580053806304932e-01,0.000000000000000000e+00
3.336000000000000000e+04,4.820815026760101318e-01,6.037735849056603543e-01,1.822991222143173218e-01,0.000000000000000000e+00
3.337000000000000000e+04,5.005587339401245117e-01,5.566037735849056478e-01,1.987113505601882935e-01,0.000000000000000000e+00
3.338000000000000000e+04,4.985501766204833984e-01,5.849056603773584717e-01,2.051616907119750977e-01,0.000000000000000000e+00
3.339000000000000000e+04,5.055520534515380859e-01,5.754716981132075304e-01,2.192049175500869751e-01,0.000000000000000000e+00
3.340000000000000000e+04,4.830536544322967529e-01,5.849056603773584717e-01,2.111067771911621094e-01,0.000000000000000000e+00
3.341000000000000000e+04,4.762634336948394775e-01,5.754716981132075304e-01,2.105600684881210327e-01,0.000000000000000000e+00
3.342000000000000000e+04,4.902942180633544922e-01,5.943396226415094130e-01,2.082812935113906860e-01,0.000000000000000000e+00
3.343000000000000000e+04,4.847625195980072021e-01,5.849056603773584717e-01,2.064646631479263306e-01,0.000000000000000000e+00
3.344000000000000000e+04,4.785727858543395996e-01,5.849056603773584717e-01,2.014198005199432373e-01,0.000000000000000000e+00
3.345000000000000000e+04,4.885884523391723633e-01,5.754716981132075304e-01,2.160522490739822388e-01,0.000000000000000000e+00
3.346000000000000000e+04,4.851994514465332031e-01,5.754716981132075304e-01,2.270626723766326904e-01,0.000000000000000000e+00
3.347000000000000000e+04,4.918903112411499023e-01,5.849056603773584717e-01,2.293986380100250244e-01,0.000000000000000000e+00
3.348000000000000000e+04,4.787133634090423584e-01,5.849056603773584717e-01,1.961697041988372803e-01,0.000000000000000000e+00
3.349000000000000000e+04,4.864225983619689941e-01,5.754716981132075304e-01,2.404794692993164062e-01,0.000000000000000000e+00
3.350000000000000000e+04,4.743436872959136963e-01,5.660377358490565891e-01,2.049320638179779053e-01,0.000000000000000000e+00
3.351000000000000000e+04,4.745707213878631592e-01,6.132075471698112956e-01,1.875808686017990112e-01,0.000000000000000000e+00
3.352000000000000000e+04,4.764392971992492676e-01,5.754716981132075304e-01,1.877188831567764282e-01,0.000000000000000000e+00
3.353000000000000000e+04,4.627362787723541260e-01,6.132075471698112956e-01,1.456878334283828735e-01,0.000000000000000000e+00
3.354000000000000000e+04,4.723994433879852295e-01,5.849056603773584717e-01,1.637263894081115723e-01,0.000000000000000000e+00
3.355000000000000000e+04,4.571664035320281982e-01,5.754716981132075304e-01,1.584058403968811035e-01,0.000000000000000000e+00
3.356000000000000000e+04,4.580200910568237305e-01,5.943396226415094130e-01,1.588494777679443359e-01,0.000000000000000000e+00
3.357000000000000000e+04,4.612371623516082764e-01,5.849056603773584717e-01,1.836312860250473022e-01,0.000000000000000000e+00
3.358000000000000000e+04,4.478859603404998779e-01,6.037735849056603543e-01,1.612735241651535034e-01,0.000000000000000000e+00
3.359000000000000000e+04,4.347999095916748047e-01,5.943396226415094130e-01,1.479058861732482910e-01,0.000000000000000000e+00
3.360000000000000000e+04,4.456145763397216797e-01,5.943396226415094130e-01,1.826119571924209595e-01,0.000000000000000000e+00
3.361000000000000000e+04,4.279396533966064453e-01,5.849056603773584717e-01,1.555673480033874512e-01,0.000000000000000000e+00
3.362000000000000000e+04,4.296887218952178955e-01,5.943396226415094130e-01,1.591513603925704956e-01,0.000000000000000000e+00
3.363000000000000000e+04,4.197536706924438477e-01,6.226415094339622369e-01,1.623837649822235107e-01,0.000000000000000000e+00
3.364000000000000000e+04,4.465114176273345947e-01,5.943396226415094130e-01,1.828665733337402344e-01,0.000000000000000000e+00
3.365000000000000000e+04,4.274234175682067871e-01,6.037735849056603543e-01,1.440138816833496094e-01,0.000000000000000000e+00
3.366000000000000000e+04,4.394385218620300293e-01,6.037735849056603543e-01,1.898130476474761963e-01,0.000000000000000000e+00
3.367000000000000000e+04,4.523531198501586914e-01,5.849056603773584717e-01,1.953675150871276855e-01,0.000000000000000000e+00
3.368000000000000000e+04,4.410817921161651611e-01,5.943396226415094130e-01,1.791281700134277344e-01,0.000000000000000000e+00
3.369000000000000000e+04,4.328305721282958984e-01,5.660377358490565891e-01,1.641390919685363770e-01,0.000000000000000000e+00
3.370000000000000000e+04,4.601743221282958984e-01,5.566037735849056478e-01,1.976695954799652100e-01,0.000000000000000000e+00
3.371000000000000000e+04,4.726111888885498047e-01,5.754716981132075304e-01,2.163370102643966675e-01,0.000000000000000000e+00
3.372000000000000000e+04,4.555103480815887451e-01,5.754716981132075304e-01,2.017744481563568115e-01,0.000000000000000000e+00
3.373000000000000000e+04,4.581176042556762695e-01,5.566037735849056478e-01,1.823900341987609863e-01,0.000000000000000000e+00
3.374000000000000000e+04,4.567448496818542480e-01,5.754716981132075304e-01,1.879486292600631714e-01,0.000000000000000000e+00
3.375000000000000000e+04,4.576368033885955811e-01,5.471698113207547065e-01,2.012513875961303711e-01,0.000000000000000000e+00
3.376000000000000000e+04,4.518002271652221680e-01,5.377358490566037652e-01,1.786780357360839844e-01,0.000000000000000000e+00
3.377000000000000000e+04,4.727821052074432373e-01,5.754716981132075304e-01,2.058229297399520874e-01,0.000000000000000000e+00
3.378000000000000000e+04,4.794109761714935303e-01,5.849056603773584717e-01,2.060606777667999268e-01,0.000000000000000000e+00
3.379000000000000000e+04,4.791251718997955322e-01,5.849056603773584717e-01,1.950349956750869751e-01,0.000000000000000000e+00
3.380000000000000000e+04,4.771246612071990967e-01,5.566037735849056478e-01,2.189224809408187866e-01,0.000000000000000000e+00
3.381000000000000000e+04,4.761766195297241211e-01,5.566037735849056478e-01,2.088263034820556641e-01,0.000000000000000000e+00
3.382000000000000000e+04,4.836868941783905029e-01,5.943396226415094130e-01,2.136987000703811646e-01,0.000000000000000000e+00
3.383000000000000000e+04,4.635698795318603516e-01,6.037735849056603543e-01,2.028871923685073853e-01,0.000000000000000000e+00
3.384000000000000000e+04,4.693104028701782227e-01,5.754716981132075304e-01,1.927509903907775879e-01,0.000000000000000000e+00
3.385000000000000000e+04,4.533021748065948486e-01,5.566037735849056478e-01,1.830509603023529053e-01,0.000000000000000000e+00
3.386000000000000000e+04,4.489998221397399902e-01,5.849056603773584717e-01,1.654358804225921631e-01,0.000000000000000000e+00
3.387000000000000000e+04,4.590363204479217529e-01,5.754716981132075304e-01,2.018831670284271240e-01,0.000000000000000000e+00
3.388000000000000000e+04,4.508218467235565186e-01,5.754716981132075304e-01,1.834542751312255859e-01,0.000000000000000000e+00
3.389000000000000000e+04,4.525642096996307373e-01,5.849056603773584717e-01,1.741876304149627686e-01,0.000000000000000000e+00
3.390000000000000000e+04,4.738720953464508057e-01,5.566037735849056478e-01,2.338228821754455566e-01,0.000000000000000000e+00
3.391000000000000000e+04,4.685355126857757568e-01,5.754716981132075304e-01,1.945330351591110229e-01,0.000000000000000000e+00
3.392000000000000000e+04,4.872413575649261475e-01,6.132075471698112956e-01,2.441197633743286133e-01,0.000000000000000000e+00
3.393000000000000000e+04,5.084292888641357422e-01,5.471698113207547065e-01,2.425955832004547119e-01,0.000000000000000000e+00
3.394000000000000000e+04,5.046459436416625977e-01,5.943396226415094130e-01,2.484080493450164795e-01,0.000000000000000000e+00
3.395000000000000000e+04,5.119767189025878906e-01,6.037735849056603543e-01,2.375304102897644043e-01,0.000000000000000000e+00
3.396000000000000000e+04,4.902763664722442627e-01,5.849056603773584717e-01,2.305249869823455811e-01,0.000000000000000000e+00
3.397000000000000000e+04,4.998027086257934570e-01,5.943396226415094130e-01,2.441359907388687134e-01,0.000000000000000000e+00
3.398000000000000000e+04,4.848692417144775391e-01,5.754716981132075304e-01,2.428072392940521240e-01,0.000000000000000000e+00
3.399000000000000000e+04,4.913472533226013184e-01,5.754716981132075304e-01,2.339634597301483154e-01,0.000000000000000000e+00
3.400000000000000000e+04,4.886781871318817139e-01,5.849056603773584717e-01,2.328554093837738037e-01,0.000000000000000000e+00
3.401000000000000000e+04,4.741356968879699707e-01,6.037735849056603543e-01,2.204017341136932373e-01,0.000000000000000000e+00
3.402000000000000000e+04,4.727618992328643799e-01,6.037735849056603543e-01,2.262932211160659790e-01,0.000000000000000000e+00
3.403000000000000000e+04,4.842868447303771973e-01,5.849056603773584717e-01,2.343298196792602539e-01,0.000000000000000000e+00
3.404000000000000000e+04,4.612137377262115479e-01,5.943396226415094130e-01,2.110800445079803467e-01,0.000000000000000000e+00
3.405000000000000000e+04,4.923841059207916260e-01,6.132075471698112956e-01,2.272309064865112305e-01,0.000000000000000000e+00
3.406000000000000000e+04,5.136003494262695312e-01,6.037735849056603543e-01,2.749728858470916748e-01,0.000000000000000000e+00
3.407000000000000000e+04,4.962965250015258789e-01,5.943396226415094130e-01,2.522973120212554932e-01,0.000000000000000000e+00
3.408000000000000000e+04,4.807074069976806641e-01,6.132075471698112956e-01,2.223456352949142456e-01,0.000000000000000000e+00
3.409000000000000000e+04,4.876828491687774658e-01,5.943396226415094130e-01,2.438663095235824585e-01,0.000000000000000000e+00
3.410000000000000000e+04,4.642394781112670898e-01,5.849056603773584717e-01,2.149200886487960815e-01,0.000000000000000000e+00
3.411000000000000000e+04,4.636805057525634766e-01,6.132075471698112956e-01,1.831473708152770996e-01,0.000000000000000000e+00
3.412000000000000000e+04,4.906239509582519531e-01,6.037735849056603543e-01,2.191224992275238037e-01,0.000000000000000000e+00
3.413000000000000000e+04,4.871196746826171875e-01,6.132075471698112956e-01,2.063549906015396118e-01,0.000000000000000000e+00
3.414000000000000000e+04,4.950303137302398682e-01,5.849056603773584717e-01,2.392224669456481934e-01,0.000000000000000000e+00
3.415000000000000000e+04,4.987591505050659180e-01,5.754716981132075304e-01,2.746182382106781006e-01,0.000000000000000000e+00
3.416000000000000000e+04,4.917729794979095459e-01,5.849056603773584717e-01,2.602323293685913086e-01,0.000000000000000000e+00
3.417000000000000000e+04,4.829543828964233398e-01,6.132075471698112956e-01,2.413849234580993652e-01,0.000000000000000000e+00
3.418000000000000000e+04,4.922923743724822998e-01,5.660377358490565891e-01,2.494004815816879272e-01,0.000000000000000000e+00
3.419000000000000000e+04,4.973001778125762939e-01,5.849056603773584717e-01,2.588608264923095703e-01,0.000000000000000000e+00
3.420000000000000000e+04,5.200713276863098145e-01,5.754716981132075304e-01,2.872001528739929199e-01,0.000000000000000000e+00
3.421000000000000000e+04,5.231798887252807617e-01,5.849056603773584717e-01,2.718622684478759766e-01,0.000000000000000000e+00
3.422000000000000000e+04,5.295081734657287598e-01,5.849056603773584717e-01,2.508230209350585938e-01,0.000000000000000000e+00
3.423000000000000000e+04,5.245017409324645996e-01,5.943396226415094130e-01,2.312999218702316284e-01,0.000000000000000000e+00
3.424000000000000000e+04,5.055369138717651367e-01,5.849056603773584717e-01,2.441454976797103882e-01,0.000000000000000000e+00
3.425000000000000000e+04,5.138372182846069336e-01,6.037735849056603543e-01,2.590914070606231689e-01,0.000000000000000000e+00
3.426000000000000000e+04,5.007166266441345215e-01,5.754716981132075304e-01,2.375694215297698975e-01,0.000000000000000000e+00
3.427000000000000000e+04,5.082316398620605469e-01,5.943396226415094130e-01,2.287117391824722290e-01,0.000000000000000000e+00
3.428000000000000000e+04,5.093987584114074707e-01,5.943396226415094130e-01,2.183946818113327026e-01,0.000000000000000000e+00
3.429000000000000000e+04,5.215575695037841797e-01,5.849056603773584717e-01,2.374915480613708496e-01,0.000000000000000000e+00
3.430000000000000000e+04,5.331143736839294434e-01,5.754716981132075304e-01,2.548605501651763916e-01,0.000000000000000000e+00
3.431000000000000000e+04,5.353767871856689453e-01,5.943396226415094130e-01,2.486598789691925049e-01,0.000000000000000000e+00
3.432000000000000000e+04,5.219179987907409668e-01,5.754716981132075304e-01,2.704381942749023438e-01,0.000000000000000000e+00
3.433000000000000000e+04,4.977367818355560303e-01,6.037735849056603543e-01,2.489394545555114746e-01,0.000000000000000000e+00
3.434000000000000000e+04,5.076407194137573242e-01,5.849056603773584717e-01,2.451908886432647705e-01,0.000000000000000000e+00
3.435000000000000000e+04,4.864207506179809570e-01,5.849056603773584717e-01,2.311713546514511108e-01,0.000000000000000000e+00
3.436000000000000000e+04,4.948844611644744873e-01,5.849056603773584717e-01,2.427389174699783325e-01,0.000000000000000000e+00
3.437000000000000000e+04,4.927121996879577637e-01,6.037735849056603543e-01,2.269006669521331787e-01,0.000000000000000000e+00
3.438000000000000000e+04,4.851152896881103516e-01,5.849056603773584717e-01,2.202225774526596069e-01,0.000000000000000000e+00
3.439000000000000000e+04,4.678572118282318115e-01,6.037735849056603543e-01,1.801553517580032349e-01,0.000000000000000000e+00
3.440000000000000000e+04,4.701564908027648926e-01,5.754716981132075304e-01,2.095380723476409912e-01,0.000000000000000000e+00
3.441000000000000000e+04,4.654271006584167480e-01,5.943396226415094130e-01,1.943945735692977905e-01,0.000000000000000000e+00
3.442000000000000000e+04,4.885038435459136963e-01,6.037735849056603543e-01,2.177912592887878418e-01,0.000000000000000000e+00
3.443000000000000000e+04,4.646822810173034668e-01,5.943396226415094130e-01,1.955520659685134888e-01,0.000000000000000000e+00
3.444000000000000000e+04,4.658944308757781982e-01,6.037735849056603543e-01,2.160488814115524292e-01,0.000000000000000000e+00
3.445000000000000000e+04,4.937641024589538574e-01,5.849056603773584717e-01,2.583005130290985107e-01,0.000000000000000000e+00
3.446000000000000000e+04,4.837710857391357422e-01,6.320754716981131782e-01,2.263348102569580078e-01,0.000000000000000000e+00
3.447000000000000000e+04,4.599595069885253906e-01,5.849056603773584717e-01,2.418988049030303955e-01,0.000000000000000000e+00
3.448000000000000000e+04,4.680880308151245117e-01,5.943396226415094130e-01,2.105113118886947632e-01,0.000000000000000000e+00
3.449000000000000000e+04,4.670175015926361084e-01,5.943396226415094130e-01,2.137296050786972046e-01,0.000000000000000000e+00
3.450000000000000000e+04,4.593608677387237549e-01,5.566037735849056478e-01,2.098799049854278564e-01,0.000000000000000000e+00
3.451000000000000000e+04,4.516522288322448730e-01,6.037735849056603543e-01,2.008118033409118652e-01,0.000000000000000000e+00
3.452000000000000000e+04,4.522844254970550537e-01,5.849056603773584717e-01,1.913909018039703369e-01,0.000000000000000000e+00
3.453000000000000000e+04,4.573392868041992188e-01,6.132075471698112956e-01,1.827717870473861694e-01,0.000000000000000000e+00
3.454000000000000000e+04,4.574961364269256592e-01,5.943396226415094130e-01,1.908732801675796509e-01,0.000000000000000000e+00
3.455000000000000000e+04,4.789465367794036865e-01,6.132075471698112956e-01,2.009815722703933716e-01,0.000000000000000000e+00
3.456000000000000000e+04,4.644870162010192871e-01,5.849056603773584717e-01,1.885645538568496704e-01,0.000000000000000000e+00
3.457000000000000000e+04,4.661710560321807861e-01,6.037735849056603543e-01,2.170877307653427124e-01,0.000000000000000000e+00
3.458000000000000000e+04,4.537203311920166016e-01,6.132075471698112956e-01,1.754000186920166016e-01,0.000000000000000000e+00
3.459000000000000000e+04,4.479635655879974365e-01,6.226415094339622369e-01,1.726225316524505615e-01,0.000000000000000000e+00
3.460000000000000000e+04,4.623096585273742676e-01,6.037735849056603543e-01,1.841636598110198975e-01,0.000000000000000000e+00
3.461000000000000000e+04,4.566616415977478027e-01,6.226415094339622369e-01,1.729318797588348389e-01,0.000000000000000000e+00
3.462000000000000000e+04,4.501421749591827393e-01,5.849056603773584717e-01,2.020877301692962646e-01,0.000000000000000000e+00
3.463000000000000000e+04,4.434410333633422852e-01,5.849056603773584717e-01,2.033356130123138428e-01,0.000000000000000000e+00
3.464000000000000000e+04,4.538486599922180176e-01,6.226415094339622369e-01,2.071791887283325195e-01,0.000000000000000000e+00
3.465000000000000000e+04,4.687489569187164307e-01,5.849056603773584717e-01,2.333348095417022705e-01,0.000000000000000000e+00
3.466000000000000000e+04,4.914614856243133545e-01,6.037735849056603543e-01,2.301152348518371582e-01,0.000000000000000000e+00
3.467000000000000000e+04,4.935829937458038330e-01,5.943396226415094130e-01,2.348627597093582153e-01,0.000000000000000000e+00
3.468000000000000000e+04,4.689559936523437500e-01,6.037735849056603543e-01,2.095165252685546875e-01,0.000000000000000000e+00
3.469000000000000000e+04,4.655089676380157471e-01,6.037735849056603543e-01,1.942131817340850830e-01,0.000000000000000000e+00
3.470000000000000000e+04,4.655458033084869385e-01,6.226415094339622369e-01,1.966843754053115845e-01,0.000000000000000000e+00
3.471000000000000000e+04,4.419349133968353271e-01,6.037735849056603543e-01,1.874268352985382080e-01,0.000000000000000000e+00
3.472000000000000000e+04,4.590215682983398438e-01,6.226415094339622369e-01,1.806560009717941284e-01,0.000000000000000000e+00
3.473000000000000000e+04,4.598887562751770020e-01,6.037735849056603543e-01,1.839108318090438843e-01,0.000000000000000000e+00
3.474000000000000000e+04,4.691511094570159912e-01,5.943396226415094130e-01,2.210500836372375488e-01,0.000000000000000000e+00
3.475000000000000000e+04,4.526139795780181885e-01,6.132075471698112956e-01,1.712499558925628662e-01,0.000000000000000000e+00
3.476000000000000000e+04,4.600561857223510742e-01,6.037735849056603543e-01,2.036518305540084839e-01,0.000000000000000000e+00
3.477000000000000000e+04,4.482076764106750488e-01,6.037735849056603543e-01,2.023083567619323730e-01,0.000000000000000000e+00
3.478000000000000000e+04,4.626790881156921387e-01,6.037735849056603543e-01,2.024358958005905151e-01,0.000000000000000000e+00
3.479000000000000000e+04,4.553945958614349365e-01,5.943396226415094130e-01,1.903642266988754272e-01,0.000000000000000000e+00
3.480000000000000000e+04,4.371485114097595215e-01,6.226415094339622369e-01,1.685078889131546021e-01,0.000000000000000000e+00
3.481000000000000000e+04,4.467087984085083008e-01,6.037735849056603543e-01,1.829891651868820190e-01,0.000000000000000000e+00
3.482000000000000000e+04,4.837130010128021240e-01,6.132075471698112956e-01,2.252210378646850586e-01,0.000000000000000000e+00
3.483000000000000000e+04,4.669992029666900635e-01,6.226415094339622369e-01,2.014722675085067749e-01,0.000000000000000000e+00
3.484000000000000000e+04,4.728711545467376709e-01,6.037735849056603543e-01,2.222687453031539917e-01,0.000000000000000000e+00
3.485000000000000000e+04,4.714239835739135742e-01,6.226415094339622369e-01,1.908063441514968872e-01,0.000000000000000000e+00
3.486000000000000000e+04,4.759873449802398682e-01,6.226415094339622369e-01,2.010043859481811523e-01,0.000000000000000000e+00
3.487000000000000000e+04,4.684567451477050781e-01,5.943396226415094130e-01,1.936261802911758423e-01,0.000000000000000000e+00
3.488000000000000000e+04,4.597889184951782227e-01,6.320754716981131782e-01,2.077114731073379517e-01,0.000000000000000000e+00
3.489000000000000000e+04,4.839440584182739258e-01,5.943396226415094130e-01,2.139268666505813599e-01,0.000000000000000000e+00
3.490000000000000000e+04,4.757995009422302246e-01,6.226415094339622369e-01,2.018306255340576172e-01,0.000000000000000000e+00
3.491000000000000000e+04,4.658468365669250488e-01,6.132075471698112956e-01,1.842637658119201660e-01,0.000000000000000000e+00
3.492000000000000000e+04,4.694155156612396240e-01,5.943396226415094130e-01,1.867726594209671021e-01,0.000000000000000000e+00
3.493000000000000000e+04,4.538039863109588623e-01,5.849056603773584717e-01,1.877322196960449219e-01,0.000000000000000000e+00
3.494000000000000000e+04,4.632253944873809814e-01,5.943396226415094130e-01,1.812012940645217896e-01,0.000000000000000000e+00
3.495000000000000000e+04,4.689049124717712402e-01,6.226415094339622369e-01,1.709757745265960693e-01,0.000000000000000000e+00
3.496000000000000000e+04,4.551484286785125732e-01,6.037735849056603543e-01,1.627751290798187256e-01,0.000000000000000000e+00
3.497000000000000000e+04,4.396347999572753906e-01,6.037735849056603543e-01,1.637974381446838379e-01,0.000000000000000000e+00
3.498000000000000000e+04,4.686693847179412842e-01,5.943396226415094130e-01,1.609982699155807495e-01,0.000000000000000000e+00
3.499000000000000000e+04,4.643587470054626465e-01,6.226415094339622369e-01,1.782917827367782593e-01,0.000000000000000000e+00
3.500000000000000000e+04,4.658643901348114014e-01,5.943396226415094130e-01,2.006193697452545166e-01,0.000000000000000000e+00
3.501000000000000000e+04,4.681513607501983643e-01,6.226415094339622369e-01,1.895100772380828857e-01,0.000000000000000000e+00
3.502000000000000000e+04,4.510110318660736084e-01,6.132075471698112956e-01,1.816536486148834229e-01,0.000000000000000000e+00
3.503000000000000000e+04,4.486097991466522217e-01,5.943396226415094130e-01,1.772706806659698486e-01,0.000000000000000000e+00
3.504000000000000000e+04,4.585624039173126221e-01,5.660377358490565891e-01,1.972222924232482910e-01,0.000000000000000000e+00
3.505000000000000000e+04,4.484842419624328613e-01,6.132075471698112956e-01,1.653896421194076538e-01,0.000000000000000000e+00
3.506000000000000000e+04,4.366807937622070312e-01,5.754716981132075304e-01,1.382111012935638428e-01,0.000000000000000000e+00
3.507000000000000000e+04,4.474867284297943115e-01,6.132075471698112956e-01,1.743785589933395386e-01,0.000000000000000000e+00
3.508000000000000000e+04,4.545977413654327393e-01,6.132075471698112956e-01,1.729572862386703491e-01,0.000000000000000000e+00
3.509000000000000000e+04,4.721173644065856934e-01,5.849056603773584717e-01,1.965046972036361694e-01,0.000000000000000000e+00
3.510000000000000000e+04,4.680511653423309326e-01,6.132075471698112956e-01,2.066259086132049561e-01,0.000000000000000000e+00
3.511000000000000000e+04,4.863667488098144531e-01,5.943396226415094130e-01,1.916088014841079712e-01,0.000000000000000000e+00
3.512000000000000000e+04,4.746102094650268555e-01,6.037735849056603543e-01,2.047993838787078857e-01,0.000000000000000000e+00
3.513000000000000000e+04,4.784764051437377930e-01,6.132075471698112956e-01,1.906813681125640869e-01,0.000000000000000000e+00
3.514000000000000000e+04,4.880194067955017090e-01,5.754716981132075304e-01,2.008349895477294922e-01,0.000000000000000000e+00
3.515000000000000000e+04,4.963847100734710693e-01,5.943396226415094130e-01,2.039062678813934326e-01,0.000000000000000000e+00
3.516000000000000000e+04,4.956152439117431641e-01,5.660377358490565891e-01,2.159631401300430298e-01,0.000000000000000000e+00
3.517000000000000000e+04,4.861439168453216553e-01,6.132075471698112956e-01,1.868817806243896484e-01,0.000000000000000000e+00
3.518000000000000000e+04,4.637626409530639648e-01,6.037735849056603543e-01,1.778122186660766602e-01,0.000000000000000000e+00
3.519000000000000000e+04,4.560079872608184814e-01,6.226415094339622369e-01,1.698605716228485107e-01,0.000000000000000000e+00
3.520000000000000000e+04,4.766619503498077393e-01,6.037735849056603543e-01,1.561028510332107544e-01,0.000000000000000000e+00
3.521000000000000000e+04,4.729407429695129395e-01,6.132075471698112956e-01,1.759013831615447998e-01,0.000000000000000000e+00
3.522000000000000000e+04,4.734921455383300781e-01,6.226415094339622369e-01,1.785168796777725220e-01,0.000000000000000000e+00
3.523000000000000000e+04,4.644351005554199219e-01,6.132075471698112956e-01,1.734631657600402832e-01,0.000000000000000000e+00
3.524000000000000000e+04,4.579963684082031250e-01,6.037735849056603543e-01,1.778811365365982056e-01,0.000000000000000000e+00
3.525000000000000000e+04,4.920400977134704590e-01,6.132075471698112956e-01,1.994717866182327271e-01,0.000000000000000000e+00
3.526000000000000000e+04,4.850037693977355957e-01,6.132075471698112956e-01,1.827460378408432007e-01,0.000000000000000000e+00
3.527000000000000000e+04,4.806176722049713135e-01,6.132075471698112956e-01,1.868872940540313721e-01,0.000000000000000000e+00
3.528000000000000000e+04,5.096727609634399414e-01,6.037735849056603543e-01,2.276149541139602661e-01,0.000000000000000000e+00
3.529000000000000000e+04,4.951319694519042969e-01,6.226415094339622369e-01,1.858615875244140625e-01,0.000000000000000000e+00
3.530000000000000000e+04,4.881539642810821533e-01,6.037735849056603543e-01,1.938244849443435669e-01,0.000000000000000000e+00
3.531000000000000000e+04,5.014253854751586914e-01,5.849056603773584717e-01,2.033317983150482178e-01,0.000000000000000000e+00
3.532000000000000000e+04,4.987095594406127930e-01,6.132075471698112956e-01,1.746191382408142090e-01,0.000000000000000000e+00
3.533000000000000000e+04,5.116510987281799316e-01,6.037735849056603543e-01,2.081565707921981812e-01,0.000000000000000000e+00
3.534000000000000000e+04,5.085031390190124512e-01,5.849056603773584717e-01,1.972900778055191040e-01,0.000000000000000000e+00
3.535000000000000000e+04,5.026597380638122559e-01,5.849056603773584717e-01,2.155424058437347412e-01,0.000000000000000000e+00
3.536000000000000000e+04,5.029402971267700195e-01,6.132075471698112956e-01,2.312028706073760986e-01,0.000000000000000000e+00
3.537000000000000000e+04,4.896216988563537598e-01,5.943396226415094130e-01,2.084065526723861694e-01,0.000000000000000000e+00
3.538000000000000000e+04,5.104503631591796875e-01,5.943396226415094130e-01,2.402497678995132446e-01,0.000000000000000000e+00
3.539000000000000000e+04,5.101993680000305176e-01,6.037735849056603543e-01,2.308677881956100464e-01,0.000000000000000000e+00
3.540000000000000000e+04,4.848856925964355469e-01,6.037735849056603543e-01,2.121842950582504272e-01,0.000000000000000000e+00
3.541000000000000000e+04,4.944493174552917480e-01,5.849056603773584717e-01,2.118896991014480591e-01,0.000000000000000000e+00
3.542000000000000000e+04,4.867257773876190186e-01,6.037735849056603543e-01,2.127674967050552368e-01,0.000000000000000000e+00
3.543000000000000000e+04,4.675471484661102295e-01,5.943396226415094130e-01,2.075048834085464478e-01,0.000000000000000000e+00
3.544000000000000000e+04,4.610929489135742188e-01,6.037735849056603543e-01,2.022428810596466064e-01,0.000000000000000000e+00
3.545000000000000000e+04,4.839496612548828125e-01,5.754716981132075304e-01,2.296050041913986206e-01,0.000000000000000000e+00
3.546000000000000000e+04,4.928270280361175537e-01,5.660377358490565891e-01,2.207485139369964600e-01,0.000000000000000000e+00
3.547000000000000000e+04,4.823451638221740723e-01,6.037735849056603543e-01,2.191228717565536499e-01,0.000000000000000000e+00
3.548000000000000000e+04,4.796483516693115234e-01,5.849056603773584717e-01,2.076682299375534058e-01,0.000000000000000000e+00
3.549000000000000000e+04,4.749063551425933838e-01,6.132075471698112956e-01,2.092351466417312622e-01,0.000000000000000000e+00
3.550000000000000000e+04,4.908409416675567627e-01,6.037735849056603543e-01,2.172185331583023071e-01,0.000000000000000000e+00
3.551000000000000000e+04,4.919022321701049805e-01,5.754716981132075304e-01,2.175005227327346802e-01,0.000000000000000000e+00
3.552000000000000000e+04,5.156310200691223145e-01,5.849056603773584717e-01,2.430591136217117310e-01,0.000000000000000000e+00
3.553000000000000000e+04,4.970015585422515869e-01,5.943396226415094130e-01,2.165677398443222046e-01,0.000000000000000000e+00
3.554000000000000000e+04,5.106420516967773438e-01,5.943396226415094130e-01,2.313706129789352417e-01,0.000000000000000000e+00
3.555000000000000000e+04,5.196186900138854980e-01,6.037735849056603543e-01,2.469152957201004028e-01,0.000000000000000000e+00
3.556000000000000000e+04,5.093427300453186035e-01,6.226415094339622369e-01,2.209184467792510986e-01,0.000000000000000000e+00
3.557000000000000000e+04,5.092858672142028809e-01,6.320754716981131782e-01,2.195769697427749634e-01,0.000000000000000000e+00
3.558000000000000000e+04,5.245320796966552734e-01,5.849056603773584717e-01,2.617993056774139404e-01,0.000000000000000000e+00
3.559000000000000000e+04,5.178173780441284180e-01,5.849056603773584717e-01,2.414257973432540894e-01,0.000000000000000000e+00
3.560000000000000000e+04,5.062433481216430664e-01,5.849056603773584717e-01,2.393227219581604004e-01,0.000000000000000000e+00
3.561000000000000000e+04,5.122870802879333496e-01,5.943396226415094130e-01,2.281944304704666138e-01,0.000000000000000000e+00
3.562000000000000000e+04,5.000668168067932129e-01,6.037735849056603543e-01,2.148654609918594360e-01,0.000000000000000000e+00
3.563000000000000000e+04,5.181202292442321777e-01,6.037735849056603543e-01,2.451983690261840820e-01,0.000000000000000000e+00
3.564000000000000000e+04,5.030878782272338867e-01,6.132075471698112956e-01,2.375567853450775146e-01,0.000000000000000000e+00
3.565000000000000000e+04,4.956081509590148926e-01,6.132075471698112956e-01,2.214771807193756104e-01,0.000000000000000000e+00
3.566000000000000000e+04,4.731105566024780273e-01,5.943396226415094130e-01,2.072148174047470093e-01,0.000000000000000000e+00
3.567000000000000000e+04,4.628053903579711914e-01,5.943396226415094130e-01,1.969788819551467896e-01,0.000000000000000000e+00
3.568000000000000000e+04,4.972496330738067627e-01,6.037735849056603543e-01,2.304895222187042236e-01,0.000000000000000000e+00
3.569000000000000000e+04,4.841183722019195557e-01,6.320754716981131782e-01,2.169161438941955566e-01,0.000000000000000000e+00
3.570000000000000000e+04,4.805079996585845947e-01,6.132075471698112956e-01,2.024270445108413696e-01,0.000000000000000000e+00
3.571000000000000000e+04,4.963046014308929443e-01,5.754716981132075304e-01,2.381956577301025391e-01,0.000000000000000000e+00
3.572000000000000000e+04,5.017732381820678711e-01,6.037735849056603543e-01,2.001018971204757690e-01,0.000000000000000000e+00
3.573000000000000000e+04,5.026028752326965332e-01,6.037735849056603543e-01,2.009974867105484009e-01,0.000000000000000000e+00
3.574000000000000000e+04,4.861571490764617920e-01,6.037735849056603543e-01,2.174648344516754150e-01,0.000000000000000000e+00
3.575000000000000000e+04,4.869726598262786865e-01,5.943396226415094130e-01,2.276898920536041260e-01,0.000000000000000000e+00
3.576000000000000000e+04,4.963945448398590088e-01,6.037735849056603543e-01,2.360858023166656494e-01,0.000000000000000000e+00
3.577000000000000000e+04,4.991396665573120117e-01,6.037735849056603543e-01,2.072040587663650513e-01,0.000000000000000000e+00
3.578000000000000000e+04,4.911624789237976074e-01,6.132075471698112956e-01,2.210280597209930420e-01,0.000000000000000000e+00
3.579000000000000000e+04,4.962549209594726562e-01,5.943396226415094130e-01,2.010084390640258789e-01,0.000000000000000000e+00
3.580000000000000000e+04,4.898537993431091309e-01,6.132075471698112956e-01,2.017419636249542236e-01,0.000000000000000000e+00
3.581000000000000000e+04,4.941543340682983398e-01,6.037735849056603543e-01,2.122369855642318726e-01,0.000000000000000000e+00
3.582000000000000000e+04,4.732107520103454590e-01,6.037735849056603543e-01,1.884454488754272461e-01,0.000000000000000000e+00
3.583000000000000000e+04,4.842666685581207275e-01,6.415094339622641195e-01,1.655167490243911743e-01,0.000000000000000000e+00
3.584000000000000000e+04,4.865131080150604248e-01,6.226415094339622369e-01,1.754059344530105591e-01,0.000000000000000000e+00
3.585000000000000000e+04,4.693768322467803955e-01,6.132075471698112956e-01,1.855390220880508423e-01,0.000000000000000000e+00
3.586000000000000000e+04,4.806922972202301025e-01,6.132075471698112956e-01,1.945384591817855835e-01,0.000000000000000000e+00
3.587000000000000000e+04,5.026634335517883301e-01,5.849056603773584717e-01,2.154019027948379517e-01,0.000000000000000000e+00
3.588000000000000000e+04,4.888441860675811768e-01,5.849056603773584717e-01,2.212000191211700439e-01,0.000000000000000000e+00
3.589000000000000000e+04,4.721947014331817627e-01,6.037735849056603543e-01,2.172636836767196655e-01,0.000000000000000000e+00
3.590000000000000000e+04,4.659999310970306396e-01,6.037735849056603543e-01,2.124887406826019287e-01,0.000000000000000000e+00
3.591000000000000000e+04,4.673690497875213623e-01,6.226415094339622369e-01,1.866990327835083008e-01,0.000000000000000000e+00
3.592000000000000000e+04,4.763134121894836426e-01,5.943396226415094130e-01,2.008173763751983643e-01,0.000000000000000000e+00
3.593000000000000000e+04,4.663358628749847412e-01,6.132075471698112956e-01,1.681739836931228638e-01,0.000000000000000000e+00
3.594000000000000000e+04,4.557142555713653564e-01,5.943396226415094130e-01,1.987278610467910767e-01,0.000000000000000000e+00
3.595000000000000000e+04,4.619487524032592773e-01,5.849056603773584717e-01,1.861710101366043091e-01,0.000000000000000000e+00
3.596000000000000000e+04,4.650040566921234131e-01,6.132075471698112956e-01,1.795295625925064087e-01,0.000000000000000000e+00
3.597000000000000000e+04,4.458720088005065918e-01,6.226415094339622369e-01,1.685257554054260254e-01,0.000000000000000000e+00
3.598000000000000000e+04,4.648635983467102051e-01,5.849056603773584717e-01,1.766303330659866333e-01,0.000000000000000000e+00
3.599000000000000000e+04,4.876798391342163086e-01,6.132075471698112956e-01,1.981100738048553467e-01,0.000000000000000000e+00
3.600000000000000000e+04,4.556232690811157227e-01,6.226415094339622369e-01,1.762778013944625854e-01,0.000000000000000000e+00
3.601000000000000000e+04,4.686698615550994873e-01,5.849056603773584717e-01,1.886578202247619629e-01,0.000000000000000000e+00
3.602000000000000000e+04,4.788373410701751709e-01,6.132075471698112956e-01,1.876027137041091919e-01,0.000000000000000000e+00
3.603000000000000000e+04,4.843276739120483398e-01,6.132075471698112956e-01,1.733857840299606323e-01,0.000000000000000000e+00
3.604000000000000000e+04,4.757836461067199707e-01,5.943396226415094130e-01,1.897959262132644653e-01,0.000000000000000000e+00
3.605000000000000000e+04,4.649375081062316895e-01,5.849056603773584717e-01,1.619952917098999023e-01,0.000000000000000000e+00
3.606000000000000000e+04,4.566508233547210693e-01,6.226415094339622369e-01,1.519748121500015259e-01,0.000000000000000000e+00
3.607000000000000000e+04,4.472871124744415283e-01,5.943396226415094130e-01,1.448590606451034546e-01,0.000000000000000000e+00
3.608000000000000000e+04,4.619769155979156494e-01,6.132075471698112956e-01,1.804693937301635742e-01,0.000000000000000000e+00
3.609000000000000000e+04,4.656829833984375000e-01,5.943396226415094130e-01,1.910576075315475464e-01,0.000000000000000000e+00
3.610000000000000000e+04,4.529632329940795898e-01,6.037735849056603543e-01,1.667475700378417969e-01,0.000000000000000000e+00
3.611000000000000000e+04,4.646243155002593994e-01,6.132075471698112956e-01,1.450399905443191528e-01,0.000000000000000000e+00
3.612000000000000000e+04,4.547840356826782227e-01,6.226415094339622369e-01,1.547922194004058838e-01,0.000000000000000000e+00
3.613000000000000000e+04,4.579755961894989014e-01,6.037735849056603543e-01,1.640621721744537354e-01,0.000000000000000000e+00
3.614000000000000000e+04,4.610449075698852539e-01,5.943396226415094130e-01,1.562239676713943481e-01,0.000000000000000000e+00
3.615000000000000000e+04,4.726829528808593750e-01,6.037735849056603543e-01,1.656396389007568359e-01,0.000000000000000000e+00
3.616000000000000000e+04,4.675654768943786621e-01,5.754716981132075304e-01,1.755913943052291870e-01,0.000000000000000000e+00
3.617000000000000000e+04,4.791105389595031738e-01,6.226415094339622369e-01,1.777490228414535522e-01,0.000000000000000000e+00
3.618000000000000000e+04,4.845885634422302246e-01,5.660377358490565891e-01,2.056311964988708496e-01,0.000000000000000000e+00
3.619000000000000000e+04,4.935028553009033203e-01,6.037735849056603543e-01,2.125675827264785767e-01,0.000000000000000000e+00
3.620000000000000000e+04,5.058245062828063965e-01,5.849056603773584717e-01,2.195722609758377075e-01,0.000000000000000000e+00
3.621000000000000000e+04,5.207904577255249023e-01,6.132075471698112956e-01,2.323083281517028809e-01,0.000000000000000000e+00
3.622000000000000000e+04,5.053168535232543945e-01,5.943396226415094130e-01,2.194151282310485840e-01,0.000000000000000000e+00
3.623000000000000000e+04,5.094747543334960938e-01,5.660377358490565891e-01,2.194561660289764404e-01,0.000000000000000000e+00
3.624000000000000000e+04,4.874733984470367432e-01,5.943396226415094130e-01,2.043468654155731201e-01,0.000000000000000000e+00
3.625000000000000000e+04,4.440678060054779053e-01,6.132075471698112956e-01,1.729729026556015015e-01,0.000000000000000000e+00
3.626000000000000000e+04,4.679573178291320801e-01,5.943396226415094130e-01,1.725279390811920166e-01,0.000000000000000000e+00
3.627000000000000000e+04,4.702509641647338867e-01,6.132075471698112956e-01,1.734510511159896851e-01,0.000000000000000000e+00
3.628000000000000000e+04,4.449926614761352539e-01,6.037735849056603543e-01,1.758235543966293335e-01,0.000000000000000000e+00
3.629000000000000000e+04,4.714591503143310547e-01,5.943396226415094130e-01,1.918715685606002808e-01,0.000000000000000000e+00
3.630000000000000000e+04,4.637866020202636719e-01,5.943396226415094130e-01,1.839800328016281128e-01,0.000000000000000000e+00
3.631000000000000000e+04,4.691157042980194092e-01,6.132075471698112956e-01,1.631936132907867432e-01,0.000000000000000000e+00
3.632000000000000000e+04,4.939264357089996338e-01,5.849056603773584717e-01,2.217359989881515503e-01,0.000000000000000000e+00
3.633000000000000000e+04,4.918544888496398926e-01,5.849056603773584717e-01,2.145497053861618042e-01,0.000000000000000000e+00
3.634000000000000000e+04,4.872463047504425049e-01,6.037735849056603543e-01,1.997850388288497925e-01,0.000000000000000000e+00
3.635000000000000000e+04,4.764710664749145508e-01,6.320754716981131782e-01,1.702131479978561401e-01,0.000000000000000000e+00
3.636000000000000000e+04,4.775514304637908936e-01,5.943396226415094130e-01,2.071519047021865845e-01,0.000000000000000000e+00
3.637000000000000000e+04,4.706232845783233643e-01,5.943396226415094130e-01,1.890068054199218750e-01,0.000000000000000000e+00
3.638000000000000000e+04,4.681756198406219482e-01,5.943396226415094130e-01,1.570565998554229736e-01,0.000000000000000000e+00
3.639000000000000000e+04,4.888749122619628906e-01,6.037735849056603543e-01,1.784153580665588379e-01,0.000000000000000000e+00
3.640000000000000000e+04,4.759108126163482666e-01,6.037735849056603543e-01,1.933664232492446899e-01,0.000000000000000000e+00
3.641000000000000000e+04,4.799435138702392578e-01,5.943396226415094130e-01,2.116219252347946167e-01,0.000000000000000000e+00
3.642000000000000000e+04,5.159305930137634277e-01,5.660377358490565891e-01,2.480196654796600342e-01,0.000000000000000000e+00
3.643000000000000000e+04,5.044513940811157227e-01,5.943396226415094130e-01,2.131648957729339600e-01,0.000000000000000000e+00
3.644000000000000000e+04,4.832997620105743408e-01,5.754716981132075304e-01,2.125692069530487061e-01,0.000000000000000000e+00
3.645000000000000000e+04,4.699322283267974854e-01,5.849056603773584717e-01,2.396044135093688965e-01,0.000000000000000000e+00
3.646000000000000000e+04,4.772544801235198975e-01,5.754716981132075304e-01,2.508586645126342773e-01,0.000000000000000000e+00
3.647000000000000000e+04,4.658341705799102783e-01,5.849056603773584717e-01,2.253108173608779907e-01,0.000000000000000000e+00
3.648000000000000000e+04,4.985194802284240723e-01,5.943396226415094130e-01,2.530322372913360596e-01,0.000000000000000000e+00
3.649000000000000000e+04,4.719856381416320801e-01,5.849056603773584717e-01,2.225719541311264038e-01,0.000000000000000000e+00
3.650000000000000000e+04,4.890862703323364258e-01,5.849056603773584717e-01,2.321182936429977417e-01,0.000000000000000000e+00
3.651000000000000000e+04,4.715206623077392578e-01,5.943396226415094130e-01,2.366579622030258179e-01,0.000000000000000000e+00
3.652000000000000000e+04,4.782086908817291260e-01,5.849056603773584717e-01,2.374357134103775024e-01,0.000000000000000000e+00
3.653000000000000000e+04,4.732067883014678955e-01,5.943396226415094130e-01,2.423545271158218384e-01,0.000000000000000000e+00
3.654000000000000000e+04,4.730858504772186279e-01,5.849056603773584717e-01,2.556824982166290283e-01,0.000000000000000000e+00
3.655000000000000000e+04,4.658699631690979004e-01,6.226415094339622369e-01,2.377854287624359131e-01,0.000000000000000000e+00
3.656000000000000000e+04,4.772461056709289551e-01,6.037735849056603543e-01,2.446124106645584106e-01,0.000000000000000000e+00
3.657000000000000000e+04,4.879503846168518066e-01,6.037735849056603543e-01,2.592431604862213135e-01,0.000000000000000000e+00
3.658000000000000000e+04,4.792961180210113525e-01,6.037735849056603543e-01,2.541867494583129883e-01,0.000000000000000000e+00
3.659000000000000000e+04,4.617917239665985107e-01,6.132075471698112956e-01,2.132098376750946045e-01,0.000000000000000000e+00
3.660000000000000000e+04,4.632980227470397949e-01,6.132075471698112956e-01,2.156477570533752441e-01,0.000000000000000000e+00
3.661000000000000000e+04,4.829759597778320312e-01,5.943396226415094130e-01,2.390545904636383057e-01,0.000000000000000000e+00
3.662000000000000000e+04,4.721640348434448242e-01,6.037735849056603543e-01,2.199741303920745850e-01,0.000000000000000000e+00
3.663000000000000000e+04,4.743550419807434082e-01,6.037735849056603543e-01,2.317492216825485229e-01,0.000000000000000000e+00
3.664000000000000000e+04,4.617617130279541016e-01,5.754716981132075304e-01,2.066465914249420166e-01,0.000000000000000000e+00
3.665000000000000000e+04,4.572258889675140381e-01,6.037735849056603543e-01,2.021353542804718018e-01,0.000000000000000000e+00
3.666000000000000000e+04,4.599685072898864746e-01,5.943396226415094130e-01,2.135730832815170288e-01,0.000000000000000000e+00
3.667000000000000000e+04,4.554914534091949463e-01,6.037735849056603543e-01,2.073884606361389160e-01,0.000000000000000000e+00
3.668000000000000000e+04,4.503467082977294922e-01,5.943396226415094130e-01,2.276859432458877563e-01,0.000000000000000000e+00
3.669000000000000000e+04,4.376205801963806152e-01,6.037735849056603543e-01,1.933878660202026367e-01,0.000000000000000000e+00
3.670000000000000000e+04,4.611175954341888428e-01,6.037735849056603543e-01,2.234426736831665039e-01,0.000000000000000000e+00
3.671000000000000000e+04,4.710317850112915039e-01,5.754716981132075304e-01,2.363973259925842285e-01,0.000000000000000000e+00
3.672000000000000000e+04,4.766457080841064453e-01,5.660377358490565891e-01,2.487057745456695557e-01,0.000000000000000000e+00
3.673000000000000000e+04,4.693784117698669434e-01,5.943396226415094130e-01,2.291322052478790283e-01,0.000000000000000000e+00
3.674000000000000000e+04,4.730803668498992920e-01,6.037735849056603543e-01,2.275173664093017578e-01,0.000000000000000000e+00
3.675000000000000000e+04,4.630870223045349121e-01,5.943396226415094130e-01,2.306624650955200195e-01,0.000000000000000000e+00
3.676000000000000000e+04,4.819885492324829102e-01,6.037735849056603543e-01,2.405980527400970459e-01,0.000000000000000000e+00
3.677000000000000000e+04,4.797402024269104004e-01,6.132075471698112956e-01,2.338441908359527588e-01,0.000000000000000000e+00
3.678000000000000000e+04,4.950187504291534424e-01,5.943396226415094130e-01,2.782810032367706299e-01,0.000000000000000000e+00
3.679000000000000000e+04,4.698053002357482910e-01,5.943396226415094130e-01,2.421332895755767822e-01,0.000000000000000000e+00
3.680000000000000000e+04,4.756385385990142822e-01,5.849056603773584717e-01,2.514284551143646240e-01,0.000000000000000000e+00
3.681000000000000000e+04,4.518624246120452881e-01,5.849056603773584717e-01,2.304533272981643677e-01,0.000000000000000000e+00
3.682000000000000000e+04,4.639255702495574951e-01,6.037735849056603543e-01,2.197990566492080688e-01,0.000000000000000000e+00
3.683000000000000000e+04,4.495875239372253418e-01,5.754716981132075304e-01,2.105913609266281128e-01,0.000000000000000000e+00
3.684000000000000000e+04,4.686557650566101074e-01,5.660377358490565891e-01,2.623303532600402832e-01,0.000000000000000000e+00
3.685000000000000000e+04,4.572095870971679688e-01,6.037735849056603543e-01,2.282954752445220947e-01,0.000000000000000000e+00
3.686000000000000000e+04,4.531204998493194580e-01,6.037735849056603543e-01,2.315970808267593384e-01,0.000000000000000000e+00
3.687000000000000000e+04,4.738124310970306396e-01,5.754716981132075304e-01,2.407447397708892822e-01,0.000000000000000000e+00
3.688000000000000000e+04,4.813363850116729736e-01,5.566037735849056478e-01,2.579179108142852783e-01,0.000000000000000000e+00
3.689000000000000000e+04,4.852114319801330566e-01,5.849056603773584717e-01,2.599374949932098389e-01,0.000000000000000000e+00
3.690000000000000000e+04,4.821266531944274902e-01,6.037735849056603543e-01,2.483941763639450073e-01,0.000000000000000000e+00
3.691000000000000000e+04,4.940609335899353027e-01,6.132075471698112956e-01,2.238081842660903931e-01,0.000000000000000000e+00
3.692000000000000000e+04,4.796445071697235107e-01,5.849056603773584717e-01,2.384128868579864502e-01,0.000000000000000000e+00
3.693000000000000000e+04,4.767245948314666748e-01,5.849056603773584717e-01,2.163543403148651123e-01,0.000000000000000000e+00
3.694000000000000000e+04,4.870952069759368896e-01,5.754716981132075304e-01,2.333076298236846924e-01,0.000000000000000000e+00
3.695000000000000000e+04,4.902923107147216797e-01,5.849056603773584717e-01,2.391953468322753906e-01,0.000000000000000000e+00
3.696000000000000000e+04,4.815851449966430664e-01,6.037735849056603543e-01,2.135274112224578857e-01,0.000000000000000000e+00
3.697000000000000000e+04,4.965808391571044922e-01,6.037735849056603543e-01,2.383295148611068726e-01,0.000000000000000000e+00
3.698000000000000000e+04,4.898430407047271729e-01,5.849056603773584717e-01,2.545229196548461914e-01,0.000000000000000000e+00
3.699000000000000000e+04,4.926477670669555664e-01,6.037735849056603543e-01,2.178743183612823486e-01,0.000000000000000000e+00
3.700000000000000000e+04,4.900392889976501465e-01,6.226415094339622369e-01,2.253315448760986328e-01,0.000000000000000000e+00
3.701000000000000000e+04,5.031599402427673340e-01,6.226415094339622369e-01,2.353158891201019287e-01,0.000000000000000000e+00
3.702000000000000000e+04,5.016923546791076660e-01,5.754716981132075304e-01,2.761066555976867676e-01,0.000000000000000000e+00
3.703000000000000000e+04,4.932032525539398193e-01,5.943396226415094130e-01,2.523576319217681885e-01,0.000000000000000000e+00
3.704000000000000000e+04,4.733709394931793213e-01,6.037735849056603543e-01,2.323092222213745117e-01,0.000000000000000000e+00
3.705000000000000000e+04,4.796173870563507080e-01,6.037735849056603543e-01,2.355831563472747803e-01,0.000000000000000000e+00
3.706000000000000000e+04,4.828053712844848633e-01,6.037735849056603543e-01,2.372667342424392700e-01,0.000000000000000000e+00
3.707000000000000000e+04,4.864873290061950684e-01,5.943396226415094130e-01,2.403307557106018066e-01,0.000000000000000000e+00
3.708000000000000000e+04,4.776870608329772949e-01,5.849056603773584717e-01,2.245869040489196777e-01,0.000000000000000000e+00
3.709000000000000000e+04,4.709416031837463379e-01,6.132075471698112956e-01,2.300117909908294678e-01,0.000000000000000000e+00
3.710000000000000000e+04,4.712269604206085205e-01,5.754716981132075304e-01,2.360788285732269287e-01,0.000000000000000000e+00
3.711000000000000000e+04,4.713536202907562256e-01,6.132075471698112956e-01,2.253998667001724243e-01,0.000000000000000000e+00
3.712000000000000000e+04,4.827852845191955566e-01,5.849056603773584717e-01,2.554306685924530029e-01,0.000000000000000000e+00
3.713000000000000000e+04,4.619010984897613525e-01,6.037735849056603543e-01,2.312270253896713257e-01,0.000000000000000000e+00
3.714000000000000000e+04,4.595964848995208740e-01,5.754716981132075304e-01,2.356716692447662354e-01,0.000000000000000000e+00
3.715000000000000000e+04,4.824005365371704102e-01,5.660377358490565891e-01,2.605887651443481445e-01,0.000000000000000000e+00
3.716000000000000000e+04,4.619548022747039795e-01,6.132075471698112956e-01,2.234123945236206055e-01,0.000000000000000000e+00
3.717000000000000000e+04,4.738387167453765869e-01,5.849056603773584717e-01,2.061513811349868774e-01,0.000000000000000000e+00
3.718000000000000000e+04,4.758514463901519775e-01,5.849056603773584717e-01,2.311470657587051392e-01,0.000000000000000000e+00
3.719000000000000000e+04,4.627832472324371338e-01,6.037735849056603543e-01,2.060896456241607666e-01,0.000000000000000000e+00
3.720000000000000000e+04,4.686644673347473145e-01,5.660377358490565891e-01,2.144886404275894165e-01,0.000000000000000000e+00
3.721000000000000000e+04,4.469542503356933594e-01,6.320754716981131782e-01,1.863001883029937744e-01,0.000000000000000000e+00
3.722000000000000000e+04,4.571241438388824463e-01,5.943396226415094130e-01,2.011278569698333740e-01,0.000000000000000000e+00
3.723000000000000000e+04,4.704656302928924561e-01,6.226415094339622369e-01,2.022847831249237061e-01,0.000000000000000000e+00
3.724000000000000000e+04,4.864209294319152832e-01,5.943396226415094130e-01,2.042198181152343750e-01,0.000000000000000000e+00
3.725000000000000000e+04,4.967268705368041992e-01,6.132075471698112956e-01,2.375293076038360596e-01,0.000000000000000000e+00
3.726000000000000000e+04,4.658753871917724609e-01,6.132075471698112956e-01,1.928375810384750366e-01,0.000000000000000000e+00
3.727000000000000000e+04,4.913193583488464355e-01,5.849056603773584717e-01,2.170604765415191650e-01,0.000000000000000000e+00
3.728000000000000000e+04,4.905831217765808105e-01,5.849056603773584717e-01,2.417198121547698975e-01,0.000000000000000000e+00
3.729000000000000000e+04,4.877071380615234375e-01,5.849056603773584717e-01,2.298936247825622559e-01,0.000000000000000000e+00
3.730000000000000000e+04,5.050533413887023926e-01,5.849056603773584717e-01,2.681291699409484863e-01,0.000000000000000000e+00
3.731000000000000000e+04,5.226611495018005371e-01,5.849056603773584717e-01,2.928660213947296143e-01,0.000000000000000000e+00
3.732000000000000000e+04,5.168789029121398926e-01,5.943396226415094130e-01,2.733860015869140625e-01,0.000000000000000000e+00
3.733000000000000000e+04,5.261397957801818848e-01,5.754716981132075304e-01,2.839781343936920166e-01,0.000000000000000000e+00
3.734000000000000000e+04,5.125048756599426270e-01,5.943396226415094130e-01,2.604609131813049316e-01,0.000000000000000000e+00
3.735000000000000000e+04,5.008042454719543457e-01,5.754716981132075304e-01,2.525010108947753906e-01,0.000000000000000000e+00
3.736000000000000000e+04,4.768618345260620117e-01,5.943396226415094130e-01,2.507025003433227539e-01,0.000000000000000000e+00
3.737000000000000000e+04,4.878970086574554443e-01,6.132075471698112956e-01,2.489143610000610352e-01,0.000000000000000000e+00
3.738000000000000000e+04,4.649478793144226074e-01,6.226415094339622369e-01,2.258836627006530762e-01,0.000000000000000000e+00
3.739000000000000000e+04,4.539652466773986816e-01,6.132075471698112956e-01,2.027100771665573120e-01,0.000000000000000000e+00
3.740000000000000000e+04,4.437787532806396484e-01,6.037735849056603543e-01,2.146685123443603516e-01,0.000000000000000000e+00
3.741000000000000000e+04,4.586734175682067871e-01,5.849056603773584717e-01,2.220324128866195679e-01,0.000000000000000000e+00
3.742000000000000000e+04,4.759429395198822021e-01,5.943396226415094130e-01,2.228831350803375244e-01,0.000000000000000000e+00
3.743000000000000000e+04,4.757280647754669189e-01,6.037735849056603543e-01,2.236145138740539551e-01,0.000000000000000000e+00
3.744000000000000000e+04,4.784695506095886230e-01,5.943396226415094130e-01,2.275617420673370361e-01,0.000000000000000000e+00
3.745000000000000000e+04,4.837476313114166260e-01,5.943396226415094130e-01,2.326983958482742310e-01,0.000000000000000000e+00
3.746000000000000000e+04,4.745886623859405518e-01,6.037735849056603543e-01,2.272572666406631470e-01,0.000000000000000000e+00
3.747000000000000000e+04,4.772350788116455078e-01,5.943396226415094130e-01,2.143283188343048096e-01,0.000000000000000000e+00
3.748000000000000000e+04,4.765328168869018555e-01,6.037735849056603543e-01,2.320814579725265503e-01,0.000000000000000000e+00
3.749000000000000000e+04,4.692325294017791748e-01,6.132075471698112956e-01,2.192575186491012573e-01,0.000000000000000000e+00
3.750000000000000000e+04,4.856111109256744385e-01,6.132075471698112956e-01,2.314546853303909302e-01,0.000000000000000000e+00
3.751000000000000000e+04,4.786243438720703125e-01,6.037735849056603543e-01,1.943314522504806519e-01,0.000000000000000000e+00
3.752000000000000000e+04,4.823667109012603760e-01,6.132075471698112956e-01,2.131544053554534912e-01,0.000000000000000000e+00
3.753000000000000000e+04,4.770089089870452881e-01,5.943396226415094130e-01,2.073065191507339478e-01,0.000000000000000000e+00
3.754000000000000000e+04,4.810741543769836426e-01,6.132075471698112956e-01,2.239032238721847534e-01,0.000000000000000000e+00
3.755000000000000000e+04,4.837094247341156006e-01,5.849056603773584717e-01,1.901212334632873535e-01,0.000000000000000000e+00
3.756000000000000000e+04,4.921259880065917969e-01,6.226415094339622369e-01,1.795032471418380737e-01,0.000000000000000000e+00
3.757000000000000000e+04,4.912222921848297119e-01,5.943396226415094130e-01,2.052079290151596069e-01,0.000000000000000000e+00
3.758000000000000000e+04,4.999280273914337158e-01,6.132075471698112956e-01,2.037158608436584473e-01,0.000000000000000000e+00
3.759000000000000000e+04,5.071002840995788574e-01,6.132075471698112956e-01,2.160487622022628784e-01,0.000000000000000000e+00
3.760000000000000000e+04,4.931538403034210205e-01,6.037735849056603543e-01,2.010074555873870850e-01,0.000000000000000000e+00
3.761000000000000000e+04,4.671992063522338867e-01,6.037735849056603543e-01,1.927440762519836426e-01,0.000000000000000000e+00
3.762000000000000000e+04,4.797849655151367188e-01,5.849056603773584717e-01,2.178282290697097778e-01,0.000000000000000000e+00
3.763000000000000000e+04,4.782873392105102539e-01,5.377358490566037652e-01,2.152454853057861328e-01,0.000000000000000000e+00
3.764000000000000000e+04,4.792968034744262695e-01,5.943396226415094130e-01,1.990344226360321045e-01,0.000000000000000000e+00
3.765000000000000000e+04,4.878563880920410156e-01,6.226415094339622369e-01,1.967538595199584961e-01,0.000000000000000000e+00
3.766000000000000000e+04,4.894447028636932373e-01,6.037735849056603543e-01,2.048432528972625732e-01,0.000000000000000000e+00
3.767000000000000000e+04,4.991441071033477783e-01,6.132075471698112956e-01,2.053177505731582642e-01,0.000000000000000000e+00
3.768000000000000000e+04,4.758604764938354492e-01,6.415094339622641195e-01,1.953899860382080078e-01,0.000000000000000000e+00
3.769000000000000000e+04,4.855098426342010498e-01,6.320754716981131782e-01,1.843318641185760498e-01,0.000000000000000000e+00
3.770000000000000000e+04,4.875377118587493896e-01,5.943396226415094130e-01,2.013391107320785522e-01,0.000000000000000000e+00
3.771000000000000000e+04,4.868424832820892334e-01,6.226415094339622369e-01,1.837536394596099854e-01,0.000000000000000000e+00
3.772000000000000000e+04,4.702133238315582275e-01,6.226415094339622369e-01,2.073653042316436768e-01,0.000000000000000000e+00
3.773000000000000000e+04,4.634272158145904541e-01,6.226415094339622369e-01,1.842452585697174072e-01,0.000000000000000000e+00
3.774000000000000000e+04,4.604672193527221680e-01,6.320754716981131782e-01,1.726784855127334595e-01,0.000000000000000000e+00
3.775000000000000000e+04,4.700072407722473145e-01,6.037735849056603543e-01,1.840557754039764404e-01,0.000000000000000000e+00
3.776000000000000000e+04,4.723687469959259033e-01,6.037735849056603543e-01,2.067718207836151123e-01,0.000000000000000000e+00
3.777000000000000000e+04,4.493227899074554443e-01,6.415094339622641195e-01,1.773935258388519287e-01,0.000000000000000000e+00
3.778000000000000000e+04,4.548934400081634521e-01,6.132075471698112956e-01,1.561007201671600342e-01,0.000000000000000000e+00
3.779000000000000000e+04,4.314410388469696045e-01,6.415094339622641195e-01,1.618435084819793701e-01,0.000000000000000000e+00
3.780000000000000000e+04,4.555768966674804688e-01,6.037735849056603543e-01,1.612059772014617920e-01,0.000000000000000000e+00
3.781000000000000000e+04,4.563272297382354736e-01,6.320754716981131782e-01,1.728389114141464233e-01,0.000000000000000000e+00
3.782000000000000000e+04,4.484472572803497314e-01,6.415094339622641195e-01,1.476261615753173828e-01,0.000000000000000000e+00
3.783000000000000000e+04,4.504791498184204102e-01,6.226415094339622369e-01,1.762416064739227295e-01,0.000000000000000000e+00
3.784000000000000000e+04,4.514281153678894043e-01,6.226415094339622369e-01,1.758834421634674072e-01,0.000000000000000000e+00
3.785000000000000000e+04,4.741323888301849365e-01,5.943396226415094130e-01,2.035017907619476318e-01,0.000000000000000000e+00
3.786000000000000000e+04,4.672169685363769531e-01,5.754716981132075304e-01,2.057999074459075928e-01,0.000000000000000000e+00
3.787000000000000000e+04,4.633021652698516846e-01,6.226415094339622369e-01,1.899596899747848511e-01,0.000000000000000000e+00
3.788000000000000000e+04,4.689902067184448242e-01,5.849056603773584717e-01,2.291019260883331299e-01,0.000000000000000000e+00
3.789000000000000000e+04,4.630162417888641357e-01,6.132075471698112956e-01,2.216290384531021118e-01,0.000000000000000000e+00
3.790000000000000000e+04,4.666834771633148193e-01,5.754716981132075304e-01,2.206184417009353638e-01,0.000000000000000000e+00
3.791000000000000000e+04,4.579614698886871338e-01,5.943396226415094130e-01,1.918688863515853882e-01,0.000000000000000000e+00
3.792000000000000000e+04,4.551706612110137939e-01,6.226415094339622369e-01,1.735443323850631714e-01,0.000000000000000000e+00
3.793000000000000000e+04,4.579855799674987793e-01,6.037735849056603543e-01,2.064491361379623413e-01,0.000000000000000000e+00
3.794000000000000000e+04,4.536919295787811279e-01,6.132075471698112956e-01,1.912097185850143433e-01,0.000000000000000000e+00
3.795000000000000000e+04,4.632504284381866455e-01,6.037735849056603543e-01,2.051321119070053101e-01,0.000000000000000000e+00
3.796000000000000000e+04,4.857130050659179688e-01,5.943396226415094130e-01,2.124703079462051392e-01,0.000000000000000000e+00
3.797000000000000000e+04,4.789601862430572510e-01,6.226415094339622369e-01,2.188962101936340332e-01,0.000000000000000000e+00
3.798000000000000000e+04,4.952079057693481445e-01,5.754716981132075304e-01,2.221437990665435791e-01,0.000000000000000000e+00
3.799000000000000000e+04,4.907996654510498047e-01,5.849056603773584717e-01,2.290652245283126831e-01,0.000000000000000000e+00
3.800000000000000000e+04,4.864785075187683105e-01,6.320754716981131782e-01,2.238874584436416626e-01,0.000000000000000000e+00
3.801000000000000000e+04,4.841063618659973145e-01,6.226415094339622369e-01,2.159875184297561646e-01,0.000000000000000000e+00
3.802000000000000000e+04,4.932647049427032471e-01,6.226415094339622369e-01,2.294559329748153687e-01,0.000000000000000000e+00
3.803000000000000000e+04,4.702938795089721680e-01,6.132075471698112956e-01,2.125487625598907471e-01,0.000000000000000000e+00
3.804000000000000000e+04,4.759584665298461914e-01,6.320754716981131782e-01,2.163268178701400757e-01,0.000000000000000000e+00
3.805000000000000000e+04,4.688161909580230713e-01,6.415094339622641195e-01,2.075616717338562012e-01,0.000000000000000000e+00
3.806000000000000000e+04,4.748377203941345215e-01,5.943396226415094130e-01,2.115747630596160889e-01,0.000000000000000000e+00
3.807000000000000000e+04,4.683589935302734375e-01,6.132075471698112956e-01,2.209344804286956787e-01,0.000000000000000000e+00
3.808000000000000000e+04,4.568461179733276367e-01,6.132075471698112956e-01,1.936740875244140625e-01,0.000000000000000000e+00
3.809000000000000000e+04,4.656842648983001709e-01,6.132075471698112956e-01,2.065819948911666870e-01,0.000000000000000000e+00
3.810000000000000000e+04,4.683122634887695312e-01,6.132075471698112956e-01,2.062033414840698242e-01,0.000000000000000000e+00
3.811000000000000000e+04,4.552956223487854004e-01,6.132075471698112956e-01,1.884253472089767456e-01,0.000000000000000000e+00
3.812000000000000000e+04,4.692964255809783936e-01,6.132075471698112956e-01,2.060809433460235596e-01,0.000000000000000000e+00
3.813000000000000000e+04,4.789442420005798340e-01,6.132075471698112956e-01,2.104115337133407593e-01,0.000000000000000000e+00
3.814000000000000000e+04,4.728428423404693604e-01,6.320754716981131782e-01,2.186884582042694092e-01,0.000000000000000000e+00
3.815000000000000000e+04,4.611776471138000488e-01,6.415094339622641195e-01,2.186341285705566406e-01,0.000000000000000000e+00
3.816000000000000000e+04,4.472312927246093750e-01,6.132075471698112956e-01,1.999121606349945068e-01,0.000000000000000000e+00
3.817000000000000000e+04,4.731257259845733643e-01,6.226415094339622369e-01,2.174340486526489258e-01,0.000000000000000000e+00
3.818000000000000000e+04,4.499238431453704834e-01,6.037735849056603543e-01,2.179586440324783325e-01,0.000000000000000000e+00
3.819000000000000000e+04,4.244816303253173828e-01,6.415094339622641195e-01,1.635439991950988770e-01,0.000000000000000000e+00
3.820000000000000000e+04,4.469895958900451660e-01,6.320754716981131782e-01,1.965847015380859375e-01,0.000000000000000000e+00
3.821000000000000000e+04,4.447551667690277100e-01,6.320754716981131782e-01,1.886317133903503418e-01,0.000000000000000000e+00
3.822000000000000000e+04,4.510815739631652832e-01,6.037735849056603543e-01,2.009048759937286377e-01,0.000000000000000000e+00
3.823000000000000000e+04,4.460321366786956787e-01,6.226415094339622369e-01,2.156449407339096069e-01,0.000000000000000000e+00
3.824000000000000000e+04,4.332127273082733154e-01,5.849056603773584717e-01,1.796090602874755859e-01,0.000000000000000000e+00
3.825000000000000000e+04,4.413368105888366699e-01,6.509433962264150608e-01,1.874896585941314697e-01,0.000000000000000000e+00
3.826000000000000000e+04,4.323646128177642822e-01,6.226415094339622369e-01,1.781865358352661133e-01,0.000000000000000000e+00
3.827000000000000000e+04,4.365531504154205322e-01,6.037735849056603543e-01,1.606322079896926880e-01,0.000000000000000000e+00
3.828000000000000000e+04,4.495802819728851318e-01,6.037735849056603543e-01,1.706371754407882690e-01,0.000000000000000000e+00
3.829000000000000000e+04,4.594892859458923340e-01,6.132075471698112956e-01,1.756359040737152100e-01,0.000000000000000000e+00
3.830000000000000000e+04,4.666722714900970459e-01,5.943396226415094130e-01,1.589906960725784302e-01,0.000000000000000000e+00
3.831000000000000000e+04,4.641889929771423340e-01,6.037735849056603543e-01,1.853364259004592896e-01,0.000000000000000000e+00
3.832000000000000000e+04,4.691934287548065186e-01,6.132075471698112956e-01,2.006676346063613892e-01,0.000000000000000000e+00
3.833000000000000000e+04,4.781385064125061035e-01,6.037735849056603543e-01,2.004275172948837280e-01,0.000000000000000000e+00
3.834000000000000000e+04,4.584025442600250244e-01,5.943396226415094130e-01,1.836365312337875366e-01,0.000000000000000000e+00
3.835000000000000000e+04,4.476784169673919678e-01,6.226415094339622369e-01,1.408269703388214111e-01,0.000000000000000000e+00
3.836000000000000000e+04,4.439598917961120605e-01,6.132075471698112956e-01,1.553045064210891724e-01,0.000000000000000000e+00
3.837000000000000000e+04,4.309265911579132080e-01,6.226415094339622369e-01,1.722988337278366089e-01,0.000000000000000000e+00
3.838000000000000000e+04,4.526849687099456787e-01,6.226415094339622369e-01,1.778023540973663330e-01,0.000000000000000000e+00
3.839000000000000000e+04,4.545375704765319824e-01,6.132075471698112956e-01,1.730754971504211426e-01,0.000000000000000000e+00
3.840000000000000000e+04,4.371001720428466797e-01,6.320754716981131782e-01,1.247633621096611023e-01,0.000000000000000000e+00
3.841000000000000000e+04,4.368957579135894775e-01,6.132075471698112956e-01,1.481238454580307007e-01,0.000000000000000000e+00
3.842000000000000000e+04,4.541315138339996338e-01,6.132075471698112956e-01,1.535084247589111328e-01,0.000000000000000000e+00
3.843000000000000000e+04,4.618029594421386719e-01,6.226415094339622369e-01,1.876533925533294678e-01,0.000000000000000000e+00
3.844000000000000000e+04,4.698858261108398438e-01,5.943396226415094130e-01,1.584071815013885498e-01,0.000000000000000000e+00
3.845000000000000000e+04,4.344533085823059082e-01,6.132075471698112956e-01,1.591889709234237671e-01,0.000000000000000000e+00
3.846000000000000000e+04,4.283018410205841064e-01,5.849056603773584717e-01,1.334793120622634888e-01,0.000000000000000000e+00
3.847000000000000000e+04,4.341272711753845215e-01,6.037735849056603543e-01,1.619680225849151611e-01,0.000000000000000000e+00
3.848000000000000000e+04,4.285621047019958496e-01,6.320754716981131782e-01,1.611051261425018311e-01,0.000000000000000000e+00
3.849000000000000000e+04,4.325631260871887207e-01,6.132075471698112956e-01,1.600227952003479004e-01,0.000000000000000000e+00
3.850000000000000000e+04,4.523748159408569336e-01,6.320754716981131782e-01,1.395830959081649780e-01,0.000000000000000000e+00
3.851000000000000000e+04,4.392133057117462158e-01,6.132075471698112956e-01,1.472438573837280273e-01,0.000000000000000000e+00
3.852000000000000000e+04,4.510147869586944580e-01,6.226415094339622369e-01,1.465455740690231323e-01,0.000000000000000000e+00
3.853000000000000000e+04,4.527459740638732910e-01,6.132075471698112956e-01,1.386240720748901367e-01,0.000000000000000000e+00
3.854000000000000000e+04,4.636166095733642578e-01,5.849056603773584717e-01,1.651656180620193481e-01,0.000000000000000000e+00
3.855000000000000000e+04,4.634402692317962646e-01,5.754716981132075304e-01,1.711538881063461304e-01,0.000000000000000000e+00
3.856000000000000000e+04,4.607071280479431152e-01,5.849056603773584717e-01,1.924033910036087036e-01,0.000000000000000000e+00
3.857000000000000000e+04,4.554760754108428955e-01,6.037735849056603543e-01,1.699444204568862915e-01,0.000000000000000000e+00
3.858000000000000000e+04,4.616329371929168701e-01,5.849056603773584717e-01,1.881486475467681885e-01,0.000000000000000000e+00
3.859000000000000000e+04,4.537526369094848633e-01,5.849056603773584717e-01,2.015544474124908447e-01,0.000000000000000000e+00
3.860000000000000000e+04,4.684593081474304199e-01,6.037735849056603543e-01,2.077825814485549927e-01,0.000000000000000000e+00
3.861000000000000000e+04,4.905455708503723145e-01,5.660377358490565891e-01,2.318031638860702515e-01,0.000000000000000000e+00
3.862000000000000000e+04,4.625391364097595215e-01,5.849056603773584717e-01,2.068803161382675171e-01,0.000000000000000000e+00
3.863000000000000000e+04,4.777157604694366455e-01,5.849056603773584717e-01,2.320823371410369873e-01,0.000000000000000000e+00
3.864000000000000000e+04,5.032297968864440918e-01,5.849056603773584717e-01,2.441110610961914062e-01,0.000000000000000000e+00
3.865000000000000000e+04,4.924497902393341064e-01,5.849056603773584717e-01,2.466940134763717651e-01,0.000000000000000000e+00
3.866000000000000000e+04,4.869208931922912598e-01,5.943396226415094130e-01,2.281634509563446045e-01,0.000000000000000000e+00
3.867000000000000000e+04,4.802137315273284912e-01,6.320754716981131782e-01,2.067988514900207520e-01,0.000000000000000000e+00
3.868000000000000000e+04,4.875584542751312256e-01,6.226415094339622369e-01,2.366876304149627686e-01,0.000000000000000000e+00
3.869000000000000000e+04,4.974375665187835693e-01,6.132075471698112956e-01,2.308295667171478271e-01,0.000000000000000000e+00
3.870000000000000000e+04,4.722809493541717529e-01,6.037735849056603543e-01,2.084196656942367554e-01,0.000000000000000000e+00
3.871000000000000000e+04,4.790067672729492188e-01,6.037735849056603543e-01,2.152985483407974243e-01,0.000000000000000000e+00
3.872000000000000000e+04,5.009458661079406738e-01,6.037735849056603543e-01,2.105164229869842529e-01,0.000000000000000000e+00
3.873000000000000000e+04,4.839316010475158691e-01,6.226415094339622369e-01,2.139592915773391724e-01,0.000000000000000000e+00
3.874000000000000000e+04,4.742231667041778564e-01,5.943396226415094130e-01,2.040984630584716797e-01,0.000000000000000000e+00
3.875000000000000000e+04,4.821783602237701416e-01,5.943396226415094130e-01,2.264271080493927002e-01,0.000000000000000000e+00
3.876000000000000000e+04,4.704511165618896484e-01,5.943396226415094130e-01,1.910337060689926147e-01,0.000000000000000000e+00
3.877000000000000000e+04,4.691404700279235840e-01,6.132075471698112956e-01,2.005477696657180786e-01,0.000000000000000000e+00
3.878000000000000000e+04,4.758106470108032227e-01,6.037735849056603543e-01,2.280521541833877563e-01,0.000000000000000000e+00
3.879000000000000000e+04,4.778243303298950195e-01,5.660377358490565891e-01,2.121132165193557739e-01,0.000000000000000000e+00
3.880000000000000000e+04,4.618473649024963379e-01,5.754716981132075304e-01,2.209704071283340454e-01,0.000000000000000000e+00
3.881000000000000000e+04,4.771940708160400391e-01,6.037735849056603543e-01,2.005157023668289185e-01,0.000000000000000000e+00
3.882000000000000000e+04,4.784145057201385498e-01,6.037735849056603543e-01,2.272851765155792236e-01,0.000000000000000000e+00
3.883000000000000000e+04,4.914889633655548096e-01,6.132075471698112956e-01,2.525309324264526367e-01,0.000000000000000000e+00
3.884000000000000000e+04,4.978853464126586914e-01,6.132075471698112956e-01,2.471622228622436523e-01,0.000000000000000000e+00
3.885000000000000000e+04,4.884049594402313232e-01,6.132075471698112956e-01,2.468092143535614014e-01,0.000000000000000000e+00
3.886000000000000000e+04,5.085904598236083984e-01,5.943396226415094130e-01,2.650085687637329102e-01,0.000000000000000000e+00
3.887000000000000000e+04,4.864077866077423096e-01,5.849056603773584717e-01,2.353168129920959473e-01,0.000000000000000000e+00
3.888000000000000000e+04,4.947092831134796143e-01,6.226415094339622369e-01,2.408483028411865234e-01,0.000000000000000000e+00
3.889000000000000000e+04,4.793928861618041992e-01,6.132075471698112956e-01,2.233208119869232178e-01,0.000000000000000000e+00
3.890000000000000000e+04,4.618939459323883057e-01,6.132075471698112956e-01,2.187201231718063354e-01,0.000000000000000000e+00
3.891000000000000000e+04,4.646381437778472900e-01,6.037735849056603543e-01,2.016891688108444214e-01,0.000000000000000000e+00
3.892000000000000000e+04,4.733166396617889404e-01,5.943396226415094130e-01,2.168634533882141113e-01,0.000000000000000000e+00
3.893000000000000000e+04,4.560192823410034180e-01,5.849056603773584717e-01,2.066808342933654785e-01,0.000000000000000000e+00
3.894000000000000000e+04,4.763169884681701660e-01,6.037735849056603543e-01,2.142220288515090942e-01,0.000000000000000000e+00
3.895000000000000000e+04,4.744569361209869385e-01,5.849056603773584717e-01,2.254405468702316284e-01,0.000000000000000000e+00
3.896000000000000000e+04,4.574335813522338867e-01,6.226415094339622369e-01,2.227791845798492432e-01,0.000000000000000000e+00
3.897000000000000000e+04,4.671460092067718506e-01,6.320754716981131782e-01,2.183325886726379395e-01,0.000000000000000000e+00
3.898000000000000000e+04,4.586577713489532471e-01,6.037735849056603543e-01,2.008108794689178467e-01,0.000000000000000000e+00
3.899000000000000000e+04,4.780699610710144043e-01,5.849056603773584717e-01,2.085733413696289062e-01,0.000000000000000000e+00
3.900000000000000000e+04,4.781871140003204346e-01,6.226415094339622369e-01,2.159262001514434814e-01,0.000000000000000000e+00
3.901000000000000000e+04,4.568819403648376465e-01,6.037735849056603543e-01,2.103772014379501343e-01,0.000000000000000000e+00
3.902000000000000000e+04,4.614803493022918701e-01,6.037735849056603543e-01,2.056680768728256226e-01,0.000000000000000000e+00
3.903000000000000000e+04,4.715853333473205566e-01,5.943396226415094130e-01,1.964295506477355957e-01,0.000000000000000000e+00
3.904000000000000000e+04,4.777709543704986572e-01,6.226415094339622369e-01,1.967542320489883423e-01,0.000000000000000000e+00
3.905000000000000000e+04,4.728455245494842529e-01,6.037735849056603543e-01,1.995555311441421509e-01,0.000000000000000000e+00
3.906000000000000000e+04,4.970095753669738770e-01,6.132075471698112956e-01,2.280680388212203979e-01,0.000000000000000000e+00
3.907000000000000000e+04,4.905481636524200439e-01,6.037735849056603543e-01,2.234458029270172119e-01,0.000000000000000000e+00
3.908000000000000000e+04,4.941309392452239990e-01,6.037735849056603543e-01,2.112410217523574829e-01,0.000000000000000000e+00
3.909000000000000000e+04,4.771427214145660400e-01,5.849056603773584717e-01,2.022934705018997192e-01,0.000000000000000000e+00
3.910000000000000000e+04,4.756408929824829102e-01,5.943396226415094130e-01,1.798205226659774780e-01,0.000000000000000000e+00
3.911000000000000000e+04,4.746164083480834961e-01,6.132075471698112956e-01,1.792448908090591431e-01,0.000000000000000000e+00
3.912000000000000000e+04,4.529724121093750000e-01,6.132075471698112956e-01,1.640429049730300903e-01,0.000000000000000000e+00
3.913000000000000000e+04,4.535653293132781982e-01,5.943396226415094130e-01,1.562175899744033813e-01,0.000000000000000000e+00
3.914000000000000000e+04,4.584361016750335693e-01,6.132075471698112956e-01,1.756148487329483032e-01,0.000000000000000000e+00
3.915000000000000000e+04,4.607007205486297607e-01,5.849056603773584717e-01,1.785276681184768677e-01,0.000000000000000000e+00
3.916000000000000000e+04,4.576297700405120850e-01,6.132075471698112956e-01,1.875434815883636475e-01,0.000000000000000000e+00
3.917000000000000000e+04,4.653451144695281982e-01,5.943396226415094130e-01,1.778401732444763184e-01,0.000000000000000000e+00
3.918000000000000000e+04,4.534194767475128174e-01,6.132075471698112956e-01,1.763612180948257446e-01,0.000000000000000000e+00
3.919000000000000000e+04,4.777636826038360596e-01,6.037735849056603543e-01,2.188902795314788818e-01,0.000000000000000000e+00
3.920000000000000000e+04,4.848880469799041748e-01,6.132075471698112956e-01,2.197238355875015259e-01,0.000000000000000000e+00
3.921000000000000000e+04,4.743480682373046875e-01,6.132075471698112956e-01,2.221107631921768188e-01,0.000000000000000000e+00
3.922000000000000000e+04,4.821848571300506592e-01,6.132075471698112956e-01,2.231899052858352661e-01,0.000000000000000000e+00
3.923000000000000000e+04,4.790966212749481201e-01,6.320754716981131782e-01,2.147149890661239624e-01,0.000000000000000000e+00
3.924000000000000000e+04,4.828568398952484131e-01,6.132075471698112956e-01,2.048809975385665894e-01,0.000000000000000000e+00
3.925000000000000000e+04,4.913717210292816162e-01,6.320754716981131782e-01,2.225161045789718628e-01,0.000000000000000000e+00
3.926000000000000000e+04,5.194687843322753906e-01,6.132075471698112956e-01,2.450100034475326538e-01,0.000000000000000000e+00
3.927000000000000000e+04,5.053422451019287109e-01,6.037735849056603543e-01,2.099446505308151245e-01,0.000000000000000000e+00
3.928000000000000000e+04,5.051082968711853027e-01,6.037735849056603543e-01,2.075682729482650757e-01,0.000000000000000000e+00
3.929000000000000000e+04,4.947350919246673584e-01,5.849056603773584717e-01,2.214793711900711060e-01,0.000000000000000000e+00
3.930000000000000000e+04,4.848515987396240234e-01,6.037735849056603543e-01,2.209629267454147339e-01,0.000000000000000000e+00
3.931000000000000000e+04,5.012166500091552734e-01,5.849056603773584717e-01,2.080540955066680908e-01,0.000000000000000000e+00
3.932000000000000000e+04,4.782894253730773926e-01,5.943396226415094130e-01,2.108076959848403931e-01,0.000000000000000000e+00
3.933000000000000000e+04,4.743904769420623779e-01,5.849056603773584717e-01,1.859356015920639038e-01,0.000000000000000000e+00
3.934000000000000000e+04,4.945741295814514160e-01,6.037735849056603543e-01,2.044838964939117432e-01,0.000000000000000000e+00
3.935000000000000000e+04,4.892436265945434570e-01,5.849056603773584717e-01,1.952006071805953979e-01,0.000000000000000000e+00
3.936000000000000000e+04,4.832679331302642822e-01,5.660377358490565891e-01,2.125960439443588257e-01,0.000000000000000000e+00
3.937000000000000000e+04,4.871844649314880371e-01,6.132075471698112956e-01,2.119320333003997803e-01,0.000000000000000000e+00
3.938000000000000000e+04,4.855336546897888184e-01,5.849056603773584717e-01,2.229422330856323242e-01,0.000000000000000000e+00
3.939000000000000000e+04,5.064378976821899414e-01,6.132075471698112956e-01,2.446561455726623535e-01,0.000000000000000000e+00
3.940000000000000000e+04,4.982644021511077881e-01,5.943396226415094130e-01,2.423259615898132324e-01,0.000000000000000000e+00
3.941000000000000000e+04,4.732044637203216553e-01,6.226415094339622369e-01,2.179807722568511963e-01,0.000000000000000000e+00
3.942000000000000000e+04,4.702349901199340820e-01,6.226415094339622369e-01,2.167880237102508545e-01,0.000000000000000000e+00
3.943000000000000000e+04,4.676327109336853027e-01,6.226415094339622369e-01,2.246407270431518555e-01,0.000000000000000000e+00
3.944000000000000000e+04,4.619145393371582031e-01,5.849056603773584717e-01,2.162821441888809204e-01,0.000000000000000000e+00
3.945000000000000000e+04,4.740133881568908691e-01,6.226415094339622369e-01,2.186588943004608154e-01,0.000000000000000000e+00
3.946000000000000000e+04,4.854600727558135986e-01,5.849056603773584717e-01,2.320749610662460327e-01,0.000000000000000000e+00
3.947000000000000000e+04,4.791421294212341309e-01,6.037735849056603543e-01,2.201545685529708862e-01,0.000000000000000000e+00
3.948000000000000000e+04,4.916499555110931396e-01,6.132075471698112956e-01,2.355074137449264526e-01,0.000000000000000000e+00
3.949000000000000000e+04,4.869984984397888184e-01,6.132075471698112956e-01,2.502484619617462158e-01,0.000000000000000000e+00
3.950000000000000000e+04,4.998160898685455322e-01,6.132075471698112956e-01,2.394019812345504761e-01,0.000000000000000000e+00
3.951000000000000000e+04,4.814717471599578857e-01,5.943396226415094130e-01,2.360178977251052856e-01,0.000000000000000000e+00
3.952000000000000000e+04,4.812701642513275146e-01,6.320754716981131782e-01,2.514857053756713867e-01,0.000000000000000000e+00
3.953000000000000000e+04,4.880494475364685059e-01,5.943396226415094130e-01,2.202852070331573486e-01,0.000000000000000000e+00
3.954000000000000000e+04,4.746969938278198242e-01,5.943396226415094130e-01,2.410362213850021362e-01,0.000000000000000000e+00
3.955000000000000000e+04,4.634926617145538330e-01,5.754716981132075304e-01,2.089975774288177490e-01,0.000000000000000000e+00
3.956000000000000000e+04,4.764853417873382568e-01,5.943396226415094130e-01,2.364016324281692505e-01,0.000000000000000000e+00
3.957000000000000000e+04,4.644409418106079102e-01,5.943396226415094130e-01,2.184288799762725830e-01,0.000000000000000000e+00
3.958000000000000000e+04,4.774695932865142822e-01,6.037735849056603543e-01,2.194780856370925903e-01,0.000000000000000000e+00
3.959000000000000000e+04,4.830787777900695801e-01,6.132075471698112956e-01,2.048730552196502686e-01,0.000000000000000000e+00
3.960000000000000000e+04,4.810604751110076904e-01,5.943396226415094130e-01,2.051158845424652100e-01,0.000000000000000000e+00
3.961000000000000000e+04,4.974189996719360352e-01,5.660377358490565891e-01,2.301298081874847412e-01,0.000000000000000000e+00
3.962000000000000000e+04,4.980129301548004150e-01,5.754716981132075304e-01,2.427969127893447876e-01,0.000000000000000000e+00
3.963000000000000000e+04,4.975257813930511475e-01,5.849056603773584717e-01,2.387516945600509644e-01,0.000000000000000000e+00
3.964000000000000000e+04,4.672641754150390625e-01,6.037735849056603543e-01,1.689222157001495361e-01,0.000000000000000000e+00
3.965000000000000000e+04,4.881725907325744629e-01,6.132075471698112956e-01,1.929746270179748535e-01,0.000000000000000000e+00
3.966000000000000000e+04,4.696165919303894043e-01,6.132075471698112956e-01,2.011233270168304443e-01,0.000000000000000000e+00
3.967000000000000000e+04,4.962587952613830566e-01,6.132075471698112956e-01,2.103062272071838379e-01,0.000000000000000000e+00
3.968000000000000000e+04,4.626039266586303711e-01,6.132075471698112956e-01,1.990174353122711182e-01,0.000000000000000000e+00
3.969000000000000000e+04,4.486665427684783936e-01,6.320754716981131782e-01,1.865272969007492065e-01,0.000000000000000000e+00
3.970000000000000000e+04,4.514459371566772461e-01,6.415094339622641195e-01,2.022704929113388062e-01,0.000000000000000000e+00
3.971000000000000000e+04,4.556058943271636963e-01,6.415094339622641195e-01,1.789370775222778320e-01,0.000000000000000000e+00
3.972000000000000000e+04,4.636944532394409180e-01,5.943396226415094130e-01,1.852539181709289551e-01,0.000000000000000000e+00
3.973000000000000000e+04,4.681650996208190918e-01,5.849056603773584717e-01,1.995723247528076172e-01,0.000000000000000000e+00
3.974000000000000000e+04,4.583460688591003418e-01,6.226415094339622369e-01,1.716699749231338501e-01,0.000000000000000000e+00
3.975000000000000000e+04,4.553575813770294189e-01,5.943396226415094130e-01,2.076801806688308716e-01,0.000000000000000000e+00
3.976000000000000000e+04,4.466350674629211426e-01,6.037735849056603543e-01,1.948328316211700439e-01,0.000000000000000000e+00
3.977000000000000000e+04,4.492010176181793213e-01,5.943396226415094130e-01,1.826548576354980469e-01,0.000000000000000000e+00
3.978000000000000000e+04,4.491365253925323486e-01,5.849056603773584717e-01,1.928177922964096069e-01,0.000000000000000000e+00
3.979000000000000000e+04,4.675779938697814941e-01,5.849056603773584717e-01,2.092711776494979858e-01,0.000000000000000000e+00
3.980000000000000000e+04,4.449403882026672363e-01,6.132075471698112956e-01,1.999331861734390259e-01,0.000000000000000000e+00
3.981000000000000000e+04,4.727705419063568115e-01,6.037735849056603543e-01,2.044203728437423706e-01,0.000000000000000000e+00
3.982000000000000000e+04,4.717928171157836914e-01,5.943396226415094130e-01,1.957820206880569458e-01,0.000000000000000000e+00
3.983000000000000000e+04,4.630264639854431152e-01,6.132075471698112956e-01,1.923674196004867554e-01,0.000000000000000000e+00
3.984000000000000000e+04,4.764923751354217529e-01,5.849056603773584717e-01,2.012005150318145752e-01,0.000000000000000000e+00
3.985000000000000000e+04,4.828409552574157715e-01,6.037735849056603543e-01,2.346623241901397705e-01,0.000000000000000000e+00
3.986000000000000000e+04,4.767355024814605713e-01,6.132075471698112956e-01,2.172710001468658447e-01,0.000000000000000000e+00
3.987000000000000000e+04,4.577771425247192383e-01,6.226415094339622369e-01,2.086882889270782471e-01,0.000000000000000000e+00
3.988000000000000000e+04,4.641642570495605469e-01,6.226415094339622369e-01,2.266204208135604858e-01,0.000000000000000000e+00
3.989000000000000000e+04,4.580925107002258301e-01,6.226415094339622369e-01,2.015400230884552002e-01,0.000000000000000000e+00
3.990000000000000000e+04,4.498709440231323242e-01,6.320754716981131782e-01,2.029039263725280762e-01,0.000000000000000000e+00
3.991000000000000000e+04,4.624894261360168457e-01,6.037735849056603543e-01,1.944564729928970337e-01,0.000000000000000000e+00
3.992000000000000000e+04,4.407168328762054443e-01,5.943396226415094130e-01,1.688148379325866699e-01,0.000000000000000000e+00
3.993000000000000000e+04,4.707508981227874756e-01,6.132075471698112956e-01,1.966398507356643677e-01,0.000000000000000000e+00
3.994000000000000000e+04,4.468311071395874023e-01,5.943396226415094130e-01,1.942742168903350830e-01,0.000000000000000000e+00
3.995000000000000000e+04,4.734335541725158691e-01,6.226415094339622369e-01,2.127473354339599609e-01,0.000000000000000000e+00
3.996000000000000000e+04,4.850041866302490234e-01,6.037735849056603543e-01,2.262243628501892090e-01,0.000000000000000000e+00
3.997000000000000000e+04,4.752416014671325684e-01,6.132075471698112956e-01,2.129106074571609497e-01,0.000000000000000000e+00
3.998000000000000000e+04,4.774659574031829834e-01,6.320754716981131782e-01,2.438987195491790771e-01,0.000000000000000000e+00
3.999000000000000000e+04,4.893678128719329834e-01,6.226415094339622369e-01,2.360655367374420166e-01,0.000000000000000000e+00
4.000000000000000000e+04,4.968327581882476807e-01,5.849056603773584717e-01,2.517068386077880859e-01,0.000000000000000000e+00
4.001000000000000000e+04,4.907518923282623291e-01,6.037735849056603543e-01,2.476483285427093506e-01,0.000000000000000000e+00
4.002000000000000000e+04,4.876415431499481201e-01,6.037735849056603543e-01,2.176452428102493286e-01,0.000000000000000000e+00
4.003000000000000000e+04,4.859841465950012207e-01,5.943396226415094130e-01,2.140551656484603882e-01,0.000000000000000000e+00
4.004000000000000000e+04,5.039269328117370605e-01,6.037735849056603543e-01,2.644858658313751221e-01,0.000000000000000000e+00
4.005000000000000000e+04,4.832820296287536621e-01,5.943396226415094130e-01,2.266767024993896484e-01,0.000000000000000000e+00
4.006000000000000000e+04,4.791058599948883057e-01,6.037735849056603543e-01,2.448608577251434326e-01,0.000000000000000000e+00
4.007000000000000000e+04,4.867855608463287354e-01,5.754716981132075304e-01,2.276491969823837280e-01,0.000000000000000000e+00
4.008000000000000000e+04,5.024124383926391602e-01,6.037735849056603543e-01,2.589204907417297363e-01,0.000000000000000000e+00
4.009000000000000000e+04,4.908606410026550293e-01,5.849056603773584717e-01,2.407631725072860718e-01,0.000000000000000000e+00
4.010000000000000000e+04,4.864413440227508545e-01,6.132075471698112956e-01,2.232392281293869019e-01,0.000000000000000000e+00
4.011000000000000000e+04,4.919207394123077393e-01,6.037735849056603543e-01,2.224637567996978760e-01,0.000000000000000000e+00
4.012000000000000000e+04,4.744701981544494629e-01,6.132075471698112956e-01,2.236357182264328003e-01,0.000000000000000000e+00
4.013000000000000000e+04,4.729469120502471924e-01,6.132075471698112956e-01,2.024631053209304810e-01,0.000000000000000000e+00
4.014000000000000000e+04,4.773786365985870361e-01,5.943396226415094130e-01,2.230448126792907715e-01,0.000000000000000000e+00
4.015000000000000000e+04,4.577804505825042725e-01,6.415094339622641195e-01,1.820269078016281128e-01,0.000000000000000000e+00
4.016000000000000000e+04,4.562715291976928711e-01,6.037735849056603543e-01,1.968932300806045532e-01,0.000000000000000000e+00
4.017000000000000000e+04,4.726987481117248535e-01,6.320754716981131782e-01,1.971569508314132690e-01,0.000000000000000000e+00
4.018000000000000000e+04,4.513010978698730469e-01,5.943396226415094130e-01,1.933484375476837158e-01,0.000000000000000000e+00
4.019000000000000000e+04,4.655431807041168213e-01,6.037735849056603543e-01,1.871623992919921875e-01,0.000000000000000000e+00
4.020000000000000000e+04,4.648495018482208252e-01,6.226415094339622369e-01,1.982707083225250244e-01,0.000000000000000000e+00
4.021000000000000000e+04,4.719486832618713379e-01,5.660377358490565891e-01,2.217218279838562012e-01,0.000000000000000000e+00
4.022000000000000000e+04,4.474626779556274414e-01,6.037735849056603543e-01,1.860188245773315430e-01,0.000000000000000000e+00
4.023000000000000000e+04,4.576459228992462158e-01,5.943396226415094130e-01,2.141163051128387451e-01,0.000000000000000000e+00
4.024000000000000000e+04,4.705759286880493164e-01,5.943396226415094130e-01,2.173662334680557251e-01,0.000000000000000000e+00
4.025000000000000000e+04,4.657777249813079834e-01,6.037735849056603543e-01,2.229869663715362549e-01,0.000000000000000000e+00
4.026000000000000000e+04,4.566520452499389648e-01,5.943396226415094130e-01,2.061902880668640137e-01,0.000000000000000000e+00
4.027000000000000000e+04,4.515239894390106201e-01,6.132075471698112956e-01,2.166136354207992554e-01,0.000000000000000000e+00
4.028000000000000000e+04,4.844163954257965088e-01,5.849056603773584717e-01,2.557165920734405518e-01,0.000000000000000000e+00
4.029000000000000000e+04,4.946210384368896484e-01,6.037735849056603543e-01,2.450823187828063965e-01,0.000000000000000000e+00
4.030000000000000000e+04,5.090128183364868164e-01,5.754716981132075304e-01,2.910550832748413086e-01,0.000000000000000000e+00
4.031000000000000000e+04,4.992567598819732666e-01,5.943396226415094130e-01,2.511267066001892090e-01,0.000000000000000000e+00
4.032000000000000000e+04,4.845321774482727051e-01,5.849056603773584717e-01,2.433546334505081177e-01,0.000000000000000000e+00
4.033000000000000000e+04,5.025764107704162598e-01,5.943396226415094130e-01,2.555794417858123779e-01,0.000000000000000000e+00
4.034000000000000000e+04,5.014423727989196777e-01,5.849056603773584717e-01,2.654041349887847900e-01,0.000000000000000000e+00
4.035000000000000000e+04,5.177333950996398926e-01,5.754716981132075304e-01,2.714451551437377930e-01,0.000000000000000000e+00
4.036000000000000000e+04,5.000513792037963867e-01,5.471698113207547065e-01,2.659240961074829102e-01,0.000000000000000000e+00
4.037000000000000000e+04,5.089164972305297852e-01,6.037735849056603543e-01,2.780952453613281250e-01,0.000000000000000000e+00
4.038000000000000000e+04,5.090906023979187012e-01,5.754716981132075304e-01,2.664089202880859375e-01,0.000000000000000000e+00
4.039000000000000000e+04,5.193396210670471191e-01,5.849056603773584717e-01,2.735052108764648438e-01,0.000000000000000000e+00
4.040000000000000000e+04,5.074560642242431641e-01,5.943396226415094130e-01,2.484215050935745239e-01,0.000000000000000000e+00
4.041000000000000000e+04,4.924648106098175049e-01,6.132075471698112956e-01,2.268579304218292236e-01,0.000000000000000000e+00
4.042000000000000000e+04,5.076406598091125488e-01,5.849056603773584717e-01,2.361895591020584106e-01,0.000000000000000000e+00
4.043000000000000000e+04,5.075252652168273926e-01,5.754716981132075304e-01,2.572410702705383301e-01,0.000000000000000000e+00
4.044000000000000000e+04,4.991474151611328125e-01,6.132075471698112956e-01,2.429658025503158569e-01,0.000000000000000000e+00
4.045000000000000000e+04,5.089165568351745605e-01,6.037735849056603543e-01,2.239182293415069580e-01,0.000000000000000000e+00
4.046000000000000000e+04,5.179710388183593750e-01,5.754716981132075304e-01,2.521321475505828857e-01,0.000000000000000000e+00
4.047000000000000000e+04,5.093518495559692383e-01,6.037735849056603543e-01,2.667695283889770508e-01,0.000000000000000000e+00
4.048000000000000000e+04,4.933337867259979248e-01,6.132075471698112956e-01,2.517187297344207764e-01,0.000000000000000000e+00
4.049000000000000000e+04,4.798177182674407959e-01,6.037735849056603543e-01,2.542491555213928223e-01,0.000000000000000000e+00
4.050000000000000000e+04,4.848292171955108643e-01,5.849056603773584717e-01,2.477203309535980225e-01,0.000000000000000000e+00
4.051000000000000000e+04,5.110104680061340332e-01,5.943396226415094130e-01,2.819254100322723389e-01,0.000000000000000000e+00
4.052000000000000000e+04,4.906798899173736572e-01,5.849056603773584717e-01,2.662589550018310547e-01,0.000000000000000000e+00
4.053000000000000000e+04,5.179505348205566406e-01,5.754716981132075304e-01,2.851020693778991699e-01,0.000000000000000000e+00
4.054000000000000000e+04,5.002503395080566406e-01,5.660377358490565891e-01,2.726638615131378174e-01,0.000000000000000000e+00
4.055000000000000000e+04,4.884518384933471680e-01,5.660377358490565891e-01,2.794656157493591309e-01,0.000000000000000000e+00
4.056000000000000000e+04,4.939396381378173828e-01,6.037735849056603543e-01,2.739730477333068848e-01,0.000000000000000000e+00
4.057000000000000000e+04,4.853129386901855469e-01,6.037735849056603543e-01,2.530270218849182129e-01,0.000000000000000000e+00
4.058000000000000000e+04,4.610730111598968506e-01,5.849056603773584717e-01,2.320915609598159790e-01,0.000000000000000000e+00
4.059000000000000000e+04,4.679904282093048096e-01,5.943396226415094130e-01,2.291984856128692627e-01,0.000000000000000000e+00
4.060000000000000000e+04,4.630389809608459473e-01,5.754716981132075304e-01,2.117585986852645874e-01,0.000000000000000000e+00
4.061000000000000000e+04,4.718333482742309570e-01,5.754716981132075304e-01,2.066850513219833374e-01,0.000000000000000000e+00
4.062000000000000000e+04,4.805615842342376709e-01,5.849056603773584717e-01,2.347563505172729492e-01,0.000000000000000000e+00
4.063000000000000000e+04,4.524245858192443848e-01,5.849056603773584717e-01,2.024616748094558716e-01,0.000000000000000000e+00
4.064000000000000000e+04,4.834436774253845215e-01,5.849056603773584717e-01,2.226881086826324463e-01,0.000000000000000000e+00
4.065000000000000000e+04,4.910898804664611816e-01,5.943396226415094130e-01,2.320049405097961426e-01,0.000000000000000000e+00
4.066000000000000000e+04,4.859413206577301025e-01,5.849056603773584717e-01,2.295501977205276489e-01,0.000000000000000000e+00
4.067000000000000000e+04,4.497367143630981445e-01,6.037735849056603543e-01,1.951068341732025146e-01,0.000000000000000000e+00
4.068000000000000000e+04,4.630735516548156738e-01,5.849056603773584717e-01,2.073724716901779175e-01,0.000000000000000000e+00
4.069000000000000000e+04,4.926137030124664307e-01,6.037735849056603543e-01,2.251074314117431641e-01,0.000000000000000000e+00
4.070000000000000000e+04,4.750424027442932129e-01,5.754716981132075304e-01,2.299664020538330078e-01,0.000000000000000000e+00
4.071000000000000000e+04,4.802030622959136963e-01,5.849056603773584717e-01,2.269001603126525879e-01,0.000000000000000000e+00
4.072000000000000000e+04,5.069973468780517578e-01,5.943396226415094130e-01,2.362954765558242798e-01,0.000000000000000000e+00
4.073000000000000000e+04,4.818422496318817139e-01,5.849056603773584717e-01,2.200157642364501953e-01,0.000000000000000000e+00
4.074000000000000000e+04,4.883863329887390137e-01,6.037735849056603543e-01,2.304502129554748535e-01,0.000000000000000000e+00
4.075000000000000000e+04,4.830451309680938721e-01,5.660377358490565891e-01,2.287246882915496826e-01,0.000000000000000000e+00
4.076000000000000000e+04,4.940482676029205322e-01,6.037735849056603543e-01,2.227389067411422729e-01,0.000000000000000000e+00
4.077000000000000000e+04,5.287120938301086426e-01,5.943396226415094130e-01,2.763782143592834473e-01,0.000000000000000000e+00
4.078000000000000000e+04,5.299188494682312012e-01,5.660377358490565891e-01,2.763597071170806885e-01,0.000000000000000000e+00
4.079000000000000000e+04,5.297009944915771484e-01,5.943396226415094130e-01,2.776890099048614502e-01,0.000000000000000000e+00
4.080000000000000000e+04,5.168187022209167480e-01,5.849056603773584717e-01,2.663200795650482178e-01,0.000000000000000000e+00
4.081000000000000000e+04,5.070625543594360352e-01,5.849056603773584717e-01,2.409866303205490112e-01,0.000000000000000000e+00
4.082000000000000000e+04,5.090613365173339844e-01,5.849056603773584717e-01,2.882659435272216797e-01,0.000000000000000000e+00
4.083000000000000000e+04,5.104247927665710449e-01,5.660377358490565891e-01,2.658436596393585205e-01,0.000000000000000000e+00
4.084000000000000000e+04,4.905019998550415039e-01,6.037735849056603543e-01,2.486046403646469116e-01,0.000000000000000000e+00
4.085000000000000000e+04,4.805717170238494873e-01,5.754716981132075304e-01,2.413950711488723755e-01,0.000000000000000000e+00
4.086000000000000000e+04,4.790363311767578125e-01,5.660377358490565891e-01,2.302179485559463501e-01,0.000000000000000000e+00
4.087000000000000000e+04,4.749082922935485840e-01,6.132075471698112956e-01,2.194296270608901978e-01,0.000000000000000000e+00
4.088000000000000000e+04,4.865515232086181641e-01,6.037735849056603543e-01,2.126516401767730713e-01,0.000000000000000000e+00
4.089000000000000000e+04,4.921091198921203613e-01,5.754716981132075304e-01,2.528136074542999268e-01,0.000000000000000000e+00
4.090000000000000000e+04,5.203123688697814941e-01,5.943396226415094130e-01,2.552801668643951416e-01,0.000000000000000000e+00
4.091000000000000000e+04,5.020532608032226562e-01,5.754716981132075304e-01,2.444120645523071289e-01,0.000000000000000000e+00
4.092000000000000000e+04,5.070809125900268555e-01,5.849056603773584717e-01,2.569295763969421387e-01,0.000000000000000000e+00
4.093000000000000000e+04,5.080220103263854980e-01,6.037735849056603543e-01,2.310602366924285889e-01,0.000000000000000000e+00
4.094000000000000000e+04,5.236540436744689941e-01,5.943396226415094130e-01,2.348145246505737305e-01,0.000000000000000000e+00
4.095000000000000000e+04,5.019965171813964844e-01,5.943396226415094130e-01,2.433501780033111572e-01,0.000000000000000000e+00
4.096000000000000000e+04,4.906415641307830811e-01,5.660377358490565891e-01,2.154383361339569092e-01,0.000000000000000000e+00
4.097000000000000000e+04,4.710500836372375488e-01,6.037735849056603543e-01,1.819828897714614868e-01,0.000000000000000000e+00
4.098000000000000000e+04,4.910674989223480225e-01,5.849056603773584717e-01,2.001490294933319092e-01,0.000000000000000000e+00
4.099000000000000000e+04,5.078288316726684570e-01,5.754716981132075304e-01,2.295977771282196045e-01,0.000000000000000000e+00
4.100000000000000000e+04,4.929675459861755371e-01,5.849056603773584717e-01,2.145216315984725952e-01,0.000000000000000000e+00
4.101000000000000000e+04,4.751620590686798096e-01,6.226415094339622369e-01,1.821068078279495239e-01,0.000000000000000000e+00
4.102000000000000000e+04,4.762695431709289551e-01,6.037735849056603543e-01,1.797024309635162354e-01,0.000000000000000000e+00
4.103000000000000000e+04,4.739874005317687988e-01,6.132075471698112956e-01,1.807627826929092407e-01,0.000000000000000000e+00
4.104000000000000000e+04,4.838937819004058838e-01,6.037735849056603543e-01,1.852213442325592041e-01,0.000000000000000000e+00
4.105000000000000000e+04,4.883435964584350586e-01,5.849056603773584717e-01,1.900341659784317017e-01,0.000000000000000000e+00
4.106000000000000000e+04,4.883630275726318359e-01,5.849056603773584717e-01,2.010654956102371216e-01,0.000000000000000000e+00
4.107000000000000000e+04,4.872536063194274902e-01,6.037735849056603543e-01,1.980987787246704102e-01,0.000000000000000000e+00
4.108000000000000000e+04,4.738177657127380371e-01,6.037735849056603543e-01,1.733158528804779053e-01,0.000000000000000000e+00
4.109000000000000000e+04,4.673698842525482178e-01,5.943396226415094130e-01,1.768807917833328247e-01,0.000000000000000000e+00
4.110000000000000000e+04,4.599686264991760254e-01,5.849056603773584717e-01,1.665343046188354492e-01,0.000000000000000000e+00
4.111000000000000000e+04,4.642382562160491943e-01,5.849056603773584717e-01,1.397606879472732544e-01,0.000000000000000000e+00
4.112000000000000000e+04,4.633959233760833740e-01,5.754716981132075304e-01,1.684832125902175903e-01,0.000000000000000000e+00
4.113000000000000000e+04,4.456388950347900391e-01,6.132075471698112956e-01,1.570118069648742676e-01,0.000000000000000000e+00
4.114000000000000000e+04,4.571319818496704102e-01,6.320754716981131782e-01,1.416056305170059204e-01,0.000000000000000000e+00
4.115000000000000000e+04,4.581580460071563721e-01,6.037735849056603543e-01,1.455139517784118652e-01,0.000000000000000000e+00
4.116000000000000000e+04,4.589881598949432373e-01,5.943396226415094130e-01,1.536214947700500488e-01,0.000000000000000000e+00
4.117000000000000000e+04,4.718909263610839844e-01,5.943396226415094130e-01,1.456218808889389038e-01,0.000000000000000000e+00
4.118000000000000000e+04,4.469665884971618652e-01,5.943396226415094130e-01,1.583892703056335449e-01,0.000000000000000000e+00
4.119000000000000000e+04,4.407300949096679688e-01,6.132075471698112956e-01,1.490291655063629150e-01,0.000000000000000000e+00
4.120000000000000000e+04,4.424313008785247803e-01,6.037735849056603543e-01,1.572629064321517944e-01,0.000000000000000000e+00
4.121000000000000000e+04,4.589890241622924805e-01,5.660377358490565891e-01,1.764665395021438599e-01,0.000000000000000000e+00
4.122000000000000000e+04,4.526538848876953125e-01,6.037735849056603543e-01,1.716522872447967529e-01,0.000000000000000000e+00
4.123000000000000000e+04,4.613439142704010010e-01,5.754716981132075304e-01,1.962953656911849976e-01,0.000000000000000000e+00
4.124000000000000000e+04,4.707933068275451660e-01,5.943396226415094130e-01,2.073582857847213745e-01,0.000000000000000000e+00
4.125000000000000000e+04,4.489447176456451416e-01,5.849056603773584717e-01,1.958197504281997681e-01,0.000000000000000000e+00
4.126000000000000000e+04,4.471094012260437012e-01,5.754716981132075304e-01,1.878560781478881836e-01,0.000000000000000000e+00
4.127000000000000000e+04,4.554323554039001465e-01,5.660377358490565891e-01,2.038564532995223999e-01,0.000000000000000000e+00
4.128000000000000000e+04,4.525904059410095215e-01,5.943396226415094130e-01,2.093115895986557007e-01,0.000000000000000000e+00
4.129000000000000000e+04,4.619354903697967529e-01,6.226415094339622369e-01,1.734271347522735596e-01,0.000000000000000000e+00
4.130000000000000000e+04,4.487200677394866943e-01,5.943396226415094130e-01,1.950810253620147705e-01,0.000000000000000000e+00
4.131000000000000000e+04,4.684749245643615723e-01,5.943396226415094130e-01,2.378670573234558105e-01,0.000000000000000000e+00
4.132000000000000000e+04,4.622862637042999268e-01,5.943396226415094130e-01,2.204372286796569824e-01,0.000000000000000000e+00
4.133000000000000000e+04,4.723321795463562012e-01,5.849056603773584717e-01,2.239022254943847656e-01,0.000000000000000000e+00
4.134000000000000000e+04,4.929221272468566895e-01,5.849056603773584717e-01,2.555140256881713867e-01,0.000000000000000000e+00
4.135000000000000000e+04,4.852968156337738037e-01,5.943396226415094130e-01,2.423920631408691406e-01,0.000000000000000000e+00
4.136000000000000000e+04,4.556520283222198486e-01,6.132075471698112956e-01,1.988349258899688721e-01,0.000000000000000000e+00
4.137000000000000000e+04,4.681134521961212158e-01,6.037735849056603543e-01,2.166476249694824219e-01,0.000000000000000000e+00
4.138000000000000000e+04,4.826579391956329346e-01,5.660377358490565891e-01,2.296421825885772705e-01,0.000000000000000000e+00
4.139000000000000000e+04,4.685305953025817871e-01,5.943396226415094130e-01,2.392978370189666748e-01,0.000000000000000000e+00
4.140000000000000000e+04,4.660199582576751709e-01,5.849056603773584717e-01,2.445877641439437866e-01,0.000000000000000000e+00
4.141000000000000000e+04,4.772418737411499023e-01,5.754716981132075304e-01,2.462984472513198853e-01,0.000000000000000000e+00
4.142000000000000000e+04,4.714260697364807129e-01,5.754716981132075304e-01,2.623264193534851074e-01,0.000000000000000000e+00
4.143000000000000000e+04,4.670235216617584229e-01,5.849056603773584717e-01,2.437281608581542969e-01,0.000000000000000000e+00
4.144000000000000000e+04,4.712973237037658691e-01,5.660377358490565891e-01,2.451893687248229980e-01,0.000000000000000000e+00
4.145000000000000000e+04,4.806092679500579834e-01,5.660377358490565891e-01,2.519319355487823486e-01,0.000000000000000000e+00
4.146000000000000000e+04,4.804106652736663818e-01,5.566037735849056478e-01,2.297013252973556519e-01,0.000000000000000000e+00
4.147000000000000000e+04,4.733504951000213623e-01,5.943396226415094130e-01,2.265290170907974243e-01,0.000000000000000000e+00
4.148000000000000000e+04,4.884293079376220703e-01,6.037735849056603543e-01,2.373435050249099731e-01,0.000000000000000000e+00
4.149000000000000000e+04,4.981730878353118896e-01,5.754716981132075304e-01,2.635851204395294189e-01,0.000000000000000000e+00
4.150000000000000000e+04,4.986869394779205322e-01,5.943396226415094130e-01,2.501677870750427246e-01,0.000000000000000000e+00
4.151000000000000000e+04,5.070890188217163086e-01,5.660377358490565891e-01,2.885027527809143066e-01,0.000000000000000000e+00
4.152000000000000000e+04,4.813851416110992432e-01,6.037735849056603543e-01,2.464661449193954468e-01,0.000000000000000000e+00
4.153000000000000000e+04,4.906011223793029785e-01,6.037735849056603543e-01,2.574702501296997070e-01,0.000000000000000000e+00
4.154000000000000000e+04,5.002664327621459961e-01,6.132075471698112956e-01,2.752402126789093018e-01,0.000000000000000000e+00
4.155000000000000000e+04,4.852117896080017090e-01,5.849056603773584717e-01,2.826066613197326660e-01,0.000000000000000000e+00
4.156000000000000000e+04,4.938818216323852539e-01,5.566037735849056478e-01,2.759886980056762695e-01,0.000000000000000000e+00
4.157000000000000000e+04,4.967993199825286865e-01,5.943396226415094130e-01,2.710530757904052734e-01,0.000000000000000000e+00
4.158000000000000000e+04,5.056025981903076172e-01,5.943396226415094130e-01,2.674641311168670654e-01,0.000000000000000000e+00
4.159000000000000000e+04,4.852945506572723389e-01,5.849056603773584717e-01,2.417022138833999634e-01,0.000000000000000000e+00
4.160000000000000000e+04,4.878683686256408691e-01,6.132075471698112956e-01,2.305682301521301270e-01,0.000000000000000000e+00
4.161000000000000000e+04,4.931431412696838379e-01,6.037735849056603543e-01,2.508460879325866699e-01,0.000000000000000000e+00
4.162000000000000000e+04,4.986639916896820068e-01,6.132075471698112956e-01,2.263043224811553955e-01,0.000000000000000000e+00
4.163000000000000000e+04,4.975658953189849854e-01,6.132075471698112956e-01,2.364071309566497803e-01,0.000000000000000000e+00
4.164000000000000000e+04,5.085564851760864258e-01,5.943396226415094130e-01,2.493952810764312744e-01,0.000000000000000000e+00
4.165000000000000000e+04,4.904063940048217773e-01,6.132075471698112956e-01,2.334827482700347900e-01,0.000000000000000000e+00
4.166000000000000000e+04,5.205473303794860840e-01,5.943396226415094130e-01,2.737528681755065918e-01,0.000000000000000000e+00
4.167000000000000000e+04,5.081392526626586914e-01,6.132075471698112956e-01,2.510701417922973633e-01,0.000000000000000000e+00
4.168000000000000000e+04,4.866090416908264160e-01,6.132075471698112956e-01,2.261797487735748291e-01,0.000000000000000000e+00
4.169000000000000000e+04,4.875610470771789551e-01,6.037735849056603543e-01,2.361271381378173828e-01,0.000000000000000000e+00
4.170000000000000000e+04,4.796657264232635498e-01,6.226415094339622369e-01,2.172794789075851440e-01,0.000000000000000000e+00
4.171000000000000000e+04,4.921260178089141846e-01,6.320754716981131782e-01,2.075044512748718262e-01,0.000000000000000000e+00
4.172000000000000000e+04,4.767263829708099365e-01,6.132075471698112956e-01,2.248504906892776489e-01,0.000000000000000000e+00
4.173000000000000000e+04,4.784040451049804688e-01,6.132075471698112956e-01,2.412586659193038940e-01,0.000000000000000000e+00
4.174000000000000000e+04,4.786483347415924072e-01,6.415094339622641195e-01,2.271335422992706299e-01,0.000000000000000000e+00
4.175000000000000000e+04,4.813192784786224365e-01,6.226415094339622369e-01,2.467440664768218994e-01,0.000000000000000000e+00
4.176000000000000000e+04,4.622380733489990234e-01,6.320754716981131782e-01,2.078679352998733521e-01,0.000000000000000000e+00
4.177000000000000000e+04,4.602773487567901611e-01,6.037735849056603543e-01,2.151008695363998413e-01,0.000000000000000000e+00
4.178000000000000000e+04,4.663212895393371582e-01,6.037735849056603543e-01,2.202602624893188477e-01,0.000000000000000000e+00
4.179000000000000000e+04,4.762852191925048828e-01,6.132075471698112956e-01,2.479968070983886719e-01,0.000000000000000000e+00
4.180000000000000000e+04,4.745468795299530029e-01,6.037735849056603543e-01,2.331348806619644165e-01,0.000000000000000000e+00
4.181000000000000000e+04,5.010036826133728027e-01,6.132075471698112956e-01,2.483568340539932251e-01,0.000000000000000000e+00
4.182000000000000000e+04,4.721340835094451904e-01,5.754716981132075304e-01,2.380998432636260986e-01,0.000000000000000000e+00
4.183000000000000000e+04,4.776057898998260498e-01,6.037735849056603543e-01,2.555363774299621582e-01,0.000000000000000000e+00
4.184000000000000000e+04,4.693765044212341309e-01,6.132075471698112956e-01,2.205583751201629639e-01,0.000000000000000000e+00
4.185000000000000000e+04,4.761948287487030029e-01,5.943396226415094130e-01,2.274143099784851074e-01,0.000000000000000000e+00
4.186000000000000000e+04,4.676294326782226562e-01,5.754716981132075304e-01,2.092159241437911987e-01,0.000000000000000000e+00
4.187000000000000000e+04,4.688405692577362061e-01,6.226415094339622369e-01,2.084120810031890869e-01,0.000000000000000000e+00
4.188000000000000000e+04,4.767773151397705078e-01,6.226415094339622369e-01,2.131423354148864746e-01,0.000000000000000000e+00
4.189000000000000000e+04,4.699533581733703613e-01,5.849056603773584717e-01,2.444333434104919434e-01,0.000000000000000000e+00
4.190000000000000000e+04,4.965557754039764404e-01,5.943396226415094130e-01,2.405782938003540039e-01,0.000000000000000000e+00
4.191000000000000000e+04,4.834674596786499023e-01,6.037735849056603543e-01,2.238134443759918213e-01,0.000000000000000000e+00
4.192000000000000000e+04,4.983974695205688477e-01,5.943396226415094130e-01,2.374614328145980835e-01,0.000000000000000000e+00
4.193000000000000000e+04,4.831711947917938232e-01,5.943396226415094130e-01,2.250327169895172119e-01,0.000000000000000000e+00
4.194000000000000000e+04,4.673312008380889893e-01,6.132075471698112956e-01,1.865033954381942749e-01,0.000000000000000000e+00
4.195000000000000000e+04,4.828269183635711670e-01,5.943396226415094130e-01,1.964969635009765625e-01,0.000000000000000000e+00
4.196000000000000000e+04,4.728390574455261230e-01,6.132075471698112956e-01,1.761551201343536377e-01,0.000000000000000000e+00
4.197000000000000000e+04,4.830860197544097900e-01,6.320754716981131782e-01,2.016223818063735962e-01,0.000000000000000000e+00
4.198000000000000000e+04,4.859481453895568848e-01,6.037735849056603543e-01,2.100214362144470215e-01,0.000000000000000000e+00
4.199000000000000000e+04,4.751557111740112305e-01,6.415094339622641195e-01,1.819315552711486816e-01,0.000000000000000000e+00
4.200000000000000000e+04,4.655295014381408691e-01,6.037735849056603543e-01,1.488465517759323120e-01,0.000000000000000000e+00
4.201000000000000000e+04,4.748497009277343750e-01,6.132075471698112956e-01,1.756777614355087280e-01,0.000000000000000000e+00
4.202000000000000000e+04,4.639946818351745605e-01,5.849056603773584717e-01,1.803551316261291504e-01,0.000000000000000000e+00
4.203000000000000000e+04,4.631683230400085449e-01,6.226415094339622369e-01,1.763582676649093628e-01,0.000000000000000000e+00
4.204000000000000000e+04,4.711360931396484375e-01,5.754716981132075304e-01,1.790596097707748413e-01,0.000000000000000000e+00
4.205000000000000000e+04,4.991922676563262939e-01,6.226415094339622369e-01,2.136446386575698853e-01,0.000000000000000000e+00
4.206000000000000000e+04,4.803175032138824463e-01,6.226415094339622369e-01,1.980709731578826904e-01,0.000000000000000000e+00
4.207000000000000000e+04,4.937646389007568359e-01,5.943396226415094130e-01,2.011513561010360718e-01,0.000000000000000000e+00
4.208000000000000000e+04,4.554855525493621826e-01,5.943396226415094130e-01,1.640453487634658813e-01,0.000000000000000000e+00
4.209000000000000000e+04,4.550753533840179443e-01,5.849056603773584717e-01,1.984076797962188721e-01,0.000000000000000000e+00
4.210000000000000000e+04,4.740627706050872803e-01,6.226415094339622369e-01,2.058090418577194214e-01,0.000000000000000000e+00
4.211000000000000000e+04,4.825419187545776367e-01,5.943396226415094130e-01,2.368062883615493774e-01,0.000000000000000000e+00
4.212000000000000000e+04,4.736827313899993896e-01,5.943396226415094130e-01,2.121009230613708496e-01,0.000000000000000000e+00
4.213000000000000000e+04,4.568138718605041504e-01,6.037735849056603543e-01,1.642661690711975098e-01,0.000000000000000000e+00
4.214000000000000000e+04,4.451678693294525146e-01,6.037735849056603543e-01,1.719058305025100708e-01,0.000000000000000000e+00
4.215000000000000000e+04,4.647414386272430420e-01,6.132075471698112956e-01,1.754480600357055664e-01,0.000000000000000000e+00
4.216000000000000000e+04,4.728967249393463135e-01,6.226415094339622369e-01,1.925024986267089844e-01,0.000000000000000000e+00
4.217000000000000000e+04,4.597095847129821777e-01,6.226415094339622369e-01,1.988929212093353271e-01,0.000000000000000000e+00
4.218000000000000000e+04,4.730623662471771240e-01,6.132075471698112956e-01,2.012723088264465332e-01,0.000000000000000000e+00
4.219000000000000000e+04,4.792629480361938477e-01,6.132075471698112956e-01,2.207647413015365601e-01,0.000000000000000000e+00
4.220000000000000000e+04,4.891897141933441162e-01,5.754716981132075304e-01,2.269175648689270020e-01,0.000000000000000000e+00
4.221000000000000000e+04,4.829449951648712158e-01,5.754716981132075304e-01,2.132816463708877563e-01,0.000000000000000000e+00
4.222000000000000000e+04,5.030726194381713867e-01,5.660377358490565891e-01,2.336166650056838989e-01,0.000000000000000000e+00
4.223000000000000000e+04,5.135210752487182617e-01,5.943396226415094130e-01,2.192772775888442993e-01,0.000000000000000000e+00
4.224000000000000000e+04,5.100055932998657227e-01,6.132075471698112956e-01,2.252294123172760010e-01,0.000000000000000000e+00
4.225000000000000000e+04,4.814120233058929443e-01,5.943396226415094130e-01,2.182608991861343384e-01,0.000000000000000000e+00
4.226000000000000000e+04,4.774766862392425537e-01,6.037735849056603543e-01,2.080861628055572510e-01,0.000000000000000000e+00
4.227000000000000000e+04,4.844403862953186035e-01,6.132075471698112956e-01,1.973955035209655762e-01,0.000000000000000000e+00
4.228000000000000000e+04,4.841746389865875244e-01,5.849056603773584717e-01,2.495812028646469116e-01,0.000000000000000000e+00
4.229000000000000000e+04,4.635023474693298340e-01,5.754716981132075304e-01,1.945056617259979248e-01,0.000000000000000000e+00
4.230000000000000000e+04,4.585560560226440430e-01,6.132075471698112956e-01,1.845118552446365356e-01,0.000000000000000000e+00
4.231000000000000000e+04,4.599910378456115723e-01,6.226415094339622369e-01,1.742040812969207764e-01,0.000000000000000000e+00
4.232000000000000000e+04,4.519396126270294189e-01,6.037735849056603543e-01,1.752034127712249756e-01,0.000000000000000000e+00
4.233000000000000000e+04,4.426898658275604248e-01,6.037735849056603543e-01,1.744102090597152710e-01,0.000000000000000000e+00
4.234000000000000000e+04,4.494646191596984863e-01,6.132075471698112956e-01,1.951142847537994385e-01,0.000000000000000000e+00
4.235000000000000000e+04,4.713111221790313721e-01,6.037735849056603543e-01,2.124584019184112549e-01,0.000000000000000000e+00
4.236000000000000000e+04,4.771096706390380859e-01,6.415094339622641195e-01,1.993781030178070068e-01,0.000000000000000000e+00
4.237000000000000000e+04,4.683552086353302002e-01,6.132075471698112956e-01,1.979993283748626709e-01,0.000000000000000000e+00
4.238000000000000000e+04,4.751488566398620605e-01,6.132075471698112956e-01,2.090915292501449585e-01,0.000000000000000000e+00
4.239000000000000000e+04,4.810115396976470947e-01,6.037735849056603543e-01,2.173556089401245117e-01,0.000000000000000000e+00
4.240000000000000000e+04,4.770639240741729736e-01,5.943396226415094130e-01,2.171630561351776123e-01,0.000000000000000000e+00
4.241000000000000000e+04,4.676378369331359863e-01,6.132075471698112956e-01,2.038450986146926880e-01,0.000000000000000000e+00
4.242000000000000000e+04,4.822407066822052002e-01,6.037735849056603543e-01,2.215715795755386353e-01,0.000000000000000000e+00
4.243000000000000000e+04,4.954175055027008057e-01,5.943396226415094130e-01,2.236869931221008301e-01,0.000000000000000000e+00
4.244000000000000000e+04,4.883183240890502930e-01,6.037735849056603543e-01,2.227822840213775635e-01,0.000000000000000000e+00
4.245000000000000000e+04,4.855828285217285156e-01,5.849056603773584717e-01,2.153929322957992554e-01,0.000000000000000000e+00
4.246000000000000000e+04,4.778426587581634521e-01,5.943396226415094130e-01,2.335881292819976807e-01,0.000000000000000000e+00
4.247000000000000000e+04,4.880331754684448242e-01,5.943396226415094130e-01,2.314266711473464966e-01,0.000000000000000000e+00
4.248000000000000000e+04,4.883041679859161377e-01,5.943396226415094130e-01,2.224089503288269043e-01,0.000000000000000000e+00
4.249000000000000000e+04,5.082242488861083984e-01,5.660377358490565891e-01,2.736211717128753662e-01,0.000000000000000000e+00
4.250000000000000000e+04,4.913634657859802246e-01,5.754716981132075304e-01,2.441490441560745239e-01,0.000000000000000000e+00
4.251000000000000000e+04,5.011320710182189941e-01,6.037735849056603543e-01,2.647739648818969727e-01,0.000000000000000000e+00
4.252000000000000000e+04,5.026023387908935547e-01,5.943396226415094130e-01,2.711359858512878418e-01,0.000000000000000000e+00
4.253000000000000000e+04,5.036156177520751953e-01,5.943396226415094130e-01,2.725966870784759521e-01,0.000000000000000000e+00
4.254000000000000000e+04,4.934471249580383301e-01,5.943396226415094130e-01,2.574163079261779785e-01,0.000000000000000000e+00
4.255000000000000000e+04,5.206845402717590332e-01,5.754716981132075304e-01,2.709064781665802002e-01,0.000000000000000000e+00
4.256000000000000000e+04,5.441854596138000488e-01,5.943396226415094130e-01,2.971505820751190186e-01,0.000000000000000000e+00
4.257000000000000000e+04,5.269200205802917480e-01,5.943396226415094130e-01,2.773168087005615234e-01,0.000000000000000000e+00
4.258000000000000000e+04,5.134198665618896484e-01,6.132075471698112956e-01,2.721786499023437500e-01,0.000000000000000000e+00
4.259000000000000000e+04,5.039845108985900879e-01,6.037735849056603543e-01,2.526043057441711426e-01,0.000000000000000000e+00
4.260000000000000000e+04,5.273032188415527344e-01,5.943396226415094130e-01,2.744899392127990723e-01,0.000000000000000000e+00
4.261000000000000000e+04,5.298717617988586426e-01,5.471698113207547065e-01,2.798160314559936523e-01,0.000000000000000000e+00
4.262000000000000000e+04,5.182536840438842773e-01,5.754716981132075304e-01,2.691858112812042236e-01,0.000000000000000000e+00
4.263000000000000000e+04,5.275464653968811035e-01,6.132075471698112956e-01,2.638278007507324219e-01,0.000000000000000000e+00
4.264000000000000000e+04,5.244057178497314453e-01,6.226415094339622369e-01,2.602998912334442139e-01,0.000000000000000000e+00
4.265000000000000000e+04,5.349057912826538086e-01,5.754716981132075304e-01,2.699595987796783447e-01,0.000000000000000000e+00
4.266000000000000000e+04,5.253015756607055664e-01,5.943396226415094130e-01,2.846672832965850830e-01,0.000000000000000000e+00
4.267000000000000000e+04,5.359992384910583496e-01,6.132075471698112956e-01,2.622646987438201904e-01,0.000000000000000000e+00
4.268000000000000000e+04,5.359882116317749023e-01,5.943396226415094130e-01,2.637507319450378418e-01,0.000000000000000000e+00
4.269000000000000000e+04,5.270589590072631836e-01,6.132075471698112956e-01,2.731433212757110596e-01,0.000000000000000000e+00
4.270000000000000000e+04,5.313802957534790039e-01,6.132075471698112956e-01,2.552397847175598145e-01,0.000000000000000000e+00
4.271000000000000000e+04,5.295194387435913086e-01,6.037735849056603543e-01,2.574792802333831787e-01,0.000000000000000000e+00
4.272000000000000000e+04,5.287063121795654297e-01,6.132075471698112956e-01,2.494028061628341675e-01,0.000000000000000000e+00
4.273000000000000000e+04,5.212790369987487793e-01,6.037735849056603543e-01,2.403224110603332520e-01,0.000000000000000000e+00
4.274000000000000000e+04,5.040742158889770508e-01,5.849056603773584717e-01,2.405738085508346558e-01,0.000000000000000000e+00
4.275000000000000000e+04,5.024434328079223633e-01,5.754716981132075304e-01,2.560352087020874023e-01,0.000000000000000000e+00
4.276000000000000000e+04,4.883530139923095703e-01,5.660377358490565891e-01,2.581266760826110840e-01,0.000000000000000000e+00
4.277000000000000000e+04,5.076701641082763672e-01,5.660377358490565891e-01,2.656132280826568604e-01,0.000000000000000000e+00
4.278000000000000000e+04,5.146188735961914062e-01,5.754716981132075304e-01,2.649540901184082031e-01,0.000000000000000000e+00
4.279000000000000000e+04,4.953874051570892334e-01,5.849056603773584717e-01,2.454633414745330811e-01,0.000000000000000000e+00
4.280000000000000000e+04,5.105145573616027832e-01,5.283018867924528239e-01,2.834534645080566406e-01,0.000000000000000000e+00
4.281000000000000000e+04,5.134241580963134766e-01,5.754716981132075304e-01,2.574911713600158691e-01,0.000000000000000000e+00
4.282000000000000000e+04,5.062675476074218750e-01,5.849056603773584717e-01,2.535609900951385498e-01,0.000000000000000000e+00
4.283000000000000000e+04,5.070917606353759766e-01,5.566037735849056478e-01,2.843003571033477783e-01,0.000000000000000000e+00
4.284000000000000000e+04,5.126016139984130859e-01,5.471698113207547065e-01,2.587503790855407715e-01,0.000000000000000000e+00
4.285000000000000000e+04,5.121442675590515137e-01,5.943396226415094130e-01,2.772349417209625244e-01,0.000000000000000000e+00
4.286000000000000000e+04,5.204278826713562012e-01,5.471698113207547065e-01,2.880249321460723877e-01,0.000000000000000000e+00
4.287000000000000000e+04,5.259882211685180664e-01,5.471698113207547065e-01,2.764610350131988525e-01,0.000000000000000000e+00
4.288000000000000000e+04,5.076519250869750977e-01,5.566037735849056478e-01,2.546507418155670166e-01,0.000000000000000000e+00
4.289000000000000000e+04,5.037506222724914551e-01,5.943396226415094130e-01,2.136916071176528931e-01,0.000000000000000000e+00
4.290000000000000000e+04,5.033845901489257812e-01,5.754716981132075304e-01,2.246516942977905273e-01,0.000000000000000000e+00
4.291000000000000000e+04,4.961169362068176270e-01,5.660377358490565891e-01,2.041471451520919800e-01,0.000000000000000000e+00
4.292000000000000000e+04,4.943016767501831055e-01,6.037735849056603543e-01,2.007407993078231812e-01,0.000000000000000000e+00
4.293000000000000000e+04,4.948331117630004883e-01,6.037735849056603543e-01,2.205825448036193848e-01,0.000000000000000000e+00
4.294000000000000000e+04,4.926043152809143066e-01,6.037735849056603543e-01,2.419587373733520508e-01,0.000000000000000000e+00
4.295000000000000000e+04,5.042612552642822266e-01,5.566037735849056478e-01,2.161978334188461304e-01,0.000000000000000000e+00
4.296000000000000000e+04,5.077388286590576172e-01,6.132075471698112956e-01,2.374743819236755371e-01,0.000000000000000000e+00
4.297000000000000000e+04,4.893793463706970215e-01,5.943396226415094130e-01,2.164096087217330933e-01,0.000000000000000000e+00
4.298000000000000000e+04,5.004878044128417969e-01,5.566037735849056478e-01,2.559542357921600342e-01,0.000000000000000000e+00
4.299000000000000000e+04,4.978196322917938232e-01,5.660377358490565891e-01,2.429831773042678833e-01,0.000000000000000000e+00
4.300000000000000000e+04,4.806241989135742188e-01,6.037735849056603543e-01,2.108144015073776245e-01,0.000000000000000000e+00
4.301000000000000000e+04,4.834514558315277100e-01,5.754716981132075304e-01,2.040459811687469482e-01,0.000000000000000000e+00
4.302000000000000000e+04,4.762333631515502930e-01,6.037735849056603543e-01,2.186701148748397827e-01,0.000000000000000000e+00
4.303000000000000000e+04,4.678703844547271729e-01,6.226415094339622369e-01,1.975421905517578125e-01,0.000000000000000000e+00
4.304000000000000000e+04,4.736696183681488037e-01,5.660377358490565891e-01,2.295834273099899292e-01,0.000000000000000000e+00
4.305000000000000000e+04,4.750932753086090088e-01,5.849056603773584717e-01,2.066165655851364136e-01,0.000000000000000000e+00
4.306000000000000000e+04,5.048977732658386230e-01,6.132075471698112956e-01,2.101598531007766724e-01,0.000000000000000000e+00
4.307000000000000000e+04,4.941596984863281250e-01,6.132075471698112956e-01,2.365871965885162354e-01,0.000000000000000000e+00
4.308000000000000000e+04,4.683826863765716553e-01,5.943396226415094130e-01,2.338630110025405884e-01,0.000000000000000000e+00
4.309000000000000000e+04,4.795356392860412598e-01,6.037735849056603543e-01,2.304217815399169922e-01,0.000000000000000000e+00
4.310000000000000000e+04,4.483789503574371338e-01,6.132075471698112956e-01,1.833657175302505493e-01,0.000000000000000000e+00
4.311000000000000000e+04,4.636421203613281250e-01,5.943396226415094130e-01,2.098238468170166016e-01,0.000000000000000000e+00
4.312000000000000000e+04,4.577807486057281494e-01,5.943396226415094130e-01,1.966203749179840088e-01,0.000000000000000000e+00
4.313000000000000000e+04,4.631624519824981689e-01,6.037735849056603543e-01,1.940214633941650391e-01,0.000000000000000000e+00
4.314000000000000000e+04,4.747816622257232666e-01,5.754716981132075304e-01,2.217455804347991943e-01,0.000000000000000000e+00
4.315000000000000000e+04,4.880121052265167236e-01,5.754716981132075304e-01,2.541635334491729736e-01,0.000000000000000000e+00
4.316000000000000000e+04,4.583629071712493896e-01,5.849056603773584717e-01,2.265553027391433716e-01,0.000000000000000000e+00
4.317000000000000000e+04,4.733713269233703613e-01,6.226415094339622369e-01,2.295705229043960571e-01,0.000000000000000000e+00
4.318000000000000000e+04,4.783662855625152588e-01,6.037735849056603543e-01,2.235286235809326172e-01,0.000000000000000000e+00
4.319000000000000000e+04,4.884213209152221680e-01,5.849056603773584717e-01,2.511182427406311035e-01,0.000000000000000000e+00
4.320000000000000000e+04,5.185499191284179688e-01,5.943396226415094130e-01,2.800229787826538086e-01,0.000000000000000000e+00
4.321000000000000000e+04,5.199209451675415039e-01,5.849056603773584717e-01,2.780416309833526611e-01,0.000000000000000000e+00
4.322000000000000000e+04,5.103216171264648438e-01,5.943396226415094130e-01,2.643400132656097412e-01,0.000000000000000000e+00
4.323000000000000000e+04,5.057560801506042480e-01,5.943396226415094130e-01,2.442584186792373657e-01,0.000000000000000000e+00
4.324000000000000000e+04,5.076895356178283691e-01,5.849056603773584717e-01,2.567193508148193359e-01,0.000000000000000000e+00
4.325000000000000000e+04,5.111397504806518555e-01,5.754716981132075304e-01,2.504558265209197998e-01,0.000000000000000000e+00
4.326000000000000000e+04,5.178268551826477051e-01,5.849056603773584717e-01,2.636383175849914551e-01,0.000000000000000000e+00
4.327000000000000000e+04,5.343289375305175781e-01,5.660377358490565891e-01,2.837855517864227295e-01,0.000000000000000000e+00
4.328000000000000000e+04,5.000524520874023438e-01,5.566037735849056478e-01,2.726197838783264160e-01,0.000000000000000000e+00
4.329000000000000000e+04,5.086365938186645508e-01,5.849056603773584717e-01,2.664904892444610596e-01,0.000000000000000000e+00
4.330000000000000000e+04,5.099894404411315918e-01,5.754716981132075304e-01,2.668074071407318115e-01,0.000000000000000000e+00
4.331000000000000000e+04,4.887881577014923096e-01,5.943396226415094130e-01,2.446683943271636963e-01,0.000000000000000000e+00
4.332000000000000000e+04,4.739318490028381348e-01,6.037735849056603543e-01,2.128989398479461670e-01,0.000000000000000000e+00
4.333000000000000000e+04,5.044966936111450195e-01,5.754716981132075304e-01,2.361648827791213989e-01,0.000000000000000000e+00
4.334000000000000000e+04,5.071874856948852539e-01,5.754716981132075304e-01,2.367444187402725220e-01,0.000000000000000000e+00
4.335000000000000000e+04,5.085785388946533203e-01,5.754716981132075304e-01,2.494549900293350220e-01,0.000000000000000000e+00
4.336000000000000000e+04,5.143234133720397949e-01,5.660377358490565891e-01,2.282304614782333374e-01,0.000000000000000000e+00
4.337000000000000000e+04,5.204066634178161621e-01,5.849056603773584717e-01,2.378843575716018677e-01,0.000000000000000000e+00
4.338000000000000000e+04,5.134514570236206055e-01,5.754716981132075304e-01,2.172530144453048706e-01,0.000000000000000000e+00
4.339000000000000000e+04,5.069950222969055176e-01,6.226415094339622369e-01,2.132934778928756714e-01,0.000000000000000000e+00
4.340000000000000000e+04,4.929595589637756348e-01,5.849056603773584717e-01,2.126583158969879150e-01,0.000000000000000000e+00
4.341000000000000000e+04,4.926407337188720703e-01,5.943396226415094130e-01,2.315701693296432495e-01,0.000000000000000000e+00
4.342000000000000000e+04,4.876644015312194824e-01,5.754716981132075304e-01,2.190632820129394531e-01,0.000000000000000000e+00
4.343000000000000000e+04,5.038223266601562500e-01,5.471698113207547065e-01,2.540771961212158203e-01,0.000000000000000000e+00
4.344000000000000000e+04,5.053097009658813477e-01,5.754716981132075304e-01,2.493605166673660278e-01,0.000000000000000000e+00
4.345000000000000000e+04,5.071136355400085449e-01,5.943396226415094130e-01,2.386421114206314087e-01,0.000000000000000000e+00
4.346000000000000000e+04,4.889462888240814209e-01,6.037735849056603543e-01,2.170659601688385010e-01,0.000000000000000000e+00
4.347000000000000000e+04,4.846098124980926514e-01,5.754716981132075304e-01,2.303337156772613525e-01,0.000000000000000000e+00
4.348000000000000000e+04,4.794697463512420654e-01,5.660377358490565891e-01,2.170792669057846069e-01,0.000000000000000000e+00
4.349000000000000000e+04,4.765743017196655273e-01,5.660377358490565891e-01,2.087150663137435913e-01,0.000000000000000000e+00
4.350000000000000000e+04,4.869851768016815186e-01,5.943396226415094130e-01,2.292752265930175781e-01,0.000000000000000000e+00
4.351000000000000000e+04,4.969521760940551758e-01,5.754716981132075304e-01,2.657233774662017822e-01,0.000000000000000000e+00
4.352000000000000000e+04,4.781203567981719971e-01,5.471698113207547065e-01,2.402527928352355957e-01,0.000000000000000000e+00
4.353000000000000000e+04,4.814657270908355713e-01,5.660377358490565891e-01,2.352981865406036377e-01,0.000000000000000000e+00
4.354000000000000000e+04,4.709843397140502930e-01,5.849056603773584717e-01,2.202978879213333130e-01,0.000000000000000000e+00
4.355000000000000000e+04,4.745490849018096924e-01,5.754716981132075304e-01,2.288512140512466431e-01,0.000000000000000000e+00
4.356000000000000000e+04,4.952436983585357666e-01,5.471698113207547065e-01,2.458620369434356689e-01,0.000000000000000000e+00
4.357000000000000000e+04,5.135662555694580078e-01,5.471698113207547065e-01,2.643519341945648193e-01,0.000000000000000000e+00
4.358000000000000000e+04,5.004851818084716797e-01,5.566037735849056478e-01,2.587359249591827393e-01,0.000000000000000000e+00
4.359000000000000000e+04,5.024211406707763672e-01,5.660377358490565891e-01,2.308978289365768433e-01,0.000000000000000000e+00
4.360000000000000000e+04,5.126524567604064941e-01,5.566037735849056478e-01,2.346574068069458008e-01,0.000000000000000000e+00
4.361000000000000000e+04,5.106117129325866699e-01,5.943396226415094130e-01,2.310801297426223755e-01,0.000000000000000000e+00
4.362000000000000000e+04,5.218285918235778809e-01,5.943396226415094130e-01,2.271189987659454346e-01,0.000000000000000000e+00
4.363000000000000000e+04,5.407110452651977539e-01,5.754716981132075304e-01,2.514609694480895996e-01,0.000000000000000000e+00
4.364000000000000000e+04,5.212886929512023926e-01,5.660377358490565891e-01,2.357955724000930786e-01,0.000000000000000000e+00
4.365000000000000000e+04,5.084291100502014160e-01,5.754716981132075304e-01,2.304163277149200439e-01,0.000000000000000000e+00
4.366000000000000000e+04,5.229011178016662598e-01,5.943396226415094130e-01,2.698749005794525146e-01,0.000000000000000000e+00
4.367000000000000000e+04,5.276209115982055664e-01,5.471698113207547065e-01,2.497955411672592163e-01,0.000000000000000000e+00
4.368000000000000000e+04,5.289276838302612305e-01,5.660377358490565891e-01,2.454932481050491333e-01,0.000000000000000000e+00
4.369000000000000000e+04,5.153274536132812500e-01,6.132075471698112956e-01,2.433081418275833130e-01,0.000000000000000000e+00
4.370000000000000000e+04,5.049593448638916016e-01,5.943396226415094130e-01,2.425703555345535278e-01,0.000000000000000000e+00
4.371000000000000000e+04,5.258779525756835938e-01,6.132075471698112956e-01,2.636165022850036621e-01,0.000000000000000000e+00
4.372000000000000000e+04,5.195404291152954102e-01,5.566037735849056478e-01,2.392156720161437988e-01,0.000000000000000000e+00
4.373000000000000000e+04,5.148420929908752441e-01,5.754716981132075304e-01,2.614110410213470459e-01,0.000000000000000000e+00
4.374000000000000000e+04,5.034993290901184082e-01,5.849056603773584717e-01,2.581663727760314941e-01,0.000000000000000000e+00
4.375000000000000000e+04,4.780555367469787598e-01,6.037735849056603543e-01,2.278602570295333862e-01,0.000000000000000000e+00
4.376000000000000000e+04,4.778685271739959717e-01,6.132075471698112956e-01,2.317911982536315918e-01,0.000000000000000000e+00
4.377000000000000000e+04,5.006722807884216309e-01,6.037735849056603543e-01,2.568144798278808594e-01,0.000000000000000000e+00
4.378000000000000000e+04,5.004379749298095703e-01,5.849056603773584717e-01,2.482512891292572021e-01,0.000000000000000000e+00
4.379000000000000000e+04,5.099589824676513672e-01,5.754716981132075304e-01,2.482236623764038086e-01,0.000000000000000000e+00
4.380000000000000000e+04,4.979475438594818115e-01,5.943396226415094130e-01,2.337334901094436646e-01,0.000000000000000000e+00
4.381000000000000000e+04,4.915928244590759277e-01,6.226415094339622369e-01,2.449209243059158325e-01,0.000000000000000000e+00
4.382000000000000000e+04,5.078072547912597656e-01,5.754716981132075304e-01,2.723579406738281250e-01,0.000000000000000000e+00
4.383000000000000000e+04,5.229938030242919922e-01,5.660377358490565891e-01,2.752344608306884766e-01,0.000000000000000000e+00
4.384000000000000000e+04,4.947746694087982178e-01,5.943396226415094130e-01,2.379922866821289062e-01,0.000000000000000000e+00
4.385000000000000000e+04,5.264467597007751465e-01,5.849056603773584717e-01,2.417588979005813599e-01,0.000000000000000000e+00
4.386000000000000000e+04,5.319225192070007324e-01,5.471698113207547065e-01,2.649086415767669678e-01,0.000000000000000000e+00
4.387000000000000000e+04,5.141535997390747070e-01,5.943396226415094130e-01,2.331104278564453125e-01,0.000000000000000000e+00
4.388000000000000000e+04,5.272330641746520996e-01,5.754716981132075304e-01,2.781408429145812988e-01,0.000000000000000000e+00
4.389000000000000000e+04,5.318754911422729492e-01,5.377358490566037652e-01,2.585400640964508057e-01,0.000000000000000000e+00
4.390000000000000000e+04,5.022442340850830078e-01,5.754716981132075304e-01,2.561344206333160400e-01,0.000000000000000000e+00
4.391000000000000000e+04,4.930141270160675049e-01,5.471698113207547065e-01,2.396131008863449097e-01,0.000000000000000000e+00
4.392000000000000000e+04,4.672622382640838623e-01,5.754716981132075304e-01,2.256077378988265991e-01,0.000000000000000000e+00
4.393000000000000000e+04,4.696068167686462402e-01,5.943396226415094130e-01,2.184582203626632690e-01,0.000000000000000000e+00
4.394000000000000000e+04,4.939682483673095703e-01,5.754716981132075304e-01,2.182235568761825562e-01,0.000000000000000000e+00
4.395000000000000000e+04,5.037065744400024414e-01,5.660377358490565891e-01,2.399879395961761475e-01,0.000000000000000000e+00
4.396000000000000000e+04,5.038949251174926758e-01,6.132075471698112956e-01,2.258360683917999268e-01,0.000000000000000000e+00
4.397000000000000000e+04,5.014325380325317383e-01,5.849056603773584717e-01,2.240036576986312866e-01,0.000000000000000000e+00
4.398000000000000000e+04,5.245857834815979004e-01,5.660377358490565891e-01,2.552300691604614258e-01,0.000000000000000000e+00
4.399000000000000000e+04,5.108212828636169434e-01,5.849056603773584717e-01,2.135423719882965088e-01,0.000000000000000000e+00
4.400000000000000000e+04,4.948678314685821533e-01,5.849056603773584717e-01,2.337742894887924194e-01,0.000000000000000000e+00
4.401000000000000000e+04,5.087013244628906250e-01,5.660377358490565891e-01,2.427590340375900269e-01,0.000000000000000000e+00
4.402000000000000000e+04,4.992451667785644531e-01,5.754716981132075304e-01,2.314558327198028564e-01,0.000000000000000000e+00
4.403000000000000000e+04,5.042830705642700195e-01,5.849056603773584717e-01,2.140022665262222290e-01,0.000000000000000000e+00
4.404000000000000000e+04,5.053719282150268555e-01,5.660377358490565891e-01,2.437973767518997192e-01,0.000000000000000000e+00
4.405000000000000000e+04,5.261282324790954590e-01,5.849056603773584717e-01,2.562963962554931641e-01,0.000000000000000000e+00
4.406000000000000000e+04,5.012084841728210449e-01,5.943396226415094130e-01,2.270161360502243042e-01,0.000000000000000000e+00
4.407000000000000000e+04,5.020423531532287598e-01,5.943396226415094130e-01,2.326728850603103638e-01,0.000000000000000000e+00
4.408000000000000000e+04,5.177513957023620605e-01,5.660377358490565891e-01,2.492811083793640137e-01,0.000000000000000000e+00
4.409000000000000000e+04,5.157005786895751953e-01,6.132075471698112956e-01,2.428339570760726929e-01,0.000000000000000000e+00
4.410000000000000000e+04,5.062705874443054199e-01,6.132075471698112956e-01,2.332226485013961792e-01,0.000000000000000000e+00
4.411000000000000000e+04,5.006397366523742676e-01,5.660377358490565891e-01,2.169110178947448730e-01,0.000000000000000000e+00
4.412000000000000000e+04,5.035316348075866699e-01,5.943396226415094130e-01,2.302075028419494629e-01,0.000000000000000000e+00
4.413000000000000000e+04,5.174829363822937012e-01,5.849056603773584717e-01,2.422329783439636230e-01,0.000000000000000000e+00
4.414000000000000000e+04,5.169672369956970215e-01,6.037735849056603543e-01,2.472294270992279053e-01,0.000000000000000000e+00
4.415000000000000000e+04,5.122480392456054688e-01,5.660377358490565891e-01,2.270325720310211182e-01,0.000000000000000000e+00
4.416000000000000000e+04,5.340554714202880859e-01,5.660377358490565891e-01,2.498903423547744751e-01,0.000000000000000000e+00
4.417000000000000000e+04,5.051494836807250977e-01,5.943396226415094130e-01,2.383207380771636963e-01,0.000000000000000000e+00
4.418000000000000000e+04,5.306481122970581055e-01,5.660377358490565891e-01,2.542377412319183350e-01,0.000000000000000000e+00
4.419000000000000000e+04,5.079973936080932617e-01,6.132075471698112956e-01,2.240436524152755737e-01,0.000000000000000000e+00
4.420000000000000000e+04,5.129398703575134277e-01,5.943396226415094130e-01,2.252750098705291748e-01,0.000000000000000000e+00
4.421000000000000000e+04,5.101118683815002441e-01,5.943396226415094130e-01,2.070135027170181274e-01,0.000000000000000000e+00
4.422000000000000000e+04,4.960618019104003906e-01,5.943396226415094130e-01,2.242370098829269409e-01,0.000000000000000000e+00
4.423000000000000000e+04,5.254202485084533691e-01,6.037735849056603543e-01,2.334780246019363403e-01,0.000000000000000000e+00
4.424000000000000000e+04,5.033318996429443359e-01,5.943396226415094130e-01,2.322851270437240601e-01,0.000000000000000000e+00
4.425000000000000000e+04,4.872079789638519287e-01,5.943396226415094130e-01,2.129247784614562988e-01,0.000000000000000000e+00
4.426000000000000000e+04,4.698405861854553223e-01,6.132075471698112956e-01,1.737418770790100098e-01,0.000000000000000000e+00
4.427000000000000000e+04,4.920052289962768555e-01,5.943396226415094130e-01,2.264713943004608154e-01,0.000000000000000000e+00
4.428000000000000000e+04,5.073877573013305664e-01,5.754716981132075304e-01,1.968919038772583008e-01,0.000000000000000000e+00
4.429000000000000000e+04,4.921075999736785889e-01,6.037735849056603543e-01,2.038212865591049194e-01,0.000000000000000000e+00
4.430000000000000000e+04,5.036993622779846191e-01,5.849056603773584717e-01,2.396169751882553101e-01,0.000000000000000000e+00
4.431000000000000000e+04,5.016036629676818848e-01,5.849056603773584717e-01,2.229940444231033325e-01,0.000000000000000000e+00
4.432000000000000000e+04,4.978965818881988525e-01,5.943396226415094130e-01,2.224595844745635986e-01,0.000000000000000000e+00
4.433000000000000000e+04,4.841650128364562988e-01,5.943396226415094130e-01,2.195308953523635864e-01,0.000000000000000000e+00
4.434000000000000000e+04,4.791372120380401611e-01,5.754716981132075304e-01,2.167953550815582275e-01,0.000000000000000000e+00
4.435000000000000000e+04,4.704123735427856445e-01,5.754716981132075304e-01,1.946573704481124878e-01,0.000000000000000000e+00
4.436000000000000000e+04,4.636324346065521240e-01,5.754716981132075304e-01,2.190323919057846069e-01,0.000000000000000000e+00
4.437000000000000000e+04,4.844525158405303955e-01,5.754716981132075304e-01,2.098448425531387329e-01,0.000000000000000000e+00
4.438000000000000000e+04,4.893880188465118408e-01,5.660377358490565891e-01,2.156057059764862061e-01,0.000000000000000000e+00
4.439000000000000000e+04,5.066534280776977539e-01,6.132075471698112956e-01,2.381433695554733276e-01,0.000000000000000000e+00
4.440000000000000000e+04,4.962486624717712402e-01,5.943396226415094130e-01,2.035057395696640015e-01,0.000000000000000000e+00
4.441000000000000000e+04,4.984784424304962158e-01,5.849056603773584717e-01,2.220239192247390747e-01,0.000000000000000000e+00
4.442000000000000000e+04,5.008642077445983887e-01,6.132075471698112956e-01,2.417398095130920410e-01,0.000000000000000000e+00
4.443000000000000000e+04,4.952274858951568604e-01,5.754716981132075304e-01,2.202243655920028687e-01,0.000000000000000000e+00
4.444000000000000000e+04,4.866925776004791260e-01,5.849056603773584717e-01,2.065441906452178955e-01,0.000000000000000000e+00
4.445000000000000000e+04,4.930148422718048096e-01,5.849056603773584717e-01,2.283782213926315308e-01,0.000000000000000000e+00
4.446000000000000000e+04,4.997059702873229980e-01,6.132075471698112956e-01,2.268668562173843384e-01,0.000000000000000000e+00
4.447000000000000000e+04,5.006475448608398438e-01,5.849056603773584717e-01,2.341117858886718750e-01,0.000000000000000000e+00
4.448000000000000000e+04,5.234293937683105469e-01,5.660377358490565891e-01,2.362032383680343628e-01,0.000000000000000000e+00
4.449000000000000000e+04,5.122447609901428223e-01,5.943396226415094130e-01,2.165311127901077271e-01,0.000000000000000000e+00
4.450000000000000000e+04,5.014377236366271973e-01,5.849056603773584717e-01,2.030520141124725342e-01,0.000000000000000000e+00
4.451000000000000000e+04,5.096634030342102051e-01,6.132075471698112956e-01,2.124665230512619019e-01,0.000000000000000000e+00
4.452000000000000000e+04,5.045030117034912109e-01,6.037735849056603543e-01,2.347997575998306274e-01,0.000000000000000000e+00
4.453000000000000000e+04,4.969655573368072510e-01,5.660377358490565891e-01,2.199467569589614868e-01,0.000000000000000000e+00
4.454000000000000000e+04,4.907922148704528809e-01,5.660377358490565891e-01,2.339520603418350220e-01,0.000000000000000000e+00
4.455000000000000000e+04,4.932264387607574463e-01,5.849056603773584717e-01,2.255682349205017090e-01,0.000000000000000000e+00
4.456000000000000000e+04,4.802153706550598145e-01,6.226415094339622369e-01,2.042677402496337891e-01,0.000000000000000000e+00
4.457000000000000000e+04,4.769861698150634766e-01,5.943396226415094130e-01,1.963199377059936523e-01,0.000000000000000000e+00
4.458000000000000000e+04,4.884679317474365234e-01,6.037735849056603543e-01,2.013778686523437500e-01,0.000000000000000000e+00
4.459000000000000000e+04,4.779341816902160645e-01,5.754716981132075304e-01,2.045966833829879761e-01,0.000000000000000000e+00
4.460000000000000000e+04,4.837774932384490967e-01,5.943396226415094130e-01,2.243466079235076904e-01,0.000000000000000000e+00
4.461000000000000000e+04,4.931463599205017090e-01,5.849056603773584717e-01,2.286785542964935303e-01,0.000000000000000000e+00
4.462000000000000000e+04,4.852682352066040039e-01,6.037735849056603543e-01,2.034122347831726074e-01,0.000000000000000000e+00
4.463000000000000000e+04,4.900731444358825684e-01,5.849056603773584717e-01,2.460350990295410156e-01,0.000000000000000000e+00
4.464000000000000000e+04,4.886115789413452148e-01,5.943396226415094130e-01,1.983881890773773193e-01,0.000000000000000000e+00
4.465000000000000000e+04,4.951211810111999512e-01,5.943396226415094130e-01,2.331932932138442993e-01,0.000000000000000000e+00
4.466000000000000000e+04,4.947506189346313477e-01,5.849056603773584717e-01,2.359026372432708740e-01,0.000000000000000000e+00
4.467000000000000000e+04,5.016902089118957520e-01,6.037735849056603543e-01,2.253759205341339111e-01,0.000000000000000000e+00
4.468000000000000000e+04,4.989096522331237793e-01,5.943396226415094130e-01,2.223105132579803467e-01,0.000000000000000000e+00
4.469000000000000000e+04,4.966031312942504883e-01,5.754716981132075304e-01,2.076015025377273560e-01,0.000000000000000000e+00
4.470000000000000000e+04,5.033532381057739258e-01,5.849056603773584717e-01,2.230225056409835815e-01,0.000000000000000000e+00
4.471000000000000000e+04,4.894377589225769043e-01,6.037735849056603543e-01,2.097859233617782593e-01,0.000000000000000000e+00
4.472000000000000000e+04,4.896013140678405762e-01,5.849056603773584717e-01,2.312150746583938599e-01,0.000000000000000000e+00
4.473000000000000000e+04,4.994925558567047119e-01,5.849056603773584717e-01,2.326161712408065796e-01,0.000000000000000000e+00
4.474000000000000000e+04,5.024461150169372559e-01,6.037735849056603543e-01,2.404506653547286987e-01,0.000000000000000000e+00
4.475000000000000000e+04,5.008593201637268066e-01,6.037735849056603543e-01,2.118365764617919922e-01,0.000000000000000000e+00
4.476000000000000000e+04,4.976061582565307617e-01,6.037735849056603543e-01,2.048056274652481079e-01,0.000000000000000000e+00
4.477000000000000000e+04,4.917639493942260742e-01,6.226415094339622369e-01,2.027289867401123047e-01,0.000000000000000000e+00
4.478000000000000000e+04,5.180584788322448730e-01,6.037735849056603543e-01,2.373678237199783325e-01,0.000000000000000000e+00
4.479000000000000000e+04,5.093358159065246582e-01,5.943396226415094130e-01,2.198029756546020508e-01,0.000000000000000000e+00
4.480000000000000000e+04,4.964065849781036377e-01,6.037735849056603543e-01,2.085063904523849487e-01,0.000000000000000000e+00
4.481000000000000000e+04,5.114246010780334473e-01,6.320754716981131782e-01,2.028727829456329346e-01,0.000000000000000000e+00
4.482000000000000000e+04,5.196480751037597656e-01,5.943396226415094130e-01,2.209845185279846191e-01,0.000000000000000000e+00
4.483000000000000000e+04,4.878559112548828125e-01,6.415094339622641195e-01,1.831796467304229736e-01,0.000000000000000000e+00
4.484000000000000000e+04,5.053176879882812500e-01,6.037735849056603543e-01,2.020882666110992432e-01,0.000000000000000000e+00
4.485000000000000000e+04,4.891899824142456055e-01,5.943396226415094130e-01,1.915153712034225464e-01,0.000000000000000000e+00
4.486000000000000000e+04,5.111911892890930176e-01,6.132075471698112956e-01,1.958830952644348145e-01,0.000000000000000000e+00
4.487000000000000000e+04,4.958029091358184814e-01,5.849056603773584717e-01,1.918849647045135498e-01,0.000000000000000000e+00
4.488000000000000000e+04,5.128530263900756836e-01,5.849056603773584717e-01,2.033593803644180298e-01,0.000000000000000000e+00
4.489000000000000000e+04,5.221405625343322754e-01,6.132075471698112956e-01,1.995883584022521973e-01,0.000000000000000000e+00
4.490000000000000000e+04,5.297330021858215332e-01,5.754716981132075304e-01,2.330958098173141479e-01,0.000000000000000000e+00
4.491000000000000000e+04,5.382182002067565918e-01,5.849056603773584717e-01,2.692148089408874512e-01,0.000000000000000000e+00
4.492000000000000000e+04,5.365017056465148926e-01,5.660377358490565891e-01,2.561991810798645020e-01,0.000000000000000000e+00
4.493000000000000000e+04,5.213088989257812500e-01,5.754716981132075304e-01,2.181240171194076538e-01,0.000000000000000000e+00
4.494000000000000000e+04,5.148540139198303223e-01,5.943396226415094130e-01,2.206397056579589844e-01,0.000000000000000000e+00
4.495000000000000000e+04,4.938929975032806396e-01,6.132075471698112956e-01,1.870896071195602417e-01,0.000000000000000000e+00
4.496000000000000000e+04,5.014969110488891602e-01,6.132075471698112956e-01,2.099243700504302979e-01,0.000000000000000000e+00
4.497000000000000000e+04,5.002564191818237305e-01,5.849056603773584717e-01,1.912671327590942383e-01,0.000000000000000000e+00
4.498000000000000000e+04,4.837295711040496826e-01,6.226415094339622369e-01,1.987461447715759277e-01,0.000000000000000000e+00
4.499000000000000000e+04,4.906978905200958252e-01,6.320754716981131782e-01,1.839140206575393677e-01,0.000000000000000000e+00
4.500000000000000000e+04,4.919863343238830566e-01,5.943396226415094130e-01,1.953813284635543823e-01,0.000000000000000000e+00
4.501000000000000000e+04,4.882789254188537598e-01,6.037735849056603543e-01,1.915640085935592651e-01,0.000000000000000000e+00
4.502000000000000000e+04,4.808430075645446777e-01,6.132075471698112956e-01,1.828712075948715210e-01,0.000000000000000000e+00
4.503000000000000000e+04,4.655007123947143555e-01,6.132075471698112956e-01,1.853946894407272339e-01,0.000000000000000000e+00
4.504000000000000000e+04,4.938378930091857910e-01,6.320754716981131782e-01,1.984332054853439331e-01,0.000000000000000000e+00
4.505000000000000000e+04,4.689682722091674805e-01,6.132075471698112956e-01,1.973979026079177856e-01,0.000000000000000000e+00
4.506000000000000000e+04,4.590927660465240479e-01,6.226415094339622369e-01,1.685769855976104736e-01,0.000000000000000000e+00
4.507000000000000000e+04,4.720992147922515869e-01,6.132075471698112956e-01,1.835653632879257202e-01,0.000000000000000000e+00
4.508000000000000000e+04,4.864390790462493896e-01,6.037735849056603543e-01,1.947418749332427979e-01,0.000000000000000000e+00
4.509000000000000000e+04,4.783639609813690186e-01,5.943396226415094130e-01,1.825614422559738159e-01,0.000000000000000000e+00
4.510000000000000000e+04,4.880392551422119141e-01,6.037735849056603543e-01,2.186694741249084473e-01,0.000000000000000000e+00
4.511000000000000000e+04,4.916861057281494141e-01,6.226415094339622369e-01,1.887134909629821777e-01,0.000000000000000000e+00
4.512000000000000000e+04,4.856289029121398926e-01,6.226415094339622369e-01,1.864568144083023071e-01,0.000000000000000000e+00
4.513000000000000000e+04,4.782778024673461914e-01,6.132075471698112956e-01,2.165685445070266724e-01,0.000000000000000000e+00
4.514000000000000000e+04,5.021110177040100098e-01,6.226415094339622369e-01,2.261387705802917480e-01,0.000000000000000000e+00
4.515000000000000000e+04,4.897910356521606445e-01,6.037735849056603543e-01,1.937314867973327637e-01,0.000000000000000000e+00
4.516000000000000000e+04,4.987333118915557861e-01,6.226415094339622369e-01,2.081665843725204468e-01,0.000000000000000000e+00
4.517000000000000000e+04,4.949794411659240723e-01,6.226415094339622369e-01,2.165647447109222412e-01,0.000000000000000000e+00
4.518000000000000000e+04,4.865143001079559326e-01,6.320754716981131782e-01,1.900442242622375488e-01,0.000000000000000000e+00
4.519000000000000000e+04,4.842839539051055908e-01,5.943396226415094130e-01,2.067684382200241089e-01,0.000000000000000000e+00
4.520000000000000000e+04,4.890075623989105225e-01,6.132075471698112956e-01,1.926346570253372192e-01,0.000000000000000000e+00
4.521000000000000000e+04,4.862821102142333984e-01,6.509433962264150608e-01,1.976513117551803589e-01,0.000000000000000000e+00
4.522000000000000000e+04,4.837960898876190186e-01,6.320754716981131782e-01,2.087203115224838257e-01,0.000000000000000000e+00
4.523000000000000000e+04,4.707112014293670654e-01,6.320754716981131782e-01,1.862864494323730469e-01,0.000000000000000000e+00
4.524000000000000000e+04,4.779943823814392090e-01,6.226415094339622369e-01,2.155504077672958374e-01,0.000000000000000000e+00
4.525000000000000000e+04,4.878551363945007324e-01,6.226415094339622369e-01,2.076735645532608032e-01,0.000000000000000000e+00
4.526000000000000000e+04,4.800972342491149902e-01,6.320754716981131782e-01,2.087073773145675659e-01,0.000000000000000000e+00
4.527000000000000000e+04,4.680144190788269043e-01,6.037735849056603543e-01,1.931170076131820679e-01,0.000000000000000000e+00
4.528000000000000000e+04,4.605327844619750977e-01,6.320754716981131782e-01,1.923001557588577271e-01,0.000000000000000000e+00
4.529000000000000000e+04,4.832637310028076172e-01,5.943396226415094130e-01,2.112216651439666748e-01,0.000000000000000000e+00
4.530000000000000000e+04,4.832105338573455811e-01,6.037735849056603543e-01,2.131434231996536255e-01,0.000000000000000000e+00
4.531000000000000000e+04,4.873723983764648438e-01,6.037735849056603543e-01,2.188366353511810303e-01,0.000000000000000000e+00
4.532000000000000000e+04,4.882671236991882324e-01,6.320754716981131782e-01,2.054177373647689819e-01,0.000000000000000000e+00
4.533000000000000000e+04,4.720881283283233643e-01,5.943396226415094130e-01,2.030013352632522583e-01,0.000000000000000000e+00
4.534000000000000000e+04,4.717514514923095703e-01,6.132075471698112956e-01,1.888377070426940918e-01,0.000000000000000000e+00
4.535000000000000000e+04,4.768393933773040771e-01,5.849056603773584717e-01,2.047401070594787598e-01,0.000000000000000000e+00
4.536000000000000000e+04,4.956589341163635254e-01,6.132075471698112956e-01,2.063748389482498169e-01,0.000000000000000000e+00
4.537000000000000000e+04,4.906942248344421387e-01,6.037735849056603543e-01,2.383957803249359131e-01,0.000000000000000000e+00
4.538000000000000000e+04,4.977856278419494629e-01,6.037735849056603543e-01,2.238886356353759766e-01,0.000000000000000000e+00
4.539000000000000000e+04,4.845524728298187256e-01,5.943396226415094130e-01,2.059052884578704834e-01,0.000000000000000000e+00
4.540000000000000000e+04,4.954892992973327637e-01,5.849056603773584717e-01,2.007489651441574097e-01,0.000000000000000000e+00
4.541000000000000000e+04,4.937947392463684082e-01,6.037735849056603543e-01,2.253105640411376953e-01,0.000000000000000000e+00
4.542000000000000000e+04,4.963804185390472412e-01,6.037735849056603543e-01,2.164695560932159424e-01,0.000000000000000000e+00
4.543000000000000000e+04,4.974909126758575439e-01,6.226415094339622369e-01,2.179727107286453247e-01,0.000000000000000000e+00
4.544000000000000000e+04,4.907815158367156982e-01,6.037735849056603543e-01,2.010253220796585083e-01,0.000000000000000000e+00
4.545000000000000000e+04,4.803648293018341064e-01,6.320754716981131782e-01,1.940635144710540771e-01,0.000000000000000000e+00
4.546000000000000000e+04,4.998090565204620361e-01,6.037735849056603543e-01,2.301945686340332031e-01,0.000000000000000000e+00
4.547000000000000000e+04,5.003682374954223633e-01,6.037735849056603543e-01,2.470896095037460327e-01,0.000000000000000000e+00
4.548000000000000000e+04,4.790981411933898926e-01,6.132075471698112956e-01,2.313738614320755005e-01,0.000000000000000000e+00
4.549000000000000000e+04,4.849682450294494629e-01,6.132075471698112956e-01,2.097935527563095093e-01,0.000000000000000000e+00
4.550000000000000000e+04,5.218927264213562012e-01,6.320754716981131782e-01,2.303822189569473267e-01,0.000000000000000000e+00
4.551000000000000000e+04,5.149777531623840332e-01,5.943396226415094130e-01,2.117953896522521973e-01,0.000000000000000000e+00
4.552000000000000000e+04,5.052766799926757812e-01,6.320754716981131782e-01,2.124280780553817749e-01,0.000000000000000000e+00
4.553000000000000000e+04,5.119967460632324219e-01,6.132075471698112956e-01,2.266342043876647949e-01,0.000000000000000000e+00
4.554000000000000000e+04,5.109709501266479492e-01,6.037735849056603543e-01,2.432590126991271973e-01,0.000000000000000000e+00
4.555000000000000000e+04,5.202610492706298828e-01,6.132075471698112956e-01,2.312462478876113892e-01,0.000000000000000000e+00
4.556000000000000000e+04,5.315060019493103027e-01,5.943396226415094130e-01,2.481704503297805786e-01,0.000000000000000000e+00
4.557000000000000000e+04,5.124462246894836426e-01,6.037735849056603543e-01,2.338901460170745850e-01,0.000000000000000000e+00
4.558000000000000000e+04,5.258091688156127930e-01,6.132075471698112956e-01,2.593536674976348877e-01,0.000000000000000000e+00
4.559000000000000000e+04,5.089585781097412109e-01,6.132075471698112956e-01,2.258574962615966797e-01,0.000000000000000000e+00
4.560000000000000000e+04,4.852657020092010498e-01,6.226415094339622369e-01,1.994715034961700439e-01,0.000000000000000000e+00
4.561000000000000000e+04,4.829685389995574951e-01,6.132075471698112956e-01,2.124272137880325317e-01,0.000000000000000000e+00
4.562000000000000000e+04,4.773590862751007080e-01,6.132075471698112956e-01,2.076616287231445312e-01,0.000000000000000000e+00
4.563000000000000000e+04,4.866923093795776367e-01,6.226415094339622369e-01,1.944647729396820068e-01,0.000000000000000000e+00
4.564000000000000000e+04,4.792966246604919434e-01,6.132075471698112956e-01,1.910004168748855591e-01,0.000000000000000000e+00
4.565000000000000000e+04,4.980296492576599121e-01,6.132075471698112956e-01,2.155384868383407593e-01,0.000000000000000000e+00
4.566000000000000000e+04,5.167355537414550781e-01,5.754716981132075304e-01,2.465796768665313721e-01,0.000000000000000000e+00
4.567000000000000000e+04,5.043614506721496582e-01,6.132075471698112956e-01,2.250742912292480469e-01,0.000000000000000000e+00
4.568000000000000000e+04,4.828499257564544678e-01,5.849056603773584717e-01,2.183354794979095459e-01,0.000000000000000000e+00
4.569000000000000000e+04,5.241526365280151367e-01,5.754716981132075304e-01,2.637238800525665283e-01,0.000000000000000000e+00
4.570000000000000000e+04,5.204012989997863770e-01,5.943396226415094130e-01,2.541379630565643311e-01,0.000000000000000000e+00
4.571000000000000000e+04,5.312984585762023926e-01,6.037735849056603543e-01,2.583909034729003906e-01,0.000000000000000000e+00
4.572000000000000000e+04,4.944990575313568115e-01,6.320754716981131782e-01,2.309604883193969727e-01,0.000000000000000000e+00
4.573000000000000000e+04,4.880056977272033691e-01,5.943396226415094130e-01,2.059400826692581177e-01,0.000000000000000000e+00
4.574000000000000000e+04,5.006875395774841309e-01,5.754716981132075304e-01,2.230605036020278931e-01,0.000000000000000000e+00
4.575000000000000000e+04,5.059877038002014160e-01,5.566037735849056478e-01,2.556714415550231934e-01,0.000000000000000000e+00
4.576000000000000000e+04,5.130329132080078125e-01,5.660377358490565891e-01,2.450854331254959106e-01,0.000000000000000000e+00
4.577000000000000000e+04,5.101724267005920410e-01,5.660377358490565891e-01,2.359188199043273926e-01,0.000000000000000000e+00
4.578000000000000000e+04,5.037258863449096680e-01,5.849056603773584717e-01,2.398184239864349365e-01,0.000000000000000000e+00
4.579000000000000000e+04,5.176230072975158691e-01,5.849056603773584717e-01,2.624364793300628662e-01,0.000000000000000000e+00
4.580000000000000000e+04,5.292834639549255371e-01,5.566037735849056478e-01,2.906244993209838867e-01,0.000000000000000000e+00
4.581000000000000000e+04,5.132556557655334473e-01,5.943396226415094130e-01,2.678680717945098877e-01,0.000000000000000000e+00
4.582000000000000000e+04,5.182498097419738770e-01,5.849056603773584717e-01,2.680104076862335205e-01,0.000000000000000000e+00
4.583000000000000000e+04,4.936330318450927734e-01,5.943396226415094130e-01,2.296372950077056885e-01,0.000000000000000000e+00
4.584000000000000000e+04,5.055052638053894043e-01,5.660377358490565891e-01,2.647322714328765869e-01,0.000000000000000000e+00
4.585000000000000000e+04,4.955331981182098389e-01,5.754716981132075304e-01,2.526710629463195801e-01,0.000000000000000000e+00
4.586000000000000000e+04,4.972665905952453613e-01,5.849056603773584717e-01,2.580351233482360840e-01,0.000000000000000000e+00
4.587000000000000000e+04,5.111234188079833984e-01,5.754716981132075304e-01,2.389879226684570312e-01,0.000000000000000000e+00
4.588000000000000000e+04,4.981761276721954346e-01,5.943396226415094130e-01,2.235831916332244873e-01,0.000000000000000000e+00
4.589000000000000000e+04,5.034676790237426758e-01,6.132075471698112956e-01,2.210396230220794678e-01,0.000000000000000000e+00
4.590000000000000000e+04,5.041475296020507812e-01,6.037735849056603543e-01,2.330095767974853516e-01,0.000000000000000000e+00
4.591000000000000000e+04,5.019590258598327637e-01,6.037735849056603543e-01,2.227440774440765381e-01,0.000000000000000000e+00
4.592000000000000000e+04,5.165628790855407715e-01,6.320754716981131782e-01,2.511520087718963623e-01,0.000000000000000000e+00
4.593000000000000000e+04,5.221058130264282227e-01,5.943396226415094130e-01,2.985107898712158203e-01,0.000000000000000000e+00
4.594000000000000000e+04,5.347092151641845703e-01,5.849056603773584717e-01,3.120654523372650146e-01,0.000000000000000000e+00
4.595000000000000000e+04,5.385562181472778320e-01,5.660377358490565891e-01,3.133293986320495605e-01,0.000000000000000000e+00
4.596000000000000000e+04,5.342359542846679688e-01,6.037735849056603543e-01,3.202459514141082764e-01,0.000000000000000000e+00
4.597000000000000000e+04,5.216025114059448242e-01,5.566037735849056478e-01,3.144937455654144287e-01,0.000000000000000000e+00
4.598000000000000000e+04,5.189430713653564453e-01,5.754716981132075304e-01,2.931611537933349609e-01,0.000000000000000000e+00
4.599000000000000000e+04,5.146673321723937988e-01,6.037735849056603543e-01,2.690961360931396484e-01,0.000000000000000000e+00
4.600000000000000000e+04,5.058547258377075195e-01,5.754716981132075304e-01,2.815985083580017090e-01,0.000000000000000000e+00
4.601000000000000000e+04,4.850065708160400391e-01,6.132075471698112956e-01,2.428715527057647705e-01,0.000000000000000000e+00
4.602000000000000000e+04,5.014100670814514160e-01,6.132075471698112956e-01,2.515488564968109131e-01,0.000000000000000000e+00
4.603000000000000000e+04,5.007641911506652832e-01,6.037735849056603543e-01,2.299864739179611206e-01,0.000000000000000000e+00
4.604000000000000000e+04,4.962675273418426514e-01,5.943396226415094130e-01,2.603037953376770020e-01,0.000000000000000000e+00
4.605000000000000000e+04,5.116921067237854004e-01,5.943396226415094130e-01,2.753049135208129883e-01,0.000000000000000000e+00
4.606000000000000000e+04,5.122359395027160645e-01,6.037735849056603543e-01,2.568785846233367920e-01,0.000000000000000000e+00
4.607000000000000000e+04,5.199965238571166992e-01,5.849056603773584717e-01,2.659433186054229736e-01,0.000000000000000000e+00
4.608000000000000000e+04,5.147762894630432129e-01,5.943396226415094130e-01,2.583785951137542725e-01,0.000000000000000000e+00
4.609000000000000000e+04,5.182806849479675293e-01,6.320754716981131782e-01,2.482632398605346680e-01,0.000000000000000000e+00
4.610000000000000000e+04,5.036986470222473145e-01,5.566037735849056478e-01,2.461578398942947388e-01,0.000000000000000000e+00
4.611000000000000000e+04,5.168436765670776367e-01,5.754716981132075304e-01,2.464706152677536011e-01,0.000000000000000000e+00
4.612000000000000000e+04,5.001516342163085938e-01,6.132075471698112956e-01,2.575936615467071533e-01,0.000000000000000000e+00
4.613000000000000000e+04,4.891738295555114746e-01,5.660377358490565891e-01,2.602495253086090088e-01,0.000000000000000000e+00
4.614000000000000000e+04,5.183358788490295410e-01,6.226415094339622369e-01,2.633800804615020752e-01,0.000000000000000000e+00
4.615000000000000000e+04,5.115001797676086426e-01,5.754716981132075304e-01,2.679426968097686768e-01,0.000000000000000000e+00
4.616000000000000000e+04,5.251156091690063477e-01,6.037735849056603543e-01,2.832923531532287598e-01,0.000000000000000000e+00
4.617000000000000000e+04,5.271647572517395020e-01,5.566037735849056478e-01,2.890416085720062256e-01,0.000000000000000000e+00
4.618000000000000000e+04,5.046375989913940430e-01,5.754716981132075304e-01,2.623499333858489990e-01,0.000000000000000000e+00
4.619000000000000000e+04,5.158601999282836914e-01,5.660377358490565891e-01,2.863744497299194336e-01,0.000000000000000000e+00
4.620000000000000000e+04,5.241649746894836426e-01,5.754716981132075304e-01,2.993084192276000977e-01,0.000000000000000000e+00
4.621000000000000000e+04,5.317181944847106934e-01,5.849056603773584717e-01,2.913458347320556641e-01,0.000000000000000000e+00
4.622000000000000000e+04,5.239058136940002441e-01,5.754716981132075304e-01,2.970409393310546875e-01,0.000000000000000000e+00
4.623000000000000000e+04,5.137230753898620605e-01,5.660377358490565891e-01,2.932668626308441162e-01,0.000000000000000000e+00
4.624000000000000000e+04,5.205032229423522949e-01,5.754716981132075304e-01,2.796612083911895752e-01,0.000000000000000000e+00
4.625000000000000000e+04,5.389887094497680664e-01,5.471698113207547065e-01,3.044412434101104736e-01,0.000000000000000000e+00
4.626000000000000000e+04,5.180800557136535645e-01,5.754716981132075304e-01,2.811270058155059814e-01,0.000000000000000000e+00
4.627000000000000000e+04,5.127835869789123535e-01,5.660377358490565891e-01,2.914136648178100586e-01,0.000000000000000000e+00
4.628000000000000000e+04,5.200134515762329102e-01,6.037735849056603543e-01,2.958373725414276123e-01,0.000000000000000000e+00
4.629000000000000000e+04,4.944808483123779297e-01,5.849056603773584717e-01,2.631431519985198975e-01,0.000000000000000000e+00
4.630000000000000000e+04,5.099638700485229492e-01,5.849056603773584717e-01,3.199849724769592285e-01,0.000000000000000000e+00
4.631000000000000000e+04,5.052871704101562500e-01,5.849056603773584717e-01,2.686471641063690186e-01,0.000000000000000000e+00
4.632000000000000000e+04,5.016932487487792969e-01,5.660377358490565891e-01,2.836910486221313477e-01,0.000000000000000000e+00
4.633000000000000000e+04,4.790461063385009766e-01,6.037735849056603543e-01,2.402819544076919556e-01,0.000000000000000000e+00
4.634000000000000000e+04,5.016791224479675293e-01,5.660377358490565891e-01,2.377287745475769043e-01,0.000000000000000000e+00
4.635000000000000000e+04,5.016132593154907227e-01,5.754716981132075304e-01,2.490221709012985229e-01,0.000000000000000000e+00
4.636000000000000000e+04,4.899553358554840088e-01,5.754716981132075304e-01,2.596478164196014404e-01,0.000000000000000000e+00
4.637000000000000000e+04,4.757925570011138916e-01,5.754716981132075304e-01,2.478685826063156128e-01,0.000000000000000000e+00
4.638000000000000000e+04,4.885364770889282227e-01,5.943396226415094130e-01,2.625638544559478760e-01,0.000000000000000000e+00
4.639000000000000000e+04,4.647201597690582275e-01,6.037735849056603543e-01,2.130059897899627686e-01,0.000000000000000000e+00
4.640000000000000000e+04,4.757876098155975342e-01,5.943396226415094130e-01,2.170643806457519531e-01,0.000000000000000000e+00
4.641000000000000000e+04,4.626404047012329102e-01,5.660377358490565891e-01,2.090656906366348267e-01,0.000000000000000000e+00
4.642000000000000000e+04,4.719705581665039062e-01,5.943396226415094130e-01,2.054286599159240723e-01,0.000000000000000000e+00
4.643000000000000000e+04,4.738423824310302734e-01,5.754716981132075304e-01,2.035156190395355225e-01,0.000000000000000000e+00
4.644000000000000000e+04,4.921353459358215332e-01,5.660377358490565891e-01,2.274842709302902222e-01,0.000000000000000000e+00
4.645000000000000000e+04,5.005273222923278809e-01,6.226415094339622369e-01,2.302584350109100342e-01,0.000000000000000000e+00
4.646000000000000000e+04,5.085672140121459961e-01,5.943396226415094130e-01,2.263270616531372070e-01,0.000000000000000000e+00
4.647000000000000000e+04,5.164726376533508301e-01,5.849056603773584717e-01,2.461900115013122559e-01,0.000000000000000000e+00
4.648000000000000000e+04,5.203731656074523926e-01,6.037735849056603543e-01,2.714985013008117676e-01,0.000000000000000000e+00
4.649000000000000000e+04,4.992361962795257568e-01,5.566037735849056478e-01,2.501432597637176514e-01,0.000000000000000000e+00
4.650000000000000000e+04,5.189977288246154785e-01,5.943396226415094130e-01,2.481460869312286377e-01,0.000000000000000000e+00
4.651000000000000000e+04,5.077162384986877441e-01,5.566037735849056478e-01,2.483515143394470215e-01,0.000000000000000000e+00
4.652000000000000000e+04,5.045123696327209473e-01,6.037735849056603543e-01,2.380726337432861328e-01,0.000000000000000000e+00
4.653000000000000000e+04,5.005447268486022949e-01,6.132075471698112956e-01,2.461504191160202026e-01,0.000000000000000000e+00
4.654000000000000000e+04,5.106860399246215820e-01,6.037735849056603543e-01,2.386156618595123291e-01,0.000000000000000000e+00
4.655000000000000000e+04,4.976308941841125488e-01,5.849056603773584717e-01,2.306829988956451416e-01,0.000000000000000000e+00
4.656000000000000000e+04,4.849235117435455322e-01,5.660377358490565891e-01,2.205223441123962402e-01,0.000000000000000000e+00
4.657000000000000000e+04,5.089411139488220215e-01,5.660377358490565891e-01,2.639770507812500000e-01,0.000000000000000000e+00
4.658000000000000000e+04,4.993637502193450928e-01,6.037735849056603543e-01,2.489563822746276855e-01,0.000000000000000000e+00
4.659000000000000000e+04,4.985526800155639648e-01,5.943396226415094130e-01,2.458749711513519287e-01,0.000000000000000000e+00
4.660000000000000000e+04,4.937126934528350830e-01,6.037735849056603543e-01,2.500295937061309814e-01,0.000000000000000000e+00
4.661000000000000000e+04,5.024452805519104004e-01,5.943396226415094130e-01,2.650219798088073730e-01,0.000000000000000000e+00
4.662000000000000000e+04,5.018721818923950195e-01,5.849056603773584717e-01,2.440497577190399170e-01,0.000000000000000000e+00
4.663000000000000000e+04,4.961287081241607666e-01,5.849056603773584717e-01,2.468837946653366089e-01,0.000000000000000000e+00
4.664000000000000000e+04,4.884174168109893799e-01,5.754716981132075304e-01,2.513358891010284424e-01,0.000000000000000000e+00
4.665000000000000000e+04,4.965816736221313477e-01,5.471698113207547065e-01,2.645454704761505127e-01,0.000000000000000000e+00
4.666000000000000000e+04,4.622469842433929443e-01,5.754716981132075304e-01,2.365457415580749512e-01,0.000000000000000000e+00
4.667000000000000000e+04,4.668810963630676270e-01,6.037735849056603543e-01,2.462217509746551514e-01,0.000000000000000000e+00
4.668000000000000000e+04,4.931195378303527832e-01,5.943396226415094130e-01,2.604624629020690918e-01,0.000000000000000000e+00
4.669000000000000000e+04,4.937361180782318115e-01,5.943396226415094130e-01,2.467790246009826660e-01,0.000000000000000000e+00
4.670000000000000000e+04,4.818597435951232910e-01,5.849056603773584717e-01,2.347400784492492676e-01,0.000000000000000000e+00
4.671000000000000000e+04,4.978665411472320557e-01,5.943396226415094130e-01,2.476743608713150024e-01,0.000000000000000000e+00
4.672000000000000000e+04,5.013376474380493164e-01,6.037735849056603543e-01,2.724453508853912354e-01,0.000000000000000000e+00
4.673000000000000000e+04,4.973781108856201172e-01,5.849056603773584717e-01,2.650582194328308105e-01,0.000000000000000000e+00
4.674000000000000000e+04,5.130699276924133301e-01,6.037735849056603543e-01,2.608829140663146973e-01,0.000000000000000000e+00
4.675000000000000000e+04,5.085395574569702148e-01,5.849056603773584717e-01,2.619574368000030518e-01,0.000000000000000000e+00
4.676000000000000000e+04,5.016931295394897461e-01,5.849056603773584717e-01,2.724530696868896484e-01,0.000000000000000000e+00
4.677000000000000000e+04,4.885301887989044189e-01,5.943396226415094130e-01,2.719923257827758789e-01,0.000000000000000000e+00
4.678000000000000000e+04,5.113108754158020020e-01,6.037735849056603543e-01,2.356634140014648438e-01,0.000000000000000000e+00
4.679000000000000000e+04,5.355736613273620605e-01,5.849056603773584717e-01,2.523827254772186279e-01,0.000000000000000000e+00
4.680000000000000000e+04,5.495212078094482422e-01,5.754716981132075304e-01,2.773385941982269287e-01,0.000000000000000000e+00
4.681000000000000000e+04,5.468586087226867676e-01,5.943396226415094130e-01,2.532026171684265137e-01,0.000000000000000000e+00
4.682000000000000000e+04,5.580626726150512695e-01,5.754716981132075304e-01,2.548708021640777588e-01,0.000000000000000000e+00
4.683000000000000000e+04,5.372983813285827637e-01,5.660377358490565891e-01,2.651565372943878174e-01,0.000000000000000000e+00
4.684000000000000000e+04,5.360229611396789551e-01,5.566037735849056478e-01,2.635238170623779297e-01,0.000000000000000000e+00
4.685000000000000000e+04,5.294949412345886230e-01,5.754716981132075304e-01,2.572610676288604736e-01,0.000000000000000000e+00
4.686000000000000000e+04,5.337874293327331543e-01,5.566037735849056478e-01,2.632514238357543945e-01,0.000000000000000000e+00
4.687000000000000000e+04,5.211234688758850098e-01,5.849056603773584717e-01,2.716854214668273926e-01,0.000000000000000000e+00
4.688000000000000000e+04,5.262793898582458496e-01,5.754716981132075304e-01,2.633762061595916748e-01,0.000000000000000000e+00
4.689000000000000000e+04,5.357204675674438477e-01,6.037735849056603543e-01,2.602583467960357666e-01,0.000000000000000000e+00
4.690000000000000000e+04,5.244423151016235352e-01,6.037735849056603543e-01,2.404894232749938965e-01,0.000000000000000000e+00
4.691000000000000000e+04,5.208849906921386719e-01,5.754716981132075304e-01,2.455400526523590088e-01,0.000000000000000000e+00
4.692000000000000000e+04,5.298254489898681641e-01,5.849056603773584717e-01,2.702875435352325439e-01,0.000000000000000000e+00
4.693000000000000000e+04,5.124763846397399902e-01,5.849056603773584717e-01,2.685784995555877686e-01,0.000000000000000000e+00
4.694000000000000000e+04,4.941720366477966309e-01,5.754716981132075304e-01,2.440197914838790894e-01,0.000000000000000000e+00
4.695000000000000000e+04,5.061338543891906738e-01,5.754716981132075304e-01,2.526742219924926758e-01,0.000000000000000000e+00
4.696000000000000000e+04,5.182896852493286133e-01,5.943396226415094130e-01,2.681144177913665771e-01,0.000000000000000000e+00
4.697000000000000000e+04,5.059179067611694336e-01,5.849056603773584717e-01,2.674062848091125488e-01,0.000000000000000000e+00
4.698000000000000000e+04,5.142757892608642578e-01,6.037735849056603543e-01,2.777338624000549316e-01,0.000000000000000000e+00
4.699000000000000000e+04,5.111394524574279785e-01,5.849056603773584717e-01,2.630408108234405518e-01,0.000000000000000000e+00
4.700000000000000000e+04,5.118330121040344238e-01,5.754716981132075304e-01,2.704518735408782959e-01,0.000000000000000000e+00
4.701000000000000000e+04,5.071024298667907715e-01,5.943396226415094130e-01,2.626184821128845215e-01,0.000000000000000000e+00
4.702000000000000000e+04,4.986754953861236572e-01,5.754716981132075304e-01,2.485333681106567383e-01,0.000000000000000000e+00
4.703000000000000000e+04,4.938657581806182861e-01,6.132075471698112956e-01,2.621240317821502686e-01,0.000000000000000000e+00
4.704000000000000000e+04,4.786878824234008789e-01,5.660377358490565891e-01,2.462455928325653076e-01,0.000000000000000000e+00
4.705000000000000000e+04,4.709542989730834961e-01,5.754716981132075304e-01,2.564819157123565674e-01,0.000000000000000000e+00
4.706000000000000000e+04,4.914372861385345459e-01,5.566037735849056478e-01,2.557665109634399414e-01,0.000000000000000000e+00
4.707000000000000000e+04,4.921339154243469238e-01,6.037735849056603543e-01,2.779129445552825928e-01,0.000000000000000000e+00
4.708000000000000000e+04,4.771039783954620361e-01,5.660377358490565891e-01,2.452827990055084229e-01,0.000000000000000000e+00
4.709000000000000000e+04,4.701149761676788330e-01,5.849056603773584717e-01,2.539169788360595703e-01,0.000000000000000000e+00
4.710000000000000000e+04,4.757449626922607422e-01,6.132075471698112956e-01,2.832875549793243408e-01,0.000000000000000000e+00
4.711000000000000000e+04,4.899114966392517090e-01,5.754716981132075304e-01,2.479610890150070190e-01,0.000000000000000000e+00
4.712000000000000000e+04,4.988205730915069580e-01,5.849056603773584717e-01,2.588616013526916504e-01,0.000000000000000000e+00
4.713000000000000000e+04,4.809938371181488037e-01,5.943396226415094130e-01,2.402994483709335327e-01,0.000000000000000000e+00
4.714000000000000000e+04,4.912374317646026611e-01,5.849056603773584717e-01,2.721523940563201904e-01,0.000000000000000000e+00
4.715000000000000000e+04,4.660239517688751221e-01,6.132075471698112956e-01,2.361655682325363159e-01,0.000000000000000000e+00
4.716000000000000000e+04,4.613755941390991211e-01,6.132075471698112956e-01,2.306836694478988647e-01,0.000000000000000000e+00
4.717000000000000000e+04,4.573601782321929932e-01,6.226415094339622369e-01,2.457123398780822754e-01,0.000000000000000000e+00
4.718000000000000000e+04,4.898881614208221436e-01,5.943396226415094130e-01,2.599533498287200928e-01,0.000000000000000000e+00
4.719000000000000000e+04,4.828998446464538574e-01,5.849056603773584717e-01,2.440781295299530029e-01,0.000000000000000000e+00
4.720000000000000000e+04,4.755908846855163574e-01,6.037735849056603543e-01,2.376401871442794800e-01,0.000000000000000000e+00
4.721000000000000000e+04,4.776939749717712402e-01,6.037735849056603543e-01,2.546272575855255127e-01,0.000000000000000000e+00
4.722000000000000000e+04,4.663890004158020020e-01,6.226415094339622369e-01,2.349500656127929688e-01,0.000000000000000000e+00
4.723000000000000000e+04,4.669117033481597900e-01,6.320754716981131782e-01,2.226993143558502197e-01,0.000000000000000000e+00
4.724000000000000000e+04,4.760760068893432617e-01,6.037735849056603543e-01,2.148500829935073853e-01,0.000000000000000000e+00
4.725000000000000000e+04,4.848695099353790283e-01,6.226415094339622369e-01,2.372633367776870728e-01,0.000000000000000000e+00
4.726000000000000000e+04,4.744388461112976074e-01,6.320754716981131782e-01,2.315806150436401367e-01,0.000000000000000000e+00
4.727000000000000000e+04,4.752530753612518311e-01,6.226415094339622369e-01,2.215468436479568481e-01,0.000000000000000000e+00
4.728000000000000000e+04,5.008362531661987305e-01,6.132075471698112956e-01,2.390704303979873657e-01,0.000000000000000000e+00
4.729000000000000000e+04,4.847979247570037842e-01,5.849056603773584717e-01,2.445407360792160034e-01,0.000000000000000000e+00
4.730000000000000000e+04,4.973176717758178711e-01,6.132075471698112956e-01,2.506027519702911377e-01,0.000000000000000000e+00
4.731000000000000000e+04,5.090447664260864258e-01,6.037735849056603543e-01,2.713029980659484863e-01,0.000000000000000000e+00
4.732000000000000000e+04,5.132778286933898926e-01,5.566037735849056478e-01,2.963671982288360596e-01,0.000000000000000000e+00
4.733000000000000000e+04,5.131970047950744629e-01,5.943396226415094130e-01,2.906583845615386963e-01,0.000000000000000000e+00
4.734000000000000000e+04,5.161240100860595703e-01,5.754716981132075304e-01,2.765786945819854736e-01,0.000000000000000000e+00
4.735000000000000000e+04,5.089603066444396973e-01,5.943396226415094130e-01,2.903264760971069336e-01,0.000000000000000000e+00
4.736000000000000000e+04,4.912594258785247803e-01,5.849056603773584717e-01,2.588236927986145020e-01,0.000000000000000000e+00
4.737000000000000000e+04,5.066159963607788086e-01,5.566037735849056478e-01,2.724153399467468262e-01,0.000000000000000000e+00
4.738000000000000000e+04,4.920887053012847900e-01,5.754716981132075304e-01,2.457773089408874512e-01,0.000000000000000000e+00
4.739000000000000000e+04,5.215312242507934570e-01,5.943396226415094130e-01,2.689400911331176758e-01,0.000000000000000000e+00
4.740000000000000000e+04,5.085278153419494629e-01,5.754716981132075304e-01,2.563479542732238770e-01,0.000000000000000000e+00
4.741000000000000000e+04,5.041583180427551270e-01,6.132075471698112956e-01,2.588566839694976807e-01,0.000000000000000000e+00
4.742000000000000000e+04,5.018045306205749512e-01,5.849056603773584717e-01,2.304880321025848389e-01,0.000000000000000000e+00
4.743000000000000000e+04,4.825205206871032715e-01,5.943396226415094130e-01,2.458396255970001221e-01,0.000000000000000000e+00
4.744000000000000000e+04,4.848471879959106445e-01,5.943396226415094130e-01,2.214601188898086548e-01,0.000000000000000000e+00
4.745000000000000000e+04,4.779513180255889893e-01,5.660377358490565891e-01,2.333705127239227295e-01,0.000000000000000000e+00
4.746000000000000000e+04,4.819878041744232178e-01,5.943396226415094130e-01,2.301549613475799561e-01,0.000000000000000000e+00
4.747000000000000000e+04,4.811709821224212646e-01,6.037735849056603543e-01,2.256380021572113037e-01,0.000000000000000000e+00
4.748000000000000000e+04,4.713324904441833496e-01,5.943396226415094130e-01,2.340526729822158813e-01,0.000000000000000000e+00
4.749000000000000000e+04,4.772443473339080811e-01,6.226415094339622369e-01,2.365135401487350464e-01,0.000000000000000000e+00
4.750000000000000000e+04,4.927667975425720215e-01,5.943396226415094130e-01,2.524448037147521973e-01,0.000000000000000000e+00
4.751000000000000000e+04,5.029165148735046387e-01,5.566037735849056478e-01,2.799336016178131104e-01,0.000000000000000000e+00
4.752000000000000000e+04,5.046762228012084961e-01,5.754716981132075304e-01,2.708376944065093994e-01,0.000000000000000000e+00
4.753000000000000000e+04,5.098292827606201172e-01,5.849056603773584717e-01,3.036475181579589844e-01,0.000000000000000000e+00
4.754000000000000000e+04,5.056276321411132812e-01,5.849056603773584717e-01,2.619150876998901367e-01,0.000000000000000000e+00
4.755000000000000000e+04,5.163180232048034668e-01,5.849056603773584717e-01,2.948114573955535889e-01,0.000000000000000000e+00
4.756000000000000000e+04,5.169579386711120605e-01,6.226415094339622369e-01,2.701734602451324463e-01,0.000000000000000000e+00
4.757000000000000000e+04,5.158852934837341309e-01,6.037735849056603543e-01,2.600088417530059814e-01,0.000000000000000000e+00
4.758000000000000000e+04,5.198264718055725098e-01,5.943396226415094130e-01,2.669982612133026123e-01,0.000000000000000000e+00
4.759000000000000000e+04,5.205759406089782715e-01,5.849056603773584717e-01,2.607608139514923096e-01,0.000000000000000000e+00
4.760000000000000000e+04,4.823462963104248047e-01,6.037735849056603543e-01,2.226257920265197754e-01,0.000000000000000000e+00
4.761000000000000000e+04,4.964884221553802490e-01,6.132075471698112956e-01,2.576866447925567627e-01,0.000000000000000000e+00
4.762000000000000000e+04,5.257230401039123535e-01,5.943396226415094130e-01,2.832326292991638184e-01,0.000000000000000000e+00
4.763000000000000000e+04,5.308545827865600586e-01,5.660377358490565891e-01,2.871587276458740234e-01,0.000000000000000000e+00
4.764000000000000000e+04,5.024817585945129395e-01,6.037735849056603543e-01,2.384762763977050781e-01,0.000000000000000000e+00
4.765000000000000000e+04,5.095481276512145996e-01,5.566037735849056478e-01,2.657953500747680664e-01,0.000000000000000000e+00
4.766000000000000000e+04,4.990195035934448242e-01,5.754716981132075304e-01,2.607722878456115723e-01,0.000000000000000000e+00
4.767000000000000000e+04,5.164943933486938477e-01,5.566037735849056478e-01,2.689688503742218018e-01,0.000000000000000000e+00
4.768000000000000000e+04,5.073451995849609375e-01,5.849056603773584717e-01,2.663435339927673340e-01,0.000000000000000000e+00
4.769000000000000000e+04,5.167720317840576172e-01,5.660377358490565891e-01,2.857631444931030273e-01,0.000000000000000000e+00
4.770000000000000000e+04,5.095745325088500977e-01,5.754716981132075304e-01,2.992296814918518066e-01,0.000000000000000000e+00
4.771000000000000000e+04,5.200056433677673340e-01,5.754716981132075304e-01,2.900657653808593750e-01,0.000000000000000000e+00
4.772000000000000000e+04,5.210258364677429199e-01,5.943396226415094130e-01,2.932841181755065918e-01,0.000000000000000000e+00
4.773000000000000000e+04,5.221842527389526367e-01,5.849056603773584717e-01,2.935838401317596436e-01,0.000000000000000000e+00
4.774000000000000000e+04,5.467853546142578125e-01,5.943396226415094130e-01,3.054539561271667480e-01,0.000000000000000000e+00
4.775000000000000000e+04,5.317467451095581055e-01,5.754716981132075304e-01,2.911177873611450195e-01,0.000000000000000000e+00
4.776000000000000000e+04,5.355895161628723145e-01,5.660377358490565891e-01,2.786177396774291992e-01,0.000000000000000000e+00
4.777000000000000000e+04,5.230540037155151367e-01,6.132075471698112956e-01,2.536684274673461914e-01,0.000000000000000000e+00
4.778000000000000000e+04,5.294344425201416016e-01,5.849056603773584717e-01,2.590509057044982910e-01,0.000000000000000000e+00
4.779000000000000000e+04,5.192736387252807617e-01,5.849056603773584717e-01,2.546854615211486816e-01,0.000000000000000000e+00
4.780000000000000000e+04,5.173006653785705566e-01,6.037735849056603543e-01,2.607580423355102539e-01,0.000000000000000000e+00
4.781000000000000000e+04,5.292801856994628906e-01,5.660377358490565891e-01,3.154718577861785889e-01,0.000000000000000000e+00
4.782000000000000000e+04,5.187081694602966309e-01,6.132075471698112956e-01,2.822389006614685059e-01,0.000000000000000000e+00
4.783000000000000000e+04,4.927639067173004150e-01,6.132075471698112956e-01,2.560584545135498047e-01,0.000000000000000000e+00
4.784000000000000000e+04,4.946576952934265137e-01,6.132075471698112956e-01,2.349442541599273682e-01,0.000000000000000000e+00
4.785000000000000000e+04,5.013013482093811035e-01,5.849056603773584717e-01,2.598336637020111084e-01,0.000000000000000000e+00
4.786000000000000000e+04,5.193082690238952637e-01,5.754716981132075304e-01,2.630897760391235352e-01,0.000000000000000000e+00
4.787000000000000000e+04,5.530198216438293457e-01,6.037735849056603543e-01,2.903703451156616211e-01,0.000000000000000000e+00
4.788000000000000000e+04,5.383041501045227051e-01,5.943396226415094130e-01,3.100399076938629150e-01,0.000000000000000000e+00
4.789000000000000000e+04,5.365582704544067383e-01,5.754716981132075304e-01,3.118826746940612793e-01,0.000000000000000000e+00
4.790000000000000000e+04,5.187624692916870117e-01,5.754716981132075304e-01,3.002609312534332275e-01,0.000000000000000000e+00
4.791000000000000000e+04,5.315192937850952148e-01,5.660377358490565891e-01,3.110858500003814697e-01,0.000000000000000000e+00
4.792000000000000000e+04,5.330021977424621582e-01,5.849056603773584717e-01,3.222241997718811035e-01,0.000000000000000000e+00
4.793000000000000000e+04,5.225639343261718750e-01,5.943396226415094130e-01,3.058038949966430664e-01,0.000000000000000000e+00
4.794000000000000000e+04,5.449873208999633789e-01,5.849056603773584717e-01,2.988667786121368408e-01,0.000000000000000000e+00
4.795000000000000000e+04,5.521584749221801758e-01,5.660377358490565891e-01,3.268600702285766602e-01,0.000000000000000000e+00
4.796000000000000000e+04,5.353273153305053711e-01,6.037735849056603543e-01,2.969990968704223633e-01,0.000000000000000000e+00
4.797000000000000000e+04,5.309377908706665039e-01,5.849056603773584717e-01,2.915089726448059082e-01,0.000000000000000000e+00
4.798000000000000000e+04,5.202794671058654785e-01,6.037735849056603543e-01,2.733596563339233398e-01,0.000000000000000000e+00
4.799000000000000000e+04,5.353131294250488281e-01,6.037735849056603543e-01,2.932347953319549561e-01,0.000000000000000000e+00
4.800000000000000000e+04,5.205405354499816895e-01,5.943396226415094130e-01,2.977880835533142090e-01,0.000000000000000000e+00
4.801000000000000000e+04,5.293141603469848633e-01,5.849056603773584717e-01,3.106366991996765137e-01,0.000000000000000000e+00
4.802000000000000000e+04,5.323634147644042969e-01,6.037735849056603543e-01,3.055022060871124268e-01,0.000000000000000000e+00
4.803000000000000000e+04,5.359267592430114746e-01,5.849056603773584717e-01,3.379991054534912109e-01,0.000000000000000000e+00
4.804000000000000000e+04,5.335846543312072754e-01,6.132075471698112956e-01,3.134990334510803223e-01,0.000000000000000000e+00
4.805000000000000000e+04,5.195121765136718750e-01,5.943396226415094130e-01,2.917058765888214111e-01,0.000000000000000000e+00
4.806000000000000000e+04,5.105691552162170410e-01,5.754716981132075304e-01,3.093895018100738525e-01,0.000000000000000000e+00
4.807000000000000000e+04,5.240879058837890625e-01,5.849056603773584717e-01,2.914936244487762451e-01,0.000000000000000000e+00
4.808000000000000000e+04,5.075796842575073242e-01,5.849056603773584717e-01,2.696206569671630859e-01,0.000000000000000000e+00
4.809000000000000000e+04,5.121514201164245605e-01,6.037735849056603543e-01,2.784827351570129395e-01,0.000000000000000000e+00
4.810000000000000000e+04,5.222204327583312988e-01,6.037735849056603543e-01,2.710527479648590088e-01,0.000000000000000000e+00
4.811000000000000000e+04,5.074915885925292969e-01,6.132075471698112956e-01,2.841514945030212402e-01,0.000000000000000000e+00
4.812000000000000000e+04,5.105159878730773926e-01,5.566037735849056478e-01,2.586344778537750244e-01,0.000000000000000000e+00
4.813000000000000000e+04,4.979289174079895020e-01,6.037735849056603543e-01,2.287658154964447021e-01,0.000000000000000000e+00
4.814000000000000000e+04,5.031265616416931152e-01,5.849056603773584717e-01,2.592393457889556885e-01,0.000000000000000000e+00
4.815000000000000000e+04,5.160202980041503906e-01,6.037735849056603543e-01,2.599118351936340332e-01,0.000000000000000000e+00
4.816000000000000000e+04,5.045190453529357910e-01,5.754716981132075304e-01,2.487125992774963379e-01,0.000000000000000000e+00
4.817000000000000000e+04,4.967372119426727295e-01,6.037735849056603543e-01,2.435326278209686279e-01,0.000000000000000000e+00
4.818000000000000000e+04,5.111890435218811035e-01,5.943396226415094130e-01,2.504046261310577393e-01,0.000000000000000000e+00
4.819000000000000000e+04,5.095052123069763184e-01,5.943396226415094130e-01,2.596838176250457764e-01,0.000000000000000000e+00
4.820000000000000000e+04,5.199406147003173828e-01,5.849056603773584717e-01,2.726300656795501709e-01,0.000000000000000000e+00
4.821000000000000000e+04,5.046766400337219238e-01,5.943396226415094130e-01,2.711398899555206299e-01,0.000000000000000000e+00
4.822000000000000000e+04,5.226252675056457520e-01,5.660377358490565891e-01,2.818210124969482422e-01,0.000000000000000000e+00
4.823000000000000000e+04,5.223402976989746094e-01,6.037735849056603543e-01,2.838662266731262207e-01,0.000000000000000000e+00
4.824000000000000000e+04,5.222644209861755371e-01,6.037735849056603543e-01,2.762670218944549561e-01,0.000000000000000000e+00
4.825000000000000000e+04,5.202597379684448242e-01,5.660377358490565891e-01,2.985333502292633057e-01,0.000000000000000000e+00
4.826000000000000000e+04,5.176954269409179688e-01,6.132075471698112956e-01,2.729305028915405273e-01,0.000000000000000000e+00
4.827000000000000000e+04,5.319199562072753906e-01,5.754716981132075304e-01,3.111976385116577148e-01,0.000000000000000000e+00
4.828000000000000000e+04,5.192762017250061035e-01,5.754716981132075304e-01,2.763942778110504150e-01,0.000000000000000000e+00
4.829000000000000000e+04,5.244036316871643066e-01,5.943396226415094130e-01,2.864509522914886475e-01,0.000000000000000000e+00
4.830000000000000000e+04,5.170666575431823730e-01,6.037735849056603543e-01,2.758055627346038818e-01,0.000000000000000000e+00
4.831000000000000000e+04,5.085469484329223633e-01,5.943396226415094130e-01,2.885728180408477783e-01,0.000000000000000000e+00
4.832000000000000000e+04,4.980983436107635498e-01,5.849056603773584717e-01,2.819894850254058838e-01,0.000000000000000000e+00
4.833000000000000000e+04,4.980742931365966797e-01,5.849056603773584717e-01,2.848279476165771484e-01,0.000000000000000000e+00
4.834000000000000000e+04,4.963187277317047119e-01,5.754716981132075304e-01,2.813434004783630371e-01,0.000000000000000000e+00
4.835000000000000000e+04,5.076156854629516602e-01,5.943396226415094130e-01,2.669492959976196289e-01,0.000000000000000000e+00
4.836000000000000000e+04,5.186624526977539062e-01,6.037735849056603543e-01,2.934018969535827637e-01,0.000000000000000000e+00
4.837000000000000000e+04,5.068126916885375977e-01,6.132075471698112956e-01,2.695882022380828857e-01,0.000000000000000000e+00
4.838000000000000000e+04,5.188120007514953613e-01,5.943396226415094130e-01,2.831001877784729004e-01,0.000000000000000000e+00
4.839000000000000000e+04,5.194523334503173828e-01,5.754716981132075304e-01,2.754582166671752930e-01,0.000000000000000000e+00
4.840000000000000000e+04,5.171365737915039062e-01,5.943396226415094130e-01,2.695199847221374512e-01,0.000000000000000000e+00
4.841000000000000000e+04,4.922513067722320557e-01,5.943396226415094130e-01,2.610278725624084473e-01,0.000000000000000000e+00
4.842000000000000000e+04,5.049431920051574707e-01,6.037735849056603543e-01,2.722249329090118408e-01,0.000000000000000000e+00
4.843000000000000000e+04,5.061306953430175781e-01,6.226415094339622369e-01,2.508412599563598633e-01,0.000000000000000000e+00
4.844000000000000000e+04,5.133209824562072754e-01,6.320754716981131782e-01,2.642737925052642822e-01,0.000000000000000000e+00
4.845000000000000000e+04,5.103023052215576172e-01,6.037735849056603543e-01,2.583140432834625244e-01,0.000000000000000000e+00
4.846000000000000000e+04,5.078818202018737793e-01,5.943396226415094130e-01,2.385707199573516846e-01,0.000000000000000000e+00
4.847000000000000000e+04,4.943699240684509277e-01,6.226415094339622369e-01,2.212181687355041504e-01,0.000000000000000000e+00
4.848000000000000000e+04,5.034588575363159180e-01,6.226415094339622369e-01,2.533307373523712158e-01,0.000000000000000000e+00
4.849000000000000000e+04,4.830040037631988525e-01,6.132075471698112956e-01,2.355812191963195801e-01,0.000000000000000000e+00
4.850000000000000000e+04,4.876229166984558105e-01,6.037735849056603543e-01,2.390993237495422363e-01,0.000000000000000000e+00
4.851000000000000000e+04,4.867948591709136963e-01,6.226415094339622369e-01,2.348381429910659790e-01,0.000000000000000000e+00
4.852000000000000000e+04,4.876430928707122803e-01,5.943396226415094130e-01,2.063149809837341309e-01,0.000000000000000000e+00
4.853000000000000000e+04,4.829991757869720459e-01,6.226415094339622369e-01,2.293564081192016602e-01,0.000000000000000000e+00
4.854000000000000000e+04,4.818766415119171143e-01,5.566037735849056478e-01,2.551820576190948486e-01,0.000000000000000000e+00
4.855000000000000000e+04,4.725399017333984375e-01,5.660377358490565891e-01,2.476003766059875488e-01,0.000000000000000000e+00
4.856000000000000000e+04,4.844798743724822998e-01,5.849056603773584717e-01,2.552172541618347168e-01,0.000000000000000000e+00
4.857000000000000000e+04,4.711065888404846191e-01,6.037735849056603543e-01,2.236391305923461914e-01,0.000000000000000000e+00
4.858000000000000000e+04,4.775266647338867188e-01,5.943396226415094130e-01,2.238779664039611816e-01,0.000000000000000000e+00
4.859000000000000000e+04,4.743274748325347900e-01,6.132075471698112956e-01,1.998910754919052124e-01,0.000000000000000000e+00
4.860000000000000000e+04,4.953845739364624023e-01,5.660377358490565891e-01,2.645638287067413330e-01,0.000000000000000000e+00
4.861000000000000000e+04,5.228625535964965820e-01,5.754716981132075304e-01,2.754328548908233643e-01,0.000000000000000000e+00
4.862000000000000000e+04,5.127146840095520020e-01,5.754716981132075304e-01,2.712686359882354736e-01,0.000000000000000000e+00
4.863000000000000000e+04,5.084080696105957031e-01,5.849056603773584717e-01,2.683089971542358398e-01,0.000000000000000000e+00
4.864000000000000000e+04,4.990321695804595947e-01,5.754716981132075304e-01,2.672147452831268311e-01,0.000000000000000000e+00
4.865000000000000000e+04,4.862583875656127930e-01,6.320754716981131782e-01,2.324468046426773071e-01,0.000000000000000000e+00
4.866000000000000000e+04,5.069420933723449707e-01,6.226415094339622369e-01,2.546023726463317871e-01,0.000000000000000000e+00
4.867000000000000000e+04,5.198700428009033203e-01,6.037735849056603543e-01,2.780467271804809570e-01,0.000000000000000000e+00
4.868000000000000000e+04,5.180531144142150879e-01,5.943396226415094130e-01,2.833059132099151611e-01,0.000000000000000000e+00
4.869000000000000000e+04,5.201820731163024902e-01,6.037735849056603543e-01,2.843641936779022217e-01,0.000000000000000000e+00
4.870000000000000000e+04,5.217615962028503418e-01,5.849056603773584717e-01,2.939921915531158447e-01,0.000000000000000000e+00
4.871000000000000000e+04,5.119453072547912598e-01,6.037735849056603543e-01,2.846413254737854004e-01,0.000000000000000000e+00
4.872000000000000000e+04,5.208564996719360352e-01,5.754716981132075304e-01,3.018836975097656250e-01,0.000000000000000000e+00
4.873000000000000000e+04,5.156342983245849609e-01,5.943396226415094130e-01,3.078527748584747314e-01,0.000000000000000000e+00
4.874000000000000000e+04,5.160219669342041016e-01,5.660377358490565891e-01,3.035590946674346924e-01,0.000000000000000000e+00
4.875000000000000000e+04,5.172157883644104004e-01,5.849056603773584717e-01,2.801640331745147705e-01,0.000000000000000000e+00
4.876000000000000000e+04,5.139793157577514648e-01,5.849056603773584717e-01,2.988606393337249756e-01,0.000000000000000000e+00
4.877000000000000000e+04,5.302000641822814941e-01,5.943396226415094130e-01,3.126049637794494629e-01,0.000000000000000000e+00
4.878000000000000000e+04,5.269693732261657715e-01,6.037735849056603543e-01,2.886784374713897705e-01,0.000000000000000000e+00
4.879000000000000000e+04,5.425544381141662598e-01,5.849056603773584717e-01,2.945195138454437256e-01,0.000000000000000000e+00
4.880000000000000000e+04,5.270211696624755859e-01,5.754716981132075304e-01,3.046962916851043701e-01,0.000000000000000000e+00
4.881000000000000000e+04,5.198146104812622070e-01,6.037735849056603543e-01,2.762703299522399902e-01,0.000000000000000000e+00
4.882000000000000000e+04,5.281780362129211426e-01,5.943396226415094130e-01,3.015248179435729980e-01,0.000000000000000000e+00
4.883000000000000000e+04,5.044094920158386230e-01,5.566037735849056478e-01,2.757598757743835449e-01,0.000000000000000000e+00
4.884000000000000000e+04,5.191016793251037598e-01,5.754716981132075304e-01,2.851889729499816895e-01,0.000000000000000000e+00
4.885000000000000000e+04,5.229783058166503906e-01,5.754716981132075304e-01,2.645955383777618408e-01,0.000000000000000000e+00
4.886000000000000000e+04,5.105205774307250977e-01,5.943396226415094130e-01,2.702986001968383789e-01,0.000000000000000000e+00
4.887000000000000000e+04,5.327617526054382324e-01,5.943396226415094130e-01,2.744492590427398682e-01,0.000000000000000000e+00
4.888000000000000000e+04,5.164927840232849121e-01,6.132075471698112956e-01,2.870079576969146729e-01,0.000000000000000000e+00
4.889000000000000000e+04,5.021274685859680176e-01,5.943396226415094130e-01,2.531928420066833496e-01,0.000000000000000000e+00
4.890000000000000000e+04,5.253963470458984375e-01,5.754716981132075304e-01,2.799620628356933594e-01,0.000000000000000000e+00
4.891000000000000000e+04,5.014837980270385742e-01,5.660377358490565891e-01,2.716363966464996338e-01,0.000000000000000000e+00
4.892000000000000000e+04,4.971411228179931641e-01,5.754716981132075304e-01,2.451814711093902588e-01,0.000000000000000000e+00
4.893000000000000000e+04,4.856419265270233154e-01,6.132075471698112956e-01,2.432241439819335938e-01,0.000000000000000000e+00
4.894000000000000000e+04,4.781174063682556152e-01,5.754716981132075304e-01,2.422998100519180298e-01,0.000000000000000000e+00
4.895000000000000000e+04,4.919269680976867676e-01,5.943396226415094130e-01,2.560011744499206543e-01,0.000000000000000000e+00
4.896000000000000000e+04,4.917625784873962402e-01,6.037735849056603543e-01,2.541186809539794922e-01,0.000000000000000000e+00
4.897000000000000000e+04,4.977688789367675781e-01,5.943396226415094130e-01,2.528945207595825195e-01,0.000000000000000000e+00
4.898000000000000000e+04,5.110944509506225586e-01,6.037735849056603543e-01,2.596760094165802002e-01,0.000000000000000000e+00
4.899000000000000000e+04,5.189115405082702637e-01,6.132075471698112956e-01,2.799093723297119141e-01,0.000000000000000000e+00
4.900000000000000000e+04,5.118378996849060059e-01,5.943396226415094130e-01,2.632834613323211670e-01,0.000000000000000000e+00
4.901000000000000000e+04,5.223270058631896973e-01,6.132075471698112956e-01,2.561407089233398438e-01,0.000000000000000000e+00
4.902000000000000000e+04,5.055032372474670410e-01,5.943396226415094130e-01,2.642080485820770264e-01,0.000000000000000000e+00
4.903000000000000000e+04,5.278106331825256348e-01,6.037735849056603543e-01,2.844335138797760010e-01,0.000000000000000000e+00
4.904000000000000000e+04,5.148689746856689453e-01,5.849056603773584717e-01,3.029690086841583252e-01,0.000000000000000000e+00
4.905000000000000000e+04,5.114294290542602539e-01,5.754716981132075304e-01,2.789684534072875977e-01,0.000000000000000000e+00
4.906000000000000000e+04,5.217055082321166992e-01,5.943396226415094130e-01,2.787286937236785889e-01,0.000000000000000000e+00
4.907000000000000000e+04,5.202985405921936035e-01,5.943396226415094130e-01,2.509224414825439453e-01,0.000000000000000000e+00
4.908000000000000000e+04,5.188004970550537109e-01,6.037735849056603543e-01,2.629697024822235107e-01,0.000000000000000000e+00
4.909000000000000000e+04,5.143990516662597656e-01,5.754716981132075304e-01,2.493612021207809448e-01,0.000000000000000000e+00
4.910000000000000000e+04,5.196588635444641113e-01,6.132075471698112956e-01,2.575469017028808594e-01,0.000000000000000000e+00
4.911000000000000000e+04,5.320742726325988770e-01,5.849056603773584717e-01,2.737145423889160156e-01,0.000000000000000000e+00
4.912000000000000000e+04,5.200771093368530273e-01,5.660377358490565891e-01,2.650015056133270264e-01,0.000000000000000000e+00
4.913000000000000000e+04,5.286384224891662598e-01,5.754716981132075304e-01,2.811799049377441406e-01,0.000000000000000000e+00
4.914000000000000000e+04,5.269534587860107422e-01,5.566037735849056478e-01,2.489119619131088257e-01,0.000000000000000000e+00
4.915000000000000000e+04,5.174353718757629395e-01,5.660377358490565891e-01,2.536664009094238281e-01,0.000000000000000000e+00
4.916000000000000000e+04,5.198422670364379883e-01,5.849056603773584717e-01,2.597287893295288086e-01,0.000000000000000000e+00
4.917000000000000000e+04,5.337589979171752930e-01,5.849056603773584717e-01,2.681784629821777344e-01,0.000000000000000000e+00
4.918000000000000000e+04,5.262988805770874023e-01,5.566037735849056478e-01,2.587952613830566406e-01,0.000000000000000000e+00
4.919000000000000000e+04,5.364147424697875977e-01,5.660377358490565891e-01,2.670845091342926025e-01,0.000000000000000000e+00
4.920000000000000000e+04,5.283637046813964844e-01,5.849056603773584717e-01,2.533971965312957764e-01,0.000000000000000000e+00
4.921000000000000000e+04,5.222495198249816895e-01,6.037735849056603543e-01,2.377026677131652832e-01,0.000000000000000000e+00
4.922000000000000000e+04,5.326686501502990723e-01,5.754716981132075304e-01,2.450302988290786743e-01,0.000000000000000000e+00
4.923000000000000000e+04,5.261877179145812988e-01,5.943396226415094130e-01,2.372294366359710693e-01,0.000000000000000000e+00
4.924000000000000000e+04,5.275126099586486816e-01,5.943396226415094130e-01,2.137140631675720215e-01,0.000000000000000000e+00
4.925000000000000000e+04,5.357878208160400391e-01,5.849056603773584717e-01,2.171375006437301636e-01,0.000000000000000000e+00
4.926000000000000000e+04,5.205559134483337402e-01,5.849056603773584717e-01,2.102234214544296265e-01,0.000000000000000000e+00
4.927000000000000000e+04,5.385553240776062012e-01,5.660377358490565891e-01,2.097253352403640747e-01,0.000000000000000000e+00
4.928000000000000000e+04,5.312306880950927734e-01,6.037735849056603543e-01,2.208692431449890137e-01,0.000000000000000000e+00
4.929000000000000000e+04,5.561701655387878418e-01,5.943396226415094130e-01,2.464707046747207642e-01,0.000000000000000000e+00
4.930000000000000000e+04,5.593321919441223145e-01,5.849056603773584717e-01,2.637108564376831055e-01,0.000000000000000000e+00
4.931000000000000000e+04,5.652867555618286133e-01,5.849056603773584717e-01,2.779886126518249512e-01,0.000000000000000000e+00
4.932000000000000000e+04,5.519630908966064453e-01,5.754716981132075304e-01,2.606335878372192383e-01,0.000000000000000000e+00
4.933000000000000000e+04,5.771005153656005859e-01,5.471698113207547065e-01,2.820141911506652832e-01,0.000000000000000000e+00
4.934000000000000000e+04,5.706230998039245605e-01,5.754716981132075304e-01,2.644653618335723877e-01,0.000000000000000000e+00
4.935000000000000000e+04,5.818665027618408203e-01,5.660377358490565891e-01,2.496453076601028442e-01,0.000000000000000000e+00
4.936000000000000000e+04,5.602200031280517578e-01,5.754716981132075304e-01,2.559587359428405762e-01,0.000000000000000000e+00
4.937000000000000000e+04,5.727957487106323242e-01,5.754716981132075304e-01,2.596528828144073486e-01,0.000000000000000000e+00
4.938000000000000000e+04,5.861958265304565430e-01,5.849056603773584717e-01,2.634265720844268799e-01,0.000000000000000000e+00
4.939000000000000000e+04,5.667613744735717773e-01,5.849056603773584717e-01,2.416980117559432983e-01,0.000000000000000000e+00
4.940000000000000000e+04,5.643379092216491699e-01,5.754716981132075304e-01,2.509736716747283936e-01,0.000000000000000000e+00
4.941000000000000000e+04,5.583245754241943359e-01,5.754716981132075304e-01,2.341498583555221558e-01,0.000000000000000000e+00
4.942000000000000000e+04,5.491650700569152832e-01,5.754716981132075304e-01,2.695324718952178955e-01,0.000000000000000000e+00
4.943000000000000000e+04,5.597766041755676270e-01,5.566037735849056478e-01,2.615084052085876465e-01,0.000000000000000000e+00
4.944000000000000000e+04,5.732284188270568848e-01,5.754716981132075304e-01,2.690433859825134277e-01,0.000000000000000000e+00
4.945000000000000000e+04,5.614112019538879395e-01,5.754716981132075304e-01,2.576096057891845703e-01,0.000000000000000000e+00
4.946000000000000000e+04,5.569295883178710938e-01,5.849056603773584717e-01,2.422305196523666382e-01,0.000000000000000000e+00
4.947000000000000000e+04,5.677245259284973145e-01,5.943396226415094130e-01,2.375725954771041870e-01,0.000000000000000000e+00
4.948000000000000000e+04,5.563848018646240234e-01,5.849056603773584717e-01,2.260610163211822510e-01,0.000000000000000000e+00
4.949000000000000000e+04,5.570280551910400391e-01,5.943396226415094130e-01,2.090064883232116699e-01,0.000000000000000000e+00
4.950000000000000000e+04,5.410461425781250000e-01,5.943396226415094130e-01,2.112256586551666260e-01,0.000000000000000000e+00
4.951000000000000000e+04,5.465296506881713867e-01,5.849056603773584717e-01,2.285953462123870850e-01,0.000000000000000000e+00
4.952000000000000000e+04,5.597230195999145508e-01,5.754716981132075304e-01,2.278877645730972290e-01,0.000000000000000000e+00
4.953000000000000000e+04,5.388915538787841797e-01,5.849056603773584717e-01,2.112292945384979248e-01,0.000000000000000000e+00
4.954000000000000000e+04,5.533026456832885742e-01,5.660377358490565891e-01,2.082569301128387451e-01,0.000000000000000000e+00
4.955000000000000000e+04,5.601757168769836426e-01,5.566037735849056478e-01,2.215560078620910645e-01,0.000000000000000000e+00
4.956000000000000000e+04,5.604042410850524902e-01,5.377358490566037652e-01,2.213809490203857422e-01,0.000000000000000000e+00
4.957000000000000000e+04,5.524460673332214355e-01,5.754716981132075304e-01,2.380649745464324951e-01,0.000000000000000000e+00
4.958000000000000000e+04,5.292786359786987305e-01,6.037735849056603543e-01,2.191420048475265503e-01,0.000000000000000000e+00
4.959000000000000000e+04,5.458003282546997070e-01,5.754716981132075304e-01,2.481247782707214355e-01,0.000000000000000000e+00
4.960000000000000000e+04,5.455743074417114258e-01,5.849056603773584717e-01,2.457086890935897827e-01,0.000000000000000000e+00
4.961000000000000000e+04,5.629498958587646484e-01,5.849056603773584717e-01,2.531374394893646240e-01,0.000000000000000000e+00
4.962000000000000000e+04,5.710678696632385254e-01,5.754716981132075304e-01,2.653433978557586670e-01,0.000000000000000000e+00
4.963000000000000000e+04,5.705301761627197266e-01,5.754716981132075304e-01,2.322519272565841675e-01,0.000000000000000000e+00
4.964000000000000000e+04,5.598475337028503418e-01,5.377358490566037652e-01,2.667568027973175049e-01,0.000000000000000000e+00
4.965000000000000000e+04,5.745775103569030762e-01,5.660377358490565891e-01,2.793865501880645752e-01,0.000000000000000000e+00
4.966000000000000000e+04,5.391864180564880371e-01,5.849056603773584717e-01,2.264777421951293945e-01,0.000000000000000000e+00
4.967000000000000000e+04,5.732222199440002441e-01,5.660377358490565891e-01,2.604941725730895996e-01,0.000000000000000000e+00
4.968000000000000000e+04,5.581437349319458008e-01,5.849056603773584717e-01,2.326057255268096924e-01,0.000000000000000000e+00
4.969000000000000000e+04,5.587255358695983887e-01,5.849056603773584717e-01,2.553216218948364258e-01,0.000000000000000000e+00
4.970000000000000000e+04,5.798801779747009277e-01,5.849056603773584717e-01,2.428082078695297241e-01,0.000000000000000000e+00
4.971000000000000000e+04,5.587530136108398438e-01,5.849056603773584717e-01,2.399574816226959229e-01,0.000000000000000000e+00
4.972000000000000000e+04,5.390104055404663086e-01,5.660377358490565891e-01,2.428974807262420654e-01,0.000000000000000000e+00
4.973000000000000000e+04,5.432043075561523438e-01,5.849056603773584717e-01,2.308185696601867676e-01,0.000000000000000000e+00
4.974000000000000000e+04,5.364906191825866699e-01,6.037735849056603543e-01,2.066358774900436401e-01,0.000000000000000000e+00
4.975000000000000000e+04,5.603814125061035156e-01,5.849056603773584717e-01,2.502808272838592529e-01,0.000000000000000000e+00
4.976000000000000000e+04,5.301542878150939941e-01,5.849056603773584717e-01,2.119112163782119751e-01,0.000000000000000000e+00
4.977000000000000000e+04,5.730571746826171875e-01,5.849056603773584717e-01,2.632403671741485596e-01,0.000000000000000000e+00
4.978000000000000000e+04,5.754855275154113770e-01,5.849056603773584717e-01,2.672107219696044922e-01,0.000000000000000000e+00
4.979000000000000000e+04,5.693919062614440918e-01,5.566037735849056478e-01,2.579815685749053955e-01,0.000000000000000000e+00
4.980000000000000000e+04,5.772048830986022949e-01,5.754716981132075304e-01,2.522864937782287598e-01,0.000000000000000000e+00
4.981000000000000000e+04,5.809471607208251953e-01,5.943396226415094130e-01,2.514545917510986328e-01,0.000000000000000000e+00
4.982000000000000000e+04,5.723838806152343750e-01,5.849056603773584717e-01,2.591143548488616943e-01,0.000000000000000000e+00
4.983000000000000000e+04,5.727883577346801758e-01,5.754716981132075304e-01,2.628374099731445312e-01,0.000000000000000000e+00
4.984000000000000000e+04,5.753032565116882324e-01,5.377358490566037652e-01,2.444545626640319824e-01,0.000000000000000000e+00
4.985000000000000000e+04,5.892050862312316895e-01,5.660377358490565891e-01,2.410426288843154907e-01,0.000000000000000000e+00
4.986000000000000000e+04,5.961446166038513184e-01,5.660377358490565891e-01,2.486576735973358154e-01,0.000000000000000000e+00
4.987000000000000000e+04,5.899507403373718262e-01,5.660377358490565891e-01,2.453226745128631592e-01,0.000000000000000000e+00
4.988000000000000000e+04,5.879541039466857910e-01,5.471698113207547065e-01,2.376364022493362427e-01,0.000000000000000000e+00
4.989000000000000000e+04,5.818110108375549316e-01,5.660377358490565891e-01,2.520317733287811279e-01,0.000000000000000000e+00
4.990000000000000000e+04,5.883925557136535645e-01,5.660377358490565891e-01,2.645680904388427734e-01,0.000000000000000000e+00
4.991000000000000000e+04,5.941594839096069336e-01,5.566037735849056478e-01,2.495572417974472046e-01,0.000000000000000000e+00
4.992000000000000000e+04,5.935955643653869629e-01,5.660377358490565891e-01,2.419493347406387329e-01,0.000000000000000000e+00
4.993000000000000000e+04,5.929051637649536133e-01,5.849056603773584717e-01,2.739140987396240234e-01,0.000000000000000000e+00
4.994000000000000000e+04,5.950360298156738281e-01,5.660377358490565891e-01,2.574806511402130127e-01,0.000000000000000000e+00
4.995000000000000000e+04,5.681074857711791992e-01,5.849056603773584717e-01,2.526214420795440674e-01,0.000000000000000000e+00
4.996000000000000000e+04,5.706105232238769531e-01,6.037735849056603543e-01,2.586907148361206055e-01,0.000000000000000000e+00
4.997000000000000000e+04,5.517771244049072266e-01,5.849056603773584717e-01,2.524504363536834717e-01,0.000000000000000000e+00
4.998000000000000000e+04,5.611999630928039551e-01,5.943396226415094130e-01,2.462773621082305908e-01,0.000000000000000000e+00
4.999000000000000000e+04,5.542628765106201172e-01,5.849056603773584717e-01,2.249327003955841064e-01,0.000000000000000000e+00
