branch_key,action_sha256,action_type,child_sequence_sha256,baseline_role,parent_sequence_sha256,metric_name,metric_kind,comparable,reason,direction,unit,parent_value,child_value,raw_delta_child_minus_parent,improvement_delta,changed,delta_sha256
vegfa,316ddf0875431c2a80b4e1004d7f5fe6eb6cdfd2a28ea0aff3cebbc800c298e0,masked_substitution,4b99df8828f53c5cee8b1908a8c30878e3dcfa629fe2220bfcc36844da49f334,primary_parent,02e6e8a9041d1f5e02ded66ace7f1bf8353933cb460554f7d6d4f7827ee851e3,amp_read_log10_mic_um,numeric,true,same_frozen_numeric_contract,minimize,log10(uM),0.8502392420270765,1.0108833676247317,0.16064412559765529,-0.16064412559765529,true,7cd070c8ac3de739b66692ff133bf9c271bfdb1f53a8f8ee6121d229faa5274f
vegfa,316ddf0875431c2a80b4e1004d7f5fe6eb6cdfd2a28ea0aff3cebbc800c298e0,masked_substitution,4b99df8828f53c5cee8b1908a8c30878e3dcfa629fe2220bfcc36844da49f334,primary_parent,02e6e8a9041d1f5e02ded66ace7f1bf8353933cb460554f7d6d4f7827ee851e3,guruprasad_instability_index,numeric,true,same_frozen_numeric_contract,minimize,index,-9.308695652173913,-15.843478,-6.534782347826086,6.534782347826086,true,aa9cb5cbe3355ef6a6673743b23187c162324faf20fac4675df9d432d69f3182
vegfa,316ddf0875431c2a80b4e1004d7f5fe6eb6cdfd2a28ea0aff3cebbc800c298e0,masked_substitution,4b99df8828f53c5cee8b1908a8c30878e3dcfa629fe2220bfcc36844da49f334,primary_parent,02e6e8a9041d1f5e02ded66ace7f1bf8353933cb460554f7d6d4f7827ee851e3,hydrophobic_moment_eisenberg,numeric,false,audit_metric_has_no_monotonic_improvement_direction,audit,dimensionless,0.14056582796750103,0.14533663197657598,0.004770804009074953,,true,9d9e341ed73117206054c02a894b2431b43239079bb98c2082dadc367fa82703
vegfa,316ddf0875431c2a80b4e1004d7f5fe6eb6cdfd2a28ea0aff3cebbc800c298e0,masked_substitution,4b99df8828f53c5cee8b1908a8c30878e3dcfa629fe2220bfcc36844da49f334,primary_parent,02e6e8a9041d1f5e02ded66ace7f1bf8353933cb460554f7d6d4f7827ee851e3,hydrophobic_ratio_modlamp,numeric,false,audit_metric_has_no_monotonic_improvement_direction,audit,fraction,0.2608695652173913,0.21739130434782608,-0.043478260869565216,,true,f1732fb200c55b0c4ebe3fffd0f35f16c2e02b48d76925aa1c22696c83d5848d
vegfa,316ddf0875431c2a80b4e1004d7f5fe6eb6cdfd2a28ea0aff3cebbc800c298e0,masked_substitution,4b99df8828f53c5cee8b1908a8c30878e3dcfa629fe2220bfcc36844da49f334,primary_parent,02e6e8a9041d1f5e02ded66ace7f1bf8353933cb460554f7d6d4f7827ee851e3,llamp_log10_mic_um,numeric,true,same_frozen_numeric_contract,minimize,log10(uM),1.3610467910766602,1.4340428113937378,0.07299602031707764,-0.07299602031707764,true,c6d6207e3a4f3264eddfab70674a3971612be9f0a7c2399d72c845c2d3c8510d
vegfa,316ddf0875431c2a80b4e1004d7f5fe6eb6cdfd2a28ea0aff3cebbc800c298e0,masked_substitution,4b99df8828f53c5cee8b1908a8c30878e3dcfa629fe2220bfcc36844da49f334,primary_parent,02e6e8a9041d1f5e02ded66ace7f1bf8353933cb460554f7d6d4f7827ee851e3,macrel_amp_probability,numeric,true,same_frozen_numeric_contract,maximize,probability,0.584,0.501,-0.08299999999999996,-0.08299999999999996,true,f7c67cb16b0d7dc151b3b21924da70fd87cfd06e59db1ac6dbf38526732f5a6b
vegfa,316ddf0875431c2a80b4e1004d7f5fe6eb6cdfd2a28ea0aff3cebbc800c298e0,masked_substitution,4b99df8828f53c5cee8b1908a8c30878e3dcfa629fe2220bfcc36844da49f334,primary_parent,02e6e8a9041d1f5e02ded66ace7f1bf8353933cb460554f7d6d4f7827ee851e3,macrel_hemolysis_label,categorical,true,same_frozen_label_contract,audit,label,low,low,,,false,c967cdcd313ce5220cff3dfd90ec12956f9f916e07b1563eef046ab6cda019fa
vegfa,316ddf0875431c2a80b4e1004d7f5fe6eb6cdfd2a28ea0aff3cebbc800c298e0,masked_substitution,4b99df8828f53c5cee8b1908a8c30878e3dcfa629fe2220bfcc36844da49f334,primary_parent,02e6e8a9041d1f5e02ded66ace7f1bf8353933cb460554f7d6d4f7827ee851e3,macrel_hemolysis_probability,numeric,true,same_frozen_numeric_contract,minimize,probability,0.465,0.436,-0.029000000000000026,0.029000000000000026,true,b0c6b01cd5acbb7c5ec05889ce458ee216d1226c6bd8fd55ec34a37ade17a519
vegfa,316ddf0875431c2a80b4e1004d7f5fe6eb6cdfd2a28ea0aff3cebbc800c298e0,masked_substitution,4b99df8828f53c5cee8b1908a8c30878e3dcfa629fe2220bfcc36844da49f334,primary_parent,02e6e8a9041d1f5e02ded66ace7f1bf8353933cb460554f7d6d4f7827ee851e3,maximum_hydrophobic_run,numeric,true,same_frozen_numeric_contract,minimize,residues,2.0,1.0,-1.0,1.0,true,2be68b2abfad692f1c80edde9c5ac9a09538a8f2cd6e5fb249fd6f1b09433468
vegfa,316ddf0875431c2a80b4e1004d7f5fe6eb6cdfd2a28ea0aff3cebbc800c298e0,masked_substitution,4b99df8828f53c5cee8b1908a8c30878e3dcfa629fe2220bfcc36844da49f334,primary_parent,02e6e8a9041d1f5e02ded66ace7f1bf8353933cb460554f7d6d4f7827ee851e3,net_charge_ph7_4,numeric,false,audit_metric_has_no_monotonic_improvement_direction,audit,elementary_charge,6.112,6.112,0.0,,false,cda7f82b3fdc2af3e7c549ea5df0bd17460538461d30ae492c9dc13f809f8d8a
vegfa,316ddf0875431c2a80b4e1004d7f5fe6eb6cdfd2a28ea0aff3cebbc800c298e0,masked_substitution,4b99df8828f53c5cee8b1908a8c30878e3dcfa629fe2220bfcc36844da49f334,primary_parent,02e6e8a9041d1f5e02ded66ace7f1bf8353933cb460554f7d6d4f7827ee851e3,toxinpred3_hybrid_score,numeric,true,same_frozen_numeric_contract,minimize,dimensionless,0.0,0.37,0.37,-0.37,true,9311d337104178c715fc181c1b9f423e14389eed1948941cd7aa22c46940e3df
vegfa,316ddf0875431c2a80b4e1004d7f5fe6eb6cdfd2a28ea0aff3cebbc800c298e0,masked_substitution,4b99df8828f53c5cee8b1908a8c30878e3dcfa629fe2220bfcc36844da49f334,primary_parent,02e6e8a9041d1f5e02ded66ace7f1bf8353933cb460554f7d6d4f7827ee851e3,toxinpred3_label,categorical,true,same_frozen_label_contract,audit,label,Non-Toxin,Non-Toxin,,,false,b688f26aaeaf90130130f6180aa7bd76b4e08af303b177aaa78cde1a3e426f08
vegfa,dfa6e37789d718acc859208b6ed2bf359721c1a0adc2fd36f5c22d283a0fba47,controlled_crossover,f4c105c1e417f0ebb65a2e7f9f300d351819dcba680b37fefbb112bfd1579b16,primary_parent,f7c6d599d30a925ad4dfea9c420d3957952298b8d7b61539bdcb207de3ac770e,amp_read_log10_mic_um,numeric,true,same_frozen_numeric_contract,minimize,log10(uM),1.104533493873778,1.5887341398110175,0.48420064593723944,-0.48420064593723944,true,0197e23a0a335014bc226047b950d7ef3fe122e1ccb04cadd3aaa0cd18022a3a
vegfa,dfa6e37789d718acc859208b6ed2bf359721c1a0adc2fd36f5c22d283a0fba47,controlled_crossover,f4c105c1e417f0ebb65a2e7f9f300d351819dcba680b37fefbb112bfd1579b16,primary_parent,f7c6d599d30a925ad4dfea9c420d3957952298b8d7b61539bdcb207de3ac770e,guruprasad_instability_index,numeric,true,same_frozen_numeric_contract,minimize,index,-14.673913043478263,-17.113043,-2.4391299565217377,2.4391299565217377,true,b94020c2fcc8536fb6dd5b595cff40f94062ba4e50afdedbc282df6cbf6d4d96
vegfa,dfa6e37789d718acc859208b6ed2bf359721c1a0adc2fd36f5c22d283a0fba47,controlled_crossover,f4c105c1e417f0ebb65a2e7f9f300d351819dcba680b37fefbb112bfd1579b16,primary_parent,f7c6d599d30a925ad4dfea9c420d3957952298b8d7b61539bdcb207de3ac770e,hydrophobic_moment_eisenberg,numeric,false,audit_metric_has_no_monotonic_improvement_direction,audit,dimensionless,0.2627671665964588,0.16111092969335628,-0.10165623690310255,,true,95bc9d79e619adff022afb0c1d2e5dc0a6aff01501a62817852460ad8028844a
vegfa,dfa6e37789d718acc859208b6ed2bf359721c1a0adc2fd36f5c22d283a0fba47,controlled_crossover,f4c105c1e417f0ebb65a2e7f9f300d351819dcba680b37fefbb112bfd1579b16,primary_parent,f7c6d599d30a925ad4dfea9c420d3957952298b8d7b61539bdcb207de3ac770e,hydrophobic_ratio_modlamp,numeric,false,audit_metric_has_no_monotonic_improvement_direction,audit,fraction,0.21739130434782608,0.08695652173913043,-0.13043478260869565,,true,f8ab51a33c47a290d70156402c7231f553880ac3eb342c1f9eba7cb8e8aaa527
vegfa,dfa6e37789d718acc859208b6ed2bf359721c1a0adc2fd36f5c22d283a0fba47,controlled_crossover,f4c105c1e417f0ebb65a2e7f9f300d351819dcba680b37fefbb112bfd1579b16,primary_parent,f7c6d599d30a925ad4dfea9c420d3957952298b8d7b61539bdcb207de3ac770e,llamp_log10_mic_um,numeric,true,same_frozen_numeric_contract,minimize,log10(uM),1.016178011894226,1.1170543432235718,0.1008763313293457,-0.1008763313293457,true,ce898d360b4c8b98e55d06a21e2006d7d80066ce2b26ff8be680be7afbe5c261
vegfa,dfa6e37789d718acc859208b6ed2bf359721c1a0adc2fd36f5c22d283a0fba47,controlled_crossover,f4c105c1e417f0ebb65a2e7f9f300d351819dcba680b37fefbb112bfd1579b16,primary_parent,f7c6d599d30a925ad4dfea9c420d3957952298b8d7b61539bdcb207de3ac770e,macrel_amp_probability,numeric,true,same_frozen_numeric_contract,maximize,probability,0.521,0.376,-0.14500000000000002,-0.14500000000000002,true,4167ae75788adaae7dccc2d052f7364b44c2e2464780386358d93ebdfc1146bc
vegfa,dfa6e37789d718acc859208b6ed2bf359721c1a0adc2fd36f5c22d283a0fba47,controlled_crossover,f4c105c1e417f0ebb65a2e7f9f300d351819dcba680b37fefbb112bfd1579b16,primary_parent,f7c6d599d30a925ad4dfea9c420d3957952298b8d7b61539bdcb207de3ac770e,macrel_hemolysis_label,categorical,true,same_frozen_label_contract,audit,label,low,low,,,false,b8eba5c0c100f8a6326c361f79e8c3d9c0fae75b30d173031f20b10638a56577
vegfa,dfa6e37789d718acc859208b6ed2bf359721c1a0adc2fd36f5c22d283a0fba47,controlled_crossover,f4c105c1e417f0ebb65a2e7f9f300d351819dcba680b37fefbb112bfd1579b16,primary_parent,f7c6d599d30a925ad4dfea9c420d3957952298b8d7b61539bdcb207de3ac770e,macrel_hemolysis_probability,numeric,true,same_frozen_numeric_contract,minimize,probability,0.465,0.436,-0.029000000000000026,0.029000000000000026,true,fc7d08ff0c8330624696ba176407b2159f585cd8a0331480222759b340d1769c
vegfa,dfa6e37789d718acc859208b6ed2bf359721c1a0adc2fd36f5c22d283a0fba47,controlled_crossover,f4c105c1e417f0ebb65a2e7f9f300d351819dcba680b37fefbb112bfd1579b16,primary_parent,f7c6d599d30a925ad4dfea9c420d3957952298b8d7b61539bdcb207de3ac770e,maximum_hydrophobic_run,numeric,true,same_frozen_numeric_contract,minimize,residues,2.0,1.0,-1.0,1.0,true,f32b7d2f88b368c0394d40a7b93c26a64d26d660b3e143d206eb1bd4fe4e84df
vegfa,dfa6e37789d718acc859208b6ed2bf359721c1a0adc2fd36f5c22d283a0fba47,controlled_crossover,f4c105c1e417f0ebb65a2e7f9f300d351819dcba680b37fefbb112bfd1579b16,primary_parent,f7c6d599d30a925ad4dfea9c420d3957952298b8d7b61539bdcb207de3ac770e,net_charge_ph7_4,numeric,false,audit_metric_has_no_monotonic_improvement_direction,audit,elementary_charge,7.112,8.111,0.9990000000000006,,true,20b1fedc42ca189cc9e5cbe046a474190c19280cb8c6c52edfa746253baeaf60
vegfa,dfa6e37789d718acc859208b6ed2bf359721c1a0adc2fd36f5c22d283a0fba47,controlled_crossover,f4c105c1e417f0ebb65a2e7f9f300d351819dcba680b37fefbb112bfd1579b16,primary_parent,f7c6d599d30a925ad4dfea9c420d3957952298b8d7b61539bdcb207de3ac770e,toxinpred3_hybrid_score,numeric,true,same_frozen_numeric_contract,minimize,dimensionless,0.0,0.345,0.345,-0.345,true,d41eed108cf8cf4fb95af3bf2849fb02e86b9b81ca6cca27a58e95cecde5a0ed
vegfa,dfa6e37789d718acc859208b6ed2bf359721c1a0adc2fd36f5c22d283a0fba47,controlled_crossover,f4c105c1e417f0ebb65a2e7f9f300d351819dcba680b37fefbb112bfd1579b16,primary_parent,f7c6d599d30a925ad4dfea9c420d3957952298b8d7b61539bdcb207de3ac770e,toxinpred3_label,categorical,true,same_frozen_label_contract,audit,label,Non-Toxin,Non-Toxin,,,false,ee91a944d94bc4bc6754bf51932785166582bb861b6208edf13850c41b9a0c39
vegfa,dfa6e37789d718acc859208b6ed2bf359721c1a0adc2fd36f5c22d283a0fba47,controlled_crossover,f4c105c1e417f0ebb65a2e7f9f300d351819dcba680b37fefbb112bfd1579b16,donor_parent,dc6b9e097fdbb1cebc638561775ba07debfd2bcbae4b1e7dbb9a3812c90d1dda,amp_read_log10_mic_um,numeric,true,same_frozen_numeric_contract,minimize,log10(uM),1.4326805721868476,1.5887341398110175,0.1560535676241699,-0.1560535676241699,true,67f92338888044576466c5b23b71d71aa301deb557381d0fa1076e2258082538
vegfa,dfa6e37789d718acc859208b6ed2bf359721c1a0adc2fd36f5c22d283a0fba47,controlled_crossover,f4c105c1e417f0ebb65a2e7f9f300d351819dcba680b37fefbb112bfd1579b16,donor_parent,dc6b9e097fdbb1cebc638561775ba07debfd2bcbae4b1e7dbb9a3812c90d1dda,guruprasad_instability_index,numeric,true,same_frozen_numeric_contract,minimize,index,8.988461538461536,-17.113043,-26.101504538461537,26.101504538461537,true,3e27fc84cb266fea79aace3a2f5e3ad115d59b5b02fd67500570bae2cc7a38fa
vegfa,dfa6e37789d718acc859208b6ed2bf359721c1a0adc2fd36f5c22d283a0fba47,controlled_crossover,f4c105c1e417f0ebb65a2e7f9f300d351819dcba680b37fefbb112bfd1579b16,donor_parent,dc6b9e097fdbb1cebc638561775ba07debfd2bcbae4b1e7dbb9a3812c90d1dda,hydrophobic_moment_eisenberg,numeric,false,audit_metric_has_no_monotonic_improvement_direction,audit,dimensionless,0.05669057760399849,0.16111092969335628,0.10442035208935779,,true,992f72646bbb4430887bbf212d5c5447445b52fb9935d173238cb909230a0dc9
vegfa,dfa6e37789d718acc859208b6ed2bf359721c1a0adc2fd36f5c22d283a0fba47,controlled_crossover,f4c105c1e417f0ebb65a2e7f9f300d351819dcba680b37fefbb112bfd1579b16,donor_parent,dc6b9e097fdbb1cebc638561775ba07debfd2bcbae4b1e7dbb9a3812c90d1dda,hydrophobic_ratio_modlamp,numeric,false,audit_metric_has_no_monotonic_improvement_direction,audit,fraction,0.07692307692307693,0.08695652173913043,0.010033444816053505,,true,4922b1a283891d29ae50d1b079c87f44f1bef21acbbd4109c49660e723490b05
vegfa,dfa6e37789d718acc859208b6ed2bf359721c1a0adc2fd36f5c22d283a0fba47,controlled_crossover,f4c105c1e417f0ebb65a2e7f9f300d351819dcba680b37fefbb112bfd1579b16,donor_parent,dc6b9e097fdbb1cebc638561775ba07debfd2bcbae4b1e7dbb9a3812c90d1dda,llamp_log10_mic_um,numeric,true,same_frozen_numeric_contract,minimize,log10(uM),0.7191438674926758,1.1170543432235718,0.397910475730896,-0.397910475730896,true,95407a4e80aee5a1eb5597095f7d5c2f33526e3cc9b1f35aaa8d38eef0813c3a
vegfa,dfa6e37789d718acc859208b6ed2bf359721c1a0adc2fd36f5c22d283a0fba47,controlled_crossover,f4c105c1e417f0ebb65a2e7f9f300d351819dcba680b37fefbb112bfd1579b16,donor_parent,dc6b9e097fdbb1cebc638561775ba07debfd2bcbae4b1e7dbb9a3812c90d1dda,macrel_amp_probability,numeric,true,same_frozen_numeric_contract,maximize,probability,0.535,0.376,-0.15900000000000003,-0.15900000000000003,true,8ddbca7ccb7757a657ab447c85e94bb12675e45cf4572869aa71f36d840cde4f
vegfa,dfa6e37789d718acc859208b6ed2bf359721c1a0adc2fd36f5c22d283a0fba47,controlled_crossover,f4c105c1e417f0ebb65a2e7f9f300d351819dcba680b37fefbb112bfd1579b16,donor_parent,dc6b9e097fdbb1cebc638561775ba07debfd2bcbae4b1e7dbb9a3812c90d1dda,macrel_hemolysis_label,categorical,true,same_frozen_label_contract,audit,label,low,low,,,false,393ffa60ddca5c2fcd22007c7eb1854a779aebc2c7a43c91cad4bd1bee92d93d
vegfa,dfa6e37789d718acc859208b6ed2bf359721c1a0adc2fd36f5c22d283a0fba47,controlled_crossover,f4c105c1e417f0ebb65a2e7f9f300d351819dcba680b37fefbb112bfd1579b16,donor_parent,dc6b9e097fdbb1cebc638561775ba07debfd2bcbae4b1e7dbb9a3812c90d1dda,macrel_hemolysis_probability,numeric,true,same_frozen_numeric_contract,minimize,probability,0.386,0.436,0.04999999999999999,-0.04999999999999999,true,c3da840ee7b42152b28ddaced5e03aa9c9bf9a0cca3f1fdc6e1d3febe806786a
vegfa,dfa6e37789d718acc859208b6ed2bf359721c1a0adc2fd36f5c22d283a0fba47,controlled_crossover,f4c105c1e417f0ebb65a2e7f9f300d351819dcba680b37fefbb112bfd1579b16,donor_parent,dc6b9e097fdbb1cebc638561775ba07debfd2bcbae4b1e7dbb9a3812c90d1dda,maximum_hydrophobic_run,numeric,true,same_frozen_numeric_contract,minimize,residues,2.0,1.0,-1.0,1.0,true,8230fc307b4691fa0a6e39bd69e1fceabf13fa487672358704d7f996dbedf3ce
vegfa,dfa6e37789d718acc859208b6ed2bf359721c1a0adc2fd36f5c22d283a0fba47,controlled_crossover,f4c105c1e417f0ebb65a2e7f9f300d351819dcba680b37fefbb112bfd1579b16,donor_parent,dc6b9e097fdbb1cebc638561775ba07debfd2bcbae4b1e7dbb9a3812c90d1dda,net_charge_ph7_4,numeric,false,audit_metric_has_no_monotonic_improvement_direction,audit,elementary_charge,9.152,8.111,-1.0409999999999986,,true,911a58b5c62e527a2dc038c896aec057011d58851d4d910abf8c595cb1ec4f24
vegfa,dfa6e37789d718acc859208b6ed2bf359721c1a0adc2fd36f5c22d283a0fba47,controlled_crossover,f4c105c1e417f0ebb65a2e7f9f300d351819dcba680b37fefbb112bfd1579b16,donor_parent,dc6b9e097fdbb1cebc638561775ba07debfd2bcbae4b1e7dbb9a3812c90d1dda,toxinpred3_hybrid_score,numeric,true,same_frozen_numeric_contract,minimize,dimensionless,0.015,0.345,0.32999999999999996,-0.32999999999999996,true,62992a40b38eb4f5acce945b2ae0529e6abbc2b6bdb3d7f23bb0ccbea029d165
vegfa,dfa6e37789d718acc859208b6ed2bf359721c1a0adc2fd36f5c22d283a0fba47,controlled_crossover,f4c105c1e417f0ebb65a2e7f9f300d351819dcba680b37fefbb112bfd1579b16,donor_parent,dc6b9e097fdbb1cebc638561775ba07debfd2bcbae4b1e7dbb9a3812c90d1dda,toxinpred3_label,categorical,true,same_frozen_label_contract,audit,label,Non-Toxin,Non-Toxin,,,false,d95e3e0d5296c058b689aeb11ee35a205bc7722e298e193c60f4df20b2c19f9f
vegfa,7486a27d340ec9db036d036537ec27379939774f1317021ab32d8af6b946ada0,de_novo,eb45a620a76bd0ae43f3fb628bfdfc4ede883d40e05d6421039e1526f76f1616,none,,amp_read_log10_mic_um,numeric,false,de_novo_has_no_biological_parent,,,,1.1801236417051282,,,,e85af12a727d643bd6cd418b7d89a733aefcdcfb8012c97be8d2ae08f40baabf
vegfa,7486a27d340ec9db036d036537ec27379939774f1317021ab32d8af6b946ada0,de_novo,eb45a620a76bd0ae43f3fb628bfdfc4ede883d40e05d6421039e1526f76f1616,none,,guruprasad_instability_index,numeric,false,de_novo_has_no_biological_parent,,,,17.072727,,,,f9f8f05c91801b09c20a5afe3a9609d44ec59df2181ceb2a3c9834619bd8ba3d
vegfa,7486a27d340ec9db036d036537ec27379939774f1317021ab32d8af6b946ada0,de_novo,eb45a620a76bd0ae43f3fb628bfdfc4ede883d40e05d6421039e1526f76f1616,none,,hydrophobic_moment_eisenberg,numeric,false,de_novo_has_no_biological_parent,,,,0.42373204395125597,,,,5d61ae76e5bf73574d684ea2a1077051b7b2ddd9497cab9d4df25c25dc73c2ec
vegfa,7486a27d340ec9db036d036537ec27379939774f1317021ab32d8af6b946ada0,de_novo,eb45a620a76bd0ae43f3fb628bfdfc4ede883d40e05d6421039e1526f76f1616,none,,hydrophobic_ratio_modlamp,numeric,false,de_novo_has_no_biological_parent,,,,0.36363636363636365,,,,0b1e78db0589ba77211d8090739da3ba832cade5526dc8fef717ba42adf8f2ee
vegfa,7486a27d340ec9db036d036537ec27379939774f1317021ab32d8af6b946ada0,de_novo,eb45a620a76bd0ae43f3fb628bfdfc4ede883d40e05d6421039e1526f76f1616,none,,llamp_log10_mic_um,numeric,false,de_novo_has_no_biological_parent,,,,1.2709089517593384,,,,8ae49a76386db56868f857203106d46384284207a7df6745d8c12e3a92912d3b
vegfa,7486a27d340ec9db036d036537ec27379939774f1317021ab32d8af6b946ada0,de_novo,eb45a620a76bd0ae43f3fb628bfdfc4ede883d40e05d6421039e1526f76f1616,none,,macrel_amp_probability,numeric,false,de_novo_has_no_biological_parent,,,,0.713,,,,430ae6ba3d202a376d937c13df954881898d034a97474fbd2b04bbd9f8d4d7bb
vegfa,7486a27d340ec9db036d036537ec27379939774f1317021ab32d8af6b946ada0,de_novo,eb45a620a76bd0ae43f3fb628bfdfc4ede883d40e05d6421039e1526f76f1616,none,,macrel_hemolysis_label,categorical,false,de_novo_has_no_biological_parent,,,,high,,,,3f3e74dae328070c8b86d284d20cac9c0b8e7591a496bac87f7fd403d0714458
vegfa,7486a27d340ec9db036d036537ec27379939774f1317021ab32d8af6b946ada0,de_novo,eb45a620a76bd0ae43f3fb628bfdfc4ede883d40e05d6421039e1526f76f1616,none,,macrel_hemolysis_probability,numeric,false,de_novo_has_no_biological_parent,,,,0.782,,,,94fc70bdda204c1e374961a26132f745d4b56a2c1fe3faf693b20741dfaa6182
vegfa,7486a27d340ec9db036d036537ec27379939774f1317021ab32d8af6b946ada0,de_novo,eb45a620a76bd0ae43f3fb628bfdfc4ede883d40e05d6421039e1526f76f1616,none,,maximum_hydrophobic_run,numeric,false,de_novo_has_no_biological_parent,,,,2,,,,a9dbfed2a345df23d55ed74d354d80fb230af664dbaf15629a237e8d492e4301
vegfa,7486a27d340ec9db036d036537ec27379939774f1317021ab32d8af6b946ada0,de_novo,eb45a620a76bd0ae43f3fb628bfdfc4ede883d40e05d6421039e1526f76f1616,none,,net_charge_ph7_4,numeric,false,de_novo_has_no_biological_parent,,,,7.029,,,,8d707d1fcfe54251cb7e7890268b996f075f97c1a1cf848e719c9599cdc0116e
vegfa,7486a27d340ec9db036d036537ec27379939774f1317021ab32d8af6b946ada0,de_novo,eb45a620a76bd0ae43f3fb628bfdfc4ede883d40e05d6421039e1526f76f1616,none,,toxinpred3_hybrid_score,numeric,false,de_novo_has_no_biological_parent,,,,0.0,,,,249603f47e6b2ab3547f6518ff7d37486187b0161a475def71bf5bafca90526f
vegfa,7486a27d340ec9db036d036537ec27379939774f1317021ab32d8af6b946ada0,de_novo,eb45a620a76bd0ae43f3fb628bfdfc4ede883d40e05d6421039e1526f76f1616,none,,toxinpred3_label,categorical,false,de_novo_has_no_biological_parent,,,,Non-Toxin,,,,eafe646c6e64c175370b0482e6787a9d2c2a49b93795319b9f523cefe423b1ce
vegfa,04e229bef31daa2236740312f4c8f676062fcc7795e40da34de1ed17c4df0d0f,de_novo,1d0afcbb3e92b8f07d348759e30f4b860f350b0e3a3854e9a2d8553cadf69367,none,,amp_read_log10_mic_um,numeric,false,de_novo_has_no_biological_parent,,,,1.7110555717550398,,,,a1263628bd8ee168f28cfb876fc08de5f03f848603893104ae329421b549c34e
vegfa,04e229bef31daa2236740312f4c8f676062fcc7795e40da34de1ed17c4df0d0f,de_novo,1d0afcbb3e92b8f07d348759e30f4b860f350b0e3a3854e9a2d8553cadf69367,none,,guruprasad_instability_index,numeric,false,de_novo_has_no_biological_parent,,,,45.372727,,,,f2ca99e45bdbea9a4963870592d47112d80c527ae2969e2eb6984167713d60f8
vegfa,04e229bef31daa2236740312f4c8f676062fcc7795e40da34de1ed17c4df0d0f,de_novo,1d0afcbb3e92b8f07d348759e30f4b860f350b0e3a3854e9a2d8553cadf69367,none,,hydrophobic_moment_eisenberg,numeric,false,de_novo_has_no_biological_parent,,,,0.1886899041317747,,,,1faa6ac556f0087302c560498f3c8c70000e124a072a5df7451d97a23e7acd5c
vegfa,04e229bef31daa2236740312f4c8f676062fcc7795e40da34de1ed17c4df0d0f,de_novo,1d0afcbb3e92b8f07d348759e30f4b860f350b0e3a3854e9a2d8553cadf69367,none,,hydrophobic_ratio_modlamp,numeric,false,de_novo_has_no_biological_parent,,,,0.18181818181818182,,,,c5009d7666377ac600456270e2bb0ac8a70ce05d3abc28d14d23eff4d4da8c97
vegfa,04e229bef31daa2236740312f4c8f676062fcc7795e40da34de1ed17c4df0d0f,de_novo,1d0afcbb3e92b8f07d348759e30f4b860f350b0e3a3854e9a2d8553cadf69367,none,,llamp_log10_mic_um,numeric,false,de_novo_has_no_biological_parent,,,,0.3353142738342285,,,,45bb21013748a94d8e809e5041bbf8981041ee6399348bc074facf96ce1ebf06
vegfa,04e229bef31daa2236740312f4c8f676062fcc7795e40da34de1ed17c4df0d0f,de_novo,1d0afcbb3e92b8f07d348759e30f4b860f350b0e3a3854e9a2d8553cadf69367,none,,macrel_amp_probability,numeric,false,de_novo_has_no_biological_parent,,,,0.297,,,,611b179bdbb950017128e1f1b36098c09f50d0b6da0f3280dc32d45c6b765f52
vegfa,04e229bef31daa2236740312f4c8f676062fcc7795e40da34de1ed17c4df0d0f,de_novo,1d0afcbb3e92b8f07d348759e30f4b860f350b0e3a3854e9a2d8553cadf69367,none,,macrel_hemolysis_label,categorical,false,de_novo_has_no_biological_parent,,,,high,,,,40ba72d7a742a1fa82ef2781d59b7516d202bcc53b2163070fe7c8f4364d7fc9
vegfa,04e229bef31daa2236740312f4c8f676062fcc7795e40da34de1ed17c4df0d0f,de_novo,1d0afcbb3e92b8f07d348759e30f4b860f350b0e3a3854e9a2d8553cadf69367,none,,macrel_hemolysis_probability,numeric,false,de_novo_has_no_biological_parent,,,,0.653,,,,c01f81647ef99a2c08c00e081a23ee66468b3d2591f359a88a5f66fb812e5fb2
vegfa,04e229bef31daa2236740312f4c8f676062fcc7795e40da34de1ed17c4df0d0f,de_novo,1d0afcbb3e92b8f07d348759e30f4b860f350b0e3a3854e9a2d8553cadf69367,none,,maximum_hydrophobic_run,numeric,false,de_novo_has_no_biological_parent,,,,2,,,,8d9ceb43a26a5379a0a88941f7de369d18c2f7c1720d39c6df47040b8084c1e5
vegfa,04e229bef31daa2236740312f4c8f676062fcc7795e40da34de1ed17c4df0d0f,de_novo,1d0afcbb3e92b8f07d348759e30f4b860f350b0e3a3854e9a2d8553cadf69367,none,,net_charge_ph7_4,numeric,false,de_novo_has_no_biological_parent,,,,13.067,,,,6b1ef4c8f53279de7199f66a5097082c84e64dabe6bc4ecc9ca1396184980578
vegfa,04e229bef31daa2236740312f4c8f676062fcc7795e40da34de1ed17c4df0d0f,de_novo,1d0afcbb3e92b8f07d348759e30f4b860f350b0e3a3854e9a2d8553cadf69367,none,,toxinpred3_hybrid_score,numeric,false,de_novo_has_no_biological_parent,,,,0.43,,,,f54a8850c166f46237b22b17a38c443aa93ef9f80567a6bf10eaf3daed6a1af3
vegfa,04e229bef31daa2236740312f4c8f676062fcc7795e40da34de1ed17c4df0d0f,de_novo,1d0afcbb3e92b8f07d348759e30f4b860f350b0e3a3854e9a2d8553cadf69367,none,,toxinpred3_label,categorical,false,de_novo_has_no_biological_parent,,,,Toxin,,,,ad63aba061b8ce3dc1718616add60ca689bbf882c15bbde47cb7f7eedbf92b01
vegfa,3176f05ece6b548845e32568b9b8334f2f69f639d7fe79ccba20c0273c171967,masked_substitution,50d203be85bfcc98dda67ae7d8d3da70eece263c3b5875d45d8f08cf1ff8bb1c,primary_parent,02e6e8a9041d1f5e02ded66ace7f1bf8353933cb460554f7d6d4f7827ee851e3,amp_read_log10_mic_um,numeric,true,same_frozen_numeric_contract,minimize,log10(uM),0.8502392420270765,0.9136748484232556,0.06343560639617918,-0.06343560639617918,true,73ceb5425d837d9bf06c8bf196e84f573b2fc11ed2c8cb48f1109361175e338b
vegfa,3176f05ece6b548845e32568b9b8334f2f69f639d7fe79ccba20c0273c171967,masked_substitution,50d203be85bfcc98dda67ae7d8d3da70eece263c3b5875d45d8f08cf1ff8bb1c,primary_parent,02e6e8a9041d1f5e02ded66ace7f1bf8353933cb460554f7d6d4f7827ee851e3,guruprasad_instability_index,numeric,true,same_frozen_numeric_contract,minimize,index,-9.308695652173913,-12.586957,-3.2782613478260867,3.2782613478260867,true,215da97dad37257fb74983c17bf4061583a64bea7ca1ab981ea1c0951a511b92
vegfa,3176f05ece6b548845e32568b9b8334f2f69f639d7fe79ccba20c0273c171967,masked_substitution,50d203be85bfcc98dda67ae7d8d3da70eece263c3b5875d45d8f08cf1ff8bb1c,primary_parent,02e6e8a9041d1f5e02ded66ace7f1bf8353933cb460554f7d6d4f7827ee851e3,hydrophobic_moment_eisenberg,numeric,false,audit_metric_has_no_monotonic_improvement_direction,audit,dimensionless,0.14056582796750103,0.14639520921627325,0.00582938124877222,,true,7bc5dd3c776952aa8da1435b8aa767205c39b11cd66858fbcab38c655753d07e
vegfa,3176f05ece6b548845e32568b9b8334f2f69f639d7fe79ccba20c0273c171967,masked_substitution,50d203be85bfcc98dda67ae7d8d3da70eece263c3b5875d45d8f08cf1ff8bb1c,primary_parent,02e6e8a9041d1f5e02ded66ace7f1bf8353933cb460554f7d6d4f7827ee851e3,hydrophobic_ratio_modlamp,numeric,false,audit_metric_has_no_monotonic_improvement_direction,audit,fraction,0.2608695652173913,0.21739130434782608,-0.043478260869565216,,true,f84247ea589c85ca08d20395709f637ed7b79c40b8983ea7d6374ce1c04d7a1b
vegfa,3176f05ece6b548845e32568b9b8334f2f69f639d7fe79ccba20c0273c171967,masked_substitution,50d203be85bfcc98dda67ae7d8d3da70eece263c3b5875d45d8f08cf1ff8bb1c,primary_parent,02e6e8a9041d1f5e02ded66ace7f1bf8353933cb460554f7d6d4f7827ee851e3,llamp_log10_mic_um,numeric,true,same_frozen_numeric_contract,minimize,log10(uM),1.3610467910766602,1.4707162380218506,0.10966944694519043,-0.10966944694519043,true,774244b7b61470c36c4d2962067c043a31232a5a7f1f5419179b2f2eec08ff76
vegfa,3176f05ece6b548845e32568b9b8334f2f69f639d7fe79ccba20c0273c171967,masked_substitution,50d203be85bfcc98dda67ae7d8d3da70eece263c3b5875d45d8f08cf1ff8bb1c,primary_parent,02e6e8a9041d1f5e02ded66ace7f1bf8353933cb460554f7d6d4f7827ee851e3,macrel_amp_probability,numeric,true,same_frozen_numeric_contract,maximize,probability,0.584,0.471,-0.11299999999999999,-0.11299999999999999,true,ee7d61ccd1a0aeeac181e5f77d4ab508e92326af455f745bd3fb76b1803e6968
vegfa,3176f05ece6b548845e32568b9b8334f2f69f639d7fe79ccba20c0273c171967,masked_substitution,50d203be85bfcc98dda67ae7d8d3da70eece263c3b5875d45d8f08cf1ff8bb1c,primary_parent,02e6e8a9041d1f5e02ded66ace7f1bf8353933cb460554f7d6d4f7827ee851e3,macrel_hemolysis_label,categorical,true,same_frozen_label_contract,audit,label,low,low,,,false,5c3029b94409a983e318da3f6262d5267618f14e4479f0a6f2876827bc4ca100
vegfa,3176f05ece6b548845e32568b9b8334f2f69f639d7fe79ccba20c0273c171967,masked_substitution,50d203be85bfcc98dda67ae7d8d3da70eece263c3b5875d45d8f08cf1ff8bb1c,primary_parent,02e6e8a9041d1f5e02ded66ace7f1bf8353933cb460554f7d6d4f7827ee851e3,macrel_hemolysis_probability,numeric,true,same_frozen_numeric_contract,minimize,probability,0.465,0.455,-0.010000000000000009,0.010000000000000009,true,d723681d5a85df9d3ec64bd0ac6a806c2fa8b7f0828a20c15fcd384488d8383d
vegfa,3176f05ece6b548845e32568b9b8334f2f69f639d7fe79ccba20c0273c171967,masked_substitution,50d203be85bfcc98dda67ae7d8d3da70eece263c3b5875d45d8f08cf1ff8bb1c,primary_parent,02e6e8a9041d1f5e02ded66ace7f1bf8353933cb460554f7d6d4f7827ee851e3,maximum_hydrophobic_run,numeric,true,same_frozen_numeric_contract,minimize,residues,2.0,1.0,-1.0,1.0,true,2f496d274ddd48f3d9ea0ceb26e8a61e54bcf08e070fc6e8d8b4600640d2f44c
vegfa,3176f05ece6b548845e32568b9b8334f2f69f639d7fe79ccba20c0273c171967,masked_substitution,50d203be85bfcc98dda67ae7d8d3da70eece263c3b5875d45d8f08cf1ff8bb1c,primary_parent,02e6e8a9041d1f5e02ded66ace7f1bf8353933cb460554f7d6d4f7827ee851e3,net_charge_ph7_4,numeric,false,audit_metric_has_no_monotonic_improvement_direction,audit,elementary_charge,6.112,6.112,0.0,,false,b3fa17891567b3d5a8152f730ee483b484d395efdee1a95de23ae90626a6c4a5
vegfa,3176f05ece6b548845e32568b9b8334f2f69f639d7fe79ccba20c0273c171967,masked_substitution,50d203be85bfcc98dda67ae7d8d3da70eece263c3b5875d45d8f08cf1ff8bb1c,primary_parent,02e6e8a9041d1f5e02ded66ace7f1bf8353933cb460554f7d6d4f7827ee851e3,toxinpred3_hybrid_score,numeric,true,same_frozen_numeric_contract,minimize,dimensionless,0.0,0.38,0.38,-0.38,true,d1f2cbb4fd2e3aebfa836e4c6ef0a2cb8d4768a9f8930ed526cd407ac2244c97
vegfa,3176f05ece6b548845e32568b9b8334f2f69f639d7fe79ccba20c0273c171967,masked_substitution,50d203be85bfcc98dda67ae7d8d3da70eece263c3b5875d45d8f08cf1ff8bb1c,primary_parent,02e6e8a9041d1f5e02ded66ace7f1bf8353933cb460554f7d6d4f7827ee851e3,toxinpred3_label,categorical,true,same_frozen_label_contract,audit,label,Non-Toxin,Non-Toxin,,,false,42290f213dfd237d8922229d44a166cf424ad1f80f9789a999385f1a83df76ae
vegfa,3450fa273eb274b667be8f145a2c57a5c3a63a58cd0679b7b5e26b67c186ff90,controlled_crossover,c8431efed817ac0e2c7ebef7b413e5b4f56503c8dbcbf6ededae9cfe677e1186,primary_parent,f7c6d599d30a925ad4dfea9c420d3957952298b8d7b61539bdcb207de3ac770e,amp_read_log10_mic_um,numeric,true,same_frozen_numeric_contract,minimize,log10(uM),1.104533493873778,2.0413888917450405,0.9368553978712624,-0.9368553978712624,true,3e83f6cb0081e6112e9c40259ae65a112742e940bdb7c037bfe55adc2c5d5047
vegfa,3450fa273eb274b667be8f145a2c57a5c3a63a58cd0679b7b5e26b67c186ff90,controlled_crossover,c8431efed817ac0e2c7ebef7b413e5b4f56503c8dbcbf6ededae9cfe677e1186,primary_parent,f7c6d599d30a925ad4dfea9c420d3957952298b8d7b61539bdcb207de3ac770e,guruprasad_instability_index,numeric,true,same_frozen_numeric_contract,minimize,index,-14.673913043478263,-16.265217,-1.5913039565217364,1.5913039565217364,true,5560a572446a2d1e6efd71ca08a0fe9fed31778bce8a25e3d058518bb5f80b1b
vegfa,3450fa273eb274b667be8f145a2c57a5c3a63a58cd0679b7b5e26b67c186ff90,controlled_crossover,c8431efed817ac0e2c7ebef7b413e5b4f56503c8dbcbf6ededae9cfe677e1186,primary_parent,f7c6d599d30a925ad4dfea9c420d3957952298b8d7b61539bdcb207de3ac770e,hydrophobic_moment_eisenberg,numeric,false,audit_metric_has_no_monotonic_improvement_direction,audit,dimensionless,0.2627671665964588,0.1407264966013106,-0.12204066999514823,,true,3d44692ce87c7001ca301f0f83e4ffe2c9c55af033c262699211d88a02a634a6
vegfa,3450fa273eb274b667be8f145a2c57a5c3a63a58cd0679b7b5e26b67c186ff90,controlled_crossover,c8431efed817ac0e2c7ebef7b413e5b4f56503c8dbcbf6ededae9cfe677e1186,primary_parent,f7c6d599d30a925ad4dfea9c420d3957952298b8d7b61539bdcb207de3ac770e,hydrophobic_ratio_modlamp,numeric,false,audit_metric_has_no_monotonic_improvement_direction,audit,fraction,0.21739130434782608,0.08695652173913043,-0.13043478260869565,,true,a3209b8f36c087bb716839698e077b3bce8281287456e8e7f395edd5ad999b5e
vegfa,3450fa273eb274b667be8f145a2c57a5c3a63a58cd0679b7b5e26b67c186ff90,controlled_crossover,c8431efed817ac0e2c7ebef7b413e5b4f56503c8dbcbf6ededae9cfe677e1186,primary_parent,f7c6d599d30a925ad4dfea9c420d3957952298b8d7b61539bdcb207de3ac770e,llamp_log10_mic_um,numeric,true,same_frozen_numeric_contract,minimize,log10(uM),1.016178011894226,1.3314582109451294,0.3152801990509033,-0.3152801990509033,true,d3bc48be07f6e5a4a9b8682add3205af2b4a917aa5fe35134059b4f72db248f9
vegfa,3450fa273eb274b667be8f145a2c57a5c3a63a58cd0679b7b5e26b67c186ff90,controlled_crossover,c8431efed817ac0e2c7ebef7b413e5b4f56503c8dbcbf6ededae9cfe677e1186,primary_parent,f7c6d599d30a925ad4dfea9c420d3957952298b8d7b61539bdcb207de3ac770e,macrel_amp_probability,numeric,true,same_frozen_numeric_contract,maximize,probability,0.521,0.386,-0.135,-0.135,true,eb575718426c7dd35565bc30a433442c144c7136d9335a998b757f746abd3c97
vegfa,3450fa273eb274b667be8f145a2c57a5c3a63a58cd0679b7b5e26b67c186ff90,controlled_crossover,c8431efed817ac0e2c7ebef7b413e5b4f56503c8dbcbf6ededae9cfe677e1186,primary_parent,f7c6d599d30a925ad4dfea9c420d3957952298b8d7b61539bdcb207de3ac770e,macrel_hemolysis_label,categorical,true,same_frozen_label_contract,audit,label,low,low,,,false,dd6737baad1b519dfcadc5ad103143321848dda4e67fc1454969ab1c5f88baaf
vegfa,3450fa273eb274b667be8f145a2c57a5c3a63a58cd0679b7b5e26b67c186ff90,controlled_crossover,c8431efed817ac0e2c7ebef7b413e5b4f56503c8dbcbf6ededae9cfe677e1186,primary_parent,f7c6d599d30a925ad4dfea9c420d3957952298b8d7b61539bdcb207de3ac770e,macrel_hemolysis_probability,numeric,true,same_frozen_numeric_contract,minimize,probability,0.465,0.426,-0.039000000000000035,0.039000000000000035,true,71a5e89c6e721a9f6f0e7eeaf09f46c1234a6573789dbb589c7bb6be315575ec
vegfa,3450fa273eb274b667be8f145a2c57a5c3a63a58cd0679b7b5e26b67c186ff90,controlled_crossover,c8431efed817ac0e2c7ebef7b413e5b4f56503c8dbcbf6ededae9cfe677e1186,primary_parent,f7c6d599d30a925ad4dfea9c420d3957952298b8d7b61539bdcb207de3ac770e,maximum_hydrophobic_run,numeric,true,same_frozen_numeric_contract,minimize,residues,2.0,1.0,-1.0,1.0,true,ddfba12fe2362d500fbaf6ed2d6f3465c6d5642f7b5770de0e0db36395616f16
vegfa,3450fa273eb274b667be8f145a2c57a5c3a63a58cd0679b7b5e26b67c186ff90,controlled_crossover,c8431efed817ac0e2c7ebef7b413e5b4f56503c8dbcbf6ededae9cfe677e1186,primary_parent,f7c6d599d30a925ad4dfea9c420d3957952298b8d7b61539bdcb207de3ac770e,net_charge_ph7_4,numeric,false,audit_metric_has_no_monotonic_improvement_direction,audit,elementary_charge,7.112,7.111,-0.001000000000000334,,true,7a925237cfc273d8f7d586b8e0a616875faf1abdf73bf19f2562432dade97ba0
vegfa,3450fa273eb274b667be8f145a2c57a5c3a63a58cd0679b7b5e26b67c186ff90,controlled_crossover,c8431efed817ac0e2c7ebef7b413e5b4f56503c8dbcbf6ededae9cfe677e1186,primary_parent,f7c6d599d30a925ad4dfea9c420d3957952298b8d7b61539bdcb207de3ac770e,toxinpred3_hybrid_score,numeric,true,same_frozen_numeric_contract,minimize,dimensionless,0.0,0.0,0.0,-0.0,false,35211f1d3eb820c85967265c08d30dff1cbd14f7c528ec6a54e58ba32360161b
vegfa,3450fa273eb274b667be8f145a2c57a5c3a63a58cd0679b7b5e26b67c186ff90,controlled_crossover,c8431efed817ac0e2c7ebef7b413e5b4f56503c8dbcbf6ededae9cfe677e1186,primary_parent,f7c6d599d30a925ad4dfea9c420d3957952298b8d7b61539bdcb207de3ac770e,toxinpred3_label,categorical,true,same_frozen_label_contract,audit,label,Non-Toxin,Non-Toxin,,,false,7b74af7b133b1070ffba447440fe90df0b5632fc5efea93a4167ede1974bd8eb
vegfa,3450fa273eb274b667be8f145a2c57a5c3a63a58cd0679b7b5e26b67c186ff90,controlled_crossover,c8431efed817ac0e2c7ebef7b413e5b4f56503c8dbcbf6ededae9cfe677e1186,donor_parent,dc6b9e097fdbb1cebc638561775ba07debfd2bcbae4b1e7dbb9a3812c90d1dda,amp_read_log10_mic_um,numeric,true,same_frozen_numeric_contract,minimize,log10(uM),1.4326805721868476,2.0413888917450405,0.6087083195581928,-0.6087083195581928,true,c0d93e4e5b1a2363c6850c97024891c972c2ea954667b1c87510b2b106be36c2
vegfa,3450fa273eb274b667be8f145a2c57a5c3a63a58cd0679b7b5e26b67c186ff90,controlled_crossover,c8431efed817ac0e2c7ebef7b413e5b4f56503c8dbcbf6ededae9cfe677e1186,donor_parent,dc6b9e097fdbb1cebc638561775ba07debfd2bcbae4b1e7dbb9a3812c90d1dda,guruprasad_instability_index,numeric,true,same_frozen_numeric_contract,minimize,index,8.988461538461536,-16.265217,-25.253678538461536,25.253678538461536,true,2620e8648e3e00b63a0a548524ef088b1f7ef20aa4d06ffa67ff724a7f297500
vegfa,3450fa273eb274b667be8f145a2c57a5c3a63a58cd0679b7b5e26b67c186ff90,controlled_crossover,c8431efed817ac0e2c7ebef7b413e5b4f56503c8dbcbf6ededae9cfe677e1186,donor_parent,dc6b9e097fdbb1cebc638561775ba07debfd2bcbae4b1e7dbb9a3812c90d1dda,hydrophobic_moment_eisenberg,numeric,false,audit_metric_has_no_monotonic_improvement_direction,audit,dimensionless,0.05669057760399849,0.1407264966013106,0.08403591899731211,,true,7eba488a3f0413be263f2c8956337d0f39962dd3ccc6a32c487f7116d23c7a8b
vegfa,3450fa273eb274b667be8f145a2c57a5c3a63a58cd0679b7b5e26b67c186ff90,controlled_crossover,c8431efed817ac0e2c7ebef7b413e5b4f56503c8dbcbf6ededae9cfe677e1186,donor_parent,dc6b9e097fdbb1cebc638561775ba07debfd2bcbae4b1e7dbb9a3812c90d1dda,hydrophobic_ratio_modlamp,numeric,false,audit_metric_has_no_monotonic_improvement_direction,audit,fraction,0.07692307692307693,0.08695652173913043,0.010033444816053505,,true,be828859271f3e65b49006ca363a0bf3e0ab2225a4101da913139e3479fe3bce
vegfa,3450fa273eb274b667be8f145a2c57a5c3a63a58cd0679b7b5e26b67c186ff90,controlled_crossover,c8431efed817ac0e2c7ebef7b413e5b4f56503c8dbcbf6ededae9cfe677e1186,donor_parent,dc6b9e097fdbb1cebc638561775ba07debfd2bcbae4b1e7dbb9a3812c90d1dda,llamp_log10_mic_um,numeric,true,same_frozen_numeric_contract,minimize,log10(uM),0.7191438674926758,1.3314582109451294,0.6123143434524536,-0.6123143434524536,true,0f5de1263edab9eba60e45f7e11c678cf014f273795d0e049d42f69791847149
vegfa,3450fa273eb274b667be8f145a2c57a5c3a63a58cd0679b7b5e26b67c186ff90,controlled_crossover,c8431efed817ac0e2c7ebef7b413e5b4f56503c8dbcbf6ededae9cfe677e1186,donor_parent,dc6b9e097fdbb1cebc638561775ba07debfd2bcbae4b1e7dbb9a3812c90d1dda,macrel_amp_probability,numeric,true,same_frozen_numeric_contract,maximize,probability,0.535,0.386,-0.14900000000000002,-0.14900000000000002,true,19b8021223d5050f2d6dde92960e754fbed038b5fdd5d93c4c074485967a0512
vegfa,3450fa273eb274b667be8f145a2c57a5c3a63a58cd0679b7b5e26b67c186ff90,controlled_crossover,c8431efed817ac0e2c7ebef7b413e5b4f56503c8dbcbf6ededae9cfe677e1186,donor_parent,dc6b9e097fdbb1cebc638561775ba07debfd2bcbae4b1e7dbb9a3812c90d1dda,macrel_hemolysis_label,categorical,true,same_frozen_label_contract,audit,label,low,low,,,false,893c28c976209e49113e61197fe3c8051dcd28f625730e65a7b0c813f158c512
vegfa,3450fa273eb274b667be8f145a2c57a5c3a63a58cd0679b7b5e26b67c186ff90,controlled_crossover,c8431efed817ac0e2c7ebef7b413e5b4f56503c8dbcbf6ededae9cfe677e1186,donor_parent,dc6b9e097fdbb1cebc638561775ba07debfd2bcbae4b1e7dbb9a3812c90d1dda,macrel_hemolysis_probability,numeric,true,same_frozen_numeric_contract,minimize,probability,0.386,0.426,0.03999999999999998,-0.03999999999999998,true,87b8738fa2cff9a1a7d9a4fc461e0a0f665265cc25d2ac758cc696bab77120e9
vegfa,3450fa273eb274b667be8f145a2c57a5c3a63a58cd0679b7b5e26b67c186ff90,controlled_crossover,c8431efed817ac0e2c7ebef7b413e5b4f56503c8dbcbf6ededae9cfe677e1186,donor_parent,dc6b9e097fdbb1cebc638561775ba07debfd2bcbae4b1e7dbb9a3812c90d1dda,maximum_hydrophobic_run,numeric,true,same_frozen_numeric_contract,minimize,residues,2.0,1.0,-1.0,1.0,true,d50fd8456ab1b14cd14686ce7d2d6af6a1e21f64153b6bcba551ee21ba88c2dd
vegfa,3450fa273eb274b667be8f145a2c57a5c3a63a58cd0679b7b5e26b67c186ff90,controlled_crossover,c8431efed817ac0e2c7ebef7b413e5b4f56503c8dbcbf6ededae9cfe677e1186,donor_parent,dc6b9e097fdbb1cebc638561775ba07debfd2bcbae4b1e7dbb9a3812c90d1dda,net_charge_ph7_4,numeric,false,audit_metric_has_no_monotonic_improvement_direction,audit,elementary_charge,9.152,7.111,-2.0409999999999995,,true,3331623a15d7095f36847013bd6272e8ca4f36f1fd1bf78eb96378e155afd431
vegfa,3450fa273eb274b667be8f145a2c57a5c3a63a58cd0679b7b5e26b67c186ff90,controlled_crossover,c8431efed817ac0e2c7ebef7b413e5b4f56503c8dbcbf6ededae9cfe677e1186,donor_parent,dc6b9e097fdbb1cebc638561775ba07debfd2bcbae4b1e7dbb9a3812c90d1dda,toxinpred3_hybrid_score,numeric,true,same_frozen_numeric_contract,minimize,dimensionless,0.015,0.0,-0.015,0.015,true,03e6c59dd479531ec00007e4e1cdfff529b10b9bdf59ec646fd817e8885e13df
vegfa,3450fa273eb274b667be8f145a2c57a5c3a63a58cd0679b7b5e26b67c186ff90,controlled_crossover,c8431efed817ac0e2c7ebef7b413e5b4f56503c8dbcbf6ededae9cfe677e1186,donor_parent,dc6b9e097fdbb1cebc638561775ba07debfd2bcbae4b1e7dbb9a3812c90d1dda,toxinpred3_label,categorical,true,same_frozen_label_contract,audit,label,Non-Toxin,Non-Toxin,,,false,6e44fa04b358559875402c1a26d2a5c9cd94c6b3ca90287b0d29b0aa0705e6c3
vegfa,99f90b29d728efe8bbc35d50574b94d8e7234352c1212bbfbce2b4e83b8dd13e,de_novo,1d86030ee8b722ca481d0231a66de0c520006168bd3ef66ee6dab0e6659c0029,none,,amp_read_log10_mic_um,numeric,false,de_novo_has_no_biological_parent,,,,1.7372935768556572,,,,93e0c0cc3c3e0a7b2deb8c402781baab2f23801fb40169f551097e81fc9c7ca4
vegfa,99f90b29d728efe8bbc35d50574b94d8e7234352c1212bbfbce2b4e83b8dd13e,de_novo,1d86030ee8b722ca481d0231a66de0c520006168bd3ef66ee6dab0e6659c0029,none,,guruprasad_instability_index,numeric,false,de_novo_has_no_biological_parent,,,,-0.004167,,,,ff01b4f2a748b91a3d0a9a566744cf41a054fdb9a47149785f0a9591793d65ff
vegfa,99f90b29d728efe8bbc35d50574b94d8e7234352c1212bbfbce2b4e83b8dd13e,de_novo,1d86030ee8b722ca481d0231a66de0c520006168bd3ef66ee6dab0e6659c0029,none,,hydrophobic_moment_eisenberg,numeric,false,de_novo_has_no_biological_parent,,,,0.10104219279699339,,,,0961b76775f886732866516cd46e7802f92aaf2afc064bc0d46d04740187cc41
vegfa,99f90b29d728efe8bbc35d50574b94d8e7234352c1212bbfbce2b4e83b8dd13e,de_novo,1d86030ee8b722ca481d0231a66de0c520006168bd3ef66ee6dab0e6659c0029,none,,hydrophobic_ratio_modlamp,numeric,false,de_novo_has_no_biological_parent,,,,0.125,,,,dd829ab773715fd8dd6994c32b0e26e3676af54ff33d3c05af199b07a5fb06ae
vegfa,99f90b29d728efe8bbc35d50574b94d8e7234352c1212bbfbce2b4e83b8dd13e,de_novo,1d86030ee8b722ca481d0231a66de0c520006168bd3ef66ee6dab0e6659c0029,none,,llamp_log10_mic_um,numeric,false,de_novo_has_no_biological_parent,,,,0.7179542779922485,,,,a580248bdac838950cf637431d059010c7840ee6c787480d69c8150d3629bf10
vegfa,99f90b29d728efe8bbc35d50574b94d8e7234352c1212bbfbce2b4e83b8dd13e,de_novo,1d86030ee8b722ca481d0231a66de0c520006168bd3ef66ee6dab0e6659c0029,none,,macrel_amp_probability,numeric,false,de_novo_has_no_biological_parent,,,,0.317,,,,b501fb182e0d167ed6c1d0b05619176905d760f3a195d6fd114fe2447b9cd304
vegfa,99f90b29d728efe8bbc35d50574b94d8e7234352c1212bbfbce2b4e83b8dd13e,de_novo,1d86030ee8b722ca481d0231a66de0c520006168bd3ef66ee6dab0e6659c0029,none,,macrel_hemolysis_label,categorical,false,de_novo_has_no_biological_parent,,,,high,,,,ff20347f80799babdf937d2d3f592f2a0304a1be357d773bb0f126ec9a0c2474
vegfa,99f90b29d728efe8bbc35d50574b94d8e7234352c1212bbfbce2b4e83b8dd13e,de_novo,1d86030ee8b722ca481d0231a66de0c520006168bd3ef66ee6dab0e6659c0029,none,,macrel_hemolysis_probability,numeric,false,de_novo_has_no_biological_parent,,,,0.624,,,,1e92a92c465e7a07bc73b81beae6872b7f95c6b21cb66e435a6e5386baa773fa
vegfa,99f90b29d728efe8bbc35d50574b94d8e7234352c1212bbfbce2b4e83b8dd13e,de_novo,1d86030ee8b722ca481d0231a66de0c520006168bd3ef66ee6dab0e6659c0029,none,,maximum_hydrophobic_run,numeric,false,de_novo_has_no_biological_parent,,,,1,,,,70d6920adf4c7c9e24829d61a74516c1422bc4514bf1aaa49c54105d70781f13
vegfa,99f90b29d728efe8bbc35d50574b94d8e7234352c1212bbfbce2b4e83b8dd13e,de_novo,1d86030ee8b722ca481d0231a66de0c520006168bd3ef66ee6dab0e6659c0029,none,,net_charge_ph7_4,numeric,false,de_novo_has_no_biological_parent,,,,12.067,,,,1ee814b1e97eedb43bfdbbcd65d76dae613623142f7b448a4c3c87d4811e55fa
vegfa,99f90b29d728efe8bbc35d50574b94d8e7234352c1212bbfbce2b4e83b8dd13e,de_novo,1d86030ee8b722ca481d0231a66de0c520006168bd3ef66ee6dab0e6659c0029,none,,toxinpred3_hybrid_score,numeric,false,de_novo_has_no_biological_parent,,,,0.47,,,,0e38c908a87dca8318ef37bd9d1df2b51804287ed3e073fd31d5a7f60e3ed862
vegfa,99f90b29d728efe8bbc35d50574b94d8e7234352c1212bbfbce2b4e83b8dd13e,de_novo,1d86030ee8b722ca481d0231a66de0c520006168bd3ef66ee6dab0e6659c0029,none,,toxinpred3_label,categorical,false,de_novo_has_no_biological_parent,,,,Toxin,,,,34e7f5b1b349a8b9537c5f3ea00c3262fd5fbfe7a0a63dbf89db28642b949f94
vegfa,40bb39e79d6bb8fd0bd5676f46cdef758355b0f2b57cb64fcc59266dc9147f39,de_novo,d95d5127dd2c0252aab9062b883ae10be7fbc08dd130f8fca12f1466928abfbf,none,,amp_read_log10_mic_um,numeric,false,de_novo_has_no_biological_parent,,,,2.1219404158536266,,,,14df1c501b7687a05b81638f786a532fe4edc03171e8c18833eafedd888dbdc3
vegfa,40bb39e79d6bb8fd0bd5676f46cdef758355b0f2b57cb64fcc59266dc9147f39,de_novo,d95d5127dd2c0252aab9062b883ae10be7fbc08dd130f8fca12f1466928abfbf,none,,guruprasad_instability_index,numeric,false,de_novo_has_no_biological_parent,,,,9.568000,,,,d00bceb3fa1c1e386f41489075ec08be8dc2258dcccbbb8a00c4739ac8eed79d
vegfa,40bb39e79d6bb8fd0bd5676f46cdef758355b0f2b57cb64fcc59266dc9147f39,de_novo,d95d5127dd2c0252aab9062b883ae10be7fbc08dd130f8fca12f1466928abfbf,none,,hydrophobic_moment_eisenberg,numeric,false,de_novo_has_no_biological_parent,,,,0.25805169878642276,,,,f3d6fa39ba99beb29b604da542ee6b36703505fd3be0ebb4f8c79f19184873cb
vegfa,40bb39e79d6bb8fd0bd5676f46cdef758355b0f2b57cb64fcc59266dc9147f39,de_novo,d95d5127dd2c0252aab9062b883ae10be7fbc08dd130f8fca12f1466928abfbf,none,,hydrophobic_ratio_modlamp,numeric,false,de_novo_has_no_biological_parent,,,,0.2,,,,7228814943a50933a057e4c78d03b19209f5c7a703c81124e5725e4f342fa4b8
vegfa,40bb39e79d6bb8fd0bd5676f46cdef758355b0f2b57cb64fcc59266dc9147f39,de_novo,d95d5127dd2c0252aab9062b883ae10be7fbc08dd130f8fca12f1466928abfbf,none,,llamp_log10_mic_um,numeric,false,de_novo_has_no_biological_parent,,,,1.3118761777877808,,,,d1cd73e0f312c04f5c8dbf16f067f5c67c3656dbff833a0d40e2452d06cd98ae
vegfa,40bb39e79d6bb8fd0bd5676f46cdef758355b0f2b57cb64fcc59266dc9147f39,de_novo,d95d5127dd2c0252aab9062b883ae10be7fbc08dd130f8fca12f1466928abfbf,none,,macrel_amp_probability,numeric,false,de_novo_has_no_biological_parent,,,,0.188,,,,0f807a25a8e8120d2e7a6c59970abdb1d18e7c79f5e24404bd55aee1d04c6c33
vegfa,40bb39e79d6bb8fd0bd5676f46cdef758355b0f2b57cb64fcc59266dc9147f39,de_novo,d95d5127dd2c0252aab9062b883ae10be7fbc08dd130f8fca12f1466928abfbf,none,,macrel_hemolysis_label,categorical,false,de_novo_has_no_biological_parent,,,,low,,,,0325e32558cfb13d61d2d87cb47a3397563f9af45f8ebf8c1d28300e8bc8ad96
vegfa,40bb39e79d6bb8fd0bd5676f46cdef758355b0f2b57cb64fcc59266dc9147f39,de_novo,d95d5127dd2c0252aab9062b883ae10be7fbc08dd130f8fca12f1466928abfbf,none,,macrel_hemolysis_probability,numeric,false,de_novo_has_no_biological_parent,,,,0.406,,,,676e7a690cb8920ea4cd5c63491efab29458cff2987f8f7032c2b6111cf1838a
vegfa,40bb39e79d6bb8fd0bd5676f46cdef758355b0f2b57cb64fcc59266dc9147f39,de_novo,d95d5127dd2c0252aab9062b883ae10be7fbc08dd130f8fca12f1466928abfbf,none,,maximum_hydrophobic_run,numeric,false,de_novo_has_no_biological_parent,,,,1,,,,15e67d694ef408993968444c9d5fb3e41fee24fd766791a16e6062bcbc21c43c
vegfa,40bb39e79d6bb8fd0bd5676f46cdef758355b0f2b57cb64fcc59266dc9147f39,de_novo,d95d5127dd2c0252aab9062b883ae10be7fbc08dd130f8fca12f1466928abfbf,none,,net_charge_ph7_4,numeric,false,de_novo_has_no_biological_parent,,,,4.198,,,,fe8f53ed0a5f12075bbf0c34482b9805ad6da4880bf008de6b95513968b88ec6
vegfa,40bb39e79d6bb8fd0bd5676f46cdef758355b0f2b57cb64fcc59266dc9147f39,de_novo,d95d5127dd2c0252aab9062b883ae10be7fbc08dd130f8fca12f1466928abfbf,none,,toxinpred3_hybrid_score,numeric,false,de_novo_has_no_biological_parent,,,,0.265,,,,0409897e29151243f1669e2b4e85b889e2a08390cd03dc1e7b71c949e0d6eb17
vegfa,40bb39e79d6bb8fd0bd5676f46cdef758355b0f2b57cb64fcc59266dc9147f39,de_novo,d95d5127dd2c0252aab9062b883ae10be7fbc08dd130f8fca12f1466928abfbf,none,,toxinpred3_label,categorical,false,de_novo_has_no_biological_parent,,,,Non-Toxin,,,,0d26f71f5f8c92f3dd35032b8fa4ca3c8d74cc5c34791ac9c44905444a43ee39
vegfa,d7293a24f1238525b75845beceea9d78d98b347f8e5cbb97cdd85f788f9f5681,masked_substitution,822b1cd9ee3322dd1745a1083401b8b139ebf75290b8ffb8d7aedb124b04b47f,primary_parent,02e6e8a9041d1f5e02ded66ace7f1bf8353933cb460554f7d6d4f7827ee851e3,amp_read_log10_mic_um,numeric,true,same_frozen_numeric_contract,minimize,log10(uM),0.8502392420270765,0.9494878071425241,0.09924856511544766,-0.09924856511544766,true,7026028a2eab1177b7a61f425a7256589bae3e970cc656f10e0c34f51fe86a60
vegfa,d7293a24f1238525b75845beceea9d78d98b347f8e5cbb97cdd85f788f9f5681,masked_substitution,822b1cd9ee3322dd1745a1083401b8b139ebf75290b8ffb8d7aedb124b04b47f,primary_parent,02e6e8a9041d1f5e02ded66ace7f1bf8353933cb460554f7d6d4f7827ee851e3,guruprasad_instability_index,numeric,true,same_frozen_numeric_contract,minimize,index,-9.308695652173913,-9.308696,-3.478260861555782e-07,3.478260861555782e-07,true,35760a985377c5262b43ab567396b79c1c772925be771dddcc0700444b150a81
vegfa,d7293a24f1238525b75845beceea9d78d98b347f8e5cbb97cdd85f788f9f5681,masked_substitution,822b1cd9ee3322dd1745a1083401b8b139ebf75290b8ffb8d7aedb124b04b47f,primary_parent,02e6e8a9041d1f5e02ded66ace7f1bf8353933cb460554f7d6d4f7827ee851e3,hydrophobic_moment_eisenberg,numeric,false,audit_metric_has_no_monotonic_improvement_direction,audit,dimensionless,0.14056582796750103,0.13869256115008585,-0.0018732668174151756,,true,e318db225140bd483fa7b05ac2e540254cbec1d4e131460d5c6373b5100fa22f
vegfa,d7293a24f1238525b75845beceea9d78d98b347f8e5cbb97cdd85f788f9f5681,masked_substitution,822b1cd9ee3322dd1745a1083401b8b139ebf75290b8ffb8d7aedb124b04b47f,primary_parent,02e6e8a9041d1f5e02ded66ace7f1bf8353933cb460554f7d6d4f7827ee851e3,hydrophobic_ratio_modlamp,numeric,false,audit_metric_has_no_monotonic_improvement_direction,audit,fraction,0.2608695652173913,0.21739130434782608,-0.043478260869565216,,true,2149948bbad23961997c9a8eb8073599088c003f8a1e5f1bad00f04faf6157cd
vegfa,d7293a24f1238525b75845beceea9d78d98b347f8e5cbb97cdd85f788f9f5681,masked_substitution,822b1cd9ee3322dd1745a1083401b8b139ebf75290b8ffb8d7aedb124b04b47f,primary_parent,02e6e8a9041d1f5e02ded66ace7f1bf8353933cb460554f7d6d4f7827ee851e3,llamp_log10_mic_um,numeric,true,same_frozen_numeric_contract,minimize,log10(uM),1.3610467910766602,1.3200727701187134,-0.04097402095794678,0.04097402095794678,true,e1e3ab82ae544d3d3e8f49e84605ff6eb44073ea10e05fcd8a95be70325694a1
vegfa,d7293a24f1238525b75845beceea9d78d98b347f8e5cbb97cdd85f788f9f5681,masked_substitution,822b1cd9ee3322dd1745a1083401b8b139ebf75290b8ffb8d7aedb124b04b47f,primary_parent,02e6e8a9041d1f5e02ded66ace7f1bf8353933cb460554f7d6d4f7827ee851e3,macrel_amp_probability,numeric,true,same_frozen_numeric_contract,maximize,probability,0.584,0.505,-0.07899999999999996,-0.07899999999999996,true,31dd1cad721c02026c28bf1f8e2485252d634b9c9560a5f26340071c656f3c7b
vegfa,d7293a24f1238525b75845beceea9d78d98b347f8e5cbb97cdd85f788f9f5681,masked_substitution,822b1cd9ee3322dd1745a1083401b8b139ebf75290b8ffb8d7aedb124b04b47f,primary_parent,02e6e8a9041d1f5e02ded66ace7f1bf8353933cb460554f7d6d4f7827ee851e3,macrel_hemolysis_label,categorical,true,same_frozen_label_contract,audit,label,low,low,,,false,e83557b291521518ae49ed4df2daa2f42160a0bb94191015934bf250b406980c
vegfa,d7293a24f1238525b75845beceea9d78d98b347f8e5cbb97cdd85f788f9f5681,masked_substitution,822b1cd9ee3322dd1745a1083401b8b139ebf75290b8ffb8d7aedb124b04b47f,primary_parent,02e6e8a9041d1f5e02ded66ace7f1bf8353933cb460554f7d6d4f7827ee851e3,macrel_hemolysis_probability,numeric,true,same_frozen_numeric_contract,minimize,probability,0.465,0.416,-0.049000000000000044,0.049000000000000044,true,0e7abb84c34431f452f6fe7f651e8e42d3dec2f4ff4e66d57b8ff53f5b09e1cc
vegfa,d7293a24f1238525b75845beceea9d78d98b347f8e5cbb97cdd85f788f9f5681,masked_substitution,822b1cd9ee3322dd1745a1083401b8b139ebf75290b8ffb8d7aedb124b04b47f,primary_parent,02e6e8a9041d1f5e02ded66ace7f1bf8353933cb460554f7d6d4f7827ee851e3,maximum_hydrophobic_run,numeric,true,same_frozen_numeric_contract,minimize,residues,2.0,1.0,-1.0,1.0,true,c218045ea3732bd3543c92207e3d6bb35cfbf82a81943cbdd11199a4424b74ad
vegfa,d7293a24f1238525b75845beceea9d78d98b347f8e5cbb97cdd85f788f9f5681,masked_substitution,822b1cd9ee3322dd1745a1083401b8b139ebf75290b8ffb8d7aedb124b04b47f,primary_parent,02e6e8a9041d1f5e02ded66ace7f1bf8353933cb460554f7d6d4f7827ee851e3,net_charge_ph7_4,numeric,false,audit_metric_has_no_monotonic_improvement_direction,audit,elementary_charge,6.112,6.112,0.0,,false,14de7955d73132c74a59ef8356680f83e5b05d99e6be9946068f519c1da7dbeb
vegfa,d7293a24f1238525b75845beceea9d78d98b347f8e5cbb97cdd85f788f9f5681,masked_substitution,822b1cd9ee3322dd1745a1083401b8b139ebf75290b8ffb8d7aedb124b04b47f,primary_parent,02e6e8a9041d1f5e02ded66ace7f1bf8353933cb460554f7d6d4f7827ee851e3,toxinpred3_hybrid_score,numeric,true,same_frozen_numeric_contract,minimize,dimensionless,0.0,0.39,0.39,-0.39,true,bcc7a66c3ed83993ca1a0ee517605ec6f32984299c42161305c8b0738737c0dd
vegfa,d7293a24f1238525b75845beceea9d78d98b347f8e5cbb97cdd85f788f9f5681,masked_substitution,822b1cd9ee3322dd1745a1083401b8b139ebf75290b8ffb8d7aedb124b04b47f,primary_parent,02e6e8a9041d1f5e02ded66ace7f1bf8353933cb460554f7d6d4f7827ee851e3,toxinpred3_label,categorical,true,same_frozen_label_contract,audit,label,Non-Toxin,Toxin,,,true,d15af655c5e4e9817b1a59570b839003b7807b4da9fbd9451dc59d8af1bee5d9
vegfa,d8130a587c59d54661452c154e4850bae19e8a11b419d3cde061b0833de56b17,controlled_crossover,65b9d248ec87b7784b9f03759d3675c5b10fce63006dddf77b1f4e2a0ed5ac41,primary_parent,089615c18ff5e7154002281ce8551355e55752ccffeaf8b8dce9ed39ad295f5e,amp_read_log10_mic_um,numeric,true,same_frozen_numeric_contract,minimize,log10(uM),0.8154980552213776,1.1858454259036386,0.370347370682261,-0.370347370682261,true,ad6a3f2b15a22cdb7b8283ea89b8dbd5ddcde5815d086bfe7004553ec9b7b40b
vegfa,d8130a587c59d54661452c154e4850bae19e8a11b419d3cde061b0833de56b17,controlled_crossover,65b9d248ec87b7784b9f03759d3675c5b10fce63006dddf77b1f4e2a0ed5ac41,primary_parent,089615c18ff5e7154002281ce8551355e55752ccffeaf8b8dce9ed39ad295f5e,guruprasad_instability_index,numeric,true,same_frozen_numeric_contract,minimize,index,-13.000000000000002,-15.43913,-2.4391299999999987,2.4391299999999987,true,2ab930d4e5b6e418eddbc9c0b8130d4184426353e7c0026e03feae7edf6cef70
vegfa,d8130a587c59d54661452c154e4850bae19e8a11b419d3cde061b0833de56b17,controlled_crossover,65b9d248ec87b7784b9f03759d3675c5b10fce63006dddf77b1f4e2a0ed5ac41,primary_parent,089615c18ff5e7154002281ce8551355e55752ccffeaf8b8dce9ed39ad295f5e,hydrophobic_moment_eisenberg,numeric,false,audit_metric_has_no_monotonic_improvement_direction,audit,dimensionless,0.3134902256123226,0.17121833922725793,-0.14227188638506466,,true,cddb2d4fd3e998d4a345fb9fafd1f48d77a30a20eeb648e1c467399f8954907a
vegfa,d8130a587c59d54661452c154e4850bae19e8a11b419d3cde061b0833de56b17,controlled_crossover,65b9d248ec87b7784b9f03759d3675c5b10fce63006dddf77b1f4e2a0ed5ac41,primary_parent,089615c18ff5e7154002281ce8551355e55752ccffeaf8b8dce9ed39ad295f5e,hydrophobic_ratio_modlamp,numeric,false,audit_metric_has_no_monotonic_improvement_direction,audit,fraction,0.21739130434782608,0.08695652173913043,-0.13043478260869565,,true,efa8f56970730c5b916a768ccdc6d75619708c586078bb703f3d0e64a25c296f
vegfa,d8130a587c59d54661452c154e4850bae19e8a11b419d3cde061b0833de56b17,controlled_crossover,65b9d248ec87b7784b9f03759d3675c5b10fce63006dddf77b1f4e2a0ed5ac41,primary_parent,089615c18ff5e7154002281ce8551355e55752ccffeaf8b8dce9ed39ad295f5e,llamp_log10_mic_um,numeric,true,same_frozen_numeric_contract,minimize,log10(uM),1.3488975763320923,1.5985560417175293,0.249658465385437,-0.249658465385437,true,996aaac41d3468372d904a7fcbf0f119dfcd712492c33f68f2b7a9af1736e1b8
vegfa,d8130a587c59d54661452c154e4850bae19e8a11b419d3cde061b0833de56b17,controlled_crossover,65b9d248ec87b7784b9f03759d3675c5b10fce63006dddf77b1f4e2a0ed5ac41,primary_parent,089615c18ff5e7154002281ce8551355e55752ccffeaf8b8dce9ed39ad295f5e,macrel_amp_probability,numeric,true,same_frozen_numeric_contract,maximize,probability,0.531,0.366,-0.16500000000000004,-0.16500000000000004,true,28514376e3d861aaf300f5c25ed961a0c8d2f43ae17406043580bfe581f953ff
vegfa,d8130a587c59d54661452c154e4850bae19e8a11b419d3cde061b0833de56b17,controlled_crossover,65b9d248ec87b7784b9f03759d3675c5b10fce63006dddf77b1f4e2a0ed5ac41,primary_parent,089615c18ff5e7154002281ce8551355e55752ccffeaf8b8dce9ed39ad295f5e,macrel_hemolysis_label,categorical,true,same_frozen_label_contract,audit,label,low,low,,,false,8683c87f120436089fd743102dd03404539bf29114e3f77d2349b11b10351ba4
vegfa,d8130a587c59d54661452c154e4850bae19e8a11b419d3cde061b0833de56b17,controlled_crossover,65b9d248ec87b7784b9f03759d3675c5b10fce63006dddf77b1f4e2a0ed5ac41,primary_parent,089615c18ff5e7154002281ce8551355e55752ccffeaf8b8dce9ed39ad295f5e,macrel_hemolysis_probability,numeric,true,same_frozen_numeric_contract,minimize,probability,0.495,0.416,-0.07900000000000001,0.07900000000000001,true,f46449a2c02858ccf15841ee2240927a4814c3c232ee6f4d588de0f9ad357519
vegfa,d8130a587c59d54661452c154e4850bae19e8a11b419d3cde061b0833de56b17,controlled_crossover,65b9d248ec87b7784b9f03759d3675c5b10fce63006dddf77b1f4e2a0ed5ac41,primary_parent,089615c18ff5e7154002281ce8551355e55752ccffeaf8b8dce9ed39ad295f5e,maximum_hydrophobic_run,numeric,true,same_frozen_numeric_contract,minimize,residues,2.0,1.0,-1.0,1.0,true,d060b7f5894693721cd19ba7c75cbf5cc89cb2286fb4d61d51f359f530058aef
vegfa,d8130a587c59d54661452c154e4850bae19e8a11b419d3cde061b0833de56b17,controlled_crossover,65b9d248ec87b7784b9f03759d3675c5b10fce63006dddf77b1f4e2a0ed5ac41,primary_parent,089615c18ff5e7154002281ce8551355e55752ccffeaf8b8dce9ed39ad295f5e,net_charge_ph7_4,numeric,false,audit_metric_has_no_monotonic_improvement_direction,audit,elementary_charge,8.07,9.069,0.9990000000000006,,true,0e3c30801fe2f72fd42b8504dfc643e0f84de1dc2c90b47999aa994805785551
vegfa,d8130a587c59d54661452c154e4850bae19e8a11b419d3cde061b0833de56b17,controlled_crossover,65b9d248ec87b7784b9f03759d3675c5b10fce63006dddf77b1f4e2a0ed5ac41,primary_parent,089615c18ff5e7154002281ce8551355e55752ccffeaf8b8dce9ed39ad295f5e,toxinpred3_hybrid_score,numeric,true,same_frozen_numeric_contract,minimize,dimensionless,0.005,0.485,0.48,-0.48,true,2e476daacdcb33bb03fbe6d8f3dc04d26d631bece7547edb0deee6509e748353
vegfa,d8130a587c59d54661452c154e4850bae19e8a11b419d3cde061b0833de56b17,controlled_crossover,65b9d248ec87b7784b9f03759d3675c5b10fce63006dddf77b1f4e2a0ed5ac41,primary_parent,089615c18ff5e7154002281ce8551355e55752ccffeaf8b8dce9ed39ad295f5e,toxinpred3_label,categorical,true,same_frozen_label_contract,audit,label,Non-Toxin,Toxin,,,true,95d7d64af4334fece516e92eeaee1dcf72c55abeb7afadb9660109369a04d325
vegfa,d8130a587c59d54661452c154e4850bae19e8a11b419d3cde061b0833de56b17,controlled_crossover,65b9d248ec87b7784b9f03759d3675c5b10fce63006dddf77b1f4e2a0ed5ac41,donor_parent,dc6b9e097fdbb1cebc638561775ba07debfd2bcbae4b1e7dbb9a3812c90d1dda,amp_read_log10_mic_um,numeric,true,same_frozen_numeric_contract,minimize,log10(uM),1.4326805721868476,1.1858454259036386,-0.24683514628320902,0.24683514628320902,true,837d455704fb38608cf3e1d0be5b1d66f40f9864b7604209ec87165d3794cf33
vegfa,d8130a587c59d54661452c154e4850bae19e8a11b419d3cde061b0833de56b17,controlled_crossover,65b9d248ec87b7784b9f03759d3675c5b10fce63006dddf77b1f4e2a0ed5ac41,donor_parent,dc6b9e097fdbb1cebc638561775ba07debfd2bcbae4b1e7dbb9a3812c90d1dda,guruprasad_instability_index,numeric,true,same_frozen_numeric_contract,minimize,index,8.988461538461536,-15.43913,-24.427591538461535,24.427591538461535,true,bd77849ddf80a0ae606dd20af0a91857cc4b0ea22b43f4b7e44c747e4c793270
vegfa,d8130a587c59d54661452c154e4850bae19e8a11b419d3cde061b0833de56b17,controlled_crossover,65b9d248ec87b7784b9f03759d3675c5b10fce63006dddf77b1f4e2a0ed5ac41,donor_parent,dc6b9e097fdbb1cebc638561775ba07debfd2bcbae4b1e7dbb9a3812c90d1dda,hydrophobic_moment_eisenberg,numeric,false,audit_metric_has_no_monotonic_improvement_direction,audit,dimensionless,0.05669057760399849,0.17121833922725793,0.11452776162325945,,true,fd8b13affe12275ce18d9f299ac315e44a9b9d0e2b8b39e2566acd60d9a37fe2
vegfa,d8130a587c59d54661452c154e4850bae19e8a11b419d3cde061b0833de56b17,controlled_crossover,65b9d248ec87b7784b9f03759d3675c5b10fce63006dddf77b1f4e2a0ed5ac41,donor_parent,dc6b9e097fdbb1cebc638561775ba07debfd2bcbae4b1e7dbb9a3812c90d1dda,hydrophobic_ratio_modlamp,numeric,false,audit_metric_has_no_monotonic_improvement_direction,audit,fraction,0.07692307692307693,0.08695652173913043,0.010033444816053505,,true,40fcbdc320a12b478996bfed1dfcb1293d4f3c980794bb259a630e576f5a4d7c
vegfa,d8130a587c59d54661452c154e4850bae19e8a11b419d3cde061b0833de56b17,controlled_crossover,65b9d248ec87b7784b9f03759d3675c5b10fce63006dddf77b1f4e2a0ed5ac41,donor_parent,dc6b9e097fdbb1cebc638561775ba07debfd2bcbae4b1e7dbb9a3812c90d1dda,llamp_log10_mic_um,numeric,true,same_frozen_numeric_contract,minimize,log10(uM),0.7191438674926758,1.5985560417175293,0.8794121742248535,-0.8794121742248535,true,22702c67b63c32a0b0c8f646fcce5ae232dee6266d77301519607707cb7dca1e
vegfa,d8130a587c59d54661452c154e4850bae19e8a11b419d3cde061b0833de56b17,controlled_crossover,65b9d248ec87b7784b9f03759d3675c5b10fce63006dddf77b1f4e2a0ed5ac41,donor_parent,dc6b9e097fdbb1cebc638561775ba07debfd2bcbae4b1e7dbb9a3812c90d1dda,macrel_amp_probability,numeric,true,same_frozen_numeric_contract,maximize,probability,0.535,0.366,-0.16900000000000004,-0.16900000000000004,true,6bb1c05306997527127b6ff47389bcdcdab1fccf8134a4848dcf65418cdaa1d8
vegfa,d8130a587c59d54661452c154e4850bae19e8a11b419d3cde061b0833de56b17,controlled_crossover,65b9d248ec87b7784b9f03759d3675c5b10fce63006dddf77b1f4e2a0ed5ac41,donor_parent,dc6b9e097fdbb1cebc638561775ba07debfd2bcbae4b1e7dbb9a3812c90d1dda,macrel_hemolysis_label,categorical,true,same_frozen_label_contract,audit,label,low,low,,,false,5574b3c5d16841cbe2df6daf63e2d3ca5618042fcfbeaf455139c773d65162b7
vegfa,d8130a587c59d54661452c154e4850bae19e8a11b419d3cde061b0833de56b17,controlled_crossover,65b9d248ec87b7784b9f03759d3675c5b10fce63006dddf77b1f4e2a0ed5ac41,donor_parent,dc6b9e097fdbb1cebc638561775ba07debfd2bcbae4b1e7dbb9a3812c90d1dda,macrel_hemolysis_probability,numeric,true,same_frozen_numeric_contract,minimize,probability,0.386,0.416,0.02999999999999997,-0.02999999999999997,true,c72fee7bf496a3ef7a095f8cda69705097ba5fc51e103555bb75268667b665af
vegfa,d8130a587c59d54661452c154e4850bae19e8a11b419d3cde061b0833de56b17,controlled_crossover,65b9d248ec87b7784b9f03759d3675c5b10fce63006dddf77b1f4e2a0ed5ac41,donor_parent,dc6b9e097fdbb1cebc638561775ba07debfd2bcbae4b1e7dbb9a3812c90d1dda,maximum_hydrophobic_run,numeric,true,same_frozen_numeric_contract,minimize,residues,2.0,1.0,-1.0,1.0,true,5e3c74e57b613cf407853f87df0ed1321d8a7824aa473d644bfb016db191f6ec
vegfa,d8130a587c59d54661452c154e4850bae19e8a11b419d3cde061b0833de56b17,controlled_crossover,65b9d248ec87b7784b9f03759d3675c5b10fce63006dddf77b1f4e2a0ed5ac41,donor_parent,dc6b9e097fdbb1cebc638561775ba07debfd2bcbae4b1e7dbb9a3812c90d1dda,net_charge_ph7_4,numeric,false,audit_metric_has_no_monotonic_improvement_direction,audit,elementary_charge,9.152,9.069,-0.08299999999999841,,true,b0dd29c28fc802af26020912c80d68c55185e495797ff76df0de6b95f9c2ae76
vegfa,d8130a587c59d54661452c154e4850bae19e8a11b419d3cde061b0833de56b17,controlled_crossover,65b9d248ec87b7784b9f03759d3675c5b10fce63006dddf77b1f4e2a0ed5ac41,donor_parent,dc6b9e097fdbb1cebc638561775ba07debfd2bcbae4b1e7dbb9a3812c90d1dda,toxinpred3_hybrid_score,numeric,true,same_frozen_numeric_contract,minimize,dimensionless,0.015,0.485,0.47,-0.47,true,8c898cc59ce8077c3765ebc82edf92c0f029d596c95ced41a94d6b3f1ef1521c
vegfa,d8130a587c59d54661452c154e4850bae19e8a11b419d3cde061b0833de56b17,controlled_crossover,65b9d248ec87b7784b9f03759d3675c5b10fce63006dddf77b1f4e2a0ed5ac41,donor_parent,dc6b9e097fdbb1cebc638561775ba07debfd2bcbae4b1e7dbb9a3812c90d1dda,toxinpred3_label,categorical,true,same_frozen_label_contract,audit,label,Non-Toxin,Toxin,,,true,2d931bcbde29b394b7263e8f622db2a18999b6b6f94f3303d622c01b5f72b41d
vegfa,b5cf65a3f727f45f7249e0f96aaa624da8dfa1ee8f4b1948bb1f9adecfc12c5e,de_novo,e3bab0bb19f6d881b96dcd1768eddb7b539a2ba8cb7780dba79851f2ce3674ae,none,,amp_read_log10_mic_um,numeric,false,de_novo_has_no_biological_parent,,,,1.5585535549416412,,,,0e6ec1e7c2d22a6681cd72f8ee03e05b79ccd4e44d69eaa886427f62ad378baa
vegfa,b5cf65a3f727f45f7249e0f96aaa624da8dfa1ee8f4b1948bb1f9adecfc12c5e,de_novo,e3bab0bb19f6d881b96dcd1768eddb7b539a2ba8cb7780dba79851f2ce3674ae,none,,guruprasad_instability_index,numeric,false,de_novo_has_no_biological_parent,,,,34.100000,,,,981a9d97c3fc236e292f02ee14d28047dc814a75c126b0e49ace5ed5284930d8
vegfa,b5cf65a3f727f45f7249e0f96aaa624da8dfa1ee8f4b1948bb1f9adecfc12c5e,de_novo,e3bab0bb19f6d881b96dcd1768eddb7b539a2ba8cb7780dba79851f2ce3674ae,none,,hydrophobic_moment_eisenberg,numeric,false,de_novo_has_no_biological_parent,,,,0.2155880658672136,,,,138f153fea792746bd4b4b3c0f49ee6efcf8d04f03228cb3772d9485af3c420e
vegfa,b5cf65a3f727f45f7249e0f96aaa624da8dfa1ee8f4b1948bb1f9adecfc12c5e,de_novo,e3bab0bb19f6d881b96dcd1768eddb7b539a2ba8cb7780dba79851f2ce3674ae,none,,hydrophobic_ratio_modlamp,numeric,false,de_novo_has_no_biological_parent,,,,0.14285714285714285,,,,7844c68681075cb91701c411ea8fcf5527bd8417da91909f92acda95902595d7
vegfa,b5cf65a3f727f45f7249e0f96aaa624da8dfa1ee8f4b1948bb1f9adecfc12c5e,de_novo,e3bab0bb19f6d881b96dcd1768eddb7b539a2ba8cb7780dba79851f2ce3674ae,none,,llamp_log10_mic_um,numeric,false,de_novo_has_no_biological_parent,,,,1.938419222831726,,,,64d12175c1a64c684586d0a89a32d70298534c29323aea207ccb9c94af35affa
vegfa,b5cf65a3f727f45f7249e0f96aaa624da8dfa1ee8f4b1948bb1f9adecfc12c5e,de_novo,e3bab0bb19f6d881b96dcd1768eddb7b539a2ba8cb7780dba79851f2ce3674ae,none,,macrel_amp_probability,numeric,false,de_novo_has_no_biological_parent,,,,0.248,,,,9424203fd38824fcca006374511a9797d271956b532f6b8848a5c2a47bc8f65d
vegfa,b5cf65a3f727f45f7249e0f96aaa624da8dfa1ee8f4b1948bb1f9adecfc12c5e,de_novo,e3bab0bb19f6d881b96dcd1768eddb7b539a2ba8cb7780dba79851f2ce3674ae,none,,macrel_hemolysis_label,categorical,false,de_novo_has_no_biological_parent,,,,high,,,,ae6f2b9785521462e146172a1fd2fcdc25bbc905302c8f66448f73bb43b3a1f2
vegfa,b5cf65a3f727f45f7249e0f96aaa624da8dfa1ee8f4b1948bb1f9adecfc12c5e,de_novo,e3bab0bb19f6d881b96dcd1768eddb7b539a2ba8cb7780dba79851f2ce3674ae,none,,macrel_hemolysis_probability,numeric,false,de_novo_has_no_biological_parent,,,,0.693,,,,0146e81afcf15748c13d7ea012ca5e18d8fb97d74a471a15307d6c0e013b6328
vegfa,b5cf65a3f727f45f7249e0f96aaa624da8dfa1ee8f4b1948bb1f9adecfc12c5e,de_novo,e3bab0bb19f6d881b96dcd1768eddb7b539a2ba8cb7780dba79851f2ce3674ae,none,,maximum_hydrophobic_run,numeric,false,de_novo_has_no_biological_parent,,,,2,,,,cb92bfc4a05a134f87fc9884bf4933e00036e2ab0569b38ddbc8baad1e740c80
vegfa,b5cf65a3f727f45f7249e0f96aaa624da8dfa1ee8f4b1948bb1f9adecfc12c5e,de_novo,e3bab0bb19f6d881b96dcd1768eddb7b539a2ba8cb7780dba79851f2ce3674ae,none,,net_charge_ph7_4,numeric,false,de_novo_has_no_biological_parent,,,,12.065,,,,81bfeb13ea48256c3d24eb3b9f4dda08f7f42530faa030f072a2e6c6e072ce1e
vegfa,b5cf65a3f727f45f7249e0f96aaa624da8dfa1ee8f4b1948bb1f9adecfc12c5e,de_novo,e3bab0bb19f6d881b96dcd1768eddb7b539a2ba8cb7780dba79851f2ce3674ae,none,,toxinpred3_hybrid_score,numeric,false,de_novo_has_no_biological_parent,,,,0.445,,,,d9393cedd56420f6aeaf0788c6480228cc0f1ee9608a90fc5520499842798bfc
vegfa,b5cf65a3f727f45f7249e0f96aaa624da8dfa1ee8f4b1948bb1f9adecfc12c5e,de_novo,e3bab0bb19f6d881b96dcd1768eddb7b539a2ba8cb7780dba79851f2ce3674ae,none,,toxinpred3_label,categorical,false,de_novo_has_no_biological_parent,,,,Toxin,,,,6e7de6d3e77d6323ddc8adb3f358e360ecd6e1cfd2d31564c2fb96d0d5d840b4
vegfa,2e6eb57a9493b7244692513d8aac0cb61312ab5385b1f73e29a31297872ea607,de_novo,a57fe6ca4a111f0912d3a3a70b7f88bb06c91f764fb72ac9a69779f12cf4c6a8,none,,amp_read_log10_mic_um,numeric,false,de_novo_has_no_biological_parent,,,,0.7025479974579218,,,,62d6d310fcb966f4b58370491885680a03f70885b14e83725d915ca93ba12f05
vegfa,2e6eb57a9493b7244692513d8aac0cb61312ab5385b1f73e29a31297872ea607,de_novo,a57fe6ca4a111f0912d3a3a70b7f88bb06c91f764fb72ac9a69779f12cf4c6a8,none,,guruprasad_instability_index,numeric,false,de_novo_has_no_biological_parent,,,,34.968000,,,,fed53345c8f309769a05a31bd5ae639d73cdbeeebc22309ded443cee01d76fef
vegfa,2e6eb57a9493b7244692513d8aac0cb61312ab5385b1f73e29a31297872ea607,de_novo,a57fe6ca4a111f0912d3a3a70b7f88bb06c91f764fb72ac9a69779f12cf4c6a8,none,,hydrophobic_moment_eisenberg,numeric,false,de_novo_has_no_biological_parent,,,,0.1467459385799616,,,,916102b38db60fb7887054e63fc3896c0adc3f5643d8b2eefe74e8047e0d1bd3
vegfa,2e6eb57a9493b7244692513d8aac0cb61312ab5385b1f73e29a31297872ea607,de_novo,a57fe6ca4a111f0912d3a3a70b7f88bb06c91f764fb72ac9a69779f12cf4c6a8,none,,hydrophobic_ratio_modlamp,numeric,false,de_novo_has_no_biological_parent,,,,0.28,,,,9a8de229260f2a9090b74d44cb0341818cbb7056b634643be375a2515a607c82
vegfa,2e6eb57a9493b7244692513d8aac0cb61312ab5385b1f73e29a31297872ea607,de_novo,a57fe6ca4a111f0912d3a3a70b7f88bb06c91f764fb72ac9a69779f12cf4c6a8,none,,llamp_log10_mic_um,numeric,false,de_novo_has_no_biological_parent,,,,0.6300957202911377,,,,79026f0c4195be0be4801b12482059fb01b7778c7b4373528c0fca4ba4353778
vegfa,2e6eb57a9493b7244692513d8aac0cb61312ab5385b1f73e29a31297872ea607,de_novo,a57fe6ca4a111f0912d3a3a70b7f88bb06c91f764fb72ac9a69779f12cf4c6a8,none,,macrel_amp_probability,numeric,false,de_novo_has_no_biological_parent,,,,0.386,,,,88874ff6af9a6d4372cb88886aa8bbfab3df364c35d44661c4ffcadac2d3bd19
vegfa,2e6eb57a9493b7244692513d8aac0cb61312ab5385b1f73e29a31297872ea607,de_novo,a57fe6ca4a111f0912d3a3a70b7f88bb06c91f764fb72ac9a69779f12cf4c6a8,none,,macrel_hemolysis_label,categorical,false,de_novo_has_no_biological_parent,,,,high,,,,4cb1dfa5a583ba6d64e4a270be89296fa60f6b4642b4c63c3b184bd3e05c078b
vegfa,2e6eb57a9493b7244692513d8aac0cb61312ab5385b1f73e29a31297872ea607,de_novo,a57fe6ca4a111f0912d3a3a70b7f88bb06c91f764fb72ac9a69779f12cf4c6a8,none,,macrel_hemolysis_probability,numeric,false,de_novo_has_no_biological_parent,,,,0.703,,,,ceec74c36549dd4b0250b04f014a770768f0d61af9396854a9e58ed63953c682
vegfa,2e6eb57a9493b7244692513d8aac0cb61312ab5385b1f73e29a31297872ea607,de_novo,a57fe6ca4a111f0912d3a3a70b7f88bb06c91f764fb72ac9a69779f12cf4c6a8,none,,maximum_hydrophobic_run,numeric,false,de_novo_has_no_biological_parent,,,,2,,,,412fef506dcd75a0d6e46118cbf2d83668742fbb19bb9092ffe53217c6270c92
vegfa,2e6eb57a9493b7244692513d8aac0cb61312ab5385b1f73e29a31297872ea607,de_novo,a57fe6ca4a111f0912d3a3a70b7f88bb06c91f764fb72ac9a69779f12cf4c6a8,none,,net_charge_ph7_4,numeric,false,de_novo_has_no_biological_parent,,,,13.067,,,,b2f103b15a2698daa055d679881d1b878fd72a65e6127e355be6a54c588a6711
vegfa,2e6eb57a9493b7244692513d8aac0cb61312ab5385b1f73e29a31297872ea607,de_novo,a57fe6ca4a111f0912d3a3a70b7f88bb06c91f764fb72ac9a69779f12cf4c6a8,none,,toxinpred3_hybrid_score,numeric,false,de_novo_has_no_biological_parent,,,,0.48,,,,596065d56c6e42f99e12508c95d0ab259753c63f4be0d54e5f21f4653d666ed5
vegfa,2e6eb57a9493b7244692513d8aac0cb61312ab5385b1f73e29a31297872ea607,de_novo,a57fe6ca4a111f0912d3a3a70b7f88bb06c91f764fb72ac9a69779f12cf4c6a8,none,,toxinpred3_label,categorical,false,de_novo_has_no_biological_parent,,,,Toxin,,,,ed779ddf19da659895d5b358e1307809eabad4812dd4943b5e8e3f9152d8667c
vegfa,f3dc20bbc44b16836b43963e865d8ae91422d2b5020891968cecc7aad1089bbf,masked_substitution,e4939fc755cc74d63cd72a64537b1b75629249040aeda1d52e108991e6b9b1b8,primary_parent,02e6e8a9041d1f5e02ded66ace7f1bf8353933cb460554f7d6d4f7827ee851e3,amp_read_log10_mic_um,numeric,true,same_frozen_numeric_contract,minimize,log10(uM),0.8502392420270765,0.9402348471443289,0.08999560511725246,-0.08999560511725246,true,0174194c41542c44f9a4822e86c48181ffed03c555db4da1d422a96bb682b921
vegfa,f3dc20bbc44b16836b43963e865d8ae91422d2b5020891968cecc7aad1089bbf,masked_substitution,e4939fc755cc74d63cd72a64537b1b75629249040aeda1d52e108991e6b9b1b8,primary_parent,02e6e8a9041d1f5e02ded66ace7f1bf8353933cb460554f7d6d4f7827ee851e3,guruprasad_instability_index,numeric,true,same_frozen_numeric_contract,minimize,index,-9.308695652173913,-9.308696,-3.478260861555782e-07,3.478260861555782e-07,true,e73505c99f026fc9c9a478cf6985269cb10bdc6206f534b219e02f8d8985a92f
vegfa,f3dc20bbc44b16836b43963e865d8ae91422d2b5020891968cecc7aad1089bbf,masked_substitution,e4939fc755cc74d63cd72a64537b1b75629249040aeda1d52e108991e6b9b1b8,primary_parent,02e6e8a9041d1f5e02ded66ace7f1bf8353933cb460554f7d6d4f7827ee851e3,hydrophobic_moment_eisenberg,numeric,false,audit_metric_has_no_monotonic_improvement_direction,audit,dimensionless,0.14056582796750103,0.15869425332664416,0.018128425359143135,,true,60b194dbc2d3c4fb6c219da3a9ea1fdb7684150c4fb263b5d889d82ec5a402c8
vegfa,f3dc20bbc44b16836b43963e865d8ae91422d2b5020891968cecc7aad1089bbf,masked_substitution,e4939fc755cc74d63cd72a64537b1b75629249040aeda1d52e108991e6b9b1b8,primary_parent,02e6e8a9041d1f5e02ded66ace7f1bf8353933cb460554f7d6d4f7827ee851e3,hydrophobic_ratio_modlamp,numeric,false,audit_metric_has_no_monotonic_improvement_direction,audit,fraction,0.2608695652173913,0.21739130434782608,-0.043478260869565216,,true,7f829e8cda4996c5731098509a9930b5880f05614796071ec4099d7cfb487c5a
vegfa,f3dc20bbc44b16836b43963e865d8ae91422d2b5020891968cecc7aad1089bbf,masked_substitution,e4939fc755cc74d63cd72a64537b1b75629249040aeda1d52e108991e6b9b1b8,primary_parent,02e6e8a9041d1f5e02ded66ace7f1bf8353933cb460554f7d6d4f7827ee851e3,llamp_log10_mic_um,numeric,true,same_frozen_numeric_contract,minimize,log10(uM),1.3610467910766602,1.2517298460006714,-0.10931694507598877,0.10931694507598877,true,9f78b0b726cde3f273b8e2191559af7900bb1e58aada6b0a39229b2675b4f686
vegfa,f3dc20bbc44b16836b43963e865d8ae91422d2b5020891968cecc7aad1089bbf,masked_substitution,e4939fc755cc74d63cd72a64537b1b75629249040aeda1d52e108991e6b9b1b8,primary_parent,02e6e8a9041d1f5e02ded66ace7f1bf8353933cb460554f7d6d4f7827ee851e3,macrel_amp_probability,numeric,true,same_frozen_numeric_contract,maximize,probability,0.584,0.481,-0.10299999999999998,-0.10299999999999998,true,e19460da185ee3ea67bd2c90f0b63a754b663c598e60c0273ebb5a6d2f270c6c
vegfa,f3dc20bbc44b16836b43963e865d8ae91422d2b5020891968cecc7aad1089bbf,masked_substitution,e4939fc755cc74d63cd72a64537b1b75629249040aeda1d52e108991e6b9b1b8,primary_parent,02e6e8a9041d1f5e02ded66ace7f1bf8353933cb460554f7d6d4f7827ee851e3,macrel_hemolysis_label,categorical,true,same_frozen_label_contract,audit,label,low,low,,,false,e4bca8bca46cd2279bb5cf8d213d4c93d3395e435c7ff4ed44a73c8ab5b02a63
vegfa,f3dc20bbc44b16836b43963e865d8ae91422d2b5020891968cecc7aad1089bbf,masked_substitution,e4939fc755cc74d63cd72a64537b1b75629249040aeda1d52e108991e6b9b1b8,primary_parent,02e6e8a9041d1f5e02ded66ace7f1bf8353933cb460554f7d6d4f7827ee851e3,macrel_hemolysis_probability,numeric,true,same_frozen_numeric_contract,minimize,probability,0.465,0.446,-0.019000000000000017,0.019000000000000017,true,351e30f0d1695210c803cfb7bb55ffc6c23bfe852e2013fb1a101a6776f44c4e
vegfa,f3dc20bbc44b16836b43963e865d8ae91422d2b5020891968cecc7aad1089bbf,masked_substitution,e4939fc755cc74d63cd72a64537b1b75629249040aeda1d52e108991e6b9b1b8,primary_parent,02e6e8a9041d1f5e02ded66ace7f1bf8353933cb460554f7d6d4f7827ee851e3,maximum_hydrophobic_run,numeric,true,same_frozen_numeric_contract,minimize,residues,2.0,1.0,-1.0,1.0,true,644a2b459b64200fafaf3657b098974c17fe1f462bd4c15233148777213a3e70
vegfa,f3dc20bbc44b16836b43963e865d8ae91422d2b5020891968cecc7aad1089bbf,masked_substitution,e4939fc755cc74d63cd72a64537b1b75629249040aeda1d52e108991e6b9b1b8,primary_parent,02e6e8a9041d1f5e02ded66ace7f1bf8353933cb460554f7d6d4f7827ee851e3,net_charge_ph7_4,numeric,false,audit_metric_has_no_monotonic_improvement_direction,audit,elementary_charge,6.112,7.111,0.9989999999999997,,true,4de09163f8d934a132662b031bb82f425deb2992a8c450e92aa9c1b79a72054d
vegfa,f3dc20bbc44b16836b43963e865d8ae91422d2b5020891968cecc7aad1089bbf,masked_substitution,e4939fc755cc74d63cd72a64537b1b75629249040aeda1d52e108991e6b9b1b8,primary_parent,02e6e8a9041d1f5e02ded66ace7f1bf8353933cb460554f7d6d4f7827ee851e3,toxinpred3_hybrid_score,numeric,true,same_frozen_numeric_contract,minimize,dimensionless,0.0,0.46,0.46,-0.46,true,5ec7bb8ce149d825851d199102c5e9ee5841434c4e1fd4446bb01622ca92d2ce
vegfa,f3dc20bbc44b16836b43963e865d8ae91422d2b5020891968cecc7aad1089bbf,masked_substitution,e4939fc755cc74d63cd72a64537b1b75629249040aeda1d52e108991e6b9b1b8,primary_parent,02e6e8a9041d1f5e02ded66ace7f1bf8353933cb460554f7d6d4f7827ee851e3,toxinpred3_label,categorical,true,same_frozen_label_contract,audit,label,Non-Toxin,Toxin,,,true,81f434bc52190162fb547cc3201e5e10abb75f7fb3a660cb32ebcb5ca78e8ee7
vegfa,1572f08a29d47f3e522e19c235e9f9173e87dff222777dea35f4230b58c3398f,controlled_crossover,ca1efa0f3b6ca13256d4da885f81dce9432a704eacff6cad0b491a80b7038ada,primary_parent,089615c18ff5e7154002281ce8551355e55752ccffeaf8b8dce9ed39ad295f5e,amp_read_log10_mic_um,numeric,true,same_frozen_numeric_contract,minimize,log10(uM),0.8154980552213776,1.4606589475245357,0.6451608923031581,-0.6451608923031581,true,988be457befb641948e9ca7ba84f67889f605d6d907c9c8c4f9a47f71eee0eab
vegfa,1572f08a29d47f3e522e19c235e9f9173e87dff222777dea35f4230b58c3398f,controlled_crossover,ca1efa0f3b6ca13256d4da885f81dce9432a704eacff6cad0b491a80b7038ada,primary_parent,089615c18ff5e7154002281ce8551355e55752ccffeaf8b8dce9ed39ad295f5e,guruprasad_instability_index,numeric,true,same_frozen_numeric_contract,minimize,index,-13.000000000000002,-14.591304,-1.5913039999999974,1.5913039999999974,true,ed1fce0e35b894839bc859b384cb7eec3c787dc78c766331b29696a550834f35
vegfa,1572f08a29d47f3e522e19c235e9f9173e87dff222777dea35f4230b58c3398f,controlled_crossover,ca1efa0f3b6ca13256d4da885f81dce9432a704eacff6cad0b491a80b7038ada,primary_parent,089615c18ff5e7154002281ce8551355e55752ccffeaf8b8dce9ed39ad295f5e,hydrophobic_moment_eisenberg,numeric,false,audit_metric_has_no_monotonic_improvement_direction,audit,dimensionless,0.3134902256123226,0.1741395452961964,-0.13935068031612619,,true,55644770ca14664aa7d0f05559d3af21d6d89cc1b34be0bebdb39c49dffb3d02
vegfa,1572f08a29d47f3e522e19c235e9f9173e87dff222777dea35f4230b58c3398f,controlled_crossover,ca1efa0f3b6ca13256d4da885f81dce9432a704eacff6cad0b491a80b7038ada,primary_parent,089615c18ff5e7154002281ce8551355e55752ccffeaf8b8dce9ed39ad295f5e,hydrophobic_ratio_modlamp,numeric,false,audit_metric_has_no_monotonic_improvement_direction,audit,fraction,0.21739130434782608,0.08695652173913043,-0.13043478260869565,,true,c9fbd339f4052dc84d78f9c85f1fddda9477e3cc7047f550f7624ee91b0a9b1f
vegfa,1572f08a29d47f3e522e19c235e9f9173e87dff222777dea35f4230b58c3398f,controlled_crossover,ca1efa0f3b6ca13256d4da885f81dce9432a704eacff6cad0b491a80b7038ada,primary_parent,089615c18ff5e7154002281ce8551355e55752ccffeaf8b8dce9ed39ad295f5e,llamp_log10_mic_um,numeric,true,same_frozen_numeric_contract,minimize,log10(uM),1.3488975763320923,1.758346676826477,0.40944910049438477,-0.40944910049438477,true,f5f7608d7e5efb97c1fae5c31feccb3e43883002eacd421018677de0ff3e0a75
vegfa,1572f08a29d47f3e522e19c235e9f9173e87dff222777dea35f4230b58c3398f,controlled_crossover,ca1efa0f3b6ca13256d4da885f81dce9432a704eacff6cad0b491a80b7038ada,primary_parent,089615c18ff5e7154002281ce8551355e55752ccffeaf8b8dce9ed39ad295f5e,macrel_amp_probability,numeric,true,same_frozen_numeric_contract,maximize,probability,0.531,0.347,-0.18400000000000005,-0.18400000000000005,true,59b6ccb090c97fbc109ab73aa5f5f5c8fee938000631c4642c93710e0e25739e
vegfa,1572f08a29d47f3e522e19c235e9f9173e87dff222777dea35f4230b58c3398f,controlled_crossover,ca1efa0f3b6ca13256d4da885f81dce9432a704eacff6cad0b491a80b7038ada,primary_parent,089615c18ff5e7154002281ce8551355e55752ccffeaf8b8dce9ed39ad295f5e,macrel_hemolysis_label,categorical,true,same_frozen_label_contract,audit,label,low,low,,,false,2fb5653d864c8f07ccb16c88015fb9e154f8beeb0d7479275cf09f04beb20c8c
vegfa,1572f08a29d47f3e522e19c235e9f9173e87dff222777dea35f4230b58c3398f,controlled_crossover,ca1efa0f3b6ca13256d4da885f81dce9432a704eacff6cad0b491a80b7038ada,primary_parent,089615c18ff5e7154002281ce8551355e55752ccffeaf8b8dce9ed39ad295f5e,macrel_hemolysis_probability,numeric,true,same_frozen_numeric_contract,minimize,probability,0.495,0.426,-0.069,0.069,true,74c138c501b1fc42feda10df357d8eceeb1864c96ca9bd604c962384f6a47d57
vegfa,1572f08a29d47f3e522e19c235e9f9173e87dff222777dea35f4230b58c3398f,controlled_crossover,ca1efa0f3b6ca13256d4da885f81dce9432a704eacff6cad0b491a80b7038ada,primary_parent,089615c18ff5e7154002281ce8551355e55752ccffeaf8b8dce9ed39ad295f5e,maximum_hydrophobic_run,numeric,true,same_frozen_numeric_contract,minimize,residues,2.0,1.0,-1.0,1.0,true,aba1bac0be5f6ecf6e58aa59582ea960124d30f5e5f4bbb894d70bcbafb39b19
vegfa,1572f08a29d47f3e522e19c235e9f9173e87dff222777dea35f4230b58c3398f,controlled_crossover,ca1efa0f3b6ca13256d4da885f81dce9432a704eacff6cad0b491a80b7038ada,primary_parent,089615c18ff5e7154002281ce8551355e55752ccffeaf8b8dce9ed39ad295f5e,net_charge_ph7_4,numeric,false,audit_metric_has_no_monotonic_improvement_direction,audit,elementary_charge,8.07,8.069,-0.0009999999999994458,,true,f8c3e69881982bcfd97e03837079b7c3d9dd863f37569beb838728fd52e3f15f
vegfa,1572f08a29d47f3e522e19c235e9f9173e87dff222777dea35f4230b58c3398f,controlled_crossover,ca1efa0f3b6ca13256d4da885f81dce9432a704eacff6cad0b491a80b7038ada,primary_parent,089615c18ff5e7154002281ce8551355e55752ccffeaf8b8dce9ed39ad295f5e,toxinpred3_hybrid_score,numeric,true,same_frozen_numeric_contract,minimize,dimensionless,0.005,0.0,-0.005,0.005,true,f1198b24e462ff21f427abac7d87e71895f98f26fbe3dbbcd8d1536f09910527
vegfa,1572f08a29d47f3e522e19c235e9f9173e87dff222777dea35f4230b58c3398f,controlled_crossover,ca1efa0f3b6ca13256d4da885f81dce9432a704eacff6cad0b491a80b7038ada,primary_parent,089615c18ff5e7154002281ce8551355e55752ccffeaf8b8dce9ed39ad295f5e,toxinpred3_label,categorical,true,same_frozen_label_contract,audit,label,Non-Toxin,Non-Toxin,,,false,faa5d9aeaa7937295913f29f67c997ec1d6bee52b42509657aa5b5147c42677f
vegfa,1572f08a29d47f3e522e19c235e9f9173e87dff222777dea35f4230b58c3398f,controlled_crossover,ca1efa0f3b6ca13256d4da885f81dce9432a704eacff6cad0b491a80b7038ada,donor_parent,dc6b9e097fdbb1cebc638561775ba07debfd2bcbae4b1e7dbb9a3812c90d1dda,amp_read_log10_mic_um,numeric,true,same_frozen_numeric_contract,minimize,log10(uM),1.4326805721868476,1.4606589475245357,0.0279783753376881,-0.0279783753376881,true,d01f7a8a68581a0320c52941dda11351ee11289e2d900547cee8bbde12704cc1
vegfa,1572f08a29d47f3e522e19c235e9f9173e87dff222777dea35f4230b58c3398f,controlled_crossover,ca1efa0f3b6ca13256d4da885f81dce9432a704eacff6cad0b491a80b7038ada,donor_parent,dc6b9e097fdbb1cebc638561775ba07debfd2bcbae4b1e7dbb9a3812c90d1dda,guruprasad_instability_index,numeric,true,same_frozen_numeric_contract,minimize,index,8.988461538461536,-14.591304,-23.579765538461537,23.579765538461537,true,ce37190069b2f21a58261cbe9a40d39a06afc6675c44e09ebabeca8d9e8faa62
vegfa,1572f08a29d47f3e522e19c235e9f9173e87dff222777dea35f4230b58c3398f,controlled_crossover,ca1efa0f3b6ca13256d4da885f81dce9432a704eacff6cad0b491a80b7038ada,donor_parent,dc6b9e097fdbb1cebc638561775ba07debfd2bcbae4b1e7dbb9a3812c90d1dda,hydrophobic_moment_eisenberg,numeric,false,audit_metric_has_no_monotonic_improvement_direction,audit,dimensionless,0.05669057760399849,0.1741395452961964,0.11744896769219793,,true,b283e844736d5731ce44fff2d86d4448677285f0bb732ab640ed356571b89b03
vegfa,1572f08a29d47f3e522e19c235e9f9173e87dff222777dea35f4230b58c3398f,controlled_crossover,ca1efa0f3b6ca13256d4da885f81dce9432a704eacff6cad0b491a80b7038ada,donor_parent,dc6b9e097fdbb1cebc638561775ba07debfd2bcbae4b1e7dbb9a3812c90d1dda,hydrophobic_ratio_modlamp,numeric,false,audit_metric_has_no_monotonic_improvement_direction,audit,fraction,0.07692307692307693,0.08695652173913043,0.010033444816053505,,true,ca90c049beacffe8356a8ec3999e07dc2549127a65b9e3bffc62033d2402271c
vegfa,1572f08a29d47f3e522e19c235e9f9173e87dff222777dea35f4230b58c3398f,controlled_crossover,ca1efa0f3b6ca13256d4da885f81dce9432a704eacff6cad0b491a80b7038ada,donor_parent,dc6b9e097fdbb1cebc638561775ba07debfd2bcbae4b1e7dbb9a3812c90d1dda,llamp_log10_mic_um,numeric,true,same_frozen_numeric_contract,minimize,log10(uM),0.7191438674926758,1.758346676826477,1.0392028093338013,-1.0392028093338013,true,7a0fa239c0895b0867132242bb312e2fd252036f8232657bcff45603fd54478a
vegfa,1572f08a29d47f3e522e19c235e9f9173e87dff222777dea35f4230b58c3398f,controlled_crossover,ca1efa0f3b6ca13256d4da885f81dce9432a704eacff6cad0b491a80b7038ada,donor_parent,dc6b9e097fdbb1cebc638561775ba07debfd2bcbae4b1e7dbb9a3812c90d1dda,macrel_amp_probability,numeric,true,same_frozen_numeric_contract,maximize,probability,0.535,0.347,-0.18800000000000006,-0.18800000000000006,true,f477beec3792424e63feb9cd68fa63b2bc610970df5073ddf1b50e2c85f3f4c4
vegfa,1572f08a29d47f3e522e19c235e9f9173e87dff222777dea35f4230b58c3398f,controlled_crossover,ca1efa0f3b6ca13256d4da885f81dce9432a704eacff6cad0b491a80b7038ada,donor_parent,dc6b9e097fdbb1cebc638561775ba07debfd2bcbae4b1e7dbb9a3812c90d1dda,macrel_hemolysis_label,categorical,true,same_frozen_label_contract,audit,label,low,low,,,false,fba4b52f78054f9faaa73ee8319d3f768d08afb74a2bff09ab0c5b712e77ab47
vegfa,1572f08a29d47f3e522e19c235e9f9173e87dff222777dea35f4230b58c3398f,controlled_crossover,ca1efa0f3b6ca13256d4da885f81dce9432a704eacff6cad0b491a80b7038ada,donor_parent,dc6b9e097fdbb1cebc638561775ba07debfd2bcbae4b1e7dbb9a3812c90d1dda,macrel_hemolysis_probability,numeric,true,same_frozen_numeric_contract,minimize,probability,0.386,0.426,0.03999999999999998,-0.03999999999999998,true,94ae9886afcfaec74c8d9d3ce621a3bfa3195d3ab4e584864bff983743bc7745
vegfa,1572f08a29d47f3e522e19c235e9f9173e87dff222777dea35f4230b58c3398f,controlled_crossover,ca1efa0f3b6ca13256d4da885f81dce9432a704eacff6cad0b491a80b7038ada,donor_parent,dc6b9e097fdbb1cebc638561775ba07debfd2bcbae4b1e7dbb9a3812c90d1dda,maximum_hydrophobic_run,numeric,true,same_frozen_numeric_contract,minimize,residues,2.0,1.0,-1.0,1.0,true,02e12f1fcb366167fdc348a180d8a337674753985afb41ca0402d97c30966db7
vegfa,1572f08a29d47f3e522e19c235e9f9173e87dff222777dea35f4230b58c3398f,controlled_crossover,ca1efa0f3b6ca13256d4da885f81dce9432a704eacff6cad0b491a80b7038ada,donor_parent,dc6b9e097fdbb1cebc638561775ba07debfd2bcbae4b1e7dbb9a3812c90d1dda,net_charge_ph7_4,numeric,false,audit_metric_has_no_monotonic_improvement_direction,audit,elementary_charge,9.152,8.069,-1.0829999999999984,,true,d9452f80f22dae37390bac8b1daa819814e06352c9dc833fb534b07c639ae871
vegfa,1572f08a29d47f3e522e19c235e9f9173e87dff222777dea35f4230b58c3398f,controlled_crossover,ca1efa0f3b6ca13256d4da885f81dce9432a704eacff6cad0b491a80b7038ada,donor_parent,dc6b9e097fdbb1cebc638561775ba07debfd2bcbae4b1e7dbb9a3812c90d1dda,toxinpred3_hybrid_score,numeric,true,same_frozen_numeric_contract,minimize,dimensionless,0.015,0.0,-0.015,0.015,true,c4c98fac24817370c2ba89a305b2d95b765891c087d726c66f6644bb02a491ca
vegfa,1572f08a29d47f3e522e19c235e9f9173e87dff222777dea35f4230b58c3398f,controlled_crossover,ca1efa0f3b6ca13256d4da885f81dce9432a704eacff6cad0b491a80b7038ada,donor_parent,dc6b9e097fdbb1cebc638561775ba07debfd2bcbae4b1e7dbb9a3812c90d1dda,toxinpred3_label,categorical,true,same_frozen_label_contract,audit,label,Non-Toxin,Non-Toxin,,,false,44ec90a64ce03f84237c0d7002fe5b3f205267f51599445b6e1ebd24bd139496
vegfa,1c6233fd431b419030a4dc1b6725e34d493aa67918d154bc293d4e1fab59702b,de_novo,48da8247357d5a7a7299a544d9ba83a54ca005e4d1b3f02367d099252643c623,none,,amp_read_log10_mic_um,numeric,false,de_novo_has_no_biological_parent,,,,1.5520136583813549,,,,1e8d3d54a22a0de96ef0e5171520222b7b38e3c07512c888cf55f85ea69842ae
vegfa,1c6233fd431b419030a4dc1b6725e34d493aa67918d154bc293d4e1fab59702b,de_novo,48da8247357d5a7a7299a544d9ba83a54ca005e4d1b3f02367d099252643c623,none,,guruprasad_instability_index,numeric,false,de_novo_has_no_biological_parent,,,,12.116000,,,,712fd39f1b36069fbace8c3774caeff6da085091bcace7379c2a537ea1c43aeb
vegfa,1c6233fd431b419030a4dc1b6725e34d493aa67918d154bc293d4e1fab59702b,de_novo,48da8247357d5a7a7299a544d9ba83a54ca005e4d1b3f02367d099252643c623,none,,hydrophobic_moment_eisenberg,numeric,false,de_novo_has_no_biological_parent,,,,0.08768947747194647,,,,6f73013694ed99a51328c6985641503d649e714a64a2fe4e2bc404915f3e08cd
vegfa,1c6233fd431b419030a4dc1b6725e34d493aa67918d154bc293d4e1fab59702b,de_novo,48da8247357d5a7a7299a544d9ba83a54ca005e4d1b3f02367d099252643c623,none,,hydrophobic_ratio_modlamp,numeric,false,de_novo_has_no_biological_parent,,,,0.12,,,,c5834d6c3805f3ff1f7a04ba210b3b0739b9320c56db76805a7cf37e320753a9
vegfa,1c6233fd431b419030a4dc1b6725e34d493aa67918d154bc293d4e1fab59702b,de_novo,48da8247357d5a7a7299a544d9ba83a54ca005e4d1b3f02367d099252643c623,none,,llamp_log10_mic_um,numeric,false,de_novo_has_no_biological_parent,,,,0.8708163499832153,,,,d18a18749a547a724a418e162091f36930b62e5320b57bd5df69a48f744ff0a0
vegfa,1c6233fd431b419030a4dc1b6725e34d493aa67918d154bc293d4e1fab59702b,de_novo,48da8247357d5a7a7299a544d9ba83a54ca005e4d1b3f02367d099252643c623,none,,macrel_amp_probability,numeric,false,de_novo_has_no_biological_parent,,,,0.376,,,,c10865c25a14e2701047fbb2d62bb3cf84e5939027d960eacc456621c2734ff9
vegfa,1c6233fd431b419030a4dc1b6725e34d493aa67918d154bc293d4e1fab59702b,de_novo,48da8247357d5a7a7299a544d9ba83a54ca005e4d1b3f02367d099252643c623,none,,macrel_hemolysis_label,categorical,false,de_novo_has_no_biological_parent,,,,high,,,,f8b7ba6de91f0757b826a2f1851ac5455385fd1029e4bbc3ea9d7d1c2b6c941c
vegfa,1c6233fd431b419030a4dc1b6725e34d493aa67918d154bc293d4e1fab59702b,de_novo,48da8247357d5a7a7299a544d9ba83a54ca005e4d1b3f02367d099252643c623,none,,macrel_hemolysis_probability,numeric,false,de_novo_has_no_biological_parent,,,,0.604,,,,b017753586a73f0239f4fc4d78282c5e5056179060dd29009bd6ec4c639aff52
vegfa,1c6233fd431b419030a4dc1b6725e34d493aa67918d154bc293d4e1fab59702b,de_novo,48da8247357d5a7a7299a544d9ba83a54ca005e4d1b3f02367d099252643c623,none,,maximum_hydrophobic_run,numeric,false,de_novo_has_no_biological_parent,,,,1,,,,2ce7fb6c93bb89fc26dfcc69b4638ebc74c977fff18626f0429c68f782620807
vegfa,1c6233fd431b419030a4dc1b6725e34d493aa67918d154bc293d4e1fab59702b,de_novo,48da8247357d5a7a7299a544d9ba83a54ca005e4d1b3f02367d099252643c623,none,,net_charge_ph7_4,numeric,false,de_novo_has_no_biological_parent,,,,11.152,,,,ea9592d829f8f3977f991f32ee7ba7bb32da12a8dd564db6036cc1b8bbcd6df6
vegfa,1c6233fd431b419030a4dc1b6725e34d493aa67918d154bc293d4e1fab59702b,de_novo,48da8247357d5a7a7299a544d9ba83a54ca005e4d1b3f02367d099252643c623,none,,toxinpred3_hybrid_score,numeric,false,de_novo_has_no_biological_parent,,,,0.48,,,,58137bf7e1b67c39adadec34ffb2b1e9e409d69ff99fc1cf92199699fdac883f
vegfa,1c6233fd431b419030a4dc1b6725e34d493aa67918d154bc293d4e1fab59702b,de_novo,48da8247357d5a7a7299a544d9ba83a54ca005e4d1b3f02367d099252643c623,none,,toxinpred3_label,categorical,false,de_novo_has_no_biological_parent,,,,Toxin,,,,e8e37a8dcba5e9edc533cb40531f1479c80ec5ed09980bcd889b7eca462dced9
vegfa,d7f8f66983e06e3c31bb7deefe934c06b46ae7bf04a4338d4625568220d53878,de_novo,54f67297f561583d53ddde45df5718a61ea5846fa06aa8e5ab9e8cd7a62b3a2f,none,,amp_read_log10_mic_um,numeric,false,de_novo_has_no_biological_parent,,,,0.8250400677589024,,,,d2af70641bbb00c5212bc9f33d30f56f4351fdaef78bc056d12f0a6845b46f12
vegfa,d7f8f66983e06e3c31bb7deefe934c06b46ae7bf04a4338d4625568220d53878,de_novo,54f67297f561583d53ddde45df5718a61ea5846fa06aa8e5ab9e8cd7a62b3a2f,none,,guruprasad_instability_index,numeric,false,de_novo_has_no_biological_parent,,,,12.310000,,,,53be0117cd678b002d521a52c9c14de2e4a005a268a9fb1330ea57f16500f4cb
vegfa,d7f8f66983e06e3c31bb7deefe934c06b46ae7bf04a4338d4625568220d53878,de_novo,54f67297f561583d53ddde45df5718a61ea5846fa06aa8e5ab9e8cd7a62b3a2f,none,,hydrophobic_moment_eisenberg,numeric,false,de_novo_has_no_biological_parent,,,,0.20710202858682628,,,,991cd9ac90083641e0c26b65bc3a4485e2d29432768d3935c35ce5783c2c3f46
vegfa,d7f8f66983e06e3c31bb7deefe934c06b46ae7bf04a4338d4625568220d53878,de_novo,54f67297f561583d53ddde45df5718a61ea5846fa06aa8e5ab9e8cd7a62b3a2f,none,,hydrophobic_ratio_modlamp,numeric,false,de_novo_has_no_biological_parent,,,,0.25,,,,119a8f3a97a983a99d2e3c736770b6ddd1b2b6c103c20b8529dd28bb27c6cd11
vegfa,d7f8f66983e06e3c31bb7deefe934c06b46ae7bf04a4338d4625568220d53878,de_novo,54f67297f561583d53ddde45df5718a61ea5846fa06aa8e5ab9e8cd7a62b3a2f,none,,llamp_log10_mic_um,numeric,false,de_novo_has_no_biological_parent,,,,1.0523265600204468,,,,3617397cdfaaa348078e6712d2e498a41505b0790048e841b52f3808eac1b3d2
vegfa,d7f8f66983e06e3c31bb7deefe934c06b46ae7bf04a4338d4625568220d53878,de_novo,54f67297f561583d53ddde45df5718a61ea5846fa06aa8e5ab9e8cd7a62b3a2f,none,,macrel_amp_probability,numeric,false,de_novo_has_no_biological_parent,,,,0.564,,,,5cab541cc193684750cd6a687ee7edd1aa992d81f00d0f4a7273fa5a9ddf301f
vegfa,d7f8f66983e06e3c31bb7deefe934c06b46ae7bf04a4338d4625568220d53878,de_novo,54f67297f561583d53ddde45df5718a61ea5846fa06aa8e5ab9e8cd7a62b3a2f,none,,macrel_hemolysis_label,categorical,false,de_novo_has_no_biological_parent,,,,high,,,,36f805f5e6faedc62cd70addb031d0fad818c288e36b385183ab3fb6d4d94545
vegfa,d7f8f66983e06e3c31bb7deefe934c06b46ae7bf04a4338d4625568220d53878,de_novo,54f67297f561583d53ddde45df5718a61ea5846fa06aa8e5ab9e8cd7a62b3a2f,none,,macrel_hemolysis_probability,numeric,false,de_novo_has_no_biological_parent,,,,0.802,,,,9a36a28a33a5bbca93e6d8ceff267a30badc7f84de3e3e2b8631d856fce363f4
vegfa,d7f8f66983e06e3c31bb7deefe934c06b46ae7bf04a4338d4625568220d53878,de_novo,54f67297f561583d53ddde45df5718a61ea5846fa06aa8e5ab9e8cd7a62b3a2f,none,,maximum_hydrophobic_run,numeric,false,de_novo_has_no_biological_parent,,,,2,,,,4c77a21b4fa299f123d415c311a5cdacbac29b01cffbd08662dd0bc10bcea1d7
vegfa,d7f8f66983e06e3c31bb7deefe934c06b46ae7bf04a4338d4625568220d53878,de_novo,54f67297f561583d53ddde45df5718a61ea5846fa06aa8e5ab9e8cd7a62b3a2f,none,,net_charge_ph7_4,numeric,false,de_novo_has_no_biological_parent,,,,7.112,,,,eb3991ff409c071e763d236ed0a2e2de0c4df0efa8b873644b40419dd332dede
vegfa,d7f8f66983e06e3c31bb7deefe934c06b46ae7bf04a4338d4625568220d53878,de_novo,54f67297f561583d53ddde45df5718a61ea5846fa06aa8e5ab9e8cd7a62b3a2f,none,,toxinpred3_hybrid_score,numeric,false,de_novo_has_no_biological_parent,,,,0.025,,,,355c64fa4a4f5615cad9021758fbc8d91882ca12bb288abcafa36b0b2f578107
vegfa,d7f8f66983e06e3c31bb7deefe934c06b46ae7bf04a4338d4625568220d53878,de_novo,54f67297f561583d53ddde45df5718a61ea5846fa06aa8e5ab9e8cd7a62b3a2f,none,,toxinpred3_label,categorical,false,de_novo_has_no_biological_parent,,,,Non-Toxin,,,,4b81d72ef63093b8ecd07b6698f871b04ef5cc9bc304e92611b0addd30174508
vegfa,3af1ab33f38d4c19ff9cfb68eaf61f23f4ea9dd814b4f9a5907f17fef3baf035,masked_substitution,43e75a5295572de97aec002475d8d9688ae91b308d47809c2db7e787a952e80c,primary_parent,02e6e8a9041d1f5e02ded66ace7f1bf8353933cb460554f7d6d4f7827ee851e3,amp_read_log10_mic_um,numeric,true,same_frozen_numeric_contract,minimize,log10(uM),0.8502392420270765,0.8087121439544989,-0.041527098072577595,0.041527098072577595,true,86339612530c64c82113870fc0246de02e956404eec512dbc2f648ec26b161ee
vegfa,3af1ab33f38d4c19ff9cfb68eaf61f23f4ea9dd814b4f9a5907f17fef3baf035,masked_substitution,43e75a5295572de97aec002475d8d9688ae91b308d47809c2db7e787a952e80c,primary_parent,02e6e8a9041d1f5e02ded66ace7f1bf8353933cb460554f7d6d4f7827ee851e3,guruprasad_instability_index,numeric,true,same_frozen_numeric_contract,minimize,index,-9.308695652173913,-6.869565,2.4391306521739136,-2.4391306521739136,true,16080df8c19f10efadb73caab90cc8ac5dd7f9ab1c5938261ef8d1dc8442b198
vegfa,3af1ab33f38d4c19ff9cfb68eaf61f23f4ea9dd814b4f9a5907f17fef3baf035,masked_substitution,43e75a5295572de97aec002475d8d9688ae91b308d47809c2db7e787a952e80c,primary_parent,02e6e8a9041d1f5e02ded66ace7f1bf8353933cb460554f7d6d4f7827ee851e3,hydrophobic_moment_eisenberg,numeric,false,audit_metric_has_no_monotonic_improvement_direction,audit,dimensionless,0.14056582796750103,0.23264293152274132,0.09207710355524029,,true,d3051b5aca6a909ba0c9657b632061e8a601fe8be6b4f0011f372027a77a232d
vegfa,3af1ab33f38d4c19ff9cfb68eaf61f23f4ea9dd814b4f9a5907f17fef3baf035,masked_substitution,43e75a5295572de97aec002475d8d9688ae91b308d47809c2db7e787a952e80c,primary_parent,02e6e8a9041d1f5e02ded66ace7f1bf8353933cb460554f7d6d4f7827ee851e3,hydrophobic_ratio_modlamp,numeric,false,audit_metric_has_no_monotonic_improvement_direction,audit,fraction,0.2608695652173913,0.21739130434782608,-0.043478260869565216,,true,93a68d4f4fff08ed34af0debb8bf84d975ee615109073956547e188d3eec75ff
vegfa,3af1ab33f38d4c19ff9cfb68eaf61f23f4ea9dd814b4f9a5907f17fef3baf035,masked_substitution,43e75a5295572de97aec002475d8d9688ae91b308d47809c2db7e787a952e80c,primary_parent,02e6e8a9041d1f5e02ded66ace7f1bf8353933cb460554f7d6d4f7827ee851e3,llamp_log10_mic_um,numeric,true,same_frozen_numeric_contract,minimize,log10(uM),1.3610467910766602,1.0864951610565186,-0.2745516300201416,0.2745516300201416,true,ab045af9f3e0ca13083d3ce4608c146f2b48146f686f7be741f9eeb6d940b337
vegfa,3af1ab33f38d4c19ff9cfb68eaf61f23f4ea9dd814b4f9a5907f17fef3baf035,masked_substitution,43e75a5295572de97aec002475d8d9688ae91b308d47809c2db7e787a952e80c,primary_parent,02e6e8a9041d1f5e02ded66ace7f1bf8353933cb460554f7d6d4f7827ee851e3,macrel_amp_probability,numeric,true,same_frozen_numeric_contract,maximize,probability,0.584,0.56,-0.02399999999999991,-0.02399999999999991,true,7d3c41d0f8906a933936f1656dca888074cab55c98520b5a42da5e51d88b3ef6
vegfa,3af1ab33f38d4c19ff9cfb68eaf61f23f4ea9dd814b4f9a5907f17fef3baf035,masked_substitution,43e75a5295572de97aec002475d8d9688ae91b308d47809c2db7e787a952e80c,primary_parent,02e6e8a9041d1f5e02ded66ace7f1bf8353933cb460554f7d6d4f7827ee851e3,macrel_hemolysis_label,categorical,true,same_frozen_label_contract,audit,label,low,low,,,false,c51fb393f145e425754856f2793ae925f06f2999327c107f0a96c9420f357515
vegfa,3af1ab33f38d4c19ff9cfb68eaf61f23f4ea9dd814b4f9a5907f17fef3baf035,masked_substitution,43e75a5295572de97aec002475d8d9688ae91b308d47809c2db7e787a952e80c,primary_parent,02e6e8a9041d1f5e02ded66ace7f1bf8353933cb460554f7d6d4f7827ee851e3,macrel_hemolysis_probability,numeric,true,same_frozen_numeric_contract,minimize,probability,0.465,0.485,0.019999999999999962,-0.019999999999999962,true,adfc76e91fa3dd4ee39300c6f56809dcfb66e7c845061669b898e74a751a056e
vegfa,3af1ab33f38d4c19ff9cfb68eaf61f23f4ea9dd814b4f9a5907f17fef3baf035,masked_substitution,43e75a5295572de97aec002475d8d9688ae91b308d47809c2db7e787a952e80c,primary_parent,02e6e8a9041d1f5e02ded66ace7f1bf8353933cb460554f7d6d4f7827ee851e3,maximum_hydrophobic_run,numeric,true,same_frozen_numeric_contract,minimize,residues,2.0,1.0,-1.0,1.0,true,2d6bb8a953197bc73e1fb4047dec1ba4b836435b104be1cdb88d2ae15a1cdea6
vegfa,3af1ab33f38d4c19ff9cfb68eaf61f23f4ea9dd814b4f9a5907f17fef3baf035,masked_substitution,43e75a5295572de97aec002475d8d9688ae91b308d47809c2db7e787a952e80c,primary_parent,02e6e8a9041d1f5e02ded66ace7f1bf8353933cb460554f7d6d4f7827ee851e3,net_charge_ph7_4,numeric,false,audit_metric_has_no_monotonic_improvement_direction,audit,elementary_charge,6.112,7.111,0.9989999999999997,,true,a470ca0f30634e952ea51fd289a2eefeeaaa08c896626795dfee3df1e6ce7ef8
vegfa,3af1ab33f38d4c19ff9cfb68eaf61f23f4ea9dd814b4f9a5907f17fef3baf035,masked_substitution,43e75a5295572de97aec002475d8d9688ae91b308d47809c2db7e787a952e80c,primary_parent,02e6e8a9041d1f5e02ded66ace7f1bf8353933cb460554f7d6d4f7827ee851e3,toxinpred3_hybrid_score,numeric,true,same_frozen_numeric_contract,minimize,dimensionless,0.0,0.44,0.44,-0.44,true,fb23bb1578678a9f8fdd464a798ae2d78fbbcb282ce69c15213fdead74d80328
vegfa,3af1ab33f38d4c19ff9cfb68eaf61f23f4ea9dd814b4f9a5907f17fef3baf035,masked_substitution,43e75a5295572de97aec002475d8d9688ae91b308d47809c2db7e787a952e80c,primary_parent,02e6e8a9041d1f5e02ded66ace7f1bf8353933cb460554f7d6d4f7827ee851e3,toxinpred3_label,categorical,true,same_frozen_label_contract,audit,label,Non-Toxin,Toxin,,,true,0d54a2645b6f2b54d4258a2405f0085507c6b0f2d72431650994ce3c1a7748dd
vegfa,7f2278d4d4af76415bb4d93741a58ed82a252eabd8130e545c65e329eda3aa3d,controlled_crossover,20313e42359c02abc28c1260d0ddf55b8a35b6d3793078c3de13e47f4cd080a1,primary_parent,1852d0385396cacd5f7d48624e6014bea585ff5066195d0ac9d14496615dbe74,amp_read_log10_mic_um,numeric,true,same_frozen_numeric_contract,minimize,log10(uM),0.8556499119534838,1.2333529197964512,0.3777030078429674,-0.3777030078429674,true,78e154d3cf89e02086495a6b0985279e9803a6b32ab31208168244431a0a78b0
vegfa,7f2278d4d4af76415bb4d93741a58ed82a252eabd8130e545c65e329eda3aa3d,controlled_crossover,20313e42359c02abc28c1260d0ddf55b8a35b6d3793078c3de13e47f4cd080a1,primary_parent,1852d0385396cacd5f7d48624e6014bea585ff5066195d0ac9d14496615dbe74,guruprasad_instability_index,numeric,true,same_frozen_numeric_contract,minimize,index,-9.308695652173913,-11.747826,-2.4391303478260866,2.4391303478260866,true,79ae3742b39cf54dfbf4ca8876f19c7b623c632e259eb318abf7f9dc9b43f754
vegfa,7f2278d4d4af76415bb4d93741a58ed82a252eabd8130e545c65e329eda3aa3d,controlled_crossover,20313e42359c02abc28c1260d0ddf55b8a35b6d3793078c3de13e47f4cd080a1,primary_parent,1852d0385396cacd5f7d48624e6014bea585ff5066195d0ac9d14496615dbe74,hydrophobic_moment_eisenberg,numeric,false,audit_metric_has_no_monotonic_improvement_direction,audit,dimensionless,0.22812344926292888,0.11661487533242637,-0.11150857393050251,,true,81d685ab16c7c58ad85d5f1795a776dfefb4898fab1965d74ff446e00237b165
vegfa,7f2278d4d4af76415bb4d93741a58ed82a252eabd8130e545c65e329eda3aa3d,controlled_crossover,20313e42359c02abc28c1260d0ddf55b8a35b6d3793078c3de13e47f4cd080a1,primary_parent,1852d0385396cacd5f7d48624e6014bea585ff5066195d0ac9d14496615dbe74,hydrophobic_ratio_modlamp,numeric,false,audit_metric_has_no_monotonic_improvement_direction,audit,fraction,0.21739130434782608,0.08695652173913043,-0.13043478260869565,,true,e52215344775cfd457b381f02c7c7038814e8a183ad7b5c2fd3c44c7d36cb25f
vegfa,7f2278d4d4af76415bb4d93741a58ed82a252eabd8130e545c65e329eda3aa3d,controlled_crossover,20313e42359c02abc28c1260d0ddf55b8a35b6d3793078c3de13e47f4cd080a1,primary_parent,1852d0385396cacd5f7d48624e6014bea585ff5066195d0ac9d14496615dbe74,llamp_log10_mic_um,numeric,true,same_frozen_numeric_contract,minimize,log10(uM),1.2277473211288452,1.542495846748352,0.31474852561950684,-0.31474852561950684,true,b19fddb73bbbd9c713241d5b84e23322d486e3f09dbc1b13d8f94d01a62e722d
vegfa,7f2278d4d4af76415bb4d93741a58ed82a252eabd8130e545c65e329eda3aa3d,controlled_crossover,20313e42359c02abc28c1260d0ddf55b8a35b6d3793078c3de13e47f4cd080a1,primary_parent,1852d0385396cacd5f7d48624e6014bea585ff5066195d0ac9d14496615dbe74,macrel_amp_probability,numeric,true,same_frozen_numeric_contract,maximize,probability,0.511,0.337,-0.174,-0.174,true,a1a5ad6c7ae61086f9a49bbe469cb58911a423b63c8b4683e9b1de9893970264
vegfa,7f2278d4d4af76415bb4d93741a58ed82a252eabd8130e545c65e329eda3aa3d,controlled_crossover,20313e42359c02abc28c1260d0ddf55b8a35b6d3793078c3de13e47f4cd080a1,primary_parent,1852d0385396cacd5f7d48624e6014bea585ff5066195d0ac9d14496615dbe74,macrel_hemolysis_label,categorical,true,same_frozen_label_contract,audit,label,low,low,,,false,dcfe531a881b30b5f3c125717a4afb6f626fee6aa084224a0fadcc44370c5d98
vegfa,7f2278d4d4af76415bb4d93741a58ed82a252eabd8130e545c65e329eda3aa3d,controlled_crossover,20313e42359c02abc28c1260d0ddf55b8a35b6d3793078c3de13e47f4cd080a1,primary_parent,1852d0385396cacd5f7d48624e6014bea585ff5066195d0ac9d14496615dbe74,macrel_hemolysis_probability,numeric,true,same_frozen_numeric_contract,minimize,probability,0.416,0.317,-0.09899999999999998,0.09899999999999998,true,de21f38df5e704d86f831af950d96f5425bc8426b4bbf6bcd5dfc3c0e27631e9
vegfa,7f2278d4d4af76415bb4d93741a58ed82a252eabd8130e545c65e329eda3aa3d,controlled_crossover,20313e42359c02abc28c1260d0ddf55b8a35b6d3793078c3de13e47f4cd080a1,primary_parent,1852d0385396cacd5f7d48624e6014bea585ff5066195d0ac9d14496615dbe74,maximum_hydrophobic_run,numeric,true,same_frozen_numeric_contract,minimize,residues,2.0,1.0,-1.0,1.0,true,c8a3f74dd4c9d6faef59be78548beca479764c2836f6ee1c6901556db34e0da7
vegfa,7f2278d4d4af76415bb4d93741a58ed82a252eabd8130e545c65e329eda3aa3d,controlled_crossover,20313e42359c02abc28c1260d0ddf55b8a35b6d3793078c3de13e47f4cd080a1,primary_parent,1852d0385396cacd5f7d48624e6014bea585ff5066195d0ac9d14496615dbe74,net_charge_ph7_4,numeric,false,audit_metric_has_no_monotonic_improvement_direction,audit,elementary_charge,7.111,8.111,1.0000000000000009,,true,ff9f42a17ba65318927e530d79380ff10f92c3832bbf2d314ea79c2071706f53
vegfa,7f2278d4d4af76415bb4d93741a58ed82a252eabd8130e545c65e329eda3aa3d,controlled_crossover,20313e42359c02abc28c1260d0ddf55b8a35b6d3793078c3de13e47f4cd080a1,primary_parent,1852d0385396cacd5f7d48624e6014bea585ff5066195d0ac9d14496615dbe74,toxinpred3_hybrid_score,numeric,true,same_frozen_numeric_contract,minimize,dimensionless,0.0,0.4,0.4,-0.4,true,827b2257114b8f7efffd53e030c45a727e938d8eb19012937ce4e96ff273557a
vegfa,7f2278d4d4af76415bb4d93741a58ed82a252eabd8130e545c65e329eda3aa3d,controlled_crossover,20313e42359c02abc28c1260d0ddf55b8a35b6d3793078c3de13e47f4cd080a1,primary_parent,1852d0385396cacd5f7d48624e6014bea585ff5066195d0ac9d14496615dbe74,toxinpred3_label,categorical,true,same_frozen_label_contract,audit,label,Non-Toxin,Toxin,,,true,09f080d0875eb8e73c77ba56f68102cfbd79fe820e4f788088d9bd5e205a1b1c
vegfa,7f2278d4d4af76415bb4d93741a58ed82a252eabd8130e545c65e329eda3aa3d,controlled_crossover,20313e42359c02abc28c1260d0ddf55b8a35b6d3793078c3de13e47f4cd080a1,donor_parent,dc6b9e097fdbb1cebc638561775ba07debfd2bcbae4b1e7dbb9a3812c90d1dda,amp_read_log10_mic_um,numeric,true,same_frozen_numeric_contract,minimize,log10(uM),1.4326805721868476,1.2333529197964512,-0.1993276523903964,0.1993276523903964,true,dc499b1d6caf518024147b54758b73e85a9845e116f37ceb80074a6b0102e9be
vegfa,7f2278d4d4af76415bb4d93741a58ed82a252eabd8130e545c65e329eda3aa3d,controlled_crossover,20313e42359c02abc28c1260d0ddf55b8a35b6d3793078c3de13e47f4cd080a1,donor_parent,dc6b9e097fdbb1cebc638561775ba07debfd2bcbae4b1e7dbb9a3812c90d1dda,guruprasad_instability_index,numeric,true,same_frozen_numeric_contract,minimize,index,8.988461538461536,-11.747826,-20.736287538461536,20.736287538461536,true,b58c191904ca4a5ff062fb559a17554d84653efd4e1f8803bd17a79ac12a0572
vegfa,7f2278d4d4af76415bb4d93741a58ed82a252eabd8130e545c65e329eda3aa3d,controlled_crossover,20313e42359c02abc28c1260d0ddf55b8a35b6d3793078c3de13e47f4cd080a1,donor_parent,dc6b9e097fdbb1cebc638561775ba07debfd2bcbae4b1e7dbb9a3812c90d1dda,hydrophobic_moment_eisenberg,numeric,false,audit_metric_has_no_monotonic_improvement_direction,audit,dimensionless,0.05669057760399849,0.11661487533242637,0.05992429772842788,,true,7b9f707ade2250f646354db0a078c28d540a4f2cbeff99ca2811dd9d2d47a23f
vegfa,7f2278d4d4af76415bb4d93741a58ed82a252eabd8130e545c65e329eda3aa3d,controlled_crossover,20313e42359c02abc28c1260d0ddf55b8a35b6d3793078c3de13e47f4cd080a1,donor_parent,dc6b9e097fdbb1cebc638561775ba07debfd2bcbae4b1e7dbb9a3812c90d1dda,hydrophobic_ratio_modlamp,numeric,false,audit_metric_has_no_monotonic_improvement_direction,audit,fraction,0.07692307692307693,0.08695652173913043,0.010033444816053505,,true,d4e02f6badf96ded549d0030e68494c5cd2a1ecd4305f7bfa375d53fc82f09dc
vegfa,7f2278d4d4af76415bb4d93741a58ed82a252eabd8130e545c65e329eda3aa3d,controlled_crossover,20313e42359c02abc28c1260d0ddf55b8a35b6d3793078c3de13e47f4cd080a1,donor_parent,dc6b9e097fdbb1cebc638561775ba07debfd2bcbae4b1e7dbb9a3812c90d1dda,llamp_log10_mic_um,numeric,true,same_frozen_numeric_contract,minimize,log10(uM),0.7191438674926758,1.542495846748352,0.8233519792556763,-0.8233519792556763,true,dbf5bccba5fbbf7c6d3811e8b0f4a1e0b7f16f05efe8984b5c0a6d8f0503e637
vegfa,7f2278d4d4af76415bb4d93741a58ed82a252eabd8130e545c65e329eda3aa3d,controlled_crossover,20313e42359c02abc28c1260d0ddf55b8a35b6d3793078c3de13e47f4cd080a1,donor_parent,dc6b9e097fdbb1cebc638561775ba07debfd2bcbae4b1e7dbb9a3812c90d1dda,macrel_amp_probability,numeric,true,same_frozen_numeric_contract,maximize,probability,0.535,0.337,-0.198,-0.198,true,6bae657f7c63a6b9ff84fcaa739a3aa18b2b7f590f36903ac30bf72060d5f9b0
vegfa,7f2278d4d4af76415bb4d93741a58ed82a252eabd8130e545c65e329eda3aa3d,controlled_crossover,20313e42359c02abc28c1260d0ddf55b8a35b6d3793078c3de13e47f4cd080a1,donor_parent,dc6b9e097fdbb1cebc638561775ba07debfd2bcbae4b1e7dbb9a3812c90d1dda,macrel_hemolysis_label,categorical,true,same_frozen_label_contract,audit,label,low,low,,,false,e4314f96c981bb30684d48cc07d5724ca0762d6a114c5003636aa36d3f0abee7
vegfa,7f2278d4d4af76415bb4d93741a58ed82a252eabd8130e545c65e329eda3aa3d,controlled_crossover,20313e42359c02abc28c1260d0ddf55b8a35b6d3793078c3de13e47f4cd080a1,donor_parent,dc6b9e097fdbb1cebc638561775ba07debfd2bcbae4b1e7dbb9a3812c90d1dda,macrel_hemolysis_probability,numeric,true,same_frozen_numeric_contract,minimize,probability,0.386,0.317,-0.069,0.069,true,e9c950256125edfdef1f32f687c248751e26b640b7ffa755b0ec6017e0e6a183
vegfa,7f2278d4d4af76415bb4d93741a58ed82a252eabd8130e545c65e329eda3aa3d,controlled_crossover,20313e42359c02abc28c1260d0ddf55b8a35b6d3793078c3de13e47f4cd080a1,donor_parent,dc6b9e097fdbb1cebc638561775ba07debfd2bcbae4b1e7dbb9a3812c90d1dda,maximum_hydrophobic_run,numeric,true,same_frozen_numeric_contract,minimize,residues,2.0,1.0,-1.0,1.0,true,e4efa7ae76dfeeb8ca74e8abe097fadb572eef012fc0d12e10d439b057d924a8
vegfa,7f2278d4d4af76415bb4d93741a58ed82a252eabd8130e545c65e329eda3aa3d,controlled_crossover,20313e42359c02abc28c1260d0ddf55b8a35b6d3793078c3de13e47f4cd080a1,donor_parent,dc6b9e097fdbb1cebc638561775ba07debfd2bcbae4b1e7dbb9a3812c90d1dda,net_charge_ph7_4,numeric,false,audit_metric_has_no_monotonic_improvement_direction,audit,elementary_charge,9.152,8.111,-1.0409999999999986,,true,f507a7dcf2e9971a30eb1ecd3dfc666ce227b7e7987494fb96e4778cec9f133b
vegfa,7f2278d4d4af76415bb4d93741a58ed82a252eabd8130e545c65e329eda3aa3d,controlled_crossover,20313e42359c02abc28c1260d0ddf55b8a35b6d3793078c3de13e47f4cd080a1,donor_parent,dc6b9e097fdbb1cebc638561775ba07debfd2bcbae4b1e7dbb9a3812c90d1dda,toxinpred3_hybrid_score,numeric,true,same_frozen_numeric_contract,minimize,dimensionless,0.015,0.4,0.385,-0.385,true,a76aad52ef8622d12d5fc550fc1d1edafa408f327fe7f007f08bc09851a47026
vegfa,7f2278d4d4af76415bb4d93741a58ed82a252eabd8130e545c65e329eda3aa3d,controlled_crossover,20313e42359c02abc28c1260d0ddf55b8a35b6d3793078c3de13e47f4cd080a1,donor_parent,dc6b9e097fdbb1cebc638561775ba07debfd2bcbae4b1e7dbb9a3812c90d1dda,toxinpred3_label,categorical,true,same_frozen_label_contract,audit,label,Non-Toxin,Toxin,,,true,493937041a5d143dd08c7dd8f3fc725a03a07af5d7ec88221c911456e715c48a
vegfa,e8171df3c9513c463b4057b49c88fd69ee50986a6b90741c42c22760ae7e4073,de_novo,ce6dad4495cb37f01c49b8bd21535d64b1aa392ecb1bff1b1ce2f506cc1fc6ee,none,,amp_read_log10_mic_um,numeric,false,de_novo_has_no_biological_parent,,,,1.3845136106714713,,,,84007078ca365c4936326e8e9cdbe4aaa083e666770dd6a4a414c2a3b932b667
vegfa,e8171df3c9513c463b4057b49c88fd69ee50986a6b90741c42c22760ae7e4073,de_novo,ce6dad4495cb37f01c49b8bd21535d64b1aa392ecb1bff1b1ce2f506cc1fc6ee,none,,guruprasad_instability_index,numeric,false,de_novo_has_no_biological_parent,,,,45.745000,,,,2b132eec491255af2fc553e39d3533e8d6680e8820b08dd8437ea674c11e9e6a
vegfa,e8171df3c9513c463b4057b49c88fd69ee50986a6b90741c42c22760ae7e4073,de_novo,ce6dad4495cb37f01c49b8bd21535d64b1aa392ecb1bff1b1ce2f506cc1fc6ee,none,,hydrophobic_moment_eisenberg,numeric,false,de_novo_has_no_biological_parent,,,,0.28237982083884294,,,,e3b09b24531acaa218cab22c4a282a2b8f0a393ef7dbd96d70af4c3d820ba8a3
vegfa,e8171df3c9513c463b4057b49c88fd69ee50986a6b90741c42c22760ae7e4073,de_novo,ce6dad4495cb37f01c49b8bd21535d64b1aa392ecb1bff1b1ce2f506cc1fc6ee,none,,hydrophobic_ratio_modlamp,numeric,false,de_novo_has_no_biological_parent,,,,0.2,,,,f44d89b0ee290f5339751f997a6c8f2dd66395e68a37d92dcf49ffdf0fed1066
vegfa,e8171df3c9513c463b4057b49c88fd69ee50986a6b90741c42c22760ae7e4073,de_novo,ce6dad4495cb37f01c49b8bd21535d64b1aa392ecb1bff1b1ce2f506cc1fc6ee,none,,llamp_log10_mic_um,numeric,false,de_novo_has_no_biological_parent,,,,0.8489569425582886,,,,0f94464fa9e56ef55df99e922b7eb6c4b2c7b3954bae125c5e636978749841c2
vegfa,e8171df3c9513c463b4057b49c88fd69ee50986a6b90741c42c22760ae7e4073,de_novo,ce6dad4495cb37f01c49b8bd21535d64b1aa392ecb1bff1b1ce2f506cc1fc6ee,none,,macrel_amp_probability,numeric,false,de_novo_has_no_biological_parent,,,,0.366,,,,644d703f67f3937bf3abae1b194382ca4475483a17b079e5de4270b438a7ca7c
vegfa,e8171df3c9513c463b4057b49c88fd69ee50986a6b90741c42c22760ae7e4073,de_novo,ce6dad4495cb37f01c49b8bd21535d64b1aa392ecb1bff1b1ce2f506cc1fc6ee,none,,macrel_hemolysis_label,categorical,false,de_novo_has_no_biological_parent,,,,high,,,,9c8127dd9ac495a8f69cac003208682cdf21799512aa280654098ca92c9fb152
vegfa,e8171df3c9513c463b4057b49c88fd69ee50986a6b90741c42c22760ae7e4073,de_novo,ce6dad4495cb37f01c49b8bd21535d64b1aa392ecb1bff1b1ce2f506cc1fc6ee,none,,macrel_hemolysis_probability,numeric,false,de_novo_has_no_biological_parent,,,,0.644,,,,5778da99b19191b23e6d1818f92f92e2796547caca85070fd3b7663b5130112b
vegfa,e8171df3c9513c463b4057b49c88fd69ee50986a6b90741c42c22760ae7e4073,de_novo,ce6dad4495cb37f01c49b8bd21535d64b1aa392ecb1bff1b1ce2f506cc1fc6ee,none,,maximum_hydrophobic_run,numeric,false,de_novo_has_no_biological_parent,,,,2,,,,95f21f57469d47cbd55328f2dd6abbdc8203ff4e6f406a8eee8979413d2eadf5
vegfa,e8171df3c9513c463b4057b49c88fd69ee50986a6b90741c42c22760ae7e4073,de_novo,ce6dad4495cb37f01c49b8bd21535d64b1aa392ecb1bff1b1ce2f506cc1fc6ee,none,,net_charge_ph7_4,numeric,false,de_novo_has_no_biological_parent,,,,12.024,,,,2cd96cb4dcbbc321d449ce1cd5e8f2d2ae00f94e0fea3bc943b74de40e4c9cdc
vegfa,e8171df3c9513c463b4057b49c88fd69ee50986a6b90741c42c22760ae7e4073,de_novo,ce6dad4495cb37f01c49b8bd21535d64b1aa392ecb1bff1b1ce2f506cc1fc6ee,none,,toxinpred3_hybrid_score,numeric,false,de_novo_has_no_biological_parent,,,,0.4,,,,7d345949e580d995b1eabeffe6280b7e98f03839c6b899ee59dc53c13d92991e
vegfa,e8171df3c9513c463b4057b49c88fd69ee50986a6b90741c42c22760ae7e4073,de_novo,ce6dad4495cb37f01c49b8bd21535d64b1aa392ecb1bff1b1ce2f506cc1fc6ee,none,,toxinpred3_label,categorical,false,de_novo_has_no_biological_parent,,,,Toxin,,,,74f644b9958296ebb744c4d5b4fcf6a351f173c90bdc77be99345caffee79af0
vegfa,28ee7cb7db92a5706f8a62989b3dd31baf590ff2f9d03e649ddb1ed49c47c348,de_novo,487516088eb5fddf010e54819a658cbb28b787fdfc405afbdc0b7f6d598fd8b1,none,,amp_read_log10_mic_um,numeric,false,de_novo_has_no_biological_parent,,,,1.891030917483215,,,,f16df6de2859534dad2f398d0d9df1b9fb78852bb5ce6b4de68b7f4d06cc0815
vegfa,28ee7cb7db92a5706f8a62989b3dd31baf590ff2f9d03e649ddb1ed49c47c348,de_novo,487516088eb5fddf010e54819a658cbb28b787fdfc405afbdc0b7f6d598fd8b1,none,,guruprasad_instability_index,numeric,false,de_novo_has_no_biological_parent,,,,28.552000,,,,8096ba646ec41c14e9c9477e00c2f82c91f2868c3b989226a9b7fbd5ef3a2bcf
vegfa,28ee7cb7db92a5706f8a62989b3dd31baf590ff2f9d03e649ddb1ed49c47c348,de_novo,487516088eb5fddf010e54819a658cbb28b787fdfc405afbdc0b7f6d598fd8b1,none,,hydrophobic_moment_eisenberg,numeric,false,de_novo_has_no_biological_parent,,,,0.05900037540955991,,,,e513ead578c8bd565508f46e849123991dd92644bbff0f799b0a6fc9c1f6d0e2
vegfa,28ee7cb7db92a5706f8a62989b3dd31baf590ff2f9d03e649ddb1ed49c47c348,de_novo,487516088eb5fddf010e54819a658cbb28b787fdfc405afbdc0b7f6d598fd8b1,none,,hydrophobic_ratio_modlamp,numeric,false,de_novo_has_no_biological_parent,,,,0.12,,,,5efcb7d00fcd318b05f68260ba6d5064e8af832b089ea314ef64548c7a27c317
vegfa,28ee7cb7db92a5706f8a62989b3dd31baf590ff2f9d03e649ddb1ed49c47c348,de_novo,487516088eb5fddf010e54819a658cbb28b787fdfc405afbdc0b7f6d598fd8b1,none,,llamp_log10_mic_um,numeric,false,de_novo_has_no_biological_parent,,,,1.236403465270996,,,,90755d22616e54b6109788aa2a4df8af6281422297f975802d5b0c4829545dca
vegfa,28ee7cb7db92a5706f8a62989b3dd31baf590ff2f9d03e649ddb1ed49c47c348,de_novo,487516088eb5fddf010e54819a658cbb28b787fdfc405afbdc0b7f6d598fd8b1,none,,macrel_amp_probability,numeric,false,de_novo_has_no_biological_parent,,,,0.376,,,,fc1b51d9f99ac2d31e3f0047e75c13370cb4d1167c857c2799e916f68b349b88
vegfa,28ee7cb7db92a5706f8a62989b3dd31baf590ff2f9d03e649ddb1ed49c47c348,de_novo,487516088eb5fddf010e54819a658cbb28b787fdfc405afbdc0b7f6d598fd8b1,none,,macrel_hemolysis_label,categorical,false,de_novo_has_no_biological_parent,,,,high,,,,5621f63a05c957f7349ed292063c208e8742f4803cd382db11de1d38b44ab226
vegfa,28ee7cb7db92a5706f8a62989b3dd31baf590ff2f9d03e649ddb1ed49c47c348,de_novo,487516088eb5fddf010e54819a658cbb28b787fdfc405afbdc0b7f6d598fd8b1,none,,macrel_hemolysis_probability,numeric,false,de_novo_has_no_biological_parent,,,,0.535,,,,d1ddb3fc4df164a38138975e9c41d8e611d05be17b71faac7679543f1ea2f9c8
vegfa,28ee7cb7db92a5706f8a62989b3dd31baf590ff2f9d03e649ddb1ed49c47c348,de_novo,487516088eb5fddf010e54819a658cbb28b787fdfc405afbdc0b7f6d598fd8b1,none,,maximum_hydrophobic_run,numeric,false,de_novo_has_no_biological_parent,,,,1,,,,f38c4947afdfeccfb11b4f60879e48ac0fc8c1159d8dead39585698310c9ac5e
vegfa,28ee7cb7db92a5706f8a62989b3dd31baf590ff2f9d03e649ddb1ed49c47c348,de_novo,487516088eb5fddf010e54819a658cbb28b787fdfc405afbdc0b7f6d598fd8b1,none,,net_charge_ph7_4,numeric,false,de_novo_has_no_biological_parent,,,,13.068,,,,d075ef342eee750ce00a7ce86f15cb133760103ecee22d2b330cf921ffbd1abb
vegfa,28ee7cb7db92a5706f8a62989b3dd31baf590ff2f9d03e649ddb1ed49c47c348,de_novo,487516088eb5fddf010e54819a658cbb28b787fdfc405afbdc0b7f6d598fd8b1,none,,toxinpred3_hybrid_score,numeric,false,de_novo_has_no_biological_parent,,,,0.41,,,,d748cf04c7b2ce797d2e79925ae276e0d6fb76934c64ae2d32551288ca71e347
vegfa,28ee7cb7db92a5706f8a62989b3dd31baf590ff2f9d03e649ddb1ed49c47c348,de_novo,487516088eb5fddf010e54819a658cbb28b787fdfc405afbdc0b7f6d598fd8b1,none,,toxinpred3_label,categorical,false,de_novo_has_no_biological_parent,,,,Toxin,,,,4c0ba6eb506edc44ae1b112a22032b492695ce148093da8a4e9f9d8e6a2419cd
vegfa,7700badc30780d3f0738d1ce82d1893edf051994afcf1c7916a1b135a7b978b2,masked_substitution,1a5e60e681270c256fce6a1833cddaa2724f8649158cb7b1ca71cf56b4cc2bf0,primary_parent,02e6e8a9041d1f5e02ded66ace7f1bf8353933cb460554f7d6d4f7827ee851e3,amp_read_log10_mic_um,numeric,true,same_frozen_numeric_contract,minimize,log10(uM),0.8502392420270765,0.8830214670145953,0.032782224987518815,-0.032782224987518815,true,604596b37ccab62644a0a5f78571923d24ae3da17b05f88aa12bc7c31684647d
vegfa,7700badc30780d3f0738d1ce82d1893edf051994afcf1c7916a1b135a7b978b2,masked_substitution,1a5e60e681270c256fce6a1833cddaa2724f8649158cb7b1ca71cf56b4cc2bf0,primary_parent,02e6e8a9041d1f5e02ded66ace7f1bf8353933cb460554f7d6d4f7827ee851e3,guruprasad_instability_index,numeric,true,same_frozen_numeric_contract,minimize,index,-9.308695652173913,-5.617391,3.6913046521739137,-3.6913046521739137,true,d7adb1f9c5af9f36df38c538e60f3289314e429db7187eb693ea860a51a3636c
vegfa,7700badc30780d3f0738d1ce82d1893edf051994afcf1c7916a1b135a7b978b2,masked_substitution,1a5e60e681270c256fce6a1833cddaa2724f8649158cb7b1ca71cf56b4cc2bf0,primary_parent,02e6e8a9041d1f5e02ded66ace7f1bf8353933cb460554f7d6d4f7827ee851e3,hydrophobic_moment_eisenberg,numeric,false,audit_metric_has_no_monotonic_improvement_direction,audit,dimensionless,0.14056582796750103,0.17529995132677384,0.03473412335927281,,true,69b4810ea6dfe55b9f599b1ab74a72163f2207721bb894514d4e20055028357f
vegfa,7700badc30780d3f0738d1ce82d1893edf051994afcf1c7916a1b135a7b978b2,masked_substitution,1a5e60e681270c256fce6a1833cddaa2724f8649158cb7b1ca71cf56b4cc2bf0,primary_parent,02e6e8a9041d1f5e02ded66ace7f1bf8353933cb460554f7d6d4f7827ee851e3,hydrophobic_ratio_modlamp,numeric,false,audit_metric_has_no_monotonic_improvement_direction,audit,fraction,0.2608695652173913,0.21739130434782608,-0.043478260869565216,,true,c1c18b1fbe8a7a6256e7b72543f013062f9006cbdc120971ea7809e9b1b69490
vegfa,7700badc30780d3f0738d1ce82d1893edf051994afcf1c7916a1b135a7b978b2,masked_substitution,1a5e60e681270c256fce6a1833cddaa2724f8649158cb7b1ca71cf56b4cc2bf0,primary_parent,02e6e8a9041d1f5e02ded66ace7f1bf8353933cb460554f7d6d4f7827ee851e3,llamp_log10_mic_um,numeric,true,same_frozen_numeric_contract,minimize,log10(uM),1.3610467910766602,1.4249529838562012,0.06390619277954102,-0.06390619277954102,true,967fda1654ba8fcbfd8cca7a3c61dc0f9903a35ed3494aac04040c96054e3d43
vegfa,7700badc30780d3f0738d1ce82d1893edf051994afcf1c7916a1b135a7b978b2,masked_substitution,1a5e60e681270c256fce6a1833cddaa2724f8649158cb7b1ca71cf56b4cc2bf0,primary_parent,02e6e8a9041d1f5e02ded66ace7f1bf8353933cb460554f7d6d4f7827ee851e3,macrel_amp_probability,numeric,true,same_frozen_numeric_contract,maximize,probability,0.584,0.521,-0.06299999999999994,-0.06299999999999994,true,43b2728df27919326f42c7fefc3b9ac342adb340e5cd6145479e8c34739487e9
vegfa,7700badc30780d3f0738d1ce82d1893edf051994afcf1c7916a1b135a7b978b2,masked_substitution,1a5e60e681270c256fce6a1833cddaa2724f8649158cb7b1ca71cf56b4cc2bf0,primary_parent,02e6e8a9041d1f5e02ded66ace7f1bf8353933cb460554f7d6d4f7827ee851e3,macrel_hemolysis_label,categorical,true,same_frozen_label_contract,audit,label,low,low,,,false,469d974d0b1809db599cf20e155bc240d28f87166bfa382cd1d546e9b210a2e7
vegfa,7700badc30780d3f0738d1ce82d1893edf051994afcf1c7916a1b135a7b978b2,masked_substitution,1a5e60e681270c256fce6a1833cddaa2724f8649158cb7b1ca71cf56b4cc2bf0,primary_parent,02e6e8a9041d1f5e02ded66ace7f1bf8353933cb460554f7d6d4f7827ee851e3,macrel_hemolysis_probability,numeric,true,same_frozen_numeric_contract,minimize,probability,0.465,0.406,-0.059,0.059,true,300acdd471d7aa149b98dcbc31a711d636cf97e7237fd76ca631c7cbc414857c
vegfa,7700badc30780d3f0738d1ce82d1893edf051994afcf1c7916a1b135a7b978b2,masked_substitution,1a5e60e681270c256fce6a1833cddaa2724f8649158cb7b1ca71cf56b4cc2bf0,primary_parent,02e6e8a9041d1f5e02ded66ace7f1bf8353933cb460554f7d6d4f7827ee851e3,maximum_hydrophobic_run,numeric,true,same_frozen_numeric_contract,minimize,residues,2.0,1.0,-1.0,1.0,true,583a4381f1377c09440ea9502ca762073389598e5ad965734e6a66f186b46f26
vegfa,7700badc30780d3f0738d1ce82d1893edf051994afcf1c7916a1b135a7b978b2,masked_substitution,1a5e60e681270c256fce6a1833cddaa2724f8649158cb7b1ca71cf56b4cc2bf0,primary_parent,02e6e8a9041d1f5e02ded66ace7f1bf8353933cb460554f7d6d4f7827ee851e3,net_charge_ph7_4,numeric,false,audit_metric_has_no_monotonic_improvement_direction,audit,elementary_charge,6.112,6.112,0.0,,false,c9d91ee1df86879880d1ffe84f5727dcd9b3c58ab815dbd99c851db55c4d344e
vegfa,7700badc30780d3f0738d1ce82d1893edf051994afcf1c7916a1b135a7b978b2,masked_substitution,1a5e60e681270c256fce6a1833cddaa2724f8649158cb7b1ca71cf56b4cc2bf0,primary_parent,02e6e8a9041d1f5e02ded66ace7f1bf8353933cb460554f7d6d4f7827ee851e3,toxinpred3_hybrid_score,numeric,true,same_frozen_numeric_contract,minimize,dimensionless,0.0,0.36,0.36,-0.36,true,76af6f3dcacf4a27696bd1e3520e7789bc9dbc0fc70e9d71b801ed2836f4f961
vegfa,7700badc30780d3f0738d1ce82d1893edf051994afcf1c7916a1b135a7b978b2,masked_substitution,1a5e60e681270c256fce6a1833cddaa2724f8649158cb7b1ca71cf56b4cc2bf0,primary_parent,02e6e8a9041d1f5e02ded66ace7f1bf8353933cb460554f7d6d4f7827ee851e3,toxinpred3_label,categorical,true,same_frozen_label_contract,audit,label,Non-Toxin,Non-Toxin,,,false,3b7ca0da039a204a1e8b7a427e3c4a3df22a666c05797fe1dfb1c37cc9e79752
vegfa,8266e04d87b3b3e85fdf0f12cfca1b4a202d1aa90b63ea0b9360e048ac690690,controlled_crossover,4aa10e59f29872d4f036e7cc7e8c28a4bd430b35ea4d2d4b926361c94e3c17ed,primary_parent,326a106c88dceeff349ae23f8a910ce9d7f2f0e0a20423612ef139f2708fc062,amp_read_log10_mic_um,numeric,true,same_frozen_numeric_contract,minimize,log10(uM),0.9142859873928338,1.2571429342886602,0.34285694689582635,-0.34285694689582635,true,8760382b6b2032293f2827b217c5f6fe164b436bfd82ec273e72730ac262fee6
vegfa,8266e04d87b3b3e85fdf0f12cfca1b4a202d1aa90b63ea0b9360e048ac690690,controlled_crossover,4aa10e59f29872d4f036e7cc7e8c28a4bd430b35ea4d2d4b926361c94e3c17ed,primary_parent,326a106c88dceeff349ae23f8a910ce9d7f2f0e0a20423612ef139f2708fc062,guruprasad_instability_index,numeric,true,same_frozen_numeric_contract,minimize,index,-9.308695652173913,-11.747826,-2.4391303478260866,2.4391303478260866,true,2b9d3b08a8a5fe6c4ea9b0441ff027f964c0a745ae48449da96461e20c11b43e
vegfa,8266e04d87b3b3e85fdf0f12cfca1b4a202d1aa90b63ea0b9360e048ac690690,controlled_crossover,4aa10e59f29872d4f036e7cc7e8c28a4bd430b35ea4d2d4b926361c94e3c17ed,primary_parent,326a106c88dceeff349ae23f8a910ce9d7f2f0e0a20423612ef139f2708fc062,hydrophobic_moment_eisenberg,numeric,false,audit_metric_has_no_monotonic_improvement_direction,audit,dimensionless,0.23742481892806272,0.14414216564568355,-0.09328265328237917,,true,9bc7d72215b297cb5b57e73b9981bac58946952d9ab9dcdf3805e7fcaeccbea8
vegfa,8266e04d87b3b3e85fdf0f12cfca1b4a202d1aa90b63ea0b9360e048ac690690,controlled_crossover,4aa10e59f29872d4f036e7cc7e8c28a4bd430b35ea4d2d4b926361c94e3c17ed,primary_parent,326a106c88dceeff349ae23f8a910ce9d7f2f0e0a20423612ef139f2708fc062,hydrophobic_ratio_modlamp,numeric,false,audit_metric_has_no_monotonic_improvement_direction,audit,fraction,0.21739130434782608,0.08695652173913043,-0.13043478260869565,,true,01654f11d4a3e588569dd5634c9a5e2dad50bd077ae84685cd1cc4321e2cfa2e
vegfa,8266e04d87b3b3e85fdf0f12cfca1b4a202d1aa90b63ea0b9360e048ac690690,controlled_crossover,4aa10e59f29872d4f036e7cc7e8c28a4bd430b35ea4d2d4b926361c94e3c17ed,primary_parent,326a106c88dceeff349ae23f8a910ce9d7f2f0e0a20423612ef139f2708fc062,llamp_log10_mic_um,numeric,true,same_frozen_numeric_contract,minimize,log10(uM),1.3610366582870483,1.6686989068984985,0.3076622486114502,-0.3076622486114502,true,bada37ac36dcedf5073d11c188da1a04ee610cfb708debdf948ecd9d5290d009
vegfa,8266e04d87b3b3e85fdf0f12cfca1b4a202d1aa90b63ea0b9360e048ac690690,controlled_crossover,4aa10e59f29872d4f036e7cc7e8c28a4bd430b35ea4d2d4b926361c94e3c17ed,primary_parent,326a106c88dceeff349ae23f8a910ce9d7f2f0e0a20423612ef139f2708fc062,macrel_amp_probability,numeric,true,same_frozen_numeric_contract,maximize,probability,0.525,0.376,-0.14900000000000002,-0.14900000000000002,true,60697024b10f9c3b92d8cada047bf3a5e3cdcafcccab8dde23be09e7459e7cb4
vegfa,8266e04d87b3b3e85fdf0f12cfca1b4a202d1aa90b63ea0b9360e048ac690690,controlled_crossover,4aa10e59f29872d4f036e7cc7e8c28a4bd430b35ea4d2d4b926361c94e3c17ed,primary_parent,326a106c88dceeff349ae23f8a910ce9d7f2f0e0a20423612ef139f2708fc062,macrel_hemolysis_label,categorical,true,same_frozen_label_contract,audit,label,low,low,,,false,203d660b0564678af251123f37abdaa84e2ef58a3c5e20a8cb80fec8bf213ffa
vegfa,8266e04d87b3b3e85fdf0f12cfca1b4a202d1aa90b63ea0b9360e048ac690690,controlled_crossover,4aa10e59f29872d4f036e7cc7e8c28a4bd430b35ea4d2d4b926361c94e3c17ed,primary_parent,326a106c88dceeff349ae23f8a910ce9d7f2f0e0a20423612ef139f2708fc062,macrel_hemolysis_probability,numeric,true,same_frozen_numeric_contract,minimize,probability,0.455,0.277,-0.178,0.178,true,4924a4fa6bb06f7c5e52d390e791999a0ff7e3c22df979923a558b21e94562bc
vegfa,8266e04d87b3b3e85fdf0f12cfca1b4a202d1aa90b63ea0b9360e048ac690690,controlled_crossover,4aa10e59f29872d4f036e7cc7e8c28a4bd430b35ea4d2d4b926361c94e3c17ed,primary_parent,326a106c88dceeff349ae23f8a910ce9d7f2f0e0a20423612ef139f2708fc062,maximum_hydrophobic_run,numeric,true,same_frozen_numeric_contract,minimize,residues,2.0,1.0,-1.0,1.0,true,cae280a99ecf271859efd46c6b0133b78f5d2816797e851746b94751ead75180
vegfa,8266e04d87b3b3e85fdf0f12cfca1b4a202d1aa90b63ea0b9360e048ac690690,controlled_crossover,4aa10e59f29872d4f036e7cc7e8c28a4bd430b35ea4d2d4b926361c94e3c17ed,primary_parent,326a106c88dceeff349ae23f8a910ce9d7f2f0e0a20423612ef139f2708fc062,net_charge_ph7_4,numeric,false,audit_metric_has_no_monotonic_improvement_direction,audit,elementary_charge,7.07,8.069,0.9990000000000006,,true,a8e4d087746224afcc9ed433c4c30a487816f38cdc26e5cdb114acc4542a9538
vegfa,8266e04d87b3b3e85fdf0f12cfca1b4a202d1aa90b63ea0b9360e048ac690690,controlled_crossover,4aa10e59f29872d4f036e7cc7e8c28a4bd430b35ea4d2d4b926361c94e3c17ed,primary_parent,326a106c88dceeff349ae23f8a910ce9d7f2f0e0a20423612ef139f2708fc062,toxinpred3_hybrid_score,numeric,true,same_frozen_numeric_contract,minimize,dimensionless,0.0,0.355,0.355,-0.355,true,6b45097a3bd9451adfd9b26e62b0f877197995e0b140613527d3e2c72df08c0f
vegfa,8266e04d87b3b3e85fdf0f12cfca1b4a202d1aa90b63ea0b9360e048ac690690,controlled_crossover,4aa10e59f29872d4f036e7cc7e8c28a4bd430b35ea4d2d4b926361c94e3c17ed,primary_parent,326a106c88dceeff349ae23f8a910ce9d7f2f0e0a20423612ef139f2708fc062,toxinpred3_label,categorical,true,same_frozen_label_contract,audit,label,Non-Toxin,Non-Toxin,,,false,582a0d0f08f0e65ec21c4f72342314d7fec868e98af308fe82b1f1328f8bc7c1
vegfa,8266e04d87b3b3e85fdf0f12cfca1b4a202d1aa90b63ea0b9360e048ac690690,controlled_crossover,4aa10e59f29872d4f036e7cc7e8c28a4bd430b35ea4d2d4b926361c94e3c17ed,donor_parent,dc6b9e097fdbb1cebc638561775ba07debfd2bcbae4b1e7dbb9a3812c90d1dda,amp_read_log10_mic_um,numeric,true,same_frozen_numeric_contract,minimize,log10(uM),1.4326805721868476,1.2571429342886602,-0.17553763789818744,0.17553763789818744,true,a27c049333aeddda9c0137ac7d38cc5a4b1e9bf10965720bdcf8c452a7515ed8
vegfa,8266e04d87b3b3e85fdf0f12cfca1b4a202d1aa90b63ea0b9360e048ac690690,controlled_crossover,4aa10e59f29872d4f036e7cc7e8c28a4bd430b35ea4d2d4b926361c94e3c17ed,donor_parent,dc6b9e097fdbb1cebc638561775ba07debfd2bcbae4b1e7dbb9a3812c90d1dda,guruprasad_instability_index,numeric,true,same_frozen_numeric_contract,minimize,index,8.988461538461536,-11.747826,-20.736287538461536,20.736287538461536,true,8b167709da9714c9b0d508e8f705035fee64f1c2ac46821725882832a2554c9c
vegfa,8266e04d87b3b3e85fdf0f12cfca1b4a202d1aa90b63ea0b9360e048ac690690,controlled_crossover,4aa10e59f29872d4f036e7cc7e8c28a4bd430b35ea4d2d4b926361c94e3c17ed,donor_parent,dc6b9e097fdbb1cebc638561775ba07debfd2bcbae4b1e7dbb9a3812c90d1dda,hydrophobic_moment_eisenberg,numeric,false,audit_metric_has_no_monotonic_improvement_direction,audit,dimensionless,0.05669057760399849,0.14414216564568355,0.08745158804168507,,true,ced1626455055592eab09768ddaacf29ba7e242a6ad92efe1b4ec2ff7994c416
vegfa,8266e04d87b3b3e85fdf0f12cfca1b4a202d1aa90b63ea0b9360e048ac690690,controlled_crossover,4aa10e59f29872d4f036e7cc7e8c28a4bd430b35ea4d2d4b926361c94e3c17ed,donor_parent,dc6b9e097fdbb1cebc638561775ba07debfd2bcbae4b1e7dbb9a3812c90d1dda,hydrophobic_ratio_modlamp,numeric,false,audit_metric_has_no_monotonic_improvement_direction,audit,fraction,0.07692307692307693,0.08695652173913043,0.010033444816053505,,true,8ac339ca5b3d76c25e02194932beb1d1abc3761fe44fd1e2fe5c0252aac8fd60
vegfa,8266e04d87b3b3e85fdf0f12cfca1b4a202d1aa90b63ea0b9360e048ac690690,controlled_crossover,4aa10e59f29872d4f036e7cc7e8c28a4bd430b35ea4d2d4b926361c94e3c17ed,donor_parent,dc6b9e097fdbb1cebc638561775ba07debfd2bcbae4b1e7dbb9a3812c90d1dda,llamp_log10_mic_um,numeric,true,same_frozen_numeric_contract,minimize,log10(uM),0.7191438674926758,1.6686989068984985,0.9495550394058228,-0.9495550394058228,true,de62b03310aa9325df2713c35fb2f296705fbf0a2ef63d176fff32bcb7402d48
vegfa,8266e04d87b3b3e85fdf0f12cfca1b4a202d1aa90b63ea0b9360e048ac690690,controlled_crossover,4aa10e59f29872d4f036e7cc7e8c28a4bd430b35ea4d2d4b926361c94e3c17ed,donor_parent,dc6b9e097fdbb1cebc638561775ba07debfd2bcbae4b1e7dbb9a3812c90d1dda,macrel_amp_probability,numeric,true,same_frozen_numeric_contract,maximize,probability,0.535,0.376,-0.15900000000000003,-0.15900000000000003,true,7271e5e566d93d4e31f679ca7d2ec25b8291e33d545123f97411d78923bad860
vegfa,8266e04d87b3b3e85fdf0f12cfca1b4a202d1aa90b63ea0b9360e048ac690690,controlled_crossover,4aa10e59f29872d4f036e7cc7e8c28a4bd430b35ea4d2d4b926361c94e3c17ed,donor_parent,dc6b9e097fdbb1cebc638561775ba07debfd2bcbae4b1e7dbb9a3812c90d1dda,macrel_hemolysis_label,categorical,true,same_frozen_label_contract,audit,label,low,low,,,false,b0253c8ba2a7ab6a8cbd766affa15c22df9fe56e77897365358e817a53ee7926
vegfa,8266e04d87b3b3e85fdf0f12cfca1b4a202d1aa90b63ea0b9360e048ac690690,controlled_crossover,4aa10e59f29872d4f036e7cc7e8c28a4bd430b35ea4d2d4b926361c94e3c17ed,donor_parent,dc6b9e097fdbb1cebc638561775ba07debfd2bcbae4b1e7dbb9a3812c90d1dda,macrel_hemolysis_probability,numeric,true,same_frozen_numeric_contract,minimize,probability,0.386,0.277,-0.10899999999999999,0.10899999999999999,true,3de24cf417410d2843febbfe8f3b0a331d8b74a90d955db667899ba3a0f5b050
vegfa,8266e04d87b3b3e85fdf0f12cfca1b4a202d1aa90b63ea0b9360e048ac690690,controlled_crossover,4aa10e59f29872d4f036e7cc7e8c28a4bd430b35ea4d2d4b926361c94e3c17ed,donor_parent,dc6b9e097fdbb1cebc638561775ba07debfd2bcbae4b1e7dbb9a3812c90d1dda,maximum_hydrophobic_run,numeric,true,same_frozen_numeric_contract,minimize,residues,2.0,1.0,-1.0,1.0,true,938c2a194eab2ecb2d198e0c0b116d547ad7c41b2a924c3b7b4beb9a584a6cb1
vegfa,8266e04d87b3b3e85fdf0f12cfca1b4a202d1aa90b63ea0b9360e048ac690690,controlled_crossover,4aa10e59f29872d4f036e7cc7e8c28a4bd430b35ea4d2d4b926361c94e3c17ed,donor_parent,dc6b9e097fdbb1cebc638561775ba07debfd2bcbae4b1e7dbb9a3812c90d1dda,net_charge_ph7_4,numeric,false,audit_metric_has_no_monotonic_improvement_direction,audit,elementary_charge,9.152,8.069,-1.0829999999999984,,true,d9f80214c2b38c3c3f102352d9488d47a1a982281fdb0a277b08e0def85c05df
vegfa,8266e04d87b3b3e85fdf0f12cfca1b4a202d1aa90b63ea0b9360e048ac690690,controlled_crossover,4aa10e59f29872d4f036e7cc7e8c28a4bd430b35ea4d2d4b926361c94e3c17ed,donor_parent,dc6b9e097fdbb1cebc638561775ba07debfd2bcbae4b1e7dbb9a3812c90d1dda,toxinpred3_hybrid_score,numeric,true,same_frozen_numeric_contract,minimize,dimensionless,0.015,0.355,0.33999999999999997,-0.33999999999999997,true,c848741c93195f09aad46c9b9ad4412f2a51d702329fe2cb61bb97ebb1cf88a6
vegfa,8266e04d87b3b3e85fdf0f12cfca1b4a202d1aa90b63ea0b9360e048ac690690,controlled_crossover,4aa10e59f29872d4f036e7cc7e8c28a4bd430b35ea4d2d4b926361c94e3c17ed,donor_parent,dc6b9e097fdbb1cebc638561775ba07debfd2bcbae4b1e7dbb9a3812c90d1dda,toxinpred3_label,categorical,true,same_frozen_label_contract,audit,label,Non-Toxin,Non-Toxin,,,false,1f95220d4c18134640a69b306b10aa33cde8c33c337d31fd2f525a29601e6a80
vegfa,28dd12e6ba12a97cabb6446948c27fbd5fa9e7b70f9dfa43d4f87ec3b954a421,de_novo,aee88744a2b99b8687edb6720eb8c7ce0bf3c6d2abd75bb6d4f43db0f0d16489,none,,amp_read_log10_mic_um,numeric,false,de_novo_has_no_biological_parent,,,,1.5201951319633733,,,,de4b25242589632fcc4e94c7d2c7d0c34268b0c0310990e468898473db2db07a
vegfa,28dd12e6ba12a97cabb6446948c27fbd5fa9e7b70f9dfa43d4f87ec3b954a421,de_novo,aee88744a2b99b8687edb6720eb8c7ce0bf3c6d2abd75bb6d4f43db0f0d16489,none,,guruprasad_instability_index,numeric,false,de_novo_has_no_biological_parent,,,,10.043478,,,,2690194077508ec5f36bbc79c148b91234f4ce5477c46dd2fc2a8264c08417fa
vegfa,28dd12e6ba12a97cabb6446948c27fbd5fa9e7b70f9dfa43d4f87ec3b954a421,de_novo,aee88744a2b99b8687edb6720eb8c7ce0bf3c6d2abd75bb6d4f43db0f0d16489,none,,hydrophobic_moment_eisenberg,numeric,false,de_novo_has_no_biological_parent,,,,0.19677615707243976,,,,4d0bdc13968e606afd774b2690efd6cc95bafa57ed558d2cc462982947fa0cd1
vegfa,28dd12e6ba12a97cabb6446948c27fbd5fa9e7b70f9dfa43d4f87ec3b954a421,de_novo,aee88744a2b99b8687edb6720eb8c7ce0bf3c6d2abd75bb6d4f43db0f0d16489,none,,hydrophobic_ratio_modlamp,numeric,false,de_novo_has_no_biological_parent,,,,0.13043478260869565,,,,a6884b88db93c196dc4bd667efd3c964388e82c89a383c7cacd6b33ca768748b
vegfa,28dd12e6ba12a97cabb6446948c27fbd5fa9e7b70f9dfa43d4f87ec3b954a421,de_novo,aee88744a2b99b8687edb6720eb8c7ce0bf3c6d2abd75bb6d4f43db0f0d16489,none,,llamp_log10_mic_um,numeric,false,de_novo_has_no_biological_parent,,,,1.3635437488555908,,,,36158336d79b94dcd33cdb981fae8a06bd95ca0e5a2d3e12bf8a2695a507522f
vegfa,28dd12e6ba12a97cabb6446948c27fbd5fa9e7b70f9dfa43d4f87ec3b954a421,de_novo,aee88744a2b99b8687edb6720eb8c7ce0bf3c6d2abd75bb6d4f43db0f0d16489,none,,macrel_amp_probability,numeric,false,de_novo_has_no_biological_parent,,,,0.277,,,,6f2d12fcb9efbe636cc6fa563380457559b33375c67cd473761212b83b398f4a
vegfa,28dd12e6ba12a97cabb6446948c27fbd5fa9e7b70f9dfa43d4f87ec3b954a421,de_novo,aee88744a2b99b8687edb6720eb8c7ce0bf3c6d2abd75bb6d4f43db0f0d16489,none,,macrel_hemolysis_label,categorical,false,de_novo_has_no_biological_parent,,,,high,,,,168d262932dab2716bc891dca65e993608fbc55172f0e002ab61af800b128f19
vegfa,28dd12e6ba12a97cabb6446948c27fbd5fa9e7b70f9dfa43d4f87ec3b954a421,de_novo,aee88744a2b99b8687edb6720eb8c7ce0bf3c6d2abd75bb6d4f43db0f0d16489,none,,macrel_hemolysis_probability,numeric,false,de_novo_has_no_biological_parent,,,,0.604,,,,d06968f7982dfa5fc9a1d3a982d5f860c43398da5149553b3f6418c922dde854
vegfa,28dd12e6ba12a97cabb6446948c27fbd5fa9e7b70f9dfa43d4f87ec3b954a421,de_novo,aee88744a2b99b8687edb6720eb8c7ce0bf3c6d2abd75bb6d4f43db0f0d16489,none,,maximum_hydrophobic_run,numeric,false,de_novo_has_no_biological_parent,,,,2,,,,c8f05591410e8da0ad6e4d8b53666a43c619666e99c21064a8aacca0a4d179c6
vegfa,28dd12e6ba12a97cabb6446948c27fbd5fa9e7b70f9dfa43d4f87ec3b954a421,de_novo,aee88744a2b99b8687edb6720eb8c7ce0bf3c6d2abd75bb6d4f43db0f0d16489,none,,net_charge_ph7_4,numeric,false,de_novo_has_no_biological_parent,,,,10.151,,,,04976d90d535c85136eb5779bb7caabca55812c524deb71b8e51bcf30e462216
vegfa,28dd12e6ba12a97cabb6446948c27fbd5fa9e7b70f9dfa43d4f87ec3b954a421,de_novo,aee88744a2b99b8687edb6720eb8c7ce0bf3c6d2abd75bb6d4f43db0f0d16489,none,,toxinpred3_hybrid_score,numeric,false,de_novo_has_no_biological_parent,,,,0.01,,,,5cbada26726626bfe7a9ddd19d29b5488043b3f30226b0bd2df2d13014857403
vegfa,28dd12e6ba12a97cabb6446948c27fbd5fa9e7b70f9dfa43d4f87ec3b954a421,de_novo,aee88744a2b99b8687edb6720eb8c7ce0bf3c6d2abd75bb6d4f43db0f0d16489,none,,toxinpred3_label,categorical,false,de_novo_has_no_biological_parent,,,,Non-Toxin,,,,35792bcd0ead9325f1412fdc7dafb847a8d32890d23940b87adda9965c0508df
vegfa,5b4b06ce630b014d5d89f255c39d73102fbab0052bc774ca198b847bb3e2291c,de_novo,fdd099497c240019d37033e38925f462eaab9df9962f78a3873117891687b0f3,none,,amp_read_log10_mic_um,numeric,false,de_novo_has_no_biological_parent,,,,1.5129950585715617,,,,fe08984a6ca1e30b5a54fcb29a133aae1939356ebf00f1089ade1f0b0be18fc8
vegfa,5b4b06ce630b014d5d89f255c39d73102fbab0052bc774ca198b847bb3e2291c,de_novo,fdd099497c240019d37033e38925f462eaab9df9962f78a3873117891687b0f3,none,,guruprasad_instability_index,numeric,false,de_novo_has_no_biological_parent,,,,29.300000,,,,52d711997fd82ad6ff26dff001a5c68b48b4b4b50b722338cc82f78cdadd567c
vegfa,5b4b06ce630b014d5d89f255c39d73102fbab0052bc774ca198b847bb3e2291c,de_novo,fdd099497c240019d37033e38925f462eaab9df9962f78a3873117891687b0f3,none,,hydrophobic_moment_eisenberg,numeric,false,de_novo_has_no_biological_parent,,,,0.1769716050137492,,,,4b49b5777d9b3267a8483fae7252ee821d9e34e44940709ef96f65f25778e9f7
vegfa,5b4b06ce630b014d5d89f255c39d73102fbab0052bc774ca198b847bb3e2291c,de_novo,fdd099497c240019d37033e38925f462eaab9df9962f78a3873117891687b0f3,none,,hydrophobic_ratio_modlamp,numeric,false,de_novo_has_no_biological_parent,,,,0.15384615384615385,,,,bd022c7dd0478ffba09672decedf88c2401d042158efd286e00b221799de2f60
vegfa,5b4b06ce630b014d5d89f255c39d73102fbab0052bc774ca198b847bb3e2291c,de_novo,fdd099497c240019d37033e38925f462eaab9df9962f78a3873117891687b0f3,none,,llamp_log10_mic_um,numeric,false,de_novo_has_no_biological_parent,,,,1.3362747430801392,,,,d8adb18a3358b8fcf561bcd35614804880de773568b2931e1cbba66e6bb1cc3f
vegfa,5b4b06ce630b014d5d89f255c39d73102fbab0052bc774ca198b847bb3e2291c,de_novo,fdd099497c240019d37033e38925f462eaab9df9962f78a3873117891687b0f3,none,,macrel_amp_probability,numeric,false,de_novo_has_no_biological_parent,,,,0.356,,,,871d0ed215a507b291a7e2e94c1cf902721f0de107eaf85231bdbfe68186d650
vegfa,5b4b06ce630b014d5d89f255c39d73102fbab0052bc774ca198b847bb3e2291c,de_novo,fdd099497c240019d37033e38925f462eaab9df9962f78a3873117891687b0f3,none,,macrel_hemolysis_label,categorical,false,de_novo_has_no_biological_parent,,,,low,,,,fec687a9a239e8fbc976db1fabab324b229107f42187022e91602a331c770065
vegfa,5b4b06ce630b014d5d89f255c39d73102fbab0052bc774ca198b847bb3e2291c,de_novo,fdd099497c240019d37033e38925f462eaab9df9962f78a3873117891687b0f3,none,,macrel_hemolysis_probability,numeric,false,de_novo_has_no_biological_parent,,,,0.426,,,,c0058cf33ff3827caaa68afdbe62a470441dea5191a912dc778bfd25593e6cf3
vegfa,5b4b06ce630b014d5d89f255c39d73102fbab0052bc774ca198b847bb3e2291c,de_novo,fdd099497c240019d37033e38925f462eaab9df9962f78a3873117891687b0f3,none,,maximum_hydrophobic_run,numeric,false,de_novo_has_no_biological_parent,,,,2,,,,ca0164ccbca4337bf14648533df332ea41daf6d056e737cbeb5c3c2ee054cbda
vegfa,5b4b06ce630b014d5d89f255c39d73102fbab0052bc774ca198b847bb3e2291c,de_novo,fdd099497c240019d37033e38925f462eaab9df9962f78a3873117891687b0f3,none,,net_charge_ph7_4,numeric,false,de_novo_has_no_biological_parent,,,,11.11,,,,58a3c26c99cd093048e2e155b86c99102717235af3d984f393b3d6d61190d563
vegfa,5b4b06ce630b014d5d89f255c39d73102fbab0052bc774ca198b847bb3e2291c,de_novo,fdd099497c240019d37033e38925f462eaab9df9962f78a3873117891687b0f3,none,,toxinpred3_hybrid_score,numeric,false,de_novo_has_no_biological_parent,,,,0.4,,,,e76f5a6da573dec7c1c7f899de9edb0f0bb845a7654430028b0cf75eb0da7367
vegfa,5b4b06ce630b014d5d89f255c39d73102fbab0052bc774ca198b847bb3e2291c,de_novo,fdd099497c240019d37033e38925f462eaab9df9962f78a3873117891687b0f3,none,,toxinpred3_label,categorical,false,de_novo_has_no_biological_parent,,,,Toxin,,,,54b8cf3f2fd06dce151f1102b03a80d67b29a930f1d9dc7b645b8af5d2b667f4
vegfa,445c497c483d585d29bf0bb34ad54bb50dfa740e888df373fedf0ff68114ba15,masked_substitution,dafd21d35303e200680ab932c29a133a845c8805fe2c804b2dec95f0f3e95971,primary_parent,02e6e8a9041d1f5e02ded66ace7f1bf8353933cb460554f7d6d4f7827ee851e3,amp_read_log10_mic_um,numeric,true,same_frozen_numeric_contract,minimize,log10(uM),0.8502392420270765,0.7210282505404482,-0.1292109914866283,0.1292109914866283,true,fc9356718797543ee13937530dc1433f0733f3d536c652c3fe7e0190facd3dd1
vegfa,445c497c483d585d29bf0bb34ad54bb50dfa740e888df373fedf0ff68114ba15,masked_substitution,dafd21d35303e200680ab932c29a133a845c8805fe2c804b2dec95f0f3e95971,primary_parent,02e6e8a9041d1f5e02ded66ace7f1bf8353933cb460554f7d6d4f7827ee851e3,guruprasad_instability_index,numeric,true,same_frozen_numeric_contract,minimize,index,-9.308695652173913,-5.617391,3.6913046521739137,-3.6913046521739137,true,4fb6b1ecd275c2fa83262d9f28a44edd4dcb51029781f6fe54a5909932399341
vegfa,445c497c483d585d29bf0bb34ad54bb50dfa740e888df373fedf0ff68114ba15,masked_substitution,dafd21d35303e200680ab932c29a133a845c8805fe2c804b2dec95f0f3e95971,primary_parent,02e6e8a9041d1f5e02ded66ace7f1bf8353933cb460554f7d6d4f7827ee851e3,hydrophobic_moment_eisenberg,numeric,false,audit_metric_has_no_monotonic_improvement_direction,audit,dimensionless,0.14056582796750103,0.20136152895657017,0.06079570098906914,,true,d1acdadf4b34ecca7d126573ca6cb5c25123c0aec6efb34f9be40e5f8d28f6da
vegfa,445c497c483d585d29bf0bb34ad54bb50dfa740e888df373fedf0ff68114ba15,masked_substitution,dafd21d35303e200680ab932c29a133a845c8805fe2c804b2dec95f0f3e95971,primary_parent,02e6e8a9041d1f5e02ded66ace7f1bf8353933cb460554f7d6d4f7827ee851e3,hydrophobic_ratio_modlamp,numeric,false,audit_metric_has_no_monotonic_improvement_direction,audit,fraction,0.2608695652173913,0.21739130434782608,-0.043478260869565216,,true,b54cd1a27d121f83ecc02f9749581a7828be10598c4c043d92a71e097495c03b
vegfa,445c497c483d585d29bf0bb34ad54bb50dfa740e888df373fedf0ff68114ba15,masked_substitution,dafd21d35303e200680ab932c29a133a845c8805fe2c804b2dec95f0f3e95971,primary_parent,02e6e8a9041d1f5e02ded66ace7f1bf8353933cb460554f7d6d4f7827ee851e3,llamp_log10_mic_um,numeric,true,same_frozen_numeric_contract,minimize,log10(uM),1.3610467910766602,1.6531846523284912,0.29213786125183105,-0.29213786125183105,true,c0edd3f470d36fd329a4e394066370b06646440f8418befaaaab14969c989b96
vegfa,445c497c483d585d29bf0bb34ad54bb50dfa740e888df373fedf0ff68114ba15,masked_substitution,dafd21d35303e200680ab932c29a133a845c8805fe2c804b2dec95f0f3e95971,primary_parent,02e6e8a9041d1f5e02ded66ace7f1bf8353933cb460554f7d6d4f7827ee851e3,macrel_amp_probability,numeric,true,same_frozen_numeric_contract,maximize,probability,0.584,0.521,-0.06299999999999994,-0.06299999999999994,true,9917dceac8680a32d438b22ee697a5dde2fe4ef620bb4bd9756e406f73e6414d
vegfa,445c497c483d585d29bf0bb34ad54bb50dfa740e888df373fedf0ff68114ba15,masked_substitution,dafd21d35303e200680ab932c29a133a845c8805fe2c804b2dec95f0f3e95971,primary_parent,02e6e8a9041d1f5e02ded66ace7f1bf8353933cb460554f7d6d4f7827ee851e3,macrel_hemolysis_label,categorical,true,same_frozen_label_contract,audit,label,low,low,,,false,43adfa636c642ff8ca92e8bfaf4fc77eb88aa201bb6eb567309c62719af32e8a
vegfa,445c497c483d585d29bf0bb34ad54bb50dfa740e888df373fedf0ff68114ba15,masked_substitution,dafd21d35303e200680ab932c29a133a845c8805fe2c804b2dec95f0f3e95971,primary_parent,02e6e8a9041d1f5e02ded66ace7f1bf8353933cb460554f7d6d4f7827ee851e3,macrel_hemolysis_probability,numeric,true,same_frozen_numeric_contract,minimize,probability,0.465,0.446,-0.019000000000000017,0.019000000000000017,true,4927eeae6b192e248dee837c2cf6201da113d871fa291ce5917626cf14d94d73
vegfa,445c497c483d585d29bf0bb34ad54bb50dfa740e888df373fedf0ff68114ba15,masked_substitution,dafd21d35303e200680ab932c29a133a845c8805fe2c804b2dec95f0f3e95971,primary_parent,02e6e8a9041d1f5e02ded66ace7f1bf8353933cb460554f7d6d4f7827ee851e3,maximum_hydrophobic_run,numeric,true,same_frozen_numeric_contract,minimize,residues,2.0,1.0,-1.0,1.0,true,f7f0659660c59fad92d2bf61b1ffde6deb69bac0dd0217fbc0a59c8d2b221d81
vegfa,445c497c483d585d29bf0bb34ad54bb50dfa740e888df373fedf0ff68114ba15,masked_substitution,dafd21d35303e200680ab932c29a133a845c8805fe2c804b2dec95f0f3e95971,primary_parent,02e6e8a9041d1f5e02ded66ace7f1bf8353933cb460554f7d6d4f7827ee851e3,net_charge_ph7_4,numeric,false,audit_metric_has_no_monotonic_improvement_direction,audit,elementary_charge,6.112,6.112,0.0,,false,1acbf70466d05e81e4f31c8cd3a2e2ea9908ba143d9d4ce8ff136a82fae29151
vegfa,445c497c483d585d29bf0bb34ad54bb50dfa740e888df373fedf0ff68114ba15,masked_substitution,dafd21d35303e200680ab932c29a133a845c8805fe2c804b2dec95f0f3e95971,primary_parent,02e6e8a9041d1f5e02ded66ace7f1bf8353933cb460554f7d6d4f7827ee851e3,toxinpred3_hybrid_score,numeric,true,same_frozen_numeric_contract,minimize,dimensionless,0.0,0.34,0.34,-0.34,true,eff33a56865780405e14ed48ea0b69f7ee2cf1c07fbfa77f1de3c241b276ed2f
vegfa,445c497c483d585d29bf0bb34ad54bb50dfa740e888df373fedf0ff68114ba15,masked_substitution,dafd21d35303e200680ab932c29a133a845c8805fe2c804b2dec95f0f3e95971,primary_parent,02e6e8a9041d1f5e02ded66ace7f1bf8353933cb460554f7d6d4f7827ee851e3,toxinpred3_label,categorical,true,same_frozen_label_contract,audit,label,Non-Toxin,Non-Toxin,,,false,f7809df7b1fe2c0618a1ec4570ed5dfef482c0d1f0011f6605c7afdba9b7779a
vegfa,c12381c208514b04c5c5321f40229c547b1325dd72ef2f9938743342fbdf8eb3,controlled_crossover,bec906c549d3b18f8aec06064af1573d97954bf65c31517dfe87a588511a6258,primary_parent,abb6c0dd6808b64e566e54ef2fc3d2622b4f4472fe472ed1a0305a919f720eb2,amp_read_log10_mic_um,numeric,true,same_frozen_numeric_contract,minimize,log10(uM),1.4975010253206658,1.7163920440326907,0.218891018712025,-0.218891018712025,true,b024ff5c0cb2bc89763e64cc9d59d5f073cdd0aff041346a5afe6f7da2d95632
vegfa,c12381c208514b04c5c5321f40229c547b1325dd72ef2f9938743342fbdf8eb3,controlled_crossover,bec906c549d3b18f8aec06064af1573d97954bf65c31517dfe87a588511a6258,primary_parent,abb6c0dd6808b64e566e54ef2fc3d2622b4f4472fe472ed1a0305a919f720eb2,guruprasad_instability_index,numeric,true,same_frozen_numeric_contract,minimize,index,-8.46086956521739,-10.9,-2.4391304347826104,2.4391304347826104,true,09802cbfd4b5aa017ebbe54ddef4ba9eac1d4ed3f2dd1f5d9222c276f1f1e31c
vegfa,c12381c208514b04c5c5321f40229c547b1325dd72ef2f9938743342fbdf8eb3,controlled_crossover,bec906c549d3b18f8aec06064af1573d97954bf65c31517dfe87a588511a6258,primary_parent,abb6c0dd6808b64e566e54ef2fc3d2622b4f4472fe472ed1a0305a919f720eb2,hydrophobic_moment_eisenberg,numeric,false,audit_metric_has_no_monotonic_improvement_direction,audit,dimensionless,0.2506699786733031,0.1554640747235486,-0.0952059039497545,,true,9760ebc4201d9198ede3ac4448fd31ce261d3ccd1e6da84392e783e7678e207d
vegfa,c12381c208514b04c5c5321f40229c547b1325dd72ef2f9938743342fbdf8eb3,controlled_crossover,bec906c549d3b18f8aec06064af1573d97954bf65c31517dfe87a588511a6258,primary_parent,abb6c0dd6808b64e566e54ef2fc3d2622b4f4472fe472ed1a0305a919f720eb2,hydrophobic_ratio_modlamp,numeric,false,audit_metric_has_no_monotonic_improvement_direction,audit,fraction,0.21739130434782608,0.08695652173913043,-0.13043478260869565,,true,3f98bae48f95919d60d22e08f063c620bea7ffbcefeb8f6dd81a514aeba697c2
vegfa,c12381c208514b04c5c5321f40229c547b1325dd72ef2f9938743342fbdf8eb3,controlled_crossover,bec906c549d3b18f8aec06064af1573d97954bf65c31517dfe87a588511a6258,primary_parent,abb6c0dd6808b64e566e54ef2fc3d2622b4f4472fe472ed1a0305a919f720eb2,llamp_log10_mic_um,numeric,true,same_frozen_numeric_contract,minimize,log10(uM),1.1670740842819214,1.5131734609603882,0.3460993766784668,-0.3460993766784668,true,2abf102182301f2c3cef9b6ac98eae3ed09d2042b38cc59e3b206693178b5996
vegfa,c12381c208514b04c5c5321f40229c547b1325dd72ef2f9938743342fbdf8eb3,controlled_crossover,bec906c549d3b18f8aec06064af1573d97954bf65c31517dfe87a588511a6258,primary_parent,abb6c0dd6808b64e566e54ef2fc3d2622b4f4472fe472ed1a0305a919f720eb2,macrel_amp_probability,numeric,true,same_frozen_numeric_contract,maximize,probability,0.535,0.337,-0.198,-0.198,true,801aa9bffdb0e4eaa9d432138d40206efe7ca98a8fc3ef8354ed033bb6c7d5fe
vegfa,c12381c208514b04c5c5321f40229c547b1325dd72ef2f9938743342fbdf8eb3,controlled_crossover,bec906c549d3b18f8aec06064af1573d97954bf65c31517dfe87a588511a6258,primary_parent,abb6c0dd6808b64e566e54ef2fc3d2622b4f4472fe472ed1a0305a919f720eb2,macrel_hemolysis_label,categorical,true,same_frozen_label_contract,audit,label,low,low,,,false,c84f2a8902a879198c35a740068deee68bf1d2cd859406084939be8c138f5688
vegfa,c12381c208514b04c5c5321f40229c547b1325dd72ef2f9938743342fbdf8eb3,controlled_crossover,bec906c549d3b18f8aec06064af1573d97954bf65c31517dfe87a588511a6258,primary_parent,abb6c0dd6808b64e566e54ef2fc3d2622b4f4472fe472ed1a0305a919f720eb2,macrel_hemolysis_probability,numeric,true,same_frozen_numeric_contract,minimize,probability,0.436,0.267,-0.16899999999999998,0.16899999999999998,true,9bbcd8a5f6b620364b7a04c40fbd83bfdde2a7ae031118cf6fa8a69c248aaf3b
vegfa,c12381c208514b04c5c5321f40229c547b1325dd72ef2f9938743342fbdf8eb3,controlled_crossover,bec906c549d3b18f8aec06064af1573d97954bf65c31517dfe87a588511a6258,primary_parent,abb6c0dd6808b64e566e54ef2fc3d2622b4f4472fe472ed1a0305a919f720eb2,maximum_hydrophobic_run,numeric,true,same_frozen_numeric_contract,minimize,residues,2.0,1.0,-1.0,1.0,true,a49efa4e941751201d2862788e648f6185e984cadab002cbe2245e987a7a3b81
vegfa,c12381c208514b04c5c5321f40229c547b1325dd72ef2f9938743342fbdf8eb3,controlled_crossover,bec906c549d3b18f8aec06064af1573d97954bf65c31517dfe87a588511a6258,primary_parent,abb6c0dd6808b64e566e54ef2fc3d2622b4f4472fe472ed1a0305a919f720eb2,net_charge_ph7_4,numeric,false,audit_metric_has_no_monotonic_improvement_direction,audit,elementary_charge,6.112,7.112,1.0,,true,78ddd373bbb79ead54b615393b387dd3535a152e7970618315ecab68abcb4d30
vegfa,c12381c208514b04c5c5321f40229c547b1325dd72ef2f9938743342fbdf8eb3,controlled_crossover,bec906c549d3b18f8aec06064af1573d97954bf65c31517dfe87a588511a6258,primary_parent,abb6c0dd6808b64e566e54ef2fc3d2622b4f4472fe472ed1a0305a919f720eb2,toxinpred3_hybrid_score,numeric,true,same_frozen_numeric_contract,minimize,dimensionless,0.0,0.395,0.395,-0.395,true,14a0187a3f24305e0fb6c23c813a404d2d29e861a4630551062cb9b2d7189cce
vegfa,c12381c208514b04c5c5321f40229c547b1325dd72ef2f9938743342fbdf8eb3,controlled_crossover,bec906c549d3b18f8aec06064af1573d97954bf65c31517dfe87a588511a6258,primary_parent,abb6c0dd6808b64e566e54ef2fc3d2622b4f4472fe472ed1a0305a919f720eb2,toxinpred3_label,categorical,true,same_frozen_label_contract,audit,label,Non-Toxin,Toxin,,,true,dd073abdb52038ae2f9386cf2574e00536c61b6a531520b1f3d3f98704972f39
vegfa,c12381c208514b04c5c5321f40229c547b1325dd72ef2f9938743342fbdf8eb3,controlled_crossover,bec906c549d3b18f8aec06064af1573d97954bf65c31517dfe87a588511a6258,donor_parent,dc6b9e097fdbb1cebc638561775ba07debfd2bcbae4b1e7dbb9a3812c90d1dda,amp_read_log10_mic_um,numeric,true,same_frozen_numeric_contract,minimize,log10(uM),1.4326805721868476,1.7163920440326907,0.2837114718458431,-0.2837114718458431,true,ce1ff410e4e155e8f6065f6c3103ec597cd8de9fe1e1ddc0db62ccc1c6e5fc76
vegfa,c12381c208514b04c5c5321f40229c547b1325dd72ef2f9938743342fbdf8eb3,controlled_crossover,bec906c549d3b18f8aec06064af1573d97954bf65c31517dfe87a588511a6258,donor_parent,dc6b9e097fdbb1cebc638561775ba07debfd2bcbae4b1e7dbb9a3812c90d1dda,guruprasad_instability_index,numeric,true,same_frozen_numeric_contract,minimize,index,8.988461538461536,-10.9,-19.888461538461534,19.888461538461534,true,a10e619d100d2a2eb92c382e02b566f39f9695aa7f6be7a46217605db14aca1d
vegfa,c12381c208514b04c5c5321f40229c547b1325dd72ef2f9938743342fbdf8eb3,controlled_crossover,bec906c549d3b18f8aec06064af1573d97954bf65c31517dfe87a588511a6258,donor_parent,dc6b9e097fdbb1cebc638561775ba07debfd2bcbae4b1e7dbb9a3812c90d1dda,hydrophobic_moment_eisenberg,numeric,false,audit_metric_has_no_monotonic_improvement_direction,audit,dimensionless,0.05669057760399849,0.1554640747235486,0.09877349711955011,,true,7e11f11e61b1946e3cb23b769345445ad83214f6f0d813bcb97680fc4dd261be
vegfa,c12381c208514b04c5c5321f40229c547b1325dd72ef2f9938743342fbdf8eb3,controlled_crossover,bec906c549d3b18f8aec06064af1573d97954bf65c31517dfe87a588511a6258,donor_parent,dc6b9e097fdbb1cebc638561775ba07debfd2bcbae4b1e7dbb9a3812c90d1dda,hydrophobic_ratio_modlamp,numeric,false,audit_metric_has_no_monotonic_improvement_direction,audit,fraction,0.07692307692307693,0.08695652173913043,0.010033444816053505,,true,44f736f525fea0e99de4f2d25018cb1b7d22af3578d6d2e9b413c235856f0c6f
vegfa,c12381c208514b04c5c5321f40229c547b1325dd72ef2f9938743342fbdf8eb3,controlled_crossover,bec906c549d3b18f8aec06064af1573d97954bf65c31517dfe87a588511a6258,donor_parent,dc6b9e097fdbb1cebc638561775ba07debfd2bcbae4b1e7dbb9a3812c90d1dda,llamp_log10_mic_um,numeric,true,same_frozen_numeric_contract,minimize,log10(uM),0.7191438674926758,1.5131734609603882,0.7940295934677124,-0.7940295934677124,true,4614bc22bfe668b18a0c4bb73c5776f95a33081c4e6014f607829590e8c08915
vegfa,c12381c208514b04c5c5321f40229c547b1325dd72ef2f9938743342fbdf8eb3,controlled_crossover,bec906c549d3b18f8aec06064af1573d97954bf65c31517dfe87a588511a6258,donor_parent,dc6b9e097fdbb1cebc638561775ba07debfd2bcbae4b1e7dbb9a3812c90d1dda,macrel_amp_probability,numeric,true,same_frozen_numeric_contract,maximize,probability,0.535,0.337,-0.198,-0.198,true,49a8c15ca505c5cf8f21d924cb648ed17a5b0c209254f37fd2d84c8f45bbad29
vegfa,c12381c208514b04c5c5321f40229c547b1325dd72ef2f9938743342fbdf8eb3,controlled_crossover,bec906c549d3b18f8aec06064af1573d97954bf65c31517dfe87a588511a6258,donor_parent,dc6b9e097fdbb1cebc638561775ba07debfd2bcbae4b1e7dbb9a3812c90d1dda,macrel_hemolysis_label,categorical,true,same_frozen_label_contract,audit,label,low,low,,,false,c34eaaffee218d59c649150464eb37e7c770e6cabc03f81fac7280887aa13424
vegfa,c12381c208514b04c5c5321f40229c547b1325dd72ef2f9938743342fbdf8eb3,controlled_crossover,bec906c549d3b18f8aec06064af1573d97954bf65c31517dfe87a588511a6258,donor_parent,dc6b9e097fdbb1cebc638561775ba07debfd2bcbae4b1e7dbb9a3812c90d1dda,macrel_hemolysis_probability,numeric,true,same_frozen_numeric_contract,minimize,probability,0.386,0.267,-0.119,0.119,true,fa161cf4c707df61f195a3044c3e4ebfe694127d9d5524d2c351a37c0604de24
vegfa,c12381c208514b04c5c5321f40229c547b1325dd72ef2f9938743342fbdf8eb3,controlled_crossover,bec906c549d3b18f8aec06064af1573d97954bf65c31517dfe87a588511a6258,donor_parent,dc6b9e097fdbb1cebc638561775ba07debfd2bcbae4b1e7dbb9a3812c90d1dda,maximum_hydrophobic_run,numeric,true,same_frozen_numeric_contract,minimize,residues,2.0,1.0,-1.0,1.0,true,468ddd65f427048e13306924a8eac1055b86e39bc1d33a77ce7d95a85a8d01af
vegfa,c12381c208514b04c5c5321f40229c547b1325dd72ef2f9938743342fbdf8eb3,controlled_crossover,bec906c549d3b18f8aec06064af1573d97954bf65c31517dfe87a588511a6258,donor_parent,dc6b9e097fdbb1cebc638561775ba07debfd2bcbae4b1e7dbb9a3812c90d1dda,net_charge_ph7_4,numeric,false,audit_metric_has_no_monotonic_improvement_direction,audit,elementary_charge,9.152,7.112,-2.039999999999999,,true,00569d131ee79a68e6d1ed6d6a0c175ae70038c16930493d307b12d3fe77e73a
vegfa,c12381c208514b04c5c5321f40229c547b1325dd72ef2f9938743342fbdf8eb3,controlled_crossover,bec906c549d3b18f8aec06064af1573d97954bf65c31517dfe87a588511a6258,donor_parent,dc6b9e097fdbb1cebc638561775ba07debfd2bcbae4b1e7dbb9a3812c90d1dda,toxinpred3_hybrid_score,numeric,true,same_frozen_numeric_contract,minimize,dimensionless,0.015,0.395,0.38,-0.38,true,db859c6b969e4f5299596097e7fd0cd4c76b265b2b12d76b6e80d321d969e8c7
vegfa,c12381c208514b04c5c5321f40229c547b1325dd72ef2f9938743342fbdf8eb3,controlled_crossover,bec906c549d3b18f8aec06064af1573d97954bf65c31517dfe87a588511a6258,donor_parent,dc6b9e097fdbb1cebc638561775ba07debfd2bcbae4b1e7dbb9a3812c90d1dda,toxinpred3_label,categorical,true,same_frozen_label_contract,audit,label,Non-Toxin,Toxin,,,true,f630ee3622063b1618cbf0e7d45a4ea7dcb16a03a62963b953b6dc173865a886
vegfa,2272e5e2d96e9d8be4f89fcd24e5ed25681bd725ce5082bbee041d059db8cbb4,de_novo,ab8e40be7cef99cfa9c27d108cc9729d7ccdd1345765b6f65d92f48dbe892350,none,,amp_read_log10_mic_um,numeric,false,de_novo_has_no_biological_parent,,,,1.6244738921871065,,,,7c26fc1cdd8fb2030bb1580f3c56b3625d6eb9f7c087e7fd8cc1ef19a6de5e75
vegfa,2272e5e2d96e9d8be4f89fcd24e5ed25681bd725ce5082bbee041d059db8cbb4,de_novo,ab8e40be7cef99cfa9c27d108cc9729d7ccdd1345765b6f65d92f48dbe892350,none,,guruprasad_instability_index,numeric,false,de_novo_has_no_biological_parent,,,,17.903846,,,,76f9ab34e445cfb284668b10291420dd957735e033dc6ac8035f80526c3a7b16
vegfa,2272e5e2d96e9d8be4f89fcd24e5ed25681bd725ce5082bbee041d059db8cbb4,de_novo,ab8e40be7cef99cfa9c27d108cc9729d7ccdd1345765b6f65d92f48dbe892350,none,,hydrophobic_moment_eisenberg,numeric,false,de_novo_has_no_biological_parent,,,,0.20249566290409826,,,,b50ee8973452a2e7459e782130d4a409cf3724d0403050c331993195877e231a
vegfa,2272e5e2d96e9d8be4f89fcd24e5ed25681bd725ce5082bbee041d059db8cbb4,de_novo,ab8e40be7cef99cfa9c27d108cc9729d7ccdd1345765b6f65d92f48dbe892350,none,,hydrophobic_ratio_modlamp,numeric,false,de_novo_has_no_biological_parent,,,,0.23076923076923078,,,,6dff6ca593185a1c8189bd6c0cf9deb6bdbcf4b2a36325b7d3ec3394470399d5
vegfa,2272e5e2d96e9d8be4f89fcd24e5ed25681bd725ce5082bbee041d059db8cbb4,de_novo,ab8e40be7cef99cfa9c27d108cc9729d7ccdd1345765b6f65d92f48dbe892350,none,,llamp_log10_mic_um,numeric,false,de_novo_has_no_biological_parent,,,,1.1454366445541382,,,,cea7001bba5fe9aae3863c7825a93b4d2a61cfc5e9eb3067df224885da749318
vegfa,2272e5e2d96e9d8be4f89fcd24e5ed25681bd725ce5082bbee041d059db8cbb4,de_novo,ab8e40be7cef99cfa9c27d108cc9729d7ccdd1345765b6f65d92f48dbe892350,none,,macrel_amp_probability,numeric,false,de_novo_has_no_biological_parent,,,,0.416,,,,6f649feb9a29b649fda457a2e1875fc4f11b3f7c215f4ea2e56ba51fb368b55b
vegfa,2272e5e2d96e9d8be4f89fcd24e5ed25681bd725ce5082bbee041d059db8cbb4,de_novo,ab8e40be7cef99cfa9c27d108cc9729d7ccdd1345765b6f65d92f48dbe892350,none,,macrel_hemolysis_label,categorical,false,de_novo_has_no_biological_parent,,,,high,,,,5391b62b9c02fbd4e7780ebf80a61333ef47bd71d6576c0ad886994a40e4b281
vegfa,2272e5e2d96e9d8be4f89fcd24e5ed25681bd725ce5082bbee041d059db8cbb4,de_novo,ab8e40be7cef99cfa9c27d108cc9729d7ccdd1345765b6f65d92f48dbe892350,none,,macrel_hemolysis_probability,numeric,false,de_novo_has_no_biological_parent,,,,0.554,,,,2d6a4a431d7abf173cf75aaf5c99d6546236d980a7e38f239bea20fe9257d9e2
vegfa,2272e5e2d96e9d8be4f89fcd24e5ed25681bd725ce5082bbee041d059db8cbb4,de_novo,ab8e40be7cef99cfa9c27d108cc9729d7ccdd1345765b6f65d92f48dbe892350,none,,maximum_hydrophobic_run,numeric,false,de_novo_has_no_biological_parent,,,,2,,,,743ece29d03eb97fd907e9e1abc49409996ba8481a8704c3cc9540dd3e4d367a
vegfa,2272e5e2d96e9d8be4f89fcd24e5ed25681bd725ce5082bbee041d059db8cbb4,de_novo,ab8e40be7cef99cfa9c27d108cc9729d7ccdd1345765b6f65d92f48dbe892350,none,,net_charge_ph7_4,numeric,false,de_novo_has_no_biological_parent,,,,10.151,,,,25636accb5359d7ff6fb8b5610c1feb599520e596a7619cb615b24a20f6b48e6
vegfa,2272e5e2d96e9d8be4f89fcd24e5ed25681bd725ce5082bbee041d059db8cbb4,de_novo,ab8e40be7cef99cfa9c27d108cc9729d7ccdd1345765b6f65d92f48dbe892350,none,,toxinpred3_hybrid_score,numeric,false,de_novo_has_no_biological_parent,,,,0.485,,,,03a4cee33a5ef1d143adefcb420666250f77dddf12cf69ab974a8e006039cbe9
vegfa,2272e5e2d96e9d8be4f89fcd24e5ed25681bd725ce5082bbee041d059db8cbb4,de_novo,ab8e40be7cef99cfa9c27d108cc9729d7ccdd1345765b6f65d92f48dbe892350,none,,toxinpred3_label,categorical,false,de_novo_has_no_biological_parent,,,,Toxin,,,,f9b0bb83add80f894487be5c61aefdb2021c50992ff828ec708102ea510af6e9
vegfa,c503d336ef522c34e2ce216498620fb6ceb6818f11eeedfd18fa5f470304e11b,de_novo,ee42c5d9d22bb49bd6c31cd90bcb9f959d42dd56748a6aa85433a33e8a5908e9,none,,amp_read_log10_mic_um,numeric,false,de_novo_has_no_biological_parent,,,,1.7188518280874465,,,,48a8ac65f3e9f066fec2e74938db2e7dbf5fe3df59f5bfa2078c64756b4e793e
vegfa,c503d336ef522c34e2ce216498620fb6ceb6818f11eeedfd18fa5f470304e11b,de_novo,ee42c5d9d22bb49bd6c31cd90bcb9f959d42dd56748a6aa85433a33e8a5908e9,none,,guruprasad_instability_index,numeric,false,de_novo_has_no_biological_parent,,,,29.409524,,,,0d114cb1da9d40357a092b1a9922973044b52737db6bdac279bb17e15e905ef6
vegfa,c503d336ef522c34e2ce216498620fb6ceb6818f11eeedfd18fa5f470304e11b,de_novo,ee42c5d9d22bb49bd6c31cd90bcb9f959d42dd56748a6aa85433a33e8a5908e9,none,,hydrophobic_moment_eisenberg,numeric,false,de_novo_has_no_biological_parent,,,,0.3602509020828198,,,,5cc44bb7f9e94e7da83655836bbb47249901e61506925abfa50eee95c44a6787
vegfa,c503d336ef522c34e2ce216498620fb6ceb6818f11eeedfd18fa5f470304e11b,de_novo,ee42c5d9d22bb49bd6c31cd90bcb9f959d42dd56748a6aa85433a33e8a5908e9,none,,hydrophobic_ratio_modlamp,numeric,false,de_novo_has_no_biological_parent,,,,0.09523809523809523,,,,91cc02205630a3c44dd5b17a17ede69bedf8bd36bfb5200f481c4de971b57cca
vegfa,c503d336ef522c34e2ce216498620fb6ceb6818f11eeedfd18fa5f470304e11b,de_novo,ee42c5d9d22bb49bd6c31cd90bcb9f959d42dd56748a6aa85433a33e8a5908e9,none,,llamp_log10_mic_um,numeric,false,de_novo_has_no_biological_parent,,,,1.7685612440109253,,,,de74e749bd1aacd9fc72f59fcee4a332f53201b7257e2ff1861fedba9d0a8979
vegfa,c503d336ef522c34e2ce216498620fb6ceb6818f11eeedfd18fa5f470304e11b,de_novo,ee42c5d9d22bb49bd6c31cd90bcb9f959d42dd56748a6aa85433a33e8a5908e9,none,,macrel_amp_probability,numeric,false,de_novo_has_no_biological_parent,,,,0.277,,,,c81f9267ab3e8908c044fe42111baf6e5d03941644f09af057b33de564ef5961
vegfa,c503d336ef522c34e2ce216498620fb6ceb6818f11eeedfd18fa5f470304e11b,de_novo,ee42c5d9d22bb49bd6c31cd90bcb9f959d42dd56748a6aa85433a33e8a5908e9,none,,macrel_hemolysis_label,categorical,false,de_novo_has_no_biological_parent,,,,low,,,,096b8f5b59c2007c1518f8ea376f84e778ca4c054744b3decfcb6f83f817e2e9
vegfa,c503d336ef522c34e2ce216498620fb6ceb6818f11eeedfd18fa5f470304e11b,de_novo,ee42c5d9d22bb49bd6c31cd90bcb9f959d42dd56748a6aa85433a33e8a5908e9,none,,macrel_hemolysis_probability,numeric,false,de_novo_has_no_biological_parent,,,,0.485,,,,ccfee21c3e10cec48d2fe2084b0d11ef16abe0cd4fe888a3509e87aaf8b11572
vegfa,c503d336ef522c34e2ce216498620fb6ceb6818f11eeedfd18fa5f470304e11b,de_novo,ee42c5d9d22bb49bd6c31cd90bcb9f959d42dd56748a6aa85433a33e8a5908e9,none,,maximum_hydrophobic_run,numeric,false,de_novo_has_no_biological_parent,,,,1,,,,3f23cea78e5843ce178f086e2d4f7ce53cb6679e247611f69402f5acb2a8b0e5
vegfa,c503d336ef522c34e2ce216498620fb6ceb6818f11eeedfd18fa5f470304e11b,de_novo,ee42c5d9d22bb49bd6c31cd90bcb9f959d42dd56748a6aa85433a33e8a5908e9,none,,net_charge_ph7_4,numeric,false,de_novo_has_no_biological_parent,,,,9.11,,,,d979859c4d2ce8c1ca9bf73adb0a8086aad7ad7df351ee71826b955b09687b88
vegfa,c503d336ef522c34e2ce216498620fb6ceb6818f11eeedfd18fa5f470304e11b,de_novo,ee42c5d9d22bb49bd6c31cd90bcb9f959d42dd56748a6aa85433a33e8a5908e9,none,,toxinpred3_hybrid_score,numeric,false,de_novo_has_no_biological_parent,,,,0.0,,,,e4e2ed1ebcaa4be1d88605e8139b66d3b720ece7d9cfecdec37e676f795fe51c
vegfa,c503d336ef522c34e2ce216498620fb6ceb6818f11eeedfd18fa5f470304e11b,de_novo,ee42c5d9d22bb49bd6c31cd90bcb9f959d42dd56748a6aa85433a33e8a5908e9,none,,toxinpred3_label,categorical,false,de_novo_has_no_biological_parent,,,,Non-Toxin,,,,ae80e96a17bae1d0450ea991c2255e6eff37dc3434108e6ff8841554251ce29b
vegfa,bd66f85cf4629d9bc2c4d1f8b3e2637b2f385d563fed21bc4bca7df3127d3727,masked_substitution,17d938d91f4d0b5dca7bc0c35753971e8fe3d0c1a2e729b6fee3f6d0bcc72619,primary_parent,02e6e8a9041d1f5e02ded66ace7f1bf8353933cb460554f7d6d4f7827ee851e3,amp_read_log10_mic_um,numeric,true,same_frozen_numeric_contract,minimize,log10(uM),0.8502392420270765,0.827707494576872,-0.022531747450204476,0.022531747450204476,true,4e220e63a8f6e9be49eb8c5639c592a288deeca5af8f2c2e6e36fdfd0366ad38
vegfa,bd66f85cf4629d9bc2c4d1f8b3e2637b2f385d563fed21bc4bca7df3127d3727,masked_substitution,17d938d91f4d0b5dca7bc0c35753971e8fe3d0c1a2e729b6fee3f6d0bcc72619,primary_parent,02e6e8a9041d1f5e02ded66ace7f1bf8353933cb460554f7d6d4f7827ee851e3,guruprasad_instability_index,numeric,true,same_frozen_numeric_contract,minimize,index,-9.308695652173913,-5.617391,3.6913046521739137,-3.6913046521739137,true,a747f15b90d4611a75c62e88be962b1fb3ef2e46c39c492afaf0927b11076381
vegfa,bd66f85cf4629d9bc2c4d1f8b3e2637b2f385d563fed21bc4bca7df3127d3727,masked_substitution,17d938d91f4d0b5dca7bc0c35753971e8fe3d0c1a2e729b6fee3f6d0bcc72619,primary_parent,02e6e8a9041d1f5e02ded66ace7f1bf8353933cb460554f7d6d4f7827ee851e3,hydrophobic_moment_eisenberg,numeric,false,audit_metric_has_no_monotonic_improvement_direction,audit,dimensionless,0.14056582796750103,0.20440246811062895,0.06383664014312793,,true,6bfc03e5cdf20beb76762667319e0edb142a95a698f1a0bf770d6fc803f2fecd
vegfa,bd66f85cf4629d9bc2c4d1f8b3e2637b2f385d563fed21bc4bca7df3127d3727,masked_substitution,17d938d91f4d0b5dca7bc0c35753971e8fe3d0c1a2e729b6fee3f6d0bcc72619,primary_parent,02e6e8a9041d1f5e02ded66ace7f1bf8353933cb460554f7d6d4f7827ee851e3,hydrophobic_ratio_modlamp,numeric,false,audit_metric_has_no_monotonic_improvement_direction,audit,fraction,0.2608695652173913,0.21739130434782608,-0.043478260869565216,,true,9099f32410c8763bd210facd7a5c0525154515a807c736384785f5340d7840b4
vegfa,bd66f85cf4629d9bc2c4d1f8b3e2637b2f385d563fed21bc4bca7df3127d3727,masked_substitution,17d938d91f4d0b5dca7bc0c35753971e8fe3d0c1a2e729b6fee3f6d0bcc72619,primary_parent,02e6e8a9041d1f5e02ded66ace7f1bf8353933cb460554f7d6d4f7827ee851e3,llamp_log10_mic_um,numeric,true,same_frozen_numeric_contract,minimize,log10(uM),1.3610467910766602,1.5655226707458496,0.20447587966918945,-0.20447587966918945,true,fe0d920d39ae4a9f2f57552f81f3a9073735a50257365b1e232ddaa367a3ab89
vegfa,bd66f85cf4629d9bc2c4d1f8b3e2637b2f385d563fed21bc4bca7df3127d3727,masked_substitution,17d938d91f4d0b5dca7bc0c35753971e8fe3d0c1a2e729b6fee3f6d0bcc72619,primary_parent,02e6e8a9041d1f5e02ded66ace7f1bf8353933cb460554f7d6d4f7827ee851e3,macrel_amp_probability,numeric,true,same_frozen_numeric_contract,maximize,probability,0.584,0.541,-0.04299999999999993,-0.04299999999999993,true,ecc039563e9958ab2189494a194d664d6f4b95ec98c03ccb60efdeb009ae91d8
vegfa,bd66f85cf4629d9bc2c4d1f8b3e2637b2f385d563fed21bc4bca7df3127d3727,masked_substitution,17d938d91f4d0b5dca7bc0c35753971e8fe3d0c1a2e729b6fee3f6d0bcc72619,primary_parent,02e6e8a9041d1f5e02ded66ace7f1bf8353933cb460554f7d6d4f7827ee851e3,macrel_hemolysis_label,categorical,true,same_frozen_label_contract,audit,label,low,low,,,false,8577481bf6240974004a4879ec066b2c9e30285164387328e81677b55759e334
vegfa,bd66f85cf4629d9bc2c4d1f8b3e2637b2f385d563fed21bc4bca7df3127d3727,masked_substitution,17d938d91f4d0b5dca7bc0c35753971e8fe3d0c1a2e729b6fee3f6d0bcc72619,primary_parent,02e6e8a9041d1f5e02ded66ace7f1bf8353933cb460554f7d6d4f7827ee851e3,macrel_hemolysis_probability,numeric,true,same_frozen_numeric_contract,minimize,probability,0.465,0.475,0.009999999999999953,-0.009999999999999953,true,27f65b868175517c479bba9226bb7cea25c0552eaeb1ec14578b5a491d40f67b
vegfa,bd66f85cf4629d9bc2c4d1f8b3e2637b2f385d563fed21bc4bca7df3127d3727,masked_substitution,17d938d91f4d0b5dca7bc0c35753971e8fe3d0c1a2e729b6fee3f6d0bcc72619,primary_parent,02e6e8a9041d1f5e02ded66ace7f1bf8353933cb460554f7d6d4f7827ee851e3,maximum_hydrophobic_run,numeric,true,same_frozen_numeric_contract,minimize,residues,2.0,1.0,-1.0,1.0,true,9a4272585d02a63e0c5fec37932e9ebf92a1f8636856a7d8967bce49e77c3c0f
vegfa,bd66f85cf4629d9bc2c4d1f8b3e2637b2f385d563fed21bc4bca7df3127d3727,masked_substitution,17d938d91f4d0b5dca7bc0c35753971e8fe3d0c1a2e729b6fee3f6d0bcc72619,primary_parent,02e6e8a9041d1f5e02ded66ace7f1bf8353933cb460554f7d6d4f7827ee851e3,net_charge_ph7_4,numeric,false,audit_metric_has_no_monotonic_improvement_direction,audit,elementary_charge,6.112,6.112,0.0,,false,df293b13bbcc4cf9d895e26b806c0ef3c5d3034f15002c523c65403915b4e304
vegfa,bd66f85cf4629d9bc2c4d1f8b3e2637b2f385d563fed21bc4bca7df3127d3727,masked_substitution,17d938d91f4d0b5dca7bc0c35753971e8fe3d0c1a2e729b6fee3f6d0bcc72619,primary_parent,02e6e8a9041d1f5e02ded66ace7f1bf8353933cb460554f7d6d4f7827ee851e3,toxinpred3_hybrid_score,numeric,true,same_frozen_numeric_contract,minimize,dimensionless,0.0,0.35,0.35,-0.35,true,b853038cf746971819867675f43e18a903d9d56d04d748f7a2d5eee28c1f3662
vegfa,bd66f85cf4629d9bc2c4d1f8b3e2637b2f385d563fed21bc4bca7df3127d3727,masked_substitution,17d938d91f4d0b5dca7bc0c35753971e8fe3d0c1a2e729b6fee3f6d0bcc72619,primary_parent,02e6e8a9041d1f5e02ded66ace7f1bf8353933cb460554f7d6d4f7827ee851e3,toxinpred3_label,categorical,true,same_frozen_label_contract,audit,label,Non-Toxin,Non-Toxin,,,false,30b5f3f24e82469095ad9d638592be9f747f272203167835405d1eaa4fed766a
vegfa,15af3b229184fc29fcb820672484e05f0114b4ef517e57ef6b3a2f120ab1a188,controlled_crossover,a8897459955c378397701441e794ae713577110ebe637afeeaff11b2e26fc2e5,primary_parent,1852d0385396cacd5f7d48624e6014bea585ff5066195d0ac9d14496615dbe74,amp_read_log10_mic_um,numeric,true,same_frozen_numeric_contract,minimize,log10(uM),0.8556499119534838,1.5017985727538252,0.6461486608003414,-0.6461486608003414,true,54c7d25c9984dfa3a227e60617d4499a925d85971cd2d2d907c62217b31d3108
vegfa,15af3b229184fc29fcb820672484e05f0114b4ef517e57ef6b3a2f120ab1a188,controlled_crossover,a8897459955c378397701441e794ae713577110ebe637afeeaff11b2e26fc2e5,primary_parent,1852d0385396cacd5f7d48624e6014bea585ff5066195d0ac9d14496615dbe74,guruprasad_instability_index,numeric,true,same_frozen_numeric_contract,minimize,index,-9.308695652173913,-10.9,-1.591304347826087,1.591304347826087,true,632d0c703f5daab4340836d91f3180ee7a7a84b99f75a8053a196343dcce7976
vegfa,15af3b229184fc29fcb820672484e05f0114b4ef517e57ef6b3a2f120ab1a188,controlled_crossover,a8897459955c378397701441e794ae713577110ebe637afeeaff11b2e26fc2e5,primary_parent,1852d0385396cacd5f7d48624e6014bea585ff5066195d0ac9d14496615dbe74,hydrophobic_moment_eisenberg,numeric,false,audit_metric_has_no_monotonic_improvement_direction,audit,dimensionless,0.22812344926292888,0.09646487042933026,-0.1316585788335986,,true,df100f0047013582626df43930d6e136738e637b49ebd7c962b6837ab58b8933
vegfa,15af3b229184fc29fcb820672484e05f0114b4ef517e57ef6b3a2f120ab1a188,controlled_crossover,a8897459955c378397701441e794ae713577110ebe637afeeaff11b2e26fc2e5,primary_parent,1852d0385396cacd5f7d48624e6014bea585ff5066195d0ac9d14496615dbe74,hydrophobic_ratio_modlamp,numeric,false,audit_metric_has_no_monotonic_improvement_direction,audit,fraction,0.21739130434782608,0.08695652173913043,-0.13043478260869565,,true,b629ea372c77d642471037aca52109cc62c5c8e0e494826bbc36440f8b99eb29
vegfa,15af3b229184fc29fcb820672484e05f0114b4ef517e57ef6b3a2f120ab1a188,controlled_crossover,a8897459955c378397701441e794ae713577110ebe637afeeaff11b2e26fc2e5,primary_parent,1852d0385396cacd5f7d48624e6014bea585ff5066195d0ac9d14496615dbe74,llamp_log10_mic_um,numeric,true,same_frozen_numeric_contract,minimize,log10(uM),1.2277473211288452,1.6306260824203491,0.4028787612915039,-0.4028787612915039,true,c068fa7e6d2738d7deb6fa488bfd162669a5a58537c54f8a6a7d12128dd67c2e
vegfa,15af3b229184fc29fcb820672484e05f0114b4ef517e57ef6b3a2f120ab1a188,controlled_crossover,a8897459955c378397701441e794ae713577110ebe637afeeaff11b2e26fc2e5,primary_parent,1852d0385396cacd5f7d48624e6014bea585ff5066195d0ac9d14496615dbe74,macrel_amp_probability,numeric,true,same_frozen_numeric_contract,maximize,probability,0.511,0.327,-0.184,-0.184,true,e72b5f128f9a403d003fc967e7c863996a6e4b9408d545fdedc82e53831ba699
vegfa,15af3b229184fc29fcb820672484e05f0114b4ef517e57ef6b3a2f120ab1a188,controlled_crossover,a8897459955c378397701441e794ae713577110ebe637afeeaff11b2e26fc2e5,primary_parent,1852d0385396cacd5f7d48624e6014bea585ff5066195d0ac9d14496615dbe74,macrel_hemolysis_label,categorical,true,same_frozen_label_contract,audit,label,low,low,,,false,95ec6544e3dd81f30e8b5bbd4197d591cb20413ee3f82cb3e01367ea35a33faf
vegfa,15af3b229184fc29fcb820672484e05f0114b4ef517e57ef6b3a2f120ab1a188,controlled_crossover,a8897459955c378397701441e794ae713577110ebe637afeeaff11b2e26fc2e5,primary_parent,1852d0385396cacd5f7d48624e6014bea585ff5066195d0ac9d14496615dbe74,macrel_hemolysis_probability,numeric,true,same_frozen_numeric_contract,minimize,probability,0.416,0.356,-0.06,0.06,true,95fd46cfc0786705a67c510cd4cd1516fd10688acf6d653dedc0e6555c38ab3c
vegfa,15af3b229184fc29fcb820672484e05f0114b4ef517e57ef6b3a2f120ab1a188,controlled_crossover,a8897459955c378397701441e794ae713577110ebe637afeeaff11b2e26fc2e5,primary_parent,1852d0385396cacd5f7d48624e6014bea585ff5066195d0ac9d14496615dbe74,maximum_hydrophobic_run,numeric,true,same_frozen_numeric_contract,minimize,residues,2.0,1.0,-1.0,1.0,true,0e1e6ddc15239c85f781a3a0c5c09d293706b1c12c8d62612b0cebe6b58d147d
vegfa,15af3b229184fc29fcb820672484e05f0114b4ef517e57ef6b3a2f120ab1a188,controlled_crossover,a8897459955c378397701441e794ae713577110ebe637afeeaff11b2e26fc2e5,primary_parent,1852d0385396cacd5f7d48624e6014bea585ff5066195d0ac9d14496615dbe74,net_charge_ph7_4,numeric,false,audit_metric_has_no_monotonic_improvement_direction,audit,elementary_charge,7.111,7.111,0.0,,false,b6057afb3deb48e146e23ce2451a89ec8713976066fed11a48a0fe305dfb7adb
vegfa,15af3b229184fc29fcb820672484e05f0114b4ef517e57ef6b3a2f120ab1a188,controlled_crossover,a8897459955c378397701441e794ae713577110ebe637afeeaff11b2e26fc2e5,primary_parent,1852d0385396cacd5f7d48624e6014bea585ff5066195d0ac9d14496615dbe74,toxinpred3_hybrid_score,numeric,true,same_frozen_numeric_contract,minimize,dimensionless,0.0,0.0,0.0,-0.0,false,0522d0a0c5578dd7a738bd7d8063fe37280137953e47bc9a2c74f97036dd286e
vegfa,15af3b229184fc29fcb820672484e05f0114b4ef517e57ef6b3a2f120ab1a188,controlled_crossover,a8897459955c378397701441e794ae713577110ebe637afeeaff11b2e26fc2e5,primary_parent,1852d0385396cacd5f7d48624e6014bea585ff5066195d0ac9d14496615dbe74,toxinpred3_label,categorical,true,same_frozen_label_contract,audit,label,Non-Toxin,Non-Toxin,,,false,1456f28026d6d7a764580e045e08012a70b255b3906e3352883ee78504974f1d
vegfa,15af3b229184fc29fcb820672484e05f0114b4ef517e57ef6b3a2f120ab1a188,controlled_crossover,a8897459955c378397701441e794ae713577110ebe637afeeaff11b2e26fc2e5,donor_parent,dc6b9e097fdbb1cebc638561775ba07debfd2bcbae4b1e7dbb9a3812c90d1dda,amp_read_log10_mic_um,numeric,true,same_frozen_numeric_contract,minimize,log10(uM),1.4326805721868476,1.5017985727538252,0.06911800056697759,-0.06911800056697759,true,9204b8a7e53764a660a80188cc8f431a63a908e8c8ec61bebdbb3d53d9b8f964
vegfa,15af3b229184fc29fcb820672484e05f0114b4ef517e57ef6b3a2f120ab1a188,controlled_crossover,a8897459955c378397701441e794ae713577110ebe637afeeaff11b2e26fc2e5,donor_parent,dc6b9e097fdbb1cebc638561775ba07debfd2bcbae4b1e7dbb9a3812c90d1dda,guruprasad_instability_index,numeric,true,same_frozen_numeric_contract,minimize,index,8.988461538461536,-10.9,-19.888461538461534,19.888461538461534,true,c2896de28ec1d75193a5ea312ad28fdbe17dd0f385ae5eb851d4c6144dbc6f76
vegfa,15af3b229184fc29fcb820672484e05f0114b4ef517e57ef6b3a2f120ab1a188,controlled_crossover,a8897459955c378397701441e794ae713577110ebe637afeeaff11b2e26fc2e5,donor_parent,dc6b9e097fdbb1cebc638561775ba07debfd2bcbae4b1e7dbb9a3812c90d1dda,hydrophobic_moment_eisenberg,numeric,false,audit_metric_has_no_monotonic_improvement_direction,audit,dimensionless,0.05669057760399849,0.09646487042933026,0.03977429282533177,,true,c27bdc3b6c15ae1632160d07771eb4a526097b34dbcfbdd1bf508ea1c86fc4e4
vegfa,15af3b229184fc29fcb820672484e05f0114b4ef517e57ef6b3a2f120ab1a188,controlled_crossover,a8897459955c378397701441e794ae713577110ebe637afeeaff11b2e26fc2e5,donor_parent,dc6b9e097fdbb1cebc638561775ba07debfd2bcbae4b1e7dbb9a3812c90d1dda,hydrophobic_ratio_modlamp,numeric,false,audit_metric_has_no_monotonic_improvement_direction,audit,fraction,0.07692307692307693,0.08695652173913043,0.010033444816053505,,true,259355e30f0b326ca63e8cf8b8aea4f69b932050847f777ec4b81c173ed1beca
vegfa,15af3b229184fc29fcb820672484e05f0114b4ef517e57ef6b3a2f120ab1a188,controlled_crossover,a8897459955c378397701441e794ae713577110ebe637afeeaff11b2e26fc2e5,donor_parent,dc6b9e097fdbb1cebc638561775ba07debfd2bcbae4b1e7dbb9a3812c90d1dda,llamp_log10_mic_um,numeric,true,same_frozen_numeric_contract,minimize,log10(uM),0.7191438674926758,1.6306260824203491,0.9114822149276733,-0.9114822149276733,true,902ad51bf9349be798a7cf3f0bd9279c1daa2d03509c334b752e855a4af5c63d
vegfa,15af3b229184fc29fcb820672484e05f0114b4ef517e57ef6b3a2f120ab1a188,controlled_crossover,a8897459955c378397701441e794ae713577110ebe637afeeaff11b2e26fc2e5,donor_parent,dc6b9e097fdbb1cebc638561775ba07debfd2bcbae4b1e7dbb9a3812c90d1dda,macrel_amp_probability,numeric,true,same_frozen_numeric_contract,maximize,probability,0.535,0.327,-0.20800000000000002,-0.20800000000000002,true,35832c4bf4488286dd4b9e77ffd450a978f200db597a01ac70975537612478f9
vegfa,15af3b229184fc29fcb820672484e05f0114b4ef517e57ef6b3a2f120ab1a188,controlled_crossover,a8897459955c378397701441e794ae713577110ebe637afeeaff11b2e26fc2e5,donor_parent,dc6b9e097fdbb1cebc638561775ba07debfd2bcbae4b1e7dbb9a3812c90d1dda,macrel_hemolysis_label,categorical,true,same_frozen_label_contract,audit,label,low,low,,,false,5f9ecf223b8a452d76a0664912a0a3567c657da085435f6de733b40fa1a1bca0
vegfa,15af3b229184fc29fcb820672484e05f0114b4ef517e57ef6b3a2f120ab1a188,controlled_crossover,a8897459955c378397701441e794ae713577110ebe637afeeaff11b2e26fc2e5,donor_parent,dc6b9e097fdbb1cebc638561775ba07debfd2bcbae4b1e7dbb9a3812c90d1dda,macrel_hemolysis_probability,numeric,true,same_frozen_numeric_contract,minimize,probability,0.386,0.356,-0.030000000000000027,0.030000000000000027,true,ccee57f9b303614e6ddac640d71202e0eba7b26db3582846c84dba017f5451ff
vegfa,15af3b229184fc29fcb820672484e05f0114b4ef517e57ef6b3a2f120ab1a188,controlled_crossover,a8897459955c378397701441e794ae713577110ebe637afeeaff11b2e26fc2e5,donor_parent,dc6b9e097fdbb1cebc638561775ba07debfd2bcbae4b1e7dbb9a3812c90d1dda,maximum_hydrophobic_run,numeric,true,same_frozen_numeric_contract,minimize,residues,2.0,1.0,-1.0,1.0,true,0bc0c06301aa9d1a14b109b74c1caf5c902469d2ace4a3319cb4c9e4bda87de0
vegfa,15af3b229184fc29fcb820672484e05f0114b4ef517e57ef6b3a2f120ab1a188,controlled_crossover,a8897459955c378397701441e794ae713577110ebe637afeeaff11b2e26fc2e5,donor_parent,dc6b9e097fdbb1cebc638561775ba07debfd2bcbae4b1e7dbb9a3812c90d1dda,net_charge_ph7_4,numeric,false,audit_metric_has_no_monotonic_improvement_direction,audit,elementary_charge,9.152,7.111,-2.0409999999999995,,true,a47801a7094c44e0c74100153c7429edc580b3b4a1a802452a95ddb3bf89f934
vegfa,15af3b229184fc29fcb820672484e05f0114b4ef517e57ef6b3a2f120ab1a188,controlled_crossover,a8897459955c378397701441e794ae713577110ebe637afeeaff11b2e26fc2e5,donor_parent,dc6b9e097fdbb1cebc638561775ba07debfd2bcbae4b1e7dbb9a3812c90d1dda,toxinpred3_hybrid_score,numeric,true,same_frozen_numeric_contract,minimize,dimensionless,0.015,0.0,-0.015,0.015,true,439d955df89029f8657167cc1186ffa606de237ec27ae3d417cd473b383732ea
vegfa,15af3b229184fc29fcb820672484e05f0114b4ef517e57ef6b3a2f120ab1a188,controlled_crossover,a8897459955c378397701441e794ae713577110ebe637afeeaff11b2e26fc2e5,donor_parent,dc6b9e097fdbb1cebc638561775ba07debfd2bcbae4b1e7dbb9a3812c90d1dda,toxinpred3_label,categorical,true,same_frozen_label_contract,audit,label,Non-Toxin,Non-Toxin,,,false,6e54a7bd03d46fa06c61e0d3549d82111d3e5861d62207e4d0da6e84570e474c
vegfa,26cc085a3bf2f5059f9d7739e8b764d621c01c119de5a7901b851842bde3b4b2,de_novo,8bcc0d40f0b62c7dc178b637cfd4357cce1e7bd65f508e1040d05cf728665471,none,,amp_read_log10_mic_um,numeric,false,de_novo_has_no_biological_parent,,,,1.225681645654602,,,,6efba6ddb3c0e7a8374e1055827d0f7c287fa35e9570be0a4400973211dbbb4a
vegfa,26cc085a3bf2f5059f9d7739e8b764d621c01c119de5a7901b851842bde3b4b2,de_novo,8bcc0d40f0b62c7dc178b637cfd4357cce1e7bd65f508e1040d05cf728665471,none,,guruprasad_instability_index,numeric,false,de_novo_has_no_biological_parent,,,,19.235000,,,,ddcb558652220bcb60d691c700b41e463365c68baa83e49ede69195014daaa87
vegfa,26cc085a3bf2f5059f9d7739e8b764d621c01c119de5a7901b851842bde3b4b2,de_novo,8bcc0d40f0b62c7dc178b637cfd4357cce1e7bd65f508e1040d05cf728665471,none,,hydrophobic_moment_eisenberg,numeric,false,de_novo_has_no_biological_parent,,,,0.5978328009416685,,,,dfa7e800f5384d68ea8897d09b850eba6d9fcd912fb721ae7c87a958d1acca6e
vegfa,26cc085a3bf2f5059f9d7739e8b764d621c01c119de5a7901b851842bde3b4b2,de_novo,8bcc0d40f0b62c7dc178b637cfd4357cce1e7bd65f508e1040d05cf728665471,none,,hydrophobic_ratio_modlamp,numeric,false,de_novo_has_no_biological_parent,,,,0.15,,,,006224d1bdd500d9a1db977b8a254ac2b1b913e8822eb18d5980f0d6d3ec1e73
vegfa,26cc085a3bf2f5059f9d7739e8b764d621c01c119de5a7901b851842bde3b4b2,de_novo,8bcc0d40f0b62c7dc178b637cfd4357cce1e7bd65f508e1040d05cf728665471,none,,llamp_log10_mic_um,numeric,false,de_novo_has_no_biological_parent,,,,0.8334126472473145,,,,c87ddb1cc156cfb4001c972b36da805d54365c889615efe67d465af14bb1a72d
vegfa,26cc085a3bf2f5059f9d7739e8b764d621c01c119de5a7901b851842bde3b4b2,de_novo,8bcc0d40f0b62c7dc178b637cfd4357cce1e7bd65f508e1040d05cf728665471,none,,macrel_amp_probability,numeric,false,de_novo_has_no_biological_parent,,,,0.406,,,,166cfb8911d9c6d8790a44c57ccd3553f833abc3df3550cbb29db4b5371025b5
vegfa,26cc085a3bf2f5059f9d7739e8b764d621c01c119de5a7901b851842bde3b4b2,de_novo,8bcc0d40f0b62c7dc178b637cfd4357cce1e7bd65f508e1040d05cf728665471,none,,macrel_hemolysis_label,categorical,false,de_novo_has_no_biological_parent,,,,high,,,,c9c9782e3eae992b5e948b19c572e5cd1e3168c473a20aa3d762d49c135a5a94
vegfa,26cc085a3bf2f5059f9d7739e8b764d621c01c119de5a7901b851842bde3b4b2,de_novo,8bcc0d40f0b62c7dc178b637cfd4357cce1e7bd65f508e1040d05cf728665471,none,,macrel_hemolysis_probability,numeric,false,de_novo_has_no_biological_parent,,,,0.713,,,,55d611f2a706fc6f060d84f8f6d6fafcb88efabd10aec378dad523df5c6870df
vegfa,26cc085a3bf2f5059f9d7739e8b764d621c01c119de5a7901b851842bde3b4b2,de_novo,8bcc0d40f0b62c7dc178b637cfd4357cce1e7bd65f508e1040d05cf728665471,none,,maximum_hydrophobic_run,numeric,false,de_novo_has_no_biological_parent,,,,2,,,,e48aed07b481eb4943e5dabb895cd02f9bd714c71f2881609124f8b45cc1052d
vegfa,26cc085a3bf2f5059f9d7739e8b764d621c01c119de5a7901b851842bde3b4b2,de_novo,8bcc0d40f0b62c7dc178b637cfd4357cce1e7bd65f508e1040d05cf728665471,none,,net_charge_ph7_4,numeric,false,de_novo_has_no_biological_parent,,,,9.154,,,,419847ad4e1a1054d86d4ec788e715db9f8a1cfd17ac567cc9b8677e70836c07
vegfa,26cc085a3bf2f5059f9d7739e8b764d621c01c119de5a7901b851842bde3b4b2,de_novo,8bcc0d40f0b62c7dc178b637cfd4357cce1e7bd65f508e1040d05cf728665471,none,,toxinpred3_hybrid_score,numeric,false,de_novo_has_no_biological_parent,,,,0.555,,,,61c655455dbc358aaa3f005f26656940439bc6364e6a6ce0d0292d202cad7ca1
vegfa,26cc085a3bf2f5059f9d7739e8b764d621c01c119de5a7901b851842bde3b4b2,de_novo,8bcc0d40f0b62c7dc178b637cfd4357cce1e7bd65f508e1040d05cf728665471,none,,toxinpred3_label,categorical,false,de_novo_has_no_biological_parent,,,,Toxin,,,,74788be070ada44c2a02cff9b0096ea59654e357a835a1367fc4ebdf91b60fec
vegfa,dbd52154e5ce935f199da2245c1c4412e3e5738abd8dc2115e5a4293bc4eb624,de_novo,cb53e806d589cdbf17dac06d328d320cd234ef8d0cdbc24b53d77c7246ef3dd0,none,,amp_read_log10_mic_um,numeric,false,de_novo_has_no_biological_parent,,,,1.0761039977290534,,,,84e3843d970f8b61de606fb8c24c09a41fa48e4aed688b060b4a76c5fbb82f2b
vegfa,dbd52154e5ce935f199da2245c1c4412e3e5738abd8dc2115e5a4293bc4eb624,de_novo,cb53e806d589cdbf17dac06d328d320cd234ef8d0cdbc24b53d77c7246ef3dd0,none,,guruprasad_instability_index,numeric,false,de_novo_has_no_biological_parent,,,,-2.961905,,,,13f40e1868b6381e0360ed286f0ccbda463726fce99525d6980704c975346630
vegfa,dbd52154e5ce935f199da2245c1c4412e3e5738abd8dc2115e5a4293bc4eb624,de_novo,cb53e806d589cdbf17dac06d328d320cd234ef8d0cdbc24b53d77c7246ef3dd0,none,,hydrophobic_moment_eisenberg,numeric,false,de_novo_has_no_biological_parent,,,,0.07725203394455901,,,,872580b998b820116b0f7653bd748265d4efdd9c36237e84f1f34ed2b76237ae
vegfa,dbd52154e5ce935f199da2245c1c4412e3e5738abd8dc2115e5a4293bc4eb624,de_novo,cb53e806d589cdbf17dac06d328d320cd234ef8d0cdbc24b53d77c7246ef3dd0,none,,hydrophobic_ratio_modlamp,numeric,false,de_novo_has_no_biological_parent,,,,0.09523809523809523,,,,9450cc56a33868a0dfca2ee12d25957e01f2a3284cc2d605cadaea676c91f9e5
vegfa,dbd52154e5ce935f199da2245c1c4412e3e5738abd8dc2115e5a4293bc4eb624,de_novo,cb53e806d589cdbf17dac06d328d320cd234ef8d0cdbc24b53d77c7246ef3dd0,none,,llamp_log10_mic_um,numeric,false,de_novo_has_no_biological_parent,,,,1.0802680253982544,,,,d9cb98bc275c86a13b036d004b80879381c041b7c922be1aa39262b8dd0e5176
vegfa,dbd52154e5ce935f199da2245c1c4412e3e5738abd8dc2115e5a4293bc4eb624,de_novo,cb53e806d589cdbf17dac06d328d320cd234ef8d0cdbc24b53d77c7246ef3dd0,none,,macrel_amp_probability,numeric,false,de_novo_has_no_biological_parent,,,,0.391,,,,a3798f1e336b13186324ecabaab0242bd55bce025932a47861ba4cf15a651bf2
vegfa,dbd52154e5ce935f199da2245c1c4412e3e5738abd8dc2115e5a4293bc4eb624,de_novo,cb53e806d589cdbf17dac06d328d320cd234ef8d0cdbc24b53d77c7246ef3dd0,none,,macrel_hemolysis_label,categorical,false,de_novo_has_no_biological_parent,,,,high,,,,b56bcaf6df4ea9c3fbcc8dcced0db64633f21242fffe8aacb32bb91da175c059
vegfa,dbd52154e5ce935f199da2245c1c4412e3e5738abd8dc2115e5a4293bc4eb624,de_novo,cb53e806d589cdbf17dac06d328d320cd234ef8d0cdbc24b53d77c7246ef3dd0,none,,macrel_hemolysis_probability,numeric,false,de_novo_has_no_biological_parent,,,,0.713,,,,0164c809e5e0231557944b0555c543ad556fcd1357b79210cccf972b1056fea9
vegfa,dbd52154e5ce935f199da2245c1c4412e3e5738abd8dc2115e5a4293bc4eb624,de_novo,cb53e806d589cdbf17dac06d328d320cd234ef8d0cdbc24b53d77c7246ef3dd0,none,,maximum_hydrophobic_run,numeric,false,de_novo_has_no_biological_parent,,,,1,,,,576f28c8fe057caa2ea67d6d884b7b18039f8344fc8346da88ee5dc60af3ebbd
vegfa,dbd52154e5ce935f199da2245c1c4412e3e5738abd8dc2115e5a4293bc4eb624,de_novo,cb53e806d589cdbf17dac06d328d320cd234ef8d0cdbc24b53d77c7246ef3dd0,none,,net_charge_ph7_4,numeric,false,de_novo_has_no_biological_parent,,,,9.153,,,,15dcfd5aa80b1f39ed6feb4e8e8fb85a45204649fa5f0eb07ad04fc67dd05e28
vegfa,dbd52154e5ce935f199da2245c1c4412e3e5738abd8dc2115e5a4293bc4eb624,de_novo,cb53e806d589cdbf17dac06d328d320cd234ef8d0cdbc24b53d77c7246ef3dd0,none,,toxinpred3_hybrid_score,numeric,false,de_novo_has_no_biological_parent,,,,0.65,,,,c6b6a0accd3c3500c57de8df766ce7d059114b4ea1e8573c2b0c93138a1730a0
vegfa,dbd52154e5ce935f199da2245c1c4412e3e5738abd8dc2115e5a4293bc4eb624,de_novo,cb53e806d589cdbf17dac06d328d320cd234ef8d0cdbc24b53d77c7246ef3dd0,none,,toxinpred3_label,categorical,false,de_novo_has_no_biological_parent,,,,Toxin,,,,bde4b7fba130a91a3bf41a591d09e74dc4e9c84a3d3855c66af0bfc199e331c3
vegfa,3170805beb121842702a6f3f92d3c0abd0e9b63dab8b34d2fcc8ce31b577acc8,masked_substitution,1f15ac678922642a6f36c15db34b1f4bb0a4b70b09e19cfe073573e5524f5488,primary_parent,02e6e8a9041d1f5e02ded66ace7f1bf8353933cb460554f7d6d4f7827ee851e3,amp_read_log10_mic_um,numeric,true,same_frozen_numeric_contract,minimize,log10(uM),0.8502392420270765,1.027110713724853,0.1768714716977765,-0.1768714716977765,true,a2b1a6fefb8f76ab90f34fce843b818ab55f4d469d243b767464ce8713f4e9e3
vegfa,3170805beb121842702a6f3f92d3c0abd0e9b63dab8b34d2fcc8ce31b577acc8,masked_substitution,1f15ac678922642a6f36c15db34b1f4bb0a4b70b09e19cfe073573e5524f5488,primary_parent,02e6e8a9041d1f5e02ded66ace7f1bf8353933cb460554f7d6d4f7827ee851e3,guruprasad_instability_index,numeric,true,same_frozen_numeric_contract,minimize,index,-9.308695652173913,-9.308696,-3.478260861555782e-07,3.478260861555782e-07,true,64bfc2f801bb75d508700fb81d157551e790383872f543f63becb4b0f3306f54
vegfa,3170805beb121842702a6f3f92d3c0abd0e9b63dab8b34d2fcc8ce31b577acc8,masked_substitution,1f15ac678922642a6f36c15db34b1f4bb0a4b70b09e19cfe073573e5524f5488,primary_parent,02e6e8a9041d1f5e02ded66ace7f1bf8353933cb460554f7d6d4f7827ee851e3,hydrophobic_moment_eisenberg,numeric,false,audit_metric_has_no_monotonic_improvement_direction,audit,dimensionless,0.14056582796750103,0.15703450243591185,0.016468674468410827,,true,bec4b1c778878146433b50212de138668f857f6055466b13f713e22db2be0bae
vegfa,3170805beb121842702a6f3f92d3c0abd0e9b63dab8b34d2fcc8ce31b577acc8,masked_substitution,1f15ac678922642a6f36c15db34b1f4bb0a4b70b09e19cfe073573e5524f5488,primary_parent,02e6e8a9041d1f5e02ded66ace7f1bf8353933cb460554f7d6d4f7827ee851e3,hydrophobic_ratio_modlamp,numeric,false,audit_metric_has_no_monotonic_improvement_direction,audit,fraction,0.2608695652173913,0.21739130434782608,-0.043478260869565216,,true,5e418cf6f30681bab72fdddb6e8ee432182a7d1fc92d630e10190fe4b7dec017
vegfa,3170805beb121842702a6f3f92d3c0abd0e9b63dab8b34d2fcc8ce31b577acc8,masked_substitution,1f15ac678922642a6f36c15db34b1f4bb0a4b70b09e19cfe073573e5524f5488,primary_parent,02e6e8a9041d1f5e02ded66ace7f1bf8353933cb460554f7d6d4f7827ee851e3,llamp_log10_mic_um,numeric,true,same_frozen_numeric_contract,minimize,log10(uM),1.3610467910766602,1.3757131099700928,0.014666318893432617,-0.014666318893432617,true,5466faa01d385703cd777c642672a03dc7268b8858f2c02852e727de6c876e6e
vegfa,3170805beb121842702a6f3f92d3c0abd0e9b63dab8b34d2fcc8ce31b577acc8,masked_substitution,1f15ac678922642a6f36c15db34b1f4bb0a4b70b09e19cfe073573e5524f5488,primary_parent,02e6e8a9041d1f5e02ded66ace7f1bf8353933cb460554f7d6d4f7827ee851e3,macrel_amp_probability,numeric,true,same_frozen_numeric_contract,maximize,probability,0.584,0.495,-0.08899999999999997,-0.08899999999999997,true,16fecd955a9a6b8bf8ed547b988e1182e4da9d220d631bdd88dee768db6c377c
vegfa,3170805beb121842702a6f3f92d3c0abd0e9b63dab8b34d2fcc8ce31b577acc8,masked_substitution,1f15ac678922642a6f36c15db34b1f4bb0a4b70b09e19cfe073573e5524f5488,primary_parent,02e6e8a9041d1f5e02ded66ace7f1bf8353933cb460554f7d6d4f7827ee851e3,macrel_hemolysis_label,categorical,true,same_frozen_label_contract,audit,label,low,low,,,false,180ad27a22d4017e12bff72a810184e891ec3baa3310db6391b650089ac3ed3b
vegfa,3170805beb121842702a6f3f92d3c0abd0e9b63dab8b34d2fcc8ce31b577acc8,masked_substitution,1f15ac678922642a6f36c15db34b1f4bb0a4b70b09e19cfe073573e5524f5488,primary_parent,02e6e8a9041d1f5e02ded66ace7f1bf8353933cb460554f7d6d4f7827ee851e3,macrel_hemolysis_probability,numeric,true,same_frozen_numeric_contract,minimize,probability,0.465,0.406,-0.059,0.059,true,a7058261e14d1de26905abeae8d659ba7a8d1b9a5805bb04ae677394794e2122
vegfa,3170805beb121842702a6f3f92d3c0abd0e9b63dab8b34d2fcc8ce31b577acc8,masked_substitution,1f15ac678922642a6f36c15db34b1f4bb0a4b70b09e19cfe073573e5524f5488,primary_parent,02e6e8a9041d1f5e02ded66ace7f1bf8353933cb460554f7d6d4f7827ee851e3,maximum_hydrophobic_run,numeric,true,same_frozen_numeric_contract,minimize,residues,2.0,2.0,0.0,-0.0,false,21f0e89f550d0aeb58044e4ac126524ceff4d0da55be66532c8c8d6030429c47
vegfa,3170805beb121842702a6f3f92d3c0abd0e9b63dab8b34d2fcc8ce31b577acc8,masked_substitution,1f15ac678922642a6f36c15db34b1f4bb0a4b70b09e19cfe073573e5524f5488,primary_parent,02e6e8a9041d1f5e02ded66ace7f1bf8353933cb460554f7d6d4f7827ee851e3,net_charge_ph7_4,numeric,false,audit_metric_has_no_monotonic_improvement_direction,audit,elementary_charge,6.112,6.112,0.0,,false,a39cc82fb21c66524ae0e9aaa024f097c1fdec0a97dd2554e3aaf701c5dcc0c7
vegfa,3170805beb121842702a6f3f92d3c0abd0e9b63dab8b34d2fcc8ce31b577acc8,masked_substitution,1f15ac678922642a6f36c15db34b1f4bb0a4b70b09e19cfe073573e5524f5488,primary_parent,02e6e8a9041d1f5e02ded66ace7f1bf8353933cb460554f7d6d4f7827ee851e3,toxinpred3_hybrid_score,numeric,true,same_frozen_numeric_contract,minimize,dimensionless,0.0,0.0,0.0,-0.0,false,67e570936524d9e66f25ccbe6b022bf64dcff33090ad6268578b60a16685b4d7
vegfa,3170805beb121842702a6f3f92d3c0abd0e9b63dab8b34d2fcc8ce31b577acc8,masked_substitution,1f15ac678922642a6f36c15db34b1f4bb0a4b70b09e19cfe073573e5524f5488,primary_parent,02e6e8a9041d1f5e02ded66ace7f1bf8353933cb460554f7d6d4f7827ee851e3,toxinpred3_label,categorical,true,same_frozen_label_contract,audit,label,Non-Toxin,Non-Toxin,,,false,54350f91c1c2adeb89235024656a233095d5315e4f2504024332d5822543d19d
vegfa,89e60faaedaf6c57ddb3c3704187565e5d99939e211778b3e2acbaf38858e268,controlled_crossover,04b0574cf070ef8fa3376d2f320e53eae56513bbd2e83f6b2d707bac08024443,primary_parent,326a106c88dceeff349ae23f8a910ce9d7f2f0e0a20423612ef139f2708fc062,amp_read_log10_mic_um,numeric,true,same_frozen_numeric_contract,minimize,log10(uM),0.9142859873928338,1.4869710361844337,0.5726850487915999,-0.5726850487915999,true,6b05d98f5885cadc45a8ff8ed5080d1e206d07cffecb9a233fbf34f71409360f
vegfa,89e60faaedaf6c57ddb3c3704187565e5d99939e211778b3e2acbaf38858e268,controlled_crossover,04b0574cf070ef8fa3376d2f320e53eae56513bbd2e83f6b2d707bac08024443,primary_parent,326a106c88dceeff349ae23f8a910ce9d7f2f0e0a20423612ef139f2708fc062,guruprasad_instability_index,numeric,true,same_frozen_numeric_contract,minimize,index,-9.308695652173913,-10.9,-1.591304347826087,1.591304347826087,true,d89fea86385c87eff73902225fa24aba0c0fd5c9bb55fdc43b3a0d0f714121aa
vegfa,89e60faaedaf6c57ddb3c3704187565e5d99939e211778b3e2acbaf38858e268,controlled_crossover,04b0574cf070ef8fa3376d2f320e53eae56513bbd2e83f6b2d707bac08024443,primary_parent,326a106c88dceeff349ae23f8a910ce9d7f2f0e0a20423612ef139f2708fc062,hydrophobic_moment_eisenberg,numeric,false,audit_metric_has_no_monotonic_improvement_direction,audit,dimensionless,0.23742481892806272,0.11778053024601703,-0.11964428868204569,,true,25bd1b681aefac1366598a1b048b275ce0a02dea480c29f33a2b71a81e0c123b
vegfa,89e60faaedaf6c57ddb3c3704187565e5d99939e211778b3e2acbaf38858e268,controlled_crossover,04b0574cf070ef8fa3376d2f320e53eae56513bbd2e83f6b2d707bac08024443,primary_parent,326a106c88dceeff349ae23f8a910ce9d7f2f0e0a20423612ef139f2708fc062,hydrophobic_ratio_modlamp,numeric,false,audit_metric_has_no_monotonic_improvement_direction,audit,fraction,0.21739130434782608,0.08695652173913043,-0.13043478260869565,,true,079e9676c4e596319be68404cdc5091ea67e24ee277c370c6f88a4bfb8cfbcc5
vegfa,89e60faaedaf6c57ddb3c3704187565e5d99939e211778b3e2acbaf38858e268,controlled_crossover,04b0574cf070ef8fa3376d2f320e53eae56513bbd2e83f6b2d707bac08024443,primary_parent,326a106c88dceeff349ae23f8a910ce9d7f2f0e0a20423612ef139f2708fc062,llamp_log10_mic_um,numeric,true,same_frozen_numeric_contract,minimize,log10(uM),1.3610366582870483,1.9719618558883667,0.6109251976013184,-0.6109251976013184,true,d27a2b92ac4d9d1b4f3c458b77b27d7909efcb077fcb4f58be23c81ecc882183
vegfa,89e60faaedaf6c57ddb3c3704187565e5d99939e211778b3e2acbaf38858e268,controlled_crossover,04b0574cf070ef8fa3376d2f320e53eae56513bbd2e83f6b2d707bac08024443,primary_parent,326a106c88dceeff349ae23f8a910ce9d7f2f0e0a20423612ef139f2708fc062,macrel_amp_probability,numeric,true,same_frozen_numeric_contract,maximize,probability,0.525,0.356,-0.16900000000000004,-0.16900000000000004,true,f88784035afe3d232fe7d2a784f19c8ca40854987d39dd86a1e2907c5250705e
vegfa,89e60faaedaf6c57ddb3c3704187565e5d99939e211778b3e2acbaf38858e268,controlled_crossover,04b0574cf070ef8fa3376d2f320e53eae56513bbd2e83f6b2d707bac08024443,primary_parent,326a106c88dceeff349ae23f8a910ce9d7f2f0e0a20423612ef139f2708fc062,macrel_hemolysis_label,categorical,true,same_frozen_label_contract,audit,label,low,low,,,false,124b977d163061393b716c390d42dfcd696a856d28da4be1acf8fcc20a2a1f08
vegfa,89e60faaedaf6c57ddb3c3704187565e5d99939e211778b3e2acbaf38858e268,controlled_crossover,04b0574cf070ef8fa3376d2f320e53eae56513bbd2e83f6b2d707bac08024443,primary_parent,326a106c88dceeff349ae23f8a910ce9d7f2f0e0a20423612ef139f2708fc062,macrel_hemolysis_probability,numeric,true,same_frozen_numeric_contract,minimize,probability,0.455,0.277,-0.178,0.178,true,5aa9324e6eebb8d22144337a89df3b3ca29190bcd09e195f9a0453c6bb28ab0e
vegfa,89e60faaedaf6c57ddb3c3704187565e5d99939e211778b3e2acbaf38858e268,controlled_crossover,04b0574cf070ef8fa3376d2f320e53eae56513bbd2e83f6b2d707bac08024443,primary_parent,326a106c88dceeff349ae23f8a910ce9d7f2f0e0a20423612ef139f2708fc062,maximum_hydrophobic_run,numeric,true,same_frozen_numeric_contract,minimize,residues,2.0,1.0,-1.0,1.0,true,516f6afd33931c42ec3b15ff8960510ec92a8a0bce324cb52d03c4ec37ad8b57
vegfa,89e60faaedaf6c57ddb3c3704187565e5d99939e211778b3e2acbaf38858e268,controlled_crossover,04b0574cf070ef8fa3376d2f320e53eae56513bbd2e83f6b2d707bac08024443,primary_parent,326a106c88dceeff349ae23f8a910ce9d7f2f0e0a20423612ef139f2708fc062,net_charge_ph7_4,numeric,false,audit_metric_has_no_monotonic_improvement_direction,audit,elementary_charge,7.07,7.069,-0.001000000000000334,,true,74fcf08e812574dd2c5c9582b112dbda980ea0143e990139a8d15f4b86e4ce9b
vegfa,89e60faaedaf6c57ddb3c3704187565e5d99939e211778b3e2acbaf38858e268,controlled_crossover,04b0574cf070ef8fa3376d2f320e53eae56513bbd2e83f6b2d707bac08024443,primary_parent,326a106c88dceeff349ae23f8a910ce9d7f2f0e0a20423612ef139f2708fc062,toxinpred3_hybrid_score,numeric,true,same_frozen_numeric_contract,minimize,dimensionless,0.0,0.0,0.0,-0.0,false,a8ffca7b0d097832a77f68d81bd39f6072a273b9ea3204c8ea1e3464c14fa3f4
vegfa,89e60faaedaf6c57ddb3c3704187565e5d99939e211778b3e2acbaf38858e268,controlled_crossover,04b0574cf070ef8fa3376d2f320e53eae56513bbd2e83f6b2d707bac08024443,primary_parent,326a106c88dceeff349ae23f8a910ce9d7f2f0e0a20423612ef139f2708fc062,toxinpred3_label,categorical,true,same_frozen_label_contract,audit,label,Non-Toxin,Non-Toxin,,,false,a4bc4c8e57748cbcf8b6212f45c7714ae1d8563943c3075e44551b4234a38424
vegfa,89e60faaedaf6c57ddb3c3704187565e5d99939e211778b3e2acbaf38858e268,controlled_crossover,04b0574cf070ef8fa3376d2f320e53eae56513bbd2e83f6b2d707bac08024443,donor_parent,dc6b9e097fdbb1cebc638561775ba07debfd2bcbae4b1e7dbb9a3812c90d1dda,amp_read_log10_mic_um,numeric,true,same_frozen_numeric_contract,minimize,log10(uM),1.4326805721868476,1.4869710361844337,0.05429046399758608,-0.05429046399758608,true,d7a8444cbfba2edf729e50ac47fa28bc0e16feeb9161c18b8edb5c81ef62c26d
vegfa,89e60faaedaf6c57ddb3c3704187565e5d99939e211778b3e2acbaf38858e268,controlled_crossover,04b0574cf070ef8fa3376d2f320e53eae56513bbd2e83f6b2d707bac08024443,donor_parent,dc6b9e097fdbb1cebc638561775ba07debfd2bcbae4b1e7dbb9a3812c90d1dda,guruprasad_instability_index,numeric,true,same_frozen_numeric_contract,minimize,index,8.988461538461536,-10.9,-19.888461538461534,19.888461538461534,true,1fd186b4f6beb9db2225aa48611a7f765b58aeaddff97f24dddfe76c85bfe41d
vegfa,89e60faaedaf6c57ddb3c3704187565e5d99939e211778b3e2acbaf38858e268,controlled_crossover,04b0574cf070ef8fa3376d2f320e53eae56513bbd2e83f6b2d707bac08024443,donor_parent,dc6b9e097fdbb1cebc638561775ba07debfd2bcbae4b1e7dbb9a3812c90d1dda,hydrophobic_moment_eisenberg,numeric,false,audit_metric_has_no_monotonic_improvement_direction,audit,dimensionless,0.05669057760399849,0.11778053024601703,0.061089952642018545,,true,7e88a1466ee78b32c55d1b6d4dffac4a3a91982cc75bb82a802a5d942cdd59df
vegfa,89e60faaedaf6c57ddb3c3704187565e5d99939e211778b3e2acbaf38858e268,controlled_crossover,04b0574cf070ef8fa3376d2f320e53eae56513bbd2e83f6b2d707bac08024443,donor_parent,dc6b9e097fdbb1cebc638561775ba07debfd2bcbae4b1e7dbb9a3812c90d1dda,hydrophobic_ratio_modlamp,numeric,false,audit_metric_has_no_monotonic_improvement_direction,audit,fraction,0.07692307692307693,0.08695652173913043,0.010033444816053505,,true,b9d0fb50cab66323f7cfc1894ee1309973de6b1931380b50ca9bcc832db9f888
vegfa,89e60faaedaf6c57ddb3c3704187565e5d99939e211778b3e2acbaf38858e268,controlled_crossover,04b0574cf070ef8fa3376d2f320e53eae56513bbd2e83f6b2d707bac08024443,donor_parent,dc6b9e097fdbb1cebc638561775ba07debfd2bcbae4b1e7dbb9a3812c90d1dda,llamp_log10_mic_um,numeric,true,same_frozen_numeric_contract,minimize,log10(uM),0.7191438674926758,1.9719618558883667,1.252817988395691,-1.252817988395691,true,d719bd29358dce8c4c886eb746a268dd343330ea3555388fb981f4422e07dd43
vegfa,89e60faaedaf6c57ddb3c3704187565e5d99939e211778b3e2acbaf38858e268,controlled_crossover,04b0574cf070ef8fa3376d2f320e53eae56513bbd2e83f6b2d707bac08024443,donor_parent,dc6b9e097fdbb1cebc638561775ba07debfd2bcbae4b1e7dbb9a3812c90d1dda,macrel_amp_probability,numeric,true,same_frozen_numeric_contract,maximize,probability,0.535,0.356,-0.17900000000000005,-0.17900000000000005,true,52799036323b358c8b383b8fa4a0d35f3e7ca912351cb3ef18e725fcba149e76
vegfa,89e60faaedaf6c57ddb3c3704187565e5d99939e211778b3e2acbaf38858e268,controlled_crossover,04b0574cf070ef8fa3376d2f320e53eae56513bbd2e83f6b2d707bac08024443,donor_parent,dc6b9e097fdbb1cebc638561775ba07debfd2bcbae4b1e7dbb9a3812c90d1dda,macrel_hemolysis_label,categorical,true,same_frozen_label_contract,audit,label,low,low,,,false,cc8a3aa7d2b031dc8c60f76e70b51b24cb1451d6b7d1dda6e1dd966e07d37307
vegfa,89e60faaedaf6c57ddb3c3704187565e5d99939e211778b3e2acbaf38858e268,controlled_crossover,04b0574cf070ef8fa3376d2f320e53eae56513bbd2e83f6b2d707bac08024443,donor_parent,dc6b9e097fdbb1cebc638561775ba07debfd2bcbae4b1e7dbb9a3812c90d1dda,macrel_hemolysis_probability,numeric,true,same_frozen_numeric_contract,minimize,probability,0.386,0.277,-0.10899999999999999,0.10899999999999999,true,0c9b8427b3ace380b7f448027c66d916691b45e5240419c50eff3d27e603362b
vegfa,89e60faaedaf6c57ddb3c3704187565e5d99939e211778b3e2acbaf38858e268,controlled_crossover,04b0574cf070ef8fa3376d2f320e53eae56513bbd2e83f6b2d707bac08024443,donor_parent,dc6b9e097fdbb1cebc638561775ba07debfd2bcbae4b1e7dbb9a3812c90d1dda,maximum_hydrophobic_run,numeric,true,same_frozen_numeric_contract,minimize,residues,2.0,1.0,-1.0,1.0,true,884752df2980b44eac6e8d4343935bdbcea566423d4dac8c40636facc49a5d8c
vegfa,89e60faaedaf6c57ddb3c3704187565e5d99939e211778b3e2acbaf38858e268,controlled_crossover,04b0574cf070ef8fa3376d2f320e53eae56513bbd2e83f6b2d707bac08024443,donor_parent,dc6b9e097fdbb1cebc638561775ba07debfd2bcbae4b1e7dbb9a3812c90d1dda,net_charge_ph7_4,numeric,false,audit_metric_has_no_monotonic_improvement_direction,audit,elementary_charge,9.152,7.069,-2.0829999999999993,,true,6183afabb00a9ffabfd50e6b9aa02e0ebf7b6a7cd8f0f494b6cb3ca01fd04751
vegfa,89e60faaedaf6c57ddb3c3704187565e5d99939e211778b3e2acbaf38858e268,controlled_crossover,04b0574cf070ef8fa3376d2f320e53eae56513bbd2e83f6b2d707bac08024443,donor_parent,dc6b9e097fdbb1cebc638561775ba07debfd2bcbae4b1e7dbb9a3812c90d1dda,toxinpred3_hybrid_score,numeric,true,same_frozen_numeric_contract,minimize,dimensionless,0.015,0.0,-0.015,0.015,true,a45fac2979c234fac2bd95c803dff1e35b56a414624df7fb91926463af2d11b4
vegfa,89e60faaedaf6c57ddb3c3704187565e5d99939e211778b3e2acbaf38858e268,controlled_crossover,04b0574cf070ef8fa3376d2f320e53eae56513bbd2e83f6b2d707bac08024443,donor_parent,dc6b9e097fdbb1cebc638561775ba07debfd2bcbae4b1e7dbb9a3812c90d1dda,toxinpred3_label,categorical,true,same_frozen_label_contract,audit,label,Non-Toxin,Non-Toxin,,,false,21dcac609911901015075abe4c7f4b99842978415aa7f181d70d3a60399647bc
vegfa,b33d85adef4d0b8ed4d9be464b0fe56bbf76990a038b53dee07534c7c7508388,de_novo,46bd54abcb22186b091fd7f68b294fab2aef5a85465576f2dc71e0bf809044f0,none,,amp_read_log10_mic_um,numeric,false,de_novo_has_no_biological_parent,,,,2.35695546961697,,,,eb7a7e009b5303847eb3545e2e2afdc19ddcb0c51e6e2b7e846988f52b08144e
vegfa,b33d85adef4d0b8ed4d9be464b0fe56bbf76990a038b53dee07534c7c7508388,de_novo,46bd54abcb22186b091fd7f68b294fab2aef5a85465576f2dc71e0bf809044f0,none,,guruprasad_instability_index,numeric,false,de_novo_has_no_biological_parent,,,,7.757143,,,,5bbfff903dcab84cbd0f438a4d30e0ba699c86c31298b0322e43b9da473a8bb9
vegfa,b33d85adef4d0b8ed4d9be464b0fe56bbf76990a038b53dee07534c7c7508388,de_novo,46bd54abcb22186b091fd7f68b294fab2aef5a85465576f2dc71e0bf809044f0,none,,hydrophobic_moment_eisenberg,numeric,false,de_novo_has_no_biological_parent,,,,0.1701475418426869,,,,f36d39f57ccd27d7e3790adf28a0bd5ea485ce983cc440ac11c23b2d71e8bc2b
vegfa,b33d85adef4d0b8ed4d9be464b0fe56bbf76990a038b53dee07534c7c7508388,de_novo,46bd54abcb22186b091fd7f68b294fab2aef5a85465576f2dc71e0bf809044f0,none,,hydrophobic_ratio_modlamp,numeric,false,de_novo_has_no_biological_parent,,,,0.0,,,,9d04898354c75cf6230475d368075e8b0b3b23f2cf569d1cd4dccc58f3105540
vegfa,b33d85adef4d0b8ed4d9be464b0fe56bbf76990a038b53dee07534c7c7508388,de_novo,46bd54abcb22186b091fd7f68b294fab2aef5a85465576f2dc71e0bf809044f0,none,,llamp_log10_mic_um,numeric,false,de_novo_has_no_biological_parent,,,,1.5068591833114624,,,,fa263922e5132074531e28fc8a1e4bda6ef903ae97166e00ab15e01d5aaea9db
vegfa,b33d85adef4d0b8ed4d9be464b0fe56bbf76990a038b53dee07534c7c7508388,de_novo,46bd54abcb22186b091fd7f68b294fab2aef5a85465576f2dc71e0bf809044f0,none,,macrel_amp_probability,numeric,false,de_novo_has_no_biological_parent,,,,0.376,,,,db22bbe9b55ee18bc6fad7ef502dbc30fc727eddabe686ed3fa5781c312b5bee
vegfa,b33d85adef4d0b8ed4d9be464b0fe56bbf76990a038b53dee07534c7c7508388,de_novo,46bd54abcb22186b091fd7f68b294fab2aef5a85465576f2dc71e0bf809044f0,none,,macrel_hemolysis_label,categorical,false,de_novo_has_no_biological_parent,,,,low,,,,79a5063d8cb297d8b1b01aa0730acd735c2b71a019aa4e70fa64bf028f8f8bf3
vegfa,b33d85adef4d0b8ed4d9be464b0fe56bbf76990a038b53dee07534c7c7508388,de_novo,46bd54abcb22186b091fd7f68b294fab2aef5a85465576f2dc71e0bf809044f0,none,,macrel_hemolysis_probability,numeric,false,de_novo_has_no_biological_parent,,,,0.396,,,,196824ce82c522fa585adc4426d47b0e9bd693aad1b969fda0361bb44fe7e07f
vegfa,b33d85adef4d0b8ed4d9be464b0fe56bbf76990a038b53dee07534c7c7508388,de_novo,46bd54abcb22186b091fd7f68b294fab2aef5a85465576f2dc71e0bf809044f0,none,,maximum_hydrophobic_run,numeric,false,de_novo_has_no_biological_parent,,,,0,,,,b499c447f9c9952a5240712e38b75422ae5183bd49b1a7a8c656a98b47081c6e
vegfa,b33d85adef4d0b8ed4d9be464b0fe56bbf76990a038b53dee07534c7c7508388,de_novo,46bd54abcb22186b091fd7f68b294fab2aef5a85465576f2dc71e0bf809044f0,none,,net_charge_ph7_4,numeric,false,de_novo_has_no_biological_parent,,,,8.07,,,,ad933aa625ec559fc97da8a015a5b7cbea8d6d24faee3de1318366b3a54f19b7
vegfa,b33d85adef4d0b8ed4d9be464b0fe56bbf76990a038b53dee07534c7c7508388,de_novo,46bd54abcb22186b091fd7f68b294fab2aef5a85465576f2dc71e0bf809044f0,none,,toxinpred3_hybrid_score,numeric,false,de_novo_has_no_biological_parent,,,,0.245,,,,c115a37bd94a9de4059fdf2df56c430113d0eca830892766b7188fbf73672c30
vegfa,b33d85adef4d0b8ed4d9be464b0fe56bbf76990a038b53dee07534c7c7508388,de_novo,46bd54abcb22186b091fd7f68b294fab2aef5a85465576f2dc71e0bf809044f0,none,,toxinpred3_label,categorical,false,de_novo_has_no_biological_parent,,,,Non-Toxin,,,,f85dbcc35694f08809d111ffbf6411ede57f0b48d9e08582b80e474045d3f5bb
vegfa,6dbcdda15f846ba2f257cd52d2b54a5e09324c2a9881b88b8894774a5e98ddf1,de_novo,3cd022b9bb6454f9a5e274d7f9db8de0bbd8133cd1a9610bd22b8443bd1c2746,none,,amp_read_log10_mic_um,numeric,false,de_novo_has_no_biological_parent,,,,2.2098575187225675,,,,9615075dfd05cad8cc56c5c201d24df3f1be7e2a0f4745b75ee36ea622d477b5
vegfa,6dbcdda15f846ba2f257cd52d2b54a5e09324c2a9881b88b8894774a5e98ddf1,de_novo,3cd022b9bb6454f9a5e274d7f9db8de0bbd8133cd1a9610bd22b8443bd1c2746,none,,guruprasad_instability_index,numeric,false,de_novo_has_no_biological_parent,,,,36.775000,,,,8cac46b2a1d728440e77d5932367644b683d0222e55e90a650ef76fe1fcf9a5f
vegfa,6dbcdda15f846ba2f257cd52d2b54a5e09324c2a9881b88b8894774a5e98ddf1,de_novo,3cd022b9bb6454f9a5e274d7f9db8de0bbd8133cd1a9610bd22b8443bd1c2746,none,,hydrophobic_moment_eisenberg,numeric,false,de_novo_has_no_biological_parent,,,,0.364363752770615,,,,d5444f1865f361e5981c1517dd87478f65e60a8f479d4d368c61e4292dc3d1b6
vegfa,6dbcdda15f846ba2f257cd52d2b54a5e09324c2a9881b88b8894774a5e98ddf1,de_novo,3cd022b9bb6454f9a5e274d7f9db8de0bbd8133cd1a9610bd22b8443bd1c2746,none,,hydrophobic_ratio_modlamp,numeric,false,de_novo_has_no_biological_parent,,,,0.08333333333333333,,,,ebc4070099050c15e2f19723a578df9dea52a3d86923cf433326de460dbbb4f2
vegfa,6dbcdda15f846ba2f257cd52d2b54a5e09324c2a9881b88b8894774a5e98ddf1,de_novo,3cd022b9bb6454f9a5e274d7f9db8de0bbd8133cd1a9610bd22b8443bd1c2746,none,,llamp_log10_mic_um,numeric,false,de_novo_has_no_biological_parent,,,,1.7371906042099,,,,6918df8027121520cd040c195ba6a78b574fde00a3e959132143f7b10bca48c2
vegfa,6dbcdda15f846ba2f257cd52d2b54a5e09324c2a9881b88b8894774a5e98ddf1,de_novo,3cd022b9bb6454f9a5e274d7f9db8de0bbd8133cd1a9610bd22b8443bd1c2746,none,,macrel_amp_probability,numeric,false,de_novo_has_no_biological_parent,,,,0.198,,,,226f9fa389f78a987f7c19d873d9e905f8e9b8a0fd978400d523184ffb01ec23
vegfa,6dbcdda15f846ba2f257cd52d2b54a5e09324c2a9881b88b8894774a5e98ddf1,de_novo,3cd022b9bb6454f9a5e274d7f9db8de0bbd8133cd1a9610bd22b8443bd1c2746,none,,macrel_hemolysis_label,categorical,false,de_novo_has_no_biological_parent,,,,low,,,,17c944b0016a7085486f9b180f08e9bbc79a4488feea83b3100fb27c0f1ff820
vegfa,6dbcdda15f846ba2f257cd52d2b54a5e09324c2a9881b88b8894774a5e98ddf1,de_novo,3cd022b9bb6454f9a5e274d7f9db8de0bbd8133cd1a9610bd22b8443bd1c2746,none,,macrel_hemolysis_probability,numeric,false,de_novo_has_no_biological_parent,,,,0.287,,,,1cf96bb621a869f0b1acc021ecda99415fabe3b0ae773969518b75fabe5b29b1
vegfa,6dbcdda15f846ba2f257cd52d2b54a5e09324c2a9881b88b8894774a5e98ddf1,de_novo,3cd022b9bb6454f9a5e274d7f9db8de0bbd8133cd1a9610bd22b8443bd1c2746,none,,maximum_hydrophobic_run,numeric,false,de_novo_has_no_biological_parent,,,,1,,,,e6fe939624c243a45f0d3cbba47d2d6eaa52ff03d7622e47d43fdab42f8de6bd
vegfa,6dbcdda15f846ba2f257cd52d2b54a5e09324c2a9881b88b8894774a5e98ddf1,de_novo,3cd022b9bb6454f9a5e274d7f9db8de0bbd8133cd1a9610bd22b8443bd1c2746,none,,net_charge_ph7_4,numeric,false,de_novo_has_no_biological_parent,,,,6.112,,,,08393ceec57d0a44c0b9c1467c99782b0b657caf7b40ecc63c20908417ae9e10
vegfa,6dbcdda15f846ba2f257cd52d2b54a5e09324c2a9881b88b8894774a5e98ddf1,de_novo,3cd022b9bb6454f9a5e274d7f9db8de0bbd8133cd1a9610bd22b8443bd1c2746,none,,toxinpred3_hybrid_score,numeric,false,de_novo_has_no_biological_parent,,,,0.24,,,,f14c73521aeb6a037d69b4cc9b95cf79dc95880b4920defdca52276ada9efb19
vegfa,6dbcdda15f846ba2f257cd52d2b54a5e09324c2a9881b88b8894774a5e98ddf1,de_novo,3cd022b9bb6454f9a5e274d7f9db8de0bbd8133cd1a9610bd22b8443bd1c2746,none,,toxinpred3_label,categorical,false,de_novo_has_no_biological_parent,,,,Non-Toxin,,,,b6bb44d7b6f0801660643e7d090bb3d9b69e3a63f2583dea75ab2b1397dc8da8
vegfa,072cb87e2d1491c770449c842e69499b33c635bb97dda047a2668c510f9f3bdd,masked_substitution,d292e990e9190972b6dbffe09fe862ad76fb1733a7d4c9153bf497c5e5b45471,primary_parent,02e6e8a9041d1f5e02ded66ace7f1bf8353933cb460554f7d6d4f7827ee851e3,amp_read_log10_mic_um,numeric,true,same_frozen_numeric_contract,minimize,log10(uM),0.8502392420270765,0.9430588092011106,0.09281956717403417,-0.09281956717403417,true,e73575ccafcf95bae175890760c280a836e7e3b391bbfefd594e4002b4a42b71
vegfa,072cb87e2d1491c770449c842e69499b33c635bb97dda047a2668c510f9f3bdd,masked_substitution,d292e990e9190972b6dbffe09fe862ad76fb1733a7d4c9153bf497c5e5b45471,primary_parent,02e6e8a9041d1f5e02ded66ace7f1bf8353933cb460554f7d6d4f7827ee851e3,guruprasad_instability_index,numeric,true,same_frozen_numeric_contract,minimize,index,-9.308695652173913,-9.308696,-3.478260861555782e-07,3.478260861555782e-07,true,560d8373caeb7ee45bf281ea5317fb38098154421a9ba5593d3e18a6373bee03
vegfa,072cb87e2d1491c770449c842e69499b33c635bb97dda047a2668c510f9f3bdd,masked_substitution,d292e990e9190972b6dbffe09fe862ad76fb1733a7d4c9153bf497c5e5b45471,primary_parent,02e6e8a9041d1f5e02ded66ace7f1bf8353933cb460554f7d6d4f7827ee851e3,hydrophobic_moment_eisenberg,numeric,false,audit_metric_has_no_monotonic_improvement_direction,audit,dimensionless,0.14056582796750103,0.17232237179804305,0.03175654383054202,,true,204e06289700fc4893e24ca59d41d39c560a0209f87959da93df7a069be4438e
vegfa,072cb87e2d1491c770449c842e69499b33c635bb97dda047a2668c510f9f3bdd,masked_substitution,d292e990e9190972b6dbffe09fe862ad76fb1733a7d4c9153bf497c5e5b45471,primary_parent,02e6e8a9041d1f5e02ded66ace7f1bf8353933cb460554f7d6d4f7827ee851e3,hydrophobic_ratio_modlamp,numeric,false,audit_metric_has_no_monotonic_improvement_direction,audit,fraction,0.2608695652173913,0.21739130434782608,-0.043478260869565216,,true,7a7c515472011c20f70dc98af112948ce023817699a06c41fdfd4f3d92391240
vegfa,072cb87e2d1491c770449c842e69499b33c635bb97dda047a2668c510f9f3bdd,masked_substitution,d292e990e9190972b6dbffe09fe862ad76fb1733a7d4c9153bf497c5e5b45471,primary_parent,02e6e8a9041d1f5e02ded66ace7f1bf8353933cb460554f7d6d4f7827ee851e3,llamp_log10_mic_um,numeric,true,same_frozen_numeric_contract,minimize,log10(uM),1.3610467910766602,1.5203763246536255,0.15932953357696533,-0.15932953357696533,true,51b3b6a4b463cbef9c7f37b026d8509d2aee60ec1968d3df91585241a35fb102
vegfa,072cb87e2d1491c770449c842e69499b33c635bb97dda047a2668c510f9f3bdd,masked_substitution,d292e990e9190972b6dbffe09fe862ad76fb1733a7d4c9153bf497c5e5b45471,primary_parent,02e6e8a9041d1f5e02ded66ace7f1bf8353933cb460554f7d6d4f7827ee851e3,macrel_amp_probability,numeric,true,same_frozen_numeric_contract,maximize,probability,0.584,0.455,-0.12899999999999995,-0.12899999999999995,true,2eae3272a506df37b0a3b9e604c7fa83f540efd85558f540bfe201ea615a9a84
vegfa,072cb87e2d1491c770449c842e69499b33c635bb97dda047a2668c510f9f3bdd,masked_substitution,d292e990e9190972b6dbffe09fe862ad76fb1733a7d4c9153bf497c5e5b45471,primary_parent,02e6e8a9041d1f5e02ded66ace7f1bf8353933cb460554f7d6d4f7827ee851e3,macrel_hemolysis_label,categorical,true,same_frozen_label_contract,audit,label,low,low,,,false,4878e0c99b3c0a79770b841ce5ce7838ca94f203c8f3d8f1865edd76ddec3f27
vegfa,072cb87e2d1491c770449c842e69499b33c635bb97dda047a2668c510f9f3bdd,masked_substitution,d292e990e9190972b6dbffe09fe862ad76fb1733a7d4c9153bf497c5e5b45471,primary_parent,02e6e8a9041d1f5e02ded66ace7f1bf8353933cb460554f7d6d4f7827ee851e3,macrel_hemolysis_probability,numeric,true,same_frozen_numeric_contract,minimize,probability,0.465,0.386,-0.07900000000000001,0.07900000000000001,true,2fdc67a6175e180c6927eaf34046fe8a7b971408fe2a0fe2d89661d6160ccbc7
vegfa,072cb87e2d1491c770449c842e69499b33c635bb97dda047a2668c510f9f3bdd,masked_substitution,d292e990e9190972b6dbffe09fe862ad76fb1733a7d4c9153bf497c5e5b45471,primary_parent,02e6e8a9041d1f5e02ded66ace7f1bf8353933cb460554f7d6d4f7827ee851e3,maximum_hydrophobic_run,numeric,true,same_frozen_numeric_contract,minimize,residues,2.0,2.0,0.0,-0.0,false,94663aba22b993df1d407c035bc6915837109f48e6295d81f83ef08c3bac71a6
vegfa,072cb87e2d1491c770449c842e69499b33c635bb97dda047a2668c510f9f3bdd,masked_substitution,d292e990e9190972b6dbffe09fe862ad76fb1733a7d4c9153bf497c5e5b45471,primary_parent,02e6e8a9041d1f5e02ded66ace7f1bf8353933cb460554f7d6d4f7827ee851e3,net_charge_ph7_4,numeric,false,audit_metric_has_no_monotonic_improvement_direction,audit,elementary_charge,6.112,6.112,0.0,,false,07f33f97c30a1703a0d761ca814ffab42a9936adc76c36caf41b0379c2306b6e
vegfa,072cb87e2d1491c770449c842e69499b33c635bb97dda047a2668c510f9f3bdd,masked_substitution,d292e990e9190972b6dbffe09fe862ad76fb1733a7d4c9153bf497c5e5b45471,primary_parent,02e6e8a9041d1f5e02ded66ace7f1bf8353933cb460554f7d6d4f7827ee851e3,toxinpred3_hybrid_score,numeric,true,same_frozen_numeric_contract,minimize,dimensionless,0.0,0.0,0.0,-0.0,false,9ad749eacff1534865fc6d718e3b284b50139164a303c045fc888d9872a72cd8
vegfa,072cb87e2d1491c770449c842e69499b33c635bb97dda047a2668c510f9f3bdd,masked_substitution,d292e990e9190972b6dbffe09fe862ad76fb1733a7d4c9153bf497c5e5b45471,primary_parent,02e6e8a9041d1f5e02ded66ace7f1bf8353933cb460554f7d6d4f7827ee851e3,toxinpred3_label,categorical,true,same_frozen_label_contract,audit,label,Non-Toxin,Non-Toxin,,,false,26d8ecb0a1944f90b0d2200200c00c98337ca8f330a7056a166f2599f171979d
vegfa,1289ab5bcfbbef83edf1d790b62e268ccac92664e5aaef879f7068c36c53240d,controlled_crossover,60651c910e51a59ca0751dd249ffb9acf039369431fa9c520fa714ad75c128ac,primary_parent,4a494dc82b2e48f2ac0de7e54d2668f279ad7a1d5b4954c45d22e161d246d03a,amp_read_log10_mic_um,numeric,true,same_frozen_numeric_contract,minimize,log10(uM),1.203926168329643,1.4091381049409126,0.20521193661126969,-0.20521193661126969,true,070e6fa3005a598dac25951eec5b0e2812fa5d980900d659bfac710d599f03fd
vegfa,1289ab5bcfbbef83edf1d790b62e268ccac92664e5aaef879f7068c36c53240d,controlled_crossover,60651c910e51a59ca0751dd249ffb9acf039369431fa9c520fa714ad75c128ac,primary_parent,4a494dc82b2e48f2ac0de7e54d2668f279ad7a1d5b4954c45d22e161d246d03a,guruprasad_instability_index,numeric,true,same_frozen_numeric_contract,minimize,index,-8.056521739130433,-10.495652,-2.4391302608695664,2.4391302608695664,true,b928a718cb6020327d0b003bfb4351e3073ed3e2e0b4f6fcf0d11a646a21f701
vegfa,1289ab5bcfbbef83edf1d790b62e268ccac92664e5aaef879f7068c36c53240d,controlled_crossover,60651c910e51a59ca0751dd249ffb9acf039369431fa9c520fa714ad75c128ac,primary_parent,4a494dc82b2e48f2ac0de7e54d2668f279ad7a1d5b4954c45d22e161d246d03a,hydrophobic_moment_eisenberg,numeric,false,audit_metric_has_no_monotonic_improvement_direction,audit,dimensionless,0.31609609858914106,0.1606746256306563,-0.15542147295848477,,true,b0608e615e1679eda448be9116bcdff36f0d4b39f188819b3b96bf5c24152e59
vegfa,1289ab5bcfbbef83edf1d790b62e268ccac92664e5aaef879f7068c36c53240d,controlled_crossover,60651c910e51a59ca0751dd249ffb9acf039369431fa9c520fa714ad75c128ac,primary_parent,4a494dc82b2e48f2ac0de7e54d2668f279ad7a1d5b4954c45d22e161d246d03a,hydrophobic_ratio_modlamp,numeric,false,audit_metric_has_no_monotonic_improvement_direction,audit,fraction,0.21739130434782608,0.08695652173913043,-0.13043478260869565,,true,c86eefb499dac556b00edfa92359b2c44f0de90647a36a7e1e31b169dd5469ff
vegfa,1289ab5bcfbbef83edf1d790b62e268ccac92664e5aaef879f7068c36c53240d,controlled_crossover,60651c910e51a59ca0751dd249ffb9acf039369431fa9c520fa714ad75c128ac,primary_parent,4a494dc82b2e48f2ac0de7e54d2668f279ad7a1d5b4954c45d22e161d246d03a,llamp_log10_mic_um,numeric,true,same_frozen_numeric_contract,minimize,log10(uM),1.1515740156173706,1.750383973121643,0.5988099575042725,-0.5988099575042725,true,3053c3e60d5f67d764d1d3c3de98bf64c46c9dcad254e4cbb046fa9c93b07697
vegfa,1289ab5bcfbbef83edf1d790b62e268ccac92664e5aaef879f7068c36c53240d,controlled_crossover,60651c910e51a59ca0751dd249ffb9acf039369431fa9c520fa714ad75c128ac,primary_parent,4a494dc82b2e48f2ac0de7e54d2668f279ad7a1d5b4954c45d22e161d246d03a,macrel_amp_probability,numeric,true,same_frozen_numeric_contract,maximize,probability,0.58,0.396,-0.18399999999999994,-0.18399999999999994,true,615860f2e495e089ab6f7dc07944a2a6e7498a9059e7c8aa3b2a718fc7cedb50
vegfa,1289ab5bcfbbef83edf1d790b62e268ccac92664e5aaef879f7068c36c53240d,controlled_crossover,60651c910e51a59ca0751dd249ffb9acf039369431fa9c520fa714ad75c128ac,primary_parent,4a494dc82b2e48f2ac0de7e54d2668f279ad7a1d5b4954c45d22e161d246d03a,macrel_hemolysis_label,categorical,true,same_frozen_label_contract,audit,label,low,low,,,false,363bdd928c1221aa6f3d92a86d50ad3358e9a2011ee2aa6b5bee258c896dd405
vegfa,1289ab5bcfbbef83edf1d790b62e268ccac92664e5aaef879f7068c36c53240d,controlled_crossover,60651c910e51a59ca0751dd249ffb9acf039369431fa9c520fa714ad75c128ac,primary_parent,4a494dc82b2e48f2ac0de7e54d2668f279ad7a1d5b4954c45d22e161d246d03a,macrel_hemolysis_probability,numeric,true,same_frozen_numeric_contract,minimize,probability,0.485,0.307,-0.178,0.178,true,a14636c8b40e2485a48b660a3df3b5833804e8b84b606ee4dc2362ccdd693c23
vegfa,1289ab5bcfbbef83edf1d790b62e268ccac92664e5aaef879f7068c36c53240d,controlled_crossover,60651c910e51a59ca0751dd249ffb9acf039369431fa9c520fa714ad75c128ac,primary_parent,4a494dc82b2e48f2ac0de7e54d2668f279ad7a1d5b4954c45d22e161d246d03a,maximum_hydrophobic_run,numeric,true,same_frozen_numeric_contract,minimize,residues,2.0,1.0,-1.0,1.0,true,74c76f1ad27031b7eb37d578d5354593f2d963f52c06e8862975a6b23dc463a6
vegfa,1289ab5bcfbbef83edf1d790b62e268ccac92664e5aaef879f7068c36c53240d,controlled_crossover,60651c910e51a59ca0751dd249ffb9acf039369431fa9c520fa714ad75c128ac,primary_parent,4a494dc82b2e48f2ac0de7e54d2668f279ad7a1d5b4954c45d22e161d246d03a,net_charge_ph7_4,numeric,false,audit_metric_has_no_monotonic_improvement_direction,audit,elementary_charge,6.112,7.112,1.0,,true,98980322c2b36347710b6ee02955c7ec27cc2c7a7fbf03ec4b653a727cf06fec
vegfa,1289ab5bcfbbef83edf1d790b62e268ccac92664e5aaef879f7068c36c53240d,controlled_crossover,60651c910e51a59ca0751dd249ffb9acf039369431fa9c520fa714ad75c128ac,primary_parent,4a494dc82b2e48f2ac0de7e54d2668f279ad7a1d5b4954c45d22e161d246d03a,toxinpred3_hybrid_score,numeric,true,same_frozen_numeric_contract,minimize,dimensionless,0.0,0.315,0.315,-0.315,true,c8d3a777fc7ebfc3acf9b9cfe77ca719aad259b1c365eb7cc6387705f96001a6
vegfa,1289ab5bcfbbef83edf1d790b62e268ccac92664e5aaef879f7068c36c53240d,controlled_crossover,60651c910e51a59ca0751dd249ffb9acf039369431fa9c520fa714ad75c128ac,primary_parent,4a494dc82b2e48f2ac0de7e54d2668f279ad7a1d5b4954c45d22e161d246d03a,toxinpred3_label,categorical,true,same_frozen_label_contract,audit,label,Non-Toxin,Non-Toxin,,,false,1ada870e332e6414d7904d43b13e14b70c059c899a33a68798c018c21122ea77
vegfa,1289ab5bcfbbef83edf1d790b62e268ccac92664e5aaef879f7068c36c53240d,controlled_crossover,60651c910e51a59ca0751dd249ffb9acf039369431fa9c520fa714ad75c128ac,donor_parent,dc6b9e097fdbb1cebc638561775ba07debfd2bcbae4b1e7dbb9a3812c90d1dda,amp_read_log10_mic_um,numeric,true,same_frozen_numeric_contract,minimize,log10(uM),1.4326805721868476,1.4091381049409126,-0.023542467245935006,0.023542467245935006,true,ab255200f1225bff397b2a69d1ce113dc24fa9459618214c00b1a7069f3ca0c5
vegfa,1289ab5bcfbbef83edf1d790b62e268ccac92664e5aaef879f7068c36c53240d,controlled_crossover,60651c910e51a59ca0751dd249ffb9acf039369431fa9c520fa714ad75c128ac,donor_parent,dc6b9e097fdbb1cebc638561775ba07debfd2bcbae4b1e7dbb9a3812c90d1dda,guruprasad_instability_index,numeric,true,same_frozen_numeric_contract,minimize,index,8.988461538461536,-10.495652,-19.484113538461536,19.484113538461536,true,ce33d6864b6498c04c546f2c058af04e28072d2d7c51b82f25567bc7c7892d4b
vegfa,1289ab5bcfbbef83edf1d790b62e268ccac92664e5aaef879f7068c36c53240d,controlled_crossover,60651c910e51a59ca0751dd249ffb9acf039369431fa9c520fa714ad75c128ac,donor_parent,dc6b9e097fdbb1cebc638561775ba07debfd2bcbae4b1e7dbb9a3812c90d1dda,hydrophobic_moment_eisenberg,numeric,false,audit_metric_has_no_monotonic_improvement_direction,audit,dimensionless,0.05669057760399849,0.1606746256306563,0.10398404802665781,,true,f1833d09176791536c9e473e530895a6ff9b304a8ea44c1581d0471001eba559
vegfa,1289ab5bcfbbef83edf1d790b62e268ccac92664e5aaef879f7068c36c53240d,controlled_crossover,60651c910e51a59ca0751dd249ffb9acf039369431fa9c520fa714ad75c128ac,donor_parent,dc6b9e097fdbb1cebc638561775ba07debfd2bcbae4b1e7dbb9a3812c90d1dda,hydrophobic_ratio_modlamp,numeric,false,audit_metric_has_no_monotonic_improvement_direction,audit,fraction,0.07692307692307693,0.08695652173913043,0.010033444816053505,,true,dace9996ae7fb4c4e5d81d236ac008d4d0365f06495dc8cdf2b9e0a632acd582
vegfa,1289ab5bcfbbef83edf1d790b62e268ccac92664e5aaef879f7068c36c53240d,controlled_crossover,60651c910e51a59ca0751dd249ffb9acf039369431fa9c520fa714ad75c128ac,donor_parent,dc6b9e097fdbb1cebc638561775ba07debfd2bcbae4b1e7dbb9a3812c90d1dda,llamp_log10_mic_um,numeric,true,same_frozen_numeric_contract,minimize,log10(uM),0.7191438674926758,1.750383973121643,1.0312401056289673,-1.0312401056289673,true,00125aaa4232439fc9268a418394a752ab9e2c0fee1a704c8bc38e32bfae6168
vegfa,1289ab5bcfbbef83edf1d790b62e268ccac92664e5aaef879f7068c36c53240d,controlled_crossover,60651c910e51a59ca0751dd249ffb9acf039369431fa9c520fa714ad75c128ac,donor_parent,dc6b9e097fdbb1cebc638561775ba07debfd2bcbae4b1e7dbb9a3812c90d1dda,macrel_amp_probability,numeric,true,same_frozen_numeric_contract,maximize,probability,0.535,0.396,-0.139,-0.139,true,5545eb1a6dccb7b28b4392863cf3e2407c559067ac78aff45c463ce75f309b84
vegfa,1289ab5bcfbbef83edf1d790b62e268ccac92664e5aaef879f7068c36c53240d,controlled_crossover,60651c910e51a59ca0751dd249ffb9acf039369431fa9c520fa714ad75c128ac,donor_parent,dc6b9e097fdbb1cebc638561775ba07debfd2bcbae4b1e7dbb9a3812c90d1dda,macrel_hemolysis_label,categorical,true,same_frozen_label_contract,audit,label,low,low,,,false,e00a110ebb918cba73c57b02137aadfbebe8ed1fb796d4cf75425e239b051171
vegfa,1289ab5bcfbbef83edf1d790b62e268ccac92664e5aaef879f7068c36c53240d,controlled_crossover,60651c910e51a59ca0751dd249ffb9acf039369431fa9c520fa714ad75c128ac,donor_parent,dc6b9e097fdbb1cebc638561775ba07debfd2bcbae4b1e7dbb9a3812c90d1dda,macrel_hemolysis_probability,numeric,true,same_frozen_numeric_contract,minimize,probability,0.386,0.307,-0.07900000000000001,0.07900000000000001,true,4475cc2d247d321ede23d13ee2f68b668a7423dfee559efd145a22e9545bd678
vegfa,1289ab5bcfbbef83edf1d790b62e268ccac92664e5aaef879f7068c36c53240d,controlled_crossover,60651c910e51a59ca0751dd249ffb9acf039369431fa9c520fa714ad75c128ac,donor_parent,dc6b9e097fdbb1cebc638561775ba07debfd2bcbae4b1e7dbb9a3812c90d1dda,maximum_hydrophobic_run,numeric,true,same_frozen_numeric_contract,minimize,residues,2.0,1.0,-1.0,1.0,true,708e6e451c61a1c11b46f0b3fa4ad030d5c64653ab32e7810e707ac3aa30e603
vegfa,1289ab5bcfbbef83edf1d790b62e268ccac92664e5aaef879f7068c36c53240d,controlled_crossover,60651c910e51a59ca0751dd249ffb9acf039369431fa9c520fa714ad75c128ac,donor_parent,dc6b9e097fdbb1cebc638561775ba07debfd2bcbae4b1e7dbb9a3812c90d1dda,net_charge_ph7_4,numeric,false,audit_metric_has_no_monotonic_improvement_direction,audit,elementary_charge,9.152,7.112,-2.039999999999999,,true,8f84e77382d0e9f50f833bb2c8247365ce6377c793616eb92a7cc32ab346e753
vegfa,1289ab5bcfbbef83edf1d790b62e268ccac92664e5aaef879f7068c36c53240d,controlled_crossover,60651c910e51a59ca0751dd249ffb9acf039369431fa9c520fa714ad75c128ac,donor_parent,dc6b9e097fdbb1cebc638561775ba07debfd2bcbae4b1e7dbb9a3812c90d1dda,toxinpred3_hybrid_score,numeric,true,same_frozen_numeric_contract,minimize,dimensionless,0.015,0.315,0.3,-0.3,true,22ab8e89c73dfd1661bcbff7ddaebf24f8a147f8716a94844b36952a8c2c7e91
vegfa,1289ab5bcfbbef83edf1d790b62e268ccac92664e5aaef879f7068c36c53240d,controlled_crossover,60651c910e51a59ca0751dd249ffb9acf039369431fa9c520fa714ad75c128ac,donor_parent,dc6b9e097fdbb1cebc638561775ba07debfd2bcbae4b1e7dbb9a3812c90d1dda,toxinpred3_label,categorical,true,same_frozen_label_contract,audit,label,Non-Toxin,Non-Toxin,,,false,4f95fe628a12da1f0a672141c0b1e4b2bb0ab6c65fb393d7443668e1c3d0bf5a
vegfa,c348cc64a26a3a6a617956150fa24aaab3438f0bb9fae8a3ba493ad9a1c8bd54,de_novo,010e5eabf8843541ebf11adf3c0289b1529357438ef4aa87b93980caa54bf8b5,none,,amp_read_log10_mic_um,numeric,false,de_novo_has_no_biological_parent,,,,1.6877615393303347,,,,f71b511c39c773f1fccd3be45950e7784f8299f8273375415b7708dc5fb819a3
vegfa,c348cc64a26a3a6a617956150fa24aaab3438f0bb9fae8a3ba493ad9a1c8bd54,de_novo,010e5eabf8843541ebf11adf3c0289b1529357438ef4aa87b93980caa54bf8b5,none,,guruprasad_instability_index,numeric,false,de_novo_has_no_biological_parent,,,,35.781818,,,,d1343432e67c707038026bf75a2b162f6aa27d7fdaf9ebe6f7acc70fb041f191
vegfa,c348cc64a26a3a6a617956150fa24aaab3438f0bb9fae8a3ba493ad9a1c8bd54,de_novo,010e5eabf8843541ebf11adf3c0289b1529357438ef4aa87b93980caa54bf8b5,none,,hydrophobic_moment_eisenberg,numeric,false,de_novo_has_no_biological_parent,,,,0.3289460168616683,,,,2000a90f1fc16183bc3a36812b288472f09308d45cb3832680f257f9cd4da289
vegfa,c348cc64a26a3a6a617956150fa24aaab3438f0bb9fae8a3ba493ad9a1c8bd54,de_novo,010e5eabf8843541ebf11adf3c0289b1529357438ef4aa87b93980caa54bf8b5,none,,hydrophobic_ratio_modlamp,numeric,false,de_novo_has_no_biological_parent,,,,0.09090909090909091,,,,25ce5a0f50168aa5b293ced9e4299fda11262fa695f0eacb2c1e3559e846b00e
vegfa,c348cc64a26a3a6a617956150fa24aaab3438f0bb9fae8a3ba493ad9a1c8bd54,de_novo,010e5eabf8843541ebf11adf3c0289b1529357438ef4aa87b93980caa54bf8b5,none,,llamp_log10_mic_um,numeric,false,de_novo_has_no_biological_parent,,,,1.1346869468688965,,,,5cee50d9933830fb1e407df129c7dcd8ec53b9f0a2471941c990051075b8e1ff
vegfa,c348cc64a26a3a6a617956150fa24aaab3438f0bb9fae8a3ba493ad9a1c8bd54,de_novo,010e5eabf8843541ebf11adf3c0289b1529357438ef4aa87b93980caa54bf8b5,none,,macrel_amp_probability,numeric,false,de_novo_has_no_biological_parent,,,,0.257,,,,4a232d4af4e1c5acc007ebaa53c2b1b4d8cee7a57fbfdcdbc55cd4f74a24d20f
vegfa,c348cc64a26a3a6a617956150fa24aaab3438f0bb9fae8a3ba493ad9a1c8bd54,de_novo,010e5eabf8843541ebf11adf3c0289b1529357438ef4aa87b93980caa54bf8b5,none,,macrel_hemolysis_label,categorical,false,de_novo_has_no_biological_parent,,,,high,,,,142a303fb30bbf038d6a99f95f75deae1e6a79a3883a638ceeec4aae9988bef8
vegfa,c348cc64a26a3a6a617956150fa24aaab3438f0bb9fae8a3ba493ad9a1c8bd54,de_novo,010e5eabf8843541ebf11adf3c0289b1529357438ef4aa87b93980caa54bf8b5,none,,macrel_hemolysis_probability,numeric,false,de_novo_has_no_biological_parent,,,,0.683,,,,c607cb371580ffba997b1605024116a84ce6f6214b5e4fda8ca626f8e56e039f
vegfa,c348cc64a26a3a6a617956150fa24aaab3438f0bb9fae8a3ba493ad9a1c8bd54,de_novo,010e5eabf8843541ebf11adf3c0289b1529357438ef4aa87b93980caa54bf8b5,none,,maximum_hydrophobic_run,numeric,false,de_novo_has_no_biological_parent,,,,1,,,,4334e3edbde5aaeef986059c780a6740cfcd4cc3a9c4f23090ef33183d8218b5
vegfa,c348cc64a26a3a6a617956150fa24aaab3438f0bb9fae8a3ba493ad9a1c8bd54,de_novo,010e5eabf8843541ebf11adf3c0289b1529357438ef4aa87b93980caa54bf8b5,none,,net_charge_ph7_4,numeric,false,de_novo_has_no_biological_parent,,,,16.025,,,,ccb479265313a5b895873e76ee42ec9daed4698afd957a6f9bc24bfda1d5cc9d
vegfa,c348cc64a26a3a6a617956150fa24aaab3438f0bb9fae8a3ba493ad9a1c8bd54,de_novo,010e5eabf8843541ebf11adf3c0289b1529357438ef4aa87b93980caa54bf8b5,none,,toxinpred3_hybrid_score,numeric,false,de_novo_has_no_biological_parent,,,,0.405,,,,c8d8435ce5f5dc4697a4e42b343a170e7a26517c6174db9192847e7dcd191f14
vegfa,c348cc64a26a3a6a617956150fa24aaab3438f0bb9fae8a3ba493ad9a1c8bd54,de_novo,010e5eabf8843541ebf11adf3c0289b1529357438ef4aa87b93980caa54bf8b5,none,,toxinpred3_label,categorical,false,de_novo_has_no_biological_parent,,,,Toxin,,,,2e5a28e6bed07d1537c9eb83c9f3061aa473ed840af9431518eddfbb4115e340
vegfa,53adbc57dbe9c670ad95c3868a1e1fe45c41a97e09baf4b5c8d3ee0461d5dcc7,de_novo,e35e20d76536a56a2e2257e295afa51157484b8b72dc9358f0666999496429a4,none,,amp_read_log10_mic_um,numeric,false,de_novo_has_no_biological_parent,,,,1.523856349455732,,,,b2aa062d6f2cc79cec26a671d615311ea975e3e5b1d679ec09f8d062184c229d
vegfa,53adbc57dbe9c670ad95c3868a1e1fe45c41a97e09baf4b5c8d3ee0461d5dcc7,de_novo,e35e20d76536a56a2e2257e295afa51157484b8b72dc9358f0666999496429a4,none,,guruprasad_instability_index,numeric,false,de_novo_has_no_biological_parent,,,,5.952381,,,,d947e936a60ad283335cb55a71d826113f9357a66877a20132fc5ef7c449f97f
vegfa,53adbc57dbe9c670ad95c3868a1e1fe45c41a97e09baf4b5c8d3ee0461d5dcc7,de_novo,e35e20d76536a56a2e2257e295afa51157484b8b72dc9358f0666999496429a4,none,,hydrophobic_moment_eisenberg,numeric,false,de_novo_has_no_biological_parent,,,,0.14449498021894575,,,,bc2aad28e19855cec9f8d550da7b8c353ebdb518edfa384ce24a8cab89a3b7ef
vegfa,53adbc57dbe9c670ad95c3868a1e1fe45c41a97e09baf4b5c8d3ee0461d5dcc7,de_novo,e35e20d76536a56a2e2257e295afa51157484b8b72dc9358f0666999496429a4,none,,hydrophobic_ratio_modlamp,numeric,false,de_novo_has_no_biological_parent,,,,0.2857142857142857,,,,29ca29fd048bbd9f31be1c07158a3fea3ab1607e51fb3fb18e76ca8ad05cea5c
vegfa,53adbc57dbe9c670ad95c3868a1e1fe45c41a97e09baf4b5c8d3ee0461d5dcc7,de_novo,e35e20d76536a56a2e2257e295afa51157484b8b72dc9358f0666999496429a4,none,,llamp_log10_mic_um,numeric,false,de_novo_has_no_biological_parent,,,,1.0667896270751953,,,,d44afef9b77942d9434763365e91938aec064be02b353128362bec57a849c969
vegfa,53adbc57dbe9c670ad95c3868a1e1fe45c41a97e09baf4b5c8d3ee0461d5dcc7,de_novo,e35e20d76536a56a2e2257e295afa51157484b8b72dc9358f0666999496429a4,none,,macrel_amp_probability,numeric,false,de_novo_has_no_biological_parent,,,,0.337,,,,aee34f4ec1cc94789c5106383c35e767ae250925891b7cf3d769eaa33e19b30e
vegfa,53adbc57dbe9c670ad95c3868a1e1fe45c41a97e09baf4b5c8d3ee0461d5dcc7,de_novo,e35e20d76536a56a2e2257e295afa51157484b8b72dc9358f0666999496429a4,none,,macrel_hemolysis_label,categorical,false,de_novo_has_no_biological_parent,,,,high,,,,86bf2f84db0938c96a488ef37f0184729794b9e1b821e02f7e3f93388ff539ef
vegfa,53adbc57dbe9c670ad95c3868a1e1fe45c41a97e09baf4b5c8d3ee0461d5dcc7,de_novo,e35e20d76536a56a2e2257e295afa51157484b8b72dc9358f0666999496429a4,none,,macrel_hemolysis_probability,numeric,false,de_novo_has_no_biological_parent,,,,0.614,,,,13b909cf610c606077db5e02b969f6ec9f1210869f2630b76d97cba561369b8c
vegfa,53adbc57dbe9c670ad95c3868a1e1fe45c41a97e09baf4b5c8d3ee0461d5dcc7,de_novo,e35e20d76536a56a2e2257e295afa51157484b8b72dc9358f0666999496429a4,none,,maximum_hydrophobic_run,numeric,false,de_novo_has_no_biological_parent,,,,2,,,,12408664de4adc8e61c73b929cf6dbee45258735738933e722629dee4dd94a04
vegfa,53adbc57dbe9c670ad95c3868a1e1fe45c41a97e09baf4b5c8d3ee0461d5dcc7,de_novo,e35e20d76536a56a2e2257e295afa51157484b8b72dc9358f0666999496429a4,none,,net_charge_ph7_4,numeric,false,de_novo_has_no_biological_parent,,,,9.027,,,,f2a6c0fa8c2e09c6d66afd7cc0bf488554ff4444d0a8864a76bff211121f5761
vegfa,53adbc57dbe9c670ad95c3868a1e1fe45c41a97e09baf4b5c8d3ee0461d5dcc7,de_novo,e35e20d76536a56a2e2257e295afa51157484b8b72dc9358f0666999496429a4,none,,toxinpred3_hybrid_score,numeric,false,de_novo_has_no_biological_parent,,,,0.03,,,,ed5247e0f34a0dfb7bf249ea8fdd73ee6224717510a8a03c5acbbc4f20af39ca
vegfa,53adbc57dbe9c670ad95c3868a1e1fe45c41a97e09baf4b5c8d3ee0461d5dcc7,de_novo,e35e20d76536a56a2e2257e295afa51157484b8b72dc9358f0666999496429a4,none,,toxinpred3_label,categorical,false,de_novo_has_no_biological_parent,,,,Non-Toxin,,,,642c92a3b5c963e23cc3db22e5662f9dbf2de5dd708634552b584d7bd43ee9a0
vegfa,9cd87031154053853cfc4d70eb6040dd7ec253ecc18d9d828a6cc4bd2ac76103,masked_substitution,1d8edd04559c5750b262a7c716dfb17b4c8671bc748f7f2cd5e80390418a80e7,primary_parent,02e6e8a9041d1f5e02ded66ace7f1bf8353933cb460554f7d6d4f7827ee851e3,amp_read_log10_mic_um,numeric,true,same_frozen_numeric_contract,minimize,log10(uM),0.8502392420270765,1.143298520260874,0.2930592782337976,-0.2930592782337976,true,deb374999e42c03c96623099592c6a94e853c03406ba7248f74077d72625226b
vegfa,9cd87031154053853cfc4d70eb6040dd7ec253ecc18d9d828a6cc4bd2ac76103,masked_substitution,1d8edd04559c5750b262a7c716dfb17b4c8671bc748f7f2cd5e80390418a80e7,primary_parent,02e6e8a9041d1f5e02ded66ace7f1bf8353933cb460554f7d6d4f7827ee851e3,guruprasad_instability_index,numeric,true,same_frozen_numeric_contract,minimize,index,-9.308695652173913,-8.056522,1.252173652173914,-1.252173652173914,true,baca7b4cf675fc58133109bdefd6ef6b0f6eb3e3e8023be6630e990e51735173
vegfa,9cd87031154053853cfc4d70eb6040dd7ec253ecc18d9d828a6cc4bd2ac76103,masked_substitution,1d8edd04559c5750b262a7c716dfb17b4c8671bc748f7f2cd5e80390418a80e7,primary_parent,02e6e8a9041d1f5e02ded66ace7f1bf8353933cb460554f7d6d4f7827ee851e3,hydrophobic_moment_eisenberg,numeric,false,audit_metric_has_no_monotonic_improvement_direction,audit,dimensionless,0.14056582796750103,0.08867933837125028,-0.05188648959625075,,true,735df0de09c15cefd2f6015887f09cbdef936813e1b9c727b74af91e1fa94418
vegfa,9cd87031154053853cfc4d70eb6040dd7ec253ecc18d9d828a6cc4bd2ac76103,masked_substitution,1d8edd04559c5750b262a7c716dfb17b4c8671bc748f7f2cd5e80390418a80e7,primary_parent,02e6e8a9041d1f5e02ded66ace7f1bf8353933cb460554f7d6d4f7827ee851e3,hydrophobic_ratio_modlamp,numeric,false,audit_metric_has_no_monotonic_improvement_direction,audit,fraction,0.2608695652173913,0.21739130434782608,-0.043478260869565216,,true,e34d7bef4ff52432063a4082c222d8f31925778e35736dbbedd0f3b42ed7403d
vegfa,9cd87031154053853cfc4d70eb6040dd7ec253ecc18d9d828a6cc4bd2ac76103,masked_substitution,1d8edd04559c5750b262a7c716dfb17b4c8671bc748f7f2cd5e80390418a80e7,primary_parent,02e6e8a9041d1f5e02ded66ace7f1bf8353933cb460554f7d6d4f7827ee851e3,llamp_log10_mic_um,numeric,true,same_frozen_numeric_contract,minimize,log10(uM),1.3610467910766602,1.5549721717834473,0.1939253807067871,-0.1939253807067871,true,af3c7d795e5c953716213e6515d26bb5256f99da7a012fb17d0d39bad7e1d141
vegfa,9cd87031154053853cfc4d70eb6040dd7ec253ecc18d9d828a6cc4bd2ac76103,masked_substitution,1d8edd04559c5750b262a7c716dfb17b4c8671bc748f7f2cd5e80390418a80e7,primary_parent,02e6e8a9041d1f5e02ded66ace7f1bf8353933cb460554f7d6d4f7827ee851e3,macrel_amp_probability,numeric,true,same_frozen_numeric_contract,maximize,probability,0.584,0.495,-0.08899999999999997,-0.08899999999999997,true,111f20e203ca1d465b83491657ea985ce45617421043035db451fa51f2f842c7
vegfa,9cd87031154053853cfc4d70eb6040dd7ec253ecc18d9d828a6cc4bd2ac76103,masked_substitution,1d8edd04559c5750b262a7c716dfb17b4c8671bc748f7f2cd5e80390418a80e7,primary_parent,02e6e8a9041d1f5e02ded66ace7f1bf8353933cb460554f7d6d4f7827ee851e3,macrel_hemolysis_label,categorical,true,same_frozen_label_contract,audit,label,low,low,,,false,225fbf43df48f180fbea7dedb4679b93d1ff71e62f3eb4f647c8be260255634a
vegfa,9cd87031154053853cfc4d70eb6040dd7ec253ecc18d9d828a6cc4bd2ac76103,masked_substitution,1d8edd04559c5750b262a7c716dfb17b4c8671bc748f7f2cd5e80390418a80e7,primary_parent,02e6e8a9041d1f5e02ded66ace7f1bf8353933cb460554f7d6d4f7827ee851e3,macrel_hemolysis_probability,numeric,true,same_frozen_numeric_contract,minimize,probability,0.465,0.416,-0.049000000000000044,0.049000000000000044,true,df799524b1663fab96790a0924f97a5c71c560b522f368ecd9a2f9da7ac30486
vegfa,9cd87031154053853cfc4d70eb6040dd7ec253ecc18d9d828a6cc4bd2ac76103,masked_substitution,1d8edd04559c5750b262a7c716dfb17b4c8671bc748f7f2cd5e80390418a80e7,primary_parent,02e6e8a9041d1f5e02ded66ace7f1bf8353933cb460554f7d6d4f7827ee851e3,maximum_hydrophobic_run,numeric,true,same_frozen_numeric_contract,minimize,residues,2.0,2.0,0.0,-0.0,false,193f43018fcb1f9f65fb1c22c0c25d8659e8938d163a551d2456a07fd25f3d18
vegfa,9cd87031154053853cfc4d70eb6040dd7ec253ecc18d9d828a6cc4bd2ac76103,masked_substitution,1d8edd04559c5750b262a7c716dfb17b4c8671bc748f7f2cd5e80390418a80e7,primary_parent,02e6e8a9041d1f5e02ded66ace7f1bf8353933cb460554f7d6d4f7827ee851e3,net_charge_ph7_4,numeric,false,audit_metric_has_no_monotonic_improvement_direction,audit,elementary_charge,6.112,6.112,0.0,,false,0c914cdad2c351eee8f25c99654017955f79532342877bbe23c6bd098a6548e5
vegfa,9cd87031154053853cfc4d70eb6040dd7ec253ecc18d9d828a6cc4bd2ac76103,masked_substitution,1d8edd04559c5750b262a7c716dfb17b4c8671bc748f7f2cd5e80390418a80e7,primary_parent,02e6e8a9041d1f5e02ded66ace7f1bf8353933cb460554f7d6d4f7827ee851e3,toxinpred3_hybrid_score,numeric,true,same_frozen_numeric_contract,minimize,dimensionless,0.0,0.0,0.0,-0.0,false,8bbfa5e98ee8ffd3d0a84835664b030743a7389132dbd550b4a5b8b707730b14
vegfa,9cd87031154053853cfc4d70eb6040dd7ec253ecc18d9d828a6cc4bd2ac76103,masked_substitution,1d8edd04559c5750b262a7c716dfb17b4c8671bc748f7f2cd5e80390418a80e7,primary_parent,02e6e8a9041d1f5e02ded66ace7f1bf8353933cb460554f7d6d4f7827ee851e3,toxinpred3_label,categorical,true,same_frozen_label_contract,audit,label,Non-Toxin,Non-Toxin,,,false,1e7d7a2b49a52ea2c3746cbaa543aefcb073fdbffdb7014e8d02a953c49bfaa8
vegfa,44f109b6fc91df308fc33d63face37293a3cafe889d3990b093ce74e177b1b07,controlled_crossover,7dbb101a715283ae9b4958854f69667065c000dde8847d96e62a032e99c44981,primary_parent,abb6c0dd6808b64e566e54ef2fc3d2622b4f4472fe472ed1a0305a919f720eb2,amp_read_log10_mic_um,numeric,true,same_frozen_numeric_contract,minimize,log10(uM),1.4975010253206658,2.1427336921539033,0.6452326668332375,-0.6452326668332375,true,f48fcbc35e34c8532089e51542078e7e14da9843751553e6cc08d871e581b8ee
vegfa,44f109b6fc91df308fc33d63face37293a3cafe889d3990b093ce74e177b1b07,controlled_crossover,7dbb101a715283ae9b4958854f69667065c000dde8847d96e62a032e99c44981,primary_parent,abb6c0dd6808b64e566e54ef2fc3d2622b4f4472fe472ed1a0305a919f720eb2,guruprasad_instability_index,numeric,true,same_frozen_numeric_contract,minimize,index,-8.46086956521739,-10.052174,-1.5913044347826109,1.5913044347826109,true,fbde982146a2f8c8089b0ac679a17345d57ad69210967f4d4496f6e6704b5e2d
vegfa,44f109b6fc91df308fc33d63face37293a3cafe889d3990b093ce74e177b1b07,controlled_crossover,7dbb101a715283ae9b4958854f69667065c000dde8847d96e62a032e99c44981,primary_parent,abb6c0dd6808b64e566e54ef2fc3d2622b4f4472fe472ed1a0305a919f720eb2,hydrophobic_moment_eisenberg,numeric,false,audit_metric_has_no_monotonic_improvement_direction,audit,dimensionless,0.2506699786733031,0.13134510018227488,-0.11932487849102821,,true,f290a424f49a251cc1c13646c67c8805e74fa56d5ba994ef0e10c2a244a13635
vegfa,44f109b6fc91df308fc33d63face37293a3cafe889d3990b093ce74e177b1b07,controlled_crossover,7dbb101a715283ae9b4958854f69667065c000dde8847d96e62a032e99c44981,primary_parent,abb6c0dd6808b64e566e54ef2fc3d2622b4f4472fe472ed1a0305a919f720eb2,hydrophobic_ratio_modlamp,numeric,false,audit_metric_has_no_monotonic_improvement_direction,audit,fraction,0.21739130434782608,0.08695652173913043,-0.13043478260869565,,true,9a5010f6a6a3a5efeeb803ff58fc4f9965d8a8c4acb4e1ea807cee18047aab4c
vegfa,44f109b6fc91df308fc33d63face37293a3cafe889d3990b093ce74e177b1b07,controlled_crossover,7dbb101a715283ae9b4958854f69667065c000dde8847d96e62a032e99c44981,primary_parent,abb6c0dd6808b64e566e54ef2fc3d2622b4f4472fe472ed1a0305a919f720eb2,llamp_log10_mic_um,numeric,true,same_frozen_numeric_contract,minimize,log10(uM),1.1670740842819214,1.462902307510376,0.2958282232284546,-0.2958282232284546,true,18effaaba6c8c15d5b8e956219d745d89089ceaaa20371203ad0c844880198a4
vegfa,44f109b6fc91df308fc33d63face37293a3cafe889d3990b093ce74e177b1b07,controlled_crossover,7dbb101a715283ae9b4958854f69667065c000dde8847d96e62a032e99c44981,primary_parent,abb6c0dd6808b64e566e54ef2fc3d2622b4f4472fe472ed1a0305a919f720eb2,macrel_amp_probability,numeric,true,same_frozen_numeric_contract,maximize,probability,0.535,0.317,-0.21800000000000003,-0.21800000000000003,true,6abca3ddc848e213b698c68989833b0f6e04169554f220d2e2e4dd44a8a8ba2d
vegfa,44f109b6fc91df308fc33d63face37293a3cafe889d3990b093ce74e177b1b07,controlled_crossover,7dbb101a715283ae9b4958854f69667065c000dde8847d96e62a032e99c44981,primary_parent,abb6c0dd6808b64e566e54ef2fc3d2622b4f4472fe472ed1a0305a919f720eb2,macrel_hemolysis_label,categorical,true,same_frozen_label_contract,audit,label,low,low,,,false,7e00e2cb6790764a865d5b0ea85fce42423178e579675c21d8aebf0a11676115
vegfa,44f109b6fc91df308fc33d63face37293a3cafe889d3990b093ce74e177b1b07,controlled_crossover,7dbb101a715283ae9b4958854f69667065c000dde8847d96e62a032e99c44981,primary_parent,abb6c0dd6808b64e566e54ef2fc3d2622b4f4472fe472ed1a0305a919f720eb2,macrel_hemolysis_probability,numeric,true,same_frozen_numeric_contract,minimize,probability,0.436,0.297,-0.139,0.139,true,7a755054f11ef0d88d9b28a0c96c6c4de13153e2899dd13c3826fc909f752679
vegfa,44f109b6fc91df308fc33d63face37293a3cafe889d3990b093ce74e177b1b07,controlled_crossover,7dbb101a715283ae9b4958854f69667065c000dde8847d96e62a032e99c44981,primary_parent,abb6c0dd6808b64e566e54ef2fc3d2622b4f4472fe472ed1a0305a919f720eb2,maximum_hydrophobic_run,numeric,true,same_frozen_numeric_contract,minimize,residues,2.0,1.0,-1.0,1.0,true,6234969fe917386c4c0763b5f016a1afb3e7a008c9ec31256c1502d707fd155e
vegfa,44f109b6fc91df308fc33d63face37293a3cafe889d3990b093ce74e177b1b07,controlled_crossover,7dbb101a715283ae9b4958854f69667065c000dde8847d96e62a032e99c44981,primary_parent,abb6c0dd6808b64e566e54ef2fc3d2622b4f4472fe472ed1a0305a919f720eb2,net_charge_ph7_4,numeric,false,audit_metric_has_no_monotonic_improvement_direction,audit,elementary_charge,6.112,6.112,0.0,,false,02105d1a0a6d52880abf1ba0ba56233b9385b47d3ea55fce131deb75c83f7e55
vegfa,44f109b6fc91df308fc33d63face37293a3cafe889d3990b093ce74e177b1b07,controlled_crossover,7dbb101a715283ae9b4958854f69667065c000dde8847d96e62a032e99c44981,primary_parent,abb6c0dd6808b64e566e54ef2fc3d2622b4f4472fe472ed1a0305a919f720eb2,toxinpred3_hybrid_score,numeric,true,same_frozen_numeric_contract,minimize,dimensionless,0.0,0.0,0.0,-0.0,false,6cf75e5a17c267e8a66eb941dc5eb87e427f05610e25548616936d740e8915e8
vegfa,44f109b6fc91df308fc33d63face37293a3cafe889d3990b093ce74e177b1b07,controlled_crossover,7dbb101a715283ae9b4958854f69667065c000dde8847d96e62a032e99c44981,primary_parent,abb6c0dd6808b64e566e54ef2fc3d2622b4f4472fe472ed1a0305a919f720eb2,toxinpred3_label,categorical,true,same_frozen_label_contract,audit,label,Non-Toxin,Non-Toxin,,,false,cf918ecc4126117e0035ebb8e93c57e84346c54dc22df8f014b6293f22fa93c8
vegfa,44f109b6fc91df308fc33d63face37293a3cafe889d3990b093ce74e177b1b07,controlled_crossover,7dbb101a715283ae9b4958854f69667065c000dde8847d96e62a032e99c44981,donor_parent,dc6b9e097fdbb1cebc638561775ba07debfd2bcbae4b1e7dbb9a3812c90d1dda,amp_read_log10_mic_um,numeric,true,same_frozen_numeric_contract,minimize,log10(uM),1.4326805721868476,2.1427336921539033,0.7100531199670557,-0.7100531199670557,true,e1721475642bdc561afa19b685e3080ca51a7d4798fba95952e5defce71cf840
vegfa,44f109b6fc91df308fc33d63face37293a3cafe889d3990b093ce74e177b1b07,controlled_crossover,7dbb101a715283ae9b4958854f69667065c000dde8847d96e62a032e99c44981,donor_parent,dc6b9e097fdbb1cebc638561775ba07debfd2bcbae4b1e7dbb9a3812c90d1dda,guruprasad_instability_index,numeric,true,same_frozen_numeric_contract,minimize,index,8.988461538461536,-10.052174,-19.040635538461537,19.040635538461537,true,84a843580550c03360837f591917defe14d60b119278cc76d4a97c84dfd1964f
vegfa,44f109b6fc91df308fc33d63face37293a3cafe889d3990b093ce74e177b1b07,controlled_crossover,7dbb101a715283ae9b4958854f69667065c000dde8847d96e62a032e99c44981,donor_parent,dc6b9e097fdbb1cebc638561775ba07debfd2bcbae4b1e7dbb9a3812c90d1dda,hydrophobic_moment_eisenberg,numeric,false,audit_metric_has_no_monotonic_improvement_direction,audit,dimensionless,0.05669057760399849,0.13134510018227488,0.0746545225782764,,true,097f3a20ac350ec0c0d33d695284a1cc895f38f1ebd7db153cd0d4e01d85c80e
vegfa,44f109b6fc91df308fc33d63face37293a3cafe889d3990b093ce74e177b1b07,controlled_crossover,7dbb101a715283ae9b4958854f69667065c000dde8847d96e62a032e99c44981,donor_parent,dc6b9e097fdbb1cebc638561775ba07debfd2bcbae4b1e7dbb9a3812c90d1dda,hydrophobic_ratio_modlamp,numeric,false,audit_metric_has_no_monotonic_improvement_direction,audit,fraction,0.07692307692307693,0.08695652173913043,0.010033444816053505,,true,fbfae2a643d25b8486a06e5517083ffd617d74377d90264aadc040147d1b2451
vegfa,44f109b6fc91df308fc33d63face37293a3cafe889d3990b093ce74e177b1b07,controlled_crossover,7dbb101a715283ae9b4958854f69667065c000dde8847d96e62a032e99c44981,donor_parent,dc6b9e097fdbb1cebc638561775ba07debfd2bcbae4b1e7dbb9a3812c90d1dda,llamp_log10_mic_um,numeric,true,same_frozen_numeric_contract,minimize,log10(uM),0.7191438674926758,1.462902307510376,0.7437584400177002,-0.7437584400177002,true,f73f2e374c42c221e542f3bec482d4aa340a927a4f216b67c70ed81bcdafde89
vegfa,44f109b6fc91df308fc33d63face37293a3cafe889d3990b093ce74e177b1b07,controlled_crossover,7dbb101a715283ae9b4958854f69667065c000dde8847d96e62a032e99c44981,donor_parent,dc6b9e097fdbb1cebc638561775ba07debfd2bcbae4b1e7dbb9a3812c90d1dda,macrel_amp_probability,numeric,true,same_frozen_numeric_contract,maximize,probability,0.535,0.317,-0.21800000000000003,-0.21800000000000003,true,9b2aae2a2a9c02d5a263f86c296dfcbd616f5b3232d0f09abf4efdfcf18cf4cd
vegfa,44f109b6fc91df308fc33d63face37293a3cafe889d3990b093ce74e177b1b07,controlled_crossover,7dbb101a715283ae9b4958854f69667065c000dde8847d96e62a032e99c44981,donor_parent,dc6b9e097fdbb1cebc638561775ba07debfd2bcbae4b1e7dbb9a3812c90d1dda,macrel_hemolysis_label,categorical,true,same_frozen_label_contract,audit,label,low,low,,,false,7591cbe028d30a76d7c9a69a22893311fc6c409127e5519ac7cc66617331bcca
vegfa,44f109b6fc91df308fc33d63face37293a3cafe889d3990b093ce74e177b1b07,controlled_crossover,7dbb101a715283ae9b4958854f69667065c000dde8847d96e62a032e99c44981,donor_parent,dc6b9e097fdbb1cebc638561775ba07debfd2bcbae4b1e7dbb9a3812c90d1dda,macrel_hemolysis_probability,numeric,true,same_frozen_numeric_contract,minimize,probability,0.386,0.297,-0.08900000000000002,0.08900000000000002,true,109eda653f4438eea0f21df3b260e984bc54ab82b7505913aab37f336e13c38f
vegfa,44f109b6fc91df308fc33d63face37293a3cafe889d3990b093ce74e177b1b07,controlled_crossover,7dbb101a715283ae9b4958854f69667065c000dde8847d96e62a032e99c44981,donor_parent,dc6b9e097fdbb1cebc638561775ba07debfd2bcbae4b1e7dbb9a3812c90d1dda,maximum_hydrophobic_run,numeric,true,same_frozen_numeric_contract,minimize,residues,2.0,1.0,-1.0,1.0,true,c37a93f2204625e1303035aa87b80f74db2a842e37fcc6d40664317c37d2c86d
vegfa,44f109b6fc91df308fc33d63face37293a3cafe889d3990b093ce74e177b1b07,controlled_crossover,7dbb101a715283ae9b4958854f69667065c000dde8847d96e62a032e99c44981,donor_parent,dc6b9e097fdbb1cebc638561775ba07debfd2bcbae4b1e7dbb9a3812c90d1dda,net_charge_ph7_4,numeric,false,audit_metric_has_no_monotonic_improvement_direction,audit,elementary_charge,9.152,6.112,-3.039999999999999,,true,0ee00a7f75b7eaf15fc025d8f9bb1f76fbfaa6f060f6a57342fb8073c86ad48a
vegfa,44f109b6fc91df308fc33d63face37293a3cafe889d3990b093ce74e177b1b07,controlled_crossover,7dbb101a715283ae9b4958854f69667065c000dde8847d96e62a032e99c44981,donor_parent,dc6b9e097fdbb1cebc638561775ba07debfd2bcbae4b1e7dbb9a3812c90d1dda,toxinpred3_hybrid_score,numeric,true,same_frozen_numeric_contract,minimize,dimensionless,0.015,0.0,-0.015,0.015,true,6a7d4d21297cb29f715fff276b420981df2907341f2537013787aa3e5dbee546
vegfa,44f109b6fc91df308fc33d63face37293a3cafe889d3990b093ce74e177b1b07,controlled_crossover,7dbb101a715283ae9b4958854f69667065c000dde8847d96e62a032e99c44981,donor_parent,dc6b9e097fdbb1cebc638561775ba07debfd2bcbae4b1e7dbb9a3812c90d1dda,toxinpred3_label,categorical,true,same_frozen_label_contract,audit,label,Non-Toxin,Non-Toxin,,,false,f26142f942e3765b3a8ea338d7553246b5aaf48b13505548520d06a2084b4603
vegfa,18cbb48770c0187cb444fd93da15a573ca30a5d92239ab98b6917a0560653b8b,de_novo,78cbb31622a752ee915697f077e7e7e1e5b64a523f62d7e87042463d90a60558,none,,amp_read_log10_mic_um,numeric,false,de_novo_has_no_biological_parent,,,,1.4615960205073535,,,,dc6281062898297fa1b4728a5bab95b9962d21d45a0f328b141c83b6cd529fa0
vegfa,18cbb48770c0187cb444fd93da15a573ca30a5d92239ab98b6917a0560653b8b,de_novo,78cbb31622a752ee915697f077e7e7e1e5b64a523f62d7e87042463d90a60558,none,,guruprasad_instability_index,numeric,false,de_novo_has_no_biological_parent,,,,10.065000,,,,a2b9cde7b8faef2ec939feb3fe3133399dc3c456a31c2d5cb962f68d49a66bbf
vegfa,18cbb48770c0187cb444fd93da15a573ca30a5d92239ab98b6917a0560653b8b,de_novo,78cbb31622a752ee915697f077e7e7e1e5b64a523f62d7e87042463d90a60558,none,,hydrophobic_moment_eisenberg,numeric,false,de_novo_has_no_biological_parent,,,,0.10712697486722707,,,,c2b50650b730f664b2009c428aa2a7e8c5ec480858b3845d118ec730e556d479
vegfa,18cbb48770c0187cb444fd93da15a573ca30a5d92239ab98b6917a0560653b8b,de_novo,78cbb31622a752ee915697f077e7e7e1e5b64a523f62d7e87042463d90a60558,none,,hydrophobic_ratio_modlamp,numeric,false,de_novo_has_no_biological_parent,,,,0.25,,,,5d616be6010c3f7fb29568f178aef42281d5637f830715c6f43d7937c49620d7
vegfa,18cbb48770c0187cb444fd93da15a573ca30a5d92239ab98b6917a0560653b8b,de_novo,78cbb31622a752ee915697f077e7e7e1e5b64a523f62d7e87042463d90a60558,none,,llamp_log10_mic_um,numeric,false,de_novo_has_no_biological_parent,,,,1.651837944984436,,,,00fe505f7cc880ceed99aeb17fb44b8f7a53d3104b756da03de6fd2c98ceb74d
vegfa,18cbb48770c0187cb444fd93da15a573ca30a5d92239ab98b6917a0560653b8b,de_novo,78cbb31622a752ee915697f077e7e7e1e5b64a523f62d7e87042463d90a60558,none,,macrel_amp_probability,numeric,false,de_novo_has_no_biological_parent,,,,0.219,,,,540b074e4a631600be873687be8ab5b44ef103eb516b4b465224d1f56b150ced
vegfa,18cbb48770c0187cb444fd93da15a573ca30a5d92239ab98b6917a0560653b8b,de_novo,78cbb31622a752ee915697f077e7e7e1e5b64a523f62d7e87042463d90a60558,none,,macrel_hemolysis_label,categorical,false,de_novo_has_no_biological_parent,,,,low,,,,7862365f0f2471310858cea52250d03358ec45cd67b618ef28d3da4dbd87b5e2
vegfa,18cbb48770c0187cb444fd93da15a573ca30a5d92239ab98b6917a0560653b8b,de_novo,78cbb31622a752ee915697f077e7e7e1e5b64a523f62d7e87042463d90a60558,none,,macrel_hemolysis_probability,numeric,false,de_novo_has_no_biological_parent,,,,0.386,,,,1a61df43e18ecf1cc2c9efed01090f6ef71eaf38f73fdd3596e42606481b35d5
vegfa,18cbb48770c0187cb444fd93da15a573ca30a5d92239ab98b6917a0560653b8b,de_novo,78cbb31622a752ee915697f077e7e7e1e5b64a523f62d7e87042463d90a60558,none,,maximum_hydrophobic_run,numeric,false,de_novo_has_no_biological_parent,,,,2,,,,f4be06d9d50c5851a94b3fc66d8fe3bd6e4f0ea45660589f8d3ea3f05f9fc76b
vegfa,18cbb48770c0187cb444fd93da15a573ca30a5d92239ab98b6917a0560653b8b,de_novo,78cbb31622a752ee915697f077e7e7e1e5b64a523f62d7e87042463d90a60558,none,,net_charge_ph7_4,numeric,false,de_novo_has_no_biological_parent,,,,6.068,,,,46e353d632f44554a13b97f0e7e73f1a030072097e5643ec60dbb67c06f977e1
vegfa,18cbb48770c0187cb444fd93da15a573ca30a5d92239ab98b6917a0560653b8b,de_novo,78cbb31622a752ee915697f077e7e7e1e5b64a523f62d7e87042463d90a60558,none,,toxinpred3_hybrid_score,numeric,false,de_novo_has_no_biological_parent,,,,0.37,,,,438bcf2d6edc2432d9b262f4e14de24512be49b323a2cf47bc66c2fce201d6c4
vegfa,18cbb48770c0187cb444fd93da15a573ca30a5d92239ab98b6917a0560653b8b,de_novo,78cbb31622a752ee915697f077e7e7e1e5b64a523f62d7e87042463d90a60558,none,,toxinpred3_label,categorical,false,de_novo_has_no_biological_parent,,,,Non-Toxin,,,,34e693b4b8a97747979646c55816be32b1343d20a218b1845a2598cdd1717991
vegfa,82b1a9d7d20ea05ad107d8b4f958a19a353d8044a02d4d0247f86430a435f0d0,de_novo,6eb657dbcd1587a62391147ad46ec794714b74115c71a457b813df214842e96e,none,,amp_read_log10_mic_um,numeric,false,de_novo_has_no_biological_parent,,,,1.4534321372618533,,,,85092f87c7961926136f94d5282e70f03b67fb2c88928ce28847598e031baa75
vegfa,82b1a9d7d20ea05ad107d8b4f958a19a353d8044a02d4d0247f86430a435f0d0,de_novo,6eb657dbcd1587a62391147ad46ec794714b74115c71a457b813df214842e96e,none,,guruprasad_instability_index,numeric,false,de_novo_has_no_biological_parent,,,,-34.871429,,,,6cb817879c74089d8ae7f03a76ff0e908b0fd728f1c2eea4c0b1f652d57f4561
vegfa,82b1a9d7d20ea05ad107d8b4f958a19a353d8044a02d4d0247f86430a435f0d0,de_novo,6eb657dbcd1587a62391147ad46ec794714b74115c71a457b813df214842e96e,none,,hydrophobic_moment_eisenberg,numeric,false,de_novo_has_no_biological_parent,,,,0.053613065104853884,,,,248a2c16273c315e3db8a365d24abd530dbd0cf6ba2141533c99777beae4318e
vegfa,82b1a9d7d20ea05ad107d8b4f958a19a353d8044a02d4d0247f86430a435f0d0,de_novo,6eb657dbcd1587a62391147ad46ec794714b74115c71a457b813df214842e96e,none,,hydrophobic_ratio_modlamp,numeric,false,de_novo_has_no_biological_parent,,,,0.047619047619047616,,,,ce6902be876ca95e0e8bdaab9784ad12bea72fc4837ad9e8fbcc65ab9e39a3eb
vegfa,82b1a9d7d20ea05ad107d8b4f958a19a353d8044a02d4d0247f86430a435f0d0,de_novo,6eb657dbcd1587a62391147ad46ec794714b74115c71a457b813df214842e96e,none,,llamp_log10_mic_um,numeric,false,de_novo_has_no_biological_parent,,,,1.361275315284729,,,,4082e2d0fdc91b8d9344788a464aa620385f9a6d48d97e9c14f6f205905fce5d
vegfa,82b1a9d7d20ea05ad107d8b4f958a19a353d8044a02d4d0247f86430a435f0d0,de_novo,6eb657dbcd1587a62391147ad46ec794714b74115c71a457b813df214842e96e,none,,macrel_amp_probability,numeric,false,de_novo_has_no_biological_parent,,,,0.495,,,,725aff3b6da172a037f8a3d6ddd68160aa27fdab17545e00976dc91cee181377
vegfa,82b1a9d7d20ea05ad107d8b4f958a19a353d8044a02d4d0247f86430a435f0d0,de_novo,6eb657dbcd1587a62391147ad46ec794714b74115c71a457b813df214842e96e,none,,macrel_hemolysis_label,categorical,false,de_novo_has_no_biological_parent,,,,high,,,,f58e46f3496c563f13285c9a5560f2cc300fc0bc25f73d8045da0b8415d2111f
vegfa,82b1a9d7d20ea05ad107d8b4f958a19a353d8044a02d4d0247f86430a435f0d0,de_novo,6eb657dbcd1587a62391147ad46ec794714b74115c71a457b813df214842e96e,none,,macrel_hemolysis_probability,numeric,false,de_novo_has_no_biological_parent,,,,0.614,,,,fc464e6bf1dc32ee6e04bf2c95f84b2c3381f89220f52a464f671115bd10182d
vegfa,82b1a9d7d20ea05ad107d8b4f958a19a353d8044a02d4d0247f86430a435f0d0,de_novo,6eb657dbcd1587a62391147ad46ec794714b74115c71a457b813df214842e96e,none,,maximum_hydrophobic_run,numeric,false,de_novo_has_no_biological_parent,,,,1,,,,70b0089b17a7685f8aaa141dad5acfe09f1d57aeff64644ae290b2db5e4bc7c0
vegfa,82b1a9d7d20ea05ad107d8b4f958a19a353d8044a02d4d0247f86430a435f0d0,de_novo,6eb657dbcd1587a62391147ad46ec794714b74115c71a457b813df214842e96e,none,,net_charge_ph7_4,numeric,false,de_novo_has_no_biological_parent,,,,10.068,,,,8cab4a10d8a0183987ae6214b7d2385680973e607f2984a636da47299ac83154
vegfa,82b1a9d7d20ea05ad107d8b4f958a19a353d8044a02d4d0247f86430a435f0d0,de_novo,6eb657dbcd1587a62391147ad46ec794714b74115c71a457b813df214842e96e,none,,toxinpred3_hybrid_score,numeric,false,de_novo_has_no_biological_parent,,,,0.575,,,,411c1efe9a16025bfdc8e400ff84589eebd10d110fd9a9ef596e52fcbbfb481d
vegfa,82b1a9d7d20ea05ad107d8b4f958a19a353d8044a02d4d0247f86430a435f0d0,de_novo,6eb657dbcd1587a62391147ad46ec794714b74115c71a457b813df214842e96e,none,,toxinpred3_label,categorical,false,de_novo_has_no_biological_parent,,,,Toxin,,,,8610a4add2e96cefcf579ea2fbd77039a373c085dd01a9563677492aab4c650f
vegfa,0ab79afee58a975556cbb23611334f690d945512c5bc085458cb47a638b7b6be,masked_substitution,d9ee2990b986d9b0fa264404030e09d3f3127634e182d0b051c7139328864b2c,primary_parent,02e6e8a9041d1f5e02ded66ace7f1bf8353933cb460554f7d6d4f7827ee851e3,amp_read_log10_mic_um,numeric,true,same_frozen_numeric_contract,minimize,log10(uM),0.8502392420270765,1.1665400005067503,0.31630075847967387,-0.31630075847967387,true,4b6e6546984ee8da5bb92c6e7648914969e7f5e0edc8db1d5149edc25d06234e
vegfa,0ab79afee58a975556cbb23611334f690d945512c5bc085458cb47a638b7b6be,masked_substitution,d9ee2990b986d9b0fa264404030e09d3f3127634e182d0b051c7139328864b2c,primary_parent,02e6e8a9041d1f5e02ded66ace7f1bf8353933cb460554f7d6d4f7827ee851e3,guruprasad_instability_index,numeric,true,same_frozen_numeric_contract,minimize,index,-9.308695652173913,-8.056522,1.252173652173914,-1.252173652173914,true,7e49f2c32f895c52407abcec964176142c5c18ebce4ad050171951810e938e2f
vegfa,0ab79afee58a975556cbb23611334f690d945512c5bc085458cb47a638b7b6be,masked_substitution,d9ee2990b986d9b0fa264404030e09d3f3127634e182d0b051c7139328864b2c,primary_parent,02e6e8a9041d1f5e02ded66ace7f1bf8353933cb460554f7d6d4f7827ee851e3,hydrophobic_moment_eisenberg,numeric,false,audit_metric_has_no_monotonic_improvement_direction,audit,dimensionless,0.14056582796750103,0.0640908197446635,-0.07647500822283752,,true,01797192ce6dd3367a61f33571940faa0f03286518ea797fe6aec6a7926af065
vegfa,0ab79afee58a975556cbb23611334f690d945512c5bc085458cb47a638b7b6be,masked_substitution,d9ee2990b986d9b0fa264404030e09d3f3127634e182d0b051c7139328864b2c,primary_parent,02e6e8a9041d1f5e02ded66ace7f1bf8353933cb460554f7d6d4f7827ee851e3,hydrophobic_ratio_modlamp,numeric,false,audit_metric_has_no_monotonic_improvement_direction,audit,fraction,0.2608695652173913,0.21739130434782608,-0.043478260869565216,,true,d94a48f226b626a0c4ed16e8765cde9d5015ac86f934e087c6375fe820241889
vegfa,0ab79afee58a975556cbb23611334f690d945512c5bc085458cb47a638b7b6be,masked_substitution,d9ee2990b986d9b0fa264404030e09d3f3127634e182d0b051c7139328864b2c,primary_parent,02e6e8a9041d1f5e02ded66ace7f1bf8353933cb460554f7d6d4f7827ee851e3,llamp_log10_mic_um,numeric,true,same_frozen_numeric_contract,minimize,log10(uM),1.3610467910766602,1.6573960781097412,0.29634928703308105,-0.29634928703308105,true,f3cc609b1fb115182fcbf58748182e84645644a634b472741e76f44f61bc5188
vegfa,0ab79afee58a975556cbb23611334f690d945512c5bc085458cb47a638b7b6be,masked_substitution,d9ee2990b986d9b0fa264404030e09d3f3127634e182d0b051c7139328864b2c,primary_parent,02e6e8a9041d1f5e02ded66ace7f1bf8353933cb460554f7d6d4f7827ee851e3,macrel_amp_probability,numeric,true,same_frozen_numeric_contract,maximize,probability,0.584,0.461,-0.12299999999999994,-0.12299999999999994,true,7620fe84e228322b7a3a96771159944863b134c24d0501f3498382ff6dbea67b
vegfa,0ab79afee58a975556cbb23611334f690d945512c5bc085458cb47a638b7b6be,masked_substitution,d9ee2990b986d9b0fa264404030e09d3f3127634e182d0b051c7139328864b2c,primary_parent,02e6e8a9041d1f5e02ded66ace7f1bf8353933cb460554f7d6d4f7827ee851e3,macrel_hemolysis_label,categorical,true,same_frozen_label_contract,audit,label,low,low,,,false,914a76ba7dc3f420502de0133559b48fb6d2731323fcb0914cfc43672216f2a3
vegfa,0ab79afee58a975556cbb23611334f690d945512c5bc085458cb47a638b7b6be,masked_substitution,d9ee2990b986d9b0fa264404030e09d3f3127634e182d0b051c7139328864b2c,primary_parent,02e6e8a9041d1f5e02ded66ace7f1bf8353933cb460554f7d6d4f7827ee851e3,macrel_hemolysis_probability,numeric,true,same_frozen_numeric_contract,minimize,probability,0.465,0.386,-0.07900000000000001,0.07900000000000001,true,18348ead8d28ddd0ccdf6825b8e343eb076076b112e9a3d2a66d94ca870a613f
vegfa,0ab79afee58a975556cbb23611334f690d945512c5bc085458cb47a638b7b6be,masked_substitution,d9ee2990b986d9b0fa264404030e09d3f3127634e182d0b051c7139328864b2c,primary_parent,02e6e8a9041d1f5e02ded66ace7f1bf8353933cb460554f7d6d4f7827ee851e3,maximum_hydrophobic_run,numeric,true,same_frozen_numeric_contract,minimize,residues,2.0,2.0,0.0,-0.0,false,141a7d26480f695fd48363b5bd27e114f201e9935ed29abf9cb8fd696e049a38
vegfa,0ab79afee58a975556cbb23611334f690d945512c5bc085458cb47a638b7b6be,masked_substitution,d9ee2990b986d9b0fa264404030e09d3f3127634e182d0b051c7139328864b2c,primary_parent,02e6e8a9041d1f5e02ded66ace7f1bf8353933cb460554f7d6d4f7827ee851e3,net_charge_ph7_4,numeric,false,audit_metric_has_no_monotonic_improvement_direction,audit,elementary_charge,6.112,6.112,0.0,,false,e494beeacaa5664e9467e6ec8140d4701f65bd0d1de00c3aa9974a0b05f1ab66
vegfa,0ab79afee58a975556cbb23611334f690d945512c5bc085458cb47a638b7b6be,masked_substitution,d9ee2990b986d9b0fa264404030e09d3f3127634e182d0b051c7139328864b2c,primary_parent,02e6e8a9041d1f5e02ded66ace7f1bf8353933cb460554f7d6d4f7827ee851e3,toxinpred3_hybrid_score,numeric,true,same_frozen_numeric_contract,minimize,dimensionless,0.0,0.0,0.0,-0.0,false,65dfcc6103c5ffa406e28c44e0e98bc2ec793eee9e471343d7cee0190dafd4b3
vegfa,0ab79afee58a975556cbb23611334f690d945512c5bc085458cb47a638b7b6be,masked_substitution,d9ee2990b986d9b0fa264404030e09d3f3127634e182d0b051c7139328864b2c,primary_parent,02e6e8a9041d1f5e02ded66ace7f1bf8353933cb460554f7d6d4f7827ee851e3,toxinpred3_label,categorical,true,same_frozen_label_contract,audit,label,Non-Toxin,Non-Toxin,,,false,adf7cb4b9281adfc109623c39492cbebe384678196129e08b77171e09e678263
vegfa,b2daa83cb55f1333a7f9dfd415544ccfaa69cc9fd1f919ebc8775cb75c3d628c,controlled_crossover,ba534cecdb465605b4b8f9c453819bc9426b3c0eee8df2eb95e041b1f14a9052,primary_parent,4a494dc82b2e48f2ac0de7e54d2668f279ad7a1d5b4954c45d22e161d246d03a,amp_read_log10_mic_um,numeric,true,same_frozen_numeric_contract,minimize,log10(uM),1.203926168329643,1.6897391526252281,0.48581298429558517,-0.48581298429558517,true,bed0df53dae638c5469e29219b2af06aaabafd4ee2ce1a080e6bb4e2bdbb4ba8
vegfa,b2daa83cb55f1333a7f9dfd415544ccfaa69cc9fd1f919ebc8775cb75c3d628c,controlled_crossover,ba534cecdb465605b4b8f9c453819bc9426b3c0eee8df2eb95e041b1f14a9052,primary_parent,4a494dc82b2e48f2ac0de7e54d2668f279ad7a1d5b4954c45d22e161d246d03a,guruprasad_instability_index,numeric,true,same_frozen_numeric_contract,minimize,index,-8.056521739130433,-9.647826,-1.5913042608695669,1.5913042608695669,true,d23d124e794ad002b52074aa3f8faf70abe5cc093cd95c65f1895747008bbfab
vegfa,b2daa83cb55f1333a7f9dfd415544ccfaa69cc9fd1f919ebc8775cb75c3d628c,controlled_crossover,ba534cecdb465605b4b8f9c453819bc9426b3c0eee8df2eb95e041b1f14a9052,primary_parent,4a494dc82b2e48f2ac0de7e54d2668f279ad7a1d5b4954c45d22e161d246d03a,hydrophobic_moment_eisenberg,numeric,false,audit_metric_has_no_monotonic_improvement_direction,audit,dimensionless,0.31609609858914106,0.17186549057075684,-0.14423060801838422,,true,1d8590e252f7cb7ed4a85a8a4d07e9a147524dd6e94c5a9272610ce8f0eefa3f
vegfa,b2daa83cb55f1333a7f9dfd415544ccfaa69cc9fd1f919ebc8775cb75c3d628c,controlled_crossover,ba534cecdb465605b4b8f9c453819bc9426b3c0eee8df2eb95e041b1f14a9052,primary_parent,4a494dc82b2e48f2ac0de7e54d2668f279ad7a1d5b4954c45d22e161d246d03a,hydrophobic_ratio_modlamp,numeric,false,audit_metric_has_no_monotonic_improvement_direction,audit,fraction,0.21739130434782608,0.08695652173913043,-0.13043478260869565,,true,e20624c69f5b416bbba2350f11027f56af0fad14b1a382a6b821d2e101cc5c5d
vegfa,b2daa83cb55f1333a7f9dfd415544ccfaa69cc9fd1f919ebc8775cb75c3d628c,controlled_crossover,ba534cecdb465605b4b8f9c453819bc9426b3c0eee8df2eb95e041b1f14a9052,primary_parent,4a494dc82b2e48f2ac0de7e54d2668f279ad7a1d5b4954c45d22e161d246d03a,llamp_log10_mic_um,numeric,true,same_frozen_numeric_contract,minimize,log10(uM),1.1515740156173706,1.9176386594772339,0.7660646438598633,-0.7660646438598633,true,37038da56826aa41fb10ea5d6ffcfde933b6ea6519638ea39c3ac9c9ee740a7b
vegfa,b2daa83cb55f1333a7f9dfd415544ccfaa69cc9fd1f919ebc8775cb75c3d628c,controlled_crossover,ba534cecdb465605b4b8f9c453819bc9426b3c0eee8df2eb95e041b1f14a9052,primary_parent,4a494dc82b2e48f2ac0de7e54d2668f279ad7a1d5b4954c45d22e161d246d03a,macrel_amp_probability,numeric,true,same_frozen_numeric_contract,maximize,probability,0.58,0.317,-0.26299999999999996,-0.26299999999999996,true,caa0314075a638d39f9b1e40cde7e5829a171861d090c237243b7b771ad20084
vegfa,b2daa83cb55f1333a7f9dfd415544ccfaa69cc9fd1f919ebc8775cb75c3d628c,controlled_crossover,ba534cecdb465605b4b8f9c453819bc9426b3c0eee8df2eb95e041b1f14a9052,primary_parent,4a494dc82b2e48f2ac0de7e54d2668f279ad7a1d5b4954c45d22e161d246d03a,macrel_hemolysis_label,categorical,true,same_frozen_label_contract,audit,label,low,low,,,false,83be52bc335d9b9bc8ac02be9b55de3bfa0d7a1beb8ea35eff1ef78bafab8c87
vegfa,b2daa83cb55f1333a7f9dfd415544ccfaa69cc9fd1f919ebc8775cb75c3d628c,controlled_crossover,ba534cecdb465605b4b8f9c453819bc9426b3c0eee8df2eb95e041b1f14a9052,primary_parent,4a494dc82b2e48f2ac0de7e54d2668f279ad7a1d5b4954c45d22e161d246d03a,macrel_hemolysis_probability,numeric,true,same_frozen_numeric_contract,minimize,probability,0.485,0.327,-0.15799999999999997,0.15799999999999997,true,1ef47c3825c6a491b58fe21feffead00db806430a64542f84b80c5faf9250fb1
vegfa,b2daa83cb55f1333a7f9dfd415544ccfaa69cc9fd1f919ebc8775cb75c3d628c,controlled_crossover,ba534cecdb465605b4b8f9c453819bc9426b3c0eee8df2eb95e041b1f14a9052,primary_parent,4a494dc82b2e48f2ac0de7e54d2668f279ad7a1d5b4954c45d22e161d246d03a,maximum_hydrophobic_run,numeric,true,same_frozen_numeric_contract,minimize,residues,2.0,1.0,-1.0,1.0,true,d36e8cd41945237d749617f7be134e18dd5733f9dd445e54304629c3b753f306
vegfa,b2daa83cb55f1333a7f9dfd415544ccfaa69cc9fd1f919ebc8775cb75c3d628c,controlled_crossover,ba534cecdb465605b4b8f9c453819bc9426b3c0eee8df2eb95e041b1f14a9052,primary_parent,4a494dc82b2e48f2ac0de7e54d2668f279ad7a1d5b4954c45d22e161d246d03a,net_charge_ph7_4,numeric,false,audit_metric_has_no_monotonic_improvement_direction,audit,elementary_charge,6.112,6.112,0.0,,false,038b9a083e927764c7c0e4e9ecce64c02f26ca15fd2dee248873a4ea8aa4926d
vegfa,b2daa83cb55f1333a7f9dfd415544ccfaa69cc9fd1f919ebc8775cb75c3d628c,controlled_crossover,ba534cecdb465605b4b8f9c453819bc9426b3c0eee8df2eb95e041b1f14a9052,primary_parent,4a494dc82b2e48f2ac0de7e54d2668f279ad7a1d5b4954c45d22e161d246d03a,toxinpred3_hybrid_score,numeric,true,same_frozen_numeric_contract,minimize,dimensionless,0.0,0.3,0.3,-0.3,true,532702af631d276e009866cba071dd26b83c960701fbd948fbc30b6e0e81edf8
vegfa,b2daa83cb55f1333a7f9dfd415544ccfaa69cc9fd1f919ebc8775cb75c3d628c,controlled_crossover,ba534cecdb465605b4b8f9c453819bc9426b3c0eee8df2eb95e041b1f14a9052,primary_parent,4a494dc82b2e48f2ac0de7e54d2668f279ad7a1d5b4954c45d22e161d246d03a,toxinpred3_label,categorical,true,same_frozen_label_contract,audit,label,Non-Toxin,Non-Toxin,,,false,47991a1be3f382f0c97fa4efdc0790431375b833f20f6a1a2026ee2624d9060c
vegfa,b2daa83cb55f1333a7f9dfd415544ccfaa69cc9fd1f919ebc8775cb75c3d628c,controlled_crossover,ba534cecdb465605b4b8f9c453819bc9426b3c0eee8df2eb95e041b1f14a9052,donor_parent,dc6b9e097fdbb1cebc638561775ba07debfd2bcbae4b1e7dbb9a3812c90d1dda,amp_read_log10_mic_um,numeric,true,same_frozen_numeric_contract,minimize,log10(uM),1.4326805721868476,1.6897391526252281,0.2570585804383805,-0.2570585804383805,true,1ca60cce6ecaaf42b896073fb756df8396a03384af43e5800ad98e738b031d66
vegfa,b2daa83cb55f1333a7f9dfd415544ccfaa69cc9fd1f919ebc8775cb75c3d628c,controlled_crossover,ba534cecdb465605b4b8f9c453819bc9426b3c0eee8df2eb95e041b1f14a9052,donor_parent,dc6b9e097fdbb1cebc638561775ba07debfd2bcbae4b1e7dbb9a3812c90d1dda,guruprasad_instability_index,numeric,true,same_frozen_numeric_contract,minimize,index,8.988461538461536,-9.647826,-18.636287538461538,18.636287538461538,true,6ffe5dfc4e94fc92766120889263d330fef516a13d050ea423112df792b3acfe
vegfa,b2daa83cb55f1333a7f9dfd415544ccfaa69cc9fd1f919ebc8775cb75c3d628c,controlled_crossover,ba534cecdb465605b4b8f9c453819bc9426b3c0eee8df2eb95e041b1f14a9052,donor_parent,dc6b9e097fdbb1cebc638561775ba07debfd2bcbae4b1e7dbb9a3812c90d1dda,hydrophobic_moment_eisenberg,numeric,false,audit_metric_has_no_monotonic_improvement_direction,audit,dimensionless,0.05669057760399849,0.17186549057075684,0.11517491296675836,,true,6a8484589b741ff7a05e46bafd29d8eed9a8d037a93a2a7f41c6ccaaa1138149
vegfa,b2daa83cb55f1333a7f9dfd415544ccfaa69cc9fd1f919ebc8775cb75c3d628c,controlled_crossover,ba534cecdb465605b4b8f9c453819bc9426b3c0eee8df2eb95e041b1f14a9052,donor_parent,dc6b9e097fdbb1cebc638561775ba07debfd2bcbae4b1e7dbb9a3812c90d1dda,hydrophobic_ratio_modlamp,numeric,false,audit_metric_has_no_monotonic_improvement_direction,audit,fraction,0.07692307692307693,0.08695652173913043,0.010033444816053505,,true,3200f4c9c644fedf61797602f853355ee8bd4344a07365630fd9d1b413a55a49
vegfa,b2daa83cb55f1333a7f9dfd415544ccfaa69cc9fd1f919ebc8775cb75c3d628c,controlled_crossover,ba534cecdb465605b4b8f9c453819bc9426b3c0eee8df2eb95e041b1f14a9052,donor_parent,dc6b9e097fdbb1cebc638561775ba07debfd2bcbae4b1e7dbb9a3812c90d1dda,llamp_log10_mic_um,numeric,true,same_frozen_numeric_contract,minimize,log10(uM),0.7191438674926758,1.9176386594772339,1.198494791984558,-1.198494791984558,true,80325225a9e3aadaeff3a72540eb7f8d363903ed400a0d0d635dad4dfc485f69
vegfa,b2daa83cb55f1333a7f9dfd415544ccfaa69cc9fd1f919ebc8775cb75c3d628c,controlled_crossover,ba534cecdb465605b4b8f9c453819bc9426b3c0eee8df2eb95e041b1f14a9052,donor_parent,dc6b9e097fdbb1cebc638561775ba07debfd2bcbae4b1e7dbb9a3812c90d1dda,macrel_amp_probability,numeric,true,same_frozen_numeric_contract,maximize,probability,0.535,0.317,-0.21800000000000003,-0.21800000000000003,true,b97233bd030c9f031653e63c9286186b8d2c1b7265365797509d635a471c6b24
vegfa,b2daa83cb55f1333a7f9dfd415544ccfaa69cc9fd1f919ebc8775cb75c3d628c,controlled_crossover,ba534cecdb465605b4b8f9c453819bc9426b3c0eee8df2eb95e041b1f14a9052,donor_parent,dc6b9e097fdbb1cebc638561775ba07debfd2bcbae4b1e7dbb9a3812c90d1dda,macrel_hemolysis_label,categorical,true,same_frozen_label_contract,audit,label,low,low,,,false,29a8281dc5d8e9102860dcceb97c2446ec399d218b474e3ac2ca6a95ea2742a2
vegfa,b2daa83cb55f1333a7f9dfd415544ccfaa69cc9fd1f919ebc8775cb75c3d628c,controlled_crossover,ba534cecdb465605b4b8f9c453819bc9426b3c0eee8df2eb95e041b1f14a9052,donor_parent,dc6b9e097fdbb1cebc638561775ba07debfd2bcbae4b1e7dbb9a3812c90d1dda,macrel_hemolysis_probability,numeric,true,same_frozen_numeric_contract,minimize,probability,0.386,0.327,-0.059,0.059,true,88498f38a583dc2c7e058675d548f3d6385c59d0932ca4a0ee58adfda7b5c581
vegfa,b2daa83cb55f1333a7f9dfd415544ccfaa69cc9fd1f919ebc8775cb75c3d628c,controlled_crossover,ba534cecdb465605b4b8f9c453819bc9426b3c0eee8df2eb95e041b1f14a9052,donor_parent,dc6b9e097fdbb1cebc638561775ba07debfd2bcbae4b1e7dbb9a3812c90d1dda,maximum_hydrophobic_run,numeric,true,same_frozen_numeric_contract,minimize,residues,2.0,1.0,-1.0,1.0,true,775532969ea7592e3fa60301bbddd42a0c6b979d692ee32121ff8f0598817919
vegfa,b2daa83cb55f1333a7f9dfd415544ccfaa69cc9fd1f919ebc8775cb75c3d628c,controlled_crossover,ba534cecdb465605b4b8f9c453819bc9426b3c0eee8df2eb95e041b1f14a9052,donor_parent,dc6b9e097fdbb1cebc638561775ba07debfd2bcbae4b1e7dbb9a3812c90d1dda,net_charge_ph7_4,numeric,false,audit_metric_has_no_monotonic_improvement_direction,audit,elementary_charge,9.152,6.112,-3.039999999999999,,true,93b5ba091213f4d7402ddfcd4f1e6232c2d57ac9ed99451bcb8e4394b5e47473
vegfa,b2daa83cb55f1333a7f9dfd415544ccfaa69cc9fd1f919ebc8775cb75c3d628c,controlled_crossover,ba534cecdb465605b4b8f9c453819bc9426b3c0eee8df2eb95e041b1f14a9052,donor_parent,dc6b9e097fdbb1cebc638561775ba07debfd2bcbae4b1e7dbb9a3812c90d1dda,toxinpred3_hybrid_score,numeric,true,same_frozen_numeric_contract,minimize,dimensionless,0.015,0.3,0.285,-0.285,true,9b7c0636b90ac2ffdbdb508626f6828716b3a1db39de8d0d323eed5cf13cd439
vegfa,b2daa83cb55f1333a7f9dfd415544ccfaa69cc9fd1f919ebc8775cb75c3d628c,controlled_crossover,ba534cecdb465605b4b8f9c453819bc9426b3c0eee8df2eb95e041b1f14a9052,donor_parent,dc6b9e097fdbb1cebc638561775ba07debfd2bcbae4b1e7dbb9a3812c90d1dda,toxinpred3_label,categorical,true,same_frozen_label_contract,audit,label,Non-Toxin,Non-Toxin,,,false,f2d76c673d02b0e06013fb3497e8e97c8e2da44723a328789934727f53704fe1
vegfa,3c7f5c03e3da76d7cd916d4e84f5acf287785c29a59c8f7a3df0615d057b3b10,de_novo,1c43caf8ffef32bd360b61b3f65fee543341645245cee99ec8293039dae38c41,none,,amp_read_log10_mic_um,numeric,false,de_novo_has_no_biological_parent,,,,2.1181392557932592,,,,5d5ad6e37096c3bf8c22de4c4f5acc7e2783a6bb63bbdfa3b969c5881338fffe
vegfa,3c7f5c03e3da76d7cd916d4e84f5acf287785c29a59c8f7a3df0615d057b3b10,de_novo,1c43caf8ffef32bd360b61b3f65fee543341645245cee99ec8293039dae38c41,none,,guruprasad_instability_index,numeric,false,de_novo_has_no_biological_parent,,,,-9.611538,,,,d30e1a6f9934064908df3f7f94d09a4d380048b59ac50297133bcee8854cf580
vegfa,3c7f5c03e3da76d7cd916d4e84f5acf287785c29a59c8f7a3df0615d057b3b10,de_novo,1c43caf8ffef32bd360b61b3f65fee543341645245cee99ec8293039dae38c41,none,,hydrophobic_moment_eisenberg,numeric,false,de_novo_has_no_biological_parent,,,,0.0650660953815434,,,,053e49116acd23a474dd14e86b39485ab94e6a9b01b5f20b2fc8133a30a53fae
vegfa,3c7f5c03e3da76d7cd916d4e84f5acf287785c29a59c8f7a3df0615d057b3b10,de_novo,1c43caf8ffef32bd360b61b3f65fee543341645245cee99ec8293039dae38c41,none,,hydrophobic_ratio_modlamp,numeric,false,de_novo_has_no_biological_parent,,,,0.07692307692307693,,,,03cd54ec45b9f119f5c8e126f74a435876451375f0211f879a191fc53c51f1d0
vegfa,3c7f5c03e3da76d7cd916d4e84f5acf287785c29a59c8f7a3df0615d057b3b10,de_novo,1c43caf8ffef32bd360b61b3f65fee543341645245cee99ec8293039dae38c41,none,,llamp_log10_mic_um,numeric,false,de_novo_has_no_biological_parent,,,,1.1401156187057495,,,,b6fca508d4d46f739fb2f99484dae7afedcf6923e213269bf6e30500980b1002
vegfa,3c7f5c03e3da76d7cd916d4e84f5acf287785c29a59c8f7a3df0615d057b3b10,de_novo,1c43caf8ffef32bd360b61b3f65fee543341645245cee99ec8293039dae38c41,none,,macrel_amp_probability,numeric,false,de_novo_has_no_biological_parent,,,,0.356,,,,7fd6d141c645d9adce8086d6acddc247334cdd3aaab3713a899192849fd49660
vegfa,3c7f5c03e3da76d7cd916d4e84f5acf287785c29a59c8f7a3df0615d057b3b10,de_novo,1c43caf8ffef32bd360b61b3f65fee543341645245cee99ec8293039dae38c41,none,,macrel_hemolysis_label,categorical,false,de_novo_has_no_biological_parent,,,,low,,,,0863f8b636fb2af2d0b751be3e08f93f725cf960189204988981fe6e51e63e8b
vegfa,3c7f5c03e3da76d7cd916d4e84f5acf287785c29a59c8f7a3df0615d057b3b10,de_novo,1c43caf8ffef32bd360b61b3f65fee543341645245cee99ec8293039dae38c41,none,,macrel_hemolysis_probability,numeric,false,de_novo_has_no_biological_parent,,,,0.455,,,,56cd1c2fb44441cabea093290bad0002920e5f151429e8f9074b0218a31007bf
vegfa,3c7f5c03e3da76d7cd916d4e84f5acf287785c29a59c8f7a3df0615d057b3b10,de_novo,1c43caf8ffef32bd360b61b3f65fee543341645245cee99ec8293039dae38c41,none,,maximum_hydrophobic_run,numeric,false,de_novo_has_no_biological_parent,,,,2,,,,f5ce43035959d370bae5ddffa94ccf99ca88ea80af1da592690e8851cbb9feee
vegfa,3c7f5c03e3da76d7cd916d4e84f5acf287785c29a59c8f7a3df0615d057b3b10,de_novo,1c43caf8ffef32bd360b61b3f65fee543341645245cee99ec8293039dae38c41,none,,net_charge_ph7_4,numeric,false,de_novo_has_no_biological_parent,,,,13.066,,,,a4828623db7d897f42b4a456f583206aee817139821f5bf3c28d80e920fae611
vegfa,3c7f5c03e3da76d7cd916d4e84f5acf287785c29a59c8f7a3df0615d057b3b10,de_novo,1c43caf8ffef32bd360b61b3f65fee543341645245cee99ec8293039dae38c41,none,,toxinpred3_hybrid_score,numeric,false,de_novo_has_no_biological_parent,,,,0.0,,,,038f35de9144ffdc56cae60e8fb67b667dda016772ed5e042dc2411a0baa4885
vegfa,3c7f5c03e3da76d7cd916d4e84f5acf287785c29a59c8f7a3df0615d057b3b10,de_novo,1c43caf8ffef32bd360b61b3f65fee543341645245cee99ec8293039dae38c41,none,,toxinpred3_label,categorical,false,de_novo_has_no_biological_parent,,,,Non-Toxin,,,,fa65b556c4c66536dfbfea8aed6774eb1a0e7a8cc7039771bb3aa9026f9b6596
vegfa,0f46142981bc598bbe67f98dc24666550f247b4039fe4f0d2e64ce648247a9e5,de_novo,24258db2c7688f1b8cb13b4179148b6f44aa3e191238c4c25662c948449c33a9,none,,amp_read_log10_mic_um,numeric,false,de_novo_has_no_biological_parent,,,,2.747944462369417,,,,ef7546586b3190f8fe4640debaa1da282a53f3113758366dd00f3113a36838ff
vegfa,0f46142981bc598bbe67f98dc24666550f247b4039fe4f0d2e64ce648247a9e5,de_novo,24258db2c7688f1b8cb13b4179148b6f44aa3e191238c4c25662c948449c33a9,none,,guruprasad_instability_index,numeric,false,de_novo_has_no_biological_parent,,,,48.190909,,,,dffde870db58c34c4ebab1504249beea3e33e5fdff85f766a5393af6fddb3cd5
vegfa,0f46142981bc598bbe67f98dc24666550f247b4039fe4f0d2e64ce648247a9e5,de_novo,24258db2c7688f1b8cb13b4179148b6f44aa3e191238c4c25662c948449c33a9,none,,hydrophobic_moment_eisenberg,numeric,false,de_novo_has_no_biological_parent,,,,0.3039566460216084,,,,31a41de69d6e06054a2e65efb6eafda7fcb780329adc2d0b274ec2e1c9733ee6
vegfa,0f46142981bc598bbe67f98dc24666550f247b4039fe4f0d2e64ce648247a9e5,de_novo,24258db2c7688f1b8cb13b4179148b6f44aa3e191238c4c25662c948449c33a9,none,,hydrophobic_ratio_modlamp,numeric,false,de_novo_has_no_biological_parent,,,,0.13636363636363635,,,,219f63dd5237a4c79f1587b569668806154231302fc41cae1dfb54e2862d71bd
vegfa,0f46142981bc598bbe67f98dc24666550f247b4039fe4f0d2e64ce648247a9e5,de_novo,24258db2c7688f1b8cb13b4179148b6f44aa3e191238c4c25662c948449c33a9,none,,llamp_log10_mic_um,numeric,false,de_novo_has_no_biological_parent,,,,1.2218608856201172,,,,41b4335baffd6ac26fdefbfe8f2398d6557e7303940486b0e4b621f91e980bec
vegfa,0f46142981bc598bbe67f98dc24666550f247b4039fe4f0d2e64ce648247a9e5,de_novo,24258db2c7688f1b8cb13b4179148b6f44aa3e191238c4c25662c948449c33a9,none,,macrel_amp_probability,numeric,false,de_novo_has_no_biological_parent,,,,0.455,,,,17c7811116ef7689682fc9d3b4ba85f6fce884ccd0eac9c7537d00631b61e1a9
vegfa,0f46142981bc598bbe67f98dc24666550f247b4039fe4f0d2e64ce648247a9e5,de_novo,24258db2c7688f1b8cb13b4179148b6f44aa3e191238c4c25662c948449c33a9,none,,macrel_hemolysis_label,categorical,false,de_novo_has_no_biological_parent,,,,low,,,,c4f50c91ca84c128c581ba6f0cec449979c36aa3e10fce9cec68ccc45a05715e
vegfa,0f46142981bc598bbe67f98dc24666550f247b4039fe4f0d2e64ce648247a9e5,de_novo,24258db2c7688f1b8cb13b4179148b6f44aa3e191238c4c25662c948449c33a9,none,,macrel_hemolysis_probability,numeric,false,de_novo_has_no_biological_parent,,,,0.485,,,,c2efab0220e8e9ae2bcbd128fb4b56ff397f527d34581806d8597140d739a7d5
vegfa,0f46142981bc598bbe67f98dc24666550f247b4039fe4f0d2e64ce648247a9e5,de_novo,24258db2c7688f1b8cb13b4179148b6f44aa3e191238c4c25662c948449c33a9,none,,maximum_hydrophobic_run,numeric,false,de_novo_has_no_biological_parent,,,,1,,,,4042260c91a331b95ab710f8212f7b8f04a419daa04646dfff5b396575d56db6
vegfa,0f46142981bc598bbe67f98dc24666550f247b4039fe4f0d2e64ce648247a9e5,de_novo,24258db2c7688f1b8cb13b4179148b6f44aa3e191238c4c25662c948449c33a9,none,,net_charge_ph7_4,numeric,false,de_novo_has_no_biological_parent,,,,8.07,,,,eed43a803fb7c46e635a9237cf811c0dd9ec1ee0df446048546ccef38da05025
vegfa,0f46142981bc598bbe67f98dc24666550f247b4039fe4f0d2e64ce648247a9e5,de_novo,24258db2c7688f1b8cb13b4179148b6f44aa3e191238c4c25662c948449c33a9,none,,toxinpred3_hybrid_score,numeric,false,de_novo_has_no_biological_parent,,,,0.295,,,,5a48998f2901785adcd9ff5043b78908a565f0b58650453a48766abf7002d57d
vegfa,0f46142981bc598bbe67f98dc24666550f247b4039fe4f0d2e64ce648247a9e5,de_novo,24258db2c7688f1b8cb13b4179148b6f44aa3e191238c4c25662c948449c33a9,none,,toxinpred3_label,categorical,false,de_novo_has_no_biological_parent,,,,Non-Toxin,,,,acbaa4a3265e2c443947e2d5d091e41b0bee89d293d2d08d88b07fefd3b8ca13
vegfa,4708554028dfaa0db17876028d68cc740e0c1616f057c41f98902834f5d04858,masked_substitution,a58a604e8b6f2d5628f2e070d884623c21c346af9fde009a40e8ddaa1d1be8d6,primary_parent,02e6e8a9041d1f5e02ded66ace7f1bf8353933cb460554f7d6d4f7827ee851e3,amp_read_log10_mic_um,numeric,true,same_frozen_numeric_contract,minimize,log10(uM),0.8502392420270765,1.1001531632970656,0.24991392126998913,-0.24991392126998913,true,89e9d9a011e30a3f957e0cc6de1019730c9e33f75a258f2e3694196fa54a02e8
vegfa,4708554028dfaa0db17876028d68cc740e0c1616f057c41f98902834f5d04858,masked_substitution,a58a604e8b6f2d5628f2e070d884623c21c346af9fde009a40e8ddaa1d1be8d6,primary_parent,02e6e8a9041d1f5e02ded66ace7f1bf8353933cb460554f7d6d4f7827ee851e3,guruprasad_instability_index,numeric,true,same_frozen_numeric_contract,minimize,index,-9.308695652173913,-8.056522,1.252173652173914,-1.252173652173914,true,a3746e02e4cf585448a3b188dbbb2bcbfd78c4dbbfc2520b0773852eedc60b8b
vegfa,4708554028dfaa0db17876028d68cc740e0c1616f057c41f98902834f5d04858,masked_substitution,a58a604e8b6f2d5628f2e070d884623c21c346af9fde009a40e8ddaa1d1be8d6,primary_parent,02e6e8a9041d1f5e02ded66ace7f1bf8353933cb460554f7d6d4f7827ee851e3,hydrophobic_moment_eisenberg,numeric,false,audit_metric_has_no_monotonic_improvement_direction,audit,dimensionless,0.14056582796750103,0.125878388570003,-0.014687439397498031,,true,5ff3e8bb6f60d7af17bb1a021412716d35b2ea1148f2a30c94a0c03df4e4b508
vegfa,4708554028dfaa0db17876028d68cc740e0c1616f057c41f98902834f5d04858,masked_substitution,a58a604e8b6f2d5628f2e070d884623c21c346af9fde009a40e8ddaa1d1be8d6,primary_parent,02e6e8a9041d1f5e02ded66ace7f1bf8353933cb460554f7d6d4f7827ee851e3,hydrophobic_ratio_modlamp,numeric,false,audit_metric_has_no_monotonic_improvement_direction,audit,fraction,0.2608695652173913,0.21739130434782608,-0.043478260869565216,,true,9f7407955414a48ee0593a1417f1b8795d422d3c171b178cda4ba2ec72cf6d21
vegfa,4708554028dfaa0db17876028d68cc740e0c1616f057c41f98902834f5d04858,masked_substitution,a58a604e8b6f2d5628f2e070d884623c21c346af9fde009a40e8ddaa1d1be8d6,primary_parent,02e6e8a9041d1f5e02ded66ace7f1bf8353933cb460554f7d6d4f7827ee851e3,llamp_log10_mic_um,numeric,true,same_frozen_numeric_contract,minimize,log10(uM),1.3610467910766602,1.3782531023025513,0.017206311225891113,-0.017206311225891113,true,9eeadce7bc1e03fe29e17e0a7570ca3e55bec09ff1068afd654245d37ddf7250
vegfa,4708554028dfaa0db17876028d68cc740e0c1616f057c41f98902834f5d04858,masked_substitution,a58a604e8b6f2d5628f2e070d884623c21c346af9fde009a40e8ddaa1d1be8d6,primary_parent,02e6e8a9041d1f5e02ded66ace7f1bf8353933cb460554f7d6d4f7827ee851e3,macrel_amp_probability,numeric,true,same_frozen_numeric_contract,maximize,probability,0.584,0.495,-0.08899999999999997,-0.08899999999999997,true,8308698b4faa9dfbde09d7a71fcb3b16d82db780ff2dc3f3c7ddf9dcbbfed7f9
vegfa,4708554028dfaa0db17876028d68cc740e0c1616f057c41f98902834f5d04858,masked_substitution,a58a604e8b6f2d5628f2e070d884623c21c346af9fde009a40e8ddaa1d1be8d6,primary_parent,02e6e8a9041d1f5e02ded66ace7f1bf8353933cb460554f7d6d4f7827ee851e3,macrel_hemolysis_label,categorical,true,same_frozen_label_contract,audit,label,low,low,,,false,2e766e12428eeaecc6dfd907e51471b278fee625cf7110837ade94e3fe263442
vegfa,4708554028dfaa0db17876028d68cc740e0c1616f057c41f98902834f5d04858,masked_substitution,a58a604e8b6f2d5628f2e070d884623c21c346af9fde009a40e8ddaa1d1be8d6,primary_parent,02e6e8a9041d1f5e02ded66ace7f1bf8353933cb460554f7d6d4f7827ee851e3,macrel_hemolysis_probability,numeric,true,same_frozen_numeric_contract,minimize,probability,0.465,0.406,-0.059,0.059,true,8bd6a2deaf5322cb54e928a3e2dfd50194b989e753ed9f49a96b3c69264abeeb
vegfa,4708554028dfaa0db17876028d68cc740e0c1616f057c41f98902834f5d04858,masked_substitution,a58a604e8b6f2d5628f2e070d884623c21c346af9fde009a40e8ddaa1d1be8d6,primary_parent,02e6e8a9041d1f5e02ded66ace7f1bf8353933cb460554f7d6d4f7827ee851e3,maximum_hydrophobic_run,numeric,true,same_frozen_numeric_contract,minimize,residues,2.0,2.0,0.0,-0.0,false,b92d1560f8f6a3c73863b1af34c877a23c19e04b7d41930e042adf9cd2ed811f
vegfa,4708554028dfaa0db17876028d68cc740e0c1616f057c41f98902834f5d04858,masked_substitution,a58a604e8b6f2d5628f2e070d884623c21c346af9fde009a40e8ddaa1d1be8d6,primary_parent,02e6e8a9041d1f5e02ded66ace7f1bf8353933cb460554f7d6d4f7827ee851e3,net_charge_ph7_4,numeric,false,audit_metric_has_no_monotonic_improvement_direction,audit,elementary_charge,6.112,6.112,0.0,,false,7a63d85c242e24825c8014a5023363dc1d015a18a4b2916666925c9e8e9deee8
vegfa,4708554028dfaa0db17876028d68cc740e0c1616f057c41f98902834f5d04858,masked_substitution,a58a604e8b6f2d5628f2e070d884623c21c346af9fde009a40e8ddaa1d1be8d6,primary_parent,02e6e8a9041d1f5e02ded66ace7f1bf8353933cb460554f7d6d4f7827ee851e3,toxinpred3_hybrid_score,numeric,true,same_frozen_numeric_contract,minimize,dimensionless,0.0,0.0,0.0,-0.0,false,0dc2d406553ecb5bc7d0888ee614d2b272e95c3c2183817e2375408cc00c5297
vegfa,4708554028dfaa0db17876028d68cc740e0c1616f057c41f98902834f5d04858,masked_substitution,a58a604e8b6f2d5628f2e070d884623c21c346af9fde009a40e8ddaa1d1be8d6,primary_parent,02e6e8a9041d1f5e02ded66ace7f1bf8353933cb460554f7d6d4f7827ee851e3,toxinpred3_label,categorical,true,same_frozen_label_contract,audit,label,Non-Toxin,Non-Toxin,,,false,c46d6f1de7d283b93fddbcd91e3d04991c4dd0350608367a22be3d1a48b92896
vegfa,c73ef623ae1ab64452b116507743f922c5ac987aa7ba3db429ddd39863c2c7ca,controlled_crossover,09d1b8b82337c1cd7c987fd9010bf1f3672539c6358c9093243eadc4d93b28b5,primary_parent,40288af76d68eea8606867b3bd54c2b590ee6b967b2662476f31405f336ff9a6,amp_read_log10_mic_um,numeric,true,same_frozen_numeric_contract,minimize,log10(uM),1.0366670635933637,1.2352659498270546,0.19859888623369093,-0.19859888623369093,true,f4dd9e4e3d232fea72007a0d9476b5d19e480bf14e73eee27c670fc91486b320
vegfa,c73ef623ae1ab64452b116507743f922c5ac987aa7ba3db429ddd39863c2c7ca,controlled_crossover,09d1b8b82337c1cd7c987fd9010bf1f3672539c6358c9093243eadc4d93b28b5,primary_parent,40288af76d68eea8606867b3bd54c2b590ee6b967b2662476f31405f336ff9a6,guruprasad_instability_index,numeric,true,same_frozen_numeric_contract,minimize,index,-4.365217391304348,-8.056522,-3.691304608695651,3.691304608695651,true,644167669ed135e94756a2291626dfb47ad7846d51e389070c10f085106628ef
vegfa,c73ef623ae1ab64452b116507743f922c5ac987aa7ba3db429ddd39863c2c7ca,controlled_crossover,09d1b8b82337c1cd7c987fd9010bf1f3672539c6358c9093243eadc4d93b28b5,primary_parent,40288af76d68eea8606867b3bd54c2b590ee6b967b2662476f31405f336ff9a6,hydrophobic_moment_eisenberg,numeric,false,audit_metric_has_no_monotonic_improvement_direction,audit,dimensionless,0.23937796328158523,0.15080483681543722,-0.08857312646614801,,true,599b812592b49a3c09aed0f30dbea2245c53219341211d40f2ee487ed7bbbd68
vegfa,c73ef623ae1ab64452b116507743f922c5ac987aa7ba3db429ddd39863c2c7ca,controlled_crossover,09d1b8b82337c1cd7c987fd9010bf1f3672539c6358c9093243eadc4d93b28b5,primary_parent,40288af76d68eea8606867b3bd54c2b590ee6b967b2662476f31405f336ff9a6,hydrophobic_ratio_modlamp,numeric,false,audit_metric_has_no_monotonic_improvement_direction,audit,fraction,0.21739130434782608,0.08695652173913043,-0.13043478260869565,,true,a6235eaf36a76e90578923a3392a46ec015ca9d103b009bde94f0b91469560bb
vegfa,c73ef623ae1ab64452b116507743f922c5ac987aa7ba3db429ddd39863c2c7ca,controlled_crossover,09d1b8b82337c1cd7c987fd9010bf1f3672539c6358c9093243eadc4d93b28b5,primary_parent,40288af76d68eea8606867b3bd54c2b590ee6b967b2662476f31405f336ff9a6,llamp_log10_mic_um,numeric,true,same_frozen_numeric_contract,minimize,log10(uM),1.3088847398757935,1.4293326139450073,0.12044787406921387,-0.12044787406921387,true,c3d8f6c35128d4dc2376e701d834a69eb5a5d895fe49075d5c4f7345f3ed6dfa
vegfa,c73ef623ae1ab64452b116507743f922c5ac987aa7ba3db429ddd39863c2c7ca,controlled_crossover,09d1b8b82337c1cd7c987fd9010bf1f3672539c6358c9093243eadc4d93b28b5,primary_parent,40288af76d68eea8606867b3bd54c2b590ee6b967b2662476f31405f336ff9a6,macrel_amp_probability,numeric,true,same_frozen_numeric_contract,maximize,probability,0.511,0.356,-0.15500000000000003,-0.15500000000000003,true,c9db67fec883f35d37d5dec7014c586a9513070e8198915996358e7997288ef9
vegfa,c73ef623ae1ab64452b116507743f922c5ac987aa7ba3db429ddd39863c2c7ca,controlled_crossover,09d1b8b82337c1cd7c987fd9010bf1f3672539c6358c9093243eadc4d93b28b5,primary_parent,40288af76d68eea8606867b3bd54c2b590ee6b967b2662476f31405f336ff9a6,macrel_hemolysis_label,categorical,true,same_frozen_label_contract,audit,label,low,low,,,false,22bd0ae34659c3a433a51859bc09058f175f0f03ebd5b160d3eb0e2fb890fd80
vegfa,c73ef623ae1ab64452b116507743f922c5ac987aa7ba3db429ddd39863c2c7ca,controlled_crossover,09d1b8b82337c1cd7c987fd9010bf1f3672539c6358c9093243eadc4d93b28b5,primary_parent,40288af76d68eea8606867b3bd54c2b590ee6b967b2662476f31405f336ff9a6,macrel_hemolysis_probability,numeric,true,same_frozen_numeric_contract,minimize,probability,0.455,0.396,-0.059,0.059,true,d1ae5895a480a38eec8788143d3f92ae9593a9f731bd332f81312d3797bc988c
vegfa,c73ef623ae1ab64452b116507743f922c5ac987aa7ba3db429ddd39863c2c7ca,controlled_crossover,09d1b8b82337c1cd7c987fd9010bf1f3672539c6358c9093243eadc4d93b28b5,primary_parent,40288af76d68eea8606867b3bd54c2b590ee6b967b2662476f31405f336ff9a6,maximum_hydrophobic_run,numeric,true,same_frozen_numeric_contract,minimize,residues,2.0,1.0,-1.0,1.0,true,6496e72e00b9c7d549412ee4938f6fa8ee80f0d9cc503438f4e3efdc2c21089c
vegfa,c73ef623ae1ab64452b116507743f922c5ac987aa7ba3db429ddd39863c2c7ca,controlled_crossover,09d1b8b82337c1cd7c987fd9010bf1f3672539c6358c9093243eadc4d93b28b5,primary_parent,40288af76d68eea8606867b3bd54c2b590ee6b967b2662476f31405f336ff9a6,net_charge_ph7_4,numeric,false,audit_metric_has_no_monotonic_improvement_direction,audit,elementary_charge,6.112,8.111,1.9990000000000006,,true,de023505d6c2c658f106112728ac86ce8690c9bbf8ae6e1c303d79c9b7c3f68e
vegfa,c73ef623ae1ab64452b116507743f922c5ac987aa7ba3db429ddd39863c2c7ca,controlled_crossover,09d1b8b82337c1cd7c987fd9010bf1f3672539c6358c9093243eadc4d93b28b5,primary_parent,40288af76d68eea8606867b3bd54c2b590ee6b967b2662476f31405f336ff9a6,toxinpred3_hybrid_score,numeric,true,same_frozen_numeric_contract,minimize,dimensionless,0.0,0.395,0.395,-0.395,true,460b606477c61b48ad8da66db71b0bb68aa3790fa56fe9702215e5cf5eb973d0
vegfa,c73ef623ae1ab64452b116507743f922c5ac987aa7ba3db429ddd39863c2c7ca,controlled_crossover,09d1b8b82337c1cd7c987fd9010bf1f3672539c6358c9093243eadc4d93b28b5,primary_parent,40288af76d68eea8606867b3bd54c2b590ee6b967b2662476f31405f336ff9a6,toxinpred3_label,categorical,true,same_frozen_label_contract,audit,label,Non-Toxin,Toxin,,,true,ad4683501f4474e0b614dca3cd7eac2afd059d88c286fc7f3b10fd0e582c1f32
vegfa,c73ef623ae1ab64452b116507743f922c5ac987aa7ba3db429ddd39863c2c7ca,controlled_crossover,09d1b8b82337c1cd7c987fd9010bf1f3672539c6358c9093243eadc4d93b28b5,donor_parent,dc6b9e097fdbb1cebc638561775ba07debfd2bcbae4b1e7dbb9a3812c90d1dda,amp_read_log10_mic_um,numeric,true,same_frozen_numeric_contract,minimize,log10(uM),1.4326805721868476,1.2352659498270546,-0.197414622359793,0.197414622359793,true,e5e7a4ed65a71870b1e588be9caa190f153e889fd23eb04a55d77567840926dd
vegfa,c73ef623ae1ab64452b116507743f922c5ac987aa7ba3db429ddd39863c2c7ca,controlled_crossover,09d1b8b82337c1cd7c987fd9010bf1f3672539c6358c9093243eadc4d93b28b5,donor_parent,dc6b9e097fdbb1cebc638561775ba07debfd2bcbae4b1e7dbb9a3812c90d1dda,guruprasad_instability_index,numeric,true,same_frozen_numeric_contract,minimize,index,8.988461538461536,-8.056522,-17.044983538461537,17.044983538461537,true,057efb96cb9cb94da769738a0f8acdca41cbb964086b181c7d1870eca2034b33
vegfa,c73ef623ae1ab64452b116507743f922c5ac987aa7ba3db429ddd39863c2c7ca,controlled_crossover,09d1b8b82337c1cd7c987fd9010bf1f3672539c6358c9093243eadc4d93b28b5,donor_parent,dc6b9e097fdbb1cebc638561775ba07debfd2bcbae4b1e7dbb9a3812c90d1dda,hydrophobic_moment_eisenberg,numeric,false,audit_metric_has_no_monotonic_improvement_direction,audit,dimensionless,0.05669057760399849,0.15080483681543722,0.09411425921143873,,true,37014a69cd0a294b8b527490ad196079e53623cdd4fe8936ccb850c082b861e4
vegfa,c73ef623ae1ab64452b116507743f922c5ac987aa7ba3db429ddd39863c2c7ca,controlled_crossover,09d1b8b82337c1cd7c987fd9010bf1f3672539c6358c9093243eadc4d93b28b5,donor_parent,dc6b9e097fdbb1cebc638561775ba07debfd2bcbae4b1e7dbb9a3812c90d1dda,hydrophobic_ratio_modlamp,numeric,false,audit_metric_has_no_monotonic_improvement_direction,audit,fraction,0.07692307692307693,0.08695652173913043,0.010033444816053505,,true,5f859073453b55272bdd61865fd21b3960a82cdb66fd27f7a3498296902f998c
vegfa,c73ef623ae1ab64452b116507743f922c5ac987aa7ba3db429ddd39863c2c7ca,controlled_crossover,09d1b8b82337c1cd7c987fd9010bf1f3672539c6358c9093243eadc4d93b28b5,donor_parent,dc6b9e097fdbb1cebc638561775ba07debfd2bcbae4b1e7dbb9a3812c90d1dda,llamp_log10_mic_um,numeric,true,same_frozen_numeric_contract,minimize,log10(uM),0.7191438674926758,1.4293326139450073,0.7101887464523315,-0.7101887464523315,true,4e3169a040f519bb6fe6908e987d798352476f387d588c5c3b495ee18b80e94b
vegfa,c73ef623ae1ab64452b116507743f922c5ac987aa7ba3db429ddd39863c2c7ca,controlled_crossover,09d1b8b82337c1cd7c987fd9010bf1f3672539c6358c9093243eadc4d93b28b5,donor_parent,dc6b9e097fdbb1cebc638561775ba07debfd2bcbae4b1e7dbb9a3812c90d1dda,macrel_amp_probability,numeric,true,same_frozen_numeric_contract,maximize,probability,0.535,0.356,-0.17900000000000005,-0.17900000000000005,true,1d34408f914826fa1669c885913eeef4a9841dcc066327a58ab6891ce0868dc6
vegfa,c73ef623ae1ab64452b116507743f922c5ac987aa7ba3db429ddd39863c2c7ca,controlled_crossover,09d1b8b82337c1cd7c987fd9010bf1f3672539c6358c9093243eadc4d93b28b5,donor_parent,dc6b9e097fdbb1cebc638561775ba07debfd2bcbae4b1e7dbb9a3812c90d1dda,macrel_hemolysis_label,categorical,true,same_frozen_label_contract,audit,label,low,low,,,false,de91d451558bc4d8cec74716cd42ad70b37a92a756351f8f8eaca73235d6de1b
vegfa,c73ef623ae1ab64452b116507743f922c5ac987aa7ba3db429ddd39863c2c7ca,controlled_crossover,09d1b8b82337c1cd7c987fd9010bf1f3672539c6358c9093243eadc4d93b28b5,donor_parent,dc6b9e097fdbb1cebc638561775ba07debfd2bcbae4b1e7dbb9a3812c90d1dda,macrel_hemolysis_probability,numeric,true,same_frozen_numeric_contract,minimize,probability,0.386,0.396,0.010000000000000009,-0.010000000000000009,true,e2817851e66e8c22ab5877c3eb034d318c07881157b9f9f51f88e8a43b934e6c
vegfa,c73ef623ae1ab64452b116507743f922c5ac987aa7ba3db429ddd39863c2c7ca,controlled_crossover,09d1b8b82337c1cd7c987fd9010bf1f3672539c6358c9093243eadc4d93b28b5,donor_parent,dc6b9e097fdbb1cebc638561775ba07debfd2bcbae4b1e7dbb9a3812c90d1dda,maximum_hydrophobic_run,numeric,true,same_frozen_numeric_contract,minimize,residues,2.0,1.0,-1.0,1.0,true,b8dd57d17ecefe285758788e1ebaba48b8f44600fc11e427ca294c7706e74486
vegfa,c73ef623ae1ab64452b116507743f922c5ac987aa7ba3db429ddd39863c2c7ca,controlled_crossover,09d1b8b82337c1cd7c987fd9010bf1f3672539c6358c9093243eadc4d93b28b5,donor_parent,dc6b9e097fdbb1cebc638561775ba07debfd2bcbae4b1e7dbb9a3812c90d1dda,net_charge_ph7_4,numeric,false,audit_metric_has_no_monotonic_improvement_direction,audit,elementary_charge,9.152,8.111,-1.0409999999999986,,true,a5ad87167cee1be07a896baa0432b62ab2b793f9653035823e7fb36d7872bfb0
vegfa,c73ef623ae1ab64452b116507743f922c5ac987aa7ba3db429ddd39863c2c7ca,controlled_crossover,09d1b8b82337c1cd7c987fd9010bf1f3672539c6358c9093243eadc4d93b28b5,donor_parent,dc6b9e097fdbb1cebc638561775ba07debfd2bcbae4b1e7dbb9a3812c90d1dda,toxinpred3_hybrid_score,numeric,true,same_frozen_numeric_contract,minimize,dimensionless,0.015,0.395,0.38,-0.38,true,b8beb342c1f1743ac6f1cffd89ea36de3607f3449d6d7ad71004de4ab8199a7e
vegfa,c73ef623ae1ab64452b116507743f922c5ac987aa7ba3db429ddd39863c2c7ca,controlled_crossover,09d1b8b82337c1cd7c987fd9010bf1f3672539c6358c9093243eadc4d93b28b5,donor_parent,dc6b9e097fdbb1cebc638561775ba07debfd2bcbae4b1e7dbb9a3812c90d1dda,toxinpred3_label,categorical,true,same_frozen_label_contract,audit,label,Non-Toxin,Toxin,,,true,fddfca3d31ad5445bb1998c221b71253e3f45b38ff9e2e8fca899ac95c4ff795
vegfa,14799879314f9791f07e9db3e382f8d4a42c65e98c92db6509007a4df50dfb4f,de_novo,d7c4ceedcc4eb2d6c3f58f65f359e305ba2bc58f63524d2ccaa620cade8fe8b0,none,,amp_read_log10_mic_um,numeric,false,de_novo_has_no_biological_parent,,,,1.1018414543613733,,,,3595188946a577de54fbdc64b68c3e2b6f37112f7dae6fccbc87e03ce7b6acaa
vegfa,14799879314f9791f07e9db3e382f8d4a42c65e98c92db6509007a4df50dfb4f,de_novo,d7c4ceedcc4eb2d6c3f58f65f359e305ba2bc58f63524d2ccaa620cade8fe8b0,none,,guruprasad_instability_index,numeric,false,de_novo_has_no_biological_parent,,,,-10.334615,,,,7ab9155f832fc89df48da826757f953375e7656b399f482a8b4cf9fd0fd05dd2
vegfa,14799879314f9791f07e9db3e382f8d4a42c65e98c92db6509007a4df50dfb4f,de_novo,d7c4ceedcc4eb2d6c3f58f65f359e305ba2bc58f63524d2ccaa620cade8fe8b0,none,,hydrophobic_moment_eisenberg,numeric,false,de_novo_has_no_biological_parent,,,,0.2078703907116721,,,,e28e20a527dec8baabc7c5b4884e4dd8223cbbb1b0bd488c09894c9c8e51139b
vegfa,14799879314f9791f07e9db3e382f8d4a42c65e98c92db6509007a4df50dfb4f,de_novo,d7c4ceedcc4eb2d6c3f58f65f359e305ba2bc58f63524d2ccaa620cade8fe8b0,none,,hydrophobic_ratio_modlamp,numeric,false,de_novo_has_no_biological_parent,,,,0.23076923076923078,,,,ab12271c5dc595e5e0848702bec606f503fb3541d298f1c002c5c7205c27a2d0
vegfa,14799879314f9791f07e9db3e382f8d4a42c65e98c92db6509007a4df50dfb4f,de_novo,d7c4ceedcc4eb2d6c3f58f65f359e305ba2bc58f63524d2ccaa620cade8fe8b0,none,,llamp_log10_mic_um,numeric,false,de_novo_has_no_biological_parent,,,,0.693305253982544,,,,a884e238ffcd7f6a224c14d2f80cda23f6d180fdb7ca088751a6536a6dccff46
vegfa,14799879314f9791f07e9db3e382f8d4a42c65e98c92db6509007a4df50dfb4f,de_novo,d7c4ceedcc4eb2d6c3f58f65f359e305ba2bc58f63524d2ccaa620cade8fe8b0,none,,macrel_amp_probability,numeric,false,de_novo_has_no_biological_parent,,,,0.406,,,,6af738d20365fcfad95127023199f516ba34eef7707675d9556c4f37a72c9abc
vegfa,14799879314f9791f07e9db3e382f8d4a42c65e98c92db6509007a4df50dfb4f,de_novo,d7c4ceedcc4eb2d6c3f58f65f359e305ba2bc58f63524d2ccaa620cade8fe8b0,none,,macrel_hemolysis_label,categorical,false,de_novo_has_no_biological_parent,,,,low,,,,1d1fbd6d2be8e9467949663991e7ce172fb7958b74aacadde2c5e6f250de95a4
vegfa,14799879314f9791f07e9db3e382f8d4a42c65e98c92db6509007a4df50dfb4f,de_novo,d7c4ceedcc4eb2d6c3f58f65f359e305ba2bc58f63524d2ccaa620cade8fe8b0,none,,macrel_hemolysis_probability,numeric,false,de_novo_has_no_biological_parent,,,,0.485,,,,2e8e584f10d51d3cf7eaf6d6f4f6b84a71f7d4384f0e47b2e911c6fb49df018c
vegfa,14799879314f9791f07e9db3e382f8d4a42c65e98c92db6509007a4df50dfb4f,de_novo,d7c4ceedcc4eb2d6c3f58f65f359e305ba2bc58f63524d2ccaa620cade8fe8b0,none,,maximum_hydrophobic_run,numeric,false,de_novo_has_no_biological_parent,,,,2,,,,e7fba1cb9915b9df624c4483bd8f82152c0869611a684baaac4208333ee55067
vegfa,14799879314f9791f07e9db3e382f8d4a42c65e98c92db6509007a4df50dfb4f,de_novo,d7c4ceedcc4eb2d6c3f58f65f359e305ba2bc58f63524d2ccaa620cade8fe8b0,none,,net_charge_ph7_4,numeric,false,de_novo_has_no_biological_parent,,,,14.983,,,,ec03996e5bb5bc1edbb82e6e57786070356cd46a9506bc25a073e4895de5f8db
vegfa,14799879314f9791f07e9db3e382f8d4a42c65e98c92db6509007a4df50dfb4f,de_novo,d7c4ceedcc4eb2d6c3f58f65f359e305ba2bc58f63524d2ccaa620cade8fe8b0,none,,toxinpred3_hybrid_score,numeric,false,de_novo_has_no_biological_parent,,,,0.445,,,,0109578079a1ca95d92afc640f0dc197cead92b23953779d86d6deaa98d31a5e
vegfa,14799879314f9791f07e9db3e382f8d4a42c65e98c92db6509007a4df50dfb4f,de_novo,d7c4ceedcc4eb2d6c3f58f65f359e305ba2bc58f63524d2ccaa620cade8fe8b0,none,,toxinpred3_label,categorical,false,de_novo_has_no_biological_parent,,,,Toxin,,,,532800096ea43006cbfee6579734730405054e27ecadf65866d791ca2699bc2b
vegfa,bcf4ddb2b627d4ddca9ae65c0c66d21d76238f7d9f842b88d8cd411007e97bfe,de_novo,0521c3befde628f888e8f473e487b1f75a6478f3a1566f0d4fedbf9cb73de487,none,,amp_read_log10_mic_um,numeric,false,de_novo_has_no_biological_parent,,,,1.9209805916531073,,,,51b4fa885ef6b001207d037827ae2c7deaaf0ca13473bab44ce829427080ae32
vegfa,bcf4ddb2b627d4ddca9ae65c0c66d21d76238f7d9f842b88d8cd411007e97bfe,de_novo,0521c3befde628f888e8f473e487b1f75a6478f3a1566f0d4fedbf9cb73de487,none,,guruprasad_instability_index,numeric,false,de_novo_has_no_biological_parent,,,,20.704762,,,,f66ed398fbb2b3c408ea7afd820c0feba4141ae17451b32d203059350a149282
vegfa,bcf4ddb2b627d4ddca9ae65c0c66d21d76238f7d9f842b88d8cd411007e97bfe,de_novo,0521c3befde628f888e8f473e487b1f75a6478f3a1566f0d4fedbf9cb73de487,none,,hydrophobic_moment_eisenberg,numeric,false,de_novo_has_no_biological_parent,,,,0.156253861126547,,,,2cc3ed9913e7fe3a94b78214d74b9de5fa81b5224a72bd34eea0e79dce4e8750
vegfa,bcf4ddb2b627d4ddca9ae65c0c66d21d76238f7d9f842b88d8cd411007e97bfe,de_novo,0521c3befde628f888e8f473e487b1f75a6478f3a1566f0d4fedbf9cb73de487,none,,hydrophobic_ratio_modlamp,numeric,false,de_novo_has_no_biological_parent,,,,0.047619047619047616,,,,f65ad6e7fa72a97881d8aff098ba94bd2b2626cbb9418a19873e26573427f25e
vegfa,bcf4ddb2b627d4ddca9ae65c0c66d21d76238f7d9f842b88d8cd411007e97bfe,de_novo,0521c3befde628f888e8f473e487b1f75a6478f3a1566f0d4fedbf9cb73de487,none,,llamp_log10_mic_um,numeric,false,de_novo_has_no_biological_parent,,,,2.021120548248291,,,,93e81885ec2ffc72b778fd78aecae4c6efbbc4c0209b7402b5bc8355eb117247
vegfa,bcf4ddb2b627d4ddca9ae65c0c66d21d76238f7d9f842b88d8cd411007e97bfe,de_novo,0521c3befde628f888e8f473e487b1f75a6478f3a1566f0d4fedbf9cb73de487,none,,macrel_amp_probability,numeric,false,de_novo_has_no_biological_parent,,,,0.386,,,,fce985a2742f7c719633f5816f77c5d3165c78eb1fac6fc956c14513b02fd95c
vegfa,bcf4ddb2b627d4ddca9ae65c0c66d21d76238f7d9f842b88d8cd411007e97bfe,de_novo,0521c3befde628f888e8f473e487b1f75a6478f3a1566f0d4fedbf9cb73de487,none,,macrel_hemolysis_label,categorical,false,de_novo_has_no_biological_parent,,,,low,,,,077b7921f401e35df14f784e14305f56e7a0ad06c43f346c558550747ef9677c
vegfa,bcf4ddb2b627d4ddca9ae65c0c66d21d76238f7d9f842b88d8cd411007e97bfe,de_novo,0521c3befde628f888e8f473e487b1f75a6478f3a1566f0d4fedbf9cb73de487,none,,macrel_hemolysis_probability,numeric,false,de_novo_has_no_biological_parent,,,,0.426,,,,9f77a9cc9b1edf7ca6bf54330e53f681ab4bff4f9098b1ec882a65821b2c0863
vegfa,bcf4ddb2b627d4ddca9ae65c0c66d21d76238f7d9f842b88d8cd411007e97bfe,de_novo,0521c3befde628f888e8f473e487b1f75a6478f3a1566f0d4fedbf9cb73de487,none,,maximum_hydrophobic_run,numeric,false,de_novo_has_no_biological_parent,,,,1,,,,d525cf7065af9b2019b280ba8c2b8e42cd3bbef1052399bc3ba35656d322ed66
vegfa,bcf4ddb2b627d4ddca9ae65c0c66d21d76238f7d9f842b88d8cd411007e97bfe,de_novo,0521c3befde628f888e8f473e487b1f75a6478f3a1566f0d4fedbf9cb73de487,none,,net_charge_ph7_4,numeric,false,de_novo_has_no_biological_parent,,,,5.113,,,,d687ac335c793a0c51415e277ae9dd8b5f92506e83ee42a52991174aa9bc0819
vegfa,bcf4ddb2b627d4ddca9ae65c0c66d21d76238f7d9f842b88d8cd411007e97bfe,de_novo,0521c3befde628f888e8f473e487b1f75a6478f3a1566f0d4fedbf9cb73de487,none,,toxinpred3_hybrid_score,numeric,false,de_novo_has_no_biological_parent,,,,0.33,,,,712400992d4d75d651e8a423d8d1ac21f0459b50c4ca21d6ca2b484504b49795
vegfa,bcf4ddb2b627d4ddca9ae65c0c66d21d76238f7d9f842b88d8cd411007e97bfe,de_novo,0521c3befde628f888e8f473e487b1f75a6478f3a1566f0d4fedbf9cb73de487,none,,toxinpred3_label,categorical,false,de_novo_has_no_biological_parent,,,,Non-Toxin,,,,2eb213c777c298f60df06b80ed5baaf06c39c1e16960e6366a0ac0adc1a5359b
vegfa,6f17cea4148ed546f0f4d508c65c1d8820adb5ff1a6596c5fe9856f7d2eaca6b,masked_substitution,013e367fe0f1f7b22b6410e0dad19a180623cf7cd296fc9b7a6cdbb94161e888,primary_parent,02e6e8a9041d1f5e02ded66ace7f1bf8353933cb460554f7d6d4f7827ee851e3,amp_read_log10_mic_um,numeric,true,same_frozen_numeric_contract,minimize,log10(uM),0.8502392420270765,1.0713524935045613,0.22111325147748484,-0.22111325147748484,true,94d623f97958318b7e24b1e040a9b3bb68dcf805a67c6c38284c33c303fc6075
vegfa,6f17cea4148ed546f0f4d508c65c1d8820adb5ff1a6596c5fe9856f7d2eaca6b,masked_substitution,013e367fe0f1f7b22b6410e0dad19a180623cf7cd296fc9b7a6cdbb94161e888,primary_parent,02e6e8a9041d1f5e02ded66ace7f1bf8353933cb460554f7d6d4f7827ee851e3,guruprasad_instability_index,numeric,true,same_frozen_numeric_contract,minimize,index,-9.308695652173913,-8.056522,1.252173652173914,-1.252173652173914,true,899d2358bee4b2f7eb8df87f2f711cdce23d15166446b0c50ca652abd6a6b303
vegfa,6f17cea4148ed546f0f4d508c65c1d8820adb5ff1a6596c5fe9856f7d2eaca6b,masked_substitution,013e367fe0f1f7b22b6410e0dad19a180623cf7cd296fc9b7a6cdbb94161e888,primary_parent,02e6e8a9041d1f5e02ded66ace7f1bf8353933cb460554f7d6d4f7827ee851e3,hydrophobic_moment_eisenberg,numeric,false,audit_metric_has_no_monotonic_improvement_direction,audit,dimensionless,0.14056582796750103,0.12754101849987073,-0.013024809467630294,,true,b2e814739f6abb61e73d40de69027b12ef2aff82f32cef44da512550a4321d7f
vegfa,6f17cea4148ed546f0f4d508c65c1d8820adb5ff1a6596c5fe9856f7d2eaca6b,masked_substitution,013e367fe0f1f7b22b6410e0dad19a180623cf7cd296fc9b7a6cdbb94161e888,primary_parent,02e6e8a9041d1f5e02ded66ace7f1bf8353933cb460554f7d6d4f7827ee851e3,hydrophobic_ratio_modlamp,numeric,false,audit_metric_has_no_monotonic_improvement_direction,audit,fraction,0.2608695652173913,0.21739130434782608,-0.043478260869565216,,true,f5542263163b9593a5a5f1685a1f40539518d2416de79f74017fec9856ebb699
vegfa,6f17cea4148ed546f0f4d508c65c1d8820adb5ff1a6596c5fe9856f7d2eaca6b,masked_substitution,013e367fe0f1f7b22b6410e0dad19a180623cf7cd296fc9b7a6cdbb94161e888,primary_parent,02e6e8a9041d1f5e02ded66ace7f1bf8353933cb460554f7d6d4f7827ee851e3,llamp_log10_mic_um,numeric,true,same_frozen_numeric_contract,minimize,log10(uM),1.3610467910766602,1.4509825706481934,0.0899357795715332,-0.0899357795715332,true,dc58a1a7d1e1a45b3003de5e282fc77127e44ca1bf7cf78a4238e05ad8deace8
vegfa,6f17cea4148ed546f0f4d508c65c1d8820adb5ff1a6596c5fe9856f7d2eaca6b,masked_substitution,013e367fe0f1f7b22b6410e0dad19a180623cf7cd296fc9b7a6cdbb94161e888,primary_parent,02e6e8a9041d1f5e02ded66ace7f1bf8353933cb460554f7d6d4f7827ee851e3,macrel_amp_probability,numeric,true,same_frozen_numeric_contract,maximize,probability,0.584,0.455,-0.12899999999999995,-0.12899999999999995,true,98a352ede140767e7a4d56e8af42b15c6785274da58a3c83d0ff1fc69da635a7
vegfa,6f17cea4148ed546f0f4d508c65c1d8820adb5ff1a6596c5fe9856f7d2eaca6b,masked_substitution,013e367fe0f1f7b22b6410e0dad19a180623cf7cd296fc9b7a6cdbb94161e888,primary_parent,02e6e8a9041d1f5e02ded66ace7f1bf8353933cb460554f7d6d4f7827ee851e3,macrel_hemolysis_label,categorical,true,same_frozen_label_contract,audit,label,low,low,,,false,d4d1440e01acbfc705a504f905a265801704a985f7668cbd69f667568ee2c69b
vegfa,6f17cea4148ed546f0f4d508c65c1d8820adb5ff1a6596c5fe9856f7d2eaca6b,masked_substitution,013e367fe0f1f7b22b6410e0dad19a180623cf7cd296fc9b7a6cdbb94161e888,primary_parent,02e6e8a9041d1f5e02ded66ace7f1bf8353933cb460554f7d6d4f7827ee851e3,macrel_hemolysis_probability,numeric,true,same_frozen_numeric_contract,minimize,probability,0.465,0.386,-0.07900000000000001,0.07900000000000001,true,f3481b8be58df991da4f41d93f13fa786c53ced60ef2fd16e79f7fc138af1302
vegfa,6f17cea4148ed546f0f4d508c65c1d8820adb5ff1a6596c5fe9856f7d2eaca6b,masked_substitution,013e367fe0f1f7b22b6410e0dad19a180623cf7cd296fc9b7a6cdbb94161e888,primary_parent,02e6e8a9041d1f5e02ded66ace7f1bf8353933cb460554f7d6d4f7827ee851e3,maximum_hydrophobic_run,numeric,true,same_frozen_numeric_contract,minimize,residues,2.0,2.0,0.0,-0.0,false,56cf212ccb427ff13b74e708378c36100a2f7f4019cb091fc3be15c0f28cd642
vegfa,6f17cea4148ed546f0f4d508c65c1d8820adb5ff1a6596c5fe9856f7d2eaca6b,masked_substitution,013e367fe0f1f7b22b6410e0dad19a180623cf7cd296fc9b7a6cdbb94161e888,primary_parent,02e6e8a9041d1f5e02ded66ace7f1bf8353933cb460554f7d6d4f7827ee851e3,net_charge_ph7_4,numeric,false,audit_metric_has_no_monotonic_improvement_direction,audit,elementary_charge,6.112,6.112,0.0,,false,684d54192a48e4e37dfd24fce20893fb90a9d82a6872cae775fa2eb34f9f5533
vegfa,6f17cea4148ed546f0f4d508c65c1d8820adb5ff1a6596c5fe9856f7d2eaca6b,masked_substitution,013e367fe0f1f7b22b6410e0dad19a180623cf7cd296fc9b7a6cdbb94161e888,primary_parent,02e6e8a9041d1f5e02ded66ace7f1bf8353933cb460554f7d6d4f7827ee851e3,toxinpred3_hybrid_score,numeric,true,same_frozen_numeric_contract,minimize,dimensionless,0.0,0.0,0.0,-0.0,false,3c8ed1b55062f06b10f29622f4852a639cc219ad2ab6357f54b987d445f2888b
vegfa,6f17cea4148ed546f0f4d508c65c1d8820adb5ff1a6596c5fe9856f7d2eaca6b,masked_substitution,013e367fe0f1f7b22b6410e0dad19a180623cf7cd296fc9b7a6cdbb94161e888,primary_parent,02e6e8a9041d1f5e02ded66ace7f1bf8353933cb460554f7d6d4f7827ee851e3,toxinpred3_label,categorical,true,same_frozen_label_contract,audit,label,Non-Toxin,Non-Toxin,,,false,d4f3e590f5cdacf7c8ee9344a658da57c3afcd95d99a93e39c16ae90a7a8701a
vegfa,4b3a6dcd36259a0b512bb75eebf92fa954734f6ade3596edf3b125f53781ba0b,controlled_crossover,287e1960e09e8e29dee48d75f5f391ad7bd315f5293f92776a786efa3b46c8d8,primary_parent,5bb1620e8df9873d69294786b12a4a564aac84f6200820fd0e4b0dc2f39982d4,amp_read_log10_mic_um,numeric,true,same_frozen_numeric_contract,minimize,log10(uM),0.9090169459541058,1.207567305008137,0.29855035905403127,-0.29855035905403127,true,23e01136101bd67f5f8bcc2961f0bb863cc24f6e2d5c3225fa3d86737dc55aa7
vegfa,4b3a6dcd36259a0b512bb75eebf92fa954734f6ade3596edf3b125f53781ba0b,controlled_crossover,287e1960e09e8e29dee48d75f5f391ad7bd315f5293f92776a786efa3b46c8d8,primary_parent,5bb1620e8df9873d69294786b12a4a564aac84f6200820fd0e4b0dc2f39982d4,guruprasad_instability_index,numeric,true,same_frozen_numeric_contract,minimize,index,-5.6173913043478265,-8.056522,-2.4391306956521728,2.4391306956521728,true,e69a712dd1b7f96547979231734c85a5af83cf9c954f7835a72c28ed00e7a1b0
vegfa,4b3a6dcd36259a0b512bb75eebf92fa954734f6ade3596edf3b125f53781ba0b,controlled_crossover,287e1960e09e8e29dee48d75f5f391ad7bd315f5293f92776a786efa3b46c8d8,primary_parent,5bb1620e8df9873d69294786b12a4a564aac84f6200820fd0e4b0dc2f39982d4,hydrophobic_moment_eisenberg,numeric,false,audit_metric_has_no_monotonic_improvement_direction,audit,dimensionless,0.1821248502999208,0.08892908525049412,-0.09319576504942667,,true,c8c4638727074ed7ebb082802dc929c4fe385a4e0a87930b320837a6c5364c8c
vegfa,4b3a6dcd36259a0b512bb75eebf92fa954734f6ade3596edf3b125f53781ba0b,controlled_crossover,287e1960e09e8e29dee48d75f5f391ad7bd315f5293f92776a786efa3b46c8d8,primary_parent,5bb1620e8df9873d69294786b12a4a564aac84f6200820fd0e4b0dc2f39982d4,hydrophobic_ratio_modlamp,numeric,false,audit_metric_has_no_monotonic_improvement_direction,audit,fraction,0.21739130434782608,0.08695652173913043,-0.13043478260869565,,true,f56c35510aadab7d22aaf44ba66536a90630bd969fd0ec5a5e18e4734359c721
vegfa,4b3a6dcd36259a0b512bb75eebf92fa954734f6ade3596edf3b125f53781ba0b,controlled_crossover,287e1960e09e8e29dee48d75f5f391ad7bd315f5293f92776a786efa3b46c8d8,primary_parent,5bb1620e8df9873d69294786b12a4a564aac84f6200820fd0e4b0dc2f39982d4,llamp_log10_mic_um,numeric,true,same_frozen_numeric_contract,minimize,log10(uM),1.4432967901229858,1.7744258642196655,0.3311290740966797,-0.3311290740966797,true,218125404796c0a63e9bb7bf1bac19439c225c8d2784f317c67624f4b982bc3c
vegfa,4b3a6dcd36259a0b512bb75eebf92fa954734f6ade3596edf3b125f53781ba0b,controlled_crossover,287e1960e09e8e29dee48d75f5f391ad7bd315f5293f92776a786efa3b46c8d8,primary_parent,5bb1620e8df9873d69294786b12a4a564aac84f6200820fd0e4b0dc2f39982d4,macrel_amp_probability,numeric,true,same_frozen_numeric_contract,maximize,probability,0.521,0.356,-0.16500000000000004,-0.16500000000000004,true,730ed921cb312c5ef0267e75c38cecec0770b7211f96d39e121238450c05cbc6
vegfa,4b3a6dcd36259a0b512bb75eebf92fa954734f6ade3596edf3b125f53781ba0b,controlled_crossover,287e1960e09e8e29dee48d75f5f391ad7bd315f5293f92776a786efa3b46c8d8,primary_parent,5bb1620e8df9873d69294786b12a4a564aac84f6200820fd0e4b0dc2f39982d4,macrel_hemolysis_label,categorical,true,same_frozen_label_contract,audit,label,low,low,,,false,5d3ecedb6c0d343d774d063e2761afa2b04940fafbff2fca0b1c00a5f8914782
vegfa,4b3a6dcd36259a0b512bb75eebf92fa954734f6ade3596edf3b125f53781ba0b,controlled_crossover,287e1960e09e8e29dee48d75f5f391ad7bd315f5293f92776a786efa3b46c8d8,primary_parent,5bb1620e8df9873d69294786b12a4a564aac84f6200820fd0e4b0dc2f39982d4,macrel_hemolysis_probability,numeric,true,same_frozen_numeric_contract,minimize,probability,0.446,0.337,-0.10899999999999999,0.10899999999999999,true,6e2c0b6b2d8cb2be3792b8a41dc820d303202e0bc27c7e1eb153bf445dfe62a8
vegfa,4b3a6dcd36259a0b512bb75eebf92fa954734f6ade3596edf3b125f53781ba0b,controlled_crossover,287e1960e09e8e29dee48d75f5f391ad7bd315f5293f92776a786efa3b46c8d8,primary_parent,5bb1620e8df9873d69294786b12a4a564aac84f6200820fd0e4b0dc2f39982d4,maximum_hydrophobic_run,numeric,true,same_frozen_numeric_contract,minimize,residues,2.0,1.0,-1.0,1.0,true,a19159f3bd0264cb6f946b5390a3298f8f145190bccac560dc5f3edb1ce23dd8
vegfa,4b3a6dcd36259a0b512bb75eebf92fa954734f6ade3596edf3b125f53781ba0b,controlled_crossover,287e1960e09e8e29dee48d75f5f391ad7bd315f5293f92776a786efa3b46c8d8,primary_parent,5bb1620e8df9873d69294786b12a4a564aac84f6200820fd0e4b0dc2f39982d4,net_charge_ph7_4,numeric,false,audit_metric_has_no_monotonic_improvement_direction,audit,elementary_charge,6.154,7.153,0.9989999999999997,,true,04df94d767e0146bb0568c922e98ee690862fc5de33a4c993037b58c9fc7a5ff
vegfa,4b3a6dcd36259a0b512bb75eebf92fa954734f6ade3596edf3b125f53781ba0b,controlled_crossover,287e1960e09e8e29dee48d75f5f391ad7bd315f5293f92776a786efa3b46c8d8,primary_parent,5bb1620e8df9873d69294786b12a4a564aac84f6200820fd0e4b0dc2f39982d4,toxinpred3_hybrid_score,numeric,true,same_frozen_numeric_contract,minimize,dimensionless,0.0,0.405,0.405,-0.405,true,156acb686bbfdd7ded2171489140e8472b74afee9e60f36c75ca64dc3b88efcf
vegfa,4b3a6dcd36259a0b512bb75eebf92fa954734f6ade3596edf3b125f53781ba0b,controlled_crossover,287e1960e09e8e29dee48d75f5f391ad7bd315f5293f92776a786efa3b46c8d8,primary_parent,5bb1620e8df9873d69294786b12a4a564aac84f6200820fd0e4b0dc2f39982d4,toxinpred3_label,categorical,true,same_frozen_label_contract,audit,label,Non-Toxin,Toxin,,,true,6d2a3a666f5b685d6a625192ec3fe89f5cf1679e91dc562f7a73b4173ff94c66
vegfa,4b3a6dcd36259a0b512bb75eebf92fa954734f6ade3596edf3b125f53781ba0b,controlled_crossover,287e1960e09e8e29dee48d75f5f391ad7bd315f5293f92776a786efa3b46c8d8,donor_parent,dc6b9e097fdbb1cebc638561775ba07debfd2bcbae4b1e7dbb9a3812c90d1dda,amp_read_log10_mic_um,numeric,true,same_frozen_numeric_contract,minimize,log10(uM),1.4326805721868476,1.207567305008137,-0.2251132671787106,0.2251132671787106,true,0c59a088271536c15e51b170cdd1d18c904861e07fcd3f9cc282078d52c93b09
vegfa,4b3a6dcd36259a0b512bb75eebf92fa954734f6ade3596edf3b125f53781ba0b,controlled_crossover,287e1960e09e8e29dee48d75f5f391ad7bd315f5293f92776a786efa3b46c8d8,donor_parent,dc6b9e097fdbb1cebc638561775ba07debfd2bcbae4b1e7dbb9a3812c90d1dda,guruprasad_instability_index,numeric,true,same_frozen_numeric_contract,minimize,index,8.988461538461536,-8.056522,-17.044983538461537,17.044983538461537,true,a43140a05ce333ff365b5dba49fbbe5e4260a2813c12a3c9c76ee5751cbe7d41
vegfa,4b3a6dcd36259a0b512bb75eebf92fa954734f6ade3596edf3b125f53781ba0b,controlled_crossover,287e1960e09e8e29dee48d75f5f391ad7bd315f5293f92776a786efa3b46c8d8,donor_parent,dc6b9e097fdbb1cebc638561775ba07debfd2bcbae4b1e7dbb9a3812c90d1dda,hydrophobic_moment_eisenberg,numeric,false,audit_metric_has_no_monotonic_improvement_direction,audit,dimensionless,0.05669057760399849,0.08892908525049412,0.03223850764649563,,true,0299141c04a30cb04486222bd4ee4380ddad6a2fcb82495beb331fa0b2e40601
vegfa,4b3a6dcd36259a0b512bb75eebf92fa954734f6ade3596edf3b125f53781ba0b,controlled_crossover,287e1960e09e8e29dee48d75f5f391ad7bd315f5293f92776a786efa3b46c8d8,donor_parent,dc6b9e097fdbb1cebc638561775ba07debfd2bcbae4b1e7dbb9a3812c90d1dda,hydrophobic_ratio_modlamp,numeric,false,audit_metric_has_no_monotonic_improvement_direction,audit,fraction,0.07692307692307693,0.08695652173913043,0.010033444816053505,,true,f32b8408d46358ce0497297331b52d75f51fdec4bbf0e410db5018c3feb8a3ec
vegfa,4b3a6dcd36259a0b512bb75eebf92fa954734f6ade3596edf3b125f53781ba0b,controlled_crossover,287e1960e09e8e29dee48d75f5f391ad7bd315f5293f92776a786efa3b46c8d8,donor_parent,dc6b9e097fdbb1cebc638561775ba07debfd2bcbae4b1e7dbb9a3812c90d1dda,llamp_log10_mic_um,numeric,true,same_frozen_numeric_contract,minimize,log10(uM),0.7191438674926758,1.7744258642196655,1.0552819967269897,-1.0552819967269897,true,525d7b8cffd93a60639660bc4d1419c91a819c31ee646d87ec1b3a793f321534
vegfa,4b3a6dcd36259a0b512bb75eebf92fa954734f6ade3596edf3b125f53781ba0b,controlled_crossover,287e1960e09e8e29dee48d75f5f391ad7bd315f5293f92776a786efa3b46c8d8,donor_parent,dc6b9e097fdbb1cebc638561775ba07debfd2bcbae4b1e7dbb9a3812c90d1dda,macrel_amp_probability,numeric,true,same_frozen_numeric_contract,maximize,probability,0.535,0.356,-0.17900000000000005,-0.17900000000000005,true,cd956042831aefa695d693d6ec28685328b3717bd7c158ea08c2ac9538a11fc6
vegfa,4b3a6dcd36259a0b512bb75eebf92fa954734f6ade3596edf3b125f53781ba0b,controlled_crossover,287e1960e09e8e29dee48d75f5f391ad7bd315f5293f92776a786efa3b46c8d8,donor_parent,dc6b9e097fdbb1cebc638561775ba07debfd2bcbae4b1e7dbb9a3812c90d1dda,macrel_hemolysis_label,categorical,true,same_frozen_label_contract,audit,label,low,low,,,false,513a4f8c69a5f2e56801a846204e656ea0ade20289134a4e80c00102f6320df2
vegfa,4b3a6dcd36259a0b512bb75eebf92fa954734f6ade3596edf3b125f53781ba0b,controlled_crossover,287e1960e09e8e29dee48d75f5f391ad7bd315f5293f92776a786efa3b46c8d8,donor_parent,dc6b9e097fdbb1cebc638561775ba07debfd2bcbae4b1e7dbb9a3812c90d1dda,macrel_hemolysis_probability,numeric,true,same_frozen_numeric_contract,minimize,probability,0.386,0.337,-0.04899999999999999,0.04899999999999999,true,b7829b41f5039330960b0d956ab265e7f154a940f59e3fe38e7b2777a150354b
vegfa,4b3a6dcd36259a0b512bb75eebf92fa954734f6ade3596edf3b125f53781ba0b,controlled_crossover,287e1960e09e8e29dee48d75f5f391ad7bd315f5293f92776a786efa3b46c8d8,donor_parent,dc6b9e097fdbb1cebc638561775ba07debfd2bcbae4b1e7dbb9a3812c90d1dda,maximum_hydrophobic_run,numeric,true,same_frozen_numeric_contract,minimize,residues,2.0,1.0,-1.0,1.0,true,8a2356a63c97f6da0c04a1065c1e501d7d96dfe44acc9b1dcd845770451f50a4
vegfa,4b3a6dcd36259a0b512bb75eebf92fa954734f6ade3596edf3b125f53781ba0b,controlled_crossover,287e1960e09e8e29dee48d75f5f391ad7bd315f5293f92776a786efa3b46c8d8,donor_parent,dc6b9e097fdbb1cebc638561775ba07debfd2bcbae4b1e7dbb9a3812c90d1dda,net_charge_ph7_4,numeric,false,audit_metric_has_no_monotonic_improvement_direction,audit,elementary_charge,9.152,7.153,-1.9989999999999997,,true,b25d8b80eaca7b24b4da329e5fd2f409355133cebd1528170a14fe114c4a6c3e
vegfa,4b3a6dcd36259a0b512bb75eebf92fa954734f6ade3596edf3b125f53781ba0b,controlled_crossover,287e1960e09e8e29dee48d75f5f391ad7bd315f5293f92776a786efa3b46c8d8,donor_parent,dc6b9e097fdbb1cebc638561775ba07debfd2bcbae4b1e7dbb9a3812c90d1dda,toxinpred3_hybrid_score,numeric,true,same_frozen_numeric_contract,minimize,dimensionless,0.015,0.405,0.39,-0.39,true,70f754fed50afc66a5a188ab8774e77b2200f73c801cfeaa5666d9e67659cdcf
vegfa,4b3a6dcd36259a0b512bb75eebf92fa954734f6ade3596edf3b125f53781ba0b,controlled_crossover,287e1960e09e8e29dee48d75f5f391ad7bd315f5293f92776a786efa3b46c8d8,donor_parent,dc6b9e097fdbb1cebc638561775ba07debfd2bcbae4b1e7dbb9a3812c90d1dda,toxinpred3_label,categorical,true,same_frozen_label_contract,audit,label,Non-Toxin,Toxin,,,true,7a75674b658fbab2eb0b159a8b5acf62ffcdc266cb4349c1a643c765a578b4fc
vegfa,7ad93c925b1a3412b6226dcf7ed682e0cf2a4d0f737b8a24af66a5290f2f46e2,de_novo,7b0aed0c555497624f1f92d321f5e9a05f98a95eb3de839282b09e44ec704d7b,none,,amp_read_log10_mic_um,numeric,false,de_novo_has_no_biological_parent,,,,1.4247545381540263,,,,a76cc27e32a048c68d6a43ddaf10f90f66bd727060b684f4eab1427dc3b34293
vegfa,7ad93c925b1a3412b6226dcf7ed682e0cf2a4d0f737b8a24af66a5290f2f46e2,de_novo,7b0aed0c555497624f1f92d321f5e9a05f98a95eb3de839282b09e44ec704d7b,none,,guruprasad_instability_index,numeric,false,de_novo_has_no_biological_parent,,,,46.050000,,,,39e9780231ee6c39f449c85042b35830184b16df94c5b4dd045a07650cb9a4c8
vegfa,7ad93c925b1a3412b6226dcf7ed682e0cf2a4d0f737b8a24af66a5290f2f46e2,de_novo,7b0aed0c555497624f1f92d321f5e9a05f98a95eb3de839282b09e44ec704d7b,none,,hydrophobic_moment_eisenberg,numeric,false,de_novo_has_no_biological_parent,,,,0.3332384103278622,,,,85968f6a2b534ea920cadb900e9068accd00a4570adf87e33e6e30465cc45093
vegfa,7ad93c925b1a3412b6226dcf7ed682e0cf2a4d0f737b8a24af66a5290f2f46e2,de_novo,7b0aed0c555497624f1f92d321f5e9a05f98a95eb3de839282b09e44ec704d7b,none,,hydrophobic_ratio_modlamp,numeric,false,de_novo_has_no_biological_parent,,,,0.08333333333333333,,,,3ec73d8623b658c2b3e32b3a54a5d26dcf8ea9017daa2789e9a57a81bb0bf915
vegfa,7ad93c925b1a3412b6226dcf7ed682e0cf2a4d0f737b8a24af66a5290f2f46e2,de_novo,7b0aed0c555497624f1f92d321f5e9a05f98a95eb3de839282b09e44ec704d7b,none,,llamp_log10_mic_um,numeric,false,de_novo_has_no_biological_parent,,,,0.6246312856674194,,,,136e12480c49f52914d54bded363dc1a4a4acb55c685044915246868dcda9bae
vegfa,7ad93c925b1a3412b6226dcf7ed682e0cf2a4d0f737b8a24af66a5290f2f46e2,de_novo,7b0aed0c555497624f1f92d321f5e9a05f98a95eb3de839282b09e44ec704d7b,none,,macrel_amp_probability,numeric,false,de_novo_has_no_biological_parent,,,,0.188,,,,89b7536b66b12bebe578474a5ac9375665bb04dd0b26a8045869c9fb40192aca
vegfa,7ad93c925b1a3412b6226dcf7ed682e0cf2a4d0f737b8a24af66a5290f2f46e2,de_novo,7b0aed0c555497624f1f92d321f5e9a05f98a95eb3de839282b09e44ec704d7b,none,,macrel_hemolysis_label,categorical,false,de_novo_has_no_biological_parent,,,,high,,,,74815710705e67ef865357aabe5060be2e6fceb18f16844c09082ae1f65a6d03
vegfa,7ad93c925b1a3412b6226dcf7ed682e0cf2a4d0f737b8a24af66a5290f2f46e2,de_novo,7b0aed0c555497624f1f92d321f5e9a05f98a95eb3de839282b09e44ec704d7b,none,,macrel_hemolysis_probability,numeric,false,de_novo_has_no_biological_parent,,,,0.584,,,,17dd9d0d87de0a582959ded92ae0219eb16195235aca36627c6b64151a2be951
vegfa,7ad93c925b1a3412b6226dcf7ed682e0cf2a4d0f737b8a24af66a5290f2f46e2,de_novo,7b0aed0c555497624f1f92d321f5e9a05f98a95eb3de839282b09e44ec704d7b,none,,maximum_hydrophobic_run,numeric,false,de_novo_has_no_biological_parent,,,,1,,,,4fc4d2cea1fb6ef470fc8b7ae84d2fdf143bd50a24d37dffc1f4a8b0778705ef
vegfa,7ad93c925b1a3412b6226dcf7ed682e0cf2a4d0f737b8a24af66a5290f2f46e2,de_novo,7b0aed0c555497624f1f92d321f5e9a05f98a95eb3de839282b09e44ec704d7b,none,,net_charge_ph7_4,numeric,false,de_novo_has_no_biological_parent,,,,19.024,,,,7fa237a9a724dc2a0d34bea066601921cca0ff1ac9439210595bcd491cff25b1
vegfa,7ad93c925b1a3412b6226dcf7ed682e0cf2a4d0f737b8a24af66a5290f2f46e2,de_novo,7b0aed0c555497624f1f92d321f5e9a05f98a95eb3de839282b09e44ec704d7b,none,,toxinpred3_hybrid_score,numeric,false,de_novo_has_no_biological_parent,,,,0.57,,,,2c02071602391c3575790698ae29e69ffe3e0a126c238a863184ce97e8f5ea82
vegfa,7ad93c925b1a3412b6226dcf7ed682e0cf2a4d0f737b8a24af66a5290f2f46e2,de_novo,7b0aed0c555497624f1f92d321f5e9a05f98a95eb3de839282b09e44ec704d7b,none,,toxinpred3_label,categorical,false,de_novo_has_no_biological_parent,,,,Toxin,,,,7a7e2316d183b9a538a87af3d401122ad71e1c35c1bb498cb36943648284b9d6
vegfa,7b4bced8e8d251d211c78d893700c58c8d686f39dfb7047541a02b39a1476c8e,de_novo,394ea68e202740c279b7a1342263c28c09cdc04302b2e303cd0ee5334ae7cc1f,none,,amp_read_log10_mic_um,numeric,false,de_novo_has_no_biological_parent,,,,2.0817344620125793,,,,11de20bbd7ed9816ba792deeae330c64ee0a140373853aa76216a6b5c2800f29
vegfa,7b4bced8e8d251d211c78d893700c58c8d686f39dfb7047541a02b39a1476c8e,de_novo,394ea68e202740c279b7a1342263c28c09cdc04302b2e303cd0ee5334ae7cc1f,none,,guruprasad_instability_index,numeric,false,de_novo_has_no_biological_parent,,,,32.336364,,,,004c77eb8326d14fe415dd99b30432a42a996dd7fbae7dad738d3467fe158158
vegfa,7b4bced8e8d251d211c78d893700c58c8d686f39dfb7047541a02b39a1476c8e,de_novo,394ea68e202740c279b7a1342263c28c09cdc04302b2e303cd0ee5334ae7cc1f,none,,hydrophobic_moment_eisenberg,numeric,false,de_novo_has_no_biological_parent,,,,0.2858835047502351,,,,37d2909a729718389f548466bc401fc9a090053b7a6250d54afcd17ce69f8035
vegfa,7b4bced8e8d251d211c78d893700c58c8d686f39dfb7047541a02b39a1476c8e,de_novo,394ea68e202740c279b7a1342263c28c09cdc04302b2e303cd0ee5334ae7cc1f,none,,hydrophobic_ratio_modlamp,numeric,false,de_novo_has_no_biological_parent,,,,0.09090909090909091,,,,8fb9ad953529ca7e9eb09808eeb996bc2c649096cc0858af3b325e483426b047
vegfa,7b4bced8e8d251d211c78d893700c58c8d686f39dfb7047541a02b39a1476c8e,de_novo,394ea68e202740c279b7a1342263c28c09cdc04302b2e303cd0ee5334ae7cc1f,none,,llamp_log10_mic_um,numeric,false,de_novo_has_no_biological_parent,,,,1.3771847486495972,,,,023eeb25db870a1f59caaf0130257f2929bccb56f552f58e17b112099194f234
vegfa,7b4bced8e8d251d211c78d893700c58c8d686f39dfb7047541a02b39a1476c8e,de_novo,394ea68e202740c279b7a1342263c28c09cdc04302b2e303cd0ee5334ae7cc1f,none,,macrel_amp_probability,numeric,false,de_novo_has_no_biological_parent,,,,0.188,,,,a4a032560184b652840e1dadb671bc2436f83381ddc9502cf0b12bd87a63c0e9
vegfa,7b4bced8e8d251d211c78d893700c58c8d686f39dfb7047541a02b39a1476c8e,de_novo,394ea68e202740c279b7a1342263c28c09cdc04302b2e303cd0ee5334ae7cc1f,none,,macrel_hemolysis_label,categorical,false,de_novo_has_no_biological_parent,,,,low,,,,47c7f1e2e489e5f606c2097237faafd3faa22a4498415de5840cca6da8a38dc1
vegfa,7b4bced8e8d251d211c78d893700c58c8d686f39dfb7047541a02b39a1476c8e,de_novo,394ea68e202740c279b7a1342263c28c09cdc04302b2e303cd0ee5334ae7cc1f,none,,macrel_hemolysis_probability,numeric,false,de_novo_has_no_biological_parent,,,,0.277,,,,0fc8f25423da136ab7ad8606ca8904929b34cd1c49c07fafbb48f73253dd5260
vegfa,7b4bced8e8d251d211c78d893700c58c8d686f39dfb7047541a02b39a1476c8e,de_novo,394ea68e202740c279b7a1342263c28c09cdc04302b2e303cd0ee5334ae7cc1f,none,,maximum_hydrophobic_run,numeric,false,de_novo_has_no_biological_parent,,,,1,,,,c7b56263be81416ac87ed7590d6ad99ee095db28247d9d449a860300624016f1
vegfa,7b4bced8e8d251d211c78d893700c58c8d686f39dfb7047541a02b39a1476c8e,de_novo,394ea68e202740c279b7a1342263c28c09cdc04302b2e303cd0ee5334ae7cc1f,none,,net_charge_ph7_4,numeric,false,de_novo_has_no_biological_parent,,,,4.156,,,,61cfacbdb1f02ce6ae151d5c5c460b0a5d75649d29fb097c978a6b5e7d0ff41b
vegfa,7b4bced8e8d251d211c78d893700c58c8d686f39dfb7047541a02b39a1476c8e,de_novo,394ea68e202740c279b7a1342263c28c09cdc04302b2e303cd0ee5334ae7cc1f,none,,toxinpred3_hybrid_score,numeric,false,de_novo_has_no_biological_parent,,,,0.44,,,,a5a44ed6ea715577b7a50a772525d24711b3dbf6d505cc70d19ddb9029fe97dd
vegfa,7b4bced8e8d251d211c78d893700c58c8d686f39dfb7047541a02b39a1476c8e,de_novo,394ea68e202740c279b7a1342263c28c09cdc04302b2e303cd0ee5334ae7cc1f,none,,toxinpred3_label,categorical,false,de_novo_has_no_biological_parent,,,,Toxin,,,,764ce60c517772c6a922c62a1387f40054890876a897ad14281cab1836d400ba
vegfa,902c0123bcfa70507ce38134e26234a6998d6d2b46bf197608d7c50e82e13a87,masked_substitution,0441f83a8b90a11ea8584938b8f5838de57b5de41e291ae60bac2d485ece1808,primary_parent,02e6e8a9041d1f5e02ded66ace7f1bf8353933cb460554f7d6d4f7827ee851e3,amp_read_log10_mic_um,numeric,true,same_frozen_numeric_contract,minimize,log10(uM),0.8502392420270765,0.8680350962869811,0.017795854259904598,-0.017795854259904598,true,d5963e0688cbbf2f22a1f8549ba990f9c340c7984348e6bc39f875bb4d1d4963
vegfa,902c0123bcfa70507ce38134e26234a6998d6d2b46bf197608d7c50e82e13a87,masked_substitution,0441f83a8b90a11ea8584938b8f5838de57b5de41e291ae60bac2d485ece1808,primary_parent,02e6e8a9041d1f5e02ded66ace7f1bf8353933cb460554f7d6d4f7827ee851e3,guruprasad_instability_index,numeric,true,same_frozen_numeric_contract,minimize,index,-9.308695652173913,0.986957,10.295652652173914,-10.295652652173914,true,8a7b39f4a1664c118ff666bd505b1cbbf922304b3538cecb5399c57cf0c24088
vegfa,902c0123bcfa70507ce38134e26234a6998d6d2b46bf197608d7c50e82e13a87,masked_substitution,0441f83a8b90a11ea8584938b8f5838de57b5de41e291ae60bac2d485ece1808,primary_parent,02e6e8a9041d1f5e02ded66ace7f1bf8353933cb460554f7d6d4f7827ee851e3,hydrophobic_moment_eisenberg,numeric,false,audit_metric_has_no_monotonic_improvement_direction,audit,dimensionless,0.14056582796750103,0.17055656755465903,0.029990739587158005,,true,5c99fdefad0cc5a33b1b0f279088ee5f873845e39173c7e6ed8a6ad52ffa608f
vegfa,902c0123bcfa70507ce38134e26234a6998d6d2b46bf197608d7c50e82e13a87,masked_substitution,0441f83a8b90a11ea8584938b8f5838de57b5de41e291ae60bac2d485ece1808,primary_parent,02e6e8a9041d1f5e02ded66ace7f1bf8353933cb460554f7d6d4f7827ee851e3,hydrophobic_ratio_modlamp,numeric,false,audit_metric_has_no_monotonic_improvement_direction,audit,fraction,0.2608695652173913,0.21739130434782608,-0.043478260869565216,,true,b75ea98c1de7b4894ce7213500cbdc49b086daa829b19cb7b7575aa85aae7449
vegfa,902c0123bcfa70507ce38134e26234a6998d6d2b46bf197608d7c50e82e13a87,masked_substitution,0441f83a8b90a11ea8584938b8f5838de57b5de41e291ae60bac2d485ece1808,primary_parent,02e6e8a9041d1f5e02ded66ace7f1bf8353933cb460554f7d6d4f7827ee851e3,llamp_log10_mic_um,numeric,true,same_frozen_numeric_contract,minimize,log10(uM),1.3610467910766602,1.5192266702651978,0.1581798791885376,-0.1581798791885376,true,3ea748c325dcfc9adf9beed5982b8594a28f7dd4cf37f1c69ef12e202cb44023
vegfa,902c0123bcfa70507ce38134e26234a6998d6d2b46bf197608d7c50e82e13a87,masked_substitution,0441f83a8b90a11ea8584938b8f5838de57b5de41e291ae60bac2d485ece1808,primary_parent,02e6e8a9041d1f5e02ded66ace7f1bf8353933cb460554f7d6d4f7827ee851e3,macrel_amp_probability,numeric,true,same_frozen_numeric_contract,maximize,probability,0.584,0.386,-0.19799999999999995,-0.19799999999999995,true,dbf47ea73f17af098e3c966ca5d7fe8f989a654ecd981ba1ad616bf4cb9baa53
vegfa,902c0123bcfa70507ce38134e26234a6998d6d2b46bf197608d7c50e82e13a87,masked_substitution,0441f83a8b90a11ea8584938b8f5838de57b5de41e291ae60bac2d485ece1808,primary_parent,02e6e8a9041d1f5e02ded66ace7f1bf8353933cb460554f7d6d4f7827ee851e3,macrel_hemolysis_label,categorical,true,same_frozen_label_contract,audit,label,low,low,,,false,acd65a5198d7064b2b9e5fd78638d5dce650d6b89a8da221f65249c46929eb19
vegfa,902c0123bcfa70507ce38134e26234a6998d6d2b46bf197608d7c50e82e13a87,masked_substitution,0441f83a8b90a11ea8584938b8f5838de57b5de41e291ae60bac2d485ece1808,primary_parent,02e6e8a9041d1f5e02ded66ace7f1bf8353933cb460554f7d6d4f7827ee851e3,macrel_hemolysis_probability,numeric,true,same_frozen_numeric_contract,minimize,probability,0.465,0.376,-0.08900000000000002,0.08900000000000002,true,3c69b2628fcabdcf08d17e403c48990f9f2d410b04aca2562c2674c75c3196fd
vegfa,902c0123bcfa70507ce38134e26234a6998d6d2b46bf197608d7c50e82e13a87,masked_substitution,0441f83a8b90a11ea8584938b8f5838de57b5de41e291ae60bac2d485ece1808,primary_parent,02e6e8a9041d1f5e02ded66ace7f1bf8353933cb460554f7d6d4f7827ee851e3,maximum_hydrophobic_run,numeric,true,same_frozen_numeric_contract,minimize,residues,2.0,2.0,0.0,-0.0,false,c3d4701d503f7a6392e4c1e428301a524afb4b65205c4655aa654ac11b45705e
vegfa,902c0123bcfa70507ce38134e26234a6998d6d2b46bf197608d7c50e82e13a87,masked_substitution,0441f83a8b90a11ea8584938b8f5838de57b5de41e291ae60bac2d485ece1808,primary_parent,02e6e8a9041d1f5e02ded66ace7f1bf8353933cb460554f7d6d4f7827ee851e3,net_charge_ph7_4,numeric,false,audit_metric_has_no_monotonic_improvement_direction,audit,elementary_charge,6.112,6.112,0.0,,false,2856a301f50378af1f4a5ab17c767bbbcfe2a9c712647b1066fef7a296e76180
vegfa,902c0123bcfa70507ce38134e26234a6998d6d2b46bf197608d7c50e82e13a87,masked_substitution,0441f83a8b90a11ea8584938b8f5838de57b5de41e291ae60bac2d485ece1808,primary_parent,02e6e8a9041d1f5e02ded66ace7f1bf8353933cb460554f7d6d4f7827ee851e3,toxinpred3_hybrid_score,numeric,true,same_frozen_numeric_contract,minimize,dimensionless,0.0,0.0,0.0,-0.0,false,840fb3be0c519a8466209f57625e06e4df9058440d7c97ce81cbc51dd7bde64c
vegfa,902c0123bcfa70507ce38134e26234a6998d6d2b46bf197608d7c50e82e13a87,masked_substitution,0441f83a8b90a11ea8584938b8f5838de57b5de41e291ae60bac2d485ece1808,primary_parent,02e6e8a9041d1f5e02ded66ace7f1bf8353933cb460554f7d6d4f7827ee851e3,toxinpred3_label,categorical,true,same_frozen_label_contract,audit,label,Non-Toxin,Non-Toxin,,,false,ecb788b1740be9a8168d645144f533325a3d2a47e5f701ddb98a30b0a6198726
vegfa,50ad408c8b6467f2db0f3fe909f58bea4e091ca4c97d9e8c0f2d6fe5a05adeef,controlled_crossover,563fadc48b35926b3dea8650321e86367804810e606dc837d5ee4f6a9ca7311a,primary_parent,8824fa1b3276e51e63d9346e0978f8983a6bc7ff8a6646e42e168172113d54bd,amp_read_log10_mic_um,numeric,true,same_frozen_numeric_contract,minimize,log10(uM),0.8977987856942725,1.246324959310336,0.34852617361606353,-0.34852617361606353,true,e0d295e6523cfd11448e073a8edb51e5421f4dc69694db06c9f66b88c5731b6c
vegfa,50ad408c8b6467f2db0f3fe909f58bea4e091ca4c97d9e8c0f2d6fe5a05adeef,controlled_crossover,563fadc48b35926b3dea8650321e86367804810e606dc837d5ee4f6a9ca7311a,primary_parent,8824fa1b3276e51e63d9346e0978f8983a6bc7ff8a6646e42e168172113d54bd,guruprasad_instability_index,numeric,true,same_frozen_numeric_contract,minimize,index,-5.6173913043478265,-8.056522,-2.4391306956521728,2.4391306956521728,true,930eafd0c8e22e8c544f6e6a50878903337ba27ef552ed2fc4c388d68c63c619
vegfa,50ad408c8b6467f2db0f3fe909f58bea4e091ca4c97d9e8c0f2d6fe5a05adeef,controlled_crossover,563fadc48b35926b3dea8650321e86367804810e606dc837d5ee4f6a9ca7311a,primary_parent,8824fa1b3276e51e63d9346e0978f8983a6bc7ff8a6646e42e168172113d54bd,hydrophobic_moment_eisenberg,numeric,false,audit_metric_has_no_monotonic_improvement_direction,audit,dimensionless,0.21990914154269098,0.15080483681543722,-0.06910430472725376,,true,696179f6f00544fd87040b5130f0410f91616a77811652adcd2744d88a27ba00
vegfa,50ad408c8b6467f2db0f3fe909f58bea4e091ca4c97d9e8c0f2d6fe5a05adeef,controlled_crossover,563fadc48b35926b3dea8650321e86367804810e606dc837d5ee4f6a9ca7311a,primary_parent,8824fa1b3276e51e63d9346e0978f8983a6bc7ff8a6646e42e168172113d54bd,hydrophobic_ratio_modlamp,numeric,false,audit_metric_has_no_monotonic_improvement_direction,audit,fraction,0.2608695652173913,0.08695652173913043,-0.17391304347826086,,true,717c0fe63050f7d5779b690567439eefa485fb768adaee088bc5c1cc6d719f77
vegfa,50ad408c8b6467f2db0f3fe909f58bea4e091ca4c97d9e8c0f2d6fe5a05adeef,controlled_crossover,563fadc48b35926b3dea8650321e86367804810e606dc837d5ee4f6a9ca7311a,primary_parent,8824fa1b3276e51e63d9346e0978f8983a6bc7ff8a6646e42e168172113d54bd,llamp_log10_mic_um,numeric,true,same_frozen_numeric_contract,minimize,log10(uM),1.3840069770812988,1.4838683605194092,0.09986138343811035,-0.09986138343811035,true,a33736024fe758381ea016ab3c17b553e9a71b5d710e7bb0137b41de1e4d297c
vegfa,50ad408c8b6467f2db0f3fe909f58bea4e091ca4c97d9e8c0f2d6fe5a05adeef,controlled_crossover,563fadc48b35926b3dea8650321e86367804810e606dc837d5ee4f6a9ca7311a,primary_parent,8824fa1b3276e51e63d9346e0978f8983a6bc7ff8a6646e42e168172113d54bd,macrel_amp_probability,numeric,true,same_frozen_numeric_contract,maximize,probability,0.554,0.337,-0.21700000000000003,-0.21700000000000003,true,632489473afabc1c98e804ce2a038bbfe5e2e14855e8b3c5c066f4241c155153
vegfa,50ad408c8b6467f2db0f3fe909f58bea4e091ca4c97d9e8c0f2d6fe5a05adeef,controlled_crossover,563fadc48b35926b3dea8650321e86367804810e606dc837d5ee4f6a9ca7311a,primary_parent,8824fa1b3276e51e63d9346e0978f8983a6bc7ff8a6646e42e168172113d54bd,macrel_hemolysis_label,categorical,true,same_frozen_label_contract,audit,label,low,low,,,false,0229ead481d736f98ac4f845bfea4324293262eb03aa6bc0b303d6e79ddc3920
vegfa,50ad408c8b6467f2db0f3fe909f58bea4e091ca4c97d9e8c0f2d6fe5a05adeef,controlled_crossover,563fadc48b35926b3dea8650321e86367804810e606dc837d5ee4f6a9ca7311a,primary_parent,8824fa1b3276e51e63d9346e0978f8983a6bc7ff8a6646e42e168172113d54bd,macrel_hemolysis_probability,numeric,true,same_frozen_numeric_contract,minimize,probability,0.495,0.337,-0.15799999999999997,0.15799999999999997,true,ec2fdd7235de7def18961fd24c612ac74b0273cb7634ff2297e6c9f0312958e0
vegfa,50ad408c8b6467f2db0f3fe909f58bea4e091ca4c97d9e8c0f2d6fe5a05adeef,controlled_crossover,563fadc48b35926b3dea8650321e86367804810e606dc837d5ee4f6a9ca7311a,primary_parent,8824fa1b3276e51e63d9346e0978f8983a6bc7ff8a6646e42e168172113d54bd,maximum_hydrophobic_run,numeric,true,same_frozen_numeric_contract,minimize,residues,2.0,1.0,-1.0,1.0,true,ff7d7a8d81f1ac1d11469efa9451e16108e55ca7eaac799849d615a9f3b6f2a6
vegfa,50ad408c8b6467f2db0f3fe909f58bea4e091ca4c97d9e8c0f2d6fe5a05adeef,controlled_crossover,563fadc48b35926b3dea8650321e86367804810e606dc837d5ee4f6a9ca7311a,primary_parent,8824fa1b3276e51e63d9346e0978f8983a6bc7ff8a6646e42e168172113d54bd,net_charge_ph7_4,numeric,false,audit_metric_has_no_monotonic_improvement_direction,audit,elementary_charge,6.112,8.111,1.9990000000000006,,true,dcacc9d72241db1c1997215d7bed8492c01caff763578acaf5ab1c2d9ff07991
vegfa,50ad408c8b6467f2db0f3fe909f58bea4e091ca4c97d9e8c0f2d6fe5a05adeef,controlled_crossover,563fadc48b35926b3dea8650321e86367804810e606dc837d5ee4f6a9ca7311a,primary_parent,8824fa1b3276e51e63d9346e0978f8983a6bc7ff8a6646e42e168172113d54bd,toxinpred3_hybrid_score,numeric,true,same_frozen_numeric_contract,minimize,dimensionless,0.0,0.355,0.355,-0.355,true,ddae9cbd7d111467d00e38bd92cc3c735254d65cbcb9159965f7c8f684975e22
vegfa,50ad408c8b6467f2db0f3fe909f58bea4e091ca4c97d9e8c0f2d6fe5a05adeef,controlled_crossover,563fadc48b35926b3dea8650321e86367804810e606dc837d5ee4f6a9ca7311a,primary_parent,8824fa1b3276e51e63d9346e0978f8983a6bc7ff8a6646e42e168172113d54bd,toxinpred3_label,categorical,true,same_frozen_label_contract,audit,label,Non-Toxin,Non-Toxin,,,false,acaccbd853461dc62a5478f8f70d5da42055b02ef7175ff6c67c6d198e69b1a2
vegfa,50ad408c8b6467f2db0f3fe909f58bea4e091ca4c97d9e8c0f2d6fe5a05adeef,controlled_crossover,563fadc48b35926b3dea8650321e86367804810e606dc837d5ee4f6a9ca7311a,donor_parent,dc6b9e097fdbb1cebc638561775ba07debfd2bcbae4b1e7dbb9a3812c90d1dda,amp_read_log10_mic_um,numeric,true,same_frozen_numeric_contract,minimize,log10(uM),1.4326805721868476,1.246324959310336,-0.1863556128765116,0.1863556128765116,true,c60f46bc7e744f606d9eb6352288b6ba670dc756a5fd563e94a8d6f6b19841b0
vegfa,50ad408c8b6467f2db0f3fe909f58bea4e091ca4c97d9e8c0f2d6fe5a05adeef,controlled_crossover,563fadc48b35926b3dea8650321e86367804810e606dc837d5ee4f6a9ca7311a,donor_parent,dc6b9e097fdbb1cebc638561775ba07debfd2bcbae4b1e7dbb9a3812c90d1dda,guruprasad_instability_index,numeric,true,same_frozen_numeric_contract,minimize,index,8.988461538461536,-8.056522,-17.044983538461537,17.044983538461537,true,2defc4bf9b21ae93ddd41d46a35959310f613cd48d97b3a165ef471fbd295aca
vegfa,50ad408c8b6467f2db0f3fe909f58bea4e091ca4c97d9e8c0f2d6fe5a05adeef,controlled_crossover,563fadc48b35926b3dea8650321e86367804810e606dc837d5ee4f6a9ca7311a,donor_parent,dc6b9e097fdbb1cebc638561775ba07debfd2bcbae4b1e7dbb9a3812c90d1dda,hydrophobic_moment_eisenberg,numeric,false,audit_metric_has_no_monotonic_improvement_direction,audit,dimensionless,0.05669057760399849,0.15080483681543722,0.09411425921143873,,true,582822375964926749bc3acb3c701a0ce04b9e5bd324e6a22176a09e2ff437dd
vegfa,50ad408c8b6467f2db0f3fe909f58bea4e091ca4c97d9e8c0f2d6fe5a05adeef,controlled_crossover,563fadc48b35926b3dea8650321e86367804810e606dc837d5ee4f6a9ca7311a,donor_parent,dc6b9e097fdbb1cebc638561775ba07debfd2bcbae4b1e7dbb9a3812c90d1dda,hydrophobic_ratio_modlamp,numeric,false,audit_metric_has_no_monotonic_improvement_direction,audit,fraction,0.07692307692307693,0.08695652173913043,0.010033444816053505,,true,58079fa5497251c76b99c5429d2567606c767a8bceaa1a1e44ba302e2471db2b
vegfa,50ad408c8b6467f2db0f3fe909f58bea4e091ca4c97d9e8c0f2d6fe5a05adeef,controlled_crossover,563fadc48b35926b3dea8650321e86367804810e606dc837d5ee4f6a9ca7311a,donor_parent,dc6b9e097fdbb1cebc638561775ba07debfd2bcbae4b1e7dbb9a3812c90d1dda,llamp_log10_mic_um,numeric,true,same_frozen_numeric_contract,minimize,log10(uM),0.7191438674926758,1.4838683605194092,0.7647244930267334,-0.7647244930267334,true,50d4c741bf33bd75e2affa5a171600ff463d1cd8abf15b82b75e2f3a953f8235
vegfa,50ad408c8b6467f2db0f3fe909f58bea4e091ca4c97d9e8c0f2d6fe5a05adeef,controlled_crossover,563fadc48b35926b3dea8650321e86367804810e606dc837d5ee4f6a9ca7311a,donor_parent,dc6b9e097fdbb1cebc638561775ba07debfd2bcbae4b1e7dbb9a3812c90d1dda,macrel_amp_probability,numeric,true,same_frozen_numeric_contract,maximize,probability,0.535,0.337,-0.198,-0.198,true,fb14c1651a1c1fd73694dc39b96476a2ed7deae04d314d4fc14d2fcc322b205d
vegfa,50ad408c8b6467f2db0f3fe909f58bea4e091ca4c97d9e8c0f2d6fe5a05adeef,controlled_crossover,563fadc48b35926b3dea8650321e86367804810e606dc837d5ee4f6a9ca7311a,donor_parent,dc6b9e097fdbb1cebc638561775ba07debfd2bcbae4b1e7dbb9a3812c90d1dda,macrel_hemolysis_label,categorical,true,same_frozen_label_contract,audit,label,low,low,,,false,d82d7d285b10b8e78247fac556df738397f01a9d1ecc40c7ec9de43d638c4200
vegfa,50ad408c8b6467f2db0f3fe909f58bea4e091ca4c97d9e8c0f2d6fe5a05adeef,controlled_crossover,563fadc48b35926b3dea8650321e86367804810e606dc837d5ee4f6a9ca7311a,donor_parent,dc6b9e097fdbb1cebc638561775ba07debfd2bcbae4b1e7dbb9a3812c90d1dda,macrel_hemolysis_probability,numeric,true,same_frozen_numeric_contract,minimize,probability,0.386,0.337,-0.04899999999999999,0.04899999999999999,true,9c84d9baeb35776a9decf789be0bc93e5a438d9c73fd55e07baa7e910e3e8d5c
vegfa,50ad408c8b6467f2db0f3fe909f58bea4e091ca4c97d9e8c0f2d6fe5a05adeef,controlled_crossover,563fadc48b35926b3dea8650321e86367804810e606dc837d5ee4f6a9ca7311a,donor_parent,dc6b9e097fdbb1cebc638561775ba07debfd2bcbae4b1e7dbb9a3812c90d1dda,maximum_hydrophobic_run,numeric,true,same_frozen_numeric_contract,minimize,residues,2.0,1.0,-1.0,1.0,true,5c6739bbf604e888224f74a57c73c64dcbb0142c06f226ad060f99fc38115382
vegfa,50ad408c8b6467f2db0f3fe909f58bea4e091ca4c97d9e8c0f2d6fe5a05adeef,controlled_crossover,563fadc48b35926b3dea8650321e86367804810e606dc837d5ee4f6a9ca7311a,donor_parent,dc6b9e097fdbb1cebc638561775ba07debfd2bcbae4b1e7dbb9a3812c90d1dda,net_charge_ph7_4,numeric,false,audit_metric_has_no_monotonic_improvement_direction,audit,elementary_charge,9.152,8.111,-1.0409999999999986,,true,2197a569247ee3f037efcf94857fcab6b0c36b5b87484c1737974d260dc9710b
vegfa,50ad408c8b6467f2db0f3fe909f58bea4e091ca4c97d9e8c0f2d6fe5a05adeef,controlled_crossover,563fadc48b35926b3dea8650321e86367804810e606dc837d5ee4f6a9ca7311a,donor_parent,dc6b9e097fdbb1cebc638561775ba07debfd2bcbae4b1e7dbb9a3812c90d1dda,toxinpred3_hybrid_score,numeric,true,same_frozen_numeric_contract,minimize,dimensionless,0.015,0.355,0.33999999999999997,-0.33999999999999997,true,d714d0c3f063b6ddbdb7f740a17669bba681344a0b40d3920f734bfa5011e239
vegfa,50ad408c8b6467f2db0f3fe909f58bea4e091ca4c97d9e8c0f2d6fe5a05adeef,controlled_crossover,563fadc48b35926b3dea8650321e86367804810e606dc837d5ee4f6a9ca7311a,donor_parent,dc6b9e097fdbb1cebc638561775ba07debfd2bcbae4b1e7dbb9a3812c90d1dda,toxinpred3_label,categorical,true,same_frozen_label_contract,audit,label,Non-Toxin,Non-Toxin,,,false,adb755722d2cc0e13cb029e70471c39da126474c35549026b97d5e692b39a9a6
vegfa,39cdacc3523a69b0aaf30e7e69229b6e645a00da4ac9f8d201ff25030f743f2d,de_novo,aa84d65717ead2cf91967a4f9feeaf86d1a1cad17a7fe459d252dc2a41207b20,none,,amp_read_log10_mic_um,numeric,false,de_novo_has_no_biological_parent,,,,1.8577655564586302,,,,cd98a95e262cf6163c7cbf627ebc552fae7149998e3b8b7ea35c99a08b667a58
vegfa,39cdacc3523a69b0aaf30e7e69229b6e645a00da4ac9f8d201ff25030f743f2d,de_novo,aa84d65717ead2cf91967a4f9feeaf86d1a1cad17a7fe459d252dc2a41207b20,none,,guruprasad_instability_index,numeric,false,de_novo_has_no_biological_parent,,,,35.876923,,,,5bacfaa99bbbc62125ea463e0125fdaed07b8a21fd25ff557dcdd0db96fb2a6c
vegfa,39cdacc3523a69b0aaf30e7e69229b6e645a00da4ac9f8d201ff25030f743f2d,de_novo,aa84d65717ead2cf91967a4f9feeaf86d1a1cad17a7fe459d252dc2a41207b20,none,,hydrophobic_moment_eisenberg,numeric,false,de_novo_has_no_biological_parent,,,,0.2755077230369871,,,,3c9b56bbb26e6f2dda6dad50b8259d4a6f3fb6947a8eba1986fd502f302d17b9
vegfa,39cdacc3523a69b0aaf30e7e69229b6e645a00da4ac9f8d201ff25030f743f2d,de_novo,aa84d65717ead2cf91967a4f9feeaf86d1a1cad17a7fe459d252dc2a41207b20,none,,hydrophobic_ratio_modlamp,numeric,false,de_novo_has_no_biological_parent,,,,0.07692307692307693,,,,ea00a854290d362379367a60246fc9895934eec320c93b73cd4cd38728b9ffa6
vegfa,39cdacc3523a69b0aaf30e7e69229b6e645a00da4ac9f8d201ff25030f743f2d,de_novo,aa84d65717ead2cf91967a4f9feeaf86d1a1cad17a7fe459d252dc2a41207b20,none,,llamp_log10_mic_um,numeric,false,de_novo_has_no_biological_parent,,,,1.5492209196090698,,,,36daeb135d4ab7a5ff4c97d9cffbb05072480cc5f30803fc5df4b901fc6ec846
vegfa,39cdacc3523a69b0aaf30e7e69229b6e645a00da4ac9f8d201ff25030f743f2d,de_novo,aa84d65717ead2cf91967a4f9feeaf86d1a1cad17a7fe459d252dc2a41207b20,none,,macrel_amp_probability,numeric,false,de_novo_has_no_biological_parent,,,,0.257,,,,4ed17919ffcff00985f95e7ee5d1ab1cabf5fed709079fdab092bd0cc975fd51
vegfa,39cdacc3523a69b0aaf30e7e69229b6e645a00da4ac9f8d201ff25030f743f2d,de_novo,aa84d65717ead2cf91967a4f9feeaf86d1a1cad17a7fe459d252dc2a41207b20,none,,macrel_hemolysis_label,categorical,false,de_novo_has_no_biological_parent,,,,high,,,,3b04d6006ffc82934bac931459e72f04ec45e348dbcacdcb7556c387abb68b27
vegfa,39cdacc3523a69b0aaf30e7e69229b6e645a00da4ac9f8d201ff25030f743f2d,de_novo,aa84d65717ead2cf91967a4f9feeaf86d1a1cad17a7fe459d252dc2a41207b20,none,,macrel_hemolysis_probability,numeric,false,de_novo_has_no_biological_parent,,,,0.505,,,,1032937f4a5744992fe5274d2e6db5e5c6ad8abab685c86fbd5e5f7a135f8d96
vegfa,39cdacc3523a69b0aaf30e7e69229b6e645a00da4ac9f8d201ff25030f743f2d,de_novo,aa84d65717ead2cf91967a4f9feeaf86d1a1cad17a7fe459d252dc2a41207b20,none,,maximum_hydrophobic_run,numeric,false,de_novo_has_no_biological_parent,,,,2,,,,6f52968352756a3ef5d54876d817643949648bf47faf25455ca2cfc892c10616
vegfa,39cdacc3523a69b0aaf30e7e69229b6e645a00da4ac9f8d201ff25030f743f2d,de_novo,aa84d65717ead2cf91967a4f9feeaf86d1a1cad17a7fe459d252dc2a41207b20,none,,net_charge_ph7_4,numeric,false,de_novo_has_no_biological_parent,,,,12.065,,,,f51a883dabfbcf897c122afc3d9474a95fcb1d1a4a45fc354ced5b78629380ce
vegfa,39cdacc3523a69b0aaf30e7e69229b6e645a00da4ac9f8d201ff25030f743f2d,de_novo,aa84d65717ead2cf91967a4f9feeaf86d1a1cad17a7fe459d252dc2a41207b20,none,,toxinpred3_hybrid_score,numeric,false,de_novo_has_no_biological_parent,,,,0.065,,,,965b2648c4ba972ef6412e251abc8a9912e5d9a1eec8a2597fc6dc27f14817e4
vegfa,39cdacc3523a69b0aaf30e7e69229b6e645a00da4ac9f8d201ff25030f743f2d,de_novo,aa84d65717ead2cf91967a4f9feeaf86d1a1cad17a7fe459d252dc2a41207b20,none,,toxinpred3_label,categorical,false,de_novo_has_no_biological_parent,,,,Non-Toxin,,,,50752d15fe62478a01608249ab4ab854eec51289103a1709d862aaa58d77d9df
vegfa,0e3d6d7e36e6ec6c1ab3c14604c4f37a85759548b7db69ff41bf3295f3831f56,de_novo,674a7f5dcd648d823aaa162cff039de44909a7367c7488b099dafea06f77373c,none,,amp_read_log10_mic_um,numeric,false,de_novo_has_no_biological_parent,,,,1.4409699679223442,,,,96177d1a563f16159e01c576308f3e3ee1548c34e56c265fd585cfac8067b33a
vegfa,0e3d6d7e36e6ec6c1ab3c14604c4f37a85759548b7db69ff41bf3295f3831f56,de_novo,674a7f5dcd648d823aaa162cff039de44909a7367c7488b099dafea06f77373c,none,,guruprasad_instability_index,numeric,false,de_novo_has_no_biological_parent,,,,21.285714,,,,a285dd1273353490f459e12217439a02aab7af4826686dc5fc1f2b5a8b33ba4a
vegfa,0e3d6d7e36e6ec6c1ab3c14604c4f37a85759548b7db69ff41bf3295f3831f56,de_novo,674a7f5dcd648d823aaa162cff039de44909a7367c7488b099dafea06f77373c,none,,hydrophobic_moment_eisenberg,numeric,false,de_novo_has_no_biological_parent,,,,0.21077446070239358,,,,dd99b2f998ffac1386c24ebc56695bb4322269c27930ff08eac80be81b036389
vegfa,0e3d6d7e36e6ec6c1ab3c14604c4f37a85759548b7db69ff41bf3295f3831f56,de_novo,674a7f5dcd648d823aaa162cff039de44909a7367c7488b099dafea06f77373c,none,,hydrophobic_ratio_modlamp,numeric,false,de_novo_has_no_biological_parent,,,,0.23809523809523808,,,,10b3bca1f5ec1614d139dd75c205bcf45022b3c3bea2afafbf1d14a3ac3142cc
vegfa,0e3d6d7e36e6ec6c1ab3c14604c4f37a85759548b7db69ff41bf3295f3831f56,de_novo,674a7f5dcd648d823aaa162cff039de44909a7367c7488b099dafea06f77373c,none,,llamp_log10_mic_um,numeric,false,de_novo_has_no_biological_parent,,,,1.856253743171692,,,,8f2dc252186e98bbef71d45858e3c7f771728bde3b0467bbd785941ab29375bd
vegfa,0e3d6d7e36e6ec6c1ab3c14604c4f37a85759548b7db69ff41bf3295f3831f56,de_novo,674a7f5dcd648d823aaa162cff039de44909a7367c7488b099dafea06f77373c,none,,macrel_amp_probability,numeric,false,de_novo_has_no_biological_parent,,,,0.139,,,,57553e6d65f0b22167a2c6f607300358130582eaf83d3003e2c24f03c7823a81
vegfa,0e3d6d7e36e6ec6c1ab3c14604c4f37a85759548b7db69ff41bf3295f3831f56,de_novo,674a7f5dcd648d823aaa162cff039de44909a7367c7488b099dafea06f77373c,none,,macrel_hemolysis_label,categorical,false,de_novo_has_no_biological_parent,,,,low,,,,9d33daa7c136d98cdf774a106f2111136d3263c4870a4cc4d031905b7e230537
vegfa,0e3d6d7e36e6ec6c1ab3c14604c4f37a85759548b7db69ff41bf3295f3831f56,de_novo,674a7f5dcd648d823aaa162cff039de44909a7367c7488b099dafea06f77373c,none,,macrel_hemolysis_probability,numeric,false,de_novo_has_no_biological_parent,,,,0.366,,,,060ae4be700218e86bbf72dfdd798b5fe02354fce3b71a9b87d02ca9d607a64a
vegfa,0e3d6d7e36e6ec6c1ab3c14604c4f37a85759548b7db69ff41bf3295f3831f56,de_novo,674a7f5dcd648d823aaa162cff039de44909a7367c7488b099dafea06f77373c,none,,maximum_hydrophobic_run,numeric,false,de_novo_has_no_biological_parent,,,,2,,,,b6d0d7e99872e43c37c60ddc1f602326bfb4946719be30782a0bdbef4f2444f6
vegfa,0e3d6d7e36e6ec6c1ab3c14604c4f37a85759548b7db69ff41bf3295f3831f56,de_novo,674a7f5dcd648d823aaa162cff039de44909a7367c7488b099dafea06f77373c,none,,net_charge_ph7_4,numeric,false,de_novo_has_no_biological_parent,,,,9.985,,,,89a4436478d2bf9469278d52face26a674cd56b64a48b38f3a9a84747866645b
vegfa,0e3d6d7e36e6ec6c1ab3c14604c4f37a85759548b7db69ff41bf3295f3831f56,de_novo,674a7f5dcd648d823aaa162cff039de44909a7367c7488b099dafea06f77373c,none,,toxinpred3_hybrid_score,numeric,false,de_novo_has_no_biological_parent,,,,0.405,,,,8a002593b1458026972ad4a8930293b4077170eec092b113c84bf1de76fa1b4e
vegfa,0e3d6d7e36e6ec6c1ab3c14604c4f37a85759548b7db69ff41bf3295f3831f56,de_novo,674a7f5dcd648d823aaa162cff039de44909a7367c7488b099dafea06f77373c,none,,toxinpred3_label,categorical,false,de_novo_has_no_biological_parent,,,,Toxin,,,,b87f169bf6debc921505a02d59faf72f0aa601bbe165233511f8d42107761d95
vegfa,3456da2d77aa0879dd153e8be81927d8788fdce86012fe9709873b460397ca71,masked_substitution,96a0d3d50c6039c9e0c0e2229ce0f22ddadc6a02a13bdef75023f2df3742b71c,primary_parent,02e6e8a9041d1f5e02ded66ace7f1bf8353933cb460554f7d6d4f7827ee851e3,amp_read_log10_mic_um,numeric,true,same_frozen_numeric_contract,minimize,log10(uM),0.8502392420270765,0.9465429969182538,0.09630375489117737,-0.09630375489117737,true,d5c33791de7a02f04c35f6a54318b3e0361ba1cc98aa2227a253744bbc06962c
vegfa,3456da2d77aa0879dd153e8be81927d8788fdce86012fe9709873b460397ca71,masked_substitution,96a0d3d50c6039c9e0c0e2229ce0f22ddadc6a02a13bdef75023f2df3742b71c,primary_parent,02e6e8a9041d1f5e02ded66ace7f1bf8353933cb460554f7d6d4f7827ee851e3,guruprasad_instability_index,numeric,true,same_frozen_numeric_contract,minimize,index,-9.308695652173913,0.986957,10.295652652173914,-10.295652652173914,true,89e4434196ee11573f4f498d6325ddd797bbe03fd3c07163120c110b4c35b269
vegfa,3456da2d77aa0879dd153e8be81927d8788fdce86012fe9709873b460397ca71,masked_substitution,96a0d3d50c6039c9e0c0e2229ce0f22ddadc6a02a13bdef75023f2df3742b71c,primary_parent,02e6e8a9041d1f5e02ded66ace7f1bf8353933cb460554f7d6d4f7827ee851e3,hydrophobic_moment_eisenberg,numeric,false,audit_metric_has_no_monotonic_improvement_direction,audit,dimensionless,0.14056582796750103,0.19026767835447825,0.04970185038697722,,true,fd0a61c63e99d760fa8119021727159c7c6b0658a64e8577e192afbe42f6385c
vegfa,3456da2d77aa0879dd153e8be81927d8788fdce86012fe9709873b460397ca71,masked_substitution,96a0d3d50c6039c9e0c0e2229ce0f22ddadc6a02a13bdef75023f2df3742b71c,primary_parent,02e6e8a9041d1f5e02ded66ace7f1bf8353933cb460554f7d6d4f7827ee851e3,hydrophobic_ratio_modlamp,numeric,false,audit_metric_has_no_monotonic_improvement_direction,audit,fraction,0.2608695652173913,0.21739130434782608,-0.043478260869565216,,true,a3e50a83ba55edeee9548994ac58458334afca9b5175d05a45a9bf82b516b9b6
vegfa,3456da2d77aa0879dd153e8be81927d8788fdce86012fe9709873b460397ca71,masked_substitution,96a0d3d50c6039c9e0c0e2229ce0f22ddadc6a02a13bdef75023f2df3742b71c,primary_parent,02e6e8a9041d1f5e02ded66ace7f1bf8353933cb460554f7d6d4f7827ee851e3,llamp_log10_mic_um,numeric,true,same_frozen_numeric_contract,minimize,log10(uM),1.3610467910766602,1.3329952955245972,-0.02805149555206299,0.02805149555206299,true,c934975da5a30deb7131ed10b483dae6a8c87c20b3ff60bcbeb68d465a150757
vegfa,3456da2d77aa0879dd153e8be81927d8788fdce86012fe9709873b460397ca71,masked_substitution,96a0d3d50c6039c9e0c0e2229ce0f22ddadc6a02a13bdef75023f2df3742b71c,primary_parent,02e6e8a9041d1f5e02ded66ace7f1bf8353933cb460554f7d6d4f7827ee851e3,macrel_amp_probability,numeric,true,same_frozen_numeric_contract,maximize,probability,0.584,0.372,-0.21199999999999997,-0.21199999999999997,true,575b009e271883f328afcd26dca0c8aca4a8f9fbad1ec6289498fa1356abe3d7
vegfa,3456da2d77aa0879dd153e8be81927d8788fdce86012fe9709873b460397ca71,masked_substitution,96a0d3d50c6039c9e0c0e2229ce0f22ddadc6a02a13bdef75023f2df3742b71c,primary_parent,02e6e8a9041d1f5e02ded66ace7f1bf8353933cb460554f7d6d4f7827ee851e3,macrel_hemolysis_label,categorical,true,same_frozen_label_contract,audit,label,low,low,,,false,09fe483d61c95379a50a4215a29c52d624d3bcf15c0cfa4ac6775250eb0fc0fa
vegfa,3456da2d77aa0879dd153e8be81927d8788fdce86012fe9709873b460397ca71,masked_substitution,96a0d3d50c6039c9e0c0e2229ce0f22ddadc6a02a13bdef75023f2df3742b71c,primary_parent,02e6e8a9041d1f5e02ded66ace7f1bf8353933cb460554f7d6d4f7827ee851e3,macrel_hemolysis_probability,numeric,true,same_frozen_numeric_contract,minimize,probability,0.465,0.386,-0.07900000000000001,0.07900000000000001,true,d60a83790eb3bb0e4d68ce453a3d2b780ba53db79fea48a5cd27000790930425
vegfa,3456da2d77aa0879dd153e8be81927d8788fdce86012fe9709873b460397ca71,masked_substitution,96a0d3d50c6039c9e0c0e2229ce0f22ddadc6a02a13bdef75023f2df3742b71c,primary_parent,02e6e8a9041d1f5e02ded66ace7f1bf8353933cb460554f7d6d4f7827ee851e3,maximum_hydrophobic_run,numeric,true,same_frozen_numeric_contract,minimize,residues,2.0,2.0,0.0,-0.0,false,7edbe1a5840006c315b590d70c85c41d6f65173a7877056d08f1f3772544904e
vegfa,3456da2d77aa0879dd153e8be81927d8788fdce86012fe9709873b460397ca71,masked_substitution,96a0d3d50c6039c9e0c0e2229ce0f22ddadc6a02a13bdef75023f2df3742b71c,primary_parent,02e6e8a9041d1f5e02ded66ace7f1bf8353933cb460554f7d6d4f7827ee851e3,net_charge_ph7_4,numeric,false,audit_metric_has_no_monotonic_improvement_direction,audit,elementary_charge,6.112,7.111,0.9989999999999997,,true,4144b10d1972e98cd0c933457d110c7b9b5908a067ef22072c9fcf4a5865d960
vegfa,3456da2d77aa0879dd153e8be81927d8788fdce86012fe9709873b460397ca71,masked_substitution,96a0d3d50c6039c9e0c0e2229ce0f22ddadc6a02a13bdef75023f2df3742b71c,primary_parent,02e6e8a9041d1f5e02ded66ace7f1bf8353933cb460554f7d6d4f7827ee851e3,toxinpred3_hybrid_score,numeric,true,same_frozen_numeric_contract,minimize,dimensionless,0.0,0.0,0.0,-0.0,false,734cf3611de1904db709066b35173ce3d40dd93527a9e0d4b74f30dce2a02f48
vegfa,3456da2d77aa0879dd153e8be81927d8788fdce86012fe9709873b460397ca71,masked_substitution,96a0d3d50c6039c9e0c0e2229ce0f22ddadc6a02a13bdef75023f2df3742b71c,primary_parent,02e6e8a9041d1f5e02ded66ace7f1bf8353933cb460554f7d6d4f7827ee851e3,toxinpred3_label,categorical,true,same_frozen_label_contract,audit,label,Non-Toxin,Non-Toxin,,,false,44747b0c89ca7b050591d49936bb33ff9e2788dfe641a1e39d77d323b5d9af4e
vegfa,86a77544c2f5f0ae9e22c2d3d61cd7dc5e0bcc54a0c4a7a0a111724ee55c51df,controlled_crossover,9c8c9f806db859ea13ff81b3994a548a3b3cd678cbf95b3bd45a39b78970e85c,primary_parent,b83870d30979628ddbe5cad16c34f98486e1d4b954ceb8601b2805bebad7b4a2,amp_read_log10_mic_um,numeric,true,same_frozen_numeric_contract,minimize,log10(uM),0.9338330877644926,1.1703558211147118,0.23652273335021923,-0.23652273335021923,true,221a37ec1a6b839b02cd15d5a8a0d4ddaf4591d8117642f738361817b1e453e9
vegfa,86a77544c2f5f0ae9e22c2d3d61cd7dc5e0bcc54a0c4a7a0a111724ee55c51df,controlled_crossover,9c8c9f806db859ea13ff81b3994a548a3b3cd678cbf95b3bd45a39b78970e85c,primary_parent,b83870d30979628ddbe5cad16c34f98486e1d4b954ceb8601b2805bebad7b4a2,guruprasad_instability_index,numeric,true,same_frozen_numeric_contract,minimize,index,-5.6173913043478265,-8.056522,-2.4391306956521728,2.4391306956521728,true,a39af9f99e0b4bf07e6cc07bfbba47da23b6c1ac1ac26af519f0ce119823a41b
vegfa,86a77544c2f5f0ae9e22c2d3d61cd7dc5e0bcc54a0c4a7a0a111724ee55c51df,controlled_crossover,9c8c9f806db859ea13ff81b3994a548a3b3cd678cbf95b3bd45a39b78970e85c,primary_parent,b83870d30979628ddbe5cad16c34f98486e1d4b954ceb8601b2805bebad7b4a2,hydrophobic_moment_eisenberg,numeric,false,audit_metric_has_no_monotonic_improvement_direction,audit,dimensionless,0.1821248502999208,0.08892908525049412,-0.09319576504942667,,true,9222a0d87d078b0c0e72db1e4fbb29750e8cdfabe095a0b2ed1db0b3e8e5e640
vegfa,86a77544c2f5f0ae9e22c2d3d61cd7dc5e0bcc54a0c4a7a0a111724ee55c51df,controlled_crossover,9c8c9f806db859ea13ff81b3994a548a3b3cd678cbf95b3bd45a39b78970e85c,primary_parent,b83870d30979628ddbe5cad16c34f98486e1d4b954ceb8601b2805bebad7b4a2,hydrophobic_ratio_modlamp,numeric,false,audit_metric_has_no_monotonic_improvement_direction,audit,fraction,0.21739130434782608,0.08695652173913043,-0.13043478260869565,,true,eeea7e9a289ed87b1098d0d3643a5a5f551854230d5777aebc296ddd7593499f
vegfa,86a77544c2f5f0ae9e22c2d3d61cd7dc5e0bcc54a0c4a7a0a111724ee55c51df,controlled_crossover,9c8c9f806db859ea13ff81b3994a548a3b3cd678cbf95b3bd45a39b78970e85c,primary_parent,b83870d30979628ddbe5cad16c34f98486e1d4b954ceb8601b2805bebad7b4a2,llamp_log10_mic_um,numeric,true,same_frozen_numeric_contract,minimize,log10(uM),1.4252794981002808,1.5637010335922241,0.13842153549194336,-0.13842153549194336,true,10ab7adbd9e17d4b09023befc1569c701b9e09153d0a9b56a4d2af5cc3b36536
vegfa,86a77544c2f5f0ae9e22c2d3d61cd7dc5e0bcc54a0c4a7a0a111724ee55c51df,controlled_crossover,9c8c9f806db859ea13ff81b3994a548a3b3cd678cbf95b3bd45a39b78970e85c,primary_parent,b83870d30979628ddbe5cad16c34f98486e1d4b954ceb8601b2805bebad7b4a2,macrel_amp_probability,numeric,true,same_frozen_numeric_contract,maximize,probability,0.511,0.327,-0.184,-0.184,true,7bea506182304dba1317d3c17c14e2f34bec2b4bf088bdd54cc92e0049e486ec
vegfa,86a77544c2f5f0ae9e22c2d3d61cd7dc5e0bcc54a0c4a7a0a111724ee55c51df,controlled_crossover,9c8c9f806db859ea13ff81b3994a548a3b3cd678cbf95b3bd45a39b78970e85c,primary_parent,b83870d30979628ddbe5cad16c34f98486e1d4b954ceb8601b2805bebad7b4a2,macrel_hemolysis_label,categorical,true,same_frozen_label_contract,audit,label,low,low,,,false,d42dcf137ecfbc6c482e2993cfae706fe277ca16eff4468bbe31718cf010e5ea
vegfa,86a77544c2f5f0ae9e22c2d3d61cd7dc5e0bcc54a0c4a7a0a111724ee55c51df,controlled_crossover,9c8c9f806db859ea13ff81b3994a548a3b3cd678cbf95b3bd45a39b78970e85c,primary_parent,b83870d30979628ddbe5cad16c34f98486e1d4b954ceb8601b2805bebad7b4a2,macrel_hemolysis_probability,numeric,true,same_frozen_numeric_contract,minimize,probability,0.436,0.277,-0.15899999999999997,0.15899999999999997,true,088ee38fed8f053721f84ae309ee1765ac0a9f34095d6163c1a4d75e1c237571
vegfa,86a77544c2f5f0ae9e22c2d3d61cd7dc5e0bcc54a0c4a7a0a111724ee55c51df,controlled_crossover,9c8c9f806db859ea13ff81b3994a548a3b3cd678cbf95b3bd45a39b78970e85c,primary_parent,b83870d30979628ddbe5cad16c34f98486e1d4b954ceb8601b2805bebad7b4a2,maximum_hydrophobic_run,numeric,true,same_frozen_numeric_contract,minimize,residues,2.0,1.0,-1.0,1.0,true,d4c7f3a5d310a6d3ce4cc8b2069f355c2ebe90c37f7003b7d7523578b9ab3e32
vegfa,86a77544c2f5f0ae9e22c2d3d61cd7dc5e0bcc54a0c4a7a0a111724ee55c51df,controlled_crossover,9c8c9f806db859ea13ff81b3994a548a3b3cd678cbf95b3bd45a39b78970e85c,primary_parent,b83870d30979628ddbe5cad16c34f98486e1d4b954ceb8601b2805bebad7b4a2,net_charge_ph7_4,numeric,false,audit_metric_has_no_monotonic_improvement_direction,audit,elementary_charge,6.154,7.153,0.9989999999999997,,true,2bd274c610e826d8aa3386a18081bbbd311e3d4dddfc7f50bd8737ae5b5b664c
vegfa,86a77544c2f5f0ae9e22c2d3d61cd7dc5e0bcc54a0c4a7a0a111724ee55c51df,controlled_crossover,9c8c9f806db859ea13ff81b3994a548a3b3cd678cbf95b3bd45a39b78970e85c,primary_parent,b83870d30979628ddbe5cad16c34f98486e1d4b954ceb8601b2805bebad7b4a2,toxinpred3_hybrid_score,numeric,true,same_frozen_numeric_contract,minimize,dimensionless,0.0,0.37,0.37,-0.37,true,cb84ec791b81ce6b6263e6368c49e6d160dec0cb303bbd015dcf8d5eb824b06b
vegfa,86a77544c2f5f0ae9e22c2d3d61cd7dc5e0bcc54a0c4a7a0a111724ee55c51df,controlled_crossover,9c8c9f806db859ea13ff81b3994a548a3b3cd678cbf95b3bd45a39b78970e85c,primary_parent,b83870d30979628ddbe5cad16c34f98486e1d4b954ceb8601b2805bebad7b4a2,toxinpred3_label,categorical,true,same_frozen_label_contract,audit,label,Non-Toxin,Non-Toxin,,,false,bcb3aa4c0003b348e574ee79fa68efc1dfffc1a8819687c2dba502331be20bc5
vegfa,86a77544c2f5f0ae9e22c2d3d61cd7dc5e0bcc54a0c4a7a0a111724ee55c51df,controlled_crossover,9c8c9f806db859ea13ff81b3994a548a3b3cd678cbf95b3bd45a39b78970e85c,donor_parent,dc6b9e097fdbb1cebc638561775ba07debfd2bcbae4b1e7dbb9a3812c90d1dda,amp_read_log10_mic_um,numeric,true,same_frozen_numeric_contract,minimize,log10(uM),1.4326805721868476,1.1703558211147118,-0.2623247510721358,0.2623247510721358,true,8edfb08563cc80d3279e36dd74cbd2155ee212abc3418f6c1198a1d0342647ef
vegfa,86a77544c2f5f0ae9e22c2d3d61cd7dc5e0bcc54a0c4a7a0a111724ee55c51df,controlled_crossover,9c8c9f806db859ea13ff81b3994a548a3b3cd678cbf95b3bd45a39b78970e85c,donor_parent,dc6b9e097fdbb1cebc638561775ba07debfd2bcbae4b1e7dbb9a3812c90d1dda,guruprasad_instability_index,numeric,true,same_frozen_numeric_contract,minimize,index,8.988461538461536,-8.056522,-17.044983538461537,17.044983538461537,true,3b818181ba27d70ef697c6abf9d1c6f649c5e849aeef1ecb054e3a90848ac282
vegfa,86a77544c2f5f0ae9e22c2d3d61cd7dc5e0bcc54a0c4a7a0a111724ee55c51df,controlled_crossover,9c8c9f806db859ea13ff81b3994a548a3b3cd678cbf95b3bd45a39b78970e85c,donor_parent,dc6b9e097fdbb1cebc638561775ba07debfd2bcbae4b1e7dbb9a3812c90d1dda,hydrophobic_moment_eisenberg,numeric,false,audit_metric_has_no_monotonic_improvement_direction,audit,dimensionless,0.05669057760399849,0.08892908525049412,0.03223850764649563,,true,923c2896bc866c0dd52f59de39653855b7d56fcacd2de22a501582c6a0c27ddd
vegfa,86a77544c2f5f0ae9e22c2d3d61cd7dc5e0bcc54a0c4a7a0a111724ee55c51df,controlled_crossover,9c8c9f806db859ea13ff81b3994a548a3b3cd678cbf95b3bd45a39b78970e85c,donor_parent,dc6b9e097fdbb1cebc638561775ba07debfd2bcbae4b1e7dbb9a3812c90d1dda,hydrophobic_ratio_modlamp,numeric,false,audit_metric_has_no_monotonic_improvement_direction,audit,fraction,0.07692307692307693,0.08695652173913043,0.010033444816053505,,true,fa729af1438a61ba97cc33c203ea431bb2061c24cfb2ba3731b274e38fc66a7b
vegfa,86a77544c2f5f0ae9e22c2d3d61cd7dc5e0bcc54a0c4a7a0a111724ee55c51df,controlled_crossover,9c8c9f806db859ea13ff81b3994a548a3b3cd678cbf95b3bd45a39b78970e85c,donor_parent,dc6b9e097fdbb1cebc638561775ba07debfd2bcbae4b1e7dbb9a3812c90d1dda,llamp_log10_mic_um,numeric,true,same_frozen_numeric_contract,minimize,log10(uM),0.7191438674926758,1.5637010335922241,0.8445571660995483,-0.8445571660995483,true,105694f9fa2c7d13c4ab7591252773fd6f20e133add63915bb4da7b0901c0a8a
vegfa,86a77544c2f5f0ae9e22c2d3d61cd7dc5e0bcc54a0c4a7a0a111724ee55c51df,controlled_crossover,9c8c9f806db859ea13ff81b3994a548a3b3cd678cbf95b3bd45a39b78970e85c,donor_parent,dc6b9e097fdbb1cebc638561775ba07debfd2bcbae4b1e7dbb9a3812c90d1dda,macrel_amp_probability,numeric,true,same_frozen_numeric_contract,maximize,probability,0.535,0.327,-0.20800000000000002,-0.20800000000000002,true,6c86374b1cd18600f49512b0945bfcc7333f1f9abfed37b9a9ba05e0b2a4bb2b
vegfa,86a77544c2f5f0ae9e22c2d3d61cd7dc5e0bcc54a0c4a7a0a111724ee55c51df,controlled_crossover,9c8c9f806db859ea13ff81b3994a548a3b3cd678cbf95b3bd45a39b78970e85c,donor_parent,dc6b9e097fdbb1cebc638561775ba07debfd2bcbae4b1e7dbb9a3812c90d1dda,macrel_hemolysis_label,categorical,true,same_frozen_label_contract,audit,label,low,low,,,false,afa1c3a55ae6931b4478f1a2668b02643e20aa6365096ca7ea9713985330b860
vegfa,86a77544c2f5f0ae9e22c2d3d61cd7dc5e0bcc54a0c4a7a0a111724ee55c51df,controlled_crossover,9c8c9f806db859ea13ff81b3994a548a3b3cd678cbf95b3bd45a39b78970e85c,donor_parent,dc6b9e097fdbb1cebc638561775ba07debfd2bcbae4b1e7dbb9a3812c90d1dda,macrel_hemolysis_probability,numeric,true,same_frozen_numeric_contract,minimize,probability,0.386,0.277,-0.10899999999999999,0.10899999999999999,true,88cd6903d48dc90dc884d57eae900ec2857d53dd67cc058e6357338924515988
vegfa,86a77544c2f5f0ae9e22c2d3d61cd7dc5e0bcc54a0c4a7a0a111724ee55c51df,controlled_crossover,9c8c9f806db859ea13ff81b3994a548a3b3cd678cbf95b3bd45a39b78970e85c,donor_parent,dc6b9e097fdbb1cebc638561775ba07debfd2bcbae4b1e7dbb9a3812c90d1dda,maximum_hydrophobic_run,numeric,true,same_frozen_numeric_contract,minimize,residues,2.0,1.0,-1.0,1.0,true,0c228f67422f545ec94ff8e00395f3e9c25326f41b819797943beb948c6f4863
vegfa,86a77544c2f5f0ae9e22c2d3d61cd7dc5e0bcc54a0c4a7a0a111724ee55c51df,controlled_crossover,9c8c9f806db859ea13ff81b3994a548a3b3cd678cbf95b3bd45a39b78970e85c,donor_parent,dc6b9e097fdbb1cebc638561775ba07debfd2bcbae4b1e7dbb9a3812c90d1dda,net_charge_ph7_4,numeric,false,audit_metric_has_no_monotonic_improvement_direction,audit,elementary_charge,9.152,7.153,-1.9989999999999997,,true,b1994bb7e9115963673cdd6965bc905013cad855759a7a6d1ce7743244365f4e
vegfa,86a77544c2f5f0ae9e22c2d3d61cd7dc5e0bcc54a0c4a7a0a111724ee55c51df,controlled_crossover,9c8c9f806db859ea13ff81b3994a548a3b3cd678cbf95b3bd45a39b78970e85c,donor_parent,dc6b9e097fdbb1cebc638561775ba07debfd2bcbae4b1e7dbb9a3812c90d1dda,toxinpred3_hybrid_score,numeric,true,same_frozen_numeric_contract,minimize,dimensionless,0.015,0.37,0.355,-0.355,true,8f0f536e2a1fead2ad4164e442c396c3dd8f8c588303937fe36843938c26e77c
vegfa,86a77544c2f5f0ae9e22c2d3d61cd7dc5e0bcc54a0c4a7a0a111724ee55c51df,controlled_crossover,9c8c9f806db859ea13ff81b3994a548a3b3cd678cbf95b3bd45a39b78970e85c,donor_parent,dc6b9e097fdbb1cebc638561775ba07debfd2bcbae4b1e7dbb9a3812c90d1dda,toxinpred3_label,categorical,true,same_frozen_label_contract,audit,label,Non-Toxin,Non-Toxin,,,false,d1c47acbdf4c60ff606e2d56aa93fd35fd1bcb2a8d26b448014115ee3ebfbedf
vegfa,3b5d71865ae23f6388e9b8e8611f4f90ba0f60ec407f241cab311dac65fa0abb,de_novo,ab3b7a15523424e47f6e98b7caef3a484a2e1b2fb2d9c884ff3e4f5e6e062ef6,none,,amp_read_log10_mic_um,numeric,false,de_novo_has_no_biological_parent,,,,1.7731394411555172,,,,2fa8510e8b7203d5fe8dcdd4daea6f9f94008a9228ef3213282d17b8eb426bfe
vegfa,3b5d71865ae23f6388e9b8e8611f4f90ba0f60ec407f241cab311dac65fa0abb,de_novo,ab3b7a15523424e47f6e98b7caef3a484a2e1b2fb2d9c884ff3e4f5e6e062ef6,none,,guruprasad_instability_index,numeric,false,de_novo_has_no_biological_parent,,,,15.870000,,,,31202c2a9d92e2011533303226fc7055337349eab6cb69ea0340bd2a815e153b
vegfa,3b5d71865ae23f6388e9b8e8611f4f90ba0f60ec407f241cab311dac65fa0abb,de_novo,ab3b7a15523424e47f6e98b7caef3a484a2e1b2fb2d9c884ff3e4f5e6e062ef6,none,,hydrophobic_moment_eisenberg,numeric,false,de_novo_has_no_biological_parent,,,,0.15373628791840135,,,,b003b5694da062f382dad5791b694d034c1c2f29141ecfd2f731cf3f5f5e1dd6
vegfa,3b5d71865ae23f6388e9b8e8611f4f90ba0f60ec407f241cab311dac65fa0abb,de_novo,ab3b7a15523424e47f6e98b7caef3a484a2e1b2fb2d9c884ff3e4f5e6e062ef6,none,,hydrophobic_ratio_modlamp,numeric,false,de_novo_has_no_biological_parent,,,,0.05,,,,0fabb15bdff915061427614aba5164227784042b05bc57f5eafff49dd7d1042a
vegfa,3b5d71865ae23f6388e9b8e8611f4f90ba0f60ec407f241cab311dac65fa0abb,de_novo,ab3b7a15523424e47f6e98b7caef3a484a2e1b2fb2d9c884ff3e4f5e6e062ef6,none,,llamp_log10_mic_um,numeric,false,de_novo_has_no_biological_parent,,,,1.3587206602096558,,,,0cc76e620bb5ef08d9b888bcdc30848348be15fc27cf18bf5008690999fa6614
vegfa,3b5d71865ae23f6388e9b8e8611f4f90ba0f60ec407f241cab311dac65fa0abb,de_novo,ab3b7a15523424e47f6e98b7caef3a484a2e1b2fb2d9c884ff3e4f5e6e062ef6,none,,macrel_amp_probability,numeric,false,de_novo_has_no_biological_parent,,,,0.416,,,,93f9adcc37547319c1a73d55f6fabfded1fafbf8cfa67629b222d9b18a81b2d0
vegfa,3b5d71865ae23f6388e9b8e8611f4f90ba0f60ec407f241cab311dac65fa0abb,de_novo,ab3b7a15523424e47f6e98b7caef3a484a2e1b2fb2d9c884ff3e4f5e6e062ef6,none,,macrel_hemolysis_label,categorical,false,de_novo_has_no_biological_parent,,,,high,,,,7014d3f69d5bcdf7ec5779e846587b7a56f751d219513ad057692cda3ef5720c
vegfa,3b5d71865ae23f6388e9b8e8611f4f90ba0f60ec407f241cab311dac65fa0abb,de_novo,ab3b7a15523424e47f6e98b7caef3a484a2e1b2fb2d9c884ff3e4f5e6e062ef6,none,,macrel_hemolysis_probability,numeric,false,de_novo_has_no_biological_parent,,,,0.574,,,,ebacafb5ee9e440f79bb34991dc74b10fc1484047b5072baee1e5e0c5113e8ca
vegfa,3b5d71865ae23f6388e9b8e8611f4f90ba0f60ec407f241cab311dac65fa0abb,de_novo,ab3b7a15523424e47f6e98b7caef3a484a2e1b2fb2d9c884ff3e4f5e6e062ef6,none,,maximum_hydrophobic_run,numeric,false,de_novo_has_no_biological_parent,,,,1,,,,d4138dfc680a57b3194a03fc18058d8fc3e0a635d0e13935868d46f117eb2387
vegfa,3b5d71865ae23f6388e9b8e8611f4f90ba0f60ec407f241cab311dac65fa0abb,de_novo,ab3b7a15523424e47f6e98b7caef3a484a2e1b2fb2d9c884ff3e4f5e6e062ef6,none,,net_charge_ph7_4,numeric,false,de_novo_has_no_biological_parent,,,,13.025,,,,2bd34d7d92d36d35fdf2f7ece2f00b1ca6468ff907dade5e225ac1084be2b612
vegfa,3b5d71865ae23f6388e9b8e8611f4f90ba0f60ec407f241cab311dac65fa0abb,de_novo,ab3b7a15523424e47f6e98b7caef3a484a2e1b2fb2d9c884ff3e4f5e6e062ef6,none,,toxinpred3_hybrid_score,numeric,false,de_novo_has_no_biological_parent,,,,0.45,,,,025562f8cef0620cc05f24be7325b86550bf2c24ae5ce0eeaa9729d48040d1bc
vegfa,3b5d71865ae23f6388e9b8e8611f4f90ba0f60ec407f241cab311dac65fa0abb,de_novo,ab3b7a15523424e47f6e98b7caef3a484a2e1b2fb2d9c884ff3e4f5e6e062ef6,none,,toxinpred3_label,categorical,false,de_novo_has_no_biological_parent,,,,Toxin,,,,9c30aa0775464bc5491d9584ebfad1e640be9157525c512e675d89a7ab49557d
vegfa,a86c5557de5d9558edcb8d2d3dec3883b54c9739b950283180992d7d2b3e8d18,de_novo,2cc71faeead578b35d7208c585130d71920d475ece1cc74824c02d5e1d46f0af,none,,amp_read_log10_mic_um,numeric,false,de_novo_has_no_biological_parent,,,,1.882429258564429,,,,7cd2ded3745c441976f05a9b44de009fd45a954f04a63287c69698fea2908bc0
vegfa,a86c5557de5d9558edcb8d2d3dec3883b54c9739b950283180992d7d2b3e8d18,de_novo,2cc71faeead578b35d7208c585130d71920d475ece1cc74824c02d5e1d46f0af,none,,guruprasad_instability_index,numeric,false,de_novo_has_no_biological_parent,,,,19.682609,,,,7f7c7f4e038defbd087aa044510d833f217b8248f2c0be995d4acb085153f666
vegfa,a86c5557de5d9558edcb8d2d3dec3883b54c9739b950283180992d7d2b3e8d18,de_novo,2cc71faeead578b35d7208c585130d71920d475ece1cc74824c02d5e1d46f0af,none,,hydrophobic_moment_eisenberg,numeric,false,de_novo_has_no_biological_parent,,,,0.0815621220526961,,,,3f89ed078ac603d35fc47646f8b6e3c7bf83ba0ab1e4a5fe17ae2d73827db617
vegfa,a86c5557de5d9558edcb8d2d3dec3883b54c9739b950283180992d7d2b3e8d18,de_novo,2cc71faeead578b35d7208c585130d71920d475ece1cc74824c02d5e1d46f0af,none,,hydrophobic_ratio_modlamp,numeric,false,de_novo_has_no_biological_parent,,,,0.043478260869565216,,,,675b6007f4dacdce9002ff49a275b93d1ed3bee73b760f2cbfa7b25e914b7ac2
vegfa,a86c5557de5d9558edcb8d2d3dec3883b54c9739b950283180992d7d2b3e8d18,de_novo,2cc71faeead578b35d7208c585130d71920d475ece1cc74824c02d5e1d46f0af,none,,llamp_log10_mic_um,numeric,false,de_novo_has_no_biological_parent,,,,0.8087937831878662,,,,a90ea412f457dc365257aa41104a274922a7154b0a3b76cf692435408ca5dd76
vegfa,a86c5557de5d9558edcb8d2d3dec3883b54c9739b950283180992d7d2b3e8d18,de_novo,2cc71faeead578b35d7208c585130d71920d475ece1cc74824c02d5e1d46f0af,none,,macrel_amp_probability,numeric,false,de_novo_has_no_biological_parent,,,,0.337,,,,704cb6e2b02fa49ddac19356aed3fe298c2eac29ff7f8a581322393f65f56769
vegfa,a86c5557de5d9558edcb8d2d3dec3883b54c9739b950283180992d7d2b3e8d18,de_novo,2cc71faeead578b35d7208c585130d71920d475ece1cc74824c02d5e1d46f0af,none,,macrel_hemolysis_label,categorical,false,de_novo_has_no_biological_parent,,,,high,,,,3ef8a351d34dd45dad3881716901d3b9eca1584ee6e6674283dd7a6138187b03
vegfa,a86c5557de5d9558edcb8d2d3dec3883b54c9739b950283180992d7d2b3e8d18,de_novo,2cc71faeead578b35d7208c585130d71920d475ece1cc74824c02d5e1d46f0af,none,,macrel_hemolysis_probability,numeric,false,de_novo_has_no_biological_parent,,,,0.604,,,,12a04effba2c005a066b4618b65a1d1ab32dd89b09212c44a178049b58bdf1ca
vegfa,a86c5557de5d9558edcb8d2d3dec3883b54c9739b950283180992d7d2b3e8d18,de_novo,2cc71faeead578b35d7208c585130d71920d475ece1cc74824c02d5e1d46f0af,none,,maximum_hydrophobic_run,numeric,false,de_novo_has_no_biological_parent,,,,1,,,,3d1e01539441585202fa8cce880fb58f2ccdb7d04b4f0da8031f55ce56b3635e
vegfa,a86c5557de5d9558edcb8d2d3dec3883b54c9739b950283180992d7d2b3e8d18,de_novo,2cc71faeead578b35d7208c585130d71920d475ece1cc74824c02d5e1d46f0af,none,,net_charge_ph7_4,numeric,false,de_novo_has_no_biological_parent,,,,11.111,,,,f91c8f66f422b66e2058da621a99b280032d17877757735a54bf86b19c032a47
vegfa,a86c5557de5d9558edcb8d2d3dec3883b54c9739b950283180992d7d2b3e8d18,de_novo,2cc71faeead578b35d7208c585130d71920d475ece1cc74824c02d5e1d46f0af,none,,toxinpred3_hybrid_score,numeric,false,de_novo_has_no_biological_parent,,,,0.28,,,,0f49244616bd007154dab5b57bda1ae9f9821ae5aede8ad43368e14e91157f25
vegfa,a86c5557de5d9558edcb8d2d3dec3883b54c9739b950283180992d7d2b3e8d18,de_novo,2cc71faeead578b35d7208c585130d71920d475ece1cc74824c02d5e1d46f0af,none,,toxinpred3_label,categorical,false,de_novo_has_no_biological_parent,,,,Non-Toxin,,,,20392ecf9f1c472332797f838589397f7f3e3941aaf20f5659dbd0bba373a630
vegfa,420c8bc613cd93db7b7f1076889363f4959e9bfa0b53853a7a521354446e1e57,masked_substitution,ce2424c3ea240002b7c4d7dd9353f0945371ef47bee86330ead61e059135a82e,primary_parent,02e6e8a9041d1f5e02ded66ace7f1bf8353933cb460554f7d6d4f7827ee851e3,amp_read_log10_mic_um,numeric,true,same_frozen_numeric_contract,minimize,log10(uM),0.8502392420270765,1.0577803180429053,0.20754107601582883,-0.20754107601582883,true,23c6fb3a0fbbad707698fef6d4d32528257a0740fe0b3615fd2b96bc1cde9065
vegfa,420c8bc613cd93db7b7f1076889363f4959e9bfa0b53853a7a521354446e1e57,masked_substitution,ce2424c3ea240002b7c4d7dd9353f0945371ef47bee86330ead61e059135a82e,primary_parent,02e6e8a9041d1f5e02ded66ace7f1bf8353933cb460554f7d6d4f7827ee851e3,guruprasad_instability_index,numeric,true,same_frozen_numeric_contract,minimize,index,-9.308695652173913,2.23913,11.547825652173913,-11.547825652173913,true,82776cc344bfb29ecf1890f7dbd309347d6fa88623b48f76a70f4bb9391da167
vegfa,420c8bc613cd93db7b7f1076889363f4959e9bfa0b53853a7a521354446e1e57,masked_substitution,ce2424c3ea240002b7c4d7dd9353f0945371ef47bee86330ead61e059135a82e,primary_parent,02e6e8a9041d1f5e02ded66ace7f1bf8353933cb460554f7d6d4f7827ee851e3,hydrophobic_moment_eisenberg,numeric,false,audit_metric_has_no_monotonic_improvement_direction,audit,dimensionless,0.14056582796750103,0.13526790034438468,-0.005297927623116344,,true,691583f8b5d97af34e9bd58e0cd94dc6e69472fcb771f6c1298ad11bf91d90c9
vegfa,420c8bc613cd93db7b7f1076889363f4959e9bfa0b53853a7a521354446e1e57,masked_substitution,ce2424c3ea240002b7c4d7dd9353f0945371ef47bee86330ead61e059135a82e,primary_parent,02e6e8a9041d1f5e02ded66ace7f1bf8353933cb460554f7d6d4f7827ee851e3,hydrophobic_ratio_modlamp,numeric,false,audit_metric_has_no_monotonic_improvement_direction,audit,fraction,0.2608695652173913,0.21739130434782608,-0.043478260869565216,,true,550bfc03be85863afeb9c087912e8a17b952ff1c4c6c68ebce01fbf384c70164
vegfa,420c8bc613cd93db7b7f1076889363f4959e9bfa0b53853a7a521354446e1e57,masked_substitution,ce2424c3ea240002b7c4d7dd9353f0945371ef47bee86330ead61e059135a82e,primary_parent,02e6e8a9041d1f5e02ded66ace7f1bf8353933cb460554f7d6d4f7827ee851e3,llamp_log10_mic_um,numeric,true,same_frozen_numeric_contract,minimize,log10(uM),1.3610467910766602,1.4127596616744995,0.051712870597839355,-0.051712870597839355,true,c862a76b0b4816bc2f9107180bf7e87e1191d57b8a60e8387d738df198e8c4f0
vegfa,420c8bc613cd93db7b7f1076889363f4959e9bfa0b53853a7a521354446e1e57,masked_substitution,ce2424c3ea240002b7c4d7dd9353f0945371ef47bee86330ead61e059135a82e,primary_parent,02e6e8a9041d1f5e02ded66ace7f1bf8353933cb460554f7d6d4f7827ee851e3,macrel_amp_probability,numeric,true,same_frozen_numeric_contract,maximize,probability,0.584,0.352,-0.23199999999999998,-0.23199999999999998,true,94fb4fd98863fcebd12a0e33b93a18d48e06d171ae88b4748acaad85c5b19237
vegfa,420c8bc613cd93db7b7f1076889363f4959e9bfa0b53853a7a521354446e1e57,masked_substitution,ce2424c3ea240002b7c4d7dd9353f0945371ef47bee86330ead61e059135a82e,primary_parent,02e6e8a9041d1f5e02ded66ace7f1bf8353933cb460554f7d6d4f7827ee851e3,macrel_hemolysis_label,categorical,true,same_frozen_label_contract,audit,label,low,low,,,false,ba7c95a240e3da35fdd858e712cd5636d1db0cc94ec312923cfa6a4f66537292
vegfa,420c8bc613cd93db7b7f1076889363f4959e9bfa0b53853a7a521354446e1e57,masked_substitution,ce2424c3ea240002b7c4d7dd9353f0945371ef47bee86330ead61e059135a82e,primary_parent,02e6e8a9041d1f5e02ded66ace7f1bf8353933cb460554f7d6d4f7827ee851e3,macrel_hemolysis_probability,numeric,true,same_frozen_numeric_contract,minimize,probability,0.465,0.396,-0.069,0.069,true,f0c6ed706b43d485c1d067f15fb42ea7c779baf7e44de4a9b89e132ccb64e571
vegfa,420c8bc613cd93db7b7f1076889363f4959e9bfa0b53853a7a521354446e1e57,masked_substitution,ce2424c3ea240002b7c4d7dd9353f0945371ef47bee86330ead61e059135a82e,primary_parent,02e6e8a9041d1f5e02ded66ace7f1bf8353933cb460554f7d6d4f7827ee851e3,maximum_hydrophobic_run,numeric,true,same_frozen_numeric_contract,minimize,residues,2.0,2.0,0.0,-0.0,false,a8d1c2c0b73735ad3681a1fa3710f47473f2ccbe0fa46d1499849fab1bba6452
vegfa,420c8bc613cd93db7b7f1076889363f4959e9bfa0b53853a7a521354446e1e57,masked_substitution,ce2424c3ea240002b7c4d7dd9353f0945371ef47bee86330ead61e059135a82e,primary_parent,02e6e8a9041d1f5e02ded66ace7f1bf8353933cb460554f7d6d4f7827ee851e3,net_charge_ph7_4,numeric,false,audit_metric_has_no_monotonic_improvement_direction,audit,elementary_charge,6.112,7.111,0.9989999999999997,,true,549235b903d9e39bc791cdee7f11e9c55f65eb27e31a3c6e005c12814fd43876
vegfa,420c8bc613cd93db7b7f1076889363f4959e9bfa0b53853a7a521354446e1e57,masked_substitution,ce2424c3ea240002b7c4d7dd9353f0945371ef47bee86330ead61e059135a82e,primary_parent,02e6e8a9041d1f5e02ded66ace7f1bf8353933cb460554f7d6d4f7827ee851e3,toxinpred3_hybrid_score,numeric,true,same_frozen_numeric_contract,minimize,dimensionless,0.0,0.0,0.0,-0.0,false,6721246c9eef3e68afca73734859e642b2a0d7882ea5b66186e9d912ffff881c
vegfa,420c8bc613cd93db7b7f1076889363f4959e9bfa0b53853a7a521354446e1e57,masked_substitution,ce2424c3ea240002b7c4d7dd9353f0945371ef47bee86330ead61e059135a82e,primary_parent,02e6e8a9041d1f5e02ded66ace7f1bf8353933cb460554f7d6d4f7827ee851e3,toxinpred3_label,categorical,true,same_frozen_label_contract,audit,label,Non-Toxin,Non-Toxin,,,false,a810367251c470e515c1776e27f50f70781a3c2c4088d8bf4f7e6c64829e3c7c
vegfa,27b77e2cf886585740aa6abae750bfa89c234558f1099c1dc42a8883d94c88d3,controlled_crossover,8f2d0991d3c31d0678d08921287cf5bcc968f49b52c43581b49a54ffbdc6eae1,primary_parent,40288af76d68eea8606867b3bd54c2b590ee6b967b2662476f31405f336ff9a6,amp_read_log10_mic_um,numeric,true,same_frozen_numeric_contract,minimize,log10(uM),1.0366670635933637,1.4673105851820838,0.4306435215887201,-0.4306435215887201,true,ee9d35c7aa0a5ee2806cdc7ab97ef261b80873f3077d4f0cf6d899b6346d8950
vegfa,27b77e2cf886585740aa6abae750bfa89c234558f1099c1dc42a8883d94c88d3,controlled_crossover,8f2d0991d3c31d0678d08921287cf5bcc968f49b52c43581b49a54ffbdc6eae1,primary_parent,40288af76d68eea8606867b3bd54c2b590ee6b967b2662476f31405f336ff9a6,guruprasad_instability_index,numeric,true,same_frozen_numeric_contract,minimize,index,-4.365217391304348,-7.208696,-2.8434786086956514,2.8434786086956514,true,263699c09761147c2772a0f43d460dd61b6703815f3b0392da62676f510ebb3c
vegfa,27b77e2cf886585740aa6abae750bfa89c234558f1099c1dc42a8883d94c88d3,controlled_crossover,8f2d0991d3c31d0678d08921287cf5bcc968f49b52c43581b49a54ffbdc6eae1,primary_parent,40288af76d68eea8606867b3bd54c2b590ee6b967b2662476f31405f336ff9a6,hydrophobic_moment_eisenberg,numeric,false,audit_metric_has_no_monotonic_improvement_direction,audit,dimensionless,0.23937796328158523,0.13912056417818353,-0.1002573991034017,,true,b74f7cfccea2f07f51e1e8937f51db0395c8b57400b85f3ce325c1862413b65d
vegfa,27b77e2cf886585740aa6abae750bfa89c234558f1099c1dc42a8883d94c88d3,controlled_crossover,8f2d0991d3c31d0678d08921287cf5bcc968f49b52c43581b49a54ffbdc6eae1,primary_parent,40288af76d68eea8606867b3bd54c2b590ee6b967b2662476f31405f336ff9a6,hydrophobic_ratio_modlamp,numeric,false,audit_metric_has_no_monotonic_improvement_direction,audit,fraction,0.21739130434782608,0.08695652173913043,-0.13043478260869565,,true,56c249faa9cbe316cac7031b81a455c198403f4a52558001608e1380ea68f380
vegfa,27b77e2cf886585740aa6abae750bfa89c234558f1099c1dc42a8883d94c88d3,controlled_crossover,8f2d0991d3c31d0678d08921287cf5bcc968f49b52c43581b49a54ffbdc6eae1,primary_parent,40288af76d68eea8606867b3bd54c2b590ee6b967b2662476f31405f336ff9a6,llamp_log10_mic_um,numeric,true,same_frozen_numeric_contract,minimize,log10(uM),1.3088847398757935,1.7078903913497925,0.399005651473999,-0.399005651473999,true,178cb768294e3880425686acbbe40d3f8c03fae011fe1812729b3699fec26a2b
vegfa,27b77e2cf886585740aa6abae750bfa89c234558f1099c1dc42a8883d94c88d3,controlled_crossover,8f2d0991d3c31d0678d08921287cf5bcc968f49b52c43581b49a54ffbdc6eae1,primary_parent,40288af76d68eea8606867b3bd54c2b590ee6b967b2662476f31405f336ff9a6,macrel_amp_probability,numeric,true,same_frozen_numeric_contract,maximize,probability,0.511,0.356,-0.15500000000000003,-0.15500000000000003,true,f3a41ffbb2c1b8482acc4ee25a9bb2ad6d82765b7aff4514acdd90d57386c4d6
vegfa,27b77e2cf886585740aa6abae750bfa89c234558f1099c1dc42a8883d94c88d3,controlled_crossover,8f2d0991d3c31d0678d08921287cf5bcc968f49b52c43581b49a54ffbdc6eae1,primary_parent,40288af76d68eea8606867b3bd54c2b590ee6b967b2662476f31405f336ff9a6,macrel_hemolysis_label,categorical,true,same_frozen_label_contract,audit,label,low,low,,,false,d46c17b5f246669be722ae605ab322c76f0b96c5c6325899f29c9eec3b0084c5
vegfa,27b77e2cf886585740aa6abae750bfa89c234558f1099c1dc42a8883d94c88d3,controlled_crossover,8f2d0991d3c31d0678d08921287cf5bcc968f49b52c43581b49a54ffbdc6eae1,primary_parent,40288af76d68eea8606867b3bd54c2b590ee6b967b2662476f31405f336ff9a6,macrel_hemolysis_probability,numeric,true,same_frozen_numeric_contract,minimize,probability,0.455,0.416,-0.039000000000000035,0.039000000000000035,true,ff23ce426943f4026965ae53c25d53cd0733f5c4dd978b2a2568a763ca563776
vegfa,27b77e2cf886585740aa6abae750bfa89c234558f1099c1dc42a8883d94c88d3,controlled_crossover,8f2d0991d3c31d0678d08921287cf5bcc968f49b52c43581b49a54ffbdc6eae1,primary_parent,40288af76d68eea8606867b3bd54c2b590ee6b967b2662476f31405f336ff9a6,maximum_hydrophobic_run,numeric,true,same_frozen_numeric_contract,minimize,residues,2.0,1.0,-1.0,1.0,true,9e8adb4064104735b9943507ca0b01a1bdd68f06c0b1edd52f371bd241bbacd8
vegfa,27b77e2cf886585740aa6abae750bfa89c234558f1099c1dc42a8883d94c88d3,controlled_crossover,8f2d0991d3c31d0678d08921287cf5bcc968f49b52c43581b49a54ffbdc6eae1,primary_parent,40288af76d68eea8606867b3bd54c2b590ee6b967b2662476f31405f336ff9a6,net_charge_ph7_4,numeric,false,audit_metric_has_no_monotonic_improvement_direction,audit,elementary_charge,6.112,7.111,0.9989999999999997,,true,81048587157cc991cb6bd2300252164bc737cdfbc4b2e55fc9cd0805619da784
vegfa,27b77e2cf886585740aa6abae750bfa89c234558f1099c1dc42a8883d94c88d3,controlled_crossover,8f2d0991d3c31d0678d08921287cf5bcc968f49b52c43581b49a54ffbdc6eae1,primary_parent,40288af76d68eea8606867b3bd54c2b590ee6b967b2662476f31405f336ff9a6,toxinpred3_hybrid_score,numeric,true,same_frozen_numeric_contract,minimize,dimensionless,0.0,0.0,0.0,-0.0,false,bdc0c3390888ebcf3d1dc334161fde134b01821e115baeaf4d3ea80379b77546
vegfa,27b77e2cf886585740aa6abae750bfa89c234558f1099c1dc42a8883d94c88d3,controlled_crossover,8f2d0991d3c31d0678d08921287cf5bcc968f49b52c43581b49a54ffbdc6eae1,primary_parent,40288af76d68eea8606867b3bd54c2b590ee6b967b2662476f31405f336ff9a6,toxinpred3_label,categorical,true,same_frozen_label_contract,audit,label,Non-Toxin,Non-Toxin,,,false,ee424b1f6d490e4db80476c6dbc8ebab7acb86fca83dbabf4951a7e3b2308b6c
vegfa,27b77e2cf886585740aa6abae750bfa89c234558f1099c1dc42a8883d94c88d3,controlled_crossover,8f2d0991d3c31d0678d08921287cf5bcc968f49b52c43581b49a54ffbdc6eae1,donor_parent,dc6b9e097fdbb1cebc638561775ba07debfd2bcbae4b1e7dbb9a3812c90d1dda,amp_read_log10_mic_um,numeric,true,same_frozen_numeric_contract,minimize,log10(uM),1.4326805721868476,1.4673105851820838,0.03463001299523616,-0.03463001299523616,true,252dc4e78330205c32b13c615953861f84a25f4400e5a67b84a4fc16a4862c74
vegfa,27b77e2cf886585740aa6abae750bfa89c234558f1099c1dc42a8883d94c88d3,controlled_crossover,8f2d0991d3c31d0678d08921287cf5bcc968f49b52c43581b49a54ffbdc6eae1,donor_parent,dc6b9e097fdbb1cebc638561775ba07debfd2bcbae4b1e7dbb9a3812c90d1dda,guruprasad_instability_index,numeric,true,same_frozen_numeric_contract,minimize,index,8.988461538461536,-7.208696,-16.197157538461536,16.197157538461536,true,2595bde3d45f9c8cf25930eb56c43e4c8d521ccb2307dc123e204ddcd72fa823
vegfa,27b77e2cf886585740aa6abae750bfa89c234558f1099c1dc42a8883d94c88d3,controlled_crossover,8f2d0991d3c31d0678d08921287cf5bcc968f49b52c43581b49a54ffbdc6eae1,donor_parent,dc6b9e097fdbb1cebc638561775ba07debfd2bcbae4b1e7dbb9a3812c90d1dda,hydrophobic_moment_eisenberg,numeric,false,audit_metric_has_no_monotonic_improvement_direction,audit,dimensionless,0.05669057760399849,0.13912056417818353,0.08242998657418504,,true,5b206e0f8499c7c48e80a20609d8b07d104c6b2099d3c439b67fd9151d0efa55
vegfa,27b77e2cf886585740aa6abae750bfa89c234558f1099c1dc42a8883d94c88d3,controlled_crossover,8f2d0991d3c31d0678d08921287cf5bcc968f49b52c43581b49a54ffbdc6eae1,donor_parent,dc6b9e097fdbb1cebc638561775ba07debfd2bcbae4b1e7dbb9a3812c90d1dda,hydrophobic_ratio_modlamp,numeric,false,audit_metric_has_no_monotonic_improvement_direction,audit,fraction,0.07692307692307693,0.08695652173913043,0.010033444816053505,,true,e8bd87e17c57b145e97d582db63e42733bb2bcf4d3b3a79cad711cd4b7c61ba6
vegfa,27b77e2cf886585740aa6abae750bfa89c234558f1099c1dc42a8883d94c88d3,controlled_crossover,8f2d0991d3c31d0678d08921287cf5bcc968f49b52c43581b49a54ffbdc6eae1,donor_parent,dc6b9e097fdbb1cebc638561775ba07debfd2bcbae4b1e7dbb9a3812c90d1dda,llamp_log10_mic_um,numeric,true,same_frozen_numeric_contract,minimize,log10(uM),0.7191438674926758,1.7078903913497925,0.9887465238571167,-0.9887465238571167,true,560d1653478a9dc0fb695d20cf3403d85f94c5d3ac6106a708efd0e84d460182
vegfa,27b77e2cf886585740aa6abae750bfa89c234558f1099c1dc42a8883d94c88d3,controlled_crossover,8f2d0991d3c31d0678d08921287cf5bcc968f49b52c43581b49a54ffbdc6eae1,donor_parent,dc6b9e097fdbb1cebc638561775ba07debfd2bcbae4b1e7dbb9a3812c90d1dda,macrel_amp_probability,numeric,true,same_frozen_numeric_contract,maximize,probability,0.535,0.356,-0.17900000000000005,-0.17900000000000005,true,ac3966eae34072022aa7ffc12ccc3264e82eb1a1144b796fb891b8cc9f1a05a9
vegfa,27b77e2cf886585740aa6abae750bfa89c234558f1099c1dc42a8883d94c88d3,controlled_crossover,8f2d0991d3c31d0678d08921287cf5bcc968f49b52c43581b49a54ffbdc6eae1,donor_parent,dc6b9e097fdbb1cebc638561775ba07debfd2bcbae4b1e7dbb9a3812c90d1dda,macrel_hemolysis_label,categorical,true,same_frozen_label_contract,audit,label,low,low,,,false,695ce95245711a1f778ffa418dc4fd24cadd7038cef94cff3cb0450ec6e5aa2b
vegfa,27b77e2cf886585740aa6abae750bfa89c234558f1099c1dc42a8883d94c88d3,controlled_crossover,8f2d0991d3c31d0678d08921287cf5bcc968f49b52c43581b49a54ffbdc6eae1,donor_parent,dc6b9e097fdbb1cebc638561775ba07debfd2bcbae4b1e7dbb9a3812c90d1dda,macrel_hemolysis_probability,numeric,true,same_frozen_numeric_contract,minimize,probability,0.386,0.416,0.02999999999999997,-0.02999999999999997,true,1ef09b5ec9660d3c6b6c158f150e3dc465dd1f34e0e68976190ec76b32c41be5
vegfa,27b77e2cf886585740aa6abae750bfa89c234558f1099c1dc42a8883d94c88d3,controlled_crossover,8f2d0991d3c31d0678d08921287cf5bcc968f49b52c43581b49a54ffbdc6eae1,donor_parent,dc6b9e097fdbb1cebc638561775ba07debfd2bcbae4b1e7dbb9a3812c90d1dda,maximum_hydrophobic_run,numeric,true,same_frozen_numeric_contract,minimize,residues,2.0,1.0,-1.0,1.0,true,865dca1e4060f4325ee8c68920128df41423d282f1b5004da5d178ee10c9241f
vegfa,27b77e2cf886585740aa6abae750bfa89c234558f1099c1dc42a8883d94c88d3,controlled_crossover,8f2d0991d3c31d0678d08921287cf5bcc968f49b52c43581b49a54ffbdc6eae1,donor_parent,dc6b9e097fdbb1cebc638561775ba07debfd2bcbae4b1e7dbb9a3812c90d1dda,net_charge_ph7_4,numeric,false,audit_metric_has_no_monotonic_improvement_direction,audit,elementary_charge,9.152,7.111,-2.0409999999999995,,true,f6bb6ebc639722cd2c1014691aee393936e370fae9da9dca0e717c4e192f1f6f
vegfa,27b77e2cf886585740aa6abae750bfa89c234558f1099c1dc42a8883d94c88d3,controlled_crossover,8f2d0991d3c31d0678d08921287cf5bcc968f49b52c43581b49a54ffbdc6eae1,donor_parent,dc6b9e097fdbb1cebc638561775ba07debfd2bcbae4b1e7dbb9a3812c90d1dda,toxinpred3_hybrid_score,numeric,true,same_frozen_numeric_contract,minimize,dimensionless,0.015,0.0,-0.015,0.015,true,111cce8fb6c3c62f28e4a02c14229f18cd7c5d0a33d6c83edc510d21c42f91f5
vegfa,27b77e2cf886585740aa6abae750bfa89c234558f1099c1dc42a8883d94c88d3,controlled_crossover,8f2d0991d3c31d0678d08921287cf5bcc968f49b52c43581b49a54ffbdc6eae1,donor_parent,dc6b9e097fdbb1cebc638561775ba07debfd2bcbae4b1e7dbb9a3812c90d1dda,toxinpred3_label,categorical,true,same_frozen_label_contract,audit,label,Non-Toxin,Non-Toxin,,,false,ab07411ddd1b640d5ab7562fa9a03dcb2baa7413b374e82a450cbe1a32e74b1c
vegfa,8acf56d06dc6de8b7f2273980567b96981df6d85fddb4400de08581e20c7175c,de_novo,8cfab7528203f8ebc7746cdae8070bdbeb8d34f4b61c5c4083abe9561dcdf460,none,,amp_read_log10_mic_um,numeric,false,de_novo_has_no_biological_parent,,,,1.6000829336620748,,,,eef181bd6cbdc8225af1bcb2b839b55d1f9927761c264ed64cb37d537d2df151
vegfa,8acf56d06dc6de8b7f2273980567b96981df6d85fddb4400de08581e20c7175c,de_novo,8cfab7528203f8ebc7746cdae8070bdbeb8d34f4b61c5c4083abe9561dcdf460,none,,guruprasad_instability_index,numeric,false,de_novo_has_no_biological_parent,,,,42.710000,,,,c800991c87816ca9cb1faa42ceb715fc156676cbfc23fa38b2f31d2d76c5d949
vegfa,8acf56d06dc6de8b7f2273980567b96981df6d85fddb4400de08581e20c7175c,de_novo,8cfab7528203f8ebc7746cdae8070bdbeb8d34f4b61c5c4083abe9561dcdf460,none,,hydrophobic_moment_eisenberg,numeric,false,de_novo_has_no_biological_parent,,,,0.26836863241669406,,,,dc8fe9d8859c1fb478148188da3b7f96b9869ac3fb04450e322f6ff9288f61c6
vegfa,8acf56d06dc6de8b7f2273980567b96981df6d85fddb4400de08581e20c7175c,de_novo,8cfab7528203f8ebc7746cdae8070bdbeb8d34f4b61c5c4083abe9561dcdf460,none,,hydrophobic_ratio_modlamp,numeric,false,de_novo_has_no_biological_parent,,,,0.2,,,,ee3e0ba08822ef4ffe339baf976fa6e82652a88f3a57ea8de53343fe8ace6a85
vegfa,8acf56d06dc6de8b7f2273980567b96981df6d85fddb4400de08581e20c7175c,de_novo,8cfab7528203f8ebc7746cdae8070bdbeb8d34f4b61c5c4083abe9561dcdf460,none,,llamp_log10_mic_um,numeric,false,de_novo_has_no_biological_parent,,,,1.8666291236877441,,,,3864c6d727e1e7c5025a113486624735c4d48831d3dc84e73079191dea5069fd
vegfa,8acf56d06dc6de8b7f2273980567b96981df6d85fddb4400de08581e20c7175c,de_novo,8cfab7528203f8ebc7746cdae8070bdbeb8d34f4b61c5c4083abe9561dcdf460,none,,macrel_amp_probability,numeric,false,de_novo_has_no_biological_parent,,,,0.317,,,,009303573d00a65ce310a8ae35d70fce5de02035e6617558a89fa95f0a785c8c
vegfa,8acf56d06dc6de8b7f2273980567b96981df6d85fddb4400de08581e20c7175c,de_novo,8cfab7528203f8ebc7746cdae8070bdbeb8d34f4b61c5c4083abe9561dcdf460,none,,macrel_hemolysis_label,categorical,false,de_novo_has_no_biological_parent,,,,low,,,,d9a3f0aabd2bf2f237a452b5eb87e6206b75b51c47dbc84678a0ee7fb6e2b9f4
vegfa,8acf56d06dc6de8b7f2273980567b96981df6d85fddb4400de08581e20c7175c,de_novo,8cfab7528203f8ebc7746cdae8070bdbeb8d34f4b61c5c4083abe9561dcdf460,none,,macrel_hemolysis_probability,numeric,false,de_novo_has_no_biological_parent,,,,0.317,,,,365d721527389764d15a4cf86887970a217793289509945005cec7d09199c53e
vegfa,8acf56d06dc6de8b7f2273980567b96981df6d85fddb4400de08581e20c7175c,de_novo,8cfab7528203f8ebc7746cdae8070bdbeb8d34f4b61c5c4083abe9561dcdf460,none,,maximum_hydrophobic_run,numeric,false,de_novo_has_no_biological_parent,,,,2,,,,3c77a5dbbc81d8ac5451d554bb5cafc6b2ab6243c51bb7994249006f52538345
vegfa,8acf56d06dc6de8b7f2273980567b96981df6d85fddb4400de08581e20c7175c,de_novo,8cfab7528203f8ebc7746cdae8070bdbeb8d34f4b61c5c4083abe9561dcdf460,none,,net_charge_ph7_4,numeric,false,de_novo_has_no_biological_parent,,,,5.071,,,,b01ae7248c569fe988791f64b108ebcd951580b4719f20f3a3bf426efacb6320
vegfa,8acf56d06dc6de8b7f2273980567b96981df6d85fddb4400de08581e20c7175c,de_novo,8cfab7528203f8ebc7746cdae8070bdbeb8d34f4b61c5c4083abe9561dcdf460,none,,toxinpred3_hybrid_score,numeric,false,de_novo_has_no_biological_parent,,,,0.405,,,,c47da995ae1ff1c0cc2b470fd76cffc1774a279befb8475e50b996ef8d170646
vegfa,8acf56d06dc6de8b7f2273980567b96981df6d85fddb4400de08581e20c7175c,de_novo,8cfab7528203f8ebc7746cdae8070bdbeb8d34f4b61c5c4083abe9561dcdf460,none,,toxinpred3_label,categorical,false,de_novo_has_no_biological_parent,,,,Toxin,,,,14176221b8510744a64905acfa6f646822c9e6ef61ded61e4925e91c79995bbc
vegfa,86e2c13b8b2ee07a9296c97ab06af9378c454f161cff22509765c056160484d2,de_novo,8f09e000d80acbd333d222f2f782eceb9a56b837ca0a1eca256acfc52d49ad8f,none,,amp_read_log10_mic_um,numeric,false,de_novo_has_no_biological_parent,,,,1.0016675683510394,,,,473b7237f0b101de7e4fac55b5d4847853769607d9c8afb4930baba65b640b78
vegfa,86e2c13b8b2ee07a9296c97ab06af9378c454f161cff22509765c056160484d2,de_novo,8f09e000d80acbd333d222f2f782eceb9a56b837ca0a1eca256acfc52d49ad8f,none,,guruprasad_instability_index,numeric,false,de_novo_has_no_biological_parent,,,,27.304167,,,,29e302e966c167fd95fa68e5c15a7bfb06adcf98af039e3c6f0f5ddec99a311e
vegfa,86e2c13b8b2ee07a9296c97ab06af9378c454f161cff22509765c056160484d2,de_novo,8f09e000d80acbd333d222f2f782eceb9a56b837ca0a1eca256acfc52d49ad8f,none,,hydrophobic_moment_eisenberg,numeric,false,de_novo_has_no_biological_parent,,,,0.11979848533787107,,,,2a4639ca5e3f8a7844fdc49e86e83b325c564e7f7f6da121c920c68f7c810907
vegfa,86e2c13b8b2ee07a9296c97ab06af9378c454f161cff22509765c056160484d2,de_novo,8f09e000d80acbd333d222f2f782eceb9a56b837ca0a1eca256acfc52d49ad8f,none,,hydrophobic_ratio_modlamp,numeric,false,de_novo_has_no_biological_parent,,,,0.16666666666666666,,,,67175873fdc5c4cab83b5de00e1363bdcbd41f5c98949f01b3432641cb118751
vegfa,86e2c13b8b2ee07a9296c97ab06af9378c454f161cff22509765c056160484d2,de_novo,8f09e000d80acbd333d222f2f782eceb9a56b837ca0a1eca256acfc52d49ad8f,none,,llamp_log10_mic_um,numeric,false,de_novo_has_no_biological_parent,,,,0.9969993829727173,,,,8bc7f1cb6d6c5edda84f856ec37852608973f9d492aff582803329063ee2e5a9
vegfa,86e2c13b8b2ee07a9296c97ab06af9378c454f161cff22509765c056160484d2,de_novo,8f09e000d80acbd333d222f2f782eceb9a56b837ca0a1eca256acfc52d49ad8f,none,,macrel_amp_probability,numeric,false,de_novo_has_no_biological_parent,,,,0.198,,,,dcc5c785505d4bc35b7da8187efdbf8848b3a1f4c9f17fd142e3679f1c6e42f8
vegfa,86e2c13b8b2ee07a9296c97ab06af9378c454f161cff22509765c056160484d2,de_novo,8f09e000d80acbd333d222f2f782eceb9a56b837ca0a1eca256acfc52d49ad8f,none,,macrel_hemolysis_label,categorical,false,de_novo_has_no_biological_parent,,,,low,,,,596103caa0bf031f9e249b5799e9cc19dd8af0b09315600de70898874694b1ae
vegfa,86e2c13b8b2ee07a9296c97ab06af9378c454f161cff22509765c056160484d2,de_novo,8f09e000d80acbd333d222f2f782eceb9a56b837ca0a1eca256acfc52d49ad8f,none,,macrel_hemolysis_probability,numeric,false,de_novo_has_no_biological_parent,,,,0.436,,,,c474d45d999d180d65aa3c0e5bc510945ea7313ea33e663b12f2e1db9959b4b4
vegfa,86e2c13b8b2ee07a9296c97ab06af9378c454f161cff22509765c056160484d2,de_novo,8f09e000d80acbd333d222f2f782eceb9a56b837ca0a1eca256acfc52d49ad8f,none,,maximum_hydrophobic_run,numeric,false,de_novo_has_no_biological_parent,,,,2,,,,32789215a20ece3a28e7073782b3eacb43a089a56e7dfee48e8b624358939484
vegfa,86e2c13b8b2ee07a9296c97ab06af9378c454f161cff22509765c056160484d2,de_novo,8f09e000d80acbd333d222f2f782eceb9a56b837ca0a1eca256acfc52d49ad8f,none,,net_charge_ph7_4,numeric,false,de_novo_has_no_biological_parent,,,,10.066,,,,8d78eb8b39c0eeab32c7c49214de9c5f76dff1ff20b12fe67a91ae5015fdee8d
vegfa,86e2c13b8b2ee07a9296c97ab06af9378c454f161cff22509765c056160484d2,de_novo,8f09e000d80acbd333d222f2f782eceb9a56b837ca0a1eca256acfc52d49ad8f,none,,toxinpred3_hybrid_score,numeric,false,de_novo_has_no_biological_parent,,,,0.26,,,,0ce98aa15fa2dad7054327601e7287802560a8fa3659110a4f0f49ffa408b5da
vegfa,86e2c13b8b2ee07a9296c97ab06af9378c454f161cff22509765c056160484d2,de_novo,8f09e000d80acbd333d222f2f782eceb9a56b837ca0a1eca256acfc52d49ad8f,none,,toxinpred3_label,categorical,false,de_novo_has_no_biological_parent,,,,Non-Toxin,,,,38ed98ecc1e9e6f8b3856d17667721da0b126ba2b8ebc81a9fb9bcfe3a83527c
vegfa,d30106baecc46d98a1b3105afd7d2ff916fb9f87c29f40b90cdd6caf18310d05,masked_substitution,f4664a0fdead07946103a0aa9a4c1e2df28a84dfd97bf27c1271231e980f4feb,primary_parent,02e6e8a9041d1f5e02ded66ace7f1bf8353933cb460554f7d6d4f7827ee851e3,amp_read_log10_mic_um,numeric,true,same_frozen_numeric_contract,minimize,log10(uM),0.8502392420270765,0.9518417962396604,0.1016025542125839,-0.1016025542125839,true,7d9bffbadacd7931c34076680f3efac3c715054c09739c7207882afc32ff06ea
vegfa,d30106baecc46d98a1b3105afd7d2ff916fb9f87c29f40b90cdd6caf18310d05,masked_substitution,f4664a0fdead07946103a0aa9a4c1e2df28a84dfd97bf27c1271231e980f4feb,primary_parent,02e6e8a9041d1f5e02ded66ace7f1bf8353933cb460554f7d6d4f7827ee851e3,guruprasad_instability_index,numeric,true,same_frozen_numeric_contract,minimize,index,-9.308695652173913,2.23913,11.547825652173913,-11.547825652173913,true,2ff283f5db5d2c5f8f23256fadc235284ce9502d6ea6f7ba28d918238c1175be
vegfa,d30106baecc46d98a1b3105afd7d2ff916fb9f87c29f40b90cdd6caf18310d05,masked_substitution,f4664a0fdead07946103a0aa9a4c1e2df28a84dfd97bf27c1271231e980f4feb,primary_parent,02e6e8a9041d1f5e02ded66ace7f1bf8353933cb460554f7d6d4f7827ee851e3,hydrophobic_moment_eisenberg,numeric,false,audit_metric_has_no_monotonic_improvement_direction,audit,dimensionless,0.14056582796750103,0.04566509130969911,-0.09490073665780191,,true,6b84c4d0817d8e838cdb848c5d265822cd595fb1ad13c7d0cd4c92eb3cd04c30
vegfa,d30106baecc46d98a1b3105afd7d2ff916fb9f87c29f40b90cdd6caf18310d05,masked_substitution,f4664a0fdead07946103a0aa9a4c1e2df28a84dfd97bf27c1271231e980f4feb,primary_parent,02e6e8a9041d1f5e02ded66ace7f1bf8353933cb460554f7d6d4f7827ee851e3,hydrophobic_ratio_modlamp,numeric,false,audit_metric_has_no_monotonic_improvement_direction,audit,fraction,0.2608695652173913,0.21739130434782608,-0.043478260869565216,,true,8c7a7df7c49a652066ad6f22d19bdb2d0c5b60dbb92ce9a89e2bd63303d902d3
vegfa,d30106baecc46d98a1b3105afd7d2ff916fb9f87c29f40b90cdd6caf18310d05,masked_substitution,f4664a0fdead07946103a0aa9a4c1e2df28a84dfd97bf27c1271231e980f4feb,primary_parent,02e6e8a9041d1f5e02ded66ace7f1bf8353933cb460554f7d6d4f7827ee851e3,llamp_log10_mic_um,numeric,true,same_frozen_numeric_contract,minimize,log10(uM),1.3610467910766602,1.4438037872314453,0.08275699615478516,-0.08275699615478516,true,235988e30a5b78db778e47b06de0bb0179feeb0ea0c4850f3d6f268024b798aa
vegfa,d30106baecc46d98a1b3105afd7d2ff916fb9f87c29f40b90cdd6caf18310d05,masked_substitution,f4664a0fdead07946103a0aa9a4c1e2df28a84dfd97bf27c1271231e980f4feb,primary_parent,02e6e8a9041d1f5e02ded66ace7f1bf8353933cb460554f7d6d4f7827ee851e3,macrel_amp_probability,numeric,true,same_frozen_numeric_contract,maximize,probability,0.584,0.352,-0.23199999999999998,-0.23199999999999998,true,302921fc9dac271f7fc14449af4056fb5ba342e6c44e6827b7b1fa3c25c19e4d
vegfa,d30106baecc46d98a1b3105afd7d2ff916fb9f87c29f40b90cdd6caf18310d05,masked_substitution,f4664a0fdead07946103a0aa9a4c1e2df28a84dfd97bf27c1271231e980f4feb,primary_parent,02e6e8a9041d1f5e02ded66ace7f1bf8353933cb460554f7d6d4f7827ee851e3,macrel_hemolysis_label,categorical,true,same_frozen_label_contract,audit,label,low,low,,,false,93f91d211cd57ce8ecbcb534cbbf34f974a941e0ea5b564777eb12d829642b24
vegfa,d30106baecc46d98a1b3105afd7d2ff916fb9f87c29f40b90cdd6caf18310d05,masked_substitution,f4664a0fdead07946103a0aa9a4c1e2df28a84dfd97bf27c1271231e980f4feb,primary_parent,02e6e8a9041d1f5e02ded66ace7f1bf8353933cb460554f7d6d4f7827ee851e3,macrel_hemolysis_probability,numeric,true,same_frozen_numeric_contract,minimize,probability,0.465,0.396,-0.069,0.069,true,0a7b268cd0ce4f1b955a0fa8f8d02e97503d38194cd304d4643d338a5e1259bd
vegfa,d30106baecc46d98a1b3105afd7d2ff916fb9f87c29f40b90cdd6caf18310d05,masked_substitution,f4664a0fdead07946103a0aa9a4c1e2df28a84dfd97bf27c1271231e980f4feb,primary_parent,02e6e8a9041d1f5e02ded66ace7f1bf8353933cb460554f7d6d4f7827ee851e3,maximum_hydrophobic_run,numeric,true,same_frozen_numeric_contract,minimize,residues,2.0,2.0,0.0,-0.0,false,fb5b326b13f8b48a89e48020f34c63a8ca29d12d83a412b4a654a68b2de94857
vegfa,d30106baecc46d98a1b3105afd7d2ff916fb9f87c29f40b90cdd6caf18310d05,masked_substitution,f4664a0fdead07946103a0aa9a4c1e2df28a84dfd97bf27c1271231e980f4feb,primary_parent,02e6e8a9041d1f5e02ded66ace7f1bf8353933cb460554f7d6d4f7827ee851e3,net_charge_ph7_4,numeric,false,audit_metric_has_no_monotonic_improvement_direction,audit,elementary_charge,6.112,7.111,0.9989999999999997,,true,ffbe79835be42cf821062bbd068ab73b194f69ba050bfc59518417c67169401d
vegfa,d30106baecc46d98a1b3105afd7d2ff916fb9f87c29f40b90cdd6caf18310d05,masked_substitution,f4664a0fdead07946103a0aa9a4c1e2df28a84dfd97bf27c1271231e980f4feb,primary_parent,02e6e8a9041d1f5e02ded66ace7f1bf8353933cb460554f7d6d4f7827ee851e3,toxinpred3_hybrid_score,numeric,true,same_frozen_numeric_contract,minimize,dimensionless,0.0,0.0,0.0,-0.0,false,3a767c3ed81f15e7c69eb47264a9eb4968a5bc67f569fff3bc386d660502bd99
vegfa,d30106baecc46d98a1b3105afd7d2ff916fb9f87c29f40b90cdd6caf18310d05,masked_substitution,f4664a0fdead07946103a0aa9a4c1e2df28a84dfd97bf27c1271231e980f4feb,primary_parent,02e6e8a9041d1f5e02ded66ace7f1bf8353933cb460554f7d6d4f7827ee851e3,toxinpred3_label,categorical,true,same_frozen_label_contract,audit,label,Non-Toxin,Non-Toxin,,,false,8743a8ec967366a0e05971846f2775bfc7716ae4ac65ac2168f105aa22853cdc
vegfa,c1892d33fbacd7322ade7bd93dc1e6d1d454468510a53dd3d84011a093be0904,controlled_crossover,0dd4141547e8aee1c6dffac143524b91cb0a77c000f2f49f60a1d58e5b3c7202,primary_parent,8824fa1b3276e51e63d9346e0978f8983a6bc7ff8a6646e42e168172113d54bd,amp_read_log10_mic_um,numeric,true,same_frozen_numeric_contract,minimize,log10(uM),0.8977987856942725,1.4685772166986846,0.5707784310044121,-0.5707784310044121,true,7a3a34a197d11c040d69675c07484c1af22be2cf731cd19df5fa9d94ba007961
vegfa,c1892d33fbacd7322ade7bd93dc1e6d1d454468510a53dd3d84011a093be0904,controlled_crossover,0dd4141547e8aee1c6dffac143524b91cb0a77c000f2f49f60a1d58e5b3c7202,primary_parent,8824fa1b3276e51e63d9346e0978f8983a6bc7ff8a6646e42e168172113d54bd,guruprasad_instability_index,numeric,true,same_frozen_numeric_contract,minimize,index,-5.6173913043478265,-7.208696,-1.5913046956521733,1.5913046956521733,true,f9e147e2ba3001318d154b51776d7f56371c3b8e3b79debc6db5c5bfbd191c74
vegfa,c1892d33fbacd7322ade7bd93dc1e6d1d454468510a53dd3d84011a093be0904,controlled_crossover,0dd4141547e8aee1c6dffac143524b91cb0a77c000f2f49f60a1d58e5b3c7202,primary_parent,8824fa1b3276e51e63d9346e0978f8983a6bc7ff8a6646e42e168172113d54bd,hydrophobic_moment_eisenberg,numeric,false,audit_metric_has_no_monotonic_improvement_direction,audit,dimensionless,0.21990914154269098,0.13912056417818353,-0.08078857736450745,,true,525094781175f1dcdd0630dc25bae777fc02e76bf710cfed5ead99117f0cead3
vegfa,c1892d33fbacd7322ade7bd93dc1e6d1d454468510a53dd3d84011a093be0904,controlled_crossover,0dd4141547e8aee1c6dffac143524b91cb0a77c000f2f49f60a1d58e5b3c7202,primary_parent,8824fa1b3276e51e63d9346e0978f8983a6bc7ff8a6646e42e168172113d54bd,hydrophobic_ratio_modlamp,numeric,false,audit_metric_has_no_monotonic_improvement_direction,audit,fraction,0.2608695652173913,0.08695652173913043,-0.17391304347826086,,true,ccb38d24c025f5077b755552e82bce11017ca727bf29aa88f13006d83ffc9e9e
vegfa,c1892d33fbacd7322ade7bd93dc1e6d1d454468510a53dd3d84011a093be0904,controlled_crossover,0dd4141547e8aee1c6dffac143524b91cb0a77c000f2f49f60a1d58e5b3c7202,primary_parent,8824fa1b3276e51e63d9346e0978f8983a6bc7ff8a6646e42e168172113d54bd,llamp_log10_mic_um,numeric,true,same_frozen_numeric_contract,minimize,log10(uM),1.3840069770812988,1.7997617721557617,0.4157547950744629,-0.4157547950744629,true,496ee72da4532b8d844c891e2eee8412f665a7ae49c1f14c511486578ef55520
vegfa,c1892d33fbacd7322ade7bd93dc1e6d1d454468510a53dd3d84011a093be0904,controlled_crossover,0dd4141547e8aee1c6dffac143524b91cb0a77c000f2f49f60a1d58e5b3c7202,primary_parent,8824fa1b3276e51e63d9346e0978f8983a6bc7ff8a6646e42e168172113d54bd,macrel_amp_probability,numeric,true,same_frozen_numeric_contract,maximize,probability,0.554,0.356,-0.19800000000000006,-0.19800000000000006,true,058f92733917af90b2d0de9ea1b641aa4a01850e023f49b075f295f4d63e5a77
vegfa,c1892d33fbacd7322ade7bd93dc1e6d1d454468510a53dd3d84011a093be0904,controlled_crossover,0dd4141547e8aee1c6dffac143524b91cb0a77c000f2f49f60a1d58e5b3c7202,primary_parent,8824fa1b3276e51e63d9346e0978f8983a6bc7ff8a6646e42e168172113d54bd,macrel_hemolysis_label,categorical,true,same_frozen_label_contract,audit,label,low,low,,,false,adb6ac4402d0ca0d23c1785589fc33d120f677e69b65d89ac50ae298ee4ea424
vegfa,c1892d33fbacd7322ade7bd93dc1e6d1d454468510a53dd3d84011a093be0904,controlled_crossover,0dd4141547e8aee1c6dffac143524b91cb0a77c000f2f49f60a1d58e5b3c7202,primary_parent,8824fa1b3276e51e63d9346e0978f8983a6bc7ff8a6646e42e168172113d54bd,macrel_hemolysis_probability,numeric,true,same_frozen_numeric_contract,minimize,probability,0.495,0.356,-0.139,0.139,true,94f9abb64f0d7ab3070b5c96400a59645a621f4ca52182ccd703bb5f1ba7adc2
vegfa,c1892d33fbacd7322ade7bd93dc1e6d1d454468510a53dd3d84011a093be0904,controlled_crossover,0dd4141547e8aee1c6dffac143524b91cb0a77c000f2f49f60a1d58e5b3c7202,primary_parent,8824fa1b3276e51e63d9346e0978f8983a6bc7ff8a6646e42e168172113d54bd,maximum_hydrophobic_run,numeric,true,same_frozen_numeric_contract,minimize,residues,2.0,1.0,-1.0,1.0,true,e5253f22bdd7811e60df16a7910958d8981eeac79eba31d375596774646ed32c
vegfa,c1892d33fbacd7322ade7bd93dc1e6d1d454468510a53dd3d84011a093be0904,controlled_crossover,0dd4141547e8aee1c6dffac143524b91cb0a77c000f2f49f60a1d58e5b3c7202,primary_parent,8824fa1b3276e51e63d9346e0978f8983a6bc7ff8a6646e42e168172113d54bd,net_charge_ph7_4,numeric,false,audit_metric_has_no_monotonic_improvement_direction,audit,elementary_charge,6.112,7.111,0.9989999999999997,,true,cbc229546be78b95bee791dff97e239ca6a58c75b907c4c53a595006b46eca9b
vegfa,c1892d33fbacd7322ade7bd93dc1e6d1d454468510a53dd3d84011a093be0904,controlled_crossover,0dd4141547e8aee1c6dffac143524b91cb0a77c000f2f49f60a1d58e5b3c7202,primary_parent,8824fa1b3276e51e63d9346e0978f8983a6bc7ff8a6646e42e168172113d54bd,toxinpred3_hybrid_score,numeric,true,same_frozen_numeric_contract,minimize,dimensionless,0.0,0.0,0.0,-0.0,false,2135175b4d8eeec39e29da672816078cc2e00b7f26c046915eaa268556f16112
vegfa,c1892d33fbacd7322ade7bd93dc1e6d1d454468510a53dd3d84011a093be0904,controlled_crossover,0dd4141547e8aee1c6dffac143524b91cb0a77c000f2f49f60a1d58e5b3c7202,primary_parent,8824fa1b3276e51e63d9346e0978f8983a6bc7ff8a6646e42e168172113d54bd,toxinpred3_label,categorical,true,same_frozen_label_contract,audit,label,Non-Toxin,Non-Toxin,,,false,eaffe6ae8d3d65872c8a31179fbdb6b3a6e09c7942cdbd0d1cf29521e1e69ba5
vegfa,c1892d33fbacd7322ade7bd93dc1e6d1d454468510a53dd3d84011a093be0904,controlled_crossover,0dd4141547e8aee1c6dffac143524b91cb0a77c000f2f49f60a1d58e5b3c7202,donor_parent,dc6b9e097fdbb1cebc638561775ba07debfd2bcbae4b1e7dbb9a3812c90d1dda,amp_read_log10_mic_um,numeric,true,same_frozen_numeric_contract,minimize,log10(uM),1.4326805721868476,1.4685772166986846,0.03589664451183694,-0.03589664451183694,true,af78925d51d01ede9674ccd03732707c9be05b5f798a37b646609bb81813d538
vegfa,c1892d33fbacd7322ade7bd93dc1e6d1d454468510a53dd3d84011a093be0904,controlled_crossover,0dd4141547e8aee1c6dffac143524b91cb0a77c000f2f49f60a1d58e5b3c7202,donor_parent,dc6b9e097fdbb1cebc638561775ba07debfd2bcbae4b1e7dbb9a3812c90d1dda,guruprasad_instability_index,numeric,true,same_frozen_numeric_contract,minimize,index,8.988461538461536,-7.208696,-16.197157538461536,16.197157538461536,true,f81cf3e073145b3137a601ade7713e2888278d45a179face15b54486a7ba6661
vegfa,c1892d33fbacd7322ade7bd93dc1e6d1d454468510a53dd3d84011a093be0904,controlled_crossover,0dd4141547e8aee1c6dffac143524b91cb0a77c000f2f49f60a1d58e5b3c7202,donor_parent,dc6b9e097fdbb1cebc638561775ba07debfd2bcbae4b1e7dbb9a3812c90d1dda,hydrophobic_moment_eisenberg,numeric,false,audit_metric_has_no_monotonic_improvement_direction,audit,dimensionless,0.05669057760399849,0.13912056417818353,0.08242998657418504,,true,2f6a33fa4942f2de5c6f87cdf28dc4c07926849436399f88aecc8f3fa01eb87a
vegfa,c1892d33fbacd7322ade7bd93dc1e6d1d454468510a53dd3d84011a093be0904,controlled_crossover,0dd4141547e8aee1c6dffac143524b91cb0a77c000f2f49f60a1d58e5b3c7202,donor_parent,dc6b9e097fdbb1cebc638561775ba07debfd2bcbae4b1e7dbb9a3812c90d1dda,hydrophobic_ratio_modlamp,numeric,false,audit_metric_has_no_monotonic_improvement_direction,audit,fraction,0.07692307692307693,0.08695652173913043,0.010033444816053505,,true,34993b7de2f805eaa605e28dbb3cc859ca2126488854f36641e01a0f4334f57d
vegfa,c1892d33fbacd7322ade7bd93dc1e6d1d454468510a53dd3d84011a093be0904,controlled_crossover,0dd4141547e8aee1c6dffac143524b91cb0a77c000f2f49f60a1d58e5b3c7202,donor_parent,dc6b9e097fdbb1cebc638561775ba07debfd2bcbae4b1e7dbb9a3812c90d1dda,llamp_log10_mic_um,numeric,true,same_frozen_numeric_contract,minimize,log10(uM),0.7191438674926758,1.7997617721557617,1.080617904663086,-1.080617904663086,true,4a5a4f45faa23c7f04741d7d416c7999fb4cf7421daf619a32bb8d1a92abcde4
vegfa,c1892d33fbacd7322ade7bd93dc1e6d1d454468510a53dd3d84011a093be0904,controlled_crossover,0dd4141547e8aee1c6dffac143524b91cb0a77c000f2f49f60a1d58e5b3c7202,donor_parent,dc6b9e097fdbb1cebc638561775ba07debfd2bcbae4b1e7dbb9a3812c90d1dda,macrel_amp_probability,numeric,true,same_frozen_numeric_contract,maximize,probability,0.535,0.356,-0.17900000000000005,-0.17900000000000005,true,56cdcba3c6935fd2f36f601a559b433c2a37757a153adcd71d61a497dc9a2ba2
vegfa,c1892d33fbacd7322ade7bd93dc1e6d1d454468510a53dd3d84011a093be0904,controlled_crossover,0dd4141547e8aee1c6dffac143524b91cb0a77c000f2f49f60a1d58e5b3c7202,donor_parent,dc6b9e097fdbb1cebc638561775ba07debfd2bcbae4b1e7dbb9a3812c90d1dda,macrel_hemolysis_label,categorical,true,same_frozen_label_contract,audit,label,low,low,,,false,782a50c3224517ea9861f6f74e75753d607d013bb486a9fb1c13cb158cf72493
vegfa,c1892d33fbacd7322ade7bd93dc1e6d1d454468510a53dd3d84011a093be0904,controlled_crossover,0dd4141547e8aee1c6dffac143524b91cb0a77c000f2f49f60a1d58e5b3c7202,donor_parent,dc6b9e097fdbb1cebc638561775ba07debfd2bcbae4b1e7dbb9a3812c90d1dda,macrel_hemolysis_probability,numeric,true,same_frozen_numeric_contract,minimize,probability,0.386,0.356,-0.030000000000000027,0.030000000000000027,true,046f46e0bc66ff3effc78f6f7c66ecf3a3e501ec99dc6c4b4ae280c406617bc3
vegfa,c1892d33fbacd7322ade7bd93dc1e6d1d454468510a53dd3d84011a093be0904,controlled_crossover,0dd4141547e8aee1c6dffac143524b91cb0a77c000f2f49f60a1d58e5b3c7202,donor_parent,dc6b9e097fdbb1cebc638561775ba07debfd2bcbae4b1e7dbb9a3812c90d1dda,maximum_hydrophobic_run,numeric,true,same_frozen_numeric_contract,minimize,residues,2.0,1.0,-1.0,1.0,true,2ef64c39d691b7b4f5db97823eb3c7ca66aa37f77de610f78bdf1b0d0550444d
vegfa,c1892d33fbacd7322ade7bd93dc1e6d1d454468510a53dd3d84011a093be0904,controlled_crossover,0dd4141547e8aee1c6dffac143524b91cb0a77c000f2f49f60a1d58e5b3c7202,donor_parent,dc6b9e097fdbb1cebc638561775ba07debfd2bcbae4b1e7dbb9a3812c90d1dda,net_charge_ph7_4,numeric,false,audit_metric_has_no_monotonic_improvement_direction,audit,elementary_charge,9.152,7.111,-2.0409999999999995,,true,d2516457b3eba718f6ce24276612f1409ecb041b7dc30b602dc5a4e686538eed
vegfa,c1892d33fbacd7322ade7bd93dc1e6d1d454468510a53dd3d84011a093be0904,controlled_crossover,0dd4141547e8aee1c6dffac143524b91cb0a77c000f2f49f60a1d58e5b3c7202,donor_parent,dc6b9e097fdbb1cebc638561775ba07debfd2bcbae4b1e7dbb9a3812c90d1dda,toxinpred3_hybrid_score,numeric,true,same_frozen_numeric_contract,minimize,dimensionless,0.015,0.0,-0.015,0.015,true,a2b6955fb400bef3dc6879ff677ecfe4911f8ea57b45f6dad3d4720e8aeaf43d
vegfa,c1892d33fbacd7322ade7bd93dc1e6d1d454468510a53dd3d84011a093be0904,controlled_crossover,0dd4141547e8aee1c6dffac143524b91cb0a77c000f2f49f60a1d58e5b3c7202,donor_parent,dc6b9e097fdbb1cebc638561775ba07debfd2bcbae4b1e7dbb9a3812c90d1dda,toxinpred3_label,categorical,true,same_frozen_label_contract,audit,label,Non-Toxin,Non-Toxin,,,false,d025f38892b8c6c40b4265f676f2dae05e1aeecae70f9737d44683165562e212
vegfa,9844ae349195949f5dccf857b112808ab45a042e7bc00f2791a6cbc35c721cd4,de_novo,e8540d65274c61448eddf33ff11fac24b7d1dc568af92baa69e7130e301a7558,none,,amp_read_log10_mic_um,numeric,false,de_novo_has_no_biological_parent,,,,1.3721646431019867,,,,d0c7a706bafebbbbc3040772f7594ce855c965068022ac889118867bbd91677c
vegfa,9844ae349195949f5dccf857b112808ab45a042e7bc00f2791a6cbc35c721cd4,de_novo,e8540d65274c61448eddf33ff11fac24b7d1dc568af92baa69e7130e301a7558,none,,guruprasad_instability_index,numeric,false,de_novo_has_no_biological_parent,,,,-12.190000,,,,34520c6e7d77251c1050df7a37f2498db044442950c430764fd21ebdad71b3da
vegfa,9844ae349195949f5dccf857b112808ab45a042e7bc00f2791a6cbc35c721cd4,de_novo,e8540d65274c61448eddf33ff11fac24b7d1dc568af92baa69e7130e301a7558,none,,hydrophobic_moment_eisenberg,numeric,false,de_novo_has_no_biological_parent,,,,0.14273923804214098,,,,fb272f8efca58ed493520dbdafddc79cdfcbbc5c53c909e5f04393ef4024a5af
vegfa,9844ae349195949f5dccf857b112808ab45a042e7bc00f2791a6cbc35c721cd4,de_novo,e8540d65274c61448eddf33ff11fac24b7d1dc568af92baa69e7130e301a7558,none,,hydrophobic_ratio_modlamp,numeric,false,de_novo_has_no_biological_parent,,,,0.2,,,,ef80e7b6b0eb6c8379b2a526c8fe3ab56ea3378b0f081f261edaa51e2ca68ffb
vegfa,9844ae349195949f5dccf857b112808ab45a042e7bc00f2791a6cbc35c721cd4,de_novo,e8540d65274c61448eddf33ff11fac24b7d1dc568af92baa69e7130e301a7558,none,,llamp_log10_mic_um,numeric,false,de_novo_has_no_biological_parent,,,,1.6209267377853394,,,,13f3f2dbf005d54bfc4d20156ecb48ae026baa7f2a8734c5641279a5c21f09ce
vegfa,9844ae349195949f5dccf857b112808ab45a042e7bc00f2791a6cbc35c721cd4,de_novo,e8540d65274c61448eddf33ff11fac24b7d1dc568af92baa69e7130e301a7558,none,,macrel_amp_probability,numeric,false,de_novo_has_no_biological_parent,,,,0.238,,,,fd995926e14944eab3169abc316f7992c6a1ad58f20cc4f88eb4c6f0eaef07ff
vegfa,9844ae349195949f5dccf857b112808ab45a042e7bc00f2791a6cbc35c721cd4,de_novo,e8540d65274c61448eddf33ff11fac24b7d1dc568af92baa69e7130e301a7558,none,,macrel_hemolysis_label,categorical,false,de_novo_has_no_biological_parent,,,,low,,,,019e281362fe8fac19389dd215c299830101e5e81dc953e5da32bfff14822b9b
vegfa,9844ae349195949f5dccf857b112808ab45a042e7bc00f2791a6cbc35c721cd4,de_novo,e8540d65274c61448eddf33ff11fac24b7d1dc568af92baa69e7130e301a7558,none,,macrel_hemolysis_probability,numeric,false,de_novo_has_no_biological_parent,,,,0.327,,,,1641bab52569667a91f7a075ccb5010c2bc70e1e11dea8068784e9150feadb3e
vegfa,9844ae349195949f5dccf857b112808ab45a042e7bc00f2791a6cbc35c721cd4,de_novo,e8540d65274c61448eddf33ff11fac24b7d1dc568af92baa69e7130e301a7558,none,,maximum_hydrophobic_run,numeric,false,de_novo_has_no_biological_parent,,,,2,,,,f2b7e8e97499b914e50f2d06f61bbca0ac3f9c71362b026c7d245517eb4bf409
vegfa,9844ae349195949f5dccf857b112808ab45a042e7bc00f2791a6cbc35c721cd4,de_novo,e8540d65274c61448eddf33ff11fac24b7d1dc568af92baa69e7130e301a7558,none,,net_charge_ph7_4,numeric,false,de_novo_has_no_biological_parent,,,,4.071,,,,c072e2f77bf0261f688715de7e4334de90aef816109e5ebf4e8e0b483864ea35
vegfa,9844ae349195949f5dccf857b112808ab45a042e7bc00f2791a6cbc35c721cd4,de_novo,e8540d65274c61448eddf33ff11fac24b7d1dc568af92baa69e7130e301a7558,none,,toxinpred3_hybrid_score,numeric,false,de_novo_has_no_biological_parent,,,,0.0,,,,435c64f65fc96574bcd14aec95ecfb208b2ddec7ef66b295dc6c9f76c8099159
vegfa,9844ae349195949f5dccf857b112808ab45a042e7bc00f2791a6cbc35c721cd4,de_novo,e8540d65274c61448eddf33ff11fac24b7d1dc568af92baa69e7130e301a7558,none,,toxinpred3_label,categorical,false,de_novo_has_no_biological_parent,,,,Non-Toxin,,,,9fb44cbe869d8b077c227a121239c10705aa51d1f2c9c16a4b372f4bc69458f5
vegfa,08aec04feb038fa2dd51285c8085990782b8829d6fb55a83eea016730434da24,de_novo,5f84cfda9f5c3b8c9c11b789715b205eae0753d44534ac0912a1e2ae46ebd840,none,,amp_read_log10_mic_um,numeric,false,de_novo_has_no_biological_parent,,,,1.4484922487266887,,,,946ab754549de03959c1be9f80f8572cbc3ce2b318eef6a27f4d381ccc6f065c
vegfa,08aec04feb038fa2dd51285c8085990782b8829d6fb55a83eea016730434da24,de_novo,5f84cfda9f5c3b8c9c11b789715b205eae0753d44534ac0912a1e2ae46ebd840,none,,guruprasad_instability_index,numeric,false,de_novo_has_no_biological_parent,,,,12.180000,,,,b804fee11d9e16589e0e3b8ebbc02720f52c285f47724be1add1fb48d5f822af
vegfa,08aec04feb038fa2dd51285c8085990782b8829d6fb55a83eea016730434da24,de_novo,5f84cfda9f5c3b8c9c11b789715b205eae0753d44534ac0912a1e2ae46ebd840,none,,hydrophobic_moment_eisenberg,numeric,false,de_novo_has_no_biological_parent,,,,0.24379859486662517,,,,e4a243c846136390f1cf654457a8d6e52c6ba5419930d3ddb4ea581b933ca796
vegfa,08aec04feb038fa2dd51285c8085990782b8829d6fb55a83eea016730434da24,de_novo,5f84cfda9f5c3b8c9c11b789715b205eae0753d44534ac0912a1e2ae46ebd840,none,,hydrophobic_ratio_modlamp,numeric,false,de_novo_has_no_biological_parent,,,,0.2,,,,97d49dec3a3009969f6f8b92c5ab159c3b7ac397c2de5f7a6d37c0b243706d64
vegfa,08aec04feb038fa2dd51285c8085990782b8829d6fb55a83eea016730434da24,de_novo,5f84cfda9f5c3b8c9c11b789715b205eae0753d44534ac0912a1e2ae46ebd840,none,,llamp_log10_mic_um,numeric,false,de_novo_has_no_biological_parent,,,,1.651950478553772,,,,40cc55305864eda2a8ff7807df4f327444b1f6d37b4146b06d6c1171b69874ea
vegfa,08aec04feb038fa2dd51285c8085990782b8829d6fb55a83eea016730434da24,de_novo,5f84cfda9f5c3b8c9c11b789715b205eae0753d44534ac0912a1e2ae46ebd840,none,,macrel_amp_probability,numeric,false,de_novo_has_no_biological_parent,,,,0.495,,,,9538e8a7efe156ccced422cd4da3366a29f5bd4f2e40547232dee27e0ada9986
vegfa,08aec04feb038fa2dd51285c8085990782b8829d6fb55a83eea016730434da24,de_novo,5f84cfda9f5c3b8c9c11b789715b205eae0753d44534ac0912a1e2ae46ebd840,none,,macrel_hemolysis_label,categorical,false,de_novo_has_no_biological_parent,,,,low,,,,5c8a813080ed08283ceb5c70d238d0223b71a1c38f5c65e94f0f0ff11a9529f2
vegfa,08aec04feb038fa2dd51285c8085990782b8829d6fb55a83eea016730434da24,de_novo,5f84cfda9f5c3b8c9c11b789715b205eae0753d44534ac0912a1e2ae46ebd840,none,,macrel_hemolysis_probability,numeric,false,de_novo_has_no_biological_parent,,,,0.386,,,,8f17e2566da4a690e3432c5486bcfb31eb6215db7802d8e2a1bd342e0c40960e
vegfa,08aec04feb038fa2dd51285c8085990782b8829d6fb55a83eea016730434da24,de_novo,5f84cfda9f5c3b8c9c11b789715b205eae0753d44534ac0912a1e2ae46ebd840,none,,maximum_hydrophobic_run,numeric,false,de_novo_has_no_biological_parent,,,,1,,,,beaaa6430390626248ece372a049a163ea11136994fad1e900f039787f430ae3
vegfa,08aec04feb038fa2dd51285c8085990782b8829d6fb55a83eea016730434da24,de_novo,5f84cfda9f5c3b8c9c11b789715b205eae0753d44534ac0912a1e2ae46ebd840,none,,net_charge_ph7_4,numeric,false,de_novo_has_no_biological_parent,,,,4.197,,,,31d26822906c84a0a649a0996e84bbf27cd125f75f4155339df88c2e1da639a6
vegfa,08aec04feb038fa2dd51285c8085990782b8829d6fb55a83eea016730434da24,de_novo,5f84cfda9f5c3b8c9c11b789715b205eae0753d44534ac0912a1e2ae46ebd840,none,,toxinpred3_hybrid_score,numeric,false,de_novo_has_no_biological_parent,,,,0.0,,,,90db5de4ec32d38c829bf70cd35cb6fc0b1deb99b0ab499713061bc7a765c1d6
vegfa,08aec04feb038fa2dd51285c8085990782b8829d6fb55a83eea016730434da24,de_novo,5f84cfda9f5c3b8c9c11b789715b205eae0753d44534ac0912a1e2ae46ebd840,none,,toxinpred3_label,categorical,false,de_novo_has_no_biological_parent,,,,Non-Toxin,,,,efc5076b3ca62da1e6801de0e90a5e9254f19244973662c47e9bcd42a4aebde1
vegfa,3c812263ef1f7446a7fb60d19f0765c79a5607732fb7f052218a62ba6381cddb,masked_substitution,4b976c30ab41a824b25c75707b125d2f30e0759a2aaa8ac320fc6056cde89de7,primary_parent,02e6e8a9041d1f5e02ded66ace7f1bf8353933cb460554f7d6d4f7827ee851e3,amp_read_log10_mic_um,numeric,true,same_frozen_numeric_contract,minimize,log10(uM),0.8502392420270765,1.0306622164195098,0.18042297439243338,-0.18042297439243338,true,011094d07c91be142a7d7854602c74e57b626ed7bc86dea99591ec1a720689fa
vegfa,3c812263ef1f7446a7fb60d19f0765c79a5607732fb7f052218a62ba6381cddb,masked_substitution,4b976c30ab41a824b25c75707b125d2f30e0759a2aaa8ac320fc6056cde89de7,primary_parent,02e6e8a9041d1f5e02ded66ace7f1bf8353933cb460554f7d6d4f7827ee851e3,guruprasad_instability_index,numeric,true,same_frozen_numeric_contract,minimize,index,-9.308695652173913,2.756522,12.065217652173914,-12.065217652173914,true,1f1b524c50bcaa88d52513c3e5278ad5adde9dd5a39158372358752772f0621b
vegfa,3c812263ef1f7446a7fb60d19f0765c79a5607732fb7f052218a62ba6381cddb,masked_substitution,4b976c30ab41a824b25c75707b125d2f30e0759a2aaa8ac320fc6056cde89de7,primary_parent,02e6e8a9041d1f5e02ded66ace7f1bf8353933cb460554f7d6d4f7827ee851e3,hydrophobic_moment_eisenberg,numeric,false,audit_metric_has_no_monotonic_improvement_direction,audit,dimensionless,0.14056582796750103,0.17304407530411586,0.032478247336614835,,true,e3b359b40fc02294107d8e8180e4a7a1f421b2f9466d62c4f32939859377b1f8
vegfa,3c812263ef1f7446a7fb60d19f0765c79a5607732fb7f052218a62ba6381cddb,masked_substitution,4b976c30ab41a824b25c75707b125d2f30e0759a2aaa8ac320fc6056cde89de7,primary_parent,02e6e8a9041d1f5e02ded66ace7f1bf8353933cb460554f7d6d4f7827ee851e3,hydrophobic_ratio_modlamp,numeric,false,audit_metric_has_no_monotonic_improvement_direction,audit,fraction,0.2608695652173913,0.21739130434782608,-0.043478260869565216,,true,9374e4097536100aef4b48540b70dfb15188d44f8624d820dd037a620e963dbb
vegfa,3c812263ef1f7446a7fb60d19f0765c79a5607732fb7f052218a62ba6381cddb,masked_substitution,4b976c30ab41a824b25c75707b125d2f30e0759a2aaa8ac320fc6056cde89de7,primary_parent,02e6e8a9041d1f5e02ded66ace7f1bf8353933cb460554f7d6d4f7827ee851e3,llamp_log10_mic_um,numeric,true,same_frozen_numeric_contract,minimize,log10(uM),1.3610467910766602,1.3010600805282593,-0.05998671054840088,0.05998671054840088,true,8c816ead92af17d0118eb674cd7a0a39437ac4648c74093ab6985b81ad190822
vegfa,3c812263ef1f7446a7fb60d19f0765c79a5607732fb7f052218a62ba6381cddb,masked_substitution,4b976c30ab41a824b25c75707b125d2f30e0759a2aaa8ac320fc6056cde89de7,primary_parent,02e6e8a9041d1f5e02ded66ace7f1bf8353933cb460554f7d6d4f7827ee851e3,macrel_amp_probability,numeric,true,same_frozen_numeric_contract,maximize,probability,0.584,0.396,-0.18799999999999994,-0.18799999999999994,true,5cf87cb2fcc43827a38682b44649c10ace08ce1851a0fa3a7d22933e7c9a00d6
vegfa,3c812263ef1f7446a7fb60d19f0765c79a5607732fb7f052218a62ba6381cddb,masked_substitution,4b976c30ab41a824b25c75707b125d2f30e0759a2aaa8ac320fc6056cde89de7,primary_parent,02e6e8a9041d1f5e02ded66ace7f1bf8353933cb460554f7d6d4f7827ee851e3,macrel_hemolysis_label,categorical,true,same_frozen_label_contract,audit,label,low,low,,,false,5e0f7cb104612fdd9539c35c776e0bb9f8ea1c75481399c79fd5e8e44e818ea4
vegfa,3c812263ef1f7446a7fb60d19f0765c79a5607732fb7f052218a62ba6381cddb,masked_substitution,4b976c30ab41a824b25c75707b125d2f30e0759a2aaa8ac320fc6056cde89de7,primary_parent,02e6e8a9041d1f5e02ded66ace7f1bf8353933cb460554f7d6d4f7827ee851e3,macrel_hemolysis_probability,numeric,true,same_frozen_numeric_contract,minimize,probability,0.465,0.416,-0.049000000000000044,0.049000000000000044,true,fe85e905dba7cde875061b4978cff011be5260cbcccb3ce52755163df78f34d7
vegfa,3c812263ef1f7446a7fb60d19f0765c79a5607732fb7f052218a62ba6381cddb,masked_substitution,4b976c30ab41a824b25c75707b125d2f30e0759a2aaa8ac320fc6056cde89de7,primary_parent,02e6e8a9041d1f5e02ded66ace7f1bf8353933cb460554f7d6d4f7827ee851e3,maximum_hydrophobic_run,numeric,true,same_frozen_numeric_contract,minimize,residues,2.0,2.0,0.0,-0.0,false,df3b0a12ec9978857a6140929df9ad40a4bcfdf59c8443c78fd27113bd566537
vegfa,3c812263ef1f7446a7fb60d19f0765c79a5607732fb7f052218a62ba6381cddb,masked_substitution,4b976c30ab41a824b25c75707b125d2f30e0759a2aaa8ac320fc6056cde89de7,primary_parent,02e6e8a9041d1f5e02ded66ace7f1bf8353933cb460554f7d6d4f7827ee851e3,net_charge_ph7_4,numeric,false,audit_metric_has_no_monotonic_improvement_direction,audit,elementary_charge,6.112,6.112,0.0,,false,0b82df59c44581c36a41cd664f49ce5543797c53fb0c1321e1aa78dc924c5e24
vegfa,3c812263ef1f7446a7fb60d19f0765c79a5607732fb7f052218a62ba6381cddb,masked_substitution,4b976c30ab41a824b25c75707b125d2f30e0759a2aaa8ac320fc6056cde89de7,primary_parent,02e6e8a9041d1f5e02ded66ace7f1bf8353933cb460554f7d6d4f7827ee851e3,toxinpred3_hybrid_score,numeric,true,same_frozen_numeric_contract,minimize,dimensionless,0.0,0.0,0.0,-0.0,false,c6d67d6f8eb7a42726ec67a67c7f60eb3936e0b1f7c0d46aeb2d7440b17fa2fe
vegfa,3c812263ef1f7446a7fb60d19f0765c79a5607732fb7f052218a62ba6381cddb,masked_substitution,4b976c30ab41a824b25c75707b125d2f30e0759a2aaa8ac320fc6056cde89de7,primary_parent,02e6e8a9041d1f5e02ded66ace7f1bf8353933cb460554f7d6d4f7827ee851e3,toxinpred3_label,categorical,true,same_frozen_label_contract,audit,label,Non-Toxin,Non-Toxin,,,false,53c3b039b7f87e28131243cfe784dfb55ab67a5804de7853f096e4eaee1111ff
vegfa,f33204d981f55dd893a4e2cb7373d8c235465b5e3e0876e83a60847aba13adc2,controlled_crossover,71a47a39591c9949d64edcb2a0da618c4218cf9cd0bc070a5b6a5c3e55d5d7b2,primary_parent,5bb1620e8df9873d69294786b12a4a564aac84f6200820fd0e4b0dc2f39982d4,amp_read_log10_mic_um,numeric,true,same_frozen_numeric_contract,minimize,log10(uM),0.9090169459541058,1.502986755197481,0.5939698092433752,-0.5939698092433752,true,d685fe640fecbf55d3bd97d505c99a350bbac5260f1d36eecbb501aa96567c7d
vegfa,f33204d981f55dd893a4e2cb7373d8c235465b5e3e0876e83a60847aba13adc2,controlled_crossover,71a47a39591c9949d64edcb2a0da618c4218cf9cd0bc070a5b6a5c3e55d5d7b2,primary_parent,5bb1620e8df9873d69294786b12a4a564aac84f6200820fd0e4b0dc2f39982d4,guruprasad_instability_index,numeric,true,same_frozen_numeric_contract,minimize,index,-5.6173913043478265,-7.208696,-1.5913046956521733,1.5913046956521733,true,2cad29383b6d246d5186631f4539e718e0734a7612828bdb3026b37cc7055ea1
vegfa,f33204d981f55dd893a4e2cb7373d8c235465b5e3e0876e83a60847aba13adc2,controlled_crossover,71a47a39591c9949d64edcb2a0da618c4218cf9cd0bc070a5b6a5c3e55d5d7b2,primary_parent,5bb1620e8df9873d69294786b12a4a564aac84f6200820fd0e4b0dc2f39982d4,hydrophobic_moment_eisenberg,numeric,false,audit_metric_has_no_monotonic_improvement_direction,audit,dimensionless,0.1821248502999208,0.05116868906125068,-0.1309561612386701,,true,f231ca30ee4e16d8b11508b5fb1a7bd5964aa2de5143304020ffb2d0c4a63c32
vegfa,f33204d981f55dd893a4e2cb7373d8c235465b5e3e0876e83a60847aba13adc2,controlled_crossover,71a47a39591c9949d64edcb2a0da618c4218cf9cd0bc070a5b6a5c3e55d5d7b2,primary_parent,5bb1620e8df9873d69294786b12a4a564aac84f6200820fd0e4b0dc2f39982d4,hydrophobic_ratio_modlamp,numeric,false,audit_metric_has_no_monotonic_improvement_direction,audit,fraction,0.21739130434782608,0.08695652173913043,-0.13043478260869565,,true,6efe7cba2f4ff2b662681d3662ac963739152075d8699bded5a675871c6949b0
vegfa,f33204d981f55dd893a4e2cb7373d8c235465b5e3e0876e83a60847aba13adc2,controlled_crossover,71a47a39591c9949d64edcb2a0da618c4218cf9cd0bc070a5b6a5c3e55d5d7b2,primary_parent,5bb1620e8df9873d69294786b12a4a564aac84f6200820fd0e4b0dc2f39982d4,llamp_log10_mic_um,numeric,true,same_frozen_numeric_contract,minimize,log10(uM),1.4432967901229858,1.8785921335220337,0.43529534339904785,-0.43529534339904785,true,3a180c5958a8d0903a89cb06d8421bcc59c5f49cceab17fe51334cab1acaf1da
vegfa,f33204d981f55dd893a4e2cb7373d8c235465b5e3e0876e83a60847aba13adc2,controlled_crossover,71a47a39591c9949d64edcb2a0da618c4218cf9cd0bc070a5b6a5c3e55d5d7b2,primary_parent,5bb1620e8df9873d69294786b12a4a564aac84f6200820fd0e4b0dc2f39982d4,macrel_amp_probability,numeric,true,same_frozen_numeric_contract,maximize,probability,0.521,0.297,-0.22400000000000003,-0.22400000000000003,true,2fec22c6ffaec8e2ca2c67d6f5ce11d284ecdefbd9ef73ae9504282be36b0033
vegfa,f33204d981f55dd893a4e2cb7373d8c235465b5e3e0876e83a60847aba13adc2,controlled_crossover,71a47a39591c9949d64edcb2a0da618c4218cf9cd0bc070a5b6a5c3e55d5d7b2,primary_parent,5bb1620e8df9873d69294786b12a4a564aac84f6200820fd0e4b0dc2f39982d4,macrel_hemolysis_label,categorical,true,same_frozen_label_contract,audit,label,low,low,,,false,5530253aa2eff514aa1ac6b2cba423faed43c349cd6d4ad3e28c6f8ddc580efc
vegfa,f33204d981f55dd893a4e2cb7373d8c235465b5e3e0876e83a60847aba13adc2,controlled_crossover,71a47a39591c9949d64edcb2a0da618c4218cf9cd0bc070a5b6a5c3e55d5d7b2,primary_parent,5bb1620e8df9873d69294786b12a4a564aac84f6200820fd0e4b0dc2f39982d4,macrel_hemolysis_probability,numeric,true,same_frozen_numeric_contract,minimize,probability,0.446,0.386,-0.06,0.06,true,85f2c7e5850d5f378c261dcdc6fcecff5332ee0a99ce9ea76cf456c7b26bbc0a
vegfa,f33204d981f55dd893a4e2cb7373d8c235465b5e3e0876e83a60847aba13adc2,controlled_crossover,71a47a39591c9949d64edcb2a0da618c4218cf9cd0bc070a5b6a5c3e55d5d7b2,primary_parent,5bb1620e8df9873d69294786b12a4a564aac84f6200820fd0e4b0dc2f39982d4,maximum_hydrophobic_run,numeric,true,same_frozen_numeric_contract,minimize,residues,2.0,1.0,-1.0,1.0,true,d23d85bef9604ed6a335e171f5426060d3f8691b0585197a1bc2c9b44337b7a0
vegfa,f33204d981f55dd893a4e2cb7373d8c235465b5e3e0876e83a60847aba13adc2,controlled_crossover,71a47a39591c9949d64edcb2a0da618c4218cf9cd0bc070a5b6a5c3e55d5d7b2,primary_parent,5bb1620e8df9873d69294786b12a4a564aac84f6200820fd0e4b0dc2f39982d4,net_charge_ph7_4,numeric,false,audit_metric_has_no_monotonic_improvement_direction,audit,elementary_charge,6.154,6.153,-0.001000000000000334,,true,4dd92a038c8031a6cfa5a04d5abe1c1f8e3aed9c3e10c868d1c7ed6287d3d9c9
vegfa,f33204d981f55dd893a4e2cb7373d8c235465b5e3e0876e83a60847aba13adc2,controlled_crossover,71a47a39591c9949d64edcb2a0da618c4218cf9cd0bc070a5b6a5c3e55d5d7b2,primary_parent,5bb1620e8df9873d69294786b12a4a564aac84f6200820fd0e4b0dc2f39982d4,toxinpred3_hybrid_score,numeric,true,same_frozen_numeric_contract,minimize,dimensionless,0.0,0.0,0.0,-0.0,false,be7c0c980cfc8456adea7fe250e45cba6fd16b8394708b650fb8bf660f4ff420
vegfa,f33204d981f55dd893a4e2cb7373d8c235465b5e3e0876e83a60847aba13adc2,controlled_crossover,71a47a39591c9949d64edcb2a0da618c4218cf9cd0bc070a5b6a5c3e55d5d7b2,primary_parent,5bb1620e8df9873d69294786b12a4a564aac84f6200820fd0e4b0dc2f39982d4,toxinpred3_label,categorical,true,same_frozen_label_contract,audit,label,Non-Toxin,Non-Toxin,,,false,6e707befd404e0b268951170a9056283bbd0989dacb963ad8a5bb6101de8559c
vegfa,f33204d981f55dd893a4e2cb7373d8c235465b5e3e0876e83a60847aba13adc2,controlled_crossover,71a47a39591c9949d64edcb2a0da618c4218cf9cd0bc070a5b6a5c3e55d5d7b2,donor_parent,dc6b9e097fdbb1cebc638561775ba07debfd2bcbae4b1e7dbb9a3812c90d1dda,amp_read_log10_mic_um,numeric,true,same_frozen_numeric_contract,minimize,log10(uM),1.4326805721868476,1.502986755197481,0.0703061830106333,-0.0703061830106333,true,30c04e2b4366a06954fcffd18899c802ed8f4a08fdf27ca9c6d20c7e7a564f7e
vegfa,f33204d981f55dd893a4e2cb7373d8c235465b5e3e0876e83a60847aba13adc2,controlled_crossover,71a47a39591c9949d64edcb2a0da618c4218cf9cd0bc070a5b6a5c3e55d5d7b2,donor_parent,dc6b9e097fdbb1cebc638561775ba07debfd2bcbae4b1e7dbb9a3812c90d1dda,guruprasad_instability_index,numeric,true,same_frozen_numeric_contract,minimize,index,8.988461538461536,-7.208696,-16.197157538461536,16.197157538461536,true,1dc1bf3f9ebb0aae752e4c2397d74b0cc055dff1b0de2a7dc515843484c1dbf1
vegfa,f33204d981f55dd893a4e2cb7373d8c235465b5e3e0876e83a60847aba13adc2,controlled_crossover,71a47a39591c9949d64edcb2a0da618c4218cf9cd0bc070a5b6a5c3e55d5d7b2,donor_parent,dc6b9e097fdbb1cebc638561775ba07debfd2bcbae4b1e7dbb9a3812c90d1dda,hydrophobic_moment_eisenberg,numeric,false,audit_metric_has_no_monotonic_improvement_direction,audit,dimensionless,0.05669057760399849,0.05116868906125068,-0.005521888542747808,,true,571042fcbfd2cdb80db00ca9dca4d7c3964fb0dfa6a1e8a359c90ee55f141e9b
vegfa,f33204d981f55dd893a4e2cb7373d8c235465b5e3e0876e83a60847aba13adc2,controlled_crossover,71a47a39591c9949d64edcb2a0da618c4218cf9cd0bc070a5b6a5c3e55d5d7b2,donor_parent,dc6b9e097fdbb1cebc638561775ba07debfd2bcbae4b1e7dbb9a3812c90d1dda,hydrophobic_ratio_modlamp,numeric,false,audit_metric_has_no_monotonic_improvement_direction,audit,fraction,0.07692307692307693,0.08695652173913043,0.010033444816053505,,true,a0e79cbda73e2fd3a2834d2d6d91bb92f435bc78fe0bc9aee1dcc89409b6737b
vegfa,f33204d981f55dd893a4e2cb7373d8c235465b5e3e0876e83a60847aba13adc2,controlled_crossover,71a47a39591c9949d64edcb2a0da618c4218cf9cd0bc070a5b6a5c3e55d5d7b2,donor_parent,dc6b9e097fdbb1cebc638561775ba07debfd2bcbae4b1e7dbb9a3812c90d1dda,llamp_log10_mic_um,numeric,true,same_frozen_numeric_contract,minimize,log10(uM),0.7191438674926758,1.8785921335220337,1.159448266029358,-1.159448266029358,true,e57ce62f90e6b3dd5c3311ef0c540aa797baed16e48dde810178c635317ad83a
vegfa,f33204d981f55dd893a4e2cb7373d8c235465b5e3e0876e83a60847aba13adc2,controlled_crossover,71a47a39591c9949d64edcb2a0da618c4218cf9cd0bc070a5b6a5c3e55d5d7b2,donor_parent,dc6b9e097fdbb1cebc638561775ba07debfd2bcbae4b1e7dbb9a3812c90d1dda,macrel_amp_probability,numeric,true,same_frozen_numeric_contract,maximize,probability,0.535,0.297,-0.23800000000000004,-0.23800000000000004,true,be42f62a984de25bc4af8ff6183f0257181767bc38f19b66162757a5eea4b267
vegfa,f33204d981f55dd893a4e2cb7373d8c235465b5e3e0876e83a60847aba13adc2,controlled_crossover,71a47a39591c9949d64edcb2a0da618c4218cf9cd0bc070a5b6a5c3e55d5d7b2,donor_parent,dc6b9e097fdbb1cebc638561775ba07debfd2bcbae4b1e7dbb9a3812c90d1dda,macrel_hemolysis_label,categorical,true,same_frozen_label_contract,audit,label,low,low,,,false,614b994c7de5d973d093db732139568e8726140c4218242e63fef63832518514
vegfa,f33204d981f55dd893a4e2cb7373d8c235465b5e3e0876e83a60847aba13adc2,controlled_crossover,71a47a39591c9949d64edcb2a0da618c4218cf9cd0bc070a5b6a5c3e55d5d7b2,donor_parent,dc6b9e097fdbb1cebc638561775ba07debfd2bcbae4b1e7dbb9a3812c90d1dda,macrel_hemolysis_probability,numeric,true,same_frozen_numeric_contract,minimize,probability,0.386,0.386,0.0,-0.0,false,f8b2707d1be0d4ab0f0cbfecd24e2e5870de15044d936d5e96873ac6a65dfb26
vegfa,f33204d981f55dd893a4e2cb7373d8c235465b5e3e0876e83a60847aba13adc2,controlled_crossover,71a47a39591c9949d64edcb2a0da618c4218cf9cd0bc070a5b6a5c3e55d5d7b2,donor_parent,dc6b9e097fdbb1cebc638561775ba07debfd2bcbae4b1e7dbb9a3812c90d1dda,maximum_hydrophobic_run,numeric,true,same_frozen_numeric_contract,minimize,residues,2.0,1.0,-1.0,1.0,true,a74411109923625628dd6c87d283c1b91a73892fd41fa837db4a44d7c44fa569
vegfa,f33204d981f55dd893a4e2cb7373d8c235465b5e3e0876e83a60847aba13adc2,controlled_crossover,71a47a39591c9949d64edcb2a0da618c4218cf9cd0bc070a5b6a5c3e55d5d7b2,donor_parent,dc6b9e097fdbb1cebc638561775ba07debfd2bcbae4b1e7dbb9a3812c90d1dda,net_charge_ph7_4,numeric,false,audit_metric_has_no_monotonic_improvement_direction,audit,elementary_charge,9.152,6.153,-2.9989999999999997,,true,c921ee1216bbf4d5ae59951e06760d670ea34ff0b5e62d54cbb7a67997e24c5e
vegfa,f33204d981f55dd893a4e2cb7373d8c235465b5e3e0876e83a60847aba13adc2,controlled_crossover,71a47a39591c9949d64edcb2a0da618c4218cf9cd0bc070a5b6a5c3e55d5d7b2,donor_parent,dc6b9e097fdbb1cebc638561775ba07debfd2bcbae4b1e7dbb9a3812c90d1dda,toxinpred3_hybrid_score,numeric,true,same_frozen_numeric_contract,minimize,dimensionless,0.015,0.0,-0.015,0.015,true,39b904ab1a3eb5cc75518bfe05fae8cbc116efaa7ac7d1e246a6930615ad81ba
vegfa,f33204d981f55dd893a4e2cb7373d8c235465b5e3e0876e83a60847aba13adc2,controlled_crossover,71a47a39591c9949d64edcb2a0da618c4218cf9cd0bc070a5b6a5c3e55d5d7b2,donor_parent,dc6b9e097fdbb1cebc638561775ba07debfd2bcbae4b1e7dbb9a3812c90d1dda,toxinpred3_label,categorical,true,same_frozen_label_contract,audit,label,Non-Toxin,Non-Toxin,,,false,d86f60060212ef7f0b2fee6d6f13bdff0ec9a63895ede463ade53538eaedd037
vegfa,106e268bcd57f263f8de557c69e2aa95c3047c637e42046bebbcfaaa84edb183,de_novo,5b2f8577223cd636395573dfe185b2c21564b5fbcc368b772c4f7c8400f4241f,none,,amp_read_log10_mic_um,numeric,false,de_novo_has_no_biological_parent,,,,1.6043638757845793,,,,37d59fee9caf05df537184cc95e37b37708da2275341d3cee851183a61c36d6a
vegfa,106e268bcd57f263f8de557c69e2aa95c3047c637e42046bebbcfaaa84edb183,de_novo,5b2f8577223cd636395573dfe185b2c21564b5fbcc368b772c4f7c8400f4241f,none,,guruprasad_instability_index,numeric,false,de_novo_has_no_biological_parent,,,,40.868182,,,,7b464311b51cd795251b153e3f8a6b8fa99cf526ea4dad2fa39d844f10a0b397
vegfa,106e268bcd57f263f8de557c69e2aa95c3047c637e42046bebbcfaaa84edb183,de_novo,5b2f8577223cd636395573dfe185b2c21564b5fbcc368b772c4f7c8400f4241f,none,,hydrophobic_moment_eisenberg,numeric,false,de_novo_has_no_biological_parent,,,,0.20816790597082122,,,,5bb8cc17e4f6e05d869c1bf95ac53aea99537c313a0e319afbf1c28353692b46
vegfa,106e268bcd57f263f8de557c69e2aa95c3047c637e42046bebbcfaaa84edb183,de_novo,5b2f8577223cd636395573dfe185b2c21564b5fbcc368b772c4f7c8400f4241f,none,,hydrophobic_ratio_modlamp,numeric,false,de_novo_has_no_biological_parent,,,,0.18181818181818182,,,,fbee8b05978cfe1f3912b2b78f46cf9966300e27a5a5406fed72e9c903790520
vegfa,106e268bcd57f263f8de557c69e2aa95c3047c637e42046bebbcfaaa84edb183,de_novo,5b2f8577223cd636395573dfe185b2c21564b5fbcc368b772c4f7c8400f4241f,none,,llamp_log10_mic_um,numeric,false,de_novo_has_no_biological_parent,,,,0.7472455501556396,,,,5e891af9355c1c52b4d7c21ebe41fa483671e4af18b30d3a03ea02651e89792a
vegfa,106e268bcd57f263f8de557c69e2aa95c3047c637e42046bebbcfaaa84edb183,de_novo,5b2f8577223cd636395573dfe185b2c21564b5fbcc368b772c4f7c8400f4241f,none,,macrel_amp_probability,numeric,false,de_novo_has_no_biological_parent,,,,0.287,,,,c2914a5a83eea86ee121e3ae3c8ba662c7872e038e606f9d8db91f951852158f
vegfa,106e268bcd57f263f8de557c69e2aa95c3047c637e42046bebbcfaaa84edb183,de_novo,5b2f8577223cd636395573dfe185b2c21564b5fbcc368b772c4f7c8400f4241f,none,,macrel_hemolysis_label,categorical,false,de_novo_has_no_biological_parent,,,,low,,,,ed65dd814ad974805620c7902655414b2a900b94b4f6ab90aaaf490ceb334fae
vegfa,106e268bcd57f263f8de557c69e2aa95c3047c637e42046bebbcfaaa84edb183,de_novo,5b2f8577223cd636395573dfe185b2c21564b5fbcc368b772c4f7c8400f4241f,none,,macrel_hemolysis_probability,numeric,false,de_novo_has_no_biological_parent,,,,0.455,,,,9cec507adeede65477abdf999fb8893eeafcd9731a43e106955787af14fd3a42
vegfa,106e268bcd57f263f8de557c69e2aa95c3047c637e42046bebbcfaaa84edb183,de_novo,5b2f8577223cd636395573dfe185b2c21564b5fbcc368b772c4f7c8400f4241f,none,,maximum_hydrophobic_run,numeric,false,de_novo_has_no_biological_parent,,,,1,,,,b18640c2065e8970131dcf6f62740c085f78c4a55e6139fc4fe26383282a5f12
vegfa,106e268bcd57f263f8de557c69e2aa95c3047c637e42046bebbcfaaa84edb183,de_novo,5b2f8577223cd636395573dfe185b2c21564b5fbcc368b772c4f7c8400f4241f,none,,net_charge_ph7_4,numeric,false,de_novo_has_no_biological_parent,,,,6.238,,,,bd249cf4cbf776298179c77005b54aa2ec044a1720312cff306624f7b610f87f
vegfa,106e268bcd57f263f8de557c69e2aa95c3047c637e42046bebbcfaaa84edb183,de_novo,5b2f8577223cd636395573dfe185b2c21564b5fbcc368b772c4f7c8400f4241f,none,,toxinpred3_hybrid_score,numeric,false,de_novo_has_no_biological_parent,,,,0.335,,,,55c9af8c497a5be5484ddefcea6408eced26404f62c4eccbdf14b8b22fb2d200
vegfa,106e268bcd57f263f8de557c69e2aa95c3047c637e42046bebbcfaaa84edb183,de_novo,5b2f8577223cd636395573dfe185b2c21564b5fbcc368b772c4f7c8400f4241f,none,,toxinpred3_label,categorical,false,de_novo_has_no_biological_parent,,,,Non-Toxin,,,,c14a6d906725caee224b4ab26c6483660033c9615105bd1316622138787bafce
vegfa,b37f5837f6af81763b15a0c07fa822de2d5a8a504f9a4c09684dd64d6a480728,de_novo,a0378bf482f1482b0c6a6fefa8123e915b704988136d8d5c8985dc0d4936ab92,none,,amp_read_log10_mic_um,numeric,false,de_novo_has_no_biological_parent,,,,1.600190400327959,,,,125ea1cf4a11a34a3869209496ed7de04cdec67d636c767d03ddaa86ca82c61c
vegfa,b37f5837f6af81763b15a0c07fa822de2d5a8a504f9a4c09684dd64d6a480728,de_novo,a0378bf482f1482b0c6a6fefa8123e915b704988136d8d5c8985dc0d4936ab92,none,,guruprasad_instability_index,numeric,false,de_novo_has_no_biological_parent,,,,14.975000,,,,5517a4238e326cf8ff9ddd1fbc82f3a3f844d1136e1cad6699e503da8e2e60b5
vegfa,b37f5837f6af81763b15a0c07fa822de2d5a8a504f9a4c09684dd64d6a480728,de_novo,a0378bf482f1482b0c6a6fefa8123e915b704988136d8d5c8985dc0d4936ab92,none,,hydrophobic_moment_eisenberg,numeric,false,de_novo_has_no_biological_parent,,,,0.2580716675964505,,,,e52b27ae39f106cf906954711b2b12977d3eb0c679e39a40cfe0f5c10f92e163
vegfa,b37f5837f6af81763b15a0c07fa822de2d5a8a504f9a4c09684dd64d6a480728,de_novo,a0378bf482f1482b0c6a6fefa8123e915b704988136d8d5c8985dc0d4936ab92,none,,hydrophobic_ratio_modlamp,numeric,false,de_novo_has_no_biological_parent,,,,0.1,,,,fef06dfe42935e20b61aab1b7db45d1c45027c0dd0e92d2d9f60ba9225070202
vegfa,b37f5837f6af81763b15a0c07fa822de2d5a8a504f9a4c09684dd64d6a480728,de_novo,a0378bf482f1482b0c6a6fefa8123e915b704988136d8d5c8985dc0d4936ab92,none,,llamp_log10_mic_um,numeric,false,de_novo_has_no_biological_parent,,,,1.344406247138977,,,,4398017838894ed48caa12f02a10c4a3fc9a9a35897041235e12aacb0d255331
vegfa,b37f5837f6af81763b15a0c07fa822de2d5a8a504f9a4c09684dd64d6a480728,de_novo,a0378bf482f1482b0c6a6fefa8123e915b704988136d8d5c8985dc0d4936ab92,none,,macrel_amp_probability,numeric,false,de_novo_has_no_biological_parent,,,,0.297,,,,7e012f9ecf38e0f6d534045c5b4a4881e0e9f72ada57ba483656f63163db4a56
vegfa,b37f5837f6af81763b15a0c07fa822de2d5a8a504f9a4c09684dd64d6a480728,de_novo,a0378bf482f1482b0c6a6fefa8123e915b704988136d8d5c8985dc0d4936ab92,none,,macrel_hemolysis_label,categorical,false,de_novo_has_no_biological_parent,,,,low,,,,b4825a9e2be2a01d599b6018d90e79fbb86469457c082d3b629153bab1188856
vegfa,b37f5837f6af81763b15a0c07fa822de2d5a8a504f9a4c09684dd64d6a480728,de_novo,a0378bf482f1482b0c6a6fefa8123e915b704988136d8d5c8985dc0d4936ab92,none,,macrel_hemolysis_probability,numeric,false,de_novo_has_no_biological_parent,,,,0.436,,,,66d953e9be672a4efad690b6c782bcdb9af376c98804b54a96c8e6c772bc2c00
vegfa,b37f5837f6af81763b15a0c07fa822de2d5a8a504f9a4c09684dd64d6a480728,de_novo,a0378bf482f1482b0c6a6fefa8123e915b704988136d8d5c8985dc0d4936ab92,none,,maximum_hydrophobic_run,numeric,false,de_novo_has_no_biological_parent,,,,1,,,,63e16165a0cec2a70a9cd07f3e035b33fd23944bec27ce7c973a3aa97e1e82ba
vegfa,b37f5837f6af81763b15a0c07fa822de2d5a8a504f9a4c09684dd64d6a480728,de_novo,a0378bf482f1482b0c6a6fefa8123e915b704988136d8d5c8985dc0d4936ab92,none,,net_charge_ph7_4,numeric,false,de_novo_has_no_biological_parent,,,,7.113,,,,19ff2ddcf11866096b2a0c137656d0d1c0de39b80003e08c55ae6a84859dedd1
vegfa,b37f5837f6af81763b15a0c07fa822de2d5a8a504f9a4c09684dd64d6a480728,de_novo,a0378bf482f1482b0c6a6fefa8123e915b704988136d8d5c8985dc0d4936ab92,none,,toxinpred3_hybrid_score,numeric,false,de_novo_has_no_biological_parent,,,,0.0,,,,c68cb287affc74088bc851ea5f77571444616bfc9b37b68f71d58508673fa800
vegfa,b37f5837f6af81763b15a0c07fa822de2d5a8a504f9a4c09684dd64d6a480728,de_novo,a0378bf482f1482b0c6a6fefa8123e915b704988136d8d5c8985dc0d4936ab92,none,,toxinpred3_label,categorical,false,de_novo_has_no_biological_parent,,,,Non-Toxin,,,,564628ae6a223b91e308f258f4bfdf147de6d0e74c182b63aebca81dcca35c8f
vegfa,e851ad3a480d2e5abb955125f15066da762d318fed355f14182297947b0c1c85,masked_substitution,c2a43128d7d25c8086d6481a177410ff719b7727241c703ca897b1b9d7665223,primary_parent,02e6e8a9041d1f5e02ded66ace7f1bf8353933cb460554f7d6d4f7827ee851e3,amp_read_log10_mic_um,numeric,true,same_frozen_numeric_contract,minimize,log10(uM),0.8502392420270765,0.9836452741075409,0.13340603208046442,-0.13340603208046442,true,463a6d339d90248532f38a0dab03fcb07e284814bc0b87e41e4475cf0bb89147
vegfa,e851ad3a480d2e5abb955125f15066da762d318fed355f14182297947b0c1c85,masked_substitution,c2a43128d7d25c8086d6481a177410ff719b7727241c703ca897b1b9d7665223,primary_parent,02e6e8a9041d1f5e02ded66ace7f1bf8353933cb460554f7d6d4f7827ee851e3,guruprasad_instability_index,numeric,true,same_frozen_numeric_contract,minimize,index,-9.308695652173913,2.756522,12.065217652173914,-12.065217652173914,true,60ebe8a6631df5c66296ac94770764cf33e36c958f06e0373a3736dcaa5b9380
vegfa,e851ad3a480d2e5abb955125f15066da762d318fed355f14182297947b0c1c85,masked_substitution,c2a43128d7d25c8086d6481a177410ff719b7727241c703ca897b1b9d7665223,primary_parent,02e6e8a9041d1f5e02ded66ace7f1bf8353933cb460554f7d6d4f7827ee851e3,hydrophobic_moment_eisenberg,numeric,false,audit_metric_has_no_monotonic_improvement_direction,audit,dimensionless,0.14056582796750103,0.20083929644719553,0.0602734684796945,,true,c15acb56203dc79663644cfe339472232bec0758c13af4e58e830666ca6c804c
vegfa,e851ad3a480d2e5abb955125f15066da762d318fed355f14182297947b0c1c85,masked_substitution,c2a43128d7d25c8086d6481a177410ff719b7727241c703ca897b1b9d7665223,primary_parent,02e6e8a9041d1f5e02ded66ace7f1bf8353933cb460554f7d6d4f7827ee851e3,hydrophobic_ratio_modlamp,numeric,false,audit_metric_has_no_monotonic_improvement_direction,audit,fraction,0.2608695652173913,0.21739130434782608,-0.043478260869565216,,true,017c7508c8fd479550c2f3f3893c7103f13d0eb2638f7c7debddd0cc79da6b9a
vegfa,e851ad3a480d2e5abb955125f15066da762d318fed355f14182297947b0c1c85,masked_substitution,c2a43128d7d25c8086d6481a177410ff719b7727241c703ca897b1b9d7665223,primary_parent,02e6e8a9041d1f5e02ded66ace7f1bf8353933cb460554f7d6d4f7827ee851e3,llamp_log10_mic_um,numeric,true,same_frozen_numeric_contract,minimize,log10(uM),1.3610467910766602,1.5392780303955078,0.17823123931884766,-0.17823123931884766,true,5d72bd48530fd5e0fb46547a295a32e0bb767f72f6d11be6eb648215b3ce83a9
vegfa,e851ad3a480d2e5abb955125f15066da762d318fed355f14182297947b0c1c85,masked_substitution,c2a43128d7d25c8086d6481a177410ff719b7727241c703ca897b1b9d7665223,primary_parent,02e6e8a9041d1f5e02ded66ace7f1bf8353933cb460554f7d6d4f7827ee851e3,macrel_amp_probability,numeric,true,same_frozen_numeric_contract,maximize,probability,0.584,0.396,-0.18799999999999994,-0.18799999999999994,true,531feb12e163f372f41fa1a4a8afa28828628f8af481bf7f3c5f798a2eb29b36
vegfa,e851ad3a480d2e5abb955125f15066da762d318fed355f14182297947b0c1c85,masked_substitution,c2a43128d7d25c8086d6481a177410ff719b7727241c703ca897b1b9d7665223,primary_parent,02e6e8a9041d1f5e02ded66ace7f1bf8353933cb460554f7d6d4f7827ee851e3,macrel_hemolysis_label,categorical,true,same_frozen_label_contract,audit,label,low,low,,,false,104da19f8ce5e22e7572d8227339c87f0148d0b71a34fabe7bcef0bf3fc7c335
vegfa,e851ad3a480d2e5abb955125f15066da762d318fed355f14182297947b0c1c85,masked_substitution,c2a43128d7d25c8086d6481a177410ff719b7727241c703ca897b1b9d7665223,primary_parent,02e6e8a9041d1f5e02ded66ace7f1bf8353933cb460554f7d6d4f7827ee851e3,macrel_hemolysis_probability,numeric,true,same_frozen_numeric_contract,minimize,probability,0.465,0.436,-0.029000000000000026,0.029000000000000026,true,a47f3544dcc5e33422eb1f8909675be82ac61f7eb880e8a3e212d57cd6be4032
vegfa,e851ad3a480d2e5abb955125f15066da762d318fed355f14182297947b0c1c85,masked_substitution,c2a43128d7d25c8086d6481a177410ff719b7727241c703ca897b1b9d7665223,primary_parent,02e6e8a9041d1f5e02ded66ace7f1bf8353933cb460554f7d6d4f7827ee851e3,maximum_hydrophobic_run,numeric,true,same_frozen_numeric_contract,minimize,residues,2.0,2.0,0.0,-0.0,false,f1e7391cbace568bd04cfdd37f9b44fcc66cd37f447797000ebed9e08e80697b
vegfa,e851ad3a480d2e5abb955125f15066da762d318fed355f14182297947b0c1c85,masked_substitution,c2a43128d7d25c8086d6481a177410ff719b7727241c703ca897b1b9d7665223,primary_parent,02e6e8a9041d1f5e02ded66ace7f1bf8353933cb460554f7d6d4f7827ee851e3,net_charge_ph7_4,numeric,false,audit_metric_has_no_monotonic_improvement_direction,audit,elementary_charge,6.112,6.112,0.0,,false,795de369a066b2ebfda36e53b87322c6bca72d9e50766179aaea2793a32d4952
vegfa,e851ad3a480d2e5abb955125f15066da762d318fed355f14182297947b0c1c85,masked_substitution,c2a43128d7d25c8086d6481a177410ff719b7727241c703ca897b1b9d7665223,primary_parent,02e6e8a9041d1f5e02ded66ace7f1bf8353933cb460554f7d6d4f7827ee851e3,toxinpred3_hybrid_score,numeric,true,same_frozen_numeric_contract,minimize,dimensionless,0.0,0.0,0.0,-0.0,false,a3433f462b658e26bedc02038f320e4b7886a189b0ff20a065a51e4871525130
vegfa,e851ad3a480d2e5abb955125f15066da762d318fed355f14182297947b0c1c85,masked_substitution,c2a43128d7d25c8086d6481a177410ff719b7727241c703ca897b1b9d7665223,primary_parent,02e6e8a9041d1f5e02ded66ace7f1bf8353933cb460554f7d6d4f7827ee851e3,toxinpred3_label,categorical,true,same_frozen_label_contract,audit,label,Non-Toxin,Non-Toxin,,,false,4569cb98df97d3d66b252fe07982b98dce76d68ef0de3d21616476145b9dbf25
vegfa,51d2f60bbe30400f82720fa7ae9ed6023c0abea5d261596cf4d9a372d71e84f1,controlled_crossover,0ae0072cefa48dbb0dfdd742922e2ee623657df70f7044a0cff7f1c7cec04c1c,primary_parent,b83870d30979628ddbe5cad16c34f98486e1d4b954ceb8601b2805bebad7b4a2,amp_read_log10_mic_um,numeric,true,same_frozen_numeric_contract,minimize,log10(uM),0.9338330877644926,1.4719635304844858,0.5381304427199932,-0.5381304427199932,true,053d8439b5be71943420e79ec7d9a7e34f5a79dabc5a9649e8d8d04aad074836
vegfa,51d2f60bbe30400f82720fa7ae9ed6023c0abea5d261596cf4d9a372d71e84f1,controlled_crossover,0ae0072cefa48dbb0dfdd742922e2ee623657df70f7044a0cff7f1c7cec04c1c,primary_parent,b83870d30979628ddbe5cad16c34f98486e1d4b954ceb8601b2805bebad7b4a2,guruprasad_instability_index,numeric,true,same_frozen_numeric_contract,minimize,index,-5.6173913043478265,-7.208696,-1.5913046956521733,1.5913046956521733,true,80f8d1c0b25bfa3b0644dc49a22b84f9bf9375c95a1502a3ec4ad7a6e3807228
vegfa,51d2f60bbe30400f82720fa7ae9ed6023c0abea5d261596cf4d9a372d71e84f1,controlled_crossover,0ae0072cefa48dbb0dfdd742922e2ee623657df70f7044a0cff7f1c7cec04c1c,primary_parent,b83870d30979628ddbe5cad16c34f98486e1d4b954ceb8601b2805bebad7b4a2,hydrophobic_moment_eisenberg,numeric,false,audit_metric_has_no_monotonic_improvement_direction,audit,dimensionless,0.1821248502999208,0.05116868906125068,-0.1309561612386701,,true,f3ee8dbe3efa749e0f81a7b2fef6d97db7491b2a61390ae63b6652adf0aa4812
vegfa,51d2f60bbe30400f82720fa7ae9ed6023c0abea5d261596cf4d9a372d71e84f1,controlled_crossover,0ae0072cefa48dbb0dfdd742922e2ee623657df70f7044a0cff7f1c7cec04c1c,primary_parent,b83870d30979628ddbe5cad16c34f98486e1d4b954ceb8601b2805bebad7b4a2,hydrophobic_ratio_modlamp,numeric,false,audit_metric_has_no_monotonic_improvement_direction,audit,fraction,0.21739130434782608,0.08695652173913043,-0.13043478260869565,,true,7a8d4a13d5b6d90a5d2ac010b937d1c40fe2e55923463136363ac7d24ba0ef55
vegfa,51d2f60bbe30400f82720fa7ae9ed6023c0abea5d261596cf4d9a372d71e84f1,controlled_crossover,0ae0072cefa48dbb0dfdd742922e2ee623657df70f7044a0cff7f1c7cec04c1c,primary_parent,b83870d30979628ddbe5cad16c34f98486e1d4b954ceb8601b2805bebad7b4a2,llamp_log10_mic_um,numeric,true,same_frozen_numeric_contract,minimize,log10(uM),1.4252794981002808,1.71220064163208,0.2869211435317993,-0.2869211435317993,true,80105b8fc00feaf29c2f2930f09b0ab964e6b2ab392c7fc610f56e5d41823828
vegfa,51d2f60bbe30400f82720fa7ae9ed6023c0abea5d261596cf4d9a372d71e84f1,controlled_crossover,0ae0072cefa48dbb0dfdd742922e2ee623657df70f7044a0cff7f1c7cec04c1c,primary_parent,b83870d30979628ddbe5cad16c34f98486e1d4b954ceb8601b2805bebad7b4a2,macrel_amp_probability,numeric,true,same_frozen_numeric_contract,maximize,probability,0.511,0.287,-0.22400000000000003,-0.22400000000000003,true,1bb999eb1782e9e4f88ffc2353166a7be20e96c30619e59acef920e8f4b91802
vegfa,51d2f60bbe30400f82720fa7ae9ed6023c0abea5d261596cf4d9a372d71e84f1,controlled_crossover,0ae0072cefa48dbb0dfdd742922e2ee623657df70f7044a0cff7f1c7cec04c1c,primary_parent,b83870d30979628ddbe5cad16c34f98486e1d4b954ceb8601b2805bebad7b4a2,macrel_hemolysis_label,categorical,true,same_frozen_label_contract,audit,label,low,low,,,false,b8263272ae013bbecee63e93cd2d28e1383873ff0c42adb0d8e510aec75cb67f
vegfa,51d2f60bbe30400f82720fa7ae9ed6023c0abea5d261596cf4d9a372d71e84f1,controlled_crossover,0ae0072cefa48dbb0dfdd742922e2ee623657df70f7044a0cff7f1c7cec04c1c,primary_parent,b83870d30979628ddbe5cad16c34f98486e1d4b954ceb8601b2805bebad7b4a2,macrel_hemolysis_probability,numeric,true,same_frozen_numeric_contract,minimize,probability,0.436,0.327,-0.10899999999999999,0.10899999999999999,true,775983e5849db8ca94bb4635ef51a305bbb221f73051ad3d0bb7a3bd8759a46c
vegfa,51d2f60bbe30400f82720fa7ae9ed6023c0abea5d261596cf4d9a372d71e84f1,controlled_crossover,0ae0072cefa48dbb0dfdd742922e2ee623657df70f7044a0cff7f1c7cec04c1c,primary_parent,b83870d30979628ddbe5cad16c34f98486e1d4b954ceb8601b2805bebad7b4a2,maximum_hydrophobic_run,numeric,true,same_frozen_numeric_contract,minimize,residues,2.0,1.0,-1.0,1.0,true,68845ef604fcc771a924b5e18f0ade34a77f6ec748a4d21488f64d3b397e9516
vegfa,51d2f60bbe30400f82720fa7ae9ed6023c0abea5d261596cf4d9a372d71e84f1,controlled_crossover,0ae0072cefa48dbb0dfdd742922e2ee623657df70f7044a0cff7f1c7cec04c1c,primary_parent,b83870d30979628ddbe5cad16c34f98486e1d4b954ceb8601b2805bebad7b4a2,net_charge_ph7_4,numeric,false,audit_metric_has_no_monotonic_improvement_direction,audit,elementary_charge,6.154,6.153,-0.001000000000000334,,true,1df5bd30d689838554322435c2237784adaffe39c0e58ba9559a2e8fa18ea2eb
vegfa,51d2f60bbe30400f82720fa7ae9ed6023c0abea5d261596cf4d9a372d71e84f1,controlled_crossover,0ae0072cefa48dbb0dfdd742922e2ee623657df70f7044a0cff7f1c7cec04c1c,primary_parent,b83870d30979628ddbe5cad16c34f98486e1d4b954ceb8601b2805bebad7b4a2,toxinpred3_hybrid_score,numeric,true,same_frozen_numeric_contract,minimize,dimensionless,0.0,0.0,0.0,-0.0,false,9fa67918412c00291d76403709de395722700cf22edcfee01bb430284b7a100b
vegfa,51d2f60bbe30400f82720fa7ae9ed6023c0abea5d261596cf4d9a372d71e84f1,controlled_crossover,0ae0072cefa48dbb0dfdd742922e2ee623657df70f7044a0cff7f1c7cec04c1c,primary_parent,b83870d30979628ddbe5cad16c34f98486e1d4b954ceb8601b2805bebad7b4a2,toxinpred3_label,categorical,true,same_frozen_label_contract,audit,label,Non-Toxin,Non-Toxin,,,false,a9e73e7f4c40d1b11d93ec8c71222c9e8f2bdcf91b9ff621f11e9d52bc374504
vegfa,51d2f60bbe30400f82720fa7ae9ed6023c0abea5d261596cf4d9a372d71e84f1,controlled_crossover,0ae0072cefa48dbb0dfdd742922e2ee623657df70f7044a0cff7f1c7cec04c1c,donor_parent,dc6b9e097fdbb1cebc638561775ba07debfd2bcbae4b1e7dbb9a3812c90d1dda,amp_read_log10_mic_um,numeric,true,same_frozen_numeric_contract,minimize,log10(uM),1.4326805721868476,1.4719635304844858,0.03928295829763817,-0.03928295829763817,true,c1e4c6d827f8728d3dd5cd2b33f84649492060bedba9600d8b6dbaf445702a9c
vegfa,51d2f60bbe30400f82720fa7ae9ed6023c0abea5d261596cf4d9a372d71e84f1,controlled_crossover,0ae0072cefa48dbb0dfdd742922e2ee623657df70f7044a0cff7f1c7cec04c1c,donor_parent,dc6b9e097fdbb1cebc638561775ba07debfd2bcbae4b1e7dbb9a3812c90d1dda,guruprasad_instability_index,numeric,true,same_frozen_numeric_contract,minimize,index,8.988461538461536,-7.208696,-16.197157538461536,16.197157538461536,true,778c880199b38f669f1b9751180cffaf3d8d87e71ea47cd6edba2f8f645f03a9
vegfa,51d2f60bbe30400f82720fa7ae9ed6023c0abea5d261596cf4d9a372d71e84f1,controlled_crossover,0ae0072cefa48dbb0dfdd742922e2ee623657df70f7044a0cff7f1c7cec04c1c,donor_parent,dc6b9e097fdbb1cebc638561775ba07debfd2bcbae4b1e7dbb9a3812c90d1dda,hydrophobic_moment_eisenberg,numeric,false,audit_metric_has_no_monotonic_improvement_direction,audit,dimensionless,0.05669057760399849,0.05116868906125068,-0.005521888542747808,,true,8782357d47c0070c42124fd7a9068924bbe5afd2a9d71fb722daffb04b6ae93e
vegfa,51d2f60bbe30400f82720fa7ae9ed6023c0abea5d261596cf4d9a372d71e84f1,controlled_crossover,0ae0072cefa48dbb0dfdd742922e2ee623657df70f7044a0cff7f1c7cec04c1c,donor_parent,dc6b9e097fdbb1cebc638561775ba07debfd2bcbae4b1e7dbb9a3812c90d1dda,hydrophobic_ratio_modlamp,numeric,false,audit_metric_has_no_monotonic_improvement_direction,audit,fraction,0.07692307692307693,0.08695652173913043,0.010033444816053505,,true,a6f3137171282a7ba2e80ae883704000d90bf985a45253d3438e03008eca6929
vegfa,51d2f60bbe30400f82720fa7ae9ed6023c0abea5d261596cf4d9a372d71e84f1,controlled_crossover,0ae0072cefa48dbb0dfdd742922e2ee623657df70f7044a0cff7f1c7cec04c1c,donor_parent,dc6b9e097fdbb1cebc638561775ba07debfd2bcbae4b1e7dbb9a3812c90d1dda,llamp_log10_mic_um,numeric,true,same_frozen_numeric_contract,minimize,log10(uM),0.7191438674926758,1.71220064163208,0.9930567741394043,-0.9930567741394043,true,8adf6fc14e15c338caad866f577dd22d4b15b243d049d2b14be5c67198f35aeb
vegfa,51d2f60bbe30400f82720fa7ae9ed6023c0abea5d261596cf4d9a372d71e84f1,controlled_crossover,0ae0072cefa48dbb0dfdd742922e2ee623657df70f7044a0cff7f1c7cec04c1c,donor_parent,dc6b9e097fdbb1cebc638561775ba07debfd2bcbae4b1e7dbb9a3812c90d1dda,macrel_amp_probability,numeric,true,same_frozen_numeric_contract,maximize,probability,0.535,0.287,-0.24800000000000005,-0.24800000000000005,true,d6316e54bc2df186284545d993c386e954f550bc11ff42155613d44984aec289
vegfa,51d2f60bbe30400f82720fa7ae9ed6023c0abea5d261596cf4d9a372d71e84f1,controlled_crossover,0ae0072cefa48dbb0dfdd742922e2ee623657df70f7044a0cff7f1c7cec04c1c,donor_parent,dc6b9e097fdbb1cebc638561775ba07debfd2bcbae4b1e7dbb9a3812c90d1dda,macrel_hemolysis_label,categorical,true,same_frozen_label_contract,audit,label,low,low,,,false,fa8d29191ba0cdda424e67e762a43f9b3251372fb5626d89255eb3eac8a23f41
vegfa,51d2f60bbe30400f82720fa7ae9ed6023c0abea5d261596cf4d9a372d71e84f1,controlled_crossover,0ae0072cefa48dbb0dfdd742922e2ee623657df70f7044a0cff7f1c7cec04c1c,donor_parent,dc6b9e097fdbb1cebc638561775ba07debfd2bcbae4b1e7dbb9a3812c90d1dda,macrel_hemolysis_probability,numeric,true,same_frozen_numeric_contract,minimize,probability,0.386,0.327,-0.059,0.059,true,f6c63729b00154896c2ba9d10dc9740fe06681481e16f3b957efd86c01052117
vegfa,51d2f60bbe30400f82720fa7ae9ed6023c0abea5d261596cf4d9a372d71e84f1,controlled_crossover,0ae0072cefa48dbb0dfdd742922e2ee623657df70f7044a0cff7f1c7cec04c1c,donor_parent,dc6b9e097fdbb1cebc638561775ba07debfd2bcbae4b1e7dbb9a3812c90d1dda,maximum_hydrophobic_run,numeric,true,same_frozen_numeric_contract,minimize,residues,2.0,1.0,-1.0,1.0,true,2434da654ba14a348896f652300856fa9d16a3bf829ff62712fcc669dd3813e4
vegfa,51d2f60bbe30400f82720fa7ae9ed6023c0abea5d261596cf4d9a372d71e84f1,controlled_crossover,0ae0072cefa48dbb0dfdd742922e2ee623657df70f7044a0cff7f1c7cec04c1c,donor_parent,dc6b9e097fdbb1cebc638561775ba07debfd2bcbae4b1e7dbb9a3812c90d1dda,net_charge_ph7_4,numeric,false,audit_metric_has_no_monotonic_improvement_direction,audit,elementary_charge,9.152,6.153,-2.9989999999999997,,true,c34a438e7967328689b0a80465f944b6a22165fe6d084d333d43cef6884b627b
vegfa,51d2f60bbe30400f82720fa7ae9ed6023c0abea5d261596cf4d9a372d71e84f1,controlled_crossover,0ae0072cefa48dbb0dfdd742922e2ee623657df70f7044a0cff7f1c7cec04c1c,donor_parent,dc6b9e097fdbb1cebc638561775ba07debfd2bcbae4b1e7dbb9a3812c90d1dda,toxinpred3_hybrid_score,numeric,true,same_frozen_numeric_contract,minimize,dimensionless,0.015,0.0,-0.015,0.015,true,33ed012eaf3434db714d287eb4ad6c8df12ea7b1d971ff65422cdac7481da587
vegfa,51d2f60bbe30400f82720fa7ae9ed6023c0abea5d261596cf4d9a372d71e84f1,controlled_crossover,0ae0072cefa48dbb0dfdd742922e2ee623657df70f7044a0cff7f1c7cec04c1c,donor_parent,dc6b9e097fdbb1cebc638561775ba07debfd2bcbae4b1e7dbb9a3812c90d1dda,toxinpred3_label,categorical,true,same_frozen_label_contract,audit,label,Non-Toxin,Non-Toxin,,,false,275e4227f6729b9fc07370c0ac45a556016635e5a627d9cd9ed40bb0e5d74ec1
vegfa,d1648a798a9188d65a127e9618c159832ce79b90f312f7b90645ded0ee7be451,de_novo,5f8f315e2cde7b4bb378dff345b8138d97f2b59ba5b5aea8329b39aac8ec2fc5,none,,amp_read_log10_mic_um,numeric,false,de_novo_has_no_biological_parent,,,,1.2763875445878636,,,,36cf95e2eefccab27ac054c4e682aa2bcf08fa208940a61d6fa11ae1aa7000d0
vegfa,d1648a798a9188d65a127e9618c159832ce79b90f312f7b90645ded0ee7be451,de_novo,5f8f315e2cde7b4bb378dff345b8138d97f2b59ba5b5aea8329b39aac8ec2fc5,none,,guruprasad_instability_index,numeric,false,de_novo_has_no_biological_parent,,,,48.220000,,,,3d8ba7890a8da87f17fb4438660bbaab25b147ee2f846b40d969fc9f250fcc69
vegfa,d1648a798a9188d65a127e9618c159832ce79b90f312f7b90645ded0ee7be451,de_novo,5f8f315e2cde7b4bb378dff345b8138d97f2b59ba5b5aea8329b39aac8ec2fc5,none,,hydrophobic_moment_eisenberg,numeric,false,de_novo_has_no_biological_parent,,,,0.30265209228482975,,,,8371ebad7fe2e2c73da19b561dc877160fd5d12e9c043914151c29ee2550c53f
vegfa,d1648a798a9188d65a127e9618c159832ce79b90f312f7b90645ded0ee7be451,de_novo,5f8f315e2cde7b4bb378dff345b8138d97f2b59ba5b5aea8329b39aac8ec2fc5,none,,hydrophobic_ratio_modlamp,numeric,false,de_novo_has_no_biological_parent,,,,0.12,,,,8d9a6e377c9ec85c42d3c3e20ce59275659018ab5bbdcbd05929eafbafab2e16
vegfa,d1648a798a9188d65a127e9618c159832ce79b90f312f7b90645ded0ee7be451,de_novo,5f8f315e2cde7b4bb378dff345b8138d97f2b59ba5b5aea8329b39aac8ec2fc5,none,,llamp_log10_mic_um,numeric,false,de_novo_has_no_biological_parent,,,,1.2079660892486572,,,,5569b7074163907526f3e9086b4234ed84ff7e58a4a00061deff9f18ee345840
vegfa,d1648a798a9188d65a127e9618c159832ce79b90f312f7b90645ded0ee7be451,de_novo,5f8f315e2cde7b4bb378dff345b8138d97f2b59ba5b5aea8329b39aac8ec2fc5,none,,macrel_amp_probability,numeric,false,de_novo_has_no_biological_parent,,,,0.188,,,,6ac368d8eea3307a2a0a2393fcfe4f7906b5e1486ad7eaf7df80c4f98bd773d6
vegfa,d1648a798a9188d65a127e9618c159832ce79b90f312f7b90645ded0ee7be451,de_novo,5f8f315e2cde7b4bb378dff345b8138d97f2b59ba5b5aea8329b39aac8ec2fc5,none,,macrel_hemolysis_label,categorical,false,de_novo_has_no_biological_parent,,,,high,,,,f65079537394e30d7255a3039d3605d2d080c8b7d2c58424789ac6285555958c
vegfa,d1648a798a9188d65a127e9618c159832ce79b90f312f7b90645ded0ee7be451,de_novo,5f8f315e2cde7b4bb378dff345b8138d97f2b59ba5b5aea8329b39aac8ec2fc5,none,,macrel_hemolysis_probability,numeric,false,de_novo_has_no_biological_parent,,,,0.653,,,,545463e9119f887ad7e5293bdcf6771f697ac346a007a20a26c9677def07cf3a
vegfa,d1648a798a9188d65a127e9618c159832ce79b90f312f7b90645ded0ee7be451,de_novo,5f8f315e2cde7b4bb378dff345b8138d97f2b59ba5b5aea8329b39aac8ec2fc5,none,,maximum_hydrophobic_run,numeric,false,de_novo_has_no_biological_parent,,,,1,,,,548ee18863c1ed883b9cd6363187965f57f42334c91aaa26e7086a60fd909f1a
vegfa,d1648a798a9188d65a127e9618c159832ce79b90f312f7b90645ded0ee7be451,de_novo,5f8f315e2cde7b4bb378dff345b8138d97f2b59ba5b5aea8329b39aac8ec2fc5,none,,net_charge_ph7_4,numeric,false,de_novo_has_no_biological_parent,,,,13.068,,,,f78eb1f25f8631bbdeead7ba07f340cdd6d3f02a94b14222bbd0d53ebc0e66ab
vegfa,d1648a798a9188d65a127e9618c159832ce79b90f312f7b90645ded0ee7be451,de_novo,5f8f315e2cde7b4bb378dff345b8138d97f2b59ba5b5aea8329b39aac8ec2fc5,none,,toxinpred3_hybrid_score,numeric,false,de_novo_has_no_biological_parent,,,,0.365,,,,920cf3564f80db277ce0864f80cfca1521f3d9542c30317ac53c81fa452d0c6c
vegfa,d1648a798a9188d65a127e9618c159832ce79b90f312f7b90645ded0ee7be451,de_novo,5f8f315e2cde7b4bb378dff345b8138d97f2b59ba5b5aea8329b39aac8ec2fc5,none,,toxinpred3_label,categorical,false,de_novo_has_no_biological_parent,,,,Non-Toxin,,,,4d07eb57f745e21b1ecf5b38a9813a67c0a59706225d4cd09707432c856264bf
vegfa,828bca3ab9326084e1a598f320109e2ced43fa6dc40791fbf469fe602efe46fc,de_novo,70fd7e555428fd8b5ff06cf15001465c30d71b8a9a844585c876ccc89b2f4023,none,,amp_read_log10_mic_um,numeric,false,de_novo_has_no_biological_parent,,,,1.630682825802798,,,,69e31e893d4b9841b06ee20fa56eb970c510e54f8ebff1c1affc0d18a6fb5267
vegfa,828bca3ab9326084e1a598f320109e2ced43fa6dc40791fbf469fe602efe46fc,de_novo,70fd7e555428fd8b5ff06cf15001465c30d71b8a9a844585c876ccc89b2f4023,none,,guruprasad_instability_index,numeric,false,de_novo_has_no_biological_parent,,,,48.848000,,,,6826cbf7fe82bf915db701a90a9d8ac0b7061d0e6145acf72d7b48e783c871a4
vegfa,828bca3ab9326084e1a598f320109e2ced43fa6dc40791fbf469fe602efe46fc,de_novo,70fd7e555428fd8b5ff06cf15001465c30d71b8a9a844585c876ccc89b2f4023,none,,hydrophobic_moment_eisenberg,numeric,false,de_novo_has_no_biological_parent,,,,0.4845054114353499,,,,19b46ee1d518057aa4e7a0c38c440b7712313437854dc0b04a57fd427705ce09
vegfa,828bca3ab9326084e1a598f320109e2ced43fa6dc40791fbf469fe602efe46fc,de_novo,70fd7e555428fd8b5ff06cf15001465c30d71b8a9a844585c876ccc89b2f4023,none,,hydrophobic_ratio_modlamp,numeric,false,de_novo_has_no_biological_parent,,,,0.2,,,,cf86738b7dad51320da6fdebb72441fc16de3920dd57144afdaaf1f5bef5fe71
vegfa,828bca3ab9326084e1a598f320109e2ced43fa6dc40791fbf469fe602efe46fc,de_novo,70fd7e555428fd8b5ff06cf15001465c30d71b8a9a844585c876ccc89b2f4023,none,,llamp_log10_mic_um,numeric,false,de_novo_has_no_biological_parent,,,,0.8207204341888428,,,,a5468a90bca55467e950bfd4d57e13e77024e7960c1a5c4de2118b9e6367de40
vegfa,828bca3ab9326084e1a598f320109e2ced43fa6dc40791fbf469fe602efe46fc,de_novo,70fd7e555428fd8b5ff06cf15001465c30d71b8a9a844585c876ccc89b2f4023,none,,macrel_amp_probability,numeric,false,de_novo_has_no_biological_parent,,,,0.257,,,,83b8aad905fc037c6b265098ff1a9d111b5dc13f7a3200d92c81a013f5f5b65c
vegfa,828bca3ab9326084e1a598f320109e2ced43fa6dc40791fbf469fe602efe46fc,de_novo,70fd7e555428fd8b5ff06cf15001465c30d71b8a9a844585c876ccc89b2f4023,none,,macrel_hemolysis_label,categorical,false,de_novo_has_no_biological_parent,,,,low,,,,c8cf443462f90e656646904c28891f9a767612891630667c2706565fc209f036
vegfa,828bca3ab9326084e1a598f320109e2ced43fa6dc40791fbf469fe602efe46fc,de_novo,70fd7e555428fd8b5ff06cf15001465c30d71b8a9a844585c876ccc89b2f4023,none,,macrel_hemolysis_probability,numeric,false,de_novo_has_no_biological_parent,,,,0.386,,,,4a8b78549da342e04443a3e6588be2765df85f1281a7d13b6aa4cb389761fb90
vegfa,828bca3ab9326084e1a598f320109e2ced43fa6dc40791fbf469fe602efe46fc,de_novo,70fd7e555428fd8b5ff06cf15001465c30d71b8a9a844585c876ccc89b2f4023,none,,maximum_hydrophobic_run,numeric,false,de_novo_has_no_biological_parent,,,,2,,,,2c45fcbcd4d7114f620fd0a5c0f4c653da3d0854c44949fd76cfa48edf251743
vegfa,828bca3ab9326084e1a598f320109e2ced43fa6dc40791fbf469fe602efe46fc,de_novo,70fd7e555428fd8b5ff06cf15001465c30d71b8a9a844585c876ccc89b2f4023,none,,net_charge_ph7_4,numeric,false,de_novo_has_no_biological_parent,,,,7.071,,,,7bf9fe4406628b304eb2ddeccb9416dc2a434bd68ef11aeff20975104f2dcb3b
vegfa,828bca3ab9326084e1a598f320109e2ced43fa6dc40791fbf469fe602efe46fc,de_novo,70fd7e555428fd8b5ff06cf15001465c30d71b8a9a844585c876ccc89b2f4023,none,,toxinpred3_hybrid_score,numeric,false,de_novo_has_no_biological_parent,,,,0.455,,,,12429eb95d9262168519eb58a3a72115289ff5195e6df942b411450657cf0ac7
vegfa,828bca3ab9326084e1a598f320109e2ced43fa6dc40791fbf469fe602efe46fc,de_novo,70fd7e555428fd8b5ff06cf15001465c30d71b8a9a844585c876ccc89b2f4023,none,,toxinpred3_label,categorical,false,de_novo_has_no_biological_parent,,,,Toxin,,,,7300d47e3efb4e6f38f8de526f18c71d0884af10a124a54ba2ee888f7da05323
vegfa,9715fb7c595e50735c273bba6dfe5c2cea3cfd0ab640b010bfddca493ace774b,masked_substitution,48983df2c9724ca00fbb1babd0026b611f5e4a55a86b20a72d820518acebaff4,primary_parent,02e6e8a9041d1f5e02ded66ace7f1bf8353933cb460554f7d6d4f7827ee851e3,amp_read_log10_mic_um,numeric,true,same_frozen_numeric_contract,minimize,log10(uM),0.8502392420270765,1.0087140195940716,0.15847477756699513,-0.15847477756699513,true,7123c9e8fa66a1d39356d98a739ab9141abf8692909e46357a5ef1d5ab74f6ba
vegfa,9715fb7c595e50735c273bba6dfe5c2cea3cfd0ab640b010bfddca493ace774b,masked_substitution,48983df2c9724ca00fbb1babd0026b611f5e4a55a86b20a72d820518acebaff4,primary_parent,02e6e8a9041d1f5e02ded66ace7f1bf8353933cb460554f7d6d4f7827ee851e3,guruprasad_instability_index,numeric,true,same_frozen_numeric_contract,minimize,index,-9.308695652173913,12.534783,21.843478652173914,-21.843478652173914,true,180caff18ab515acba8a390f6c3e6ec46f41b1ffc8fb5d76fdbc71affa4d9cf1
vegfa,9715fb7c595e50735c273bba6dfe5c2cea3cfd0ab640b010bfddca493ace774b,masked_substitution,48983df2c9724ca00fbb1babd0026b611f5e4a55a86b20a72d820518acebaff4,primary_parent,02e6e8a9041d1f5e02ded66ace7f1bf8353933cb460554f7d6d4f7827ee851e3,hydrophobic_moment_eisenberg,numeric,false,audit_metric_has_no_monotonic_improvement_direction,audit,dimensionless,0.14056582796750103,0.1270562687818025,-0.013509559185698516,,true,c5dc5338dff3ae0d9c79f884bf6c8520f682348c0ff1a88a4640a7c074040349
vegfa,9715fb7c595e50735c273bba6dfe5c2cea3cfd0ab640b010bfddca493ace774b,masked_substitution,48983df2c9724ca00fbb1babd0026b611f5e4a55a86b20a72d820518acebaff4,primary_parent,02e6e8a9041d1f5e02ded66ace7f1bf8353933cb460554f7d6d4f7827ee851e3,hydrophobic_ratio_modlamp,numeric,false,audit_metric_has_no_monotonic_improvement_direction,audit,fraction,0.2608695652173913,0.21739130434782608,-0.043478260869565216,,true,5e78c0326d6de64e4999cec8f8b352381297fb07c036700406e37a9f19fc3a70
vegfa,9715fb7c595e50735c273bba6dfe5c2cea3cfd0ab640b010bfddca493ace774b,masked_substitution,48983df2c9724ca00fbb1babd0026b611f5e4a55a86b20a72d820518acebaff4,primary_parent,02e6e8a9041d1f5e02ded66ace7f1bf8353933cb460554f7d6d4f7827ee851e3,llamp_log10_mic_um,numeric,true,same_frozen_numeric_contract,minimize,log10(uM),1.3610467910766602,1.5966694355010986,0.23562264442443848,-0.23562264442443848,true,3a6c807c69c83a0a438aa244391e5bb825a8606f9226b0376715c32aff8d8029
vegfa,9715fb7c595e50735c273bba6dfe5c2cea3cfd0ab640b010bfddca493ace774b,masked_substitution,48983df2c9724ca00fbb1babd0026b611f5e4a55a86b20a72d820518acebaff4,primary_parent,02e6e8a9041d1f5e02ded66ace7f1bf8353933cb460554f7d6d4f7827ee851e3,macrel_amp_probability,numeric,true,same_frozen_numeric_contract,maximize,probability,0.584,0.327,-0.25699999999999995,-0.25699999999999995,true,da24283f932ee774cc92878084e08af19121bd99f3de1a16e4c350bcc3b813bd
vegfa,9715fb7c595e50735c273bba6dfe5c2cea3cfd0ab640b010bfddca493ace774b,masked_substitution,48983df2c9724ca00fbb1babd0026b611f5e4a55a86b20a72d820518acebaff4,primary_parent,02e6e8a9041d1f5e02ded66ace7f1bf8353933cb460554f7d6d4f7827ee851e3,macrel_hemolysis_label,categorical,true,same_frozen_label_contract,audit,label,low,low,,,false,9ee33c007711467679428798b7109da225808f2770a7cd58cbadccf5c2e51b0a
vegfa,9715fb7c595e50735c273bba6dfe5c2cea3cfd0ab640b010bfddca493ace774b,masked_substitution,48983df2c9724ca00fbb1babd0026b611f5e4a55a86b20a72d820518acebaff4,primary_parent,02e6e8a9041d1f5e02ded66ace7f1bf8353933cb460554f7d6d4f7827ee851e3,macrel_hemolysis_probability,numeric,true,same_frozen_numeric_contract,minimize,probability,0.465,0.386,-0.07900000000000001,0.07900000000000001,true,6b4417b423ea218a01d9e0bd52f15a2d7742e5fecb7e44bf15dd4c4e032376c0
vegfa,9715fb7c595e50735c273bba6dfe5c2cea3cfd0ab640b010bfddca493ace774b,masked_substitution,48983df2c9724ca00fbb1babd0026b611f5e4a55a86b20a72d820518acebaff4,primary_parent,02e6e8a9041d1f5e02ded66ace7f1bf8353933cb460554f7d6d4f7827ee851e3,maximum_hydrophobic_run,numeric,true,same_frozen_numeric_contract,minimize,residues,2.0,2.0,0.0,-0.0,false,218fb5056775d18b70b7321a2d7b57d18b9ff2e9b22b2b36af892dae67eb1af7
vegfa,9715fb7c595e50735c273bba6dfe5c2cea3cfd0ab640b010bfddca493ace774b,masked_substitution,48983df2c9724ca00fbb1babd0026b611f5e4a55a86b20a72d820518acebaff4,primary_parent,02e6e8a9041d1f5e02ded66ace7f1bf8353933cb460554f7d6d4f7827ee851e3,net_charge_ph7_4,numeric,false,audit_metric_has_no_monotonic_improvement_direction,audit,elementary_charge,6.112,6.112,0.0,,false,038234557c71aec0848188933c292bc971908049cee8b7f4a4b949a8d562873a
vegfa,9715fb7c595e50735c273bba6dfe5c2cea3cfd0ab640b010bfddca493ace774b,masked_substitution,48983df2c9724ca00fbb1babd0026b611f5e4a55a86b20a72d820518acebaff4,primary_parent,02e6e8a9041d1f5e02ded66ace7f1bf8353933cb460554f7d6d4f7827ee851e3,toxinpred3_hybrid_score,numeric,true,same_frozen_numeric_contract,minimize,dimensionless,0.0,0.0,0.0,-0.0,false,a7ed49ea0ee07e13b15077cb673c24e1299ced4b03ddcbeef43f1204530c48bd
vegfa,9715fb7c595e50735c273bba6dfe5c2cea3cfd0ab640b010bfddca493ace774b,masked_substitution,48983df2c9724ca00fbb1babd0026b611f5e4a55a86b20a72d820518acebaff4,primary_parent,02e6e8a9041d1f5e02ded66ace7f1bf8353933cb460554f7d6d4f7827ee851e3,toxinpred3_label,categorical,true,same_frozen_label_contract,audit,label,Non-Toxin,Non-Toxin,,,false,135d59a9d637830f3d71e998e6108e704f333baf0524ba2d6de32bfe95dd978c
vegfa,13c3bd1ab20ff1179b8e9178c1e0fbba2e1293dfee36e57402f40cd54bf94e75,controlled_crossover,4fbbfdc26e8ab974a4c1131d00473a2e1957d7da72e2b98866e5e6f343951dcf,primary_parent,f7c6d599d30a925ad4dfea9c420d3957952298b8d7b61539bdcb207de3ac770e,amp_read_log10_mic_um,numeric,true,same_frozen_numeric_contract,minimize,log10(uM),1.104533493873778,1.504286160576247,0.3997526667024689,-0.3997526667024689,true,15b429bbdb6b1f83fd530da8e6512b1a21fa15a7a20597cc543e1dec8cc60927
vegfa,13c3bd1ab20ff1179b8e9178c1e0fbba2e1293dfee36e57402f40cd54bf94e75,controlled_crossover,4fbbfdc26e8ab974a4c1131d00473a2e1957d7da72e2b98866e5e6f343951dcf,primary_parent,f7c6d599d30a925ad4dfea9c420d3957952298b8d7b61539bdcb207de3ac770e,guruprasad_instability_index,numeric,true,same_frozen_numeric_contract,minimize,index,-14.673913043478263,-3.126087,11.547826043478263,-11.547826043478263,true,74c4979392054139e64f562a985872035d6acb21ba124938fd74fb28f07dc21e
vegfa,13c3bd1ab20ff1179b8e9178c1e0fbba2e1293dfee36e57402f40cd54bf94e75,controlled_crossover,4fbbfdc26e8ab974a4c1131d00473a2e1957d7da72e2b98866e5e6f343951dcf,primary_parent,f7c6d599d30a925ad4dfea9c420d3957952298b8d7b61539bdcb207de3ac770e,hydrophobic_moment_eisenberg,numeric,false,audit_metric_has_no_monotonic_improvement_direction,audit,dimensionless,0.2627671665964588,0.14982784814613084,-0.11293931845032798,,true,a9a1b28d020ada12a91e3cebbe4c2803e77b57f07d3da060fab22f023012ea28
vegfa,13c3bd1ab20ff1179b8e9178c1e0fbba2e1293dfee36e57402f40cd54bf94e75,controlled_crossover,4fbbfdc26e8ab974a4c1131d00473a2e1957d7da72e2b98866e5e6f343951dcf,primary_parent,f7c6d599d30a925ad4dfea9c420d3957952298b8d7b61539bdcb207de3ac770e,hydrophobic_ratio_modlamp,numeric,false,audit_metric_has_no_monotonic_improvement_direction,audit,fraction,0.21739130434782608,0.08695652173913043,-0.13043478260869565,,true,8a95fdd3ca6b64d232f49c6c26abac2d12b712fbd4992299c0ec702d80e17227
vegfa,13c3bd1ab20ff1179b8e9178c1e0fbba2e1293dfee36e57402f40cd54bf94e75,controlled_crossover,4fbbfdc26e8ab974a4c1131d00473a2e1957d7da72e2b98866e5e6f343951dcf,primary_parent,f7c6d599d30a925ad4dfea9c420d3957952298b8d7b61539bdcb207de3ac770e,llamp_log10_mic_um,numeric,true,same_frozen_numeric_contract,minimize,log10(uM),1.016178011894226,1.3019577264785767,0.2857797145843506,-0.2857797145843506,true,783c555298f27fcc17c341a923bd52e55e1183822c970fbafed8c2626ea2f6d1
vegfa,13c3bd1ab20ff1179b8e9178c1e0fbba2e1293dfee36e57402f40cd54bf94e75,controlled_crossover,4fbbfdc26e8ab974a4c1131d00473a2e1957d7da72e2b98866e5e6f343951dcf,primary_parent,f7c6d599d30a925ad4dfea9c420d3957952298b8d7b61539bdcb207de3ac770e,macrel_amp_probability,numeric,true,same_frozen_numeric_contract,maximize,probability,0.521,0.396,-0.125,-0.125,true,f9917eb4c60bae3058e0f196123e1a612259fd666fc0f23ff3817f60d6853c09
vegfa,13c3bd1ab20ff1179b8e9178c1e0fbba2e1293dfee36e57402f40cd54bf94e75,controlled_crossover,4fbbfdc26e8ab974a4c1131d00473a2e1957d7da72e2b98866e5e6f343951dcf,primary_parent,f7c6d599d30a925ad4dfea9c420d3957952298b8d7b61539bdcb207de3ac770e,macrel_hemolysis_label,categorical,true,same_frozen_label_contract,audit,label,low,low,,,false,aca4cf66b3a374c7d9be5499e97ae2cde2c44dba05ce2e601582fd87290c2f5c
vegfa,13c3bd1ab20ff1179b8e9178c1e0fbba2e1293dfee36e57402f40cd54bf94e75,controlled_crossover,4fbbfdc26e8ab974a4c1131d00473a2e1957d7da72e2b98866e5e6f343951dcf,primary_parent,f7c6d599d30a925ad4dfea9c420d3957952298b8d7b61539bdcb207de3ac770e,macrel_hemolysis_probability,numeric,true,same_frozen_numeric_contract,minimize,probability,0.465,0.465,0.0,-0.0,false,ae9c61c971e3ac78a9d0934ae0248b1b6859bf6062971d033a67b53e08f9095d
vegfa,13c3bd1ab20ff1179b8e9178c1e0fbba2e1293dfee36e57402f40cd54bf94e75,controlled_crossover,4fbbfdc26e8ab974a4c1131d00473a2e1957d7da72e2b98866e5e6f343951dcf,primary_parent,f7c6d599d30a925ad4dfea9c420d3957952298b8d7b61539bdcb207de3ac770e,maximum_hydrophobic_run,numeric,true,same_frozen_numeric_contract,minimize,residues,2.0,1.0,-1.0,1.0,true,547e31bde81cf004436e7f9fee582973f00b1a77336400328b9d8cf07ff0b272
vegfa,13c3bd1ab20ff1179b8e9178c1e0fbba2e1293dfee36e57402f40cd54bf94e75,controlled_crossover,4fbbfdc26e8ab974a4c1131d00473a2e1957d7da72e2b98866e5e6f343951dcf,primary_parent,f7c6d599d30a925ad4dfea9c420d3957952298b8d7b61539bdcb207de3ac770e,net_charge_ph7_4,numeric,false,audit_metric_has_no_monotonic_improvement_direction,audit,elementary_charge,7.112,8.153,1.0410000000000004,,true,6ce67929daa72fd520424177fa5f960e2ef4d3b6660d160ac785b3f887b6cf80
vegfa,13c3bd1ab20ff1179b8e9178c1e0fbba2e1293dfee36e57402f40cd54bf94e75,controlled_crossover,4fbbfdc26e8ab974a4c1131d00473a2e1957d7da72e2b98866e5e6f343951dcf,primary_parent,f7c6d599d30a925ad4dfea9c420d3957952298b8d7b61539bdcb207de3ac770e,toxinpred3_hybrid_score,numeric,true,same_frozen_numeric_contract,minimize,dimensionless,0.0,0.36,0.36,-0.36,true,8820e94af42892f684b7b4d3a0ac1330d66d83d66a275a7f56039e6b99dcb9c4
vegfa,13c3bd1ab20ff1179b8e9178c1e0fbba2e1293dfee36e57402f40cd54bf94e75,controlled_crossover,4fbbfdc26e8ab974a4c1131d00473a2e1957d7da72e2b98866e5e6f343951dcf,primary_parent,f7c6d599d30a925ad4dfea9c420d3957952298b8d7b61539bdcb207de3ac770e,toxinpred3_label,categorical,true,same_frozen_label_contract,audit,label,Non-Toxin,Non-Toxin,,,false,e9d8b8c24dfcc4a5dbd04f1fa7847be05626feadfb1e5d2bbda9309545f562c4
vegfa,13c3bd1ab20ff1179b8e9178c1e0fbba2e1293dfee36e57402f40cd54bf94e75,controlled_crossover,4fbbfdc26e8ab974a4c1131d00473a2e1957d7da72e2b98866e5e6f343951dcf,donor_parent,f2e1e308912a377c8c7aca6123a1a556c098497f97c20bd99bfe9ccd4c975377,amp_read_log10_mic_um,numeric,true,same_frozen_numeric_contract,minimize,log10(uM),1.0863599077352775,1.504286160576247,0.4179262528409695,-0.4179262528409695,true,65139996cec146c6f43a09cd54488f8a5b41fc80c7c69e03fe949c555e1f0fb7
vegfa,13c3bd1ab20ff1179b8e9178c1e0fbba2e1293dfee36e57402f40cd54bf94e75,controlled_crossover,4fbbfdc26e8ab974a4c1131d00473a2e1957d7da72e2b98866e5e6f343951dcf,donor_parent,f2e1e308912a377c8c7aca6123a1a556c098497f97c20bd99bfe9ccd4c975377,guruprasad_instability_index,numeric,true,same_frozen_numeric_contract,minimize,index,14.769230769230766,-3.126087,-17.895317769230765,17.895317769230765,true,eceb1d1a1b3ac4043d7f4d6be0f70695f300b03e68c3b319ddc0946e53958816
vegfa,13c3bd1ab20ff1179b8e9178c1e0fbba2e1293dfee36e57402f40cd54bf94e75,controlled_crossover,4fbbfdc26e8ab974a4c1131d00473a2e1957d7da72e2b98866e5e6f343951dcf,donor_parent,f2e1e308912a377c8c7aca6123a1a556c098497f97c20bd99bfe9ccd4c975377,hydrophobic_moment_eisenberg,numeric,false,audit_metric_has_no_monotonic_improvement_direction,audit,dimensionless,0.10563857941862062,0.14982784814613084,0.04418926872751022,,true,141110c95fba29a76746baaf08a69a9c0b2b3e104134e4e8199b865a9d25a610
vegfa,13c3bd1ab20ff1179b8e9178c1e0fbba2e1293dfee36e57402f40cd54bf94e75,controlled_crossover,4fbbfdc26e8ab974a4c1131d00473a2e1957d7da72e2b98866e5e6f343951dcf,donor_parent,f2e1e308912a377c8c7aca6123a1a556c098497f97c20bd99bfe9ccd4c975377,hydrophobic_ratio_modlamp,numeric,false,audit_metric_has_no_monotonic_improvement_direction,audit,fraction,0.07692307692307693,0.08695652173913043,0.010033444816053505,,true,ec7886656ae807f8ebf59e3bc01ba4ece59844d54156d00b3f4768f4feeddaca
vegfa,13c3bd1ab20ff1179b8e9178c1e0fbba2e1293dfee36e57402f40cd54bf94e75,controlled_crossover,4fbbfdc26e8ab974a4c1131d00473a2e1957d7da72e2b98866e5e6f343951dcf,donor_parent,f2e1e308912a377c8c7aca6123a1a556c098497f97c20bd99bfe9ccd4c975377,llamp_log10_mic_um,numeric,true,same_frozen_numeric_contract,minimize,log10(uM),1.0173412561416626,1.3019577264785767,0.28461647033691406,-0.28461647033691406,true,6ef89235c77143b1d61e4b927e34f0f9f9b76751604ca9ac46f35083700b124e
vegfa,13c3bd1ab20ff1179b8e9178c1e0fbba2e1293dfee36e57402f40cd54bf94e75,controlled_crossover,4fbbfdc26e8ab974a4c1131d00473a2e1957d7da72e2b98866e5e6f343951dcf,donor_parent,f2e1e308912a377c8c7aca6123a1a556c098497f97c20bd99bfe9ccd4c975377,macrel_amp_probability,numeric,true,same_frozen_numeric_contract,maximize,probability,0.515,0.396,-0.119,-0.119,true,1ef62d4f6b7046579a76730a686c8008b53ac84e3c12103aeb1339092418cf8d
vegfa,13c3bd1ab20ff1179b8e9178c1e0fbba2e1293dfee36e57402f40cd54bf94e75,controlled_crossover,4fbbfdc26e8ab974a4c1131d00473a2e1957d7da72e2b98866e5e6f343951dcf,donor_parent,f2e1e308912a377c8c7aca6123a1a556c098497f97c20bd99bfe9ccd4c975377,macrel_hemolysis_label,categorical,true,same_frozen_label_contract,audit,label,low,low,,,false,dc330313216fb004ef9d99097cffa73472a14e20f7c3104aacda1e99d6585854
vegfa,13c3bd1ab20ff1179b8e9178c1e0fbba2e1293dfee36e57402f40cd54bf94e75,controlled_crossover,4fbbfdc26e8ab974a4c1131d00473a2e1957d7da72e2b98866e5e6f343951dcf,donor_parent,f2e1e308912a377c8c7aca6123a1a556c098497f97c20bd99bfe9ccd4c975377,macrel_hemolysis_probability,numeric,true,same_frozen_numeric_contract,minimize,probability,0.465,0.465,0.0,-0.0,false,597e89999d76d3fa9733f5c97b8bd829e775cecbd4fc45b5121873e48a974b41
vegfa,13c3bd1ab20ff1179b8e9178c1e0fbba2e1293dfee36e57402f40cd54bf94e75,controlled_crossover,4fbbfdc26e8ab974a4c1131d00473a2e1957d7da72e2b98866e5e6f343951dcf,donor_parent,f2e1e308912a377c8c7aca6123a1a556c098497f97c20bd99bfe9ccd4c975377,maximum_hydrophobic_run,numeric,true,same_frozen_numeric_contract,minimize,residues,2.0,1.0,-1.0,1.0,true,c32cc10ed8e841a1e6cd6375f06a6b25423073685a09301388456c9ce066ad0a
vegfa,13c3bd1ab20ff1179b8e9178c1e0fbba2e1293dfee36e57402f40cd54bf94e75,controlled_crossover,4fbbfdc26e8ab974a4c1131d00473a2e1957d7da72e2b98866e5e6f343951dcf,donor_parent,f2e1e308912a377c8c7aca6123a1a556c098497f97c20bd99bfe9ccd4c975377,net_charge_ph7_4,numeric,false,audit_metric_has_no_monotonic_improvement_direction,audit,elementary_charge,10.151,8.153,-1.9979999999999993,,true,7c4f3f962e896de9e2231fdcf21a45e6895e71e8fce1d482fa4f607086553d32
vegfa,13c3bd1ab20ff1179b8e9178c1e0fbba2e1293dfee36e57402f40cd54bf94e75,controlled_crossover,4fbbfdc26e8ab974a4c1131d00473a2e1957d7da72e2b98866e5e6f343951dcf,donor_parent,f2e1e308912a377c8c7aca6123a1a556c098497f97c20bd99bfe9ccd4c975377,toxinpred3_hybrid_score,numeric,true,same_frozen_numeric_contract,minimize,dimensionless,0.01,0.36,0.35,-0.35,true,847d75ada56ee18d6d4ea8bdff34e772c82dd2ba7b9964b144c3a70b889ef8ec
vegfa,13c3bd1ab20ff1179b8e9178c1e0fbba2e1293dfee36e57402f40cd54bf94e75,controlled_crossover,4fbbfdc26e8ab974a4c1131d00473a2e1957d7da72e2b98866e5e6f343951dcf,donor_parent,f2e1e308912a377c8c7aca6123a1a556c098497f97c20bd99bfe9ccd4c975377,toxinpred3_label,categorical,true,same_frozen_label_contract,audit,label,Non-Toxin,Non-Toxin,,,false,5bfed3fb350285308978360dc41191d2a87235620b524cfea6560c60ff3fa662
vegfa,a8c0e4ef864355dd88656efc2824b2be3c0ec34f0f41e88dc17b5e7547faeb44,de_novo,6bb75fdefe1d45027a508bac61e12d1429452928583779e75fe64aec2990a258,none,,amp_read_log10_mic_um,numeric,false,de_novo_has_no_biological_parent,,,,1.2533030469965565,,,,11d540688e248848808f8b5f1daa436e61741b416fe7bb8ec19b48fee5fb0bd0
vegfa,a8c0e4ef864355dd88656efc2824b2be3c0ec34f0f41e88dc17b5e7547faeb44,de_novo,6bb75fdefe1d45027a508bac61e12d1429452928583779e75fe64aec2990a258,none,,guruprasad_instability_index,numeric,false,de_novo_has_no_biological_parent,,,,-3.719048,,,,939058d96b68ebc2184e5cf5d023eaa508f3e7cdd826c6ab66c8488ac31a2068
vegfa,a8c0e4ef864355dd88656efc2824b2be3c0ec34f0f41e88dc17b5e7547faeb44,de_novo,6bb75fdefe1d45027a508bac61e12d1429452928583779e75fe64aec2990a258,none,,hydrophobic_moment_eisenberg,numeric,false,de_novo_has_no_biological_parent,,,,0.3324704906987683,,,,1c78d0620c82206ecc7ac628518d23a3e0464b7867acd4e3a21146405c495b83
vegfa,a8c0e4ef864355dd88656efc2824b2be3c0ec34f0f41e88dc17b5e7547faeb44,de_novo,6bb75fdefe1d45027a508bac61e12d1429452928583779e75fe64aec2990a258,none,,hydrophobic_ratio_modlamp,numeric,false,de_novo_has_no_biological_parent,,,,0.23809523809523808,,,,2d6c2014c7f35b9aebed34198943cd461a4091e0387c8557c5e52135091c193c
vegfa,a8c0e4ef864355dd88656efc2824b2be3c0ec34f0f41e88dc17b5e7547faeb44,de_novo,6bb75fdefe1d45027a508bac61e12d1429452928583779e75fe64aec2990a258,none,,llamp_log10_mic_um,numeric,false,de_novo_has_no_biological_parent,,,,1.605157732963562,,,,3e3beacbcd0623da846ef373c8f455413212763301c5cee1f33d57f8e205ad51
vegfa,a8c0e4ef864355dd88656efc2824b2be3c0ec34f0f41e88dc17b5e7547faeb44,de_novo,6bb75fdefe1d45027a508bac61e12d1429452928583779e75fe64aec2990a258,none,,macrel_amp_probability,numeric,false,de_novo_has_no_biological_parent,,,,0.287,,,,d940da1454ba39f50b386b73536adaea27a4096f80146d51146bd5ee0c1ae9ee
vegfa,a8c0e4ef864355dd88656efc2824b2be3c0ec34f0f41e88dc17b5e7547faeb44,de_novo,6bb75fdefe1d45027a508bac61e12d1429452928583779e75fe64aec2990a258,none,,macrel_hemolysis_label,categorical,false,de_novo_has_no_biological_parent,,,,low,,,,8b880c7e1cdbf82fea311fee8aea1b163f5ea7bf493a703c2ce1332ba0b12937
vegfa,a8c0e4ef864355dd88656efc2824b2be3c0ec34f0f41e88dc17b5e7547faeb44,de_novo,6bb75fdefe1d45027a508bac61e12d1429452928583779e75fe64aec2990a258,none,,macrel_hemolysis_probability,numeric,false,de_novo_has_no_biological_parent,,,,0.485,,,,5b6faef2f8adc557c95aac0934eed0f318037890181042b138395a3485d92395
vegfa,a8c0e4ef864355dd88656efc2824b2be3c0ec34f0f41e88dc17b5e7547faeb44,de_novo,6bb75fdefe1d45027a508bac61e12d1429452928583779e75fe64aec2990a258,none,,maximum_hydrophobic_run,numeric,false,de_novo_has_no_biological_parent,,,,1,,,,2eba228846a34f245efd8f8c92aa12df91435c67867be2eca876997bbfc33a13
vegfa,a8c0e4ef864355dd88656efc2824b2be3c0ec34f0f41e88dc17b5e7547faeb44,de_novo,6bb75fdefe1d45027a508bac61e12d1429452928583779e75fe64aec2990a258,none,,net_charge_ph7_4,numeric,false,de_novo_has_no_biological_parent,,,,9.983,,,,347087dbc99903ac9d5cbae60293b383f8c525f9514acdfbe39d8a3efc128691
vegfa,a8c0e4ef864355dd88656efc2824b2be3c0ec34f0f41e88dc17b5e7547faeb44,de_novo,6bb75fdefe1d45027a508bac61e12d1429452928583779e75fe64aec2990a258,none,,toxinpred3_hybrid_score,numeric,false,de_novo_has_no_biological_parent,,,,0.0,,,,cb202fcf67dfc21c742dfc47544000b40fdc90a518a69275be18fbda480ed3ee
vegfa,a8c0e4ef864355dd88656efc2824b2be3c0ec34f0f41e88dc17b5e7547faeb44,de_novo,6bb75fdefe1d45027a508bac61e12d1429452928583779e75fe64aec2990a258,none,,toxinpred3_label,categorical,false,de_novo_has_no_biological_parent,,,,Non-Toxin,,,,182fd65f0d53487a045f881cc5fa399a720bd53ae920a5e023fa24f372500ba5
vegfa,71ab662396c9d9ad7ab6d0ffbc6ea494d5458b1210b43bbcc3641b264a37a0a9,de_novo,2c8a5399b050fa25afeef55c7d103802f288cb8b7cc2a9c00b77b190bf182899,none,,amp_read_log10_mic_um,numeric,false,de_novo_has_no_biological_parent,,,,1.5358735006841648,,,,5d6a7624058a6f2161970cb8e7838a7343b70c64ed4585d4706951b445f300f4
vegfa,71ab662396c9d9ad7ab6d0ffbc6ea494d5458b1210b43bbcc3641b264a37a0a9,de_novo,2c8a5399b050fa25afeef55c7d103802f288cb8b7cc2a9c00b77b190bf182899,none,,guruprasad_instability_index,numeric,false,de_novo_has_no_biological_parent,,,,2.439130,,,,22a9111a80e22e9cb765977094aa869e5097aa455ad090e8633bbef8ea4e0f95
vegfa,71ab662396c9d9ad7ab6d0ffbc6ea494d5458b1210b43bbcc3641b264a37a0a9,de_novo,2c8a5399b050fa25afeef55c7d103802f288cb8b7cc2a9c00b77b190bf182899,none,,hydrophobic_moment_eisenberg,numeric,false,de_novo_has_no_biological_parent,,,,0.22545438557550784,,,,cd4ce393a50c62de7a2167301414ab20d1d542934e417fded22748cd13c1804d
vegfa,71ab662396c9d9ad7ab6d0ffbc6ea494d5458b1210b43bbcc3641b264a37a0a9,de_novo,2c8a5399b050fa25afeef55c7d103802f288cb8b7cc2a9c00b77b190bf182899,none,,hydrophobic_ratio_modlamp,numeric,false,de_novo_has_no_biological_parent,,,,0.13043478260869565,,,,2c8a83465c9919a31b8289ab904acabe72286a0c595ed0cb3ad8bc78c6603f10
vegfa,71ab662396c9d9ad7ab6d0ffbc6ea494d5458b1210b43bbcc3641b264a37a0a9,de_novo,2c8a5399b050fa25afeef55c7d103802f288cb8b7cc2a9c00b77b190bf182899,none,,llamp_log10_mic_um,numeric,false,de_novo_has_no_biological_parent,,,,1.3785693645477295,,,,86d0e33873edfac9c6dc8078b4a8ddadfcf3fe28f30907ff65a822582fdff3dd
vegfa,71ab662396c9d9ad7ab6d0ffbc6ea494d5458b1210b43bbcc3641b264a37a0a9,de_novo,2c8a5399b050fa25afeef55c7d103802f288cb8b7cc2a9c00b77b190bf182899,none,,macrel_amp_probability,numeric,false,de_novo_has_no_biological_parent,,,,0.218,,,,526c02300e73e392e7e256ffdaf4b84cf2698aac6b38a5db5de4e091b7c7af80
vegfa,71ab662396c9d9ad7ab6d0ffbc6ea494d5458b1210b43bbcc3641b264a37a0a9,de_novo,2c8a5399b050fa25afeef55c7d103802f288cb8b7cc2a9c00b77b190bf182899,none,,macrel_hemolysis_label,categorical,false,de_novo_has_no_biological_parent,,,,high,,,,2a878c2b03d564d24a28eecb3530705d7c3048a5fbb002e6a60c7831063cafba
vegfa,71ab662396c9d9ad7ab6d0ffbc6ea494d5458b1210b43bbcc3641b264a37a0a9,de_novo,2c8a5399b050fa25afeef55c7d103802f288cb8b7cc2a9c00b77b190bf182899,none,,macrel_hemolysis_probability,numeric,false,de_novo_has_no_biological_parent,,,,0.545,,,,c79282f3d22a4f01936da6bb3a42f35f0541c90b34e429d5c4a894a475ce0f96
vegfa,71ab662396c9d9ad7ab6d0ffbc6ea494d5458b1210b43bbcc3641b264a37a0a9,de_novo,2c8a5399b050fa25afeef55c7d103802f288cb8b7cc2a9c00b77b190bf182899,none,,maximum_hydrophobic_run,numeric,false,de_novo_has_no_biological_parent,,,,1,,,,f2531c050cf1626a97115f4ef64066485efc0ecee98cd697898a45aaebcbbf1a
vegfa,71ab662396c9d9ad7ab6d0ffbc6ea494d5458b1210b43bbcc3641b264a37a0a9,de_novo,2c8a5399b050fa25afeef55c7d103802f288cb8b7cc2a9c00b77b190bf182899,none,,net_charge_ph7_4,numeric,false,de_novo_has_no_biological_parent,,,,10.026,,,,21fcf242444127995c77cbf42901908add3c49a3adbe80b7187fc91a77a3485d
vegfa,71ab662396c9d9ad7ab6d0ffbc6ea494d5458b1210b43bbcc3641b264a37a0a9,de_novo,2c8a5399b050fa25afeef55c7d103802f288cb8b7cc2a9c00b77b190bf182899,none,,toxinpred3_hybrid_score,numeric,false,de_novo_has_no_biological_parent,,,,0.575,,,,510ff8c016d0769e61645a6a13f8fab29d56e61ea6bcaa6e1f7dcc47a6073c56
vegfa,71ab662396c9d9ad7ab6d0ffbc6ea494d5458b1210b43bbcc3641b264a37a0a9,de_novo,2c8a5399b050fa25afeef55c7d103802f288cb8b7cc2a9c00b77b190bf182899,none,,toxinpred3_label,categorical,false,de_novo_has_no_biological_parent,,,,Toxin,,,,d5a0c259cf8d9eebeb0d3b40ecfd7f2e11c647abff9bfdd5783220562372195e
vegfa,a6a966d797b06924358ee264c6dd566ab18cfab9209fb6204027ff55a3fcbb8b,masked_substitution,f5cbdc0e523fdb7a951a189e4310fc1ed4badd0199c15e3bdfa4429898b597bf,primary_parent,02e6e8a9041d1f5e02ded66ace7f1bf8353933cb460554f7d6d4f7827ee851e3,amp_read_log10_mic_um,numeric,true,same_frozen_numeric_contract,minimize,log10(uM),0.8502392420270765,1.045235090661328,0.19499584863425146,-0.19499584863425146,true,40dab46bc4f675004e735524bde89514634697a016307889d78e93a9583f7bbc
vegfa,a6a966d797b06924358ee264c6dd566ab18cfab9209fb6204027ff55a3fcbb8b,masked_substitution,f5cbdc0e523fdb7a951a189e4310fc1ed4badd0199c15e3bdfa4429898b597bf,primary_parent,02e6e8a9041d1f5e02ded66ace7f1bf8353933cb460554f7d6d4f7827ee851e3,guruprasad_instability_index,numeric,true,same_frozen_numeric_contract,minimize,index,-9.308695652173913,12.534783,21.843478652173914,-21.843478652173914,true,eebc77ba558336d0ca7ef3358e7b83be542a20def377aa45cbcad36e6ecfc44b
vegfa,a6a966d797b06924358ee264c6dd566ab18cfab9209fb6204027ff55a3fcbb8b,masked_substitution,f5cbdc0e523fdb7a951a189e4310fc1ed4badd0199c15e3bdfa4429898b597bf,primary_parent,02e6e8a9041d1f5e02ded66ace7f1bf8353933cb460554f7d6d4f7827ee851e3,hydrophobic_moment_eisenberg,numeric,false,audit_metric_has_no_monotonic_improvement_direction,audit,dimensionless,0.14056582796750103,0.06648832185764667,-0.07407750610985436,,true,925191073343afd739cfb6d9f410f4305ceaf0b534bf9a0f8be6317aa4e0f748
vegfa,a6a966d797b06924358ee264c6dd566ab18cfab9209fb6204027ff55a3fcbb8b,masked_substitution,f5cbdc0e523fdb7a951a189e4310fc1ed4badd0199c15e3bdfa4429898b597bf,primary_parent,02e6e8a9041d1f5e02ded66ace7f1bf8353933cb460554f7d6d4f7827ee851e3,hydrophobic_ratio_modlamp,numeric,false,audit_metric_has_no_monotonic_improvement_direction,audit,fraction,0.2608695652173913,0.21739130434782608,-0.043478260869565216,,true,2f932c5439af75d312fce0dad74ffe28a636b3532686f6619b33b42b0b065842
vegfa,a6a966d797b06924358ee264c6dd566ab18cfab9209fb6204027ff55a3fcbb8b,masked_substitution,f5cbdc0e523fdb7a951a189e4310fc1ed4badd0199c15e3bdfa4429898b597bf,primary_parent,02e6e8a9041d1f5e02ded66ace7f1bf8353933cb460554f7d6d4f7827ee851e3,llamp_log10_mic_um,numeric,true,same_frozen_numeric_contract,minimize,log10(uM),1.3610467910766602,1.674349069595337,0.31330227851867676,-0.31330227851867676,true,c6c4ee7f338be2166a474e575bf35804bf51c1c1fcfcec425bb715972eeeb94a
vegfa,a6a966d797b06924358ee264c6dd566ab18cfab9209fb6204027ff55a3fcbb8b,masked_substitution,f5cbdc0e523fdb7a951a189e4310fc1ed4badd0199c15e3bdfa4429898b597bf,primary_parent,02e6e8a9041d1f5e02ded66ace7f1bf8353933cb460554f7d6d4f7827ee851e3,macrel_amp_probability,numeric,true,same_frozen_numeric_contract,maximize,probability,0.584,0.343,-0.24099999999999994,-0.24099999999999994,true,48ce124f234659875718d1022f2f0876bb058222095211f46c73f2c205c6200b
vegfa,a6a966d797b06924358ee264c6dd566ab18cfab9209fb6204027ff55a3fcbb8b,masked_substitution,f5cbdc0e523fdb7a951a189e4310fc1ed4badd0199c15e3bdfa4429898b597bf,primary_parent,02e6e8a9041d1f5e02ded66ace7f1bf8353933cb460554f7d6d4f7827ee851e3,macrel_hemolysis_label,categorical,true,same_frozen_label_contract,audit,label,low,low,,,false,0043d5a415cbc680419ab4af638b9d04f97122abb6468293f5e55ea9cbbb1a4c
vegfa,a6a966d797b06924358ee264c6dd566ab18cfab9209fb6204027ff55a3fcbb8b,masked_substitution,f5cbdc0e523fdb7a951a189e4310fc1ed4badd0199c15e3bdfa4429898b597bf,primary_parent,02e6e8a9041d1f5e02ded66ace7f1bf8353933cb460554f7d6d4f7827ee851e3,macrel_hemolysis_probability,numeric,true,same_frozen_numeric_contract,minimize,probability,0.465,0.386,-0.07900000000000001,0.07900000000000001,true,ef226a0abef41eaf2be2f0910767738d61aac285bcd3262fb994690377dfba3e
vegfa,a6a966d797b06924358ee264c6dd566ab18cfab9209fb6204027ff55a3fcbb8b,masked_substitution,f5cbdc0e523fdb7a951a189e4310fc1ed4badd0199c15e3bdfa4429898b597bf,primary_parent,02e6e8a9041d1f5e02ded66ace7f1bf8353933cb460554f7d6d4f7827ee851e3,maximum_hydrophobic_run,numeric,true,same_frozen_numeric_contract,minimize,residues,2.0,2.0,0.0,-0.0,false,8a3a7d10ca8d004e2c58b0e189ddef78a335a7934d323cf85cea5fc2be4ab118
vegfa,a6a966d797b06924358ee264c6dd566ab18cfab9209fb6204027ff55a3fcbb8b,masked_substitution,f5cbdc0e523fdb7a951a189e4310fc1ed4badd0199c15e3bdfa4429898b597bf,primary_parent,02e6e8a9041d1f5e02ded66ace7f1bf8353933cb460554f7d6d4f7827ee851e3,net_charge_ph7_4,numeric,false,audit_metric_has_no_monotonic_improvement_direction,audit,elementary_charge,6.112,6.112,0.0,,false,174f7091068b656150cc61427b885eb4ecd1764f5ed760490eeff66449a6b602
vegfa,a6a966d797b06924358ee264c6dd566ab18cfab9209fb6204027ff55a3fcbb8b,masked_substitution,f5cbdc0e523fdb7a951a189e4310fc1ed4badd0199c15e3bdfa4429898b597bf,primary_parent,02e6e8a9041d1f5e02ded66ace7f1bf8353933cb460554f7d6d4f7827ee851e3,toxinpred3_hybrid_score,numeric,true,same_frozen_numeric_contract,minimize,dimensionless,0.0,0.0,0.0,-0.0,false,5fb9bfe78c01aca4bd2507b513cc60c88507da945855f2a0660c8d6735097ac2
vegfa,a6a966d797b06924358ee264c6dd566ab18cfab9209fb6204027ff55a3fcbb8b,masked_substitution,f5cbdc0e523fdb7a951a189e4310fc1ed4badd0199c15e3bdfa4429898b597bf,primary_parent,02e6e8a9041d1f5e02ded66ace7f1bf8353933cb460554f7d6d4f7827ee851e3,toxinpred3_label,categorical,true,same_frozen_label_contract,audit,label,Non-Toxin,Non-Toxin,,,false,46a1e5eac0185388cf59dda7bad93a3c8a728f327ba0c8590adc590e9b7da982
vegfa,15bb92b84ac3449d0f2f5229190f97ed6d4380efbbd24f143b101244f77668fb,controlled_crossover,ecfba882fbc7f0c80bfb9402f638c61e917935b4c80a46fae469a9251db08b46,primary_parent,089615c18ff5e7154002281ce8551355e55752ccffeaf8b8dce9ed39ad295f5e,amp_read_log10_mic_um,numeric,true,same_frozen_numeric_contract,minimize,log10(uM),0.8154980552213776,1.1616894890986944,0.34619143387731677,-0.34619143387731677,true,a3014632c95f49568c2a3c80dddff3faeaae338078156f36bc25ea713990c967
vegfa,15bb92b84ac3449d0f2f5229190f97ed6d4380efbbd24f143b101244f77668fb,controlled_crossover,ecfba882fbc7f0c80bfb9402f638c61e917935b4c80a46fae469a9251db08b46,primary_parent,089615c18ff5e7154002281ce8551355e55752ccffeaf8b8dce9ed39ad295f5e,guruprasad_instability_index,numeric,true,same_frozen_numeric_contract,minimize,index,-13.000000000000002,-1.452174,11.547826000000002,-11.547826000000002,true,3220968630985c3a97c4a3bbc82c75ebacaff410791a82ccc36b00f3b5994971
vegfa,15bb92b84ac3449d0f2f5229190f97ed6d4380efbbd24f143b101244f77668fb,controlled_crossover,ecfba882fbc7f0c80bfb9402f638c61e917935b4c80a46fae469a9251db08b46,primary_parent,089615c18ff5e7154002281ce8551355e55752ccffeaf8b8dce9ed39ad295f5e,hydrophobic_moment_eisenberg,numeric,false,audit_metric_has_no_monotonic_improvement_direction,audit,dimensionless,0.3134902256123226,0.1567499673417637,-0.1567402582705589,,true,5ea7f19e682d3942d5e5f97f5e6818a9c58d6ba778278c680a2d04ff81005334
vegfa,15bb92b84ac3449d0f2f5229190f97ed6d4380efbbd24f143b101244f77668fb,controlled_crossover,ecfba882fbc7f0c80bfb9402f638c61e917935b4c80a46fae469a9251db08b46,primary_parent,089615c18ff5e7154002281ce8551355e55752ccffeaf8b8dce9ed39ad295f5e,hydrophobic_ratio_modlamp,numeric,false,audit_metric_has_no_monotonic_improvement_direction,audit,fraction,0.21739130434782608,0.08695652173913043,-0.13043478260869565,,true,59da5b29b1f499997b65455f625b82007dae3fd1fa699e1f6af02e075eb12f51
vegfa,15bb92b84ac3449d0f2f5229190f97ed6d4380efbbd24f143b101244f77668fb,controlled_crossover,ecfba882fbc7f0c80bfb9402f638c61e917935b4c80a46fae469a9251db08b46,primary_parent,089615c18ff5e7154002281ce8551355e55752ccffeaf8b8dce9ed39ad295f5e,llamp_log10_mic_um,numeric,true,same_frozen_numeric_contract,minimize,log10(uM),1.3488975763320923,1.653564453125,0.3046668767929077,-0.3046668767929077,true,8ce9af44240f285c6cfb7ce3dcce30bc7cad6b332cc04ad5530d4fbed2932294
vegfa,15bb92b84ac3449d0f2f5229190f97ed6d4380efbbd24f143b101244f77668fb,controlled_crossover,ecfba882fbc7f0c80bfb9402f638c61e917935b4c80a46fae469a9251db08b46,primary_parent,089615c18ff5e7154002281ce8551355e55752ccffeaf8b8dce9ed39ad295f5e,macrel_amp_probability,numeric,true,same_frozen_numeric_contract,maximize,probability,0.531,0.406,-0.125,-0.125,true,5a9fee6783384c2f81d12867673ae85c723ba458fddf44c68b7feb7a4b3661b5
vegfa,15bb92b84ac3449d0f2f5229190f97ed6d4380efbbd24f143b101244f77668fb,controlled_crossover,ecfba882fbc7f0c80bfb9402f638c61e917935b4c80a46fae469a9251db08b46,primary_parent,089615c18ff5e7154002281ce8551355e55752ccffeaf8b8dce9ed39ad295f5e,macrel_hemolysis_label,categorical,true,same_frozen_label_contract,audit,label,low,low,,,false,5b484cb2f9aeac281eea2f2c29468d10454bf5889a8a2f68be962fa27ca830ab
vegfa,15bb92b84ac3449d0f2f5229190f97ed6d4380efbbd24f143b101244f77668fb,controlled_crossover,ecfba882fbc7f0c80bfb9402f638c61e917935b4c80a46fae469a9251db08b46,primary_parent,089615c18ff5e7154002281ce8551355e55752ccffeaf8b8dce9ed39ad295f5e,macrel_hemolysis_probability,numeric,true,same_frozen_numeric_contract,minimize,probability,0.495,0.446,-0.04899999999999999,0.04899999999999999,true,259a993c335646daa3d4fb9eff2275a075162071e327687853fb903853ea25eb
vegfa,15bb92b84ac3449d0f2f5229190f97ed6d4380efbbd24f143b101244f77668fb,controlled_crossover,ecfba882fbc7f0c80bfb9402f638c61e917935b4c80a46fae469a9251db08b46,primary_parent,089615c18ff5e7154002281ce8551355e55752ccffeaf8b8dce9ed39ad295f5e,maximum_hydrophobic_run,numeric,true,same_frozen_numeric_contract,minimize,residues,2.0,1.0,-1.0,1.0,true,1e47792614c42b7c3608e181b0f08bce9589f6f2547c989bcad4df8b2dd25d0f
vegfa,15bb92b84ac3449d0f2f5229190f97ed6d4380efbbd24f143b101244f77668fb,controlled_crossover,ecfba882fbc7f0c80bfb9402f638c61e917935b4c80a46fae469a9251db08b46,primary_parent,089615c18ff5e7154002281ce8551355e55752ccffeaf8b8dce9ed39ad295f5e,net_charge_ph7_4,numeric,false,audit_metric_has_no_monotonic_improvement_direction,audit,elementary_charge,8.07,9.11,1.0399999999999991,,true,b4017df94c3c933e35a0e25d77e5cc43c5c01106a5ee7d9fc7e6ed10bfaff15d
vegfa,15bb92b84ac3449d0f2f5229190f97ed6d4380efbbd24f143b101244f77668fb,controlled_crossover,ecfba882fbc7f0c80bfb9402f638c61e917935b4c80a46fae469a9251db08b46,primary_parent,089615c18ff5e7154002281ce8551355e55752ccffeaf8b8dce9ed39ad295f5e,toxinpred3_hybrid_score,numeric,true,same_frozen_numeric_contract,minimize,dimensionless,0.005,0.495,0.49,-0.49,true,cffb3ec6a15204db4361250a0fc81d8fb2eadbf4665450a2863a55eb8ac9e2d7
vegfa,15bb92b84ac3449d0f2f5229190f97ed6d4380efbbd24f143b101244f77668fb,controlled_crossover,ecfba882fbc7f0c80bfb9402f638c61e917935b4c80a46fae469a9251db08b46,primary_parent,089615c18ff5e7154002281ce8551355e55752ccffeaf8b8dce9ed39ad295f5e,toxinpred3_label,categorical,true,same_frozen_label_contract,audit,label,Non-Toxin,Toxin,,,true,705cd3db1052bc4d0125ea9767ac14e2f896e0ece60db662e81d30819309cf5f
vegfa,15bb92b84ac3449d0f2f5229190f97ed6d4380efbbd24f143b101244f77668fb,controlled_crossover,ecfba882fbc7f0c80bfb9402f638c61e917935b4c80a46fae469a9251db08b46,donor_parent,f2e1e308912a377c8c7aca6123a1a556c098497f97c20bd99bfe9ccd4c975377,amp_read_log10_mic_um,numeric,true,same_frozen_numeric_contract,minimize,log10(uM),1.0863599077352775,1.1616894890986944,0.07532958136341694,-0.07532958136341694,true,02436cb85d22c51c7beeb60c4fa320313b69f9a43d06aaa1a4d2d8251be17e48
vegfa,15bb92b84ac3449d0f2f5229190f97ed6d4380efbbd24f143b101244f77668fb,controlled_crossover,ecfba882fbc7f0c80bfb9402f638c61e917935b4c80a46fae469a9251db08b46,donor_parent,f2e1e308912a377c8c7aca6123a1a556c098497f97c20bd99bfe9ccd4c975377,guruprasad_instability_index,numeric,true,same_frozen_numeric_contract,minimize,index,14.769230769230766,-1.452174,-16.221404769230766,16.221404769230766,true,363f8138ff5a1e81178a8c75f9e0aca03da9379319258b5810de9e0d442f0946
vegfa,15bb92b84ac3449d0f2f5229190f97ed6d4380efbbd24f143b101244f77668fb,controlled_crossover,ecfba882fbc7f0c80bfb9402f638c61e917935b4c80a46fae469a9251db08b46,donor_parent,f2e1e308912a377c8c7aca6123a1a556c098497f97c20bd99bfe9ccd4c975377,hydrophobic_moment_eisenberg,numeric,false,audit_metric_has_no_monotonic_improvement_direction,audit,dimensionless,0.10563857941862062,0.1567499673417637,0.05111138792314307,,true,f6f6db49f7c84dab6a34483e367992ccfc7908158c285bc7f5c0994cc60d2733
vegfa,15bb92b84ac3449d0f2f5229190f97ed6d4380efbbd24f143b101244f77668fb,controlled_crossover,ecfba882fbc7f0c80bfb9402f638c61e917935b4c80a46fae469a9251db08b46,donor_parent,f2e1e308912a377c8c7aca6123a1a556c098497f97c20bd99bfe9ccd4c975377,hydrophobic_ratio_modlamp,numeric,false,audit_metric_has_no_monotonic_improvement_direction,audit,fraction,0.07692307692307693,0.08695652173913043,0.010033444816053505,,true,e7703da62094b93954a9ad611404754f24b646a5fa2ef892baeee6a4bd9d34ac
vegfa,15bb92b84ac3449d0f2f5229190f97ed6d4380efbbd24f143b101244f77668fb,controlled_crossover,ecfba882fbc7f0c80bfb9402f638c61e917935b4c80a46fae469a9251db08b46,donor_parent,f2e1e308912a377c8c7aca6123a1a556c098497f97c20bd99bfe9ccd4c975377,llamp_log10_mic_um,numeric,true,same_frozen_numeric_contract,minimize,log10(uM),1.0173412561416626,1.653564453125,0.6362231969833374,-0.6362231969833374,true,ca041411f3cb4f1d15a2c6783e4377587d4cd3f5b84bbd701b5bd9843fd38160
vegfa,15bb92b84ac3449d0f2f5229190f97ed6d4380efbbd24f143b101244f77668fb,controlled_crossover,ecfba882fbc7f0c80bfb9402f638c61e917935b4c80a46fae469a9251db08b46,donor_parent,f2e1e308912a377c8c7aca6123a1a556c098497f97c20bd99bfe9ccd4c975377,macrel_amp_probability,numeric,true,same_frozen_numeric_contract,maximize,probability,0.515,0.406,-0.10899999999999999,-0.10899999999999999,true,d3a24c136c5db944de8a7ac84ab6fe83928228807b5368b50c52a2150e8df324
vegfa,15bb92b84ac3449d0f2f5229190f97ed6d4380efbbd24f143b101244f77668fb,controlled_crossover,ecfba882fbc7f0c80bfb9402f638c61e917935b4c80a46fae469a9251db08b46,donor_parent,f2e1e308912a377c8c7aca6123a1a556c098497f97c20bd99bfe9ccd4c975377,macrel_hemolysis_label,categorical,true,same_frozen_label_contract,audit,label,low,low,,,false,ab54c23dc3cee05fe265790e491167f959fea9442d32b8a2d7d5db4a0d1638b2
vegfa,15bb92b84ac3449d0f2f5229190f97ed6d4380efbbd24f143b101244f77668fb,controlled_crossover,ecfba882fbc7f0c80bfb9402f638c61e917935b4c80a46fae469a9251db08b46,donor_parent,f2e1e308912a377c8c7aca6123a1a556c098497f97c20bd99bfe9ccd4c975377,macrel_hemolysis_probability,numeric,true,same_frozen_numeric_contract,minimize,probability,0.465,0.446,-0.019000000000000017,0.019000000000000017,true,7cd7f947eb90894602588a39e5bfa0d0c49c81a036b056c14081871d04c7b137
vegfa,15bb92b84ac3449d0f2f5229190f97ed6d4380efbbd24f143b101244f77668fb,controlled_crossover,ecfba882fbc7f0c80bfb9402f638c61e917935b4c80a46fae469a9251db08b46,donor_parent,f2e1e308912a377c8c7aca6123a1a556c098497f97c20bd99bfe9ccd4c975377,maximum_hydrophobic_run,numeric,true,same_frozen_numeric_contract,minimize,residues,2.0,1.0,-1.0,1.0,true,cd58aa4e1031e2aa1bed119aa74dcce7b0582ec4043363a26dc07731ddcc8286
vegfa,15bb92b84ac3449d0f2f5229190f97ed6d4380efbbd24f143b101244f77668fb,controlled_crossover,ecfba882fbc7f0c80bfb9402f638c61e917935b4c80a46fae469a9251db08b46,donor_parent,f2e1e308912a377c8c7aca6123a1a556c098497f97c20bd99bfe9ccd4c975377,net_charge_ph7_4,numeric,false,audit_metric_has_no_monotonic_improvement_direction,audit,elementary_charge,10.151,9.11,-1.0410000000000004,,true,22f97b0bfafa7dd5f327faef2112a9b2d12d1619c71f182cc66c8f515ded9c02
vegfa,15bb92b84ac3449d0f2f5229190f97ed6d4380efbbd24f143b101244f77668fb,controlled_crossover,ecfba882fbc7f0c80bfb9402f638c61e917935b4c80a46fae469a9251db08b46,donor_parent,f2e1e308912a377c8c7aca6123a1a556c098497f97c20bd99bfe9ccd4c975377,toxinpred3_hybrid_score,numeric,true,same_frozen_numeric_contract,minimize,dimensionless,0.01,0.495,0.485,-0.485,true,4b11c7317c3abc34c436048c6717f1c84573b800ea4c19dd503f77d1a3cd92c9
vegfa,15bb92b84ac3449d0f2f5229190f97ed6d4380efbbd24f143b101244f77668fb,controlled_crossover,ecfba882fbc7f0c80bfb9402f638c61e917935b4c80a46fae469a9251db08b46,donor_parent,f2e1e308912a377c8c7aca6123a1a556c098497f97c20bd99bfe9ccd4c975377,toxinpred3_label,categorical,true,same_frozen_label_contract,audit,label,Non-Toxin,Toxin,,,true,e968ec40f560415acd92c6425e4294d95ae5e75a05d7599870bf862f8174e287
vegfa,01ad75f9576806f5d97de9468a4e5e6a68b0e97b5738fadd31f3b3446f895014,de_novo,569013a068d5a8d65000845e5cb5b0f3ac1d40192e2b4bafd832c25aedd39e82,none,,amp_read_log10_mic_um,numeric,false,de_novo_has_no_biological_parent,,,,1.1047179347618807,,,,34af747dc59936b99cf301a88c5e7205736fc9d940c160955bbac6ec30a063b6
vegfa,01ad75f9576806f5d97de9468a4e5e6a68b0e97b5738fadd31f3b3446f895014,de_novo,569013a068d5a8d65000845e5cb5b0f3ac1d40192e2b4bafd832c25aedd39e82,none,,guruprasad_instability_index,numeric,false,de_novo_has_no_biological_parent,,,,-32.461538,,,,441bae5ebc874fe0efaf148296d494e9be1234714d4e72ac7b4c45b490e36197
vegfa,01ad75f9576806f5d97de9468a4e5e6a68b0e97b5738fadd31f3b3446f895014,de_novo,569013a068d5a8d65000845e5cb5b0f3ac1d40192e2b4bafd832c25aedd39e82,none,,hydrophobic_moment_eisenberg,numeric,false,de_novo_has_no_biological_parent,,,,0.08104954001398355,,,,89669db35b78d206afef92aa45d43b1f6aa9ad38d31cfd1c0c689353d3cc24b8
vegfa,01ad75f9576806f5d97de9468a4e5e6a68b0e97b5738fadd31f3b3446f895014,de_novo,569013a068d5a8d65000845e5cb5b0f3ac1d40192e2b4bafd832c25aedd39e82,none,,hydrophobic_ratio_modlamp,numeric,false,de_novo_has_no_biological_parent,,,,0.2692307692307692,,,,503fa9a55f4804ce87225dbaf43dfa6771ffce3438d2168e00a959ce0fdda3ee
vegfa,01ad75f9576806f5d97de9468a4e5e6a68b0e97b5738fadd31f3b3446f895014,de_novo,569013a068d5a8d65000845e5cb5b0f3ac1d40192e2b4bafd832c25aedd39e82,none,,llamp_log10_mic_um,numeric,false,de_novo_has_no_biological_parent,,,,1.10987389087677,,,,63a9e6a5100d52edcd664f451b2ca2ebe81a420930c73458440cee0f1a310cf9
vegfa,01ad75f9576806f5d97de9468a4e5e6a68b0e97b5738fadd31f3b3446f895014,de_novo,569013a068d5a8d65000845e5cb5b0f3ac1d40192e2b4bafd832c25aedd39e82,none,,macrel_amp_probability,numeric,false,de_novo_has_no_biological_parent,,,,0.485,,,,26c93bbabb8691da2c90c47a45d73ed97f86bdf8407f7cc7b3deecf8ebe7a18e
vegfa,01ad75f9576806f5d97de9468a4e5e6a68b0e97b5738fadd31f3b3446f895014,de_novo,569013a068d5a8d65000845e5cb5b0f3ac1d40192e2b4bafd832c25aedd39e82,none,,macrel_hemolysis_label,categorical,false,de_novo_has_no_biological_parent,,,,low,,,,fce61d8adb05b494df25f7db8ee00758ad0b42152ce533552da9298616f361ed
vegfa,01ad75f9576806f5d97de9468a4e5e6a68b0e97b5738fadd31f3b3446f895014,de_novo,569013a068d5a8d65000845e5cb5b0f3ac1d40192e2b4bafd832c25aedd39e82,none,,macrel_hemolysis_probability,numeric,false,de_novo_has_no_biological_parent,,,,0.455,,,,df698083205b33976c1182e5466a4886ed32a7b97f1fb0b163f5ba829f28ae7f
vegfa,01ad75f9576806f5d97de9468a4e5e6a68b0e97b5738fadd31f3b3446f895014,de_novo,569013a068d5a8d65000845e5cb5b0f3ac1d40192e2b4bafd832c25aedd39e82,none,,maximum_hydrophobic_run,numeric,false,de_novo_has_no_biological_parent,,,,2,,,,f620a46c79d38f7c31cbb780b5781c59847ac0f1e0770ab54dc14a5f98206fec
vegfa,01ad75f9576806f5d97de9468a4e5e6a68b0e97b5738fadd31f3b3446f895014,de_novo,569013a068d5a8d65000845e5cb5b0f3ac1d40192e2b4bafd832c25aedd39e82,none,,net_charge_ph7_4,numeric,false,de_novo_has_no_biological_parent,,,,9.985,,,,b87c53d453fdc60a375bd4ff17e1658a295c19017d29a0d15540db84bdd2dc65
vegfa,01ad75f9576806f5d97de9468a4e5e6a68b0e97b5738fadd31f3b3446f895014,de_novo,569013a068d5a8d65000845e5cb5b0f3ac1d40192e2b4bafd832c25aedd39e82,none,,toxinpred3_hybrid_score,numeric,false,de_novo_has_no_biological_parent,,,,0.565,,,,5620308859b4134ea1c4cce2e1e6de750e76f1a9cbb0660de9d26ff6f8c7a3fb
vegfa,01ad75f9576806f5d97de9468a4e5e6a68b0e97b5738fadd31f3b3446f895014,de_novo,569013a068d5a8d65000845e5cb5b0f3ac1d40192e2b4bafd832c25aedd39e82,none,,toxinpred3_label,categorical,false,de_novo_has_no_biological_parent,,,,Toxin,,,,975968847fe232d968583dc64a990adbbc117245752a1b80c5fdad7e16124921
vegfa,9f00cf38d1c87dec736450b3db28a197b0c684db809db3dc34d0de5b06d2fbba,de_novo,3b9e88392f4d6e58a38a3ccca48cc8c6e1b17922400c8a88cd69281364898721,none,,amp_read_log10_mic_um,numeric,false,de_novo_has_no_biological_parent,,,,1.6489800724531736,,,,727cc70d95774f742bcf3e1daba882e89b5bc331d70bed62c0e28e180253ffa0
vegfa,9f00cf38d1c87dec736450b3db28a197b0c684db809db3dc34d0de5b06d2fbba,de_novo,3b9e88392f4d6e58a38a3ccca48cc8c6e1b17922400c8a88cd69281364898721,none,,guruprasad_instability_index,numeric,false,de_novo_has_no_biological_parent,,,,14.364000,,,,dbf5bc7a0179a422d2d259f5ee4d474763ac8d3df75ea9d1110e8800a9ebe7d7
vegfa,9f00cf38d1c87dec736450b3db28a197b0c684db809db3dc34d0de5b06d2fbba,de_novo,3b9e88392f4d6e58a38a3ccca48cc8c6e1b17922400c8a88cd69281364898721,none,,hydrophobic_moment_eisenberg,numeric,false,de_novo_has_no_biological_parent,,,,0.17019609933323598,,,,d73723f94070c8f25de240ae71285dac2d53d24fbb700e316a3e91a16a653e81
vegfa,9f00cf38d1c87dec736450b3db28a197b0c684db809db3dc34d0de5b06d2fbba,de_novo,3b9e88392f4d6e58a38a3ccca48cc8c6e1b17922400c8a88cd69281364898721,none,,hydrophobic_ratio_modlamp,numeric,false,de_novo_has_no_biological_parent,,,,0.12,,,,e3a523b726e31b4ec407e706e3de28721d01936f22917778c50c1045a35cde05
vegfa,9f00cf38d1c87dec736450b3db28a197b0c684db809db3dc34d0de5b06d2fbba,de_novo,3b9e88392f4d6e58a38a3ccca48cc8c6e1b17922400c8a88cd69281364898721,none,,llamp_log10_mic_um,numeric,false,de_novo_has_no_biological_parent,,,,0.4864005744457245,,,,19187c67b68b0cc2a1b7c3616071bbfbbbc4959a0d2780c1f237a46dbd6d0b19
vegfa,9f00cf38d1c87dec736450b3db28a197b0c684db809db3dc34d0de5b06d2fbba,de_novo,3b9e88392f4d6e58a38a3ccca48cc8c6e1b17922400c8a88cd69281364898721,none,,macrel_amp_probability,numeric,false,de_novo_has_no_biological_parent,,,,0.277,,,,ab7308a5ed5c401065d227449b5eb8a8551259f39f8c1176fe52f3485fcafd02
vegfa,9f00cf38d1c87dec736450b3db28a197b0c684db809db3dc34d0de5b06d2fbba,de_novo,3b9e88392f4d6e58a38a3ccca48cc8c6e1b17922400c8a88cd69281364898721,none,,macrel_hemolysis_label,categorical,false,de_novo_has_no_biological_parent,,,,high,,,,75c2ff7622ca9490756123942d0b653e536172cc7161a7cc40fc3bf97bd47b54
vegfa,9f00cf38d1c87dec736450b3db28a197b0c684db809db3dc34d0de5b06d2fbba,de_novo,3b9e88392f4d6e58a38a3ccca48cc8c6e1b17922400c8a88cd69281364898721,none,,macrel_hemolysis_probability,numeric,false,de_novo_has_no_biological_parent,,,,0.634,,,,70fd9fd7b58235e10895d41e0718d403823861de4d7e68774494007c7c7cbab0
vegfa,9f00cf38d1c87dec736450b3db28a197b0c684db809db3dc34d0de5b06d2fbba,de_novo,3b9e88392f4d6e58a38a3ccca48cc8c6e1b17922400c8a88cd69281364898721,none,,maximum_hydrophobic_run,numeric,false,de_novo_has_no_biological_parent,,,,1,,,,7a3996643ba5e6494a9f02e471428a3004c3cd789c467e854250d921fffdc37c
vegfa,9f00cf38d1c87dec736450b3db28a197b0c684db809db3dc34d0de5b06d2fbba,de_novo,3b9e88392f4d6e58a38a3ccca48cc8c6e1b17922400c8a88cd69281364898721,none,,net_charge_ph7_4,numeric,false,de_novo_has_no_biological_parent,,,,11.068,,,,553f171d585b37d7886bf2fba30b055858990bac66335b0d47565c3283395ffa
vegfa,9f00cf38d1c87dec736450b3db28a197b0c684db809db3dc34d0de5b06d2fbba,de_novo,3b9e88392f4d6e58a38a3ccca48cc8c6e1b17922400c8a88cd69281364898721,none,,toxinpred3_hybrid_score,numeric,false,de_novo_has_no_biological_parent,,,,0.475,,,,c2040600446f0b387ba51d1adc639d2692d7842310c7d92b41c47baefbc2b815
vegfa,9f00cf38d1c87dec736450b3db28a197b0c684db809db3dc34d0de5b06d2fbba,de_novo,3b9e88392f4d6e58a38a3ccca48cc8c6e1b17922400c8a88cd69281364898721,none,,toxinpred3_label,categorical,false,de_novo_has_no_biological_parent,,,,Toxin,,,,7b8c70c2c4cad1f235874e0f232918f31d32ad4b31e7c97ff07ae83ffb437c22
vegfa,0dfed7d461009826994ead8043e6aa5ac1833d7af9d32bb5131ef88358962101,masked_substitution,7c926e2a07052b4173667ba25a76911411e62b3feed3ec94118770414c71e54f,primary_parent,02e6e8a9041d1f5e02ded66ace7f1bf8353933cb460554f7d6d4f7827ee851e3,amp_read_log10_mic_um,numeric,true,same_frozen_numeric_contract,minimize,log10(uM),0.8502392420270765,1.111909127035718,0.2616698850086415,-0.2616698850086415,true,c130a80ed6be41519dbba769d9fe3c9cf856b896ade0aa99d6ebc1ed19bc9bda
vegfa,0dfed7d461009826994ead8043e6aa5ac1833d7af9d32bb5131ef88358962101,masked_substitution,7c926e2a07052b4173667ba25a76911411e62b3feed3ec94118770414c71e54f,primary_parent,02e6e8a9041d1f5e02ded66ace7f1bf8353933cb460554f7d6d4f7827ee851e3,guruprasad_instability_index,numeric,true,same_frozen_numeric_contract,minimize,index,-9.308695652173913,-17.517391,-8.208695347826087,8.208695347826087,true,c7ae5d28a42281dc6313788445773387837bcd512c70a7b391b9065dc9cebab7
vegfa,0dfed7d461009826994ead8043e6aa5ac1833d7af9d32bb5131ef88358962101,masked_substitution,7c926e2a07052b4173667ba25a76911411e62b3feed3ec94118770414c71e54f,primary_parent,02e6e8a9041d1f5e02ded66ace7f1bf8353933cb460554f7d6d4f7827ee851e3,hydrophobic_moment_eisenberg,numeric,false,audit_metric_has_no_monotonic_improvement_direction,audit,dimensionless,0.14056582796750103,0.10754518127821339,-0.03302064668928764,,true,45bb92d802ddae1e13de9bbc989310ca5a2dae3aea46a607e136c8ce44c378c1
vegfa,0dfed7d461009826994ead8043e6aa5ac1833d7af9d32bb5131ef88358962101,masked_substitution,7c926e2a07052b4173667ba25a76911411e62b3feed3ec94118770414c71e54f,primary_parent,02e6e8a9041d1f5e02ded66ace7f1bf8353933cb460554f7d6d4f7827ee851e3,hydrophobic_ratio_modlamp,numeric,false,audit_metric_has_no_monotonic_improvement_direction,audit,fraction,0.2608695652173913,0.2608695652173913,0.0,,false,91e0f2ad131b160da0140456d20d22a7161e2bb442d851ba670a645ed8b80d7b
vegfa,0dfed7d461009826994ead8043e6aa5ac1833d7af9d32bb5131ef88358962101,masked_substitution,7c926e2a07052b4173667ba25a76911411e62b3feed3ec94118770414c71e54f,primary_parent,02e6e8a9041d1f5e02ded66ace7f1bf8353933cb460554f7d6d4f7827ee851e3,llamp_log10_mic_um,numeric,true,same_frozen_numeric_contract,minimize,log10(uM),1.3610467910766602,1.5190372467041016,0.1579904556274414,-0.1579904556274414,true,dad4e4b02a844d9d1e16bc9c55721a246986bd5e1445b504857f552914339f7a
vegfa,0dfed7d461009826994ead8043e6aa5ac1833d7af9d32bb5131ef88358962101,masked_substitution,7c926e2a07052b4173667ba25a76911411e62b3feed3ec94118770414c71e54f,primary_parent,02e6e8a9041d1f5e02ded66ace7f1bf8353933cb460554f7d6d4f7827ee851e3,macrel_amp_probability,numeric,true,same_frozen_numeric_contract,maximize,probability,0.584,0.525,-0.05899999999999994,-0.05899999999999994,true,ba6ba5868623feaf84fd5a8117619d770e8a0ded2bdddf06e406ff213eb412d1
vegfa,0dfed7d461009826994ead8043e6aa5ac1833d7af9d32bb5131ef88358962101,masked_substitution,7c926e2a07052b4173667ba25a76911411e62b3feed3ec94118770414c71e54f,primary_parent,02e6e8a9041d1f5e02ded66ace7f1bf8353933cb460554f7d6d4f7827ee851e3,macrel_hemolysis_label,categorical,true,same_frozen_label_contract,audit,label,low,low,,,false,3f9bbbd67398897962f945d96a036f17e15516cda9f4cd43e77493d4526e892c
vegfa,0dfed7d461009826994ead8043e6aa5ac1833d7af9d32bb5131ef88358962101,masked_substitution,7c926e2a07052b4173667ba25a76911411e62b3feed3ec94118770414c71e54f,primary_parent,02e6e8a9041d1f5e02ded66ace7f1bf8353933cb460554f7d6d4f7827ee851e3,macrel_hemolysis_probability,numeric,true,same_frozen_numeric_contract,minimize,probability,0.465,0.426,-0.039000000000000035,0.039000000000000035,true,f3054e98b68e752539329b94f9335fee617dbf71988797508dd3acb0fa869e4c
vegfa,0dfed7d461009826994ead8043e6aa5ac1833d7af9d32bb5131ef88358962101,masked_substitution,7c926e2a07052b4173667ba25a76911411e62b3feed3ec94118770414c71e54f,primary_parent,02e6e8a9041d1f5e02ded66ace7f1bf8353933cb460554f7d6d4f7827ee851e3,maximum_hydrophobic_run,numeric,true,same_frozen_numeric_contract,minimize,residues,2.0,2.0,0.0,-0.0,false,24454ca703103aab4a2a882058a9b600388af3f59f343795a6a5e9e2eb7722df
vegfa,0dfed7d461009826994ead8043e6aa5ac1833d7af9d32bb5131ef88358962101,masked_substitution,7c926e2a07052b4173667ba25a76911411e62b3feed3ec94118770414c71e54f,primary_parent,02e6e8a9041d1f5e02ded66ace7f1bf8353933cb460554f7d6d4f7827ee851e3,net_charge_ph7_4,numeric,false,audit_metric_has_no_monotonic_improvement_direction,audit,elementary_charge,6.112,6.112,0.0,,false,86d3a211a23fdacc7b12fc89e47223d3d70d887bae11e196a1877476ace5a670
vegfa,0dfed7d461009826994ead8043e6aa5ac1833d7af9d32bb5131ef88358962101,masked_substitution,7c926e2a07052b4173667ba25a76911411e62b3feed3ec94118770414c71e54f,primary_parent,02e6e8a9041d1f5e02ded66ace7f1bf8353933cb460554f7d6d4f7827ee851e3,toxinpred3_hybrid_score,numeric,true,same_frozen_numeric_contract,minimize,dimensionless,0.0,0.0,0.0,-0.0,false,8952047b08d804e9b927a9590bdeb7c9bdf9991876ca4ca145758e0443e7cd26
vegfa,0dfed7d461009826994ead8043e6aa5ac1833d7af9d32bb5131ef88358962101,masked_substitution,7c926e2a07052b4173667ba25a76911411e62b3feed3ec94118770414c71e54f,primary_parent,02e6e8a9041d1f5e02ded66ace7f1bf8353933cb460554f7d6d4f7827ee851e3,toxinpred3_label,categorical,true,same_frozen_label_contract,audit,label,Non-Toxin,Non-Toxin,,,false,e6cc5e66b183e39c530b0de212da2d74fa40379421e37381a75715b8d4d9aa7c
vegfa,d97de330b5747555e1b569b3d2f06b2320ee2c12c24c37fdd24659875dd84a5a,controlled_crossover,e3f287e1e14419af7c20b2d2d69be97992ea6e47fcf46f4fa73c6093870fe8e6,primary_parent,f7c6d599d30a925ad4dfea9c420d3957952298b8d7b61539bdcb207de3ac770e,amp_read_log10_mic_um,numeric,true,same_frozen_numeric_contract,minimize,log10(uM),1.104533493873778,1.8112443425092934,0.7067108486355154,-0.7067108486355154,true,f2f573b1205c78f01a89e8aada5c5bb12646a98d56b8f6165bfc358233b5165c
vegfa,d97de330b5747555e1b569b3d2f06b2320ee2c12c24c37fdd24659875dd84a5a,controlled_crossover,e3f287e1e14419af7c20b2d2d69be97992ea6e47fcf46f4fa73c6093870fe8e6,primary_parent,f7c6d599d30a925ad4dfea9c420d3957952298b8d7b61539bdcb207de3ac770e,guruprasad_instability_index,numeric,true,same_frozen_numeric_contract,minimize,index,-14.673913043478263,0.565217,15.239130043478264,-15.239130043478264,true,4bc7eb2d13dca3f0ab8f53315f298cdeb4352b10180d10d5dbe3a2c578c859cf
vegfa,d97de330b5747555e1b569b3d2f06b2320ee2c12c24c37fdd24659875dd84a5a,controlled_crossover,e3f287e1e14419af7c20b2d2d69be97992ea6e47fcf46f4fa73c6093870fe8e6,primary_parent,f7c6d599d30a925ad4dfea9c420d3957952298b8d7b61539bdcb207de3ac770e,hydrophobic_moment_eisenberg,numeric,false,audit_metric_has_no_monotonic_improvement_direction,audit,dimensionless,0.2627671665964588,0.1264061018577021,-0.13636106473875673,,true,296c0ff1c7eeeff1844d548a2b905c7d82b2a4436061a1e821e6b9309aa89118
vegfa,d97de330b5747555e1b569b3d2f06b2320ee2c12c24c37fdd24659875dd84a5a,controlled_crossover,e3f287e1e14419af7c20b2d2d69be97992ea6e47fcf46f4fa73c6093870fe8e6,primary_parent,f7c6d599d30a925ad4dfea9c420d3957952298b8d7b61539bdcb207de3ac770e,hydrophobic_ratio_modlamp,numeric,false,audit_metric_has_no_monotonic_improvement_direction,audit,fraction,0.21739130434782608,0.08695652173913043,-0.13043478260869565,,true,45102ec710720c64f0e24a027e0caae8fbe288d1abdc3673b30708c95404c11e
vegfa,d97de330b5747555e1b569b3d2f06b2320ee2c12c24c37fdd24659875dd84a5a,controlled_crossover,e3f287e1e14419af7c20b2d2d69be97992ea6e47fcf46f4fa73c6093870fe8e6,primary_parent,f7c6d599d30a925ad4dfea9c420d3957952298b8d7b61539bdcb207de3ac770e,llamp_log10_mic_um,numeric,true,same_frozen_numeric_contract,minimize,log10(uM),1.016178011894226,1.4931360483169556,0.4769580364227295,-0.4769580364227295,true,fbf9e60cd9325e44eebb3f348caec3dfac3a1b5bb255805ea532b8bdcff1ed51
vegfa,d97de330b5747555e1b569b3d2f06b2320ee2c12c24c37fdd24659875dd84a5a,controlled_crossover,e3f287e1e14419af7c20b2d2d69be97992ea6e47fcf46f4fa73c6093870fe8e6,primary_parent,f7c6d599d30a925ad4dfea9c420d3957952298b8d7b61539bdcb207de3ac770e,macrel_amp_probability,numeric,true,same_frozen_numeric_contract,maximize,probability,0.521,0.396,-0.125,-0.125,true,96cb22450bbcbe9435ab522559f5c59f814314db1de52febd55d093c9b60d9a4
vegfa,d97de330b5747555e1b569b3d2f06b2320ee2c12c24c37fdd24659875dd84a5a,controlled_crossover,e3f287e1e14419af7c20b2d2d69be97992ea6e47fcf46f4fa73c6093870fe8e6,primary_parent,f7c6d599d30a925ad4dfea9c420d3957952298b8d7b61539bdcb207de3ac770e,macrel_hemolysis_label,categorical,true,same_frozen_label_contract,audit,label,low,low,,,false,0579fe84b806dced2f009d598842eadac9a06858d05ea369ae0fe7f7e2cad198
vegfa,d97de330b5747555e1b569b3d2f06b2320ee2c12c24c37fdd24659875dd84a5a,controlled_crossover,e3f287e1e14419af7c20b2d2d69be97992ea6e47fcf46f4fa73c6093870fe8e6,primary_parent,f7c6d599d30a925ad4dfea9c420d3957952298b8d7b61539bdcb207de3ac770e,macrel_hemolysis_probability,numeric,true,same_frozen_numeric_contract,minimize,probability,0.465,0.436,-0.029000000000000026,0.029000000000000026,true,1ec3a81c8ef5e626d3dd99ae6eb166fbfe9df50626d1ef6fd33f0fb8792a7b61
vegfa,d97de330b5747555e1b569b3d2f06b2320ee2c12c24c37fdd24659875dd84a5a,controlled_crossover,e3f287e1e14419af7c20b2d2d69be97992ea6e47fcf46f4fa73c6093870fe8e6,primary_parent,f7c6d599d30a925ad4dfea9c420d3957952298b8d7b61539bdcb207de3ac770e,maximum_hydrophobic_run,numeric,true,same_frozen_numeric_contract,minimize,residues,2.0,1.0,-1.0,1.0,true,2f98721904221bd120b58c9f7fe2b2733840ab686f768ceabe45a0e1100b599c
vegfa,d97de330b5747555e1b569b3d2f06b2320ee2c12c24c37fdd24659875dd84a5a,controlled_crossover,e3f287e1e14419af7c20b2d2d69be97992ea6e47fcf46f4fa73c6093870fe8e6,primary_parent,f7c6d599d30a925ad4dfea9c420d3957952298b8d7b61539bdcb207de3ac770e,net_charge_ph7_4,numeric,false,audit_metric_has_no_monotonic_improvement_direction,audit,elementary_charge,7.112,7.153,0.04099999999999948,,true,1937a4ebe91ed6eebb012d690a40913185e956fba666f7fcbfa5a1a0aef0ac7c
vegfa,d97de330b5747555e1b569b3d2f06b2320ee2c12c24c37fdd24659875dd84a5a,controlled_crossover,e3f287e1e14419af7c20b2d2d69be97992ea6e47fcf46f4fa73c6093870fe8e6,primary_parent,f7c6d599d30a925ad4dfea9c420d3957952298b8d7b61539bdcb207de3ac770e,toxinpred3_hybrid_score,numeric,true,same_frozen_numeric_contract,minimize,dimensionless,0.0,0.0,0.0,-0.0,false,153988be8dd08870df7434bc326021f0d97d3de5c50687816a86c06f6f3024c5
vegfa,d97de330b5747555e1b569b3d2f06b2320ee2c12c24c37fdd24659875dd84a5a,controlled_crossover,e3f287e1e14419af7c20b2d2d69be97992ea6e47fcf46f4fa73c6093870fe8e6,primary_parent,f7c6d599d30a925ad4dfea9c420d3957952298b8d7b61539bdcb207de3ac770e,toxinpred3_label,categorical,true,same_frozen_label_contract,audit,label,Non-Toxin,Non-Toxin,,,false,d0f2643038eb2915c6de42558595e18873c048b4a5473484366e1980fbcd9e57
vegfa,d97de330b5747555e1b569b3d2f06b2320ee2c12c24c37fdd24659875dd84a5a,controlled_crossover,e3f287e1e14419af7c20b2d2d69be97992ea6e47fcf46f4fa73c6093870fe8e6,donor_parent,f2e1e308912a377c8c7aca6123a1a556c098497f97c20bd99bfe9ccd4c975377,amp_read_log10_mic_um,numeric,true,same_frozen_numeric_contract,minimize,log10(uM),1.0863599077352775,1.8112443425092934,0.724884434774016,-0.724884434774016,true,4904af78273c06543e16c7ca68098f0565b459fd45513bed79eb4e06ee09bcf4
vegfa,d97de330b5747555e1b569b3d2f06b2320ee2c12c24c37fdd24659875dd84a5a,controlled_crossover,e3f287e1e14419af7c20b2d2d69be97992ea6e47fcf46f4fa73c6093870fe8e6,donor_parent,f2e1e308912a377c8c7aca6123a1a556c098497f97c20bd99bfe9ccd4c975377,guruprasad_instability_index,numeric,true,same_frozen_numeric_contract,minimize,index,14.769230769230766,0.565217,-14.204013769230766,14.204013769230766,true,b5dd8d6d0ed492e47185cd7e0b7ae9f62e35009b47d36e2022020e77e53b7e4d
vegfa,d97de330b5747555e1b569b3d2f06b2320ee2c12c24c37fdd24659875dd84a5a,controlled_crossover,e3f287e1e14419af7c20b2d2d69be97992ea6e47fcf46f4fa73c6093870fe8e6,donor_parent,f2e1e308912a377c8c7aca6123a1a556c098497f97c20bd99bfe9ccd4c975377,hydrophobic_moment_eisenberg,numeric,false,audit_metric_has_no_monotonic_improvement_direction,audit,dimensionless,0.10563857941862062,0.1264061018577021,0.020767522439081476,,true,eb88a4f1b0d33803d9aaf635716d69a10fbcc8aa2705b8705f1fefaafb12d807
vegfa,d97de330b5747555e1b569b3d2f06b2320ee2c12c24c37fdd24659875dd84a5a,controlled_crossover,e3f287e1e14419af7c20b2d2d69be97992ea6e47fcf46f4fa73c6093870fe8e6,donor_parent,f2e1e308912a377c8c7aca6123a1a556c098497f97c20bd99bfe9ccd4c975377,hydrophobic_ratio_modlamp,numeric,false,audit_metric_has_no_monotonic_improvement_direction,audit,fraction,0.07692307692307693,0.08695652173913043,0.010033444816053505,,true,ae8e4dedac05ddd72ad75bce4a42bc1dcec2757075737bbfbf42657bf9ac7490
vegfa,d97de330b5747555e1b569b3d2f06b2320ee2c12c24c37fdd24659875dd84a5a,controlled_crossover,e3f287e1e14419af7c20b2d2d69be97992ea6e47fcf46f4fa73c6093870fe8e6,donor_parent,f2e1e308912a377c8c7aca6123a1a556c098497f97c20bd99bfe9ccd4c975377,llamp_log10_mic_um,numeric,true,same_frozen_numeric_contract,minimize,log10(uM),1.0173412561416626,1.4931360483169556,0.47579479217529297,-0.47579479217529297,true,0c853a710cdb4b41965208c4d10ec612c6a04bf761af16c6b0544bc700c4c6b3
vegfa,d97de330b5747555e1b569b3d2f06b2320ee2c12c24c37fdd24659875dd84a5a,controlled_crossover,e3f287e1e14419af7c20b2d2d69be97992ea6e47fcf46f4fa73c6093870fe8e6,donor_parent,f2e1e308912a377c8c7aca6123a1a556c098497f97c20bd99bfe9ccd4c975377,macrel_amp_probability,numeric,true,same_frozen_numeric_contract,maximize,probability,0.515,0.396,-0.119,-0.119,true,aae2d3eaf3f5db19225e0a6006220d57e15762dd8d66039417f8a880bda13b61
vegfa,d97de330b5747555e1b569b3d2f06b2320ee2c12c24c37fdd24659875dd84a5a,controlled_crossover,e3f287e1e14419af7c20b2d2d69be97992ea6e47fcf46f4fa73c6093870fe8e6,donor_parent,f2e1e308912a377c8c7aca6123a1a556c098497f97c20bd99bfe9ccd4c975377,macrel_hemolysis_label,categorical,true,same_frozen_label_contract,audit,label,low,low,,,false,c927e7397a4e9fddffe89235f1b2679d82227deb74ad52755a93053119f8cf11
vegfa,d97de330b5747555e1b569b3d2f06b2320ee2c12c24c37fdd24659875dd84a5a,controlled_crossover,e3f287e1e14419af7c20b2d2d69be97992ea6e47fcf46f4fa73c6093870fe8e6,donor_parent,f2e1e308912a377c8c7aca6123a1a556c098497f97c20bd99bfe9ccd4c975377,macrel_hemolysis_probability,numeric,true,same_frozen_numeric_contract,minimize,probability,0.465,0.436,-0.029000000000000026,0.029000000000000026,true,824333bf824720b096723d4f4b08a960727f7ef112e5aa18503baac5994a5f1f
vegfa,d97de330b5747555e1b569b3d2f06b2320ee2c12c24c37fdd24659875dd84a5a,controlled_crossover,e3f287e1e14419af7c20b2d2d69be97992ea6e47fcf46f4fa73c6093870fe8e6,donor_parent,f2e1e308912a377c8c7aca6123a1a556c098497f97c20bd99bfe9ccd4c975377,maximum_hydrophobic_run,numeric,true,same_frozen_numeric_contract,minimize,residues,2.0,1.0,-1.0,1.0,true,2e2b35b258db03af065a570ac285649f8041804c62cbe33385add01802f0ff31
vegfa,d97de330b5747555e1b569b3d2f06b2320ee2c12c24c37fdd24659875dd84a5a,controlled_crossover,e3f287e1e14419af7c20b2d2d69be97992ea6e47fcf46f4fa73c6093870fe8e6,donor_parent,f2e1e308912a377c8c7aca6123a1a556c098497f97c20bd99bfe9ccd4c975377,net_charge_ph7_4,numeric,false,audit_metric_has_no_monotonic_improvement_direction,audit,elementary_charge,10.151,7.153,-2.998,,true,3df3fd044fe4816bb4e9e8e9e5e46ec1f650b2acd4d4872c07e6815974ae8676
vegfa,d97de330b5747555e1b569b3d2f06b2320ee2c12c24c37fdd24659875dd84a5a,controlled_crossover,e3f287e1e14419af7c20b2d2d69be97992ea6e47fcf46f4fa73c6093870fe8e6,donor_parent,f2e1e308912a377c8c7aca6123a1a556c098497f97c20bd99bfe9ccd4c975377,toxinpred3_hybrid_score,numeric,true,same_frozen_numeric_contract,minimize,dimensionless,0.01,0.0,-0.01,0.01,true,28d0846e2e8dc5fac0908bc7121910fcea3c2b49045694f49030441770c7218f
vegfa,d97de330b5747555e1b569b3d2f06b2320ee2c12c24c37fdd24659875dd84a5a,controlled_crossover,e3f287e1e14419af7c20b2d2d69be97992ea6e47fcf46f4fa73c6093870fe8e6,donor_parent,f2e1e308912a377c8c7aca6123a1a556c098497f97c20bd99bfe9ccd4c975377,toxinpred3_label,categorical,true,same_frozen_label_contract,audit,label,Non-Toxin,Non-Toxin,,,false,df1cd99d6c96095321deffe406bd2c0626d03742b60cd5eff4b4597a95413dfa
vegfa,f5a6166203d983e0c39982876ff0f51c74ac1dbd9b6e06c73bb42186f57cee64,de_novo,fecd602599b13a8f413caee1a526df25f89bfe13b87594202b230e4055e74584,none,,amp_read_log10_mic_um,numeric,false,de_novo_has_no_biological_parent,,,,2.144851318000051,,,,398db065987fa9d7bacfdda9193c904313ea29e88d65a9283b96047e17a1e75c
vegfa,f5a6166203d983e0c39982876ff0f51c74ac1dbd9b6e06c73bb42186f57cee64,de_novo,fecd602599b13a8f413caee1a526df25f89bfe13b87594202b230e4055e74584,none,,guruprasad_instability_index,numeric,false,de_novo_has_no_biological_parent,,,,19.868000,,,,65be492540ac577d228c1c2aedcd0a08e9a54c5e9b0ce0933397c12817b12cc2
vegfa,f5a6166203d983e0c39982876ff0f51c74ac1dbd9b6e06c73bb42186f57cee64,de_novo,fecd602599b13a8f413caee1a526df25f89bfe13b87594202b230e4055e74584,none,,hydrophobic_moment_eisenberg,numeric,false,de_novo_has_no_biological_parent,,,,0.07055144233802442,,,,fec1618f3f3bc39f85c15f20c652531252512aad59ea7353e05e3965ff617d72
vegfa,f5a6166203d983e0c39982876ff0f51c74ac1dbd9b6e06c73bb42186f57cee64,de_novo,fecd602599b13a8f413caee1a526df25f89bfe13b87594202b230e4055e74584,none,,hydrophobic_ratio_modlamp,numeric,false,de_novo_has_no_biological_parent,,,,0.08,,,,dd77303dc7ebbe83a1e898aeda9b655784b8f53c05df3309829ca0d665714304
vegfa,f5a6166203d983e0c39982876ff0f51c74ac1dbd9b6e06c73bb42186f57cee64,de_novo,fecd602599b13a8f413caee1a526df25f89bfe13b87594202b230e4055e74584,none,,llamp_log10_mic_um,numeric,false,de_novo_has_no_biological_parent,,,,1.7199777364730835,,,,c0f5acd4bd865237796198cbff4156d2f0d1b7de9d2d6b02d883ab13f8b860b7
vegfa,f5a6166203d983e0c39982876ff0f51c74ac1dbd9b6e06c73bb42186f57cee64,de_novo,fecd602599b13a8f413caee1a526df25f89bfe13b87594202b230e4055e74584,none,,macrel_amp_probability,numeric,false,de_novo_has_no_biological_parent,,,,0.228,,,,d357847bf2fa7a86fac5c266e69351de5802a933b06c8f9c8a41eedeba582b6e
vegfa,f5a6166203d983e0c39982876ff0f51c74ac1dbd9b6e06c73bb42186f57cee64,de_novo,fecd602599b13a8f413caee1a526df25f89bfe13b87594202b230e4055e74584,none,,macrel_hemolysis_label,categorical,false,de_novo_has_no_biological_parent,,,,low,,,,1ab4b5012a397ce7773b19a293a2d89afc399cd158bed01ebbb07d5750c25eb7
vegfa,f5a6166203d983e0c39982876ff0f51c74ac1dbd9b6e06c73bb42186f57cee64,de_novo,fecd602599b13a8f413caee1a526df25f89bfe13b87594202b230e4055e74584,none,,macrel_hemolysis_probability,numeric,false,de_novo_has_no_biological_parent,,,,0.475,,,,35ebb6cc9d6fb36aef41444a77c35cbc753217307819926da48cf4f6663e884f
vegfa,f5a6166203d983e0c39982876ff0f51c74ac1dbd9b6e06c73bb42186f57cee64,de_novo,fecd602599b13a8f413caee1a526df25f89bfe13b87594202b230e4055e74584,none,,maximum_hydrophobic_run,numeric,false,de_novo_has_no_biological_parent,,,,1,,,,ba59b675bb55bad9cd94bbbb02d86b33447f5f4acfe1be0335b2c7049f698e15
vegfa,f5a6166203d983e0c39982876ff0f51c74ac1dbd9b6e06c73bb42186f57cee64,de_novo,fecd602599b13a8f413caee1a526df25f89bfe13b87594202b230e4055e74584,none,,net_charge_ph7_4,numeric,false,de_novo_has_no_biological_parent,,,,9.068,,,,041daf8c4d7544b339f946391c4ccd70534635007d552a4e47fdd5f7b061275c
vegfa,f5a6166203d983e0c39982876ff0f51c74ac1dbd9b6e06c73bb42186f57cee64,de_novo,fecd602599b13a8f413caee1a526df25f89bfe13b87594202b230e4055e74584,none,,toxinpred3_hybrid_score,numeric,false,de_novo_has_no_biological_parent,,,,0.36,,,,0d6293c39838294a3db250476e2f7a5996ac22daf5f8d901ba8aadc180cab6dd
vegfa,f5a6166203d983e0c39982876ff0f51c74ac1dbd9b6e06c73bb42186f57cee64,de_novo,fecd602599b13a8f413caee1a526df25f89bfe13b87594202b230e4055e74584,none,,toxinpred3_label,categorical,false,de_novo_has_no_biological_parent,,,,Non-Toxin,,,,1023af6e0a5b10ed0cff1924d6d2862510f2b6f391d0ee93ebee071e3c630e4d
vegfa,f45ae08b06f9928257bca767044ba06f1e21a7ca64a663b6073b83d11001b395,de_novo,3764fb95ce529398615def149d65595cabd4e046af71c96597ae4283faaefb87,none,,amp_read_log10_mic_um,numeric,false,de_novo_has_no_biological_parent,,,,1.419446700409559,,,,c8ac5ada27fb194ace8d3db7d18b9337792404ec4c2583803c34467dcd5f22e6
vegfa,f45ae08b06f9928257bca767044ba06f1e21a7ca64a663b6073b83d11001b395,de_novo,3764fb95ce529398615def149d65595cabd4e046af71c96597ae4283faaefb87,none,,guruprasad_instability_index,numeric,false,de_novo_has_no_biological_parent,,,,-14.960000,,,,0ac097d44bda501007c90539b5792291c7913c2c8c37543e9fb7492a5d28ce2a
vegfa,f45ae08b06f9928257bca767044ba06f1e21a7ca64a663b6073b83d11001b395,de_novo,3764fb95ce529398615def149d65595cabd4e046af71c96597ae4283faaefb87,none,,hydrophobic_moment_eisenberg,numeric,false,de_novo_has_no_biological_parent,,,,0.1588786169886225,,,,32c4318cab51a65090275ae5a69eb8b41fe0cbffbb577a1c79a76922e971a02c
vegfa,f45ae08b06f9928257bca767044ba06f1e21a7ca64a663b6073b83d11001b395,de_novo,3764fb95ce529398615def149d65595cabd4e046af71c96597ae4283faaefb87,none,,hydrophobic_ratio_modlamp,numeric,false,de_novo_has_no_biological_parent,,,,0.1,,,,cdfd574d016559e37252f2569686e22e81aa89f71e6fb5b414539392405f3b49
vegfa,f45ae08b06f9928257bca767044ba06f1e21a7ca64a663b6073b83d11001b395,de_novo,3764fb95ce529398615def149d65595cabd4e046af71c96597ae4283faaefb87,none,,llamp_log10_mic_um,numeric,false,de_novo_has_no_biological_parent,,,,1.326706051826477,,,,1a84b160153fdfc2f466714622e6d3b2a568aa5d343f60ccd2ce5c06dc76acc1
vegfa,f45ae08b06f9928257bca767044ba06f1e21a7ca64a663b6073b83d11001b395,de_novo,3764fb95ce529398615def149d65595cabd4e046af71c96597ae4283faaefb87,none,,macrel_amp_probability,numeric,false,de_novo_has_no_biological_parent,,,,0.505,,,,dd7f2f18f4bb02ff45bf751f9434bd256825f55c5ae486b601b811a32f2c9e36
vegfa,f45ae08b06f9928257bca767044ba06f1e21a7ca64a663b6073b83d11001b395,de_novo,3764fb95ce529398615def149d65595cabd4e046af71c96597ae4283faaefb87,none,,macrel_hemolysis_label,categorical,false,de_novo_has_no_biological_parent,,,,high,,,,fac6422fc3287636aec3317060859e53722cc869c8241054e842f56f23bc3c47
vegfa,f45ae08b06f9928257bca767044ba06f1e21a7ca64a663b6073b83d11001b395,de_novo,3764fb95ce529398615def149d65595cabd4e046af71c96597ae4283faaefb87,none,,macrel_hemolysis_probability,numeric,false,de_novo_has_no_biological_parent,,,,0.515,,,,173e94d788602fb1ad12848cd9f69d1509575058ea6d65f62120837541b4884a
vegfa,f45ae08b06f9928257bca767044ba06f1e21a7ca64a663b6073b83d11001b395,de_novo,3764fb95ce529398615def149d65595cabd4e046af71c96597ae4283faaefb87,none,,maximum_hydrophobic_run,numeric,false,de_novo_has_no_biological_parent,,,,1,,,,6a03f5380384f7de8577ac89c5ff8a62e8998927827b814c4ab6a2f17b0d54a5
vegfa,f45ae08b06f9928257bca767044ba06f1e21a7ca64a663b6073b83d11001b395,de_novo,3764fb95ce529398615def149d65595cabd4e046af71c96597ae4283faaefb87,none,,net_charge_ph7_4,numeric,false,de_novo_has_no_biological_parent,,,,10.068,,,,ec6578492bc0332153ce6a6175152a54c633a650f7d30faa52e2e3e10054ba94
vegfa,f45ae08b06f9928257bca767044ba06f1e21a7ca64a663b6073b83d11001b395,de_novo,3764fb95ce529398615def149d65595cabd4e046af71c96597ae4283faaefb87,none,,toxinpred3_hybrid_score,numeric,false,de_novo_has_no_biological_parent,,,,0.455,,,,64eb0e3483ec4cb67b5b926d4e9690a46d1c6fc51cb7856d1a855403b3b54ba3
vegfa,f45ae08b06f9928257bca767044ba06f1e21a7ca64a663b6073b83d11001b395,de_novo,3764fb95ce529398615def149d65595cabd4e046af71c96597ae4283faaefb87,none,,toxinpred3_label,categorical,false,de_novo_has_no_biological_parent,,,,Toxin,,,,c91e2fdf71b27e4366d7dc91524236f514b280eced4d3eba2c5e9373fc877322
vegfa,83f5af6f03b89200f37d77a46d33f706d063be431aa619c47c23d6b7a9622045,masked_substitution,e1614e89d460a19b6df25fc83b01bed7200a10e8b7b29a50bf6d3185a0732538,primary_parent,02e6e8a9041d1f5e02ded66ace7f1bf8353933cb460554f7d6d4f7827ee851e3,amp_read_log10_mic_um,numeric,true,same_frozen_numeric_contract,minimize,log10(uM),0.8502392420270765,0.823438648085478,-0.026800593941598505,0.026800593941598505,true,c53d0cbf0fd4a69882de79e85302fadabec57fadf67dd42f1d052d7d08775fcf
vegfa,83f5af6f03b89200f37d77a46d33f706d063be431aa619c47c23d6b7a9622045,masked_substitution,e1614e89d460a19b6df25fc83b01bed7200a10e8b7b29a50bf6d3185a0732538,primary_parent,02e6e8a9041d1f5e02ded66ace7f1bf8353933cb460554f7d6d4f7827ee851e3,guruprasad_instability_index,numeric,true,same_frozen_numeric_contract,minimize,index,-9.308695652173913,-15.843478,-6.534782347826086,6.534782347826086,true,09b9ebf74ede789247425a1d0b4f7ddabb589674a00a45f3047c60c123e6b559
vegfa,83f5af6f03b89200f37d77a46d33f706d063be431aa619c47c23d6b7a9622045,masked_substitution,e1614e89d460a19b6df25fc83b01bed7200a10e8b7b29a50bf6d3185a0732538,primary_parent,02e6e8a9041d1f5e02ded66ace7f1bf8353933cb460554f7d6d4f7827ee851e3,hydrophobic_moment_eisenberg,numeric,false,audit_metric_has_no_monotonic_improvement_direction,audit,dimensionless,0.14056582796750103,0.12291803409717847,-0.01764779387032256,,true,f8de07cc38f1fb921dcfafc57b70efe6ca2eca865d632392e4c8d08d5371aaac
vegfa,83f5af6f03b89200f37d77a46d33f706d063be431aa619c47c23d6b7a9622045,masked_substitution,e1614e89d460a19b6df25fc83b01bed7200a10e8b7b29a50bf6d3185a0732538,primary_parent,02e6e8a9041d1f5e02ded66ace7f1bf8353933cb460554f7d6d4f7827ee851e3,hydrophobic_ratio_modlamp,numeric,false,audit_metric_has_no_monotonic_improvement_direction,audit,fraction,0.2608695652173913,0.2608695652173913,0.0,,false,31ac1a07fd18b9b947e616499b62e908a498d9e97f0e8e3cf130c38c8f6d8d98
vegfa,83f5af6f03b89200f37d77a46d33f706d063be431aa619c47c23d6b7a9622045,masked_substitution,e1614e89d460a19b6df25fc83b01bed7200a10e8b7b29a50bf6d3185a0732538,primary_parent,02e6e8a9041d1f5e02ded66ace7f1bf8353933cb460554f7d6d4f7827ee851e3,llamp_log10_mic_um,numeric,true,same_frozen_numeric_contract,minimize,log10(uM),1.3610467910766602,1.291879415512085,-0.0691673755645752,0.0691673755645752,true,10b9fb07c4ed329d5e64e2461f93f763a11689cdf6bdadc04ae89bd104b684a2
vegfa,83f5af6f03b89200f37d77a46d33f706d063be431aa619c47c23d6b7a9622045,masked_substitution,e1614e89d460a19b6df25fc83b01bed7200a10e8b7b29a50bf6d3185a0732538,primary_parent,02e6e8a9041d1f5e02ded66ace7f1bf8353933cb460554f7d6d4f7827ee851e3,macrel_amp_probability,numeric,true,same_frozen_numeric_contract,maximize,probability,0.584,0.594,0.010000000000000009,0.010000000000000009,true,f10808e8dfd69053f600c0846e659843150a6d123e84f81475e12ac4d0ad3a20
vegfa,83f5af6f03b89200f37d77a46d33f706d063be431aa619c47c23d6b7a9622045,masked_substitution,e1614e89d460a19b6df25fc83b01bed7200a10e8b7b29a50bf6d3185a0732538,primary_parent,02e6e8a9041d1f5e02ded66ace7f1bf8353933cb460554f7d6d4f7827ee851e3,macrel_hemolysis_label,categorical,true,same_frozen_label_contract,audit,label,low,low,,,false,1848ee5735414f1cc39ed9dd014eb2acd2bfbeebec7458429042e6634d45df68
vegfa,83f5af6f03b89200f37d77a46d33f706d063be431aa619c47c23d6b7a9622045,masked_substitution,e1614e89d460a19b6df25fc83b01bed7200a10e8b7b29a50bf6d3185a0732538,primary_parent,02e6e8a9041d1f5e02ded66ace7f1bf8353933cb460554f7d6d4f7827ee851e3,macrel_hemolysis_probability,numeric,true,same_frozen_numeric_contract,minimize,probability,0.465,0.465,0.0,-0.0,false,8ad96888bb447216dfe95784f969123afbfdeaece736ab024840885a893c9101
vegfa,83f5af6f03b89200f37d77a46d33f706d063be431aa619c47c23d6b7a9622045,masked_substitution,e1614e89d460a19b6df25fc83b01bed7200a10e8b7b29a50bf6d3185a0732538,primary_parent,02e6e8a9041d1f5e02ded66ace7f1bf8353933cb460554f7d6d4f7827ee851e3,maximum_hydrophobic_run,numeric,true,same_frozen_numeric_contract,minimize,residues,2.0,2.0,0.0,-0.0,false,5eb906459bca92d79420b54cb99d92ebc6c2450ce8fa9049e830bd2e82e5956c
vegfa,83f5af6f03b89200f37d77a46d33f706d063be431aa619c47c23d6b7a9622045,masked_substitution,e1614e89d460a19b6df25fc83b01bed7200a10e8b7b29a50bf6d3185a0732538,primary_parent,02e6e8a9041d1f5e02ded66ace7f1bf8353933cb460554f7d6d4f7827ee851e3,net_charge_ph7_4,numeric,false,audit_metric_has_no_monotonic_improvement_direction,audit,elementary_charge,6.112,6.112,0.0,,false,a838b60fa4c63c8ae142bf0cace72467d71205e60b7de319d7951617c801aa0c
vegfa,83f5af6f03b89200f37d77a46d33f706d063be431aa619c47c23d6b7a9622045,masked_substitution,e1614e89d460a19b6df25fc83b01bed7200a10e8b7b29a50bf6d3185a0732538,primary_parent,02e6e8a9041d1f5e02ded66ace7f1bf8353933cb460554f7d6d4f7827ee851e3,toxinpred3_hybrid_score,numeric,true,same_frozen_numeric_contract,minimize,dimensionless,0.0,0.0,0.0,-0.0,false,0295f2bba6c1dd80c79daef9a91e40cf77b05b355c3a879ed858084068553942
vegfa,83f5af6f03b89200f37d77a46d33f706d063be431aa619c47c23d6b7a9622045,masked_substitution,e1614e89d460a19b6df25fc83b01bed7200a10e8b7b29a50bf6d3185a0732538,primary_parent,02e6e8a9041d1f5e02ded66ace7f1bf8353933cb460554f7d6d4f7827ee851e3,toxinpred3_label,categorical,true,same_frozen_label_contract,audit,label,Non-Toxin,Non-Toxin,,,false,f66b2951ef3488bdf9315f706c93348319b14d7bc7e859c50869bb4345927240
vegfa,ae8c2824a62e2ad2a40653a65618645178f93b08eb66f84cbfd7d04e27381bec,controlled_crossover,25de4f59abf33b37290d79fa2cf04774ab1a12f21260e31e170c03f028269645,primary_parent,089615c18ff5e7154002281ce8551355e55752ccffeaf8b8dce9ed39ad295f5e,amp_read_log10_mic_um,numeric,true,same_frozen_numeric_contract,minimize,log10(uM),0.8154980552213776,1.3538479258628326,0.538349870641455,-0.538349870641455,true,3ba5758d716b068946ef7b2d7e18af58f1ff43551e6e25c217ead127d97dea42
vegfa,ae8c2824a62e2ad2a40653a65618645178f93b08eb66f84cbfd7d04e27381bec,controlled_crossover,25de4f59abf33b37290d79fa2cf04774ab1a12f21260e31e170c03f028269645,primary_parent,089615c18ff5e7154002281ce8551355e55752ccffeaf8b8dce9ed39ad295f5e,guruprasad_instability_index,numeric,true,same_frozen_numeric_contract,minimize,index,-13.000000000000002,2.23913,15.239130000000001,-15.239130000000001,true,35a86c62adaa840ace88cdedb77b4928a7f35d120636e5d991150f87c68be5ae
vegfa,ae8c2824a62e2ad2a40653a65618645178f93b08eb66f84cbfd7d04e27381bec,controlled_crossover,25de4f59abf33b37290d79fa2cf04774ab1a12f21260e31e170c03f028269645,primary_parent,089615c18ff5e7154002281ce8551355e55752ccffeaf8b8dce9ed39ad295f5e,hydrophobic_moment_eisenberg,numeric,false,audit_metric_has_no_monotonic_improvement_direction,audit,dimensionless,0.3134902256123226,0.1589412380019996,-0.15454898761032299,,true,9be5fb15259da0db9eeb186c1b7afe999700443ccc2182cf9d0bc42849374a2d
vegfa,ae8c2824a62e2ad2a40653a65618645178f93b08eb66f84cbfd7d04e27381bec,controlled_crossover,25de4f59abf33b37290d79fa2cf04774ab1a12f21260e31e170c03f028269645,primary_parent,089615c18ff5e7154002281ce8551355e55752ccffeaf8b8dce9ed39ad295f5e,hydrophobic_ratio_modlamp,numeric,false,audit_metric_has_no_monotonic_improvement_direction,audit,fraction,0.21739130434782608,0.08695652173913043,-0.13043478260869565,,true,a0d590db51acaf2c99ecd66a35347f5ec076048e7c26d5edc4dad7cc2e2067da
vegfa,ae8c2824a62e2ad2a40653a65618645178f93b08eb66f84cbfd7d04e27381bec,controlled_crossover,25de4f59abf33b37290d79fa2cf04774ab1a12f21260e31e170c03f028269645,primary_parent,089615c18ff5e7154002281ce8551355e55752ccffeaf8b8dce9ed39ad295f5e,llamp_log10_mic_um,numeric,true,same_frozen_numeric_contract,minimize,log10(uM),1.3488975763320923,1.9317975044250488,0.5828999280929565,-0.5828999280929565,true,13ea5debd3459587d1846e2a0c36a0e4635a8685d49a22a0c641754f4d14e830
vegfa,ae8c2824a62e2ad2a40653a65618645178f93b08eb66f84cbfd7d04e27381bec,controlled_crossover,25de4f59abf33b37290d79fa2cf04774ab1a12f21260e31e170c03f028269645,primary_parent,089615c18ff5e7154002281ce8551355e55752ccffeaf8b8dce9ed39ad295f5e,macrel_amp_probability,numeric,true,same_frozen_numeric_contract,maximize,probability,0.531,0.307,-0.22400000000000003,-0.22400000000000003,true,80c67ba43913e0d6d37883259e9a1dd8dc71366e32697683722620a7ed39ae18
vegfa,ae8c2824a62e2ad2a40653a65618645178f93b08eb66f84cbfd7d04e27381bec,controlled_crossover,25de4f59abf33b37290d79fa2cf04774ab1a12f21260e31e170c03f028269645,primary_parent,089615c18ff5e7154002281ce8551355e55752ccffeaf8b8dce9ed39ad295f5e,macrel_hemolysis_label,categorical,true,same_frozen_label_contract,audit,label,low,low,,,false,f823b82651131efe23b6f33a8fdda25eb1cab2400fc41db3afba6d5ece98e8d0
vegfa,ae8c2824a62e2ad2a40653a65618645178f93b08eb66f84cbfd7d04e27381bec,controlled_crossover,25de4f59abf33b37290d79fa2cf04774ab1a12f21260e31e170c03f028269645,primary_parent,089615c18ff5e7154002281ce8551355e55752ccffeaf8b8dce9ed39ad295f5e,macrel_hemolysis_probability,numeric,true,same_frozen_numeric_contract,minimize,probability,0.495,0.436,-0.059,0.059,true,5cbf6e5d59e47894b0d710c65bf12934c90bca672aa9af38f1e482399acbde62
vegfa,ae8c2824a62e2ad2a40653a65618645178f93b08eb66f84cbfd7d04e27381bec,controlled_crossover,25de4f59abf33b37290d79fa2cf04774ab1a12f21260e31e170c03f028269645,primary_parent,089615c18ff5e7154002281ce8551355e55752ccffeaf8b8dce9ed39ad295f5e,maximum_hydrophobic_run,numeric,true,same_frozen_numeric_contract,minimize,residues,2.0,1.0,-1.0,1.0,true,3c8c7d2dbef1001217231f3cf2e6b8941a1ae589a1a02123a43de2c72afe6047
vegfa,ae8c2824a62e2ad2a40653a65618645178f93b08eb66f84cbfd7d04e27381bec,controlled_crossover,25de4f59abf33b37290d79fa2cf04774ab1a12f21260e31e170c03f028269645,primary_parent,089615c18ff5e7154002281ce8551355e55752ccffeaf8b8dce9ed39ad295f5e,net_charge_ph7_4,numeric,false,audit_metric_has_no_monotonic_improvement_direction,audit,elementary_charge,8.07,8.111,0.04100000000000037,,true,92bcde896ba3cecc42c1576b462be14de18b607c339095c046b91ac0b20b4c4d
vegfa,ae8c2824a62e2ad2a40653a65618645178f93b08eb66f84cbfd7d04e27381bec,controlled_crossover,25de4f59abf33b37290d79fa2cf04774ab1a12f21260e31e170c03f028269645,primary_parent,089615c18ff5e7154002281ce8551355e55752ccffeaf8b8dce9ed39ad295f5e,toxinpred3_hybrid_score,numeric,true,same_frozen_numeric_contract,minimize,dimensionless,0.005,0.0,-0.005,0.005,true,c55782206e8c415655bae5c27272559ef5c7b17b58d0fac0a5dcaf2f5114aac9
vegfa,ae8c2824a62e2ad2a40653a65618645178f93b08eb66f84cbfd7d04e27381bec,controlled_crossover,25de4f59abf33b37290d79fa2cf04774ab1a12f21260e31e170c03f028269645,primary_parent,089615c18ff5e7154002281ce8551355e55752ccffeaf8b8dce9ed39ad295f5e,toxinpred3_label,categorical,true,same_frozen_label_contract,audit,label,Non-Toxin,Non-Toxin,,,false,8d5d0871c1074a046c2bc12b578785a8c29ecbd662e310b6dab652aac6cbbc70
vegfa,ae8c2824a62e2ad2a40653a65618645178f93b08eb66f84cbfd7d04e27381bec,controlled_crossover,25de4f59abf33b37290d79fa2cf04774ab1a12f21260e31e170c03f028269645,donor_parent,f2e1e308912a377c8c7aca6123a1a556c098497f97c20bd99bfe9ccd4c975377,amp_read_log10_mic_um,numeric,true,same_frozen_numeric_contract,minimize,log10(uM),1.0863599077352775,1.3538479258628326,0.2674880181275552,-0.2674880181275552,true,5731f35a394185088ef6086aa0d5a66c99744a3d617e56812bac890574a04b08
vegfa,ae8c2824a62e2ad2a40653a65618645178f93b08eb66f84cbfd7d04e27381bec,controlled_crossover,25de4f59abf33b37290d79fa2cf04774ab1a12f21260e31e170c03f028269645,donor_parent,f2e1e308912a377c8c7aca6123a1a556c098497f97c20bd99bfe9ccd4c975377,guruprasad_instability_index,numeric,true,same_frozen_numeric_contract,minimize,index,14.769230769230766,2.23913,-12.530100769230767,12.530100769230767,true,5d6d543a93f986ad765cdf617e5c7a69118ae86f257688ccd419d4a33b3ccf97
vegfa,ae8c2824a62e2ad2a40653a65618645178f93b08eb66f84cbfd7d04e27381bec,controlled_crossover,25de4f59abf33b37290d79fa2cf04774ab1a12f21260e31e170c03f028269645,donor_parent,f2e1e308912a377c8c7aca6123a1a556c098497f97c20bd99bfe9ccd4c975377,hydrophobic_moment_eisenberg,numeric,false,audit_metric_has_no_monotonic_improvement_direction,audit,dimensionless,0.10563857941862062,0.1589412380019996,0.05330265858337899,,true,7ec8697db1cdcb6cf7481a159e05d5c03f58c72374f8203d8722181877c6d498
vegfa,ae8c2824a62e2ad2a40653a65618645178f93b08eb66f84cbfd7d04e27381bec,controlled_crossover,25de4f59abf33b37290d79fa2cf04774ab1a12f21260e31e170c03f028269645,donor_parent,f2e1e308912a377c8c7aca6123a1a556c098497f97c20bd99bfe9ccd4c975377,hydrophobic_ratio_modlamp,numeric,false,audit_metric_has_no_monotonic_improvement_direction,audit,fraction,0.07692307692307693,0.08695652173913043,0.010033444816053505,,true,35f51b0b68cf382838d225c02427fcb446eeefd0e855a3ccaebf54fcdd5b8761
vegfa,ae8c2824a62e2ad2a40653a65618645178f93b08eb66f84cbfd7d04e27381bec,controlled_crossover,25de4f59abf33b37290d79fa2cf04774ab1a12f21260e31e170c03f028269645,donor_parent,f2e1e308912a377c8c7aca6123a1a556c098497f97c20bd99bfe9ccd4c975377,llamp_log10_mic_um,numeric,true,same_frozen_numeric_contract,minimize,log10(uM),1.0173412561416626,1.9317975044250488,0.9144562482833862,-0.9144562482833862,true,b592fc21cff5a6c76a7bd064fba4dbbb0326123ac83447e7d464278c04c5301f
vegfa,ae8c2824a62e2ad2a40653a65618645178f93b08eb66f84cbfd7d04e27381bec,controlled_crossover,25de4f59abf33b37290d79fa2cf04774ab1a12f21260e31e170c03f028269645,donor_parent,f2e1e308912a377c8c7aca6123a1a556c098497f97c20bd99bfe9ccd4c975377,macrel_amp_probability,numeric,true,same_frozen_numeric_contract,maximize,probability,0.515,0.307,-0.20800000000000002,-0.20800000000000002,true,cedc0145274b89a6ec7b0e65c1211509bbf8b4ac9c5f58bcda3357c2a34f8181
vegfa,ae8c2824a62e2ad2a40653a65618645178f93b08eb66f84cbfd7d04e27381bec,controlled_crossover,25de4f59abf33b37290d79fa2cf04774ab1a12f21260e31e170c03f028269645,donor_parent,f2e1e308912a377c8c7aca6123a1a556c098497f97c20bd99bfe9ccd4c975377,macrel_hemolysis_label,categorical,true,same_frozen_label_contract,audit,label,low,low,,,false,04d46d5a9243f7ab709f42533c468638c4093d024494580af7345430555f6b06
vegfa,ae8c2824a62e2ad2a40653a65618645178f93b08eb66f84cbfd7d04e27381bec,controlled_crossover,25de4f59abf33b37290d79fa2cf04774ab1a12f21260e31e170c03f028269645,donor_parent,f2e1e308912a377c8c7aca6123a1a556c098497f97c20bd99bfe9ccd4c975377,macrel_hemolysis_probability,numeric,true,same_frozen_numeric_contract,minimize,probability,0.465,0.436,-0.029000000000000026,0.029000000000000026,true,41b62f5fdfc399535396f3100ce72398e7598941d7d7682653f2bacaa0897a5e
vegfa,ae8c2824a62e2ad2a40653a65618645178f93b08eb66f84cbfd7d04e27381bec,controlled_crossover,25de4f59abf33b37290d79fa2cf04774ab1a12f21260e31e170c03f028269645,donor_parent,f2e1e308912a377c8c7aca6123a1a556c098497f97c20bd99bfe9ccd4c975377,maximum_hydrophobic_run,numeric,true,same_frozen_numeric_contract,minimize,residues,2.0,1.0,-1.0,1.0,true,a612e23b01d051e74eb7c4c35bd2706a33c0363208960590d01bb704ce6f35a1
vegfa,ae8c2824a62e2ad2a40653a65618645178f93b08eb66f84cbfd7d04e27381bec,controlled_crossover,25de4f59abf33b37290d79fa2cf04774ab1a12f21260e31e170c03f028269645,donor_parent,f2e1e308912a377c8c7aca6123a1a556c098497f97c20bd99bfe9ccd4c975377,net_charge_ph7_4,numeric,false,audit_metric_has_no_monotonic_improvement_direction,audit,elementary_charge,10.151,8.111,-2.039999999999999,,true,58b2e83ada65fe70f5637f22823d7c73461e2a6a6dacb9e24f67f74c4706e390
vegfa,ae8c2824a62e2ad2a40653a65618645178f93b08eb66f84cbfd7d04e27381bec,controlled_crossover,25de4f59abf33b37290d79fa2cf04774ab1a12f21260e31e170c03f028269645,donor_parent,f2e1e308912a377c8c7aca6123a1a556c098497f97c20bd99bfe9ccd4c975377,toxinpred3_hybrid_score,numeric,true,same_frozen_numeric_contract,minimize,dimensionless,0.01,0.0,-0.01,0.01,true,d4856560b0c3e23b1400bd9c11930b4e5d6ad60bdfb7cf86a3def58f8b0dc0e8
vegfa,ae8c2824a62e2ad2a40653a65618645178f93b08eb66f84cbfd7d04e27381bec,controlled_crossover,25de4f59abf33b37290d79fa2cf04774ab1a12f21260e31e170c03f028269645,donor_parent,f2e1e308912a377c8c7aca6123a1a556c098497f97c20bd99bfe9ccd4c975377,toxinpred3_label,categorical,true,same_frozen_label_contract,audit,label,Non-Toxin,Non-Toxin,,,false,e97fef2fcb06ce9e4cfcbcb3a1c769800ce5b3e19ac21d8eb5677428e33fdf79
vegfa,da391484710ea89db2cb3bbef2df6e5aa37ff4738eeae8361ac9f6b6c350808b,de_novo,76c2b7d0a2ff7c44f85b503512d260640b361e94b66ee9fe7b9c55fdef564025,none,,amp_read_log10_mic_um,numeric,false,de_novo_has_no_biological_parent,,,,0.6385470835086089,,,,b901efa6f2656b103e09eec99f05322511dcefa52de66ccb8b303383b0d7dc37
vegfa,da391484710ea89db2cb3bbef2df6e5aa37ff4738eeae8361ac9f6b6c350808b,de_novo,76c2b7d0a2ff7c44f85b503512d260640b361e94b66ee9fe7b9c55fdef564025,none,,guruprasad_instability_index,numeric,false,de_novo_has_no_biological_parent,,,,37.730769,,,,8f591fa9317126e5a3de59bb2721a5449e6969049088f78d3a2a9f3be74b22f1
vegfa,da391484710ea89db2cb3bbef2df6e5aa37ff4738eeae8361ac9f6b6c350808b,de_novo,76c2b7d0a2ff7c44f85b503512d260640b361e94b66ee9fe7b9c55fdef564025,none,,hydrophobic_moment_eisenberg,numeric,false,de_novo_has_no_biological_parent,,,,0.08852401998099667,,,,a39e01d06845f47a4e24428ea370ddb2dce641d98db21e0d8b77e90d99095396
vegfa,da391484710ea89db2cb3bbef2df6e5aa37ff4738eeae8361ac9f6b6c350808b,de_novo,76c2b7d0a2ff7c44f85b503512d260640b361e94b66ee9fe7b9c55fdef564025,none,,hydrophobic_ratio_modlamp,numeric,false,de_novo_has_no_biological_parent,,,,0.23076923076923078,,,,993d463ad93b85dcf900180ddc4727125240450c9a037a26b2d370d2bafd1b94
vegfa,da391484710ea89db2cb3bbef2df6e5aa37ff4738eeae8361ac9f6b6c350808b,de_novo,76c2b7d0a2ff7c44f85b503512d260640b361e94b66ee9fe7b9c55fdef564025,none,,llamp_log10_mic_um,numeric,false,de_novo_has_no_biological_parent,,,,1.0121561288833618,,,,8d36255bddd872c9a9731ebaa4bcb300031535ba4f60746c18567b3ebd4b6694
vegfa,da391484710ea89db2cb3bbef2df6e5aa37ff4738eeae8361ac9f6b6c350808b,de_novo,76c2b7d0a2ff7c44f85b503512d260640b361e94b66ee9fe7b9c55fdef564025,none,,macrel_amp_probability,numeric,false,de_novo_has_no_biological_parent,,,,0.426,,,,cac7a88d52cde103469c545f936423a0dd1ac74b1f68062d951b5748c40c5e2f
vegfa,da391484710ea89db2cb3bbef2df6e5aa37ff4738eeae8361ac9f6b6c350808b,de_novo,76c2b7d0a2ff7c44f85b503512d260640b361e94b66ee9fe7b9c55fdef564025,none,,macrel_hemolysis_label,categorical,false,de_novo_has_no_biological_parent,,,,high,,,,360ed99a31d6a97c7edbb8b76890db012e4346ee22a005828b460a23bed93722
vegfa,da391484710ea89db2cb3bbef2df6e5aa37ff4738eeae8361ac9f6b6c350808b,de_novo,76c2b7d0a2ff7c44f85b503512d260640b361e94b66ee9fe7b9c55fdef564025,none,,macrel_hemolysis_probability,numeric,false,de_novo_has_no_biological_parent,,,,0.693,,,,eed8d01457775bfe3ec223c523fbf9d874c55ef15be0adc0ff1b4a4be7b47744
vegfa,da391484710ea89db2cb3bbef2df6e5aa37ff4738eeae8361ac9f6b6c350808b,de_novo,76c2b7d0a2ff7c44f85b503512d260640b361e94b66ee9fe7b9c55fdef564025,none,,maximum_hydrophobic_run,numeric,false,de_novo_has_no_biological_parent,,,,2,,,,e0e5bf1ec3b3086b1d61da915cba1c60102e42ed7b6aa0c046fd49e9405c167b
vegfa,da391484710ea89db2cb3bbef2df6e5aa37ff4738eeae8361ac9f6b6c350808b,de_novo,76c2b7d0a2ff7c44f85b503512d260640b361e94b66ee9fe7b9c55fdef564025,none,,net_charge_ph7_4,numeric,false,de_novo_has_no_biological_parent,,,,11.236,,,,20226cfcd6bde184b898a38123384175c57631bb160b3a259132f552c2f13d4a
vegfa,da391484710ea89db2cb3bbef2df6e5aa37ff4738eeae8361ac9f6b6c350808b,de_novo,76c2b7d0a2ff7c44f85b503512d260640b361e94b66ee9fe7b9c55fdef564025,none,,toxinpred3_hybrid_score,numeric,false,de_novo_has_no_biological_parent,,,,0.475,,,,6d4acc137de14a320ef55cd9ff95670b164cbb53ecb1aab898cf62fa809cf9dd
vegfa,da391484710ea89db2cb3bbef2df6e5aa37ff4738eeae8361ac9f6b6c350808b,de_novo,76c2b7d0a2ff7c44f85b503512d260640b361e94b66ee9fe7b9c55fdef564025,none,,toxinpred3_label,categorical,false,de_novo_has_no_biological_parent,,,,Toxin,,,,a33df2f8a8c09a9a386339b7efae07200c35e50c5e74062b9dafdb3e6bb049ea
vegfa,e0b5c3ba3cff91c7b04ef342ef6c23d881eef548d824441a3628283db15ab6f9,de_novo,a8006a03e6ff931e1c7bbf110e4878fb4bb3574e16c73ee383c998ee3d601f8e,none,,amp_read_log10_mic_um,numeric,false,de_novo_has_no_biological_parent,,,,1.6715623329881049,,,,9e3c45dc4a8d5858212b8e2c5d7309ce4f59965f053e10230e08dd3a26d50056
vegfa,e0b5c3ba3cff91c7b04ef342ef6c23d881eef548d824441a3628283db15ab6f9,de_novo,a8006a03e6ff931e1c7bbf110e4878fb4bb3574e16c73ee383c998ee3d601f8e,none,,guruprasad_instability_index,numeric,false,de_novo_has_no_biological_parent,,,,22.400000,,,,c5ac248c2de7c85a855805b9034d0e2b26776a2811776d54ac914c460f44984e
vegfa,e0b5c3ba3cff91c7b04ef342ef6c23d881eef548d824441a3628283db15ab6f9,de_novo,a8006a03e6ff931e1c7bbf110e4878fb4bb3574e16c73ee383c998ee3d601f8e,none,,hydrophobic_moment_eisenberg,numeric,false,de_novo_has_no_biological_parent,,,,0.25049779716910325,,,,2b216aef111be44acfd52ad1de3ee47b8003b82f600df8eef7a59e77fdbdf822
vegfa,e0b5c3ba3cff91c7b04ef342ef6c23d881eef548d824441a3628283db15ab6f9,de_novo,a8006a03e6ff931e1c7bbf110e4878fb4bb3574e16c73ee383c998ee3d601f8e,none,,hydrophobic_ratio_modlamp,numeric,false,de_novo_has_no_biological_parent,,,,0.09090909090909091,,,,2077ae0b4ebd118214a8a3de0f80dd1cb40a123b4d0b5eff377820f9736a755a
vegfa,e0b5c3ba3cff91c7b04ef342ef6c23d881eef548d824441a3628283db15ab6f9,de_novo,a8006a03e6ff931e1c7bbf110e4878fb4bb3574e16c73ee383c998ee3d601f8e,none,,llamp_log10_mic_um,numeric,false,de_novo_has_no_biological_parent,,,,1.0702866315841675,,,,f72508cf38e1143406206456aae6751fe56836d5b311455f174d9999cce353a8
vegfa,e0b5c3ba3cff91c7b04ef342ef6c23d881eef548d824441a3628283db15ab6f9,de_novo,a8006a03e6ff931e1c7bbf110e4878fb4bb3574e16c73ee383c998ee3d601f8e,none,,macrel_amp_probability,numeric,false,de_novo_has_no_biological_parent,,,,0.455,,,,3cbd5dd8a060e951cf871a6ed724c3942cc5e0e8c92b4503275d4396d0e7643f
vegfa,e0b5c3ba3cff91c7b04ef342ef6c23d881eef548d824441a3628283db15ab6f9,de_novo,a8006a03e6ff931e1c7bbf110e4878fb4bb3574e16c73ee383c998ee3d601f8e,none,,macrel_hemolysis_label,categorical,false,de_novo_has_no_biological_parent,,,,high,,,,bcd03abe95cfacd460fbb4b6fae75f4fbf864a6a05231368953cc2f38aa38696
vegfa,e0b5c3ba3cff91c7b04ef342ef6c23d881eef548d824441a3628283db15ab6f9,de_novo,a8006a03e6ff931e1c7bbf110e4878fb4bb3574e16c73ee383c998ee3d601f8e,none,,macrel_hemolysis_probability,numeric,false,de_novo_has_no_biological_parent,,,,0.564,,,,948cc865d74a2b957bb8554e85abb9cccad57ae50e965f9d6841f73981227bac
vegfa,e0b5c3ba3cff91c7b04ef342ef6c23d881eef548d824441a3628283db15ab6f9,de_novo,a8006a03e6ff931e1c7bbf110e4878fb4bb3574e16c73ee383c998ee3d601f8e,none,,maximum_hydrophobic_run,numeric,false,de_novo_has_no_biological_parent,,,,1,,,,8ac53b4c0eb87bfcc6423af08c065c919cf8c6a817015227b56b8d358c5300fe
vegfa,e0b5c3ba3cff91c7b04ef342ef6c23d881eef548d824441a3628283db15ab6f9,de_novo,a8006a03e6ff931e1c7bbf110e4878fb4bb3574e16c73ee383c998ee3d601f8e,none,,net_charge_ph7_4,numeric,false,de_novo_has_no_biological_parent,,,,9.154,,,,cd5147ca33a1423f4e453faf069d381f821fbb201e5604df293b8aa6c057064e
vegfa,e0b5c3ba3cff91c7b04ef342ef6c23d881eef548d824441a3628283db15ab6f9,de_novo,a8006a03e6ff931e1c7bbf110e4878fb4bb3574e16c73ee383c998ee3d601f8e,none,,toxinpred3_hybrid_score,numeric,false,de_novo_has_no_biological_parent,,,,0.395,,,,150d28a1afa3cfe6cf8e33e001dcc5ed1a0498eb7261e7c16b74f03099c636d0
vegfa,e0b5c3ba3cff91c7b04ef342ef6c23d881eef548d824441a3628283db15ab6f9,de_novo,a8006a03e6ff931e1c7bbf110e4878fb4bb3574e16c73ee383c998ee3d601f8e,none,,toxinpred3_label,categorical,false,de_novo_has_no_biological_parent,,,,Toxin,,,,69974e84c3783fd53cbbc8cea18d65c0bd400c86df441da04dc6f1e58b0215eb
vegfa,6370ef74dc473f5e6e945e4494688d3fac5baf3ed92432cea4d460ee76f3653d,masked_substitution,48dc193a40a5e29a8d23fe3517ec0f4d7c3b0a9c742a8a98ee2a86551dbca071,primary_parent,02e6e8a9041d1f5e02ded66ace7f1bf8353933cb460554f7d6d4f7827ee851e3,amp_read_log10_mic_um,numeric,true,same_frozen_numeric_contract,minimize,log10(uM),0.8502392420270765,0.8572185444412159,0.0069793024141394655,-0.0069793024141394655,true,33d769bf756f3a077dc4d4d79b2ac0a20edb426d29dfcc1c6a60e60e3f06b5ee
vegfa,6370ef74dc473f5e6e945e4494688d3fac5baf3ed92432cea4d460ee76f3653d,masked_substitution,48dc193a40a5e29a8d23fe3517ec0f4d7c3b0a9c742a8a98ee2a86551dbca071,primary_parent,02e6e8a9041d1f5e02ded66ace7f1bf8353933cb460554f7d6d4f7827ee851e3,guruprasad_instability_index,numeric,true,same_frozen_numeric_contract,minimize,index,-9.308695652173913,-14.673913,-5.365217347826087,5.365217347826087,true,52b02cff0cbde4bffded58dd429502d7b517f8373c28ae523c1d7912f93447b5
vegfa,6370ef74dc473f5e6e945e4494688d3fac5baf3ed92432cea4d460ee76f3653d,masked_substitution,48dc193a40a5e29a8d23fe3517ec0f4d7c3b0a9c742a8a98ee2a86551dbca071,primary_parent,02e6e8a9041d1f5e02ded66ace7f1bf8353933cb460554f7d6d4f7827ee851e3,hydrophobic_moment_eisenberg,numeric,false,audit_metric_has_no_monotonic_improvement_direction,audit,dimensionless,0.14056582796750103,0.09787374550976041,-0.042692082457740615,,true,83ecbb82763c20bb218f86ea8699c7dd555340a19766dda5ee89395e9c69e143
vegfa,6370ef74dc473f5e6e945e4494688d3fac5baf3ed92432cea4d460ee76f3653d,masked_substitution,48dc193a40a5e29a8d23fe3517ec0f4d7c3b0a9c742a8a98ee2a86551dbca071,primary_parent,02e6e8a9041d1f5e02ded66ace7f1bf8353933cb460554f7d6d4f7827ee851e3,hydrophobic_ratio_modlamp,numeric,false,audit_metric_has_no_monotonic_improvement_direction,audit,fraction,0.2608695652173913,0.2608695652173913,0.0,,false,f953695038cbdb0b37e5ad31af7c0d3fd09cd2335b16528838680fecafff1063
vegfa,6370ef74dc473f5e6e945e4494688d3fac5baf3ed92432cea4d460ee76f3653d,masked_substitution,48dc193a40a5e29a8d23fe3517ec0f4d7c3b0a9c742a8a98ee2a86551dbca071,primary_parent,02e6e8a9041d1f5e02ded66ace7f1bf8353933cb460554f7d6d4f7827ee851e3,llamp_log10_mic_um,numeric,true,same_frozen_numeric_contract,minimize,log10(uM),1.3610467910766602,1.258656620979309,-0.10239017009735107,0.10239017009735107,true,dfd6460b0a1fb911f71597b83146b21ac64a2aa615c938a45ed452a3f3fa61c9
vegfa,6370ef74dc473f5e6e945e4494688d3fac5baf3ed92432cea4d460ee76f3653d,masked_substitution,48dc193a40a5e29a8d23fe3517ec0f4d7c3b0a9c742a8a98ee2a86551dbca071,primary_parent,02e6e8a9041d1f5e02ded66ace7f1bf8353933cb460554f7d6d4f7827ee851e3,macrel_amp_probability,numeric,true,same_frozen_numeric_contract,maximize,probability,0.584,0.511,-0.07299999999999995,-0.07299999999999995,true,ed172fc20915e6136aba2dc590c996ca8e6086da282ec7fcbe1e8b7e38693f49
vegfa,6370ef74dc473f5e6e945e4494688d3fac5baf3ed92432cea4d460ee76f3653d,masked_substitution,48dc193a40a5e29a8d23fe3517ec0f4d7c3b0a9c742a8a98ee2a86551dbca071,primary_parent,02e6e8a9041d1f5e02ded66ace7f1bf8353933cb460554f7d6d4f7827ee851e3,macrel_hemolysis_label,categorical,true,same_frozen_label_contract,audit,label,low,low,,,false,4fb9cbde859865cfc21544a38979e11108e5b37a61c066dcd4fed4bd0a69b1c8
vegfa,6370ef74dc473f5e6e945e4494688d3fac5baf3ed92432cea4d460ee76f3653d,masked_substitution,48dc193a40a5e29a8d23fe3517ec0f4d7c3b0a9c742a8a98ee2a86551dbca071,primary_parent,02e6e8a9041d1f5e02ded66ace7f1bf8353933cb460554f7d6d4f7827ee851e3,macrel_hemolysis_probability,numeric,true,same_frozen_numeric_contract,minimize,probability,0.465,0.436,-0.029000000000000026,0.029000000000000026,true,a52e69c06d0942da7b68b87ef92de0972d38ef48e6a69373dc9e6631287505b8
vegfa,6370ef74dc473f5e6e945e4494688d3fac5baf3ed92432cea4d460ee76f3653d,masked_substitution,48dc193a40a5e29a8d23fe3517ec0f4d7c3b0a9c742a8a98ee2a86551dbca071,primary_parent,02e6e8a9041d1f5e02ded66ace7f1bf8353933cb460554f7d6d4f7827ee851e3,maximum_hydrophobic_run,numeric,true,same_frozen_numeric_contract,minimize,residues,2.0,2.0,0.0,-0.0,false,b62f2a93f0275aeb4982d78398fbff502689dc060748bfe9fc62976414ce9736
vegfa,6370ef74dc473f5e6e945e4494688d3fac5baf3ed92432cea4d460ee76f3653d,masked_substitution,48dc193a40a5e29a8d23fe3517ec0f4d7c3b0a9c742a8a98ee2a86551dbca071,primary_parent,02e6e8a9041d1f5e02ded66ace7f1bf8353933cb460554f7d6d4f7827ee851e3,net_charge_ph7_4,numeric,false,audit_metric_has_no_monotonic_improvement_direction,audit,elementary_charge,6.112,7.111,0.9989999999999997,,true,4d7e1a5ba9b0b01b2cb40a36debb6130d32c5f2b4cbc53b2b79c105402aa8152
vegfa,6370ef74dc473f5e6e945e4494688d3fac5baf3ed92432cea4d460ee76f3653d,masked_substitution,48dc193a40a5e29a8d23fe3517ec0f4d7c3b0a9c742a8a98ee2a86551dbca071,primary_parent,02e6e8a9041d1f5e02ded66ace7f1bf8353933cb460554f7d6d4f7827ee851e3,toxinpred3_hybrid_score,numeric,true,same_frozen_numeric_contract,minimize,dimensionless,0.0,0.0,0.0,-0.0,false,091e846fb7d05a02411a1ee5aa631d01c1987f5d0dce9f0d7ad7e2dae685d3d4
vegfa,6370ef74dc473f5e6e945e4494688d3fac5baf3ed92432cea4d460ee76f3653d,masked_substitution,48dc193a40a5e29a8d23fe3517ec0f4d7c3b0a9c742a8a98ee2a86551dbca071,primary_parent,02e6e8a9041d1f5e02ded66ace7f1bf8353933cb460554f7d6d4f7827ee851e3,toxinpred3_label,categorical,true,same_frozen_label_contract,audit,label,Non-Toxin,Non-Toxin,,,false,4f587c166c75256930cec95dd59b06e685e21d0450cca27f6a096cf2d8907fbe
vegfa,10b48547ed0475a58bc33c20b975ea9d0623947b6569754a683024e095c85ee5,controlled_crossover,a7396e85052d92a7dc691782e4d987401c060b97e9b338012132936f898fd965,primary_parent,1852d0385396cacd5f7d48624e6014bea585ff5066195d0ac9d14496615dbe74,amp_read_log10_mic_um,numeric,true,same_frozen_numeric_contract,minimize,log10(uM),0.8556499119534838,1.217062172717383,0.3614122607638991,-0.3614122607638991,true,1365215cb1d67721ea6ce51872c2c1466c0f11f371cf19417d23d749f1ff3af7
vegfa,10b48547ed0475a58bc33c20b975ea9d0623947b6569754a683024e095c85ee5,controlled_crossover,a7396e85052d92a7dc691782e4d987401c060b97e9b338012132936f898fd965,primary_parent,1852d0385396cacd5f7d48624e6014bea585ff5066195d0ac9d14496615dbe74,guruprasad_instability_index,numeric,true,same_frozen_numeric_contract,minimize,index,-9.308695652173913,2.23913,11.547825652173913,-11.547825652173913,true,7785301faa9ecd7902a9ffab46f25a0751aba68c128b218b023b3ea07b6a5f11
vegfa,10b48547ed0475a58bc33c20b975ea9d0623947b6569754a683024e095c85ee5,controlled_crossover,a7396e85052d92a7dc691782e4d987401c060b97e9b338012132936f898fd965,primary_parent,1852d0385396cacd5f7d48624e6014bea585ff5066195d0ac9d14496615dbe74,hydrophobic_moment_eisenberg,numeric,false,audit_metric_has_no_monotonic_improvement_direction,audit,dimensionless,0.22812344926292888,0.10626452595031431,-0.12185892331261457,,true,1b52b7ea470b83601cb84356c042eaec6015feee911872777e8c0e7dfd9a6645
vegfa,10b48547ed0475a58bc33c20b975ea9d0623947b6569754a683024e095c85ee5,controlled_crossover,a7396e85052d92a7dc691782e4d987401c060b97e9b338012132936f898fd965,primary_parent,1852d0385396cacd5f7d48624e6014bea585ff5066195d0ac9d14496615dbe74,hydrophobic_ratio_modlamp,numeric,false,audit_metric_has_no_monotonic_improvement_direction,audit,fraction,0.21739130434782608,0.08695652173913043,-0.13043478260869565,,true,227b72a8d2454e42db5ce3a386544d9f72437ad779ed3918d2a42432f7760f79
vegfa,10b48547ed0475a58bc33c20b975ea9d0623947b6569754a683024e095c85ee5,controlled_crossover,a7396e85052d92a7dc691782e4d987401c060b97e9b338012132936f898fd965,primary_parent,1852d0385396cacd5f7d48624e6014bea585ff5066195d0ac9d14496615dbe74,llamp_log10_mic_um,numeric,true,same_frozen_numeric_contract,minimize,log10(uM),1.2277473211288452,1.5144836902618408,0.2867363691329956,-0.2867363691329956,true,70e8875d861f10f9ee45239228d4c34deed8f5994d45225d5c62beb59621a3b6
vegfa,10b48547ed0475a58bc33c20b975ea9d0623947b6569754a683024e095c85ee5,controlled_crossover,a7396e85052d92a7dc691782e4d987401c060b97e9b338012132936f898fd965,primary_parent,1852d0385396cacd5f7d48624e6014bea585ff5066195d0ac9d14496615dbe74,macrel_amp_probability,numeric,true,same_frozen_numeric_contract,maximize,probability,0.511,0.337,-0.174,-0.174,true,d03303a3521f308c5f1cbd501d8befbba27a57d0deef5173203016e6d1cd1acc
vegfa,10b48547ed0475a58bc33c20b975ea9d0623947b6569754a683024e095c85ee5,controlled_crossover,a7396e85052d92a7dc691782e4d987401c060b97e9b338012132936f898fd965,primary_parent,1852d0385396cacd5f7d48624e6014bea585ff5066195d0ac9d14496615dbe74,macrel_hemolysis_label,categorical,true,same_frozen_label_contract,audit,label,low,low,,,false,e9ce56145f8060833cc1565665331253be8b72c3cf925265aeebac40a2febd03
vegfa,10b48547ed0475a58bc33c20b975ea9d0623947b6569754a683024e095c85ee5,controlled_crossover,a7396e85052d92a7dc691782e4d987401c060b97e9b338012132936f898fd965,primary_parent,1852d0385396cacd5f7d48624e6014bea585ff5066195d0ac9d14496615dbe74,macrel_hemolysis_probability,numeric,true,same_frozen_numeric_contract,minimize,probability,0.416,0.376,-0.03999999999999998,0.03999999999999998,true,a7066bfa8200f975f9a1a37c3db0f99cab29e83ce0a2afc4cf604acce1dc2d03
vegfa,10b48547ed0475a58bc33c20b975ea9d0623947b6569754a683024e095c85ee5,controlled_crossover,a7396e85052d92a7dc691782e4d987401c060b97e9b338012132936f898fd965,primary_parent,1852d0385396cacd5f7d48624e6014bea585ff5066195d0ac9d14496615dbe74,maximum_hydrophobic_run,numeric,true,same_frozen_numeric_contract,minimize,residues,2.0,1.0,-1.0,1.0,true,43ba84e612809e59f7073ad2ffdc4764b18483fd738bc157f5175cf28107eb7b
vegfa,10b48547ed0475a58bc33c20b975ea9d0623947b6569754a683024e095c85ee5,controlled_crossover,a7396e85052d92a7dc691782e4d987401c060b97e9b338012132936f898fd965,primary_parent,1852d0385396cacd5f7d48624e6014bea585ff5066195d0ac9d14496615dbe74,net_charge_ph7_4,numeric,false,audit_metric_has_no_monotonic_improvement_direction,audit,elementary_charge,7.111,8.152,1.0409999999999995,,true,3a10c837b44fc678c9d0fb8f89221716080b9fd76977edb6f9f79a67d8724fb5
vegfa,10b48547ed0475a58bc33c20b975ea9d0623947b6569754a683024e095c85ee5,controlled_crossover,a7396e85052d92a7dc691782e4d987401c060b97e9b338012132936f898fd965,primary_parent,1852d0385396cacd5f7d48624e6014bea585ff5066195d0ac9d14496615dbe74,toxinpred3_hybrid_score,numeric,true,same_frozen_numeric_contract,minimize,dimensionless,0.0,0.41,0.41,-0.41,true,0d855bc2f8d5cea1b9a6e33ef6b50fd568a675ae8e6249c898a440fd5b08dab9
vegfa,10b48547ed0475a58bc33c20b975ea9d0623947b6569754a683024e095c85ee5,controlled_crossover,a7396e85052d92a7dc691782e4d987401c060b97e9b338012132936f898fd965,primary_parent,1852d0385396cacd5f7d48624e6014bea585ff5066195d0ac9d14496615dbe74,toxinpred3_label,categorical,true,same_frozen_label_contract,audit,label,Non-Toxin,Toxin,,,true,dcfbafb7272e219fdb9e449e9d0368ac3e6ebce20036b43a7ddcda08849e9e9a
vegfa,10b48547ed0475a58bc33c20b975ea9d0623947b6569754a683024e095c85ee5,controlled_crossover,a7396e85052d92a7dc691782e4d987401c060b97e9b338012132936f898fd965,donor_parent,f2e1e308912a377c8c7aca6123a1a556c098497f97c20bd99bfe9ccd4c975377,amp_read_log10_mic_um,numeric,true,same_frozen_numeric_contract,minimize,log10(uM),1.0863599077352775,1.217062172717383,0.13070226498210546,-0.13070226498210546,true,78e98198fa950f4a0c21fd18bb0b968a9b67c62053abd9aa69b69702602c3749
vegfa,10b48547ed0475a58bc33c20b975ea9d0623947b6569754a683024e095c85ee5,controlled_crossover,a7396e85052d92a7dc691782e4d987401c060b97e9b338012132936f898fd965,donor_parent,f2e1e308912a377c8c7aca6123a1a556c098497f97c20bd99bfe9ccd4c975377,guruprasad_instability_index,numeric,true,same_frozen_numeric_contract,minimize,index,14.769230769230766,2.23913,-12.530100769230767,12.530100769230767,true,29fdd3609758732773b708024619fcec2787086e3b0b4ae5cb126cf6a5f83070
vegfa,10b48547ed0475a58bc33c20b975ea9d0623947b6569754a683024e095c85ee5,controlled_crossover,a7396e85052d92a7dc691782e4d987401c060b97e9b338012132936f898fd965,donor_parent,f2e1e308912a377c8c7aca6123a1a556c098497f97c20bd99bfe9ccd4c975377,hydrophobic_moment_eisenberg,numeric,false,audit_metric_has_no_monotonic_improvement_direction,audit,dimensionless,0.10563857941862062,0.10626452595031431,0.0006259465316936913,,true,57ccb0ebc8ad76b79a77d861d6700ab522304c8924c9fb284cbd517221ac40ae
vegfa,10b48547ed0475a58bc33c20b975ea9d0623947b6569754a683024e095c85ee5,controlled_crossover,a7396e85052d92a7dc691782e4d987401c060b97e9b338012132936f898fd965,donor_parent,f2e1e308912a377c8c7aca6123a1a556c098497f97c20bd99bfe9ccd4c975377,hydrophobic_ratio_modlamp,numeric,false,audit_metric_has_no_monotonic_improvement_direction,audit,fraction,0.07692307692307693,0.08695652173913043,0.010033444816053505,,true,b20633b4e1e2135e7859e8ebcf6c13a888b7701578324f7cb37f538c7262d22e
vegfa,10b48547ed0475a58bc33c20b975ea9d0623947b6569754a683024e095c85ee5,controlled_crossover,a7396e85052d92a7dc691782e4d987401c060b97e9b338012132936f898fd965,donor_parent,f2e1e308912a377c8c7aca6123a1a556c098497f97c20bd99bfe9ccd4c975377,llamp_log10_mic_um,numeric,true,same_frozen_numeric_contract,minimize,log10(uM),1.0173412561416626,1.5144836902618408,0.4971424341201782,-0.4971424341201782,true,580e8b813a9324b4fac2a27d018b7da1e5eb9dc799facf6890710cdc0e122642
vegfa,10b48547ed0475a58bc33c20b975ea9d0623947b6569754a683024e095c85ee5,controlled_crossover,a7396e85052d92a7dc691782e4d987401c060b97e9b338012132936f898fd965,donor_parent,f2e1e308912a377c8c7aca6123a1a556c098497f97c20bd99bfe9ccd4c975377,macrel_amp_probability,numeric,true,same_frozen_numeric_contract,maximize,probability,0.515,0.337,-0.178,-0.178,true,be13ae846301f8093820d45ba8b141f5fdb6949168afae96d2483d2f971e7f1e
vegfa,10b48547ed0475a58bc33c20b975ea9d0623947b6569754a683024e095c85ee5,controlled_crossover,a7396e85052d92a7dc691782e4d987401c060b97e9b338012132936f898fd965,donor_parent,f2e1e308912a377c8c7aca6123a1a556c098497f97c20bd99bfe9ccd4c975377,macrel_hemolysis_label,categorical,true,same_frozen_label_contract,audit,label,low,low,,,false,1f2c10e29935da5c40a0a8a45d65433a21a404d06e7bc5ec33130601aec23e13
vegfa,10b48547ed0475a58bc33c20b975ea9d0623947b6569754a683024e095c85ee5,controlled_crossover,a7396e85052d92a7dc691782e4d987401c060b97e9b338012132936f898fd965,donor_parent,f2e1e308912a377c8c7aca6123a1a556c098497f97c20bd99bfe9ccd4c975377,macrel_hemolysis_probability,numeric,true,same_frozen_numeric_contract,minimize,probability,0.465,0.376,-0.08900000000000002,0.08900000000000002,true,40d481c21f173795a85cdd1ec41b1ccb9cbd3cabf5fc5d3c388218cf24ef8037
vegfa,10b48547ed0475a58bc33c20b975ea9d0623947b6569754a683024e095c85ee5,controlled_crossover,a7396e85052d92a7dc691782e4d987401c060b97e9b338012132936f898fd965,donor_parent,f2e1e308912a377c8c7aca6123a1a556c098497f97c20bd99bfe9ccd4c975377,maximum_hydrophobic_run,numeric,true,same_frozen_numeric_contract,minimize,residues,2.0,1.0,-1.0,1.0,true,1927b074feb036fb903778cfbf221896e13ccd56b6c78bd9c359af821f588d32
vegfa,10b48547ed0475a58bc33c20b975ea9d0623947b6569754a683024e095c85ee5,controlled_crossover,a7396e85052d92a7dc691782e4d987401c060b97e9b338012132936f898fd965,donor_parent,f2e1e308912a377c8c7aca6123a1a556c098497f97c20bd99bfe9ccd4c975377,net_charge_ph7_4,numeric,false,audit_metric_has_no_monotonic_improvement_direction,audit,elementary_charge,10.151,8.152,-1.9990000000000006,,true,73a84b9c257d4ac21944e8f212cfeafed9a6431a6ca8949c057d2e452912eee3
vegfa,10b48547ed0475a58bc33c20b975ea9d0623947b6569754a683024e095c85ee5,controlled_crossover,a7396e85052d92a7dc691782e4d987401c060b97e9b338012132936f898fd965,donor_parent,f2e1e308912a377c8c7aca6123a1a556c098497f97c20bd99bfe9ccd4c975377,toxinpred3_hybrid_score,numeric,true,same_frozen_numeric_contract,minimize,dimensionless,0.01,0.41,0.39999999999999997,-0.39999999999999997,true,5fefd015ac3e32dc1ec766f2a585acc393ffdb307dc84a15ae99da0af78dc33f
vegfa,10b48547ed0475a58bc33c20b975ea9d0623947b6569754a683024e095c85ee5,controlled_crossover,a7396e85052d92a7dc691782e4d987401c060b97e9b338012132936f898fd965,donor_parent,f2e1e308912a377c8c7aca6123a1a556c098497f97c20bd99bfe9ccd4c975377,toxinpred3_label,categorical,true,same_frozen_label_contract,audit,label,Non-Toxin,Toxin,,,true,d50df7998ce1561070bde42c69a0350efc9fc906d6060d06069c01b0f504c399
vegfa,f5d66b523968799cbfd2b494b1ff5e08f2453cbc2ddc647b68ef480bfb7ee888,de_novo,f1970eade12013b0c965d51a43644d0abb4997073b0c42073c545e6ebbb69f1d,none,,amp_read_log10_mic_um,numeric,false,de_novo_has_no_biological_parent,,,,1.3013789911483353,,,,e0f52f9e0ad2c2ee83caed971406fa9aafb1600142d69349081217335c4b02a5
vegfa,f5d66b523968799cbfd2b494b1ff5e08f2453cbc2ddc647b68ef480bfb7ee888,de_novo,f1970eade12013b0c965d51a43644d0abb4997073b0c42073c545e6ebbb69f1d,none,,guruprasad_instability_index,numeric,false,de_novo_has_no_biological_parent,,,,-8.266667,,,,24b66a55fe2d7f14202930c87d02960c9fd72baae3d829d27693a72a24850a67
vegfa,f5d66b523968799cbfd2b494b1ff5e08f2453cbc2ddc647b68ef480bfb7ee888,de_novo,f1970eade12013b0c965d51a43644d0abb4997073b0c42073c545e6ebbb69f1d,none,,hydrophobic_moment_eisenberg,numeric,false,de_novo_has_no_biological_parent,,,,0.25106789141847846,,,,e993d844c78e9cc4e8c557c2e413b5cd4d5ec3798bafec14c3cff95e38cb72fd
vegfa,f5d66b523968799cbfd2b494b1ff5e08f2453cbc2ddc647b68ef480bfb7ee888,de_novo,f1970eade12013b0c965d51a43644d0abb4997073b0c42073c545e6ebbb69f1d,none,,hydrophobic_ratio_modlamp,numeric,false,de_novo_has_no_biological_parent,,,,0.16666666666666666,,,,689adb27fe59722b3145a082d4a1bd09fe20bc916849e873d80a9448d464f111
vegfa,f5d66b523968799cbfd2b494b1ff5e08f2453cbc2ddc647b68ef480bfb7ee888,de_novo,f1970eade12013b0c965d51a43644d0abb4997073b0c42073c545e6ebbb69f1d,none,,llamp_log10_mic_um,numeric,false,de_novo_has_no_biological_parent,,,,1.6302152872085571,,,,4b1cade5d6e9200e86fd6ae529d2d9abd62a2c49a67b864d704499a79570ce01
vegfa,f5d66b523968799cbfd2b494b1ff5e08f2453cbc2ddc647b68ef480bfb7ee888,de_novo,f1970eade12013b0c965d51a43644d0abb4997073b0c42073c545e6ebbb69f1d,none,,macrel_amp_probability,numeric,false,de_novo_has_no_biological_parent,,,,0.327,,,,ba297f61d0c8986f7e5fe00e63f814550b5f8667ec14b47d0cb978bfd8dfab00
vegfa,f5d66b523968799cbfd2b494b1ff5e08f2453cbc2ddc647b68ef480bfb7ee888,de_novo,f1970eade12013b0c965d51a43644d0abb4997073b0c42073c545e6ebbb69f1d,none,,macrel_hemolysis_label,categorical,false,de_novo_has_no_biological_parent,,,,high,,,,c0645bb79d9da8e306d6e073b5eae8943e01c0f3e78c3e108079e7ce5f8616dd
vegfa,f5d66b523968799cbfd2b494b1ff5e08f2453cbc2ddc647b68ef480bfb7ee888,de_novo,f1970eade12013b0c965d51a43644d0abb4997073b0c42073c545e6ebbb69f1d,none,,macrel_hemolysis_probability,numeric,false,de_novo_has_no_biological_parent,,,,0.653,,,,409def2aad39943a41e5d50b2b53c84c768bfc4044b60d98474412fa746e87fd
vegfa,f5d66b523968799cbfd2b494b1ff5e08f2453cbc2ddc647b68ef480bfb7ee888,de_novo,f1970eade12013b0c965d51a43644d0abb4997073b0c42073c545e6ebbb69f1d,none,,maximum_hydrophobic_run,numeric,false,de_novo_has_no_biological_parent,,,,2,,,,1e9855252be1c27c88fd556846f96f4cc3163d2f56f7ff969a73178fbed3b1ea
vegfa,f5d66b523968799cbfd2b494b1ff5e08f2453cbc2ddc647b68ef480bfb7ee888,de_novo,f1970eade12013b0c965d51a43644d0abb4997073b0c42073c545e6ebbb69f1d,none,,net_charge_ph7_4,numeric,false,de_novo_has_no_biological_parent,,,,11.983,,,,4b6e9f4f61a5dfa1d34dc9ef1996d4b3301b54d8ae5f45780c0e63332c45f359
vegfa,f5d66b523968799cbfd2b494b1ff5e08f2453cbc2ddc647b68ef480bfb7ee888,de_novo,f1970eade12013b0c965d51a43644d0abb4997073b0c42073c545e6ebbb69f1d,none,,toxinpred3_hybrid_score,numeric,false,de_novo_has_no_biological_parent,,,,0.505,,,,2f530d242770f0835d7439637f98c31c34eb06b7d3348a6aa08f64a850cd8aa3
vegfa,f5d66b523968799cbfd2b494b1ff5e08f2453cbc2ddc647b68ef480bfb7ee888,de_novo,f1970eade12013b0c965d51a43644d0abb4997073b0c42073c545e6ebbb69f1d,none,,toxinpred3_label,categorical,false,de_novo_has_no_biological_parent,,,,Toxin,,,,155b291ca49fbe21e0b041cd08bf8fb85a47ba8ddbc0ce81e53012d48454cf17
vegfa,3077d89aa8aa0234c9e626ca051d07dadf1ec8343fcba5162430a66e30435355,de_novo,579cb8de5f48c85064ec068787cb6449b938688fdb066629163114c3d74daba5,none,,amp_read_log10_mic_um,numeric,false,de_novo_has_no_biological_parent,,,,1.459320347110007,,,,ddd48066847718d64f40d84353a2e46694c42f2501cc94ea88638d06e08738c4
vegfa,3077d89aa8aa0234c9e626ca051d07dadf1ec8343fcba5162430a66e30435355,de_novo,579cb8de5f48c85064ec068787cb6449b938688fdb066629163114c3d74daba5,none,,guruprasad_instability_index,numeric,false,de_novo_has_no_biological_parent,,,,31.709091,,,,f0a46fbc9b90e5288f5e6f68ebffaba4b939c59c5620efff22d39d08b78ba752
vegfa,3077d89aa8aa0234c9e626ca051d07dadf1ec8343fcba5162430a66e30435355,de_novo,579cb8de5f48c85064ec068787cb6449b938688fdb066629163114c3d74daba5,none,,hydrophobic_moment_eisenberg,numeric,false,de_novo_has_no_biological_parent,,,,0.05665023547785057,,,,1bf9e38b9ecd9b7589180e4886d8074b1233992de4ab4864e116625eeedbbfbb
vegfa,3077d89aa8aa0234c9e626ca051d07dadf1ec8343fcba5162430a66e30435355,de_novo,579cb8de5f48c85064ec068787cb6449b938688fdb066629163114c3d74daba5,none,,hydrophobic_ratio_modlamp,numeric,false,de_novo_has_no_biological_parent,,,,0.09090909090909091,,,,c4bc8219d4537bed42d0a75cdf4da383f855f3aefd551def76162a202d4e1049
vegfa,3077d89aa8aa0234c9e626ca051d07dadf1ec8343fcba5162430a66e30435355,de_novo,579cb8de5f48c85064ec068787cb6449b938688fdb066629163114c3d74daba5,none,,llamp_log10_mic_um,numeric,false,de_novo_has_no_biological_parent,,,,0.44327089190483093,,,,89e9e62867792c623c3fc079cc1d8106b9cef4fdb0847a5c9d1a5dd992718e98
vegfa,3077d89aa8aa0234c9e626ca051d07dadf1ec8343fcba5162430a66e30435355,de_novo,579cb8de5f48c85064ec068787cb6449b938688fdb066629163114c3d74daba5,none,,macrel_amp_probability,numeric,false,de_novo_has_no_biological_parent,,,,0.277,,,,3634a7b44e7a823c03341317af924b9e731b681d3c3a176c178e445d97a093be
vegfa,3077d89aa8aa0234c9e626ca051d07dadf1ec8343fcba5162430a66e30435355,de_novo,579cb8de5f48c85064ec068787cb6449b938688fdb066629163114c3d74daba5,none,,macrel_hemolysis_label,categorical,false,de_novo_has_no_biological_parent,,,,high,,,,cdd3bc0babbbcd82ca7b13689e585f7ab614a5df305de42c49425af9c43256c6
vegfa,3077d89aa8aa0234c9e626ca051d07dadf1ec8343fcba5162430a66e30435355,de_novo,579cb8de5f48c85064ec068787cb6449b938688fdb066629163114c3d74daba5,none,,macrel_hemolysis_probability,numeric,false,de_novo_has_no_biological_parent,,,,0.683,,,,65ddb176557fa1685312044be6a503a8597ccd10c1f9a6e94f2967c2fcfc12f1
vegfa,3077d89aa8aa0234c9e626ca051d07dadf1ec8343fcba5162430a66e30435355,de_novo,579cb8de5f48c85064ec068787cb6449b938688fdb066629163114c3d74daba5,none,,maximum_hydrophobic_run,numeric,false,de_novo_has_no_biological_parent,,,,1,,,,bdabf717e91313f3a5ca837baf9aaa70b9d78a740189aab84c6f4aad32cdd63d
vegfa,3077d89aa8aa0234c9e626ca051d07dadf1ec8343fcba5162430a66e30435355,de_novo,579cb8de5f48c85064ec068787cb6449b938688fdb066629163114c3d74daba5,none,,net_charge_ph7_4,numeric,false,de_novo_has_no_biological_parent,,,,13.11,,,,a3c448d2ecaacd9e4b2b5c4d17344194df598740b871a82878efd3bc962d8ddc
vegfa,3077d89aa8aa0234c9e626ca051d07dadf1ec8343fcba5162430a66e30435355,de_novo,579cb8de5f48c85064ec068787cb6449b938688fdb066629163114c3d74daba5,none,,toxinpred3_hybrid_score,numeric,false,de_novo_has_no_biological_parent,,,,0.0,,,,fd069852642243d1549178fa514f8d4af68b4d25f46617af963fc3583ebbe948
vegfa,3077d89aa8aa0234c9e626ca051d07dadf1ec8343fcba5162430a66e30435355,de_novo,579cb8de5f48c85064ec068787cb6449b938688fdb066629163114c3d74daba5,none,,toxinpred3_label,categorical,false,de_novo_has_no_biological_parent,,,,Non-Toxin,,,,406b70c73e10216a0c6ff6265d260be209c98945b98c53025dba56f5439f9493
vegfa,28cbe67672cfad55d5d72a193a5bb825d17af3ae05e4f79fec0dcd64e92e6bb7,masked_substitution,137c04526427de18e2e61762b33b2152841c11722ab73e09f0347a91e3fd962e,primary_parent,02e6e8a9041d1f5e02ded66ace7f1bf8353933cb460554f7d6d4f7827ee851e3,amp_read_log10_mic_um,numeric,true,same_frozen_numeric_contract,minimize,log10(uM),0.8502392420270765,0.7900232244434822,-0.060216017583594295,0.060216017583594295,true,2646a881ef89feed400b91cfe40ceeebb963f5fbf53e0a9971a87b4463245a6c
vegfa,28cbe67672cfad55d5d72a193a5bb825d17af3ae05e4f79fec0dcd64e92e6bb7,masked_substitution,137c04526427de18e2e61762b33b2152841c11722ab73e09f0347a91e3fd962e,primary_parent,02e6e8a9041d1f5e02ded66ace7f1bf8353933cb460554f7d6d4f7827ee851e3,guruprasad_instability_index,numeric,true,same_frozen_numeric_contract,minimize,index,-9.308695652173913,-14.673913,-5.365217347826087,5.365217347826087,true,5b9a41c5c20559783e6951fc91c34660cf0f79fc6dee65369b564638ecd49e41
vegfa,28cbe67672cfad55d5d72a193a5bb825d17af3ae05e4f79fec0dcd64e92e6bb7,masked_substitution,137c04526427de18e2e61762b33b2152841c11722ab73e09f0347a91e3fd962e,primary_parent,02e6e8a9041d1f5e02ded66ace7f1bf8353933cb460554f7d6d4f7827ee851e3,hydrophobic_moment_eisenberg,numeric,false,audit_metric_has_no_monotonic_improvement_direction,audit,dimensionless,0.14056582796750103,0.11770499864572317,-0.022860829321777854,,true,200b2762febc423bc0d48c85e0da1aee9d107685e5d6935d738f1e9bfdff0d79
vegfa,28cbe67672cfad55d5d72a193a5bb825d17af3ae05e4f79fec0dcd64e92e6bb7,masked_substitution,137c04526427de18e2e61762b33b2152841c11722ab73e09f0347a91e3fd962e,primary_parent,02e6e8a9041d1f5e02ded66ace7f1bf8353933cb460554f7d6d4f7827ee851e3,hydrophobic_ratio_modlamp,numeric,false,audit_metric_has_no_monotonic_improvement_direction,audit,fraction,0.2608695652173913,0.2608695652173913,0.0,,false,a38fc254c88bbcd67d1fe0d7ed47ea4f51857fdf7157d6c0d00656673f2af5f5
vegfa,28cbe67672cfad55d5d72a193a5bb825d17af3ae05e4f79fec0dcd64e92e6bb7,masked_substitution,137c04526427de18e2e61762b33b2152841c11722ab73e09f0347a91e3fd962e,primary_parent,02e6e8a9041d1f5e02ded66ace7f1bf8353933cb460554f7d6d4f7827ee851e3,llamp_log10_mic_um,numeric,true,same_frozen_numeric_contract,minimize,log10(uM),1.3610467910766602,1.1693543195724487,-0.19169247150421143,0.19169247150421143,true,4874e8533c0d80d63396aa631d8c6871897ad5c8474b53f4d13997ebb3138e23
vegfa,28cbe67672cfad55d5d72a193a5bb825d17af3ae05e4f79fec0dcd64e92e6bb7,masked_substitution,137c04526427de18e2e61762b33b2152841c11722ab73e09f0347a91e3fd962e,primary_parent,02e6e8a9041d1f5e02ded66ace7f1bf8353933cb460554f7d6d4f7827ee851e3,macrel_amp_probability,numeric,true,same_frozen_numeric_contract,maximize,probability,0.584,0.511,-0.07299999999999995,-0.07299999999999995,true,b5c882ab42a08e095d63296ad55b2ca539df65962dc44557e795cd9c9ef0c490
vegfa,28cbe67672cfad55d5d72a193a5bb825d17af3ae05e4f79fec0dcd64e92e6bb7,masked_substitution,137c04526427de18e2e61762b33b2152841c11722ab73e09f0347a91e3fd962e,primary_parent,02e6e8a9041d1f5e02ded66ace7f1bf8353933cb460554f7d6d4f7827ee851e3,macrel_hemolysis_label,categorical,true,same_frozen_label_contract,audit,label,low,low,,,false,27287e454e78324303b956f3eb657950e50b5d76e4f2e87f6733823f610b4004
vegfa,28cbe67672cfad55d5d72a193a5bb825d17af3ae05e4f79fec0dcd64e92e6bb7,masked_substitution,137c04526427de18e2e61762b33b2152841c11722ab73e09f0347a91e3fd962e,primary_parent,02e6e8a9041d1f5e02ded66ace7f1bf8353933cb460554f7d6d4f7827ee851e3,macrel_hemolysis_probability,numeric,true,same_frozen_numeric_contract,minimize,probability,0.465,0.436,-0.029000000000000026,0.029000000000000026,true,e04127be96a2d3bf4a674892e640650cc1c1fdf812eba7c865808294482a0ab6
vegfa,28cbe67672cfad55d5d72a193a5bb825d17af3ae05e4f79fec0dcd64e92e6bb7,masked_substitution,137c04526427de18e2e61762b33b2152841c11722ab73e09f0347a91e3fd962e,primary_parent,02e6e8a9041d1f5e02ded66ace7f1bf8353933cb460554f7d6d4f7827ee851e3,maximum_hydrophobic_run,numeric,true,same_frozen_numeric_contract,minimize,residues,2.0,2.0,0.0,-0.0,false,6ca3fc8757080776d0df92c19e6283b6f49ecaf4eb7fc685dad47578eae76dd7
vegfa,28cbe67672cfad55d5d72a193a5bb825d17af3ae05e4f79fec0dcd64e92e6bb7,masked_substitution,137c04526427de18e2e61762b33b2152841c11722ab73e09f0347a91e3fd962e,primary_parent,02e6e8a9041d1f5e02ded66ace7f1bf8353933cb460554f7d6d4f7827ee851e3,net_charge_ph7_4,numeric,false,audit_metric_has_no_monotonic_improvement_direction,audit,elementary_charge,6.112,7.111,0.9989999999999997,,true,1b761daab400f602daeef45f1f795cda4b62dbf62180c65bd4b49c7864798f8d
vegfa,28cbe67672cfad55d5d72a193a5bb825d17af3ae05e4f79fec0dcd64e92e6bb7,masked_substitution,137c04526427de18e2e61762b33b2152841c11722ab73e09f0347a91e3fd962e,primary_parent,02e6e8a9041d1f5e02ded66ace7f1bf8353933cb460554f7d6d4f7827ee851e3,toxinpred3_hybrid_score,numeric,true,same_frozen_numeric_contract,minimize,dimensionless,0.0,0.0,0.0,-0.0,false,330f33f56a8f74604e080f95c6031d2ad224510256d95eed037e5405a533c299
vegfa,28cbe67672cfad55d5d72a193a5bb825d17af3ae05e4f79fec0dcd64e92e6bb7,masked_substitution,137c04526427de18e2e61762b33b2152841c11722ab73e09f0347a91e3fd962e,primary_parent,02e6e8a9041d1f5e02ded66ace7f1bf8353933cb460554f7d6d4f7827ee851e3,toxinpred3_label,categorical,true,same_frozen_label_contract,audit,label,Non-Toxin,Non-Toxin,,,false,59fa523f3ab9f253a7757b3917eb8831fc0d50af332c6bf090ebdcd0924492cc
vegfa,7f9b5f0619d57550f94b93ad2dab95643a231d2c8df1572a267dd98a4cc498a5,controlled_crossover,37e6a81c5eb846d582db48b748019a01807c37fd705a5dfa97c595441d16b038,primary_parent,326a106c88dceeff349ae23f8a910ce9d7f2f0e0a20423612ef139f2708fc062,amp_read_log10_mic_um,numeric,true,same_frozen_numeric_contract,minimize,log10(uM),0.9142859873928338,1.1219637569262015,0.2076777695333677,-0.2076777695333677,true,bb4ec91efd8845de3f2fbfc88ff99dd277c38754c201711e0fa7e133a852e7fc
vegfa,7f9b5f0619d57550f94b93ad2dab95643a231d2c8df1572a267dd98a4cc498a5,controlled_crossover,37e6a81c5eb846d582db48b748019a01807c37fd705a5dfa97c595441d16b038,primary_parent,326a106c88dceeff349ae23f8a910ce9d7f2f0e0a20423612ef139f2708fc062,guruprasad_instability_index,numeric,true,same_frozen_numeric_contract,minimize,index,-9.308695652173913,2.23913,11.547825652173913,-11.547825652173913,true,9c23416979083aae4c89547e4c7673dfa80b656e9553e267773040170290be87
vegfa,7f9b5f0619d57550f94b93ad2dab95643a231d2c8df1572a267dd98a4cc498a5,controlled_crossover,37e6a81c5eb846d582db48b748019a01807c37fd705a5dfa97c595441d16b038,primary_parent,326a106c88dceeff349ae23f8a910ce9d7f2f0e0a20423612ef139f2708fc062,hydrophobic_moment_eisenberg,numeric,false,audit_metric_has_no_monotonic_improvement_direction,audit,dimensionless,0.23742481892806272,0.1343088302900659,-0.10311598863799681,,true,071b5f6f7595b417459a66ebb834e129338380ae53a20f6e9ce4c4fb6abc311f
vegfa,7f9b5f0619d57550f94b93ad2dab95643a231d2c8df1572a267dd98a4cc498a5,controlled_crossover,37e6a81c5eb846d582db48b748019a01807c37fd705a5dfa97c595441d16b038,primary_parent,326a106c88dceeff349ae23f8a910ce9d7f2f0e0a20423612ef139f2708fc062,hydrophobic_ratio_modlamp,numeric,false,audit_metric_has_no_monotonic_improvement_direction,audit,fraction,0.21739130434782608,0.08695652173913043,-0.13043478260869565,,true,95166fa628ee87b91fbdc8ee0085ffd6ac01a12c785cfcbcc0b2928bfc9bd202
vegfa,7f9b5f0619d57550f94b93ad2dab95643a231d2c8df1572a267dd98a4cc498a5,controlled_crossover,37e6a81c5eb846d582db48b748019a01807c37fd705a5dfa97c595441d16b038,primary_parent,326a106c88dceeff349ae23f8a910ce9d7f2f0e0a20423612ef139f2708fc062,llamp_log10_mic_um,numeric,true,same_frozen_numeric_contract,minimize,log10(uM),1.3610366582870483,1.7772327661514282,0.4161961078643799,-0.4161961078643799,true,de273548d15a59292a170b5d02eee43e45a1c5db8735d95b5518c0c1a7d94bd9
vegfa,7f9b5f0619d57550f94b93ad2dab95643a231d2c8df1572a267dd98a4cc498a5,controlled_crossover,37e6a81c5eb846d582db48b748019a01807c37fd705a5dfa97c595441d16b038,primary_parent,326a106c88dceeff349ae23f8a910ce9d7f2f0e0a20423612ef139f2708fc062,macrel_amp_probability,numeric,true,same_frozen_numeric_contract,maximize,probability,0.525,0.307,-0.21800000000000003,-0.21800000000000003,true,6f36daaa3a9e8b556defec783ea118e492dd919036ca3b40ebb7f8312e004c47
vegfa,7f9b5f0619d57550f94b93ad2dab95643a231d2c8df1572a267dd98a4cc498a5,controlled_crossover,37e6a81c5eb846d582db48b748019a01807c37fd705a5dfa97c595441d16b038,primary_parent,326a106c88dceeff349ae23f8a910ce9d7f2f0e0a20423612ef139f2708fc062,macrel_hemolysis_label,categorical,true,same_frozen_label_contract,audit,label,low,low,,,false,3aeafbf6ebe7f2a6e6b915c1905eeb3e2333a07b6a64f4581571898081bb6e80
vegfa,7f9b5f0619d57550f94b93ad2dab95643a231d2c8df1572a267dd98a4cc498a5,controlled_crossover,37e6a81c5eb846d582db48b748019a01807c37fd705a5dfa97c595441d16b038,primary_parent,326a106c88dceeff349ae23f8a910ce9d7f2f0e0a20423612ef139f2708fc062,macrel_hemolysis_probability,numeric,true,same_frozen_numeric_contract,minimize,probability,0.455,0.317,-0.138,0.138,true,e10f506c39dc1c6c00bbfe6cc99c2b8c0d2f25f1250e14ed8c126c5d84d00af5
vegfa,7f9b5f0619d57550f94b93ad2dab95643a231d2c8df1572a267dd98a4cc498a5,controlled_crossover,37e6a81c5eb846d582db48b748019a01807c37fd705a5dfa97c595441d16b038,primary_parent,326a106c88dceeff349ae23f8a910ce9d7f2f0e0a20423612ef139f2708fc062,maximum_hydrophobic_run,numeric,true,same_frozen_numeric_contract,minimize,residues,2.0,1.0,-1.0,1.0,true,00061cf1d5b212a18dd9d7c35009ab50f33f8a0961e46a471f1427ae5a8be639
vegfa,7f9b5f0619d57550f94b93ad2dab95643a231d2c8df1572a267dd98a4cc498a5,controlled_crossover,37e6a81c5eb846d582db48b748019a01807c37fd705a5dfa97c595441d16b038,primary_parent,326a106c88dceeff349ae23f8a910ce9d7f2f0e0a20423612ef139f2708fc062,net_charge_ph7_4,numeric,false,audit_metric_has_no_monotonic_improvement_direction,audit,elementary_charge,7.07,8.111,1.0410000000000004,,true,5dbcb67bd5e515362a76d392367d59ea949eaeb8941ced12952198443b6ef869
vegfa,7f9b5f0619d57550f94b93ad2dab95643a231d2c8df1572a267dd98a4cc498a5,controlled_crossover,37e6a81c5eb846d582db48b748019a01807c37fd705a5dfa97c595441d16b038,primary_parent,326a106c88dceeff349ae23f8a910ce9d7f2f0e0a20423612ef139f2708fc062,toxinpred3_hybrid_score,numeric,true,same_frozen_numeric_contract,minimize,dimensionless,0.0,0.375,0.375,-0.375,true,cf84c57d129e245243d95973e481331b5717b472237d60924c373e4a284f259e
vegfa,7f9b5f0619d57550f94b93ad2dab95643a231d2c8df1572a267dd98a4cc498a5,controlled_crossover,37e6a81c5eb846d582db48b748019a01807c37fd705a5dfa97c595441d16b038,primary_parent,326a106c88dceeff349ae23f8a910ce9d7f2f0e0a20423612ef139f2708fc062,toxinpred3_label,categorical,true,same_frozen_label_contract,audit,label,Non-Toxin,Non-Toxin,,,false,d372c659e023569b2d7845b200f0f12f691274f3f73f112a6bce5c3986e61e15
vegfa,7f9b5f0619d57550f94b93ad2dab95643a231d2c8df1572a267dd98a4cc498a5,controlled_crossover,37e6a81c5eb846d582db48b748019a01807c37fd705a5dfa97c595441d16b038,donor_parent,f2e1e308912a377c8c7aca6123a1a556c098497f97c20bd99bfe9ccd4c975377,amp_read_log10_mic_um,numeric,true,same_frozen_numeric_contract,minimize,log10(uM),1.0863599077352775,1.1219637569262015,0.035603849190924075,-0.035603849190924075,true,9bd56b2d55a751b20103fffe97f858b639a99ebfde59192807e4387bf958c235
vegfa,7f9b5f0619d57550f94b93ad2dab95643a231d2c8df1572a267dd98a4cc498a5,controlled_crossover,37e6a81c5eb846d582db48b748019a01807c37fd705a5dfa97c595441d16b038,donor_parent,f2e1e308912a377c8c7aca6123a1a556c098497f97c20bd99bfe9ccd4c975377,guruprasad_instability_index,numeric,true,same_frozen_numeric_contract,minimize,index,14.769230769230766,2.23913,-12.530100769230767,12.530100769230767,true,6a59ecfb4f95161a3d10e066ac3b55b4bd045765910a83af1151bb1c8193dbb4
vegfa,7f9b5f0619d57550f94b93ad2dab95643a231d2c8df1572a267dd98a4cc498a5,controlled_crossover,37e6a81c5eb846d582db48b748019a01807c37fd705a5dfa97c595441d16b038,donor_parent,f2e1e308912a377c8c7aca6123a1a556c098497f97c20bd99bfe9ccd4c975377,hydrophobic_moment_eisenberg,numeric,false,audit_metric_has_no_monotonic_improvement_direction,audit,dimensionless,0.10563857941862062,0.1343088302900659,0.028670250871445285,,true,7e682e125984a05c86e509e21e52a12ffabf91c396e419729c69397165b6adfb
vegfa,7f9b5f0619d57550f94b93ad2dab95643a231d2c8df1572a267dd98a4cc498a5,controlled_crossover,37e6a81c5eb846d582db48b748019a01807c37fd705a5dfa97c595441d16b038,donor_parent,f2e1e308912a377c8c7aca6123a1a556c098497f97c20bd99bfe9ccd4c975377,hydrophobic_ratio_modlamp,numeric,false,audit_metric_has_no_monotonic_improvement_direction,audit,fraction,0.07692307692307693,0.08695652173913043,0.010033444816053505,,true,addbe85087f660404110f17fac84d61572193e4b9d16885fda9ab04cbbb56418
vegfa,7f9b5f0619d57550f94b93ad2dab95643a231d2c8df1572a267dd98a4cc498a5,controlled_crossover,37e6a81c5eb846d582db48b748019a01807c37fd705a5dfa97c595441d16b038,donor_parent,f2e1e308912a377c8c7aca6123a1a556c098497f97c20bd99bfe9ccd4c975377,llamp_log10_mic_um,numeric,true,same_frozen_numeric_contract,minimize,log10(uM),1.0173412561416626,1.7772327661514282,0.7598915100097656,-0.7598915100097656,true,979b1858b76b8f53184fca69ea92c91fe66abfd1abefdb5e87a2141029c6d800
vegfa,7f9b5f0619d57550f94b93ad2dab95643a231d2c8df1572a267dd98a4cc498a5,controlled_crossover,37e6a81c5eb846d582db48b748019a01807c37fd705a5dfa97c595441d16b038,donor_parent,f2e1e308912a377c8c7aca6123a1a556c098497f97c20bd99bfe9ccd4c975377,macrel_amp_probability,numeric,true,same_frozen_numeric_contract,maximize,probability,0.515,0.307,-0.20800000000000002,-0.20800000000000002,true,bae9cae332083b96f9276e4ae6225ff3a2c20b16950c8de726a3e2bb801ef067
vegfa,7f9b5f0619d57550f94b93ad2dab95643a231d2c8df1572a267dd98a4cc498a5,controlled_crossover,37e6a81c5eb846d582db48b748019a01807c37fd705a5dfa97c595441d16b038,donor_parent,f2e1e308912a377c8c7aca6123a1a556c098497f97c20bd99bfe9ccd4c975377,macrel_hemolysis_label,categorical,true,same_frozen_label_contract,audit,label,low,low,,,false,ece1c37fbdce12704d21ff4f165c89044c7cc563c897016555349b22f6dbf0cd
vegfa,7f9b5f0619d57550f94b93ad2dab95643a231d2c8df1572a267dd98a4cc498a5,controlled_crossover,37e6a81c5eb846d582db48b748019a01807c37fd705a5dfa97c595441d16b038,donor_parent,f2e1e308912a377c8c7aca6123a1a556c098497f97c20bd99bfe9ccd4c975377,macrel_hemolysis_probability,numeric,true,same_frozen_numeric_contract,minimize,probability,0.465,0.317,-0.14800000000000002,0.14800000000000002,true,adce4c2cca707cbb27a4d5b743b5fd7d22899fcc183dfab28a8f61de8fbea82c
vegfa,7f9b5f0619d57550f94b93ad2dab95643a231d2c8df1572a267dd98a4cc498a5,controlled_crossover,37e6a81c5eb846d582db48b748019a01807c37fd705a5dfa97c595441d16b038,donor_parent,f2e1e308912a377c8c7aca6123a1a556c098497f97c20bd99bfe9ccd4c975377,maximum_hydrophobic_run,numeric,true,same_frozen_numeric_contract,minimize,residues,2.0,1.0,-1.0,1.0,true,6c4f692c9ef85dc05b39c4a813e5a8f46f94eb24a1c6acac2141128fb88fe2c4
vegfa,7f9b5f0619d57550f94b93ad2dab95643a231d2c8df1572a267dd98a4cc498a5,controlled_crossover,37e6a81c5eb846d582db48b748019a01807c37fd705a5dfa97c595441d16b038,donor_parent,f2e1e308912a377c8c7aca6123a1a556c098497f97c20bd99bfe9ccd4c975377,net_charge_ph7_4,numeric,false,audit_metric_has_no_monotonic_improvement_direction,audit,elementary_charge,10.151,8.111,-2.039999999999999,,true,7331c56083ae0a9ef051885aade2ad5277dfc9dbfd0e75d6e6ae759426d5af82
vegfa,7f9b5f0619d57550f94b93ad2dab95643a231d2c8df1572a267dd98a4cc498a5,controlled_crossover,37e6a81c5eb846d582db48b748019a01807c37fd705a5dfa97c595441d16b038,donor_parent,f2e1e308912a377c8c7aca6123a1a556c098497f97c20bd99bfe9ccd4c975377,toxinpred3_hybrid_score,numeric,true,same_frozen_numeric_contract,minimize,dimensionless,0.01,0.375,0.365,-0.365,true,b3b3e01d8e5f8a3ca16dc984d21eb67bc9d633de1196a8bd2175a719542f7238
vegfa,7f9b5f0619d57550f94b93ad2dab95643a231d2c8df1572a267dd98a4cc498a5,controlled_crossover,37e6a81c5eb846d582db48b748019a01807c37fd705a5dfa97c595441d16b038,donor_parent,f2e1e308912a377c8c7aca6123a1a556c098497f97c20bd99bfe9ccd4c975377,toxinpred3_label,categorical,true,same_frozen_label_contract,audit,label,Non-Toxin,Non-Toxin,,,false,ef5064fe8a9496689f1b6bc61ba42d62b4933da1bd50a55b7f023788cb0498db
vegfa,9cc6f64e39394b065f7d7ff1129a69e3bf379003593723cee3995607ee32a79a,de_novo,95e81fecb44bf60b802d4c281827c2b2ccc3f6ec62c722c3c4b9c741e7c7ba8b,none,,amp_read_log10_mic_um,numeric,false,de_novo_has_no_biological_parent,,,,1.3488582067409398,,,,e13d770a0a3aed9727d86044ed948fa11ad69ab4973d1a07fb1ca712664a9578
vegfa,9cc6f64e39394b065f7d7ff1129a69e3bf379003593723cee3995607ee32a79a,de_novo,95e81fecb44bf60b802d4c281827c2b2ccc3f6ec62c722c3c4b9c741e7c7ba8b,none,,guruprasad_instability_index,numeric,false,de_novo_has_no_biological_parent,,,,48.923810,,,,0632379afd1701e564e51018a1cba6ec90927b9e100c3cfeeaa2b5ea7f1c79ac
vegfa,9cc6f64e39394b065f7d7ff1129a69e3bf379003593723cee3995607ee32a79a,de_novo,95e81fecb44bf60b802d4c281827c2b2ccc3f6ec62c722c3c4b9c741e7c7ba8b,none,,hydrophobic_moment_eisenberg,numeric,false,de_novo_has_no_biological_parent,,,,0.2189095703699139,,,,4e96097162a8939560f8e28424bd99d15fc7a4dcc4b877fd47a31a60f350788e
vegfa,9cc6f64e39394b065f7d7ff1129a69e3bf379003593723cee3995607ee32a79a,de_novo,95e81fecb44bf60b802d4c281827c2b2ccc3f6ec62c722c3c4b9c741e7c7ba8b,none,,hydrophobic_ratio_modlamp,numeric,false,de_novo_has_no_biological_parent,,,,0.14285714285714285,,,,3d3b45fe34574adabe1e427dd25a3355c854273a7cda66f4adea19aa9d96f539
vegfa,9cc6f64e39394b065f7d7ff1129a69e3bf379003593723cee3995607ee32a79a,de_novo,95e81fecb44bf60b802d4c281827c2b2ccc3f6ec62c722c3c4b9c741e7c7ba8b,none,,llamp_log10_mic_um,numeric,false,de_novo_has_no_biological_parent,,,,1.5108122825622559,,,,f59f56b53ea23999e096eba669412a66a2ec9ce576ad2f7d72faf5172b4e88a5
vegfa,9cc6f64e39394b065f7d7ff1129a69e3bf379003593723cee3995607ee32a79a,de_novo,95e81fecb44bf60b802d4c281827c2b2ccc3f6ec62c722c3c4b9c741e7c7ba8b,none,,macrel_amp_probability,numeric,false,de_novo_has_no_biological_parent,,,,0.149,,,,5580ca06a77b958634503f3bbad5ce278ca1a8fde5838bde06930b8c9d380ba4
vegfa,9cc6f64e39394b065f7d7ff1129a69e3bf379003593723cee3995607ee32a79a,de_novo,95e81fecb44bf60b802d4c281827c2b2ccc3f6ec62c722c3c4b9c741e7c7ba8b,none,,macrel_hemolysis_label,categorical,false,de_novo_has_no_biological_parent,,,,high,,,,34ae9751f1693150a93956d3eb7ab147fbedaf0dcd3c74e86beefeac3a6364af
vegfa,9cc6f64e39394b065f7d7ff1129a69e3bf379003593723cee3995607ee32a79a,de_novo,95e81fecb44bf60b802d4c281827c2b2ccc3f6ec62c722c3c4b9c741e7c7ba8b,none,,macrel_hemolysis_probability,numeric,false,de_novo_has_no_biological_parent,,,,0.644,,,,428097675d360d2ad93d98801d56fee8e99a10c2640a23b476d1382196eb8e52
vegfa,9cc6f64e39394b065f7d7ff1129a69e3bf379003593723cee3995607ee32a79a,de_novo,95e81fecb44bf60b802d4c281827c2b2ccc3f6ec62c722c3c4b9c741e7c7ba8b,none,,maximum_hydrophobic_run,numeric,false,de_novo_has_no_biological_parent,,,,1,,,,1da816394f5ecf2e4a85dd28555b8d176dab1aaebd2e2c9d1d2c15b57e69b3af
vegfa,9cc6f64e39394b065f7d7ff1129a69e3bf379003593723cee3995607ee32a79a,de_novo,95e81fecb44bf60b802d4c281827c2b2ccc3f6ec62c722c3c4b9c741e7c7ba8b,none,,net_charge_ph7_4,numeric,false,de_novo_has_no_biological_parent,,,,11.069,,,,fe3ca8d221a157ba7d75acd6aaabc2848d5be773f449a98c8680aa1225e300d1
vegfa,9cc6f64e39394b065f7d7ff1129a69e3bf379003593723cee3995607ee32a79a,de_novo,95e81fecb44bf60b802d4c281827c2b2ccc3f6ec62c722c3c4b9c741e7c7ba8b,none,,toxinpred3_hybrid_score,numeric,false,de_novo_has_no_biological_parent,,,,0.43,,,,c9cd82e952f03febd958b80b8a51f1761c01582d85dac64500e2a30eea631753
vegfa,9cc6f64e39394b065f7d7ff1129a69e3bf379003593723cee3995607ee32a79a,de_novo,95e81fecb44bf60b802d4c281827c2b2ccc3f6ec62c722c3c4b9c741e7c7ba8b,none,,toxinpred3_label,categorical,false,de_novo_has_no_biological_parent,,,,Toxin,,,,9b94b1cc61d1bc83139dd78ae86c23be3b1d66048d2d00b6c86095dfae3ced14
vegfa,16e1bd774d17f752fe4ddff57c537d29ac0d0ca207b8ffc1a8632054a19c4830,de_novo,f3dde20579e5ec9c41bfdc4f4fd6d09a34e5666f4c079e9d476789cbd303c173,none,,amp_read_log10_mic_um,numeric,false,de_novo_has_no_biological_parent,,,,1.4673450461187487,,,,8cbd44e6c6f55d38ae0cf40801def096f837e372b1b4f770c89ccf3cac609752
vegfa,16e1bd774d17f752fe4ddff57c537d29ac0d0ca207b8ffc1a8632054a19c4830,de_novo,f3dde20579e5ec9c41bfdc4f4fd6d09a34e5666f4c079e9d476789cbd303c173,none,,guruprasad_instability_index,numeric,false,de_novo_has_no_biological_parent,,,,40.104167,,,,e6f8166c4f6982cd1d360e23e11fb848bcb0474aa57520b9cc8249afbc094233
vegfa,16e1bd774d17f752fe4ddff57c537d29ac0d0ca207b8ffc1a8632054a19c4830,de_novo,f3dde20579e5ec9c41bfdc4f4fd6d09a34e5666f4c079e9d476789cbd303c173,none,,hydrophobic_moment_eisenberg,numeric,false,de_novo_has_no_biological_parent,,,,0.36496873524316725,,,,cf72a2200256ce4a4536010b861db7f54fb348485ca2ae7e4e0d207047e01875
vegfa,16e1bd774d17f752fe4ddff57c537d29ac0d0ca207b8ffc1a8632054a19c4830,de_novo,f3dde20579e5ec9c41bfdc4f4fd6d09a34e5666f4c079e9d476789cbd303c173,none,,hydrophobic_ratio_modlamp,numeric,false,de_novo_has_no_biological_parent,,,,0.125,,,,bd8e563b8bd20d281c16916b6b26f5e13e36db76c3417d26247b962daf207e42
vegfa,16e1bd774d17f752fe4ddff57c537d29ac0d0ca207b8ffc1a8632054a19c4830,de_novo,f3dde20579e5ec9c41bfdc4f4fd6d09a34e5666f4c079e9d476789cbd303c173,none,,llamp_log10_mic_um,numeric,false,de_novo_has_no_biological_parent,,,,0.6522732973098755,,,,221513d90fff80de57843ef2cc7b9ac0dc0d8bd8e33b8b16d6bfaf40cc2f787b
vegfa,16e1bd774d17f752fe4ddff57c537d29ac0d0ca207b8ffc1a8632054a19c4830,de_novo,f3dde20579e5ec9c41bfdc4f4fd6d09a34e5666f4c079e9d476789cbd303c173,none,,macrel_amp_probability,numeric,false,de_novo_has_no_biological_parent,,,,0.248,,,,87af254709a203953685bb76595f664bbf225310a3b89c302fc28aeece65210f
vegfa,16e1bd774d17f752fe4ddff57c537d29ac0d0ca207b8ffc1a8632054a19c4830,de_novo,f3dde20579e5ec9c41bfdc4f4fd6d09a34e5666f4c079e9d476789cbd303c173,none,,macrel_hemolysis_label,categorical,false,de_novo_has_no_biological_parent,,,,high,,,,add8854312effff830cd2d3c424058db747f20164dde471fe8f98692d96df02c
vegfa,16e1bd774d17f752fe4ddff57c537d29ac0d0ca207b8ffc1a8632054a19c4830,de_novo,f3dde20579e5ec9c41bfdc4f4fd6d09a34e5666f4c079e9d476789cbd303c173,none,,macrel_hemolysis_probability,numeric,false,de_novo_has_no_biological_parent,,,,0.564,,,,a8c032733bc829542e6b68dd99ddd68772144e92642ac4074e866e4b7742fdb1
vegfa,16e1bd774d17f752fe4ddff57c537d29ac0d0ca207b8ffc1a8632054a19c4830,de_novo,f3dde20579e5ec9c41bfdc4f4fd6d09a34e5666f4c079e9d476789cbd303c173,none,,maximum_hydrophobic_run,numeric,false,de_novo_has_no_biological_parent,,,,2,,,,b5dc829b07e0e99c70de930678bf5bfc27aafb81525cf712b2b5a3233f08da2d
vegfa,16e1bd774d17f752fe4ddff57c537d29ac0d0ca207b8ffc1a8632054a19c4830,de_novo,f3dde20579e5ec9c41bfdc4f4fd6d09a34e5666f4c079e9d476789cbd303c173,none,,net_charge_ph7_4,numeric,false,de_novo_has_no_biological_parent,,,,13.025,,,,c85709f5b88a7a398c07836c2d70ed06beb323a486802830f17de28a510b521d
vegfa,16e1bd774d17f752fe4ddff57c537d29ac0d0ca207b8ffc1a8632054a19c4830,de_novo,f3dde20579e5ec9c41bfdc4f4fd6d09a34e5666f4c079e9d476789cbd303c173,none,,toxinpred3_hybrid_score,numeric,false,de_novo_has_no_biological_parent,,,,0.505,,,,e624396e25a5e647709f51e18e99c07f82ebc591a304c3c4968d8e77c64f7bad
vegfa,16e1bd774d17f752fe4ddff57c537d29ac0d0ca207b8ffc1a8632054a19c4830,de_novo,f3dde20579e5ec9c41bfdc4f4fd6d09a34e5666f4c079e9d476789cbd303c173,none,,toxinpred3_label,categorical,false,de_novo_has_no_biological_parent,,,,Toxin,,,,6cd9aa1e9b4e94527a59d089fdad89001fd7b02e8fb3e85f9879b94b4198142d
vegfa,37f3804700403f182a75212a6ad043ca849f95e96bb41c101e8a77beac055190,masked_substitution,86fbf88a1c4c8283b2bc63c7fcf35e9c394cd42af14a81cdb0387f0039cde546,primary_parent,02e6e8a9041d1f5e02ded66ace7f1bf8353933cb460554f7d6d4f7827ee851e3,amp_read_log10_mic_um,numeric,true,same_frozen_numeric_contract,minimize,log10(uM),0.8502392420270765,1.0373883569405835,0.18714911491350705,-0.18714911491350705,true,36e189da22ee09d75d15c1cae5e574143d64205976e422f865ca31b2928f4231
vegfa,37f3804700403f182a75212a6ad043ca849f95e96bb41c101e8a77beac055190,masked_substitution,86fbf88a1c4c8283b2bc63c7fcf35e9c394cd42af14a81cdb0387f0039cde546,primary_parent,02e6e8a9041d1f5e02ded66ace7f1bf8353933cb460554f7d6d4f7827ee851e3,guruprasad_instability_index,numeric,true,same_frozen_numeric_contract,minimize,index,-9.308695652173913,-14.673913,-5.365217347826087,5.365217347826087,true,a60783bb68768a995b84aef34efbad6594a055428ca1871fec4762eb7a8a82a0
vegfa,37f3804700403f182a75212a6ad043ca849f95e96bb41c101e8a77beac055190,masked_substitution,86fbf88a1c4c8283b2bc63c7fcf35e9c394cd42af14a81cdb0387f0039cde546,primary_parent,02e6e8a9041d1f5e02ded66ace7f1bf8353933cb460554f7d6d4f7827ee851e3,hydrophobic_moment_eisenberg,numeric,false,audit_metric_has_no_monotonic_improvement_direction,audit,dimensionless,0.14056582796750103,0.11952633893846616,-0.021039489029034866,,true,5812e71530e8467a4586b26f706780b819161a5038440a38cd51762327d5764d
vegfa,37f3804700403f182a75212a6ad043ca849f95e96bb41c101e8a77beac055190,masked_substitution,86fbf88a1c4c8283b2bc63c7fcf35e9c394cd42af14a81cdb0387f0039cde546,primary_parent,02e6e8a9041d1f5e02ded66ace7f1bf8353933cb460554f7d6d4f7827ee851e3,hydrophobic_ratio_modlamp,numeric,false,audit_metric_has_no_monotonic_improvement_direction,audit,fraction,0.2608695652173913,0.2608695652173913,0.0,,false,eebec40624ed28087f876642c19865255f55c019343860f174c7c38f54e75f7c
vegfa,37f3804700403f182a75212a6ad043ca849f95e96bb41c101e8a77beac055190,masked_substitution,86fbf88a1c4c8283b2bc63c7fcf35e9c394cd42af14a81cdb0387f0039cde546,primary_parent,02e6e8a9041d1f5e02ded66ace7f1bf8353933cb460554f7d6d4f7827ee851e3,llamp_log10_mic_um,numeric,true,same_frozen_numeric_contract,minimize,log10(uM),1.3610467910766602,1.4032496213912964,0.04220283031463623,-0.04220283031463623,true,a11c6a1679912e95d0cc6cc8fae0ea34cd68b2b1022bf7e7663b18ad81915a0f
vegfa,37f3804700403f182a75212a6ad043ca849f95e96bb41c101e8a77beac055190,masked_substitution,86fbf88a1c4c8283b2bc63c7fcf35e9c394cd42af14a81cdb0387f0039cde546,primary_parent,02e6e8a9041d1f5e02ded66ace7f1bf8353933cb460554f7d6d4f7827ee851e3,macrel_amp_probability,numeric,true,same_frozen_numeric_contract,maximize,probability,0.584,0.535,-0.04899999999999993,-0.04899999999999993,true,5344ea0a026080864dd7deca302bd04b977281bb447412dc49f60bc720643009
vegfa,37f3804700403f182a75212a6ad043ca849f95e96bb41c101e8a77beac055190,masked_substitution,86fbf88a1c4c8283b2bc63c7fcf35e9c394cd42af14a81cdb0387f0039cde546,primary_parent,02e6e8a9041d1f5e02ded66ace7f1bf8353933cb460554f7d6d4f7827ee851e3,macrel_hemolysis_label,categorical,true,same_frozen_label_contract,audit,label,low,low,,,false,d07e184ee64dc784be96ae4ae76e067e26eac2670029101d94524961f52db942
vegfa,37f3804700403f182a75212a6ad043ca849f95e96bb41c101e8a77beac055190,masked_substitution,86fbf88a1c4c8283b2bc63c7fcf35e9c394cd42af14a81cdb0387f0039cde546,primary_parent,02e6e8a9041d1f5e02ded66ace7f1bf8353933cb460554f7d6d4f7827ee851e3,macrel_hemolysis_probability,numeric,true,same_frozen_numeric_contract,minimize,probability,0.465,0.436,-0.029000000000000026,0.029000000000000026,true,9fce1f3625506c2647f7f8dce7ed92a656314064557b4ea6bd158692be11ef72
vegfa,37f3804700403f182a75212a6ad043ca849f95e96bb41c101e8a77beac055190,masked_substitution,86fbf88a1c4c8283b2bc63c7fcf35e9c394cd42af14a81cdb0387f0039cde546,primary_parent,02e6e8a9041d1f5e02ded66ace7f1bf8353933cb460554f7d6d4f7827ee851e3,maximum_hydrophobic_run,numeric,true,same_frozen_numeric_contract,minimize,residues,2.0,2.0,0.0,-0.0,false,287dac59a318f13e850bc2e9529c109cbf14d8d3229de3e2d1c8c535c03297a4
vegfa,37f3804700403f182a75212a6ad043ca849f95e96bb41c101e8a77beac055190,masked_substitution,86fbf88a1c4c8283b2bc63c7fcf35e9c394cd42af14a81cdb0387f0039cde546,primary_parent,02e6e8a9041d1f5e02ded66ace7f1bf8353933cb460554f7d6d4f7827ee851e3,net_charge_ph7_4,numeric,false,audit_metric_has_no_monotonic_improvement_direction,audit,elementary_charge,6.112,6.112,0.0,,false,39a3042269fdf078efd1ddffeaa140ce1ddc4687d992520acf765e0e2e103179
vegfa,37f3804700403f182a75212a6ad043ca849f95e96bb41c101e8a77beac055190,masked_substitution,86fbf88a1c4c8283b2bc63c7fcf35e9c394cd42af14a81cdb0387f0039cde546,primary_parent,02e6e8a9041d1f5e02ded66ace7f1bf8353933cb460554f7d6d4f7827ee851e3,toxinpred3_hybrid_score,numeric,true,same_frozen_numeric_contract,minimize,dimensionless,0.0,0.0,0.0,-0.0,false,5d4a06493bc4763ce13f89c700d8fa7e30e8e790f9ea2dea5397d795fe28d903
vegfa,37f3804700403f182a75212a6ad043ca849f95e96bb41c101e8a77beac055190,masked_substitution,86fbf88a1c4c8283b2bc63c7fcf35e9c394cd42af14a81cdb0387f0039cde546,primary_parent,02e6e8a9041d1f5e02ded66ace7f1bf8353933cb460554f7d6d4f7827ee851e3,toxinpred3_label,categorical,true,same_frozen_label_contract,audit,label,Non-Toxin,Non-Toxin,,,false,d0766ff0968055afa396a056fc00e77e4035b4634c0907cf4b9a0c73b42b8aa1
vegfa,c5b50f3ffe4e88890d7be2ec3a999fda8b6c82a9e5dc9db50569ab9eab99ef97,controlled_crossover,5fc10f4d5aed052951c62a32e5b47b555006a7a379496aeb0345e16864d9b070,primary_parent,abb6c0dd6808b64e566e54ef2fc3d2622b4f4472fe472ed1a0305a919f720eb2,amp_read_log10_mic_um,numeric,true,same_frozen_numeric_contract,minimize,log10(uM),1.4975010253206658,1.6571062639429963,0.15960523862233056,-0.15960523862233056,true,cd3f61f34e2baedea50d472fb6269f8f45e1f845446b936cbfa93cf330daab14
vegfa,c5b50f3ffe4e88890d7be2ec3a999fda8b6c82a9e5dc9db50569ab9eab99ef97,controlled_crossover,5fc10f4d5aed052951c62a32e5b47b555006a7a379496aeb0345e16864d9b070,primary_parent,abb6c0dd6808b64e566e54ef2fc3d2622b4f4472fe472ed1a0305a919f720eb2,guruprasad_instability_index,numeric,true,same_frozen_numeric_contract,minimize,index,-8.46086956521739,3.086957,11.54782656521739,-11.54782656521739,true,c12ad8834263df3923cb808d013cba8f544c80593d70018a3dccef9b0a82463c
vegfa,c5b50f3ffe4e88890d7be2ec3a999fda8b6c82a9e5dc9db50569ab9eab99ef97,controlled_crossover,5fc10f4d5aed052951c62a32e5b47b555006a7a379496aeb0345e16864d9b070,primary_parent,abb6c0dd6808b64e566e54ef2fc3d2622b4f4472fe472ed1a0305a919f720eb2,hydrophobic_moment_eisenberg,numeric,false,audit_metric_has_no_monotonic_improvement_direction,audit,dimensionless,0.2506699786733031,0.14496660977247272,-0.10570336890083037,,true,9ce052524192e70afd9217a562aad0b0c5a9df24074cc88d008f89d87b87d3d9
vegfa,c5b50f3ffe4e88890d7be2ec3a999fda8b6c82a9e5dc9db50569ab9eab99ef97,controlled_crossover,5fc10f4d5aed052951c62a32e5b47b555006a7a379496aeb0345e16864d9b070,primary_parent,abb6c0dd6808b64e566e54ef2fc3d2622b4f4472fe472ed1a0305a919f720eb2,hydrophobic_ratio_modlamp,numeric,false,audit_metric_has_no_monotonic_improvement_direction,audit,fraction,0.21739130434782608,0.08695652173913043,-0.13043478260869565,,true,fb71fc208fd151b511aa7d6f4c3a2402fe41a89d86ad976e17fdc1584a58cf7b
vegfa,c5b50f3ffe4e88890d7be2ec3a999fda8b6c82a9e5dc9db50569ab9eab99ef97,controlled_crossover,5fc10f4d5aed052951c62a32e5b47b555006a7a379496aeb0345e16864d9b070,primary_parent,abb6c0dd6808b64e566e54ef2fc3d2622b4f4472fe472ed1a0305a919f720eb2,llamp_log10_mic_um,numeric,true,same_frozen_numeric_contract,minimize,log10(uM),1.1670740842819214,1.4666801691055298,0.2996060848236084,-0.2996060848236084,true,10b5b97c9e618f7b49177e6c45206515ba6d11e242b7d25ce6ed35ab83418fa9
vegfa,c5b50f3ffe4e88890d7be2ec3a999fda8b6c82a9e5dc9db50569ab9eab99ef97,controlled_crossover,5fc10f4d5aed052951c62a32e5b47b555006a7a379496aeb0345e16864d9b070,primary_parent,abb6c0dd6808b64e566e54ef2fc3d2622b4f4472fe472ed1a0305a919f720eb2,macrel_amp_probability,numeric,true,same_frozen_numeric_contract,maximize,probability,0.535,0.297,-0.23800000000000004,-0.23800000000000004,true,6e6dbd5fd92b369baa7389943da5054a2c9e639407a58475c540fec1e394cb13
vegfa,c5b50f3ffe4e88890d7be2ec3a999fda8b6c82a9e5dc9db50569ab9eab99ef97,controlled_crossover,5fc10f4d5aed052951c62a32e5b47b555006a7a379496aeb0345e16864d9b070,primary_parent,abb6c0dd6808b64e566e54ef2fc3d2622b4f4472fe472ed1a0305a919f720eb2,macrel_hemolysis_label,categorical,true,same_frozen_label_contract,audit,label,low,low,,,false,fccc90008f82c6092346abfb52b3dbb6708dbcd611d2773b97a1c462308e5c69
vegfa,c5b50f3ffe4e88890d7be2ec3a999fda8b6c82a9e5dc9db50569ab9eab99ef97,controlled_crossover,5fc10f4d5aed052951c62a32e5b47b555006a7a379496aeb0345e16864d9b070,primary_parent,abb6c0dd6808b64e566e54ef2fc3d2622b4f4472fe472ed1a0305a919f720eb2,macrel_hemolysis_probability,numeric,true,same_frozen_numeric_contract,minimize,probability,0.436,0.337,-0.09899999999999998,0.09899999999999998,true,14f6f9205066fb9c9666e01d7fbd82d9f86d76213a0ddd9bba931b739074b4e2
vegfa,c5b50f3ffe4e88890d7be2ec3a999fda8b6c82a9e5dc9db50569ab9eab99ef97,controlled_crossover,5fc10f4d5aed052951c62a32e5b47b555006a7a379496aeb0345e16864d9b070,primary_parent,abb6c0dd6808b64e566e54ef2fc3d2622b4f4472fe472ed1a0305a919f720eb2,maximum_hydrophobic_run,numeric,true,same_frozen_numeric_contract,minimize,residues,2.0,1.0,-1.0,1.0,true,1bdad4dc372c0be8c69a105c0e551d717401d15f8c4c295b85c103eb43d09509
vegfa,c5b50f3ffe4e88890d7be2ec3a999fda8b6c82a9e5dc9db50569ab9eab99ef97,controlled_crossover,5fc10f4d5aed052951c62a32e5b47b555006a7a379496aeb0345e16864d9b070,primary_parent,abb6c0dd6808b64e566e54ef2fc3d2622b4f4472fe472ed1a0305a919f720eb2,net_charge_ph7_4,numeric,false,audit_metric_has_no_monotonic_improvement_direction,audit,elementary_charge,6.112,7.153,1.0409999999999995,,true,f6963aa5d79934f26342372c33dd0223823597e5ea9d8a1c96ab94fc79a05047
vegfa,c5b50f3ffe4e88890d7be2ec3a999fda8b6c82a9e5dc9db50569ab9eab99ef97,controlled_crossover,5fc10f4d5aed052951c62a32e5b47b555006a7a379496aeb0345e16864d9b070,primary_parent,abb6c0dd6808b64e566e54ef2fc3d2622b4f4472fe472ed1a0305a919f720eb2,toxinpred3_hybrid_score,numeric,true,same_frozen_numeric_contract,minimize,dimensionless,0.0,0.395,0.395,-0.395,true,bc069244a56242e61469862889aee23ad2cb0ac18cd8fefbab505059b91b0f70
vegfa,c5b50f3ffe4e88890d7be2ec3a999fda8b6c82a9e5dc9db50569ab9eab99ef97,controlled_crossover,5fc10f4d5aed052951c62a32e5b47b555006a7a379496aeb0345e16864d9b070,primary_parent,abb6c0dd6808b64e566e54ef2fc3d2622b4f4472fe472ed1a0305a919f720eb2,toxinpred3_label,categorical,true,same_frozen_label_contract,audit,label,Non-Toxin,Toxin,,,true,99020e87df1228018cf81c9910d2bec153e1f1e35841c0811898f1402941c5af
vegfa,c5b50f3ffe4e88890d7be2ec3a999fda8b6c82a9e5dc9db50569ab9eab99ef97,controlled_crossover,5fc10f4d5aed052951c62a32e5b47b555006a7a379496aeb0345e16864d9b070,donor_parent,f2e1e308912a377c8c7aca6123a1a556c098497f97c20bd99bfe9ccd4c975377,amp_read_log10_mic_um,numeric,true,same_frozen_numeric_contract,minimize,log10(uM),1.0863599077352775,1.6571062639429963,0.5707463562077189,-0.5707463562077189,true,716a782b9f8c0c9f5da4ee2bbcc3637b6524ad3686bbe4dad7aa923f91eaefad
vegfa,c5b50f3ffe4e88890d7be2ec3a999fda8b6c82a9e5dc9db50569ab9eab99ef97,controlled_crossover,5fc10f4d5aed052951c62a32e5b47b555006a7a379496aeb0345e16864d9b070,donor_parent,f2e1e308912a377c8c7aca6123a1a556c098497f97c20bd99bfe9ccd4c975377,guruprasad_instability_index,numeric,true,same_frozen_numeric_contract,minimize,index,14.769230769230766,3.086957,-11.682273769230767,11.682273769230767,true,a10beea691073cf611f5ecac74496d5847815bda79274eaabd66c3ba9c65fba8
vegfa,c5b50f3ffe4e88890d7be2ec3a999fda8b6c82a9e5dc9db50569ab9eab99ef97,controlled_crossover,5fc10f4d5aed052951c62a32e5b47b555006a7a379496aeb0345e16864d9b070,donor_parent,f2e1e308912a377c8c7aca6123a1a556c098497f97c20bd99bfe9ccd4c975377,hydrophobic_moment_eisenberg,numeric,false,audit_metric_has_no_monotonic_improvement_direction,audit,dimensionless,0.10563857941862062,0.14496660977247272,0.0393280303538521,,true,3cc955b3cdba30379408333064f65e7191f9bbe756ae2e30ce854cfe517713a1
vegfa,c5b50f3ffe4e88890d7be2ec3a999fda8b6c82a9e5dc9db50569ab9eab99ef97,controlled_crossover,5fc10f4d5aed052951c62a32e5b47b555006a7a379496aeb0345e16864d9b070,donor_parent,f2e1e308912a377c8c7aca6123a1a556c098497f97c20bd99bfe9ccd4c975377,hydrophobic_ratio_modlamp,numeric,false,audit_metric_has_no_monotonic_improvement_direction,audit,fraction,0.07692307692307693,0.08695652173913043,0.010033444816053505,,true,8e6567bbf6b82d93d3fd1c0870ac2da9dcf68bed42e0fd6698d79d3256809ac7
vegfa,c5b50f3ffe4e88890d7be2ec3a999fda8b6c82a9e5dc9db50569ab9eab99ef97,controlled_crossover,5fc10f4d5aed052951c62a32e5b47b555006a7a379496aeb0345e16864d9b070,donor_parent,f2e1e308912a377c8c7aca6123a1a556c098497f97c20bd99bfe9ccd4c975377,llamp_log10_mic_um,numeric,true,same_frozen_numeric_contract,minimize,log10(uM),1.0173412561416626,1.4666801691055298,0.4493389129638672,-0.4493389129638672,true,6e0e185b0da811f4c309c485022ae8bcd2ea579c6fed79ce8245b81acbadab95
vegfa,c5b50f3ffe4e88890d7be2ec3a999fda8b6c82a9e5dc9db50569ab9eab99ef97,controlled_crossover,5fc10f4d5aed052951c62a32e5b47b555006a7a379496aeb0345e16864d9b070,donor_parent,f2e1e308912a377c8c7aca6123a1a556c098497f97c20bd99bfe9ccd4c975377,macrel_amp_probability,numeric,true,same_frozen_numeric_contract,maximize,probability,0.515,0.297,-0.21800000000000003,-0.21800000000000003,true,084fd7e2e2e06c239a52d516df734df98078b0ab268e2cda81aec860c5756406
vegfa,c5b50f3ffe4e88890d7be2ec3a999fda8b6c82a9e5dc9db50569ab9eab99ef97,controlled_crossover,5fc10f4d5aed052951c62a32e5b47b555006a7a379496aeb0345e16864d9b070,donor_parent,f2e1e308912a377c8c7aca6123a1a556c098497f97c20bd99bfe9ccd4c975377,macrel_hemolysis_label,categorical,true,same_frozen_label_contract,audit,label,low,low,,,false,d6b2d83c58805fbb25893c853a403760ccec998cf4e2f44dec58c6e15a6500c5
vegfa,c5b50f3ffe4e88890d7be2ec3a999fda8b6c82a9e5dc9db50569ab9eab99ef97,controlled_crossover,5fc10f4d5aed052951c62a32e5b47b555006a7a379496aeb0345e16864d9b070,donor_parent,f2e1e308912a377c8c7aca6123a1a556c098497f97c20bd99bfe9ccd4c975377,macrel_hemolysis_probability,numeric,true,same_frozen_numeric_contract,minimize,probability,0.465,0.337,-0.128,0.128,true,becde08dec394106d5b9952bacea811ceb4e67b911c671efa3147022460451fe
vegfa,c5b50f3ffe4e88890d7be2ec3a999fda8b6c82a9e5dc9db50569ab9eab99ef97,controlled_crossover,5fc10f4d5aed052951c62a32e5b47b555006a7a379496aeb0345e16864d9b070,donor_parent,f2e1e308912a377c8c7aca6123a1a556c098497f97c20bd99bfe9ccd4c975377,maximum_hydrophobic_run,numeric,true,same_frozen_numeric_contract,minimize,residues,2.0,1.0,-1.0,1.0,true,7c3689c3e4d65c538035d13a5dcb6230c86bc276f53aa62164aa67dfcce55aa6
vegfa,c5b50f3ffe4e88890d7be2ec3a999fda8b6c82a9e5dc9db50569ab9eab99ef97,controlled_crossover,5fc10f4d5aed052951c62a32e5b47b555006a7a379496aeb0345e16864d9b070,donor_parent,f2e1e308912a377c8c7aca6123a1a556c098497f97c20bd99bfe9ccd4c975377,net_charge_ph7_4,numeric,false,audit_metric_has_no_monotonic_improvement_direction,audit,elementary_charge,10.151,7.153,-2.998,,true,a4cf1c01f41e83d6ad605299f0ecb58c49ffc3396dfe10484fa09f49cf1f2ce1
vegfa,c5b50f3ffe4e88890d7be2ec3a999fda8b6c82a9e5dc9db50569ab9eab99ef97,controlled_crossover,5fc10f4d5aed052951c62a32e5b47b555006a7a379496aeb0345e16864d9b070,donor_parent,f2e1e308912a377c8c7aca6123a1a556c098497f97c20bd99bfe9ccd4c975377,toxinpred3_hybrid_score,numeric,true,same_frozen_numeric_contract,minimize,dimensionless,0.01,0.395,0.385,-0.385,true,77b7023d343b79cc323b9cd630b07b9875a10136990d7bdb83869b23cb1b487b
vegfa,c5b50f3ffe4e88890d7be2ec3a999fda8b6c82a9e5dc9db50569ab9eab99ef97,controlled_crossover,5fc10f4d5aed052951c62a32e5b47b555006a7a379496aeb0345e16864d9b070,donor_parent,f2e1e308912a377c8c7aca6123a1a556c098497f97c20bd99bfe9ccd4c975377,toxinpred3_label,categorical,true,same_frozen_label_contract,audit,label,Non-Toxin,Toxin,,,true,656719f04cfedcfbb035892fe36e4e81883fc1e2f5b35cd71f339f913a568883
vegfa,ae03cf6f4ccfcc94b50631b77274ba9abbfc3808ccc0fa38add3a3288f26ee65,de_novo,b5fea107c091eadb00e53f04b8abb46cf4ce71b5e1f22995514a16b80847bd5a,none,,amp_read_log10_mic_um,numeric,false,de_novo_has_no_biological_parent,,,,0.8715240459976312,,,,fb06d8577b250048cddde596e13e0c82349514e57173451a17a13adcce2a4d00
vegfa,ae03cf6f4ccfcc94b50631b77274ba9abbfc3808ccc0fa38add3a3288f26ee65,de_novo,b5fea107c091eadb00e53f04b8abb46cf4ce71b5e1f22995514a16b80847bd5a,none,,guruprasad_instability_index,numeric,false,de_novo_has_no_biological_parent,,,,-22.633333,,,,50da9b537aeb73d39037e427345f5eee486312fa426026a13a50dc51b42afa49
vegfa,ae03cf6f4ccfcc94b50631b77274ba9abbfc3808ccc0fa38add3a3288f26ee65,de_novo,b5fea107c091eadb00e53f04b8abb46cf4ce71b5e1f22995514a16b80847bd5a,none,,hydrophobic_moment_eisenberg,numeric,false,de_novo_has_no_biological_parent,,,,0.14000924263023348,,,,15e7d4f68904667d475387212b218285eaa13be026bf75dae4c287c0ef3e68d0
vegfa,ae03cf6f4ccfcc94b50631b77274ba9abbfc3808ccc0fa38add3a3288f26ee65,de_novo,b5fea107c091eadb00e53f04b8abb46cf4ce71b5e1f22995514a16b80847bd5a,none,,hydrophobic_ratio_modlamp,numeric,false,de_novo_has_no_biological_parent,,,,0.25,,,,4ee4554fce3417bde641ed2ba5a07654a386ed4090bda44ca23be1d541e5e9d6
vegfa,ae03cf6f4ccfcc94b50631b77274ba9abbfc3808ccc0fa38add3a3288f26ee65,de_novo,b5fea107c091eadb00e53f04b8abb46cf4ce71b5e1f22995514a16b80847bd5a,none,,llamp_log10_mic_um,numeric,false,de_novo_has_no_biological_parent,,,,1.1073745489120483,,,,271228fb762f27face8f4050dfbb4549472e61d180af104e84c2f3b14727e8f0
vegfa,ae03cf6f4ccfcc94b50631b77274ba9abbfc3808ccc0fa38add3a3288f26ee65,de_novo,b5fea107c091eadb00e53f04b8abb46cf4ce71b5e1f22995514a16b80847bd5a,none,,macrel_amp_probability,numeric,false,de_novo_has_no_biological_parent,,,,0.564,,,,98f7cbeb27b7397da52b0d130068228fcd4ed5685e887aaa24f18d91e3e15aff
vegfa,ae03cf6f4ccfcc94b50631b77274ba9abbfc3808ccc0fa38add3a3288f26ee65,de_novo,b5fea107c091eadb00e53f04b8abb46cf4ce71b5e1f22995514a16b80847bd5a,none,,macrel_hemolysis_label,categorical,false,de_novo_has_no_biological_parent,,,,high,,,,80f262b6ae35bbc2a1c6fab86bb8a349fc88686dfbaa162565b438a58d0137d1
vegfa,ae03cf6f4ccfcc94b50631b77274ba9abbfc3808ccc0fa38add3a3288f26ee65,de_novo,b5fea107c091eadb00e53f04b8abb46cf4ce71b5e1f22995514a16b80847bd5a,none,,macrel_hemolysis_probability,numeric,false,de_novo_has_no_biological_parent,,,,0.792,,,,95fc9916fd639f8342f2b3091fd37489e9eee3069a7a53fcf77b95ee8febe207
vegfa,ae03cf6f4ccfcc94b50631b77274ba9abbfc3808ccc0fa38add3a3288f26ee65,de_novo,b5fea107c091eadb00e53f04b8abb46cf4ce71b5e1f22995514a16b80847bd5a,none,,maximum_hydrophobic_run,numeric,false,de_novo_has_no_biological_parent,,,,2,,,,a6517dbc3a104dcb28f50d37ac3dfc8934b3aeba73c563d5d63d4ce02c610bfa
vegfa,ae03cf6f4ccfcc94b50631b77274ba9abbfc3808ccc0fa38add3a3288f26ee65,de_novo,b5fea107c091eadb00e53f04b8abb46cf4ce71b5e1f22995514a16b80847bd5a,none,,net_charge_ph7_4,numeric,false,de_novo_has_no_biological_parent,,,,9.027,,,,a838c79d47dfd433a0240198300d526b69d0b703e5608191fe4d4c7cb2b4e22f
vegfa,ae03cf6f4ccfcc94b50631b77274ba9abbfc3808ccc0fa38add3a3288f26ee65,de_novo,b5fea107c091eadb00e53f04b8abb46cf4ce71b5e1f22995514a16b80847bd5a,none,,toxinpred3_hybrid_score,numeric,false,de_novo_has_no_biological_parent,,,,0.065,,,,96032f661592570a8c7d9ddc7b8c2282738700bd771143e598c2b4ee56abb75c
vegfa,ae03cf6f4ccfcc94b50631b77274ba9abbfc3808ccc0fa38add3a3288f26ee65,de_novo,b5fea107c091eadb00e53f04b8abb46cf4ce71b5e1f22995514a16b80847bd5a,none,,toxinpred3_label,categorical,false,de_novo_has_no_biological_parent,,,,Non-Toxin,,,,f0fc0f841e7ab353adc7c759a5f5ebd0298dde4e80cdd5f724d31b4c9fe8a9d8
vegfa,d98b4c8ae1bd668843e33fbd8c03cd96bd548ac762440010c137f71f914fccea,de_novo,b45d1ef9d4130f7524c6d78e11fd2fd77604452986fab7aef5613262d2df5397,none,,amp_read_log10_mic_um,numeric,false,de_novo_has_no_biological_parent,,,,1.3276682508750952,,,,cdd45283863332f40ea0c67c16850768f1a903248d2e7aabacace1350ce6c74a
vegfa,d98b4c8ae1bd668843e33fbd8c03cd96bd548ac762440010c137f71f914fccea,de_novo,b45d1ef9d4130f7524c6d78e11fd2fd77604452986fab7aef5613262d2df5397,none,,guruprasad_instability_index,numeric,false,de_novo_has_no_biological_parent,,,,33.688462,,,,7eee586a39573a8df2a4f158eb8ca4dc91ea16ef3f5c696a722b3f57f9eac340
vegfa,d98b4c8ae1bd668843e33fbd8c03cd96bd548ac762440010c137f71f914fccea,de_novo,b45d1ef9d4130f7524c6d78e11fd2fd77604452986fab7aef5613262d2df5397,none,,hydrophobic_moment_eisenberg,numeric,false,de_novo_has_no_biological_parent,,,,0.33524471848967596,,,,9c9279f247960d1942ed098aef47dfafe6c38f944c1a3e36268dd3dd804a5c49
vegfa,d98b4c8ae1bd668843e33fbd8c03cd96bd548ac762440010c137f71f914fccea,de_novo,b45d1ef9d4130f7524c6d78e11fd2fd77604452986fab7aef5613262d2df5397,none,,hydrophobic_ratio_modlamp,numeric,false,de_novo_has_no_biological_parent,,,,0.15384615384615385,,,,c52be1c295bbdecd4897b92aaec5a69cd9ace805e600d2999d947b0e581ef9dc
vegfa,d98b4c8ae1bd668843e33fbd8c03cd96bd548ac762440010c137f71f914fccea,de_novo,b45d1ef9d4130f7524c6d78e11fd2fd77604452986fab7aef5613262d2df5397,none,,llamp_log10_mic_um,numeric,false,de_novo_has_no_biological_parent,,,,0.9188053607940674,,,,8a23e778da270a511689c81da9f9e61fa1bce4915905804b4dff35e2dc0e7da9
vegfa,d98b4c8ae1bd668843e33fbd8c03cd96bd548ac762440010c137f71f914fccea,de_novo,b45d1ef9d4130f7524c6d78e11fd2fd77604452986fab7aef5613262d2df5397,none,,macrel_amp_probability,numeric,false,de_novo_has_no_biological_parent,,,,0.366,,,,9594b1a0242489e0e237c45bd0987e8aa560146a7eebeeff3c9011b00320b410
vegfa,d98b4c8ae1bd668843e33fbd8c03cd96bd548ac762440010c137f71f914fccea,de_novo,b45d1ef9d4130f7524c6d78e11fd2fd77604452986fab7aef5613262d2df5397,none,,macrel_hemolysis_label,categorical,false,de_novo_has_no_biological_parent,,,,high,,,,1910958afa14f8e21cd9daddc1a16d9294863bd208dcf7888824383e4dfa9fb1
vegfa,d98b4c8ae1bd668843e33fbd8c03cd96bd548ac762440010c137f71f914fccea,de_novo,b45d1ef9d4130f7524c6d78e11fd2fd77604452986fab7aef5613262d2df5397,none,,macrel_hemolysis_probability,numeric,false,de_novo_has_no_biological_parent,,,,0.634,,,,808b4973ef79d0725277dd0742bc9f17346ab754c35bf057b86dc97d18dcca4b
vegfa,d98b4c8ae1bd668843e33fbd8c03cd96bd548ac762440010c137f71f914fccea,de_novo,b45d1ef9d4130f7524c6d78e11fd2fd77604452986fab7aef5613262d2df5397,none,,maximum_hydrophobic_run,numeric,false,de_novo_has_no_biological_parent,,,,1,,,,e403ae181c2502b5a7fb57baa60026d33391bdd98d4675caec400513b70121c2
vegfa,d98b4c8ae1bd668843e33fbd8c03cd96bd548ac762440010c137f71f914fccea,de_novo,b45d1ef9d4130f7524c6d78e11fd2fd77604452986fab7aef5613262d2df5397,none,,net_charge_ph7_4,numeric,false,de_novo_has_no_biological_parent,,,,13.067,,,,f82c23516242ed9439bfe57180af98637b513c5474945bacd6b11919d5ab4be1
vegfa,d98b4c8ae1bd668843e33fbd8c03cd96bd548ac762440010c137f71f914fccea,de_novo,b45d1ef9d4130f7524c6d78e11fd2fd77604452986fab7aef5613262d2df5397,none,,toxinpred3_hybrid_score,numeric,false,de_novo_has_no_biological_parent,,,,0.625,,,,6cb26acb9ae85dc76aa2e5e764b3b6daf00b801884609fc90bea32967108614a
vegfa,d98b4c8ae1bd668843e33fbd8c03cd96bd548ac762440010c137f71f914fccea,de_novo,b45d1ef9d4130f7524c6d78e11fd2fd77604452986fab7aef5613262d2df5397,none,,toxinpred3_label,categorical,false,de_novo_has_no_biological_parent,,,,Toxin,,,,08bc875d0ddd70f074c119ce4f0b474684e52c3633f299891396bcd58d2a4a29
vegfa,0f78fb91bc6c788ed5437ca846aa9254368ea901fa8f4420f11acb32d56253b5,masked_substitution,fbf8f4eafd6f73f7e83b66aa2ac04fcd9659f82f1245436593a0d74a060fb8fe,primary_parent,02e6e8a9041d1f5e02ded66ace7f1bf8353933cb460554f7d6d4f7827ee851e3,amp_read_log10_mic_um,numeric,true,same_frozen_numeric_contract,minimize,log10(uM),0.8502392420270765,0.9383255352790654,0.08808629325198891,-0.08808629325198891,true,c4f805f260ec710b354cf7674a60277e495c8d17e9329953b9243b263dfa39f7
vegfa,0f78fb91bc6c788ed5437ca846aa9254368ea901fa8f4420f11acb32d56253b5,masked_substitution,fbf8f4eafd6f73f7e83b66aa2ac04fcd9659f82f1245436593a0d74a060fb8fe,primary_parent,02e6e8a9041d1f5e02ded66ace7f1bf8353933cb460554f7d6d4f7827ee851e3,guruprasad_instability_index,numeric,true,same_frozen_numeric_contract,minimize,index,-9.308695652173913,-14.252174,-4.943478347826087,4.943478347826087,true,cf1529691f225e08abcd5d01c7f0a86ed570a3edc3246bab7436ef7e7c3a8b68
vegfa,0f78fb91bc6c788ed5437ca846aa9254368ea901fa8f4420f11acb32d56253b5,masked_substitution,fbf8f4eafd6f73f7e83b66aa2ac04fcd9659f82f1245436593a0d74a060fb8fe,primary_parent,02e6e8a9041d1f5e02ded66ace7f1bf8353933cb460554f7d6d4f7827ee851e3,hydrophobic_moment_eisenberg,numeric,false,audit_metric_has_no_monotonic_improvement_direction,audit,dimensionless,0.14056582796750103,0.18689500597176176,0.04632917800426073,,true,89e023535a18c5919d13f08a2a34ca35ba03ef96f178500389260b6105be95ee
vegfa,0f78fb91bc6c788ed5437ca846aa9254368ea901fa8f4420f11acb32d56253b5,masked_substitution,fbf8f4eafd6f73f7e83b66aa2ac04fcd9659f82f1245436593a0d74a060fb8fe,primary_parent,02e6e8a9041d1f5e02ded66ace7f1bf8353933cb460554f7d6d4f7827ee851e3,hydrophobic_ratio_modlamp,numeric,false,audit_metric_has_no_monotonic_improvement_direction,audit,fraction,0.2608695652173913,0.2608695652173913,0.0,,false,23cdd4ec06a831b4a934efec80410c1e33af8785626b5ef3e26a713bf6f52fd6
vegfa,0f78fb91bc6c788ed5437ca846aa9254368ea901fa8f4420f11acb32d56253b5,masked_substitution,fbf8f4eafd6f73f7e83b66aa2ac04fcd9659f82f1245436593a0d74a060fb8fe,primary_parent,02e6e8a9041d1f5e02ded66ace7f1bf8353933cb460554f7d6d4f7827ee851e3,llamp_log10_mic_um,numeric,true,same_frozen_numeric_contract,minimize,log10(uM),1.3610467910766602,1.5995138883590698,0.23846709728240967,-0.23846709728240967,true,5506707a719e9a94441b01ca2dc182a4dcd5a40dea694ba585e926664aa8681a
vegfa,0f78fb91bc6c788ed5437ca846aa9254368ea901fa8f4420f11acb32d56253b5,masked_substitution,fbf8f4eafd6f73f7e83b66aa2ac04fcd9659f82f1245436593a0d74a060fb8fe,primary_parent,02e6e8a9041d1f5e02ded66ace7f1bf8353933cb460554f7d6d4f7827ee851e3,macrel_amp_probability,numeric,true,same_frozen_numeric_contract,maximize,probability,0.584,0.594,0.010000000000000009,0.010000000000000009,true,dc1fdab8a61be3a186d56e95747b5adf60adcfbb117066af872bddb5623f922d
vegfa,0f78fb91bc6c788ed5437ca846aa9254368ea901fa8f4420f11acb32d56253b5,masked_substitution,fbf8f4eafd6f73f7e83b66aa2ac04fcd9659f82f1245436593a0d74a060fb8fe,primary_parent,02e6e8a9041d1f5e02ded66ace7f1bf8353933cb460554f7d6d4f7827ee851e3,macrel_hemolysis_label,categorical,true,same_frozen_label_contract,audit,label,low,low,,,false,e8fcab04939b7d8b47e34aeee6f50341704a9048595d68ff47c9a4fcc7dea607
vegfa,0f78fb91bc6c788ed5437ca846aa9254368ea901fa8f4420f11acb32d56253b5,masked_substitution,fbf8f4eafd6f73f7e83b66aa2ac04fcd9659f82f1245436593a0d74a060fb8fe,primary_parent,02e6e8a9041d1f5e02ded66ace7f1bf8353933cb460554f7d6d4f7827ee851e3,macrel_hemolysis_probability,numeric,true,same_frozen_numeric_contract,minimize,probability,0.465,0.475,0.009999999999999953,-0.009999999999999953,true,77bd02ebd3cbeb0af7e49ae4cc2f4af4791ceebe4aaf630b74f18291caddb08c
vegfa,0f78fb91bc6c788ed5437ca846aa9254368ea901fa8f4420f11acb32d56253b5,masked_substitution,fbf8f4eafd6f73f7e83b66aa2ac04fcd9659f82f1245436593a0d74a060fb8fe,primary_parent,02e6e8a9041d1f5e02ded66ace7f1bf8353933cb460554f7d6d4f7827ee851e3,maximum_hydrophobic_run,numeric,true,same_frozen_numeric_contract,minimize,residues,2.0,2.0,0.0,-0.0,false,494ef008c78e9e4ac5d26fb00a1ed6f47d2f600dae9098514d9a5c6cbcf8096a
vegfa,0f78fb91bc6c788ed5437ca846aa9254368ea901fa8f4420f11acb32d56253b5,masked_substitution,fbf8f4eafd6f73f7e83b66aa2ac04fcd9659f82f1245436593a0d74a060fb8fe,primary_parent,02e6e8a9041d1f5e02ded66ace7f1bf8353933cb460554f7d6d4f7827ee851e3,net_charge_ph7_4,numeric,false,audit_metric_has_no_monotonic_improvement_direction,audit,elementary_charge,6.112,7.07,0.9580000000000002,,true,065c8000adf092c1ba85b0d39facd149816b8796fb3e73a6cd7945f79e2ceba9
vegfa,0f78fb91bc6c788ed5437ca846aa9254368ea901fa8f4420f11acb32d56253b5,masked_substitution,fbf8f4eafd6f73f7e83b66aa2ac04fcd9659f82f1245436593a0d74a060fb8fe,primary_parent,02e6e8a9041d1f5e02ded66ace7f1bf8353933cb460554f7d6d4f7827ee851e3,toxinpred3_hybrid_score,numeric,true,same_frozen_numeric_contract,minimize,dimensionless,0.0,0.0,0.0,-0.0,false,5025bbc042e6274ba63d987e3eb4f9a3c0720c4f7ae81c2ae7735e3cf8551f42
vegfa,0f78fb91bc6c788ed5437ca846aa9254368ea901fa8f4420f11acb32d56253b5,masked_substitution,fbf8f4eafd6f73f7e83b66aa2ac04fcd9659f82f1245436593a0d74a060fb8fe,primary_parent,02e6e8a9041d1f5e02ded66ace7f1bf8353933cb460554f7d6d4f7827ee851e3,toxinpred3_label,categorical,true,same_frozen_label_contract,audit,label,Non-Toxin,Non-Toxin,,,false,315b1191c952998db4970aff540fd75aea3f13491a1d13ed9a4f822fea01b024
vegfa,f009cf06a021fcecf5e0d1411cda2e47f947925b4c2cc6e137cd1b2c6cfc80c3,controlled_crossover,5e6fc5d74f06e6fef7c77d2302cbbbd6cb9e9f6a947e020b3d09dcb8cf082e1b,primary_parent,4a494dc82b2e48f2ac0de7e54d2668f279ad7a1d5b4954c45d22e161d246d03a,amp_read_log10_mic_um,numeric,true,same_frozen_numeric_contract,minimize,log10(uM),1.203926168329643,1.2884813548930156,0.08455518656337269,-0.08455518656337269,true,1317fe43d11bcc727905d83ec11a79d240eada847e3ef9e48f4d3dbca61bbf3c
vegfa,f009cf06a021fcecf5e0d1411cda2e47f947925b4c2cc6e137cd1b2c6cfc80c3,controlled_crossover,5e6fc5d74f06e6fef7c77d2302cbbbd6cb9e9f6a947e020b3d09dcb8cf082e1b,primary_parent,4a494dc82b2e48f2ac0de7e54d2668f279ad7a1d5b4954c45d22e161d246d03a,guruprasad_instability_index,numeric,true,same_frozen_numeric_contract,minimize,index,-8.056521739130433,3.491304,11.547825739130433,-11.547825739130433,true,9b99177b244d4eaea88127b50c06820d63cc2628acf5ba5c79e5963eb5357bbf
vegfa,f009cf06a021fcecf5e0d1411cda2e47f947925b4c2cc6e137cd1b2c6cfc80c3,controlled_crossover,5e6fc5d74f06e6fef7c77d2302cbbbd6cb9e9f6a947e020b3d09dcb8cf082e1b,primary_parent,4a494dc82b2e48f2ac0de7e54d2668f279ad7a1d5b4954c45d22e161d246d03a,hydrophobic_moment_eisenberg,numeric,false,audit_metric_has_no_monotonic_improvement_direction,audit,dimensionless,0.31609609858914106,0.14569436143017703,-0.17040173715896403,,true,276a5901aff0191632831f73df7f4e20b4cdce8e29bb4bf4bc89e918a7e833ea
vegfa,f009cf06a021fcecf5e0d1411cda2e47f947925b4c2cc6e137cd1b2c6cfc80c3,controlled_crossover,5e6fc5d74f06e6fef7c77d2302cbbbd6cb9e9f6a947e020b3d09dcb8cf082e1b,primary_parent,4a494dc82b2e48f2ac0de7e54d2668f279ad7a1d5b4954c45d22e161d246d03a,hydrophobic_ratio_modlamp,numeric,false,audit_metric_has_no_monotonic_improvement_direction,audit,fraction,0.21739130434782608,0.08695652173913043,-0.13043478260869565,,true,fa65727873b649feac4492e6fb6099bd5e1c46e865b8d2313b42ff4a4d3e7e91
vegfa,f009cf06a021fcecf5e0d1411cda2e47f947925b4c2cc6e137cd1b2c6cfc80c3,controlled_crossover,5e6fc5d74f06e6fef7c77d2302cbbbd6cb9e9f6a947e020b3d09dcb8cf082e1b,primary_parent,4a494dc82b2e48f2ac0de7e54d2668f279ad7a1d5b4954c45d22e161d246d03a,llamp_log10_mic_um,numeric,true,same_frozen_numeric_contract,minimize,log10(uM),1.1515740156173706,1.7432767152786255,0.5917026996612549,-0.5917026996612549,true,8e03475dba04c9f43388a3c39a8f8d4414726f72547daf923ec6ee69aa5dd908
vegfa,f009cf06a021fcecf5e0d1411cda2e47f947925b4c2cc6e137cd1b2c6cfc80c3,controlled_crossover,5e6fc5d74f06e6fef7c77d2302cbbbd6cb9e9f6a947e020b3d09dcb8cf082e1b,primary_parent,4a494dc82b2e48f2ac0de7e54d2668f279ad7a1d5b4954c45d22e161d246d03a,macrel_amp_probability,numeric,true,same_frozen_numeric_contract,maximize,probability,0.58,0.347,-0.23299999999999998,-0.23299999999999998,true,e99506138be28ca93bcdd509e3f837e72194d736239fd3cd5724268b80d6a8c9
vegfa,f009cf06a021fcecf5e0d1411cda2e47f947925b4c2cc6e137cd1b2c6cfc80c3,controlled_crossover,5e6fc5d74f06e6fef7c77d2302cbbbd6cb9e9f6a947e020b3d09dcb8cf082e1b,primary_parent,4a494dc82b2e48f2ac0de7e54d2668f279ad7a1d5b4954c45d22e161d246d03a,macrel_hemolysis_label,categorical,true,same_frozen_label_contract,audit,label,low,low,,,false,7c67f7f31745f1a52b71001ab1757f4e2c7a00c96562e1071cdfb733457f430e
vegfa,f009cf06a021fcecf5e0d1411cda2e47f947925b4c2cc6e137cd1b2c6cfc80c3,controlled_crossover,5e6fc5d74f06e6fef7c77d2302cbbbd6cb9e9f6a947e020b3d09dcb8cf082e1b,primary_parent,4a494dc82b2e48f2ac0de7e54d2668f279ad7a1d5b4954c45d22e161d246d03a,macrel_hemolysis_probability,numeric,true,same_frozen_numeric_contract,minimize,probability,0.485,0.376,-0.10899999999999999,0.10899999999999999,true,bd6b77ebaea28ca2604ae04865ce21dca52f25f0cfc3d34fbd45c0cbff0b118e
vegfa,f009cf06a021fcecf5e0d1411cda2e47f947925b4c2cc6e137cd1b2c6cfc80c3,controlled_crossover,5e6fc5d74f06e6fef7c77d2302cbbbd6cb9e9f6a947e020b3d09dcb8cf082e1b,primary_parent,4a494dc82b2e48f2ac0de7e54d2668f279ad7a1d5b4954c45d22e161d246d03a,maximum_hydrophobic_run,numeric,true,same_frozen_numeric_contract,minimize,residues,2.0,1.0,-1.0,1.0,true,79688445cf299240808a1c63eeff09589902e4c251598009b0c1d87e0f80a569
vegfa,f009cf06a021fcecf5e0d1411cda2e47f947925b4c2cc6e137cd1b2c6cfc80c3,controlled_crossover,5e6fc5d74f06e6fef7c77d2302cbbbd6cb9e9f6a947e020b3d09dcb8cf082e1b,primary_parent,4a494dc82b2e48f2ac0de7e54d2668f279ad7a1d5b4954c45d22e161d246d03a,net_charge_ph7_4,numeric,false,audit_metric_has_no_monotonic_improvement_direction,audit,elementary_charge,6.112,7.153,1.0409999999999995,,true,e2f4e102a75e4489a8721a82d566dfc4df30478aba93d33d7835102ba2496ead
vegfa,f009cf06a021fcecf5e0d1411cda2e47f947925b4c2cc6e137cd1b2c6cfc80c3,controlled_crossover,5e6fc5d74f06e6fef7c77d2302cbbbd6cb9e9f6a947e020b3d09dcb8cf082e1b,primary_parent,4a494dc82b2e48f2ac0de7e54d2668f279ad7a1d5b4954c45d22e161d246d03a,toxinpred3_hybrid_score,numeric,true,same_frozen_numeric_contract,minimize,dimensionless,0.0,0.335,0.335,-0.335,true,db6222adcfb142c97ef3d6374f9b9b3a40ed3d6dabc70d459bd71b82d3605208
vegfa,f009cf06a021fcecf5e0d1411cda2e47f947925b4c2cc6e137cd1b2c6cfc80c3,controlled_crossover,5e6fc5d74f06e6fef7c77d2302cbbbd6cb9e9f6a947e020b3d09dcb8cf082e1b,primary_parent,4a494dc82b2e48f2ac0de7e54d2668f279ad7a1d5b4954c45d22e161d246d03a,toxinpred3_label,categorical,true,same_frozen_label_contract,audit,label,Non-Toxin,Non-Toxin,,,false,fdb4d683466627a7dcd5af0dacaf64deb7df5ca7df1f273647cd22fb0d13bc5e
vegfa,f009cf06a021fcecf5e0d1411cda2e47f947925b4c2cc6e137cd1b2c6cfc80c3,controlled_crossover,5e6fc5d74f06e6fef7c77d2302cbbbd6cb9e9f6a947e020b3d09dcb8cf082e1b,donor_parent,f2e1e308912a377c8c7aca6123a1a556c098497f97c20bd99bfe9ccd4c975377,amp_read_log10_mic_um,numeric,true,same_frozen_numeric_contract,minimize,log10(uM),1.0863599077352775,1.2884813548930156,0.20212144715773817,-0.20212144715773817,true,4826f483cf6e50e2bf7cc0c9700bca5b859b908a5d8da7835e2f34d7522ed986
vegfa,f009cf06a021fcecf5e0d1411cda2e47f947925b4c2cc6e137cd1b2c6cfc80c3,controlled_crossover,5e6fc5d74f06e6fef7c77d2302cbbbd6cb9e9f6a947e020b3d09dcb8cf082e1b,donor_parent,f2e1e308912a377c8c7aca6123a1a556c098497f97c20bd99bfe9ccd4c975377,guruprasad_instability_index,numeric,true,same_frozen_numeric_contract,minimize,index,14.769230769230766,3.491304,-11.277926769230767,11.277926769230767,true,cb8880e941694a1aedb1d9a5055d0ba74cab6b55a4dcf3bb57ec122cf87b2c1a
vegfa,f009cf06a021fcecf5e0d1411cda2e47f947925b4c2cc6e137cd1b2c6cfc80c3,controlled_crossover,5e6fc5d74f06e6fef7c77d2302cbbbd6cb9e9f6a947e020b3d09dcb8cf082e1b,donor_parent,f2e1e308912a377c8c7aca6123a1a556c098497f97c20bd99bfe9ccd4c975377,hydrophobic_moment_eisenberg,numeric,false,audit_metric_has_no_monotonic_improvement_direction,audit,dimensionless,0.10563857941862062,0.14569436143017703,0.04005578201155641,,true,28d9eee668a4b60c3aa9e3fb08e03aae4ba9f373006ee34b59d535840d1ccb33
vegfa,f009cf06a021fcecf5e0d1411cda2e47f947925b4c2cc6e137cd1b2c6cfc80c3,controlled_crossover,5e6fc5d74f06e6fef7c77d2302cbbbd6cb9e9f6a947e020b3d09dcb8cf082e1b,donor_parent,f2e1e308912a377c8c7aca6123a1a556c098497f97c20bd99bfe9ccd4c975377,hydrophobic_ratio_modlamp,numeric,false,audit_metric_has_no_monotonic_improvement_direction,audit,fraction,0.07692307692307693,0.08695652173913043,0.010033444816053505,,true,0e0b89306555f408b1a2887cca35474758c0d55e3be7bd447a6332fce1d20c37
vegfa,f009cf06a021fcecf5e0d1411cda2e47f947925b4c2cc6e137cd1b2c6cfc80c3,controlled_crossover,5e6fc5d74f06e6fef7c77d2302cbbbd6cb9e9f6a947e020b3d09dcb8cf082e1b,donor_parent,f2e1e308912a377c8c7aca6123a1a556c098497f97c20bd99bfe9ccd4c975377,llamp_log10_mic_um,numeric,true,same_frozen_numeric_contract,minimize,log10(uM),1.0173412561416626,1.7432767152786255,0.7259354591369629,-0.7259354591369629,true,7f02f36104bb76f391ded07f7341762e7a827a1bd027b639e315746699af93ea
vegfa,f009cf06a021fcecf5e0d1411cda2e47f947925b4c2cc6e137cd1b2c6cfc80c3,controlled_crossover,5e6fc5d74f06e6fef7c77d2302cbbbd6cb9e9f6a947e020b3d09dcb8cf082e1b,donor_parent,f2e1e308912a377c8c7aca6123a1a556c098497f97c20bd99bfe9ccd4c975377,macrel_amp_probability,numeric,true,same_frozen_numeric_contract,maximize,probability,0.515,0.347,-0.16800000000000004,-0.16800000000000004,true,390f429865f39082b5464bf4c3d993333b320430ea75f4ca61950ef170cb99a7
vegfa,f009cf06a021fcecf5e0d1411cda2e47f947925b4c2cc6e137cd1b2c6cfc80c3,controlled_crossover,5e6fc5d74f06e6fef7c77d2302cbbbd6cb9e9f6a947e020b3d09dcb8cf082e1b,donor_parent,f2e1e308912a377c8c7aca6123a1a556c098497f97c20bd99bfe9ccd4c975377,macrel_hemolysis_label,categorical,true,same_frozen_label_contract,audit,label,low,low,,,false,3eef242962673ecef42ef920bd6717367905aa3afcd95d945b42c7a2229a9cf5
vegfa,f009cf06a021fcecf5e0d1411cda2e47f947925b4c2cc6e137cd1b2c6cfc80c3,controlled_crossover,5e6fc5d74f06e6fef7c77d2302cbbbd6cb9e9f6a947e020b3d09dcb8cf082e1b,donor_parent,f2e1e308912a377c8c7aca6123a1a556c098497f97c20bd99bfe9ccd4c975377,macrel_hemolysis_probability,numeric,true,same_frozen_numeric_contract,minimize,probability,0.465,0.376,-0.08900000000000002,0.08900000000000002,true,8061c3b45cb111e3a7dfd2366b66c042a5a3321716b699cc03fbd6e12d16cad4
vegfa,f009cf06a021fcecf5e0d1411cda2e47f947925b4c2cc6e137cd1b2c6cfc80c3,controlled_crossover,5e6fc5d74f06e6fef7c77d2302cbbbd6cb9e9f6a947e020b3d09dcb8cf082e1b,donor_parent,f2e1e308912a377c8c7aca6123a1a556c098497f97c20bd99bfe9ccd4c975377,maximum_hydrophobic_run,numeric,true,same_frozen_numeric_contract,minimize,residues,2.0,1.0,-1.0,1.0,true,d9d9a7c08955045eeff8a75a9785a2051e5bc062c21ca3c7be052d87e2251a3d
vegfa,f009cf06a021fcecf5e0d1411cda2e47f947925b4c2cc6e137cd1b2c6cfc80c3,controlled_crossover,5e6fc5d74f06e6fef7c77d2302cbbbd6cb9e9f6a947e020b3d09dcb8cf082e1b,donor_parent,f2e1e308912a377c8c7aca6123a1a556c098497f97c20bd99bfe9ccd4c975377,net_charge_ph7_4,numeric,false,audit_metric_has_no_monotonic_improvement_direction,audit,elementary_charge,10.151,7.153,-2.998,,true,50cf2db2cfd9c718283bff20352db6597ded37d42ea4c451bead4bd7a46a0891
vegfa,f009cf06a021fcecf5e0d1411cda2e47f947925b4c2cc6e137cd1b2c6cfc80c3,controlled_crossover,5e6fc5d74f06e6fef7c77d2302cbbbd6cb9e9f6a947e020b3d09dcb8cf082e1b,donor_parent,f2e1e308912a377c8c7aca6123a1a556c098497f97c20bd99bfe9ccd4c975377,toxinpred3_hybrid_score,numeric,true,same_frozen_numeric_contract,minimize,dimensionless,0.01,0.335,0.325,-0.325,true,7ad772cfcbb2970d1bb3b4b8ce069bbb1c500bc3225596d03df375263a79f7e2
vegfa,f009cf06a021fcecf5e0d1411cda2e47f947925b4c2cc6e137cd1b2c6cfc80c3,controlled_crossover,5e6fc5d74f06e6fef7c77d2302cbbbd6cb9e9f6a947e020b3d09dcb8cf082e1b,donor_parent,f2e1e308912a377c8c7aca6123a1a556c098497f97c20bd99bfe9ccd4c975377,toxinpred3_label,categorical,true,same_frozen_label_contract,audit,label,Non-Toxin,Non-Toxin,,,false,7e02fc659b72c2e7e94d7e0577e548d49f24c8908b21353c4ff602fb33da8d86
vegfa,f88f562e387199bb34cfb869b96378cd08261fe225b5bd764e88374b9e25e92f,de_novo,373a9a40221f768f7139f76d8bc7ab8a01b99e3e6cb00a8444ab779e1db0bef6,none,,amp_read_log10_mic_um,numeric,false,de_novo_has_no_biological_parent,,,,1.4175280599314357,,,,f9b03550b3d506ee6a6b16bec3c72e7341850a2dea308313f08462810dc3522c
vegfa,f88f562e387199bb34cfb869b96378cd08261fe225b5bd764e88374b9e25e92f,de_novo,373a9a40221f768f7139f76d8bc7ab8a01b99e3e6cb00a8444ab779e1db0bef6,none,,guruprasad_instability_index,numeric,false,de_novo_has_no_biological_parent,,,,41.868000,,,,bce7c0e9ff84f347f387f53171cc9a8aa4a652a924706b913600ea0a618fdd36
vegfa,f88f562e387199bb34cfb869b96378cd08261fe225b5bd764e88374b9e25e92f,de_novo,373a9a40221f768f7139f76d8bc7ab8a01b99e3e6cb00a8444ab779e1db0bef6,none,,hydrophobic_moment_eisenberg,numeric,false,de_novo_has_no_biological_parent,,,,0.3493811755763129,,,,2dd37c44ae485145e97ab51bbfaa7b008b239b1d0b1b4af6c3725f26d0b0faa3
vegfa,f88f562e387199bb34cfb869b96378cd08261fe225b5bd764e88374b9e25e92f,de_novo,373a9a40221f768f7139f76d8bc7ab8a01b99e3e6cb00a8444ab779e1db0bef6,none,,hydrophobic_ratio_modlamp,numeric,false,de_novo_has_no_biological_parent,,,,0.16,,,,08b9710e2b1547d567f52191ed41aba0afdf5923f5e26b6267e7067c6963952a
vegfa,f88f562e387199bb34cfb869b96378cd08261fe225b5bd764e88374b9e25e92f,de_novo,373a9a40221f768f7139f76d8bc7ab8a01b99e3e6cb00a8444ab779e1db0bef6,none,,llamp_log10_mic_um,numeric,false,de_novo_has_no_biological_parent,,,,1.44945228099823,,,,05230ca7acdf5254f62d3e6e851e7710ef0a4a08f6d65451294fbe6ecd753d52
vegfa,f88f562e387199bb34cfb869b96378cd08261fe225b5bd764e88374b9e25e92f,de_novo,373a9a40221f768f7139f76d8bc7ab8a01b99e3e6cb00a8444ab779e1db0bef6,none,,macrel_amp_probability,numeric,false,de_novo_has_no_biological_parent,,,,0.129,,,,f9caab451033182f4d659893e2e4aa88a3bfe4788f22bfce3013aa0c3dd7841d
vegfa,f88f562e387199bb34cfb869b96378cd08261fe225b5bd764e88374b9e25e92f,de_novo,373a9a40221f768f7139f76d8bc7ab8a01b99e3e6cb00a8444ab779e1db0bef6,none,,macrel_hemolysis_label,categorical,false,de_novo_has_no_biological_parent,,,,low,,,,5f08b5eff05e9b69b1be8e1ed8fb46f2a72fae06a1a1c2b34620a6d7f738dcad
vegfa,f88f562e387199bb34cfb869b96378cd08261fe225b5bd764e88374b9e25e92f,de_novo,373a9a40221f768f7139f76d8bc7ab8a01b99e3e6cb00a8444ab779e1db0bef6,none,,macrel_hemolysis_probability,numeric,false,de_novo_has_no_biological_parent,,,,0.238,,,,e442a0e73bad6f0380ad952b8669b21b041ce0131e4a839b7f74a3e3baba462d
vegfa,f88f562e387199bb34cfb869b96378cd08261fe225b5bd764e88374b9e25e92f,de_novo,373a9a40221f768f7139f76d8bc7ab8a01b99e3e6cb00a8444ab779e1db0bef6,none,,maximum_hydrophobic_run,numeric,false,de_novo_has_no_biological_parent,,,,2,,,,ead102bbcc62e104bcef0e649bc14a75080934ae063a06e8d9286fe4a22258e5
vegfa,f88f562e387199bb34cfb869b96378cd08261fe225b5bd764e88374b9e25e92f,de_novo,373a9a40221f768f7139f76d8bc7ab8a01b99e3e6cb00a8444ab779e1db0bef6,none,,net_charge_ph7_4,numeric,false,de_novo_has_no_biological_parent,,,,10.984,,,,a4dccfc8147dfaee7baf3781a47073735cf12b3c005b6b2e8753b80c6e08e804
vegfa,f88f562e387199bb34cfb869b96378cd08261fe225b5bd764e88374b9e25e92f,de_novo,373a9a40221f768f7139f76d8bc7ab8a01b99e3e6cb00a8444ab779e1db0bef6,none,,toxinpred3_hybrid_score,numeric,false,de_novo_has_no_biological_parent,,,,0.145,,,,9e3df7bfb312fd88f863f7e2860ccf228d1abfb4e8a8b2b33b19f99a36e80ae4
vegfa,f88f562e387199bb34cfb869b96378cd08261fe225b5bd764e88374b9e25e92f,de_novo,373a9a40221f768f7139f76d8bc7ab8a01b99e3e6cb00a8444ab779e1db0bef6,none,,toxinpred3_label,categorical,false,de_novo_has_no_biological_parent,,,,Non-Toxin,,,,daf8e7ac48aaf4e96bef7d6f4345ef00f818a5989702d278329cbe5ea6465216
vegfa,0d1acba643f4635824e68257311d8d57a010a53e68f7c48b406a49645978c05f,de_novo,88f7dcd836f82e14cf87a0f0b41667d5bcc15832b2b24055eb6e6a6820f228d4,none,,amp_read_log10_mic_um,numeric,false,de_novo_has_no_biological_parent,,,,1.8136347334541618,,,,d074c9d4486d7a50d016691f72b204c27fb47842d42c5b7d290aa458ebb32c77
vegfa,0d1acba643f4635824e68257311d8d57a010a53e68f7c48b406a49645978c05f,de_novo,88f7dcd836f82e14cf87a0f0b41667d5bcc15832b2b24055eb6e6a6820f228d4,none,,guruprasad_instability_index,numeric,false,de_novo_has_no_biological_parent,,,,17.640000,,,,85a8f03b19201db1e2659df2f8aafb5f92fe668bbafc14cbfed367f2531087f6
vegfa,0d1acba643f4635824e68257311d8d57a010a53e68f7c48b406a49645978c05f,de_novo,88f7dcd836f82e14cf87a0f0b41667d5bcc15832b2b24055eb6e6a6820f228d4,none,,hydrophobic_moment_eisenberg,numeric,false,de_novo_has_no_biological_parent,,,,0.18836877743434893,,,,b15f23200dc5c77508a893e3dc955d7e07f19e89f0e1c65839861ab2a3bbc9f1
vegfa,0d1acba643f4635824e68257311d8d57a010a53e68f7c48b406a49645978c05f,de_novo,88f7dcd836f82e14cf87a0f0b41667d5bcc15832b2b24055eb6e6a6820f228d4,none,,hydrophobic_ratio_modlamp,numeric,false,de_novo_has_no_biological_parent,,,,0.08,,,,5520b979218f4235e3908d84672d918801e37d17684986532e875169ca34ff19
vegfa,0d1acba643f4635824e68257311d8d57a010a53e68f7c48b406a49645978c05f,de_novo,88f7dcd836f82e14cf87a0f0b41667d5bcc15832b2b24055eb6e6a6820f228d4,none,,llamp_log10_mic_um,numeric,false,de_novo_has_no_biological_parent,,,,0.9572192430496216,,,,5a6a844cc754c767ae12e07771e83cc1832f35880a2d12520bbe248c80723f72
vegfa,0d1acba643f4635824e68257311d8d57a010a53e68f7c48b406a49645978c05f,de_novo,88f7dcd836f82e14cf87a0f0b41667d5bcc15832b2b24055eb6e6a6820f228d4,none,,macrel_amp_probability,numeric,false,de_novo_has_no_biological_parent,,,,0.406,,,,52ca47a79ce83ac3f609a7d99449c4ecca2164c619720e50104dbe9043c0f941
vegfa,0d1acba643f4635824e68257311d8d57a010a53e68f7c48b406a49645978c05f,de_novo,88f7dcd836f82e14cf87a0f0b41667d5bcc15832b2b24055eb6e6a6820f228d4,none,,macrel_hemolysis_label,categorical,false,de_novo_has_no_biological_parent,,,,low,,,,2f0c400da51817ea10e29d4935f1c885d4d6cc92f86c85f99f6bc22d190024f9
vegfa,0d1acba643f4635824e68257311d8d57a010a53e68f7c48b406a49645978c05f,de_novo,88f7dcd836f82e14cf87a0f0b41667d5bcc15832b2b24055eb6e6a6820f228d4,none,,macrel_hemolysis_probability,numeric,false,de_novo_has_no_biological_parent,,,,0.446,,,,ca061ff1e8b8ef66deb1371ba4d997f0a0719d178c64b426bd37153d525a85f8
vegfa,0d1acba643f4635824e68257311d8d57a010a53e68f7c48b406a49645978c05f,de_novo,88f7dcd836f82e14cf87a0f0b41667d5bcc15832b2b24055eb6e6a6820f228d4,none,,maximum_hydrophobic_run,numeric,false,de_novo_has_no_biological_parent,,,,1,,,,dd77927fbdc8bbb9cc785ace3a47dce47776da5495f665aacb2c969e56d9c6a0
vegfa,0d1acba643f4635824e68257311d8d57a010a53e68f7c48b406a49645978c05f,de_novo,88f7dcd836f82e14cf87a0f0b41667d5bcc15832b2b24055eb6e6a6820f228d4,none,,net_charge_ph7_4,numeric,false,de_novo_has_no_biological_parent,,,,7.234,,,,47e7b6230f8f91cd6ce7aab47e393c4db35b7c78d142dd73c217e8415d893828
vegfa,0d1acba643f4635824e68257311d8d57a010a53e68f7c48b406a49645978c05f,de_novo,88f7dcd836f82e14cf87a0f0b41667d5bcc15832b2b24055eb6e6a6820f228d4,none,,toxinpred3_hybrid_score,numeric,false,de_novo_has_no_biological_parent,,,,0.48,,,,a878eefa47393abe17652eb5da7266ed329d033267a285fa7915d5b1dcec76cb
vegfa,0d1acba643f4635824e68257311d8d57a010a53e68f7c48b406a49645978c05f,de_novo,88f7dcd836f82e14cf87a0f0b41667d5bcc15832b2b24055eb6e6a6820f228d4,none,,toxinpred3_label,categorical,false,de_novo_has_no_biological_parent,,,,Toxin,,,,8bf7776f0c5133d49b21eedb876b2264fbf55f531ef90e06af771c3d95d0df20
vegfa,8dd034aad043e684ec82782b40d416ae25c1b5414b12a25bebfc9098ccd35870,masked_substitution,3771f2acf799bef20236e61d2060c5d86ed152fa7382b22ebbe7041fdd9f2d5b,primary_parent,02e6e8a9041d1f5e02ded66ace7f1bf8353933cb460554f7d6d4f7827ee851e3,amp_read_log10_mic_um,numeric,true,same_frozen_numeric_contract,minimize,log10(uM),0.8502392420270765,0.8062120676047289,-0.044027174422347604,0.044027174422347604,true,006efd8e6bbca0d05bd34fcea7be81ab36531c000bd5a157b94e2df47d753972
vegfa,8dd034aad043e684ec82782b40d416ae25c1b5414b12a25bebfc9098ccd35870,masked_substitution,3771f2acf799bef20236e61d2060c5d86ed152fa7382b22ebbe7041fdd9f2d5b,primary_parent,02e6e8a9041d1f5e02ded66ace7f1bf8353933cb460554f7d6d4f7827ee851e3,guruprasad_instability_index,numeric,true,same_frozen_numeric_contract,minimize,index,-9.308695652173913,-13.0,-3.6913043478260867,3.6913043478260867,true,693242c1059cca206dcd06266e9eaed69e0fdbc7ff9ed3c02254e6df510cd2f9
vegfa,8dd034aad043e684ec82782b40d416ae25c1b5414b12a25bebfc9098ccd35870,masked_substitution,3771f2acf799bef20236e61d2060c5d86ed152fa7382b22ebbe7041fdd9f2d5b,primary_parent,02e6e8a9041d1f5e02ded66ace7f1bf8353933cb460554f7d6d4f7827ee851e3,hydrophobic_moment_eisenberg,numeric,false,audit_metric_has_no_monotonic_improvement_direction,audit,dimensionless,0.14056582796750103,0.08639924778785006,-0.05416658017965097,,true,e03bea6b39100b2bde2e1a0c05361ceecc482b35279a661793ee5dcd589a5a69
vegfa,8dd034aad043e684ec82782b40d416ae25c1b5414b12a25bebfc9098ccd35870,masked_substitution,3771f2acf799bef20236e61d2060c5d86ed152fa7382b22ebbe7041fdd9f2d5b,primary_parent,02e6e8a9041d1f5e02ded66ace7f1bf8353933cb460554f7d6d4f7827ee851e3,hydrophobic_ratio_modlamp,numeric,false,audit_metric_has_no_monotonic_improvement_direction,audit,fraction,0.2608695652173913,0.2608695652173913,0.0,,false,56f287721efbe9a5ca42e558ebdbbde84afdd1875ef78143bc64ae7876516944
vegfa,8dd034aad043e684ec82782b40d416ae25c1b5414b12a25bebfc9098ccd35870,masked_substitution,3771f2acf799bef20236e61d2060c5d86ed152fa7382b22ebbe7041fdd9f2d5b,primary_parent,02e6e8a9041d1f5e02ded66ace7f1bf8353933cb460554f7d6d4f7827ee851e3,llamp_log10_mic_um,numeric,true,same_frozen_numeric_contract,minimize,log10(uM),1.3610467910766602,1.1257866621017456,-0.23526012897491455,0.23526012897491455,true,305780275d80ca03b1724aa5b9e26d841b2e05cacded08f56977befc64179584
vegfa,8dd034aad043e684ec82782b40d416ae25c1b5414b12a25bebfc9098ccd35870,masked_substitution,3771f2acf799bef20236e61d2060c5d86ed152fa7382b22ebbe7041fdd9f2d5b,primary_parent,02e6e8a9041d1f5e02ded66ace7f1bf8353933cb460554f7d6d4f7827ee851e3,macrel_amp_probability,numeric,true,same_frozen_numeric_contract,maximize,probability,0.584,0.545,-0.038999999999999924,-0.038999999999999924,true,49637645d60efec52201c1a87a0620be45b7f286429eb7bea6166d3f57534689
vegfa,8dd034aad043e684ec82782b40d416ae25c1b5414b12a25bebfc9098ccd35870,masked_substitution,3771f2acf799bef20236e61d2060c5d86ed152fa7382b22ebbe7041fdd9f2d5b,primary_parent,02e6e8a9041d1f5e02ded66ace7f1bf8353933cb460554f7d6d4f7827ee851e3,macrel_hemolysis_label,categorical,true,same_frozen_label_contract,audit,label,low,low,,,false,0559c0e1c232a7cab683b090541e6b43a89b4c018132a0257812d3277be72242
vegfa,8dd034aad043e684ec82782b40d416ae25c1b5414b12a25bebfc9098ccd35870,masked_substitution,3771f2acf799bef20236e61d2060c5d86ed152fa7382b22ebbe7041fdd9f2d5b,primary_parent,02e6e8a9041d1f5e02ded66ace7f1bf8353933cb460554f7d6d4f7827ee851e3,macrel_hemolysis_probability,numeric,true,same_frozen_numeric_contract,minimize,probability,0.465,0.455,-0.010000000000000009,0.010000000000000009,true,2e31beed605be9766830c73447d9151567c598e31005afa1464fd26a08e889d3
vegfa,8dd034aad043e684ec82782b40d416ae25c1b5414b12a25bebfc9098ccd35870,masked_substitution,3771f2acf799bef20236e61d2060c5d86ed152fa7382b22ebbe7041fdd9f2d5b,primary_parent,02e6e8a9041d1f5e02ded66ace7f1bf8353933cb460554f7d6d4f7827ee851e3,maximum_hydrophobic_run,numeric,true,same_frozen_numeric_contract,minimize,residues,2.0,2.0,0.0,-0.0,false,4ad47c9de37643bfe22ed411bffcba55cb77b944fa55e4617a4dceac32288f37
vegfa,8dd034aad043e684ec82782b40d416ae25c1b5414b12a25bebfc9098ccd35870,masked_substitution,3771f2acf799bef20236e61d2060c5d86ed152fa7382b22ebbe7041fdd9f2d5b,primary_parent,02e6e8a9041d1f5e02ded66ace7f1bf8353933cb460554f7d6d4f7827ee851e3,net_charge_ph7_4,numeric,false,audit_metric_has_no_monotonic_improvement_direction,audit,elementary_charge,6.112,7.111,0.9989999999999997,,true,535e281c338c25d7fb17e10dfaa9c6e59f5e841b83465a88150850bd49a24dd6
vegfa,8dd034aad043e684ec82782b40d416ae25c1b5414b12a25bebfc9098ccd35870,masked_substitution,3771f2acf799bef20236e61d2060c5d86ed152fa7382b22ebbe7041fdd9f2d5b,primary_parent,02e6e8a9041d1f5e02ded66ace7f1bf8353933cb460554f7d6d4f7827ee851e3,toxinpred3_hybrid_score,numeric,true,same_frozen_numeric_contract,minimize,dimensionless,0.0,0.475,0.475,-0.475,true,7ffc077d9f84d387ccaa2b4e9acb5969d37877ac8d2d0dde82c644b0cbd4bdf9
vegfa,8dd034aad043e684ec82782b40d416ae25c1b5414b12a25bebfc9098ccd35870,masked_substitution,3771f2acf799bef20236e61d2060c5d86ed152fa7382b22ebbe7041fdd9f2d5b,primary_parent,02e6e8a9041d1f5e02ded66ace7f1bf8353933cb460554f7d6d4f7827ee851e3,toxinpred3_label,categorical,true,same_frozen_label_contract,audit,label,Non-Toxin,Toxin,,,true,0b91e2396ddab72a278d611f1d354f1215ef03987ca5d8e7b416db2b85f81794
vegfa,36dd25fa9f02145c3d6f3c6175ef12e0a6181d5e813945a6c2a5adfba08e926f,controlled_crossover,645eb43b9631a610fb8571d9e7a0c0644cda6bf95c5c61ff51f57a26a7f5b798,primary_parent,1852d0385396cacd5f7d48624e6014bea585ff5066195d0ac9d14496615dbe74,amp_read_log10_mic_um,numeric,true,same_frozen_numeric_contract,minimize,log10(uM),0.8556499119534838,1.3593123215705443,0.5036624096170604,-0.5036624096170604,true,5c6d7d5a7e8c23f5bf338c8e855b774bbb99e3610acc6989545e64bd9b119131
vegfa,36dd25fa9f02145c3d6f3c6175ef12e0a6181d5e813945a6c2a5adfba08e926f,controlled_crossover,645eb43b9631a610fb8571d9e7a0c0644cda6bf95c5c61ff51f57a26a7f5b798,primary_parent,1852d0385396cacd5f7d48624e6014bea585ff5066195d0ac9d14496615dbe74,guruprasad_instability_index,numeric,true,same_frozen_numeric_contract,minimize,index,-9.308695652173913,5.930435,15.239130652173912,-15.239130652173912,true,fc95934a6017fc9dfcb806935231732a67e29326b66ce6ddc3da0df570ce4855
vegfa,36dd25fa9f02145c3d6f3c6175ef12e0a6181d5e813945a6c2a5adfba08e926f,controlled_crossover,645eb43b9631a610fb8571d9e7a0c0644cda6bf95c5c61ff51f57a26a7f5b798,primary_parent,1852d0385396cacd5f7d48624e6014bea585ff5066195d0ac9d14496615dbe74,hydrophobic_moment_eisenberg,numeric,false,audit_metric_has_no_monotonic_improvement_direction,audit,dimensionless,0.22812344926292888,0.081740411555936,-0.14638303770699287,,true,6347db0c24c956e83f965470680efa9ef0704de9a9ac584ad4f3965c95106f94
vegfa,36dd25fa9f02145c3d6f3c6175ef12e0a6181d5e813945a6c2a5adfba08e926f,controlled_crossover,645eb43b9631a610fb8571d9e7a0c0644cda6bf95c5c61ff51f57a26a7f5b798,primary_parent,1852d0385396cacd5f7d48624e6014bea585ff5066195d0ac9d14496615dbe74,hydrophobic_ratio_modlamp,numeric,false,audit_metric_has_no_monotonic_improvement_direction,audit,fraction,0.21739130434782608,0.08695652173913043,-0.13043478260869565,,true,fd8b808da43c71b8a46ddc026808700457de73d1ffbc775a388e03382c99bb93
vegfa,36dd25fa9f02145c3d6f3c6175ef12e0a6181d5e813945a6c2a5adfba08e926f,controlled_crossover,645eb43b9631a610fb8571d9e7a0c0644cda6bf95c5c61ff51f57a26a7f5b798,primary_parent,1852d0385396cacd5f7d48624e6014bea585ff5066195d0ac9d14496615dbe74,llamp_log10_mic_um,numeric,true,same_frozen_numeric_contract,minimize,log10(uM),1.2277473211288452,1.5851298570632935,0.35738253593444824,-0.35738253593444824,true,4a8b1071f2a3ef9bf811605e36c423eff8210200ab13b2b19618ddfe84910c7c
vegfa,36dd25fa9f02145c3d6f3c6175ef12e0a6181d5e813945a6c2a5adfba08e926f,controlled_crossover,645eb43b9631a610fb8571d9e7a0c0644cda6bf95c5c61ff51f57a26a7f5b798,primary_parent,1852d0385396cacd5f7d48624e6014bea585ff5066195d0ac9d14496615dbe74,macrel_amp_probability,numeric,true,same_frozen_numeric_contract,maximize,probability,0.511,0.307,-0.20400000000000001,-0.20400000000000001,true,2d594c0e9c3059e9bd9c17e5738c2316db772211c0a525df62d82f6cce5d033a
vegfa,36dd25fa9f02145c3d6f3c6175ef12e0a6181d5e813945a6c2a5adfba08e926f,controlled_crossover,645eb43b9631a610fb8571d9e7a0c0644cda6bf95c5c61ff51f57a26a7f5b798,primary_parent,1852d0385396cacd5f7d48624e6014bea585ff5066195d0ac9d14496615dbe74,macrel_hemolysis_label,categorical,true,same_frozen_label_contract,audit,label,low,low,,,false,0cbe3575027997d0c9b16d086b41ba43e242062405f26a33d3724db210954f35
vegfa,36dd25fa9f02145c3d6f3c6175ef12e0a6181d5e813945a6c2a5adfba08e926f,controlled_crossover,645eb43b9631a610fb8571d9e7a0c0644cda6bf95c5c61ff51f57a26a7f5b798,primary_parent,1852d0385396cacd5f7d48624e6014bea585ff5066195d0ac9d14496615dbe74,macrel_hemolysis_probability,numeric,true,same_frozen_numeric_contract,minimize,probability,0.416,0.396,-0.019999999999999962,0.019999999999999962,true,234ef25578028cfa0fdd4618e05486e66f55f29b0a8d04eaaa000b1a8a317b2e
vegfa,36dd25fa9f02145c3d6f3c6175ef12e0a6181d5e813945a6c2a5adfba08e926f,controlled_crossover,645eb43b9631a610fb8571d9e7a0c0644cda6bf95c5c61ff51f57a26a7f5b798,primary_parent,1852d0385396cacd5f7d48624e6014bea585ff5066195d0ac9d14496615dbe74,maximum_hydrophobic_run,numeric,true,same_frozen_numeric_contract,minimize,residues,2.0,1.0,-1.0,1.0,true,1424b7b1464514120876911a62dbce4833a6b5b1fce6dd956e36772c3dee8b53
vegfa,36dd25fa9f02145c3d6f3c6175ef12e0a6181d5e813945a6c2a5adfba08e926f,controlled_crossover,645eb43b9631a610fb8571d9e7a0c0644cda6bf95c5c61ff51f57a26a7f5b798,primary_parent,1852d0385396cacd5f7d48624e6014bea585ff5066195d0ac9d14496615dbe74,net_charge_ph7_4,numeric,false,audit_metric_has_no_monotonic_improvement_direction,audit,elementary_charge,7.111,7.153,0.041999999999999815,,true,f8baecb03ac0763a1641589654bed9c972c91ad8ba6efcf0744fdf03fb05f2f6
vegfa,36dd25fa9f02145c3d6f3c6175ef12e0a6181d5e813945a6c2a5adfba08e926f,controlled_crossover,645eb43b9631a610fb8571d9e7a0c0644cda6bf95c5c61ff51f57a26a7f5b798,primary_parent,1852d0385396cacd5f7d48624e6014bea585ff5066195d0ac9d14496615dbe74,toxinpred3_hybrid_score,numeric,true,same_frozen_numeric_contract,minimize,dimensionless,0.0,0.0,0.0,-0.0,false,344bdcc0b501507293002ad682b09a6aaacfe2960e984573f30820ea3ebfa1e9
vegfa,36dd25fa9f02145c3d6f3c6175ef12e0a6181d5e813945a6c2a5adfba08e926f,controlled_crossover,645eb43b9631a610fb8571d9e7a0c0644cda6bf95c5c61ff51f57a26a7f5b798,primary_parent,1852d0385396cacd5f7d48624e6014bea585ff5066195d0ac9d14496615dbe74,toxinpred3_label,categorical,true,same_frozen_label_contract,audit,label,Non-Toxin,Non-Toxin,,,false,0bcbb1c0a53fbfb89cbde9b6272cdce17b67edb7388160ed7971a7dc0fa5d9ae
vegfa,36dd25fa9f02145c3d6f3c6175ef12e0a6181d5e813945a6c2a5adfba08e926f,controlled_crossover,645eb43b9631a610fb8571d9e7a0c0644cda6bf95c5c61ff51f57a26a7f5b798,donor_parent,f2e1e308912a377c8c7aca6123a1a556c098497f97c20bd99bfe9ccd4c975377,amp_read_log10_mic_um,numeric,true,same_frozen_numeric_contract,minimize,log10(uM),1.0863599077352775,1.3593123215705443,0.2729524138352668,-0.2729524138352668,true,db64242ce6f95bf0437a2bb51864e2cac1ba7ae862557943a471922dfd976036
vegfa,36dd25fa9f02145c3d6f3c6175ef12e0a6181d5e813945a6c2a5adfba08e926f,controlled_crossover,645eb43b9631a610fb8571d9e7a0c0644cda6bf95c5c61ff51f57a26a7f5b798,donor_parent,f2e1e308912a377c8c7aca6123a1a556c098497f97c20bd99bfe9ccd4c975377,guruprasad_instability_index,numeric,true,same_frozen_numeric_contract,minimize,index,14.769230769230766,5.930435,-8.838795769230767,8.838795769230767,true,8f1187c412afb1d8deeee494111b18ec3c46ade5b1475fd090f9d3de748cd960
vegfa,36dd25fa9f02145c3d6f3c6175ef12e0a6181d5e813945a6c2a5adfba08e926f,controlled_crossover,645eb43b9631a610fb8571d9e7a0c0644cda6bf95c5c61ff51f57a26a7f5b798,donor_parent,f2e1e308912a377c8c7aca6123a1a556c098497f97c20bd99bfe9ccd4c975377,hydrophobic_moment_eisenberg,numeric,false,audit_metric_has_no_monotonic_improvement_direction,audit,dimensionless,0.10563857941862062,0.081740411555936,-0.023898167862684616,,true,c369a5041ab757b65716977da8c5732f165a18709fc061a9b9960b3bb38dfd28
vegfa,36dd25fa9f02145c3d6f3c6175ef12e0a6181d5e813945a6c2a5adfba08e926f,controlled_crossover,645eb43b9631a610fb8571d9e7a0c0644cda6bf95c5c61ff51f57a26a7f5b798,donor_parent,f2e1e308912a377c8c7aca6123a1a556c098497f97c20bd99bfe9ccd4c975377,hydrophobic_ratio_modlamp,numeric,false,audit_metric_has_no_monotonic_improvement_direction,audit,fraction,0.07692307692307693,0.08695652173913043,0.010033444816053505,,true,4107be3bc4833a111a2efabc0aea87b401c27c04666eec6fec4be4f3fe7f8093
vegfa,36dd25fa9f02145c3d6f3c6175ef12e0a6181d5e813945a6c2a5adfba08e926f,controlled_crossover,645eb43b9631a610fb8571d9e7a0c0644cda6bf95c5c61ff51f57a26a7f5b798,donor_parent,f2e1e308912a377c8c7aca6123a1a556c098497f97c20bd99bfe9ccd4c975377,llamp_log10_mic_um,numeric,true,same_frozen_numeric_contract,minimize,log10(uM),1.0173412561416626,1.5851298570632935,0.5677886009216309,-0.5677886009216309,true,0fa9a7812631d6072327be673239458307860b57d472e83fd326b3d14432dcd8
vegfa,36dd25fa9f02145c3d6f3c6175ef12e0a6181d5e813945a6c2a5adfba08e926f,controlled_crossover,645eb43b9631a610fb8571d9e7a0c0644cda6bf95c5c61ff51f57a26a7f5b798,donor_parent,f2e1e308912a377c8c7aca6123a1a556c098497f97c20bd99bfe9ccd4c975377,macrel_amp_probability,numeric,true,same_frozen_numeric_contract,maximize,probability,0.515,0.307,-0.20800000000000002,-0.20800000000000002,true,7fecb5108d66e88576679477b9d4f245463a1ffa775f3f98f7939276be9f2650
vegfa,36dd25fa9f02145c3d6f3c6175ef12e0a6181d5e813945a6c2a5adfba08e926f,controlled_crossover,645eb43b9631a610fb8571d9e7a0c0644cda6bf95c5c61ff51f57a26a7f5b798,donor_parent,f2e1e308912a377c8c7aca6123a1a556c098497f97c20bd99bfe9ccd4c975377,macrel_hemolysis_label,categorical,true,same_frozen_label_contract,audit,label,low,low,,,false,b57dc361467c8929c15dd2f3a44cd4cf01946ffc43e1d6e5779c53107388b92c
vegfa,36dd25fa9f02145c3d6f3c6175ef12e0a6181d5e813945a6c2a5adfba08e926f,controlled_crossover,645eb43b9631a610fb8571d9e7a0c0644cda6bf95c5c61ff51f57a26a7f5b798,donor_parent,f2e1e308912a377c8c7aca6123a1a556c098497f97c20bd99bfe9ccd4c975377,macrel_hemolysis_probability,numeric,true,same_frozen_numeric_contract,minimize,probability,0.465,0.396,-0.069,0.069,true,7880420275cd3d4532487e3cd1811eea4e8431eb1ab2d210025c544f4689bc3e
vegfa,36dd25fa9f02145c3d6f3c6175ef12e0a6181d5e813945a6c2a5adfba08e926f,controlled_crossover,645eb43b9631a610fb8571d9e7a0c0644cda6bf95c5c61ff51f57a26a7f5b798,donor_parent,f2e1e308912a377c8c7aca6123a1a556c098497f97c20bd99bfe9ccd4c975377,maximum_hydrophobic_run,numeric,true,same_frozen_numeric_contract,minimize,residues,2.0,1.0,-1.0,1.0,true,e351d0235401e74c3ca39da5416b976cc12c8c2444be1a9d351f88d14e919142
vegfa,36dd25fa9f02145c3d6f3c6175ef12e0a6181d5e813945a6c2a5adfba08e926f,controlled_crossover,645eb43b9631a610fb8571d9e7a0c0644cda6bf95c5c61ff51f57a26a7f5b798,donor_parent,f2e1e308912a377c8c7aca6123a1a556c098497f97c20bd99bfe9ccd4c975377,net_charge_ph7_4,numeric,false,audit_metric_has_no_monotonic_improvement_direction,audit,elementary_charge,10.151,7.153,-2.998,,true,d6a261de32c42233ac759aa3e3cf5270a27518d9d8959f193de23cb03c6a95bf
vegfa,36dd25fa9f02145c3d6f3c6175ef12e0a6181d5e813945a6c2a5adfba08e926f,controlled_crossover,645eb43b9631a610fb8571d9e7a0c0644cda6bf95c5c61ff51f57a26a7f5b798,donor_parent,f2e1e308912a377c8c7aca6123a1a556c098497f97c20bd99bfe9ccd4c975377,toxinpred3_hybrid_score,numeric,true,same_frozen_numeric_contract,minimize,dimensionless,0.01,0.0,-0.01,0.01,true,3c104e7c32c0c2cd1d4509f0554b7ee3b815660fa4ea83131990eeaddc6f83e4
vegfa,36dd25fa9f02145c3d6f3c6175ef12e0a6181d5e813945a6c2a5adfba08e926f,controlled_crossover,645eb43b9631a610fb8571d9e7a0c0644cda6bf95c5c61ff51f57a26a7f5b798,donor_parent,f2e1e308912a377c8c7aca6123a1a556c098497f97c20bd99bfe9ccd4c975377,toxinpred3_label,categorical,true,same_frozen_label_contract,audit,label,Non-Toxin,Non-Toxin,,,false,9f46fd623af9fddb6af915c853d8a0e47091944361b8868cc787c45825372015
vegfa,ab7dc3702acae1522bf09484fbb05ff59b6f9123d74d91b95d9d444454cf5540,de_novo,dc568de64efcb95740acc5e123ebd756b911494b3841f4e124a4dcf3be6063f7,none,,amp_read_log10_mic_um,numeric,false,de_novo_has_no_biological_parent,,,,1.2661386656127023,,,,d0b5436a0c8c98bce2a68085648546c1eb9290bd960cd51eabaf25280ab165a6
vegfa,ab7dc3702acae1522bf09484fbb05ff59b6f9123d74d91b95d9d444454cf5540,de_novo,dc568de64efcb95740acc5e123ebd756b911494b3841f4e124a4dcf3be6063f7,none,,guruprasad_instability_index,numeric,false,de_novo_has_no_biological_parent,,,,13.065000,,,,b4ce56742144eabc1a28c842c8512ef94901087a1bc4b6ee4c5ba8a2e1611e1b
vegfa,ab7dc3702acae1522bf09484fbb05ff59b6f9123d74d91b95d9d444454cf5540,de_novo,dc568de64efcb95740acc5e123ebd756b911494b3841f4e124a4dcf3be6063f7,none,,hydrophobic_moment_eisenberg,numeric,false,de_novo_has_no_biological_parent,,,,0.34507581964330136,,,,7ab811f46b785c123c15eb6e9ce3e096df9d52a959af2e3413045ea9d8348455
vegfa,ab7dc3702acae1522bf09484fbb05ff59b6f9123d74d91b95d9d444454cf5540,de_novo,dc568de64efcb95740acc5e123ebd756b911494b3841f4e124a4dcf3be6063f7,none,,hydrophobic_ratio_modlamp,numeric,false,de_novo_has_no_biological_parent,,,,0.25,,,,b9708a7dad7c1a15eeb91d9b8c66e59368897df9df8aa2c59dc7fe2ec8b0d5c8
vegfa,ab7dc3702acae1522bf09484fbb05ff59b6f9123d74d91b95d9d444454cf5540,de_novo,dc568de64efcb95740acc5e123ebd756b911494b3841f4e124a4dcf3be6063f7,none,,llamp_log10_mic_um,numeric,false,de_novo_has_no_biological_parent,,,,1.3133604526519775,,,,01d2cd5636f841c829ee0a587b2519428b41df19f2d0e76f01f8ecdc286b02b0
vegfa,ab7dc3702acae1522bf09484fbb05ff59b6f9123d74d91b95d9d444454cf5540,de_novo,dc568de64efcb95740acc5e123ebd756b911494b3841f4e124a4dcf3be6063f7,none,,macrel_amp_probability,numeric,false,de_novo_has_no_biological_parent,,,,0.436,,,,3deaa4972e299ccc4dda166331694091ac71522e60d3ae3b9b21c364887b78f5
vegfa,ab7dc3702acae1522bf09484fbb05ff59b6f9123d74d91b95d9d444454cf5540,de_novo,dc568de64efcb95740acc5e123ebd756b911494b3841f4e124a4dcf3be6063f7,none,,macrel_hemolysis_label,categorical,false,de_novo_has_no_biological_parent,,,,high,,,,bd83231ab1d2c75448da0f6a41f5eb5f2a38a58184ca467cec3956df205fa194
vegfa,ab7dc3702acae1522bf09484fbb05ff59b6f9123d74d91b95d9d444454cf5540,de_novo,dc568de64efcb95740acc5e123ebd756b911494b3841f4e124a4dcf3be6063f7,none,,macrel_hemolysis_probability,numeric,false,de_novo_has_no_biological_parent,,,,0.624,,,,1927433fb0bc1ce90ab3f1527fbfc66c5de5d49e5b22e49951fe67e859b7d381
vegfa,ab7dc3702acae1522bf09484fbb05ff59b6f9123d74d91b95d9d444454cf5540,de_novo,dc568de64efcb95740acc5e123ebd756b911494b3841f4e124a4dcf3be6063f7,none,,maximum_hydrophobic_run,numeric,false,de_novo_has_no_biological_parent,,,,2,,,,a67cc6e29f65c17a07aacda90d6eb73f59547108ccfd471eda5b3e3e48c99e59
vegfa,ab7dc3702acae1522bf09484fbb05ff59b6f9123d74d91b95d9d444454cf5540,de_novo,dc568de64efcb95740acc5e123ebd756b911494b3841f4e124a4dcf3be6063f7,none,,net_charge_ph7_4,numeric,false,de_novo_has_no_biological_parent,,,,11.11,,,,a756ccba1178e7ead069cc4140f0ea1062bfbfeef1620d995a5409a0991eecdf
vegfa,ab7dc3702acae1522bf09484fbb05ff59b6f9123d74d91b95d9d444454cf5540,de_novo,dc568de64efcb95740acc5e123ebd756b911494b3841f4e124a4dcf3be6063f7,none,,toxinpred3_hybrid_score,numeric,false,de_novo_has_no_biological_parent,,,,0.56,,,,3d706069a9b5d84b335ef50b54eeb0c2ae5174286c7a1022c6238b50fd72c453
vegfa,ab7dc3702acae1522bf09484fbb05ff59b6f9123d74d91b95d9d444454cf5540,de_novo,dc568de64efcb95740acc5e123ebd756b911494b3841f4e124a4dcf3be6063f7,none,,toxinpred3_label,categorical,false,de_novo_has_no_biological_parent,,,,Toxin,,,,b034bf969115a90279fb4d2ebd92f768f727f0032019a5f8d36e71c12cd10e10
vegfa,abe6be7e46af77869bad256554cdee0394f7b16a7f209e7384cd6b963c2ed239,de_novo,99f35d98e7c0d572629593d413472f8771780e141dbf2616b0cc15cf0e312613,none,,amp_read_log10_mic_um,numeric,false,de_novo_has_no_biological_parent,,,,1.5509833655668732,,,,e168cd69886808991258878b1a8b79fc4dddeb3063a1d0dad36a4eff80ffed92
vegfa,abe6be7e46af77869bad256554cdee0394f7b16a7f209e7384cd6b963c2ed239,de_novo,99f35d98e7c0d572629593d413472f8771780e141dbf2616b0cc15cf0e312613,none,,guruprasad_instability_index,numeric,false,de_novo_has_no_biological_parent,,,,33.400000,,,,32d4239f7f2414aa8a23da5aa401fd623c4af0fe654aa59c8761bd5a1e38695e
vegfa,abe6be7e46af77869bad256554cdee0394f7b16a7f209e7384cd6b963c2ed239,de_novo,99f35d98e7c0d572629593d413472f8771780e141dbf2616b0cc15cf0e312613,none,,hydrophobic_moment_eisenberg,numeric,false,de_novo_has_no_biological_parent,,,,0.44084124383824436,,,,7c260b9d16bf72f5ef6bf46ec85efc8756b2ae0c2c4d9eb19d4f91d415ee7f96
vegfa,abe6be7e46af77869bad256554cdee0394f7b16a7f209e7384cd6b963c2ed239,de_novo,99f35d98e7c0d572629593d413472f8771780e141dbf2616b0cc15cf0e312613,none,,hydrophobic_ratio_modlamp,numeric,false,de_novo_has_no_biological_parent,,,,0.23809523809523808,,,,0a637db3bf9cfe918cf935605f0d70d25b5c8adf946c7bdc1ea79534a6a1b80c
vegfa,abe6be7e46af77869bad256554cdee0394f7b16a7f209e7384cd6b963c2ed239,de_novo,99f35d98e7c0d572629593d413472f8771780e141dbf2616b0cc15cf0e312613,none,,llamp_log10_mic_um,numeric,false,de_novo_has_no_biological_parent,,,,0.6840808391571045,,,,e1b8e28da7358686ea6620b9b73c3cdfcbc73b241c1566ca4eea320131073a67
vegfa,abe6be7e46af77869bad256554cdee0394f7b16a7f209e7384cd6b963c2ed239,de_novo,99f35d98e7c0d572629593d413472f8771780e141dbf2616b0cc15cf0e312613,none,,macrel_amp_probability,numeric,false,de_novo_has_no_biological_parent,,,,0.455,,,,3e29f438176ff7493933e1d53d0d5bf5bcd375f30916f2de80b394a1d84dc285
vegfa,abe6be7e46af77869bad256554cdee0394f7b16a7f209e7384cd6b963c2ed239,de_novo,99f35d98e7c0d572629593d413472f8771780e141dbf2616b0cc15cf0e312613,none,,macrel_hemolysis_label,categorical,false,de_novo_has_no_biological_parent,,,,high,,,,49d615bcb449814654d4064651b3d066e7f88740b59cc9b81c16bf7834eaa4f1
vegfa,abe6be7e46af77869bad256554cdee0394f7b16a7f209e7384cd6b963c2ed239,de_novo,99f35d98e7c0d572629593d413472f8771780e141dbf2616b0cc15cf0e312613,none,,macrel_hemolysis_probability,numeric,false,de_novo_has_no_biological_parent,,,,0.663,,,,2bcc7a18148b5579eb5dabf95c315b9a23f039c329c60c7c555961a20a40697e
vegfa,abe6be7e46af77869bad256554cdee0394f7b16a7f209e7384cd6b963c2ed239,de_novo,99f35d98e7c0d572629593d413472f8771780e141dbf2616b0cc15cf0e312613,none,,maximum_hydrophobic_run,numeric,false,de_novo_has_no_biological_parent,,,,2,,,,f688b05b1b5b7f6292b0209441919a3f2fd08d7b5946b42aa387303a92e8adfa
vegfa,abe6be7e46af77869bad256554cdee0394f7b16a7f209e7384cd6b963c2ed239,de_novo,99f35d98e7c0d572629593d413472f8771780e141dbf2616b0cc15cf0e312613,none,,net_charge_ph7_4,numeric,false,de_novo_has_no_biological_parent,,,,8.026,,,,2e91309c8e88ac1a3d63cdd02ecfc604823088d6dea7ff01035b24541e0885f1
vegfa,abe6be7e46af77869bad256554cdee0394f7b16a7f209e7384cd6b963c2ed239,de_novo,99f35d98e7c0d572629593d413472f8771780e141dbf2616b0cc15cf0e312613,none,,toxinpred3_hybrid_score,numeric,false,de_novo_has_no_biological_parent,,,,0.49,,,,26026e4118344bc31ee4677c3926dab5b6c47bc85a157acc88254b7a5e61321d
vegfa,abe6be7e46af77869bad256554cdee0394f7b16a7f209e7384cd6b963c2ed239,de_novo,99f35d98e7c0d572629593d413472f8771780e141dbf2616b0cc15cf0e312613,none,,toxinpred3_label,categorical,false,de_novo_has_no_biological_parent,,,,Toxin,,,,3048c0b3e4ac49f5d5958673a6c7cae31b41a040e8d6ea257069767afa561bb2
vegfa,e84f36faff531e91efaf3032f384ff8a82b34d25b6fafdf95427a89807569b1a,masked_substitution,f59b7754fe82714feea7a28564bab750c3a26c2c7113e338bf156e99a5041a62,primary_parent,02e6e8a9041d1f5e02ded66ace7f1bf8353933cb460554f7d6d4f7827ee851e3,amp_read_log10_mic_um,numeric,true,same_frozen_numeric_contract,minimize,log10(uM),0.8502392420270765,0.7712825033980739,-0.07895673862900254,0.07895673862900254,true,72d6efbe6003124202b07d649fb5c383ca03d01a368d68c1063a619c73308620
vegfa,e84f36faff531e91efaf3032f384ff8a82b34d25b6fafdf95427a89807569b1a,masked_substitution,f59b7754fe82714feea7a28564bab750c3a26c2c7113e338bf156e99a5041a62,primary_parent,02e6e8a9041d1f5e02ded66ace7f1bf8353933cb460554f7d6d4f7827ee851e3,guruprasad_instability_index,numeric,true,same_frozen_numeric_contract,minimize,index,-9.308695652173913,-13.0,-3.6913043478260867,3.6913043478260867,true,354d9e139327f51b710d1dbe3999f45a1a9b816cc539f6342dac6576de66e54f
vegfa,e84f36faff531e91efaf3032f384ff8a82b34d25b6fafdf95427a89807569b1a,masked_substitution,f59b7754fe82714feea7a28564bab750c3a26c2c7113e338bf156e99a5041a62,primary_parent,02e6e8a9041d1f5e02ded66ace7f1bf8353933cb460554f7d6d4f7827ee851e3,hydrophobic_moment_eisenberg,numeric,false,audit_metric_has_no_monotonic_improvement_direction,audit,dimensionless,0.14056582796750103,0.10642156640814647,-0.03414426155935456,,true,7ec26db009e51edfc864ca0263a490279bf7bbd27d36862ed40571411322abaa
vegfa,e84f36faff531e91efaf3032f384ff8a82b34d25b6fafdf95427a89807569b1a,masked_substitution,f59b7754fe82714feea7a28564bab750c3a26c2c7113e338bf156e99a5041a62,primary_parent,02e6e8a9041d1f5e02ded66ace7f1bf8353933cb460554f7d6d4f7827ee851e3,hydrophobic_ratio_modlamp,numeric,false,audit_metric_has_no_monotonic_improvement_direction,audit,fraction,0.2608695652173913,0.2608695652173913,0.0,,false,9f130e40cabdc19c06e9d738ae5d02c2184bc4bb159131d27867d0bafc3b98a8
vegfa,e84f36faff531e91efaf3032f384ff8a82b34d25b6fafdf95427a89807569b1a,masked_substitution,f59b7754fe82714feea7a28564bab750c3a26c2c7113e338bf156e99a5041a62,primary_parent,02e6e8a9041d1f5e02ded66ace7f1bf8353933cb460554f7d6d4f7827ee851e3,llamp_log10_mic_um,numeric,true,same_frozen_numeric_contract,minimize,log10(uM),1.3610467910766602,1.2658686637878418,-0.09517812728881836,0.09517812728881836,true,688fd4fea870433bca8f952637f144d0bee5c8e76052bd27d9f5c99d0c33f257
vegfa,e84f36faff531e91efaf3032f384ff8a82b34d25b6fafdf95427a89807569b1a,masked_substitution,f59b7754fe82714feea7a28564bab750c3a26c2c7113e338bf156e99a5041a62,primary_parent,02e6e8a9041d1f5e02ded66ace7f1bf8353933cb460554f7d6d4f7827ee851e3,macrel_amp_probability,numeric,true,same_frozen_numeric_contract,maximize,probability,0.584,0.485,-0.09899999999999998,-0.09899999999999998,true,3654c5f3dac6d5756e621beb6f151731b0f0be8aad9934399f76c2dc4c7bd35f
vegfa,e84f36faff531e91efaf3032f384ff8a82b34d25b6fafdf95427a89807569b1a,masked_substitution,f59b7754fe82714feea7a28564bab750c3a26c2c7113e338bf156e99a5041a62,primary_parent,02e6e8a9041d1f5e02ded66ace7f1bf8353933cb460554f7d6d4f7827ee851e3,macrel_hemolysis_label,categorical,true,same_frozen_label_contract,audit,label,low,high,,,true,1603a6055ef10730a23caeadab604be8264c0623b3a451bfcf27eb9b081276ab
vegfa,e84f36faff531e91efaf3032f384ff8a82b34d25b6fafdf95427a89807569b1a,masked_substitution,f59b7754fe82714feea7a28564bab750c3a26c2c7113e338bf156e99a5041a62,primary_parent,02e6e8a9041d1f5e02ded66ace7f1bf8353933cb460554f7d6d4f7827ee851e3,macrel_hemolysis_probability,numeric,true,same_frozen_numeric_contract,minimize,probability,0.465,0.515,0.04999999999999999,-0.04999999999999999,true,93cdf06c9fa1e9b63da089555b21c737c361683917f4e876a031c361d7bd944d
vegfa,e84f36faff531e91efaf3032f384ff8a82b34d25b6fafdf95427a89807569b1a,masked_substitution,f59b7754fe82714feea7a28564bab750c3a26c2c7113e338bf156e99a5041a62,primary_parent,02e6e8a9041d1f5e02ded66ace7f1bf8353933cb460554f7d6d4f7827ee851e3,maximum_hydrophobic_run,numeric,true,same_frozen_numeric_contract,minimize,residues,2.0,2.0,0.0,-0.0,false,d55645bb34eb2b7d408854dd5883b824b22b0c46c368524ba7b4ff21a932b2d0
vegfa,e84f36faff531e91efaf3032f384ff8a82b34d25b6fafdf95427a89807569b1a,masked_substitution,f59b7754fe82714feea7a28564bab750c3a26c2c7113e338bf156e99a5041a62,primary_parent,02e6e8a9041d1f5e02ded66ace7f1bf8353933cb460554f7d6d4f7827ee851e3,net_charge_ph7_4,numeric,false,audit_metric_has_no_monotonic_improvement_direction,audit,elementary_charge,6.112,7.111,0.9989999999999997,,true,b807a40bc7ac360dc620ca72f59db8e21a0e36f282c0609c80314645e12f5bc3
vegfa,e84f36faff531e91efaf3032f384ff8a82b34d25b6fafdf95427a89807569b1a,masked_substitution,f59b7754fe82714feea7a28564bab750c3a26c2c7113e338bf156e99a5041a62,primary_parent,02e6e8a9041d1f5e02ded66ace7f1bf8353933cb460554f7d6d4f7827ee851e3,toxinpred3_hybrid_score,numeric,true,same_frozen_numeric_contract,minimize,dimensionless,0.0,0.0,0.0,-0.0,false,905b5efe44990987c742461e434661a06c9eeb70c105a70cbc7d6158e9e5818c
vegfa,e84f36faff531e91efaf3032f384ff8a82b34d25b6fafdf95427a89807569b1a,masked_substitution,f59b7754fe82714feea7a28564bab750c3a26c2c7113e338bf156e99a5041a62,primary_parent,02e6e8a9041d1f5e02ded66ace7f1bf8353933cb460554f7d6d4f7827ee851e3,toxinpred3_label,categorical,true,same_frozen_label_contract,audit,label,Non-Toxin,Non-Toxin,,,false,6cdd3c5ad936c46eb8f54a2d643ea7b6b64caf07ac0e43a9f51b037cd892caf4
vegfa,a007e55307d1c43fcf96eb1f6ce54489cbe7e2f47e7b90a3e5a2364a293cba55,controlled_crossover,44005d4d551920199a8c557885257bafb61b3ff76200cb52ff5a08572a02828d,primary_parent,326a106c88dceeff349ae23f8a910ce9d7f2f0e0a20423612ef139f2708fc062,amp_read_log10_mic_um,numeric,true,same_frozen_numeric_contract,minimize,log10(uM),0.9142859873928338,1.3271597807466828,0.412873793353849,-0.412873793353849,true,6452f7289365e1a7ddafb6f65bb79ccd5cf38d5a7ad7f01c5e45f626b94dc5f9
vegfa,a007e55307d1c43fcf96eb1f6ce54489cbe7e2f47e7b90a3e5a2364a293cba55,controlled_crossover,44005d4d551920199a8c557885257bafb61b3ff76200cb52ff5a08572a02828d,primary_parent,326a106c88dceeff349ae23f8a910ce9d7f2f0e0a20423612ef139f2708fc062,guruprasad_instability_index,numeric,true,same_frozen_numeric_contract,minimize,index,-9.308695652173913,5.930435,15.239130652173912,-15.239130652173912,true,df41fe4f38cf4e0ccec809451ade8fd702551a8ba6a9ca66bf576737dc781f2f
vegfa,a007e55307d1c43fcf96eb1f6ce54489cbe7e2f47e7b90a3e5a2364a293cba55,controlled_crossover,44005d4d551920199a8c557885257bafb61b3ff76200cb52ff5a08572a02828d,primary_parent,326a106c88dceeff349ae23f8a910ce9d7f2f0e0a20423612ef139f2708fc062,hydrophobic_moment_eisenberg,numeric,false,audit_metric_has_no_monotonic_improvement_direction,audit,dimensionless,0.23742481892806272,0.1040050701150171,-0.13341974881304564,,true,b80e951b761b533d9cc4d4754c225029ef7a3eda3c4e1f9b298df9a6b638094f
vegfa,a007e55307d1c43fcf96eb1f6ce54489cbe7e2f47e7b90a3e5a2364a293cba55,controlled_crossover,44005d4d551920199a8c557885257bafb61b3ff76200cb52ff5a08572a02828d,primary_parent,326a106c88dceeff349ae23f8a910ce9d7f2f0e0a20423612ef139f2708fc062,hydrophobic_ratio_modlamp,numeric,false,audit_metric_has_no_monotonic_improvement_direction,audit,fraction,0.21739130434782608,0.08695652173913043,-0.13043478260869565,,true,e1dfbabb3a885506b01abaee06c26b8b3259eeb0750512834b801773e7577727
vegfa,a007e55307d1c43fcf96eb1f6ce54489cbe7e2f47e7b90a3e5a2364a293cba55,controlled_crossover,44005d4d551920199a8c557885257bafb61b3ff76200cb52ff5a08572a02828d,primary_parent,326a106c88dceeff349ae23f8a910ce9d7f2f0e0a20423612ef139f2708fc062,llamp_log10_mic_um,numeric,true,same_frozen_numeric_contract,minimize,log10(uM),1.3610366582870483,2.2906594276428223,0.9296227693557739,-0.9296227693557739,true,787ef3ca145ecd9f0ebf47b80083184fbd1b7b2c9e4713d7f28dc92086cf33f7
vegfa,a007e55307d1c43fcf96eb1f6ce54489cbe7e2f47e7b90a3e5a2364a293cba55,controlled_crossover,44005d4d551920199a8c557885257bafb61b3ff76200cb52ff5a08572a02828d,primary_parent,326a106c88dceeff349ae23f8a910ce9d7f2f0e0a20423612ef139f2708fc062,macrel_amp_probability,numeric,true,same_frozen_numeric_contract,maximize,probability,0.525,0.297,-0.22800000000000004,-0.22800000000000004,true,326bce49953359a4ea172d354a0f518188f8197ca3a6fcc8c9f3952284ec8633
vegfa,a007e55307d1c43fcf96eb1f6ce54489cbe7e2f47e7b90a3e5a2364a293cba55,controlled_crossover,44005d4d551920199a8c557885257bafb61b3ff76200cb52ff5a08572a02828d,primary_parent,326a106c88dceeff349ae23f8a910ce9d7f2f0e0a20423612ef139f2708fc062,macrel_hemolysis_label,categorical,true,same_frozen_label_contract,audit,label,low,low,,,false,ec1d764ead218c6789efecb58670f48509f897951e4e2722b3a320fe682c6ad7
vegfa,a007e55307d1c43fcf96eb1f6ce54489cbe7e2f47e7b90a3e5a2364a293cba55,controlled_crossover,44005d4d551920199a8c557885257bafb61b3ff76200cb52ff5a08572a02828d,primary_parent,326a106c88dceeff349ae23f8a910ce9d7f2f0e0a20423612ef139f2708fc062,macrel_hemolysis_probability,numeric,true,same_frozen_numeric_contract,minimize,probability,0.455,0.307,-0.14800000000000002,0.14800000000000002,true,2a5cf0a9ab11175e904bb17040acd602a0c95e787c70a41bde9251da7af5ccdc
vegfa,a007e55307d1c43fcf96eb1f6ce54489cbe7e2f47e7b90a3e5a2364a293cba55,controlled_crossover,44005d4d551920199a8c557885257bafb61b3ff76200cb52ff5a08572a02828d,primary_parent,326a106c88dceeff349ae23f8a910ce9d7f2f0e0a20423612ef139f2708fc062,maximum_hydrophobic_run,numeric,true,same_frozen_numeric_contract,minimize,residues,2.0,1.0,-1.0,1.0,true,b148a0997e6bb8488236a6d86369c659caa3b7d220bc0ba562d1227f7c45ad5e
vegfa,a007e55307d1c43fcf96eb1f6ce54489cbe7e2f47e7b90a3e5a2364a293cba55,controlled_crossover,44005d4d551920199a8c557885257bafb61b3ff76200cb52ff5a08572a02828d,primary_parent,326a106c88dceeff349ae23f8a910ce9d7f2f0e0a20423612ef139f2708fc062,net_charge_ph7_4,numeric,false,audit_metric_has_no_monotonic_improvement_direction,audit,elementary_charge,7.07,7.111,0.04099999999999948,,true,0c43a09f89cbd65d2316af39f73318979a2ebeb5d98722f57f9d6b4bc8193f72
vegfa,a007e55307d1c43fcf96eb1f6ce54489cbe7e2f47e7b90a3e5a2364a293cba55,controlled_crossover,44005d4d551920199a8c557885257bafb61b3ff76200cb52ff5a08572a02828d,primary_parent,326a106c88dceeff349ae23f8a910ce9d7f2f0e0a20423612ef139f2708fc062,toxinpred3_hybrid_score,numeric,true,same_frozen_numeric_contract,minimize,dimensionless,0.0,0.0,0.0,-0.0,false,595dd19f92f0e5dadc0400422dff613a8f9176220e38fc154574e736abdf4b08
vegfa,a007e55307d1c43fcf96eb1f6ce54489cbe7e2f47e7b90a3e5a2364a293cba55,controlled_crossover,44005d4d551920199a8c557885257bafb61b3ff76200cb52ff5a08572a02828d,primary_parent,326a106c88dceeff349ae23f8a910ce9d7f2f0e0a20423612ef139f2708fc062,toxinpred3_label,categorical,true,same_frozen_label_contract,audit,label,Non-Toxin,Non-Toxin,,,false,5498b5f87a1f913fd253cfc55a600a8a95b80ded1c215df0e270eddf4391decc
vegfa,a007e55307d1c43fcf96eb1f6ce54489cbe7e2f47e7b90a3e5a2364a293cba55,controlled_crossover,44005d4d551920199a8c557885257bafb61b3ff76200cb52ff5a08572a02828d,donor_parent,f2e1e308912a377c8c7aca6123a1a556c098497f97c20bd99bfe9ccd4c975377,amp_read_log10_mic_um,numeric,true,same_frozen_numeric_contract,minimize,log10(uM),1.0863599077352775,1.3271597807466828,0.24079987301140537,-0.24079987301140537,true,97de7c1db25b1f85b44481f1b4c4c9470f79f7a47d4f426190ab6df0e1cedda2
vegfa,a007e55307d1c43fcf96eb1f6ce54489cbe7e2f47e7b90a3e5a2364a293cba55,controlled_crossover,44005d4d551920199a8c557885257bafb61b3ff76200cb52ff5a08572a02828d,donor_parent,f2e1e308912a377c8c7aca6123a1a556c098497f97c20bd99bfe9ccd4c975377,guruprasad_instability_index,numeric,true,same_frozen_numeric_contract,minimize,index,14.769230769230766,5.930435,-8.838795769230767,8.838795769230767,true,a4756b3835c71abccc83548ac5420e5e4e47a4752692e5377a3f31e046caaea7
vegfa,a007e55307d1c43fcf96eb1f6ce54489cbe7e2f47e7b90a3e5a2364a293cba55,controlled_crossover,44005d4d551920199a8c557885257bafb61b3ff76200cb52ff5a08572a02828d,donor_parent,f2e1e308912a377c8c7aca6123a1a556c098497f97c20bd99bfe9ccd4c975377,hydrophobic_moment_eisenberg,numeric,false,audit_metric_has_no_monotonic_improvement_direction,audit,dimensionless,0.10563857941862062,0.1040050701150171,-0.0016335093036035225,,true,ab4ebea01f84dc06bd4e8ea69e6367cec9ceb40e03a4ff044f2ee6ef0f05ae53
vegfa,a007e55307d1c43fcf96eb1f6ce54489cbe7e2f47e7b90a3e5a2364a293cba55,controlled_crossover,44005d4d551920199a8c557885257bafb61b3ff76200cb52ff5a08572a02828d,donor_parent,f2e1e308912a377c8c7aca6123a1a556c098497f97c20bd99bfe9ccd4c975377,hydrophobic_ratio_modlamp,numeric,false,audit_metric_has_no_monotonic_improvement_direction,audit,fraction,0.07692307692307693,0.08695652173913043,0.010033444816053505,,true,e2445abc3823d4b342b3d7186ecd8bb41ca91d5b77f2bc5d1b0f04105b4d9433
vegfa,a007e55307d1c43fcf96eb1f6ce54489cbe7e2f47e7b90a3e5a2364a293cba55,controlled_crossover,44005d4d551920199a8c557885257bafb61b3ff76200cb52ff5a08572a02828d,donor_parent,f2e1e308912a377c8c7aca6123a1a556c098497f97c20bd99bfe9ccd4c975377,llamp_log10_mic_um,numeric,true,same_frozen_numeric_contract,minimize,log10(uM),1.0173412561416626,2.2906594276428223,1.2733181715011597,-1.2733181715011597,true,60d93307ed315e3473c721900abbdca49cf80007c57e84a1ecda4d41cb77de7e
vegfa,a007e55307d1c43fcf96eb1f6ce54489cbe7e2f47e7b90a3e5a2364a293cba55,controlled_crossover,44005d4d551920199a8c557885257bafb61b3ff76200cb52ff5a08572a02828d,donor_parent,f2e1e308912a377c8c7aca6123a1a556c098497f97c20bd99bfe9ccd4c975377,macrel_amp_probability,numeric,true,same_frozen_numeric_contract,maximize,probability,0.515,0.297,-0.21800000000000003,-0.21800000000000003,true,0ecf0adf9d77aa8535a5d4db996b76bc5fad3a2ec7726b0349b333248b4e71c3
vegfa,a007e55307d1c43fcf96eb1f6ce54489cbe7e2f47e7b90a3e5a2364a293cba55,controlled_crossover,44005d4d551920199a8c557885257bafb61b3ff76200cb52ff5a08572a02828d,donor_parent,f2e1e308912a377c8c7aca6123a1a556c098497f97c20bd99bfe9ccd4c975377,macrel_hemolysis_label,categorical,true,same_frozen_label_contract,audit,label,low,low,,,false,203f29ba644fd812ba509af7f6c9ad5496490d949c5e6afa977b456e53ad90dd
vegfa,a007e55307d1c43fcf96eb1f6ce54489cbe7e2f47e7b90a3e5a2364a293cba55,controlled_crossover,44005d4d551920199a8c557885257bafb61b3ff76200cb52ff5a08572a02828d,donor_parent,f2e1e308912a377c8c7aca6123a1a556c098497f97c20bd99bfe9ccd4c975377,macrel_hemolysis_probability,numeric,true,same_frozen_numeric_contract,minimize,probability,0.465,0.307,-0.15800000000000003,0.15800000000000003,true,418372ac8f5a176a2bac521ee78eb7446cd9f7389da21b27dbbb53dc5359f8f5
vegfa,a007e55307d1c43fcf96eb1f6ce54489cbe7e2f47e7b90a3e5a2364a293cba55,controlled_crossover,44005d4d551920199a8c557885257bafb61b3ff76200cb52ff5a08572a02828d,donor_parent,f2e1e308912a377c8c7aca6123a1a556c098497f97c20bd99bfe9ccd4c975377,maximum_hydrophobic_run,numeric,true,same_frozen_numeric_contract,minimize,residues,2.0,1.0,-1.0,1.0,true,a7ab566dc3d1867effe68ca73fc711f3d901e5c856b76b9ca1b8e250a035184f
vegfa,a007e55307d1c43fcf96eb1f6ce54489cbe7e2f47e7b90a3e5a2364a293cba55,controlled_crossover,44005d4d551920199a8c557885257bafb61b3ff76200cb52ff5a08572a02828d,donor_parent,f2e1e308912a377c8c7aca6123a1a556c098497f97c20bd99bfe9ccd4c975377,net_charge_ph7_4,numeric,false,audit_metric_has_no_monotonic_improvement_direction,audit,elementary_charge,10.151,7.111,-3.04,,true,c3f7db925019aee533e22c630327e0233dcbbb6a4bb03f1a2b710b4e79dcc46a
vegfa,a007e55307d1c43fcf96eb1f6ce54489cbe7e2f47e7b90a3e5a2364a293cba55,controlled_crossover,44005d4d551920199a8c557885257bafb61b3ff76200cb52ff5a08572a02828d,donor_parent,f2e1e308912a377c8c7aca6123a1a556c098497f97c20bd99bfe9ccd4c975377,toxinpred3_hybrid_score,numeric,true,same_frozen_numeric_contract,minimize,dimensionless,0.01,0.0,-0.01,0.01,true,f897d0b588cc4120b02b7505bae3d913af0edb4261b758c5fb5cd3fac874fb91
vegfa,a007e55307d1c43fcf96eb1f6ce54489cbe7e2f47e7b90a3e5a2364a293cba55,controlled_crossover,44005d4d551920199a8c557885257bafb61b3ff76200cb52ff5a08572a02828d,donor_parent,f2e1e308912a377c8c7aca6123a1a556c098497f97c20bd99bfe9ccd4c975377,toxinpred3_label,categorical,true,same_frozen_label_contract,audit,label,Non-Toxin,Non-Toxin,,,false,4a7bf45c0c1449b1c1b4811ad7d743f9a9ca87a42697f1f508103bda9e9d4f55
vegfa,f798d41d6c58e215f2034c5a4f448150c8335dbc3385c5dda3a946684d2ca04c,de_novo,6fd1bfec2c18f74dd03847fde8042c8703c3a8e35c88f6a0fb49b824fd77475c,none,,amp_read_log10_mic_um,numeric,false,de_novo_has_no_biological_parent,,,,1.537209260430156,,,,c5399ca4ce52859a8dabe8f534e9c60e65bd9eaebd4166cbbd9f38c2037a4f6c
vegfa,f798d41d6c58e215f2034c5a4f448150c8335dbc3385c5dda3a946684d2ca04c,de_novo,6fd1bfec2c18f74dd03847fde8042c8703c3a8e35c88f6a0fb49b824fd77475c,none,,guruprasad_instability_index,numeric,false,de_novo_has_no_biological_parent,,,,-2.100000,,,,c255d69e6df2ed176a065a94437626dec11c9bf48e7d06a7f1598a652381141e
vegfa,f798d41d6c58e215f2034c5a4f448150c8335dbc3385c5dda3a946684d2ca04c,de_novo,6fd1bfec2c18f74dd03847fde8042c8703c3a8e35c88f6a0fb49b824fd77475c,none,,hydrophobic_moment_eisenberg,numeric,false,de_novo_has_no_biological_parent,,,,0.2787284700356238,,,,d122683e461c24cb9d9983c214b65cb9041073324a09197fd61a7ce58f1b2225
vegfa,f798d41d6c58e215f2034c5a4f448150c8335dbc3385c5dda3a946684d2ca04c,de_novo,6fd1bfec2c18f74dd03847fde8042c8703c3a8e35c88f6a0fb49b824fd77475c,none,,hydrophobic_ratio_modlamp,numeric,false,de_novo_has_no_biological_parent,,,,0.17391304347826086,,,,67fd93bfbb02788712f5fffc53975bea79c56d18a22afb614a883bc9a81258e2
vegfa,f798d41d6c58e215f2034c5a4f448150c8335dbc3385c5dda3a946684d2ca04c,de_novo,6fd1bfec2c18f74dd03847fde8042c8703c3a8e35c88f6a0fb49b824fd77475c,none,,llamp_log10_mic_um,numeric,false,de_novo_has_no_biological_parent,,,,0.9773622751235962,,,,2ca97f59ed4c7381f44ba3d8fb4f30436a5110b0e540f84d135a73faf4091fe7
vegfa,f798d41d6c58e215f2034c5a4f448150c8335dbc3385c5dda3a946684d2ca04c,de_novo,6fd1bfec2c18f74dd03847fde8042c8703c3a8e35c88f6a0fb49b824fd77475c,none,,macrel_amp_probability,numeric,false,de_novo_has_no_biological_parent,,,,0.327,,,,b172b7222bf4e976fcbe579bfe0068dfeff00a738c9f21e2c4604f5dad1f39b1
vegfa,f798d41d6c58e215f2034c5a4f448150c8335dbc3385c5dda3a946684d2ca04c,de_novo,6fd1bfec2c18f74dd03847fde8042c8703c3a8e35c88f6a0fb49b824fd77475c,none,,macrel_hemolysis_label,categorical,false,de_novo_has_no_biological_parent,,,,high,,,,988202095fa27bac3203d7561db957df667392cb5ce7c5546ee2f44253b30ffb
vegfa,f798d41d6c58e215f2034c5a4f448150c8335dbc3385c5dda3a946684d2ca04c,de_novo,6fd1bfec2c18f74dd03847fde8042c8703c3a8e35c88f6a0fb49b824fd77475c,none,,macrel_hemolysis_probability,numeric,false,de_novo_has_no_biological_parent,,,,0.663,,,,b1910d0748201c780d54e57c5a2094506da1448110d271d9a54ce1e44c8b9b0a
vegfa,f798d41d6c58e215f2034c5a4f448150c8335dbc3385c5dda3a946684d2ca04c,de_novo,6fd1bfec2c18f74dd03847fde8042c8703c3a8e35c88f6a0fb49b824fd77475c,none,,maximum_hydrophobic_run,numeric,false,de_novo_has_no_biological_parent,,,,1,,,,df91803356a690455bbc5321c985ad97d2a356420a5704a1fb20aa28828cab2b
vegfa,f798d41d6c58e215f2034c5a4f448150c8335dbc3385c5dda3a946684d2ca04c,de_novo,6fd1bfec2c18f74dd03847fde8042c8703c3a8e35c88f6a0fb49b824fd77475c,none,,net_charge_ph7_4,numeric,false,de_novo_has_no_biological_parent,,,,13.026,,,,000902927c75e42e41ea92e0235bca86b273d3aecf1c131d02de040461f52c1d
vegfa,f798d41d6c58e215f2034c5a4f448150c8335dbc3385c5dda3a946684d2ca04c,de_novo,6fd1bfec2c18f74dd03847fde8042c8703c3a8e35c88f6a0fb49b824fd77475c,none,,toxinpred3_hybrid_score,numeric,false,de_novo_has_no_biological_parent,,,,0.6,,,,252292c6ae4a9b0526f15ce6c87f7028e9d86baaf1b3c7c8303b677c9fbf9220
vegfa,f798d41d6c58e215f2034c5a4f448150c8335dbc3385c5dda3a946684d2ca04c,de_novo,6fd1bfec2c18f74dd03847fde8042c8703c3a8e35c88f6a0fb49b824fd77475c,none,,toxinpred3_label,categorical,false,de_novo_has_no_biological_parent,,,,Toxin,,,,c044aa9424e39711ac8e1bac827c4c317a4b18f918f05ac4cb5e5f8b436a9aae
vegfa,09a35340098bea13ea141546437b35154c4be19cd9a2335d95732146ab572dc9,de_novo,f43a1701f68fb408ffbf6acb80883806fdf7d72246f3624979515858a437fa0b,none,,amp_read_log10_mic_um,numeric,false,de_novo_has_no_biological_parent,,,,1.3772141533934867,,,,bc810f44aaa3966c8c0e808350f0ca8f9d546376400c5d9b511dc12169dbdc4c
vegfa,09a35340098bea13ea141546437b35154c4be19cd9a2335d95732146ab572dc9,de_novo,f43a1701f68fb408ffbf6acb80883806fdf7d72246f3624979515858a437fa0b,none,,guruprasad_instability_index,numeric,false,de_novo_has_no_biological_parent,,,,10.490476,,,,9c12c6e81e52407b94b0d9ef27326008c01f53681afd3c6d98ee9ab8766557ff
vegfa,09a35340098bea13ea141546437b35154c4be19cd9a2335d95732146ab572dc9,de_novo,f43a1701f68fb408ffbf6acb80883806fdf7d72246f3624979515858a437fa0b,none,,hydrophobic_moment_eisenberg,numeric,false,de_novo_has_no_biological_parent,,,,0.18031148798762212,,,,1cf3650bb5a946f1debf299dd5e34bfd92e6d65006e462028c05a10a934eebbb
vegfa,09a35340098bea13ea141546437b35154c4be19cd9a2335d95732146ab572dc9,de_novo,f43a1701f68fb408ffbf6acb80883806fdf7d72246f3624979515858a437fa0b,none,,hydrophobic_ratio_modlamp,numeric,false,de_novo_has_no_biological_parent,,,,0.09523809523809523,,,,e05e9945fe58e79657b07d037cd5e7cea58f8c02eeeeef169468f648b5851c98
vegfa,09a35340098bea13ea141546437b35154c4be19cd9a2335d95732146ab572dc9,de_novo,f43a1701f68fb408ffbf6acb80883806fdf7d72246f3624979515858a437fa0b,none,,llamp_log10_mic_um,numeric,false,de_novo_has_no_biological_parent,,,,1.0282241106033325,,,,e0835bc0e49740d83daf1785137caa705d729a8119aeecf8b4592f60d59f952b
vegfa,09a35340098bea13ea141546437b35154c4be19cd9a2335d95732146ab572dc9,de_novo,f43a1701f68fb408ffbf6acb80883806fdf7d72246f3624979515858a437fa0b,none,,macrel_amp_probability,numeric,false,de_novo_has_no_biological_parent,,,,0.416,,,,958e276837620fbe74da8bc5229a7a78a40faf6dc2c14ae03ee6e82981ed2bc4
vegfa,09a35340098bea13ea141546437b35154c4be19cd9a2335d95732146ab572dc9,de_novo,f43a1701f68fb408ffbf6acb80883806fdf7d72246f3624979515858a437fa0b,none,,macrel_hemolysis_label,categorical,false,de_novo_has_no_biological_parent,,,,high,,,,1721e6d5e7c3a0810f6d75360bee7a2c387f0d5574c654552b624f74dd3980d0
vegfa,09a35340098bea13ea141546437b35154c4be19cd9a2335d95732146ab572dc9,de_novo,f43a1701f68fb408ffbf6acb80883806fdf7d72246f3624979515858a437fa0b,none,,macrel_hemolysis_probability,numeric,false,de_novo_has_no_biological_parent,,,,0.554,,,,da2a4d865e248492cb548e87d829f84a9943bdae7f49fe148267d5c6ef502e1c
vegfa,09a35340098bea13ea141546437b35154c4be19cd9a2335d95732146ab572dc9,de_novo,f43a1701f68fb408ffbf6acb80883806fdf7d72246f3624979515858a437fa0b,none,,maximum_hydrophobic_run,numeric,false,de_novo_has_no_biological_parent,,,,1,,,,d6e43ea37c8e699a0ab9f809010c66d2a9a365e742ed9c148af6c244fc7413bc
vegfa,09a35340098bea13ea141546437b35154c4be19cd9a2335d95732146ab572dc9,de_novo,f43a1701f68fb408ffbf6acb80883806fdf7d72246f3624979515858a437fa0b,none,,net_charge_ph7_4,numeric,false,de_novo_has_no_biological_parent,,,,11.067,,,,6a8c028930b24f390dfd7cc8b701ace91f8f80daca05c2fb74c970cbd5366f15
vegfa,09a35340098bea13ea141546437b35154c4be19cd9a2335d95732146ab572dc9,de_novo,f43a1701f68fb408ffbf6acb80883806fdf7d72246f3624979515858a437fa0b,none,,toxinpred3_hybrid_score,numeric,false,de_novo_has_no_biological_parent,,,,0.075,,,,2040a0f4a290d0cd5ef467d3f2ba6cbe78cfde1f2db8b2232c235ca794afe1ee
vegfa,09a35340098bea13ea141546437b35154c4be19cd9a2335d95732146ab572dc9,de_novo,f43a1701f68fb408ffbf6acb80883806fdf7d72246f3624979515858a437fa0b,none,,toxinpred3_label,categorical,false,de_novo_has_no_biological_parent,,,,Non-Toxin,,,,a436ecfc5faff7f2fe183d677ea3a9dabcec3588bd4d9a5b803cfdaf6881f4b9
vegfa,6a27a2c18faa72675a034db7e1a86ab31cde95eddc60dda81c82e8f99483b43a,masked_substitution,1d82d4a210cb37d367dbaae493bb65174b793401abd602d1de2d7b5057aaf54a,primary_parent,02e6e8a9041d1f5e02ded66ace7f1bf8353933cb460554f7d6d4f7827ee851e3,amp_read_log10_mic_um,numeric,true,same_frozen_numeric_contract,minimize,log10(uM),0.8502392420270765,1.2994949623870091,0.44925572035993266,-0.44925572035993266,true,42fcdf974c4f7b89b88ecb717e8e155d690c36ff2003e623a6bdbe03dc100292
vegfa,6a27a2c18faa72675a034db7e1a86ab31cde95eddc60dda81c82e8f99483b43a,masked_substitution,1d82d4a210cb37d367dbaae493bb65174b793401abd602d1de2d7b5057aaf54a,primary_parent,02e6e8a9041d1f5e02ded66ace7f1bf8353933cb460554f7d6d4f7827ee851e3,guruprasad_instability_index,numeric,true,same_frozen_numeric_contract,minimize,index,-9.308695652173913,-12.152174,-2.843478347826087,2.843478347826087,true,f293f197cf0b63a4378e0db7bf83c0990ea03ca26c906ef888c9d913f01d8bf0
vegfa,6a27a2c18faa72675a034db7e1a86ab31cde95eddc60dda81c82e8f99483b43a,masked_substitution,1d82d4a210cb37d367dbaae493bb65174b793401abd602d1de2d7b5057aaf54a,primary_parent,02e6e8a9041d1f5e02ded66ace7f1bf8353933cb460554f7d6d4f7827ee851e3,hydrophobic_moment_eisenberg,numeric,false,audit_metric_has_no_monotonic_improvement_direction,audit,dimensionless,0.14056582796750103,0.11694150340280121,-0.023624324564699817,,true,334d36393295bcc584a4212739ff531d39d11fd52ea5ce01f26a39c021db69ec
vegfa,6a27a2c18faa72675a034db7e1a86ab31cde95eddc60dda81c82e8f99483b43a,masked_substitution,1d82d4a210cb37d367dbaae493bb65174b793401abd602d1de2d7b5057aaf54a,primary_parent,02e6e8a9041d1f5e02ded66ace7f1bf8353933cb460554f7d6d4f7827ee851e3,hydrophobic_ratio_modlamp,numeric,false,audit_metric_has_no_monotonic_improvement_direction,audit,fraction,0.2608695652173913,0.2608695652173913,0.0,,false,24a688cd1b3a6906dac32d96e0fa6074af152908d7f9d1431883db5ca867c5be
vegfa,6a27a2c18faa72675a034db7e1a86ab31cde95eddc60dda81c82e8f99483b43a,masked_substitution,1d82d4a210cb37d367dbaae493bb65174b793401abd602d1de2d7b5057aaf54a,primary_parent,02e6e8a9041d1f5e02ded66ace7f1bf8353933cb460554f7d6d4f7827ee851e3,llamp_log10_mic_um,numeric,true,same_frozen_numeric_contract,minimize,log10(uM),1.3610467910766602,1.410377025604248,0.04933023452758789,-0.04933023452758789,true,a060df2a1566ce6a1c5d9911ec0b5aabc5ceea053f134b7423fb1349afc7e36f
vegfa,6a27a2c18faa72675a034db7e1a86ab31cde95eddc60dda81c82e8f99483b43a,masked_substitution,1d82d4a210cb37d367dbaae493bb65174b793401abd602d1de2d7b5057aaf54a,primary_parent,02e6e8a9041d1f5e02ded66ace7f1bf8353933cb460554f7d6d4f7827ee851e3,macrel_amp_probability,numeric,true,same_frozen_numeric_contract,maximize,probability,0.584,0.495,-0.08899999999999997,-0.08899999999999997,true,7915f73c397a16c845e03841922bc00a978372a63770e49bc216e6bbf5fcfa9e
vegfa,6a27a2c18faa72675a034db7e1a86ab31cde95eddc60dda81c82e8f99483b43a,masked_substitution,1d82d4a210cb37d367dbaae493bb65174b793401abd602d1de2d7b5057aaf54a,primary_parent,02e6e8a9041d1f5e02ded66ace7f1bf8353933cb460554f7d6d4f7827ee851e3,macrel_hemolysis_label,categorical,true,same_frozen_label_contract,audit,label,low,low,,,false,070e4163611be50813fa7ab7667a43a31ee64cdcb9445a594a7517905e8b6dc8
vegfa,6a27a2c18faa72675a034db7e1a86ab31cde95eddc60dda81c82e8f99483b43a,masked_substitution,1d82d4a210cb37d367dbaae493bb65174b793401abd602d1de2d7b5057aaf54a,primary_parent,02e6e8a9041d1f5e02ded66ace7f1bf8353933cb460554f7d6d4f7827ee851e3,macrel_hemolysis_probability,numeric,true,same_frozen_numeric_contract,minimize,probability,0.465,0.465,0.0,-0.0,false,8822c7816c8cc8b2ba99d0b8e44b586e4460aa8a0e041f132b5f016419b4f136
vegfa,6a27a2c18faa72675a034db7e1a86ab31cde95eddc60dda81c82e8f99483b43a,masked_substitution,1d82d4a210cb37d367dbaae493bb65174b793401abd602d1de2d7b5057aaf54a,primary_parent,02e6e8a9041d1f5e02ded66ace7f1bf8353933cb460554f7d6d4f7827ee851e3,maximum_hydrophobic_run,numeric,true,same_frozen_numeric_contract,minimize,residues,2.0,2.0,0.0,-0.0,false,f1daab7e5735101812b60179170954c999c0a1801d4cb32b90f2ba155c8195b2
vegfa,6a27a2c18faa72675a034db7e1a86ab31cde95eddc60dda81c82e8f99483b43a,masked_substitution,1d82d4a210cb37d367dbaae493bb65174b793401abd602d1de2d7b5057aaf54a,primary_parent,02e6e8a9041d1f5e02ded66ace7f1bf8353933cb460554f7d6d4f7827ee851e3,net_charge_ph7_4,numeric,false,audit_metric_has_no_monotonic_improvement_direction,audit,elementary_charge,6.112,5.112,-1.0,,true,66e3100c2229873037cd7f4fff760a2350a6b13d5b4b8d9a5bbdb75431c37047
vegfa,6a27a2c18faa72675a034db7e1a86ab31cde95eddc60dda81c82e8f99483b43a,masked_substitution,1d82d4a210cb37d367dbaae493bb65174b793401abd602d1de2d7b5057aaf54a,primary_parent,02e6e8a9041d1f5e02ded66ace7f1bf8353933cb460554f7d6d4f7827ee851e3,toxinpred3_hybrid_score,numeric,true,same_frozen_numeric_contract,minimize,dimensionless,0.0,0.0,0.0,-0.0,false,90d7e1886c26cb68fe7bb0ab6297ee461d3d2be674df05a0b8576ec10778d057
vegfa,6a27a2c18faa72675a034db7e1a86ab31cde95eddc60dda81c82e8f99483b43a,masked_substitution,1d82d4a210cb37d367dbaae493bb65174b793401abd602d1de2d7b5057aaf54a,primary_parent,02e6e8a9041d1f5e02ded66ace7f1bf8353933cb460554f7d6d4f7827ee851e3,toxinpred3_label,categorical,true,same_frozen_label_contract,audit,label,Non-Toxin,Non-Toxin,,,false,341f5b9559818f11010db4e025cfcfe6328abffd43b1ba8205392008f11760eb
vegfa,100054f1d2706be60b0987823e06d3dc0224ca773670b332cef2eb011831dd1e,controlled_crossover,ca46edf728900237940c2d90ca96c326bfbeaa0267c2adc6e8887ebb7d58b246,primary_parent,40288af76d68eea8606867b3bd54c2b590ee6b967b2662476f31405f336ff9a6,amp_read_log10_mic_um,numeric,true,same_frozen_numeric_contract,minimize,log10(uM),1.0366670635933637,1.1774137922260905,0.14074672863272686,-0.14074672863272686,true,25b309f7d4fcd616acfcfe9e86d6702043dad08c963df4073d5c735b59618c17
vegfa,100054f1d2706be60b0987823e06d3dc0224ca773670b332cef2eb011831dd1e,controlled_crossover,ca46edf728900237940c2d90ca96c326bfbeaa0267c2adc6e8887ebb7d58b246,primary_parent,40288af76d68eea8606867b3bd54c2b590ee6b967b2662476f31405f336ff9a6,guruprasad_instability_index,numeric,true,same_frozen_numeric_contract,minimize,index,-4.365217391304348,5.930435,10.295652391304348,-10.295652391304348,true,541a5354016d5ead80eca26d9bc25b9f242cfb25c0bc52577206bb26aec98e4e
vegfa,100054f1d2706be60b0987823e06d3dc0224ca773670b332cef2eb011831dd1e,controlled_crossover,ca46edf728900237940c2d90ca96c326bfbeaa0267c2adc6e8887ebb7d58b246,primary_parent,40288af76d68eea8606867b3bd54c2b590ee6b967b2662476f31405f336ff9a6,hydrophobic_moment_eisenberg,numeric,false,audit_metric_has_no_monotonic_improvement_direction,audit,dimensionless,0.23937796328158523,0.1382460405068042,-0.10113192277478103,,true,16db74485ea401c6a6b262afac170ba7c2a07eab41c969387d38ba5d9ba8b169
vegfa,100054f1d2706be60b0987823e06d3dc0224ca773670b332cef2eb011831dd1e,controlled_crossover,ca46edf728900237940c2d90ca96c326bfbeaa0267c2adc6e8887ebb7d58b246,primary_parent,40288af76d68eea8606867b3bd54c2b590ee6b967b2662476f31405f336ff9a6,hydrophobic_ratio_modlamp,numeric,false,audit_metric_has_no_monotonic_improvement_direction,audit,fraction,0.21739130434782608,0.08695652173913043,-0.13043478260869565,,true,cd67a7b59c47406f4c2b9b17d37a5f7f54288db35603006d3a6f59b1a94e0cb9
vegfa,100054f1d2706be60b0987823e06d3dc0224ca773670b332cef2eb011831dd1e,controlled_crossover,ca46edf728900237940c2d90ca96c326bfbeaa0267c2adc6e8887ebb7d58b246,primary_parent,40288af76d68eea8606867b3bd54c2b590ee6b967b2662476f31405f336ff9a6,llamp_log10_mic_um,numeric,true,same_frozen_numeric_contract,minimize,log10(uM),1.3088847398757935,1.7158464193344116,0.40696167945861816,-0.40696167945861816,true,efec56e49e83b2d32eb13d6210a248f9949e7dd0178724a3388ddfb86933a863
vegfa,100054f1d2706be60b0987823e06d3dc0224ca773670b332cef2eb011831dd1e,controlled_crossover,ca46edf728900237940c2d90ca96c326bfbeaa0267c2adc6e8887ebb7d58b246,primary_parent,40288af76d68eea8606867b3bd54c2b590ee6b967b2662476f31405f336ff9a6,macrel_amp_probability,numeric,true,same_frozen_numeric_contract,maximize,probability,0.511,0.356,-0.15500000000000003,-0.15500000000000003,true,82d0c06125e4a74ea5d794263f7d971654085368d2485dd46c8230c55babe795
vegfa,100054f1d2706be60b0987823e06d3dc0224ca773670b332cef2eb011831dd1e,controlled_crossover,ca46edf728900237940c2d90ca96c326bfbeaa0267c2adc6e8887ebb7d58b246,primary_parent,40288af76d68eea8606867b3bd54c2b590ee6b967b2662476f31405f336ff9a6,macrel_hemolysis_label,categorical,true,same_frozen_label_contract,audit,label,low,low,,,false,4abad70203c0cd0ae9c9867d666432c6a4c5bdd3f1989e4d65e65f9946a07386
vegfa,100054f1d2706be60b0987823e06d3dc0224ca773670b332cef2eb011831dd1e,controlled_crossover,ca46edf728900237940c2d90ca96c326bfbeaa0267c2adc6e8887ebb7d58b246,primary_parent,40288af76d68eea8606867b3bd54c2b590ee6b967b2662476f31405f336ff9a6,macrel_hemolysis_probability,numeric,true,same_frozen_numeric_contract,minimize,probability,0.455,0.426,-0.029000000000000026,0.029000000000000026,true,6e8a2ce811adc93dd61eb7212cc890da6565300a9d8930024658027b220c80d0
vegfa,100054f1d2706be60b0987823e06d3dc0224ca773670b332cef2eb011831dd1e,controlled_crossover,ca46edf728900237940c2d90ca96c326bfbeaa0267c2adc6e8887ebb7d58b246,primary_parent,40288af76d68eea8606867b3bd54c2b590ee6b967b2662476f31405f336ff9a6,maximum_hydrophobic_run,numeric,true,same_frozen_numeric_contract,minimize,residues,2.0,1.0,-1.0,1.0,true,365f0841eba480e9e121d15fca40d2d9336a8eabdbb6ac3d9e98af4487e16328
vegfa,100054f1d2706be60b0987823e06d3dc0224ca773670b332cef2eb011831dd1e,controlled_crossover,ca46edf728900237940c2d90ca96c326bfbeaa0267c2adc6e8887ebb7d58b246,primary_parent,40288af76d68eea8606867b3bd54c2b590ee6b967b2662476f31405f336ff9a6,net_charge_ph7_4,numeric,false,audit_metric_has_no_monotonic_improvement_direction,audit,elementary_charge,6.112,8.153,2.0410000000000004,,true,9ec27e7990a724c7c55f4c7bb2e64eb4e130ed9b43c19f8fad9ed88129384068
vegfa,100054f1d2706be60b0987823e06d3dc0224ca773670b332cef2eb011831dd1e,controlled_crossover,ca46edf728900237940c2d90ca96c326bfbeaa0267c2adc6e8887ebb7d58b246,primary_parent,40288af76d68eea8606867b3bd54c2b590ee6b967b2662476f31405f336ff9a6,toxinpred3_hybrid_score,numeric,true,same_frozen_numeric_contract,minimize,dimensionless,0.0,0.395,0.395,-0.395,true,238fa1580c3f78f0e3d89aa8a8839c2e1fae2981bffbb9f7b406192899ae2a4d
vegfa,100054f1d2706be60b0987823e06d3dc0224ca773670b332cef2eb011831dd1e,controlled_crossover,ca46edf728900237940c2d90ca96c326bfbeaa0267c2adc6e8887ebb7d58b246,primary_parent,40288af76d68eea8606867b3bd54c2b590ee6b967b2662476f31405f336ff9a6,toxinpred3_label,categorical,true,same_frozen_label_contract,audit,label,Non-Toxin,Toxin,,,true,7274920741f64d9c96edbb54a29cc0327af4d2feaade6bb0bf8eb16057d542df
vegfa,100054f1d2706be60b0987823e06d3dc0224ca773670b332cef2eb011831dd1e,controlled_crossover,ca46edf728900237940c2d90ca96c326bfbeaa0267c2adc6e8887ebb7d58b246,donor_parent,f2e1e308912a377c8c7aca6123a1a556c098497f97c20bd99bfe9ccd4c975377,amp_read_log10_mic_um,numeric,true,same_frozen_numeric_contract,minimize,log10(uM),1.0863599077352775,1.1774137922260905,0.09105388449081309,-0.09105388449081309,true,16964f06a99e16a20151d64fd12c91d06977ce1f0a265acb86ac5ccc61358ec9
vegfa,100054f1d2706be60b0987823e06d3dc0224ca773670b332cef2eb011831dd1e,controlled_crossover,ca46edf728900237940c2d90ca96c326bfbeaa0267c2adc6e8887ebb7d58b246,donor_parent,f2e1e308912a377c8c7aca6123a1a556c098497f97c20bd99bfe9ccd4c975377,guruprasad_instability_index,numeric,true,same_frozen_numeric_contract,minimize,index,14.769230769230766,5.930435,-8.838795769230767,8.838795769230767,true,d90d6c3dc0ca121e5fcd79635aa22901be743741a21840e2097a2a891be5ffdd
vegfa,100054f1d2706be60b0987823e06d3dc0224ca773670b332cef2eb011831dd1e,controlled_crossover,ca46edf728900237940c2d90ca96c326bfbeaa0267c2adc6e8887ebb7d58b246,donor_parent,f2e1e308912a377c8c7aca6123a1a556c098497f97c20bd99bfe9ccd4c975377,hydrophobic_moment_eisenberg,numeric,false,audit_metric_has_no_monotonic_improvement_direction,audit,dimensionless,0.10563857941862062,0.1382460405068042,0.032607461088183576,,true,32d623516e300fc21853e650e70caeadabb3bc7d4454a29f8c426e14b3a192a4
vegfa,100054f1d2706be60b0987823e06d3dc0224ca773670b332cef2eb011831dd1e,controlled_crossover,ca46edf728900237940c2d90ca96c326bfbeaa0267c2adc6e8887ebb7d58b246,donor_parent,f2e1e308912a377c8c7aca6123a1a556c098497f97c20bd99bfe9ccd4c975377,hydrophobic_ratio_modlamp,numeric,false,audit_metric_has_no_monotonic_improvement_direction,audit,fraction,0.07692307692307693,0.08695652173913043,0.010033444816053505,,true,d7d20241f7527d4a6a32b0fc7fbee175712cb14aca7cffe21288d681efec1c07
vegfa,100054f1d2706be60b0987823e06d3dc0224ca773670b332cef2eb011831dd1e,controlled_crossover,ca46edf728900237940c2d90ca96c326bfbeaa0267c2adc6e8887ebb7d58b246,donor_parent,f2e1e308912a377c8c7aca6123a1a556c098497f97c20bd99bfe9ccd4c975377,llamp_log10_mic_um,numeric,true,same_frozen_numeric_contract,minimize,log10(uM),1.0173412561416626,1.7158464193344116,0.698505163192749,-0.698505163192749,true,e6389cbbe62a552b17bdfa8fbfb233583091719a87356d6e642364ccbe5f76dd
vegfa,100054f1d2706be60b0987823e06d3dc0224ca773670b332cef2eb011831dd1e,controlled_crossover,ca46edf728900237940c2d90ca96c326bfbeaa0267c2adc6e8887ebb7d58b246,donor_parent,f2e1e308912a377c8c7aca6123a1a556c098497f97c20bd99bfe9ccd4c975377,macrel_amp_probability,numeric,true,same_frozen_numeric_contract,maximize,probability,0.515,0.356,-0.15900000000000003,-0.15900000000000003,true,586c847525aa694d50e63295e7e88d3af7cabbb5ba32dbbde4cbd85b2abd46d3
vegfa,100054f1d2706be60b0987823e06d3dc0224ca773670b332cef2eb011831dd1e,controlled_crossover,ca46edf728900237940c2d90ca96c326bfbeaa0267c2adc6e8887ebb7d58b246,donor_parent,f2e1e308912a377c8c7aca6123a1a556c098497f97c20bd99bfe9ccd4c975377,macrel_hemolysis_label,categorical,true,same_frozen_label_contract,audit,label,low,low,,,false,8608b4572c551a56ccc09450120f49d8cd08929a36196a3b954084b59d02a6f6
vegfa,100054f1d2706be60b0987823e06d3dc0224ca773670b332cef2eb011831dd1e,controlled_crossover,ca46edf728900237940c2d90ca96c326bfbeaa0267c2adc6e8887ebb7d58b246,donor_parent,f2e1e308912a377c8c7aca6123a1a556c098497f97c20bd99bfe9ccd4c975377,macrel_hemolysis_probability,numeric,true,same_frozen_numeric_contract,minimize,probability,0.465,0.426,-0.039000000000000035,0.039000000000000035,true,f06d0d16e43141235559ee69fa530c9ea2a304ac1361648c20573f9810152b84
vegfa,100054f1d2706be60b0987823e06d3dc0224ca773670b332cef2eb011831dd1e,controlled_crossover,ca46edf728900237940c2d90ca96c326bfbeaa0267c2adc6e8887ebb7d58b246,donor_parent,f2e1e308912a377c8c7aca6123a1a556c098497f97c20bd99bfe9ccd4c975377,maximum_hydrophobic_run,numeric,true,same_frozen_numeric_contract,minimize,residues,2.0,1.0,-1.0,1.0,true,73e43756442041a8e493281b98e11ede86b3aefb254c99ea4ca04a2600594db7
vegfa,100054f1d2706be60b0987823e06d3dc0224ca773670b332cef2eb011831dd1e,controlled_crossover,ca46edf728900237940c2d90ca96c326bfbeaa0267c2adc6e8887ebb7d58b246,donor_parent,f2e1e308912a377c8c7aca6123a1a556c098497f97c20bd99bfe9ccd4c975377,net_charge_ph7_4,numeric,false,audit_metric_has_no_monotonic_improvement_direction,audit,elementary_charge,10.151,8.153,-1.9979999999999993,,true,f112b7f455f933d004a7c0337dd4fc3ec0ea496daee4197c8f15d81317c6afa8
vegfa,100054f1d2706be60b0987823e06d3dc0224ca773670b332cef2eb011831dd1e,controlled_crossover,ca46edf728900237940c2d90ca96c326bfbeaa0267c2adc6e8887ebb7d58b246,donor_parent,f2e1e308912a377c8c7aca6123a1a556c098497f97c20bd99bfe9ccd4c975377,toxinpred3_hybrid_score,numeric,true,same_frozen_numeric_contract,minimize,dimensionless,0.01,0.395,0.385,-0.385,true,121d7cfcac2fb8c2e1ac6e527d78393d2d32e5c28edeea6a939d544d8a96c4c0
vegfa,100054f1d2706be60b0987823e06d3dc0224ca773670b332cef2eb011831dd1e,controlled_crossover,ca46edf728900237940c2d90ca96c326bfbeaa0267c2adc6e8887ebb7d58b246,donor_parent,f2e1e308912a377c8c7aca6123a1a556c098497f97c20bd99bfe9ccd4c975377,toxinpred3_label,categorical,true,same_frozen_label_contract,audit,label,Non-Toxin,Toxin,,,true,b09d70f53d447e360f7de44d7c73f03192bf1d448545581881a57421fb044e34
vegfa,f08511166def908bc35d9d50c4630b87d84e79fc0d58d4374709fa6bbd0372d6,de_novo,1a7452363badc4efb35df2e68a49408757855939ee5dfc40d28dfee838e44875,none,,amp_read_log10_mic_um,numeric,false,de_novo_has_no_biological_parent,,,,1.6472270913298703,,,,37e34e47e281114ab41eb36ab066c1108860c90d3fbfc91bddee05457b20c45b
vegfa,f08511166def908bc35d9d50c4630b87d84e79fc0d58d4374709fa6bbd0372d6,de_novo,1a7452363badc4efb35df2e68a49408757855939ee5dfc40d28dfee838e44875,none,,guruprasad_instability_index,numeric,false,de_novo_has_no_biological_parent,,,,31.008333,,,,905cc3af1b4f895d8979d069806453f17cafe52ac834b600b376627e8d7b9757
vegfa,f08511166def908bc35d9d50c4630b87d84e79fc0d58d4374709fa6bbd0372d6,de_novo,1a7452363badc4efb35df2e68a49408757855939ee5dfc40d28dfee838e44875,none,,hydrophobic_moment_eisenberg,numeric,false,de_novo_has_no_biological_parent,,,,0.21463383144520135,,,,169b69b99b78f3a9c32b30de01b31242791a19d0cb53bd4e8878c1d7e14940a3
vegfa,f08511166def908bc35d9d50c4630b87d84e79fc0d58d4374709fa6bbd0372d6,de_novo,1a7452363badc4efb35df2e68a49408757855939ee5dfc40d28dfee838e44875,none,,hydrophobic_ratio_modlamp,numeric,false,de_novo_has_no_biological_parent,,,,0.125,,,,31769a6d607cae00baae2f389d81e582002789afd7f88ae58f2afd984ccfaec2
vegfa,f08511166def908bc35d9d50c4630b87d84e79fc0d58d4374709fa6bbd0372d6,de_novo,1a7452363badc4efb35df2e68a49408757855939ee5dfc40d28dfee838e44875,none,,llamp_log10_mic_um,numeric,false,de_novo_has_no_biological_parent,,,,1.368987798690796,,,,8b255cea7aece481dc01f3dcadef7c702e8e2b0c09bc3a72a390d3f43c8a4013
vegfa,f08511166def908bc35d9d50c4630b87d84e79fc0d58d4374709fa6bbd0372d6,de_novo,1a7452363badc4efb35df2e68a49408757855939ee5dfc40d28dfee838e44875,none,,macrel_amp_probability,numeric,false,de_novo_has_no_biological_parent,,,,0.376,,,,42089a0c285ce511f7d89739238dc1ea739c5d707f20676914c5c39755c26eda
vegfa,f08511166def908bc35d9d50c4630b87d84e79fc0d58d4374709fa6bbd0372d6,de_novo,1a7452363badc4efb35df2e68a49408757855939ee5dfc40d28dfee838e44875,none,,macrel_hemolysis_label,categorical,false,de_novo_has_no_biological_parent,,,,high,,,,fa1f426a2f3446fd9e28467cd04aba9ce8a9d4fd4758edb1e0f01e281b87b3f7
vegfa,f08511166def908bc35d9d50c4630b87d84e79fc0d58d4374709fa6bbd0372d6,de_novo,1a7452363badc4efb35df2e68a49408757855939ee5dfc40d28dfee838e44875,none,,macrel_hemolysis_probability,numeric,false,de_novo_has_no_biological_parent,,,,0.624,,,,341434ea31a7e572adeead8c7692ffd1a3fa5f1f594024aea3265edf45fb9634
vegfa,f08511166def908bc35d9d50c4630b87d84e79fc0d58d4374709fa6bbd0372d6,de_novo,1a7452363badc4efb35df2e68a49408757855939ee5dfc40d28dfee838e44875,none,,maximum_hydrophobic_run,numeric,false,de_novo_has_no_biological_parent,,,,1,,,,90bb53a05ad2a92583db227ff65a95df257752892a9f8038fde6fa89e7c34b61
vegfa,f08511166def908bc35d9d50c4630b87d84e79fc0d58d4374709fa6bbd0372d6,de_novo,1a7452363badc4efb35df2e68a49408757855939ee5dfc40d28dfee838e44875,none,,net_charge_ph7_4,numeric,false,de_novo_has_no_biological_parent,,,,12.15,,,,e32f85ba01671f5f5bb567626b76326aa600b757674dc67705488acbf32513e3
vegfa,f08511166def908bc35d9d50c4630b87d84e79fc0d58d4374709fa6bbd0372d6,de_novo,1a7452363badc4efb35df2e68a49408757855939ee5dfc40d28dfee838e44875,none,,toxinpred3_hybrid_score,numeric,false,de_novo_has_no_biological_parent,,,,0.51,,,,5e46728ac3ce1ba505cc1f6b889ce4d7e0f49f55fb52aa2d8db0c345275f31c3
vegfa,f08511166def908bc35d9d50c4630b87d84e79fc0d58d4374709fa6bbd0372d6,de_novo,1a7452363badc4efb35df2e68a49408757855939ee5dfc40d28dfee838e44875,none,,toxinpred3_label,categorical,false,de_novo_has_no_biological_parent,,,,Toxin,,,,6c7baf48924a2377d0230eeeb6705b4b40ea7f5502bd8e7ca53075445e2268b4
vegfa,a0c2b77f29d4a77a1f34810fe49fec3892f30d8ecce6e7ffeece1f010d75e17a,de_novo,98dd9e37baebd9173889c143736dcc59250dc69acb10e24d3469b59ae888a0e3,none,,amp_read_log10_mic_um,numeric,false,de_novo_has_no_biological_parent,,,,0.9094401196536517,,,,a7dd063b68ea079584640a79152cf78d9e09cefb93c56a2e29973ff65bd96e49
vegfa,a0c2b77f29d4a77a1f34810fe49fec3892f30d8ecce6e7ffeece1f010d75e17a,de_novo,98dd9e37baebd9173889c143736dcc59250dc69acb10e24d3469b59ae888a0e3,none,,guruprasad_instability_index,numeric,false,de_novo_has_no_biological_parent,,,,11.795238,,,,fd00bc5e4d3446319e228bd37fdd0454357e87f24cb41ce98943054bb3ae259a
vegfa,a0c2b77f29d4a77a1f34810fe49fec3892f30d8ecce6e7ffeece1f010d75e17a,de_novo,98dd9e37baebd9173889c143736dcc59250dc69acb10e24d3469b59ae888a0e3,none,,hydrophobic_moment_eisenberg,numeric,false,de_novo_has_no_biological_parent,,,,0.47393872322838915,,,,d4952be1183f8dbce17530c798b685fc0f7cb15f014f7b24e680ebb0cd875c23
vegfa,a0c2b77f29d4a77a1f34810fe49fec3892f30d8ecce6e7ffeece1f010d75e17a,de_novo,98dd9e37baebd9173889c143736dcc59250dc69acb10e24d3469b59ae888a0e3,none,,hydrophobic_ratio_modlamp,numeric,false,de_novo_has_no_biological_parent,,,,0.2857142857142857,,,,282ba1c27e188821110ff55a619e172f1b8d5a5d8fb4fc181f03db43a4493386
vegfa,a0c2b77f29d4a77a1f34810fe49fec3892f30d8ecce6e7ffeece1f010d75e17a,de_novo,98dd9e37baebd9173889c143736dcc59250dc69acb10e24d3469b59ae888a0e3,none,,llamp_log10_mic_um,numeric,false,de_novo_has_no_biological_parent,,,,1.5922654867172241,,,,171503586fdca5514166b04e1eb3cf7997fd26a36de067d6b1d277c2c85fca48
vegfa,a0c2b77f29d4a77a1f34810fe49fec3892f30d8ecce6e7ffeece1f010d75e17a,de_novo,98dd9e37baebd9173889c143736dcc59250dc69acb10e24d3469b59ae888a0e3,none,,macrel_amp_probability,numeric,false,de_novo_has_no_biological_parent,,,,0.782,,,,bf56272cd6d6b516c0001b03dfba341dc21e8e71356eea7e773199409a0612ba
vegfa,a0c2b77f29d4a77a1f34810fe49fec3892f30d8ecce6e7ffeece1f010d75e17a,de_novo,98dd9e37baebd9173889c143736dcc59250dc69acb10e24d3469b59ae888a0e3,none,,macrel_hemolysis_label,categorical,false,de_novo_has_no_biological_parent,,,,high,,,,1232a5c42fc0f7b84cb12f0ed4e21a9abf353984b41d94a5b52ac824140b9821
vegfa,a0c2b77f29d4a77a1f34810fe49fec3892f30d8ecce6e7ffeece1f010d75e17a,de_novo,98dd9e37baebd9173889c143736dcc59250dc69acb10e24d3469b59ae888a0e3,none,,macrel_hemolysis_probability,numeric,false,de_novo_has_no_biological_parent,,,,0.98,,,,de3461f2ce47dafa794ca9d71643f1c1688206ba7d3d7015a0e31ef8f9a61490
vegfa,a0c2b77f29d4a77a1f34810fe49fec3892f30d8ecce6e7ffeece1f010d75e17a,de_novo,98dd9e37baebd9173889c143736dcc59250dc69acb10e24d3469b59ae888a0e3,none,,maximum_hydrophobic_run,numeric,false,de_novo_has_no_biological_parent,,,,2,,,,a77523b1da3a5bc5f6cfc44900388dcc0830cb09017cb3feb313842e08ad5cdf
vegfa,a0c2b77f29d4a77a1f34810fe49fec3892f30d8ecce6e7ffeece1f010d75e17a,de_novo,98dd9e37baebd9173889c143736dcc59250dc69acb10e24d3469b59ae888a0e3,none,,net_charge_ph7_4,numeric,false,de_novo_has_no_biological_parent,,,,10.027,,,,204ec54c1b6abe1d7bb2ca81ab8d3d89b2a0dc6df4c0e80f0a83814c0b6fd1d2
vegfa,a0c2b77f29d4a77a1f34810fe49fec3892f30d8ecce6e7ffeece1f010d75e17a,de_novo,98dd9e37baebd9173889c143736dcc59250dc69acb10e24d3469b59ae888a0e3,none,,toxinpred3_hybrid_score,numeric,false,de_novo_has_no_biological_parent,,,,0.805,,,,9907d2682e5928f52dc1b302cae5fc4dc0bd92499f44af70e60e9b3dc46be49a
vegfa,a0c2b77f29d4a77a1f34810fe49fec3892f30d8ecce6e7ffeece1f010d75e17a,de_novo,98dd9e37baebd9173889c143736dcc59250dc69acb10e24d3469b59ae888a0e3,none,,toxinpred3_label,categorical,false,de_novo_has_no_biological_parent,,,,Toxin,,,,051ed34e4dd2a8b26ed665a9a3cfd24ec760032a695d715cac61eefbc0b893b1
vegfa,ab3acbda36859b8a3d62096dff7d04f970f0a3b91a10831ed5200cfc9e0d800c,masked_substitution,222a0c22c0d4698260a33949e87c469571bed14905f41de76885881000b08c9d,primary_parent,02e6e8a9041d1f5e02ded66ace7f1bf8353933cb460554f7d6d4f7827ee851e3,amp_read_log10_mic_um,numeric,true,same_frozen_numeric_contract,minimize,log10(uM),0.8502392420270765,1.0954577026084447,0.2452184605813682,-0.2452184605813682,true,621ffbcb8523d049bb8d7f8d7c12c3637908715f430b0ff66929722b8d4c7904
vegfa,ab3acbda36859b8a3d62096dff7d04f970f0a3b91a10831ed5200cfc9e0d800c,masked_substitution,222a0c22c0d4698260a33949e87c469571bed14905f41de76885881000b08c9d,primary_parent,02e6e8a9041d1f5e02ded66ace7f1bf8353933cb460554f7d6d4f7827ee851e3,guruprasad_instability_index,numeric,true,same_frozen_numeric_contract,minimize,index,-9.308695652173913,-12.152174,-2.843478347826087,2.843478347826087,true,f8039a9fd3d850dab3cd79c9227accba3553bf6acc5343109f9d02f94267caca
vegfa,ab3acbda36859b8a3d62096dff7d04f970f0a3b91a10831ed5200cfc9e0d800c,masked_substitution,222a0c22c0d4698260a33949e87c469571bed14905f41de76885881000b08c9d,primary_parent,02e6e8a9041d1f5e02ded66ace7f1bf8353933cb460554f7d6d4f7827ee851e3,hydrophobic_moment_eisenberg,numeric,false,audit_metric_has_no_monotonic_improvement_direction,audit,dimensionless,0.14056582796750103,0.11975887591855745,-0.020806952048943575,,true,61f59d9cb011db09c1a9ea182fb4c92408f61bd3c245daaefe761b25603aaeed
vegfa,ab3acbda36859b8a3d62096dff7d04f970f0a3b91a10831ed5200cfc9e0d800c,masked_substitution,222a0c22c0d4698260a33949e87c469571bed14905f41de76885881000b08c9d,primary_parent,02e6e8a9041d1f5e02ded66ace7f1bf8353933cb460554f7d6d4f7827ee851e3,hydrophobic_ratio_modlamp,numeric,false,audit_metric_has_no_monotonic_improvement_direction,audit,fraction,0.2608695652173913,0.2608695652173913,0.0,,false,e310024c20d74e4e1b277925f2ff841f11c0c4d7e92d3f244fed2d50a7085605
vegfa,ab3acbda36859b8a3d62096dff7d04f970f0a3b91a10831ed5200cfc9e0d800c,masked_substitution,222a0c22c0d4698260a33949e87c469571bed14905f41de76885881000b08c9d,primary_parent,02e6e8a9041d1f5e02ded66ace7f1bf8353933cb460554f7d6d4f7827ee851e3,llamp_log10_mic_um,numeric,true,same_frozen_numeric_contract,minimize,log10(uM),1.3610467910766602,1.6062668561935425,0.24522006511688232,-0.24522006511688232,true,ec3eb77f5d3ec225e7b16e17c61a6a3d1b23a056e1592baecb073dc505fad33b
vegfa,ab3acbda36859b8a3d62096dff7d04f970f0a3b91a10831ed5200cfc9e0d800c,masked_substitution,222a0c22c0d4698260a33949e87c469571bed14905f41de76885881000b08c9d,primary_parent,02e6e8a9041d1f5e02ded66ace7f1bf8353933cb460554f7d6d4f7827ee851e3,macrel_amp_probability,numeric,true,same_frozen_numeric_contract,maximize,probability,0.584,0.535,-0.04899999999999993,-0.04899999999999993,true,858418924a28a9d97f23fef0f02252547bf594f604c98a25cb44ced6b649893c
vegfa,ab3acbda36859b8a3d62096dff7d04f970f0a3b91a10831ed5200cfc9e0d800c,masked_substitution,222a0c22c0d4698260a33949e87c469571bed14905f41de76885881000b08c9d,primary_parent,02e6e8a9041d1f5e02ded66ace7f1bf8353933cb460554f7d6d4f7827ee851e3,macrel_hemolysis_label,categorical,true,same_frozen_label_contract,audit,label,low,low,,,false,9f8885e464c9e4a6c86b10e8ba19a0642b4e1ba3b2e672468ab6b99cac3f9e61
vegfa,ab3acbda36859b8a3d62096dff7d04f970f0a3b91a10831ed5200cfc9e0d800c,masked_substitution,222a0c22c0d4698260a33949e87c469571bed14905f41de76885881000b08c9d,primary_parent,02e6e8a9041d1f5e02ded66ace7f1bf8353933cb460554f7d6d4f7827ee851e3,macrel_hemolysis_probability,numeric,true,same_frozen_numeric_contract,minimize,probability,0.465,0.446,-0.019000000000000017,0.019000000000000017,true,f0ebe8c1c07b305e574dd32d242b0ae88d68bd29ff170dfafa4c11f098767fda
vegfa,ab3acbda36859b8a3d62096dff7d04f970f0a3b91a10831ed5200cfc9e0d800c,masked_substitution,222a0c22c0d4698260a33949e87c469571bed14905f41de76885881000b08c9d,primary_parent,02e6e8a9041d1f5e02ded66ace7f1bf8353933cb460554f7d6d4f7827ee851e3,maximum_hydrophobic_run,numeric,true,same_frozen_numeric_contract,minimize,residues,2.0,2.0,0.0,-0.0,false,60ee48f95dfab71fb63eabfc0a865374f134175c223d85c1c1ea4e2737bf2bb0
vegfa,ab3acbda36859b8a3d62096dff7d04f970f0a3b91a10831ed5200cfc9e0d800c,masked_substitution,222a0c22c0d4698260a33949e87c469571bed14905f41de76885881000b08c9d,primary_parent,02e6e8a9041d1f5e02ded66ace7f1bf8353933cb460554f7d6d4f7827ee851e3,net_charge_ph7_4,numeric,false,audit_metric_has_no_monotonic_improvement_direction,audit,elementary_charge,6.112,5.112,-1.0,,true,91744ba47eaef0650e76fc21fe994cb35716211e35208cc70cc79bd30afe2e4d
vegfa,ab3acbda36859b8a3d62096dff7d04f970f0a3b91a10831ed5200cfc9e0d800c,masked_substitution,222a0c22c0d4698260a33949e87c469571bed14905f41de76885881000b08c9d,primary_parent,02e6e8a9041d1f5e02ded66ace7f1bf8353933cb460554f7d6d4f7827ee851e3,toxinpred3_hybrid_score,numeric,true,same_frozen_numeric_contract,minimize,dimensionless,0.0,0.0,0.0,-0.0,false,7121590b2bd1a91893a0c6253a95d8346e3edc7f5f98968a39120f0ac994d91f
vegfa,ab3acbda36859b8a3d62096dff7d04f970f0a3b91a10831ed5200cfc9e0d800c,masked_substitution,222a0c22c0d4698260a33949e87c469571bed14905f41de76885881000b08c9d,primary_parent,02e6e8a9041d1f5e02ded66ace7f1bf8353933cb460554f7d6d4f7827ee851e3,toxinpred3_label,categorical,true,same_frozen_label_contract,audit,label,Non-Toxin,Non-Toxin,,,false,9c0817afdc719ac78e0723cd4845eec06090b7d149226fb668e77284fd180ffd
vegfa,f2ea52ad138d7cd3590046461ebe52cc1a41ea60908d3fce3cc0261e503b2889,controlled_crossover,96266cb4ae4456cf61195b74432b7ad7d33bed7e12de10765e6693f31a327c9a,primary_parent,5bb1620e8df9873d69294786b12a4a564aac84f6200820fd0e4b0dc2f39982d4,amp_read_log10_mic_um,numeric,true,same_frozen_numeric_contract,minimize,log10(uM),0.9090169459541058,1.1365977628634059,0.2275808169093001,-0.2275808169093001,true,e4a7c64a6b3938ffce896090730efc0c9b16442da94d9331d835b64494c43666
vegfa,f2ea52ad138d7cd3590046461ebe52cc1a41ea60908d3fce3cc0261e503b2889,controlled_crossover,96266cb4ae4456cf61195b74432b7ad7d33bed7e12de10765e6693f31a327c9a,primary_parent,5bb1620e8df9873d69294786b12a4a564aac84f6200820fd0e4b0dc2f39982d4,guruprasad_instability_index,numeric,true,same_frozen_numeric_contract,minimize,index,-5.6173913043478265,5.930435,11.547826304347826,-11.547826304347826,true,89b5a1132ccb37af9144f67eef53e9351c6311ff625b133a8684f5c351fd0b0b
vegfa,f2ea52ad138d7cd3590046461ebe52cc1a41ea60908d3fce3cc0261e503b2889,controlled_crossover,96266cb4ae4456cf61195b74432b7ad7d33bed7e12de10765e6693f31a327c9a,primary_parent,5bb1620e8df9873d69294786b12a4a564aac84f6200820fd0e4b0dc2f39982d4,hydrophobic_moment_eisenberg,numeric,false,audit_metric_has_no_monotonic_improvement_direction,audit,dimensionless,0.1821248502999208,0.08400642290732084,-0.09811842739259995,,true,52f73e81305e392018a2e32f10ab79c8ebef3ec2bdbec840106ecda29c45df87
vegfa,f2ea52ad138d7cd3590046461ebe52cc1a41ea60908d3fce3cc0261e503b2889,controlled_crossover,96266cb4ae4456cf61195b74432b7ad7d33bed7e12de10765e6693f31a327c9a,primary_parent,5bb1620e8df9873d69294786b12a4a564aac84f6200820fd0e4b0dc2f39982d4,hydrophobic_ratio_modlamp,numeric,false,audit_metric_has_no_monotonic_improvement_direction,audit,fraction,0.21739130434782608,0.08695652173913043,-0.13043478260869565,,true,67b0a7136ff72360c0789b921a48ff1a27d50586f0a437c336ecf098543aa655
vegfa,f2ea52ad138d7cd3590046461ebe52cc1a41ea60908d3fce3cc0261e503b2889,controlled_crossover,96266cb4ae4456cf61195b74432b7ad7d33bed7e12de10765e6693f31a327c9a,primary_parent,5bb1620e8df9873d69294786b12a4a564aac84f6200820fd0e4b0dc2f39982d4,llamp_log10_mic_um,numeric,true,same_frozen_numeric_contract,minimize,log10(uM),1.4432967901229858,1.6548434495925903,0.2115466594696045,-0.2115466594696045,true,a6c7f653a31b18fd374c2069df1a061cba76be2258a97b3f704698e533b83dfa
vegfa,f2ea52ad138d7cd3590046461ebe52cc1a41ea60908d3fce3cc0261e503b2889,controlled_crossover,96266cb4ae4456cf61195b74432b7ad7d33bed7e12de10765e6693f31a327c9a,primary_parent,5bb1620e8df9873d69294786b12a4a564aac84f6200820fd0e4b0dc2f39982d4,macrel_amp_probability,numeric,true,same_frozen_numeric_contract,maximize,probability,0.521,0.376,-0.14500000000000002,-0.14500000000000002,true,5678eae08560d03e3c016e953650f759e2f7c6d9bc3243b4c3101937c66991f6
vegfa,f2ea52ad138d7cd3590046461ebe52cc1a41ea60908d3fce3cc0261e503b2889,controlled_crossover,96266cb4ae4456cf61195b74432b7ad7d33bed7e12de10765e6693f31a327c9a,primary_parent,5bb1620e8df9873d69294786b12a4a564aac84f6200820fd0e4b0dc2f39982d4,macrel_hemolysis_label,categorical,true,same_frozen_label_contract,audit,label,low,low,,,false,17dde33f00a5ec73f729a219bf67cc08c1eef305ccbe7fe799b62ffbbb08cb8d
vegfa,f2ea52ad138d7cd3590046461ebe52cc1a41ea60908d3fce3cc0261e503b2889,controlled_crossover,96266cb4ae4456cf61195b74432b7ad7d33bed7e12de10765e6693f31a327c9a,primary_parent,5bb1620e8df9873d69294786b12a4a564aac84f6200820fd0e4b0dc2f39982d4,macrel_hemolysis_probability,numeric,true,same_frozen_numeric_contract,minimize,probability,0.446,0.347,-0.09900000000000003,0.09900000000000003,true,aa6f0edf43a91fe9a62bd0b5a85d4fc608d8a1792f2c284f6477457836724072
vegfa,f2ea52ad138d7cd3590046461ebe52cc1a41ea60908d3fce3cc0261e503b2889,controlled_crossover,96266cb4ae4456cf61195b74432b7ad7d33bed7e12de10765e6693f31a327c9a,primary_parent,5bb1620e8df9873d69294786b12a4a564aac84f6200820fd0e4b0dc2f39982d4,maximum_hydrophobic_run,numeric,true,same_frozen_numeric_contract,minimize,residues,2.0,1.0,-1.0,1.0,true,4843391bd35bceb71da6ec86225a44c61a154111d69ac0a271f7660caae01445
vegfa,f2ea52ad138d7cd3590046461ebe52cc1a41ea60908d3fce3cc0261e503b2889,controlled_crossover,96266cb4ae4456cf61195b74432b7ad7d33bed7e12de10765e6693f31a327c9a,primary_parent,5bb1620e8df9873d69294786b12a4a564aac84f6200820fd0e4b0dc2f39982d4,net_charge_ph7_4,numeric,false,audit_metric_has_no_monotonic_improvement_direction,audit,elementary_charge,6.154,7.195,1.0410000000000004,,true,005273a347e83799bd4f95f434002c8b3462800f422e804ce6bf5142eeec2840
vegfa,f2ea52ad138d7cd3590046461ebe52cc1a41ea60908d3fce3cc0261e503b2889,controlled_crossover,96266cb4ae4456cf61195b74432b7ad7d33bed7e12de10765e6693f31a327c9a,primary_parent,5bb1620e8df9873d69294786b12a4a564aac84f6200820fd0e4b0dc2f39982d4,toxinpred3_hybrid_score,numeric,true,same_frozen_numeric_contract,minimize,dimensionless,0.0,0.385,0.385,-0.385,true,daeae27ae8e3d815c7eb6e796252b0fb574b2267bf4f18f3c7108ad9aff2396f
vegfa,f2ea52ad138d7cd3590046461ebe52cc1a41ea60908d3fce3cc0261e503b2889,controlled_crossover,96266cb4ae4456cf61195b74432b7ad7d33bed7e12de10765e6693f31a327c9a,primary_parent,5bb1620e8df9873d69294786b12a4a564aac84f6200820fd0e4b0dc2f39982d4,toxinpred3_label,categorical,true,same_frozen_label_contract,audit,label,Non-Toxin,Toxin,,,true,9334ebfa4f643764fd7b9b55395105b181202e54a79889814781e99951567bb5
vegfa,f2ea52ad138d7cd3590046461ebe52cc1a41ea60908d3fce3cc0261e503b2889,controlled_crossover,96266cb4ae4456cf61195b74432b7ad7d33bed7e12de10765e6693f31a327c9a,donor_parent,f2e1e308912a377c8c7aca6123a1a556c098497f97c20bd99bfe9ccd4c975377,amp_read_log10_mic_um,numeric,true,same_frozen_numeric_contract,minimize,log10(uM),1.0863599077352775,1.1365977628634059,0.050237855128128395,-0.050237855128128395,true,e452d96f420b9e85ce92bf2ebea8954541e4aca4d3dab46f8e69ce4c55c38cb2
vegfa,f2ea52ad138d7cd3590046461ebe52cc1a41ea60908d3fce3cc0261e503b2889,controlled_crossover,96266cb4ae4456cf61195b74432b7ad7d33bed7e12de10765e6693f31a327c9a,donor_parent,f2e1e308912a377c8c7aca6123a1a556c098497f97c20bd99bfe9ccd4c975377,guruprasad_instability_index,numeric,true,same_frozen_numeric_contract,minimize,index,14.769230769230766,5.930435,-8.838795769230767,8.838795769230767,true,c750d67edbcbcde06f038079ad57c83af77fee07e3d0010625934f2375a45310
vegfa,f2ea52ad138d7cd3590046461ebe52cc1a41ea60908d3fce3cc0261e503b2889,controlled_crossover,96266cb4ae4456cf61195b74432b7ad7d33bed7e12de10765e6693f31a327c9a,donor_parent,f2e1e308912a377c8c7aca6123a1a556c098497f97c20bd99bfe9ccd4c975377,hydrophobic_moment_eisenberg,numeric,false,audit_metric_has_no_monotonic_improvement_direction,audit,dimensionless,0.10563857941862062,0.08400642290732084,-0.02163215651129978,,true,0fffa18f21471ac981dafab7d158aebd0371af14698db2ca071fda89be73f03c
vegfa,f2ea52ad138d7cd3590046461ebe52cc1a41ea60908d3fce3cc0261e503b2889,controlled_crossover,96266cb4ae4456cf61195b74432b7ad7d33bed7e12de10765e6693f31a327c9a,donor_parent,f2e1e308912a377c8c7aca6123a1a556c098497f97c20bd99bfe9ccd4c975377,hydrophobic_ratio_modlamp,numeric,false,audit_metric_has_no_monotonic_improvement_direction,audit,fraction,0.07692307692307693,0.08695652173913043,0.010033444816053505,,true,ca8cb536f9f3d7a284e5054930f6658914d2a62f8e364e296598ca57bed6d4f6
vegfa,f2ea52ad138d7cd3590046461ebe52cc1a41ea60908d3fce3cc0261e503b2889,controlled_crossover,96266cb4ae4456cf61195b74432b7ad7d33bed7e12de10765e6693f31a327c9a,donor_parent,f2e1e308912a377c8c7aca6123a1a556c098497f97c20bd99bfe9ccd4c975377,llamp_log10_mic_um,numeric,true,same_frozen_numeric_contract,minimize,log10(uM),1.0173412561416626,1.6548434495925903,0.6375021934509277,-0.6375021934509277,true,382f2dded550f9ddd78d530b6d4f561a00550cbd1c528849ec941dcd5c76c921
vegfa,f2ea52ad138d7cd3590046461ebe52cc1a41ea60908d3fce3cc0261e503b2889,controlled_crossover,96266cb4ae4456cf61195b74432b7ad7d33bed7e12de10765e6693f31a327c9a,donor_parent,f2e1e308912a377c8c7aca6123a1a556c098497f97c20bd99bfe9ccd4c975377,macrel_amp_probability,numeric,true,same_frozen_numeric_contract,maximize,probability,0.515,0.376,-0.139,-0.139,true,6708acfd0cec8bbd507d5085ab2edd0220903eba1f470181b4c2931e7894f735
vegfa,f2ea52ad138d7cd3590046461ebe52cc1a41ea60908d3fce3cc0261e503b2889,controlled_crossover,96266cb4ae4456cf61195b74432b7ad7d33bed7e12de10765e6693f31a327c9a,donor_parent,f2e1e308912a377c8c7aca6123a1a556c098497f97c20bd99bfe9ccd4c975377,macrel_hemolysis_label,categorical,true,same_frozen_label_contract,audit,label,low,low,,,false,8bb175d3bf90171dfaf1a13c43ff05b2c8409531e209fe62af40aa04c7fc3ed7
vegfa,f2ea52ad138d7cd3590046461ebe52cc1a41ea60908d3fce3cc0261e503b2889,controlled_crossover,96266cb4ae4456cf61195b74432b7ad7d33bed7e12de10765e6693f31a327c9a,donor_parent,f2e1e308912a377c8c7aca6123a1a556c098497f97c20bd99bfe9ccd4c975377,macrel_hemolysis_probability,numeric,true,same_frozen_numeric_contract,minimize,probability,0.465,0.347,-0.11800000000000005,0.11800000000000005,true,38811e97a1543ee3874d339ee0b1e677878fa00043c9f8e3431bdce3455bd8c5
vegfa,f2ea52ad138d7cd3590046461ebe52cc1a41ea60908d3fce3cc0261e503b2889,controlled_crossover,96266cb4ae4456cf61195b74432b7ad7d33bed7e12de10765e6693f31a327c9a,donor_parent,f2e1e308912a377c8c7aca6123a1a556c098497f97c20bd99bfe9ccd4c975377,maximum_hydrophobic_run,numeric,true,same_frozen_numeric_contract,minimize,residues,2.0,1.0,-1.0,1.0,true,3468a5c205c9c2bbfeb44253c2a48ab4e565a4994b50d6f03d60f1b974d34fd0
vegfa,f2ea52ad138d7cd3590046461ebe52cc1a41ea60908d3fce3cc0261e503b2889,controlled_crossover,96266cb4ae4456cf61195b74432b7ad7d33bed7e12de10765e6693f31a327c9a,donor_parent,f2e1e308912a377c8c7aca6123a1a556c098497f97c20bd99bfe9ccd4c975377,net_charge_ph7_4,numeric,false,audit_metric_has_no_monotonic_improvement_direction,audit,elementary_charge,10.151,7.195,-2.9559999999999995,,true,6eccd9ec447bf8504c1647855d52227243b55c7d81edae8a55597fea0145a269
vegfa,f2ea52ad138d7cd3590046461ebe52cc1a41ea60908d3fce3cc0261e503b2889,controlled_crossover,96266cb4ae4456cf61195b74432b7ad7d33bed7e12de10765e6693f31a327c9a,donor_parent,f2e1e308912a377c8c7aca6123a1a556c098497f97c20bd99bfe9ccd4c975377,toxinpred3_hybrid_score,numeric,true,same_frozen_numeric_contract,minimize,dimensionless,0.01,0.385,0.375,-0.375,true,6220f117462d54845b2bc105d56de14166e578a2304c77ee8afae7aef6167c5d
vegfa,f2ea52ad138d7cd3590046461ebe52cc1a41ea60908d3fce3cc0261e503b2889,controlled_crossover,96266cb4ae4456cf61195b74432b7ad7d33bed7e12de10765e6693f31a327c9a,donor_parent,f2e1e308912a377c8c7aca6123a1a556c098497f97c20bd99bfe9ccd4c975377,toxinpred3_label,categorical,true,same_frozen_label_contract,audit,label,Non-Toxin,Toxin,,,true,2dfd910e6e5092cb0e1cb9ab0182e7bfebd92fddb0e6ea17656af1640e573100
vegfa,86a75a5192e1e0cda30a1b68d478b1f79dc02716afcf5e57cbd45e4d8f0d8c66,de_novo,e2cf1f4cee0fbfbb7717268805fe8b9e61dca58180c0606897975598dd9f370d,none,,amp_read_log10_mic_um,numeric,false,de_novo_has_no_biological_parent,,,,1.1823661038278972,,,,22bf0ac8f4027cd47cc890e0656b343588b1525c7b0c3405cd176015cd87fc06
vegfa,86a75a5192e1e0cda30a1b68d478b1f79dc02716afcf5e57cbd45e4d8f0d8c66,de_novo,e2cf1f4cee0fbfbb7717268805fe8b9e61dca58180c0606897975598dd9f370d,none,,guruprasad_instability_index,numeric,false,de_novo_has_no_biological_parent,,,,16.552174,,,,c8c39103cec98db2b0c7b95a26dc945ddd2a4752f4c789b8688b1eca2ea2818b
vegfa,86a75a5192e1e0cda30a1b68d478b1f79dc02716afcf5e57cbd45e4d8f0d8c66,de_novo,e2cf1f4cee0fbfbb7717268805fe8b9e61dca58180c0606897975598dd9f370d,none,,hydrophobic_moment_eisenberg,numeric,false,de_novo_has_no_biological_parent,,,,0.12274018846145499,,,,05b4eb4ca69073eb69d76bcdcd67e1d29a8d8797d9b0dfdf9f57b0d2d9ac2d1c
vegfa,86a75a5192e1e0cda30a1b68d478b1f79dc02716afcf5e57cbd45e4d8f0d8c66,de_novo,e2cf1f4cee0fbfbb7717268805fe8b9e61dca58180c0606897975598dd9f370d,none,,hydrophobic_ratio_modlamp,numeric,false,de_novo_has_no_biological_parent,,,,0.17391304347826086,,,,23f5ffb83cb1adf26a4913dd1806d51d44af22a76fb9b9c2cba8d3fcc6171bd1
vegfa,86a75a5192e1e0cda30a1b68d478b1f79dc02716afcf5e57cbd45e4d8f0d8c66,de_novo,e2cf1f4cee0fbfbb7717268805fe8b9e61dca58180c0606897975598dd9f370d,none,,llamp_log10_mic_um,numeric,false,de_novo_has_no_biological_parent,,,,0.9756453037261963,,,,42215b317a6da8d3083fdedc6f39504b4c5ae715786d754d60aa8080c2c3a954
vegfa,86a75a5192e1e0cda30a1b68d478b1f79dc02716afcf5e57cbd45e4d8f0d8c66,de_novo,e2cf1f4cee0fbfbb7717268805fe8b9e61dca58180c0606897975598dd9f370d,none,,macrel_amp_probability,numeric,false,de_novo_has_no_biological_parent,,,,0.307,,,,394a28101a6e4a69d14ef3c842f4935e0facb42d89288e09506894ced0551b41
vegfa,86a75a5192e1e0cda30a1b68d478b1f79dc02716afcf5e57cbd45e4d8f0d8c66,de_novo,e2cf1f4cee0fbfbb7717268805fe8b9e61dca58180c0606897975598dd9f370d,none,,macrel_hemolysis_label,categorical,false,de_novo_has_no_biological_parent,,,,high,,,,b1c2b6de11516cbddb2e888afb724323fdd5e6bb3dcc4bd9467b8755a986c79a
vegfa,86a75a5192e1e0cda30a1b68d478b1f79dc02716afcf5e57cbd45e4d8f0d8c66,de_novo,e2cf1f4cee0fbfbb7717268805fe8b9e61dca58180c0606897975598dd9f370d,none,,macrel_hemolysis_probability,numeric,false,de_novo_has_no_biological_parent,,,,0.703,,,,3ff1cd66be95a51ac8f533a200f263820ad0ab26b258fd545457ecb9ee2ba5b9
vegfa,86a75a5192e1e0cda30a1b68d478b1f79dc02716afcf5e57cbd45e4d8f0d8c66,de_novo,e2cf1f4cee0fbfbb7717268805fe8b9e61dca58180c0606897975598dd9f370d,none,,maximum_hydrophobic_run,numeric,false,de_novo_has_no_biological_parent,,,,1,,,,b913873c3d4c8d2f3c3491bb2f68de733bd7b088ee0edc30f8d8852e63e3d316
vegfa,86a75a5192e1e0cda30a1b68d478b1f79dc02716afcf5e57cbd45e4d8f0d8c66,de_novo,e2cf1f4cee0fbfbb7717268805fe8b9e61dca58180c0606897975598dd9f370d,none,,net_charge_ph7_4,numeric,false,de_novo_has_no_biological_parent,,,,12.982,,,,b5108c5f403d2a2f73c23159c4ecbb7a049ad9a23ffe23604a01f84cc8133280
vegfa,86a75a5192e1e0cda30a1b68d478b1f79dc02716afcf5e57cbd45e4d8f0d8c66,de_novo,e2cf1f4cee0fbfbb7717268805fe8b9e61dca58180c0606897975598dd9f370d,none,,toxinpred3_hybrid_score,numeric,false,de_novo_has_no_biological_parent,,,,0.065,,,,2ac83b584b0099aad5154609ad60fb9ff4eb44ee99bbfe511ad20525d77bc3c0
vegfa,86a75a5192e1e0cda30a1b68d478b1f79dc02716afcf5e57cbd45e4d8f0d8c66,de_novo,e2cf1f4cee0fbfbb7717268805fe8b9e61dca58180c0606897975598dd9f370d,none,,toxinpred3_label,categorical,false,de_novo_has_no_biological_parent,,,,Non-Toxin,,,,2763a756f1e0251a1da6da347c74a494657e963c546ac0f1a9c04e44194bb795
vegfa,2e1d0a1b10ba98ba5f877c5587d3bed1a4871d6830650e5cff9041c6a78d983f,de_novo,eb237035a1afe20acd29eecf678734cdbe961001ff0b18878ac8d0570c688efd,none,,amp_read_log10_mic_um,numeric,false,de_novo_has_no_biological_parent,,,,1.0606947746795565,,,,09582c44bf53bf24b0a653245becd8af2c2a7971398a35f5a9256776b7105ffc
vegfa,2e1d0a1b10ba98ba5f877c5587d3bed1a4871d6830650e5cff9041c6a78d983f,de_novo,eb237035a1afe20acd29eecf678734cdbe961001ff0b18878ac8d0570c688efd,none,,guruprasad_instability_index,numeric,false,de_novo_has_no_biological_parent,,,,45.032000,,,,94602d6ed12167de01f2d562e25176a638a6b55d5852af7c546a729dd3df0524
vegfa,2e1d0a1b10ba98ba5f877c5587d3bed1a4871d6830650e5cff9041c6a78d983f,de_novo,eb237035a1afe20acd29eecf678734cdbe961001ff0b18878ac8d0570c688efd,none,,hydrophobic_moment_eisenberg,numeric,false,de_novo_has_no_biological_parent,,,,0.22063144673951635,,,,62a3d6580d2781d164f13e3089fe3d90b4af2142c26cb2c2252f59b6f9360ca5
vegfa,2e1d0a1b10ba98ba5f877c5587d3bed1a4871d6830650e5cff9041c6a78d983f,de_novo,eb237035a1afe20acd29eecf678734cdbe961001ff0b18878ac8d0570c688efd,none,,hydrophobic_ratio_modlamp,numeric,false,de_novo_has_no_biological_parent,,,,0.2,,,,4e86afb5026a463eb05773cb030b252e572e07da69cda4076d6f46069d20c5b1
vegfa,2e1d0a1b10ba98ba5f877c5587d3bed1a4871d6830650e5cff9041c6a78d983f,de_novo,eb237035a1afe20acd29eecf678734cdbe961001ff0b18878ac8d0570c688efd,none,,llamp_log10_mic_um,numeric,false,de_novo_has_no_biological_parent,,,,0.510850727558136,,,,affa40772e13f03ec488055380821c5a16f772a8771032679e1be96e02b946a2
vegfa,2e1d0a1b10ba98ba5f877c5587d3bed1a4871d6830650e5cff9041c6a78d983f,de_novo,eb237035a1afe20acd29eecf678734cdbe961001ff0b18878ac8d0570c688efd,none,,macrel_amp_probability,numeric,false,de_novo_has_no_biological_parent,,,,0.287,,,,c5afd4d7a1752367aba573c569d5b3a2655974797797dcce404168f657e85e1d
vegfa,2e1d0a1b10ba98ba5f877c5587d3bed1a4871d6830650e5cff9041c6a78d983f,de_novo,eb237035a1afe20acd29eecf678734cdbe961001ff0b18878ac8d0570c688efd,none,,macrel_hemolysis_label,categorical,false,de_novo_has_no_biological_parent,,,,high,,,,19387ec052358957cb697464746719e13c4c6d7e972101949b84084cd1fc38f2
vegfa,2e1d0a1b10ba98ba5f877c5587d3bed1a4871d6830650e5cff9041c6a78d983f,de_novo,eb237035a1afe20acd29eecf678734cdbe961001ff0b18878ac8d0570c688efd,none,,macrel_hemolysis_probability,numeric,false,de_novo_has_no_biological_parent,,,,0.693,,,,db04f65d95d7f48a46efd1a7e8cb12256c33cdb07ed5cdaf5943572ebfe9d66e
vegfa,2e1d0a1b10ba98ba5f877c5587d3bed1a4871d6830650e5cff9041c6a78d983f,de_novo,eb237035a1afe20acd29eecf678734cdbe961001ff0b18878ac8d0570c688efd,none,,maximum_hydrophobic_run,numeric,false,de_novo_has_no_biological_parent,,,,2,,,,d3c22938655f510e1815be927e78d42d90a59e6d6ac44880450fd10d7a2e1729
vegfa,2e1d0a1b10ba98ba5f877c5587d3bed1a4871d6830650e5cff9041c6a78d983f,de_novo,eb237035a1afe20acd29eecf678734cdbe961001ff0b18878ac8d0570c688efd,none,,net_charge_ph7_4,numeric,false,de_novo_has_no_biological_parent,,,,13.067,,,,3917894c974538dbb94dc730ba203fa31315930338bcb2247aaf0262389823b7
vegfa,2e1d0a1b10ba98ba5f877c5587d3bed1a4871d6830650e5cff9041c6a78d983f,de_novo,eb237035a1afe20acd29eecf678734cdbe961001ff0b18878ac8d0570c688efd,none,,toxinpred3_hybrid_score,numeric,false,de_novo_has_no_biological_parent,,,,0.175,,,,9b616e4431fdbfff922113ac3e022f1dd03c5dc1ca76a701f60235fe71e176bf
vegfa,2e1d0a1b10ba98ba5f877c5587d3bed1a4871d6830650e5cff9041c6a78d983f,de_novo,eb237035a1afe20acd29eecf678734cdbe961001ff0b18878ac8d0570c688efd,none,,toxinpred3_label,categorical,false,de_novo_has_no_biological_parent,,,,Non-Toxin,,,,1bdfd020bef0eac0630799ccd7d09a8e18c9823d0f4b7bc5c3f6b7dda602d5a3
vegfa,f977d11000736846fcdd4ee8a1b193fab9ea0aa6b06a7aa105b63f9ae35c0eef,masked_substitution,4e42af413ff7859421c886019a4eac26402ffee97d9966d85b88a45da258cd33,primary_parent,02e6e8a9041d1f5e02ded66ace7f1bf8353933cb460554f7d6d4f7827ee851e3,amp_read_log10_mic_um,numeric,true,same_frozen_numeric_contract,minimize,log10(uM),0.8502392420270765,1.0752059609873998,0.2249667189603234,-0.2249667189603234,true,1fafa9464f1b12300728c7b4823dda4ae3ed4971a2d13c65ca9d204cce0002e2
vegfa,f977d11000736846fcdd4ee8a1b193fab9ea0aa6b06a7aa105b63f9ae35c0eef,masked_substitution,4e42af413ff7859421c886019a4eac26402ffee97d9966d85b88a45da258cd33,primary_parent,02e6e8a9041d1f5e02ded66ace7f1bf8353933cb460554f7d6d4f7827ee851e3,guruprasad_instability_index,numeric,true,same_frozen_numeric_contract,minimize,index,-9.308695652173913,-10.982609,-1.6739133478260868,1.6739133478260868,true,604215beda89b4207024d87ff372e75d130ded8ea6606f333b7f508f05b4d993
vegfa,f977d11000736846fcdd4ee8a1b193fab9ea0aa6b06a7aa105b63f9ae35c0eef,masked_substitution,4e42af413ff7859421c886019a4eac26402ffee97d9966d85b88a45da258cd33,primary_parent,02e6e8a9041d1f5e02ded66ace7f1bf8353933cb460554f7d6d4f7827ee851e3,hydrophobic_moment_eisenberg,numeric,false,audit_metric_has_no_monotonic_improvement_direction,audit,dimensionless,0.14056582796750103,0.12132069254991133,-0.019245135417589695,,true,5cb3ebbfdfb0d0a25e009187f04b8b10ee45989432a0d570876e57586bc2c589
vegfa,f977d11000736846fcdd4ee8a1b193fab9ea0aa6b06a7aa105b63f9ae35c0eef,masked_substitution,4e42af413ff7859421c886019a4eac26402ffee97d9966d85b88a45da258cd33,primary_parent,02e6e8a9041d1f5e02ded66ace7f1bf8353933cb460554f7d6d4f7827ee851e3,hydrophobic_ratio_modlamp,numeric,false,audit_metric_has_no_monotonic_improvement_direction,audit,fraction,0.2608695652173913,0.2608695652173913,0.0,,false,cf91e4e04e3a9dc77db249940e18bd0053dfa22754064a545f1efd97ae5d2a92
vegfa,f977d11000736846fcdd4ee8a1b193fab9ea0aa6b06a7aa105b63f9ae35c0eef,masked_substitution,4e42af413ff7859421c886019a4eac26402ffee97d9966d85b88a45da258cd33,primary_parent,02e6e8a9041d1f5e02ded66ace7f1bf8353933cb460554f7d6d4f7827ee851e3,llamp_log10_mic_um,numeric,true,same_frozen_numeric_contract,minimize,log10(uM),1.3610467910766602,1.4135798215866089,0.05253303050994873,-0.05253303050994873,true,72f1b88783bea6e6d4c9ead41b7b161323919e14a181df2a759bcefc1d1abf7a
vegfa,f977d11000736846fcdd4ee8a1b193fab9ea0aa6b06a7aa105b63f9ae35c0eef,masked_substitution,4e42af413ff7859421c886019a4eac26402ffee97d9966d85b88a45da258cd33,primary_parent,02e6e8a9041d1f5e02ded66ace7f1bf8353933cb460554f7d6d4f7827ee851e3,macrel_amp_probability,numeric,true,same_frozen_numeric_contract,maximize,probability,0.584,0.438,-0.14599999999999996,-0.14599999999999996,true,1b1f8fded697f4caae3ba104cd56e75bf132b65d0a0a5505d078e8a8ee2c1381
vegfa,f977d11000736846fcdd4ee8a1b193fab9ea0aa6b06a7aa105b63f9ae35c0eef,masked_substitution,4e42af413ff7859421c886019a4eac26402ffee97d9966d85b88a45da258cd33,primary_parent,02e6e8a9041d1f5e02ded66ace7f1bf8353933cb460554f7d6d4f7827ee851e3,macrel_hemolysis_label,categorical,true,same_frozen_label_contract,audit,label,low,low,,,false,d860655df2a80e3f3b7cb827af317e484f15256c46e0d293574663ecaa5f593e
vegfa,f977d11000736846fcdd4ee8a1b193fab9ea0aa6b06a7aa105b63f9ae35c0eef,masked_substitution,4e42af413ff7859421c886019a4eac26402ffee97d9966d85b88a45da258cd33,primary_parent,02e6e8a9041d1f5e02ded66ace7f1bf8353933cb460554f7d6d4f7827ee851e3,macrel_hemolysis_probability,numeric,true,same_frozen_numeric_contract,minimize,probability,0.465,0.416,-0.049000000000000044,0.049000000000000044,true,846c0228639ded316eb49d350c55236cc489765492cea34caa59142d1ba386fa
vegfa,f977d11000736846fcdd4ee8a1b193fab9ea0aa6b06a7aa105b63f9ae35c0eef,masked_substitution,4e42af413ff7859421c886019a4eac26402ffee97d9966d85b88a45da258cd33,primary_parent,02e6e8a9041d1f5e02ded66ace7f1bf8353933cb460554f7d6d4f7827ee851e3,maximum_hydrophobic_run,numeric,true,same_frozen_numeric_contract,minimize,residues,2.0,2.0,0.0,-0.0,false,8731c9ae187cfb896aadcb2ad7a253692ff3a9b69847e21a26ce17eed806634e
vegfa,f977d11000736846fcdd4ee8a1b193fab9ea0aa6b06a7aa105b63f9ae35c0eef,masked_substitution,4e42af413ff7859421c886019a4eac26402ffee97d9966d85b88a45da258cd33,primary_parent,02e6e8a9041d1f5e02ded66ace7f1bf8353933cb460554f7d6d4f7827ee851e3,net_charge_ph7_4,numeric,false,audit_metric_has_no_monotonic_improvement_direction,audit,elementary_charge,6.112,6.112,0.0,,false,c1e2e204396931bb2d9d024aac6e09830d0fd7bc3d2474517f889ed34f2c7b82
vegfa,f977d11000736846fcdd4ee8a1b193fab9ea0aa6b06a7aa105b63f9ae35c0eef,masked_substitution,4e42af413ff7859421c886019a4eac26402ffee97d9966d85b88a45da258cd33,primary_parent,02e6e8a9041d1f5e02ded66ace7f1bf8353933cb460554f7d6d4f7827ee851e3,toxinpred3_hybrid_score,numeric,true,same_frozen_numeric_contract,minimize,dimensionless,0.0,0.0,0.0,-0.0,false,6e0b9f928be65cfe7a64e7c262eda40382c08cb10ae11df2c9d4eb30daa7d7bd
vegfa,f977d11000736846fcdd4ee8a1b193fab9ea0aa6b06a7aa105b63f9ae35c0eef,masked_substitution,4e42af413ff7859421c886019a4eac26402ffee97d9966d85b88a45da258cd33,primary_parent,02e6e8a9041d1f5e02ded66ace7f1bf8353933cb460554f7d6d4f7827ee851e3,toxinpred3_label,categorical,true,same_frozen_label_contract,audit,label,Non-Toxin,Non-Toxin,,,false,8146fe392a40ff0f8ce09a8fbc4372817d2d05f3daee93dd052c91323fd32d33
vegfa,5be079e1aa32d675039b101568f6293438e74df4266c1697873a6eb23bab45cb,controlled_crossover,7d5df2ad30766141f420cfe1e8e3f8dc0e0853cece80b8e7721b794d0e82b11f,primary_parent,8824fa1b3276e51e63d9346e0978f8983a6bc7ff8a6646e42e168172113d54bd,amp_read_log10_mic_um,numeric,true,same_frozen_numeric_contract,minimize,log10(uM),0.8977987856942725,1.1660802179027723,0.26828143220849976,-0.26828143220849976,true,58cdb6f111b403231a6da27f20365ea10863239bcd8b09760bf5938f9efe6285
vegfa,5be079e1aa32d675039b101568f6293438e74df4266c1697873a6eb23bab45cb,controlled_crossover,7d5df2ad30766141f420cfe1e8e3f8dc0e0853cece80b8e7721b794d0e82b11f,primary_parent,8824fa1b3276e51e63d9346e0978f8983a6bc7ff8a6646e42e168172113d54bd,guruprasad_instability_index,numeric,true,same_frozen_numeric_contract,minimize,index,-5.6173913043478265,5.930435,11.547826304347826,-11.547826304347826,true,00585550a8a73b13f002b3f746a1b2b3b9d2ea1f96b70bf89946ce1eff164140
vegfa,5be079e1aa32d675039b101568f6293438e74df4266c1697873a6eb23bab45cb,controlled_crossover,7d5df2ad30766141f420cfe1e8e3f8dc0e0853cece80b8e7721b794d0e82b11f,primary_parent,8824fa1b3276e51e63d9346e0978f8983a6bc7ff8a6646e42e168172113d54bd,hydrophobic_moment_eisenberg,numeric,false,audit_metric_has_no_monotonic_improvement_direction,audit,dimensionless,0.21990914154269098,0.1382460405068042,-0.08166310103588678,,true,e846806013c0d98b0ff6e4047afff6f2f9412caf2e3e0ad11c186ae16c7f8e31
vegfa,5be079e1aa32d675039b101568f6293438e74df4266c1697873a6eb23bab45cb,controlled_crossover,7d5df2ad30766141f420cfe1e8e3f8dc0e0853cece80b8e7721b794d0e82b11f,primary_parent,8824fa1b3276e51e63d9346e0978f8983a6bc7ff8a6646e42e168172113d54bd,hydrophobic_ratio_modlamp,numeric,false,audit_metric_has_no_monotonic_improvement_direction,audit,fraction,0.2608695652173913,0.08695652173913043,-0.17391304347826086,,true,5235f0a14ae9249d220e7d7ef67f4cb1eca9e7664b9b4a1090e8dd0ec056ae57
vegfa,5be079e1aa32d675039b101568f6293438e74df4266c1697873a6eb23bab45cb,controlled_crossover,7d5df2ad30766141f420cfe1e8e3f8dc0e0853cece80b8e7721b794d0e82b11f,primary_parent,8824fa1b3276e51e63d9346e0978f8983a6bc7ff8a6646e42e168172113d54bd,llamp_log10_mic_um,numeric,true,same_frozen_numeric_contract,minimize,log10(uM),1.3840069770812988,1.6322075128555298,0.24820053577423096,-0.24820053577423096,true,4462fe2a5c1beb10ef6c131d8b16cc18de4adef9e6e2b66f3fc4965d053473c0
vegfa,5be079e1aa32d675039b101568f6293438e74df4266c1697873a6eb23bab45cb,controlled_crossover,7d5df2ad30766141f420cfe1e8e3f8dc0e0853cece80b8e7721b794d0e82b11f,primary_parent,8824fa1b3276e51e63d9346e0978f8983a6bc7ff8a6646e42e168172113d54bd,macrel_amp_probability,numeric,true,same_frozen_numeric_contract,maximize,probability,0.554,0.337,-0.21700000000000003,-0.21700000000000003,true,52dbf1a99de83ae5edb782b04b6b3a7a559b59d15ffe05322bc94cb78208195e
vegfa,5be079e1aa32d675039b101568f6293438e74df4266c1697873a6eb23bab45cb,controlled_crossover,7d5df2ad30766141f420cfe1e8e3f8dc0e0853cece80b8e7721b794d0e82b11f,primary_parent,8824fa1b3276e51e63d9346e0978f8983a6bc7ff8a6646e42e168172113d54bd,macrel_hemolysis_label,categorical,true,same_frozen_label_contract,audit,label,low,low,,,false,b6d19afdf516066cbd43c1d50c96c10a41a17edaf8ac0a2053e60df3d0f2a613
vegfa,5be079e1aa32d675039b101568f6293438e74df4266c1697873a6eb23bab45cb,controlled_crossover,7d5df2ad30766141f420cfe1e8e3f8dc0e0853cece80b8e7721b794d0e82b11f,primary_parent,8824fa1b3276e51e63d9346e0978f8983a6bc7ff8a6646e42e168172113d54bd,macrel_hemolysis_probability,numeric,true,same_frozen_numeric_contract,minimize,probability,0.495,0.406,-0.08899999999999997,0.08899999999999997,true,53b25ccef81f75bc99791abb67bf9876f1bd4d701fd409aaf678dc4cf18e969b
vegfa,5be079e1aa32d675039b101568f6293438e74df4266c1697873a6eb23bab45cb,controlled_crossover,7d5df2ad30766141f420cfe1e8e3f8dc0e0853cece80b8e7721b794d0e82b11f,primary_parent,8824fa1b3276e51e63d9346e0978f8983a6bc7ff8a6646e42e168172113d54bd,maximum_hydrophobic_run,numeric,true,same_frozen_numeric_contract,minimize,residues,2.0,1.0,-1.0,1.0,true,ea3f5293e6a2ad49143397d65fbae1dcdc8dd0019afac0c4f1e7f81da74a8b82
vegfa,5be079e1aa32d675039b101568f6293438e74df4266c1697873a6eb23bab45cb,controlled_crossover,7d5df2ad30766141f420cfe1e8e3f8dc0e0853cece80b8e7721b794d0e82b11f,primary_parent,8824fa1b3276e51e63d9346e0978f8983a6bc7ff8a6646e42e168172113d54bd,net_charge_ph7_4,numeric,false,audit_metric_has_no_monotonic_improvement_direction,audit,elementary_charge,6.112,8.153,2.0410000000000004,,true,989f37a3488457615cb9ce42a5658bfa89919227926f3b10733d82a894550fe4
vegfa,5be079e1aa32d675039b101568f6293438e74df4266c1697873a6eb23bab45cb,controlled_crossover,7d5df2ad30766141f420cfe1e8e3f8dc0e0853cece80b8e7721b794d0e82b11f,primary_parent,8824fa1b3276e51e63d9346e0978f8983a6bc7ff8a6646e42e168172113d54bd,toxinpred3_hybrid_score,numeric,true,same_frozen_numeric_contract,minimize,dimensionless,0.0,0.37,0.37,-0.37,true,7134804c63e8112528a4ae55f935dc5a6997d295a4926e33c2a03b25d091c914
vegfa,5be079e1aa32d675039b101568f6293438e74df4266c1697873a6eb23bab45cb,controlled_crossover,7d5df2ad30766141f420cfe1e8e3f8dc0e0853cece80b8e7721b794d0e82b11f,primary_parent,8824fa1b3276e51e63d9346e0978f8983a6bc7ff8a6646e42e168172113d54bd,toxinpred3_label,categorical,true,same_frozen_label_contract,audit,label,Non-Toxin,Non-Toxin,,,false,35e8feb559328f99559a66a650968fce7fe8fa70caf6d4ba707320ed38f29181
vegfa,5be079e1aa32d675039b101568f6293438e74df4266c1697873a6eb23bab45cb,controlled_crossover,7d5df2ad30766141f420cfe1e8e3f8dc0e0853cece80b8e7721b794d0e82b11f,donor_parent,f2e1e308912a377c8c7aca6123a1a556c098497f97c20bd99bfe9ccd4c975377,amp_read_log10_mic_um,numeric,true,same_frozen_numeric_contract,minimize,log10(uM),1.0863599077352775,1.1660802179027723,0.07972031016749481,-0.07972031016749481,true,efd054dd0849ee3eef22c836a6450bf387b4ce9c6aca90dc2b0152b85599058a
vegfa,5be079e1aa32d675039b101568f6293438e74df4266c1697873a6eb23bab45cb,controlled_crossover,7d5df2ad30766141f420cfe1e8e3f8dc0e0853cece80b8e7721b794d0e82b11f,donor_parent,f2e1e308912a377c8c7aca6123a1a556c098497f97c20bd99bfe9ccd4c975377,guruprasad_instability_index,numeric,true,same_frozen_numeric_contract,minimize,index,14.769230769230766,5.930435,-8.838795769230767,8.838795769230767,true,a4df839e01e823dc374aa622b326cd25048ac05f1e1add0e930e8199d6c06715
vegfa,5be079e1aa32d675039b101568f6293438e74df4266c1697873a6eb23bab45cb,controlled_crossover,7d5df2ad30766141f420cfe1e8e3f8dc0e0853cece80b8e7721b794d0e82b11f,donor_parent,f2e1e308912a377c8c7aca6123a1a556c098497f97c20bd99bfe9ccd4c975377,hydrophobic_moment_eisenberg,numeric,false,audit_metric_has_no_monotonic_improvement_direction,audit,dimensionless,0.10563857941862062,0.1382460405068042,0.032607461088183576,,true,45324ddb1fc7765d289ee2d2c6d00e5d9c6996b2e6f30e3c159de34ca81bcd40
vegfa,5be079e1aa32d675039b101568f6293438e74df4266c1697873a6eb23bab45cb,controlled_crossover,7d5df2ad30766141f420cfe1e8e3f8dc0e0853cece80b8e7721b794d0e82b11f,donor_parent,f2e1e308912a377c8c7aca6123a1a556c098497f97c20bd99bfe9ccd4c975377,hydrophobic_ratio_modlamp,numeric,false,audit_metric_has_no_monotonic_improvement_direction,audit,fraction,0.07692307692307693,0.08695652173913043,0.010033444816053505,,true,6a852619e937e93a2464044d3a9f7f3affbe013f4e51dc267ce163347ef0bb6a
vegfa,5be079e1aa32d675039b101568f6293438e74df4266c1697873a6eb23bab45cb,controlled_crossover,7d5df2ad30766141f420cfe1e8e3f8dc0e0853cece80b8e7721b794d0e82b11f,donor_parent,f2e1e308912a377c8c7aca6123a1a556c098497f97c20bd99bfe9ccd4c975377,llamp_log10_mic_um,numeric,true,same_frozen_numeric_contract,minimize,log10(uM),1.0173412561416626,1.6322075128555298,0.6148662567138672,-0.6148662567138672,true,08a5b55a2357385781bdc774178405d72758ce5acdb732dee19b2661c4b340bc
vegfa,5be079e1aa32d675039b101568f6293438e74df4266c1697873a6eb23bab45cb,controlled_crossover,7d5df2ad30766141f420cfe1e8e3f8dc0e0853cece80b8e7721b794d0e82b11f,donor_parent,f2e1e308912a377c8c7aca6123a1a556c098497f97c20bd99bfe9ccd4c975377,macrel_amp_probability,numeric,true,same_frozen_numeric_contract,maximize,probability,0.515,0.337,-0.178,-0.178,true,810bdc3b122c8f3f8e8724370947ebac5c67af7d9e1b5572a0ba400747903954
vegfa,5be079e1aa32d675039b101568f6293438e74df4266c1697873a6eb23bab45cb,controlled_crossover,7d5df2ad30766141f420cfe1e8e3f8dc0e0853cece80b8e7721b794d0e82b11f,donor_parent,f2e1e308912a377c8c7aca6123a1a556c098497f97c20bd99bfe9ccd4c975377,macrel_hemolysis_label,categorical,true,same_frozen_label_contract,audit,label,low,low,,,false,73389d2721aada1ed23051134af7d34fe039cb2597aedcb03c159d4602e25155
vegfa,5be079e1aa32d675039b101568f6293438e74df4266c1697873a6eb23bab45cb,controlled_crossover,7d5df2ad30766141f420cfe1e8e3f8dc0e0853cece80b8e7721b794d0e82b11f,donor_parent,f2e1e308912a377c8c7aca6123a1a556c098497f97c20bd99bfe9ccd4c975377,macrel_hemolysis_probability,numeric,true,same_frozen_numeric_contract,minimize,probability,0.465,0.406,-0.059,0.059,true,733e7d6a8c24aea5d489158fc72f305b2f78c6b85c7e1fa469623848c80deb1e
vegfa,5be079e1aa32d675039b101568f6293438e74df4266c1697873a6eb23bab45cb,controlled_crossover,7d5df2ad30766141f420cfe1e8e3f8dc0e0853cece80b8e7721b794d0e82b11f,donor_parent,f2e1e308912a377c8c7aca6123a1a556c098497f97c20bd99bfe9ccd4c975377,maximum_hydrophobic_run,numeric,true,same_frozen_numeric_contract,minimize,residues,2.0,1.0,-1.0,1.0,true,fb94c1b88f6cb87590fe8d8e80bc19e82a7be517dccbe13b9c910bc9dc258fa1
vegfa,5be079e1aa32d675039b101568f6293438e74df4266c1697873a6eb23bab45cb,controlled_crossover,7d5df2ad30766141f420cfe1e8e3f8dc0e0853cece80b8e7721b794d0e82b11f,donor_parent,f2e1e308912a377c8c7aca6123a1a556c098497f97c20bd99bfe9ccd4c975377,net_charge_ph7_4,numeric,false,audit_metric_has_no_monotonic_improvement_direction,audit,elementary_charge,10.151,8.153,-1.9979999999999993,,true,67097c1d3ec27d5fbed71e713933d867dd385ea86445bd34edf2cc84552bbe44
vegfa,5be079e1aa32d675039b101568f6293438e74df4266c1697873a6eb23bab45cb,controlled_crossover,7d5df2ad30766141f420cfe1e8e3f8dc0e0853cece80b8e7721b794d0e82b11f,donor_parent,f2e1e308912a377c8c7aca6123a1a556c098497f97c20bd99bfe9ccd4c975377,toxinpred3_hybrid_score,numeric,true,same_frozen_numeric_contract,minimize,dimensionless,0.01,0.37,0.36,-0.36,true,2f1e8db392c026ba09194d84734e1c7af4e3953663e8548b691f84988428f360
vegfa,5be079e1aa32d675039b101568f6293438e74df4266c1697873a6eb23bab45cb,controlled_crossover,7d5df2ad30766141f420cfe1e8e3f8dc0e0853cece80b8e7721b794d0e82b11f,donor_parent,f2e1e308912a377c8c7aca6123a1a556c098497f97c20bd99bfe9ccd4c975377,toxinpred3_label,categorical,true,same_frozen_label_contract,audit,label,Non-Toxin,Non-Toxin,,,false,bfae3796b45c5bce4b04ced08df10cad47f5806967454912ffdff41c16e3d3f7
vegfa,5f6592ae02e14152dd71f6c63ff65deb0acb71d4e80531b17404626c74fdd237,de_novo,e770f5c3b0dece57bda3eca576762444bf8f9230bdb5c4811a7b034f45145b16,none,,amp_read_log10_mic_um,numeric,false,de_novo_has_no_biological_parent,,,,0.9232248467437434,,,,21091af9fffa44b914a2195ccc673a894cbe27f427a51d439bfd521e2c4dd710
vegfa,5f6592ae02e14152dd71f6c63ff65deb0acb71d4e80531b17404626c74fdd237,de_novo,e770f5c3b0dece57bda3eca576762444bf8f9230bdb5c4811a7b034f45145b16,none,,guruprasad_instability_index,numeric,false,de_novo_has_no_biological_parent,,,,42.285000,,,,c2014b63b7a432814c21d08d7a79286731ee92dc752de5167a8751124f5d9ada
vegfa,5f6592ae02e14152dd71f6c63ff65deb0acb71d4e80531b17404626c74fdd237,de_novo,e770f5c3b0dece57bda3eca576762444bf8f9230bdb5c4811a7b034f45145b16,none,,hydrophobic_moment_eisenberg,numeric,false,de_novo_has_no_biological_parent,,,,0.34142666336603184,,,,af6b5c8d83e6a49db89320eb3be4432ef2e6f49c778a8289898a89bf8067a950
vegfa,5f6592ae02e14152dd71f6c63ff65deb0acb71d4e80531b17404626c74fdd237,de_novo,e770f5c3b0dece57bda3eca576762444bf8f9230bdb5c4811a7b034f45145b16,none,,hydrophobic_ratio_modlamp,numeric,false,de_novo_has_no_biological_parent,,,,0.15,,,,4e537849e9aa920646123d7ac8186c41a8ab175b84b50026b29218e4e211a683
vegfa,5f6592ae02e14152dd71f6c63ff65deb0acb71d4e80531b17404626c74fdd237,de_novo,e770f5c3b0dece57bda3eca576762444bf8f9230bdb5c4811a7b034f45145b16,none,,llamp_log10_mic_um,numeric,false,de_novo_has_no_biological_parent,,,,1.3602265119552612,,,,538bb74601aab0d5de7cf9c6b67ddb3dc3fb52605f92f0bfc3e496bce33a07d8
vegfa,5f6592ae02e14152dd71f6c63ff65deb0acb71d4e80531b17404626c74fdd237,de_novo,e770f5c3b0dece57bda3eca576762444bf8f9230bdb5c4811a7b034f45145b16,none,,macrel_amp_probability,numeric,false,de_novo_has_no_biological_parent,,,,0.293,,,,b0a285727b3de2c596a79d9216ad3af2b89d123cedb0ed0e5dfb8f7276b98d28
vegfa,5f6592ae02e14152dd71f6c63ff65deb0acb71d4e80531b17404626c74fdd237,de_novo,e770f5c3b0dece57bda3eca576762444bf8f9230bdb5c4811a7b034f45145b16,none,,macrel_hemolysis_label,categorical,false,de_novo_has_no_biological_parent,,,,high,,,,541e428531ae28cee8d50ffffd091ac862bcc5534217eb769c4c2aecde66070f
vegfa,5f6592ae02e14152dd71f6c63ff65deb0acb71d4e80531b17404626c74fdd237,de_novo,e770f5c3b0dece57bda3eca576762444bf8f9230bdb5c4811a7b034f45145b16,none,,macrel_hemolysis_probability,numeric,false,de_novo_has_no_biological_parent,,,,0.574,,,,5b6592839b7edc5819ee99592010b796e875a1e2f6b46bcdc7faf69a80a6eab9
vegfa,5f6592ae02e14152dd71f6c63ff65deb0acb71d4e80531b17404626c74fdd237,de_novo,e770f5c3b0dece57bda3eca576762444bf8f9230bdb5c4811a7b034f45145b16,none,,maximum_hydrophobic_run,numeric,false,de_novo_has_no_biological_parent,,,,1,,,,6af7154d477a1051245448f14aef81e874177888d6f9a992a4ef16a8ea0805d3
vegfa,5f6592ae02e14152dd71f6c63ff65deb0acb71d4e80531b17404626c74fdd237,de_novo,e770f5c3b0dece57bda3eca576762444bf8f9230bdb5c4811a7b034f45145b16,none,,net_charge_ph7_4,numeric,false,de_novo_has_no_biological_parent,,,,8.071,,,,d512d8e088e46b060a8ed6f8be8c18973a50ee611512326934f29085cf74ce8b
vegfa,5f6592ae02e14152dd71f6c63ff65deb0acb71d4e80531b17404626c74fdd237,de_novo,e770f5c3b0dece57bda3eca576762444bf8f9230bdb5c4811a7b034f45145b16,none,,toxinpred3_hybrid_score,numeric,false,de_novo_has_no_biological_parent,,,,0.435,,,,e1831395f0cdb142ee2b575f3045ca4fda901bf2c15e13ec48cd77fea4b99480
vegfa,5f6592ae02e14152dd71f6c63ff65deb0acb71d4e80531b17404626c74fdd237,de_novo,e770f5c3b0dece57bda3eca576762444bf8f9230bdb5c4811a7b034f45145b16,none,,toxinpred3_label,categorical,false,de_novo_has_no_biological_parent,,,,Toxin,,,,da5a8061437c2ba497779e4d7b617373c3ce60ceff357177da2205fc73789b5b
vegfa,2cd074cd66170d91036e6f6f00fdf08c9bc2e1d8cf8c2b072cb541b7a1958f4a,de_novo,514466d5781d7ebfe99f1b222225f119213325f5e2c803b75771752428c3a29f,none,,amp_read_log10_mic_um,numeric,false,de_novo_has_no_biological_parent,,,,1.2805832821016634,,,,8ffdddd5271f69a1219ba9a6793b9cca67d7e36b6a2e40712a4eaae89f2dbebf
vegfa,2cd074cd66170d91036e6f6f00fdf08c9bc2e1d8cf8c2b072cb541b7a1958f4a,de_novo,514466d5781d7ebfe99f1b222225f119213325f5e2c803b75771752428c3a29f,none,,guruprasad_instability_index,numeric,false,de_novo_has_no_biological_parent,,,,-28.204545,,,,794ddbe765bd7ee4b2211f6a6b35e3e9f4db35c65a2b2365482cbad511e6cbae
vegfa,2cd074cd66170d91036e6f6f00fdf08c9bc2e1d8cf8c2b072cb541b7a1958f4a,de_novo,514466d5781d7ebfe99f1b222225f119213325f5e2c803b75771752428c3a29f,none,,hydrophobic_moment_eisenberg,numeric,false,de_novo_has_no_biological_parent,,,,0.108059948870164,,,,b26a6c8363ace6b13d748ac02f46aa1167a3fceebd6314674993f2bf7afee762
vegfa,2cd074cd66170d91036e6f6f00fdf08c9bc2e1d8cf8c2b072cb541b7a1958f4a,de_novo,514466d5781d7ebfe99f1b222225f119213325f5e2c803b75771752428c3a29f,none,,hydrophobic_ratio_modlamp,numeric,false,de_novo_has_no_biological_parent,,,,0.18181818181818182,,,,91b2a4278978a415d357d2c73de294315ae8495ca226b2465401c8c0c3257731
vegfa,2cd074cd66170d91036e6f6f00fdf08c9bc2e1d8cf8c2b072cb541b7a1958f4a,de_novo,514466d5781d7ebfe99f1b222225f119213325f5e2c803b75771752428c3a29f,none,,llamp_log10_mic_um,numeric,false,de_novo_has_no_biological_parent,,,,1.624927282333374,,,,de168bdfa8e359481dbdfe195ef21730d2fffa4dbd70116ff6d2e8b96a9fa2ab
vegfa,2cd074cd66170d91036e6f6f00fdf08c9bc2e1d8cf8c2b072cb541b7a1958f4a,de_novo,514466d5781d7ebfe99f1b222225f119213325f5e2c803b75771752428c3a29f,none,,macrel_amp_probability,numeric,false,de_novo_has_no_biological_parent,,,,0.406,,,,c0cc3b9c3f402b5499d12f7ffcf33de68157e0d99f0f6f481696e30ecb9910f2
vegfa,2cd074cd66170d91036e6f6f00fdf08c9bc2e1d8cf8c2b072cb541b7a1958f4a,de_novo,514466d5781d7ebfe99f1b222225f119213325f5e2c803b75771752428c3a29f,none,,macrel_hemolysis_label,categorical,false,de_novo_has_no_biological_parent,,,,high,,,,5f641390713c97c7e4a7130b5d2fa4eb8722c41a7d75f8ef6d7555110e0caebf
vegfa,2cd074cd66170d91036e6f6f00fdf08c9bc2e1d8cf8c2b072cb541b7a1958f4a,de_novo,514466d5781d7ebfe99f1b222225f119213325f5e2c803b75771752428c3a29f,none,,macrel_hemolysis_probability,numeric,false,de_novo_has_no_biological_parent,,,,0.644,,,,d2cec1e25f2d16f2de18d79ca29e28f7bac7350a281050b72a5f78b8c0042631
vegfa,2cd074cd66170d91036e6f6f00fdf08c9bc2e1d8cf8c2b072cb541b7a1958f4a,de_novo,514466d5781d7ebfe99f1b222225f119213325f5e2c803b75771752428c3a29f,none,,maximum_hydrophobic_run,numeric,false,de_novo_has_no_biological_parent,,,,2,,,,2bf8141d18c51a9b98dca83f275b7570f55ac3d16bd6370e856feed21663fe54
vegfa,2cd074cd66170d91036e6f6f00fdf08c9bc2e1d8cf8c2b072cb541b7a1958f4a,de_novo,514466d5781d7ebfe99f1b222225f119213325f5e2c803b75771752428c3a29f,none,,net_charge_ph7_4,numeric,false,de_novo_has_no_biological_parent,,,,8.111,,,,cfb575d351d4caeb634fd1304c09bfa8e0c80d0a4757448265431117772549ab
vegfa,2cd074cd66170d91036e6f6f00fdf08c9bc2e1d8cf8c2b072cb541b7a1958f4a,de_novo,514466d5781d7ebfe99f1b222225f119213325f5e2c803b75771752428c3a29f,none,,toxinpred3_hybrid_score,numeric,false,de_novo_has_no_biological_parent,,,,0.175,,,,a1c84f5adfbc9697c82e1d152acb693a48797ed795743c2b4213e6ba8ac40dcc
vegfa,2cd074cd66170d91036e6f6f00fdf08c9bc2e1d8cf8c2b072cb541b7a1958f4a,de_novo,514466d5781d7ebfe99f1b222225f119213325f5e2c803b75771752428c3a29f,none,,toxinpred3_label,categorical,false,de_novo_has_no_biological_parent,,,,Non-Toxin,,,,806ee8fb22dfbc616adb7ee2085c4f3ee7edb76f988f5e43c77708fe92102004
vegfa,5ea320af741d819bad875968497fd46858a6e73d7ccdbc63256f02f88ed3e1c8,masked_substitution,231dffef06c9d7158abda88f3fb11ae036505103c251f815f908ed89806dbc43,primary_parent,02e6e8a9041d1f5e02ded66ace7f1bf8353933cb460554f7d6d4f7827ee851e3,amp_read_log10_mic_um,numeric,true,same_frozen_numeric_contract,minimize,log10(uM),0.8502392420270765,0.785543014292944,-0.06469622773413242,0.06469622773413242,true,793b8da231a2185185929c2190b9a63b8ec0cc6d6d4cc2243b529bdbbc9e0b44
vegfa,5ea320af741d819bad875968497fd46858a6e73d7ccdbc63256f02f88ed3e1c8,masked_substitution,231dffef06c9d7158abda88f3fb11ae036505103c251f815f908ed89806dbc43,primary_parent,02e6e8a9041d1f5e02ded66ace7f1bf8353933cb460554f7d6d4f7827ee851e3,guruprasad_instability_index,numeric,true,same_frozen_numeric_contract,minimize,index,-9.308695652173913,-10.982609,-1.6739133478260868,1.6739133478260868,true,c292969c8b7bcecfe223978585826a36519ce420c5609a327fd2971605105c09
vegfa,5ea320af741d819bad875968497fd46858a6e73d7ccdbc63256f02f88ed3e1c8,masked_substitution,231dffef06c9d7158abda88f3fb11ae036505103c251f815f908ed89806dbc43,primary_parent,02e6e8a9041d1f5e02ded66ace7f1bf8353933cb460554f7d6d4f7827ee851e3,hydrophobic_moment_eisenberg,numeric,false,audit_metric_has_no_monotonic_improvement_direction,audit,dimensionless,0.14056582796750103,0.12847480205041958,-0.012091025917081444,,true,e58a2f8462317037b9a289e38c2a7fef11c69ca95046a8ee41074718c4975bbd
vegfa,5ea320af741d819bad875968497fd46858a6e73d7ccdbc63256f02f88ed3e1c8,masked_substitution,231dffef06c9d7158abda88f3fb11ae036505103c251f815f908ed89806dbc43,primary_parent,02e6e8a9041d1f5e02ded66ace7f1bf8353933cb460554f7d6d4f7827ee851e3,hydrophobic_ratio_modlamp,numeric,false,audit_metric_has_no_monotonic_improvement_direction,audit,fraction,0.2608695652173913,0.2608695652173913,0.0,,false,b9807f2b1347f21178b2bc8f69e242f4247abcd70e5ef44cf8ee19fdc7e93beb
vegfa,5ea320af741d819bad875968497fd46858a6e73d7ccdbc63256f02f88ed3e1c8,masked_substitution,231dffef06c9d7158abda88f3fb11ae036505103c251f815f908ed89806dbc43,primary_parent,02e6e8a9041d1f5e02ded66ace7f1bf8353933cb460554f7d6d4f7827ee851e3,llamp_log10_mic_um,numeric,true,same_frozen_numeric_contract,minimize,log10(uM),1.3610467910766602,1.6000460386276245,0.23899924755096436,-0.23899924755096436,true,b0232c70e99a0fb32273e26c27ebac6f2d1129c6c77c9ca0447082c6e3a7703b
vegfa,5ea320af741d819bad875968497fd46858a6e73d7ccdbc63256f02f88ed3e1c8,masked_substitution,231dffef06c9d7158abda88f3fb11ae036505103c251f815f908ed89806dbc43,primary_parent,02e6e8a9041d1f5e02ded66ace7f1bf8353933cb460554f7d6d4f7827ee851e3,macrel_amp_probability,numeric,true,same_frozen_numeric_contract,maximize,probability,0.584,0.491,-0.09299999999999997,-0.09299999999999997,true,8cea974e067d281d355a7efc51dd3aa4179eb02f6d7857dd382fd7a1a833115c
vegfa,5ea320af741d819bad875968497fd46858a6e73d7ccdbc63256f02f88ed3e1c8,masked_substitution,231dffef06c9d7158abda88f3fb11ae036505103c251f815f908ed89806dbc43,primary_parent,02e6e8a9041d1f5e02ded66ace7f1bf8353933cb460554f7d6d4f7827ee851e3,macrel_hemolysis_label,categorical,true,same_frozen_label_contract,audit,label,low,low,,,false,c4a333f69750de3115484dd24e3195a74b95dfca87af9933c5e0fc096cdb22b5
vegfa,5ea320af741d819bad875968497fd46858a6e73d7ccdbc63256f02f88ed3e1c8,masked_substitution,231dffef06c9d7158abda88f3fb11ae036505103c251f815f908ed89806dbc43,primary_parent,02e6e8a9041d1f5e02ded66ace7f1bf8353933cb460554f7d6d4f7827ee851e3,macrel_hemolysis_probability,numeric,true,same_frozen_numeric_contract,minimize,probability,0.465,0.446,-0.019000000000000017,0.019000000000000017,true,14d350625f450b08a738fd98b67a610d4727fe27c6c626f73d68f8d060f40812
vegfa,5ea320af741d819bad875968497fd46858a6e73d7ccdbc63256f02f88ed3e1c8,masked_substitution,231dffef06c9d7158abda88f3fb11ae036505103c251f815f908ed89806dbc43,primary_parent,02e6e8a9041d1f5e02ded66ace7f1bf8353933cb460554f7d6d4f7827ee851e3,maximum_hydrophobic_run,numeric,true,same_frozen_numeric_contract,minimize,residues,2.0,2.0,0.0,-0.0,false,95673b60e4ab30cb73b9fdeed72acec30f9ed6766d12ed3914c3d7bf93f569a7
vegfa,5ea320af741d819bad875968497fd46858a6e73d7ccdbc63256f02f88ed3e1c8,masked_substitution,231dffef06c9d7158abda88f3fb11ae036505103c251f815f908ed89806dbc43,primary_parent,02e6e8a9041d1f5e02ded66ace7f1bf8353933cb460554f7d6d4f7827ee851e3,net_charge_ph7_4,numeric,false,audit_metric_has_no_monotonic_improvement_direction,audit,elementary_charge,6.112,7.112,1.0,,true,11f611e354da34e76b2464b746639c18ee9e68fd4b0b96f9e848054596b73a3f
vegfa,5ea320af741d819bad875968497fd46858a6e73d7ccdbc63256f02f88ed3e1c8,masked_substitution,231dffef06c9d7158abda88f3fb11ae036505103c251f815f908ed89806dbc43,primary_parent,02e6e8a9041d1f5e02ded66ace7f1bf8353933cb460554f7d6d4f7827ee851e3,toxinpred3_hybrid_score,numeric,true,same_frozen_numeric_contract,minimize,dimensionless,0.0,0.0,0.0,-0.0,false,47cbfb0f0000aff59b18d5dedf118b5276a73f4b1bb70a77148a4228422d28be
vegfa,5ea320af741d819bad875968497fd46858a6e73d7ccdbc63256f02f88ed3e1c8,masked_substitution,231dffef06c9d7158abda88f3fb11ae036505103c251f815f908ed89806dbc43,primary_parent,02e6e8a9041d1f5e02ded66ace7f1bf8353933cb460554f7d6d4f7827ee851e3,toxinpred3_label,categorical,true,same_frozen_label_contract,audit,label,Non-Toxin,Non-Toxin,,,false,10f6d9df455afa3e755718b81cd5915f82785ce4b38a007d5f470ea03b4242aa
vegfa,980877162e1dea9346bbdf19de32781a0455df3de2a8b419614d630d16a682b1,controlled_crossover,a4171634617468cd722bf888572deb09d0ed6b836832ec82cfb0c9d1146911c8,primary_parent,b83870d30979628ddbe5cad16c34f98486e1d4b954ceb8601b2805bebad7b4a2,amp_read_log10_mic_um,numeric,true,same_frozen_numeric_contract,minimize,log10(uM),0.9338330877644926,1.0797636508489525,0.14593056308445995,-0.14593056308445995,true,252469fec5ea65d8b86a7f5100372abe014ee8aba1d6a488932b328ca181942b
vegfa,980877162e1dea9346bbdf19de32781a0455df3de2a8b419614d630d16a682b1,controlled_crossover,a4171634617468cd722bf888572deb09d0ed6b836832ec82cfb0c9d1146911c8,primary_parent,b83870d30979628ddbe5cad16c34f98486e1d4b954ceb8601b2805bebad7b4a2,guruprasad_instability_index,numeric,true,same_frozen_numeric_contract,minimize,index,-5.6173913043478265,5.930435,11.547826304347826,-11.547826304347826,true,13508f5bb5bf222742f1c271b89d1fd707cc242046b473288c7f2becc899cc67
vegfa,980877162e1dea9346bbdf19de32781a0455df3de2a8b419614d630d16a682b1,controlled_crossover,a4171634617468cd722bf888572deb09d0ed6b836832ec82cfb0c9d1146911c8,primary_parent,b83870d30979628ddbe5cad16c34f98486e1d4b954ceb8601b2805bebad7b4a2,hydrophobic_moment_eisenberg,numeric,false,audit_metric_has_no_monotonic_improvement_direction,audit,dimensionless,0.1821248502999208,0.08400642290732084,-0.09811842739259995,,true,566f8ce047e1bdd862418240588853e615382042c2886beb35ca493aff07fa22
vegfa,980877162e1dea9346bbdf19de32781a0455df3de2a8b419614d630d16a682b1,controlled_crossover,a4171634617468cd722bf888572deb09d0ed6b836832ec82cfb0c9d1146911c8,primary_parent,b83870d30979628ddbe5cad16c34f98486e1d4b954ceb8601b2805bebad7b4a2,hydrophobic_ratio_modlamp,numeric,false,audit_metric_has_no_monotonic_improvement_direction,audit,fraction,0.21739130434782608,0.08695652173913043,-0.13043478260869565,,true,fd53211ca5454f965d759be48ca3cdaad139c2c0a6315ac40fde887d3eed170a
vegfa,980877162e1dea9346bbdf19de32781a0455df3de2a8b419614d630d16a682b1,controlled_crossover,a4171634617468cd722bf888572deb09d0ed6b836832ec82cfb0c9d1146911c8,primary_parent,b83870d30979628ddbe5cad16c34f98486e1d4b954ceb8601b2805bebad7b4a2,llamp_log10_mic_um,numeric,true,same_frozen_numeric_contract,minimize,log10(uM),1.4252794981002808,1.6003737449645996,0.17509424686431885,-0.17509424686431885,true,c6aae1d73206b87b1d93b66dd448330bd73029a5b21fcae3fa2e297031fc53a4
vegfa,980877162e1dea9346bbdf19de32781a0455df3de2a8b419614d630d16a682b1,controlled_crossover,a4171634617468cd722bf888572deb09d0ed6b836832ec82cfb0c9d1146911c8,primary_parent,b83870d30979628ddbe5cad16c34f98486e1d4b954ceb8601b2805bebad7b4a2,macrel_amp_probability,numeric,true,same_frozen_numeric_contract,maximize,probability,0.511,0.356,-0.15500000000000003,-0.15500000000000003,true,0816d3bdf4dad1503bfe9e290e375b6d143dcba96ee8eec9f12b0660edb40860
vegfa,980877162e1dea9346bbdf19de32781a0455df3de2a8b419614d630d16a682b1,controlled_crossover,a4171634617468cd722bf888572deb09d0ed6b836832ec82cfb0c9d1146911c8,primary_parent,b83870d30979628ddbe5cad16c34f98486e1d4b954ceb8601b2805bebad7b4a2,macrel_hemolysis_label,categorical,true,same_frozen_label_contract,audit,label,low,low,,,false,98476cdd0f54149cc427fd5d1daf17fef1189dc7f30c828c9de9e74918c73174
vegfa,980877162e1dea9346bbdf19de32781a0455df3de2a8b419614d630d16a682b1,controlled_crossover,a4171634617468cd722bf888572deb09d0ed6b836832ec82cfb0c9d1146911c8,primary_parent,b83870d30979628ddbe5cad16c34f98486e1d4b954ceb8601b2805bebad7b4a2,macrel_hemolysis_probability,numeric,true,same_frozen_numeric_contract,minimize,probability,0.436,0.327,-0.10899999999999999,0.10899999999999999,true,e672c9d1eb7ee07556d0e7b4096c29126b0acbe9b66a5556af9b2b5bd709cb9b
vegfa,980877162e1dea9346bbdf19de32781a0455df3de2a8b419614d630d16a682b1,controlled_crossover,a4171634617468cd722bf888572deb09d0ed6b836832ec82cfb0c9d1146911c8,primary_parent,b83870d30979628ddbe5cad16c34f98486e1d4b954ceb8601b2805bebad7b4a2,maximum_hydrophobic_run,numeric,true,same_frozen_numeric_contract,minimize,residues,2.0,1.0,-1.0,1.0,true,b0f2f2d97ec5c202cc28b883b1c2e33e61c7011c4625531e5f9e815940ae9666
vegfa,980877162e1dea9346bbdf19de32781a0455df3de2a8b419614d630d16a682b1,controlled_crossover,a4171634617468cd722bf888572deb09d0ed6b836832ec82cfb0c9d1146911c8,primary_parent,b83870d30979628ddbe5cad16c34f98486e1d4b954ceb8601b2805bebad7b4a2,net_charge_ph7_4,numeric,false,audit_metric_has_no_monotonic_improvement_direction,audit,elementary_charge,6.154,7.195,1.0410000000000004,,true,162124e65a7320eb42c1b624d199029dbeccecab2b834972c2777cf8d8ba692e
vegfa,980877162e1dea9346bbdf19de32781a0455df3de2a8b419614d630d16a682b1,controlled_crossover,a4171634617468cd722bf888572deb09d0ed6b836832ec82cfb0c9d1146911c8,primary_parent,b83870d30979628ddbe5cad16c34f98486e1d4b954ceb8601b2805bebad7b4a2,toxinpred3_hybrid_score,numeric,true,same_frozen_numeric_contract,minimize,dimensionless,0.0,0.355,0.355,-0.355,true,6aa84c2883340299093b99db79976ff398109efd8a2db16fe79d76ffe60c263a
vegfa,980877162e1dea9346bbdf19de32781a0455df3de2a8b419614d630d16a682b1,controlled_crossover,a4171634617468cd722bf888572deb09d0ed6b836832ec82cfb0c9d1146911c8,primary_parent,b83870d30979628ddbe5cad16c34f98486e1d4b954ceb8601b2805bebad7b4a2,toxinpred3_label,categorical,true,same_frozen_label_contract,audit,label,Non-Toxin,Non-Toxin,,,false,8c50ceb0a5f60325d27ccadfcaff1f979adbe986ddf7c1793f84921872ac912d
vegfa,980877162e1dea9346bbdf19de32781a0455df3de2a8b419614d630d16a682b1,controlled_crossover,a4171634617468cd722bf888572deb09d0ed6b836832ec82cfb0c9d1146911c8,donor_parent,f2e1e308912a377c8c7aca6123a1a556c098497f97c20bd99bfe9ccd4c975377,amp_read_log10_mic_um,numeric,true,same_frozen_numeric_contract,minimize,log10(uM),1.0863599077352775,1.0797636508489525,-0.006596256886324925,0.006596256886324925,true,60c0fd0fc4819d719efaefd2aa892832a790553c2427d4e8eb31f5ccd4048ab1
vegfa,980877162e1dea9346bbdf19de32781a0455df3de2a8b419614d630d16a682b1,controlled_crossover,a4171634617468cd722bf888572deb09d0ed6b836832ec82cfb0c9d1146911c8,donor_parent,f2e1e308912a377c8c7aca6123a1a556c098497f97c20bd99bfe9ccd4c975377,guruprasad_instability_index,numeric,true,same_frozen_numeric_contract,minimize,index,14.769230769230766,5.930435,-8.838795769230767,8.838795769230767,true,92607e9400c763ff57fd76c4340047f459d60445650f44384d5f71280c742d5e
vegfa,980877162e1dea9346bbdf19de32781a0455df3de2a8b419614d630d16a682b1,controlled_crossover,a4171634617468cd722bf888572deb09d0ed6b836832ec82cfb0c9d1146911c8,donor_parent,f2e1e308912a377c8c7aca6123a1a556c098497f97c20bd99bfe9ccd4c975377,hydrophobic_moment_eisenberg,numeric,false,audit_metric_has_no_monotonic_improvement_direction,audit,dimensionless,0.10563857941862062,0.08400642290732084,-0.02163215651129978,,true,b39804bae73619a421b338a86ac350abf0eab7123ed5aec9cbf22089f19f6c55
vegfa,980877162e1dea9346bbdf19de32781a0455df3de2a8b419614d630d16a682b1,controlled_crossover,a4171634617468cd722bf888572deb09d0ed6b836832ec82cfb0c9d1146911c8,donor_parent,f2e1e308912a377c8c7aca6123a1a556c098497f97c20bd99bfe9ccd4c975377,hydrophobic_ratio_modlamp,numeric,false,audit_metric_has_no_monotonic_improvement_direction,audit,fraction,0.07692307692307693,0.08695652173913043,0.010033444816053505,,true,1a638b81b13f2c7c50e5fc0d490fd82ad7242f68d5ffad292e3dbce795f9332d
vegfa,980877162e1dea9346bbdf19de32781a0455df3de2a8b419614d630d16a682b1,controlled_crossover,a4171634617468cd722bf888572deb09d0ed6b836832ec82cfb0c9d1146911c8,donor_parent,f2e1e308912a377c8c7aca6123a1a556c098497f97c20bd99bfe9ccd4c975377,llamp_log10_mic_um,numeric,true,same_frozen_numeric_contract,minimize,log10(uM),1.0173412561416626,1.6003737449645996,0.583032488822937,-0.583032488822937,true,e2d8208891e2ce036d3edb66109faad66822b6c8a7d438385bbf8cbcdcc6348d
vegfa,980877162e1dea9346bbdf19de32781a0455df3de2a8b419614d630d16a682b1,controlled_crossover,a4171634617468cd722bf888572deb09d0ed6b836832ec82cfb0c9d1146911c8,donor_parent,f2e1e308912a377c8c7aca6123a1a556c098497f97c20bd99bfe9ccd4c975377,macrel_amp_probability,numeric,true,same_frozen_numeric_contract,maximize,probability,0.515,0.356,-0.15900000000000003,-0.15900000000000003,true,3e2d4a774bb7fdf90a24fb8ad9bc6b15f6ff94e3b3b10dae7d1faee693f4f307
vegfa,980877162e1dea9346bbdf19de32781a0455df3de2a8b419614d630d16a682b1,controlled_crossover,a4171634617468cd722bf888572deb09d0ed6b836832ec82cfb0c9d1146911c8,donor_parent,f2e1e308912a377c8c7aca6123a1a556c098497f97c20bd99bfe9ccd4c975377,macrel_hemolysis_label,categorical,true,same_frozen_label_contract,audit,label,low,low,,,false,fefb1a29fabc6256c7e7d9ade40ae305df232cccd0ff097acaf277b33c6646bf
vegfa,980877162e1dea9346bbdf19de32781a0455df3de2a8b419614d630d16a682b1,controlled_crossover,a4171634617468cd722bf888572deb09d0ed6b836832ec82cfb0c9d1146911c8,donor_parent,f2e1e308912a377c8c7aca6123a1a556c098497f97c20bd99bfe9ccd4c975377,macrel_hemolysis_probability,numeric,true,same_frozen_numeric_contract,minimize,probability,0.465,0.327,-0.138,0.138,true,1081353eef4e76829150611cfc817ed0f6680676a2b81577ce7f23c521b2f0ec
vegfa,980877162e1dea9346bbdf19de32781a0455df3de2a8b419614d630d16a682b1,controlled_crossover,a4171634617468cd722bf888572deb09d0ed6b836832ec82cfb0c9d1146911c8,donor_parent,f2e1e308912a377c8c7aca6123a1a556c098497f97c20bd99bfe9ccd4c975377,maximum_hydrophobic_run,numeric,true,same_frozen_numeric_contract,minimize,residues,2.0,1.0,-1.0,1.0,true,391a18194de4282a0325da6f5b5af7dc0c211eb9f49d3f1000fe7d917e7f3dcb
vegfa,980877162e1dea9346bbdf19de32781a0455df3de2a8b419614d630d16a682b1,controlled_crossover,a4171634617468cd722bf888572deb09d0ed6b836832ec82cfb0c9d1146911c8,donor_parent,f2e1e308912a377c8c7aca6123a1a556c098497f97c20bd99bfe9ccd4c975377,net_charge_ph7_4,numeric,false,audit_metric_has_no_monotonic_improvement_direction,audit,elementary_charge,10.151,7.195,-2.9559999999999995,,true,3d542ab61f65696c7f1fa3059bcebef158fc564ea1d56b8927c51a3882388256
vegfa,980877162e1dea9346bbdf19de32781a0455df3de2a8b419614d630d16a682b1,controlled_crossover,a4171634617468cd722bf888572deb09d0ed6b836832ec82cfb0c9d1146911c8,donor_parent,f2e1e308912a377c8c7aca6123a1a556c098497f97c20bd99bfe9ccd4c975377,toxinpred3_hybrid_score,numeric,true,same_frozen_numeric_contract,minimize,dimensionless,0.01,0.355,0.345,-0.345,true,597a994d7006e32d6223937c7a004ca296acd06f11fc3fa94be28d6bc76ff47f
vegfa,980877162e1dea9346bbdf19de32781a0455df3de2a8b419614d630d16a682b1,controlled_crossover,a4171634617468cd722bf888572deb09d0ed6b836832ec82cfb0c9d1146911c8,donor_parent,f2e1e308912a377c8c7aca6123a1a556c098497f97c20bd99bfe9ccd4c975377,toxinpred3_label,categorical,true,same_frozen_label_contract,audit,label,Non-Toxin,Non-Toxin,,,false,ca45d5fc9956e9a9470ff1590d26e1035cbd6f5704ce0f6422c22385640bcab9
vegfa,525b2fd108cf7431e0c95d0ab071b89108fad142c0c1844d9f7729979f75f3ca,de_novo,bfc121f0ee196b10a97cf7ce778e3e017b0218ce287032da5f3d8015d735f7ed,none,,amp_read_log10_mic_um,numeric,false,de_novo_has_no_biological_parent,,,,1.5932541751840041,,,,ca3fe19ff4fb0231e5e4bd6dbc7bb9f14670561578094d96bcf381cf24826a7b
vegfa,525b2fd108cf7431e0c95d0ab071b89108fad142c0c1844d9f7729979f75f3ca,de_novo,bfc121f0ee196b10a97cf7ce778e3e017b0218ce287032da5f3d8015d735f7ed,none,,guruprasad_instability_index,numeric,false,de_novo_has_no_biological_parent,,,,25.887500,,,,bd9f8f42b20cabfc570fc0a501e63f1558fd1dd4b0c643348df6828fc72793b8
vegfa,525b2fd108cf7431e0c95d0ab071b89108fad142c0c1844d9f7729979f75f3ca,de_novo,bfc121f0ee196b10a97cf7ce778e3e017b0218ce287032da5f3d8015d735f7ed,none,,hydrophobic_moment_eisenberg,numeric,false,de_novo_has_no_biological_parent,,,,0.24405867271075946,,,,1158d293365bb0a83bade9fdc1b24ed65f41e2e8ffb655fa540187dbf0a7998d
vegfa,525b2fd108cf7431e0c95d0ab071b89108fad142c0c1844d9f7729979f75f3ca,de_novo,bfc121f0ee196b10a97cf7ce778e3e017b0218ce287032da5f3d8015d735f7ed,none,,hydrophobic_ratio_modlamp,numeric,false,de_novo_has_no_biological_parent,,,,0.08333333333333333,,,,d97717690e4a9c1e811771efb8fc9685f9196ac3e73fbec1cf715adaa9260221
vegfa,525b2fd108cf7431e0c95d0ab071b89108fad142c0c1844d9f7729979f75f3ca,de_novo,bfc121f0ee196b10a97cf7ce778e3e017b0218ce287032da5f3d8015d735f7ed,none,,llamp_log10_mic_um,numeric,false,de_novo_has_no_biological_parent,,,,1.2133079767227173,,,,76207abe13f7040fb116566d3f92fe0055a9e0ad875f6db27297af928fc908f9
vegfa,525b2fd108cf7431e0c95d0ab071b89108fad142c0c1844d9f7729979f75f3ca,de_novo,bfc121f0ee196b10a97cf7ce778e3e017b0218ce287032da5f3d8015d735f7ed,none,,macrel_amp_probability,numeric,false,de_novo_has_no_biological_parent,,,,0.129,,,,b28ff55101cc7223dfdb27952a55b4a9969f31d51cde5fa7a7d01cd221c5930f
vegfa,525b2fd108cf7431e0c95d0ab071b89108fad142c0c1844d9f7729979f75f3ca,de_novo,bfc121f0ee196b10a97cf7ce778e3e017b0218ce287032da5f3d8015d735f7ed,none,,macrel_hemolysis_label,categorical,false,de_novo_has_no_biological_parent,,,,high,,,,6f31239b4efe2a85d40dd1a33171f6b2f7a0ce5008bb2bf7262ff1cd4d9a393c
vegfa,525b2fd108cf7431e0c95d0ab071b89108fad142c0c1844d9f7729979f75f3ca,de_novo,bfc121f0ee196b10a97cf7ce778e3e017b0218ce287032da5f3d8015d735f7ed,none,,macrel_hemolysis_probability,numeric,false,de_novo_has_no_biological_parent,,,,0.545,,,,76e6f8efb337e36e88fa6a02cebb8ee0c26e0e3b7f14dfcc1f1838bfc98ab3b2
vegfa,525b2fd108cf7431e0c95d0ab071b89108fad142c0c1844d9f7729979f75f3ca,de_novo,bfc121f0ee196b10a97cf7ce778e3e017b0218ce287032da5f3d8015d735f7ed,none,,maximum_hydrophobic_run,numeric,false,de_novo_has_no_biological_parent,,,,1,,,,e1b37d2b07746056543bee03765daeebf4848b91983f58482d62a9c4270cf6da
vegfa,525b2fd108cf7431e0c95d0ab071b89108fad142c0c1844d9f7729979f75f3ca,de_novo,bfc121f0ee196b10a97cf7ce778e3e017b0218ce287032da5f3d8015d735f7ed,none,,net_charge_ph7_4,numeric,false,de_novo_has_no_biological_parent,,,,12.985,,,,db4c3aa21a3c06eede57cf457e52e6888ce34fd0168d36c01a30d735982da9fa
vegfa,525b2fd108cf7431e0c95d0ab071b89108fad142c0c1844d9f7729979f75f3ca,de_novo,bfc121f0ee196b10a97cf7ce778e3e017b0218ce287032da5f3d8015d735f7ed,none,,toxinpred3_hybrid_score,numeric,false,de_novo_has_no_biological_parent,,,,0.33,,,,1c3b766765e0a7a6b1251083665e89b09293c2629bceb69d401defe0700a8213
vegfa,525b2fd108cf7431e0c95d0ab071b89108fad142c0c1844d9f7729979f75f3ca,de_novo,bfc121f0ee196b10a97cf7ce778e3e017b0218ce287032da5f3d8015d735f7ed,none,,toxinpred3_label,categorical,false,de_novo_has_no_biological_parent,,,,Non-Toxin,,,,769609ffe67d0afc8236339dc04d53a5e86e3becd01e969d8196c83abbb1cf53
vegfa,f30bbf3798200c64afa391a79c4eada4e83e236a132bc344c09107cfb8298168,de_novo,f6ceda07333e7a846007e03502ab2ed98c128eff4b0d57fa37af3412d4fd59ba,none,,amp_read_log10_mic_um,numeric,false,de_novo_has_no_biological_parent,,,,1.1821096181774151,,,,422fc37b699e4409c7d3bfdda7ab46f8c0011b6f1ba1d8aebc0e4556c4eaff24
vegfa,f30bbf3798200c64afa391a79c4eada4e83e236a132bc344c09107cfb8298168,de_novo,f6ceda07333e7a846007e03502ab2ed98c128eff4b0d57fa37af3412d4fd59ba,none,,guruprasad_instability_index,numeric,false,de_novo_has_no_biological_parent,,,,8.042857,,,,8ae004f6b3f2801f6f8681988a9f56bbaaccd74890ff9f154096010fbee3b8e9
vegfa,f30bbf3798200c64afa391a79c4eada4e83e236a132bc344c09107cfb8298168,de_novo,f6ceda07333e7a846007e03502ab2ed98c128eff4b0d57fa37af3412d4fd59ba,none,,hydrophobic_moment_eisenberg,numeric,false,de_novo_has_no_biological_parent,,,,0.32979831697593526,,,,63fcdfc926e8d9706ecb012755d52408c45c2861caf465eb13f863b400b25afa
vegfa,f30bbf3798200c64afa391a79c4eada4e83e236a132bc344c09107cfb8298168,de_novo,f6ceda07333e7a846007e03502ab2ed98c128eff4b0d57fa37af3412d4fd59ba,none,,hydrophobic_ratio_modlamp,numeric,false,de_novo_has_no_biological_parent,,,,0.19047619047619047,,,,adbb17548544252e2a11c6411c28cb09115d0bb9acafd050578f3ce410f1b1e4
vegfa,f30bbf3798200c64afa391a79c4eada4e83e236a132bc344c09107cfb8298168,de_novo,f6ceda07333e7a846007e03502ab2ed98c128eff4b0d57fa37af3412d4fd59ba,none,,llamp_log10_mic_um,numeric,false,de_novo_has_no_biological_parent,,,,1.8355740308761597,,,,4d3a69db2194f647bbf60f560e051a9f6e8d42d3dc57380f556fcee7d968219f
vegfa,f30bbf3798200c64afa391a79c4eada4e83e236a132bc344c09107cfb8298168,de_novo,f6ceda07333e7a846007e03502ab2ed98c128eff4b0d57fa37af3412d4fd59ba,none,,macrel_amp_probability,numeric,false,de_novo_has_no_biological_parent,,,,0.287,,,,a1b8eb218bedd26de3515e1bfe5413288f81ae7b882b4591829dff582fd1c373
vegfa,f30bbf3798200c64afa391a79c4eada4e83e236a132bc344c09107cfb8298168,de_novo,f6ceda07333e7a846007e03502ab2ed98c128eff4b0d57fa37af3412d4fd59ba,none,,macrel_hemolysis_label,categorical,false,de_novo_has_no_biological_parent,,,,low,,,,37563fae93217daab656e6440ecc1ff9000c8c5a3e6e8990ecd8607375c94f8f
vegfa,f30bbf3798200c64afa391a79c4eada4e83e236a132bc344c09107cfb8298168,de_novo,f6ceda07333e7a846007e03502ab2ed98c128eff4b0d57fa37af3412d4fd59ba,none,,macrel_hemolysis_probability,numeric,false,de_novo_has_no_biological_parent,,,,0.475,,,,0528cac7aa1d5741b08a1a4b017710f89cb768b7ce6d2f76f157603d42a4146b
vegfa,f30bbf3798200c64afa391a79c4eada4e83e236a132bc344c09107cfb8298168,de_novo,f6ceda07333e7a846007e03502ab2ed98c128eff4b0d57fa37af3412d4fd59ba,none,,maximum_hydrophobic_run,numeric,false,de_novo_has_no_biological_parent,,,,2,,,,26197108e4df23834d5feb94c6f23071ef20f2b0421f809000bc88f38ac080a7
vegfa,f30bbf3798200c64afa391a79c4eada4e83e236a132bc344c09107cfb8298168,de_novo,f6ceda07333e7a846007e03502ab2ed98c128eff4b0d57fa37af3412d4fd59ba,none,,net_charge_ph7_4,numeric,false,de_novo_has_no_biological_parent,,,,6.113,,,,d29d680d55ee610ee9ff4762a2744ef7ff2b9a93cec5c4e6481f47c2e8517109
vegfa,f30bbf3798200c64afa391a79c4eada4e83e236a132bc344c09107cfb8298168,de_novo,f6ceda07333e7a846007e03502ab2ed98c128eff4b0d57fa37af3412d4fd59ba,none,,toxinpred3_hybrid_score,numeric,false,de_novo_has_no_biological_parent,,,,0.39,,,,b5d66a93965e71c69167f33144bf0966a357f286b36ca875739cb198efa9db3c
vegfa,f30bbf3798200c64afa391a79c4eada4e83e236a132bc344c09107cfb8298168,de_novo,f6ceda07333e7a846007e03502ab2ed98c128eff4b0d57fa37af3412d4fd59ba,none,,toxinpred3_label,categorical,false,de_novo_has_no_biological_parent,,,,Toxin,,,,1976f25f39c2b39b8b8334b92b0dbc3bc94c92b91c16104ac4d87f4bcdbcb65c
vegfa,af5e4715e32902558d2c515cff72f37ed55d4b86eb70058a2c0637e1dd009d66,masked_substitution,175e828a1ddd7c8629b8aeb9be52f070361264575a68eb5253ed09f41cfa5e88,primary_parent,02e6e8a9041d1f5e02ded66ace7f1bf8353933cb460554f7d6d4f7827ee851e3,amp_read_log10_mic_um,numeric,true,same_frozen_numeric_contract,minimize,log10(uM),0.8502392420270765,0.8954942090226883,0.04525496699561182,-0.04525496699561182,true,2188759e8bda2254d21c9dc85345bfc1b4aa8be7f284e19333bb89126763d59a
vegfa,af5e4715e32902558d2c515cff72f37ed55d4b86eb70058a2c0637e1dd009d66,masked_substitution,175e828a1ddd7c8629b8aeb9be52f070361264575a68eb5253ed09f41cfa5e88,primary_parent,02e6e8a9041d1f5e02ded66ace7f1bf8353933cb460554f7d6d4f7827ee851e3,guruprasad_instability_index,numeric,true,same_frozen_numeric_contract,minimize,index,-9.308695652173913,-10.982609,-1.6739133478260868,1.6739133478260868,true,62674a56378edfd67ff4f5fef4e52fa24db0697dbfef6f96abc8c944de63a29b
vegfa,af5e4715e32902558d2c515cff72f37ed55d4b86eb70058a2c0637e1dd009d66,masked_substitution,175e828a1ddd7c8629b8aeb9be52f070361264575a68eb5253ed09f41cfa5e88,primary_parent,02e6e8a9041d1f5e02ded66ace7f1bf8353933cb460554f7d6d4f7827ee851e3,hydrophobic_moment_eisenberg,numeric,false,audit_metric_has_no_monotonic_improvement_direction,audit,dimensionless,0.14056582796750103,0.12705815986973668,-0.013507668097764353,,true,c31888c9675906bcbb9e6cd456d9daf8c256be48ce3d14174eea1ccc2050db4a
vegfa,af5e4715e32902558d2c515cff72f37ed55d4b86eb70058a2c0637e1dd009d66,masked_substitution,175e828a1ddd7c8629b8aeb9be52f070361264575a68eb5253ed09f41cfa5e88,primary_parent,02e6e8a9041d1f5e02ded66ace7f1bf8353933cb460554f7d6d4f7827ee851e3,hydrophobic_ratio_modlamp,numeric,false,audit_metric_has_no_monotonic_improvement_direction,audit,fraction,0.2608695652173913,0.2608695652173913,0.0,,false,d8da42a95b293e6f491121a3692a08a284fd99664aa45588b6241356e57201e8
vegfa,af5e4715e32902558d2c515cff72f37ed55d4b86eb70058a2c0637e1dd009d66,masked_substitution,175e828a1ddd7c8629b8aeb9be52f070361264575a68eb5253ed09f41cfa5e88,primary_parent,02e6e8a9041d1f5e02ded66ace7f1bf8353933cb460554f7d6d4f7827ee851e3,llamp_log10_mic_um,numeric,true,same_frozen_numeric_contract,minimize,log10(uM),1.3610467910766602,1.4310029745101929,0.06995618343353271,-0.06995618343353271,true,3e06686aa15332fd11d748149327dd5b6a1bbd62ee4d8952c435454dd71c516a
vegfa,af5e4715e32902558d2c515cff72f37ed55d4b86eb70058a2c0637e1dd009d66,masked_substitution,175e828a1ddd7c8629b8aeb9be52f070361264575a68eb5253ed09f41cfa5e88,primary_parent,02e6e8a9041d1f5e02ded66ace7f1bf8353933cb460554f7d6d4f7827ee851e3,macrel_amp_probability,numeric,true,same_frozen_numeric_contract,maximize,probability,0.584,0.485,-0.09899999999999998,-0.09899999999999998,true,11d3be9d0101d269ff36125e8d5ad0d7d7508bb3f22e02ba81bd0f8f73601ae8
vegfa,af5e4715e32902558d2c515cff72f37ed55d4b86eb70058a2c0637e1dd009d66,masked_substitution,175e828a1ddd7c8629b8aeb9be52f070361264575a68eb5253ed09f41cfa5e88,primary_parent,02e6e8a9041d1f5e02ded66ace7f1bf8353933cb460554f7d6d4f7827ee851e3,macrel_hemolysis_label,categorical,true,same_frozen_label_contract,audit,label,low,low,,,false,6bb22882ae49c36314f5d9c111a540d53d97a96471e9f7b8f2b9b75104c9c65b
vegfa,af5e4715e32902558d2c515cff72f37ed55d4b86eb70058a2c0637e1dd009d66,masked_substitution,175e828a1ddd7c8629b8aeb9be52f070361264575a68eb5253ed09f41cfa5e88,primary_parent,02e6e8a9041d1f5e02ded66ace7f1bf8353933cb460554f7d6d4f7827ee851e3,macrel_hemolysis_probability,numeric,true,same_frozen_numeric_contract,minimize,probability,0.465,0.436,-0.029000000000000026,0.029000000000000026,true,e338ecaecbf697b8c4e56f9e6bcf2c07fc05e7bf87a55fc88334e613df00d51c
vegfa,af5e4715e32902558d2c515cff72f37ed55d4b86eb70058a2c0637e1dd009d66,masked_substitution,175e828a1ddd7c8629b8aeb9be52f070361264575a68eb5253ed09f41cfa5e88,primary_parent,02e6e8a9041d1f5e02ded66ace7f1bf8353933cb460554f7d6d4f7827ee851e3,maximum_hydrophobic_run,numeric,true,same_frozen_numeric_contract,minimize,residues,2.0,2.0,0.0,-0.0,false,bb1b8e0633d21351a2889a41985de02b03fc75033c3ad38b8a6aeb962d7ffacf
vegfa,af5e4715e32902558d2c515cff72f37ed55d4b86eb70058a2c0637e1dd009d66,masked_substitution,175e828a1ddd7c8629b8aeb9be52f070361264575a68eb5253ed09f41cfa5e88,primary_parent,02e6e8a9041d1f5e02ded66ace7f1bf8353933cb460554f7d6d4f7827ee851e3,net_charge_ph7_4,numeric,false,audit_metric_has_no_monotonic_improvement_direction,audit,elementary_charge,6.112,6.112,0.0,,false,849c5ada6865923327ece09b7f411ad3ddad2ce9bd97e3a17d6354883d544409
vegfa,af5e4715e32902558d2c515cff72f37ed55d4b86eb70058a2c0637e1dd009d66,masked_substitution,175e828a1ddd7c8629b8aeb9be52f070361264575a68eb5253ed09f41cfa5e88,primary_parent,02e6e8a9041d1f5e02ded66ace7f1bf8353933cb460554f7d6d4f7827ee851e3,toxinpred3_hybrid_score,numeric,true,same_frozen_numeric_contract,minimize,dimensionless,0.0,0.0,0.0,-0.0,false,541b7f9676c90dcc2d6335dea829c9cf4edadcfa2012a1e7c3501dd054ba9aa1
vegfa,af5e4715e32902558d2c515cff72f37ed55d4b86eb70058a2c0637e1dd009d66,masked_substitution,175e828a1ddd7c8629b8aeb9be52f070361264575a68eb5253ed09f41cfa5e88,primary_parent,02e6e8a9041d1f5e02ded66ace7f1bf8353933cb460554f7d6d4f7827ee851e3,toxinpred3_label,categorical,true,same_frozen_label_contract,audit,label,Non-Toxin,Non-Toxin,,,false,3ad7f2680f0ee19244a05b42701c46d37c7d739390ca5c0c8a42af5eed980e4c
vegfa,415e09fc21e788394c8d1e976ab8303f83f0034501718cc3b149d8eec25daf56,controlled_crossover,7ac47395b5de669894348ff228ce821a30737eb5131dcbd3a5a7a911b904968f,primary_parent,abb6c0dd6808b64e566e54ef2fc3d2622b4f4472fe472ed1a0305a919f720eb2,amp_read_log10_mic_um,numeric,true,same_frozen_numeric_contract,minimize,log10(uM),1.4975010253206658,1.953335834157362,0.45583480883669614,-0.45583480883669614,true,5b05314ff81419712a0e39cd30bbd004c5f543aac7363a6baf1e1f8ff29e6350
vegfa,415e09fc21e788394c8d1e976ab8303f83f0034501718cc3b149d8eec25daf56,controlled_crossover,7ac47395b5de669894348ff228ce821a30737eb5131dcbd3a5a7a911b904968f,primary_parent,abb6c0dd6808b64e566e54ef2fc3d2622b4f4472fe472ed1a0305a919f720eb2,guruprasad_instability_index,numeric,true,same_frozen_numeric_contract,minimize,index,-8.46086956521739,6.778261,15.23913056521739,-15.23913056521739,true,ac5079e187b16d1487857ff0a4dabce6a10db060d6c441c8d2cae53b3014b28a
vegfa,415e09fc21e788394c8d1e976ab8303f83f0034501718cc3b149d8eec25daf56,controlled_crossover,7ac47395b5de669894348ff228ce821a30737eb5131dcbd3a5a7a911b904968f,primary_parent,abb6c0dd6808b64e566e54ef2fc3d2622b4f4472fe472ed1a0305a919f720eb2,hydrophobic_moment_eisenberg,numeric,false,audit_metric_has_no_monotonic_improvement_direction,audit,dimensionless,0.2506699786733031,0.11739113292283088,-0.13327884575047222,,true,2fe6dee689f34c66b2cdedc23ae34373b719c0981038df3c09b5b778bbb21c95
vegfa,415e09fc21e788394c8d1e976ab8303f83f0034501718cc3b149d8eec25daf56,controlled_crossover,7ac47395b5de669894348ff228ce821a30737eb5131dcbd3a5a7a911b904968f,primary_parent,abb6c0dd6808b64e566e54ef2fc3d2622b4f4472fe472ed1a0305a919f720eb2,hydrophobic_ratio_modlamp,numeric,false,audit_metric_has_no_monotonic_improvement_direction,audit,fraction,0.21739130434782608,0.08695652173913043,-0.13043478260869565,,true,b2c52ec2baf1cfede0e810725d24393f3dd2744f9aa00336d48cf2927b140aa7
vegfa,415e09fc21e788394c8d1e976ab8303f83f0034501718cc3b149d8eec25daf56,controlled_crossover,7ac47395b5de669894348ff228ce821a30737eb5131dcbd3a5a7a911b904968f,primary_parent,abb6c0dd6808b64e566e54ef2fc3d2622b4f4472fe472ed1a0305a919f720eb2,llamp_log10_mic_um,numeric,true,same_frozen_numeric_contract,minimize,log10(uM),1.1670740842819214,1.2613062858581543,0.09423220157623291,-0.09423220157623291,true,d2d4063193b22cbaceb806662564c42a1fe52ad898600c2ecff0b7249f51198b
vegfa,415e09fc21e788394c8d1e976ab8303f83f0034501718cc3b149d8eec25daf56,controlled_crossover,7ac47395b5de669894348ff228ce821a30737eb5131dcbd3a5a7a911b904968f,primary_parent,abb6c0dd6808b64e566e54ef2fc3d2622b4f4472fe472ed1a0305a919f720eb2,macrel_amp_probability,numeric,true,same_frozen_numeric_contract,maximize,probability,0.535,0.297,-0.23800000000000004,-0.23800000000000004,true,9aaacb27f19f8b8601f4e8e9329edddbd39f7dd662af1f12f2f3d7fb0cfbdb2c
vegfa,415e09fc21e788394c8d1e976ab8303f83f0034501718cc3b149d8eec25daf56,controlled_crossover,7ac47395b5de669894348ff228ce821a30737eb5131dcbd3a5a7a911b904968f,primary_parent,abb6c0dd6808b64e566e54ef2fc3d2622b4f4472fe472ed1a0305a919f720eb2,macrel_hemolysis_label,categorical,true,same_frozen_label_contract,audit,label,low,low,,,false,010f68f66e6150bc15e9610491740eaec9a3c3218387b8293b223aec88217c78
vegfa,415e09fc21e788394c8d1e976ab8303f83f0034501718cc3b149d8eec25daf56,controlled_crossover,7ac47395b5de669894348ff228ce821a30737eb5131dcbd3a5a7a911b904968f,primary_parent,abb6c0dd6808b64e566e54ef2fc3d2622b4f4472fe472ed1a0305a919f720eb2,macrel_hemolysis_probability,numeric,true,same_frozen_numeric_contract,minimize,probability,0.436,0.366,-0.07,0.07,true,a7b1efe2ac9fa2d5b8c76f32e428cf69d2056926d84061da9cfda0c9a02216e9
vegfa,415e09fc21e788394c8d1e976ab8303f83f0034501718cc3b149d8eec25daf56,controlled_crossover,7ac47395b5de669894348ff228ce821a30737eb5131dcbd3a5a7a911b904968f,primary_parent,abb6c0dd6808b64e566e54ef2fc3d2622b4f4472fe472ed1a0305a919f720eb2,maximum_hydrophobic_run,numeric,true,same_frozen_numeric_contract,minimize,residues,2.0,1.0,-1.0,1.0,true,65b53dc3eb37ca3b9f090ae1fb33be68d56a5bbaf71e9a9866a171db8cc48e22
vegfa,415e09fc21e788394c8d1e976ab8303f83f0034501718cc3b149d8eec25daf56,controlled_crossover,7ac47395b5de669894348ff228ce821a30737eb5131dcbd3a5a7a911b904968f,primary_parent,abb6c0dd6808b64e566e54ef2fc3d2622b4f4472fe472ed1a0305a919f720eb2,net_charge_ph7_4,numeric,false,audit_metric_has_no_monotonic_improvement_direction,audit,elementary_charge,6.112,6.154,0.041999999999999815,,true,e8c896e43744f9aaa0128b636606942cded421eb2f577f5f59cfe989e57fe3c5
vegfa,415e09fc21e788394c8d1e976ab8303f83f0034501718cc3b149d8eec25daf56,controlled_crossover,7ac47395b5de669894348ff228ce821a30737eb5131dcbd3a5a7a911b904968f,primary_parent,abb6c0dd6808b64e566e54ef2fc3d2622b4f4472fe472ed1a0305a919f720eb2,toxinpred3_hybrid_score,numeric,true,same_frozen_numeric_contract,minimize,dimensionless,0.0,0.0,0.0,-0.0,false,a96b469fd1e0bf832e135f8c9cd4bb1b01aa158d5d69cb6e284695174e1c0ad5
vegfa,415e09fc21e788394c8d1e976ab8303f83f0034501718cc3b149d8eec25daf56,controlled_crossover,7ac47395b5de669894348ff228ce821a30737eb5131dcbd3a5a7a911b904968f,primary_parent,abb6c0dd6808b64e566e54ef2fc3d2622b4f4472fe472ed1a0305a919f720eb2,toxinpred3_label,categorical,true,same_frozen_label_contract,audit,label,Non-Toxin,Non-Toxin,,,false,153d37121e818f6067cd1bbf430c6b407947742e32e5758ff05f6f0899585d08
vegfa,415e09fc21e788394c8d1e976ab8303f83f0034501718cc3b149d8eec25daf56,controlled_crossover,7ac47395b5de669894348ff228ce821a30737eb5131dcbd3a5a7a911b904968f,donor_parent,f2e1e308912a377c8c7aca6123a1a556c098497f97c20bd99bfe9ccd4c975377,amp_read_log10_mic_um,numeric,true,same_frozen_numeric_contract,minimize,log10(uM),1.0863599077352775,1.953335834157362,0.8669759264220844,-0.8669759264220844,true,785b113a57f11ea45c32d24639d82410e0aac40597386faf565d97e2d33ac893
vegfa,415e09fc21e788394c8d1e976ab8303f83f0034501718cc3b149d8eec25daf56,controlled_crossover,7ac47395b5de669894348ff228ce821a30737eb5131dcbd3a5a7a911b904968f,donor_parent,f2e1e308912a377c8c7aca6123a1a556c098497f97c20bd99bfe9ccd4c975377,guruprasad_instability_index,numeric,true,same_frozen_numeric_contract,minimize,index,14.769230769230766,6.778261,-7.990969769230767,7.990969769230767,true,a611c5fba3cabd49e3ebab749a42bd9c73cded2df2b743ba4dd80438217895ad
vegfa,415e09fc21e788394c8d1e976ab8303f83f0034501718cc3b149d8eec25daf56,controlled_crossover,7ac47395b5de669894348ff228ce821a30737eb5131dcbd3a5a7a911b904968f,donor_parent,f2e1e308912a377c8c7aca6123a1a556c098497f97c20bd99bfe9ccd4c975377,hydrophobic_moment_eisenberg,numeric,false,audit_metric_has_no_monotonic_improvement_direction,audit,dimensionless,0.10563857941862062,0.11739113292283088,0.011752553504210256,,true,3e779a4873f3165b33235255f3b820a1670f69ae71dd872e5878e0ad52ad0be3
vegfa,415e09fc21e788394c8d1e976ab8303f83f0034501718cc3b149d8eec25daf56,controlled_crossover,7ac47395b5de669894348ff228ce821a30737eb5131dcbd3a5a7a911b904968f,donor_parent,f2e1e308912a377c8c7aca6123a1a556c098497f97c20bd99bfe9ccd4c975377,hydrophobic_ratio_modlamp,numeric,false,audit_metric_has_no_monotonic_improvement_direction,audit,fraction,0.07692307692307693,0.08695652173913043,0.010033444816053505,,true,002d5dab20c3804c3e33bfcbe185f2cd9fa57646c131df8c306a120476f6e103
vegfa,415e09fc21e788394c8d1e976ab8303f83f0034501718cc3b149d8eec25daf56,controlled_crossover,7ac47395b5de669894348ff228ce821a30737eb5131dcbd3a5a7a911b904968f,donor_parent,f2e1e308912a377c8c7aca6123a1a556c098497f97c20bd99bfe9ccd4c975377,llamp_log10_mic_um,numeric,true,same_frozen_numeric_contract,minimize,log10(uM),1.0173412561416626,1.2613062858581543,0.2439650297164917,-0.2439650297164917,true,d857600796bdd30797adee1ef9e85e5484fe79a6deea7bf2eb371ec09d9a1e2a
vegfa,415e09fc21e788394c8d1e976ab8303f83f0034501718cc3b149d8eec25daf56,controlled_crossover,7ac47395b5de669894348ff228ce821a30737eb5131dcbd3a5a7a911b904968f,donor_parent,f2e1e308912a377c8c7aca6123a1a556c098497f97c20bd99bfe9ccd4c975377,macrel_amp_probability,numeric,true,same_frozen_numeric_contract,maximize,probability,0.515,0.297,-0.21800000000000003,-0.21800000000000003,true,1bf1ed5ca8e58ddca0887600ab9cd7e4680c02cbffae710275d067f7441b52a3
vegfa,415e09fc21e788394c8d1e976ab8303f83f0034501718cc3b149d8eec25daf56,controlled_crossover,7ac47395b5de669894348ff228ce821a30737eb5131dcbd3a5a7a911b904968f,donor_parent,f2e1e308912a377c8c7aca6123a1a556c098497f97c20bd99bfe9ccd4c975377,macrel_hemolysis_label,categorical,true,same_frozen_label_contract,audit,label,low,low,,,false,da9f0331b824d4469a4241b68da352c294521c60a7def6a42c62e7b8b6e6b783
vegfa,415e09fc21e788394c8d1e976ab8303f83f0034501718cc3b149d8eec25daf56,controlled_crossover,7ac47395b5de669894348ff228ce821a30737eb5131dcbd3a5a7a911b904968f,donor_parent,f2e1e308912a377c8c7aca6123a1a556c098497f97c20bd99bfe9ccd4c975377,macrel_hemolysis_probability,numeric,true,same_frozen_numeric_contract,minimize,probability,0.465,0.366,-0.09900000000000003,0.09900000000000003,true,de31633a2bddd7e6cbf8bbc4f3baf4eef27cc15c0dcfd95a2ae94397ef2408d2
vegfa,415e09fc21e788394c8d1e976ab8303f83f0034501718cc3b149d8eec25daf56,controlled_crossover,7ac47395b5de669894348ff228ce821a30737eb5131dcbd3a5a7a911b904968f,donor_parent,f2e1e308912a377c8c7aca6123a1a556c098497f97c20bd99bfe9ccd4c975377,maximum_hydrophobic_run,numeric,true,same_frozen_numeric_contract,minimize,residues,2.0,1.0,-1.0,1.0,true,96fc520b7ed6cf75f721bff3874295d485b5440993f69811cd7a9af1395de460
vegfa,415e09fc21e788394c8d1e976ab8303f83f0034501718cc3b149d8eec25daf56,controlled_crossover,7ac47395b5de669894348ff228ce821a30737eb5131dcbd3a5a7a911b904968f,donor_parent,f2e1e308912a377c8c7aca6123a1a556c098497f97c20bd99bfe9ccd4c975377,net_charge_ph7_4,numeric,false,audit_metric_has_no_monotonic_improvement_direction,audit,elementary_charge,10.151,6.154,-3.997,,true,829350bc2a10edb13f98930b182676a593c79fce78a81f980bccc9357191ea39
vegfa,415e09fc21e788394c8d1e976ab8303f83f0034501718cc3b149d8eec25daf56,controlled_crossover,7ac47395b5de669894348ff228ce821a30737eb5131dcbd3a5a7a911b904968f,donor_parent,f2e1e308912a377c8c7aca6123a1a556c098497f97c20bd99bfe9ccd4c975377,toxinpred3_hybrid_score,numeric,true,same_frozen_numeric_contract,minimize,dimensionless,0.01,0.0,-0.01,0.01,true,1348ce3f1cdc84453e1195c3143902c4d2703afab5e074d34e1f6415ef959962
vegfa,415e09fc21e788394c8d1e976ab8303f83f0034501718cc3b149d8eec25daf56,controlled_crossover,7ac47395b5de669894348ff228ce821a30737eb5131dcbd3a5a7a911b904968f,donor_parent,f2e1e308912a377c8c7aca6123a1a556c098497f97c20bd99bfe9ccd4c975377,toxinpred3_label,categorical,true,same_frozen_label_contract,audit,label,Non-Toxin,Non-Toxin,,,false,9724586df9fb60b46bfea7cbe7e9857cba28f88099df243f1edf5113eda003cc
vegfa,86afc4a2020e7c4c603fd4b4a074e836883580d4f94d68452df0546afa804672,de_novo,7bfe3bf84894029c2ba86ec059687ec41e1c48bf1ef19285365231e0bded3462,none,,amp_read_log10_mic_um,numeric,false,de_novo_has_no_biological_parent,,,,1.3734410560798553,,,,de47e8fe7df7b6680e1dde4332d263010c1f49f5c4b2a3fcb6a8f0481f228812
vegfa,86afc4a2020e7c4c603fd4b4a074e836883580d4f94d68452df0546afa804672,de_novo,7bfe3bf84894029c2ba86ec059687ec41e1c48bf1ef19285365231e0bded3462,none,,guruprasad_instability_index,numeric,false,de_novo_has_no_biological_parent,,,,-13.165000,,,,906e81ceffc073889de306d1cd1c5d816e2125fe3f1a771a50bd8b2e5a0ebfcd
vegfa,86afc4a2020e7c4c603fd4b4a074e836883580d4f94d68452df0546afa804672,de_novo,7bfe3bf84894029c2ba86ec059687ec41e1c48bf1ef19285365231e0bded3462,none,,hydrophobic_moment_eisenberg,numeric,false,de_novo_has_no_biological_parent,,,,0.084057091717639,,,,53f4f9cf80df89c716e471ef10ad0a6a706a148f7579aaae0d7474119413dc1f
vegfa,86afc4a2020e7c4c603fd4b4a074e836883580d4f94d68452df0546afa804672,de_novo,7bfe3bf84894029c2ba86ec059687ec41e1c48bf1ef19285365231e0bded3462,none,,hydrophobic_ratio_modlamp,numeric,false,de_novo_has_no_biological_parent,,,,0.1,,,,43fa3779fba5b91c1f5ee98ac13819a5a144e3e5e47b20594244e1648257f747
vegfa,86afc4a2020e7c4c603fd4b4a074e836883580d4f94d68452df0546afa804672,de_novo,7bfe3bf84894029c2ba86ec059687ec41e1c48bf1ef19285365231e0bded3462,none,,llamp_log10_mic_um,numeric,false,de_novo_has_no_biological_parent,,,,1.71792471408844,,,,abf1716ddc3007ef1d15a3c041b7f6e5f44b3a9f240e7009762e128ae7cc1bad
vegfa,86afc4a2020e7c4c603fd4b4a074e836883580d4f94d68452df0546afa804672,de_novo,7bfe3bf84894029c2ba86ec059687ec41e1c48bf1ef19285365231e0bded3462,none,,macrel_amp_probability,numeric,false,de_novo_has_no_biological_parent,,,,0.277,,,,caeae3af95e45db59b879323fbcec7f301af1ebe704cb3dbb436fdcf1da45b33
vegfa,86afc4a2020e7c4c603fd4b4a074e836883580d4f94d68452df0546afa804672,de_novo,7bfe3bf84894029c2ba86ec059687ec41e1c48bf1ef19285365231e0bded3462,none,,macrel_hemolysis_label,categorical,false,de_novo_has_no_biological_parent,,,,low,,,,bdd993959d7748e163bb808eeb4ef67ce35b24c6326c9f3cd743eaaf5476ee18
vegfa,86afc4a2020e7c4c603fd4b4a074e836883580d4f94d68452df0546afa804672,de_novo,7bfe3bf84894029c2ba86ec059687ec41e1c48bf1ef19285365231e0bded3462,none,,macrel_hemolysis_probability,numeric,false,de_novo_has_no_biological_parent,,,,0.436,,,,00c5a192d8dbe61b82e86c8c7bb33ad048ca00954ca4272b0f3546e564e7c450
vegfa,86afc4a2020e7c4c603fd4b4a074e836883580d4f94d68452df0546afa804672,de_novo,7bfe3bf84894029c2ba86ec059687ec41e1c48bf1ef19285365231e0bded3462,none,,maximum_hydrophobic_run,numeric,false,de_novo_has_no_biological_parent,,,,1,,,,123e1e19c3625a49aadfa26839662170257108500df845184f1b607ded41061a
vegfa,86afc4a2020e7c4c603fd4b4a074e836883580d4f94d68452df0546afa804672,de_novo,7bfe3bf84894029c2ba86ec059687ec41e1c48bf1ef19285365231e0bded3462,none,,net_charge_ph7_4,numeric,false,de_novo_has_no_biological_parent,,,,9.027,,,,7239b3d4a8233ab7d2fafbe2830e5ee1a8e76aaf78ad47a1ba479cf0afdc9a5f
vegfa,86afc4a2020e7c4c603fd4b4a074e836883580d4f94d68452df0546afa804672,de_novo,7bfe3bf84894029c2ba86ec059687ec41e1c48bf1ef19285365231e0bded3462,none,,toxinpred3_hybrid_score,numeric,false,de_novo_has_no_biological_parent,,,,0.35,,,,b2ab2c9759c9e82a68ca9640edcede2531f3d6f9a7fbcd788d9c8d2f8b3a81b4
vegfa,86afc4a2020e7c4c603fd4b4a074e836883580d4f94d68452df0546afa804672,de_novo,7bfe3bf84894029c2ba86ec059687ec41e1c48bf1ef19285365231e0bded3462,none,,toxinpred3_label,categorical,false,de_novo_has_no_biological_parent,,,,Non-Toxin,,,,a57a89937cbb086eb312b375f5b225dc670733fce78fa03b774ab9a607e17a40
vegfa,b58a51501fffbafb0d701a47c29f884b22de3d8fcf3780645c7feb142551eea9,de_novo,df3037b1dc88dc4c7ff1723bf74c28d19e1c151831b565b28bf9e211292475ea,none,,amp_read_log10_mic_um,numeric,false,de_novo_has_no_biological_parent,,,,1.2976533507881607,,,,e6cb9dd8d44c9e356ba4f94f347161f45ec91fe22d3078ffb032184b605a9071
vegfa,b58a51501fffbafb0d701a47c29f884b22de3d8fcf3780645c7feb142551eea9,de_novo,df3037b1dc88dc4c7ff1723bf74c28d19e1c151831b565b28bf9e211292475ea,none,,guruprasad_instability_index,numeric,false,de_novo_has_no_biological_parent,,,,8.837500,,,,5b3a3bcaed920a3970b217b8d311dfd94443e948e57eac098065c01b3863f9c3
vegfa,b58a51501fffbafb0d701a47c29f884b22de3d8fcf3780645c7feb142551eea9,de_novo,df3037b1dc88dc4c7ff1723bf74c28d19e1c151831b565b28bf9e211292475ea,none,,hydrophobic_moment_eisenberg,numeric,false,de_novo_has_no_biological_parent,,,,0.29849371437093875,,,,d4bf8e876304d5abb84aa5c93b412c7761fb3e5181a9f35b07d5dc85ce2881b5
vegfa,b58a51501fffbafb0d701a47c29f884b22de3d8fcf3780645c7feb142551eea9,de_novo,df3037b1dc88dc4c7ff1723bf74c28d19e1c151831b565b28bf9e211292475ea,none,,hydrophobic_ratio_modlamp,numeric,false,de_novo_has_no_biological_parent,,,,0.16666666666666666,,,,1953d88f757e041fe83b6d032740ce09bd102dbf75fcf5d567f2cb28b6312d0d
vegfa,b58a51501fffbafb0d701a47c29f884b22de3d8fcf3780645c7feb142551eea9,de_novo,df3037b1dc88dc4c7ff1723bf74c28d19e1c151831b565b28bf9e211292475ea,none,,llamp_log10_mic_um,numeric,false,de_novo_has_no_biological_parent,,,,0.9873590469360352,,,,e6d37fa57610e9be8e677c32f287cba0b6682741ea86d32742a3a43a00f6e8da
vegfa,b58a51501fffbafb0d701a47c29f884b22de3d8fcf3780645c7feb142551eea9,de_novo,df3037b1dc88dc4c7ff1723bf74c28d19e1c151831b565b28bf9e211292475ea,none,,macrel_amp_probability,numeric,false,de_novo_has_no_biological_parent,,,,0.386,,,,594b1b2d93e285354cfa8122d62fc2c242aea2f260c8ebf28f78c10895e42e1f
vegfa,b58a51501fffbafb0d701a47c29f884b22de3d8fcf3780645c7feb142551eea9,de_novo,df3037b1dc88dc4c7ff1723bf74c28d19e1c151831b565b28bf9e211292475ea,none,,macrel_hemolysis_label,categorical,false,de_novo_has_no_biological_parent,,,,high,,,,0d831ce4a247a734b9e1f4f470804c22a5aacf08feed1fe4ab4b8f6a54cd78f7
vegfa,b58a51501fffbafb0d701a47c29f884b22de3d8fcf3780645c7feb142551eea9,de_novo,df3037b1dc88dc4c7ff1723bf74c28d19e1c151831b565b28bf9e211292475ea,none,,macrel_hemolysis_probability,numeric,false,de_novo_has_no_biological_parent,,,,0.584,,,,181c2c8a8217825a172ffd159c2ef629682e593b4f405d091f18aee71fa8f7d0
vegfa,b58a51501fffbafb0d701a47c29f884b22de3d8fcf3780645c7feb142551eea9,de_novo,df3037b1dc88dc4c7ff1723bf74c28d19e1c151831b565b28bf9e211292475ea,none,,maximum_hydrophobic_run,numeric,false,de_novo_has_no_biological_parent,,,,1,,,,e13b3aa96c41eb17e901fec805236f0f0c988077ce744ff04ceb6db0d509b4bf
vegfa,b58a51501fffbafb0d701a47c29f884b22de3d8fcf3780645c7feb142551eea9,de_novo,df3037b1dc88dc4c7ff1723bf74c28d19e1c151831b565b28bf9e211292475ea,none,,net_charge_ph7_4,numeric,false,de_novo_has_no_biological_parent,,,,14.067,,,,a2d930eea71024cc5a93207e0a558b380cf5ab3033ec1dff3ee705def48384a4
vegfa,b58a51501fffbafb0d701a47c29f884b22de3d8fcf3780645c7feb142551eea9,de_novo,df3037b1dc88dc4c7ff1723bf74c28d19e1c151831b565b28bf9e211292475ea,none,,toxinpred3_hybrid_score,numeric,false,de_novo_has_no_biological_parent,,,,0.455,,,,6a8543ab581d108b88d93fca29f08a4882a0bee4e2016054d6804a3d84bf86b2
vegfa,b58a51501fffbafb0d701a47c29f884b22de3d8fcf3780645c7feb142551eea9,de_novo,df3037b1dc88dc4c7ff1723bf74c28d19e1c151831b565b28bf9e211292475ea,none,,toxinpred3_label,categorical,false,de_novo_has_no_biological_parent,,,,Toxin,,,,ce1a40340307ef50fab2510a259f3d8b164414be1682edb36ebf2f4bde1021b7
vegfa,fb00a23ea8372079eaad28fa6788bbfac96edbfdab3f3107cd1d479af0353833,masked_substitution,0abcb5fecb9764a767fc38fb0fda5de1d8fa800e12c35b7895a5d5a33c4d8417,primary_parent,02e6e8a9041d1f5e02ded66ace7f1bf8353933cb460554f7d6d4f7827ee851e3,amp_read_log10_mic_um,numeric,true,same_frozen_numeric_contract,minimize,log10(uM),0.8502392420270765,0.9761359158078646,0.12589667378078817,-0.12589667378078817,true,9e82b93e064969b62a17062878a5f01e17ba83055bc7fc694fee9a8a6b1d2ca3
vegfa,fb00a23ea8372079eaad28fa6788bbfac96edbfdab3f3107cd1d479af0353833,masked_substitution,0abcb5fecb9764a767fc38fb0fda5de1d8fa800e12c35b7895a5d5a33c4d8417,primary_parent,02e6e8a9041d1f5e02ded66ace7f1bf8353933cb460554f7d6d4f7827ee851e3,guruprasad_instability_index,numeric,true,same_frozen_numeric_contract,minimize,index,-9.308695652173913,-9.721739,-0.4130433478260862,0.4130433478260862,true,0d37885de7fd61bd3ed5a99b4d4139389200e04da2eab86ae1d6ccdc8db14d9c
vegfa,fb00a23ea8372079eaad28fa6788bbfac96edbfdab3f3107cd1d479af0353833,masked_substitution,0abcb5fecb9764a767fc38fb0fda5de1d8fa800e12c35b7895a5d5a33c4d8417,primary_parent,02e6e8a9041d1f5e02ded66ace7f1bf8353933cb460554f7d6d4f7827ee851e3,hydrophobic_moment_eisenberg,numeric,false,audit_metric_has_no_monotonic_improvement_direction,audit,dimensionless,0.14056582796750103,0.0928656898817699,-0.047700138085731134,,true,53e90742dfbb453590c185983895ea67a11d825de983a38bd11967021d5172d8
vegfa,fb00a23ea8372079eaad28fa6788bbfac96edbfdab3f3107cd1d479af0353833,masked_substitution,0abcb5fecb9764a767fc38fb0fda5de1d8fa800e12c35b7895a5d5a33c4d8417,primary_parent,02e6e8a9041d1f5e02ded66ace7f1bf8353933cb460554f7d6d4f7827ee851e3,hydrophobic_ratio_modlamp,numeric,false,audit_metric_has_no_monotonic_improvement_direction,audit,fraction,0.2608695652173913,0.2608695652173913,0.0,,false,0d575437feb1653f5800ec4600831cd6c8c7b293e7ac216ff81ff73dd7918ad0
vegfa,fb00a23ea8372079eaad28fa6788bbfac96edbfdab3f3107cd1d479af0353833,masked_substitution,0abcb5fecb9764a767fc38fb0fda5de1d8fa800e12c35b7895a5d5a33c4d8417,primary_parent,02e6e8a9041d1f5e02ded66ace7f1bf8353933cb460554f7d6d4f7827ee851e3,llamp_log10_mic_um,numeric,true,same_frozen_numeric_contract,minimize,log10(uM),1.3610467910766602,1.3121856451034546,-0.048861145973205566,0.048861145973205566,true,b3fa99706307fc92f8048d25fc7e7f1ccd29ac8a09aa163ea62f9912b86df46e
vegfa,fb00a23ea8372079eaad28fa6788bbfac96edbfdab3f3107cd1d479af0353833,masked_substitution,0abcb5fecb9764a767fc38fb0fda5de1d8fa800e12c35b7895a5d5a33c4d8417,primary_parent,02e6e8a9041d1f5e02ded66ace7f1bf8353933cb460554f7d6d4f7827ee851e3,macrel_amp_probability,numeric,true,same_frozen_numeric_contract,maximize,probability,0.584,0.554,-0.029999999999999916,-0.029999999999999916,true,e8a1f96278b79b7b849b8b97b42d26f87dbe1a740a0805f32767b5b589245644
vegfa,fb00a23ea8372079eaad28fa6788bbfac96edbfdab3f3107cd1d479af0353833,masked_substitution,0abcb5fecb9764a767fc38fb0fda5de1d8fa800e12c35b7895a5d5a33c4d8417,primary_parent,02e6e8a9041d1f5e02ded66ace7f1bf8353933cb460554f7d6d4f7827ee851e3,macrel_hemolysis_label,categorical,true,same_frozen_label_contract,audit,label,low,low,,,false,1a35e47d1beb6bb94cf4b5fcfcd4f59a5aa023eac04916252990a8fc9383e2bd
vegfa,fb00a23ea8372079eaad28fa6788bbfac96edbfdab3f3107cd1d479af0353833,masked_substitution,0abcb5fecb9764a767fc38fb0fda5de1d8fa800e12c35b7895a5d5a33c4d8417,primary_parent,02e6e8a9041d1f5e02ded66ace7f1bf8353933cb460554f7d6d4f7827ee851e3,macrel_hemolysis_probability,numeric,true,same_frozen_numeric_contract,minimize,probability,0.465,0.485,0.019999999999999962,-0.019999999999999962,true,49c3afbbadd98cf4fc425292af9614d1ce5a441e7f569e2004d0d57057ca48d6
vegfa,fb00a23ea8372079eaad28fa6788bbfac96edbfdab3f3107cd1d479af0353833,masked_substitution,0abcb5fecb9764a767fc38fb0fda5de1d8fa800e12c35b7895a5d5a33c4d8417,primary_parent,02e6e8a9041d1f5e02ded66ace7f1bf8353933cb460554f7d6d4f7827ee851e3,maximum_hydrophobic_run,numeric,true,same_frozen_numeric_contract,minimize,residues,2.0,2.0,0.0,-0.0,false,02bf057a6713bafdaf2d2aa1a1929266577f08470d4d398eed18cb6e5071ad79
vegfa,fb00a23ea8372079eaad28fa6788bbfac96edbfdab3f3107cd1d479af0353833,masked_substitution,0abcb5fecb9764a767fc38fb0fda5de1d8fa800e12c35b7895a5d5a33c4d8417,primary_parent,02e6e8a9041d1f5e02ded66ace7f1bf8353933cb460554f7d6d4f7827ee851e3,net_charge_ph7_4,numeric,false,audit_metric_has_no_monotonic_improvement_direction,audit,elementary_charge,6.112,7.07,0.9580000000000002,,true,9511a286358a683a4565f69dda699acb63c425b71cfab8ff05b45344b9d429f4
vegfa,fb00a23ea8372079eaad28fa6788bbfac96edbfdab3f3107cd1d479af0353833,masked_substitution,0abcb5fecb9764a767fc38fb0fda5de1d8fa800e12c35b7895a5d5a33c4d8417,primary_parent,02e6e8a9041d1f5e02ded66ace7f1bf8353933cb460554f7d6d4f7827ee851e3,toxinpred3_hybrid_score,numeric,true,same_frozen_numeric_contract,minimize,dimensionless,0.0,0.0,0.0,-0.0,false,81852b09f54bb0a5f6159c1b1cacbb6206e5a0aaa25fa48f83bc10455473ff04
vegfa,fb00a23ea8372079eaad28fa6788bbfac96edbfdab3f3107cd1d479af0353833,masked_substitution,0abcb5fecb9764a767fc38fb0fda5de1d8fa800e12c35b7895a5d5a33c4d8417,primary_parent,02e6e8a9041d1f5e02ded66ace7f1bf8353933cb460554f7d6d4f7827ee851e3,toxinpred3_label,categorical,true,same_frozen_label_contract,audit,label,Non-Toxin,Non-Toxin,,,false,c74251e3e153a9a3499a72c563de8db3b464dd389da05034e8ddecc13fca6631
vegfa,4043c476990f427b990b18ca88c71b5e2d131899af26c7de57d0dff9d93e453b,controlled_crossover,4bdc58ead4446a839a9fe29da0ade88ecdf503d3716f50cda5923f8dad075cc4,primary_parent,4a494dc82b2e48f2ac0de7e54d2668f279ad7a1d5b4954c45d22e161d246d03a,amp_read_log10_mic_um,numeric,true,same_frozen_numeric_contract,minimize,log10(uM),1.203926168329643,1.5174532542159247,0.31352708588628175,-0.31352708588628175,true,d6b10b5e88f2683035406dcf202401a6371390975ee19e59e7bbe99f0faf806d
vegfa,4043c476990f427b990b18ca88c71b5e2d131899af26c7de57d0dff9d93e453b,controlled_crossover,4bdc58ead4446a839a9fe29da0ade88ecdf503d3716f50cda5923f8dad075cc4,primary_parent,4a494dc82b2e48f2ac0de7e54d2668f279ad7a1d5b4954c45d22e161d246d03a,guruprasad_instability_index,numeric,true,same_frozen_numeric_contract,minimize,index,-8.056521739130433,7.182609,15.239130739130434,-15.239130739130434,true,a34556e5d72b62d3f81e97c824a62b9de51119eae9fb7fc1e6f9567722830af0
vegfa,4043c476990f427b990b18ca88c71b5e2d131899af26c7de57d0dff9d93e453b,controlled_crossover,4bdc58ead4446a839a9fe29da0ade88ecdf503d3716f50cda5923f8dad075cc4,primary_parent,4a494dc82b2e48f2ac0de7e54d2668f279ad7a1d5b4954c45d22e161d246d03a,hydrophobic_moment_eisenberg,numeric,false,audit_metric_has_no_monotonic_improvement_direction,audit,dimensionless,0.31609609858914106,0.15694318018907685,-0.1591529184000642,,true,e1528129b8c319b01587c870ea7e63093cd9c725e38acf9160a66629e3975d80
vegfa,4043c476990f427b990b18ca88c71b5e2d131899af26c7de57d0dff9d93e453b,controlled_crossover,4bdc58ead4446a839a9fe29da0ade88ecdf503d3716f50cda5923f8dad075cc4,primary_parent,4a494dc82b2e48f2ac0de7e54d2668f279ad7a1d5b4954c45d22e161d246d03a,hydrophobic_ratio_modlamp,numeric,false,audit_metric_has_no_monotonic_improvement_direction,audit,fraction,0.21739130434782608,0.08695652173913043,-0.13043478260869565,,true,1589cdf6d814239ecfea0dd6af20b20de053c4d49adf228935e5f77a2bcfde98
vegfa,4043c476990f427b990b18ca88c71b5e2d131899af26c7de57d0dff9d93e453b,controlled_crossover,4bdc58ead4446a839a9fe29da0ade88ecdf503d3716f50cda5923f8dad075cc4,primary_parent,4a494dc82b2e48f2ac0de7e54d2668f279ad7a1d5b4954c45d22e161d246d03a,llamp_log10_mic_um,numeric,true,same_frozen_numeric_contract,minimize,log10(uM),1.1515740156173706,2.3120474815368652,1.1604734659194946,-1.1604734659194946,true,199fdb81fa2e0b21b3122e2033fa8ece457c5199758eb67858e870d116a3ca35
vegfa,4043c476990f427b990b18ca88c71b5e2d131899af26c7de57d0dff9d93e453b,controlled_crossover,4bdc58ead4446a839a9fe29da0ade88ecdf503d3716f50cda5923f8dad075cc4,primary_parent,4a494dc82b2e48f2ac0de7e54d2668f279ad7a1d5b4954c45d22e161d246d03a,macrel_amp_probability,numeric,true,same_frozen_numeric_contract,maximize,probability,0.58,0.327,-0.25299999999999995,-0.25299999999999995,true,15af9bac670d1edcf095424992dbae133059b4ef58de36a07369e72fc51681a9
vegfa,4043c476990f427b990b18ca88c71b5e2d131899af26c7de57d0dff9d93e453b,controlled_crossover,4bdc58ead4446a839a9fe29da0ade88ecdf503d3716f50cda5923f8dad075cc4,primary_parent,4a494dc82b2e48f2ac0de7e54d2668f279ad7a1d5b4954c45d22e161d246d03a,macrel_hemolysis_label,categorical,true,same_frozen_label_contract,audit,label,low,low,,,false,4b71343bdd8d06db2e3207d867700eb657155c6ae4f18a9398571a9b45567d28
vegfa,4043c476990f427b990b18ca88c71b5e2d131899af26c7de57d0dff9d93e453b,controlled_crossover,4bdc58ead4446a839a9fe29da0ade88ecdf503d3716f50cda5923f8dad075cc4,primary_parent,4a494dc82b2e48f2ac0de7e54d2668f279ad7a1d5b4954c45d22e161d246d03a,macrel_hemolysis_probability,numeric,true,same_frozen_numeric_contract,minimize,probability,0.485,0.396,-0.08899999999999997,0.08899999999999997,true,d106e71a399a6bb29762844851898b6f768c99877fcdaff477c6913c2829a08f
vegfa,4043c476990f427b990b18ca88c71b5e2d131899af26c7de57d0dff9d93e453b,controlled_crossover,4bdc58ead4446a839a9fe29da0ade88ecdf503d3716f50cda5923f8dad075cc4,primary_parent,4a494dc82b2e48f2ac0de7e54d2668f279ad7a1d5b4954c45d22e161d246d03a,maximum_hydrophobic_run,numeric,true,same_frozen_numeric_contract,minimize,residues,2.0,1.0,-1.0,1.0,true,bde609177a78d92a74068cc3ca45a3ee5cf89e70375bada464ddbeef71eb8719
vegfa,4043c476990f427b990b18ca88c71b5e2d131899af26c7de57d0dff9d93e453b,controlled_crossover,4bdc58ead4446a839a9fe29da0ade88ecdf503d3716f50cda5923f8dad075cc4,primary_parent,4a494dc82b2e48f2ac0de7e54d2668f279ad7a1d5b4954c45d22e161d246d03a,net_charge_ph7_4,numeric,false,audit_metric_has_no_monotonic_improvement_direction,audit,elementary_charge,6.112,6.154,0.041999999999999815,,true,39e5cef4fb0429a9152c91b273a3f3c5e7344a0148bebf43d8716b1a3d5d1abf
vegfa,4043c476990f427b990b18ca88c71b5e2d131899af26c7de57d0dff9d93e453b,controlled_crossover,4bdc58ead4446a839a9fe29da0ade88ecdf503d3716f50cda5923f8dad075cc4,primary_parent,4a494dc82b2e48f2ac0de7e54d2668f279ad7a1d5b4954c45d22e161d246d03a,toxinpred3_hybrid_score,numeric,true,same_frozen_numeric_contract,minimize,dimensionless,0.0,0.32,0.32,-0.32,true,cfb5a8f3ae319019f0d502bbdde353e6b0292085fe19de532da01edc47160d6b
vegfa,4043c476990f427b990b18ca88c71b5e2d131899af26c7de57d0dff9d93e453b,controlled_crossover,4bdc58ead4446a839a9fe29da0ade88ecdf503d3716f50cda5923f8dad075cc4,primary_parent,4a494dc82b2e48f2ac0de7e54d2668f279ad7a1d5b4954c45d22e161d246d03a,toxinpred3_label,categorical,true,same_frozen_label_contract,audit,label,Non-Toxin,Non-Toxin,,,false,6bc0c59e0898d3f38ebca65cfa68373c855bf6ffb17f5dcea18ee560418cf63e
vegfa,4043c476990f427b990b18ca88c71b5e2d131899af26c7de57d0dff9d93e453b,controlled_crossover,4bdc58ead4446a839a9fe29da0ade88ecdf503d3716f50cda5923f8dad075cc4,donor_parent,f2e1e308912a377c8c7aca6123a1a556c098497f97c20bd99bfe9ccd4c975377,amp_read_log10_mic_um,numeric,true,same_frozen_numeric_contract,minimize,log10(uM),1.0863599077352775,1.5174532542159247,0.43109334648064723,-0.43109334648064723,true,d8126de3ba1b4bf63bca650e21c74a7944ae722037a347770326c93374b558ac
vegfa,4043c476990f427b990b18ca88c71b5e2d131899af26c7de57d0dff9d93e453b,controlled_crossover,4bdc58ead4446a839a9fe29da0ade88ecdf503d3716f50cda5923f8dad075cc4,donor_parent,f2e1e308912a377c8c7aca6123a1a556c098497f97c20bd99bfe9ccd4c975377,guruprasad_instability_index,numeric,true,same_frozen_numeric_contract,minimize,index,14.769230769230766,7.182609,-7.586621769230766,7.586621769230766,true,d44c4dad97877477dc8bc4af3aa4ccc533a4c67c4bdee0d55366a39a875020ed
vegfa,4043c476990f427b990b18ca88c71b5e2d131899af26c7de57d0dff9d93e453b,controlled_crossover,4bdc58ead4446a839a9fe29da0ade88ecdf503d3716f50cda5923f8dad075cc4,donor_parent,f2e1e308912a377c8c7aca6123a1a556c098497f97c20bd99bfe9ccd4c975377,hydrophobic_moment_eisenberg,numeric,false,audit_metric_has_no_monotonic_improvement_direction,audit,dimensionless,0.10563857941862062,0.15694318018907685,0.05130460077045623,,true,a0afc99ec4517a3f49bdbb46502c38d98fa0301db1661dc9429bc47ed400891d
vegfa,4043c476990f427b990b18ca88c71b5e2d131899af26c7de57d0dff9d93e453b,controlled_crossover,4bdc58ead4446a839a9fe29da0ade88ecdf503d3716f50cda5923f8dad075cc4,donor_parent,f2e1e308912a377c8c7aca6123a1a556c098497f97c20bd99bfe9ccd4c975377,hydrophobic_ratio_modlamp,numeric,false,audit_metric_has_no_monotonic_improvement_direction,audit,fraction,0.07692307692307693,0.08695652173913043,0.010033444816053505,,true,a721ac45b148d1ca17b53fc9ddca27b44787ceb06d439163b45dd35c0def3a5d
vegfa,4043c476990f427b990b18ca88c71b5e2d131899af26c7de57d0dff9d93e453b,controlled_crossover,4bdc58ead4446a839a9fe29da0ade88ecdf503d3716f50cda5923f8dad075cc4,donor_parent,f2e1e308912a377c8c7aca6123a1a556c098497f97c20bd99bfe9ccd4c975377,llamp_log10_mic_um,numeric,true,same_frozen_numeric_contract,minimize,log10(uM),1.0173412561416626,2.3120474815368652,1.2947062253952026,-1.2947062253952026,true,b59602c9337cd7bd2e3b43576891ead5167fe86be8febd9009be0cd7de10b2d8
vegfa,4043c476990f427b990b18ca88c71b5e2d131899af26c7de57d0dff9d93e453b,controlled_crossover,4bdc58ead4446a839a9fe29da0ade88ecdf503d3716f50cda5923f8dad075cc4,donor_parent,f2e1e308912a377c8c7aca6123a1a556c098497f97c20bd99bfe9ccd4c975377,macrel_amp_probability,numeric,true,same_frozen_numeric_contract,maximize,probability,0.515,0.327,-0.188,-0.188,true,9c64b90533f404e2e39cb59b5bd08fc010e6bbd5921e8a4e47824d9dd91f502a
vegfa,4043c476990f427b990b18ca88c71b5e2d131899af26c7de57d0dff9d93e453b,controlled_crossover,4bdc58ead4446a839a9fe29da0ade88ecdf503d3716f50cda5923f8dad075cc4,donor_parent,f2e1e308912a377c8c7aca6123a1a556c098497f97c20bd99bfe9ccd4c975377,macrel_hemolysis_label,categorical,true,same_frozen_label_contract,audit,label,low,low,,,false,22631e2fa7d6c404569be503393703eb44dc484361216cd2257189986b991461
vegfa,4043c476990f427b990b18ca88c71b5e2d131899af26c7de57d0dff9d93e453b,controlled_crossover,4bdc58ead4446a839a9fe29da0ade88ecdf503d3716f50cda5923f8dad075cc4,donor_parent,f2e1e308912a377c8c7aca6123a1a556c098497f97c20bd99bfe9ccd4c975377,macrel_hemolysis_probability,numeric,true,same_frozen_numeric_contract,minimize,probability,0.465,0.396,-0.069,0.069,true,a8ea7d65e0cfa397075bdcbc8ac94ae60dcd113e7ebc042077dab37c33f214c8
vegfa,4043c476990f427b990b18ca88c71b5e2d131899af26c7de57d0dff9d93e453b,controlled_crossover,4bdc58ead4446a839a9fe29da0ade88ecdf503d3716f50cda5923f8dad075cc4,donor_parent,f2e1e308912a377c8c7aca6123a1a556c098497f97c20bd99bfe9ccd4c975377,maximum_hydrophobic_run,numeric,true,same_frozen_numeric_contract,minimize,residues,2.0,1.0,-1.0,1.0,true,2f89b0c6ea7701806544bee83cb46ddbf399adf556d842c37bfc83a756ecf3d0
vegfa,4043c476990f427b990b18ca88c71b5e2d131899af26c7de57d0dff9d93e453b,controlled_crossover,4bdc58ead4446a839a9fe29da0ade88ecdf503d3716f50cda5923f8dad075cc4,donor_parent,f2e1e308912a377c8c7aca6123a1a556c098497f97c20bd99bfe9ccd4c975377,net_charge_ph7_4,numeric,false,audit_metric_has_no_monotonic_improvement_direction,audit,elementary_charge,10.151,6.154,-3.997,,true,f15db577e7e26df37feab83ab9ecf095192ad25942de199d1c55c7fddee88535
vegfa,4043c476990f427b990b18ca88c71b5e2d131899af26c7de57d0dff9d93e453b,controlled_crossover,4bdc58ead4446a839a9fe29da0ade88ecdf503d3716f50cda5923f8dad075cc4,donor_parent,f2e1e308912a377c8c7aca6123a1a556c098497f97c20bd99bfe9ccd4c975377,toxinpred3_hybrid_score,numeric,true,same_frozen_numeric_contract,minimize,dimensionless,0.01,0.32,0.31,-0.31,true,b1128ac78207351459017959d7ed15244b0321b87c948808cb74d1129db30e55
vegfa,4043c476990f427b990b18ca88c71b5e2d131899af26c7de57d0dff9d93e453b,controlled_crossover,4bdc58ead4446a839a9fe29da0ade88ecdf503d3716f50cda5923f8dad075cc4,donor_parent,f2e1e308912a377c8c7aca6123a1a556c098497f97c20bd99bfe9ccd4c975377,toxinpred3_label,categorical,true,same_frozen_label_contract,audit,label,Non-Toxin,Non-Toxin,,,false,bbb296c1edd9b7efc13bfd6a259495036b4245192020d70c53b251a644643829
vegfa,255eddea5d6ead868909331d78c437c79e5ceb80293719f122627224137dc716,de_novo,c57d479d4d2cf39529eef2fc5bc331ac5787d3513c8f34ad58995c84b38429e5,none,,amp_read_log10_mic_um,numeric,false,de_novo_has_no_biological_parent,,,,1.3873461569492793,,,,25c11ee61b2ba3c0975bfad866b0cf0aed8112bbb5e9cb0160b526eef80db679
vegfa,255eddea5d6ead868909331d78c437c79e5ceb80293719f122627224137dc716,de_novo,c57d479d4d2cf39529eef2fc5bc331ac5787d3513c8f34ad58995c84b38429e5,none,,guruprasad_instability_index,numeric,false,de_novo_has_no_biological_parent,,,,2.784615,,,,78943edb4855853a335f355cf97b542b4d330ca086c146e5714461956ea3e1d7
vegfa,255eddea5d6ead868909331d78c437c79e5ceb80293719f122627224137dc716,de_novo,c57d479d4d2cf39529eef2fc5bc331ac5787d3513c8f34ad58995c84b38429e5,none,,hydrophobic_moment_eisenberg,numeric,false,de_novo_has_no_biological_parent,,,,0.05836699589486565,,,,4b9aed792dc66583eb88535b3fb1b4582ad7f9df40f1b041c1777ae7bc6c2727
vegfa,255eddea5d6ead868909331d78c437c79e5ceb80293719f122627224137dc716,de_novo,c57d479d4d2cf39529eef2fc5bc331ac5787d3513c8f34ad58995c84b38429e5,none,,hydrophobic_ratio_modlamp,numeric,false,de_novo_has_no_biological_parent,,,,0.23076923076923078,,,,b40c73eb3ba52a94afd7942feecb90ea36f346f61ac0db070638a7edee8d8dd0
vegfa,255eddea5d6ead868909331d78c437c79e5ceb80293719f122627224137dc716,de_novo,c57d479d4d2cf39529eef2fc5bc331ac5787d3513c8f34ad58995c84b38429e5,none,,llamp_log10_mic_um,numeric,false,de_novo_has_no_biological_parent,,,,0.848320722579956,,,,c7f1ed3fdf1d401beff41a195e41f8fb2e74e977560e2fac4d8bb851d6dc22df
vegfa,255eddea5d6ead868909331d78c437c79e5ceb80293719f122627224137dc716,de_novo,c57d479d4d2cf39529eef2fc5bc331ac5787d3513c8f34ad58995c84b38429e5,none,,macrel_amp_probability,numeric,false,de_novo_has_no_biological_parent,,,,0.228,,,,6d817bc6a8e69b3190ae766e9fc2d6eaab036784851ad8aab9367873150d7ea2
vegfa,255eddea5d6ead868909331d78c437c79e5ceb80293719f122627224137dc716,de_novo,c57d479d4d2cf39529eef2fc5bc331ac5787d3513c8f34ad58995c84b38429e5,none,,macrel_hemolysis_label,categorical,false,de_novo_has_no_biological_parent,,,,low,,,,2d711a9c4df01ef2566361f0aa8547ba51a17568487c1275a9d297f6d6e69f5e
vegfa,255eddea5d6ead868909331d78c437c79e5ceb80293719f122627224137dc716,de_novo,c57d479d4d2cf39529eef2fc5bc331ac5787d3513c8f34ad58995c84b38429e5,none,,macrel_hemolysis_probability,numeric,false,de_novo_has_no_biological_parent,,,,0.446,,,,c863ae81b90d99716c7a2a46e940f707388c313f9409e27eac8e41960ff57775
vegfa,255eddea5d6ead868909331d78c437c79e5ceb80293719f122627224137dc716,de_novo,c57d479d4d2cf39529eef2fc5bc331ac5787d3513c8f34ad58995c84b38429e5,none,,maximum_hydrophobic_run,numeric,false,de_novo_has_no_biological_parent,,,,1,,,,fc945622685d318e3e9fb6def76e8c6e6b16bb9d93a4f1b64c220d71ac39ea76
vegfa,255eddea5d6ead868909331d78c437c79e5ceb80293719f122627224137dc716,de_novo,c57d479d4d2cf39529eef2fc5bc331ac5787d3513c8f34ad58995c84b38429e5,none,,net_charge_ph7_4,numeric,false,de_novo_has_no_biological_parent,,,,8.194,,,,be825cc4381c19c6c44e2770b64e45858432ac64e601ed654b652688934c38d1
vegfa,255eddea5d6ead868909331d78c437c79e5ceb80293719f122627224137dc716,de_novo,c57d479d4d2cf39529eef2fc5bc331ac5787d3513c8f34ad58995c84b38429e5,none,,toxinpred3_hybrid_score,numeric,false,de_novo_has_no_biological_parent,,,,0.52,,,,91933499e5f1f860fe91d835692b1f23d1b95cc813f6304a4e4f9be27f839cea
vegfa,255eddea5d6ead868909331d78c437c79e5ceb80293719f122627224137dc716,de_novo,c57d479d4d2cf39529eef2fc5bc331ac5787d3513c8f34ad58995c84b38429e5,none,,toxinpred3_label,categorical,false,de_novo_has_no_biological_parent,,,,Toxin,,,,732ec9511733d878b2e13a6cf0609fd626767f6d17419a8c92c3dedd2ce2f8d7
vegfa,cf68a9a5009f7e703cffd795a035125466ee075758e052d5695b6f29c08abda0,de_novo,49ee6488fa9246ad5b710055a07d9865b08376df03017126993f60539b784d70,none,,amp_read_log10_mic_um,numeric,false,de_novo_has_no_biological_parent,,,,1.2995977107521117,,,,2902f3301523167cf725b4a3806b9328ca6278c5750a4c0b6cc84eab4f6e5657
vegfa,cf68a9a5009f7e703cffd795a035125466ee075758e052d5695b6f29c08abda0,de_novo,49ee6488fa9246ad5b710055a07d9865b08376df03017126993f60539b784d70,none,,guruprasad_instability_index,numeric,false,de_novo_has_no_biological_parent,,,,-2.304545,,,,7b37c0b629f4a998ae580262c157841de36e0a9466f8aae14dc9ee8fec8bc422
vegfa,cf68a9a5009f7e703cffd795a035125466ee075758e052d5695b6f29c08abda0,de_novo,49ee6488fa9246ad5b710055a07d9865b08376df03017126993f60539b784d70,none,,hydrophobic_moment_eisenberg,numeric,false,de_novo_has_no_biological_parent,,,,0.052942320390209824,,,,2113c052744e533db0bcb0a19552496cad41e6b47c7a077d0b9de2949e214181
vegfa,cf68a9a5009f7e703cffd795a035125466ee075758e052d5695b6f29c08abda0,de_novo,49ee6488fa9246ad5b710055a07d9865b08376df03017126993f60539b784d70,none,,hydrophobic_ratio_modlamp,numeric,false,de_novo_has_no_biological_parent,,,,0.22727272727272727,,,,02c18ab1a35d5790b97e71f9dad3117f1a6a423d8e253d05db265e59f3be7513
vegfa,cf68a9a5009f7e703cffd795a035125466ee075758e052d5695b6f29c08abda0,de_novo,49ee6488fa9246ad5b710055a07d9865b08376df03017126993f60539b784d70,none,,llamp_log10_mic_um,numeric,false,de_novo_has_no_biological_parent,,,,1.6360559463500977,,,,ef8a8de73e0632488ea5981527888eba745bc233635ab2fd14f3d940626bd77a
vegfa,cf68a9a5009f7e703cffd795a035125466ee075758e052d5695b6f29c08abda0,de_novo,49ee6488fa9246ad5b710055a07d9865b08376df03017126993f60539b784d70,none,,macrel_amp_probability,numeric,false,de_novo_has_no_biological_parent,,,,0.406,,,,d73ee832a147aaf36f21e78e0d2bbd601465dcbe77c6a4a866f68fe6757a60c9
vegfa,cf68a9a5009f7e703cffd795a035125466ee075758e052d5695b6f29c08abda0,de_novo,49ee6488fa9246ad5b710055a07d9865b08376df03017126993f60539b784d70,none,,macrel_hemolysis_label,categorical,false,de_novo_has_no_biological_parent,,,,high,,,,29eba72e0a0c17f372fc825946804da7e5f1fd5c03d5e918b6d3c23b8fe6e724
vegfa,cf68a9a5009f7e703cffd795a035125466ee075758e052d5695b6f29c08abda0,de_novo,49ee6488fa9246ad5b710055a07d9865b08376df03017126993f60539b784d70,none,,macrel_hemolysis_probability,numeric,false,de_novo_has_no_biological_parent,,,,0.614,,,,e75362b5dad4a9b9de9646032937106c493954fb0c5cf8f1006c3c273e42ff9f
vegfa,cf68a9a5009f7e703cffd795a035125466ee075758e052d5695b6f29c08abda0,de_novo,49ee6488fa9246ad5b710055a07d9865b08376df03017126993f60539b784d70,none,,maximum_hydrophobic_run,numeric,false,de_novo_has_no_biological_parent,,,,1,,,,7b958074d87e830e77210ba02ddcca572ea3d85a51a284c2237d3cc7b7d29f8b
vegfa,cf68a9a5009f7e703cffd795a035125466ee075758e052d5695b6f29c08abda0,de_novo,49ee6488fa9246ad5b710055a07d9865b08376df03017126993f60539b784d70,none,,net_charge_ph7_4,numeric,false,de_novo_has_no_biological_parent,,,,9.027,,,,ff38c63b1e6abf39a65b31e36dcdef0122f4be37e1f89fd0c8b54e282fa73c28
vegfa,cf68a9a5009f7e703cffd795a035125466ee075758e052d5695b6f29c08abda0,de_novo,49ee6488fa9246ad5b710055a07d9865b08376df03017126993f60539b784d70,none,,toxinpred3_hybrid_score,numeric,false,de_novo_has_no_biological_parent,,,,0.03,,,,cc8eb3b78f2844630e7b489d646045bf3b1417429e3cc3492333eccccacc3257
vegfa,cf68a9a5009f7e703cffd795a035125466ee075758e052d5695b6f29c08abda0,de_novo,49ee6488fa9246ad5b710055a07d9865b08376df03017126993f60539b784d70,none,,toxinpred3_label,categorical,false,de_novo_has_no_biological_parent,,,,Non-Toxin,,,,005a6e803db5c477bfac46b4600e9e26887119617bdd6f43771f177f6d87816f
vegfa,f0817258399eb19008d0c0bcc70fad6c7462f8cda8e5169e9e4444f95f22591f,masked_substitution,86b97c4bdc4231a8e9448643ccc33ec12839cad16933d3f1aedd5c2901345eb0,primary_parent,02e6e8a9041d1f5e02ded66ace7f1bf8353933cb460554f7d6d4f7827ee851e3,amp_read_log10_mic_um,numeric,true,same_frozen_numeric_contract,minimize,log10(uM),0.8502392420270765,0.9371682627641642,0.08692902073708775,-0.08692902073708775,true,7debb7b2d249317a22849a61c4c51b347864f7bddb6f2393f7acc09964e1a1a2
vegfa,f0817258399eb19008d0c0bcc70fad6c7462f8cda8e5169e9e4444f95f22591f,masked_substitution,86b97c4bdc4231a8e9448643ccc33ec12839cad16933d3f1aedd5c2901345eb0,primary_parent,02e6e8a9041d1f5e02ded66ace7f1bf8353933cb460554f7d6d4f7827ee851e3,guruprasad_instability_index,numeric,true,same_frozen_numeric_contract,minimize,index,-9.308695652173913,-9.308696,-3.478260861555782e-07,3.478260861555782e-07,true,e9ecf63ac908fc1288bfe7e139ff43848084bf5b2e1383659d553c046e18b3eb
vegfa,f0817258399eb19008d0c0bcc70fad6c7462f8cda8e5169e9e4444f95f22591f,masked_substitution,86b97c4bdc4231a8e9448643ccc33ec12839cad16933d3f1aedd5c2901345eb0,primary_parent,02e6e8a9041d1f5e02ded66ace7f1bf8353933cb460554f7d6d4f7827ee851e3,hydrophobic_moment_eisenberg,numeric,false,audit_metric_has_no_monotonic_improvement_direction,audit,dimensionless,0.14056582796750103,0.2295458728694512,0.08898004490195016,,true,d0396b8553d5a558de95418a884792038bae777afcd78d3759906c8747851414
vegfa,f0817258399eb19008d0c0bcc70fad6c7462f8cda8e5169e9e4444f95f22591f,masked_substitution,86b97c4bdc4231a8e9448643ccc33ec12839cad16933d3f1aedd5c2901345eb0,primary_parent,02e6e8a9041d1f5e02ded66ace7f1bf8353933cb460554f7d6d4f7827ee851e3,hydrophobic_ratio_modlamp,numeric,false,audit_metric_has_no_monotonic_improvement_direction,audit,fraction,0.2608695652173913,0.2608695652173913,0.0,,false,d39bfe0bd442d691163fffd054f8d4a5ebe170536a0579bc1bd63bb076b25b4e
vegfa,f0817258399eb19008d0c0bcc70fad6c7462f8cda8e5169e9e4444f95f22591f,masked_substitution,86b97c4bdc4231a8e9448643ccc33ec12839cad16933d3f1aedd5c2901345eb0,primary_parent,02e6e8a9041d1f5e02ded66ace7f1bf8353933cb460554f7d6d4f7827ee851e3,llamp_log10_mic_um,numeric,true,same_frozen_numeric_contract,minimize,log10(uM),1.3610467910766602,1.6109402179718018,0.2498934268951416,-0.2498934268951416,true,8417c05d4039edd50389e3d1dead9b8f32c3a88244e9bac9d43bc84010eb31b5
vegfa,f0817258399eb19008d0c0bcc70fad6c7462f8cda8e5169e9e4444f95f22591f,masked_substitution,86b97c4bdc4231a8e9448643ccc33ec12839cad16933d3f1aedd5c2901345eb0,primary_parent,02e6e8a9041d1f5e02ded66ace7f1bf8353933cb460554f7d6d4f7827ee851e3,macrel_amp_probability,numeric,true,same_frozen_numeric_contract,maximize,probability,0.584,0.545,-0.038999999999999924,-0.038999999999999924,true,f138138ffc36494a20b4832cb16d289d886a39e3b9184ba5e3cb1036db8e00a6
vegfa,f0817258399eb19008d0c0bcc70fad6c7462f8cda8e5169e9e4444f95f22591f,masked_substitution,86b97c4bdc4231a8e9448643ccc33ec12839cad16933d3f1aedd5c2901345eb0,primary_parent,02e6e8a9041d1f5e02ded66ace7f1bf8353933cb460554f7d6d4f7827ee851e3,macrel_hemolysis_label,categorical,true,same_frozen_label_contract,audit,label,low,low,,,false,f426b63664b459519e7a8f86e7649c91879fa21838cb83ef23aa4e596f0f0529
vegfa,f0817258399eb19008d0c0bcc70fad6c7462f8cda8e5169e9e4444f95f22591f,masked_substitution,86b97c4bdc4231a8e9448643ccc33ec12839cad16933d3f1aedd5c2901345eb0,primary_parent,02e6e8a9041d1f5e02ded66ace7f1bf8353933cb460554f7d6d4f7827ee851e3,macrel_hemolysis_probability,numeric,true,same_frozen_numeric_contract,minimize,probability,0.465,0.465,0.0,-0.0,false,ee92031766f44333e0f744e47357a9a0b254a21ca18474f5a7b3c5c2afa0d7bb
vegfa,f0817258399eb19008d0c0bcc70fad6c7462f8cda8e5169e9e4444f95f22591f,masked_substitution,86b97c4bdc4231a8e9448643ccc33ec12839cad16933d3f1aedd5c2901345eb0,primary_parent,02e6e8a9041d1f5e02ded66ace7f1bf8353933cb460554f7d6d4f7827ee851e3,maximum_hydrophobic_run,numeric,true,same_frozen_numeric_contract,minimize,residues,2.0,2.0,0.0,-0.0,false,f86446c736170466da954af5638034900bb7f5c3bca10dbb88124e1771686ac1
vegfa,f0817258399eb19008d0c0bcc70fad6c7462f8cda8e5169e9e4444f95f22591f,masked_substitution,86b97c4bdc4231a8e9448643ccc33ec12839cad16933d3f1aedd5c2901345eb0,primary_parent,02e6e8a9041d1f5e02ded66ace7f1bf8353933cb460554f7d6d4f7827ee851e3,net_charge_ph7_4,numeric,false,audit_metric_has_no_monotonic_improvement_direction,audit,elementary_charge,6.112,7.07,0.9580000000000002,,true,1ad08026984996c7cc2124680575fe9f453aaa8c080ac85433b6694307f54209
vegfa,f0817258399eb19008d0c0bcc70fad6c7462f8cda8e5169e9e4444f95f22591f,masked_substitution,86b97c4bdc4231a8e9448643ccc33ec12839cad16933d3f1aedd5c2901345eb0,primary_parent,02e6e8a9041d1f5e02ded66ace7f1bf8353933cb460554f7d6d4f7827ee851e3,toxinpred3_hybrid_score,numeric,true,same_frozen_numeric_contract,minimize,dimensionless,0.0,0.0,0.0,-0.0,false,982599360253e8f202cbdbf89664e9997a6e61329cdd786a3c754d43aa74d558
vegfa,f0817258399eb19008d0c0bcc70fad6c7462f8cda8e5169e9e4444f95f22591f,masked_substitution,86b97c4bdc4231a8e9448643ccc33ec12839cad16933d3f1aedd5c2901345eb0,primary_parent,02e6e8a9041d1f5e02ded66ace7f1bf8353933cb460554f7d6d4f7827ee851e3,toxinpred3_label,categorical,true,same_frozen_label_contract,audit,label,Non-Toxin,Non-Toxin,,,false,e6f63944d480c935ec85008ea9d3b9c4776df8788242742dec5569f36730c7f6
vegfa,634ff7f5ebd95a50340b233a6b25a252c3de728891a5ba22ee9b66e1a466a8e1,controlled_crossover,913832b8233a50b76815cf7daaa683f827910fd1baca3144e38ade4f617fcb74,primary_parent,40288af76d68eea8606867b3bd54c2b590ee6b967b2662476f31405f336ff9a6,amp_read_log10_mic_um,numeric,true,same_frozen_numeric_contract,minimize,log10(uM),1.0366670635933637,1.3341515349080026,0.29748447131463895,-0.29748447131463895,true,5b999dd8da1bfa436aea68c02cb2c5e3fc340c2f15477d2784e0dcc8eccf5504
vegfa,634ff7f5ebd95a50340b233a6b25a252c3de728891a5ba22ee9b66e1a466a8e1,controlled_crossover,913832b8233a50b76815cf7daaa683f827910fd1baca3144e38ade4f617fcb74,primary_parent,40288af76d68eea8606867b3bd54c2b590ee6b967b2662476f31405f336ff9a6,guruprasad_instability_index,numeric,true,same_frozen_numeric_contract,minimize,index,-4.365217391304348,9.621739,13.986956391304348,-13.986956391304348,true,8728316a33c2c09728858a45d3351f7d2ac242450a951fc1ab50c209e78b8735
vegfa,634ff7f5ebd95a50340b233a6b25a252c3de728891a5ba22ee9b66e1a466a8e1,controlled_crossover,913832b8233a50b76815cf7daaa683f827910fd1baca3144e38ade4f617fcb74,primary_parent,40288af76d68eea8606867b3bd54c2b590ee6b967b2662476f31405f336ff9a6,hydrophobic_moment_eisenberg,numeric,false,audit_metric_has_no_monotonic_improvement_direction,audit,dimensionless,0.23937796328158523,0.12412616007060329,-0.11525180321098194,,true,0da9c1e77d6926990760e6fb7aced2635043c92a626115fbc151275e926a2e17
vegfa,634ff7f5ebd95a50340b233a6b25a252c3de728891a5ba22ee9b66e1a466a8e1,controlled_crossover,913832b8233a50b76815cf7daaa683f827910fd1baca3144e38ade4f617fcb74,primary_parent,40288af76d68eea8606867b3bd54c2b590ee6b967b2662476f31405f336ff9a6,hydrophobic_ratio_modlamp,numeric,false,audit_metric_has_no_monotonic_improvement_direction,audit,fraction,0.21739130434782608,0.08695652173913043,-0.13043478260869565,,true,b4e0e2d1ad27617f99da2e4fcba4b0a0d9d9dc7fc4e3dcf39cac938fef6a07fa
vegfa,634ff7f5ebd95a50340b233a6b25a252c3de728891a5ba22ee9b66e1a466a8e1,controlled_crossover,913832b8233a50b76815cf7daaa683f827910fd1baca3144e38ade4f617fcb74,primary_parent,40288af76d68eea8606867b3bd54c2b590ee6b967b2662476f31405f336ff9a6,llamp_log10_mic_um,numeric,true,same_frozen_numeric_contract,minimize,log10(uM),1.3088847398757935,1.7423466444015503,0.43346190452575684,-0.43346190452575684,true,d3d472ae5d68a34e6a1b01617069a0902c544a3875051c1ae69f5a473ae97c8a
vegfa,634ff7f5ebd95a50340b233a6b25a252c3de728891a5ba22ee9b66e1a466a8e1,controlled_crossover,913832b8233a50b76815cf7daaa683f827910fd1baca3144e38ade4f617fcb74,primary_parent,40288af76d68eea8606867b3bd54c2b590ee6b967b2662476f31405f336ff9a6,macrel_amp_probability,numeric,true,same_frozen_numeric_contract,maximize,probability,0.511,0.347,-0.16400000000000003,-0.16400000000000003,true,1104fbe8f02bae4989ee7a76171945ea134a5f063174aa71212a49049e864075
vegfa,634ff7f5ebd95a50340b233a6b25a252c3de728891a5ba22ee9b66e1a466a8e1,controlled_crossover,913832b8233a50b76815cf7daaa683f827910fd1baca3144e38ade4f617fcb74,primary_parent,40288af76d68eea8606867b3bd54c2b590ee6b967b2662476f31405f336ff9a6,macrel_hemolysis_label,categorical,true,same_frozen_label_contract,audit,label,low,low,,,false,c02dcac198f954ec169e2d5511fc97b63c815d1c58572dfff3e62b1016ab6c80
vegfa,634ff7f5ebd95a50340b233a6b25a252c3de728891a5ba22ee9b66e1a466a8e1,controlled_crossover,913832b8233a50b76815cf7daaa683f827910fd1baca3144e38ade4f617fcb74,primary_parent,40288af76d68eea8606867b3bd54c2b590ee6b967b2662476f31405f336ff9a6,macrel_hemolysis_probability,numeric,true,same_frozen_numeric_contract,minimize,probability,0.455,0.416,-0.039000000000000035,0.039000000000000035,true,e1c59273874ee6f9f84d9ffd9843a6d795fb769ff993f394e73d61881a828f40
vegfa,634ff7f5ebd95a50340b233a6b25a252c3de728891a5ba22ee9b66e1a466a8e1,controlled_crossover,913832b8233a50b76815cf7daaa683f827910fd1baca3144e38ade4f617fcb74,primary_parent,40288af76d68eea8606867b3bd54c2b590ee6b967b2662476f31405f336ff9a6,maximum_hydrophobic_run,numeric,true,same_frozen_numeric_contract,minimize,residues,2.0,1.0,-1.0,1.0,true,37c71766c1e2ce62f4271f5996f70f5317e1750cc7b20fc4992314f4bae02337
vegfa,634ff7f5ebd95a50340b233a6b25a252c3de728891a5ba22ee9b66e1a466a8e1,controlled_crossover,913832b8233a50b76815cf7daaa683f827910fd1baca3144e38ade4f617fcb74,primary_parent,40288af76d68eea8606867b3bd54c2b590ee6b967b2662476f31405f336ff9a6,net_charge_ph7_4,numeric,false,audit_metric_has_no_monotonic_improvement_direction,audit,elementary_charge,6.112,7.153,1.0409999999999995,,true,873564b627ab7d473373f39d161db50cc76a9c26e896ce9a1d17cbca338f46b5
vegfa,634ff7f5ebd95a50340b233a6b25a252c3de728891a5ba22ee9b66e1a466a8e1,controlled_crossover,913832b8233a50b76815cf7daaa683f827910fd1baca3144e38ade4f617fcb74,primary_parent,40288af76d68eea8606867b3bd54c2b590ee6b967b2662476f31405f336ff9a6,toxinpred3_hybrid_score,numeric,true,same_frozen_numeric_contract,minimize,dimensionless,0.0,0.0,0.0,-0.0,false,faa7040872e82a2938522065a56a2203afd6d0c723afb9009bf512824da53c00
vegfa,634ff7f5ebd95a50340b233a6b25a252c3de728891a5ba22ee9b66e1a466a8e1,controlled_crossover,913832b8233a50b76815cf7daaa683f827910fd1baca3144e38ade4f617fcb74,primary_parent,40288af76d68eea8606867b3bd54c2b590ee6b967b2662476f31405f336ff9a6,toxinpred3_label,categorical,true,same_frozen_label_contract,audit,label,Non-Toxin,Non-Toxin,,,false,f2aa3eaa038d39a55ba266d73aa5fbf579b083c259a5ec9c314c9d6658046bfd
vegfa,634ff7f5ebd95a50340b233a6b25a252c3de728891a5ba22ee9b66e1a466a8e1,controlled_crossover,913832b8233a50b76815cf7daaa683f827910fd1baca3144e38ade4f617fcb74,donor_parent,f2e1e308912a377c8c7aca6123a1a556c098497f97c20bd99bfe9ccd4c975377,amp_read_log10_mic_um,numeric,true,same_frozen_numeric_contract,minimize,log10(uM),1.0863599077352775,1.3341515349080026,0.24779162717272518,-0.24779162717272518,true,6e0389a4d94ba50dda3e0f0d31b904cef14dc8992a0a2d9e2d80788d7fc7f566
vegfa,634ff7f5ebd95a50340b233a6b25a252c3de728891a5ba22ee9b66e1a466a8e1,controlled_crossover,913832b8233a50b76815cf7daaa683f827910fd1baca3144e38ade4f617fcb74,donor_parent,f2e1e308912a377c8c7aca6123a1a556c098497f97c20bd99bfe9ccd4c975377,guruprasad_instability_index,numeric,true,same_frozen_numeric_contract,minimize,index,14.769230769230766,9.621739,-5.147491769230767,5.147491769230767,true,abc1f3b41aefdae3fb79336bf586a3e7d42bb49bbf232238ffcca5797608c18f
vegfa,634ff7f5ebd95a50340b233a6b25a252c3de728891a5ba22ee9b66e1a466a8e1,controlled_crossover,913832b8233a50b76815cf7daaa683f827910fd1baca3144e38ade4f617fcb74,donor_parent,f2e1e308912a377c8c7aca6123a1a556c098497f97c20bd99bfe9ccd4c975377,hydrophobic_moment_eisenberg,numeric,false,audit_metric_has_no_monotonic_improvement_direction,audit,dimensionless,0.10563857941862062,0.12412616007060329,0.018487580651982666,,true,85fbab5468672b463092111c0cfc7fc883d977fc930caeab467faecbbbe39221
vegfa,634ff7f5ebd95a50340b233a6b25a252c3de728891a5ba22ee9b66e1a466a8e1,controlled_crossover,913832b8233a50b76815cf7daaa683f827910fd1baca3144e38ade4f617fcb74,donor_parent,f2e1e308912a377c8c7aca6123a1a556c098497f97c20bd99bfe9ccd4c975377,hydrophobic_ratio_modlamp,numeric,false,audit_metric_has_no_monotonic_improvement_direction,audit,fraction,0.07692307692307693,0.08695652173913043,0.010033444816053505,,true,91f6c450ede3a84a14959cd8b48d9cd9db271ea1649c9f535084da22005b1fd4
vegfa,634ff7f5ebd95a50340b233a6b25a252c3de728891a5ba22ee9b66e1a466a8e1,controlled_crossover,913832b8233a50b76815cf7daaa683f827910fd1baca3144e38ade4f617fcb74,donor_parent,f2e1e308912a377c8c7aca6123a1a556c098497f97c20bd99bfe9ccd4c975377,llamp_log10_mic_um,numeric,true,same_frozen_numeric_contract,minimize,log10(uM),1.0173412561416626,1.7423466444015503,0.7250053882598877,-0.7250053882598877,true,5a3eaebe055a286ef228cb8a61f97e3b2ce506f841e6ce986689f80215515224
vegfa,634ff7f5ebd95a50340b233a6b25a252c3de728891a5ba22ee9b66e1a466a8e1,controlled_crossover,913832b8233a50b76815cf7daaa683f827910fd1baca3144e38ade4f617fcb74,donor_parent,f2e1e308912a377c8c7aca6123a1a556c098497f97c20bd99bfe9ccd4c975377,macrel_amp_probability,numeric,true,same_frozen_numeric_contract,maximize,probability,0.515,0.347,-0.16800000000000004,-0.16800000000000004,true,f7666769e0ebe8616a2fbd960383666b9f83b0e676d6af22049cfa620717772f
vegfa,634ff7f5ebd95a50340b233a6b25a252c3de728891a5ba22ee9b66e1a466a8e1,controlled_crossover,913832b8233a50b76815cf7daaa683f827910fd1baca3144e38ade4f617fcb74,donor_parent,f2e1e308912a377c8c7aca6123a1a556c098497f97c20bd99bfe9ccd4c975377,macrel_hemolysis_label,categorical,true,same_frozen_label_contract,audit,label,low,low,,,false,0d547d2bf7a37d6db3351ea0ba3467cad5b8a8ade71b831b98871a79e4e52016
vegfa,634ff7f5ebd95a50340b233a6b25a252c3de728891a5ba22ee9b66e1a466a8e1,controlled_crossover,913832b8233a50b76815cf7daaa683f827910fd1baca3144e38ade4f617fcb74,donor_parent,f2e1e308912a377c8c7aca6123a1a556c098497f97c20bd99bfe9ccd4c975377,macrel_hemolysis_probability,numeric,true,same_frozen_numeric_contract,minimize,probability,0.465,0.416,-0.049000000000000044,0.049000000000000044,true,cbdb324f4def76901608b16067ea2f19aad2864955946879d62c2d22d0ed2c3e
vegfa,634ff7f5ebd95a50340b233a6b25a252c3de728891a5ba22ee9b66e1a466a8e1,controlled_crossover,913832b8233a50b76815cf7daaa683f827910fd1baca3144e38ade4f617fcb74,donor_parent,f2e1e308912a377c8c7aca6123a1a556c098497f97c20bd99bfe9ccd4c975377,maximum_hydrophobic_run,numeric,true,same_frozen_numeric_contract,minimize,residues,2.0,1.0,-1.0,1.0,true,2f08877e07291fc6d5d03d11841c3a63ae6e77be6bbd5b6b213d5b3998555f81
vegfa,634ff7f5ebd95a50340b233a6b25a252c3de728891a5ba22ee9b66e1a466a8e1,controlled_crossover,913832b8233a50b76815cf7daaa683f827910fd1baca3144e38ade4f617fcb74,donor_parent,f2e1e308912a377c8c7aca6123a1a556c098497f97c20bd99bfe9ccd4c975377,net_charge_ph7_4,numeric,false,audit_metric_has_no_monotonic_improvement_direction,audit,elementary_charge,10.151,7.153,-2.998,,true,65d89fd7576559e749eb3325dc583c1296c9d6122bd0cab8fa97e519060ae8be
vegfa,634ff7f5ebd95a50340b233a6b25a252c3de728891a5ba22ee9b66e1a466a8e1,controlled_crossover,913832b8233a50b76815cf7daaa683f827910fd1baca3144e38ade4f617fcb74,donor_parent,f2e1e308912a377c8c7aca6123a1a556c098497f97c20bd99bfe9ccd4c975377,toxinpred3_hybrid_score,numeric,true,same_frozen_numeric_contract,minimize,dimensionless,0.01,0.0,-0.01,0.01,true,84c6f329cca5d8bd59a07a52ae168a9f3fb9a4f253795b562bbd80f5362b5d47
vegfa,634ff7f5ebd95a50340b233a6b25a252c3de728891a5ba22ee9b66e1a466a8e1,controlled_crossover,913832b8233a50b76815cf7daaa683f827910fd1baca3144e38ade4f617fcb74,donor_parent,f2e1e308912a377c8c7aca6123a1a556c098497f97c20bd99bfe9ccd4c975377,toxinpred3_label,categorical,true,same_frozen_label_contract,audit,label,Non-Toxin,Non-Toxin,,,false,f78fc930b03c009a188aa46831c00bbb14e7f2450a071cab969dcbdce2714e07
vegfa,5913eb3e1ae1f53e79d6de83c7186f4fbdaf33972a88b80ffe847f9413e54f82,de_novo,6177318d009c9b133cfeb1602dde6b44c515d72aad29419d8aa9417395ea9d65,none,,amp_read_log10_mic_um,numeric,false,de_novo_has_no_biological_parent,,,,1.0435984715040738,,,,f5c8c463e2cdd765e1092167bca7d27261a7b69dcbd9ee1b77c3bf5103167c9b
vegfa,5913eb3e1ae1f53e79d6de83c7186f4fbdaf33972a88b80ffe847f9413e54f82,de_novo,6177318d009c9b133cfeb1602dde6b44c515d72aad29419d8aa9417395ea9d65,none,,guruprasad_instability_index,numeric,false,de_novo_has_no_biological_parent,,,,-3.742857,,,,551c07ab384e6bf9227f52320d8e778b5c2fbbc1b63df5823f2b1f979e0e2ad5
vegfa,5913eb3e1ae1f53e79d6de83c7186f4fbdaf33972a88b80ffe847f9413e54f82,de_novo,6177318d009c9b133cfeb1602dde6b44c515d72aad29419d8aa9417395ea9d65,none,,hydrophobic_moment_eisenberg,numeric,false,de_novo_has_no_biological_parent,,,,0.2836573000451644,,,,520399beb043a99e70f3fcb8ec9453dd8e34078066e523a71cd74bea97619ee3
vegfa,5913eb3e1ae1f53e79d6de83c7186f4fbdaf33972a88b80ffe847f9413e54f82,de_novo,6177318d009c9b133cfeb1602dde6b44c515d72aad29419d8aa9417395ea9d65,none,,hydrophobic_ratio_modlamp,numeric,false,de_novo_has_no_biological_parent,,,,0.14285714285714285,,,,b7833d5fb589270fdcc8798f8d8380c6025e01f0b4f29dd56bf0a0ac9338fef1
vegfa,5913eb3e1ae1f53e79d6de83c7186f4fbdaf33972a88b80ffe847f9413e54f82,de_novo,6177318d009c9b133cfeb1602dde6b44c515d72aad29419d8aa9417395ea9d65,none,,llamp_log10_mic_um,numeric,false,de_novo_has_no_biological_parent,,,,1.0981978178024292,,,,7e750e29a73117ddaee13c3f526ef1d00161bdc52e4c9bd20e7351a4d5454598
vegfa,5913eb3e1ae1f53e79d6de83c7186f4fbdaf33972a88b80ffe847f9413e54f82,de_novo,6177318d009c9b133cfeb1602dde6b44c515d72aad29419d8aa9417395ea9d65,none,,macrel_amp_probability,numeric,false,de_novo_has_no_biological_parent,,,,0.475,,,,5b70c90165104b2e31df404de6644a5217a5c0308039fd706ebadc444f380fd2
vegfa,5913eb3e1ae1f53e79d6de83c7186f4fbdaf33972a88b80ffe847f9413e54f82,de_novo,6177318d009c9b133cfeb1602dde6b44c515d72aad29419d8aa9417395ea9d65,none,,macrel_hemolysis_label,categorical,false,de_novo_has_no_biological_parent,,,,high,,,,a2fd9a5c7a21267ce503fb3431eebfaabd40a438af8ec99a2f96e03d3c060e34
vegfa,5913eb3e1ae1f53e79d6de83c7186f4fbdaf33972a88b80ffe847f9413e54f82,de_novo,6177318d009c9b133cfeb1602dde6b44c515d72aad29419d8aa9417395ea9d65,none,,macrel_hemolysis_probability,numeric,false,de_novo_has_no_biological_parent,,,,0.842,,,,f7b45b477a87a65cbea40297bb161b1703dbec9f6c9e9079467f0c59006330b0
vegfa,5913eb3e1ae1f53e79d6de83c7186f4fbdaf33972a88b80ffe847f9413e54f82,de_novo,6177318d009c9b133cfeb1602dde6b44c515d72aad29419d8aa9417395ea9d65,none,,maximum_hydrophobic_run,numeric,false,de_novo_has_no_biological_parent,,,,1,,,,d4fc6cba1f8acf501bb6898b5f0b74f1f3709fb7f7d1dd827440d06abefad86b
vegfa,5913eb3e1ae1f53e79d6de83c7186f4fbdaf33972a88b80ffe847f9413e54f82,de_novo,6177318d009c9b133cfeb1602dde6b44c515d72aad29419d8aa9417395ea9d65,none,,net_charge_ph7_4,numeric,false,de_novo_has_no_biological_parent,,,,11.066,,,,d7ff02ea8645f4808aaf3fc2bbc4e745fcd324cdcabbd428e077115a795fdf6f
vegfa,5913eb3e1ae1f53e79d6de83c7186f4fbdaf33972a88b80ffe847f9413e54f82,de_novo,6177318d009c9b133cfeb1602dde6b44c515d72aad29419d8aa9417395ea9d65,none,,toxinpred3_hybrid_score,numeric,false,de_novo_has_no_biological_parent,,,,0.46,,,,9cd7d327ae50e50942cb2c6d83d65c2bafb84039b84e4f0206682fe59d4e0a79
vegfa,5913eb3e1ae1f53e79d6de83c7186f4fbdaf33972a88b80ffe847f9413e54f82,de_novo,6177318d009c9b133cfeb1602dde6b44c515d72aad29419d8aa9417395ea9d65,none,,toxinpred3_label,categorical,false,de_novo_has_no_biological_parent,,,,Toxin,,,,4d8368089a03b2ed8146a3d64e4db37cb78b002b27c87c6ff3e93ff470c4cfbf
vegfa,b543e3fdeed3e9c4ae26eaa37f41cac85b9f8bc4aa317f970bd51efab59bf614,de_novo,c9eccfcd12f27b449370f4d546fb147377dbd7b05f5eb66692f56055c043e0d5,none,,amp_read_log10_mic_um,numeric,false,de_novo_has_no_biological_parent,,,,2.1523447221104073,,,,52d825b03daba3fe4dbcbf8edc473dab47fb872657978bfe831dee83b86c47b3
vegfa,b543e3fdeed3e9c4ae26eaa37f41cac85b9f8bc4aa317f970bd51efab59bf614,de_novo,c9eccfcd12f27b449370f4d546fb147377dbd7b05f5eb66692f56055c043e0d5,none,,guruprasad_instability_index,numeric,false,de_novo_has_no_biological_parent,,,,7.819231,,,,17a98eb51b47a4c73bb5716b2f401334022a29af6172fbc1cf6dce38444beeaa
vegfa,b543e3fdeed3e9c4ae26eaa37f41cac85b9f8bc4aa317f970bd51efab59bf614,de_novo,c9eccfcd12f27b449370f4d546fb147377dbd7b05f5eb66692f56055c043e0d5,none,,hydrophobic_moment_eisenberg,numeric,false,de_novo_has_no_biological_parent,,,,0.16034213016870702,,,,f96a2f054a60410dc7437b7606525e7aee5f906a0c7f7ed5035bca8ab05a804f
vegfa,b543e3fdeed3e9c4ae26eaa37f41cac85b9f8bc4aa317f970bd51efab59bf614,de_novo,c9eccfcd12f27b449370f4d546fb147377dbd7b05f5eb66692f56055c043e0d5,none,,hydrophobic_ratio_modlamp,numeric,false,de_novo_has_no_biological_parent,,,,0.15384615384615385,,,,ec38bd7f6a90d342a35fda0ce754ff1f838f6f44560dacfc6d9d1af25c98a36e
vegfa,b543e3fdeed3e9c4ae26eaa37f41cac85b9f8bc4aa317f970bd51efab59bf614,de_novo,c9eccfcd12f27b449370f4d546fb147377dbd7b05f5eb66692f56055c043e0d5,none,,llamp_log10_mic_um,numeric,false,de_novo_has_no_biological_parent,,,,1.5600355863571167,,,,f20914a4a98abb1f6c98741502f273f6b879ce8e4f61034c76a16bd370ad734f
vegfa,b543e3fdeed3e9c4ae26eaa37f41cac85b9f8bc4aa317f970bd51efab59bf614,de_novo,c9eccfcd12f27b449370f4d546fb147377dbd7b05f5eb66692f56055c043e0d5,none,,macrel_amp_probability,numeric,false,de_novo_has_no_biological_parent,,,,0.188,,,,9c1e2cd6920a9677db61b87c61dca51a0259f6e7ee1a1808604c934c9730f2d4
vegfa,b543e3fdeed3e9c4ae26eaa37f41cac85b9f8bc4aa317f970bd51efab59bf614,de_novo,c9eccfcd12f27b449370f4d546fb147377dbd7b05f5eb66692f56055c043e0d5,none,,macrel_hemolysis_label,categorical,false,de_novo_has_no_biological_parent,,,,high,,,,807e931b1de3d69a5a82b5cece40c47c57f984f8f7d134dff5af34894b0e163d
vegfa,b543e3fdeed3e9c4ae26eaa37f41cac85b9f8bc4aa317f970bd51efab59bf614,de_novo,c9eccfcd12f27b449370f4d546fb147377dbd7b05f5eb66692f56055c043e0d5,none,,macrel_hemolysis_probability,numeric,false,de_novo_has_no_biological_parent,,,,0.574,,,,bb696e67df6a98608e820f637a7d0ebc6ba30c141580ceac673d4a1d32a93cdb
vegfa,b543e3fdeed3e9c4ae26eaa37f41cac85b9f8bc4aa317f970bd51efab59bf614,de_novo,c9eccfcd12f27b449370f4d546fb147377dbd7b05f5eb66692f56055c043e0d5,none,,maximum_hydrophobic_run,numeric,false,de_novo_has_no_biological_parent,,,,2,,,,7a04cb66c519281b788bbae3d78a7c40a15eb7cba35603cbd742a7fbead108b5
vegfa,b543e3fdeed3e9c4ae26eaa37f41cac85b9f8bc4aa317f970bd51efab59bf614,de_novo,c9eccfcd12f27b449370f4d546fb147377dbd7b05f5eb66692f56055c043e0d5,none,,net_charge_ph7_4,numeric,false,de_novo_has_no_biological_parent,,,,15.066,,,,31a2419d2a750706c6724510ada544c51e5b41d2df50f6b485d52d349c1dcaed
vegfa,b543e3fdeed3e9c4ae26eaa37f41cac85b9f8bc4aa317f970bd51efab59bf614,de_novo,c9eccfcd12f27b449370f4d546fb147377dbd7b05f5eb66692f56055c043e0d5,none,,toxinpred3_hybrid_score,numeric,false,de_novo_has_no_biological_parent,,,,0.41,,,,01e244d901aef979405c40b92df474b06041c48fb88b68b772839eb9d362e832
vegfa,b543e3fdeed3e9c4ae26eaa37f41cac85b9f8bc4aa317f970bd51efab59bf614,de_novo,c9eccfcd12f27b449370f4d546fb147377dbd7b05f5eb66692f56055c043e0d5,none,,toxinpred3_label,categorical,false,de_novo_has_no_biological_parent,,,,Toxin,,,,63fdec468b9a3b1114cfea9fa0a37b5884d54966d3b5b677f34b859cc5d7ce42
vegfa,d1ec4060f4cba72abc359fd3a3fd4900b6317858667aa3112065d9679094d115,masked_substitution,94f1d724831ffb5175f96169034dee580b3afedae460e31227b189428dfc7304,primary_parent,02e6e8a9041d1f5e02ded66ace7f1bf8353933cb460554f7d6d4f7827ee851e3,amp_read_log10_mic_um,numeric,true,same_frozen_numeric_contract,minimize,log10(uM),0.8502392420270765,0.7881271293076951,-0.06211211271938133,0.06211211271938133,true,7e37b9c1e3cb8c47476772ce727aa3890cf29c6d193c9da1441f1dee220247da
vegfa,d1ec4060f4cba72abc359fd3a3fd4900b6317858667aa3112065d9679094d115,masked_substitution,94f1d724831ffb5175f96169034dee580b3afedae460e31227b189428dfc7304,primary_parent,02e6e8a9041d1f5e02ded66ace7f1bf8353933cb460554f7d6d4f7827ee851e3,guruprasad_instability_index,numeric,true,same_frozen_numeric_contract,minimize,index,-9.308695652173913,-9.308696,-3.478260861555782e-07,3.478260861555782e-07,true,109b1d42b6b29dcccdf1ed4bcb9f2ead54f45e21f083dd0d3da181bf12764985
vegfa,d1ec4060f4cba72abc359fd3a3fd4900b6317858667aa3112065d9679094d115,masked_substitution,94f1d724831ffb5175f96169034dee580b3afedae460e31227b189428dfc7304,primary_parent,02e6e8a9041d1f5e02ded66ace7f1bf8353933cb460554f7d6d4f7827ee851e3,hydrophobic_moment_eisenberg,numeric,false,audit_metric_has_no_monotonic_improvement_direction,audit,dimensionless,0.14056582796750103,0.11214198764078968,-0.028423840326711344,,true,a16cc5a7bbc25a35a94bc895e6865c47d50196513ee18339d07c43d13d6a34db
vegfa,d1ec4060f4cba72abc359fd3a3fd4900b6317858667aa3112065d9679094d115,masked_substitution,94f1d724831ffb5175f96169034dee580b3afedae460e31227b189428dfc7304,primary_parent,02e6e8a9041d1f5e02ded66ace7f1bf8353933cb460554f7d6d4f7827ee851e3,hydrophobic_ratio_modlamp,numeric,false,audit_metric_has_no_monotonic_improvement_direction,audit,fraction,0.2608695652173913,0.2608695652173913,0.0,,false,5c9be21046292306073690dc4cc1aa3bc981764660efae3da1ac7195ce6fee42
vegfa,d1ec4060f4cba72abc359fd3a3fd4900b6317858667aa3112065d9679094d115,masked_substitution,94f1d724831ffb5175f96169034dee580b3afedae460e31227b189428dfc7304,primary_parent,02e6e8a9041d1f5e02ded66ace7f1bf8353933cb460554f7d6d4f7827ee851e3,llamp_log10_mic_um,numeric,true,same_frozen_numeric_contract,minimize,log10(uM),1.3610467910766602,1.5398879051208496,0.17884111404418945,-0.17884111404418945,true,09ba2697b35a1ed717845c7211f97ac7f9be2b5c4eaa74c089289ee20f83ce7d
vegfa,d1ec4060f4cba72abc359fd3a3fd4900b6317858667aa3112065d9679094d115,masked_substitution,94f1d724831ffb5175f96169034dee580b3afedae460e31227b189428dfc7304,primary_parent,02e6e8a9041d1f5e02ded66ace7f1bf8353933cb460554f7d6d4f7827ee851e3,macrel_amp_probability,numeric,true,same_frozen_numeric_contract,maximize,probability,0.584,0.554,-0.029999999999999916,-0.029999999999999916,true,08e5eaff2b3f3bb7cc20d41f59753253633d31daae8f005920084d55a7253668
vegfa,d1ec4060f4cba72abc359fd3a3fd4900b6317858667aa3112065d9679094d115,masked_substitution,94f1d724831ffb5175f96169034dee580b3afedae460e31227b189428dfc7304,primary_parent,02e6e8a9041d1f5e02ded66ace7f1bf8353933cb460554f7d6d4f7827ee851e3,macrel_hemolysis_label,categorical,true,same_frozen_label_contract,audit,label,low,low,,,false,2b9efe865f92bd2aec4668b7d0647aab8ed1d09133c6cc2aff656840569b1300
vegfa,d1ec4060f4cba72abc359fd3a3fd4900b6317858667aa3112065d9679094d115,masked_substitution,94f1d724831ffb5175f96169034dee580b3afedae460e31227b189428dfc7304,primary_parent,02e6e8a9041d1f5e02ded66ace7f1bf8353933cb460554f7d6d4f7827ee851e3,macrel_hemolysis_probability,numeric,true,same_frozen_numeric_contract,minimize,probability,0.465,0.436,-0.029000000000000026,0.029000000000000026,true,a40eafb53f20ea4d0eb1504551ad0c5585b467c523fee55876c9cf3255a64e1b
vegfa,d1ec4060f4cba72abc359fd3a3fd4900b6317858667aa3112065d9679094d115,masked_substitution,94f1d724831ffb5175f96169034dee580b3afedae460e31227b189428dfc7304,primary_parent,02e6e8a9041d1f5e02ded66ace7f1bf8353933cb460554f7d6d4f7827ee851e3,maximum_hydrophobic_run,numeric,true,same_frozen_numeric_contract,minimize,residues,2.0,2.0,0.0,-0.0,false,3f3c96926e52c148a4b299133cb46b7e2fac8ab7a0d17bf6851ba315623eaca5
vegfa,d1ec4060f4cba72abc359fd3a3fd4900b6317858667aa3112065d9679094d115,masked_substitution,94f1d724831ffb5175f96169034dee580b3afedae460e31227b189428dfc7304,primary_parent,02e6e8a9041d1f5e02ded66ace7f1bf8353933cb460554f7d6d4f7827ee851e3,net_charge_ph7_4,numeric,false,audit_metric_has_no_monotonic_improvement_direction,audit,elementary_charge,6.112,6.112,0.0,,false,d27d916e4aba648dd3dbed2747f380896ae3771f48d8532c48113f2a531187e8
vegfa,d1ec4060f4cba72abc359fd3a3fd4900b6317858667aa3112065d9679094d115,masked_substitution,94f1d724831ffb5175f96169034dee580b3afedae460e31227b189428dfc7304,primary_parent,02e6e8a9041d1f5e02ded66ace7f1bf8353933cb460554f7d6d4f7827ee851e3,toxinpred3_hybrid_score,numeric,true,same_frozen_numeric_contract,minimize,dimensionless,0.0,0.41,0.41,-0.41,true,0a161b0fa4ff93a0c91a251c10411aaf13642ed6feb67175bf8c16dd2b9520e4
vegfa,d1ec4060f4cba72abc359fd3a3fd4900b6317858667aa3112065d9679094d115,masked_substitution,94f1d724831ffb5175f96169034dee580b3afedae460e31227b189428dfc7304,primary_parent,02e6e8a9041d1f5e02ded66ace7f1bf8353933cb460554f7d6d4f7827ee851e3,toxinpred3_label,categorical,true,same_frozen_label_contract,audit,label,Non-Toxin,Toxin,,,true,a6fd681de633dabd15290f8332bdf2ee0d70c2e88998d2e5a6587958f222e355
vegfa,bbc1f68c1f5dee991bd369011bc6bbf3660659999c4bb84d2be9422131264466,controlled_crossover,1a8ca8231aecda806f4399d3152836fad1f356aa9293b9ae591cf6872c85c8e0,primary_parent,5bb1620e8df9873d69294786b12a4a564aac84f6200820fd0e4b0dc2f39982d4,amp_read_log10_mic_um,numeric,true,same_frozen_numeric_contract,minimize,log10(uM),0.9090169459541058,1.333294598617822,0.4242776526637162,-0.4242776526637162,true,6cd5e08fe169964c3888928ed704d7ba59a5684b6ae1db1e5d1d6dd113035b96
vegfa,bbc1f68c1f5dee991bd369011bc6bbf3660659999c4bb84d2be9422131264466,controlled_crossover,1a8ca8231aecda806f4399d3152836fad1f356aa9293b9ae591cf6872c85c8e0,primary_parent,5bb1620e8df9873d69294786b12a4a564aac84f6200820fd0e4b0dc2f39982d4,guruprasad_instability_index,numeric,true,same_frozen_numeric_contract,minimize,index,-5.6173913043478265,9.621739,15.239130304347826,-15.239130304347826,true,e4a1efcac02eedab9f5310236a007b7627fb1bba358c6c8a08b34f51ef7ded29
vegfa,bbc1f68c1f5dee991bd369011bc6bbf3660659999c4bb84d2be9422131264466,controlled_crossover,1a8ca8231aecda806f4399d3152836fad1f356aa9293b9ae591cf6872c85c8e0,primary_parent,5bb1620e8df9873d69294786b12a4a564aac84f6200820fd0e4b0dc2f39982d4,hydrophobic_moment_eisenberg,numeric,false,audit_metric_has_no_monotonic_improvement_direction,audit,dimensionless,0.1821248502999208,0.038076698309853316,-0.14404815199006749,,true,ef659b866a00b198321368b6132d38a01060f52a5f957aec8ba1ce68eb0ea570
vegfa,bbc1f68c1f5dee991bd369011bc6bbf3660659999c4bb84d2be9422131264466,controlled_crossover,1a8ca8231aecda806f4399d3152836fad1f356aa9293b9ae591cf6872c85c8e0,primary_parent,5bb1620e8df9873d69294786b12a4a564aac84f6200820fd0e4b0dc2f39982d4,hydrophobic_ratio_modlamp,numeric,false,audit_metric_has_no_monotonic_improvement_direction,audit,fraction,0.21739130434782608,0.08695652173913043,-0.13043478260869565,,true,e0a63989e7f44b5eb18ebd5d89c0ae48ccd7e368ee25c5320e25b212ab5291b4
vegfa,bbc1f68c1f5dee991bd369011bc6bbf3660659999c4bb84d2be9422131264466,controlled_crossover,1a8ca8231aecda806f4399d3152836fad1f356aa9293b9ae591cf6872c85c8e0,primary_parent,5bb1620e8df9873d69294786b12a4a564aac84f6200820fd0e4b0dc2f39982d4,llamp_log10_mic_um,numeric,true,same_frozen_numeric_contract,minimize,log10(uM),1.4432967901229858,2.000859498977661,0.5575627088546753,-0.5575627088546753,true,43c529de02de6015f0853224e8b22fc9b49e78ff2e1720bb69ed8bae8797b518
vegfa,bbc1f68c1f5dee991bd369011bc6bbf3660659999c4bb84d2be9422131264466,controlled_crossover,1a8ca8231aecda806f4399d3152836fad1f356aa9293b9ae591cf6872c85c8e0,primary_parent,5bb1620e8df9873d69294786b12a4a564aac84f6200820fd0e4b0dc2f39982d4,macrel_amp_probability,numeric,true,same_frozen_numeric_contract,maximize,probability,0.521,0.366,-0.15500000000000003,-0.15500000000000003,true,f7a9ee553e427c372cafc634bb9c1709b92fa71dbcbb68bdebfed4d822184e33
vegfa,bbc1f68c1f5dee991bd369011bc6bbf3660659999c4bb84d2be9422131264466,controlled_crossover,1a8ca8231aecda806f4399d3152836fad1f356aa9293b9ae591cf6872c85c8e0,primary_parent,5bb1620e8df9873d69294786b12a4a564aac84f6200820fd0e4b0dc2f39982d4,macrel_hemolysis_label,categorical,true,same_frozen_label_contract,audit,label,low,low,,,false,6cf0692b2e6e0fe967ab5f4de778d567c554b80167a71b4ca56944d6a8ebb449
vegfa,bbc1f68c1f5dee991bd369011bc6bbf3660659999c4bb84d2be9422131264466,controlled_crossover,1a8ca8231aecda806f4399d3152836fad1f356aa9293b9ae591cf6872c85c8e0,primary_parent,5bb1620e8df9873d69294786b12a4a564aac84f6200820fd0e4b0dc2f39982d4,macrel_hemolysis_probability,numeric,true,same_frozen_numeric_contract,minimize,probability,0.446,0.396,-0.04999999999999999,0.04999999999999999,true,87cc75563b526cff5448c8b958e4dae474e663a6916c9a1542c0de0ed04acc81
vegfa,bbc1f68c1f5dee991bd369011bc6bbf3660659999c4bb84d2be9422131264466,controlled_crossover,1a8ca8231aecda806f4399d3152836fad1f356aa9293b9ae591cf6872c85c8e0,primary_parent,5bb1620e8df9873d69294786b12a4a564aac84f6200820fd0e4b0dc2f39982d4,maximum_hydrophobic_run,numeric,true,same_frozen_numeric_contract,minimize,residues,2.0,1.0,-1.0,1.0,true,542c87a05371e7c20004bdaf162ef8be480d667aed89930cffc2afabf455143f
vegfa,bbc1f68c1f5dee991bd369011bc6bbf3660659999c4bb84d2be9422131264466,controlled_crossover,1a8ca8231aecda806f4399d3152836fad1f356aa9293b9ae591cf6872c85c8e0,primary_parent,5bb1620e8df9873d69294786b12a4a564aac84f6200820fd0e4b0dc2f39982d4,net_charge_ph7_4,numeric,false,audit_metric_has_no_monotonic_improvement_direction,audit,elementary_charge,6.154,6.195,0.04100000000000037,,true,e3c5ce1756b256e7c9023e8a9a3aec36b64ddf298bca38150b6d35ec350ee197
vegfa,bbc1f68c1f5dee991bd369011bc6bbf3660659999c4bb84d2be9422131264466,controlled_crossover,1a8ca8231aecda806f4399d3152836fad1f356aa9293b9ae591cf6872c85c8e0,primary_parent,5bb1620e8df9873d69294786b12a4a564aac84f6200820fd0e4b0dc2f39982d4,toxinpred3_hybrid_score,numeric,true,same_frozen_numeric_contract,minimize,dimensionless,0.0,0.0,0.0,-0.0,false,571f941366ea0f228557d4c68bcc882c8dff00014db63c946ff5c068fb7bb398
vegfa,bbc1f68c1f5dee991bd369011bc6bbf3660659999c4bb84d2be9422131264466,controlled_crossover,1a8ca8231aecda806f4399d3152836fad1f356aa9293b9ae591cf6872c85c8e0,primary_parent,5bb1620e8df9873d69294786b12a4a564aac84f6200820fd0e4b0dc2f39982d4,toxinpred3_label,categorical,true,same_frozen_label_contract,audit,label,Non-Toxin,Non-Toxin,,,false,decc5f805d983ddd8ab7ed7bf1018f1ffaa3d20ee34684ea83137edd703ae47b
vegfa,bbc1f68c1f5dee991bd369011bc6bbf3660659999c4bb84d2be9422131264466,controlled_crossover,1a8ca8231aecda806f4399d3152836fad1f356aa9293b9ae591cf6872c85c8e0,donor_parent,f2e1e308912a377c8c7aca6123a1a556c098497f97c20bd99bfe9ccd4c975377,amp_read_log10_mic_um,numeric,true,same_frozen_numeric_contract,minimize,log10(uM),1.0863599077352775,1.333294598617822,0.2469346908825445,-0.2469346908825445,true,a2f4e0e73a7629bd6bc24c3fe834998991ac447f5fc34c929f9def6aab79061f
vegfa,bbc1f68c1f5dee991bd369011bc6bbf3660659999c4bb84d2be9422131264466,controlled_crossover,1a8ca8231aecda806f4399d3152836fad1f356aa9293b9ae591cf6872c85c8e0,donor_parent,f2e1e308912a377c8c7aca6123a1a556c098497f97c20bd99bfe9ccd4c975377,guruprasad_instability_index,numeric,true,same_frozen_numeric_contract,minimize,index,14.769230769230766,9.621739,-5.147491769230767,5.147491769230767,true,0684c3d25e9c56ceaaef9ef700f3386b71bb3fb6d915f0d9fce4ede90808b092
vegfa,bbc1f68c1f5dee991bd369011bc6bbf3660659999c4bb84d2be9422131264466,controlled_crossover,1a8ca8231aecda806f4399d3152836fad1f356aa9293b9ae591cf6872c85c8e0,donor_parent,f2e1e308912a377c8c7aca6123a1a556c098497f97c20bd99bfe9ccd4c975377,hydrophobic_moment_eisenberg,numeric,false,audit_metric_has_no_monotonic_improvement_direction,audit,dimensionless,0.10563857941862062,0.038076698309853316,-0.0675618811087673,,true,d7bbd232799d0b1fc42065e62df020f095f61392ecbbe4c25aa9c9aa11f522ea
vegfa,bbc1f68c1f5dee991bd369011bc6bbf3660659999c4bb84d2be9422131264466,controlled_crossover,1a8ca8231aecda806f4399d3152836fad1f356aa9293b9ae591cf6872c85c8e0,donor_parent,f2e1e308912a377c8c7aca6123a1a556c098497f97c20bd99bfe9ccd4c975377,hydrophobic_ratio_modlamp,numeric,false,audit_metric_has_no_monotonic_improvement_direction,audit,fraction,0.07692307692307693,0.08695652173913043,0.010033444816053505,,true,a1f75320fbeb5e6c7bab4faa4fa72ce6608dac92257213cb27ec4dc59bd1a368
vegfa,bbc1f68c1f5dee991bd369011bc6bbf3660659999c4bb84d2be9422131264466,controlled_crossover,1a8ca8231aecda806f4399d3152836fad1f356aa9293b9ae591cf6872c85c8e0,donor_parent,f2e1e308912a377c8c7aca6123a1a556c098497f97c20bd99bfe9ccd4c975377,llamp_log10_mic_um,numeric,true,same_frozen_numeric_contract,minimize,log10(uM),1.0173412561416626,2.000859498977661,0.9835182428359985,-0.9835182428359985,true,2d6563062195fce6cccc96ba9dd4d051bc20997944de1292e47a37b0e0cc0df6
vegfa,bbc1f68c1f5dee991bd369011bc6bbf3660659999c4bb84d2be9422131264466,controlled_crossover,1a8ca8231aecda806f4399d3152836fad1f356aa9293b9ae591cf6872c85c8e0,donor_parent,f2e1e308912a377c8c7aca6123a1a556c098497f97c20bd99bfe9ccd4c975377,macrel_amp_probability,numeric,true,same_frozen_numeric_contract,maximize,probability,0.515,0.366,-0.14900000000000002,-0.14900000000000002,true,14d40d799e25ca0e5ed106c19c3402d6de142a6b0487fda57f9ad3f97f2fa159
vegfa,bbc1f68c1f5dee991bd369011bc6bbf3660659999c4bb84d2be9422131264466,controlled_crossover,1a8ca8231aecda806f4399d3152836fad1f356aa9293b9ae591cf6872c85c8e0,donor_parent,f2e1e308912a377c8c7aca6123a1a556c098497f97c20bd99bfe9ccd4c975377,macrel_hemolysis_label,categorical,true,same_frozen_label_contract,audit,label,low,low,,,false,8e61e4b8cc2bad8fb85dc9c3248e96dd6a383298c643323a377da2177a878f65
vegfa,bbc1f68c1f5dee991bd369011bc6bbf3660659999c4bb84d2be9422131264466,controlled_crossover,1a8ca8231aecda806f4399d3152836fad1f356aa9293b9ae591cf6872c85c8e0,donor_parent,f2e1e308912a377c8c7aca6123a1a556c098497f97c20bd99bfe9ccd4c975377,macrel_hemolysis_probability,numeric,true,same_frozen_numeric_contract,minimize,probability,0.465,0.396,-0.069,0.069,true,d8693dd83c57e724f88833e99bdbf803b184cae32e2f51f0a56216a23f7c2ae7
vegfa,bbc1f68c1f5dee991bd369011bc6bbf3660659999c4bb84d2be9422131264466,controlled_crossover,1a8ca8231aecda806f4399d3152836fad1f356aa9293b9ae591cf6872c85c8e0,donor_parent,f2e1e308912a377c8c7aca6123a1a556c098497f97c20bd99bfe9ccd4c975377,maximum_hydrophobic_run,numeric,true,same_frozen_numeric_contract,minimize,residues,2.0,1.0,-1.0,1.0,true,dd8080d9f56ff964b074435dccd57405cf2ebf3af4d09c5618091b1b8e2af7d5
vegfa,bbc1f68c1f5dee991bd369011bc6bbf3660659999c4bb84d2be9422131264466,controlled_crossover,1a8ca8231aecda806f4399d3152836fad1f356aa9293b9ae591cf6872c85c8e0,donor_parent,f2e1e308912a377c8c7aca6123a1a556c098497f97c20bd99bfe9ccd4c975377,net_charge_ph7_4,numeric,false,audit_metric_has_no_monotonic_improvement_direction,audit,elementary_charge,10.151,6.195,-3.9559999999999995,,true,56a83ae826f14afa1dac3855767a3825799ef8054efc15c5ad3bfd9ee769afc7
vegfa,bbc1f68c1f5dee991bd369011bc6bbf3660659999c4bb84d2be9422131264466,controlled_crossover,1a8ca8231aecda806f4399d3152836fad1f356aa9293b9ae591cf6872c85c8e0,donor_parent,f2e1e308912a377c8c7aca6123a1a556c098497f97c20bd99bfe9ccd4c975377,toxinpred3_hybrid_score,numeric,true,same_frozen_numeric_contract,minimize,dimensionless,0.01,0.0,-0.01,0.01,true,e7ba94bc33d4330983eef071e5946e5b66af2253f9ad02bac2ece1d8e19942a3
vegfa,bbc1f68c1f5dee991bd369011bc6bbf3660659999c4bb84d2be9422131264466,controlled_crossover,1a8ca8231aecda806f4399d3152836fad1f356aa9293b9ae591cf6872c85c8e0,donor_parent,f2e1e308912a377c8c7aca6123a1a556c098497f97c20bd99bfe9ccd4c975377,toxinpred3_label,categorical,true,same_frozen_label_contract,audit,label,Non-Toxin,Non-Toxin,,,false,57cacf623687874c5a21f7d84d424c8f25d6b1ad70187ee33fe5e559d32b3174
vegfa,97c198ef0b0356a9f570fce2e4580e5284099c673989c0b96390774f33c7f0cd,de_novo,3d12560b7a6f85450b409981e65afe56e6c47f1d7158939cab3b27871440cce3,none,,amp_read_log10_mic_um,numeric,false,de_novo_has_no_biological_parent,,,,2.3721989852477003,,,,68124fd93d87b24670464143a4bff0b270441dc563347a62e801e540aa7fa036
vegfa,97c198ef0b0356a9f570fce2e4580e5284099c673989c0b96390774f33c7f0cd,de_novo,3d12560b7a6f85450b409981e65afe56e6c47f1d7158939cab3b27871440cce3,none,,guruprasad_instability_index,numeric,false,de_novo_has_no_biological_parent,,,,31.508000,,,,74eead3d093ce0dc1b6b1d3b5d8a237feefc5dcd5cd0b698290cb5b6cd27293c
vegfa,97c198ef0b0356a9f570fce2e4580e5284099c673989c0b96390774f33c7f0cd,de_novo,3d12560b7a6f85450b409981e65afe56e6c47f1d7158939cab3b27871440cce3,none,,hydrophobic_moment_eisenberg,numeric,false,de_novo_has_no_biological_parent,,,,0.24785753554732926,,,,ec27fe4bf223e15f41b41ca57680f981431770dfb93ac0a968791aba9793f82b
vegfa,97c198ef0b0356a9f570fce2e4580e5284099c673989c0b96390774f33c7f0cd,de_novo,3d12560b7a6f85450b409981e65afe56e6c47f1d7158939cab3b27871440cce3,none,,hydrophobic_ratio_modlamp,numeric,false,de_novo_has_no_biological_parent,,,,0.24,,,,a9f56a50b639092a1bdb7952464cc1fdbe92ca902614dde44db8cc6fa16726be
vegfa,97c198ef0b0356a9f570fce2e4580e5284099c673989c0b96390774f33c7f0cd,de_novo,3d12560b7a6f85450b409981e65afe56e6c47f1d7158939cab3b27871440cce3,none,,llamp_log10_mic_um,numeric,false,de_novo_has_no_biological_parent,,,,0.874178409576416,,,,d74975067e3abb1cf1d4e38b7b348acb78838149328aa16c8a7eb456670305c3
vegfa,97c198ef0b0356a9f570fce2e4580e5284099c673989c0b96390774f33c7f0cd,de_novo,3d12560b7a6f85450b409981e65afe56e6c47f1d7158939cab3b27871440cce3,none,,macrel_amp_probability,numeric,false,de_novo_has_no_biological_parent,,,,0.416,,,,c8e581fa588a2e77706dc58d3822b998dbfd75b0f8b8d380704b1c23d37aa0ba
vegfa,97c198ef0b0356a9f570fce2e4580e5284099c673989c0b96390774f33c7f0cd,de_novo,3d12560b7a6f85450b409981e65afe56e6c47f1d7158939cab3b27871440cce3,none,,macrel_hemolysis_label,categorical,false,de_novo_has_no_biological_parent,,,,low,,,,3d6d599a5a4e026127275ef792e9c0f21990a5cab3c2a0ca4c686b22893cf051
vegfa,97c198ef0b0356a9f570fce2e4580e5284099c673989c0b96390774f33c7f0cd,de_novo,3d12560b7a6f85450b409981e65afe56e6c47f1d7158939cab3b27871440cce3,none,,macrel_hemolysis_probability,numeric,false,de_novo_has_no_biological_parent,,,,0.297,,,,c8fbdca6b9f347829e2e469716c39020d4b8c874d608e84fcba65d69390649ac
vegfa,97c198ef0b0356a9f570fce2e4580e5284099c673989c0b96390774f33c7f0cd,de_novo,3d12560b7a6f85450b409981e65afe56e6c47f1d7158939cab3b27871440cce3,none,,maximum_hydrophobic_run,numeric,false,de_novo_has_no_biological_parent,,,,2,,,,11ca8ce8321db29bc15ff31104faf7e136253b0bae96ba4664bbaeef53d2a99e
vegfa,97c198ef0b0356a9f570fce2e4580e5284099c673989c0b96390774f33c7f0cd,de_novo,3d12560b7a6f85450b409981e65afe56e6c47f1d7158939cab3b27871440cce3,none,,net_charge_ph7_4,numeric,false,de_novo_has_no_biological_parent,,,,8.109,,,,fc96bda3c7fac353592ca19f29101bac5fe014a94233f27960ec0f8763a54d6d
vegfa,97c198ef0b0356a9f570fce2e4580e5284099c673989c0b96390774f33c7f0cd,de_novo,3d12560b7a6f85450b409981e65afe56e6c47f1d7158939cab3b27871440cce3,none,,toxinpred3_hybrid_score,numeric,false,de_novo_has_no_biological_parent,,,,0.0,,,,6f74ebe5593ee531b8cf87199196a0bd9100e9a6f93a3eac4236d901c2e47725
vegfa,97c198ef0b0356a9f570fce2e4580e5284099c673989c0b96390774f33c7f0cd,de_novo,3d12560b7a6f85450b409981e65afe56e6c47f1d7158939cab3b27871440cce3,none,,toxinpred3_label,categorical,false,de_novo_has_no_biological_parent,,,,Non-Toxin,,,,c4319662bdda1c0a69a63c6f7ee9269514cad13ab903365592bca517d0f84de8
vegfa,09380e921c820008f519873b72996df94c5c314ff51ed4f3d3d76fa472e86b6a,de_novo,f1b6e088e741675e9171c6f9edc853e03c45f3a380510f784b7c8f9d7d7078ec,none,,amp_read_log10_mic_um,numeric,false,de_novo_has_no_biological_parent,,,,1.9547106989325118,,,,3dd5e78a2cbda9e0bf6885d78ed3d482a995ae4dfef703a36d6c9750db067f19
vegfa,09380e921c820008f519873b72996df94c5c314ff51ed4f3d3d76fa472e86b6a,de_novo,f1b6e088e741675e9171c6f9edc853e03c45f3a380510f784b7c8f9d7d7078ec,none,,guruprasad_instability_index,numeric,false,de_novo_has_no_biological_parent,,,,29.317391,,,,f3247f45c8f886e5d9117186a4c6af45d45b4359b89932ce33a1fed0b223d2ca
vegfa,09380e921c820008f519873b72996df94c5c314ff51ed4f3d3d76fa472e86b6a,de_novo,f1b6e088e741675e9171c6f9edc853e03c45f3a380510f784b7c8f9d7d7078ec,none,,hydrophobic_moment_eisenberg,numeric,false,de_novo_has_no_biological_parent,,,,0.22030456254034309,,,,b70007cf747cba851736e73b5d278c3056c7c2bce9321e8fdfc0ce9799b6d374
vegfa,09380e921c820008f519873b72996df94c5c314ff51ed4f3d3d76fa472e86b6a,de_novo,f1b6e088e741675e9171c6f9edc853e03c45f3a380510f784b7c8f9d7d7078ec,none,,hydrophobic_ratio_modlamp,numeric,false,de_novo_has_no_biological_parent,,,,0.043478260869565216,,,,2cf607bdc30c74f7640bbad2841c7211b225b679335f78d640cf2e964b3e2f12
vegfa,09380e921c820008f519873b72996df94c5c314ff51ed4f3d3d76fa472e86b6a,de_novo,f1b6e088e741675e9171c6f9edc853e03c45f3a380510f784b7c8f9d7d7078ec,none,,llamp_log10_mic_um,numeric,false,de_novo_has_no_biological_parent,,,,0.566674530506134,,,,a1fae7c9516b61a5be55b276672d76be2edb756aef6ff104a52f1905cd983810
vegfa,09380e921c820008f519873b72996df94c5c314ff51ed4f3d3d76fa472e86b6a,de_novo,f1b6e088e741675e9171c6f9edc853e03c45f3a380510f784b7c8f9d7d7078ec,none,,macrel_amp_probability,numeric,false,de_novo_has_no_biological_parent,,,,0.238,,,,31170dad29de49180f3124fcfa48f037d1196ad2aac1f8ed92adf9b477bfc90d
vegfa,09380e921c820008f519873b72996df94c5c314ff51ed4f3d3d76fa472e86b6a,de_novo,f1b6e088e741675e9171c6f9edc853e03c45f3a380510f784b7c8f9d7d7078ec,none,,macrel_hemolysis_label,categorical,false,de_novo_has_no_biological_parent,,,,high,,,,3437caa62197ec722db4f10d6530cb1462594bbcb7c9c4cb4d4cb983c09429e8
vegfa,09380e921c820008f519873b72996df94c5c314ff51ed4f3d3d76fa472e86b6a,de_novo,f1b6e088e741675e9171c6f9edc853e03c45f3a380510f784b7c8f9d7d7078ec,none,,macrel_hemolysis_probability,numeric,false,de_novo_has_no_biological_parent,,,,0.673,,,,0aabb3babc960a9e6f462218cfec31f6a1f514578be0cb3d614c875348cb3a6a
vegfa,09380e921c820008f519873b72996df94c5c314ff51ed4f3d3d76fa472e86b6a,de_novo,f1b6e088e741675e9171c6f9edc853e03c45f3a380510f784b7c8f9d7d7078ec,none,,maximum_hydrophobic_run,numeric,false,de_novo_has_no_biological_parent,,,,1,,,,9b3656630f85de1d82f7c43f596aa668223096416655577e22f11fe76515fb1e
vegfa,09380e921c820008f519873b72996df94c5c314ff51ed4f3d3d76fa472e86b6a,de_novo,f1b6e088e741675e9171c6f9edc853e03c45f3a380510f784b7c8f9d7d7078ec,none,,net_charge_ph7_4,numeric,false,de_novo_has_no_biological_parent,,,,13.066,,,,9af46c3aae69e64eaae2c5ccdf3cf6db0f8710d61259235bc79a2b77afc473dc
vegfa,09380e921c820008f519873b72996df94c5c314ff51ed4f3d3d76fa472e86b6a,de_novo,f1b6e088e741675e9171c6f9edc853e03c45f3a380510f784b7c8f9d7d7078ec,none,,toxinpred3_hybrid_score,numeric,false,de_novo_has_no_biological_parent,,,,0.435,,,,43f9b367436a187cf914eb92e04350d70df409d4ed3df0121fa9276f668e93a1
vegfa,09380e921c820008f519873b72996df94c5c314ff51ed4f3d3d76fa472e86b6a,de_novo,f1b6e088e741675e9171c6f9edc853e03c45f3a380510f784b7c8f9d7d7078ec,none,,toxinpred3_label,categorical,false,de_novo_has_no_biological_parent,,,,Toxin,,,,466e1deb31ba9124931a07e07981f580fd8a55451ca7440543ca5c8ee7951427
vegfa,677e9697e3e2e35589c6019e53aaf899578a4c00e2e3c4c331178750d61a76ef,masked_substitution,3292d9ac1621c5e733d6ab9d9402c25533e43db8f0cbfc18c68e7e5513296190,primary_parent,02e6e8a9041d1f5e02ded66ace7f1bf8353933cb460554f7d6d4f7827ee851e3,amp_read_log10_mic_um,numeric,true,same_frozen_numeric_contract,minimize,log10(uM),0.8502392420270765,0.697801799058758,-0.1524374429683184,0.1524374429683184,true,90d48a1c67073ec7f31c4cc6bbaeebb7678e26f6d57c85fd5a289a649f0d2dbd
vegfa,677e9697e3e2e35589c6019e53aaf899578a4c00e2e3c4c331178750d61a76ef,masked_substitution,3292d9ac1621c5e733d6ab9d9402c25533e43db8f0cbfc18c68e7e5513296190,primary_parent,02e6e8a9041d1f5e02ded66ace7f1bf8353933cb460554f7d6d4f7827ee851e3,guruprasad_instability_index,numeric,true,same_frozen_numeric_contract,minimize,index,-9.308695652173913,-9.308696,-3.478260861555782e-07,3.478260861555782e-07,true,885d5755874b21cec81a3b1a0438871d4dbdc74c7c8eaf6c62a24609623f5bb7
vegfa,677e9697e3e2e35589c6019e53aaf899578a4c00e2e3c4c331178750d61a76ef,masked_substitution,3292d9ac1621c5e733d6ab9d9402c25533e43db8f0cbfc18c68e7e5513296190,primary_parent,02e6e8a9041d1f5e02ded66ace7f1bf8353933cb460554f7d6d4f7827ee851e3,hydrophobic_moment_eisenberg,numeric,false,audit_metric_has_no_monotonic_improvement_direction,audit,dimensionless,0.14056582796750103,0.1431636969459364,0.0025978689784353637,,true,5100cb1f5b43b54facc55a2071f8a255bb239928b6c4345c659aa9072314c069
vegfa,677e9697e3e2e35589c6019e53aaf899578a4c00e2e3c4c331178750d61a76ef,masked_substitution,3292d9ac1621c5e733d6ab9d9402c25533e43db8f0cbfc18c68e7e5513296190,primary_parent,02e6e8a9041d1f5e02ded66ace7f1bf8353933cb460554f7d6d4f7827ee851e3,hydrophobic_ratio_modlamp,numeric,false,audit_metric_has_no_monotonic_improvement_direction,audit,fraction,0.2608695652173913,0.2608695652173913,0.0,,false,257c67a1b5587b0eeaf76ce2dbab9157e7d98196e50bd8cecaa15e7ede249348
vegfa,677e9697e3e2e35589c6019e53aaf899578a4c00e2e3c4c331178750d61a76ef,masked_substitution,3292d9ac1621c5e733d6ab9d9402c25533e43db8f0cbfc18c68e7e5513296190,primary_parent,02e6e8a9041d1f5e02ded66ace7f1bf8353933cb460554f7d6d4f7827ee851e3,llamp_log10_mic_um,numeric,true,same_frozen_numeric_contract,minimize,log10(uM),1.3610467910766602,1.1545671224594116,-0.20647966861724854,0.20647966861724854,true,f11b13a815f7d77c8b3628ecd3a068e2032fc3b553c11eeb7d2312c822b2a253
vegfa,677e9697e3e2e35589c6019e53aaf899578a4c00e2e3c4c331178750d61a76ef,masked_substitution,3292d9ac1621c5e733d6ab9d9402c25533e43db8f0cbfc18c68e7e5513296190,primary_parent,02e6e8a9041d1f5e02ded66ace7f1bf8353933cb460554f7d6d4f7827ee851e3,macrel_amp_probability,numeric,true,same_frozen_numeric_contract,maximize,probability,0.584,0.564,-0.020000000000000018,-0.020000000000000018,true,4b4b85f37fcad8fee6d142822fca5fdca3fe54a2d331c3c5fc8fce4670a48e97
vegfa,677e9697e3e2e35589c6019e53aaf899578a4c00e2e3c4c331178750d61a76ef,masked_substitution,3292d9ac1621c5e733d6ab9d9402c25533e43db8f0cbfc18c68e7e5513296190,primary_parent,02e6e8a9041d1f5e02ded66ace7f1bf8353933cb460554f7d6d4f7827ee851e3,macrel_hemolysis_label,categorical,true,same_frozen_label_contract,audit,label,low,low,,,false,9d10f67657dbaf4cdc31908f36c1d5eb87f35337dc16a732dd59381ed8d6d275
vegfa,677e9697e3e2e35589c6019e53aaf899578a4c00e2e3c4c331178750d61a76ef,masked_substitution,3292d9ac1621c5e733d6ab9d9402c25533e43db8f0cbfc18c68e7e5513296190,primary_parent,02e6e8a9041d1f5e02ded66ace7f1bf8353933cb460554f7d6d4f7827ee851e3,macrel_hemolysis_probability,numeric,true,same_frozen_numeric_contract,minimize,probability,0.465,0.465,0.0,-0.0,false,e03a364e6e2039a202d8d2c5e6902e182f15a8b09617ca21dab265c3f121bc72
vegfa,677e9697e3e2e35589c6019e53aaf899578a4c00e2e3c4c331178750d61a76ef,masked_substitution,3292d9ac1621c5e733d6ab9d9402c25533e43db8f0cbfc18c68e7e5513296190,primary_parent,02e6e8a9041d1f5e02ded66ace7f1bf8353933cb460554f7d6d4f7827ee851e3,maximum_hydrophobic_run,numeric,true,same_frozen_numeric_contract,minimize,residues,2.0,2.0,0.0,-0.0,false,638cec6f2331d3b5ace49edf13cc0e630fa9bce78859b0ec4455a51725b8a69f
vegfa,677e9697e3e2e35589c6019e53aaf899578a4c00e2e3c4c331178750d61a76ef,masked_substitution,3292d9ac1621c5e733d6ab9d9402c25533e43db8f0cbfc18c68e7e5513296190,primary_parent,02e6e8a9041d1f5e02ded66ace7f1bf8353933cb460554f7d6d4f7827ee851e3,net_charge_ph7_4,numeric,false,audit_metric_has_no_monotonic_improvement_direction,audit,elementary_charge,6.112,7.07,0.9580000000000002,,true,392f705d0b223c1add32b5928dd90942e09df2767f57d81dfc79b8ac75cc8971
vegfa,677e9697e3e2e35589c6019e53aaf899578a4c00e2e3c4c331178750d61a76ef,masked_substitution,3292d9ac1621c5e733d6ab9d9402c25533e43db8f0cbfc18c68e7e5513296190,primary_parent,02e6e8a9041d1f5e02ded66ace7f1bf8353933cb460554f7d6d4f7827ee851e3,toxinpred3_hybrid_score,numeric,true,same_frozen_numeric_contract,minimize,dimensionless,0.0,0.0,0.0,-0.0,false,c05c042135dd3d55d92edcbd1599f752b17cee190c2a206ffffcefa2cf90cea7
vegfa,677e9697e3e2e35589c6019e53aaf899578a4c00e2e3c4c331178750d61a76ef,masked_substitution,3292d9ac1621c5e733d6ab9d9402c25533e43db8f0cbfc18c68e7e5513296190,primary_parent,02e6e8a9041d1f5e02ded66ace7f1bf8353933cb460554f7d6d4f7827ee851e3,toxinpred3_label,categorical,true,same_frozen_label_contract,audit,label,Non-Toxin,Non-Toxin,,,false,644a75ad1987ed951b5cf9333467f96d91810333e75d643c4d44a3994b2410d7
vegfa,4705adba826830ed61cfca4a3b49ab20bdf9ed22c8d69da387168859bd33bd3c,controlled_crossover,67be9dd06842ff0701a8dd8066b2634d95252e40e28a3d77443c09db2b1f802c,primary_parent,8824fa1b3276e51e63d9346e0978f8983a6bc7ff8a6646e42e168172113d54bd,amp_read_log10_mic_um,numeric,true,same_frozen_numeric_contract,minimize,log10(uM),0.8977987856942725,1.3158877966697502,0.4180890109754777,-0.4180890109754777,true,c0dd052d5a778a3d195bf8db7b326da076657ad553c67336e698c839cd579f15
vegfa,4705adba826830ed61cfca4a3b49ab20bdf9ed22c8d69da387168859bd33bd3c,controlled_crossover,67be9dd06842ff0701a8dd8066b2634d95252e40e28a3d77443c09db2b1f802c,primary_parent,8824fa1b3276e51e63d9346e0978f8983a6bc7ff8a6646e42e168172113d54bd,guruprasad_instability_index,numeric,true,same_frozen_numeric_contract,minimize,index,-5.6173913043478265,9.621739,15.239130304347826,-15.239130304347826,true,cb4b272c6662c7ceebdae783f3b3f49dbf717b42811906f0a0dca1682e37bf36
vegfa,4705adba826830ed61cfca4a3b49ab20bdf9ed22c8d69da387168859bd33bd3c,controlled_crossover,67be9dd06842ff0701a8dd8066b2634d95252e40e28a3d77443c09db2b1f802c,primary_parent,8824fa1b3276e51e63d9346e0978f8983a6bc7ff8a6646e42e168172113d54bd,hydrophobic_moment_eisenberg,numeric,false,audit_metric_has_no_monotonic_improvement_direction,audit,dimensionless,0.21990914154269098,0.12412616007060329,-0.09578298147208769,,true,fb939f4c829da1ef9de6ac6f2adeeb4ca2ac5b341956357de7091cb57685ca5f
vegfa,4705adba826830ed61cfca4a3b49ab20bdf9ed22c8d69da387168859bd33bd3c,controlled_crossover,67be9dd06842ff0701a8dd8066b2634d95252e40e28a3d77443c09db2b1f802c,primary_parent,8824fa1b3276e51e63d9346e0978f8983a6bc7ff8a6646e42e168172113d54bd,hydrophobic_ratio_modlamp,numeric,false,audit_metric_has_no_monotonic_improvement_direction,audit,fraction,0.2608695652173913,0.08695652173913043,-0.17391304347826086,,true,574054b56415c0d60c0e9720b59749d437b6825b714393ab01dac1082fed1eff
vegfa,4705adba826830ed61cfca4a3b49ab20bdf9ed22c8d69da387168859bd33bd3c,controlled_crossover,67be9dd06842ff0701a8dd8066b2634d95252e40e28a3d77443c09db2b1f802c,primary_parent,8824fa1b3276e51e63d9346e0978f8983a6bc7ff8a6646e42e168172113d54bd,llamp_log10_mic_um,numeric,true,same_frozen_numeric_contract,minimize,log10(uM),1.3840069770812988,2.0594704151153564,0.6754634380340576,-0.6754634380340576,true,b57aa30fcf0c0b52fc08ddf0904ac49ea5f3dba96d7ff17f7ab6057c2ffc8194
vegfa,4705adba826830ed61cfca4a3b49ab20bdf9ed22c8d69da387168859bd33bd3c,controlled_crossover,67be9dd06842ff0701a8dd8066b2634d95252e40e28a3d77443c09db2b1f802c,primary_parent,8824fa1b3276e51e63d9346e0978f8983a6bc7ff8a6646e42e168172113d54bd,macrel_amp_probability,numeric,true,same_frozen_numeric_contract,maximize,probability,0.554,0.317,-0.23700000000000004,-0.23700000000000004,true,bdf9e57048d968b2fb62a88e78c6e3443cfb4aa7a3e7b761fba6a833b98c8a9f
vegfa,4705adba826830ed61cfca4a3b49ab20bdf9ed22c8d69da387168859bd33bd3c,controlled_crossover,67be9dd06842ff0701a8dd8066b2634d95252e40e28a3d77443c09db2b1f802c,primary_parent,8824fa1b3276e51e63d9346e0978f8983a6bc7ff8a6646e42e168172113d54bd,macrel_hemolysis_label,categorical,true,same_frozen_label_contract,audit,label,low,low,,,false,bb66e8a026a3aa8521d8b3809097d7f4d35e3209f356145cedc4dd072ac453fa
vegfa,4705adba826830ed61cfca4a3b49ab20bdf9ed22c8d69da387168859bd33bd3c,controlled_crossover,67be9dd06842ff0701a8dd8066b2634d95252e40e28a3d77443c09db2b1f802c,primary_parent,8824fa1b3276e51e63d9346e0978f8983a6bc7ff8a6646e42e168172113d54bd,macrel_hemolysis_probability,numeric,true,same_frozen_numeric_contract,minimize,probability,0.495,0.396,-0.09899999999999998,0.09899999999999998,true,d1af2532af2067ea176e322eec5e1b9c7402b34346360d7f2c1158a1b9d043e1
vegfa,4705adba826830ed61cfca4a3b49ab20bdf9ed22c8d69da387168859bd33bd3c,controlled_crossover,67be9dd06842ff0701a8dd8066b2634d95252e40e28a3d77443c09db2b1f802c,primary_parent,8824fa1b3276e51e63d9346e0978f8983a6bc7ff8a6646e42e168172113d54bd,maximum_hydrophobic_run,numeric,true,same_frozen_numeric_contract,minimize,residues,2.0,1.0,-1.0,1.0,true,510731688e39dcd04efba48eb590667d5d1420984519e6edd2fb49bd82c4d27c
vegfa,4705adba826830ed61cfca4a3b49ab20bdf9ed22c8d69da387168859bd33bd3c,controlled_crossover,67be9dd06842ff0701a8dd8066b2634d95252e40e28a3d77443c09db2b1f802c,primary_parent,8824fa1b3276e51e63d9346e0978f8983a6bc7ff8a6646e42e168172113d54bd,net_charge_ph7_4,numeric,false,audit_metric_has_no_monotonic_improvement_direction,audit,elementary_charge,6.112,7.153,1.0409999999999995,,true,81ef46a3d4e134d19e29875ff866838a0948343601e3689971178dc8baaf3545
vegfa,4705adba826830ed61cfca4a3b49ab20bdf9ed22c8d69da387168859bd33bd3c,controlled_crossover,67be9dd06842ff0701a8dd8066b2634d95252e40e28a3d77443c09db2b1f802c,primary_parent,8824fa1b3276e51e63d9346e0978f8983a6bc7ff8a6646e42e168172113d54bd,toxinpred3_hybrid_score,numeric,true,same_frozen_numeric_contract,minimize,dimensionless,0.0,0.0,0.0,-0.0,false,ba58a52f1e65b4cd3acaad0009dc589213d9e76ff60318ae677dc8327c1e4c9c
vegfa,4705adba826830ed61cfca4a3b49ab20bdf9ed22c8d69da387168859bd33bd3c,controlled_crossover,67be9dd06842ff0701a8dd8066b2634d95252e40e28a3d77443c09db2b1f802c,primary_parent,8824fa1b3276e51e63d9346e0978f8983a6bc7ff8a6646e42e168172113d54bd,toxinpred3_label,categorical,true,same_frozen_label_contract,audit,label,Non-Toxin,Non-Toxin,,,false,ebd7ad4ee4a025415fbf1bb555c080f63138a7c2b0cca2849b163d414fbb44c5
vegfa,4705adba826830ed61cfca4a3b49ab20bdf9ed22c8d69da387168859bd33bd3c,controlled_crossover,67be9dd06842ff0701a8dd8066b2634d95252e40e28a3d77443c09db2b1f802c,donor_parent,f2e1e308912a377c8c7aca6123a1a556c098497f97c20bd99bfe9ccd4c975377,amp_read_log10_mic_um,numeric,true,same_frozen_numeric_contract,minimize,log10(uM),1.0863599077352775,1.3158877966697502,0.22952788893447273,-0.22952788893447273,true,be987082423066c808c9d1c71aa9978080497b97f08cebb368bde54a96e82f34
vegfa,4705adba826830ed61cfca4a3b49ab20bdf9ed22c8d69da387168859bd33bd3c,controlled_crossover,67be9dd06842ff0701a8dd8066b2634d95252e40e28a3d77443c09db2b1f802c,donor_parent,f2e1e308912a377c8c7aca6123a1a556c098497f97c20bd99bfe9ccd4c975377,guruprasad_instability_index,numeric,true,same_frozen_numeric_contract,minimize,index,14.769230769230766,9.621739,-5.147491769230767,5.147491769230767,true,d45d2af305440f892cb28fb90723dec5c35384d8fdd1538b7eb05167fcb01830
vegfa,4705adba826830ed61cfca4a3b49ab20bdf9ed22c8d69da387168859bd33bd3c,controlled_crossover,67be9dd06842ff0701a8dd8066b2634d95252e40e28a3d77443c09db2b1f802c,donor_parent,f2e1e308912a377c8c7aca6123a1a556c098497f97c20bd99bfe9ccd4c975377,hydrophobic_moment_eisenberg,numeric,false,audit_metric_has_no_monotonic_improvement_direction,audit,dimensionless,0.10563857941862062,0.12412616007060329,0.018487580651982666,,true,d59fc43ea4693cb0a0d0c1259a58d1c27e7a79fc444b8c87d8bd3343afddc3af
vegfa,4705adba826830ed61cfca4a3b49ab20bdf9ed22c8d69da387168859bd33bd3c,controlled_crossover,67be9dd06842ff0701a8dd8066b2634d95252e40e28a3d77443c09db2b1f802c,donor_parent,f2e1e308912a377c8c7aca6123a1a556c098497f97c20bd99bfe9ccd4c975377,hydrophobic_ratio_modlamp,numeric,false,audit_metric_has_no_monotonic_improvement_direction,audit,fraction,0.07692307692307693,0.08695652173913043,0.010033444816053505,,true,abc16f83f5039cbe6a6132ae3abf6d4d57bac9c0d5efbbf8426b88fa63567a5b
vegfa,4705adba826830ed61cfca4a3b49ab20bdf9ed22c8d69da387168859bd33bd3c,controlled_crossover,67be9dd06842ff0701a8dd8066b2634d95252e40e28a3d77443c09db2b1f802c,donor_parent,f2e1e308912a377c8c7aca6123a1a556c098497f97c20bd99bfe9ccd4c975377,llamp_log10_mic_um,numeric,true,same_frozen_numeric_contract,minimize,log10(uM),1.0173412561416626,2.0594704151153564,1.0421291589736938,-1.0421291589736938,true,fcfc29627eb3ba2a5f94dce6becb094807f77dd4ff081d703ab61d4781341564
vegfa,4705adba826830ed61cfca4a3b49ab20bdf9ed22c8d69da387168859bd33bd3c,controlled_crossover,67be9dd06842ff0701a8dd8066b2634d95252e40e28a3d77443c09db2b1f802c,donor_parent,f2e1e308912a377c8c7aca6123a1a556c098497f97c20bd99bfe9ccd4c975377,macrel_amp_probability,numeric,true,same_frozen_numeric_contract,maximize,probability,0.515,0.317,-0.198,-0.198,true,a2ec50f2c28ac2a9f6b35676470527d572aeb37d23fc4e147c5ed85f9da5705f
vegfa,4705adba826830ed61cfca4a3b49ab20bdf9ed22c8d69da387168859bd33bd3c,controlled_crossover,67be9dd06842ff0701a8dd8066b2634d95252e40e28a3d77443c09db2b1f802c,donor_parent,f2e1e308912a377c8c7aca6123a1a556c098497f97c20bd99bfe9ccd4c975377,macrel_hemolysis_label,categorical,true,same_frozen_label_contract,audit,label,low,low,,,false,148f1cd3ba9657d12b754f56583f48d774a38e4fe5002b5e1ddeccf570370d50
vegfa,4705adba826830ed61cfca4a3b49ab20bdf9ed22c8d69da387168859bd33bd3c,controlled_crossover,67be9dd06842ff0701a8dd8066b2634d95252e40e28a3d77443c09db2b1f802c,donor_parent,f2e1e308912a377c8c7aca6123a1a556c098497f97c20bd99bfe9ccd4c975377,macrel_hemolysis_probability,numeric,true,same_frozen_numeric_contract,minimize,probability,0.465,0.396,-0.069,0.069,true,0126015593b8eb1a90adeb09d64ac5461b9b7c87d164709054edb5101435743c
vegfa,4705adba826830ed61cfca4a3b49ab20bdf9ed22c8d69da387168859bd33bd3c,controlled_crossover,67be9dd06842ff0701a8dd8066b2634d95252e40e28a3d77443c09db2b1f802c,donor_parent,f2e1e308912a377c8c7aca6123a1a556c098497f97c20bd99bfe9ccd4c975377,maximum_hydrophobic_run,numeric,true,same_frozen_numeric_contract,minimize,residues,2.0,1.0,-1.0,1.0,true,2501625cbb50a5f9c953d9b02e4fdabc71dc200fd6707cd60d95c5d407cf83a9
vegfa,4705adba826830ed61cfca4a3b49ab20bdf9ed22c8d69da387168859bd33bd3c,controlled_crossover,67be9dd06842ff0701a8dd8066b2634d95252e40e28a3d77443c09db2b1f802c,donor_parent,f2e1e308912a377c8c7aca6123a1a556c098497f97c20bd99bfe9ccd4c975377,net_charge_ph7_4,numeric,false,audit_metric_has_no_monotonic_improvement_direction,audit,elementary_charge,10.151,7.153,-2.998,,true,7ae43d046590e2aea463ab80da877be76ad6ed5f316d8692f81db162647aa137
vegfa,4705adba826830ed61cfca4a3b49ab20bdf9ed22c8d69da387168859bd33bd3c,controlled_crossover,67be9dd06842ff0701a8dd8066b2634d95252e40e28a3d77443c09db2b1f802c,donor_parent,f2e1e308912a377c8c7aca6123a1a556c098497f97c20bd99bfe9ccd4c975377,toxinpred3_hybrid_score,numeric,true,same_frozen_numeric_contract,minimize,dimensionless,0.01,0.0,-0.01,0.01,true,488dac921d0a2d48bf8c00ee71820a18fac4a74ee4f8ef8c1a95cfe996f3030e
vegfa,4705adba826830ed61cfca4a3b49ab20bdf9ed22c8d69da387168859bd33bd3c,controlled_crossover,67be9dd06842ff0701a8dd8066b2634d95252e40e28a3d77443c09db2b1f802c,donor_parent,f2e1e308912a377c8c7aca6123a1a556c098497f97c20bd99bfe9ccd4c975377,toxinpred3_label,categorical,true,same_frozen_label_contract,audit,label,Non-Toxin,Non-Toxin,,,false,c579e10bd76a8965b625efbe9977d992690f7d525e37cf864ea1c26479313051
vegfa,c51aa9d62b3f50cfd1c00078e3f07a2257f6db77d432de19dd65e67ef84c6724,de_novo,782c4ab90de8a42e311b812dd7023807d648af06b87f7b82f1b6fe4b8d89975c,none,,amp_read_log10_mic_um,numeric,false,de_novo_has_no_biological_parent,,,,1.5371808691845894,,,,9047dd100d8152a085369ea7b3a57236e08216f9a24264ad85514c39da31e8e5
vegfa,c51aa9d62b3f50cfd1c00078e3f07a2257f6db77d432de19dd65e67ef84c6724,de_novo,782c4ab90de8a42e311b812dd7023807d648af06b87f7b82f1b6fe4b8d89975c,none,,guruprasad_instability_index,numeric,false,de_novo_has_no_biological_parent,,,,1.013636,,,,4ed158b95c8a5159e67dee9a657033d55747c32f5bdcce9e4d775107f23d1387
vegfa,c51aa9d62b3f50cfd1c00078e3f07a2257f6db77d432de19dd65e67ef84c6724,de_novo,782c4ab90de8a42e311b812dd7023807d648af06b87f7b82f1b6fe4b8d89975c,none,,hydrophobic_moment_eisenberg,numeric,false,de_novo_has_no_biological_parent,,,,0.14897139040201168,,,,f5fd8e7d475b49f13e4d2d115209838e925740460bc21a4b65684895ef8577f6
vegfa,c51aa9d62b3f50cfd1c00078e3f07a2257f6db77d432de19dd65e67ef84c6724,de_novo,782c4ab90de8a42e311b812dd7023807d648af06b87f7b82f1b6fe4b8d89975c,none,,hydrophobic_ratio_modlamp,numeric,false,de_novo_has_no_biological_parent,,,,0.09090909090909091,,,,f74e93a44ff901a40391e60c84473721b3656a2c7c5cf1c1aff9655b8a91b61f
vegfa,c51aa9d62b3f50cfd1c00078e3f07a2257f6db77d432de19dd65e67ef84c6724,de_novo,782c4ab90de8a42e311b812dd7023807d648af06b87f7b82f1b6fe4b8d89975c,none,,llamp_log10_mic_um,numeric,false,de_novo_has_no_biological_parent,,,,1.170792579650879,,,,74d30ec3645d0f5805ad41e8283253309f24b2d20e856ec18b20384312dce97e
vegfa,c51aa9d62b3f50cfd1c00078e3f07a2257f6db77d432de19dd65e67ef84c6724,de_novo,782c4ab90de8a42e311b812dd7023807d648af06b87f7b82f1b6fe4b8d89975c,none,,macrel_amp_probability,numeric,false,de_novo_has_no_biological_parent,,,,0.347,,,,3dfdc464a2366d6c9c4802a6cc71ca2255da985ecce8079ca08c5fbc72d9f654
vegfa,c51aa9d62b3f50cfd1c00078e3f07a2257f6db77d432de19dd65e67ef84c6724,de_novo,782c4ab90de8a42e311b812dd7023807d648af06b87f7b82f1b6fe4b8d89975c,none,,macrel_hemolysis_label,categorical,false,de_novo_has_no_biological_parent,,,,high,,,,97bfc832c5490f66096ae9f8dc11489d54bd6e23504113655ce24dd697033dd1
vegfa,c51aa9d62b3f50cfd1c00078e3f07a2257f6db77d432de19dd65e67ef84c6724,de_novo,782c4ab90de8a42e311b812dd7023807d648af06b87f7b82f1b6fe4b8d89975c,none,,macrel_hemolysis_probability,numeric,false,de_novo_has_no_biological_parent,,,,0.663,,,,b88c66fdc02c36624aaa662ef46970c0341da5c0a4895546b83e06a2884b297a
vegfa,c51aa9d62b3f50cfd1c00078e3f07a2257f6db77d432de19dd65e67ef84c6724,de_novo,782c4ab90de8a42e311b812dd7023807d648af06b87f7b82f1b6fe4b8d89975c,none,,maximum_hydrophobic_run,numeric,false,de_novo_has_no_biological_parent,,,,1,,,,07bec5246192bd05782daddeb8115acc8f1cd99d52ab8b5da3ea464c63845c46
vegfa,c51aa9d62b3f50cfd1c00078e3f07a2257f6db77d432de19dd65e67ef84c6724,de_novo,782c4ab90de8a42e311b812dd7023807d648af06b87f7b82f1b6fe4b8d89975c,none,,net_charge_ph7_4,numeric,false,de_novo_has_no_biological_parent,,,,14.024,,,,2277abd596762e1690653b837ffa95b41619ea986add9fd6ba50218945de387c
vegfa,c51aa9d62b3f50cfd1c00078e3f07a2257f6db77d432de19dd65e67ef84c6724,de_novo,782c4ab90de8a42e311b812dd7023807d648af06b87f7b82f1b6fe4b8d89975c,none,,toxinpred3_hybrid_score,numeric,false,de_novo_has_no_biological_parent,,,,0.52,,,,245ec2b0328443a322c2e47732789f45c1d9e63a53fe3227c07f395652e0a3c6
vegfa,c51aa9d62b3f50cfd1c00078e3f07a2257f6db77d432de19dd65e67ef84c6724,de_novo,782c4ab90de8a42e311b812dd7023807d648af06b87f7b82f1b6fe4b8d89975c,none,,toxinpred3_label,categorical,false,de_novo_has_no_biological_parent,,,,Toxin,,,,9c066f641766030c4766f3c30fa0bfaa243e6eea7e96b18a9a1263ce3e518b06
vegfa,f896294d84a3cd1a76d272c424a0fdc76760d146a587a88c2178096e48681d2f,de_novo,55c9c4535802280db97395f4d8cc07404a3cbedc239db0924260b6b73353f6c5,none,,amp_read_log10_mic_um,numeric,false,de_novo_has_no_biological_parent,,,,1.4020743858556317,,,,c55ea0bcbd3a6e93907a6ed268f79ab65343bac7aff18d272438e5e2fa5fdf87
vegfa,f896294d84a3cd1a76d272c424a0fdc76760d146a587a88c2178096e48681d2f,de_novo,55c9c4535802280db97395f4d8cc07404a3cbedc239db0924260b6b73353f6c5,none,,guruprasad_instability_index,numeric,false,de_novo_has_no_biological_parent,,,,11.843478,,,,141fb03ee49f03bdcf0eacb850c9468d722ddc6542aaa529f90f93160bff28fb
vegfa,f896294d84a3cd1a76d272c424a0fdc76760d146a587a88c2178096e48681d2f,de_novo,55c9c4535802280db97395f4d8cc07404a3cbedc239db0924260b6b73353f6c5,none,,hydrophobic_moment_eisenberg,numeric,false,de_novo_has_no_biological_parent,,,,0.3880012759513705,,,,1a159e2f74d7244440ba4b46ec3c12d37ec2305d508fa123f3df8bcbfb09c4e1
vegfa,f896294d84a3cd1a76d272c424a0fdc76760d146a587a88c2178096e48681d2f,de_novo,55c9c4535802280db97395f4d8cc07404a3cbedc239db0924260b6b73353f6c5,none,,hydrophobic_ratio_modlamp,numeric,false,de_novo_has_no_biological_parent,,,,0.21739130434782608,,,,9366dd63f180f594fe0341313ebf751809a202948709b14911a0e4dbb51268b5
vegfa,f896294d84a3cd1a76d272c424a0fdc76760d146a587a88c2178096e48681d2f,de_novo,55c9c4535802280db97395f4d8cc07404a3cbedc239db0924260b6b73353f6c5,none,,llamp_log10_mic_um,numeric,false,de_novo_has_no_biological_parent,,,,1.5430210828781128,,,,a73a34b1f8e0f66fbafcb23d954d0fb9a6d66c6b2f8a099eed973fdab25b14b6
vegfa,f896294d84a3cd1a76d272c424a0fdc76760d146a587a88c2178096e48681d2f,de_novo,55c9c4535802280db97395f4d8cc07404a3cbedc239db0924260b6b73353f6c5,none,,macrel_amp_probability,numeric,false,de_novo_has_no_biological_parent,,,,0.366,,,,2d3126b0bee3350c915990f4e4b1b7d9cd2b17b54887749f0a140fbb60e8ae5b
vegfa,f896294d84a3cd1a76d272c424a0fdc76760d146a587a88c2178096e48681d2f,de_novo,55c9c4535802280db97395f4d8cc07404a3cbedc239db0924260b6b73353f6c5,none,,macrel_hemolysis_label,categorical,false,de_novo_has_no_biological_parent,,,,low,,,,3b9fa27c8e63fdfaa86e50a1bcb934fa563e67c2f5593cd29da999674c845fb1
vegfa,f896294d84a3cd1a76d272c424a0fdc76760d146a587a88c2178096e48681d2f,de_novo,55c9c4535802280db97395f4d8cc07404a3cbedc239db0924260b6b73353f6c5,none,,macrel_hemolysis_probability,numeric,false,de_novo_has_no_biological_parent,,,,0.386,,,,aa9057a62ed5bf1908c70cdb9d69e973ff71e4b39710b841878f049753732789
vegfa,f896294d84a3cd1a76d272c424a0fdc76760d146a587a88c2178096e48681d2f,de_novo,55c9c4535802280db97395f4d8cc07404a3cbedc239db0924260b6b73353f6c5,none,,maximum_hydrophobic_run,numeric,false,de_novo_has_no_biological_parent,,,,2,,,,e01b8e0fcae65998a5a8a68a46c9c15986a9badf9d256f2e6734e10a4df9637e
vegfa,f896294d84a3cd1a76d272c424a0fdc76760d146a587a88c2178096e48681d2f,de_novo,55c9c4535802280db97395f4d8cc07404a3cbedc239db0924260b6b73353f6c5,none,,net_charge_ph7_4,numeric,false,de_novo_has_no_biological_parent,,,,8.027,,,,1459dabfe8f85d3a45280c543d1c43a03dd1dcb7251e26fe69875902f49444f8
vegfa,f896294d84a3cd1a76d272c424a0fdc76760d146a587a88c2178096e48681d2f,de_novo,55c9c4535802280db97395f4d8cc07404a3cbedc239db0924260b6b73353f6c5,none,,toxinpred3_hybrid_score,numeric,false,de_novo_has_no_biological_parent,,,,0.0,,,,7d653df8b54d16665d16842474a189a03a0244f566d605a025c9c3b548de3cab
vegfa,f896294d84a3cd1a76d272c424a0fdc76760d146a587a88c2178096e48681d2f,de_novo,55c9c4535802280db97395f4d8cc07404a3cbedc239db0924260b6b73353f6c5,none,,toxinpred3_label,categorical,false,de_novo_has_no_biological_parent,,,,Non-Toxin,,,,943ec9eef970b837489c4bb6801f4db2cac21854c805698bb207da64bdfdb04a
vegfa,815dba77522ae2e51853ff2a62fd681c3e956e73c09a1376acccbc22aaf8e239,masked_substitution,0beb32c0d37f61bbcf9e40824e36663af9ebf24778e2741d277b814e0689d69c,primary_parent,02e6e8a9041d1f5e02ded66ace7f1bf8353933cb460554f7d6d4f7827ee851e3,amp_read_log10_mic_um,numeric,true,same_frozen_numeric_contract,minimize,log10(uM),0.8502392420270765,1.024872872807858,0.17463363078078153,-0.17463363078078153,true,75e4330d4310e1ea694a6af1a94cf591c15521f214d25190f1d62bd516b5a52a
vegfa,815dba77522ae2e51853ff2a62fd681c3e956e73c09a1376acccbc22aaf8e239,masked_substitution,0beb32c0d37f61bbcf9e40824e36663af9ebf24778e2741d277b814e0689d69c,primary_parent,02e6e8a9041d1f5e02ded66ace7f1bf8353933cb460554f7d6d4f7827ee851e3,guruprasad_instability_index,numeric,true,same_frozen_numeric_contract,minimize,index,-9.308695652173913,-9.308696,-3.478260861555782e-07,3.478260861555782e-07,true,1154597f15116de9837a60d8aab853b63f644179a5e802f4330a4e5787c595d7
vegfa,815dba77522ae2e51853ff2a62fd681c3e956e73c09a1376acccbc22aaf8e239,masked_substitution,0beb32c0d37f61bbcf9e40824e36663af9ebf24778e2741d277b814e0689d69c,primary_parent,02e6e8a9041d1f5e02ded66ace7f1bf8353933cb460554f7d6d4f7827ee851e3,hydrophobic_moment_eisenberg,numeric,false,audit_metric_has_no_monotonic_improvement_direction,audit,dimensionless,0.14056582796750103,0.117704998645723,-0.022860829321778034,,true,bdaa8e6a63633d971a93eae35c6d0dad818cbbaa8200385feb4b07a1b5bb2e0a
vegfa,815dba77522ae2e51853ff2a62fd681c3e956e73c09a1376acccbc22aaf8e239,masked_substitution,0beb32c0d37f61bbcf9e40824e36663af9ebf24778e2741d277b814e0689d69c,primary_parent,02e6e8a9041d1f5e02ded66ace7f1bf8353933cb460554f7d6d4f7827ee851e3,hydrophobic_ratio_modlamp,numeric,false,audit_metric_has_no_monotonic_improvement_direction,audit,fraction,0.2608695652173913,0.2608695652173913,0.0,,false,0ae974d24857446e94033b469e9ce11eb634c5505d6bd1677fc142f2cd8cfbce
vegfa,815dba77522ae2e51853ff2a62fd681c3e956e73c09a1376acccbc22aaf8e239,masked_substitution,0beb32c0d37f61bbcf9e40824e36663af9ebf24778e2741d277b814e0689d69c,primary_parent,02e6e8a9041d1f5e02ded66ace7f1bf8353933cb460554f7d6d4f7827ee851e3,llamp_log10_mic_um,numeric,true,same_frozen_numeric_contract,minimize,log10(uM),1.3610467910766602,1.100788950920105,-0.2602578401565552,0.2602578401565552,true,0c1e44cf6ac8c6dc7b179c0cd487f9349875809a026f2ec4425cfcc3dc8000a0
vegfa,815dba77522ae2e51853ff2a62fd681c3e956e73c09a1376acccbc22aaf8e239,masked_substitution,0beb32c0d37f61bbcf9e40824e36663af9ebf24778e2741d277b814e0689d69c,primary_parent,02e6e8a9041d1f5e02ded66ace7f1bf8353933cb460554f7d6d4f7827ee851e3,macrel_amp_probability,numeric,true,same_frozen_numeric_contract,maximize,probability,0.584,0.501,-0.08299999999999996,-0.08299999999999996,true,87274f65db796455f5a072a7fff3d34b7e56dd876140c0b263b0f4ff4ff3d7b2
vegfa,815dba77522ae2e51853ff2a62fd681c3e956e73c09a1376acccbc22aaf8e239,masked_substitution,0beb32c0d37f61bbcf9e40824e36663af9ebf24778e2741d277b814e0689d69c,primary_parent,02e6e8a9041d1f5e02ded66ace7f1bf8353933cb460554f7d6d4f7827ee851e3,macrel_hemolysis_label,categorical,true,same_frozen_label_contract,audit,label,low,low,,,false,c66b4b3a34cd69fd8cb4551381434205987c6b4be3d7dd3fb9a39faf2109caaf
vegfa,815dba77522ae2e51853ff2a62fd681c3e956e73c09a1376acccbc22aaf8e239,masked_substitution,0beb32c0d37f61bbcf9e40824e36663af9ebf24778e2741d277b814e0689d69c,primary_parent,02e6e8a9041d1f5e02ded66ace7f1bf8353933cb460554f7d6d4f7827ee851e3,macrel_hemolysis_probability,numeric,true,same_frozen_numeric_contract,minimize,probability,0.465,0.436,-0.029000000000000026,0.029000000000000026,true,ebfef30932d9a5f14cd141dc6e9f254c7aa5d3c718b0a34c2fa15161b766a7b6
vegfa,815dba77522ae2e51853ff2a62fd681c3e956e73c09a1376acccbc22aaf8e239,masked_substitution,0beb32c0d37f61bbcf9e40824e36663af9ebf24778e2741d277b814e0689d69c,primary_parent,02e6e8a9041d1f5e02ded66ace7f1bf8353933cb460554f7d6d4f7827ee851e3,maximum_hydrophobic_run,numeric,true,same_frozen_numeric_contract,minimize,residues,2.0,2.0,0.0,-0.0,false,fd116a18e4da9132067a4376e4fe5e53355454027770ee52e47433e2e0994084
vegfa,815dba77522ae2e51853ff2a62fd681c3e956e73c09a1376acccbc22aaf8e239,masked_substitution,0beb32c0d37f61bbcf9e40824e36663af9ebf24778e2741d277b814e0689d69c,primary_parent,02e6e8a9041d1f5e02ded66ace7f1bf8353933cb460554f7d6d4f7827ee851e3,net_charge_ph7_4,numeric,false,audit_metric_has_no_monotonic_improvement_direction,audit,elementary_charge,6.112,7.111,0.9989999999999997,,true,8d80d6e2a621923abd0cfc62585373d55d89e4e3969c1fc34bd8b435e224b0bf
vegfa,815dba77522ae2e51853ff2a62fd681c3e956e73c09a1376acccbc22aaf8e239,masked_substitution,0beb32c0d37f61bbcf9e40824e36663af9ebf24778e2741d277b814e0689d69c,primary_parent,02e6e8a9041d1f5e02ded66ace7f1bf8353933cb460554f7d6d4f7827ee851e3,toxinpred3_hybrid_score,numeric,true,same_frozen_numeric_contract,minimize,dimensionless,0.0,0.0,0.0,-0.0,false,1b2034638416c0653717639308b747543615910d725768e7b7f33deb6f2fb7be
vegfa,815dba77522ae2e51853ff2a62fd681c3e956e73c09a1376acccbc22aaf8e239,masked_substitution,0beb32c0d37f61bbcf9e40824e36663af9ebf24778e2741d277b814e0689d69c,primary_parent,02e6e8a9041d1f5e02ded66ace7f1bf8353933cb460554f7d6d4f7827ee851e3,toxinpred3_label,categorical,true,same_frozen_label_contract,audit,label,Non-Toxin,Non-Toxin,,,false,6960665e062e7d13ed9da2ffadd24f4999d4b9da638154291974bdba115ea64f
vegfa,8a885346ddd18fcbb30d3b49bc770e431e2b6b9dc86bd0a3771ac28d6a5b6510,controlled_crossover,1c04000b17750571359ee983a0bda98f784557245aa518bad0a38309dabea1e5,primary_parent,b83870d30979628ddbe5cad16c34f98486e1d4b954ceb8601b2805bebad7b4a2,amp_read_log10_mic_um,numeric,true,same_frozen_numeric_contract,minimize,log10(uM),0.9338330877644926,1.3178542995226716,0.38402121175817905,-0.38402121175817905,true,f2faa3893b77e1fe9d0ffcf267245fdb5cd5d9babbe9894d1d19c19137689269
vegfa,8a885346ddd18fcbb30d3b49bc770e431e2b6b9dc86bd0a3771ac28d6a5b6510,controlled_crossover,1c04000b17750571359ee983a0bda98f784557245aa518bad0a38309dabea1e5,primary_parent,b83870d30979628ddbe5cad16c34f98486e1d4b954ceb8601b2805bebad7b4a2,guruprasad_instability_index,numeric,true,same_frozen_numeric_contract,minimize,index,-5.6173913043478265,9.621739,15.239130304347826,-15.239130304347826,true,01eeb46e778b5985b1e3a65d56eb6ac7e56a5f8ec80abbbc6bf020862180ba5b
vegfa,8a885346ddd18fcbb30d3b49bc770e431e2b6b9dc86bd0a3771ac28d6a5b6510,controlled_crossover,1c04000b17750571359ee983a0bda98f784557245aa518bad0a38309dabea1e5,primary_parent,b83870d30979628ddbe5cad16c34f98486e1d4b954ceb8601b2805bebad7b4a2,hydrophobic_moment_eisenberg,numeric,false,audit_metric_has_no_monotonic_improvement_direction,audit,dimensionless,0.1821248502999208,0.038076698309853316,-0.14404815199006749,,true,27099612f07abbc05453a13918f91af1b16be734d746167dabd2715774116c6e
vegfa,8a885346ddd18fcbb30d3b49bc770e431e2b6b9dc86bd0a3771ac28d6a5b6510,controlled_crossover,1c04000b17750571359ee983a0bda98f784557245aa518bad0a38309dabea1e5,primary_parent,b83870d30979628ddbe5cad16c34f98486e1d4b954ceb8601b2805bebad7b4a2,hydrophobic_ratio_modlamp,numeric,false,audit_metric_has_no_monotonic_improvement_direction,audit,fraction,0.21739130434782608,0.08695652173913043,-0.13043478260869565,,true,7b3847db53488c22c4443dc06da2db20dafe87a94e567c2817ba827ac60e34ce
vegfa,8a885346ddd18fcbb30d3b49bc770e431e2b6b9dc86bd0a3771ac28d6a5b6510,controlled_crossover,1c04000b17750571359ee983a0bda98f784557245aa518bad0a38309dabea1e5,primary_parent,b83870d30979628ddbe5cad16c34f98486e1d4b954ceb8601b2805bebad7b4a2,llamp_log10_mic_um,numeric,true,same_frozen_numeric_contract,minimize,log10(uM),1.4252794981002808,1.6799877882003784,0.25470829010009766,-0.25470829010009766,true,c471274f9b01f2e366fa73967999904af78280e71031bdaa7a16d9520d15577b
vegfa,8a885346ddd18fcbb30d3b49bc770e431e2b6b9dc86bd0a3771ac28d6a5b6510,controlled_crossover,1c04000b17750571359ee983a0bda98f784557245aa518bad0a38309dabea1e5,primary_parent,b83870d30979628ddbe5cad16c34f98486e1d4b954ceb8601b2805bebad7b4a2,macrel_amp_probability,numeric,true,same_frozen_numeric_contract,maximize,probability,0.511,0.337,-0.174,-0.174,true,da19794224f64422c609a494d44199fad79162bc80a6338406549a3563d3e73c
vegfa,8a885346ddd18fcbb30d3b49bc770e431e2b6b9dc86bd0a3771ac28d6a5b6510,controlled_crossover,1c04000b17750571359ee983a0bda98f784557245aa518bad0a38309dabea1e5,primary_parent,b83870d30979628ddbe5cad16c34f98486e1d4b954ceb8601b2805bebad7b4a2,macrel_hemolysis_label,categorical,true,same_frozen_label_contract,audit,label,low,low,,,false,c8b20565d5085e078e0d1875d4cb993eaf3698cdec32abfa809a940b74c55b99
vegfa,8a885346ddd18fcbb30d3b49bc770e431e2b6b9dc86bd0a3771ac28d6a5b6510,controlled_crossover,1c04000b17750571359ee983a0bda98f784557245aa518bad0a38309dabea1e5,primary_parent,b83870d30979628ddbe5cad16c34f98486e1d4b954ceb8601b2805bebad7b4a2,macrel_hemolysis_probability,numeric,true,same_frozen_numeric_contract,minimize,probability,0.436,0.386,-0.04999999999999999,0.04999999999999999,true,4302c6d982d1ba01b16a4a4605ba0bd9a720be590e51ccd3e9f962bbc37683fb
vegfa,8a885346ddd18fcbb30d3b49bc770e431e2b6b9dc86bd0a3771ac28d6a5b6510,controlled_crossover,1c04000b17750571359ee983a0bda98f784557245aa518bad0a38309dabea1e5,primary_parent,b83870d30979628ddbe5cad16c34f98486e1d4b954ceb8601b2805bebad7b4a2,maximum_hydrophobic_run,numeric,true,same_frozen_numeric_contract,minimize,residues,2.0,1.0,-1.0,1.0,true,783621a87683b0f868a47c69f7e11e03b518900c132951e4727f4039c9787b8d
vegfa,8a885346ddd18fcbb30d3b49bc770e431e2b6b9dc86bd0a3771ac28d6a5b6510,controlled_crossover,1c04000b17750571359ee983a0bda98f784557245aa518bad0a38309dabea1e5,primary_parent,b83870d30979628ddbe5cad16c34f98486e1d4b954ceb8601b2805bebad7b4a2,net_charge_ph7_4,numeric,false,audit_metric_has_no_monotonic_improvement_direction,audit,elementary_charge,6.154,6.195,0.04100000000000037,,true,61ee00cd7afd5300a9dfd9c5a9b9a8586027a64859de07dcfb12acc0b39b661f
vegfa,8a885346ddd18fcbb30d3b49bc770e431e2b6b9dc86bd0a3771ac28d6a5b6510,controlled_crossover,1c04000b17750571359ee983a0bda98f784557245aa518bad0a38309dabea1e5,primary_parent,b83870d30979628ddbe5cad16c34f98486e1d4b954ceb8601b2805bebad7b4a2,toxinpred3_hybrid_score,numeric,true,same_frozen_numeric_contract,minimize,dimensionless,0.0,0.0,0.0,-0.0,false,406221f57ac5d93dfbbf7c4566be4341db0ab965144d001de72ec45ad7c0b732
vegfa,8a885346ddd18fcbb30d3b49bc770e431e2b6b9dc86bd0a3771ac28d6a5b6510,controlled_crossover,1c04000b17750571359ee983a0bda98f784557245aa518bad0a38309dabea1e5,primary_parent,b83870d30979628ddbe5cad16c34f98486e1d4b954ceb8601b2805bebad7b4a2,toxinpred3_label,categorical,true,same_frozen_label_contract,audit,label,Non-Toxin,Non-Toxin,,,false,b6d40a80d7e211507c93570eaaff20325fa50db35d7521ebdcee7db8d081db1b
vegfa,8a885346ddd18fcbb30d3b49bc770e431e2b6b9dc86bd0a3771ac28d6a5b6510,controlled_crossover,1c04000b17750571359ee983a0bda98f784557245aa518bad0a38309dabea1e5,donor_parent,f2e1e308912a377c8c7aca6123a1a556c098497f97c20bd99bfe9ccd4c975377,amp_read_log10_mic_um,numeric,true,same_frozen_numeric_contract,minimize,log10(uM),1.0863599077352775,1.3178542995226716,0.23149439178739417,-0.23149439178739417,true,74326379a53eb1b39f134c7761b0a2e0f719a15db7b1c26313fe0f7e695aa22a
vegfa,8a885346ddd18fcbb30d3b49bc770e431e2b6b9dc86bd0a3771ac28d6a5b6510,controlled_crossover,1c04000b17750571359ee983a0bda98f784557245aa518bad0a38309dabea1e5,donor_parent,f2e1e308912a377c8c7aca6123a1a556c098497f97c20bd99bfe9ccd4c975377,guruprasad_instability_index,numeric,true,same_frozen_numeric_contract,minimize,index,14.769230769230766,9.621739,-5.147491769230767,5.147491769230767,true,224b1c903ff6d5575576bcef7db8ef40f483f1490d938eca78f941db656aa06e
vegfa,8a885346ddd18fcbb30d3b49bc770e431e2b6b9dc86bd0a3771ac28d6a5b6510,controlled_crossover,1c04000b17750571359ee983a0bda98f784557245aa518bad0a38309dabea1e5,donor_parent,f2e1e308912a377c8c7aca6123a1a556c098497f97c20bd99bfe9ccd4c975377,hydrophobic_moment_eisenberg,numeric,false,audit_metric_has_no_monotonic_improvement_direction,audit,dimensionless,0.10563857941862062,0.038076698309853316,-0.0675618811087673,,true,a7e5c713b81a56417ac27b35f4c88eb3952c58beb163334a028f3598c9c28921
vegfa,8a885346ddd18fcbb30d3b49bc770e431e2b6b9dc86bd0a3771ac28d6a5b6510,controlled_crossover,1c04000b17750571359ee983a0bda98f784557245aa518bad0a38309dabea1e5,donor_parent,f2e1e308912a377c8c7aca6123a1a556c098497f97c20bd99bfe9ccd4c975377,hydrophobic_ratio_modlamp,numeric,false,audit_metric_has_no_monotonic_improvement_direction,audit,fraction,0.07692307692307693,0.08695652173913043,0.010033444816053505,,true,742d94a4e59bbb7b823079a45adf1a4526120374b276f946cf6b12ef675c21ce
vegfa,8a885346ddd18fcbb30d3b49bc770e431e2b6b9dc86bd0a3771ac28d6a5b6510,controlled_crossover,1c04000b17750571359ee983a0bda98f784557245aa518bad0a38309dabea1e5,donor_parent,f2e1e308912a377c8c7aca6123a1a556c098497f97c20bd99bfe9ccd4c975377,llamp_log10_mic_um,numeric,true,same_frozen_numeric_contract,minimize,log10(uM),1.0173412561416626,1.6799877882003784,0.6626465320587158,-0.6626465320587158,true,0af11f48eef7d5c8b5cf336f9e02c78869da13c71a15728c23d1cea95187af11
vegfa,8a885346ddd18fcbb30d3b49bc770e431e2b6b9dc86bd0a3771ac28d6a5b6510,controlled_crossover,1c04000b17750571359ee983a0bda98f784557245aa518bad0a38309dabea1e5,donor_parent,f2e1e308912a377c8c7aca6123a1a556c098497f97c20bd99bfe9ccd4c975377,macrel_amp_probability,numeric,true,same_frozen_numeric_contract,maximize,probability,0.515,0.337,-0.178,-0.178,true,0eca3d5499a93aa1019976f6dd7369d2bdd2f79f08d77438a15900a0cce38e13
vegfa,8a885346ddd18fcbb30d3b49bc770e431e2b6b9dc86bd0a3771ac28d6a5b6510,controlled_crossover,1c04000b17750571359ee983a0bda98f784557245aa518bad0a38309dabea1e5,donor_parent,f2e1e308912a377c8c7aca6123a1a556c098497f97c20bd99bfe9ccd4c975377,macrel_hemolysis_label,categorical,true,same_frozen_label_contract,audit,label,low,low,,,false,761e11e0e16508ea95c9de1cbc05ec2ad515ed3c41a241216f89206b3b278e08
vegfa,8a885346ddd18fcbb30d3b49bc770e431e2b6b9dc86bd0a3771ac28d6a5b6510,controlled_crossover,1c04000b17750571359ee983a0bda98f784557245aa518bad0a38309dabea1e5,donor_parent,f2e1e308912a377c8c7aca6123a1a556c098497f97c20bd99bfe9ccd4c975377,macrel_hemolysis_probability,numeric,true,same_frozen_numeric_contract,minimize,probability,0.465,0.386,-0.07900000000000001,0.07900000000000001,true,835de5659b0ec3f6a13e4c6b93766d1a77fc9f65f5e2c3935641da8100e22fa7
vegfa,8a885346ddd18fcbb30d3b49bc770e431e2b6b9dc86bd0a3771ac28d6a5b6510,controlled_crossover,1c04000b17750571359ee983a0bda98f784557245aa518bad0a38309dabea1e5,donor_parent,f2e1e308912a377c8c7aca6123a1a556c098497f97c20bd99bfe9ccd4c975377,maximum_hydrophobic_run,numeric,true,same_frozen_numeric_contract,minimize,residues,2.0,1.0,-1.0,1.0,true,32a86bb1a826b7ffc4954710fa15625493132cfc96c89cbb5c57db27325d2b6a
vegfa,8a885346ddd18fcbb30d3b49bc770e431e2b6b9dc86bd0a3771ac28d6a5b6510,controlled_crossover,1c04000b17750571359ee983a0bda98f784557245aa518bad0a38309dabea1e5,donor_parent,f2e1e308912a377c8c7aca6123a1a556c098497f97c20bd99bfe9ccd4c975377,net_charge_ph7_4,numeric,false,audit_metric_has_no_monotonic_improvement_direction,audit,elementary_charge,10.151,6.195,-3.9559999999999995,,true,e175d01d6f19037764d500e6088d1c4206d09cb06db50177ade051be5c6bcb30
vegfa,8a885346ddd18fcbb30d3b49bc770e431e2b6b9dc86bd0a3771ac28d6a5b6510,controlled_crossover,1c04000b17750571359ee983a0bda98f784557245aa518bad0a38309dabea1e5,donor_parent,f2e1e308912a377c8c7aca6123a1a556c098497f97c20bd99bfe9ccd4c975377,toxinpred3_hybrid_score,numeric,true,same_frozen_numeric_contract,minimize,dimensionless,0.01,0.0,-0.01,0.01,true,98f111b532996aa76138f80fc5580cf052c7a89427e091a39c78ef12d4067f8c
vegfa,8a885346ddd18fcbb30d3b49bc770e431e2b6b9dc86bd0a3771ac28d6a5b6510,controlled_crossover,1c04000b17750571359ee983a0bda98f784557245aa518bad0a38309dabea1e5,donor_parent,f2e1e308912a377c8c7aca6123a1a556c098497f97c20bd99bfe9ccd4c975377,toxinpred3_label,categorical,true,same_frozen_label_contract,audit,label,Non-Toxin,Non-Toxin,,,false,d1e5a7773d0f44999374d366218c871140b54dcc86107f06b0147779f869d3b6
vegfa,7a6b2bed18286634ecc7e94a91fdb0ef16bde463dfa9b62219aaf4df32994833,de_novo,a0483ad719c0c2b768fe0e8fd9507d27ad503e9f982e1c7f5d29a0d02623f8fb,none,,amp_read_log10_mic_um,numeric,false,de_novo_has_no_biological_parent,,,,1.8690531669718076,,,,fd08140199e1fd8ac4716d0d0a5f3707fbc7ab985b2af4f61798a32bcd7dfa12
vegfa,7a6b2bed18286634ecc7e94a91fdb0ef16bde463dfa9b62219aaf4df32994833,de_novo,a0483ad719c0c2b768fe0e8fd9507d27ad503e9f982e1c7f5d29a0d02623f8fb,none,,guruprasad_instability_index,numeric,false,de_novo_has_no_biological_parent,,,,19.504762,,,,fa8f9e9b561fc447439b3cd2d8e8c9fb14ac5e242047c554ccced1e8d8af809e
vegfa,7a6b2bed18286634ecc7e94a91fdb0ef16bde463dfa9b62219aaf4df32994833,de_novo,a0483ad719c0c2b768fe0e8fd9507d27ad503e9f982e1c7f5d29a0d02623f8fb,none,,hydrophobic_moment_eisenberg,numeric,false,de_novo_has_no_biological_parent,,,,0.33262674300333855,,,,786374c8549e1b52b9acbe3b7cd255e06b0d3db080bb7a8f9d790529ac0aea24
vegfa,7a6b2bed18286634ecc7e94a91fdb0ef16bde463dfa9b62219aaf4df32994833,de_novo,a0483ad719c0c2b768fe0e8fd9507d27ad503e9f982e1c7f5d29a0d02623f8fb,none,,hydrophobic_ratio_modlamp,numeric,false,de_novo_has_no_biological_parent,,,,0.09523809523809523,,,,f4506c97c4e6b7880dfa41325c31f6f146359d913ef8916273fb45981997fc06
vegfa,7a6b2bed18286634ecc7e94a91fdb0ef16bde463dfa9b62219aaf4df32994833,de_novo,a0483ad719c0c2b768fe0e8fd9507d27ad503e9f982e1c7f5d29a0d02623f8fb,none,,llamp_log10_mic_um,numeric,false,de_novo_has_no_biological_parent,,,,1.38239324092865,,,,c2f15bef912533079999894ed9abdaf5937edcbb8a7c1d09a3176ac0b616df04
vegfa,7a6b2bed18286634ecc7e94a91fdb0ef16bde463dfa9b62219aaf4df32994833,de_novo,a0483ad719c0c2b768fe0e8fd9507d27ad503e9f982e1c7f5d29a0d02623f8fb,none,,macrel_amp_probability,numeric,false,de_novo_has_no_biological_parent,,,,0.317,,,,a5c573b6377d8c1b4e4f21dd77513bf412ba5579afb19df6d72640d6aa0ec9b9
vegfa,7a6b2bed18286634ecc7e94a91fdb0ef16bde463dfa9b62219aaf4df32994833,de_novo,a0483ad719c0c2b768fe0e8fd9507d27ad503e9f982e1c7f5d29a0d02623f8fb,none,,macrel_hemolysis_label,categorical,false,de_novo_has_no_biological_parent,,,,low,,,,49608e5862f9e91d99eaa9d4631cdca12ac1e8f42dd6d0550642592d0d3578b6
vegfa,7a6b2bed18286634ecc7e94a91fdb0ef16bde463dfa9b62219aaf4df32994833,de_novo,a0483ad719c0c2b768fe0e8fd9507d27ad503e9f982e1c7f5d29a0d02623f8fb,none,,macrel_hemolysis_probability,numeric,false,de_novo_has_no_biological_parent,,,,0.347,,,,b6b6ec2a9b3f508cc9a78cbb51bbaa1926d259eeb6b03a560e0e93e2914ecfe2
vegfa,7a6b2bed18286634ecc7e94a91fdb0ef16bde463dfa9b62219aaf4df32994833,de_novo,a0483ad719c0c2b768fe0e8fd9507d27ad503e9f982e1c7f5d29a0d02623f8fb,none,,maximum_hydrophobic_run,numeric,false,de_novo_has_no_biological_parent,,,,1,,,,4e712a45f068f0b8a34e742c54ade57a9236577f2f9cd36aa6a9d369a27c8cdd
vegfa,7a6b2bed18286634ecc7e94a91fdb0ef16bde463dfa9b62219aaf4df32994833,de_novo,a0483ad719c0c2b768fe0e8fd9507d27ad503e9f982e1c7f5d29a0d02623f8fb,none,,net_charge_ph7_4,numeric,false,de_novo_has_no_biological_parent,,,,4.155,,,,1f60df594ad51f45c060cdbb2f5f7f96233f3bea44ac090f90da349c7da9a497
vegfa,7a6b2bed18286634ecc7e94a91fdb0ef16bde463dfa9b62219aaf4df32994833,de_novo,a0483ad719c0c2b768fe0e8fd9507d27ad503e9f982e1c7f5d29a0d02623f8fb,none,,toxinpred3_hybrid_score,numeric,false,de_novo_has_no_biological_parent,,,,0.425,,,,66caae0c0933f30c6cc7b60aa5d9383bec874b5748f608497d4ff028007a4277
vegfa,7a6b2bed18286634ecc7e94a91fdb0ef16bde463dfa9b62219aaf4df32994833,de_novo,a0483ad719c0c2b768fe0e8fd9507d27ad503e9f982e1c7f5d29a0d02623f8fb,none,,toxinpred3_label,categorical,false,de_novo_has_no_biological_parent,,,,Toxin,,,,1572ab36416c344ac0d600f87ee4f93fc0f406ec83a7394e65df5eb49ba9ec34
vegfa,f3787f017817684bde83f3eb448f20d3fd054ee05333e2cd475ee674da4bf663,de_novo,dca0f26b2a1cefdf0eab97292dc7a7e8308d458fbcd855a4ec0a0a5c8f8fa254,none,,amp_read_log10_mic_um,numeric,false,de_novo_has_no_biological_parent,,,,1.336158970953102,,,,bb513f309a958ae93cb1adf68fecee8aa8d626e8698e4062eb1b202a7d173476
vegfa,f3787f017817684bde83f3eb448f20d3fd054ee05333e2cd475ee674da4bf663,de_novo,dca0f26b2a1cefdf0eab97292dc7a7e8308d458fbcd855a4ec0a0a5c8f8fa254,none,,guruprasad_instability_index,numeric,false,de_novo_has_no_biological_parent,,,,35.752381,,,,db1e1d38b631379d4b6606fd65628b315282deea932cec13a5d83c564ce6eae6
vegfa,f3787f017817684bde83f3eb448f20d3fd054ee05333e2cd475ee674da4bf663,de_novo,dca0f26b2a1cefdf0eab97292dc7a7e8308d458fbcd855a4ec0a0a5c8f8fa254,none,,hydrophobic_moment_eisenberg,numeric,false,de_novo_has_no_biological_parent,,,,0.1845804050673754,,,,f760ba8f10f8de5782cbf3c7dd8ece975607a15feedcb053348cba5b19dd487b
vegfa,f3787f017817684bde83f3eb448f20d3fd054ee05333e2cd475ee674da4bf663,de_novo,dca0f26b2a1cefdf0eab97292dc7a7e8308d458fbcd855a4ec0a0a5c8f8fa254,none,,hydrophobic_ratio_modlamp,numeric,false,de_novo_has_no_biological_parent,,,,0.09523809523809523,,,,9814dceff959417802067c332e84703eac77c7d6a4d1e866ac96f9961fec2eba
vegfa,f3787f017817684bde83f3eb448f20d3fd054ee05333e2cd475ee674da4bf663,de_novo,dca0f26b2a1cefdf0eab97292dc7a7e8308d458fbcd855a4ec0a0a5c8f8fa254,none,,llamp_log10_mic_um,numeric,false,de_novo_has_no_biological_parent,,,,1.7936139106750488,,,,9926f57bced168b1e770aa7dccf3fa943df30a80a5076caf5cb5d4b2fed3b32b
vegfa,f3787f017817684bde83f3eb448f20d3fd054ee05333e2cd475ee674da4bf663,de_novo,dca0f26b2a1cefdf0eab97292dc7a7e8308d458fbcd855a4ec0a0a5c8f8fa254,none,,macrel_amp_probability,numeric,false,de_novo_has_no_biological_parent,,,,0.317,,,,8743359b867c1a7df28f92df7f6662674c856eb7a3011d277ecde0f48375b5d7
vegfa,f3787f017817684bde83f3eb448f20d3fd054ee05333e2cd475ee674da4bf663,de_novo,dca0f26b2a1cefdf0eab97292dc7a7e8308d458fbcd855a4ec0a0a5c8f8fa254,none,,macrel_hemolysis_label,categorical,false,de_novo_has_no_biological_parent,,,,high,,,,d6f4d6054b1bf030043ef6e2998d1c0d313f1f968188517a39866e026262ea30
vegfa,f3787f017817684bde83f3eb448f20d3fd054ee05333e2cd475ee674da4bf663,de_novo,dca0f26b2a1cefdf0eab97292dc7a7e8308d458fbcd855a4ec0a0a5c8f8fa254,none,,macrel_hemolysis_probability,numeric,false,de_novo_has_no_biological_parent,,,,0.554,,,,995dba9a693020723e4e595d7d1c94248a0fb3bc9bcfcfaa4b4e352216a80285
vegfa,f3787f017817684bde83f3eb448f20d3fd054ee05333e2cd475ee674da4bf663,de_novo,dca0f26b2a1cefdf0eab97292dc7a7e8308d458fbcd855a4ec0a0a5c8f8fa254,none,,maximum_hydrophobic_run,numeric,false,de_novo_has_no_biological_parent,,,,1,,,,4d08005b3a9aef1356a7aa3e8e9ae9f9245cc5403ce8c62234485e0ccbac9315
vegfa,f3787f017817684bde83f3eb448f20d3fd054ee05333e2cd475ee674da4bf663,de_novo,dca0f26b2a1cefdf0eab97292dc7a7e8308d458fbcd855a4ec0a0a5c8f8fa254,none,,net_charge_ph7_4,numeric,false,de_novo_has_no_biological_parent,,,,10.069,,,,7919e180f2fbc6959649cb6e306d40e4bd25ef9ed1072cc52756405579c3d433
vegfa,f3787f017817684bde83f3eb448f20d3fd054ee05333e2cd475ee674da4bf663,de_novo,dca0f26b2a1cefdf0eab97292dc7a7e8308d458fbcd855a4ec0a0a5c8f8fa254,none,,toxinpred3_hybrid_score,numeric,false,de_novo_has_no_biological_parent,,,,0.48,,,,43f4cf066fce1b7309e78d0924ac99cfb1be81161f566b4e4892516e6e555db1
vegfa,f3787f017817684bde83f3eb448f20d3fd054ee05333e2cd475ee674da4bf663,de_novo,dca0f26b2a1cefdf0eab97292dc7a7e8308d458fbcd855a4ec0a0a5c8f8fa254,none,,toxinpred3_label,categorical,false,de_novo_has_no_biological_parent,,,,Toxin,,,,01a5cbb62a2aee6a902d190a4d0e4a063382c26c821340d24be9ae1653a91232
